total_return_pct,annualized_return_pct,max_drawdown_pct,max_dd_days,sharpe,win_rate_pct,total_pnl,commission,sessions,total_trades,recenters,exits,round_trips,ENTRY_MAX_ADX,ENTRY_MAX_ATR_PCT,GRID_SPACING_ATR_MULTIPLIER,GRID_RECENTER_THRESHOLD_ATR,EXIT_MAX_ADX,score
417.0118373169835,38.980701549645104,30.91390984568173,426,0.4330510137762657,66.26506024096386,8648.56248633966,222.0145871603408,31,625,233,30,83,40,0.07,0.25,0.6,35,243.6293846852819
418.0521217460795,39.03668511641387,31.724908824427526,426,0.43333878722045716,67.07317073170732,8676.213358921581,220.5470790784234,29,621,231,28,82,30,0.07,0.25,0.6,35,242.41781457293013
429.9783204792871,39.672163016032826,29.81107855685159,441,0.4050584571421998,71.27659574468085,8874.153275585753,215.28967241424868,34,605,121,33,94,40,0.07,0.25,1.0,35,240.0165862469986
418.5784094376893,39.06497338639028,30.61638115412355,426,0.4335115522741548,67.5,8671.497588753778,218.1212477462222,31,614,233,30,80,40,0.07,0.3,0.6,35,239.8589365924363
434.92070914127635,39.93216634240531,30.456618899183773,441,0.4092853550737121,71.42857142857143,8973.001048825534,213.45640867446608,32,600,120,31,91,30,0.07,0.25,1.0,35,239.59299805443186
419.5102314148027,39.115003103160426,31.432291315827204,426,0.4337673047568697,68.35443037974683,8690.13402829605,217.0026897039524,29,611,231,28,79,30,0.07,0.3,0.6,35,238.99266896031023
431.4338387520518,39.74893391286118,29.806082127412548,441,0.40609670929968344,70.0,8898.963211041058,212.44735545894838,34,597,121,33,90,40,0.07,0.3,1.0,35,237.30113545978125
423.3116957334701,39.318363998787056,30.16185812006232,441,0.41018851915488913,68.88888888888889,8736.52035066942,211.65183133058878,32,595,120,31,90,30,0.07,0.3,1.0,35,233.944265792783
420.9095871075877,39.19000017787899,29.46977258248952,426,0.4285871707516928,64.7887323943662,8686.597990151758,211.0399138482481,31,594,233,30,71,40,0.07,0.4,0.6,35,232.78860105660124
421.8009114130233,39.237685868711345,30.33150916291737,426,0.4288115272419005,65.71428571428571,8704.424476260472,209.92134023953508,29,591,231,28,70,30,0.07,0.4,0.6,35,231.89472348408407
428.40760558852224,39.589126731909815,28.32451043554124,426,0.4317390629751416,66.66666666666666,8818.881091770438,204.6812082295653,31,576,233,30,69,40,0.07,0.5,0.6,35,228.03336997580053
429.2871492519121,39.63564833323727,29.20141641864278,426,0.43198334963733875,67.64705882352942,8836.807499038234,203.91264546176808,29,574,231,28,68,30,0.07,0.5,0.6,35,227.50862143278195
428.37599002581186,39.5874533410528,29.524764098089847,426,0.395173620540256,67.85714285714286,8825.000456516249,203.90216648375608,34,573,121,33,84,40,0.07,0.4,1.0,35,226.83610764423256
430.1967075372599,39.683692521195766,29.76481409482329,426,0.3976717475039785,68.75,8861.414806745217,200.99281175479348,32,565,120,31,80,30,0.07,0.4,1.0,35,224.21286274475608
402.5477653450139,38.19281947891893,28.772211862110638,426,0.3679475634574012,62.66666666666667,8451.811414900267,208.81191309973408,70,585,133,69,75,40,0.07,0.25,0.6,25,223.42799395167572
404.46819113571024,38.298463928159656,28.398447060311298,426,0.3700391434648761,62.66666666666667,8490.219930714198,208.0808292858047,69,583,132,68,75,40,0.055,0.25,0.6,25,223.2800447011708
367.6718706942359,36.21568564818243,27.507081653217664,426,0.3769798857973122,63.95348837209303,7668.608337884709,217.1063461152931,32,611,226,31,86,40,0.055,0.25,0.6,35,221.27783931039465
404.7880918899409,38.31603071395475,28.423222713774095,426,0.37001318289274543,63.013698630136986,8484.481231798813,205.60117720119348,69,576,132,68,73,40,0.055,0.3,0.6,25,220.70033691237936
370.17870717303697,36.36166339893394,27.410855589666316,426,0.37811898065012467,65.85365853658537,7703.503543460734,214.2884960392674,32,603,226,31,82,40,0.055,0.3,0.6,35,219.26083029557168
414.46150341349266,38.84307163286898,26.16625701445139,441,0.3740318110994782,67.70833333333334,8510.50960226986,200.842278230142,34,564,121,33,96,40,0.07,0.5,1.0,35,219.07492400938102
402.9776613079158,38.21649647308896,28.79764426648748,426,0.367948881976853,63.38028169014085,8448.272620158308,204.55650484169848,70,573,133,69,71,40,0.07,0.3,0.6,25,218.98052479079976
404.101021649111,38.27829048051046,29.752078250544788,426,0.3677927928582478,62.66666666666667,8482.87654098221,202.95776401779258,62,569,133,61,75,30,0.07,0.25,0.6,25,217.80347283410453
416.4052671365031,38.948017004940816,26.28124751819901,441,0.37508402599097557,68.08510638297872,8552.860724730064,199.00813326993358,32,559,120,31,94,30,0.07,0.5,1.0,35,217.71941505761916
406.0214474398073,38.383675047247735,29.368870568642762,426,0.3698830799132294,62.66666666666667,8521.285056796138,202.2266802038632,61,567,132,60,75,30,0.055,0.25,0.6,25,217.63543751789464
371.75470704516005,36.45311847544663,28.557318027809465,426,0.37839208162857557,66.66666666666666,7735.0235409031975,212.11452109680258,30,597,224,29,81,30,0.055,0.3,0.6,35,217.62511729841637
412.0656316115115,38.713279423725375,27.924773270905217,426,0.3736356278689214,61.76470588235294,8593.497372230215,199.9373632697886,69,560,132,68,68,40,0.055,0.4,0.6,25,216.79436477286208
358.3932724170674,35.66987188982134,28.490772791983808,426,0.3782249144903066,67.85714285714286,7476.191188341337,215.59529515866308,30,607,224,29,84,30,0.055,0.25,0.6,35,216.51612237121552
388.90232969389905,37.432727944696964,26.492698197794347,441,0.37745243367502757,69.73684210526315,8102.878483877989,205.448646122016,31,578,152,30,76,30,0.07,0.25,0.8,35,216.36116752034846
410.1647737777637,38.6099578196544,28.287523543457542,426,0.3714898227649031,62.68656716417911,8555.480215555259,199.9570569447458,70,560,133,69,67,40,0.07,0.4,0.6,25,216.2157637900646
379.0080149486248,36.87090402580549,27.04675489093103,426,0.3821903066001608,63.51351351351351,7848.566546972498,208.23939902750948,32,586,226,31,74,40,0.055,0.4,0.6,35,216.06349759122017
360.8668911086613,35.81624000947363,28.506347565264097,426,0.3602905201923184,70.0,7525.6635621732175,214.77591232678517,53,603,183,52,80,40,0.07,0.25,0.6,28,215.971927257126
379.89933925406046,36.921894000459645,28.18353053762561,426,0.3822742756823969,64.38356164383562,7866.393033081209,207.1208254187965,30,583,224,29,73,30,0.055,0.4,0.6,35,215.25464202267972
406.34134819403806,38.40119871497365,29.394274813963428,426,0.3698562327609573,63.013698630136986,8515.546357880752,199.74702811925198,61,560,132,60,73,30,0.055,0.3,0.6,25,215.04671280385244
392.8132067444656,37.65229197848989,27.78106932167999,441,0.36548195506106923,70.11494252873564,8130.851000889321,203.2137206106799,34,571,113,33,87,30,0.055,0.25,1.0,35,214.99458719717728
355.28811376116454,35.48523776540557,25.718300188441827,441,0.3776306067076106,69.76744186046511,7430.594165223299,215.2001937767063,54,604,126,53,86,40,0.07,0.25,0.8,28,214.33083610304965
403.6129828590613,38.2514578966942,26.9556911214003,441,0.3765483087205694,67.64705882352942,8362.043543181238,198.7731563187731,31,559,152,30,68,30,0.07,0.4,0.8,35,213.82564964252057
391.1448946737251,37.558800812448,26.185565709272847,426,0.39019574834155524,67.14285714285714,8073.6268734745045,202.2287980254994,32,569,226,31,70,40,0.055,0.5,0.6,35,213.70957662282913
404.53091761201296,38.30190914393285,29.778150069055602,426,0.36779303327477086,63.38028169014085,8479.337746240251,198.70235575975698,62,557,133,61,71,30,0.07,0.3,0.6,25,213.341633931706
378.69584975673143,36.85302805749651,27.524350409754827,441,0.36457239350286097,71.42857142857143,7852.719783134631,205.72985586536709,36,578,114,35,91,40,0.055,0.25,1.0,35,213.01050217232984
397.8935901226113,37.93544320009741,25.257269023012462,426,0.39885530281529896,74.07407407407408,8188.138736452225,199.42186754777848,31,561,233,30,81,40,0.07,0.6,0.6,35,212.8178363525465
391.88437924413483,37.6002723501093,27.29826633388824,426,0.39025492899431447,66.66666666666666,8088.7520988826955,201.10726711730717,30,566,224,29,69,30,0.055,0.5,0.6,35,212.81754150161865
386.65769689893324,37.306074910053844,26.956598803001985,441,0.37542599353420614,68.0,8049.160445978672,202.61614702133178,31,570,152,30,75,30,0.07,0.3,0.8,35,212.6446269873069
367.83650397804524,36.22529172269422,28.05624071335272,426,0.36484444470262434,69.44444444444444,7625.136327560902,209.08556343910487,53,587,183,52,72,40,0.07,0.4,0.6,28,212.64246241221508
399.38226434302,38.017975511436354,26.028275656595497,426,0.39978382909350535,74.07407407407408,8217.912220860404,198.3100106396041,29,558,231,28,81,30,0.07,0.6,0.6,35,212.14030335381486
415.1887534394187,38.88237351148924,28.03547656403156,426,0.37373686064665046,63.07692307692307,8636.677880788371,194.6800457116438,70,545,133,69,65,40,0.07,0.5,0.6,25,211.90893563761637
362.5139438169861,35.91335081889788,25.972890100217644,441,0.3812730844006346,66.66666666666666,7575.1107663397315,209.70084016027099,33,590,154,32,84,40,0.07,0.25,0.8,35,211.8887698314975
417.125181741304,38.986805621904175,27.679177147117233,426,0.37592869825939496,63.07692307692307,8675.406446826077,193.9489596739368,69,543,132,68,65,40,0.055,0.5,0.6,25,211.69835452693965
357.6215436012432,35.62407816372853,28.556233691814963,426,0.3609523534085032,68.42105263157895,7452.360272024857,211.5441764751478,53,594,183,52,76,40,0.07,0.3,0.6,28,211.60702429254746
354.59379395354927,35.4438155100346,25.42661346433463,441,0.37861708047612613,72.5,7407.882387070983,212.6834769290205,54,597,126,53,80,40,0.07,0.3,0.8,28,211.59957859490655
413.61888791560864,38.79747960451427,28.886817393513418,426,0.3734696132084157,61.76470588235294,8624.562498312154,194.0832141878471,61,544,132,60,68,30,0.055,0.4,0.6,25,211.05828904855767
368.2045538287027,36.246757038474044,26.044892773432764,356,0.37647902831634467,69.87951807228916,7640.713646574045,207.1149004259577,54,581,74,53,83,40,0.07,0.25,1.2,28,210.59365839353418
411.7180300818608,38.69440839616212,29.25887449275095,426,0.37132492813684315,62.68656716417911,8586.545341637198,194.1029078628043,62,544,133,61,67,30,0.07,0.4,0.6,25,210.49758167512192
377.8651850571627,36.805415053661015,27.76477202736003,441,0.3638132159512813,70.11494252873564,7827.590137143263,203.23722585674068,36,571,114,35,87,40,0.055,0.3,1.0,35,210.1589199564044
398.87078413756524,37.98964118811718,27.683630566091843,426,0.3672751473529505,68.35443037974683,8232.26057475131,196.4267322486926,34,552,113,33,79,30,0.055,0.4,1.0,35,209.70281935840683
376.1000506003897,36.70401887529615,27.45159371735791,426,0.3688368288640885,73.23943661971832,7773.065526007784,203.37854499221888,53,571,183,52,71,40,0.07,0.5,0.6,28,209.57994777794102
370.4812389547248,36.37923827193488,25.8257578402794,356,0.3784013187565481,67.46987951807229,7681.946919094489,205.35868490551547,54,576,74,53,83,40,0.07,0.3,1.2,28,209.5444124463449
393.59977988188797,37.696283279608835,31.280310268248524,356,0.36581993589833,66.23376623376623,8148.618167637752,197.34435286224868,45,554,77,44,77,30,0.07,0.25,1.2,28,208.83740936903294
395.42732034463677,37.79827757187111,31.226515389805883,356,0.367164600766037,65.78947368421053,8180.868546892727,195.96254260727508,45,550,77,44,76,30,0.07,0.3,1.2,28,207.89052664529112
378.74400255487836,36.85578610897422,27.098549053473413,441,0.3792343779070927,62.96296296296296,7957.354321097575,201.51167540243358,72,564,90,71,81,40,0.07,0.25,0.8,25,207.8666336546146
381.2142783915085,36.996979607165706,26.745151401671478,441,0.38190571227345743,64.19753086419753,8006.759837830181,200.4294826698284,71,561,89,70,81,40,0.055,0.25,0.8,25,207.5530555961996
385.5204744699832,37.241728952048405,31.274245798295613,441,0.3640933731109774,68.57142857142857,8035.241379399664,198.3382641003393,44,557,131,43,70,30,0.07,0.25,0.8,28,207.43643026290962
385.05957944807943,37.215616413084504,31.316999341936636,441,0.3639616622641783,68.11594202898551,8017.198096961589,198.32424953841428,44,557,131,43,69,30,0.07,0.3,0.8,28,207.2909834208807
359.0568383554203,35.70919805563258,25.420918796053794,441,0.38060651906706,68.42105263157895,7470.92065310841,206.60193589159508,54,580,126,53,76,40,0.07,0.4,0.8,28,207.11334872266895
380.22444105123697,36.940473245969365,27.21836133076471,441,0.37904006433211684,64.1025641025641,7973.866281024748,200.0223239752603,72,560,90,71,78,40,0.07,0.3,0.8,25,206.86665017742843
382.1608693531222,37.050930309041654,26.861852334623475,441,0.3815413269731396,64.1025641025641,8012.5948470624535,199.2912379375533,71,558,89,70,78,40,0.055,0.3,0.8,25,206.74419112445244
432.5590312533477,39.80816672483547,25.78190356566204,426,0.38891494825150297,62.121212121212125,8741.308497066942,185.3432489330586,63,519,118,62,66,40,0.045,0.3,0.6,25,206.60438530189612
432.5155306620016,39.805878610681965,25.787167558973735,426,0.38887147708448666,62.121212121212125,8740.438485240027,185.343239759976,63,519,118,62,66,40,0.045,0.25,0.6,25,206.5925099894394
390.8596740603915,37.5427918172842,31.206388493226196,441,0.3659847167281242,65.21739130434783,8106.977367207831,195.8210392921713,44,550,131,43,69,30,0.07,0.4,0.8,28,206.4853549950631
416.74000954351567,38.966058123191495,29.00021715383703,426,0.3735672437892198,63.07692307692307,8667.703002870316,188.8258966297023,62,529,133,61,65,30,0.07,0.5,0.6,25,206.130447471683
418.676437845401,39.07023993392951,28.634723182778348,426,0.3757579629860817,63.07692307692307,8706.431568908021,188.0948105919953,61,527,132,60,65,30,0.055,0.5,0.6,25,205.90016445180848
383.2212557688942,37.111266264835116,27.610134634181883,426,0.3653322650681466,69.1358024691358,7921.9057713778875,197.1647801221134,36,554,114,35,81,40,0.055,0.4,1.0,35,205.59641510718654
367.99525364746967,36.23455193862368,31.521671392801103,441,0.361616587529098,67.90123456790124,7634.491938949403,201.655431050598,45,566,100,44,81,30,0.07,0.25,1.0,28,205.08756397261004
380.0236668059926,36.929000384992605,28.142278511576496,441,0.3666783655398704,70.27027027027027,7925.30522611986,197.00457088014298,31,554,148,30,74,30,0.055,0.25,0.8,35,204.58666213285903
366.33066769771744,36.137327802752985,27.60383440827294,356,0.3674000591326523,68.67469879518072,7603.235923954344,201.8602590456581,55,566,72,54,83,40,0.055,0.25,1.2,28,204.5372753635819
394.9116894905804,37.76953093213915,28.404048330993813,441,0.3673086578581296,66.17647058823529,8188.017675811615,192.4313471883948,31,541,148,30,68,30,0.055,0.4,0.8,35,204.33316234287278
359.06344247953484,35.70958921983869,26.285045986178957,441,0.37829881316516895,68.83116883116884,7497.275357590709,203.30075090929498,33,572,154,32,77,40,0.07,0.3,0.8,35,204.2588503374773
371.1068640113495,36.41555384183302,31.897110385956235,426,0.3616385478093771,69.62025316455697,7512.265152226989,199.1149262730175,32,560,204,31,79,40,0.045,0.3,0.6,35,203.92710151426488
383.28232526975523,37.11473789213486,26.99473065388273,441,0.3811020488568764,61.33333333333333,8001.185081395108,196.1906581048988,72,549,90,71,75,40,0.07,0.4,0.8,25,203.7599110278204
387.7423649869141,37.36733532127998,32.26700560007952,426,0.3659041236568389,59.67741935483871,8005.911813738269,193.98023176173268,44,545,188,43,62,30,0.07,0.5,0.6,28,203.6519775009759
385.21875357164055,37.22463684857431,26.644018125926117,441,0.38363496496782973,61.33333333333333,8039.913647432815,195.4595720671918,71,547,89,70,75,40,0.055,0.4,0.8,25,203.61876356170148
380.0780412625184,36.9321078883363,27.979285303474605,441,0.3670969031674666,68.4931506849315,7917.567333250378,195.9347177496274,31,551,148,30,73,30,0.055,0.3,0.8,35,203.49591446473298
369.4844480832731,36.32129783634694,28.767284529789954,426,0.36031715579748386,71.83098591549296,7640.7534756654495,199.52482833454988,53,560,177,52,71,40,0.055,0.5,0.6,28,203.39926788354288
359.90755613357726,35.75954931504979,29.426213856869214,426,0.35626477849573285,67.6056338028169,7466.557370671542,202.3820013284637,53,568,177,52,71,40,0.055,0.4,0.6,28,203.11424010948278
368.59146979261703,36.269308116073006,31.323225275577038,441,0.3624506543994861,70.51282051282051,7642.115831852342,199.5194391476556,45,560,100,44,78,30,0.07,0.3,1.0,28,203.10812545000883
369.5683812440035,36.32618040765458,33.120834096825256,426,0.36104884927577774,67.94871794871796,7481.495496880067,198.69987461993858,30,559,204,29,78,30,0.045,0.3,0.6,35,203.06334847878912
398.1217043296236,37.94810267491591,26.36126939708994,441,0.37812028181793067,70.1492537313433,8227.96004659247,190.2382204075288,31,535,152,30,67,30,0.07,0.5,0.8,35,203.0223493108001
432.0039690625982,39.77895944972714,25.79954203213205,426,0.3899287707085014,60.9375,8730.027235251951,182.1534797480548,63,510,118,62,64,40,0.045,0.4,0.6,25,202.8726931936084
370.64650075796254,36.388834951833516,26.90271497975239,356,0.3727385984410455,66.26506024096386,7666.119241159245,198.6307268407579,54,557,74,53,83,40,0.07,0.4,1.2,28,202.6858106817127
369.00286139040503,36.29326940935309,32.01427955344352,426,0.3609727173950933,67.94871794871796,7470.185099808097,198.3993076919069,32,558,204,31,78,40,0.045,0.25,0.6,35,202.51644330419023
378.04292653675395,36.81560860860738,32.8072218925894,426,0.36207223071986466,61.40350877192983,7829.264778735068,195.76690076493207,44,550,188,43,57,30,0.07,0.4,0.6,28,202.48584734734058
380.2972588589755,36.944633332771716,28.09673057587269,441,0.37908472765468615,62.96296296296296,7988.419447179515,195.65752632049208,64,548,90,63,81,30,0.07,0.25,0.8,25,202.45659066358903
353.82243401289753,35.397737772266694,25.759118246715683,441,0.3820038663307926,70.58823529411765,7341.974640257966,203.5430222420408,54,571,126,53,85,40,0.07,0.5,0.8,28,202.12108267964283
382.7675346956057,37.08546252111804,27.733442838399895,441,0.3817552619355045,64.19753086419753,8037.8249639121195,194.5753335878869,63,545,89,62,81,30,0.055,0.25,0.8,25,202.11577074009332
350.3236192182619,35.18794389378175,33.53276710968074,426,0.353819564011792,60.0,7321.6433083652255,204.32235163477378,44,574,182,43,80,30,0.055,0.25,0.6,28,201.97879795030724
402.33438306748275,38.181061199563146,27.280542172014844,441,0.3684832728785231,63.38028169014085,8271.443043349673,188.3480346503337,36,529,114,35,71,40,0.055,0.5,1.0,35,201.97781374568905
368.41187773819223,36.258842593797965,33.236983169376046,426,0.3606065130167797,67.94871794871796,7458.365426763837,197.99214423616448,30,557,204,29,78,30,0.045,0.25,0.6,35,201.96175324745468
363.8699781193285,35.993095738517944,26.224644349830843,441,0.3797692787580359,66.66666666666666,7567.1834483865805,199.44079861342468,33,561,154,32,72,40,0.07,0.4,0.8,35,201.92126709308567
380.93816999705086,36.98122689610956,28.07734087135335,441,0.37877017750070213,62.0253164556962,7988.140859941023,194.94353305898238,64,546,90,63,79,30,0.07,0.3,0.8,25,201.9174988527582
390.6344136450186,37.53014303791977,22.99681463058787,426,0.3983949425345172,70.0,8115.115067900372,191.19559259963248,29,538,202,28,70,25,0.07,0.5,0.6,35,201.91216954400838
382.8745982989362,37.09155312355317,27.712306235935113,441,0.3812697134201988,62.0253164556962,8026.869425978731,194.21244702127538,63,544,89,62,79,30,0.055,0.3,0.8,25,201.77804899212924
342.59884125778046,34.72009884314416,29.30951842347802,426,0.35404195795277876,69.62025316455697,7167.147749155606,206.96673134439737,53,581,177,52,79,40,0.055,0.25,0.6,28,201.72377427866755
343.54577260311925,34.777798467583665,29.351004693705168,426,0.35439799439689873,69.23076923076923,7170.844852062381,206.6082544376238,53,580,177,52,78,40,0.055,0.3,0.6,28,201.71123111198526
396.1983715259101,37.841219399586045,31.5829495239348,441,0.3652900838780443,65.75342465753424,8189.493390518193,189.8879784818052,44,533,131,43,73,30,0.07,0.5,0.8,28,201.69369939979362
352.47721403386214,35.31723003362164,26.977271375330165,441,0.3695144573610747,67.5,7339.328166677246,203.4843113227583,54,571,122,53,80,40,0.055,0.4,0.8,28,201.66138349197956
367.34527708513434,36.19662145616702,27.523040454914195,356,0.3680611882094359,67.90123456790124,7619.227681702678,198.67487929732567,55,557,72,54,81,40,0.055,0.3,1.2,28,201.61518151085033
407.4020477669974,38.45923892363716,27.164897445869695,441,0.3731468139390593,67.1875,8413.566915339952,186.4013846600488,31,524,148,30,64,30,0.055,0.5,0.8,35,201.52641195985873
345.95162760541876,34.92395327536186,27.096989818420532,441,0.36672886632927704,70.0,7235.039060108377,205.61067089162728,54,577,122,53,80,40,0.055,0.3,0.8,28,201.51121039883793
434.08223071092067,39.88819234506546,26.579439497856892,426,0.38943831965322856,62.121212121212125,8771.772486218406,180.22131178159609,56,505,118,55,66,30,0.045,0.3,0.6,25,201.43537134258057
434.0387301195747,39.88590945084118,26.584799495440976,426,0.3893947045837045,62.121212121212125,8770.902474391487,180.2213026085135,56,505,118,55,66,30,0.045,0.25,0.6,25,201.42384272674798
381.14142365729424,36.992823754794266,22.99681463058787,426,0.395199908464321,70.4225352112676,7925.255268145883,193.3083153541227,29,544,202,28,71,25,0.055,0.5,0.6,35,201.24096122608083
378.764426737157,36.85695587941584,23.73307424022958,426,0.3899591019164595,68.57142857142857,7899.653023743138,193.98154575686348,29,546,202,28,70,25,0.07,0.4,0.6,35,201.2389791016105
369.3137835309156,36.31136776169504,23.73307424022958,426,0.3868156758181982,67.12328767123287,7710.640159618313,196.8136258816887,29,554,202,28,73,25,0.055,0.4,0.6,35,201.1649773997905
346.96710997258344,34.98545427965682,27.112857907795977,441,0.36695037336114333,72.5,7264.174089451669,204.56066554833367,54,574,122,53,80,40,0.055,0.25,0.8,28,200.81650756523015
404.72002056638246,38.3122934430141,27.335895902918406,441,0.3698792006746511,63.76811594202898,8319.15579332766,186.51605617234227,34,524,113,33,69,30,0.055,0.5,1.0,35,200.75641764139388
357.88736901146933,35.639858982947594,27.40584976831691,441,0.3671472916372439,69.87951807228916,7428.033816229395,200.2698752706099,34,563,113,33,83,30,0.055,0.3,1.0,35,200.65240607399494
356.72591741902505,35.57085498877961,33.299692835995145,426,0.35796562787789826,61.53846153846154,7449.68927238049,200.69407161950897,44,564,188,43,65,30,0.07,0.25,0.6,28,200.61962213671697
413.14867944649365,38.77201167615394,28.585981871751464,426,0.3697830721963234,61.64383561643836,8663.829696929864,184.0238180701326,40,517,131,39,73,25,0.055,0.25,0.6,25,200.45130036571587
413.07963945768245,38.76827068828579,28.585981871751464,426,0.36976727500465023,61.64383561643836,8662.448897153645,184.02381584635498,40,517,132,39,73,25,0.07,0.25,0.6,25,200.43195945843752
342.6541375493072,34.723470939605924,25.3995963923001,426,0.3753871066631801,72.28915662650603,7110.563406986149,205.6935055138552,54,577,97,53,83,40,0.07,0.4,1.0,28,200.35442732152617
324.6103019221382,33.60478688148669,25.536760228744615,441,0.37382283198510735,70.78651685393258,6766.792904442766,212.4612640572394,54,596,97,53,89,40,0.07,0.25,1.0,28,200.28452981366067
326.53032923618974,33.72561240736165,25.19372614877297,441,0.37577994414148586,71.11111111111111,6800.893020723791,211.41291777621439,54,593,97,53,90,40,0.07,0.3,1.0,28,199.9928815756546
358.50209440147745,35.67632433255523,33.03782779512004,426,0.35929504150575436,61.904761904761905,7469.971288029543,199.27122897045697,44,560,188,43,63,30,0.07,0.3,0.6,28,199.78741626230928
358.4845438028902,35.67528377793592,23.811333021992713,426,0.38717759979609195,69.23076923076923,7535.624021057795,198.93896744220908,29,560,202,28,78,25,0.07,0.25,0.6,35,199.78158915644113
420.39646172682205,39.16251846166765,28.12448883943821,426,0.37358067664097644,64.28571428571429,8759.520416536427,181.5397544635724,40,510,131,39,70,25,0.055,0.4,0.6,25,199.728844154505
376.23920435914636,36.71202331259511,27.700440216035467,441,0.380627303168144,66.25,7866.5277831829335,194.3726118170763,71,544,69,70,80,40,0.055,0.3,1.0,25,199.7134068205174
414.44226418051653,38.84203130763246,27.90295735385891,426,0.37412039667822977,68.0,8378.973155610327,183.3411503896746,48,514,145,47,75,40,0.045,0.3,0.6,28,199.64804092123083
414.3357695902204,38.836272250735426,27.952932675879218,426,0.3740064827699783,68.0,8376.843263804407,183.34111119559438,48,514,145,47,75,40,0.045,0.25,0.6,28,199.6184393687801
369.3830434113095,36.315397978740705,26.171961265994554,426,0.3733336956950352,76.0,7617.927802226187,195.6743782738202,53,549,183,52,75,40,0.07,0.6,0.6,28,199.3715349032865
381.82430003906865,37.03175734126462,26.049759199215032,426,0.38692685665032234,68.18181818181817,7866.7529347813725,191.2479957186314,32,538,226,31,66,40,0.055,0.6,0.6,35,199.23085449600367
318.18847158598913,33.1974665865894,43.46832161851057,355,0.3496450255863095,63.0,6640.392001719771,213.37767678022638,36,600,98,35,100,40,0.07,0.25,1.2,35,199.1847995195364
320.7730772271442,33.3619989040111,45.20957786955207,355,0.35045329118847324,63.829787234042556,6687.783684542872,212.2240054571266,34,597,98,33,94,30,0.07,0.3,1.2,35,199.17113345694628
420.27698269495966,39.15611635264409,28.12448883943821,426,0.3735521664546204,65.21739130434783,8758.530975899175,180.8283621008226,40,508,132,39,69,25,0.07,0.4,0.6,25,198.91307107143197
411.49352307018734,38.682214629136304,28.77695720321165,426,0.3697925175553555,61.97183098591549,8618.589855403741,182.9494920962579,40,514,131,39,71,25,0.055,0.3,0.6,25,198.8265831937606
411.28570327535965,38.670923388610426,28.77695720321165,426,0.3697443164099341,63.38028169014085,8618.089325507182,182.9481149928169,40,514,132,39,71,25,0.07,0.3,0.6,25,198.76854621745758
440.70749967622555,40.23416088434961,25.465341990375588,426,0.39236059533869655,61.904761904761905,8897.00613752451,176.54534547550418,63,494,118,62,63,40,0.045,0.5,0.6,25,198.7567547686871
383.3129742594774,37.11648006776016,26.845110334014972,426,0.3877887955151192,68.18181818181817,7896.526419189547,190.136138810457,30,535,224,29,66,30,0.055,0.6,0.6,35,198.57316836251684
352.6367292269537,35.326786575980094,27.609295683388595,441,0.36915491930664923,66.66666666666666,7377.566474539084,199.81033196091698,33,562,150,32,81,40,0.055,0.25,0.8,35,198.53654055700812
384.8355815738523,37.202918390100905,27.990015243863663,441,0.3809446345090551,61.33333333333333,8032.250207477049,190.3365090229573,64,533,90,63,75,30,0.07,0.4,0.8,25,198.29155501923782
386.7720098757376,37.312536277851294,27.629464194929,441,0.3834780331610594,61.33333333333333,8070.978773514755,189.6054229852503,63,531,89,62,75,30,0.055,0.4,0.8,25,198.12956763539034
376.64239327936,36.73520509130979,31.02193769183114,426,0.364330451935391,64.7887323943662,7622.795719587203,191.68281941280438,32,539,204,31,71,40,0.045,0.4,0.6,35,198.00275544215975
422.32541951219235,39.26571652376085,25.70568581668474,441,0.38076694796363364,67.1875,8675.419688243845,179.3924492561601,31,504,152,30,64,30,0.07,0.6,0.8,35,197.8992112797547
372.2442010862426,36.481474026616546,31.35458426661566,426,0.36313826577272373,67.12328767123287,7702.364677724858,193.10172527514618,45,542,100,44,73,30,0.07,0.4,1.0,28,197.72958922426167
433.52716852017136,39.85905173315558,26.593062663715592,426,0.3904593361700927,60.9375,8760.491224403411,177.0315425965923,56,496,118,55,64,30,0.045,0.4,0.6,25,197.70089659645168
382.7617521090501,37.08513353231078,32.28672393419059,356,0.3629856772346108,63.1578947368421,7908.424268181005,189.90772631900148,45,533,77,44,76,30,0.07,0.4,1.2,28,197.66376172721644
358.62532915305326,35.683629881083554,23.937738181305956,426,0.3881489144782653,69.73684210526315,7520.742458061063,196.4527499389428,29,553,202,28,76,25,0.07,0.3,0.6,35,197.33047324239206
347.4249148090307,35.013143935645786,23.811333021992713,426,0.38322401883180696,69.23076923076923,7314.431441180614,199.98641531939288,29,563,202,28,78,25,0.055,0.25,0.6,35,197.12400035768576
367.9089533063476,36.229518162344185,27.901811223041822,441,0.3763128443911667,67.5,7699.922762126959,194.3447618730483,71,544,70,70,80,40,0.07,0.3,1.0,25,197.0885788031524
367.6834615120923,36.21636204133982,27.802095657149312,441,0.37675648065996065,66.66666666666666,7713.390224241853,194.3482852581542,71,544,70,70,81,40,0.07,0.25,1.0,25,197.01700950488865
337.50225407830624,34.40784061001647,26.501192286171676,441,0.36576547370842294,73.5632183908046,7024.631947566128,204.0084599338754,55,572,92,54,87,40,0.055,0.25,1.0,28,196.8128482892942
374.9929124250474,36.64026705325691,32.50916845894621,426,0.36340508922353093,65.71428571428571,7589.8061025009465,190.911179999058,30,537,204,29,70,30,0.045,0.4,0.6,35,196.75823407598963
374.974297420677,36.63919413885159,27.602745559169335,441,0.3807797432198329,67.53246753246754,7859.206942413549,191.8777650864596,71,537,69,70,77,40,0.055,0.25,1.0,25,196.75247252563307
371.24923961320565,36.423812911265195,26.152041163443524,441,0.3820009029647723,68.57142857142857,7690.510752264125,191.988333235875,33,540,154,32,70,40,0.07,0.5,0.8,35,196.68858972083206
337.4846010685564,34.40675400017954,26.43141370491226,441,0.3660884173479218,73.25581395348837,7019.97845737112,203.6479771288828,55,571,92,54,86,40,0.055,0.3,1.0,28,196.46256534102517
384.7391321547757,37.197449406992675,30.284723996818574,426,0.3683573101597302,65.67164179104478,7777.638787095509,187.78496540449328,32,528,204,31,67,40,0.045,0.5,0.6,35,196.40253286892133
380.8210867150007,36.97454480295859,27.294172717751863,426,0.38429127635468263,64.38356164383562,7934.394054300023,189.7365181999852,71,531,69,70,73,40,0.055,0.4,1.0,25,196.3348329037101
326.22024935593134,33.706128857320294,45.24904965547723,355,0.35139735537906397,58.42696629213483,6777.594213118618,206.5015693813775,34,581,98,33,89,30,0.07,0.4,1.2,35,195.8326086610309
324.08010389985924,33.57134504808772,43.65094060716256,355,0.35032330960583846,68.13186813186813,6753.924217997173,207.3260745028276,36,583,98,35,91,40,0.07,0.3,1.2,35,195.7209416303514
315.4669194015922,33.02333517242077,45.61921911936667,355,0.34810981461453727,63.829787234042556,6585.960958031834,210.45772496816298,34,592,98,33,94,30,0.07,0.25,1.2,35,195.49814422073098
347.5516280824022,35.02080399936174,23.937738181305956,426,0.38416346779869825,68.83116883116884,7299.268436648044,198.211599351959,29,558,202,28,77,25,0.055,0.3,0.6,35,195.4160863164385
351.7281176091753,35.27231566225551,27.695414267930573,441,0.3684257263568636,69.73684210526315,7350.568860183515,196.9795343164878,33,554,150,32,76,40,0.055,0.3,0.8,35,195.4086287688955
344.17922236004915,34.81634167042693,25.726513976452186,441,0.3732551123924257,69.31818181818183,7108.339829200994,199.4228677990125,54,559,97,53,88,40,0.07,0.5,1.0,28,194.62334993768653
408.59688048519945,38.52450265228311,29.251153144311733,426,0.36702602277876173,64.17910447761194,8496.30209870398,179.7132907960201,35,505,152,34,67,25,0.055,0.4,0.6,28,194.5487383940297
392.3551776978984,37.626649551374804,27.504100180286255,426,0.37595262255568446,62.121212121212125,8158.019667957968,184.70252254204098,70,517,133,69,66,40,0.07,0.6,0.6,25,194.52977818060774
394.29160599978394,37.73492927814972,27.14620079219177,426,0.3783543188980848,62.121212121212125,8196.748233995673,183.97143650433398,69,515,132,68,66,40,0.055,0.6,0.6,25,194.33488578247108
377.7924606632434,36.801243402445174,28.691738816854578,441,0.38045933301023555,66.25,7897.592909264873,188.5184627351348,63,528,69,62,80,30,0.055,0.3,1.0,25,194.3105651649105
385.0716578337173,37.216300981060236,31.50026232650297,426,0.3682177230320834,65.67164179104478,7784.289300674333,185.6173988256654,30,522,204,29,67,30,0.045,0.5,0.6,35,194.26909112113444
366.929133389161,36.17231453099705,27.70176572255322,426,0.3673385036220918,66.66666666666666,7591.771893783218,191.5216652167869,55,537,72,54,75,40,0.055,0.4,1.2,28,194.24532903145416
378.19776557253033,36.824486228153376,25.983938562907543,356,0.3783111015554129,65.4320987654321,7790.575379450619,187.9762180493886,54,527,74,53,81,40,0.07,0.5,1.2,28,194.06504242236826
377.6170270790229,36.7911780077312,31.541842975385208,441,0.3619486001203374,67.94871794871796,7777.095923580462,187.89305691954507,45,527,100,44,78,30,0.07,0.5,1.0,28,193.8895081007434
357.1220753312915,35.59440721734299,32.59906788869674,441,0.35610430090919404,70.51282051282051,7417.028372625839,193.85974437416078,46,544,95,45,78,30,0.055,0.25,1.0,28,193.6335752623459
442.2286989337986,40.313118336409474,26.260034731178305,426,0.3928929757714154,61.904761904761905,8927.43012267597,171.4234083240417,56,480,118,55,63,30,0.045,0.5,0.6,25,193.50296801476546
372.6117471362582,36.50274989449309,27.653601172355003,426,0.3796848939751982,63.013698630136986,7770.207262725174,189.3795327748344,71,530,70,70,73,40,0.07,0.4,1.0,25,193.46457444081338
341.73722573041823,34.667511953360844,26.38373994210024,426,0.36793221958277555,68.67469879518072,7092.225170608362,199.0072358916402,55,558,92,54,83,40,0.055,0.4,1.0,28,193.4447166997535
370.03437612285217,36.35327563943584,32.93427002708678,356,0.3601765088336285,64.86486486486487,7673.0096624570315,189.5877735429666,46,532,75,45,74,30,0.055,0.3,1.2,28,193.3994264017987
369.952269361827,36.348503108365485,33.089156121999146,356,0.35963403548682166,65.33333333333333,7675.667957236534,189.5978792634657,46,532,75,45,75,30,0.055,0.25,1.2,28,193.37403653650438
359.45314274530267,35.732663317740254,32.38556366976044,441,0.3565080859545919,71.7948717948718,7459.349290906058,192.80757009394378,46,541,95,45,78,30,0.055,0.3,1.0,28,193.31370854897477
380.5573261290074,36.95948687938009,26.483129008512122,441,0.38880664426541084,65.21739130434783,7924.5628865801555,186.94020441985828,72,523,90,71,69,40,0.07,0.5,0.8,25,193.29811637915788
408.0191192788102,38.49295971119364,24.489875560409484,441,0.40231316443782444,63.51351351351351,8252.065913576216,179.40171042378978,65,502,80,64,74,40,0.045,0.3,0.8,25,193.23465775019207
394.3600802105855,37.73875195329981,31.3642762984801,426,0.3666041683205763,71.875,8117.468538211701,182.36833478830098,44,512,188,43,64,30,0.07,0.6,0.6,28,193.22241000089502
407.87960908746436,38.485338836525315,24.494944281799715,441,0.40223241306019214,63.51351351351351,8249.2757097493,179.4017012507072,65,502,80,64,74,40,0.045,0.25,0.8,25,193.19640095935708
382.49375443089275,37.069882876939175,26.145083178079894,441,0.3915328444962819,65.21739130434783,7963.291452617864,186.20911838215127,71,521,89,70,69,40,0.055,0.5,0.8,25,193.1340897888531
408.80915447781973,38.53608457843569,29.251153144311733,426,0.36707361403953004,65.15151515151516,8500.547578556389,178.2982999436131,35,501,153,34,66,25,0.07,0.4,0.6,28,193.06578373796282
349.935775852637,35.16460809025046,26.473153495446034,441,0.3762738035570206,70.12987012987013,7264.241477052757,195.73027344725,54,549,122,53,77,40,0.055,0.5,0.8,28,193.05369841547503
394.64391326642044,37.75459284435101,25.65217390920545,441,0.3925408261680235,72.8395061728395,7984.561793328419,182.3195621715853,49,511,98,48,81,40,0.045,0.25,0.8,28,192.92596943463366
354.7102258793155,35.45076522263264,32.9501665074842,441,0.3557449288178798,65.27777777777779,7410.211025586312,193.70156191369128,44,544,127,43,72,30,0.055,0.3,0.8,28,192.8521628111216
404.92451352050216,38.32351935969211,31.468411637565442,356,0.3673482620193854,62.16216216216216,8325.110338410042,178.9545145899576,45,502,77,44,74,30,0.07,0.5,1.2,28,192.3840671856544
355.70784454731194,35.51025388969005,27.663623462408044,441,0.3695251823144901,66.19718309859155,7403.940776946248,192.3878615537576,33,541,150,32,71,40,0.055,0.4,0.8,35,192.11047354322318
406.3366269755831,38.40094015831359,30.94537610955777,441,0.36735249082770194,61.76470588235294,8355.643837511652,178.2167219883543,44,500,131,43,68,30,0.07,0.6,0.8,28,192.00470079156793
410.3715502614927,38.62121211473672,24.425513837971668,441,0.40349620735253683,61.97183098591549,8295.878709229863,177.6870407701448,65,497,80,64,71,40,0.045,0.4,0.8,25,191.9474242102415
369.46220961044463,36.32000405989455,28.904483596343276,441,0.3761607715670345,67.5,7730.9878882089,188.4906127911068,63,528,70,62,80,30,0.07,0.3,1.0,25,191.76962143624323
369.2367178161896,36.306882765820944,28.802085001168336,441,0.37660639454836464,66.66666666666666,7744.455350323793,188.4941361762127,63,528,70,62,81,30,0.07,0.25,1.0,25,191.7003410035346
413.0793753044827,38.768256374157126,27.956385490851716,426,0.3746233003700804,68.65671641791045,8351.535360089649,176.2542534103549,48,494,145,47,67,40,0.045,0.4,0.6,28,191.5151864883362
401.4246171439048,38.130884332175576,25.618401530694516,356,0.38558837538256585,62.857142857142854,8382.977312878087,179.47191012191408,71,502,51,70,70,40,0.055,0.25,1.2,25,191.41703934752138
389.344707925247,37.45763419247454,29.438036681794888,426,0.3652033137425847,63.888888888888886,8158.023323504938,181.83073899506508,35,511,152,34,72,25,0.055,0.25,0.6,28,191.40851072354494
389.2756679364359,37.453748371957985,29.438036681794888,426,0.3651868077522437,63.888888888888886,8156.642523728715,181.8307367712875,35,511,153,34,72,25,0.07,0.25,0.6,28,191.38865418070532
376.52755372477407,36.72860386571073,28.59141847846575,441,0.38061612234578057,67.53246753246754,7890.272068495488,186.0236160045181,63,521,69,62,77,30,0.055,0.25,1.0,25,191.3560261403529
423.2288689053847,39.31394575174467,27.969506283298873,426,0.37581389119107783,63.63636363636363,8798.160258107699,173.0788888923122,40,486,131,39,66,25,0.055,0.5,0.6,25,191.0657763534791
423.1438264053848,39.309408731744064,27.969506283298873,426,0.37579375055809605,63.63636363636363,8796.459408107698,173.0788888923122,40,486,132,39,66,25,0.07,0.5,0.6,25,191.04372643627616
381.868536676282,37.0342779314909,28.29239383946102,426,0.38387236271327096,64.38356164383562,7955.343053525646,183.8815859743601,63,515,69,62,73,30,0.055,0.4,1.0,25,190.72653134717814
418.96216748270325,39.085586135415575,26.17063428327166,441,0.3771929039803325,63.1578947368421,8608.154647654064,173.35040684594128,31,487,148,30,57,30,0.055,0.6,0.8,35,190.34680447947386
365.8745645560263,36.110639573308156,26.713607952446306,426,0.368826838258635,70.76923076923077,7547.758225120521,187.8463773794832,53,527,177,52,65,40,0.055,0.6,0.6,28,190.30307055133397
401.8581040626883,38.154801768750836,25.597903557326944,356,0.38583498514991993,62.31884057971014,8385.386425253757,178.056122246246,71,498,51,70,69,40,0.055,0.3,1.2,25,190.01091280837917
389.73312232316255,37.47948739360161,29.3920051372025,426,0.365500887750708,67.6056338028169,8142.898321463246,180.0378440367529,35,506,152,34,71,25,0.055,0.3,0.6,28,189.64620621162413
364.51554498185806,36.03099439893567,30.56551222913908,441,0.3592033052765342,71.42857142857143,7381.994427637164,187.1216953628333,32,526,130,31,77,30,0.045,0.25,0.8,35,189.5230305384016
392.57085896034397,37.63872668715997,25.603928239977584,441,0.39202141826142334,72.72727272727273,7943.100707206885,179.4683042931195,49,503,98,48,77,40,0.045,0.3,0.8,28,189.32279523641466
416.1860621009786,38.93619776655688,28.299994454284395,426,0.37159697580873247,67.1875,8626.14803701956,172.9981224804395,35,486,152,34,64,25,0.055,0.5,0.6,28,189.22992114546645
416.10101960097853,38.93161130962359,28.299994454284395,426,0.37157727772508614,67.1875,8624.44718701956,172.9981224804395,35,486,153,34,64,25,0.07,0.5,0.6,28,189.20763096477066
393.18192041237046,37.67292030639757,25.963047801358858,356,0.38115502264947076,62.857142857142854,8218.123378247397,179.4678947526031,71,502,52,70,70,40,0.07,0.25,1.2,25,189.1180599381158
439.05541013204504,40.148208137650855,25.87156037603311,426,0.39187207332686524,62.68656716417911,8871.236074640892,167.7528543591088,38,471,117,37,67,25,0.045,0.3,0.6,25,189.09806032833552
439.0434089320449,40.147582984771965,25.87156037603311,426,0.39186905151458395,62.68656716417911,8870.99605064089,167.7528543591088,38,471,117,37,67,25,0.045,0.25,0.6,25,189.09511585827596
373.5862699877989,36.55909740341994,28.661993420963146,426,0.379261661927049,63.51351351351351,7789.6977197559845,184.58896074402128,63,517,70,62,74,30,0.07,0.4,1.0,25,189.01053357568108
393.90743390199566,37.71347444070818,28.496582416778498,426,0.37578296611331485,62.121212121212125,8189.064792039908,178.84837346009948,62,501,133,61,66,30,0.07,0.6,0.6,25,188.94450694794799
354.5943497119083,35.443848686111146,32.95967331926307,441,0.35568024937061116,69.11764705882352,7416.71888423817,189.8034742618317,44,533,127,43,68,30,0.055,0.25,0.8,28,188.91571349697242
347.9488490615112,35.044805545738726,26.17607864046742,441,0.371361669318524,67.94871794871796,7183.732363230235,192.3310377697705,55,539,92,54,78,40,0.055,0.5,1.0,28,188.89150189153173
389.6781544111433,37.47639559844114,29.3920051372025,426,0.3654877476218674,68.57142857142857,8141.798963222858,179.3264402771429,35,504,153,34,70,25,0.07,0.3,0.6,28,188.88103381614334
395.84386220388114,37.82148249323798,28.128926332102473,426,0.37818425678778006,62.121212121212125,8227.793358077617,178.11728742239248,61,499,132,60,66,30,0.055,0.6,0.6,25,188.7291976412575
380.8659381758933,36.97710468711688,32.29833376190732,441,0.36150109830376337,66.66666666666666,7882.84472351787,181.6989264821332,44,510,127,43,66,30,0.055,0.5,0.8,28,188.58323390429607
409.5423187363834,38.576057212899315,25.314326375753094,441,0.4029557905076248,63.51351351351351,8282.529902727678,174.27977327232728,58,488,80,57,74,30,0.045,0.3,0.8,25,188.25115919894864
409.40280854503754,38.568454563224904,25.319500339143058,441,0.4028748687145246,63.51351351351351,8279.739698900758,174.2797640992447,58,488,80,57,74,30,0.045,0.25,0.8,25,188.2140582685375
363.68343893233936,35.98213691158427,30.518923784178597,441,0.3590568907243667,69.73684210526315,7365.352306646794,186.0539163532071,32,523,130,31,76,30,0.045,0.3,0.8,35,188.18657604758576
362.0387608377672,35.88536228231223,32.424369373304756,426,0.3580146180225312,66.66666666666666,7498.255872755343,186.73021624465758,46,524,95,45,72,30,0.055,0.4,1.0,28,188.0392983593161
390.6210691743624,37.52939357609249,26.94573749648976,441,0.38208029667125537,64.47368421052632,8181.798843487261,178.40529401274208,42,501,89,41,76,25,0.055,0.3,0.8,25,188.02226181622336
390.53602667436235,37.524616974617906,26.94573749648976,441,0.38205582444775377,64.47368421052632,8180.09799348726,178.40529401274208,42,501,90,41,76,25,0.07,0.3,0.8,25,187.9983310428357
383.917685979486,37.15083554590177,25.502880408035207,441,0.3867243038392405,63.07692307692307,7907.265017589727,180.0386214102795,33,506,154,32,65,40,0.07,0.6,0.8,35,187.98322786226294
373.6129121863423,36.56063656914195,33.12876840192654,356,0.3604963238894849,62.31884057971014,7725.447469726842,183.1582067731599,46,514,75,45,69,30,0.055,0.4,1.2,28,187.9216719653896
386.25411030719926,37.28325307882216,26.989883854025326,441,0.38759358674855693,60.86956521739131,8018.561076144004,180.1961893560112,71,504,69,70,69,40,0.055,0.5,1.0,25,187.9075955172637
405.33405853175424,38.34599095868052,25.23137776020698,356,0.38909861476033,58.46153846153847,8441.830708635078,175.2028743649261,71,490,51,70,65,40,0.055,0.4,1.2,25,187.89535569753454
382.10758236090186,37.04789548175218,27.46525303474775,441,0.38864911477149144,65.21739130434783,7955.56801121804,181.0860547819724,64,507,90,63,69,30,0.07,0.5,0.8,25,187.83283009248356
393.61540733115396,37.69715672029213,25.941994823243125,356,0.3813975713428284,62.31884057971014,8220.532490623067,178.052106876935,71,498,52,70,69,40,0.07,0.3,1.2,25,187.7318404670548
384.0440106627872,37.158008093082316,27.117600134402036,441,0.3913765786445472,65.21739130434783,7994.2965772557445,180.3549687442654,63,505,89,62,69,30,0.055,0.5,0.8,25,187.6479408700657
383.7323277532917,37.140308442118666,25.331396042323956,426,0.3789466308768255,65.27777777777779,7757.502699065839,179.5792894341679,29,505,185,28,72,25,0.045,0.5,0.6,35,187.55855763269926
333.14255627559646,34.13841336528325,44.344636695999235,355,0.3528220989791701,58.139534883720934,6889.471193511925,195.2659469880781,34,549,98,33,86,30,0.07,0.5,1.2,35,187.41988937540503
312.1146759830894,32.80759249422254,43.72060563718044,355,0.3497441008141123,60.63829787234043,6495.482745661784,203.06459483821618,36,571,98,35,94,40,0.07,0.4,1.2,35,187.3313531420107
345.2984504636938,34.884335479022695,29.987388510992506,441,0.35629299974551987,70.73170731707317,6997.652537273884,191.0227252261177,33,537,136,32,82,40,0.045,0.25,0.8,35,187.32888152235188
382.3833742900797,37.063599623571264,29.368009582636617,426,0.36905333934278334,68.65671641791045,7727.067783801598,179.6603046984015,32,505,204,31,67,40,0.045,0.6,0.6,35,187.17117809903488
367.43671493744733,36.20196001555522,26.79300438793985,441,0.376980769370724,69.35483870967742,7614.26025874896,183.82390575103958,33,517,150,32,62,40,0.055,0.5,0.8,35,187.1641332804205
440.7065472883842,40.23411139529802,25.724389714258244,426,0.3931977608706658,63.63636363636363,8904.078799767667,165.63327823233058,38,465,117,37,66,25,0.045,0.4,0.6,25,187.0886179881358
341.34992387022015,34.64384707524728,34.247559528670884,426,0.3519355073932532,63.49206349206349,7126.927877404403,192.194517595598,44,540,182,43,63,30,0.055,0.3,0.6,28,187.07677420633533
411.8947497190659,38.70400365385181,25.248625984695554,441,0.404141468801972,61.97183098591549,8326.342698381326,172.5651036186823,58,483,80,57,71,30,0.045,0.4,0.8,25,186.94033764810422
363.90123817922625,35.99493186356511,23.110496060075526,426,0.3951978598210519,64.86486486486487,7556.5981725845295,184.445179415474,29,519,202,28,74,25,0.07,0.6,0.6,35,186.81369637190292
435.92497911761575,39.984762792119845,31.283902435613076,441,0.3738210554223143,72.3076923076923,8810.18311035232,166.57261264768428,40,467,103,39,65,30,0.045,0.25,0.8,28,186.72884223919968
358.8833433253858,35.69892028189725,32.76379163774713,441,0.3575678933905365,67.1875,7467.450752507712,186.20565899228808,44,523,127,43,64,30,0.055,0.4,0.8,28,186.70535307432263
369.46546988902566,36.320193737480075,33.513104189681066,426,0.3586426342538857,63.1578947368421,7640.038377780505,182.9914957194977,44,514,182,43,57,30,0.055,0.5,0.6,28,186.68579581064756
374.91439666937794,36.63574140654844,27.796658774456102,441,0.37342160795869944,65.47619047619048,7870.29718638757,181.19638661243258,36,509,108,35,84,25,0.07,0.25,0.8,28,186.47592375933155
394.02454205242293,37.72001598646093,26.66504260705327,441,0.38460914901226484,61.33333333333333,8216.029417048463,175.9984879515368,42,494,89,41,75,25,0.055,0.4,0.8,25,186.336878973117
368.2534843314661,36.24960973536542,25.959017441943637,426,0.37145021821201685,69.44444444444444,7455.197558629321,182.73969487068248,29,514,185,28,72,25,0.045,0.25,0.6,35,186.32299403977822
393.93949955242306,37.71526571960451,26.66504260705327,441,0.38458448915900384,61.33333333333333,8214.328567048462,175.9984879515368,42,494,90,41,75,25,0.07,0.4,0.8,25,186.3134126548463
369.3310652581713,36.312373426091035,25.959017441943637,426,0.37175046171914256,69.44444444444444,7476.74917716343,182.38769183657598,29,513,185,28,72,25,0.045,0.3,0.6,35,186.282475675847
370.27521053679214,36.367270517037966,26.521794555204714,356,0.3773125586213759,64.86486486486487,7632.124278735853,182.66221076415258,55,512,72,54,74,40,0.055,0.5,1.2,28,186.20042504723438
434.85395449976005,39.92866741573915,31.23509144089048,441,0.3736764475509583,70.76923076923077,8788.762617995204,166.2170260047995,40,466,103,39,65,30,0.045,0.3,0.8,28,186.06759015734443
299.22203049213516,31.964545381172684,44.902657577859664,355,0.34446420626378466,64.70588235294117,6261.063179842701,207.03618565729678,36,582,97,35,102,40,0.055,0.25,1.2,35,186.03365411842503
348.70360079317305,35.09036355747168,33.97662070325288,426,0.3548368275950778,61.40350877192983,7242.478263863458,188.6549096365449,44,530,182,43,57,30,0.055,0.4,0.6,28,185.9789268545999
386.646285241307,37.305429816775046,29.858051754477522,441,0.3625977083152849,71.01449275362319,7817.997570826151,177.2374181738513,32,498,130,31,69,30,0.045,0.5,0.8,35,185.78104048753974
402.977873448002,38.21650815294277,26.634006134504606,356,0.3853882114534744,62.857142857142854,8414.042438960028,173.61776103997258,63,486,51,62,70,30,0.055,0.25,1.2,25,185.7322296233019
374.83543870345113,36.6311896674453,27.796658774456102,441,0.3733992799196312,65.85365853658537,7868.718027069033,180.4771979309686,36,507,107,35,82,25,0.055,0.25,0.8,28,185.72013161394767
397.0913618002199,37.89088569725347,25.565621438421722,356,0.3845902906331729,58.46153846153847,8276.976774004386,175.1988589956151,71,490,52,70,65,40,0.07,0.4,1.2,25,185.66533991654202
381.936673359682,37.03815997715898,30.22518730436139,426,0.3692425045901618,68.65671641791045,7718.133765193642,178.1952408063551,30,501,204,29,67,30,0.045,0.6,0.6,35,185.5611814855665
378.01141357566485,36.81380154697007,27.341451540858603,441,0.3829153623302518,60.86956521739131,7853.707141513313,180.1921739867002,71,504,70,70,69,40,0.07,0.5,1.0,25,185.54155979672916
395.13235192994387,37.78183588723032,25.586964703288274,441,0.3931127586090121,72.0,7991.09474259888,175.1628399011239,49,491,98,48,75,40,0.045,0.4,0.8,28,185.50881420630088
378.8249746012077,36.86042345092731,26.78863354888794,441,0.3849970227475864,65.0,7958.973762024166,179.126745975837,42,503,90,41,80,25,0.07,0.25,0.8,25,185.40792995816437
354.81177354074623,35.45682534578065,23.110496060075526,426,0.3918109819343227,64.0,7374.808879814925,185.50307018507738,29,522,202,28,75,25,0.055,0.6,0.6,35,185.08462830497498
396.0986454655093,37.83566840387556,32.006955930925585,356,0.36584749638127123,58.57142857142858,8148.592977310186,174.32161668981558,46,489,75,45,70,30,0.055,0.5,1.2,28,185.01641849495147
364.90291756021793,36.05371528665453,30.905046897842066,441,0.35865764007008616,69.01408450704226,7386.506055204364,182.5159637956397,32,513,130,31,71,30,0.045,0.4,0.8,35,184.95555942053772
378.93108999189786,36.86649982553607,26.78863354888794,441,0.385030189807741,65.82278481012658,7961.0960698379695,178.4153441620324,42,501,89,41,79,25,0.055,0.25,0.8,25,184.7011641259357
379.05179718733046,36.873410446717884,27.34995072179428,441,0.3761448096539589,65.0,7923.002192746626,178.0395157533801,36,500,107,35,80,25,0.055,0.4,0.8,28,184.36705223358942
378.9667546873305,36.86854181396115,27.34995072179428,441,0.37612044443792303,65.0,7921.301342746627,178.0395157533801,36,500,108,35,80,25,0.07,0.4,0.8,28,184.34270906980575
403.4113603667855,38.24036653506635,26.612880515825715,356,0.3856341343010651,62.31884057971014,8416.451551335695,172.2019731643045,63,482,51,62,69,30,0.055,0.3,1.2,25,184.3185666990198
300.5540530441007,32.05264607184732,44.95777863472763,355,0.3451176590386524,64.64646464646465,6283.403200882012,204.5501906179886,36,575,97,35,99,40,0.055,0.3,1.2,35,184.3027149131221
438.4224150943365,40.11521968100185,31.203252788064113,441,0.3746862963109149,66.66666666666666,8856.896005886734,163.7206831132693,40,459,103,39,66,30,0.045,0.4,0.8,28,184.12885833579847
343.61542661522157,34.782038823785655,29.833534619779613,441,0.35602629052620344,71.7948717948718,6963.992060304435,188.1714881955669,33,529,136,32,78,40,0.045,0.3,0.8,35,183.99698537782612
340.0167217091733,34.56225872011694,25.105386118078084,441,0.38770710700229083,65.38461538461539,7029.245732183456,189.72789481654848,54,532,126,53,78,40,0.07,0.6,0.8,28,183.8712163910221
368.08108375464326,36.239557550665566,25.019729515991063,441,0.3803021922692635,67.94871794871796,7571.084527092875,180.4139159071255,34,507,121,33,78,40,0.07,0.6,1.0,35,183.73455678187443
369.82588039061767,36.341155329764916,25.858641204418063,441,0.38124208372572055,67.94871794871796,7605.98045981236,179.6537636876397,32,505,120,31,78,30,0.07,0.6,1.0,35,183.52283441531281
394.7351767164675,37.759684767281286,26.989161457527526,356,0.38096929821086073,62.857142857142854,8249.18850432934,173.6137456706616,63,486,52,62,70,30,0.07,0.25,1.2,25,183.51206796898705
367.9868007826814,36.234058927823256,32.17533968857562,441,0.36066134212950945,66.17647058823529,7584.491397653634,180.41212984637068,46,506,95,45,68,30,0.055,0.5,1.0,28,183.34433817478566
409.8401169526871,38.592280248847,27.503335736403095,426,0.37989607819001625,72.72727272727273,8279.65848305373,169.46620344626808,48,475,145,47,66,40,0.045,0.5,0.6,28,183.31333118202323
382.7456079298836,37.08421502453749,29.552541438108708,426,0.36217886628928125,67.04545454545455,7742.584284597684,176.014453402317,34,494,89,33,88,40,0.045,0.4,1.0,35,183.19602222121523
347.34426344455073,35.008267500376334,30.22547650208512,441,0.35629284267346634,69.23076923076923,7035.332972891036,186.0881881089706,33,523,136,32,78,40,0.045,0.4,0.8,35,183.09323902696823
371.67811990871434,36.44867978557185,25.861478172671188,426,0.3731069696875072,66.17647058823529,7523.510252174281,178.4842103257235,29,502,185,28,68,25,0.045,0.4,0.6,35,182.97237252357067
337.11974192421997,34.38428767833075,42.721606146466904,355,0.35320671006821597,62.96296296296296,6969.0149064844045,189.25445251559808,36,532,98,35,81,40,0.07,0.5,1.2,35,182.9244104487196
373.6781457713459,36.564404933483544,27.785122959239867,441,0.37314318174918726,67.08860759493672,7840.091620426928,177.98686157307498,36,500,107,35,79,25,0.055,0.3,0.8,28,182.82202466741774
373.5931032713459,36.55949218058798,27.785122959239867,441,0.3731189372779227,67.08860759493672,7838.390770426929,177.98686157307498,36,500,108,35,79,25,0.07,0.3,0.8,28,182.79746090293992
422.69767173430114,39.285596698430794,32.42427697058077,426,0.3710562807650524,61.81818181818181,8544.081306686025,165.76230581397738,40,465,150,39,55,30,0.045,0.3,0.6,28,182.6780246477032
422.59417744400514,39.28007070997006,32.47298492936521,426,0.3709512645952837,61.81818181818181,8542.011420880106,165.7622666198972,40,465,150,39,55,30,0.045,0.25,0.6,28,182.6523288013608
375.37544786747486,36.662307835903896,29.591179465294953,441,0.3603596402372468,72.94117647058823,7596.161181349505,177.43922265049838,34,498,89,33,85,40,0.045,0.25,1.0,35,182.5782930228014
387.8043665390936,37.37083378230543,27.96237995689122,441,0.3874141086108511,60.86956521739131,8049.566200781886,174.34203971812528,63,488,69,62,69,30,0.055,0.5,1.0,25,182.3696688576505
399.8451978733309,38.043600508556686,25.048416080301244,426,0.4026209439907166,62.857142857142854,8084.5760834666335,171.24000803337708,64,479,62,63,70,40,0.045,0.4,1.0,25,182.22884643598653
406.8873148358514,38.43108548446155,26.235082167787148,356,0.388894751138872,58.46153846153847,8472.895834717021,169.3487252829846,63,474,51,62,65,30,0.055,0.4,1.2,25,182.16334519634773
395.16866363525094,37.78386034224312,26.967468906138812,356,0.3812111381049278,62.31884057971014,8251.597616705007,172.1979577949935,63,482,52,62,69,30,0.07,0.3,1.2,25,182.11820684961185
417.02156555987546,38.98122549827261,25.085786515593494,426,0.3950774930981421,62.5,8419.831609197512,166.92608280249678,63,467,118,62,64,40,0.045,0.6,0.6,25,182.0423230769331
383.85550239792883,37.1473042950885,29.867480042590007,426,0.3633512854803116,66.27906976744185,7764.78217395859,174.5339985414116,32,490,89,31,86,30,0.045,0.4,1.0,35,182.02179104593367
382.40755126573475,37.06497596641354,29.026539076868353,426,0.36463280495850703,68.96551724137932,7736.238693314697,174.9782001853047,34,491,69,33,87,40,0.045,0.3,1.2,35,181.9890319950905
380.9876358913638,36.9840495872993,31.895803546139646,426,0.3627492580379779,68.23529411764706,7707.840385827277,175.2616871727253,32,492,70,31,85,30,0.045,0.3,1.2,35,181.96152396951257
381.8885287515762,37.03541701319484,29.07041215595214,426,0.36433308827033917,68.96551724137932,7725.858243031524,174.97812846847708,34,491,69,33,87,40,0.045,0.25,1.2,35,181.84389753478666
394.0836197279226,37.72331553659449,25.302188340411536,441,0.39889926427855066,64.38356164383562,7970.32461855847,172.3144169415383,64,482,62,63,73,40,0.045,0.3,1.0,25,181.82638088638546
380.4686133772052,36.95442083976302,31.94320459602095,426,0.36245387937312606,68.23529411764706,7697.459935544103,175.2616154558977,32,492,70,31,85,30,0.045,0.25,1.2,35,181.81575053163405
393.944109536577,37.715523238852214,25.30747002679502,441,0.3988167313010809,64.38356164383562,7967.534414731554,172.31440776845568,64,482,62,63,73,40,0.045,0.25,1.0,25,181.78882201126768
435.31250318668464,39.952695086940196,31.111120164042127,426,0.3730163773953677,69.56521739130434,8793.922189733705,162.4421527663036,41,455,76,40,69,30,0.045,0.4,1.0,28,181.78476264557787
430.08618152290563,39.677857896225355,31.13650054097588,441,0.37167534971422017,70.0,8690.37585445813,163.5418330418786,41,458,76,40,70,30,0.045,0.3,1.0,28,181.7245891647121
429.9816871326096,39.672340783631086,31.119366064312565,441,0.3716575834331826,70.0,8688.28596665221,163.5417938477984,41,458,76,40,70,30,0.045,0.25,1.0,28,181.69932078903037
405.0698270384152,38.33149433194147,24.135999332072757,441,0.4100012048184011,63.76811594202898,8186.468406768321,169.5244402316912,65,474,80,64,69,40,0.045,0.5,0.8,25,181.69128313340258
391.9081609736851,37.60160524179654,31.430859595821826,441,0.3647276642217638,59.01639344262295,8067.074517473698,172.14076102631049,44,483,127,43,61,30,0.055,0.6,0.8,28,181.6157533178773
375.84242024789154,36.689194458390496,29.618914315237234,441,0.3604036451589786,73.80952380952381,7605.500628957835,176.3717780421682,34,495,89,33,84,40,0.045,0.3,1.0,35,181.61151256903295
418.1561351775457,39.042277720400875,26.23035920849148,426,0.38777197280840564,65.15151515151516,8453.250575550912,165.5914849490877,34,465,138,33,66,25,0.045,0.3,0.6,28,181.54659139986407
418.1441339775458,39.04163248456483,26.23035920849148,426,0.3877688485428464,65.15151515151516,8453.010551550911,165.5914849490877,34,465,138,33,66,25,0.045,0.25,0.6,28,181.54359105322646
379.3830571849847,36.89236829868221,31.890037835914516,426,0.3634921900191296,66.66666666666666,7817.928077699689,175.2123873003138,44,492,182,43,51,30,0.055,0.6,0.6,28,181.51045202951644
376.3908328855201,36.72074319763108,30.14755499320576,441,0.36140200992814303,72.28915662650603,7616.46888171041,175.958767789593,32,494,89,31,83,30,0.045,0.25,1.0,35,181.40047139629755
446.89704413541193,40.554326749699186,25.515709284777387,426,0.3955727005729879,64.0625,9020.797026708235,158.95528029177558,38,446,117,37,64,25,0.045,0.5,0.6,25,180.87229730365837
382.09786747885045,37.0473421660485,27.770258321292836,441,0.3797708967739946,66.66666666666666,7983.70104557702,173.83700292298488,42,488,69,41,81,25,0.055,0.3,1.0,25,180.7910297703167
424.60238073338763,39.3871411055555,32.34736118437802,426,0.3718623611491452,62.264150943396224,8581.995468667745,163.65496333225508,40,459,150,39,53,30,0.045,0.4,0.6,28,180.78697767449975
398.5069430100901,37.96947144173133,29.001987992403645,426,0.36530043257003825,65.06024096385542,8057.246430201804,169.6377942981979,34,476,69,33,83,40,0.045,0.4,1.2,35,180.73468406264112
376.90681016593663,36.75039951098504,30.13615956754712,441,0.36149975327274997,73.17073170731707,7626.78842731874,174.89132318126278,32,491,89,31,82,30,0.045,0.3,1.0,35,180.44446159893656
421.1477666960535,39.202749127382134,26.05317141760518,426,0.3893816342033859,64.61538461538461,8512.903187921063,163.8522105789385,34,460,138,33,65,25,0.045,0.4,0.6,28,180.3326459859578
335.4050543586503,34.278503958137605,42.961572710441146,355,0.35219013495574364,59.25925925925925,6934.72115517301,187.1625298269907,36,526,97,35,81,40,0.055,0.5,1.2,35,180.3049308198038
366.1179421612156,36.1248830677898,28.28624415738263,441,0.3719280476169853,68.53932584269663,7667.56991622432,177.7519632756833,37,499,81,36,89,25,0.055,0.3,1.0,28,180.26316650827113
329.0141260367859,33.881271857157856,45.00794518632369,355,0.3517434816968835,58.536585365853654,6806.902588735718,189.2383867642841,34,532,97,33,82,30,0.055,0.5,1.2,35,180.2483662800798
379.5616698075593,36.90258586753099,28.323510105443567,441,0.38275063011665644,60.86956521739131,7884.712266151197,174.3380243488143,63,488,70,62,69,30,0.07,0.5,1.0,25,180.0846190335512
398.6446181043169,37.97710492534543,26.579609327156785,356,0.38440063589706,58.46153846153847,8308.041900086331,169.3447099136736,63,474,52,62,65,30,0.07,0.4,1.2,25,180.01147734613735
308.1585271391082,32.5511710618464,46.58340659026548,355,0.34743475386498934,61.627906976744185,6416.3597687821575,196.61804621784017,34,553,97,33,86,30,0.055,0.4,1.2,35,180.00797597201057
380.6775310141602,36.96635011900342,25.96520295039637,441,0.3826920110734298,63.1578947368421,7842.461918283209,172.9319797167951,33,486,150,32,57,40,0.055,0.6,0.8,35,179.65646157835664
394.763452450095,37.76126222186142,22.67879873494401,426,0.373618872176666,62.5,7985.396921001901,170.27224899810668,85,475,65,84,56,40,0.07,0.25,0.6,22,179.36599555384174
391.28938663106936,37.56690808734964,25.337975334812246,441,0.4001327689546545,72.0,7910.859598621396,170.2732853786094,49,477,98,48,75,40,0.045,0.5,0.8,28,179.19415157665776
385.5904186545783,37.24568998801621,31.093376125347426,441,0.3633111072951524,65.67164179104478,7921.271225091563,171.508767908437,45,481,100,44,67,30,0.07,0.6,1.0,28,179.15176884235797
395.3107013872961,37.79177810964105,22.400496779624056,426,0.37556898502092195,64.28571428571429,7996.161881745917,169.9195087540932,85,474,65,84,56,40,0.07,0.4,0.6,22,179.13302823969858
396.69988075198023,37.86912110998726,22.352850785590142,426,0.3759599017516828,62.5,8024.125487039608,169.5411629603997,84,473,64,83,56,40,0.055,0.25,0.6,22,179.12094285023977
393.2955038769337,37.67927244634739,26.18507212362636,426,0.38525239800847894,68.0,7953.997745538671,169.64738496133648,49,475,56,48,75,40,0.045,0.3,1.2,28,178.9765441201501
393.0929996866377,37.667946610346114,26.235022286799687,426,0.3850893439380542,68.0,7949.947661732752,169.6473457672563,49,475,56,48,75,40,0.045,0.25,1.2,28,178.92274639914405
397.2471296891814,37.89954188027092,22.082443365125133,426,0.3779416911863571,64.28571428571429,8034.890447783623,169.18842271638619,84,472,64,83,56,40,0.055,0.4,0.6,22,178.88583767487873
359.70014658110796,35.74728027806566,28.28624415738263,441,0.36996147027865356,67.77777777777779,7539.214004622167,178.0803998778379,36,500,83,35,90,25,0.07,0.3,1.0,28,178.7364013903283
375.8974950672995,36.69236408109813,27.770258321292836,441,0.3778720293510909,66.66666666666666,7859.693597346003,173.4534181540019,41,487,70,40,81,25,0.07,0.3,1.0,25,178.69181307494787
377.05344677035527,36.75882291531285,25.22644763398147,441,0.38900111088647404,71.60493827160494,7629.721159407114,173.58218159289018,49,486,73,48,81,40,0.045,0.3,1.0,28,178.64787936842046
430.4199396352402,39.69547389079744,31.53478062213963,426,0.37197670078918477,65.21739130434783,8696.486460704806,160.6555832952023,41,450,59,40,69,30,0.045,0.3,1.2,28,178.62963250858846
376.85094258005927,36.74718970425721,25.27530772839361,441,0.3888295683288318,71.60493827160494,7625.671075601194,173.58214239881,49,486,73,48,81,40,0.045,0.25,1.0,28,178.59134196269005
430.2174354449442,39.68478663101065,31.585230267146404,426,0.37184683195189366,65.21739130434783,8692.436376898886,160.6555441011221,41,450,59,40,69,30,0.045,0.25,1.2,28,178.58153983954793
394.60772389044985,37.75257349819103,22.70664966684705,426,0.3734269251925911,63.63636363636363,7982.282349809002,169.5598821910061,85,473,65,84,55,40,0.07,0.3,0.6,22,178.5696726464436
384.6201171392369,37.19069968466151,31.69005466365017,426,0.36402076141178924,66.25,7779.509912784736,170.95797671526378,32,480,70,31,80,30,0.045,0.4,1.2,35,178.51535848637525
396.54415219233533,37.860459488089674,22.3799064255218,426,0.3757647172447999,63.63636363636363,8021.010915846709,168.8287961532991,84,471,64,83,55,40,0.055,0.3,0.6,22,178.32276418890237
444.5769530706718,40.43465679824156,30.883378031311604,441,0.3773913038938841,67.74193548387096,8976.610927413441,157.3737560865606,40,441,103,39,62,30,0.045,0.5,0.8,28,178.31683648024529
381.0781827701118,36.98921589706936,25.215734752598994,426,0.39058127959493877,70.51282051282051,7709.235781402241,172.11490559776058,49,482,73,48,78,40,0.045,0.4,1.0,28,178.2880206238743
372.4207949451872,36.491698037450824,28.000823941278004,426,0.3751068305124789,68.75,7766.784287903753,173.79553609624878,37,488,81,36,80,25,0.055,0.4,1.0,28,178.07948642276003
365.75822873110224,36.10382900317588,28.298076422261953,441,0.37175974343825546,70.73170731707317,7680.213131622053,175.5871403779502,37,493,81,36,82,25,0.055,0.25,1.0,28,177.9918769856571
319.2363077199765,33.26426808245546,24.745434185300407,441,0.3724367160020287,62.35294117647059,6756.735407399547,190.1789341004587,31,535,134,30,85,25,0.07,0.25,0.8,35,177.96383424113668
302.44103088580505,32.17705165322442,44.534078581064044,355,0.34697983990507897,61.36363636363637,6302.009843716101,196.6834867838982,36,553,97,35,88,40,0.055,0.4,1.2,35,177.93909564233104
419.643799195612,39.12216850402912,24.25909180102831,441,0.4083631831351206,63.888888888888886,8481.323687912256,161.86536108775218,40,454,80,39,72,25,0.045,0.4,0.8,25,177.6146450082922
381.30878710124534,37.00236991760231,27.663815223271047,441,0.38011715960452946,67.53246753246754,7985.896736024918,170.9843049750862,42,480,69,41,77,25,0.055,0.25,1.0,25,177.6113756044911
319.34242311066663,33.27102568769011,24.745434185300407,441,0.372476302829898,63.095238095238095,6758.857715213351,189.4675322866541,31,533,133,30,84,25,0.055,0.25,0.8,35,177.3345669153883
397.0210042722065,37.88697514537891,26.47996290772227,356,0.3780478062846713,69.86301369863014,8293.351930444125,166.73981555587198,37,468,59,36,73,25,0.055,0.25,1.2,28,177.3110436803733
401.3683973309041,38.12778121937524,25.86464133090342,426,0.40328631681701066,62.857142857142854,8115.040072618092,166.11807088191458,57,465,62,56,70,30,0.045,0.4,1.0,25,177.29418267009487
357.21559923410985,35.59996498308302,40.292044245591455,356,0.35740771548056793,61.53846153846154,7350.063464682201,177.2439733178033,36,498,98,35,78,40,0.07,0.6,1.2,35,177.28782561575346
432.7499183761222,39.81820554663822,31.960191742106524,426,0.3752524907971829,62.264150943396224,8737.85451152243,158.6681654775687,40,445,150,39,53,30,0.045,0.5,0.6,28,177.19101468254007
412.57050712086817,38.74067050248464,24.68119769080433,356,0.3931207615545796,60.0,8560.526076417367,163.5316165826389,71,457,51,70,60,40,0.055,0.5,1.2,25,177.0448641963548
418.54376491744875,39.06311192928109,25.908181737456076,426,0.3956688761265428,62.5,8450.275596348974,161.8041456510343,56,453,118,55,64,30,0.045,0.6,0.6,25,176.95589703964336
395.6068191854958,37.80827909488522,26.12338528064345,441,0.39955614121325844,64.38356164383562,8000.788607709931,167.1924797900758,57,468,62,56,73,30,0.045,0.3,1.0,25,176.94274616406284
395.46730899415013,37.80050595630166,26.128769747461238,441,0.399473417680186,64.38356164383562,7997.998403883014,167.19247061699318,57,468,62,56,73,30,0.045,0.25,1.0,25,176.90636787549178
406.59002642378556,38.41481480826163,24.957660329658584,441,0.41069464166021596,63.76811594202898,8216.872394475722,164.4025025242843,58,460,80,57,69,30,0.045,0.5,0.8,25,176.7081481180035
397.24510987943466,37.899429651226946,26.362292938373777,356,0.3787268533507275,67.12328767123287,8292.853544588694,166.0085534113056,37,466,59,36,73,25,0.055,0.3,1.2,28,176.61134217471758
359.322185207801,35.724911086860665,28.298076422261953,441,0.3697858468843398,69.04761904761905,7551.492261156028,175.9233603439773,36,494,83,35,84,25,0.07,0.25,1.0,28,176.4810607690917
395.27131056187534,37.78958248528266,26.38900473680737,426,0.3847375177420656,64.47368421052632,7992.5337812375,166.7783922625043,49,467,56,48,76,40,0.045,0.4,1.2,28,176.47735020627002
366.22379055664226,36.13107591131095,28.000823941278004,426,0.3732066275889811,66.66666666666666,7642.844200132851,173.77195486715098,36,488,83,35,81,25,0.07,0.4,1.0,28,176.31965044719743
437.37343022697706,40.060483622723744,25.857697900466448,426,0.3912766447840106,65.57377049180327,8830.324748539531,156.7788769604701,34,440,138,33,61,25,0.045,0.5,0.6,28,176.2661279399845
374.93049697659,36.636669476720755,27.663815223271047,441,0.3781493172528417,67.08860759493672,7858.33093353181,171.320645468194,41,481,70,40,79,25,0.07,0.25,1.0,25,176.22238018302681
407.29815919308504,38.45355855370099,30.756120986028336,356,0.367736695146179,63.23529411764706,8351.714663861701,163.3855896383023,45,458,77,44,68,30,0.07,0.6,1.2,28,176.1172981759505
318.47160568533855,33.21553009518401,24.694069251878968,441,0.3724642955788922,61.44578313253012,6735.960818706788,188.42192879321928,31,530,133,30,83,25,0.055,0.3,0.8,35,176.04230950447524
399.42300079257666,38.02023117905582,29.180657804514787,441,0.3653641458264413,66.66666666666666,8070.52057985155,164.9573106484558,32,463,89,31,69,30,0.045,0.5,1.0,35,176.03367035902843
396.47185670331,37.856437674948374,29.056300299595538,441,0.3650454638056209,62.5,8008.797428066205,165.61691043380378,32,465,130,31,64,30,0.045,0.6,0.8,35,176.03243518850996
318.3865631853386,33.21010554505563,24.694069251878968,441,0.3724323436571628,61.44578313253012,6734.259968706787,188.42192879321928,31,530,134,30,83,25,0.07,0.3,0.8,35,176.01355938879485
386.20341547060315,37.280385339551714,27.326448722612405,426,0.3834240668411335,64.86486486486487,8042.040629412075,168.1434245879284,42,472,69,41,74,25,0.055,0.4,1.0,25,175.9634188026841
401.970179542187,38.16098279275142,24.583641254743153,441,0.39880995382827694,70.12987012987013,8131.087118843755,164.2237341562466,35,461,96,34,77,25,0.045,0.25,0.8,28,175.92213067458405
417.8584799034229,39.0262709712953,23.711606700342934,426,0.3833454773726525,62.5,8447.297470068446,160.71760143155208,52,450,101,51,64,40,0.035,0.3,0.6,25,175.61821937082883
417.8584799034229,39.0262709712953,23.711606700342934,426,0.3833454773726525,62.5,8447.297470068446,160.71760143155208,52,450,101,51,64,40,0.035,0.25,0.6,25,175.61821937082883
366.90328554448655,36.17080418881835,26.230597782514327,441,0.37262485696002184,61.29032258064516,7547.528562889742,172.6156791102583,36,485,114,35,62,40,0.055,0.6,1.0,35,175.42840031576898
416.58579111045526,38.95774760087454,24.34451761880209,441,0.40675960779026704,63.013698630136986,8423.399350209122,160.39203479088079,40,450,80,39,73,25,0.045,0.3,0.8,25,175.30986420393543
416.4777803104553,38.95192593391836,24.34451761880209,441,0.40672621123643876,63.013698630136986,8421.239134209121,160.39203479088079,40,450,80,39,73,25,0.045,0.25,0.8,25,175.28366670263262
400.8046615340353,38.09664982471108,24.583641254743153,441,0.39844579358189,67.53246753246754,8107.776758680721,163.8681083192816,35,460,96,34,77,25,0.045,0.3,0.8,28,175.24458919367095
368.6480821804609,36.272606473562604,26.594324115021056,441,0.37349297618343497,61.29032258064516,7582.424495609225,171.8555268907725,34,483,113,33,62,30,0.055,0.6,1.0,35,175.1966892673074
402.96577013932824,38.215841771521774,25.079670025747575,441,0.4032646573414918,61.19402985074627,8141.375966786577,163.8244337134357,64,458,62,63,67,40,0.045,0.5,1.0,25,175.02855531356974
404.32781038933365,38.29075235474719,25.0049969849724,356,0.38854741236326823,60.0,8395.67214178668,163.5276012133279,71,457,52,70,60,40,0.07,0.5,1.2,25,174.98873826119467
390.86356984061,37.54301053154767,26.47996290772227,356,0.37630803644055855,69.86301369863014,8170.2032418122,166.00484418780198,36,466,59,35,73,25,0.07,0.25,1.2,28,174.95042907701216
418.04276895583064,39.036182190708544,23.711606700342934,426,0.3833912722658241,63.49206349206349,8450.803233116596,159.9843363834059,52,448,101,51,63,40,0.035,0.4,0.6,25,174.8820962143743
380.15124097144314,36.936290811506,27.326448722612405,426,0.38154771107937796,64.0,7920.997139428873,168.47222157112958,41,473,70,40,75,25,0.07,0.4,1.0,25,174.7086555384234
335.83233299748304,34.3048950545026,26.09705616850259,441,0.3767204771264958,70.11494252873564,7081.695216949663,181.14415755034128,32,509,90,31,87,25,0.055,0.25,1.0,35,174.61191582741824
396.7363439727892,37.87114888042791,23.82150579165487,426,0.37354608128993244,62.5,8024.854751455784,165.15060054422318,78,461,65,77,56,30,0.07,0.25,0.6,22,174.58599633877267
322.7453987194639,33.4870112828999,24.513846976097035,441,0.3752937536418523,63.1578947368421,6796.874223389291,185.23824861071418,31,521,133,30,76,25,0.055,0.4,0.8,35,174.46732878390847
322.66035621946384,33.48163063432019,24.513846976097035,441,0.3752617405087258,63.1578947368421,6795.173373389292,185.23824861071418,31,521,134,30,76,25,0.07,0.4,0.8,35,174.4392956048082
397.2835929099903,37.90156786603389,23.5319342661493,426,0.37550188001803375,64.28571428571429,8035.619712199798,164.7978603002097,78,460,65,77,56,30,0.07,0.4,0.6,22,174.3472121837559
345.0360186636699,34.868404858036506,42.38710933025489,356,0.3560354601419137,61.038961038961034,7106.471853273401,177.8700302266015,34,500,98,33,77,30,0.07,0.6,1.2,35,174.34202429018254
398.67277227467446,37.97866574375384,23.482352099408548,426,0.3758883378339525,62.5,8063.5833174934905,164.41951450651618,77,459,64,76,56,30,0.055,0.25,0.6,22,174.3220757638301
391.08767544783825,37.55558978135161,26.362292938373777,356,0.3769774612239269,67.12328767123287,8169.704855956767,165.2735820432356,36,464,59,35,73,25,0.07,0.3,1.2,28,174.25793658547144
399.22002121187563,38.00899028896379,23.20091859852509,426,0.37787597940527134,64.28571428571429,8074.348278237506,164.0667742625027,77,458,64,76,56,30,0.055,0.4,0.6,22,174.08117552345414
329.3978879680632,33.90525788949266,26.09705616850259,441,0.37436020509669027,70.0,6953.006316361266,182.54345013873748,31,513,92,30,90,25,0.07,0.25,1.0,35,173.93397297309735
402.8925998367065,38.21181290329716,24.81342141199832,441,0.3991426298959334,67.10526315789474,8146.2997007341455,162.1897587658605,35,455,96,34,76,25,0.045,0.4,0.8,28,173.86374871000206
336.71268640852753,34.359205397260986,26.025203584193875,441,0.3774581432572115,68.23529411764706,7079.464801170555,180.07548832945048,32,506,90,31,85,25,0.055,0.3,1.0,35,173.85757931014058
393.69638553501017,37.70168235480036,26.62175978030708,426,0.3843314722425361,63.63636363636363,8184.843824700202,164.1466602998032,40,461,131,39,66,25,0.055,0.6,0.6,25,173.8047556556297
396.5806154131443,37.86248776703618,23.850480790671682,426,0.3733539692237215,63.63636363636363,8021.740180262884,164.4382337371226,78,459,65,77,55,30,0.07,0.3,0.6,22,173.78881885069606
393.6113430350103,37.6969295630452,26.62175978030708,426,0.38430674945285204,63.63636363636363,8183.142974700201,164.1466602998032,40,461,132,39,66,25,0.07,0.6,0.6,25,173.7828452856384
438.63675690491004,40.126393548505376,31.008148990989238,441,0.37421474361824497,67.1875,8854.795702098203,154.6831179017977,41,433,76,40,64,30,0.045,0.5,1.0,28,173.74728406502828
330.8469913755309,33.99567600668494,26.025203584193875,441,0.37530538516164524,68.53932584269663,6962.150900510626,181.83510298938128,31,511,92,30,89,25,0.07,0.3,1.0,35,173.71790439416006
336.0781958851534,34.32007153253194,25.625595628459187,441,0.3824744783390152,65.67164179104478,6950.475215703064,180.4862472969407,54,506,122,53,67,40,0.055,0.6,0.8,28,173.6595619546116
370.5211770208856,36.381557704759345,24.125643417108776,356,0.38566750564608854,66.66666666666666,7760.519601417706,169.7821425822946,32,477,67,31,78,25,0.055,0.25,1.2,35,173.54003025170206
389.7390343482036,37.479819912360604,26.266726495793502,441,0.3913638632994408,63.76811594202898,8108.197050964082,164.9455625359253,42,463,89,41,69,25,0.055,0.5,0.8,25,173.53156619422958
398.51704371502956,37.97003153907321,23.51050743315209,426,0.3756929749549818,63.63636363636363,8060.468746300591,163.7071476994156,77,457,64,76,55,30,0.055,0.3,0.6,22,173.52304413356458
389.6539918482037,37.47503643235346,26.266726495793502,441,0.39133725784031104,63.76811594202898,8106.496200964083,164.9455625359253,42,463,90,41,69,25,0.07,0.5,0.8,25,173.50941868179652
400.40728208686056,38.07468834686203,26.394328519347017,356,0.37933526619109265,65.71428571428571,8325.278406737214,162.0941387627897,37,455,59,36,70,25,0.055,0.4,1.2,28,173.23983197822224
387.09989854678315,37.331062958969106,29.066876045909613,441,0.3649418853670439,67.14285714285714,7824.058534935679,165.34072906432598,34,464,89,33,70,40,0.045,0.5,1.0,35,173.21613212961665
395.71506028697513,37.81430879724916,27.399619663087282,426,0.37616464330373317,66.15384615384615,8192.874614739503,163.0320252605006,35,458,152,34,65,25,0.055,0.6,0.6,28,173.18953429140117
395.63001778697515,37.80957148988398,27.399619663087282,426,0.37614205622927155,66.15384615384615,8191.173764739504,163.0320252605006,35,458,153,34,65,25,0.07,0.6,0.6,28,173.16783742366863
353.79510995496497,35.39610440196164,29.329269500455606,441,0.3599433222865684,73.4375,7160.974065099316,173.9652984006867,33,489,136,32,64,40,0.045,0.5,0.8,35,173.08695052559239
367.5472310172898,36.20841133450483,24.125643417108776,356,0.3846762487911351,66.23376623376623,7703.876465345793,170.1222286542082,32,478,66,31,77,25,0.07,0.25,1.2,35,173.0762061789331
405.94557850646885,38.3795177650512,25.64231777324543,426,0.3892111626980561,75.0,8198.311868129373,160.608230870634,48,450,145,47,60,40,0.045,0.6,0.6,28,172.7078299427304
327.4242478858485,33.781717543709064,25.065438011830388,441,0.3784050804380832,67.10526315789474,6757.947809716963,181.9537437830374,54,510,97,53,76,40,0.07,0.6,1.0,28,172.2867594729162
387.62178939243455,37.36053077939072,22.634814753755787,441,0.37739936532196755,64.81481481481481,7844.119315848703,165.334271651305,85,461,45,84,54,40,0.07,0.25,0.8,22,172.23204689299124
356.66708854010614,35.567356123881396,25.479151317144893,426,0.3756788213879031,63.888888888888886,7212.742068802129,172.11202019787478,29,484,185,28,72,25,0.045,0.6,0.6,35,172.14600363958596
389.55821769431986,37.46964852164356,22.310351739180444,441,0.3798770872632235,64.81481481481481,7882.8478818864105,164.603185613598,84,459,46,83,54,40,0.055,0.25,0.8,22,171.98568671434396
388.0086130990034,37.38235595725341,22.566244741239743,441,0.37790463299754756,64.81481481481481,7851.855789980079,164.98221651992898,85,460,45,84,54,40,0.07,0.3,0.8,22,171.95883740336566
420.0191526978148,39.142296902821336,31.598246783342255,426,0.3726513402294583,63.63636363636363,8487.490623956293,156.7045880437139,41,439,59,40,66,30,0.045,0.4,1.2,28,171.83468340338564
408.42820925439645,38.515296989303984,25.792291785378264,356,0.38475346599098864,63.38028169014085,8523.735725087918,158.95401591207798,42,446,51,41,71,25,0.055,0.3,1.2,25,171.77822457229576
384.36992537004846,37.17650618572177,25.140907915782513,441,0.3923133702961096,68.91891891891892,7769.459071400984,165.06987509902348,49,462,73,48,74,40,0.045,0.5,1.0,28,171.7554585780346
389.94504140088867,37.491404667259886,22.243730603126245,441,0.38039050443124467,64.81481481481481,7890.584356017786,164.25113048222198,84,458,46,83,54,40,0.055,0.3,0.8,22,171.71063337605028
351.8213609309814,35.277909595180915,24.859058934494495,356,0.3853492528403502,65.33333333333333,7242.178698619623,173.4610653803807,54,486,74,53,75,40,0.07,0.6,1.2,28,171.45064063257925
414.12076335276254,38.82464215125474,25.680083025727523,356,0.39290531451426797,60.0,8591.53120105525,157.67746694475298,63,441,51,62,60,30,0.055,0.5,1.2,25,171.2166718870334
401.3262656377978,38.12545553304558,30.888973633076873,356,0.36860833396642684,60.317460317460316,8232.276792755958,160.1761127440459,46,449,75,45,63,30,0.055,0.6,1.2,28,171.18329534337468
394.24984765526403,37.732597848293125,26.394328519347017,356,0.37759927616703637,65.71428571428571,8202.129718105285,161.3591673947197,36,453,59,35,70,25,0.07,0.4,1.2,28,170.92866825276786
377.91198235425253,36.80809919399945,31.422483720262473,441,0.36245291716765143,63.33333333333333,7767.702499085052,165.4651459149492,46,464,95,45,60,30,0.055,0.6,1.0,28,170.78958026015746
422.82047955529396,39.29215278126412,23.58387178770793,426,0.3849728204627935,65.0,8539.265735105879,155.0601013941329,52,434,101,51,60,40,0.035,0.5,0.6,25,170.5279430706863
419.3816793609959,39.10810538553624,23.877085461777856,426,0.38388606704978695,62.5,8477.761459219912,155.59566428008958,45,436,101,44,64,30,0.035,0.25,0.6,25,170.51133948093803
419.3816793609959,39.10810538553624,23.877085461777856,426,0.38388606704978695,62.5,8477.761459219912,155.59566428008958,45,436,101,44,64,30,0.035,0.3,0.6,25,170.51133948093803
335.86287329671023,34.306780600243904,25.80007028735201,426,0.3782592327998766,67.85714285714286,7035.625854934205,176.8460395657977,31,497,92,30,84,25,0.07,0.4,1.0,35,170.5046995832122
362.07050231423506,35.887232589822716,25.91891879366698,441,0.39348485302101777,61.53846153846154,7518.611788284702,169.9585092153032,72,475,90,71,65,40,0.07,0.6,0.8,25,170.4643548016579
373.7431731585337,36.568160973344476,27.224006063714505,441,0.3810265886746316,69.86301369863014,7766.993728170684,165.9267748293222,36,466,107,35,73,25,0.055,0.5,0.8,28,170.40763013578527
373.6581306585337,36.56324875973549,27.224006063714505,441,0.38100045911271896,69.86301369863014,7765.292878170685,165.9267748293222,36,466,108,35,73,25,0.07,0.5,0.8,28,170.38473922036738
408.7841688270086,38.53472153171688,25.80744976231263,356,0.38476827311210654,64.7887323943662,8530.168346540162,157.5522879598345,42,442,51,41,71,25,0.055,0.25,1.2,25,170.32346917018862
343.22404777559507,34.75820577913857,25.80007028735201,426,0.3809606041736834,68.75,7182.8493445119075,174.3836769880955,32,490,90,31,80,25,0.055,0.4,1.0,35,170.315208317779
364.00693061612026,36.00113919738739,25.584510191713694,441,0.3964640466924582,61.53846153846154,7557.340354322409,169.2274231775962,71,473,89,70,65,40,0.055,0.6,0.8,25,170.28538840364237
359.7699043173434,35.75140719836551,23.990945120530522,356,0.38821359811660106,65.82278481012658,7540.513649346869,169.41268265313178,32,476,67,31,79,25,0.055,0.3,1.2,35,170.17669826421982
373.79032036872906,36.57088398043429,23.834952296714327,356,0.38854908811618655,65.27777777777779,7792.939172374579,165.4887521254203,32,465,66,31,72,25,0.07,0.4,1.2,35,170.05461050901945
404.4859695246987,38.29944043077329,25.89688094348357,441,0.40392917274325774,61.19402985074627,8171.779954493981,158.70249600602878,57,444,62,56,67,30,0.045,0.5,1.0,25,170.0495155126334
376.48759266520483,36.72630651936164,23.834952296714327,356,0.3894503428365992,65.27777777777779,7846.884618304092,164.7871221959079,32,463,67,31,72,25,0.055,0.4,1.2,35,170.0427991846444
375.08267372104865,36.64544015990812,24.797676252129286,441,0.38166549363905145,72.97297297297297,7593.337002420974,165.4461010790287,41,464,88,40,74,40,0.035,0.25,0.8,28,170.03484234197367
419.56596841340354,39.11799335916055,23.877085461777856,426,0.3839318948088693,63.49206349206349,8481.267222268058,154.86239923194339,45,434,101,44,63,30,0.035,0.4,0.6,25,169.7720911787568
350.50767733936794,35.19901270084986,25.52796100001038,441,0.3849224406860841,64.63414634146342,7306.779761787374,171.54040271263108,32,482,90,31,82,25,0.055,0.5,1.0,35,169.65924121809635
356.25473231503895,35.5428209933738,25.138219567875208,356,0.3848380105089227,64.28571428571429,7330.846126300776,170.30403669922828,55,477,72,54,70,40,0.055,0.6,1.2,28,169.53925613839303
402.0368983247474,38.164661846113226,25.792291785378264,356,0.3829230284469778,63.38028169014085,8395.909506494938,158.21891450505998,41,444,52,40,71,25,0.07,0.3,1.2,25,169.45109859674275
365.8931662041938,36.1117284310005,28.645142334021628,441,0.3636639235480998,63.07692307692307,7397.223618083879,167.0155889161238,33,469,136,32,65,40,0.045,0.6,0.8,35,169.36400634139235
405.87806662122824,38.37581799297063,26.014094381178086,356,0.3883458932780181,60.0,8426.677266424564,157.673451575442,63,441,52,62,60,30,0.07,0.5,1.2,25,169.2373573490005
365.16012393196854,36.06879306547795,27.58093627788861,441,0.3809093729238086,61.25000000000001,7599.828693639381,167.0719058606245,37,469,81,36,80,25,0.055,0.5,1.0,28,169.1626394770916
357.1622601725361,35.59679535925768,23.990945120530522,356,0.3872835483310164,66.23376623376623,7488.3607664507235,169.04288354927579,32,475,66,31,77,25,0.07,0.3,1.2,35,169.084777956474
413.2061446940094,38.775125170358194,25.38905105196465,356,0.3885222275816571,60.60606060606061,8599.272431880183,155.3958836198191,42,436,51,41,66,25,0.055,0.4,1.2,25,169.05954574276174
403.4609813854554,38.24309654345379,28.210529525513028,441,0.36689886796633514,63.013698630136986,8151.1756817091145,157.6057482908906,34,442,69,33,73,40,0.045,0.5,1.2,35,169.03448672206574
408.09136508545475,38.49690554825518,23.507109054764868,426,0.3992314994442059,60.317460317460316,8249.914969709094,156.7059362909086,64,438,45,63,63,40,0.045,0.3,1.2,25,168.61644630135768
452.19758055406453,40.82621195964795,30.332247269198202,441,0.37859839201775397,60.3448275862069,9123.311905081284,147.4725199187171,40,413,103,39,58,30,0.045,0.6,0.8,28,168.61225539334603
369.77847581778076,36.338398998903564,25.89243561926678,441,0.3971382075301702,61.29032258064516,7657.638744355625,166.0111886443847,71,464,69,70,62,40,0.055,0.6,1.0,25,168.61017135491252
407.9518548941089,38.48928554022508,23.51207752194339,426,0.3991516509148656,60.317460317460316,8247.124765882178,156.70592711782598,64,438,45,63,63,40,0.045,0.25,1.2,25,168.58307066618585
390.7358081507194,37.535837097205004,22.385213064480773,441,0.3800182056337921,62.745098039215684,7903.163867014398,161.0881114856114,85,449,45,84,51,40,0.07,0.4,0.8,22,168.53590856645047
322.98865932999223,33.50239763170413,24.088616505317447,441,0.38228869587536596,64.0,6751.903451599861,178.8338504001412,31,503,133,30,75,25,0.055,0.5,0.8,35,168.51706008747178
322.90361682999225,33.497019457939594,24.088616505317447,441,0.38225472032170377,64.0,6750.202601599862,178.8338504001412,31,503,134,30,75,25,0.07,0.5,0.8,35,168.49000787343616
343.9633442662018,34.80321118331737,25.52796100001038,441,0.38252676416497144,65.47619047619048,7175.8931003240505,172.2281661759551,31,484,92,30,84,25,0.07,0.5,1.0,35,168.44754212725607
391.492008758712,37.57827376720826,25.610676608157885,426,0.3965250767625213,67.53246753246754,7917.512301174254,159.70766982574878,35,448,72,34,77,25,0.045,0.4,1.0,28,168.35066647709303
392.67223645260464,37.64440188880238,22.06854097474743,441,0.3825383516200003,62.745098039215684,7941.892433052105,160.3570254479044,84,447,46,83,51,40,0.055,0.4,0.8,22,168.27047644294663
402.3928578973595,38.184283810892424,25.80744976231263,356,0.38294054679373873,64.7887323943662,8402.342127947182,156.81718655281648,41,440,52,40,71,25,0.07,0.25,1.2,25,168.0108487679267
403.1396701719257,38.225415091720635,25.709505278308676,441,0.39005985869276605,65.71428571428571,8144.749457438513,156.8415275614916,49,439,56,48,70,40,0.045,0.5,1.2,28,167.80957225265357
331.1038071648967,34.01167488440699,25.522215483473136,441,0.37642129969530286,64.70588235294117,6831.538995297929,175.93435320207178,55,493,92,54,68,40,0.055,0.6,1.0,28,167.67755718012646
389.59618060953454,37.471784280046094,23.774929892299557,441,0.3773396746209112,64.81481481481481,7883.607140190698,160.21262430931029,78,447,45,77,54,30,0.07,0.25,0.8,22,167.49887573180604
392.59037851998374,37.639819481966,21.89426773399323,426,0.38322471271414493,65.38461538461539,7934.663714399679,159.67295560033529,85,445,65,84,52,40,0.07,0.5,0.6,22,167.4971966947487
346.64871685865586,34.96618336382888,42.80789022979402,356,0.3550505275946853,60.0,7138.725817173123,170.4034233268807,34,479,97,33,70,30,0.055,0.6,1.2,35,167.48801831274034
410.6720970106781,38.637563577000854,23.258327050543144,426,0.4019220834571158,59.01639344262295,8300.54951021356,154.9282637864468,64,433,45,63,61,40,0.045,0.4,1.2,25,167.3006502884137
391.53260891141997,37.58055070033039,23.437318314454007,441,0.3798193204319006,64.81481481481481,7922.335706228405,159.48153827160328,77,445,46,76,54,30,0.055,0.25,0.8,22,167.23345061647024
394.526806821869,37.74805794530478,21.59181784715126,426,0.3857930827574846,65.38461538461539,7973.392280437385,158.94186956262828,84,443,64,83,52,40,0.055,0.5,0.6,22,167.22389669770016
389.9830043161033,37.49353907722206,23.703588813679957,441,0.37784554204479615,64.81481481481481,7891.343614322074,159.86056917793428,78,446,45,77,54,30,0.07,0.3,0.8,22,167.22118428441038
428.6861408850701,39.60386596251,24.538280632354244,426,0.40313907220355377,64.0625,8653.123115701403,150.38930929860098,38,422,117,37,64,25,0.045,0.6,0.6,25,167.12831436179218
347.3522462801334,35.008750199081184,40.50290610122026,356,0.3569427230426142,60.0,7152.796405602675,169.7547413973285,36,477,97,35,70,40,0.055,0.6,1.2,35,166.99173844961723
391.91943261798883,37.60223696426712,23.367986027761134,441,0.38033336845808813,64.81481481481481,7930.072180359781,159.12948314022728,77,444,46,76,54,30,0.055,0.3,0.8,22,166.95393212134604
330.9468667898885,34.00189886082303,25.078161872408316,441,0.37183687140575433,65.82278481012658,6710.620863797782,174.66553420222138,32,491,119,31,79,25,0.045,0.25,0.8,35,166.9493234066411
406.81483376436046,38.42711927913882,25.38905105196465,356,0.38667050775130635,60.60606060606061,8471.446213287198,154.66078221280108,41,434,52,40,66,25,0.07,0.4,1.2,25,166.7736976714625
359.00268950037207,35.705990633365126,27.58093627788861,441,0.3788522814183024,61.25000000000001,7476.680005007452,166.3369344925545,36,467,83,35,80,25,0.07,0.5,1.0,28,166.74697625781513
331.3723747652426,34.028397715552394,25.402742716906207,441,0.371527873590019,63.63636363636363,6715.895199304864,174.38288669513798,32,490,119,31,77,25,0.045,0.4,0.8,35,166.73914880620674
401.1985333647555,38.118403705107106,25.29042365772672,441,0.40183231926320523,66.66666666666666,8112.622891295127,155.7947342048771,39,437,62,38,75,25,0.045,0.3,1.0,25,166.57742419131804
431.4842995598201,39.75159243674615,30.44404074542842,426,0.3809330018302996,68.75,8709.086289196393,149.4380243036062,40,419,150,39,48,30,0.045,0.6,0.6,28,166.55917230996639
401.0905225647555,38.11243953637975,25.29042365772672,441,0.401798099245704,66.66666666666666,8110.462675295127,155.7947342048771,39,437,62,38,75,25,0.045,0.25,1.0,25,166.55136077397952
393.27254555701774,37.67798859971576,21.64638913347729,441,0.3810252782059746,69.23076923076923,7954.103135140367,158.5567583596432,84,442,36,83,52,40,0.055,0.25,1.0,22,166.53670961074366
440.3461281677996,40.21537788378418,31.007712409692772,441,0.37573697992954436,61.904761904761905,8888.878617355982,147.8375681440196,41,414,59,40,63,30,0.045,0.5,1.2,28,166.49166443886648
387.0730450058599,37.32954602934959,25.758557466578935,441,0.39411530638056286,67.94871794871796,7830.113124117215,159.02615838278928,35,446,72,34,78,25,0.045,0.3,1.0,28,166.4897752908992
386.96503420585987,37.323443931940716,25.758557466578935,441,0.39408125639900066,67.94871794871796,7827.952908117215,159.02615838278928,35,446,72,34,78,25,0.045,0.25,1.0,28,166.4625599364556
329.10280775503145,33.88681619903349,25.078161872408316,441,0.3711986938247898,64.55696202531645,6673.739683100639,174.66191139936288,32,491,119,31,79,25,0.045,0.3,0.8,35,166.38426753725443
361.5357790862466,35.85571129488763,26.22802149255096,441,0.391836673609544,61.29032258064516,7492.784809724936,166.00717327507368,71,464,70,70,62,40,0.07,0.6,1.0,25,166.3705004082786
389.30094247632513,37.45517096543725,31.147721207586564,441,0.36535558537696267,63.38028169014085,7867.974903526506,158.196483973496,32,444,70,31,71,30,0.045,0.5,1.2,35,166.30095908654138
393.65936926358654,37.699613697524256,21.581766385782075,441,0.38154279932633295,69.23076923076923,7961.839609271743,158.2047032282672,84,441,36,83,52,40,0.055,0.3,1.0,22,166.25529640608198
371.2328511823065,36.42286233604255,24.797676252129286,441,0.3804831328946084,71.83098591549296,7516.340551646128,162.6666808538763,41,456,88,40,71,40,0.035,0.3,0.8,28,166.088252252354
388.12481303187167,37.388909431001885,21.961118108284897,441,0.3775900284237309,69.23076923076923,7851.148484637446,159.2860588625642,85,444,36,84,52,40,0.07,0.25,1.0,22,166.00675787364838
371.9496014169482,36.46441119006949,30.0638349000138,441,0.3583698435687428,65.21739130434783,7530.675556338968,161.92281266103308,27,455,109,26,69,30,0.035,0.25,0.8,35,165.9130709148162
372.8546471784157,36.51680321042963,21.39806227818855,436,0.37494820941768897,70.83333333333334,7547.2208155683065,161.46593993169418,25,454,154,24,72,25,0.035,0.3,0.6,35,165.78628657535052
372.77063877841573,36.51194344207016,21.39806227818855,436,0.37492236256554806,70.83333333333334,7545.540647568307,161.46593993169418,25,454,154,24,72,25,0.035,0.25,0.6,35,165.76422322699852
388.5116367384405,37.410716629078976,21.894605413835414,441,0.37809664673783655,69.23076923076923,7858.884958768822,158.9340037311882,85,443,36,84,52,40,0.07,0.3,1.0,22,165.72947466681987
405.5847817614147,38.3597408733483,25.015045618859045,426,0.4053119934447548,64.7887323943662,8199.367761228303,154.0059422716995,39,432,62,38,71,25,0.045,0.4,1.0,25,165.71408057286467
413.45095016803054,38.78838572373593,24.096760063641387,441,0.41406483837373537,62.31884057971014,8354.09086936062,152.26398763938218,40,427,80,39,69,25,0.045,0.5,0.8,25,165.6264070403524
374.25487376704393,36.59770287949276,24.797676252129286,426,0.3814042203897832,72.46376811594203,7573.545179340873,161.2459846591298,41,452,88,40,69,40,0.035,0.4,0.8,28,165.42161701530725
424.34217886286694,39.37328655103389,23.74959477778577,426,0.3855141726952069,65.0,8569.699721257339,149.93816424267038,45,420,101,44,60,30,0.035,0.5,0.6,25,165.36780351434234
363.6217586461294,35.978512535029324,26.916497736472312,441,0.3933448996902436,61.53846153846154,7549.636914922587,164.10435957741728,64,459,90,63,65,30,0.07,0.6,0.8,25,165.1413725357846
380.26652043762925,36.94287730597914,27.189250246087965,441,0.3888098455001471,60.0,7898.809278752599,159.32387424740858,42,447,69,41,70,25,0.055,0.5,1.0,25,165.13466155772673
379.6932385121828,36.91011033396207,28.618946124035748,436,0.36622790124221993,65.625,7683.992642243654,159.06740525634729,27,447,161,26,64,40,0.035,0.3,0.6,35,164.98819319281046
378.1968010201235,36.824430933133456,21.111393104947414,441,0.3778618173268132,70.58823529411765,7646.792164402466,159.3731360975406,25,448,154,24,68,25,0.035,0.5,0.6,35,164.9734505804379
379.6102302121829,36.90536324851861,28.618946124035748,436,0.36620549426184684,65.625,7682.332476243655,159.06740525634729,27,447,161,26,64,40,0.035,0.25,0.6,35,164.96697372087817
365.5581869480148,36.092114910093855,26.572150994547933,441,0.3963268603477141,61.53846153846154,7588.365480960293,163.37327353971028,63,457,89,62,65,30,0.055,0.6,0.8,25,164.94096513912893
379.0820573644727,36.875142657225844,29.47994851017092,436,0.36589683832577674,65.625,7671.76901928945,158.3086427105499,25,445,161,24,64,30,0.035,0.3,0.6,35,164.094384824655
425.6327374057273,39.44194896272097,21.805598802018636,426,0.38742623101566737,62.68656716417911,8602.782620114538,148.2160588854589,32,416,100,31,67,25,0.035,0.25,0.6,25,164.07850768491926
425.6327374057273,39.44194896272097,21.805598802018636,426,0.38742623101566737,62.68656716417911,8602.782620114538,148.2160588854589,32,416,100,31,67,25,0.035,0.3,0.6,25,164.07850768491926
378.99904906447284,36.87039072932712,29.47994851017092,436,0.3658744431173212,65.625,7670.108853289451,158.3086427105499,25,445,161,24,64,30,0.035,0.25,0.6,35,164.07323874550568
416.8469044466998,38.971817311606706,25.041646300049784,426,0.39638418717636664,66.66666666666666,8416.338386933996,149.9943620660062,34,421,138,33,63,25,0.045,0.6,0.6,28,164.07135088186422
408.0501416085102,38.494654107520574,25.79680756548189,356,0.383205440809852,65.67164179104478,8442.430025170204,151.84470882979778,37,426,59,36,67,25,0.055,0.5,1.2,28,163.98722649803764
393.5656970376285,37.694378263569185,27.073834458407987,426,0.36558130978957554,71.64179104477611,7961.441812752568,155.216053247434,40,435,120,39,67,40,0.035,0.25,0.6,28,163.97054544652593
393.5656970376285,37.694378263569185,27.073834458407987,426,0.36558130978957554,71.64179104477611,7961.441812752568,155.216053247434,40,435,120,39,67,40,0.035,0.3,0.6,28,163.97054544652593
392.7101993678195,37.64652684604242,23.51262918252391,441,0.3799584940733163,62.745098039215684,7942.651691356393,155.9664641436167,78,435,45,77,51,30,0.07,0.4,0.8,22,163.7623917802845
373.40733297519427,36.54875810929201,21.39806227818855,436,0.375109566919977,69.11764705882352,7558.094513503879,159.3224489961226,25,448,154,24,68,25,0.035,0.4,0.6,35,163.73843632962823
371.61326905972237,36.4449208342277,30.0638349000138,436,0.358279267198446,65.15151515151516,7520.713085194447,159.8013238055533,27,449,109,26,66,30,0.035,0.4,0.8,35,163.6376945456824
398.45605989853277,37.96664976841954,20.577699245365586,426,0.38476317105499097,64.15094339622641,8059.069051970651,154.4770550293562,75,431,59,74,53,40,0.045,0.4,0.6,22,163.63626050188822
409.614564543028,38.57999361562254,24.361333741951853,426,0.39986645574156776,60.317460317460316,8280.378958860554,151.5839991394461,57,424,45,56,63,30,0.045,0.3,1.2,25,163.5791729302396
409.4750543516821,38.57239182792933,24.366417144323606,426,0.39978643290101673,60.317460317460316,8277.588755033637,151.5839899663635,57,424,45,56,63,30,0.045,0.25,1.2,25,163.54694135042035
394.6466276697048,37.754744301714794,23.183085466663208,441,0.3824806672557908,62.745098039215684,7981.3802573941,155.2353781059097,77,433,46,76,51,30,0.055,0.4,0.8,22,163.47804282642505
404.03817005006255,38.27483603805859,29.915409972502005,441,0.36634286081254597,67.74193548387096,8172.44692900125,152.22540699875069,32,427,93,31,62,30,0.035,0.3,0.8,28,163.43354988251016
388.12339931585274,37.38882970737845,22.197385717513203,441,0.39236634734422043,63.38028169014085,7854.151514317061,156.1759671829453,54,437,71,53,71,40,0.035,0.25,0.8,25,163.3891858212438
388.12339931585274,37.38882970737845,22.197385717513203,441,0.39236634734422043,63.38028169014085,7854.151514317061,156.1759671829453,54,437,71,53,71,40,0.035,0.3,0.8,25,163.3891858212438
425.81702645813505,39.45174280848918,21.805598802018636,426,0.38747229370299996,63.63636363636363,8606.288383162686,147.4827938373127,32,414,100,31,66,25,0.035,0.4,0.6,25,163.33021522714517
398.71389493104925,37.98094538592724,20.54246288427568,426,0.38405165717801465,64.81481481481481,8064.405770620988,154.11670837902,75,430,59,74,54,40,0.045,0.3,0.6,22,163.31806515948713
398.71389493104925,37.98094538592724,20.54246288427568,426,0.38405165717801465,64.81481481481481,8064.405770620988,154.11670837902,75,430,59,74,54,40,0.045,0.25,0.6,22,163.31806515948713
371.3297321496753,36.428481321721094,26.869362578202555,441,0.3969796160866794,61.29032258064516,7688.66387099351,160.1570390064988,63,448,69,62,62,30,0.055,0.6,1.0,25,163.1995963213105
396.4736189467917,37.85653571448939,24.69619328018285,441,0.40440380073810167,69.44444444444444,8014.544244935846,153.64153106415918,35,431,96,34,72,25,0.045,0.5,0.8,28,163.16166892944926
394.6602922758569,37.75550674473034,27.073834458407987,426,0.36583512417622344,71.21212121212122,7983.153699517131,154.1522374828736,40,432,120,39,66,40,0.035,0.4,0.6,28,163.10378913723508
389.4718029297948,37.464786413250614,22.197385717513203,426,0.39279321392462474,65.67164179104478,7877.8837625958995,155.5118719041081,54,435,71,53,67,40,0.035,0.4,0.8,25,162.97182089764016
373.87520950798023,36.57578624238258,27.189250246087965,441,0.3866795402419616,60.0,7770.983060159618,158.5887728403906,41,445,70,40,70,25,0.07,0.5,1.0,25,162.76224877860247
394.55326904267775,37.74953472665743,22.999568144591283,426,0.3831634133325567,65.38461538461539,7973.92152485356,154.5513071464518,78,431,65,77,52,30,0.07,0.5,0.6,22,162.7004946718935
368.67931020426585,36.27442574795352,30.0638349000138,441,0.35758391048644106,67.1875,7465.269732085318,159.4553809146847,27,448,109,26,64,30,0.035,0.3,0.8,35,162.5094273508318
395.2259019394718,37.78705125873971,21.39951034474396,426,0.38312328305319326,66.66666666666666,7992.190164789449,154.2993732105627,84,430,36,83,48,40,0.055,0.4,1.0,22,162.48432041258073
381.4436464548906,37.01006016429717,23.47002408728699,356,0.3916604556038352,65.71428571428571,7910.30012209781,156.2966879021916,32,439,66,31,70,25,0.07,0.5,1.2,35,162.47416412126458
396.489697344563,37.85743019706618,22.684720548935992,426,0.3857339658983119,65.38461538461539,8012.650090891268,153.8202211087448,77,429,64,76,52,30,0.055,0.5,0.6,22,162.40837554541392
412.1952964682512,38.72031620880782,24.10676167105986,426,0.40256557975678,59.01639344262295,8331.013499365024,149.8063266349843,57,419,45,56,61,30,0.045,0.4,1.2,25,162.2381249149048
381.1225648726128,36.99174791121376,28.618946124035748,436,0.3666032697290659,63.33333333333333,7712.399151452252,155.8685510477537,27,438,161,26,60,40,0.035,0.4,0.6,35,162.02385585111625
390.07816941432594,37.49888901595699,21.707050242482147,426,0.379644694244195,66.66666666666666,7889.235514286529,155.0286737134837,85,432,36,84,48,40,0.07,0.4,1.0,22,161.9952005489342
349.3888971681079,35.13167608540475,30.0627985895881,441,0.3547591519707247,66.19718309859155,7079.461471362159,164.07564313784488,28,461,115,27,71,40,0.035,0.3,0.8,35,161.9570267537159
383.572626057291,37.13123587002405,23.47002408728699,356,0.39236568810122585,65.21739130434783,7952.879714145823,155.2347108541786,32,436,67,31,69,25,0.055,0.5,1.2,35,161.89218839330488
401.8927071769138,38.1567102672054,25.79680756548189,356,0.3814633804965878,65.67164179104478,8319.281336538274,151.1097374617278,36,424,59,35,67,25,0.07,0.5,1.2,28,161.7844515329509
395.24693677411767,37.7882238329484,22.779305635585523,441,0.38095782805582123,69.23076923076923,7993.5909594823615,153.4351110176485,77,428,36,76,52,30,0.055,0.25,1.0,22,161.73359800501916
399.2117126671359,38.00853008877474,26.661435240488768,426,0.3675380093677104,74.24242424242425,8067.090397342715,151.7150326572884,40,425,120,39,66,40,0.035,0.5,0.6,28,161.53625287729264
386.4676782287632,37.2953317067136,28.393650341396803,436,0.368859720167358,64.40677966101694,7812.209708575259,154.12968592474468,27,433,161,26,59,40,0.035,0.5,0.6,35,161.48878629006987
327.4255435033365,33.78179879260013,25.272777879064556,441,0.3759084874576075,66.66666666666666,6633.58273606674,170.12300293326538,32,478,119,31,78,25,0.045,0.5,0.8,35,161.47699822862862
395.6337604806865,37.80977999096595,22.71193612128762,441,0.38147597336160033,69.23076923076923,8001.327433613737,153.0830558862725,77,427,36,76,52,30,0.055,0.3,1.0,22,161.4477605614246
338.5768291138528,34.47391886138822,20.617486528904713,441,0.37559329631339833,65.4320987654321,6863.220110277065,166.50707422293738,28,468,106,27,81,25,0.035,0.25,0.8,35,161.33794027129687
381.1874513249028,36.99544936941703,29.47994851017092,436,0.36643838125009587,63.33333333333333,7713.696880498048,155.1097885019563,25,436,161,24,60,30,0.035,0.4,0.6,35,161.30015925065825
390.0992042489716,37.500071428525516,23.107358172928713,441,0.3775288605997585,69.23076923076923,7890.636308979441,154.1644115205695,78,430,36,77,52,30,0.07,0.25,1.0,22,161.25030714265972
404.2447702479687,38.286189880243995,22.41083377139886,426,0.3769438091787504,64.28571428571429,8174.843258959371,150.48354104063418,57,421,65,56,56,25,0.055,0.4,0.6,22,161.18485939582723
405.86182549963235,38.37492789153871,29.915409972502005,426,0.3667482543087917,67.21311475409836,8205.684213992645,149.7327405073582,32,420,93,31,61,30,0.035,0.4,0.8,28,161.17469714446258
404.1896571699934,38.28316147067348,29.915409972502005,441,0.36638185250385813,72.41379310344827,8175.476671399866,150.0853616001347,32,421,93,31,58,30,0.035,0.25,0.8,28,161.17210979153535
404.15972774796865,38.28151676738252,22.41083377139886,426,0.376921729175438,64.28571428571429,8173.142408959371,150.48354104063418,57,421,66,56,56,25,0.07,0.4,0.6,22,161.1651855906804
374.7348598755397,36.625390660419676,24.76748726750645,441,0.4067026313705205,64.70588235294117,7574.057491510787,157.1643389892173,49,440,98,48,68,40,0.045,0.6,0.8,28,161.1517189058466
363.08703541814094,35.94707565451105,27.214656013884593,441,0.39169314717395914,61.29032258064516,7523.809936362821,160.1530236371878,63,448,70,62,62,30,0.07,0.6,1.0,25,161.04289893220954
390.48602795554046,37.52180837607404,23.038037216158052,441,0.37803607459999167,69.23076923076923,7898.372783110817,153.8123563891935,78,429,36,77,52,30,0.07,0.3,1.0,22,160.96855793335763
368.838460086584,36.28369595643128,24.801907396376738,441,0.3856151586269275,72.22222222222221,7461.841067731689,158.00429976831788,41,443,88,40,72,40,0.035,0.5,0.8,28,160.73677308699055
337.4113111057011,34.402242349457964,20.617486528904713,441,0.37518291367851947,64.19753086419753,6839.9097501140295,166.1514483859724,28,467,106,27,81,25,0.035,0.3,0.8,35,160.6584717719687
385.9634563191772,37.26680792518344,29.2500432752504,436,0.3685527375168837,64.40677966101694,7802.125270383535,153.0168836164653,25,430,161,24,59,30,0.035,0.5,0.6,35,160.2472740782888
395.3047797718194,37.79144805075623,25.360186635381204,441,0.3994406633170496,63.888888888888886,7988.156159436402,151.1803260636035,35,424,72,34,72,25,0.045,0.5,1.0,28,160.23573973520644
381.2495161348266,36.99898949312437,20.617486528904713,441,0.3904523024531911,71.62162162162163,7716.673850696546,154.2809173034581,30,433,88,29,74,25,0.035,0.25,0.8,28,160.2056245052285
349.77681589529965,35.15503912205289,30.0627985895881,441,0.35486776271309844,71.21212121212122,7087.219845905992,161.92857859400948,28,455,115,27,66,40,0.035,0.25,0.8,35,159.95542800534065
404.92631445154865,38.323618208081186,23.83468296847237,426,0.39662265616327264,66.17647058823529,8186.613957030973,148.6805479690294,35,417,52,34,68,25,0.045,0.3,1.2,28,159.80948792769854
404.81830365154866,38.31768927946146,23.83468296847237,426,0.39659025458571684,66.17647058823529,8184.453741030973,148.6805479690294,35,417,52,34,68,25,0.045,0.25,1.2,28,159.78476429535428
406.44588804864554,38.40692332700073,23.924413049803604,426,0.3963458829930452,63.38028169014085,8216.02533097291,148.3321565270957,35,416,52,34,71,25,0.045,0.4,1.2,28,159.77280104032306
347.3706391237269,35.00986233428738,25.953408984327147,426,0.37822121202215003,69.62025316455697,7035.084908474537,162.3811490254679,31,456,81,30,79,25,0.045,0.4,1.0,35,159.6449722443504
408.9576647058103,38.544185179364135,25.052772070973766,441,0.40595795062202344,56.75675675675676,8261.213858116216,147.68878038378688,39,414,62,38,74,25,0.045,0.5,1.0,25,159.5729266425675
380.0839981266749,36.93244830636269,20.617486528904713,441,0.3900765740745307,70.27027027027027,7693.36349053351,153.9252914664931,30,432,88,29,74,25,0.035,0.3,0.8,28,159.54817668348682
400.39889457470287,38.07422465435324,21.549614483630688,426,0.38545204399152205,64.15094339622641,8097.925745494055,150.0876185059517,69,419,59,68,53,30,0.045,0.4,0.6,22,159.53100130174008
386.4687174428264,37.295390470528304,23.48188721800988,356,0.40553327467541606,56.896551724137936,8012.376670856536,152.9217696434726,71,427,51,70,58,40,0.055,0.6,1.2,25,159.25131730915584
416.0655496298222,38.92969818755756,22.96523784666435,441,0.4039899463951739,58.620689655172406,8403.267046596447,146.4434324035598,64,409,45,63,58,40,0.045,0.5,1.2,25,159.22246558711043
400.6567296072196,38.08847588279001,21.521241011573405,426,0.384734686276426,64.81481481481481,8103.262464144392,149.7272718556155,69,418,59,68,54,30,0.045,0.25,0.6,22,159.2098291900622
400.6567296072196,38.08847588279001,21.521241011573405,426,0.384734686276426,64.81481481481481,8103.262464144392,149.7272718556155,69,418,59,68,54,30,0.045,0.3,0.6,22,159.2098291900622
385.53414767974664,37.24250332071924,23.735151411546056,441,0.4157041364669971,63.33333333333333,7790.043247594936,152.86233440507138,65,427,80,64,60,40,0.045,0.6,0.8,25,159.02548917947112
419.99619476974397,39.14106611343695,24.83312303068409,356,0.3923062074201467,60.317460317460316,8709.039829394882,144.7956691051177,42,406,51,41,63,25,0.055,0.5,1.2,25,158.912728420554
430.3581271495973,39.69221205200319,21.692212099767186,426,0.3891203306635931,66.66666666666666,8690.018686991942,142.5589890080623,32,400,100,31,63,25,0.035,0.5,0.6,25,158.76884820801277
389.6465987734257,37.47462055447417,22.372722439414947,441,0.39301761423127085,63.38028169014085,7884.6155034685235,151.0540300314828,47,423,71,46,71,30,0.035,0.25,0.8,25,158.51764494542576
389.6465987734257,37.47462055447417,22.372722439414947,441,0.39301761423127085,63.38028169014085,7884.6155034685235,151.0540300314828,47,423,71,46,71,30,0.035,0.3,0.8,25,158.51764494542576
390.9950023873678,37.55038851564934,22.372722439414947,426,0.3934443245418898,65.67164179104478,7908.347751747362,150.3899347526456,47,421,71,46,67,30,0.035,0.4,0.8,25,158.0871356508837
383.9372327990121,37.15194548617169,27.819886429977007,441,0.3679796844830912,62.295081967213115,7756.4692859802535,151.4602240197468,34,425,89,33,61,40,0.045,0.6,1.0,35,157.8957683162297
340.6434340931246,34.60063640265434,26.027849862831836,441,0.37540384126689047,67.5,6899.405193862499,162.4059796375073,31,456,81,30,80,25,0.045,0.3,1.0,35,157.77890199610377
381.61977465506374,37.02010114046299,20.617486528904713,426,0.3905613525132426,69.86301369863014,7720.843197101285,151.8066073987192,30,426,88,29,73,25,0.035,0.4,0.8,28,157.70563085837233
340.37490724312465,34.58419810178406,26.027849862831836,441,0.37531490522151506,67.5,6894.034656862498,162.4059796375073,31,456,81,30,80,25,0.045,0.25,1.0,35,157.7039433441353
390.8836360026086,37.544137050483585,16.434550727940124,441,0.38353886394269426,60.0,7907.800592052179,150.9660254478304,92,420,49,91,40,40,0.07,0.3,0.6,20,157.68537561203107
390.80714550930907,37.539842659280474,22.723730096384003,426,0.37563940809218455,63.793103448275865,7906.270782186184,150.1160553138223,57,420,65,56,58,25,0.055,0.25,0.6,22,157.667339168978
397.20029315657195,37.89693935361393,22.52191304276055,426,0.3830578825945844,66.66666666666666,8031.677989131444,149.177725868568,77,416,36,76,48,30,0.055,0.4,1.0,22,157.65126771103397
390.7221030093092,37.535067506076736,22.723730096384003,426,0.3756163265936491,63.793103448275865,7904.569932186184,150.1160553138223,57,420,66,56,58,25,0.07,0.25,0.6,22,157.64728352552228
390.18362872311275,37.504816698624396,20.796693836357928,441,0.3873657227707424,67.3076923076923,7895.35610246226,150.6082235377456,75,420,42,74,52,40,0.045,0.3,0.8,22,157.52023013422246
390.18362872311275,37.504816698624396,20.796693836357928,441,0.3873657227707424,67.3076923076923,7895.35610246226,150.6082235377456,75,420,42,74,52,40,0.045,0.25,0.8,22,157.52023013422246
337.0580015695198,34.38048451238656,20.617486528904713,436,0.37505511363520155,66.66666666666666,6829.607735390399,163.001725109603,28,458,106,27,75,25,0.035,0.4,0.8,35,157.46261906673044
377.3691103131913,36.77694889262815,23.213756245525403,426,0.3895804693911903,62.33766233766234,7636.03443026384,153.0197057361664,53,428,54,52,77,40,0.035,0.25,1.0,25,157.4053412604485
377.3691103131913,36.77694889262815,23.213756245525403,426,0.3895804693911903,62.33766233766234,7636.03443026384,153.0197057361664,53,428,54,52,77,40,0.035,0.3,1.0,25,157.4053412604485
378.8608808191265,36.862479631648085,23.213756245525403,426,0.39006333578164326,62.82051282051282,7662.313984382542,152.6770856174656,53,427,54,52,78,40,0.035,0.4,1.0,25,157.40278802713732
392.8200643044939,37.652675749236344,15.110234093168945,441,0.38613711001739115,60.0,7946.529158089887,150.2349394101234,91,418,48,90,40,40,0.055,0.3,0.6,20,157.38818463180792
391.19396921587787,37.56155454152474,22.653432607335166,426,0.37613819106032076,63.793103448275865,7914.00725631756,149.7640001824463,57,419,65,56,58,25,0.055,0.3,0.6,22,157.3829135289887
391.108926715878,37.556782395890174,22.653432607335166,426,0.3761150336401545,63.793103448275865,7912.30640631756,149.7640001824463,57,419,66,56,58,25,0.07,0.3,0.6,22,157.36291823877986
378.22602071129205,36.82610597455713,23.78787611984256,356,0.40014588398176587,56.896551724137936,7847.5227362258465,152.91775427416158,71,427,52,70,58,40,0.07,0.6,1.2,25,157.24747251135892
384.23229893498655,37.16869607255258,28.014612947641627,441,0.36840619509949285,62.295081967213115,7762.370608699739,150.700071800261,32,423,89,31,61,30,0.045,0.6,1.0,35,157.22358438689741
392.0525606314259,37.60969728562324,22.842541693161785,426,0.3795854779213997,66.66666666666666,7928.7233386285225,149.907026371489,78,418,36,77,48,30,0.07,0.4,1.0,22,157.20853465390513
391.7707711488991,37.5939042599196,15.460078300942564,441,0.38522449816914706,57.49999999999999,7925.363276977979,150.2433770220301,92,418,49,91,40,40,0.07,0.4,0.6,20,157.1425198064639
386.764223697703,37.31209621444649,21.518807297441807,441,0.388344477408248,66.0,7820.356339954069,151.2026775459392,85,421,45,84,50,40,0.07,0.5,0.8,22,157.08392506281973
393.70719945078434,37.702286667935226,14.749573457154582,426,0.3878473082496827,57.49999999999999,7964.091843015686,149.5122909843231,91,416,48,90,40,40,0.055,0.4,0.6,20,156.84151253861054
388.7006519995881,37.42136734847956,21.22092262083177,441,0.39106991746365066,66.0,7859.0849059917755,150.4715915082322,84,419,46,83,50,40,0.055,0.5,0.8,22,156.79552919012937
410.231535244759,38.61359186773357,29.89688827839761,441,0.3678427247523272,69.49152542372882,8289.702570895179,144.7680961048221,32,406,93,31,59,30,0.035,0.5,0.8,28,156.77118298299828
413.60488384009483,38.79672137038626,24.83312303068409,356,0.3904470279038435,60.317460317460316,8581.213610801904,144.0605676980997,41,404,52,40,63,25,0.07,0.5,1.2,25,156.73875433636047
408.34351628385974,38.51067373324917,22.178845162210614,426,0.3806133285224666,68.75,8256.998197677187,145.03290582281,29,407,116,28,64,25,0.035,0.3,0.6,28,156.73844209432414
408.34351628385974,38.51067373324917,22.178845162210614,426,0.3806133285224666,68.75,8256.998197677187,145.03290582281,29,407,116,28,64,25,0.035,0.25,0.6,28,156.73844209432414
376.58873858468786,36.73212106190034,29.76816162576724,441,0.3598635058274929,71.1864406779661,7616.846637693758,151.6294593062415,27,426,109,26,59,30,0.035,0.5,0.8,35,156.47883572369543
349.42809377223784,35.13403749693327,30.0627985895881,436,0.35476274706336847,71.875,7077.009579444769,158.3882610552353,28,445,115,27,64,40,0.035,0.4,0.8,35,156.34646686135304
382.97947391162177,37.097518209342084,24.21993378400688,441,0.4119497219748431,61.66666666666667,7737.314108232443,150.6908592675675,64,421,62,63,60,40,0.045,0.6,1.0,25,156.18055166133018
398.6547390241999,37.97766601971515,20.832454238715844,426,0.3862069877384866,69.56521739130434,8052.495078483988,147.6250705160175,85,411,65,84,46,40,0.07,0.6,0.6,22,156.0882073410293
392.3727232533873,37.62763217797964,20.71289434104849,441,0.38860618877980324,66.66666666666666,7935.902169067756,148.4892874322527,75,414,42,74,51,40,0.045,0.4,0.8,22,155.7783972168357
400.59116732608516,38.0848526375559,20.544405621510716,426,0.3888242719583045,69.56521739130434,8091.223644521695,146.8939844783105,84,409,64,83,46,40,0.055,0.6,0.6,22,155.76704728760362
408.60928579376605,38.525179607281835,22.178845162210614,426,0.3806791388816042,68.25396825396825,8262.13356987531,143.9690076246888,29,404,116,28,63,25,0.035,0.4,0.6,28,155.64172561341863
408.4379281600985,38.515827489689734,28.35088782808402,441,0.36802697613463276,63.07692307692307,8245.863131201979,143.7569137980242,34,403,69,33,65,40,0.045,0.6,1.2,35,155.21878478344965
414.5477131202222,38.847732878171556,22.062482834557997,426,0.3826681566313531,71.42857142857143,8373.810406404444,142.2665930955624,29,399,116,28,63,25,0.035,0.5,0.6,28,155.00245418390452
357.47352354746596,35.615287723538124,29.97843253902252,441,0.3569677281551621,69.84126984126983,7234.542336949326,154.79888655067668,28,435,115,27,63,40,0.035,0.5,0.8,35,154.92650159739082
396.4506236653574,37.855256387647415,23.290317638435287,441,0.3831572306576878,62.903225806451616,8008.412771307155,146.1723351928547,52,409,101,51,62,40,0.035,0.6,0.6,25,154.82799862547793
376.9274078451191,36.751582850659844,28.475507641220542,441,0.36555818686166625,68.85245901639344,7617.9484549023855,149.8690625976171,27,421,161,26,61,40,0.035,0.6,0.6,35,154.72416380127794
382.4987665902219,37.07016816064408,22.245264071040967,441,0.39683012378155214,63.63636363636363,7735.047197804448,149.1166866955629,54,417,71,53,66,40,0.035,0.5,0.8,25,154.58260122988582
420.9599504822304,39.19269634790374,30.241212538607158,441,0.37641956986663305,64.28571428571429,8496.923639644605,140.7282888553938,41,394,76,40,56,30,0.045,0.6,1.0,28,154.41922361074074
396.264926663842,37.84492352452098,22.46640663773432,441,0.37905242512978443,65.45454545454545,8016.982061276849,145.9068227231584,57,408,46,56,55,25,0.055,0.25,0.8,22,154.4072879800456
396.17988416384213,37.84019041529631,22.46640663773432,441,0.3790291025390237,65.45454545454545,8015.281211276849,145.9068227231584,57,408,45,56,55,25,0.07,0.25,0.8,22,154.38797689440895
360.66831319262684,35.80451304716365,24.61957789889761,426,0.3777264582440287,63.51351351351351,7301.453931852535,153.5145461474674,31,431,59,30,74,25,0.045,0.3,1.2,35,154.31745123327534
360.43128949262695,35.790510386919564,24.61957789889761,426,0.37765316197934534,63.51351351351351,7296.7134578525365,153.5145461474674,31,431,59,30,74,25,0.045,0.25,1.2,35,154.25709976762332
387.0553471651171,37.32854625949793,24.57463420712234,441,0.41648683714173795,63.33333333333333,7820.467237302341,147.7403966976645,58,413,80,57,60,30,0.045,0.6,0.8,25,154.16689605172644
351.55969432229773,35.262209128162404,25.83600848380646,441,0.3800557144197396,63.51351351351351,7113.254450445971,155.61847705403608,31,437,81,30,74,25,0.045,0.5,1.0,35,154.09585389006972
417.5857490151928,39.011598099194565,23.817399864863347,441,0.4046348003501384,58.620689655172406,8433.671034303849,141.32149469615288,57,395,45,56,58,30,0.045,0.5,1.2,25,154.09581249181855
444.30142171718325,40.420417863715045,30.156085897806655,441,0.37735856557069114,62.06896551724138,8963.133002343662,136.1256536563403,41,381,59,40,58,30,0.045,0.6,1.2,28,154.00179206075433
404.21763502422596,38.28469885939745,20.560643384062647,441,0.38957918600323166,65.95744680851064,8166.413264484534,144.4414930154774,84,402,36,83,47,40,0.055,0.5,1.0,22,153.90448941477774
388.0199737747209,37.38299673459999,24.484280520144168,356,0.4053456754587781,56.896551724137936,8043.401797494421,147.0676200055867,63,411,51,62,58,30,0.055,0.6,1.2,25,153.64411657920598
373.9543261072002,36.5803545137946,22.168322370881267,426,0.38561120086020156,62.5,7567.174190144004,150.8047963560074,84,420,24,83,48,40,0.055,0.3,1.2,22,153.63748895793734
376.9513500655278,36.752958283357984,28.95182720262421,441,0.3658844255776216,68.85245901639344,7618.42729931056,148.75720568944269,25,418,161,24,61,30,0.035,0.6,0.6,35,153.62736562443635
396.1091981041971,37.83625583169004,22.494028208283186,441,0.3788465733669291,66.66666666666666,8013.86749008395,145.1944559160578,57,406,46,56,54,25,0.055,0.3,0.8,22,153.61519867666155
394.41884184974805,37.74203207206555,20.341946607562992,426,0.39160436405391547,66.66666666666666,7971.232980994964,146.0088835050461,75,407,59,74,51,40,0.045,0.5,0.6,22,153.61007053330678
396.02415560419723,37.83152153435314,22.494028208283186,441,0.3788232810332856,66.66666666666666,8012.1666400839495,145.1944559160578,57,406,45,56,54,25,0.07,0.3,0.8,22,153.59597742947375
415.2216847512294,38.88415212769183,23.504114293188458,426,0.40204389626560294,62.121212121212125,8392.521363024587,140.8965529754158,39,395,45,38,66,25,0.045,0.3,1.2,25,153.5924009043827
415.11367395122943,38.87831813740017,23.504114293188458,426,0.402011382432473,62.121212121212125,8390.361147024587,140.8965529754158,39,395,45,38,66,25,0.045,0.25,1.2,25,153.5693566427307
399.06990249907994,38.00067445148716,20.849404879643096,441,0.3859872400156546,65.95744680851064,8063.458613981613,145.1707935183984,85,404,36,84,47,40,0.07,0.5,1.0,22,153.52272478400812
360.16903793405953,35.77501062063926,26.372883617182612,441,0.3883109611746648,66.66666666666666,7474.277899681196,152.8785648188077,36,429,107,35,63,25,0.055,0.6,0.8,28,153.47479556254243
392.12796309368866,37.61392202594824,21.772731801332345,441,0.3880994685375435,67.3076923076923,7934.242789873776,146.2187881262299,69,408,42,68,52,30,0.045,0.3,0.8,22,153.46480186586882
392.12796309368866,37.61392202594824,21.772731801332345,441,0.3880994685375435,67.3076923076923,7934.242789873776,146.2187881262299,69,408,42,68,52,30,0.045,0.25,0.8,22,153.46480186586882
360.0839954340596,35.76998286550443,26.372883617182612,441,0.38828133714825463,66.66666666666666,7472.5770496811965,152.8785648188077,36,429,108,35,63,25,0.07,0.6,0.8,28,153.453226493014
397.035213732608,37.88776495911004,20.263572847242173,441,0.3980825969051838,67.14285714285714,8032.387802652171,144.35375634783128,34,405,71,33,70,25,0.035,0.3,0.8,25,153.44544808439565
397.035213732608,37.88776495911004,20.263572847242173,441,0.3980825969051838,67.14285714285714,8032.387802652171,144.35375634783128,34,405,71,33,70,25,0.035,0.25,0.8,25,153.44544808439565
373.08764937924144,36.530278449591535,25.541151721923722,441,0.398158552931985,60.0,7738.954729584829,149.76602041517418,42,420,89,41,65,25,0.055,0.6,0.8,25,153.42716948828445
373.00260687924134,36.52536079347244,25.541151721923722,441,0.398128389176514,60.0,7737.253879584829,149.76602041517418,42,420,90,41,65,25,0.07,0.6,0.8,25,153.40651533258423
374.0484320712629,36.585787492134884,22.188414451573564,426,0.38550809509549117,63.829787234042556,7569.056309425257,150.4442130747548,84,419,24,83,47,40,0.055,0.25,1.2,22,153.29444959204517
380.0208942199265,36.92884192399606,15.920479724465226,441,0.38644592866438565,60.0,7690.5457563985365,149.1961591014734,92,415,49,91,40,40,0.07,0.25,0.6,20,153.25469398458367
387.57259368755723,37.35775409116244,29.459872916860412,441,0.36155989540873934,63.33333333333333,7830.812167751147,146.0185202488563,27,410,109,26,60,30,0.035,0.6,0.8,35,153.166791773766
397.42165707866405,37.90923797277554,20.263572847242173,426,0.3982014231795665,64.7887323943662,8036.880845573289,144.0529824267143,34,404,71,33,71,25,0.035,0.4,0.8,25,153.1533214100132
368.8065935820541,36.28183998854049,22.49082639372602,426,0.3818172794776521,62.5,7464.219539641083,151.5340968589284,85,422,24,84,48,40,0.07,0.3,1.2,22,153.10936475164087
361.5004963291978,35.853630391719385,24.661489121768636,426,0.3780441333041577,72.72727272727273,7318.662150583957,152.5371934160474,41,427,59,40,77,40,0.035,0.3,1.0,28,153.09500177264175
361.5004963291978,35.853630391719385,24.661489121768636,426,0.3780441333041577,72.72727272727273,7318.662150583957,152.5371934160474,41,427,59,40,77,40,0.035,0.25,1.0,28,153.09500177264175
381.9573225218118,37.0393363638259,14.850811264445968,426,0.38916685858753375,60.0,7729.274322436243,148.4650730637664,91,413,48,90,40,40,0.055,0.25,0.6,20,152.97245918260097
368.9006995461168,36.287320614058196,22.51150759731884,426,0.38171711459611074,63.829787234042556,7466.101658922336,151.17351357767578,85,421,24,84,47,40,0.07,0.25,1.2,22,152.769619785185
378.8923097707644,36.864279319141204,23.38650331491347,426,0.3902445105499137,62.33766233766234,7666.498419415302,147.8977685847039,46,414,54,45,77,30,0.035,0.25,1.0,25,152.61811638124456
378.8923097707644,36.864279319141204,23.38650331491347,426,0.3902445105499137,62.33766233766234,7666.498419415302,147.8977685847039,46,414,54,45,77,30,0.035,0.3,1.0,25,152.61811638124456
380.3840802766996,36.9495927877564,23.38650331491347,426,0.39072724563879546,62.82051282051282,7692.777973534003,147.5551484660031,46,413,54,45,78,30,0.035,0.4,1.0,25,152.60181821343394
418.90124534919823,39.082314646364004,23.235010451039624,426,0.4052971730682727,61.53846153846154,8465.132476983958,139.1287980160428,39,390,45,38,65,25,0.045,0.4,1.2,25,152.42102712081962
388.72211428989016,37.42257650728327,22.629876443062972,441,0.3882949487013588,66.0,7859.514151797809,146.0810277021947,78,407,45,77,50,30,0.07,0.5,0.8,22,152.3098863846429
391.9010781377093,37.60120827634306,18.171757775810512,441,0.3830723038096122,60.0,7928.149434754189,145.46473074581988,84,405,49,83,40,30,0.07,0.3,0.6,20,152.28489351918938
363.1117702944633,35.94853048124129,24.52824382198992,426,0.3789984403563429,64.28571428571429,7349.342975889262,150.6457036107419,31,423,59,30,70,25,0.045,0.4,1.2,35,152.06228393565067
381.04550291268225,36.9873513806037,15.50911235675223,441,0.38767269776025787,56.75675675675676,7712.593586253646,147.747737246363,92,411,32,91,37,40,0.07,0.25,0.8,20,152.0180141742812
390.6585425917754,37.53149814392407,22.319447902328726,441,0.3910233076510228,66.0,7898.242717835516,145.3499416644877,77,405,46,76,50,30,0.055,0.5,0.8,22,152.00256748289246
393.83750643959456,37.70956777021486,16.750636862395453,441,0.3856666366971841,60.0,7966.878000791895,144.7336447081129,83,403,48,82,40,30,0.055,0.3,0.6,20,151.9695581139659
359.30596004047146,35.723950490321535,27.037047768439677,441,0.3844470987234908,60.60606060606061,7448.2044598094335,151.4326461905686,37,425,81,36,66,25,0.055,0.6,1.0,28,151.8267895838665
381.4937941604059,37.01291935770783,15.165688896589211,441,0.38832342058903296,56.75675675675676,7721.559411208118,147.39571629188998,92,410,32,91,37,40,0.07,0.3,0.8,20,151.7529693666021
382.9819312145675,37.09765796271323,14.739594532779845,441,0.39041093010208716,56.75675675675676,7751.322152291352,147.016651208656,91,409,33,90,37,40,0.055,0.25,0.8,20,151.7294210674971
379.77727704318636,36.91491566723515,24.800610458757415,356,0.39997293344886325,56.896551724137936,7878.547862863732,147.0636046362757,63,411,52,62,58,30,0.07,0.6,1.2,25,151.7203033923365
394.31705762396325,37.736350202549616,21.68622203052156,441,0.3893436668326082,66.66666666666666,7974.788856479271,144.099852020737,69,402,42,68,51,30,0.045,0.4,0.8,22,151.70012781424944
383.43022246229117,37.12314397330856,14.688821838818289,441,0.3910705813127869,56.75675675675676,7760.287977245825,146.66463025418298,91,408,33,90,37,40,0.055,0.3,0.8,20,151.46242741109893
392.9240582922701,37.65849505834558,17.106067817058474,441,0.38494649306974427,57.49999999999999,7948.4290198453955,144.38938215461158,84,402,49,83,40,30,0.07,0.4,0.6,20,151.38715013454922
384.50067339699234,37.18392431505584,25.049801657238756,441,0.41271687438967036,61.66666666666667,7767.738097939849,145.5689215601606,57,407,62,56,60,30,0.045,0.6,1.0,25,151.33857196227729
394.02560170135274,37.72007517174379,30.71433614052036,441,0.36668295670403706,66.15384615384615,7957.61660202706,142.9449964729424,32,401,70,31,65,30,0.045,0.6,1.2,35,151.25750143869257
400.6226300468942,38.086591446148255,21.948521190938823,426,0.3861401587949209,69.56521739130434,8091.852898937869,142.50342206213398,78,397,65,77,46,30,0.07,0.6,0.6,22,151.20376804120858
362.416798071315,35.90763075202976,24.661489121768636,426,0.37831707339716175,72.72727272727273,7336.008087426297,150.34828907370348,41,421,59,40,77,40,0.035,0.4,1.0,28,151.17112546604528
394.86048659415536,37.766675041861134,15.686095908156494,441,0.3875681422696795,57.49999999999999,7987.157585883101,143.65829611690458,83,400,48,82,40,30,0.055,0.4,0.6,20,151.06670016744454
379.8321400531168,36.918052377602436,25.38744502717102,441,0.3757872639942966,66.66666666666666,7684.730469062335,146.1018074376703,41,409,47,40,72,40,0.035,0.3,1.2,28,150.99483422439397
379.8321400531168,36.918052377602436,25.38744502717102,441,0.3757872639942966,66.66666666666666,7684.730469062335,146.1018074376703,41,409,47,40,72,40,0.035,0.25,1.2,28,150.99483422439397
402.5590583487795,38.19344166065504,21.647785700634987,426,0.38875966376999926,69.56521739130434,8130.581464975577,141.772336024427,77,395,64,76,46,30,0.055,0.6,0.6,22,150.86409455958741
401.49840044832024,38.13495645856253,21.891259790531862,426,0.38512318591837136,65.45454545454545,8112.824152966416,141.3174180335964,57,395,65,56,55,25,0.055,0.5,0.6,22,150.633078011322
399.7463695164067,38.03813160556781,22.365122013126744,441,0.381691742997862,60.78431372549019,8083.375094328146,141.6508176718644,57,396,46,56,51,25,0.055,0.4,0.8,22,150.63100115804855
401.41335794832037,38.13026289109509,21.891259790531862,426,0.3850990981288815,65.45454545454545,8111.123302966415,141.3174180335964,57,395,66,56,55,25,0.07,0.5,0.6,22,150.61453841982564
399.6613270164068,38.03342488354513,22.365122013126744,441,0.381668195427579,60.78431372549019,8081.6742443281455,141.6508176718644,57,396,45,56,51,25,0.07,0.4,0.8,22,150.6123625388387
350.08559683857584,35.1736244422421,21.182804998408326,441,0.3728213510709141,65.27777777777779,7081.112234771518,152.287176728483,25,428,154,24,72,25,0.035,0.6,0.6,35,150.5431126127962
362.67657967818604,35.92292487812361,24.742880531033652,441,0.3966030706545068,67.1875,7331.256223563713,149.7241654362872,49,419,73,48,64,40,0.045,0.6,1.0,28,150.51705523933794
377.07273677328243,36.75993085761515,21.942134909485592,426,0.3881037923526826,62.22222222222222,7628.562305465646,146.90764303436399,84,409,24,83,45,40,0.055,0.4,1.2,22,150.34811720764597
396.5160668555908,37.85889715056785,21.301280538360125,426,0.3924028481607333,67.3076923076923,8013.177481111825,142.3309813881856,69,397,59,68,52,30,0.045,0.5,0.6,22,150.29982168775436
371.92500424813636,36.46298616826462,22.258044478917856,426,0.3842635966297095,62.22222222222222,7525.607654962725,147.636943537285,85,411,24,84,45,40,0.07,0.4,1.2,22,149.8628731515676
397.9728230229307,37.93984085168167,23.465167910244784,441,0.3837441493715679,62.903225806451616,8038.856758458616,141.05039804139219,45,395,101,44,62,30,0.035,0.6,0.6,25,149.8623713641426
380.96552485891243,36.98278788571465,25.38744502717102,441,0.3760980022605508,66.19718309859155,7706.418067178244,144.644846821762,41,405,47,40,71,40,0.035,0.4,1.2,28,149.78029093714431
390.7117395453097,37.53448555028962,20.146841538952668,441,0.38735511264450173,69.38775510204081,7902.887014906206,143.14129009380318,75,399,34,74,49,40,0.045,0.3,1.0,22,149.7625973456556
390.7117395453097,37.53448555028962,20.146841538952668,441,0.38735511264450173,69.38775510204081,7902.887014906206,143.14129009380318,75,399,34,74,49,40,0.045,0.25,1.0,22,149.7625973456556
384.0189659755925,37.15658620808866,22.4207649945385,441,0.3975217701432148,63.63636363636363,7765.451185511852,143.994748988156,47,403,71,46,66,30,0.035,0.5,0.8,25,149.74104241859732
332.0967494504954,34.073460697826576,20.6643609191894,441,0.3781886968646922,69.44444444444444,6727.006855009913,156.2233944900896,28,439,106,27,72,25,0.035,0.5,0.8,35,149.58249246345866
353.1485256088751,35.35743008521168,27.037047768439677,441,0.38226642594672067,60.60606060606061,7325.0557711775045,150.69767482249858,36,423,83,35,66,25,0.07,0.6,1.0,28,149.56192926044542
384.6212825654281,37.19076578613569,14.754370962690189,441,0.390755739877535,55.55555555555556,7780.873355308563,144.5728821914476,92,402,32,91,36,40,0.07,0.4,0.8,20,149.50687846026545
411.9986522204886,38.70964395949912,23.604284079531926,441,0.3985568369232025,66.15384615384615,8321.92909840977,137.68488059023318,35,386,52,34,65,25,0.045,0.5,1.2,28,149.41922568366658
405.7973758495299,38.37139547634254,20.741092274712518,426,0.38782254201246524,63.63636363636363,8205.895370990595,139.0661600094112,52,389,60,51,55,25,0.045,0.4,0.6,22,149.26472840297248
332.0997432682777,34.07364681632359,24.74394858033865,441,0.3905028967911814,63.63636363636363,6904.080124365556,155.88648813444388,32,438,90,31,66,25,0.055,0.6,1.0,35,149.2425730554973
386.55771086731335,37.30042235602908,14.546509551627365,441,0.3935372871672174,55.55555555555556,7819.601921346269,143.8417961537406,91,400,33,90,36,40,0.055,0.4,0.8,20,149.20168942411632
309.6217721508465,32.646243294856745,23.38235324435703,441,0.3893678458328418,66.12903225806451,6463.332584016932,162.551096983069,31,457,133,30,62,25,0.055,0.6,0.8,35,149.19333185749534
309.53672965084655,32.64072522047776,23.38235324435703,441,0.3893292056714931,66.12903225806451,6461.631734016931,162.551096983069,31,457,134,30,62,25,0.07,0.6,0.8,35,149.16811425758337
392.897631349291,37.65701634907703,29.819213495014147,426,0.3658555279598925,70.1492537313433,7946.604850985827,141.3834995141728,33,396,62,32,67,30,0.035,0.3,1.0,28,149.12178474234506
392.897631349291,37.65701634907703,29.819213495014147,426,0.3658555279598925,70.1492537313433,7946.604850985827,141.3834995141728,33,396,62,32,67,30,0.035,0.25,1.0,28,149.12178474234506
375.92871732429995,36.694160829611654,23.29698444270828,426,0.3855746967370212,62.5,7606.662014485999,145.68314901401268,77,406,24,76,48,30,0.055,0.3,1.2,22,148.97829296822331
406.17752536081895,38.39222586030262,21.665691196702245,441,0.3895025968803398,65.95744680851064,8205.611071216385,139.3198442836217,77,388,36,76,47,30,0.055,0.5,1.0,22,148.96183633797415
375.7409306045071,36.68335283776951,26.07143069605522,441,0.3960723456304495,59.67741935483871,7771.79183009015,144.7886294098579,42,406,69,41,62,25,0.055,0.6,1.0,25,148.9344125213442
380.3775913008887,36.949222146127944,23.070351755728602,426,0.3905290932339006,62.121212121212125,7689.612390017783,144.1355829822252,53,403,54,52,66,40,0.035,0.5,1.0,25,148.90536524889563
391.3911464974238,37.57261657039142,31.031155553717333,426,0.36398774604715584,61.53846153846154,7917.950801948469,141.1620465515272,32,396,125,31,52,30,0.035,0.3,0.6,28,148.78756161875
391.3911464974238,37.57261657039142,31.031155553717333,426,0.36398774604715584,61.53846153846154,7917.950801948469,141.1620465515272,32,396,125,31,52,30,0.035,0.25,0.6,28,148.78756161875
374.8656402564242,36.63293078667624,20.6643609191894,441,0.3939186860540083,71.01449275362319,7582.384671128488,144.6883708715169,30,406,88,29,69,25,0.035,0.5,0.8,28,148.72969899390552
376.02282328836264,36.69957577929166,23.317901308515044,426,0.38547066485369247,63.829787234042556,7608.544133767251,145.3225657327601,77,405,24,76,47,30,0.055,0.25,1.2,22,148.63328190613123
401.0297928356729,38.109085694737274,21.967177382023976,441,0.3859165920758548,65.95744680851064,8102.656420713465,140.04914478654268,78,390,36,77,47,30,0.07,0.5,1.0,22,148.62543420947537
399.0481725053084,37.99947055111763,21.98159068403319,441,0.37954384413304243,69.23076923076923,8069.615674106179,139.85012039382949,57,391,36,56,52,25,0.055,0.25,1.0,22,148.57792985486995
370.7809847991542,36.39664239230513,23.632684398683445,426,0.38178679897321066,62.5,7503.707363983077,146.4124495169337,78,408,24,77,48,30,0.07,0.3,1.2,22,148.49830096060495
399.4349962118772,38.02089536400417,21.914364753074857,441,0.3800569865908859,69.23076923076923,8077.3521482375545,139.49806526245348,57,390,36,56,52,25,0.055,0.3,1.0,22,148.28149191961626
404.46112231878664,38.29807565596353,21.06380101419126,426,0.3848349703698531,64.81481481481481,8179.350318375734,138.3554021242719,52,387,60,51,54,25,0.045,0.25,0.6,22,148.21355278857885
404.46112231878664,38.29807565596353,21.06380101419126,426,0.3848349703698531,64.81481481481481,8179.350318375734,138.3554021242719,52,387,60,51,54,25,0.045,0.3,0.6,22,148.21355278857885
370.87509076321675,36.40210463212501,23.6542086929112,426,0.38168570974901667,63.829787234042556,7505.58948326433,146.0518662356811,78,407,24,77,47,30,0.07,0.25,1.2,22,148.1565658527488
394.1872513075198,37.72910270699295,29.819213495014147,426,0.3661521734395248,69.6969696969697,7971.417152150401,139.9456338495975,33,392,62,32,66,30,0.035,0.4,1.0,28,147.89808261141235
395.7518257820478,37.81635662438858,21.98159068403319,441,0.3786044657107295,69.23076923076923,8003.688739640965,139.8483348590435,57,391,36,56,52,25,0.07,0.25,1.0,22,147.86195440135936
397.3411166788218,37.90476378586411,30.69610720975752,426,0.36589420427721314,65.38461538461539,8029.678477576434,139.0794169235692,32,390,125,31,52,30,0.035,0.5,0.6,28,147.82857876487003
391.6644160739384,37.58794165805001,31.031155553717333,426,0.36404816692226977,60.78431372549019,7923.236175478761,140.09815002123918,32,393,125,31,51,30,0.035,0.4,0.6,28,147.72061071613655
381.47674460176887,37.01194729636694,23.91627532660462,441,0.41288665346822856,65.15151515151516,7708.895186035379,142.34007146462469,35,399,96,34,66,25,0.045,0.6,0.8,28,147.6776697125041
381.1741813632975,36.99469241477071,17.56109743654917,441,0.38616995256405073,60.0,7713.611499265953,143.3421642340549,84,399,49,83,40,30,0.07,0.25,0.6,20,147.60882273493513
396.1386494886165,37.83789523252099,21.914364753074857,441,0.3791147535875639,69.23076923076923,8011.425213772341,139.49627972766748,57,390,36,56,52,25,0.07,0.3,1.0,22,147.56779140683187
383.1106096651828,37.10497545500928,16.13989469647334,441,0.3888901809769919,60.0,7752.340065303659,142.6110781963479,83,397,48,82,40,30,0.055,0.25,0.6,20,147.30675255638687
405.52990622994,38.35673191005464,30.160979746278304,441,0.36545421473058537,63.63636363636363,8198.685792598806,137.0772384012003,33,384,50,32,66,30,0.035,0.25,1.2,28,147.28985053460983
405.52990622994,38.35673191005464,30.160979746278304,441,0.36545421473058537,63.63636363636363,8198.685792598806,137.0772384012003,33,384,50,32,66,30,0.035,0.3,1.2,28,147.28985053460983
387.82830844318096,37.37218461813405,14.41081516846053,426,0.3932508951557186,57.89473684210527,7839.422312863629,141.7553391363837,92,394,49,91,38,40,0.07,0.5,0.6,20,147.24640739544816
378.9791354296667,36.86925064711664,25.40547680189037,441,0.3739366463843518,76.27118644067797,7658.983006593326,142.3722389066783,40,399,120,39,59,40,0.035,0.6,0.6,28,147.1083100819954
389.7647367450662,37.48126549293072,14.209264771416894,426,0.39606675861954155,57.89473684210527,7878.150878901334,141.0242530986767,91,392,48,90,38,40,0.055,0.5,0.6,20,146.9265607322884
371.7690938649108,36.45395221477161,21.69601582651397,426,0.38700133702014833,71.7948717948718,7524.034101298228,143.7463902017762,30,403,59,29,78,25,0.035,0.25,1.0,28,146.9094274255296
371.7690938649108,36.45395221477161,21.69601582651397,426,0.38700133702014833,71.7948717948718,7524.034101298228,143.7463902017762,30,403,59,29,78,25,0.035,0.3,1.0,28,146.9094274255296
369.34961967485805,36.3134531183193,26.07143069605522,441,0.39377549391152983,59.67741935483871,7643.9656114971685,144.0535280028399,41,404,70,40,62,25,0.07,0.6,1.0,25,146.70635059800998
325.07881584731933,33.63431025910586,24.74394858033865,441,0.3875562610318297,63.63636363636363,6763.661575946383,155.1502125536155,31,436,92,30,66,25,0.07,0.6,1.0,35,146.64559272970155
375.09401180047723,36.64609353843746,24.49445742669636,441,0.39979233399521286,64.61538461538461,7578.984804009541,142.9720194904647,49,400,56,48,65,40,0.045,0.6,1.2,28,146.58437415374985
363.6701610089077,35.981356724125035,24.526011611371505,426,0.37854132720265093,69.86301369863014,7355.463784178158,145.403638821845,41,407,59,40,73,40,0.035,0.5,1.0,28,146.4441218671889
403.0187599795132,38.21875918016953,21.690589772753526,426,0.3823834301060459,68.0,8148.047325590274,137.01823340973718,57,383,36,56,50,25,0.055,0.4,1.0,22,146.3778476600493
382.19029091453234,37.05260582552297,17.151545499927295,441,0.3873933915248233,56.75675675675676,7735.489346290645,141.8937382093615,84,395,32,83,37,30,0.07,0.25,0.8,20,146.35779301081573
382.638582162256,37.07812527367549,16.813085498048203,441,0.3880440628017023,56.75675675675676,7744.455171245118,141.54171725488848,84,394,32,83,37,30,0.07,0.3,0.8,20,146.0878135782814
384.1267192164176,37.16270336374772,15.734018599073435,441,0.3901309568993706,56.75675675675676,7774.217912328351,141.16265217165449,83,393,33,82,37,30,0.055,0.25,0.8,20,146.04942421952853
383.97950158145176,37.154345540451075,29.890300841240215,560,0.360591751123808,69.01408450704226,7768.242255629041,140.1865588709588,27,393,64,26,71,30,0.035,0.3,1.0,35,146.01657797397274
383.97950158145176,37.154345540451075,29.890300841240215,560,0.360591751123808,69.01408450704226,7768.242255629041,140.1865588709588,27,393,64,26,71,30,0.035,0.25,1.0,35,146.01657797397274
406.1995328533806,38.39343138304132,30.160979746278304,441,0.3656012455106318,63.07692307692307,8211.098227067616,135.627915432392,33,380,50,32,65,30,0.035,0.4,1.2,28,145.895039255557
384.57501046414126,37.18814119440892,15.395640001137012,441,0.39079059283256784,56.75675675675676,7783.183737282824,140.81063121718148,83,392,33,82,37,30,0.055,0.3,0.8,20,145.77751348208298
407.30080839491916,38.45370341705372,20.87754368343913,441,0.39190105949027393,65.625,8225.416465898385,135.0719501016217,32,379,100,31,64,25,0.035,0.6,0.6,25,145.73953595063358
399.72241325625254,38.03680579851465,21.690589772753526,426,0.3814357271766004,68.0,8082.12039112506,137.01644787495118,57,383,36,56,50,25,0.07,0.4,1.0,22,145.6809662083111
392.65607391588566,37.64349715828275,21.13327707504376,441,0.3880876047062424,69.38775510204081,7941.773702317722,138.7518546822875,69,387,34,68,49,30,0.045,0.3,1.0,22,145.68033400255425
392.65607391588566,37.64349715828275,21.13327707504376,441,0.3880876047062424,69.38775510204081,7941.773702317722,138.7518546822875,69,387,34,68,49,30,0.045,0.25,1.0,22,145.68033400255425
384.03737192198844,37.15763119149318,21.31838294804825,426,0.39366491225747796,63.74999999999999,7768.419564439781,139.8129970602224,33,392,54,32,80,25,0.035,0.4,1.0,25,145.65791427065327
379.04712799038214,36.87314315588994,23.06148739558472,426,0.388066173935139,62.22222222222222,7668.05012980764,141.78599569236928,77,395,24,76,45,30,0.055,0.4,1.2,22,145.64891546576527
366.30602040546074,36.13588613497147,29.52947866025328,441,0.35889937922526105,67.27272727272727,7405.480702109213,143.5025133907891,28,403,115,27,55,40,0.035,0.6,0.8,35,145.62762112393503
373.0786805254399,36.52975985120857,21.69601582651397,426,0.3874120072386255,70.12987012987013,7549.245736508805,141.9555324911967,30,398,59,29,77,25,0.035,0.4,1.0,28,145.3884442078101
381.0987195255342,36.99038754921615,20.070203501984338,426,0.39088660469790193,68.08510638297872,7709.646516510696,141.0044694893162,75,393,34,74,47,40,0.045,0.4,1.0,22,145.3722230684195
382.67588946605326,37.08024817651345,21.31838294804825,426,0.393223385809983,63.29113924050633,7742.170013321082,139.8056171789232,33,392,54,32,79,25,0.035,0.3,1.0,25,145.35457285193272
382.67588946605326,37.08024817651345,21.31838294804825,426,0.393223385809983,63.29113924050633,7742.170013321082,139.8056171789232,33,392,54,32,79,25,0.035,0.25,1.0,25,145.35457285193272
373.8993954652363,36.577182828416376,23.390386915628223,426,0.38423191128989753,62.22222222222222,7565.095479304719,142.5152961952903,78,397,24,77,45,30,0.07,0.4,1.2,22,145.21141582881302
370.70624403843686,36.392303554604744,29.81913186805961,560,0.35934757786695376,66.66666666666666,7502.777104768743,142.32973223125978,29,399,64,28,75,40,0.035,0.25,1.0,35,145.20529118287294
370.70624403843686,36.392303554604744,29.81913186805961,560,0.35934757786695376,66.66666666666666,7502.777104768743,142.32973223125978,29,399,64,28,75,40,0.035,0.3,1.0,35,145.20529118287294
351.0141391602484,35.22945142694014,24.485404755584593,441,0.38873026598286464,66.15384615384615,7099.643077204965,147.0739687950366,41,412,88,40,65,40,0.035,0.6,0.8,28,145.14533987899338
371.93161131395317,36.463368950381806,14.588531337217495,441,0.3925205805937527,62.16216216216216,7527.284450279071,143.1516352209398,92,398,26,91,37,40,0.07,0.25,1.0,20,145.1242084225196
388.31593372222915,37.3996855921223,20.059444184336705,441,0.39641305311884356,67.3469387755102,7851.390540444596,139.29823605541148,75,388,42,74,49,40,0.045,0.5,0.8,22,145.11078009743454
394.88661877199974,37.76813261847276,23.50083625689328,356,0.4216344792983376,63.934426229508205,7977.092669439996,137.039952560011,40,384,80,39,61,25,0.045,0.6,0.8,25,145.0296292549354
385.5664178090219,37.244330838337625,29.890300841240215,560,0.36095992674939226,67.14285714285714,7799.000482180447,138.72474731955458,27,389,64,26,70,30,0.035,0.4,1.0,35,144.88044696113337
372.3799025616769,36.48933081951644,14.246069181483897,441,0.3932074926086932,62.16216216216216,7536.250275233545,142.7996142664668,92,397,26,91,37,40,0.07,0.3,1.0,20,144.86264335348028
373.8680396158385,36.57537221551426,14.077043156258112,441,0.39540981440710476,62.16216216216216,7566.013016316778,142.4205491832328,91,396,26,90,37,40,0.055,0.25,1.0,20,144.83847397343646
391.08399677368743,37.5553833311147,21.26696574315212,441,0.3904318485841848,59.67741935483871,7909.767603473751,137.7254470262549,53,385,38,52,62,40,0.035,0.25,1.2,25,144.58822582479158
391.08399677368743,37.5553833311147,21.26696574315212,441,0.3904318485841848,59.67741935483871,7909.767603473751,137.7254470262549,53,385,38,52,62,40,0.035,0.3,1.2,25,144.58822582479158
374.31633086356214,36.601249254744125,13.907972386798036,441,0.396105777333276,62.16216216216216,7574.9788412712505,142.0685282287598,91,395,26,90,37,40,0.055,0.3,1.0,20,144.5749345562393
387.165943248333,37.33479347351896,29.97598637149138,560,0.3618104493507756,62.16216216216216,7831.406532966664,138.02186603333888,27,387,52,26,74,30,0.035,0.25,1.2,35,144.48565074251837
387.165943248333,37.33479347351896,29.97598637149138,560,0.3618104493507756,62.16216216216216,7831.406532966664,138.02186603333888,27,387,52,26,74,30,0.035,0.3,1.2,35,144.48565074251837
387.9682049999137,37.38007671846422,28.01745524278094,560,0.3631824936026046,63.1578947368421,7847.451767998274,137.71339950172728,29,386,51,28,76,40,0.035,0.25,1.2,35,144.28709613327186
387.9682049999137,37.38007671846422,28.01745524278094,560,0.3631824936026046,63.1578947368421,7847.451767998274,137.71339950172728,29,386,51,28,76,40,0.035,0.3,1.2,35,144.28709613327186
384.44384759540173,37.18070043904533,25.037477663003653,441,0.3776730031633915,66.66666666666666,7770.833005908033,138.62168359197088,41,388,47,40,69,40,0.035,0.5,1.2,28,144.26111770349587
399.81456511958464,38.04190546449679,19.361475283577814,426,0.3939452418973978,68.08510638297872,8075.691600391686,136.08924810831968,75,379,59,74,47,40,0.045,0.6,0.6,22,144.17882171044283
381.8977906862591,37.0359447145022,23.24400503892025,426,0.3911920026959704,62.121212121212125,7720.016377725188,139.0136452748183,46,389,54,45,66,30,0.035,0.5,1.0,25,144.06982493941356
385.7660705672782,37.25563538775567,15.8084116404761,441,0.39047249668949696,55.55555555555556,7803.769115345562,138.7188831544461,84,386,32,83,36,30,0.07,0.4,0.8,20,143.80675259673689
399.75357891513397,38.03853058409339,13.833381558384078,426,0.4002653372927432,57.89473684210527,8085.019432302682,135.884103697326,82,378,44,81,38,40,0.045,0.4,0.6,20,143.785645607873
392.0940516924368,37.61202206100877,21.26696574315212,441,0.39073922338951544,59.67741935483871,7928.988603848736,136.66846765127008,53,382,38,52,62,40,0.035,0.4,1.2,25,143.6779242730535
381.32455757206503,37.00326930503546,24.521530222169563,356,0.39394768282184656,63.49206349206349,7886.594210441306,138.3799730586977,37,388,59,36,63,25,0.055,0.6,1.2,28,143.57268490353758
387.70249886916343,37.36508567266637,14.850861599360183,441,0.39325348253160924,55.55555555555556,7842.497681383267,137.9877971167391,83,384,33,82,36,30,0.055,0.4,0.8,20,143.48192898303884
389.3023128478745,37.455248095988125,20.307559508484886,441,0.40153172853235863,64.17910447761194,7871.1181229575,136.6013140425061,34,383,71,33,67,25,0.035,0.5,0.8,25,143.4536002076345
369.0039193531608,36.293331008182705,24.336303772244612,441,0.38039776139339976,65.15151515151516,7462.034441063214,140.737266936788,31,395,59,30,66,25,0.045,0.5,1.2,35,143.3586574823217
314.1798452515084,32.94066723648217,24.446533324631446,441,0.38154478272356784,62.68656716417911,6362.957199030167,154.86792096983618,32,435,119,31,67,25,0.045,0.6,0.8,35,143.29190247869744
389.68624481234974,37.47685067886466,21.990819167788477,441,0.4163583581982736,59.64912280701754,7870.829464247,136.9009972530079,64,382,45,63,57,40,0.045,0.6,1.2,25,143.16156959326298
372.4991791682769,36.496235161319504,29.81913186805961,560,0.35977573318364137,68.4931506849315,7537.655709365543,139.8276766344568,29,392,64,28,73,40,0.035,0.4,1.0,35,143.06524183237246
399.55431494445776,38.02750133370098,13.88315124222065,426,0.3996252245826298,60.526315789473685,8081.214170889168,135.181218110841,82,376,44,81,38,40,0.045,0.3,0.6,20,142.9834050147157
399.55431494445776,38.02750133370098,13.88315124222065,426,0.3996252245826298,60.526315789473685,8081.214170889168,135.181218110841,82,376,44,81,38,40,0.045,0.25,0.6,20,142.9834050147157
397.3328053248237,37.904302039864504,20.979728747797594,441,0.3900684625848225,66.66666666666666,8038.33963449648,134.8217660035245,52,377,42,51,51,25,0.045,0.3,0.8,22,142.8992186902892
397.3328053248237,37.904302039864504,20.979728747797594,441,0.3900684625848225,66.66666666666666,8038.33963449648,134.8217660035245,52,377,42,51,51,25,0.045,0.25,0.8,22,142.8992186902892
375.62032772463596,36.67640978664224,14.003131610695144,441,0.3954514648385819,58.333333333333336,7600.078680492724,139.9752105072879,92,389,26,91,36,40,0.07,0.4,1.0,20,142.6712340700383
395.91467395118497,37.82542575898242,29.771614250177826,426,0.36629387775065053,66.66666666666666,8000.354043023705,134.60092847629699,33,377,62,32,63,30,0.035,0.5,1.0,28,142.60185511136373
347.55265959042345,35.02086634891035,21.69601582651397,560,0.3786748796571437,70.37037037037037,7039.705415808468,145.0830651915363,27,407,63,26,81,25,0.035,0.3,1.0,35,142.53492604006516
347.55265959042345,35.02086634891035,21.69601582651397,560,0.3786748796571437,70.37037037037037,7039.705415808468,145.0830651915363,27,407,63,26,81,25,0.035,0.25,1.0,35,142.53492604006516
404.3128890972901,38.28993257847084,29.48484425502177,441,0.3687060107584412,64.70588235294117,8165.618075945799,132.68613755420338,32,372,93,31,51,30,0.035,0.6,0.8,28,142.43854919191153
388.04511544560813,37.38441476041032,29.97598637149138,560,0.36198368874621,59.45945945945946,7848.0098789121585,135.81980808784328,27,381,52,26,74,30,0.035,0.4,1.2,35,142.43462023716333
377.55675602652116,36.78771931060509,13.806189711383594,441,0.39838159273740664,58.333333333333336,7638.80724653043,139.2441244695809,91,387,26,90,36,40,0.055,0.4,1.0,20,142.3684737320417
423.16160469194324,39.31035725263716,22.949840853100405,441,0.40696679031968647,60.0,8545.18814783886,129.21852716114,39,362,45,38,60,25,0.045,0.5,1.2,25,142.30349325454654
388.88148662258425,37.43155401866429,28.01745524278094,560,0.36338815494699045,64.38356164383562,7864.737302451685,135.2113130483167,29,379,51,28,73,40,0.035,0.4,1.2,35,141.86558973073767
356.4404114966693,35.553871069082746,22.211925526023077,356,0.40386673697004866,63.49206349206349,7388.911288933395,142.0822505666099,32,399,66,31,63,25,0.07,0.6,1.2,35,141.85994556564017
374.6180306986107,36.618653484269934,24.80016371958413,441,0.40487086966297575,60.9375,7570.085243972221,138.0091350277834,35,387,72,34,64,25,0.045,0.6,1.0,28,141.71418898412466
400.261606952691,38.06663400631465,19.44712612780193,441,0.39352635805681907,68.75,8087.292703053834,133.63486844617628,75,372,34,74,48,40,0.045,0.5,1.0,22,141.6078785034905
388.99159670045054,37.43775519936079,15.475414578351382,441,0.39296979459835846,57.89473684210527,7862.688078009018,135.90134399099298,84,378,49,83,38,30,0.07,0.5,0.6,20,141.51471465358375
375.1671231404685,36.650306419944556,24.521530222169563,356,0.3918198677986436,63.49206349206349,7763.445521809375,137.64500169062768,36,386,59,35,63,25,0.07,0.6,1.2,28,141.470182780986
383.04305389611017,37.101133989652865,21.054008714150314,426,0.3916718543721731,68.08510638297872,7748.53320392221,136.6150340778005,69,381,34,68,47,30,0.045,0.4,1.0,22,141.35532050057742
358.55938930177956,35.679721058999945,22.211925526023077,356,0.40472374623795665,62.903225806451616,7431.2908450356035,141.0202754644023,32,396,67,31,62,25,0.055,0.6,1.2,35,141.29169539363977
390.92802500233586,37.54662892828669,14.511050282006943,426,0.395785236950147,57.89473684210527,7901.416644046724,135.17025795328598,83,376,48,82,38,30,0.055,0.5,0.6,20,141.17532477035795
371.9275591184678,36.46313418586564,21.678816897795496,441,0.39609250346785707,64.44444444444444,7520.5072363693625,139.18371713064778,84,387,24,83,45,40,0.055,0.5,1.2,22,141.11232929930003
390.5068663185133,37.52297896580925,21.244021010361056,441,0.38447648362122944,68.25396825396825,7889.537624370268,134.00041762973788,29,376,116,28,63,25,0.035,0.6,0.6,28,141.08640091144278
399.53196499385,38.026264045692095,20.889363314280363,441,0.39132439135710373,66.66666666666666,8079.087003877009,132.711416122999,52,371,42,51,51,25,0.045,0.4,0.8,22,141.07743960951768
390.24576721229795,37.50830891660557,21.028267596596706,441,0.39721300974522694,67.3469387755102,7889.987210245969,134.9087992540348,69,376,42,68,49,30,0.045,0.5,0.8,22,141.03124152643693
402.78505252369143,38.205890333652114,23.975510663106174,356,0.40092570579598313,57.6271186440678,8330.667068473835,131.7131030261709,42,369,51,41,59,25,0.055,0.6,1.2,25,140.9797353311763
366.77982659332196,36.163589308516485,21.984757262269937,441,0.3919541939769821,64.44444444444444,7417.552585866442,139.91301763356878,85,389,24,84,45,40,0.07,0.5,1.2,22,140.67636241012914
382.80678577839626,37.087695550437495,20.955035030056496,441,0.393995981199633,63.63636363636363,7733.860345567931,136.3596414320769,84,379,36,83,44,40,0.055,0.6,1.0,22,140.56236613615812
374.0490374005269,36.58582243655199,14.899841192200505,426,0.39290018070307986,57.57575757575758,7569.068416010533,138.275698489478,92,384,19,91,33,40,0.07,0.25,1.2,20,140.48955815635964
375.98546570241217,36.69742628954032,14.689394327113206,426,0.39579999138556005,57.57575757575758,7607.7969820482385,137.544612451771,91,382,19,90,33,40,0.055,0.25,1.2,20,140.184168426044
377.6590532532504,36.79358950304794,21.249666123746717,441,0.3900440816042108,63.63636363636363,7630.90569506501,137.0889419349979,85,381,36,84,44,40,0.07,0.6,1.0,22,140.18357600661264
410.07571292802527,38.605109350143586,29.808116539816666,441,0.3669682050895852,62.903225806451616,8283.470312560503,129.60752343950088,33,363,50,32,62,30,0.035,0.5,1.2,28,140.1365469410212
401.75239929575497,38.14897108149133,20.338905679757907,426,0.3946989635064982,68.08510638297872,8114.448283915088,131.69981158491518,69,367,59,68,47,30,0.045,0.6,0.6,22,140.0067238690732
374.74050852760513,36.62571636705654,21.54631664481638,426,0.3879030294495477,65.75342465753424,7576.87073455211,136.2523229478926,30,382,59,29,73,25,0.035,0.5,1.0,28,139.91023652215597
348.76708584654534,35.09419282134565,21.69601582651397,426,0.3790878381155364,71.7948717948718,7063.013842930911,141.8937200690917,27,398,63,26,78,25,0.035,0.4,1.0,35,139.67488742895569
392.6071962312606,37.64076098709366,21.449399305908766,441,0.3910738856800996,59.67741935483871,7940.231592625211,132.6035098747924,46,371,38,45,62,30,0.035,0.3,1.2,25,139.64722326211748
392.6071962312606,37.64076098709366,21.449399305908766,441,0.3910738856800996,59.67741935483871,7940.231592625211,132.6035098747924,46,371,38,45,62,30,0.035,0.25,1.2,25,139.64722326211748
401.7704577025444,38.14996725487829,20.48640860551608,426,0.39466873232557337,67.3076923076923,8118.2652980508965,130.9439199491136,52,366,60,51,52,25,0.045,0.5,0.6,22,139.62888015285455
380.1093423785345,36.93389662129354,14.007779626396566,441,0.39912069134475686,55.88235294117647,7687.2587135707,136.086753929311,92,378,32,91,34,40,0.07,0.5,0.8,20,139.61012922848957
373.07639931580326,36.529627945515465,16.24020981863515,441,0.392244966253389,62.16216216216216,7550.180210316072,137.2976361839383,84,382,26,83,37,30,0.07,0.25,1.0,20,139.54317875186908
374.2884563932101,36.599640806918465,15.003854875533237,426,0.3929619646041715,56.25,7573.856795864198,137.2120231358121,92,381,19,91,32,40,0.07,0.3,1.2,20,139.44463147435937
372.35835672773527,36.488083487480736,20.801317737711802,441,0.3919392702153216,64.44444444444444,7535.254802554704,137.1722394453064,75,382,22,74,45,40,0.045,0.3,1.2,22,139.3844789221764
372.35835672773527,36.488083487480736,20.801317737711802,441,0.3919392702153216,64.44444444444444,7535.254802554704,137.1722394453064,75,382,22,74,45,40,0.045,0.25,1.2,22,139.3844789221764
382.0457706804198,37.04437481612921,13.813784103557,441,0.4021009181019881,55.88235294117647,7725.987279608407,135.35566789160399,91,376,33,90,34,40,0.055,0.5,0.8,20,139.28684930864583
373.5246905635269,36.55553958897513,15.902683543419768,441,0.3929320050003753,62.16216216216216,7559.1460352705435,136.9456152294653,84,381,26,83,37,30,0.07,0.3,1.0,20,139.27660583399523
375.0128276176885,36.64141486948414,14.826375115195056,441,0.3951342920392253,62.16216216216216,7588.908776353777,136.5665501462313,83,380,26,82,37,30,0.055,0.25,1.0,20,139.2373765040397
376.22488469509534,36.71119969963264,14.79217215495536,426,0.39586307560731837,56.25,7612.585361901904,136.4809370981051,91,379,19,90,32,40,0.055,0.3,1.2,20,139.1354468616077
389.7610779218391,37.48105971334474,19.779367684519915,441,0.3884338868488895,67.14285714285714,7883.30922643679,132.35775456321429,30,371,44,29,70,25,0.035,0.25,1.2,28,139.054731536509
389.7610779218391,37.48105971334474,19.779367684519915,441,0.3884338868488895,67.14285714285714,7883.30922643679,132.35775456321429,30,371,44,29,70,25,0.035,0.3,1.2,28,139.054731536509
394.91692371078256,37.769822862441416,16.77058461825282,441,0.3795898721760645,56.09756097560976,7988.4663462156595,131.8560872843487,63,368,49,62,41,25,0.055,0.25,0.6,20,138.9929481337844
394.8318812107826,37.765079446499385,16.77058461825282,441,0.3795659488499333,56.09756097560976,7986.76549621566,131.8560872843487,63,368,50,62,41,25,0.07,0.25,0.6,20,138.97549236311775
375.46111886541223,36.667242051183614,14.488929820425037,441,0.3958304173460075,62.16216216216216,7597.87460130825,136.2145291917583,83,379,26,82,37,30,0.055,0.3,1.0,20,138.9688473739859
396.39374159404224,37.85209158870837,23.975510663106174,356,0.3988005369396047,57.6271186440678,8202.840849880851,130.9780016191529,41,367,52,40,59,25,0.07,0.6,1.2,25,138.9171761305597
388.90010415126824,37.432602599318976,24.200813990774208,441,0.41497706102068865,59.01639344262295,7855.726713025375,132.399821974634,39,371,62,38,61,25,0.045,0.6,1.0,25,138.8749556434734
403.3639685269187,38.23775896889971,29.853179269459435,441,0.3675512212245952,68.88888888888889,8146.67966853837,129.4460384616289,32,363,125,31,45,30,0.035,0.6,0.6,28,138.80306505710595
395.8318496796117,37.820813511879294,15.902960078292724,441,0.38111145759807435,57.49999999999999,8006.584847592233,131.4971049077725,63,367,49,62,40,25,0.055,0.4,0.6,20,138.80238558859702
395.74680717961184,37.81607709688299,15.902960078292724,441,0.3810872911524797,57.49999999999999,8004.883997592234,131.4971049077725,63,367,50,62,40,25,0.07,0.4,0.6,20,138.7850029455606
393.61725115001,37.69725977252949,21.449399305908766,441,0.3913812260209769,59.67741935483871,7959.452593000196,131.5465304998076,46,368,38,45,62,30,0.035,0.4,1.2,25,138.72591596290854
395.34386502357313,37.79362652541809,16.56102818914143,441,0.3799953008687493,57.49999999999999,7997.005172471469,131.4968710285379,63,367,49,62,40,25,0.055,0.3,0.6,20,138.7026093482844
400.87680921198097,38.100635626340406,14.049282318019587,426,0.40080473618324086,57.89473684210527,8107.48403823962,130.7623207603865,75,364,44,74,38,30,0.045,0.4,0.6,20,138.68631367987908
395.2588225235732,37.78888637929558,16.56102818914143,441,0.37997133523564636,57.49999999999999,7995.30432247147,131.4968710285379,63,367,50,62,40,25,0.07,0.3,0.6,20,138.6852130120148
366.93805963822217,36.17283609436874,21.016925183658483,441,0.3940400473631112,64.44444444444444,7418.121486764449,137.7371267355584,85,383,45,84,45,40,0.07,0.6,0.8,22,138.5419622414323
396.1373924502497,37.83782526151758,21.455057324017947,441,0.3907042863328374,66.0,8007.819715005004,131.0627144950013,57,366,46,56,50,25,0.055,0.5,0.8,22,138.48644045715434
388.79991841577464,37.42695953924895,13.768112861532842,441,0.4030332551542962,57.14285714285714,7867.6818963154965,133.02201818450908,82,370,30,81,35,40,0.045,0.3,0.8,20,138.47975029522112
388.79991841577464,37.42695953924895,13.768112861532842,441,0.4030332551542962,57.14285714285714,7867.6818963154965,133.02201818450908,82,370,30,81,35,40,0.045,0.25,0.8,20,138.47975029522112
396.05234995024966,37.833091179335774,21.455057324017947,441,0.39067844925510253,66.0,8006.1188650050035,131.0627144950013,57,366,45,56,50,25,0.07,0.5,0.8,22,138.46911371636895
407.1999190520491,38.44818617030692,20.996894036123752,426,0.38776106338620125,66.66666666666666,8223.398679040974,128.9395169590282,57,360,65,56,48,25,0.055,0.6,0.6,22,138.41347021310492
407.11487655204894,38.44353484423664,20.996894036123752,426,0.3877369456127414,66.66666666666666,8221.697829040975,128.9395169590282,57,360,66,56,48,25,0.07,0.6,0.6,22,138.3967254392519
368.8744879401076,36.28579416798192,20.726326923761384,441,0.39703316466164085,64.44444444444444,7456.850052802157,137.0060406978514,84,381,46,83,45,40,0.055,0.6,0.8,22,138.2488757800111
391.20744429772014,37.56231063284605,22.855829068709557,356,0.41713836093681195,59.64912280701754,7901.253453954408,131.779059545601,57,368,45,56,57,30,0.045,0.6,1.2,25,138.22930312887345
382.70124084308827,37.081690674670156,17.747143918645687,426,0.3844398214418997,67.9245283018868,7743.972670861758,133.2911736382483,61,372,54,60,53,40,0.035,0.4,0.6,22,137.943889309773
400.67754524130476,38.089626162236215,14.09962507533776,426,0.4001621718960135,60.526315789473685,8103.6787768261065,130.0594351739015,75,362,44,74,38,30,0.045,0.25,0.6,20,137.8844467072951
400.67754524130476,38.089626162236215,14.09962507533776,426,0.4001621718960135,60.526315789473685,8103.6787768261065,130.0594351739015,75,362,44,74,38,30,0.045,0.3,0.6,20,137.8844467072951
390.7458224988404,37.536399426647726,19.779367684519915,441,0.3887278430283848,66.66666666666666,7902.024019976811,130.91975052319378,30,367,44,29,69,25,0.035,0.4,1.2,28,137.75858589579715
374.4732610266121,36.610303226449716,20.717885623659058,426,0.3932798864241576,63.63636363636363,7576.57279053224,135.05126646776898,75,376,22,74,44,40,0.045,0.4,1.2,22,137.65474013145092
402.18944069835436,38.17307197483182,20.4262140784149,441,0.39427383918869957,68.75,8125.849377967095,129.2454305329108,69,360,34,68,48,30,0.045,0.5,1.0,22,137.42305910939456
390.87388254801874,37.54358949390577,13.72629462692009,441,0.40417987692241447,57.14285714285714,7905.925354960379,131.61462753962908,82,366,30,81,35,40,0.045,0.4,0.8,20,137.40953754769512
376.51361731792224,36.727802684395215,15.116557836663128,441,0.3950805874390637,56.75675675675676,7617.9444723584475,134.48108164156199,84,374,26,83,37,30,0.07,0.4,1.0,20,137.36198203963812
378.4500456198075,36.83894565758599,14.109230293405526,441,0.39800977284169675,56.75675675675676,7656.673038396154,133.74999560385498,83,372,26,82,37,30,0.055,0.4,1.0,20,137.04087784621987
397.8725404124566,37.934274787160916,20.366185957380484,441,0.3897789399883206,70.0,8046.103032249145,129.1309032508641,52,361,34,51,50,25,0.045,0.3,1.0,22,136.9427319816509
397.8725404124566,37.934274787160916,20.366185957380484,441,0.3897789399883206,70.0,8046.103032249145,129.1309032508641,52,361,34,51,50,25,0.045,0.25,1.0,22,136.9427319816509
378.30845418867784,36.83083109640313,14.159417308774616,426,0.3967158369265554,56.25,7653.276653773553,133.6030367264566,92,371,19,91,32,40,0.07,0.4,1.2,20,136.6423833676556
373.88544971065494,36.57637755626604,22.778916830681936,441,0.3960715633271729,64.44444444444444,7559.665048213103,134.0620672869033,77,373,24,76,45,30,0.055,0.5,1.2,22,136.42988828487233
384.29326829282536,37.17215621972356,17.747143918645687,426,0.38492772329176134,68.51851851851852,7775.993237856511,131.5408256434977,61,367,54,60,54,40,0.035,0.25,0.6,22,136.42181332638546
384.29326829282536,37.17215621972356,17.747143918645687,426,0.38492772329176134,68.51851851851852,7775.993237856511,131.5408256434977,61,367,54,60,54,40,0.035,0.3,0.6,22,136.42181332638546
375.4841173769649,36.66856652784218,29.58805028503686,560,0.3608006258524557,63.07692307692307,7591.742911539307,132.68408246069518,29,372,64,28,65,40,0.035,0.5,1.0,35,136.40706748357292
331.11181092077044,34.012173372676166,25.44995592069158,441,0.3838041295779408,62.5,6699.960848415411,142.83335558459018,31,401,81,30,64,25,0.045,0.6,1.0,35,136.38881522443143
382.0656124840778,37.04550500361374,22.218079170954656,426,0.3864433585709631,63.04347826086957,7729.399917681556,131.7318398184543,57,368,25,56,46,25,0.055,0.3,1.2,22,136.32745841329856
380.24488249056316,36.941641117849414,13.961209224054667,426,0.39966732579185915,56.25,7692.005219811259,132.8719506887496,91,369,19,90,32,40,0.055,0.4,1.2,20,136.31465572486434
385.30866254393527,37.22973096573596,21.170512742572562,426,0.39404309809841653,61.76470588235294,7788.233814878715,130.5689906212902,33,366,54,32,68,25,0.035,0.5,1.0,25,136.26081533459362
368.73771718550927,36.277828147069194,23.09741521521294,441,0.3919387138996273,64.44444444444444,7456.7103977101815,134.79136778982428,78,375,24,77,45,30,0.07,0.5,1.2,22,136.04185555150949
382.1346616286814,37.04943774719973,22.092257490916037,426,0.3865443193655219,63.04347826086957,7730.780900573629,131.3570759263823,57,367,25,56,46,25,0.055,0.25,1.2,22,135.971436532223
381.8999594795311,37.03606828093085,13.84623915637433,426,0.399784694121622,60.0,7717.399487590632,132.2566619093806,92,367,49,91,35,40,0.07,0.6,0.6,20,135.9223705910162
376.11649851480536,36.70496509382784,29.82045391390263,560,0.3617172475664461,62.5,7604.390534296116,131.916444203886,27,370,64,26,64,30,0.035,0.5,1.0,35,135.80837084716302
384.76867699838095,37.199124784285175,22.05771897081836,441,0.3939546258480769,63.63636363636363,7773.098169967618,131.23799103238798,77,365,36,76,44,30,0.055,0.6,1.0,22,135.77680546264088
411.17897714656556,38.66512333082974,20.793404580869726,441,0.388764640703653,64.58333333333334,8305.640106931321,125.74409856868489,57,351,36,56,48,25,0.055,0.5,1.0,22,135.7145828912124
365.3434365024701,36.079535023232914,19.779367684519915,560,0.38059176819918916,65.75342465753424,7394.9563980493995,134.0882974506016,27,376,47,26,73,25,0.035,0.25,1.2,35,135.65905168735574
365.3434365024701,36.079535023232914,19.779367684519915,560,0.38059176819918916,65.75342465753424,7394.9563980493995,134.0882974506016,27,376,47,26,73,25,0.035,0.3,1.2,35,135.65905168735574
378.7692657608171,36.85723302282078,22.218079170954656,426,0.38537161295001193,63.04347826086957,7663.472983216342,131.7300542836683,57,368,25,56,46,25,0.07,0.3,1.2,22,135.63461752398047
383.83638778141636,37.14621875067521,13.654226095224631,426,0.4027761269848979,60.0,7756.1280536283375,131.5255758716736,91,365,48,90,35,40,0.055,0.6,0.6,20,135.5836984399645
394.77219560376136,37.761749972785516,21.088344084825806,441,0.3909464110765036,59.64912280701754,7977.399966075231,128.51784942477408,53,359,38,52,57,40,0.035,0.5,1.2,25,135.5646824023
379.6209444732349,36.90597601348075,22.365002010599376,441,0.3900084033757704,63.63636363636363,7670.1435194646965,131.967291535309,78,367,36,77,44,30,0.07,0.6,1.0,22,135.44493196947437
374.30269109831113,36.60046220526012,21.783436778580562,441,0.39276540858413517,64.44444444444444,7574.14148996622,132.78280403379068,69,370,22,68,45,30,0.045,0.25,1.2,22,135.42171015946246
374.30269109831113,36.60046220526012,21.783436778580562,441,0.39276540858413517,64.44444444444444,7574.14148996622,132.78280403379068,69,370,22,68,45,30,0.045,0.3,1.2,22,135.42171015946246
392.027194589844,37.60827593000373,29.73966516200391,560,0.36359544404135,61.53846153846154,7922.499945796881,128.3907972031197,27,360,52,26,65,30,0.035,0.5,1.2,35,135.38979334801343
378.8383149054207,36.861187401985404,22.092257490916037,426,0.38547200695037664,63.04347826086957,7664.853966108415,131.3552903915963,57,367,25,56,46,25,0.07,0.25,1.2,22,135.28055776528643
407.8826304233049,38.485503897553805,20.793404580869726,441,0.3877973036697902,64.58333333333334,8239.713172466109,125.7423130338989,57,351,36,56,48,25,0.07,0.5,1.0,22,135.08411868041384
400.1116244853879,38.05833955470115,20.259263025831217,426,0.39122183263418686,67.3469387755102,8089.904615707769,126.65823129224219,52,354,34,51,49,25,0.045,0.4,1.0,22,134.72652202364208
394.11048999547404,37.72481616484098,13.60415688012121,426,0.4065690440675476,60.0,7965.065943909486,128.46679459052248,82,357,44,81,35,40,0.045,0.5,0.6,20,134.6775937084823
384.5347711544151,37.185858624668214,15.867455350658874,441,0.3833862047197067,52.63157894736842,7782.378951088304,129.6956379117008,63,362,34,62,38,25,0.055,0.25,0.8,20,134.61280822129893
384.44972865441525,37.18103410089777,15.867455350658874,441,0.38336032703794554,52.63157894736842,7780.678101088305,129.6956379117008,63,362,33,62,38,25,0.07,0.25,0.8,20,134.59534344524994
377.13025370426226,36.7632341924794,15.06844062602192,441,0.39551893212369427,57.57575757575758,7630.692742085239,131.6906134147695,83,366,19,82,33,30,0.055,0.25,1.2,20,134.55343714447463
375.22536990977113,36.65366239202823,16.457072378296893,441,0.39266793311820475,57.57575757575758,7592.5950661954175,132.04754030459148,84,367,19,83,33,30,0.07,0.25,1.2,20,134.51894097874361
384.9830624021388,37.21127933142556,15.509865176842949,441,0.3840230159449119,52.63157894736842,7791.344776042778,129.3436169572278,63,361,34,62,38,25,0.055,0.3,0.8,20,134.33271838644626
384.8980199021389,37.20645837432433,15.509865176842949,441,0.38399704657929623,52.63157894736842,7789.643926042779,129.3436169572278,63,361,33,62,38,25,0.07,0.3,0.8,20,134.31531473131082
394.1333675623209,37.726093760644844,27.5490292510714,560,0.3656323058123337,62.121212121212125,7964.623405246421,127.02579825358089,29,356,51,28,66,40,0.035,0.5,1.2,35,134.30489378789565
381.2671316803846,36.99999420227109,14.310593245005654,441,0.3988393954433361,55.88235294117647,7710.414499607701,130.2327548923095,84,362,32,83,34,30,0.07,0.5,0.8,20,133.93997901222136
368.89995085820703,36.28727701478736,22.13129653397898,441,0.3940332835517746,64.44444444444444,7457.359311164136,132.6154763358695,78,369,45,77,45,30,0.07,0.6,0.8,22,133.90005218456534
384.6440755192584,37.19205854759999,18.733516286438984,426,0.3851945720863691,67.9245283018868,7782.829364385162,128.9017371148438,55,360,54,54,53,30,0.035,0.4,0.6,22,133.89141077135997
384.36766492948107,37.17637792312547,22.21862161875325,426,0.38742798098231174,60.86956521739131,7774.460868589619,128.9146424103894,57,360,25,56,46,25,0.055,0.4,1.2,22,133.8349605232517
375.4332443950601,36.66563670099834,16.49481456511194,441,0.39268035999193995,56.25,7596.752555901198,131.3580240988106,84,365,19,83,32,30,0.07,0.3,1.2,20,133.82957395864395
366.35952104526433,36.13901541342845,19.779367684519915,560,0.3809031132678565,64.7887323943662,7414.29799090528,131.913177594722,27,370,47,26,71,25,0.035,0.4,1.2,35,133.7143570296853
376.41759539718794,36.722282031320866,21.697290768837007,426,0.39411020678659087,63.63636363636363,7615.459477943757,130.6618310562533,69,364,22,68,44,30,0.045,0.4,1.2,22,133.66910659400796
350.01325350703917,35.169271059856236,21.54631664481638,426,0.3794561664855087,65.75342465753424,7082.32563414079,135.4502538592127,27,380,63,26,73,25,0.035,0.5,1.0,35,133.64323002745368
398.2407131302002,37.95470537269494,19.330557902182058,441,0.39457112216682844,62.121212121212125,8052.901930604006,125.5855663959957,33,352,38,32,66,25,0.035,0.3,1.2,25,133.6005629118862
398.2407131302002,37.95470537269494,19.330557902182058,441,0.39457112216682844,62.121212121212125,8052.901930604006,125.5855663959957,33,352,38,32,66,25,0.035,0.25,1.2,25,133.6005629118862
383.2035599822699,37.11026024417463,14.112195077849188,441,0.4018199118720232,55.88235294117647,7749.143065645407,129.50166885460249,83,360,33,82,34,30,0.055,0.5,0.8,20,133.59693687902868
370.8363791600923,36.399857780764066,21.82805773869961,441,0.3970311238775774,64.44444444444444,7496.087877201843,131.8843902981625,77,367,46,76,45,30,0.055,0.6,0.8,22,133.58747805540412
377.36967269694543,36.77698117717658,15.097229909788105,426,0.395581479667766,56.25,7635.481121938904,130.6269380611036,83,363,19,82,32,30,0.055,0.3,1.2,20,133.500441673151
389.91464957110094,37.489695835300395,13.984524885725452,441,0.40360232841484045,57.14285714285714,7889.976519422019,127.90023107798659,75,356,30,74,35,30,0.045,0.25,0.8,20,133.4633171736694
389.91464957110094,37.489695835300395,13.984524885725452,441,0.40360232841484045,57.14285714285714,7889.976519422019,127.90023107798659,75,356,30,74,35,30,0.045,0.3,0.8,20,133.4633171736694
387.5847007906088,37.358437457179924,17.823119054360834,426,0.38682862677587787,71.15384615384616,7834.550159812177,128.0025726878339,61,357,54,60,52,40,0.035,0.5,0.6,22,133.36962172213234
383.6686038083013,37.136688604448565,18.004505192647297,441,0.3833760781689942,70.83333333333334,7765.055604166028,128.7101573339761,61,359,37,60,48,40,0.035,0.25,0.8,22,133.32071208997036
383.6686038083013,37.136688604448565,18.004505192647297,441,0.3833760781689942,70.83333333333334,7765.055604166028,128.7101573339761,61,359,37,60,48,40,0.035,0.3,0.8,22,133.32071208997036
381.07131820622044,36.98882425466936,22.21862161875325,426,0.38635722408460543,60.86956521739131,7708.533934124405,128.91285687560338,57,360,25,56,46,25,0.07,0.4,1.2,22,133.1597673168097
360.65916806375463,35.80397288682238,22.475193191402624,441,0.3956076839792104,60.317460317460316,7290.907991275101,132.79009022490828,53,371,54,52,63,40,0.035,0.6,1.0,25,132.83273941011103
370.53853603682074,36.38256579340564,13.599775291863875,441,0.4039113821550754,60.60606060606061,7492.831284736426,131.1478422635849,92,364,26,91,33,40,0.07,0.5,1.0,20,132.43253948799654
391.988613703345,37.60611398410924,13.94233759433492,441,0.40475130023510997,57.14285714285714,7928.2199780669,126.4928404331066,75,352,30,74,35,30,0.045,0.4,0.8,20,132.37352122406455
386.2361029689956,37.28223445510466,18.733516286438984,426,0.38568183032820647,68.51851851851852,7814.849931379915,127.1513891200932,55,355,54,54,54,30,0.035,0.3,0.6,22,132.35193231562153
386.2361029689956,37.28223445510466,18.733516286438984,426,0.38568183032820647,68.51851851851852,7814.849931379915,127.1513891200932,55,355,54,54,54,30,0.035,0.25,0.6,22,132.35193231562153
398.59053728334266,37.97410658066167,19.330557902182058,441,0.3946649050602199,61.53846153846154,8058.918315666854,124.16740333315089,33,348,38,32,65,25,0.035,0.4,1.2,25,132.14989090070262
372.474964338706,36.494833595537244,13.411953360896895,441,0.4070447189313758,60.60606060606061,7531.559850774132,130.4167562258779,91,362,26,90,33,40,0.055,0.5,1.0,20,132.11129761584482
350.7794104354768,35.21534745894404,21.91520223401627,441,0.40234171131176333,66.10169491525424,7094.948502709541,134.2218137904635,54,375,71,53,59,40,0.035,0.6,0.8,25,132.05755297104014
393.8677929978128,37.711259857935374,19.585736426734933,441,0.38904538473928624,64.70588235294117,7959.3119139562505,124.88719704375269,30,350,44,29,68,25,0.035,0.5,1.2,28,131.9894095027738
315.5484288296546,33.02856357139567,20.33357159314115,441,0.3805652199566585,67.74193548387096,6390.32887059309,142.07123090691138,28,399,106,27,62,25,0.035,0.6,0.8,35,131.78396864986874
357.2359362396123,35.60117341274498,20.33357159314115,441,0.3976655049841403,70.0,7224.0790187922485,131.9034617077544,30,370,88,29,60,25,0.035,0.6,0.8,28,131.72434162715643
403.11443342004026,38.22402595476313,29.146522859535075,441,0.3667037692375297,62.5,8140.013298400808,122.84230759919369,33,344,62,32,56,30,0.035,0.6,1.0,28,131.49064928438517
388.81725517622516,37.42793611550121,14.219585723794076,441,0.3869620695739358,54.054054054054056,7864.7928075245045,125.81687347550259,63,351,34,62,37,25,0.055,0.4,0.8,20,131.37205576540924
388.7322126762251,37.42314542314904,14.219585723794076,441,0.38693588522266864,54.054054054054056,7863.091957524505,125.81687347550259,63,351,33,62,37,25,0.07,0.4,0.8,20,131.3552404352531
385.02885501721755,37.21387497973703,18.004505192647297,426,0.3837788839100283,72.3404255319149,7789.02480434435,126.2396796556552,61,352,37,60,47,40,0.035,0.4,0.8,22,130.99283992867433
379.45324219052804,36.89638360821776,14.941678003948775,441,0.3964299390481294,56.25,7676.172413810552,127.7490376894551,84,355,19,83,32,30,0.07,0.4,1.2,20,130.98216180917305
381.3896704924134,37.006982435014216,14.26299546527524,426,0.39938156432676314,56.25,7714.900979848258,127.01795165174809,83,353,19,82,32,30,0.055,0.4,1.2,20,130.63464799560018
412.98830190001735,38.763320869960616,29.395286543489284,441,0.36710919617531873,62.71186440677966,8336.87060600034,120.400645499656,33,337,50,32,59,30,0.035,0.6,1.2,28,130.63239133176728
373.8721213335205,36.57560791573946,22.581356673663397,441,0.4141449069563707,64.51612903225806,7554.546994670414,127.40752382959249,35,357,52,34,62,25,0.045,0.6,1.2,28,130.57492025918987
396.2923949891318,37.846452157838506,21.27264395457874,441,0.39158429321861793,59.64912280701754,8007.803953782635,123.3959117173672,46,345,38,45,57,30,0.035,0.5,1.2,25,130.57025994454284
385.6337296067428,37.248142518457385,13.53123891730954,441,0.40280426021137394,56.25,7792.034886134861,126.22079586514909,92,350,32,91,32,40,0.07,0.6,0.8,20,130.36849881460085
379.68053707706923,36.90938400582064,13.017092761800559,441,0.4085206177825155,64.70588235294117,7682.262965541398,127.00927695861009,82,353,24,81,34,40,0.045,0.3,1.0,20,130.29012554054685
379.68053707706923,36.90938400582064,13.017092761800559,441,0.4085206177825155,64.70588235294117,7682.262965541398,127.00927695861009,82,353,24,81,34,40,0.045,0.25,1.0,20,130.29012554054685
383.066748086801,37.1024813759417,14.149288197429662,426,0.39950233158721377,60.0,7740.73525973602,126.4026667639899,84,351,49,83,35,30,0.07,0.6,0.6,20,130.22970962955537
387.57015790862806,37.3576166058871,13.345134492512583,441,0.40583378624024957,56.25,7830.763452172567,125.4897098274421,91,348,33,90,32,40,0.055,0.6,0.8,20,130.0045057884871
385.0031763886861,37.2124194702955,13.952865461898101,426,0.40249406579238006,60.0,7779.463825773726,125.6715807262829,83,349,48,82,35,30,0.055,0.6,0.6,20,129.8713439513313
381.1313236380835,36.99224757971589,13.020997888621471,426,0.4094011228106449,64.70588235294117,7710.298598761679,126.30473273833029,82,351,24,81,34,40,0.045,0.4,1.0,20,129.84278900480277
400.29848498815335,38.06867316064935,13.089781617274419,426,0.3957806616284389,58.97435897435898,8096.097571763075,122.195100236931,58,341,45,57,39,25,0.045,0.25,0.6,20,129.81417547781427
400.29848498815335,38.06867316064935,13.089781617274419,426,0.3957806616284389,58.97435897435898,8096.097571763075,122.195100236931,58,341,45,57,39,25,0.045,0.3,0.6,20,129.81417547781427
395.2437214062196,37.788044596776935,13.819177410523139,426,0.40715271003171916,60.0,7987.7305721243965,123.3450113756108,75,343,44,74,35,30,0.045,0.5,0.6,20,129.6129929669449
400.6282290913706,38.08690087197739,16.75179538994799,426,0.3843552314460767,69.81132075471697,8102.692453827412,121.57925367259419,44,340,55,43,53,25,0.035,0.25,0.6,22,129.49546296472312
400.6282290913706,38.08690087197739,16.75179538994799,426,0.3843552314460767,69.81132075471697,8102.692453827412,121.57925367259419,44,340,55,43,53,25,0.035,0.3,0.6,22,129.49546296472312
398.6068101905774,37.97500880927509,16.746374586637987,426,0.3838267338496242,67.3076923076923,8062.084057811545,121.92107968846139,44,341,55,43,52,25,0.035,0.4,0.6,22,129.49478003962807
382.972125022375,37.09710025502129,28.95425018411157,560,0.3619743008007149,62.5,7737.167130447505,124.51703555249499,29,349,64,28,56,40,0.035,0.6,1.0,35,129.4688798900243
389.51753446677884,37.467359573977156,18.80314103989242,426,0.38758410000425947,71.15384615384616,7873.206833335581,123.61313616442939,55,345,54,54,52,30,0.035,0.5,0.6,22,129.26239053022118
385.6129381788771,37.24696520274931,18.999121570358398,441,0.3841249843223387,70.83333333333334,7803.942291577545,124.3207219224604,55,347,37,54,48,30,0.035,0.25,0.8,22,129.2469692535401
385.6129381788771,37.24696520274931,18.999121570358398,441,0.3841249843223387,70.83333333333334,7803.942291577545,124.3207219224604,55,347,37,54,48,30,0.035,0.3,0.8,22,129.2469692535401
407.2380776105416,38.45027301701034,19.544747682662514,426,0.39716515519708123,68.08510638297872,8224.161850210821,120.3111597891802,52,336,60,51,47,25,0.045,0.6,0.6,22,129.19291733715474
382.9420250142067,37.09538832032291,29.212920220112753,560,0.3621723298307521,59.32203389830508,7736.565130284138,124.12737421586239,27,348,64,26,59,30,0.035,0.6,1.0,35,129.09195135472373
392.45325707203216,37.63214205917742,14.29989397588163,441,0.3890864088213839,57.89473684210527,7931.921285440655,123.02889855935459,63,343,49,62,38,25,0.055,0.5,0.6,20,129.07824726297855
392.36821457203234,37.62737967509633,14.29989397588163,441,0.3890601764541569,57.89473684210527,7930.220435440656,123.02889855935459,63,343,50,62,38,25,0.07,0.5,0.6,20,129.0619122855804
368.10937531846446,36.24120735389296,20.317740967073377,441,0.40048057958920164,65.9090909090909,7444.143560369291,128.0132211307163,75,356,22,74,44,40,0.045,0.5,1.2,22,129.01869817985894
378.1007745088309,36.818925562494265,19.91567886299668,441,0.3971854666676016,65.11627906976744,7639.740120176621,125.88873332338589,75,350,34,74,43,40,0.045,0.6,1.0,22,128.86623946872993
372.62209582505875,36.503348749892275,14.22012736285995,441,0.40392480217490545,51.61290322580645,7534.397970501184,127.3280419988252,92,353,19,91,31,40,0.07,0.5,1.2,20,128.85682108711973
402.5127040981296,38.1908877278601,13.03690619975582,426,0.3970805518633779,58.97435897435898,8140.201935962594,120.787571037414,58,337,45,57,39,25,0.045,0.4,0.6,20,128.70329164288856
374.558524126944,36.61522141515239,14.024177976739841,441,0.40706411925205493,51.61290322580645,7573.12653653889,126.5969559611182,91,351,19,90,31,40,0.055,0.5,1.2,20,128.5194271671849
408.9666053960754,38.54467279564664,27.106327696876985,560,0.3657738100369585,63.934426229508205,8256.436675921514,118.9209635784883,29,333,51,28,61,40,0.035,0.6,1.2,35,128.3537604095033
345.1535600401084,34.87554100081709,24.013110563462593,441,0.3831959064999031,66.66666666666666,6980.795830802166,131.48225869783448,41,368,59,40,63,40,0.035,0.6,1.0,28,128.34199088300687
362.1803675491251,35.8937054015003,22.65362567223578,441,0.39635952331669144,60.317460317460316,7321.331980982507,127.6681525175014,46,357,54,45,63,30,0.035,0.6,1.0,25,128.14052828335605
385.4887280111909,37.23993095559821,13.153680709724517,441,0.41167161859035944,57.57575757575758,7794.846426223828,123.8326347761808,82,344,30,81,33,40,0.045,0.5,0.8,20,128.10536248725785
351.1482297903626,35.23750579548879,21.40089220158842,441,0.4030260970766629,60.0,7100.069163807257,130.7256301927497,84,363,24,83,45,40,0.055,0.6,1.2,22,127.9121460376243
367.6620106223267,36.215110243792445,19.690428127283035,441,0.4016572111980862,65.9090909090909,7432.600506446534,126.53696105347089,75,352,42,74,44,40,0.045,0.6,0.8,22,127.47718805814941
384.08743475686504,37.160473309574904,20.20469305365332,441,0.402747036163324,64.58333333333334,7766.820561137314,122.8010923626903,52,343,42,51,48,25,0.045,0.5,0.8,22,127.46042345184193
352.3006099208474,35.30664655252518,22.09613752632248,441,0.4031676426926075,66.10169491525424,7125.372492416947,129.09987608305659,47,361,71,46,59,30,0.035,0.6,0.8,25,127.45699405461589
396.95532148744513,37.883324021540645,21.98367365393546,356,0.4199351112226376,58.620689655172406,8016.210997748909,120.02048725109759,39,336,45,38,58,25,0.045,0.6,1.2,25,127.28796871237657
385.03480902899827,37.214212454706775,17.39022035009747,426,0.3833347796258899,68.75,7789.348404579978,122.67402592003009,61,342,30,60,48,40,0.035,0.3,1.0,22,127.27260659509717
385.03480902899827,37.214212454706775,17.39022035009747,426,0.3833347796258899,68.75,7789.348404579978,122.67402592003009,61,342,30,60,48,40,0.035,0.25,1.0,22,127.27260659509717
346.3364752296584,34.94727409840077,21.44699367583281,441,0.3989983470530517,60.0,7003.834072593172,131.0808574068347,85,364,24,84,45,40,0.07,0.6,1.2,22,127.2080777181788
385.86698042541974,37.26134759678015,17.39022035009747,426,0.3835797050095638,70.2127659574468,7805.011734508407,122.3145074916022,61,341,30,60,47,40,0.035,0.4,1.0,22,127.0611953050203
386.97318938779335,37.32390469877389,18.999121570358398,426,0.3845274495997593,72.3404255319149,7827.911491755866,121.85024424413949,55,340,37,54,47,30,0.035,0.4,0.8,22,126.90127597583121
371.696325338671,36.44973495306027,13.901300270111042,441,0.4036382897128311,60.60606060606061,7515.987070773425,125.29384322658339,84,348,26,83,33,30,0.07,0.5,1.0,20,126.84507763664975
369.8372307068301,36.34181525898077,19.585736426734933,441,0.3814177265374223,65.67164179104478,7478.700668136602,124.44151236340099,27,349,47,26,67,25,0.035,0.5,1.2,35,126.8329352538429
395.22622676281867,37.78706936612461,29.061975665862416,560,0.3642849656207201,61.66666666666667,7981.629103256374,119.53013574362649,27,335,52,26,60,30,0.035,0.6,1.2,35,126.58668237651746
373.63275364055625,36.56178279916376,13.709112241155042,441,0.40677274744169173,60.60606060606061,7554.715636811131,124.56275718887639,83,346,26,82,33,30,0.055,0.5,1.0,20,126.5037684851066
376.06932197398726,36.70225104339997,14.878852854422004,441,0.3885596154588716,62.16216216216216,7607.922951479756,122.98188302025369,63,343,26,62,37,25,0.055,0.25,1.0,20,125.88872107886189
375.98427947398744,36.69735803383458,14.878852854422004,441,0.3885315942321645,62.16216216216216,7606.222101479757,122.98188302025369,63,343,26,62,37,25,0.07,0.25,1.0,20,125.87193805605263
381.45363243892007,37.01062953854266,13.50799575786702,426,0.40838740679664187,58.06451612903226,7717.160316778404,122.4063617216041,82,340,17,81,31,40,0.045,0.25,1.2,20,125.83614043104504
381.45363243892007,37.01062953854266,13.50799575786702,426,0.40838740679664187,58.06451612903226,7717.160316778404,122.4063617216041,82,340,17,81,31,40,0.045,0.3,1.2,20,125.83614043104504
376.517613221711,36.72803240430724,14.523005373526047,441,0.38923471068846377,62.16216216216216,7616.888776434228,122.6298620657807,63,342,26,62,37,25,0.055,0.3,1.0,20,125.60987082273077
376.43257072171093,36.72314307631515,14.523005373526047,441,0.3892065924437522,62.16216216216216,7615.187926434229,122.6298620657807,63,342,26,62,37,25,0.07,0.3,1.0,20,125.5931493209978
370.025977264881,36.35278747869426,19.976411638250244,441,0.4054602193846095,66.66666666666666,7479.879839297622,123.12380570238089,34,345,71,33,60,25,0.035,0.6,0.8,25,125.41711680149521
380.7952682323955,36.97307113393522,13.23598866544484,441,0.4091346807058026,64.70588235294117,7704.55758864792,121.8874898520876,75,339,24,74,34,30,0.045,0.3,1.0,20,125.3387111440404
380.7952682323955,36.97307113393522,13.23598866544484,441,0.4091346807058026,64.70588235294117,7704.55758864792,121.8874898520876,75,339,24,74,34,30,0.045,0.25,1.0,20,125.3387111440404
379.51693325663325,36.90002699035566,21.07232466272627,426,0.3958191762361873,63.63636363636363,7678.426333132665,121.40827086734339,52,339,23,51,44,25,0.045,0.25,1.2,22,125.0910914973057
379.51693325663325,36.90002699035566,21.07232466272627,426,0.3958191762361873,63.63636363636363,7678.426333132665,121.40827086734339,52,339,23,51,44,25,0.045,0.3,1.2,22,125.0910914973057
370.0372090641276,36.35344029485756,21.29143010518695,441,0.4013810712950423,65.9090909090909,7482.700235282552,123.6237832174508,69,344,22,68,44,30,0.045,0.5,1.2,22,125.05583461431002
382.2460547934097,37.05578127558273,13.239385661904638,426,0.4100168851963534,64.70588235294117,7732.593221868201,121.1829456318078,75,337,24,74,34,30,0.045,0.4,1.0,20,124.87798289871381
380.03260888229147,36.92951144450956,20.893565650337873,441,0.39802847702339944,65.11627906976744,7678.376807645829,121.49929485417599,69,338,34,68,43,30,0.045,0.6,1.0,22,124.8217486824423
386.7955193085929,37.31386496248825,13.83142847964649,441,0.40251510192246304,56.25,7815.270680171859,120.3667968281476,84,334,32,83,32,30,0.07,0.6,0.8,20,124.62830897471076
390.4272863377073,37.518508366574885,17.00617477946957,441,0.38663370672332964,71.11111111111111,7887.946024754137,119.1339577458667,61,332,54,60,45,40,0.035,0.6,0.6,22,124.56144777702862
378.19932110184243,36.824575401994466,17.56010764174341,441,0.38901521320140287,72.3404255319149,7649.058288036856,121.28751746315149,61,338,37,60,47,40,0.035,0.5,0.8,22,124.4670648587413
383.0613128748494,37.102172303583814,13.624592477511213,426,0.40912493435715974,56.666666666666664,7748.333827496988,120.63733100302069,82,335,17,81,30,40,0.045,0.4,1.2,20,124.29227721700578
388.73194761047813,37.42313049017947,13.640996172800083,441,0.4055449807426693,56.25,7853.999246209566,119.6357107904406,83,332,33,82,32,30,0.055,0.6,0.8,20,124.24479322739583
401.0368321829326,38.10947446425459,19.138443596951635,441,0.394781834637552,62.295081967213115,8102.69269765865,116.3766353413551,33,326,38,32,61,25,0.035,0.5,1.2,25,124.23688675346995
378.854573420013,36.86211844540546,13.67787299405011,441,0.39128219038486056,61.111111111111114,7664.763594400268,120.85931209974129,63,337,26,62,36,25,0.055,0.4,1.0,20,124.2253391610164
378.7695309200131,36.85724820910925,13.67787299405011,441,0.39125389686816364,61.111111111111114,7663.0627444002685,120.85931209974129,63,337,26,62,36,25,0.07,0.4,1.0,20,124.20892646469818
396.0854110099137,37.834931674741036,19.608294731143264,441,0.3992613673967481,66.66666666666666,8003.768784198281,117.4972998017238,52,328,34,51,48,25,0.045,0.5,1.0,22,124.0985758931506
344.5347700933662,34.8379562514302,24.209625126496675,441,0.38634297519917427,67.1875,6967.799969867321,127.25358913268299,41,356,47,40,64,40,0.035,0.6,1.2,28,124.02312425509152
391.47787162692686,37.57748089489639,12.58391925992964,441,0.4001180541075027,52.77777777777778,7921.240960538538,117.90677596146709,58,329,31,57,36,25,0.045,0.3,0.8,20,123.62991214420913
391.47787162692686,37.57748089489639,12.58391925992964,441,0.4001180541075027,52.77777777777778,7921.240960538538,117.90677596146709,58,329,31,57,36,25,0.045,0.25,0.8,20,123.62991214420913
369.5938449957874,36.327661550528155,20.66857221529139,441,0.4025691710960224,65.9090909090909,7471.237193915743,122.147522584261,69,340,42,68,44,30,0.045,0.6,0.8,22,123.51404927179573
353.1101210103473,35.35513159302941,22.507898535838766,441,0.40307162316530576,60.0,7139.306988206944,125.60397979306079,77,349,24,76,45,30,0.055,0.6,1.2,22,123.38940925967266
379.69587524667674,36.91026111298537,21.518450473218365,441,0.39638640203110315,62.22222222222222,7675.873558933544,119.75679906646079,57,334,25,56,45,25,0.055,0.5,1.2,22,123.28027211737113
373.7798851269088,36.57028130729634,14.521626416901876,441,0.4036444487503654,51.61290322580645,7557.553756538184,121.4740429618237,84,337,19,83,31,30,0.07,0.5,1.2,20,123.24184800558868
393.1681441347837,37.672149790384466,12.785899989848804,441,0.40075918973653724,51.35135135135135,7951.810586695676,117.23028680433069,58,327,31,57,37,25,0.045,0.4,0.8,20,123.18792981455721
386.97914339957424,37.32424109585188,18.393363621782502,426,0.38408125162708845,68.75,7828.235091991493,118.2845905085144,55,330,30,54,48,30,0.035,0.3,1.0,22,123.1699956163112
386.97914339957424,37.32424109585188,18.393363621782502,426,0.38408125162708845,68.75,7828.235091991493,118.2845905085144,55,330,30,54,48,30,0.035,0.25,1.0,22,123.1699956163112
386.616460466517,37.30374378532906,13.370296610936016,441,0.4122959297289189,57.57575757575758,7817.401075330348,118.71084766965829,75,330,30,74,33,30,0.045,0.5,0.8,20,123.1023544915859
387.8113147959957,37.37122581817134,18.393363621782502,426,0.3843259751800271,70.2127659574468,7843.898421919923,117.9250720800865,55,329,30,54,47,30,0.035,0.4,1.0,22,122.9513329417837
375.7163134287941,36.68193575286269,14.321312557748723,441,0.40678477053263973,51.61290322580645,7596.282322575891,120.7429569241167,83,335,19,82,31,30,0.055,0.5,1.2,20,122.88448477209002
348.2983664496431,35.06591059442592,22.569113428618937,441,0.3990494392486277,60.0,7043.0718969928585,125.95920700714579,78,350,24,77,45,30,0.07,0.6,1.2,22,122.73068708049072
376.3995285234161,36.72124320090464,21.518450473218365,441,0.39521735292310783,62.22222222222222,7609.94662446833,119.75501353167479,57,334,25,56,45,25,0.07,0.5,1.2,22,122.64895229102149
350.85390213203937,35.2198240213832,13.296272331731895,441,0.41373278085912,58.06451612903226,7094.802672640795,125.54149685921479,92,348,26,91,31,40,0.07,0.6,1.0,20,122.56498759441352
332.5788465969751,34.10341824764742,23.062378841571284,441,0.3934063137748377,61.016949152542374,6728.6814999395,127.9349365605051,31,359,59,30,59,25,0.045,0.6,1.2,35,122.43127150905423
392.8849161429436,37.65630485208413,16.638650813175914,426,0.38909856057016323,71.15384615384616,7940.554466858878,116.2677886411324,44,325,55,43,52,25,0.035,0.5,0.6,22,122.38299076927343
352.7903304339246,35.33598626708139,13.113588187806988,441,0.41718983722567893,58.06451612903226,7133.531238678504,124.81041082150779,91,346,26,90,31,40,0.055,0.6,1.0,20,122.2625124841016
356.1846176720208,35.538647419481364,20.910367581875413,441,0.39311781937204987,64.51612903225806,7201.416983440419,122.73374755958169,30,344,59,29,62,25,0.035,0.6,1.0,28,122.25294712301589
378.5458504080429,36.844435111245446,14.856244465473884,441,0.38942700536456354,55.88235294117647,7659.004676160862,118.7757803391465,63,331,19,62,34,25,0.055,0.25,1.2,20,121.95508021822242
378.46080790804297,36.8395623624705,14.856244465473884,441,0.3893990753414773,55.88235294117647,7657.303826160863,118.7757803391465,63,331,19,62,34,25,0.07,0.25,1.2,20,121.93895141977737
366.9459752488914,36.173298599170536,20.157608314214734,441,0.3997266720789146,58.18181818181818,7416.024072977835,120.72669852217109,53,337,38,52,55,40,0.035,0.6,1.2,25,121.90401627920471
390.2252522937428,37.507156005804546,17.000304028570458,426,0.38679123220102274,71.73913043478261,7886.565609874864,116.6798091251448,61,325,30,60,46,40,0.035,0.5,1.0,22,121.89825701886477
376.1467523719029,36.70670547481873,12.492748525791992,441,0.417481445677448,63.63636363636363,7604.99561143807,119.606046561939,82,332,24,81,33,40,0.045,0.5,1.0,20,121.8662621763982
379.3533070873797,36.89066614298231,14.708967444669527,441,0.38990989093763745,55.88235294117647,7675.153809747594,118.4246837524145,63,330,19,62,34,25,0.055,0.3,1.2,20,121.73919827184162
379.2682645873796,36.885799959374246,14.708967444669527,441,0.3898819517385872,55.88235294117647,7673.452959747595,118.4246837524145,63,330,19,62,34,25,0.07,0.3,1.2,20,121.72313986593501
389.11386413429085,37.444639749985576,16.847731293438663,441,0.38530438043507464,72.3404255319149,7873.960810685821,116.25888931418429,44,325,37,43,47,25,0.035,0.25,0.8,22,121.69507918745312
389.11386413429085,37.444639749985576,16.847731293438663,441,0.38530438043507464,72.3404255319149,7873.960810685821,116.25888931418429,44,325,37,43,47,25,0.035,0.3,0.8,22,121.69507918745312
375.48798001979173,36.66878897113808,12.971875778786313,426,0.4158767802289704,61.76470588235294,7589.15989839584,119.2599261041691,82,331,44,81,34,40,0.045,0.6,0.6,20,121.37369149446704
369.7674778081235,36.337759489708745,20.73304000874624,426,0.3995279612408553,63.63636363636363,7482.457126162468,119.26944833753929,52,333,23,51,44,25,0.045,0.4,1.2,22,121.00473910073012
384.91795138870185,37.20758832699638,13.133898001241844,441,0.39521033367005953,54.285714285714285,7783.430893774049,116.6273557259575,63,325,34,62,35,25,0.055,0.5,0.8,20,120.92466206273824
384.832908888702,37.20276685223101,13.133898001241844,441,0.39518192217454745,54.285714285714285,7781.73004377405,116.6273557259575,63,325,33,62,35,25,0.07,0.5,0.8,20,120.90899226975077
378.69269790433174,36.85284752087139,21.15434759053178,441,0.39687532867033254,60.86956521739131,7651.578588086637,117.6630854133675,57,328,36,56,46,25,0.055,0.6,1.0,22,120.87733986845817
382.5683635942463,37.074129260528174,13.724760216776366,426,0.40899884957554333,58.06451612903226,7739.454939884926,117.2845746150816,75,326,17,74,31,30,0.045,0.3,1.2,20,120.86166138932184
382.5683635942463,37.074129260528174,13.724760216776366,426,0.40899884957554333,58.06451612903226,7739.454939884926,117.2845746150816,75,326,17,74,31,30,0.045,0.25,1.2,20,120.86166138932184
376.257069630604,36.71305082773255,20.902530928374915,441,0.39699642302952104,65.21739130434783,7604.501686612083,117.95753588792289,57,329,46,56,46,25,0.055,0.6,0.8,22,120.7859372232401
390.2245619916832,37.507117211087305,16.842209988542596,426,0.385676179599201,71.73913043478261,7892.938943833665,115.19595666634059,44,322,37,43,46,25,0.035,0.4,0.8,22,120.77291741970113
376.17202713060414,36.70815936079605,20.902530928374915,441,0.39696683875736616,65.21739130434783,7602.800836612083,117.95753588792289,57,329,45,56,46,25,0.07,0.6,0.8,22,120.76984429701902
380.12715484750584,36.93491449066073,18.55545436150154,441,0.3898161313735848,72.3404255319149,7687.614962950117,116.89807954988599,55,326,37,54,47,30,0.035,0.5,0.8,22,120.40782123955397
392.3651205138776,37.62720639529078,18.011279215013335,441,0.387386648487915,71.11111111111111,7926.702708277539,114.7445212224622,55,320,54,54,45,30,0.035,0.6,0.6,22,120.4070604649305
375.3963511810711,36.663511826402285,21.15434759053178,441,0.3956963990403121,60.86956521739131,7585.651653621423,117.66129987858149,57,328,36,56,46,25,0.07,0.6,1.0,22,120.2563187905995
365.850312766134,36.10921992925626,20.540531074609287,441,0.3996240019300573,59.375,7392.535165322686,118.5135516773229,33,332,54,32,64,25,0.035,0.6,1.0,25,119.88261016513079
331.49320509263356,34.03591871180329,20.910367581875413,441,0.3835249288409463,62.5,6707.588731852675,125.4772421473279,27,352,63,26,64,25,0.035,0.6,1.0,35,119.80643386554759
396.81286462548917,37.87540391342852,12.917343453368845,426,0.4033547099317743,59.45945945945946,8019.113436509791,113.0031124902184,58,315,45,57,37,25,0.045,0.5,0.6,20,119.30752232729984
384.1760440301755,37.16550317209146,13.840384944121753,426,0.409737333733635,56.666666666666664,7770.628450603508,115.51554389649819,75,321,17,74,30,30,0.045,0.4,1.2,20,119.30126518241359
366.5728300575618,36.15148910815884,18.31562629984932,441,0.3868332240111375,65.9090909090909,7419.54426915124,118.4666283487689,61,330,20,60,44,40,0.035,0.3,1.2,22,119.29991405692417
366.5728300575618,36.15148910815884,18.31562629984932,441,0.3868332240111375,65.9090909090909,7419.54426915124,118.4666283487689,61,330,20,60,44,40,0.035,0.25,1.2,22,119.29991405692417
389.46690651022465,37.46451089669449,13.047666517178069,441,0.41324471416638564,56.666666666666664,7868.6984242045055,114.66205979550399,82,318,30,81,30,40,0.045,0.6,0.8,20,119.13714465148848
381.4045705910202,37.0078320717036,14.010279310045942,441,0.39165918919918047,53.125,7715.198981820403,115.2582876796037,63,321,19,62,32,25,0.055,0.4,1.2,20,118.79514095016854
381.3195280910203,37.00298247709362,14.010279310045942,441,0.3916311059294117,53.125,7713.498131820404,115.2582876796037,63,321,19,62,32,25,0.07,0.4,1.2,20,118.77957375147051
390.7035320245562,37.53402465357845,15.8212121768208,426,0.3860305869715568,70.83333333333334,7902.72286449113,112.34206000887639,44,314,30,43,48,25,0.035,0.25,1.0,22,117.85683741223633
390.7035320245562,37.53402465357845,15.8212121768208,426,0.3860305869715568,70.83333333333334,7902.72286449113,112.34206000887639,44,314,30,43,48,25,0.035,0.3,1.0,22,117.85683741223633
392.15308603940593,37.61532952976645,18.003383084647268,426,0.3875429443314222,71.73913043478261,7925.122284788125,112.29037121187929,55,313,30,54,46,30,0.035,0.5,1.0,22,117.73598142816898
367.14448457307884,36.184895340821654,18.31562629984932,441,0.38701683844455087,65.11627906976744,7429.997261461576,116.69751203843349,61,325,20,60,43,40,0.035,0.4,1.2,22,117.60090985767037
376.85621927005167,36.747492883161414,13.525553116999381,441,0.41587891893957607,55.172413793103445,7619.080439401042,115.41419009896529,82,320,17,81,29,40,0.045,0.5,1.2,20,117.59197722611653
379.3991636566072,36.89328979730415,14.224782831210478,566,0.393240726733751,63.888888888888886,7677.93112713214,114.3467343678645,68,318,40,67,36,40,0.035,0.4,0.6,20,117.3206615554272
352.0156918338895,35.289565094353215,13.59589844080591,441,0.4134947978394411,58.06451612903226,7118.038466677796,119.68749782221329,84,332,26,83,31,30,0.07,0.6,1.0,20,117.16135611325267
368.46717473426196,36.262065305042015,20.34677594390856,441,0.4004903709664081,58.18181818181818,7446.448062685243,115.60476081476419,46,323,38,45,55,30,0.035,0.6,1.2,25,117.12647093528571
353.0088176334976,35.34906789918624,13.89220459511421,441,0.4135103706291548,50.0,7137.2809206699585,119.55190133005229,92,331,19,91,28,40,0.07,0.6,1.2,20,117.00541474630646
377.2744848272291,36.771516330527554,12.711723122494185,441,0.41815617329277405,63.63636363636363,7627.550260544591,114.48425945541649,75,318,24,74,33,30,0.045,0.5,1.0,20,116.93342193107763
353.95212013577475,35.40548904281393,13.408902210395826,441,0.4169551386521884,58.06451612903226,7156.767032715502,118.95641178450629,83,330,26,82,31,30,0.055,0.6,1.0,20,116.83811384128597
382.0759750655369,37.046095240604494,12.064415068201855,441,0.4052444038399516,61.111111111111114,7728.05601331075,112.97847768925739,58,315,24,57,36,25,0.045,0.25,1.0,20,116.69520000790415
382.0759750655369,37.046095240604494,12.064415068201855,441,0.4052444038399516,61.111111111111114,7728.05601331075,112.97847768925739,58,315,24,57,36,25,0.045,0.3,1.0,20,116.69520000790415
354.9452459353829,35.464789015697185,13.701272413190807,441,0.416972145828268,50.0,7176.009486707666,118.82081529234529,91,329,19,90,28,40,0.055,0.6,1.2,20,116.67915586164374
392.34896225016945,37.626301452840735,15.79634718306532,426,0.38673297111417887,70.2127659574468,7934.6513710034,110.9270679966095,44,310,30,43,47,25,0.035,0.4,1.0,22,116.64153450380628
346.70229573605155,34.96942702299475,20.340164386047196,441,0.40657908064752274,61.36363636363637,7011.1504827210365,119.9026832789712,75,333,22,74,44,40,0.045,0.6,1.2,22,116.44819198657252
376.6247117805375,36.73418880341253,13.189479416691006,426,0.41654972339704066,61.76470588235294,7611.894533610751,114.1381428892574,75,317,44,74,34,30,0.045,0.6,0.6,20,116.44737850681771
380.2834283394123,36.943843232955274,14.224782831210478,566,0.3935317549817179,63.888888888888886,7695.796438788249,113.29148321175599,68,315,40,67,36,40,0.035,0.3,0.6,20,116.37310618380911
380.2834283394123,36.943843232955274,14.224782831210478,566,0.3935317549817179,63.888888888888886,7695.796438788249,113.29148321175599,68,315,40,67,36,40,0.035,0.25,0.6,20,116.37310618380911
386.4359062262488,37.29353506588144,13.20506008889705,426,0.39597179557643947,58.333333333333336,7808.118422524984,112.0628049750259,63,312,49,62,36,25,0.055,0.6,0.6,20,116.35582940555011
386.3508637262487,37.288725627149866,13.20506008889705,426,0.39594339575767806,58.333333333333336,7806.417572524985,112.0628049750259,63,312,50,62,36,25,0.07,0.6,0.6,20,116.34082395670758
368.51716442813785,36.26497844470795,19.3189160028842,441,0.3876662130682345,65.9090909090909,7458.4309565627555,114.07719293725319,55,318,20,54,44,30,0.035,0.3,1.2,22,115.32263145417129
368.51716442813785,36.26497844470795,19.3189160028842,441,0.3876662130682345,65.9090909090909,7458.4309565627555,114.07719293725319,55,318,20,54,44,30,0.035,0.25,1.2,22,115.32263145417129
384.640919582201,37.19187955334824,12.023713407786571,426,0.4067320903720846,61.111111111111114,7780.490517644028,111.21629985598089,58,310,24,57,36,25,0.045,0.4,1.0,20,115.29482661537953
209.9574273115981,25.439867259920913,23.049603293451877,1086,0.3138448425490392,56.60377358490566,4513.156692731957,160.4276712680437,24,452,182,23,53,20,0.07,0.4,0.6,35,114.98820001484252
386.35021392311626,37.28868887601362,20.036410672818445,441,0.40114918226826507,65.9090909090909,7804.72890846233,110.11981553767579,52,307,34,51,44,25,0.045,0.6,1.0,22,114.47627484936181
375.3440267856639,36.660497962618145,20.597242998986513,441,0.40390686979617263,65.9090909090909,7588.836589713283,111.8797162867208,52,312,23,51,44,25,0.045,0.5,1.2,22,114.38075364336862
375.9017091667718,36.69260659555715,12.382124776308967,441,0.40100026997564886,60.0,7600.094747335449,111.69753266455879,63,311,26,62,35,25,0.055,0.5,1.0,20,114.11400651218274
375.81666666677194,36.68771220787548,12.382124776308967,441,0.40096947073283196,60.0,7598.39389733545,111.69753266455879,63,311,26,62,35,25,0.07,0.5,1.0,20,114.09878496649273
390.5986393655509,37.52813382019655,13.26479934115436,441,0.41387149132539797,56.666666666666664,7891.333081311025,109.54027268898149,75,304,30,74,30,30,0.045,0.6,0.8,20,114.08552681339752
205.91008830103857,25.10996449290568,23.75760864422668,1086,0.31125724062236887,60.0,4456.081298520767,161.17833597923598,24,454,182,23,55,20,0.07,0.3,0.6,35,113.99923879779178
203.01494005453287,24.871830134640316,24.3727195582936,1086,0.3095356454342953,58.18181818181818,4421.071623590653,162.5851274093489,24,458,182,23,55,20,0.07,0.25,0.6,35,113.91298201665265
395.5665583055179,37.806036044850686,15.914152049581928,441,0.38886785343388114,69.56521739130434,7990.731464110349,107.755061389653,44,301,55,43,46,25,0.035,0.6,0.6,22,113.79616849500056
375.2752460757316,36.65653581826005,19.728319426631955,441,0.40582881815482186,66.66666666666666,7584.865215514632,111.1201609853723,52,310,42,51,45,25,0.045,0.6,0.8,22,113.63526103660617
369.08881894365476,36.29827384024278,19.3189160028842,441,0.38784975561604074,65.11627906976744,7468.883948873092,112.3080766269178,55,313,20,54,43,30,0.035,0.4,1.2,22,113.61359711995989
364.95031560123124,36.05649432398168,18.61202938018725,441,0.39720710540025783,65.0,7376.110880024631,112.4446814753746,30,315,44,29,60,25,0.035,0.6,1.2,28,113.5779571205423
387.8394146299053,37.3728112267755,12.178874883185438,441,0.408367069846862,57.57575757575758,7841.860158598118,108.7272629018887,58,303,31,57,33,25,0.045,0.5,0.8,20,113.23961801712974
246.22372344238704,28.25186079590607,22.390856207682035,680,0.31589874676471075,53.06122448979592,5285.24729134774,142.14895215226298,26,400,132,25,49,20,0.055,0.25,0.6,28,113.00744318362428
246.1546834535759,28.246736363738336,22.390856207682035,680,0.3158761666187421,53.06122448979592,5283.866491571518,142.1489499284854,26,400,133,25,49,20,0.07,0.25,0.6,28,112.98694545495334
212.05968263202087,25.609866914220646,20.930325378006508,1086,0.3192286713054163,59.183673469387756,4533.2641051404225,156.5495478595823,24,441,182,23,49,20,0.07,0.5,0.6,35,112.93951309171305
247.59384086259982,28.353387930997155,22.219313958188767,680,0.3164758938903002,53.06122448979592,5289.756349751992,141.449617748009,26,398,132,25,49,20,0.055,0.3,0.6,28,112.84648396536868
383.31284232157424,37.116472568224346,16.21996210434197,441,0.3908172274245473,72.3404255319149,7751.328712431491,108.84429056851249,44,304,37,43,47,25,0.035,0.5,0.8,22,112.83407660740201
251.31050879460219,28.627194467532124,21.402955562556844,680,0.3182959620410581,51.06382978723404,5340.21832239204,140.0518031079616,26,394,132,25,47,20,0.055,0.4,0.6,28,112.79114620207658
377.98395172537795,36.81222671228617,13.740291429121394,441,0.4165460313114761,55.172413793103445,7641.635088507563,110.29240299244279,75,306,17,74,29,30,0.045,0.5,1.2,20,112.64541373959568
348.6341301095122,35.08617275848638,21.319251551819985,441,0.4076204315670328,61.36363636363637,7049.787170190244,115.51324480976129,69,321,22,68,44,30,0.045,0.6,1.2,22,112.62661455474127
355.088637689583,35.47334244569957,12.545626416749128,441,0.42636997612484656,60.0,7179.497383791672,114.34289920833939,82,317,24,81,30,40,0.045,0.6,1.0,20,112.45049555286764
380.52239395345424,36.95749212820205,14.640366136112926,566,0.3937935481447605,63.888888888888886,7700.395733069079,109.22495143092499,61,304,40,60,36,30,0.035,0.4,0.6,20,112.35077606973422
247.5388729505803,28.34932091836453,22.219313958188767,680,0.3164580132289595,54.166666666666664,5288.656991511603,140.738213988399,26,396,133,25,48,20,0.07,0.3,0.6,28,112.26331083672353
196.11345524095591,24.296737396090705,26.199236953655635,1086,0.30623954607532544,56.896551724137936,4260.148637319113,164.00963318088998,24,462,182,23,58,20,0.055,0.3,0.6,35,112.25092676993906
251.2610367627397,28.623565112839945,21.402955562556844,680,0.3182799285181409,52.17391304347826,5339.228881754791,139.34041074521178,26,392,133,25,46,20,0.07,0.4,0.6,28,112.20437524233257
383.6705247332514,37.13679772813403,12.689419576413252,426,0.40482444110034543,56.25,7761.4981626650315,108.4323503349776,58,302,17,57,32,25,0.045,0.3,1.2,20,112.15312913896476
383.6705247332514,37.13679772813403,12.689419576413252,426,0.40482444110034543,56.25,7761.4981626650315,108.4323503349776,58,302,17,57,32,25,0.045,0.25,1.2,20,112.15312913896476
200.94230272726415,24.700229741889256,25.28770876212989,1086,0.3092433609528223,55.55555555555556,4332.854201045281,160.78047695472148,24,453,182,23,54,20,0.055,0.4,0.6,35,111.89204073075834
366.9603597651034,36.17413906253666,14.274644191631975,566,0.39526985190325525,64.51612903225806,7430.890723302067,111.11531419793809,68,309,26,67,31,40,0.035,0.3,0.8,20,111.77808970323828
366.9603597651034,36.17413906253666,14.274644191631975,566,0.39526985190325525,64.51612903225806,7430.890723302067,111.11531419793809,68,309,26,67,31,40,0.035,0.25,0.8,20,111.77808970323828
193.1963754712418,24.050433774523626,26.823263208523933,1086,0.3044828982657428,56.14035087719298,4224.700331924835,164.7050230751705,24,464,182,23,57,20,0.055,0.25,0.6,35,111.59401271378961
354.1706073353477,35.41854390280144,14.19255883960753,441,0.4132612451568683,50.0,7160.516714706958,113.69790229305079,84,315,19,83,28,30,0.07,0.6,1.2,20,111.56841329382453
371.61327550879685,36.444921208056115,14.180769731700465,566,0.3976162194716148,64.70588235294117,7515.121654175941,110.1035318240658,68,306,40,67,34,40,0.035,0.5,0.6,20,111.52145889665171
381.4066586362592,37.007951134997064,14.640366136112926,566,0.3940847852591267,63.888888888888886,7718.261044725188,108.16970027481649,61,301,40,60,36,30,0.035,0.25,0.6,20,111.39393291634116
381.4066586362592,37.007951134997064,14.640366136112926,566,0.3940847852591267,63.888888888888886,7718.261044725188,108.16970027481649,61,301,40,60,36,30,0.035,0.3,0.6,20,111.39393291634116
356.10703563723297,35.53402875127452,13.997294562057231,441,0.4167261476404271,50.0,7199.245280744662,112.96681625534379,83,313,19,82,28,30,0.055,0.6,1.2,20,111.22150999148924
237.3202063343295,27.58415678380317,21.791439610731512,744,0.3146751306936111,51.78571428571429,5108.057037186595,143.3022473134112,27,403,94,26,56,20,0.07,0.25,0.8,28,111.16415183872678
385.83424521003195,37.25949465688942,12.64551509165205,426,0.40618163144865777,56.25,7803.792474200638,106.6719082993681,58,297,17,57,32,25,0.045,0.4,1.2,20,110.66069913096159
237.4263217250197,27.592197258807218,21.791439610731512,744,0.314713757409701,54.54545454545454,5110.179345000399,142.5908454996066,27,401,93,26,55,20,0.055,0.25,0.8,28,110.64471100781694
390.12446936758806,37.50149158066607,12.58329941387365,441,0.3990255784358139,53.125,7881.8496813517695,106.04878164823859,63,295,34,62,32,25,0.055,0.6,0.8,20,110.62940016296491
390.039426867588,37.49671110920756,12.58329941387365,441,0.39899698721639115,53.125,7880.14883135177,106.04878164823859,63,295,33,62,32,25,0.07,0.6,0.8,20,110.61529777216231
368.40864813698215,36.25865436310167,14.274644191631975,566,0.3957923050882351,64.51612903225806,7456.620666739642,109.70849826036259,68,305,26,67,31,40,0.035,0.4,0.8,20,110.58889580746009
376.38863469005594,36.7206167992012,13.469387505038602,441,0.39968959225520806,51.61290322580645,7609.728747801125,108.20897919888279,63,301,19,62,31,25,0.055,0.5,1.2,20,110.52905656559561
376.30359219005584,36.71572641261716,13.469387505038602,441,0.3996591282657569,51.61290322580645,7608.027897801126,108.20897919888279,63,301,19,62,31,25,0.07,0.5,1.2,20,110.51433650197764
373.82526595492163,36.57290213774598,18.184315630740507,441,0.40444513563398216,60.3448275862069,7553.609887098433,107.8743679015697,33,302,38,32,58,25,0.035,0.6,1.2,25,110.45016445599285
359.64166418522973,35.74382002948977,20.648336024825962,441,0.40517240136522714,60.86956521739131,7269.937851704593,110.90262029541219,57,309,25,56,46,25,0.055,0.6,1.2,22,110.44840389112338
237.60822451886048,27.605975522643945,21.7219462022793,744,0.31481565544845314,52.72727272727272,5108.336852877214,142.23854462279078,27,400,93,26,55,20,0.055,0.3,0.8,28,110.42390209057578
202.98604267425634,24.869444087475113,23.229404044774142,1086,0.31428368699739356,60.0,4348.3999659851315,157.6102700148725,24,444,182,23,50,20,0.055,0.5,0.6,35,110.42033174838951
237.5231820188605,27.599534700414765,21.7219462022793,744,0.3147848226301172,52.72727272727272,5106.636002877215,142.23854462279078,27,400,94,26,55,20,0.07,0.3,0.8,28,110.39813880165906
395.2409215418058,37.787888521506204,15.572919137889352,426,0.38832489872057124,71.73913043478261,7986.878994836124,104.58821466388079,44,292,30,43,46,25,0.035,0.5,1.0,22,110.34063448279811
358.62184112469885,35.68342312690271,18.236201047633873,441,0.3917107539881148,68.29268292682927,7254.392876493986,111.04609650602379,61,309,20,60,41,40,0.035,0.5,1.2,22,110.26177746212937
341.5849609167315,34.658210264470625,18.61202938018725,441,0.3882048135187618,63.934426229508205,6908.803786334629,113.415617165375,27,318,47,26,61,25,0.035,0.6,1.2,35,110.21310864101659
356.3453174619689,35.54821231468037,20.648336024825962,441,0.40381603400436966,60.86956521739131,7204.0109172393795,110.9008347606262,57,309,25,56,46,25,0.07,0.6,1.2,22,109.84397605236234
273.2596028488333,30.198551135184616,17.462064050297275,680,0.3340950391085041,55.55555555555556,5549.02113897666,128.762934523339,25,362,116,24,45,20,0.045,0.3,0.6,28,109.31875510936831
273.2536022488334,30.198131766317072,17.462064050297275,680,0.3340927223901151,55.55555555555556,5548.901126976661,128.762934523339,25,362,116,24,45,20,0.045,0.25,0.6,28,109.3172369940678
368.3598860948608,36.25581224114895,17.50125971560894,441,0.38852713926631655,68.29268292682927,7444.922351897219,108.2297431027874,61,301,30,60,41,40,0.035,0.6,1.0,22,109.12999484585833
389.966729046178,37.49262403992078,12.344932221032234,426,0.409249543004268,60.0,7878.7348789235675,104.1984955764419,58,290,45,57,35,25,0.045,0.6,0.6,20,108.72860971577025
370.818919692014,36.398844371407904,17.063963353003057,441,0.3883715490249319,65.9090909090909,7504.466061840278,106.72658865973119,44,298,21,43,44,25,0.035,0.3,1.2,22,108.46855622679556
370.818919692014,36.398844371407904,17.063963353003057,441,0.3883715490249319,65.9090909090909,7504.466061840278,106.72658865973119,44,298,21,43,44,25,0.035,0.25,1.2,22,108.46855622679556
249.83008911833755,28.518410970416163,20.613462417303406,680,0.3209776851003859,56.81818181818182,5285.280894866745,135.0968346332588,26,380,132,25,44,20,0.055,0.5,0.6,28,108.36996168758141
249.74504661833748,28.512150744925147,20.613462417303406,680,0.32094713899276445,56.81818181818182,5283.580044866745,135.0968346332588,26,380,133,25,44,20,0.07,0.5,0.6,28,108.34617283071556
275.3416231393685,30.343734639012276,17.371230988278,680,0.33530792121425035,51.11111111111111,5590.641542787365,127.0033507126378,25,357,116,24,45,20,0.045,0.4,0.6,28,108.32713266127382
240.92405116469737,27.85609909090352,21.01038108554168,744,0.31652460680926986,56.00000000000001,5141.923611793951,138.0686947060548,27,388,93,26,50,20,0.055,0.4,0.8,28,108.08166447270565
240.8390086646973,27.84970841633676,21.01038108554168,744,0.3164937269138861,56.00000000000001,5140.222761793952,138.0686947060548,27,388,94,26,50,20,0.07,0.4,0.8,28,108.05686865538662
355.9938689414149,35.52729050538366,12.764470398829042,441,0.4270487930935638,58.06451612903226,7197.602008828305,109.5809961717025,75,304,24,74,31,30,0.045,0.6,1.0,20,108.00296313636633
358.84576018595953,35.696693462830645,13.572070980495498,566,0.4004399294564913,64.70588235294117,7264.587329719196,108.65316578081129,68,302,22,67,34,40,0.035,0.4,1.0,20,107.80401425774855
256.1088615584878,28.977283562520096,22.16899040287287,729,0.31955726651997235,46.808510638297875,5206.0063131697525,132.30338183024898,29,372,106,28,47,20,0.055,0.25,0.6,25,107.79549485257476
256.0398215696766,28.97227320888298,22.16899040287287,729,0.3195350884801928,46.808510638297875,5204.62551339353,132.3033796064714,29,372,107,28,47,20,0.07,0.25,0.6,25,107.77685633704469
379.3720953894696,36.89174112795577,13.457761595070169,426,0.3889577711642046,62.16216216216216,7677.389761789393,104.69538921061249,50,292,41,49,37,25,0.035,0.4,0.6,20,107.72388409363084
358.1184100913688,35.65356886851765,13.572070980495498,566,0.4001604576960301,66.66666666666666,7251.020425827382,108.6457606726267,68,302,22,67,33,40,0.035,0.3,1.0,20,107.67377798292331
358.1184100913688,35.65356886851765,13.572070980495498,566,0.4001604576960301,66.66666666666666,7251.020425827382,108.6457606726267,68,302,22,67,33,40,0.035,0.25,1.0,20,107.67377798292331
256.12357317421265,28.97835111000053,21.956462345503976,729,0.3196861357119877,46.808510638297875,5206.30054548425,131.9510130157515,29,371,106,28,47,20,0.055,0.3,0.6,25,107.50968261810198
372.64992868664933,36.50495932311559,13.774623356454047,566,0.3986452851985635,63.33333333333333,7538.070439732992,105.81219426701499,68,294,26,67,30,40,0.035,0.5,0.8,20,107.32458040995984
356.96298712320004,35.58495112799422,13.138721487060023,441,0.4260066843372246,51.85185185185185,7216.364310464009,108.70581353600079,82,301,17,81,27,40,0.045,0.6,1.2,20,107.1107028952626
356.6344951213958,35.56541746554054,17.275835149003537,441,0.39171127285699736,70.0,7212.050196427922,108.1575665720834,61,301,37,60,40,40,0.035,0.6,0.8,22,107.05190657127702
256.0686052621931,28.974362186589065,21.956462345503976,729,0.3196686089075687,47.82608695652174,5205.20118724386,131.2396092561415,29,369,107,28,46,20,0.07,0.3,0.6,25,106.91539646851365
368.07509092042966,36.23920807239611,14.689907362432178,566,0.39585441719918135,64.51612903225806,7453.185346408589,105.9935270914156,61,295,26,60,31,30,0.035,0.25,0.8,20,106.90566381356854
368.07509092042966,36.23920807239611,14.689907362432178,566,0.39585441719918135,64.51612903225806,7453.185346408589,105.9935270914156,61,295,26,60,31,30,0.035,0.3,0.8,20,106.90566381356854
378.76448323965434,36.856959115472975,11.504247330592108,441,0.4145474601516851,61.76470588235294,7657.350228793097,104.1581107069093,58,290,24,57,34,25,0.045,0.5,1.0,20,106.88518143487163
258.6209537852292,29.159064406045566,21.010652621355234,729,0.3212818593116985,47.82608695652174,5256.228155704579,130.18066329542438,29,366,106,28,46,20,0.055,0.4,0.6,25,106.72217572612678
372.7465069195423,36.510547320141164,14.595155946296885,566,0.39821135239529426,64.70588235294117,7537.786282390853,104.9817486091541,61,292,40,60,34,30,0.035,0.5,0.6,20,106.6107981748122
360.55167461476776,35.797623104577056,19.235027296749863,441,0.39260390970756276,68.29268292682927,7292.989546295359,106.6566597046471,55,297,20,54,41,30,0.035,0.5,1.2,22,106.31894062059386
372.027042562683,36.46889730728942,14.532232107804427,566,0.3966277390985196,58.620689655172406,7528.628519253661,104.83552074634619,68,291,15,67,29,40,0.035,0.3,1.2,20,106.1244911642122
372.027042562683,36.46889730728942,14.532232107804427,566,0.3966277390985196,58.620689655172406,7528.628519253661,104.83552074634619,68,291,15,67,29,40,0.035,0.25,1.2,20,106.1244911642122
373.44187493667744,36.55075424772354,16.031913200130173,441,0.3910030817390171,65.11627906976744,7555.945068733546,103.83555476646279,44,290,21,43,43,25,0.035,0.4,1.2,22,105.99718731839826
258.73782727924646,29.16749682607982,21.010652621355234,729,0.3213256655703445,50.0,5258.565625584923,129.10935341508,29,363,107,28,44,20,0.07,0.4,0.6,25,105.87801347866974
369.52337929230845,36.32356263475105,14.689907362432178,566,0.39637709433304297,64.51612903225806,7478.915289846164,104.5867111538401,61,291,26,60,31,30,0.035,0.4,0.8,20,105.70156726712555
373.04196250823816,36.527636654638584,14.532232107804427,566,0.39698895783927546,58.620689655172406,7547.94682016476,104.13078083524819,68,289,15,67,29,40,0.035,0.4,1.2,20,105.56486993190552
380.6406354054976,36.96424366672393,13.462174727755515,426,0.3893183428208284,62.16216216216216,7702.940580109953,102.23328239005099,50,285,41,49,37,25,0.035,0.3,0.6,20,105.3480944501632
380.6406354054976,36.96424366672393,13.462174727755515,426,0.3893183428208284,62.16216216216216,7702.940580109953,102.23328239005099,50,285,41,49,37,25,0.035,0.25,0.6,20,105.3480944501632
370.29172046832156,36.36822969853741,18.5092125102831,441,0.3893632173999091,68.29268292682927,7483.559039366427,103.84030463357749,55,289,30,54,41,30,0.035,0.6,1.0,22,105.10418382877313
196.450224763613,24.325047439370916,19.983154206235888,1086,0.31659141271297714,59.61538461538461,4197.221561772262,153.39028372774098,24,432,182,23,52,20,0.07,0.6,0.6,35,105.08420493808237
248.34600784237563,28.408988298740102,19.54189801713226,694,0.32006590727259154,54.347826086956516,5248.694079347509,130.91420215249258,27,368,93,26,46,20,0.055,0.5,0.8,28,104.54507693936358
248.2609653423757,28.402706752565578,19.54189801713226,694,0.3200350434260542,54.347826086956516,5246.993229347509,130.91420215249258,27,368,94,26,46,20,0.07,0.5,0.8,28,104.52196084944133
178.5963260933212,22.78738074512221,27.214608455221935,1101,0.2956932436200493,54.83870967741935,3928.098884366432,162.6169726335723,25,458,121,24,62,20,0.055,0.3,0.8,35,104.36620381265972
178.51128359332125,22.77987020906085,27.236826449792222,1101,0.29564964847614633,54.83870967741935,3926.3980343664316,162.6169726335723,25,458,122,24,62,20,0.07,0.3,0.8,35,104.3318055574987
260.33340426955624,29.282398525380703,20.72845091848331,694,0.3243232053545982,53.191489361702125,5284.49456539112,126.79104710888149,30,356,68,29,47,20,0.055,0.4,0.8,25,104.2453387503553
260.24836176955614,29.276284666142892,20.72845091848331,694,0.32429364948423034,53.191489361702125,5282.79371539112,126.79104710888149,30,356,69,29,47,20,0.07,0.4,0.8,25,104.22357341146869
181.54609073212433,23.046761956020468,26.449125367138933,1101,0.2971053964946219,53.57142857142857,3962.5317211424926,160.19468335751418,25,451,121,24,56,20,0.055,0.4,0.8,35,103.94089642165231
181.46104823212428,23.039314418190138,26.47134180154121,1101,0.29706221770894686,53.57142857142857,3960.8308711424925,160.19468335751418,25,451,122,24,56,20,0.07,0.4,0.8,35,103.90730802603751
263.213359314006,29.488765758101177,17.15922467998301,1101,0.3333255422034843,56.25,5342.153672280123,125.29496721988319,26,352,82,25,48,20,0.045,0.3,0.8,28,103.80045546851615
263.1578544473977,29.48480086545,17.15922467998301,1101,0.33330237949661484,56.25,5341.043574947957,125.29496555204999,26,352,82,25,48,20,0.045,0.25,0.8,28,103.78649904638401
256.88469964954146,29.033534158208262,21.262851616187465,694,0.32264390053322883,48.0,5215.580478990828,127.13786650917429,30,357,69,29,50,20,0.07,0.25,0.8,25,103.64971694480349
378.9524668077077,36.8677237734925,13.37815062872266,441,0.38870296021891587,62.5,7670.732864154157,100.7681958458481,50,281,27,49,32,25,0.035,0.25,0.8,20,103.59830380351393
378.9524668077077,36.8677237734925,13.37815062872266,441,0.38870296021891587,62.5,7670.732864154157,100.7681958458481,50,281,27,49,32,25,0.035,0.3,0.8,20,103.59830380351393
264.4492606338105,29.57692494747215,17.08399228237773,1101,0.3342084719984326,55.319148936170215,5366.811692676211,124.6482588237944,26,350,82,25,47,20,0.045,0.4,0.8,28,103.51923731615253
256.0657231241056,28.974153021378758,21.648144107071445,694,0.3220813916840029,50.0,5199.200948482109,127.1555855178912,30,357,68,29,50,20,0.055,0.3,0.8,25,103.43772628632216
255.98068062410556,28.967980628419433,21.648144107071445,694,0.32205193225182654,50.0,5197.500098482109,127.1555855178912,30,357,69,29,50,20,0.07,0.3,0.8,25,103.41569084345737
354.05844787911263,35.41184287450545,20.451389883440594,441,0.4110478440713567,62.22222222222222,7158.2735255822545,104.8374004177512,52,292,23,51,45,25,0.045,0.6,1.2,22,103.40258119355592
358.56632949485646,35.680132485093765,18.286801837861947,441,0.3926122313917268,70.0,7250.6868838971295,103.76812810287349,55,289,37,54,40,30,0.035,0.6,0.8,22,103.11558288192099
256.9908150402317,29.041220239488432,21.262851616187465,694,0.3226810637757057,51.02040816326531,5217.702786804632,126.42646469536969,30,355,68,29,49,20,0.055,0.25,0.8,25,103.09633185018393
192.19763468414843,23.9656547673762,23.99710439398665,1101,0.3030999788430324,52.83018867924528,4125.726616182971,152.678721317029,25,430,121,24,53,20,0.055,0.5,0.8,35,103.05231549971766
192.11259218414838,23.95842515853839,24.019224614968472,1101,0.30305764802514074,52.83018867924528,4124.025766182972,152.678721317029,25,430,122,24,53,20,0.07,0.5,0.8,35,103.02122818171507
355.49123763792994,35.49734633224764,12.245352415353693,441,0.41010068776681124,58.06451612903226,7187.54938275861,104.26137674139589,63,290,26,62,31,25,0.055,0.6,1.0,20,102.94230436351815
355.4061951379299,35.49227732678104,12.245352415353693,441,0.4100648291249713,58.06451612903226,7185.84853275861,104.26137674139589,63,290,26,62,31,25,0.07,0.6,1.0,20,102.92760424766502
359.233141246695,35.71963898448218,13.991845011855766,566,0.4007909349433237,66.66666666666666,7273.315048933902,103.52397356610419,61,288,22,60,33,30,0.035,0.3,1.0,20,102.87256027530867
359.233141246695,35.71963898448218,13.991845011855766,566,0.4007909349433237,66.66666666666666,7273.315048933902,103.52397356610419,61,288,22,60,33,30,0.035,0.25,1.0,20,102.87256027530867
383.65628593817667,37.135988844050935,13.51182045166756,426,0.3910705220932225,62.857142857142854,7755.981862763541,99.4047362364659,50,277,41,49,35,25,0.035,0.5,0.6,20,102.8666890980211
267.6171058274977,29.801806595810643,17.14702241422901,1086,0.33186703976861154,50.0,5436.171198549952,122.7223149500496,27,345,96,26,44,20,0.045,0.3,0.6,25,102.81623275554672
267.60510462749767,29.800957573850617,17.14702241422901,1086,0.3318623182851197,50.0,5435.931174549952,122.7223149500496,27,345,96,26,44,20,0.045,0.25,0.6,25,102.81330362978463
360.21198974984975,35.7775496710804,13.991845011855766,566,0.401172988975332,66.66666666666666,7291.911920996993,103.1715085030132,61,287,22,60,33,30,0.035,0.4,1.0,20,102.68156755600076
195.3601219323835,24.233316187087507,23.185711829931012,1086,0.3008770980511325,59.25925925925925,3991.0315206476675,150.2309698523386,24,423,163,23,54,20,0.045,0.3,0.6,35,102.50692747138017
187.360760125133,23.55176315628926,22.436551874951025,1086,0.31081595280914687,58.490566037735846,4015.4322690026574,154.44817449734438,24,435,182,23,53,20,0.055,0.6,0.6,35,102.45016972985827
373.77766114197556,36.57015286271206,14.191607949444657,566,0.3992414251573839,63.33333333333333,7560.6250888395125,100.6904071604925,61,280,26,60,30,30,0.035,0.5,0.8,20,102.39642801559376
194.28854160567818,24.142879343008428,23.467343037318567,1086,0.3003499367586148,59.25925925925925,3969.599914113562,150.58297288644508,24,424,163,23,54,20,0.045,0.25,0.6,35,102.36580841435574
380.2382612435502,36.941262833370494,13.373758586530164,426,0.3891673832845858,62.5,7693.212928871002,99.3620241290011,50,277,27,49,32,25,0.035,0.4,0.8,20,102.32729804843628
358.09471997852637,35.65216336109365,13.355251682558448,441,0.42678817129659324,51.85185185185185,7238.998967570528,103.5840264294783,75,287,17,74,27,30,0.045,0.6,1.2,20,102.32170884633878
363.5507321761115,35.974338492534216,13.586836086043942,566,0.40213254748053684,65.625,7350.414941522235,102.30393997777209,68,284,40,67,32,40,0.035,0.6,0.6,20,102.16712131879717
175.3862287361612,22.502600311722798,27.949963277692465,1101,0.2937619434959189,56.896551724137936,3869.3774852232273,160.88871777677608,25,453,121,24,58,20,0.055,0.25,0.8,35,101.93677941210429
268.771941846993,29.883401701833524,17.344073275418655,1086,0.3327132754237407,52.27272727272727,5459.247916939857,121.33204056014759,27,341,96,26,44,20,0.045,0.4,0.6,25,101.90239980325232
175.25271623913582,22.490698508556427,27.984894509939306,1101,0.293691927157074,55.172413793103445,3866.70723528272,160.8886327172829,25,453,122,24,58,20,0.07,0.25,0.8,35,101.88286424376062
380.9883787243738,36.98409197409347,11.652561808421051,441,0.4147204521612159,54.83870967741935,7699.1278684874815,98.85417001252469,58,275,31,57,31,25,0.045,0.6,0.8,20,101.70625292875704
351.8534168431179,35.279832507581446,13.001840449374733,489,0.40695232385409985,65.625,7119.1289008623535,103.70594963765329,68,288,22,67,32,40,0.035,0.5,1.0,20,101.60591762183456
260.86546654258166,29.320623275436187,16.9564572507723,680,0.337433442253462,58.139534883720934,5294.151212851627,123.16192164837379,25,346,116,24,43,20,0.045,0.5,0.6,28,101.44935653300921
373.14177371800923,36.53340786819905,14.945841439327252,566,0.39721153885009297,58.620689655172406,7550.923142360182,99.7137336398237,61,277,15,60,29,30,0.035,0.25,1.2,20,101.19753979491136
373.14177371800923,36.53340786819905,14.945841439327252,566,0.39721153885009297,58.620689655172406,7550.923142360182,99.7137336398237,61,277,15,60,29,30,0.035,0.3,1.2,20,101.19753979491136
255.29836977302267,28.918415712025336,20.30525689014188,679,0.32342278175881267,48.837209302325576,5182.809277460445,124.19724153955559,29,349,106,28,43,20,0.055,0.5,0.6,25,100.92527083496843
255.21332727302268,28.912232660219562,20.30525689014188,679,0.32339233925525357,48.837209302325576,5181.108427460445,124.19724153955559,29,349,107,28,43,20,0.07,0.5,0.6,25,100.90369198416627
190.36479743629843,23.809468063781637,24.344641785879656,1101,0.29841161356264667,52.459016393442624,3885.1824347259717,150.3441932740331,26,423,107,25,61,20,0.045,0.3,0.8,35,100.71404990979633
196.30335881645823,24.31270452951577,22.738962224651125,1086,0.3017210903438813,58.82352941176471,4009.876256329161,147.0426056708431,24,414,163,23,51,20,0.045,0.4,0.6,35,100.65459675219527
190.18327996969012,23.793957040562287,24.39252204704125,1101,0.2983196791545768,52.459016393442624,3881.552085393805,150.3441916061999,26,423,107,25,61,20,0.045,0.25,0.8,35,100.64843828157848
374.1566936635643,36.59203664446207,14.945841439327252,566,0.39757290649889593,58.620689655172406,7570.241443271281,99.0089937287257,61,275,15,60,29,30,0.035,0.4,1.2,20,100.6281007722707
233.11687898874936,27.264027247896095,18.80695372180668,679,0.31972385810118276,57.446808510638306,4930.554646274985,130.856284225016,26,368,132,25,47,20,0.055,0.6,0.6,28,100.33162027225764
233.03183648874926,27.25751706886692,18.80695372180668,679,0.31968811961615656,57.446808510638306,4928.853796274986,130.856284225016,26,368,133,25,47,20,0.07,0.6,0.6,28,100.30766281343027
192.69098457482448,24.007562126736538,23.722702214595085,1101,0.2996369281953195,52.63157894736842,3931.6461714964976,148.2418510035092,26,417,107,25,57,20,0.045,0.4,0.8,35,100.11153406849137
363.90373009419943,35.99507822714894,16.7091501876545,441,0.3944760668842986,69.04761904761905,7360.030655883993,99.66752161601359,44,278,21,43,42,25,0.035,0.5,1.2,22,100.06631747147404
368.2140549471418,36.247310981762524,12.51352702248642,441,0.41697557188670786,53.333333333333336,7446.237152942844,99.25405455716229,58,276,17,57,30,25,0.045,0.5,1.2,20,100.04257830966456
370.0652523148082,36.35507017403623,12.581408818765578,426,0.3934090668861697,64.70588235294117,7489.957270296172,98.65082720383599,50,275,22,49,34,25,0.035,0.3,1.0,20,99.97644297859964
370.0652523148082,36.35507017403623,12.581408818765578,426,0.3934090668861697,64.70588235294117,7489.957270296172,98.65082720383599,50,275,22,49,34,25,0.035,0.25,1.0,20,99.97644297859964
364.16966937253466,36.010694660410714,14.325855085532883,489,0.40170387603126345,59.25925925925925,7365.349441450699,99.8876145493076,68,277,15,67,27,40,0.035,0.5,1.2,20,99.74962420933768
374.1531567381355,36.59183250157647,16.192308303303076,441,0.3918281096327275,69.04761904761905,7560.787764762711,97.5554932372949,44,272,30,43,42,25,0.035,0.6,1.0,22,99.52978440428801
214.15334904126686,25.778264268043127,19.04456056299444,679,0.3133008272592159,60.0,4591.079027325341,137.27276617466538,28,386,73,27,50,20,0.055,0.4,1.0,28,99.50410007464647
335.90030037020495,34.30909118858509,18.121692215081985,441,0.3956788016100279,65.85365853658537,6795.110575404097,104.3467445959092,61,290,20,60,41,40,0.035,0.6,1.2,22,99.49636444689676
371.018984425473,36.410455036759146,12.56783727869831,426,0.39390523385729537,64.70588235294117,7508.051814509463,97.94646949054349,50,273,22,49,34,25,0.035,0.4,1.0,20,99.40054225035247
269.5991007732649,29.941719238756882,16.596341029822273,744,0.33660021463001544,57.77777777777777,5465.752589465294,117.8853220347076,26,331,82,25,45,20,0.045,0.5,0.8,28,99.10709068028528
195.3167100005465,24.22965750721722,20.910733784613893,1086,0.30372630618379953,58.333333333333336,3983.1760820109344,144.2317519890703,24,406,163,23,48,20,0.045,0.5,0.6,35,98.3724094793019
358.1747966153146,35.65691398300741,12.579191030749165,441,0.41077315766281985,48.275862068965516,7240.600500306303,98.9970216937048,63,275,19,62,29,25,0.055,0.6,1.2,20,98.05651345327038
358.0897541153146,35.65186873471426,12.579191030749165,441,0.41073756759930236,48.275862068965516,7238.899650306304,98.9970216937048,63,275,19,62,29,25,0.07,0.6,1.2,20,98.04263902046422
210.54837018960617,25.48774700162535,19.917677190468137,694,0.3113760269256285,60.416666666666664,4561.208172292128,136.57305720787798,28,384,73,27,48,20,0.055,0.25,1.0,28,97.87294848624134
365.05684946255957,36.06273978024785,13.390104433333901,489,0.40305814197077033,64.28571428571429,7380.497283251205,97.69835774880079,68,271,26,67,28,40,0.035,0.6,0.8,20,97.73002480447168
236.5930385021862,27.529004024124216,18.99835851852244,595,0.32406063830399606,56.25,4811.298412043727,126.3214469562778,31,355,53,30,48,20,0.055,0.4,1.0,25,97.72796428564097
357.97310548427845,35.64494719642679,11.553891549666751,441,0.4234236027468789,56.25,7237.186739685578,98.55113881442989,58,274,24,57,32,25,0.045,0.6,1.0,20,97.66715531820941
362.26957839866736,35.898960435912805,15.922753009675628,441,0.39518717947453713,71.42857142857143,7324.7518619733555,97.49232652664959,44,272,37,43,42,25,0.035,0.6,0.8,22,97.64517238568284
207.95634465272167,25.277190299506415,19.04456056299444,730,0.31020618130799205,58.82352941176471,4467.138939554439,137.24918494556758,27,386,75,26,51,20,0.07,0.4,1.0,28,97.56995455609476
210.94270334174783,25.51965639427287,19.877089296595987,694,0.31159650309788145,59.57446808510638,4550.977523334962,135.8636391650444,28,382,73,27,47,20,0.055,0.3,1.0,28,97.48508742612236
364.6874639368572,36.041079974410614,14.006733393022225,566,0.4027724251673609,65.625,7373.149576737145,97.18215676286039,61,270,40,60,32,30,0.035,0.6,0.6,20,97.31091593090866
197.8522996115191,24.44263514413891,22.53314550349318,1101,0.30218862715371825,52.94117647058824,4030.816566230377,141.119531269623,26,397,107,25,51,20,0.045,0.5,0.8,35,97.03726152223149
352.98114929844377,35.347411573253275,13.423769029389506,566,0.40764345279782843,65.625,7141.683549968874,98.5841625311308,61,274,22,60,32,30,0.035,0.5,1.0,20,96.85190771071399
255.99163514372796,28.96877577468007,18.78933725511553,688,0.32633442029945003,50.0,5193.603276874558,118.59715712544299,30,333,68,29,46,20,0.055,0.5,0.8,25,96.46602332968463
255.9065926437279,28.96260235441257,18.78933725511553,688,0.32630239241308484,50.0,5191.902426874558,118.59715712544299,30,333,69,29,46,20,0.07,0.5,0.8,25,96.44546584019386
264.15837515451705,29.556197070158085,17.024808693432412,679,0.33520479261148756,52.38095238095239,5360.009385090331,116.0583024096686,27,326,96,26,42,20,0.045,0.5,0.6,25,96.35320244871535
219.20224142483485,26.18069459079635,20.679360860318187,1086,0.3138254719812608,62.745098039215684,4467.873910496688,130.7268380033116,20,368,135,19,51,20,0.035,0.3,0.6,35,96.34495609413057
219.11223242483473,26.173564986230314,20.70194562126974,1086,0.3137823916757862,62.745098039215684,4466.073730496689,130.7268380033116,20,368,135,19,51,20,0.035,0.25,0.6,35,96.31871914932756
204.05806735949847,24.957839228066803,19.917677190468137,1101,0.3081210585513114,59.183673469387756,4431.402115689974,136.9014938100326,27,385,75,26,49,20,0.07,0.25,1.0,28,96.08768102805719
230.1621576155885,27.037053942440092,18.99835851852244,679,0.321050613473074,53.06122448979592,4682.680794311773,126.297735688232,30,355,54,29,49,20,0.07,0.4,1.0,25,95.98154149566233
211.85617808760705,25.59345054818596,17.67616379768382,540,0.3160731604672882,57.99999999999999,4520.662160252146,133.35352824785738,28,375,73,27,50,20,0.055,0.5,1.0,28,95.97543955569735
242.46502878353286,27.971678443292912,21.142254356114456,1086,0.3141846546165144,57.49999999999999,4933.109655670655,122.1990228293455,37,343,63,36,40,20,0.055,0.4,0.6,22,95.94285706049469
258.5770573573563,29.155896712054542,16.99788393243018,694,0.33513548668794224,53.191489361702125,5249.367627147125,117.20025785287929,28,329,63,27,47,20,0.045,0.4,0.8,25,95.92290018265945
242.37998628353287,27.965310776426676,21.142254356114456,1086,0.31415561936434605,57.49999999999999,4931.408805670655,122.1990228293455,37,343,64,36,40,20,0.07,0.4,0.6,22,95.9210159631435
253.58945112175334,28.793940326640598,15.974316106614836,679,0.3382937912779469,56.52173913043478,5145.970638435064,118.49883806493699,25,333,116,24,46,20,0.045,0.6,0.6,28,95.88382128771319
242.21513363766883,27.952963618993998,21.490834699936382,1086,0.3137899705733001,57.14285714285714,4928.131754753378,122.2154962466244,37,343,63,36,42,20,0.055,0.3,0.6,22,95.87866521314942
242.13009113766884,27.946592233715585,21.490834699936382,1086,0.3137611839340099,57.14285714285714,4926.430904753378,122.2154962466244,37,343,64,36,42,20,0.07,0.3,0.6,22,95.85681136164446
183.20737316762637,23.191888064484377,20.744958819838118,1086,0.30448009085076205,56.60377358490566,3972.159509852525,146.7233686474786,26,413,86,25,53,20,0.055,0.4,1.0,35,95.78249770632047
337.8321347436654,34.42813957244528,19.134287934368484,441,0.396702126290665,65.85365853658537,6833.747262873305,99.9573061266993,55,278,20,54,41,30,0.035,0.6,1.2,22,95.71022801139787
204.75169476946115,25.014900444468815,19.877089296595987,1101,0.3084946344957549,58.333333333333336,4427.157351889228,135.84006961077898,27,382,75,26,48,20,0.07,0.3,1.0,28,95.55691969787087
252.10737094851794,28.68559743430272,16.688047858807728,1086,0.3287703345537105,57.77777777777777,5125.976500970355,118.40910552964459,21,333,104,20,45,20,0.035,0.3,0.6,28,95.52303945622806
252.10137034851795,28.685158038383364,16.688047858807728,1086,0.3287677369385984,57.77777777777777,5125.856488970356,118.40910552964459,21,333,104,20,45,20,0.035,0.25,0.6,28,95.5215762678166
255.30088679456574,28.918598695134847,17.001429155335945,744,0.3333444597001865,48.97959183673469,5183.9042218913155,117.5846971086893,28,330,63,27,49,20,0.045,0.3,0.8,25,95.43137569394499
255.19287599456567,28.910745564601935,17.001429155335945,744,0.33329613855008167,48.97959183673469,5181.744005891315,117.5846971086893,28,330,63,27,49,20,0.045,0.25,0.8,25,95.40546036318638
242.31708366724146,27.960600048143757,21.71549740032443,1086,0.3137146594519466,58.536585365853654,4928.775115344825,121.5032716551752,37,341,63,36,41,20,0.055,0.25,0.6,22,95.34564616417022
242.23204116724148,27.95423018046055,21.71549740032443,1086,0.3136859709313831,58.536585365853654,4927.074265344825,121.5032716551752,37,341,64,36,41,20,0.07,0.25,0.6,22,95.32392491537047
372.5970618694638,36.501900073058714,13.480822723765012,441,0.3928274724766102,53.333333333333336,7540.028905389279,93.7549306107277,50,261,15,49,30,25,0.035,0.25,1.2,20,95.26995919068324
372.5970618694638,36.501900073058714,13.480822723765012,441,0.3928274724766102,53.333333333333336,7540.028905389279,93.7549306107277,50,261,15,49,30,25,0.035,0.3,1.2,20,95.26995919068324
221.68105566331997,26.376412360379085,20.096791772651915,1086,0.31501844844288324,61.224489795918366,4517.430193266396,128.2772112336076,20,361,135,19,49,20,0.035,0.4,0.6,35,95.21884862096849
275.53854902644395,30.35743331887568,16.584113176500185,694,0.3390057593043458,50.0,5584.541554528881,111.5075434711211,28,313,63,27,46,20,0.045,0.5,0.8,25,95.01876628808088
231.60339435471627,27.147967679483397,19.54793823658975,689,0.3216712823655821,56.52173913043478,4711.565535094331,124.53880140567249,31,350,53,30,46,20,0.055,0.25,1.0,25,95.01788687819189
365.29740182786094,36.07683774942054,14.739313096231202,566,0.40233733735314675,59.25925925925925,7387.90409055722,94.7658274427851,61,263,15,60,27,30,0.035,0.5,1.2,20,94.88208328097602
214.64566747281327,25.81773194895296,19.486590821796625,1101,0.31356014176005614,61.111111111111114,4370.799835456264,130.5457350437396,22,367,89,21,54,20,0.035,0.3,0.8,35,94.75107625265737
214.59016260620496,25.813284762395018,19.500955809927948,1101,0.3135321970846657,61.111111111111114,4369.689738124098,130.5457333759064,22,367,89,21,54,20,0.035,0.25,0.8,35,94.73475507798972
253.37015050045957,28.77793195091156,16.682973315374905,1086,0.32933773435674213,56.81818181818182,5151.2120900091895,117.02249549081279,21,329,104,20,44,20,0.035,0.4,0.6,28,94.67939611849904
231.5556765950713,27.144301623902646,19.67925258007423,689,0.32155285693617813,57.77777777777777,4710.611179901431,123.8264345985719,31,348,53,30,45,20,0.055,0.3,1.0,25,94.4621696511812
184.55391596242688,23.309020518991662,22.112953795507995,1101,0.3047726483977219,56.00000000000001,3951.619117748539,143.9139457514612,25,405,121,24,50,20,0.055,0.6,0.8,35,94.40153310191623
184.46887346242684,23.301636007735315,22.136231314302446,1101,0.30472341160656613,56.00000000000001,3949.918267748538,143.9139457514612,25,405,122,24,50,20,0.07,0.6,0.8,35,94.37162583132802
361.8660063450318,35.87518124319844,12.72037644606529,441,0.39758944697964865,61.29032258064516,7322.391992900641,94.3946955993662,50,263,27,49,31,25,0.035,0.5,0.8,20,94.35172666961189
373.75036200645246,36.568576182301584,13.46628098775033,441,0.39338913198352643,53.333333333333336,7562.114810129049,92.6985368709577,50,258,15,49,30,25,0.035,0.4,1.2,20,94.34692655033808
177.8688153873105,22.723071234618274,21.60232577314222,1101,0.30166232935303017,56.86274509803921,3907.617076246219,147.4348192537884,26,415,86,25,51,20,0.055,0.25,1.0,35,94.30074562366585
209.68338506570183,25.417638860754366,20.422201339265516,501,0.31356628386998153,50.98039215686274,4477.56633581403,132.05024168597419,29,371,50,28,51,20,0.055,0.3,1.2,28,94.2994401733987
234.4380576735677,27.36499589814465,18.197611941478343,610,0.3205706595713495,61.904761904761905,4949.301951971351,122.4668885286508,27,344,93,26,42,20,0.055,0.6,0.8,28,94.13558588961759
234.3530151735677,27.358506295190544,18.197611941478343,610,0.3205345824739365,61.904761904761905,4947.6011019713505,122.4668885286508,27,344,94,26,42,20,0.07,0.6,0.8,28,94.11326165545547
185.3020114842739,23.37390410866589,17.22668056353837,1086,0.3094470602738284,47.368421052631575,3970.685938185471,142.9834608145355,27,402,62,26,57,20,0.055,0.4,1.2,35,93.96309451683686
178.77946847766552,22.803548758255943,21.566172544526673,1101,0.3021705616556721,57.99999999999999,3907.712826053318,146.3724524466878,26,412,86,25,50,20,0.055,0.3,1.0,35,93.95062088401448
189.3639280068695,23.723845105404884,19.762484746887885,1086,0.30266161323558927,58.82352941176471,3861.4601761373897,140.648795362611,24,396,163,23,51,20,0.045,0.6,0.6,35,93.94642661740333
176.26210136020447,22.580564656056,21.267523950639777,1086,0.3001763927225598,56.36363636363636,3833.254073704088,147.76235079591578,25,416,88,24,55,20,0.07,0.4,1.0,35,93.93514896919297
208.24422997305732,25.3006457436981,21.107959590662727,501,0.31231565563737645,50.0,4452.40359596114,132.0386195388648,29,371,50,28,50,20,0.055,0.25,1.2,28,93.86539570911995
375.29553859079556,36.65770482558188,12.904448190512621,441,0.3952046662058561,66.66666666666666,7585.311069815914,91.9572896840934,50,256,41,49,33,25,0.035,0.6,0.6,20,93.84372435348962
205.6987436560106,25.092641899885916,17.67616379768382,694,0.3127493247535604,57.99999999999999,4397.5134716202165,132.6185568797874,27,373,75,26,50,20,0.07,0.5,1.0,28,93.59555428657447
221.65641741758373,26.374472961343965,17.540423024040035,1101,0.31650794386170655,58.490566037735846,4506.898922351669,125.90073614833119,22,354,89,21,53,20,0.035,0.5,0.8,35,93.36563428315763
225.171008534377,26.64993163435887,19.54793823658975,694,0.31862890242724323,55.319148936170215,4582.917818687545,124.5151018124591,30,350,54,29,47,20,0.07,0.25,1.0,25,93.27476072025605
212.2292293334035,25.623537422832122,19.797043753640324,501,0.3153516238990409,50.0,4509.230295168062,129.5356563319406,29,364,50,28,50,20,0.055,0.4,1.2,28,93.26967621910893
248.41415471823493,28.41402098812349,16.537793195371805,1101,0.32971428021648647,60.86956521739131,5046.169580364695,116.7770131353084,22,328,74,21,46,20,0.035,0.3,0.8,28,93.19798884104505
248.35864985162664,28.40992197850074,16.537793195371805,1101,0.3296890101020175,60.86956521739131,5045.059483032529,116.77701146747519,22,328,74,21,46,20,0.035,0.25,0.8,28,93.18454408948243
230.1819249716479,27.038577801722386,15.514209494794837,1101,0.33071151266992416,63.04347826086957,4683.136147432963,122.44176706704259,26,344,64,25,46,20,0.045,0.25,1.0,28,93.012707637925
230.1819249716479,27.038577801722386,15.514209494794837,1101,0.33071151266992416,63.04347826086957,4683.136147432963,122.44176706704259,26,344,64,25,46,20,0.045,0.3,1.0,28,93.012707637925
215.6704557657212,25.899728012439716,19.179045085918283,1101,0.31408989418942845,57.99999999999999,4391.235595314423,127.6961161855802,22,359,89,21,50,20,0.035,0.4,0.8,35,92.98002356465858
180.49026464502592,22.954170954910303,18.075240907642343,1086,0.3058720712825287,53.57142857142857,3893.7039274005183,144.02474109948818,27,405,62,26,56,20,0.055,0.3,1.2,35,92.96439236738672
179.60357756051962,22.876197097386374,18.122683746668216,1086,0.30509918054166685,51.78571428571429,3876.754763710391,144.4183237896182,27,406,62,26,56,20,0.055,0.25,1.2,35,92.87736021538866
366.1885823178861,36.129016117182225,13.811265509222123,566,0.4036975761454895,64.28571428571429,7403.1319403577245,92.5765706422783,61,257,26,60,28,30,0.035,0.6,0.8,20,92.85157142115831
182.65119694497645,23.143377670576925,17.22668056353837,1086,0.30772648811348996,46.42857142857143,3917.669647399521,142.62232460048529,27,401,61,26,56,20,0.07,0.4,1.2,35,92.80494445901347
171.43437035789066,22.148346753627422,22.68869697816275,1101,0.2975992533729003,57.407407407407405,3778.928175657821,148.8341118421846,25,419,88,24,54,20,0.07,0.25,1.0,35,92.8015728976989
225.130791524732,26.646793092322696,19.67925258007423,694,0.3185184179255168,56.52173913043478,4582.113478494645,123.80273500535849,30,348,54,29,46,20,0.07,0.3,1.0,25,92.73083996128298
172.35252419824565,22.231018136489354,22.39276078681196,1101,0.29813118168365166,58.490566037735846,3779.1739404649206,147.771745035084,25,416,88,24,53,20,0.07,0.3,1.0,35,92.48103544779572
249.20096334164313,28.472070363497327,16.45313424771205,1086,0.33086657773231554,59.523809523809526,5060.861148832857,114.9426866671448,21,323,104,20,42,20,0.035,0.5,0.6,28,91.96478727409637
203.52595063410539,24.91399408071231,20.422201339265516,595,0.3102979502689799,50.98039215686274,4354.4176471821,131.31527031790418,28,369,50,27,51,20,0.07,0.3,1.2,28,91.93263815782842
360.0496672000513,35.767953152607326,12.11982587703432,441,0.4234394004740372,53.57142857142857,7278.0979120010325,92.55371899897479,58,257,17,57,28,25,0.045,0.6,1.2,20,91.92363960220082
331.18661065727474,34.01683167668661,13.09837926074621,485,0.4146099586344484,64.28571428571429,6701.456843145502,97.38012535450389,68,270,22,67,28,40,0.035,0.6,1.0,20,91.84544552705384
177.162378144483,22.66049557286882,18.122683746668216,1086,0.3035039076535839,50.90909090909091,3830.766559389656,144.0559241103538,27,405,61,26,55,20,0.07,0.25,1.2,35,91.77500707011872
249.2660291782157,28.476866124282974,16.53274381556219,1101,0.3301220663045157,61.36363636363637,5063.147063564311,114.64876393569439,22,322,74,21,44,20,0.035,0.4,0.8,28,91.69550892019119
178.19085442898927,22.751554995949054,18.075240907642343,1086,0.30436982007016183,50.90909090909091,3847.7157230797825,143.3123414202238,27,403,61,26,55,20,0.07,0.3,1.2,35,91.68876663367469
217.41971225403978,26.039200266233166,18.88410244919436,1086,0.3156272107718504,60.86956521739131,4425.236127080796,125.1333024192078,20,352,135,19,46,20,0.035,0.5,0.6,35,91.65798493714074
180.59680207827287,22.963526418563475,19.6499338453306,1101,0.3073073686938704,54.166666666666664,3895.4746400654626,141.7150004345416,26,399,86,25,48,20,0.055,0.5,1.0,35,91.62447041006827
202.0867955414608,24.795102446748295,21.107959590662727,595,0.30906033678253625,50.0,4329.25490732921,131.3036481707948,28,369,50,27,50,20,0.07,0.25,1.2,28,91.4939280285012
256.7444067603906,29.02336974884159,19.38622745769711,1086,0.324460953312792,51.28205128205128,5218.7172172078135,112.33503729218829,37,315,50,36,39,20,0.055,0.25,0.6,20,91.423614708851
256.65936426039065,29.01720674867545,19.38622745769711,1086,0.32442971240761614,51.28205128205128,5217.016367207814,112.33503729218829,37,315,51,36,39,20,0.07,0.25,0.6,20,91.40420125832766
257.8348098037448,29.10228695969497,18.216401825814167,1086,0.3257898348079134,50.0,5240.505276074893,111.97420192510819,37,314,50,36,38,20,0.055,0.4,0.6,20,91.3811810534422
220.12750048885655,26.25389123043833,15.46618249754248,1086,0.3290483811751432,59.183673469387756,4481.987651777133,123.84942072287139,26,348,64,25,49,20,0.045,0.4,1.0,28,91.3635414819254
257.7497673037448,29.09613898324519,18.216401825814167,1086,0.32575815737975233,50.0,5238.804426074894,111.97420192510819,37,314,51,36,38,20,0.07,0.4,0.6,20,91.3618764073899
257.19269800811423,29.055837853227363,19.02368552464572,1086,0.324902962594832,51.28205128205128,5227.683042162287,111.9830163377153,37,314,50,36,39,20,0.055,0.3,0.6,20,91.23533085913392
257.1076555081143,29.049681039669075,19.02368552464572,1086,0.3248716077738229,51.28205128205128,5225.982192162288,111.9830163377153,37,314,51,36,39,20,0.07,0.3,0.6,20,91.2159984645609
228.43617021528564,26.9037159415483,18.20337918567404,679,0.3206120843932551,55.319148936170215,4642.905020305713,120.6252066942904,29,339,106,28,47,20,0.055,0.6,0.6,25,91.20359704184874
228.35112771528566,26.89713166747836,18.20337918567404,679,0.3205737844929558,55.319148936170215,4641.204170305714,120.6252066942904,29,339,107,28,47,20,0.07,0.6,0.6,25,91.18127635275164
254.72664988800307,28.876825782170854,16.222055164565003,1101,0.3319392368113954,57.446808510638306,5168.303571760055,112.1491887399458,22,315,74,21,47,20,0.035,0.5,0.8,28,90.96200121383819
206.07179490180707,25.123212106037563,19.797043753640324,525,0.31208024782597804,50.0,4386.081606536133,128.8006849638706,28,362,50,27,50,20,0.07,0.4,1.2,28,90.94602782385599
193.78469945196076,24.100266157077964,16.901471434089665,1101,0.31542367281635897,50.0,4118.350997539216,134.1572869607902,27,377,62,26,52,20,0.055,0.5,1.2,35,90.85800341218392
191.35560531468363,23.893998127819273,16.901471434089665,1101,0.31387511905376364,50.943396226415096,4069.7691147936725,135.21922870633378,27,380,61,26,53,20,0.07,0.5,1.2,35,90.79719288571323
255.1775909690555,28.90963408353382,15.964884577819344,612,0.33880543602753793,57.77777777777777,5171.910851381108,111.93303211889379,26,314,82,25,45,20,0.045,0.6,0.8,28,90.7762510222962
227.1958316255015,26.8075494179274,14.979471144399326,694,0.3337833565370892,60.416666666666664,4619.418380510034,119.92714198997,26,337,64,25,48,20,0.045,0.5,1.0,28,90.34144153841534
351.8944799783012,35.282295569715274,12.065366212078569,426,0.4027193875545309,65.625,7119.950163566027,91.93632693397879,50,256,22,49,32,25,0.035,0.5,1.0,20,90.3226766584711
220.0559055223021,26.24823344241085,19.364427344924234,441,0.31966555409469855,52.083333333333336,4643.775118946039,121.82453355396439,29,342,50,28,48,20,0.055,0.5,1.2,28,89.76895837304511
174.08346504339278,22.386269358557808,19.6499338453306,1101,0.30290143967600164,54.0,3765.20789936786,142.402781132142,25,401,88,24,50,20,0.07,0.5,1.0,35,89.7689401278168
224.37649558606353,26.587870121248393,17.262029123752253,679,0.3303446320233283,51.02040816326531,4563.536209721263,120.12003677874179,27,337,45,26,49,20,0.045,0.3,1.2,28,89.60112230860709
224.2684847860636,26.57942372833353,17.262029123752253,679,0.33028303198457865,51.02040816326531,4561.3759937212635,120.12003677874179,27,337,45,26,49,20,0.045,0.25,1.2,28,89.572657964484
234.48716741623093,27.36874286724371,21.307652007401515,1101,0.3134387742386376,57.89473684210527,4767.629834324617,116.5893196753824,37,327,45,36,38,20,0.055,0.25,0.8,22,89.49578917588694
234.40212491623095,27.362254026305987,21.307652007401515,1101,0.3134074418418577,57.89473684210527,4765.928984324617,116.5893196753824,37,327,44,36,38,20,0.07,0.25,0.8,22,89.47457066602058
235.04867426038265,27.411553408187572,21.03494509102503,1101,0.3138082052960383,57.89473684210527,4778.859971207652,116.23731329234889,37,326,45,36,38,20,0.055,0.3,0.8,22,89.36166411069148
240.6805137895479,27.83779462502105,16.3184908895506,1086,0.3179054523368992,55.00000000000001,4896.183731790956,114.39077420904549,34,321,58,33,40,20,0.045,0.4,0.6,22,89.35932074631756
234.96363176038267,27.405073265637302,21.03494509102503,1101,0.3137768034029947,57.89473684210527,4777.159121207652,116.23731329234889,37,326,44,36,38,20,0.07,0.3,0.8,22,89.3405388459776
240.29166342974634,27.808546615201713,16.48676296557691,1086,0.3173129084932732,56.41025641025641,4889.662350594925,114.02523190507719,34,320,58,33,39,20,0.045,0.3,0.6,22,88.9873491686455
240.29166342974634,27.808546615201713,16.48676296557691,1086,0.3173129084932732,56.41025641025641,4889.662350594925,114.02523190507719,34,320,58,33,39,20,0.045,0.25,0.6,22,88.9873491686455
247.27991608949554,28.330154075350265,16.384886601954125,679,0.334667997835305,53.333333333333336,5018.18427778991,111.79248071009279,27,314,96,26,45,20,0.045,0.6,0.6,25,88.95668379659983
342.3517224123965,34.70502484305129,15.922107946041272,441,0.40070996038257223,66.66666666666666,6924.1390162479265,91.84132475207869,44,256,21,43,42,25,0.035,0.6,1.2,22,88.8448635982113
237.56164034623413,27.60244756065642,19.973241416901015,1101,0.31545522955094735,57.89473684210527,4829.059286924681,114.47714857531969,37,321,45,36,38,20,0.055,0.4,0.8,22,88.6038566697071
237.47659784623414,27.596006027587492,19.973241416901015,1101,0.31542353221656744,57.89473684210527,4827.358436924681,114.47714857531969,37,321,44,36,38,20,0.07,0.4,0.8,22,88.58317934855584
239.16732120570563,27.72382677264298,19.691507350344565,1086,0.31667058901213146,55.26315789473685,4860.188306114112,113.3815293858917,37,318,63,36,38,20,0.055,0.5,0.6,22,88.16176913700468
239.08227870570568,27.71740963967617,19.691507350344565,1086,0.3166386237639014,55.26315789473685,4858.487456114111,113.3815293858917,37,318,64,36,38,20,0.07,0.5,0.6,22,88.14136265417022
377.2586782584301,36.77060877259537,12.436051749972634,441,0.3962875438219842,60.71428571428571,7624.53385916861,85.93613033139239,50,239,27,49,28,25,0.035,0.6,0.8,20,87.88175496650292
223.4669275105549,26.516671936133164,20.06842114621012,595,0.32164902762258396,52.0,4545.344848211089,117.918744788914,31,331,39,30,50,20,0.055,0.3,1.2,25,87.77018410860077
332.6420317990657,34.107342601345245,13.719771946169343,485,0.4141370205183814,56.00000000000001,6729.945203981317,92.79891101868819,68,257,15,67,25,40,0.035,0.6,1.2,20,87.65587048545727
213.89847109070556,25.757812038951332,19.364427344924234,441,0.3164495949039864,52.083333333333336,4520.626430314109,121.0895621858944,28,340,50,27,48,20,0.07,0.5,1.2,28,87.57656093243453
235.32799285449272,27.432827919871738,15.578794440153597,744,0.3329094359259483,59.523809523809526,4786.0575050898615,113.5097109101439,28,319,50,27,42,20,0.045,0.3,1.0,25,87.51072106439084
235.21998205449282,27.424602876669745,15.578794440153597,744,0.3328522466998692,59.523809523809526,4783.897289089861,113.5097109101439,28,319,50,27,42,20,0.045,0.25,1.0,25,87.48448317657649
332.3183435126008,34.087233885476344,13.521414326906411,566,0.4154197809344874,64.28571428571429,6724.091500252023,92.2583382479814,61,256,22,60,28,30,0.035,0.6,1.0,20,87.26331874681944
227.55267450732376,26.835246157678426,15.450722120062425,679,0.3329273138895993,56.52173913043478,4630.4911321464815,115.64794285352369,28,325,50,27,46,20,0.045,0.4,1.0,25,87.21455001245488
223.12264787148374,26.489681017728817,20.255442554812277,595,0.32130506066038583,48.97959183673469,4538.459255429667,117.2057960703381,31,329,39,30,49,20,0.055,0.25,1.2,25,87.1510505483278
219.45801787516598,26.200945848491752,16.912868266785587,610,0.32441350469290686,53.333333333333336,4464.66210550332,118.1825644966836,31,332,53,30,45,20,0.055,0.5,1.0,25,86.98714021699261
187.26140039339074,23.54320272792736,20.921005807837187,1101,0.30114856297400694,61.702127659574465,3813.5870398678126,131.2665316321886,26,369,107,25,47,20,0.045,0.6,0.8,35,86.87441806605194
263.349558662872,29.49849286664332,16.774735145486236,1086,0.3329521406843859,52.38095238095239,5350.820255257439,104.2781532425621,22,293,80,21,42,20,0.035,0.3,0.6,25,86.43058409926493
263.349558662872,29.49849286664332,16.774735145486236,1086,0.3329521406843859,52.38095238095239,5350.820255257439,104.2781532425621,22,293,80,21,42,20,0.035,0.25,0.6,25,86.43058409926493
225.37882256068985,26.666144530873193,19.56543681465382,593,0.3227994229303535,47.91666666666667,4583.522743213787,115.43934228621569,31,324,39,30,48,20,0.055,0.4,1.2,25,86.39830828002916
263.6515047994077,29.520046915432154,16.769607753048156,1086,0.33310513937195174,52.38095238095239,5356.8391759881515,103.9264555118521,22,292,80,21,42,20,0.035,0.4,0.6,25,86.1985369930619
246.99567798334945,28.309102865018065,18.519570086275287,1101,0.32401625423718894,52.94117647058824,5015.344299666991,108.42658133300999,37,304,35,36,34,20,0.055,0.25,0.8,20,86.05967270965492
246.9106354833495,28.302801777119633,18.519570086275287,1101,0.32398221143035094,52.94117647058824,5013.643449666992,108.42658133300999,37,304,34,36,34,20,0.07,0.25,0.8,20,86.04051740244368
353.7820685301793,35.395324787395865,13.210558506378725,441,0.4014971448802331,57.14285714285714,7157.597424603588,87.39198589641859,50,243,15,49,28,25,0.035,0.5,1.2,20,86.01063923337196
205.16806760309714,25.049103466647594,17.57187074090709,533,0.3147276167575838,56.81818181818182,4355.0902685619485,122.09288893805639,28,343,73,27,44,20,0.055,0.6,1.0,28,85.91842489060126
247.44396923107317,28.34229789038909,18.15823020693705,1101,0.3244880235026663,52.94117647058824,5024.310124621465,108.07456037853699,37,303,35,36,34,20,0.055,0.3,0.8,20,85.87716260787894
247.35892673107318,28.336003305235714,18.15823020693705,1101,0.3244538589012318,52.94117647058824,5022.609274621465,108.07456037853699,37,303,34,36,34,20,0.07,0.3,0.8,20,85.8580900148642
214.18783603493364,25.781030596444367,17.1944617578163,679,0.32901318853720934,51.02040816326531,4359.703012698664,118.32748380134079,27,332,45,26,49,20,0.045,0.4,1.2,28,85.5930215801953
217.07561658090583,26.011813369290195,20.06842114621012,679,0.3183411926401009,52.0,4417.518629618106,117.18364338189599,30,329,40,29,50,20,0.07,0.3,1.2,25,85.57886598496474
226.96461646886402,26.789590509254225,19.962087848331688,1052,0.3129882991631503,64.1025641025641,4618.789977377285,113.3814971227165,37,318,34,36,39,20,0.055,0.25,1.0,22,85.19089781942844
250.3176784014647,28.55428036204661,16.9739078777725,1052,0.32662591325053375,50.0,5084.180048029293,106.3301189707092,37,298,35,36,34,20,0.055,0.4,0.8,20,85.0917554788989
250.23263590146462,28.54802710589748,16.9739078777725,1052,0.3265914790039107,50.0,5082.479198029294,106.3301189707092,37,298,34,36,34,20,0.07,0.4,0.8,20,85.07312077557448
229.65178750029938,26.997684388499476,19.375223585162146,1037,0.31478161037083363,63.1578947368421,4672.4733920059925,112.3189729940104,37,315,34,36,38,20,0.055,0.4,1.0,22,85.04270582377335
174.6387483669934,22.435907617789685,21.8023283721858,1086,0.2983310409130658,56.60377358490566,3572.212609339871,134.7394671601324,25,379,77,24,53,20,0.045,0.4,1.0,35,85.03208987142291
216.73133694183466,25.98438803495371,20.255442554812277,679,0.31800162301825813,48.97959183673469,4410.633036836685,116.47069466332009,30,327,40,29,49,20,0.07,0.25,1.2,25,84.96894887429863
213.0667069455169,25.690976089463557,16.912868266785587,689,0.3208226931097903,53.333333333333336,4336.835886910338,117.44746308966559,30,330,54,29,45,20,0.07,0.5,1.0,25,84.78022109522973
231.7800443697314,27.161535659928447,17.145025740045465,355,0.3346136270370677,53.191489361702125,4707.751299394625,111.2395181053786,27,312,45,26,47,20,0.045,0.5,1.2,28,84.74399125897676
218.48803070141793,26.124077732020478,15.081039594934783,1086,0.32629569210258336,61.224489795918366,4449.198256028364,115.2857084716398,22,324,56,21,49,20,0.035,0.4,1.0,28,84.64201185174636
253.39865465405782,28.78001312919032,11.912903238606653,1086,0.33115895208911383,54.054054054054056,5151.802175081159,104.8732369188439,34,294,46,33,37,20,0.045,0.25,0.6,20,84.61323859981954
253.39865465405782,28.78001312919032,11.912903238606653,1086,0.33115895208911383,54.054054054054056,5151.802175081159,104.8732369188439,34,294,46,33,37,20,0.045,0.3,0.6,20,84.61323859981954
178.80248677475578,22.80558023821262,18.15879710455502,1086,0.30079395961165994,50.90909090909091,3652.056033495116,132.0578890048912,26,371,56,25,55,20,0.045,0.3,1.2,35,84.60870268376883
178.56546307475588,22.78465528681297,18.230771309292177,1086,0.3006414787796064,50.90909090909091,3647.3155594951168,132.0578890048912,26,371,56,25,55,20,0.045,0.25,1.2,35,84.53107111407613
197.47911995562382,24.411381013670198,18.685643250911966,1101,0.3097209604752804,61.224489795918366,4022.168355112476,122.95238538752399,20,346,135,19,49,20,0.035,0.6,0.6,35,84.46337830729888
223.6682697456034,26.532446169491752,19.962087848331688,1101,0.31155725764343695,64.1025641025641,4552.863042912071,113.37971158793049,37,318,34,36,39,20,0.07,0.25,1.0,22,84.37317881898377
232.4912901582709,27.21610602361504,15.03776847016193,694,0.33623645204297387,56.81818181818182,4725.327551165422,110.35254583458209,28,310,50,27,44,20,0.045,0.5,1.0,25,84.36992867320663
228.92983745015974,26.9419104020586,15.776162098460686,1101,0.3272398320178368,57.77777777777777,4652.778365003195,111.352221496806,21,313,104,20,45,20,0.035,0.6,0.6,28,84.32817955844341
218.98751163104077,26.163683205345457,19.56543681465382,673,0.3194964135413155,47.91666666666667,4455.696524620805,114.7042408791977,30,322,40,29,48,20,0.07,0.4,1.2,25,84.24705992121238
226.35544077703872,26.74222603525731,19.375223585162146,1086,0.3133426219469985,63.1578947368421,4606.546457540779,112.3171874592244,37,315,34,36,38,20,0.07,0.4,1.0,22,84.23801201106052
180.88093399002335,22.98846325777695,17.576651257559366,1086,0.30207632022247155,50.0,3693.5649718004597,130.26940319954488,26,366,56,25,54,20,0.045,0.4,1.2,35,84.13777552346363
240.85986374044174,27.851275727227986,17.359110199668148,441,0.32710800269131496,60.46511627906976,4885.556306808831,107.64642419116959,30,302,68,29,43,20,0.055,0.6,0.8,25,84.11085269622852
240.77482124044178,27.844884090244527,17.359110199668148,441,0.3270705646768481,60.46511627906976,4883.855456808831,107.64642419116959,30,302,69,29,43,20,0.07,0.6,0.8,25,84.09154995253847
255.58837131403388,28.939491505012715,11.862204796410383,1086,0.3324899825733235,51.35135135135135,5195.576506280675,103.4657077193269,34,290,46,33,37,20,0.045,0.4,0.6,20,83.92452536453688
180.89910857219476,22.99005766359521,19.716479747657477,1101,0.3028858637582431,56.25,3693.4839194439005,129.735863056105,25,365,77,24,48,20,0.045,0.5,1.0,35,83.91371047212252
253.63394485718192,28.79718728489835,16.97466658525783,729,0.32870580207985756,52.77777777777778,5149.520779143631,103.87554435636609,37,291,50,36,36,20,0.055,0.5,0.6,20,83.7998149990542
253.54890235718184,28.790980970543757,16.97466658525783,729,0.3286713181878441,52.77777777777778,5147.819929143632,103.87554435636609,37,291,51,36,36,20,0.07,0.5,0.6,20,83.78175462428234
199.01063317150061,24.539447592936092,17.57187074090709,694,0.31118930254775495,56.81818181818182,4231.941579930019,121.3579175699864,27,341,75,26,44,20,0.07,0.6,1.0,28,83.67951629191208
175.62730720996086,22.52407926548594,19.17977095293938,1101,0.305560964247769,56.52173913043478,3764.275060699225,131.90036380078058,26,371,86,25,46,20,0.055,0.6,1.0,35,83.56433407495284
217.20468136714035,26.022088540563225,15.030402387250286,1086,0.3260657683329382,62.22222222222222,4423.591275342813,114.22129615719439,22,321,56,21,45,20,0.035,0.3,1.0,28,83.53090421520795
217.20468136714035,26.022088540563225,15.030402387250286,1086,0.3260657683329382,62.22222222222222,4423.591275342813,114.22129615719439,22,321,56,21,45,20,0.035,0.25,1.0,28,83.53090421520795
343.30566782144854,34.763177426551216,12.183301550174331,441,0.40670387072792613,58.620689655172406,6943.83798642898,86.3297755710273,50,240,22,49,29,25,0.035,0.6,1.0,20,83.43162582372291
189.19176598208878,23.70909302502755,16.07635840040504,930,0.3174601512712528,50.0,4006.1282901417776,124.96705135822879,27,351,62,26,50,20,0.055,0.6,1.2,35,83.2189165178467
333.79826710439164,34.17907412754255,14.138815296985886,566,0.4149526229506836,56.00000000000001,6753.069910087836,87.6771239121657,61,243,15,60,25,30,0.035,0.6,1.2,20,83.05515012992839
187.05216306956345,23.52516794957196,16.07635840040504,930,0.3159742595737822,50.98039215686274,3963.3362318912705,125.67770160873559,27,353,61,26,51,20,0.07,0.6,1.2,35,83.043842861989
259.8763516876351,29.24952661390694,15.773600417347305,356,0.3404820713273102,59.523809523809526,5265.8860657526975,100.90450374730459,28,283,63,27,42,20,0.045,0.6,0.8,25,82.77616031735664
169.62058308713395,21.984372343225523,22.812762297013528,1101,0.2954698639626458,58.333333333333336,3471.9093097426876,133.6683837573164,25,376,77,24,48,20,0.045,0.3,1.0,35,82.66124001052796
169.4600670371339,21.969818537542672,22.860346746386035,1101,0.2953627296463427,58.333333333333336,3468.698988742687,133.6683837573164,25,376,77,24,48,20,0.045,0.25,1.0,35,82.60651770116044
232.75246241863542,27.236121045843586,16.167498377907684,1101,0.3174076540540188,59.45945945945946,4730.479988372707,108.0686831272932,34,303,41,33,37,20,0.045,0.3,0.8,22,82.52544676890606
232.75246241863542,27.236121045843586,16.167498377907684,1101,0.3174076540540188,59.45945945945946,4730.479988372707,108.0686831272932,34,303,41,33,37,20,0.045,0.25,0.8,22,82.52544676890606
215.49851732359951,25.885985631074803,19.754483276496394,1052,0.31044363707121325,64.1025641025641,4389.467994471995,113.37452752800799,37,318,34,36,39,20,0.055,0.3,1.0,22,82.31743430681787
235.2779697553375,27.42901891466154,15.70873004597175,1101,0.31909171384689994,56.75675675675676,4783.38587510675,106.99199089325269,34,300,41,33,37,20,0.045,0.4,0.8,22,82.28705674398462
212.56851629630344,25.650876231369747,14.685296574525852,1086,0.32669196889377966,60.416666666666664,4326.8720739260725,113.82574257393179,22,320,56,21,48,20,0.035,0.5,1.0,28,82.0828039403832
236.24880072132112,27.50286173674239,16.135969367688425,1086,0.319767180825342,57.89473684210527,4801.81789642642,106.29266357358149,34,298,58,33,38,20,0.045,0.5,0.6,22,81.95852797549232
213.63069707820537,25.736310678942754,17.827726210052834,360,0.3207628464017653,50.0,4494.906912064101,113.3745104358996,29,318,50,28,48,20,0.055,0.6,1.2,28,81.84146795903796
237.42376748453938,27.59200374506454,17.82582077349574,1101,0.32382681404782154,54.285714285714285,4827.972997690795,105.60794230920979,37,296,27,36,35,20,0.055,0.25,1.0,20,81.67233108539104
257.2865227560128,29.062629114499195,16.62405255409646,1101,0.3330702971966374,55.55555555555556,5223.616941120254,100.1034868797488,23,281,55,22,45,20,0.035,0.25,0.8,25,81.66598781174274
257.2865227560128,29.062629114499195,16.62405255409646,1101,0.3330702971966374,55.55555555555556,5223.616941120254,100.1034868797488,23,281,55,22,45,20,0.035,0.3,0.8,25,81.66598781174274
237.33872498453943,27.585560107123584,17.82582077349574,1101,0.32378954295399676,54.285714285714285,4826.2721476907955,105.60794230920979,37,296,27,36,35,20,0.07,0.25,1.0,20,81.65325791708581
232.15134053588454,27.19003503187567,18.36706712580091,441,0.327151322755279,47.82608695652174,4715.177222717685,106.9765707823177,31,300,39,30,46,20,0.055,0.5,1.2,25,81.57010509562701
187.5356761422251,23.566827456099347,17.588229370851664,1101,0.3061880236785275,47.05882352941176,3822.8639348445017,123.20313465550319,26,346,56,25,51,20,0.045,0.5,1.2,35,81.54122299810373
256.4670857262173,29.0032680575651,16.538365571711623,1086,0.3335104322180216,55.00000000000001,5206.18359652434,100.0603329756611,22,281,80,21,40,20,0.035,0.5,0.6,25,81.49918324175793
237.8720587322631,27.62594915302914,17.466240822720103,1101,0.32433209376272004,54.285714285714285,4836.938822645267,105.2559213547368,37,295,27,36,35,20,0.055,0.3,1.0,20,81.49655000143596
237.7870162322631,27.61951235338451,17.466240822720103,1101,0.32429469213930207,54.285714285714285,4835.237972645267,105.2559213547368,37,295,27,36,35,20,0.07,0.3,1.0,20,81.47756144248432
212.2021706003389,25.621356082022608,19.754483276496394,1101,0.30887961214740023,64.1025641025641,4323.541060006781,113.372741993222,37,318,34,36,39,20,0.07,0.3,1.0,22,81.4759123408319
226.63740198739416,26.76415779234871,16.56791774482486,679,0.3329838182143178,50.0,4608.754337747871,108.33902175213059,28,304,36,27,48,20,0.045,0.3,1.2,25,81.36303968874007
226.52939118739414,26.755758189976,16.56791774482486,679,0.33292147666992966,50.0,4606.594121747873,108.33902175213059,28,304,36,27,48,20,0.045,0.25,1.2,25,81.33750489752704
257.985354134869,29.113167395029315,16.618950370992177,1101,0.3334021547374549,57.14285714285714,5235.0978186973725,99.446330302631,23,279,55,22,42,20,0.035,0.4,0.8,25,81.22573703213179
169.14710008015896,21.94142223612985,19.17977095293938,1101,0.3009490411098451,58.69565217391305,3634.6709181031865,131.51669739681958,25,370,88,24,46,20,0.07,0.6,1.0,35,81.18326227368044
233.87032614904547,27.32164721327579,18.685438490146485,688,0.3180809696225314,57.14285714285714,4751.177096980909,106.0030605190905,37,297,45,36,35,20,0.055,0.5,0.8,22,81.1452922234291
233.78528364904548,27.315148786411704,18.685438490146485,689,0.3180461130266424,57.14285714285714,4749.476246980908,106.0030605190905,37,297,44,36,35,20,0.07,0.5,0.8,22,81.12599189564277
233.16258994661072,27.267525966991315,20.479209904238395,673,0.31588710422464567,57.14285714285714,4739.25809693221,105.96339606779459,37,297,24,36,35,20,0.055,0.25,1.2,22,80.98455212196421
233.52557958170323,27.295295594149003,20.3821328568396,673,0.31610459496764487,57.14285714285714,4746.51788963406,105.6120478659431,37,296,24,36,35,20,0.055,0.3,1.2,22,80.79407495868105
228.22719225681425,26.887533728662127,16.585061575548252,679,0.33388497213228724,50.0,4640.490137136275,106.93042236372659,28,300,36,27,48,20,0.045,0.4,1.2,25,80.66260118598638
202.72505136453537,24.847885873256548,17.58798565191107,1086,0.31692616808876,57.99999999999999,4133.938669290713,115.25734320929139,21,324,60,20,50,20,0.035,0.4,1.0,35,80.50715022935123
217.61819356417172,26.054986784979395,15.724252806411243,694,0.3306918687509112,60.46511627906976,4422.39407128344,109.72406721656239,26,308,64,25,43,20,0.045,0.6,1.0,28,80.24935929773653
229.86624322335007,27.014233269421894,20.479209904238395,729,0.3144719950656507,57.14285714285714,4673.331162466996,105.9616105330086,37,297,24,36,35,20,0.07,0.25,1.2,22,80.23227281018303
234.12112600068392,27.340804096893923,18.40035035928369,673,0.3182271886788525,55.55555555555556,4756.604136013675,104.5630899863242,37,293,63,36,36,20,0.055,0.6,0.6,22,80.1085560038992
240.3768588068889,27.814957008918118,16.611227342363392,1037,0.3262258690551547,55.88235294117647,4886.974818137784,102.78333536221989,37,288,27,36,34,20,0.055,0.4,1.0,20,80.10707618568418
234.03608350068393,27.334309571388715,18.40035035928369,673,0.3181922771386851,55.55555555555556,4754.903286013675,104.5630899863242,37,293,64,36,36,20,0.07,0.6,0.6,22,80.08952704416895
240.29181630688896,27.808558119353965,16.611227342363392,1037,0.3261882830326119,55.88235294117647,4885.273968137784,102.78333536221989,37,288,27,36,34,20,0.07,0.4,1.0,20,80.08864738373941
230.2292328584426,27.042224455694285,20.3821328568396,729,0.3146891926239807,57.14285714285714,4680.590955168846,105.61026233115709,37,296,24,36,35,20,0.07,0.3,1.2,22,80.04498438885508
222.16118513290266,26.414182052197233,17.1741082769656,540,0.32472859574538565,57.14285714285714,4513.253902658062,108.00706534194259,31,303,53,30,42,20,0.055,0.6,1.0,25,80.03497161815761
207.47326264660884,25.23779178737926,17.827726210052834,360,0.31724641070210835,50.0,4371.758223432171,112.63953906782959,28,316,50,27,48,20,0.07,0.6,1.2,28,79.75142204811846
225.76002960623546,26.695863408587385,18.36706712580091,441,0.32386465906077655,47.82608695652174,4587.351004124703,106.24146937529969,30,298,40,29,46,20,0.07,0.5,1.2,25,79.55367295759041
200.97833097675758,24.703220697340235,18.182312133423185,1086,0.3163420877246341,58.69565217391305,4099.064267535157,114.5441009648482,21,322,60,20,46,20,0.035,0.25,1.0,35,79.54437064543556
200.97833097675758,24.703220697340235,18.182312133423185,1086,0.3163420877246341,58.69565217391305,4099.064267535157,114.5441009648482,21,322,60,20,46,20,0.035,0.3,1.0,35,79.54437064543556
198.58851146653993,24.504201838306617,16.547185201901208,1101,0.31251020974579136,67.3913043478261,4040.1292613308005,115.31364816920019,22,324,89,21,46,20,0.035,0.6,0.8,35,79.39361395611344
344.92116172723354,34.86143023625159,12.79465583752753,441,0.4063151166564369,53.84615384615385,6975.527802544679,81.7471429553262,50,227,15,49,26,25,0.035,0.6,1.2,20,79.13544663629112
237.00932183214874,27.56058908874337,19.289040242391327,617,0.31841778386436587,55.88235294117647,4816.132728642968,102.43577635703319,37,287,24,36,34,20,0.055,0.4,1.2,22,79.09889068469347
244.47131870190555,28.121536469324248,11.381257255877083,1101,0.330970739360661,48.484848484848484,4967.31286003811,99.8811244618902,34,280,32,33,33,20,0.045,0.3,0.8,20,78.74030211410789
244.47131870190555,28.121536469324248,11.381257255877083,1101,0.330970739360661,48.484848484848484,4967.31286003811,99.8811244618902,34,280,32,33,33,20,0.045,0.25,0.8,20,78.74030211410789
222.2440833589264,26.42069873678401,15.31244560478869,1101,0.3156551334551893,60.526315789473685,4524.379315178534,106.24786132147099,34,298,32,33,38,20,0.045,0.25,1.0,22,78.73368223561636
222.2440833589264,26.42069873678401,15.31244560478869,1101,0.3156551334551893,60.526315789473685,4524.379315178534,106.24786132147099,34,298,32,33,38,20,0.045,0.3,1.0,22,78.73368223561636
261.39814234683547,29.358846984878472,16.307451308323987,1101,0.3342481994880389,53.65853658536586,5301.733420936701,95.5053820633008,23,268,55,22,41,20,0.035,0.5,0.8,25,78.68170991947432
223.338479141899,26.50660449756952,16.493208092639932,355,0.3348647573346528,50.0,4535.084110837979,105.59099566202319,27,296,45,26,48,20,0.045,0.6,1.2,28,78.45954931280578
230.36351852249314,27.052573379336554,15.171212887886654,1101,0.33078884333569264,65.85365853658537,4675.62940244986,103.32954705014,22,290,74,21,41,20,0.035,0.6,0.8,28,78.452462800076
233.7129751088881,27.309622369234642,19.289040242391327,673,0.3169932338825243,55.88235294117647,4750.205794177754,102.4339908222472,37,287,24,36,34,20,0.07,0.4,1.2,22,78.37861619970343
246.45644181241013,28.269128094203143,11.597735690723184,1101,0.3319782045710589,50.0,5006.9553162482025,98.85056325179879,34,277,32,33,34,20,0.045,0.4,0.8,20,78.30548482094271
224.54529808283624,26.601065893007924,15.219378907495626,1086,0.31716355023313747,63.1578947368421,4570.343603656729,104.8396513432745,34,294,32,33,38,20,0.045,0.4,1.0,22,78.2071337254433
215.76987420325358,25.90767141667163,17.1741082769656,688,0.32120794355813587,57.14285714285714,4385.42768406508,107.2719639349246,30,301,54,29,42,20,0.07,0.6,1.0,25,77.9820909641816
226.8723018056519,26.78241742191163,17.817406220023233,688,0.3183164143381539,61.111111111111114,4612.947784113041,103.5005893869613,37,290,34,36,36,20,0.055,0.5,1.0,22,77.66901052354373
245.9627146458701,28.232483351714933,15.555911612842912,689,0.3299692487327266,50.0,4993.024866917403,98.1957970826,37,275,35,36,32,20,0.055,0.5,0.8,20,77.63932921721607
245.87767214587,28.226167222316967,15.555911612842912,689,0.32993157930095207,50.0,4991.324016917404,98.1957970826,37,275,34,36,32,20,0.07,0.5,0.8,20,77.62195986137166
240.32712791546302,27.811215241202824,15.945747323628245,1086,0.3198012839278104,60.526315789473685,4890.351638309258,98.68536319074249,27,277,53,26,38,20,0.035,0.4,0.6,22,77.03706621813183
196.95509881994118,24.36744080925981,16.489579948271388,1086,0.31675883196731186,55.319148936170215,4014.6037243988276,112.37454110117879,21,316,60,20,47,20,0.035,0.5,1.0,35,77.00111295726101
223.57595508239126,26.52521471672804,17.817406220023233,689,0.31673194545803995,61.111111111111114,4547.020849647827,103.4988038521753,37,290,34,36,36,20,0.07,0.5,1.0,22,76.92312267851132
233.05382823972823,27.259200710251143,17.015679860304516,356,0.3360215307591304,48.888888888888886,4733.226976794556,100.23995970544519,28,281,36,27,45,20,0.045,0.5,1.2,25,76.59835399580571
240.95075997002317,27.858105910000063,17.279473496558005,1037,0.3257439175260628,50.0,4895.021497400461,97.8479490995431,37,274,20,36,32,20,0.055,0.3,1.2,20,76.33121019340018
240.86571747002316,27.851715635805085,17.279473496558005,1037,0.3257067864957522,50.0,4893.320647400462,97.8479490995431,37,274,20,36,32,20,0.07,0.3,1.2,20,76.31370084210594
240.76132403056994,27.843869547639844,17.428376415289843,1037,0.32552819874302336,50.0,4891.2327786113965,97.8473098886081,37,274,20,36,32,20,0.055,0.25,1.2,20,76.29220256053318
240.6762815305699,27.83747643253165,17.428376415289843,1037,0.32549112256758694,50.0,4889.531928611397,97.8473098886081,37,274,20,36,32,20,0.07,0.25,1.2,20,76.27468542513672
249.88280651919078,28.522291040475125,11.749844555030823,1086,0.3344571388749899,54.285714285714285,5074.498012383812,95.3312486161869,34,267,46,33,35,20,0.045,0.5,0.6,20,76.15451707806858
171.8560797761439,22.18634556435417,19.637323841924456,1101,0.29851278478644333,54.54545454545454,3507.151795522886,120.978162977119,25,340,77,24,44,20,0.045,0.6,1.0,35,75.43357491880417
241.86807149988755,27.92695375370773,15.951246821126459,1086,0.3204370077068497,60.526315789473685,4919.794871997753,96.22471750224949,27,270,53,26,38,20,0.035,0.3,0.6,22,75.40277513501087
241.86807149988755,27.92695375370773,15.951246821126459,1086,0.3204370077068497,60.526315789473685,4919.794871997753,96.22471750224949,27,270,53,26,38,20,0.035,0.25,0.6,22,75.40277513501087
216.95556015575067,26.002252373308533,16.23683734596983,1101,0.3293362566757708,51.02040816326531,4415.117501115009,103.06965888499619,23,289,37,22,49,20,0.035,0.3,1.2,28,75.14650935886166
216.95556015575067,26.002252373308533,16.23683734596983,1101,0.3293362566757708,51.02040816326531,4415.117501115009,103.06965888499619,23,289,37,22,49,20,0.035,0.25,1.2,28,75.14650935886166
224.476350564919,26.59567673242311,17.633536866192596,355,0.3276838672074433,48.93617021276596,4557.84153929838,100.64643570162059,31,282,39,30,47,20,0.055,0.6,1.2,25,74.99980838543317
217.40236509738108,26.037820158175506,16.372377224948323,1101,0.32914652212428425,53.06122448979592,4423.993593947616,102.35843405238619,23,287,37,22,49,20,0.035,0.4,1.2,28,74.7285438539637
222.99169103452314,26.47940819446579,15.760540864351501,689,0.33354566602256647,58.536585365853654,4529.864020690468,100.5218018095366,28,282,50,27,41,20,0.045,0.6,1.0,25,74.67193110839352
230.2570148208174,27.044365789832646,15.626005629394331,1101,0.32079588133288217,58.82352941176471,4678.910870416345,98.53334408365319,34,276,41,33,34,20,0.045,0.5,0.8,22,74.6424495799381
181.4107892415962,23.034912176043633,16.84777859241733,930,0.3058820384519508,48.97959183673469,3696.530312831926,115.40111416807929,26,324,56,25,49,20,0.045,0.6,1.2,35,74.63311545038138
247.70675100921008,28.361740410036806,15.378015853599994,673,0.3309351469836775,52.94117647058824,5028.316636184205,93.63363881579839,37,262,50,36,34,20,0.055,0.6,0.6,20,74.30775987429644
247.6217085092101,28.35544962968164,15.378015853599994,673,0.33089755057327597,52.94117647058824,5026.615786184206,93.63363881579839,37,262,51,36,34,20,0.07,0.6,0.6,20,74.2912780297659
235.02827602847617,27.40999920584406,11.03190293027814,1101,0.3308922132795664,55.88235294117647,4780.06316856953,96.711567930475,34,271,25,33,34,20,0.045,0.25,1.0,20,74.2810978478374
235.02827602847617,27.40999920584406,11.03190293027814,1101,0.3308922132795664,55.88235294117647,4780.06316856953,96.711567930475,34,271,25,33,34,20,0.045,0.3,1.0,20,74.2810978478374
230.85820834105868,27.090668386154547,15.14104690110216,1086,0.32148487488266003,55.55555555555556,4691.345782821171,97.7873006788288,34,274,58,33,36,20,0.045,0.6,0.6,22,74.22843137806346
243.51153336354687,28.049933491435297,16.57230622986485,729,0.327546298237594,50.0,4946.176959270939,94.3298172290653,37,264,20,36,30,20,0.055,0.4,1.2,20,74.05182441738918
243.4264908635469,28.043581343542634,16.57230622986485,729,0.3275090529721595,50.0,4944.47610927094,94.3298172290653,37,264,20,36,30,20,0.07,0.4,1.2,20,74.03505474695255
236.15741514398997,27.495918090268923,15.859196532333334,1101,0.33032856621618073,53.48837209302325,4797.329918879799,95.75770162020329,22,269,80,21,43,20,0.035,0.6,0.6,25,73.9640196628234
223.8715912106304,26.548367505737637,15.159175346455763,1086,0.3286823600969804,55.55555555555556,4556.869466212613,98.9563462873921,23,278,42,22,45,20,0.035,0.4,1.0,25,73.80446166595063
240.28295771928777,27.807891495283734,17.654805046814722,635,0.3219323676283527,56.25,4874.0181863857515,94.72695761424859,37,265,45,36,32,20,0.055,0.6,0.8,22,73.6909124625019
240.19791521928778,27.80149119359281,17.654805046814722,635,0.32189738763847997,56.25,4872.317336385751,94.72695761424859,37,265,44,36,32,20,0.07,0.6,0.8,22,73.67395166302094
237.35392356881619,27.58671179340655,10.945792170612421,1086,0.3324407321739535,55.88235294117647,4826.516113376327,94.951426123676,34,266,25,33,34,20,0.045,0.4,1.0,20,73.38065337046143
227.66696740357725,26.844112020769085,15.943594081690623,1086,0.31826991449681513,57.57575757575758,4629.345646071539,97.43389642846519,34,273,22,33,33,20,0.045,0.3,1.2,22,73.2844258166996
227.66696740357725,26.844112020769085,15.943594081690623,1086,0.31826991449681513,57.57575757575758,4629.345646071539,97.43389642846519,34,273,22,33,33,20,0.045,0.25,1.2,22,73.2844258166996
218.0850396352699,26.092087036280255,17.633536866192596,355,0.32410474064284367,48.93617021276596,4430.015320705398,99.9113342946026,30,280,40,29,47,20,0.07,0.6,1.2,25,73.0578437015847
201.52640189213224,24.74868460798023,16.23683734596983,1101,0.3196660807705091,50.943396226415096,4106.5343358426435,105.1749331573612,22,295,40,21,53,20,0.035,0.3,1.2,35,73.00861959354168
201.52640189213224,24.74868460798023,16.23683734596983,1101,0.3196660807705091,50.943396226415096,4106.5343358426435,105.1749331573612,22,295,40,21,53,20,0.035,0.25,1.2,35,73.00861959354168
236.7983339572583,27.54458450465469,14.944367172908791,689,0.33050376657403896,54.54545454545454,4811.468427145166,94.3231708548358,37,264,27,36,33,20,0.055,0.5,1.0,20,72.71770309228839
236.71329145725838,27.53813129889755,14.944367172908791,689,0.3304624822560132,54.54545454545454,4809.767577145167,94.3231708548358,37,264,27,36,33,20,0.07,0.5,1.0,20,72.70066662908954
230.0086548200945,27.025217976397407,15.677197258624892,1086,0.31993453970637464,57.57575757575758,4676.119388401883,96.0296605981177,34,269,22,33,33,20,0.045,0.4,1.2,22,72.69783635650903
223.1861807593358,26.494663614151783,15.108012960842713,1086,0.328812437769064,58.536585365853654,4543.221263186718,97.5180803132853,23,274,42,22,41,20,0.035,0.25,1.0,25,72.59537830277588
223.1861807593358,26.494663614151783,15.108012960842713,1086,0.328812437769064,58.536585365853654,4543.221263186718,97.5180803132853,23,274,42,22,41,20,0.035,0.3,1.0,25,72.59537830277588
201.9732510755193,24.78570303655068,16.372377224948323,1101,0.3195280077101817,50.0,4115.411313510379,103.7522394896224,22,291,40,21,52,20,0.035,0.4,1.2,35,72.12639583636248
240.5245495488145,27.826066729858834,10.970793279586996,1101,0.3343833672267514,53.333333333333336,4884.26156497629,91.4027060237117,34,256,32,33,30,20,0.045,0.5,0.8,20,71.23473082843861
232.00854704353762,27.179077727887723,18.505409360265844,608,0.32049952789995634,51.61290322580645,4712.321352870751,93.6099491292508,37,262,24,36,31,20,0.055,0.5,1.2,22,71.20918364706584
219.80022349562205,26.228019920909084,16.551597838028737,1101,0.32973020174708434,52.17391304347826,4468.154881912435,96.65734508756799,23,271,37,22,46,20,0.035,0.5,1.2,28,71.07793398566362
202.41327231716886,24.822113036671833,15.47599395739705,1101,0.3222719532691402,60.97560975609756,4118.295646343382,101.8421221566222,22,286,56,21,41,20,0.035,0.6,1.0,28,70.99124328488143
233.6155823610301,27.302177295650875,15.832131932330737,1086,0.3201771085611107,59.45945945945946,4749.153529220601,92.71361527940189,27,260,53,26,37,20,0.035,0.5,0.6,22,70.98566096869227
220.33359849804,26.27017246676777,14.683837908193292,1101,0.31963727819882415,61.76470588235294,4482.173717960803,96.00377053920039,34,269,32,33,34,20,0.045,0.5,1.0,22,70.6667639356053
228.71220032027696,26.925077723684577,18.505409360265844,610,0.31894217463702523,51.61290322580645,4646.394418405537,93.6081635944648,37,262,24,36,31,20,0.07,0.5,1.2,22,70.54370363605359
225.63540897708657,26.68615105305223,15.71541340362787,356,0.3376026547938458,48.888888888888886,4581.0227075417315,93.1352494582703,28,261,36,27,45,20,0.045,0.6,1.2,25,69.65085424846632
237.01360562676555,27.56091395499083,11.498906499860926,1086,0.3313261455801461,50.0,4816.278410535308,90.0626569646972,34,252,18,33,30,20,0.045,0.25,1.2,20,69.4535031665769
237.01360562676555,27.56091395499083,11.498906499860926,1086,0.3313261455801461,50.0,4816.278410535308,90.0626569646972,34,252,18,33,30,20,0.045,0.3,1.2,20,69.4535031665769
215.2487368855921,25.866010963723383,14.761805596623647,1086,0.3275916184616815,55.81395348837209,4380.476485711843,95.4121977881599,23,268,42,22,43,20,0.035,0.5,1.0,25,69.32090938277867
231.2390816056639,27.11996760200517,15.714545610684885,1101,0.3187982753867932,66.66666666666666,4702.6681181132735,90.94379988672719,27,255,36,26,33,20,0.035,0.25,0.8,22,69.15591738511317
231.2390816056639,27.11996760200517,15.714545610684885,1101,0.3187982753867932,66.66666666666666,4702.6681181132735,90.94379988672719,27,255,36,26,33,20,0.035,0.3,0.8,22,69.15591738511317
251.4601206910706,28.638167771379088,14.296281370714613,688,0.3337867102910285,51.724137931034484,5097.561445821411,86.210479178591,37,241,35,36,29,20,0.055,0.6,0.8,20,69.0179843290236
251.3750781910706,28.63193077651891,14.296281370714613,688,0.3337489282242808,51.724137931034484,5095.860595821412,86.210479178591,37,241,34,36,29,20,0.07,0.6,0.8,20,69.00295317141058
232.39946285604205,27.209065820848032,15.709151720428526,1086,0.3193597251086947,66.66666666666666,4725.815737120836,90.23906887916519,27,253,36,26,33,20,0.035,0.4,0.8,22,68.83893652674551
238.858246127222,27.700498436905985,11.457003293687418,1086,0.3326250077670708,50.0,4853.11121454444,88.65425095556519,34,248,18,33,30,20,0.045,0.4,1.2,20,68.69723612352684
239.0720546481739,27.716638066564126,11.745271735539857,1086,0.32773354943022553,57.14285714285714,4865.250172963475,88.10923303652339,27,247,42,26,35,20,0.035,0.4,0.6,20,68.4600960244134
242.72136980520241,27.99086466105598,11.149237234941953,1086,0.3355874385211952,54.54545454545454,4928.609012104051,87.2283963959534,34,244,46,33,33,20,0.045,0.6,0.6,20,68.29770977297659
236.95490279812424,27.556461874369063,14.816148127200412,745,0.3250045635970006,60.0,4807.4570879624835,88.2877290375173,34,247,41,33,30,20,0.045,0.6,0.8,22,68.0644608296916
187.2880156357657,23.545496020562993,15.837851546965512,1101,0.3120520869975864,57.14285714285714,3815.790512715323,102.909587784683,21,289,60,20,42,20,0.035,0.6,1.0,35,68.04648349942705
238.14429136112238,27.64654551796195,15.505604341362272,688,0.3303751267999156,44.827586206896555,4835.036239222449,87.98227677755379,37,246,20,36,29,20,0.055,0.5,1.2,20,68.0105019741864
238.05924886112246,27.640112863027323,15.505604341362272,688,0.33033439855173513,44.827586206896555,4833.3353892224495,87.98227677755379,37,246,20,36,29,20,0.07,0.5,1.2,20,67.99467764304721
204.25515991569384,24.97406361250405,16.551597838028737,1101,0.32018336305113365,51.06382978723404,4157.253610313871,96.9881416861314,22,272,40,21,47,20,0.035,0.5,1.2,35,67.92945302601102
221.61933689493344,26.371553944789937,14.856425776687107,1086,0.31763501055144233,66.66666666666666,4511.884385898671,90.89955260132909,27,255,28,26,36,20,0.035,0.25,1.0,22,67.24746255921434
221.61933689493344,26.371553944789937,14.856425776687107,1086,0.31763501055144233,66.66666666666666,4511.884385898671,90.89955260132909,27,255,28,26,36,20,0.035,0.3,1.0,22,67.24746255921434
208.43567985125193,25.316234417981363,17.28681417653766,610,0.31627865342185507,58.82352941176471,4238.743797025045,94.68503997495999,37,265,34,36,34,20,0.055,0.6,1.0,22,67.08802120765061
231.4337599511334,27.13493310695707,10.55420513330594,1101,0.33492288199278036,56.25,4704.176947022663,88.24296897733629,34,247,25,33,32,20,0.045,0.5,1.0,20,67.02328477418396
214.1422582157731,25.777374580598988,16.23683734596983,1101,0.327472893336613,48.93617021276596,4358.851462315456,92.6988186845486,23,260,29,22,47,20,0.035,0.25,1.2,25,67.02117390955738
214.1422582157731,25.777374580598988,16.23683734596983,1101,0.327472893336613,48.93617021276596,4358.851462315456,92.6988186845486,23,260,29,22,47,20,0.035,0.3,1.2,25,67.02117390955738
240.24503703787795,27.805037741430283,11.749171186554362,1086,0.3282803367831184,54.285714285714285,4888.729822757559,85.9991622424394,27,241,42,26,35,20,0.035,0.3,0.6,20,67.01014095684698
240.24503703787795,27.805037741430283,11.749171186554362,1086,0.3282803367831184,54.285714285714285,4888.729822757559,85.9991622424394,27,241,42,26,35,20,0.035,0.25,0.6,20,67.01014095684698
235.30807169068936,27.431311078764598,15.25147188115147,769,0.33274754084214214,60.46511627906976,4774.5204658137845,87.02791668621329,23,244,55,22,43,20,0.035,0.6,0.8,25,66.93239903218561
222.9460402177309,26.47582636317416,14.831971619810853,1086,0.318421467996361,68.57142857142857,4538.358446354627,89.8353911453753,27,252,28,26,35,20,0.035,0.4,1.0,22,66.71908243519889
214.69687265650475,25.821834078053385,16.372377224948323,1101,0.3273551099226222,51.06382978723404,4369.883745130087,91.99032386991459,23,258,29,22,47,20,0.035,0.4,1.2,25,66.62033192137774
205.13933312799128,25.046744267136688,17.28681417653766,688,0.31438838935813407,58.82352941176471,4172.81686255983,94.683254440174,37,265,34,36,34,20,0.07,0.6,1.0,22,66.37387230791222
224.52844874377726,26.59974897880597,15.728361347971934,744,0.32139894492261056,53.333333333333336,4562.719386875543,87.9251691244573,34,246,22,33,30,20,0.045,0.5,1.2,22,65.43538248786268
211.36245780862515,25.55358734091431,15.255944227487259,541,0.32956528613663266,51.11111111111111,4295.563684172504,90.612935827497,23,254,37,22,45,20,0.035,0.6,1.2,28,64.90611184592234
243.3370185246785,28.036896956177504,11.81063357905576,1086,0.3302501645369636,54.54545454545454,4943.582252493567,82.46857950643239,27,231,42,26,33,20,0.035,0.5,0.6,20,64.76523196877004
238.80927790181036,27.696800857158177,11.661547697768798,1101,0.3275111153768947,58.620689655172406,4854.072044036209,83.1262154637917,27,233,28,26,29,20,0.035,0.3,0.8,20,64.53354599717855
238.80927790181036,27.696800857158177,11.661547697768798,1101,0.3275111153768947,58.620689655172406,4854.072044036209,83.1262154637917,27,233,28,26,29,20,0.035,0.25,0.8,20,64.53354599717855
239.72971271132906,27.766231326429214,11.657671561523197,1086,0.32799021316098603,58.620689655172406,4872.420734226576,82.4220797734222,27,231,28,26,29,20,0.035,0.4,0.8,20,64.13999436405149
226.0957321492421,26.72201173877933,14.941123466412046,1101,0.32039016517972163,61.29032258064516,4595.685216984838,85.27156051516249,27,239,36,26,31,20,0.035,0.5,0.8,22,63.8656080556826
212.78082402337256,25.66797133494225,17.645597606401626,540,0.31868070616519706,46.875,4323.931008467456,87.9761850325497,37,246,24,36,32,20,0.055,0.6,1.2,22,63.14320948395794
197.87569336545013,24.44459334878808,24.98284749468796,1086,0.2963300260157989,62.745098039215684,3991.4336673090074,91.4079346909963,13,257,100,12,51,15,0.07,0.5,0.6,35,62.82260490638536
217.0028593948622,26.00601951307395,16.551597838028737,1101,0.3279129177288479,48.837209302325576,4412.207599897238,85.975505102765,23,241,29,22,43,20,0.035,0.5,1.2,25,62.67450702650823
209.48447730011193,25.401494993922213,17.645597606401626,610,0.3168151316470327,46.875,4258.0040740022405,87.9743994977637,37,246,24,36,32,20,0.07,0.6,1.2,22,62.487677685048645
229.93669789687127,27.019668159881817,11.088324568175045,1086,0.3274930222053214,59.375,4678.23160593743,82.4175885625741,27,231,23,26,32,20,0.035,0.3,1.0,20,62.415433449327
229.93669789687127,27.019668159881817,11.088324568175045,1086,0.3274930222053214,59.375,4678.23160593743,82.4175885625741,27,231,23,26,32,20,0.035,0.25,1.0,20,62.415433449327
196.8469575781058,24.35836523608621,15.255944227487259,1101,0.31986614401044144,51.06382978723404,4005.2536795621177,91.2983054378842,22,256,40,21,47,20,0.035,0.6,1.2,35,62.357415004380705
227.17725089158196,26.806106593027845,16.010826722275535,1101,0.3194883686325596,58.06451612903226,4619.551315831638,82.8129301683658,27,232,20,26,31,20,0.035,0.3,1.2,22,62.190167295824594
227.17725089158196,26.806106593027845,16.010826722275535,1101,0.3194883686325596,58.06451612903226,4619.551315831638,82.8129301683658,27,232,20,26,31,20,0.035,0.25,1.2,22,62.190167295824594
217.15270853453438,26.017951255167926,14.346982707885603,688,0.32911017706025475,53.333333333333336,4413.084370690694,85.4904708093099,37,239,27,36,30,20,0.055,0.6,1.0,20,62.18290349985135
217.06766603453445,26.011180297006042,14.346982707885603,688,0.32906101886019773,53.333333333333336,4411.383520690695,85.4904708093099,37,239,27,36,30,20,0.07,0.6,1.0,20,62.16672090984444
230.83692465753563,27.08903031309058,11.076215132898831,1086,0.3280677321829046,59.375,4696.1761351507175,81.7132308492816,27,229,23,26,32,20,0.035,0.4,1.0,20,62.03387941697743
188.6324864076856,23.66112141613661,24.98284749468796,1086,0.29245129031072375,63.46153846153846,3806.5695281537164,93.1686568462865,13,262,100,12,52,15,0.055,0.5,0.6,35,61.99213811027792
228.87896162294027,26.937976317793645,15.347637231639972,1101,0.3209570978917632,59.375,4653.5255244588025,82.07275304119969,27,230,20,26,32,20,0.035,0.4,1.2,22,61.95734553092538
215.55672652031066,25.890638739686224,14.7092312364464,1101,0.31812833512454014,60.60606060606061,4385.316146406214,84.88801009378669,27,238,53,26,33,20,0.035,0.6,0.6,22,61.61972020045321
200.96265204786587,24.70191911564392,14.664240697641917,1101,0.31658209179899816,62.5,4089.283240957324,88.9694950426799,34,249,32,33,32,20,0.045,0.6,1.0,22,61.50777859795337
177.52450444860628,22.692588350940145,27.664640213315234,1086,0.28756159405218473,58.18181818181818,3585.305478972127,95.6474810278753,13,269,100,12,55,15,0.07,0.25,0.6,35,61.04306266402899
234.23296467656715,27.34934298082299,10.505501241903765,1101,0.3360755345800651,53.57142857142857,4753.01832553134,79.7708624686611,34,223,32,33,28,20,0.045,0.6,0.8,20,60.98903484723527
176.64149492781237,22.614274403192212,27.5474003622398,1086,0.2872200732511948,59.25925925925925,3567.6452885562467,95.6395004437555,13,269,100,12,54,15,0.07,0.3,0.6,35,60.832398144587046
206.1935938484137,25.133186639114147,15.557913167189918,1101,0.3239804838538726,58.97435897435898,4193.902076968282,85.92561903172259,23,241,42,22,39,20,0.035,0.6,1.0,25,60.5709798002651
179.13557779410007,22.834962186173556,26.341863245009943,1086,0.28851327896676515,58.82352941176471,3617.5269458820003,93.8590111180003,13,264,100,12,51,15,0.07,0.4,0.6,35,60.28430017149819
221.04633610315915,26.32641249197576,11.328656833866907,1101,0.33250229479914006,46.42857142857143,4493.077134063182,81.5867734368198,34,228,18,33,28,20,0.045,0.5,1.2,20,60.024220481704724
166.17257108770087,21.670209006795794,27.5474003622398,1086,0.2825179850795106,55.35714285714286,3358.266811754016,98.11085924598389,13,276,100,12,56,15,0.055,0.3,0.6,35,59.809776858756386
166.23204498279898,21.675655438948716,27.664640213315234,1086,0.28250592844358313,57.14285714285714,3359.4562896559833,97.75834634401929,13,275,100,12,56,15,0.055,0.25,0.6,35,59.60805245710897
169.75663741773346,21.996702808785408,26.341863245009943,1086,0.2842768775859589,59.25925925925925,3429.9481383546704,95.6342736453295,13,269,100,12,54,15,0.055,0.4,0.6,35,59.17113055563274
205.4477874304601,25.072060152977006,14.264859090545256,1086,0.3168653057780145,64.70588235294117,4184.457496609204,83.8306098907993,27,235,28,26,34,20,0.035,0.5,1.0,22,58.91934135949597
219.7404848855951,26.223295287522852,14.328505247085449,610,0.3303918858168453,42.857142857142854,4463.124225711908,80.2281517880963,37,224,20,36,28,20,0.055,0.6,1.2,20,58.740181444051196
219.65544238559517,26.21656819117124,14.328505247085449,610,0.33034321854138615,42.857142857142854,4461.423375711907,80.2281517880963,37,224,20,36,28,20,0.07,0.6,1.2,20,58.72511274822359
234.94599483577616,27.403729187173063,11.191974544560956,1101,0.33012101488694134,58.06451612903226,4773.101512715526,75.3711287844769,27,211,42,26,31,20,0.035,0.6,0.6,20,57.82186858493516
232.65351409606535,27.228539587114753,11.768796648221835,1101,0.32803952550073856,50.0,4729.076579921308,75.76955257869629,27,212,16,26,28,20,0.035,0.25,1.2,20,57.724503924683276
232.65351409606535,27.228539587114753,11.768796648221835,1101,0.32803952550073856,50.0,4729.076579921308,75.76955257869629,27,212,16,26,28,20,0.035,0.3,1.2,20,57.724503924683276
211.50143768676406,25.564813750145454,10.636768670613701,1101,0.3326110884618534,53.333333333333336,4300.058953735283,80.5273797647198,34,225,25,33,30,20,0.045,0.6,1.0,20,57.52083093782727
205.94019819865173,25.112431633196806,14.555713706832831,688,0.32000600938625584,50.0,4187.1184919730385,81.89837002696609,34,229,22,33,32,20,0.045,0.6,1.2,22,57.50746844002069
221.21387341421914,26.339617873306143,11.005539041638787,1101,0.3268325567033946,57.14285714285714,4498.048042284383,77.8061422156197,27,218,28,26,28,20,0.035,0.5,0.8,20,57.420366963807396
208.44694056658616,25.317151073001853,15.255944227487259,1101,0.3275078498495041,50.0,4237.253339331725,80.62984466827619,23,226,29,22,44,20,0.035,0.6,1.2,25,57.216761424984185
233.7388074330537,27.31159679920252,11.755944076995755,1101,0.3287041035400302,50.0,4750.722440661077,74.71315883892629,27,209,16,26,28,20,0.035,0.4,1.2,20,57.08123731033326
182.16089108733132,23.100549227409985,23.608471522326568,1086,0.29301737023973456,69.56521739130434,3676.5775657466343,87.5143302533707,13,246,100,12,46,15,0.07,0.6,0.6,35,56.82735109942856
219.88545601742936,26.234759606354885,15.621525432800112,1101,0.3199791807393135,57.14285714285714,4469.859532348588,76.8009011514161,27,215,20,26,28,20,0.035,0.5,1.2,22,56.404733153663
219.6954379221506,26.219732126682803,14.38179975523183,1101,0.3208097973673212,68.96551724137932,4462.267790443013,76.1071225569868,27,213,36,26,29,20,0.035,0.6,0.8,22,55.84802942983437
173.07142644885116,22.295593307569696,23.608471522326568,1086,0.2883313042244976,68.08510638297872,3494.7882729770295,88.57222102297409,13,249,100,12,47,15,0.055,0.6,0.6,35,55.51602733584855
211.4250687257363,25.558645373074953,10.67513939617648,1086,0.32620476788268166,60.0,4304.003122514721,76.4051234852778,27,214,23,26,30,20,0.035,0.5,1.0,20,54.695501098380404
178.13192500514424,22.746344768404867,29.716940968746847,1101,0.2878791595160121,50.0,3595.938238102889,85.3336398971117,13,240,59,12,48,15,0.07,0.25,0.8,35,54.59122744417168
178.23804039583447,22.755726292994005,29.716940968746847,1101,0.28792314704947686,51.06382978723404,3598.060545916694,84.6222380833071,13,238,58,12,47,15,0.055,0.25,0.8,35,54.15862857732573
177.72516730794587,22.710357311829842,30.162991157295682,1101,0.28758443524868693,51.06382978723404,3587.8030841589234,84.2703108410791,13,237,58,12,47,15,0.055,0.3,0.8,35,53.82354682903673
177.6401248079459,22.702827940163985,30.162991157295682,1101,0.28754959744012776,51.06382978723404,3586.1022341589232,84.2703108410791,13,237,59,12,47,15,0.07,0.3,0.8,35,53.80570221818865
213.30822042271862,25.710397386384855,10.914135219850458,1101,0.33324667307640843,44.44444444444444,4334.478936454376,74.8918800456278,34,209,18,33,27,20,0.045,0.6,1.2,20,53.734730537544344
178.43053092024712,22.772736831847816,29.0392585003314,1101,0.288251314556328,52.27272727272727,3601.910356404944,83.5424705950597,13,235,58,12,44,15,0.055,0.4,0.8,35,53.51593155484237
178.34548842024708,22.76522271924901,29.0392585003314,1101,0.2882157462256037,52.27272727272727,3600.209506404944,83.5424705950597,13,235,59,12,44,15,0.07,0.4,0.8,35,53.49827339023518
196.46784631087263,24.326528061115948,26.253693583714917,1101,0.2959125905254561,52.63157894736842,3961.7610742174547,77.8777317825455,13,219,58,12,38,15,0.055,0.5,0.8,35,53.27509645384392
196.38280381087256,24.31938185403746,26.253693583714917,1101,0.29587930728815337,52.63157894736842,3960.0602242174555,77.8777317825455,13,219,59,12,38,15,0.07,0.5,0.8,35,53.25944626034203
196.25898222131636,24.30897406871413,14.763022383634944,1101,0.3144491373541656,64.51612903225806,3995.2098444263347,77.52361357366959,27,217,28,26,31,20,0.035,0.6,1.0,22,52.75047372910966
236.6786515714282,27.535502377135955,10.713489083528517,1101,0.3312579909789264,60.0,4801.932063428565,68.2926140714353,27,191,28,26,25,20,0.035,0.6,0.8,20,52.592809540329675
213.47566172215258,25.723855146176543,11.506239366562452,1101,0.32630094355035516,50.0,4341.663646443054,70.1086430569481,27,196,16,26,26,20,0.035,0.5,1.2,20,50.41875608650602
185.15108813160373,23.360825234875637,19.82368711596042,1086,0.29134660636881965,77.77777777777779,3737.837152632073,76.09803536792829,11,214,79,10,36,15,0.035,0.3,0.6,35,49.992166002633866
185.0670797316036,23.353542748776412,19.847499848882375,1086,0.2913060994008852,77.77777777777779,3736.156984632073,76.09803536792829,11,214,79,10,36,15,0.035,0.25,0.6,35,49.976581482381526
203.0407232869159,24.873958894044378,10.785428328235549,1101,0.32513072053306025,57.14285714285714,4130.844665738326,69.75364376167829,27,195,23,26,28,20,0.035,0.6,1.0,20,48.50421984338654
195.37875927302025,24.23488677684842,26.705600570424625,1101,0.2977281886068344,61.53846153846154,3939.7193074604047,71.2816575395965,14,200,36,13,39,15,0.055,0.3,1.0,35,48.46977355369684
186.7996518540975,23.503389264365303,19.323776733343973,1086,0.292134813005123,75.75757575757575,3770.8084270819472,73.2595719180529,11,206,79,10,33,15,0.035,0.4,0.6,35,48.41698188459252
195.42978715383526,24.239186548578772,27.173360806659257,1101,0.2975487595839503,58.97435897435898,3940.7398650767063,70.9294199232955,14,199,36,13,39,15,0.055,0.25,1.0,35,48.23598123167176
195.28528973839212,24.227009195500827,22.600603904479527,1101,0.2983802183038222,57.57575757575758,3937.609892767849,70.7994122321535,13,199,58,12,33,15,0.055,0.6,0.8,35,48.21174829904665
195.20024723839217,24.21984010923346,22.600603904479527,1101,0.29834304507552534,57.57575757575758,3935.909042767848,70.7994122321535,13,199,59,12,33,15,0.07,0.6,0.8,35,48.19748181737458
188.42156178546335,23.643010278353916,26.705600570424625,1101,0.29453813557958064,58.536585365853654,3800.5753577092664,72.32064529073449,13,203,38,12,41,15,0.07,0.3,1.0,35,47.99531086505844
188.46508891627832,23.64674862215377,27.173360806659257,1101,0.29437597889833195,56.09756097560976,3801.445900325568,71.9684076744335,13,202,38,12,41,15,0.07,0.25,1.0,35,47.766432216750616
188.05395307750814,23.61142006062984,15.103196099071006,1101,0.3127726482730868,53.333333333333336,3829.3935895501677,72.223263449836,27,202,20,26,30,20,0.035,0.6,1.2,22,47.695068522472276
197.25836434104545,24.392877771558762,25.506625591756027,1086,0.2990263142231138,61.111111111111114,3977.311408820902,69.5245281790987,14,195,36,13,36,15,0.055,0.4,1.0,35,47.56611165453958
190.08857987483503,23.78586165190095,25.506625591756027,1086,0.2957012864772307,58.97435897435898,3833.9157194966956,70.9233955033055,13,199,38,12,39,15,0.07,0.4,1.0,35,47.33386468728289
167.5160011723349,21.79299955655958,29.09802962926893,1086,0.281541587242037,69.6969696969697,3384.2398234467037,77.1331385533009,12,217,85,11,33,15,0.045,0.5,0.6,35,47.290809037734284
160.4837143619076,21.14468469019699,30.095595670169452,1086,0.2782635829370593,72.72727272727273,3244.489677238152,78.5338027618499,12,221,85,11,33,15,0.045,0.4,0.6,35,46.729753165335346
189.47081797186775,23.733000675155402,18.18375818371285,1086,0.2935892829069656,70.96774193548387,3823.33615943736,69.7311735626441,11,196,79,10,31,15,0.035,0.5,0.6,35,46.51668132330459
169.25016145004383,21.950776175227695,27.566498505257304,1086,0.2826303589099279,72.41379310344827,3418.362973000882,75.01802899912009,12,211,85,11,29,15,0.045,0.6,0.6,35,46.316137729730436
204.53311450130994,24.9969301688596,11.079972755284064,1101,0.32549042784164295,50.0,4158.976818026204,64.813021973798,27,181,16,26,24,20,0.035,0.6,1.2,20,45.24444360563587
188.6050111359072,23.65876283917192,25.672084294443863,560,0.297548800609789,55.88235294117647,3804.2443447181436,67.3320352818573,14,189,28,13,34,15,0.055,0.3,1.2,35,44.71506176603493
188.25890811946388,23.629036713865048,25.726368373417518,560,0.29720264110256434,58.82352941176471,3797.3222843892777,66.9535816107223,14,188,28,13,34,15,0.055,0.25,1.2,35,44.42258902206629
194.85163613453219,24.190434906688886,24.0037343363476,1101,0.3027305854485901,64.28571428571429,3928.281254690639,65.2119943093619,14,183,36,13,28,15,0.055,0.5,1.0,35,44.26849587924066
191.03725710292952,23.86686357485004,24.828744060661897,560,0.2992820889750154,56.25,3852.889264058586,65.5576459414141,14,184,28,13,32,15,0.055,0.4,1.2,35,43.91502897772408
180.4819443827012,22.9534402009133,17.796247465963965,1101,0.2908913627402722,78.57142857142857,3642.99863165403,67.9505653459739,11,191,79,10,28,15,0.035,0.6,0.6,35,43.8410707837444
188.33829909965212,23.63585797459551,24.0037343363476,1101,0.2992916211194938,66.66666666666666,3798.0145139930382,65.8997750069623,13,185,38,12,30,15,0.07,0.5,1.0,35,43.726337253001695
210.59946628439104,25.491883518157877,26.251131721538545,1086,0.3000615877591821,69.56521739130434,4245.909125687823,60.891992312179696,12,171,57,11,23,15,0.045,0.5,0.6,28,43.591120816049965
192.00870072794166,23.949590883298487,28.506789702847612,1086,0.29280805576362656,70.83333333333334,3874.9894045588358,64.7585434411665,12,182,57,11,24,15,0.045,0.25,0.6,28,43.58825540760325
192.00870072794166,23.949590883298487,28.506789702847612,1086,0.29280805576362656,70.83333333333334,3874.9894045588358,64.7585434411665,12,182,57,11,24,15,0.045,0.3,0.6,28,43.58825540760325
193.1142208162069,24.04346872702492,27.91915137574173,1086,0.293419609741911,70.83333333333334,3897.0998063241373,64.4074526758635,12,181,57,11,24,15,0.045,0.4,0.6,28,43.5186783959151
216.54281730129864,25.969360448618794,18.190669355035862,1086,0.3056679379208774,75.0,4365.671736025974,59.1301029740265,11,166,53,10,24,15,0.035,0.25,0.6,28,43.1091383447072
216.54281730129864,25.969360448618794,18.190669355035862,1086,0.3056679379208774,75.0,4365.671736025974,59.1301029740265,11,166,53,10,24,15,0.035,0.3,0.6,28,43.1091383447072
216.92766030580145,26.00003008376701,18.190669355035862,1086,0.3058365465762045,75.0,4373.368596116028,58.778503883971496,11,165,53,10,24,15,0.035,0.4,0.6,28,42.90004963821557
201.74531585721155,24.766825624681864,23.430815317715904,560,0.3085443295159084,64.0,4066.15484914423,60.603666855768694,14,170,28,13,25,15,0.055,0.5,1.2,35,42.10360356195917
212.5514988778893,25.64950558008583,29.72888274675199,1101,0.3006301214386469,64.0,4284.32971555779,57.691991442211894,12,162,37,11,25,15,0.045,0.3,0.8,28,41.552199039739044
212.5514988778893,25.64950558008583,29.72888274675199,1101,0.3006301214386469,64.0,4284.32971555779,57.691991442211894,12,162,37,11,25,15,0.045,0.25,0.8,28,41.552199039739044
191.39558417602854,23.897404068201954,25.672084294443863,1086,0.2989673391642049,50.0,3860.055805520568,61.630280479433296,13,173,27,12,28,15,0.07,0.3,1.2,35,41.34250903798938
190.5416101420586,23.824569602866074,25.726368373417518,1086,0.29835902527522445,53.57142857142857,3842.9763248411705,61.6029971588303,13,173,27,12,28,15,0.07,0.25,1.2,35,41.216505412958305
193.4548436326441,24.072336455638776,24.828744060661897,1086,0.3005190527330352,51.85185185185185,3901.2409946528787,60.918605347120895,13,171,27,12,27,15,0.07,0.4,1.2,35,41.16369533914231
219.09400957056033,26.17212135989537,18.0364805462464,1086,0.3070528696879603,72.72727272727273,4415.799991411207,55.601649588795695,11,156,53,10,22,15,0.035,0.5,0.6,28,40.82850932143678
212.06473371319734,25.61027426747151,29.488787874511768,1101,0.3007059933534113,62.5,4274.594412263949,56.274961736052894,12,158,37,11,24,15,0.045,0.4,0.8,28,40.464233342604985
206.18952496977874,25.132853475930304,20.494551208723728,1101,0.3002627779616981,66.66666666666666,4156.194647395575,57.2751656044247,11,161,44,10,21,15,0.035,0.5,0.8,35,40.46389409624779
199.85491246847755,24.609822893744358,27.36716435378347,1086,0.2953662146711647,66.66666666666666,4031.9136393695503,58.342621630450495,12,164,47,11,24,15,0.045,0.4,0.6,25,40.36010954574075
192.8601128874956,24.021915645561354,20.941231704656722,1086,0.295281346802728,69.56521739130434,3890.501995749913,59.756633250087894,11,168,44,10,23,15,0.035,0.4,0.8,35,40.356818284543074
191.075081420859,23.870088789677602,20.941231704656722,1101,0.29442984842334574,64.0,3854.801366417181,60.089491582821495,11,169,44,10,25,15,0.035,0.3,0.8,35,40.34045005455515
191.075081420859,23.870088789677602,20.941231704656722,1101,0.29442984842334574,64.0,3854.801366417181,60.089491582821495,11,169,44,10,25,15,0.035,0.25,0.8,35,40.34045005455515
203.85033451180047,24.940729844194752,23.430815317715904,1101,0.30966077278700754,61.904761904761905,4108.255222236009,57.0274107639913,13,160,27,12,21,15,0.07,0.5,1.2,35,39.905167750711605
189.14610749662154,23.705179499477257,27.817986364636578,1086,0.29154110741768546,68.0,3817.7375399324337,59.751852067566496,12,168,47,11,25,15,0.045,0.3,0.6,25,39.82470155912179
189.14610749662154,23.705179499477257,27.817986364636578,1086,0.29154110741768546,68.0,3817.7375399324337,59.751852067566496,12,168,47,11,25,15,0.045,0.25,0.6,25,39.82470155912179
211.231896916257,25.54303734313543,18.190669355035862,1086,0.3032892684861554,70.83333333333334,4259.45332832514,54.1137996748595,11,152,44,10,24,15,0.035,0.3,0.6,25,38.825416761565855
211.231896916257,25.54303734313543,18.190669355035862,1086,0.3032892684861554,70.83333333333334,4259.45332832514,54.1137996748595,11,152,44,10,24,15,0.035,0.25,0.6,25,38.825416761565855
217.36877801212108,26.035147859646113,27.734751612018215,1101,0.30326858348146835,60.0,4379.779708242424,53.085617757575896,12,149,37,11,25,15,0.045,0.5,0.8,28,38.792370310872705
210.0200921649006,25.444947988783785,17.161906878260123,1101,0.3056345350634032,72.72727272727273,4233.761587298018,54.1975242019858,11,152,53,10,22,15,0.035,0.6,0.6,28,38.67632094295136
211.43933360279266,25.55979764953049,18.190669355035862,1086,0.3033828965994662,70.83333333333334,4263.60206205585,53.7621019441495,11,151,44,10,24,15,0.035,0.4,0.6,25,38.595294450791044
204.5920399259878,25.001775656659152,26.0224199776461,1086,0.29766053758129535,65.21739130434783,4125.76059851976,54.8208254802447,12,154,47,11,23,15,0.045,0.5,0.6,25,38.50273451125509
181.10851403188963,23.008422277124275,24.18689015350698,1086,0.2914480733046408,75.0,3655.5300246377988,59.1503868622044,12,166,57,11,24,15,0.045,0.6,0.6,28,38.193980980026296
174.1309267317609,22.39051522700015,23.236703246752125,1101,0.2965407206558395,68.18181818181817,3513.4270226352187,60.2713783647825,14,169,36,13,22,15,0.055,0.6,1.0,35,37.83997073363025
180.69725671226507,22.97234512669317,29.063086477504008,1101,0.28829476703792906,63.63636363636363,3645.849232245308,58.350537754693896,12,164,48,11,22,15,0.045,0.6,0.8,35,37.6746460077768
195.35520442127094,24.23290176965438,28.45600490250306,1101,0.2951848554871938,72.0,3939.248210425415,55.2731795745853,12,155,29,11,25,15,0.045,0.3,1.0,28,37.56099774296429
195.35520442127094,24.23290176965438,28.45600490250306,1101,0.2951848554871938,72.0,3939.248210425415,55.2731795745853,12,155,29,11,25,15,0.045,0.25,1.0,28,37.56099774296429
219.42433350617074,26.198279609354213,20.941231704656722,1101,0.3073459944680231,66.66666666666666,4421.7864081234175,50.949866876584494,11,143,34,10,24,15,0.035,0.25,0.8,28,37.46353984137652
219.42433350617074,26.198279609354213,20.941231704656722,1101,0.3073459944680231,66.66666666666666,4421.7864081234175,50.949866876584494,11,143,34,10,24,15,0.035,0.3,0.8,28,37.46353984137652
220.6955387176502,26.29874459414825,26.65087299125194,1101,0.30363085258286715,64.0,4447.210512353007,50.6170286469959,12,142,31,11,25,15,0.045,0.4,0.8,25,37.344217323690515
220.86003099260378,26.31172134995645,20.941231704656722,1086,0.3079700478943935,72.72727272727273,4450.500357852075,50.265501147925896,11,141,34,10,22,15,0.035,0.4,0.8,28,37.09952710343859
167.45120374823992,21.787088352889516,23.236703246752125,1101,0.2922509652424357,69.56521739130434,3379.8325629648,60.247611035201096,13,169,38,12,23,15,0.07,0.6,1.0,35,36.82017931638328
196.52447165137815,24.331285436565153,27.661187649677032,1086,0.29597522707856466,75.0,3962.6335550275585,53.8572819724417,12,151,29,11,24,15,0.045,0.4,1.0,28,36.740241009213385
200.93363149023878,24.699509839473777,19.859834830544713,1101,0.2997180011498223,70.0,4050.576727804784,52.6895331952181,11,148,44,10,20,15,0.035,0.6,0.8,35,36.55527456242119
217.45073261046147,26.04166803870931,27.135691536833306,1101,0.30239578480377843,56.52173913043478,4382.314390209234,49.894065790768096,12,140,31,11,23,15,0.045,0.3,0.8,25,36.45833525419303
217.45073261046147,26.04166803870931,27.135691536833306,1101,0.30239578480377843,56.52173913043478,4382.314390209234,49.894065790768096,12,140,31,11,23,15,0.045,0.25,0.8,25,36.45833525419303
233.78010309468317,27.31475287740375,20.494551208723728,1101,0.3118531998106358,70.0,4708.006209893661,47.4325261063377,11,133,34,10,20,15,0.035,0.5,0.8,28,36.32862132694699
194.69471515547093,24.177189612687442,21.847289937891247,560,0.3097739845368706,63.1578947368421,3924.7027911094206,53.5180628905801,14,150,28,13,19,15,0.055,0.6,1.2,35,36.265784419031164
212.27284847179172,25.627053463125836,18.0364805462464,1086,0.30401177851677247,66.66666666666666,4279.376769435834,50.2244965641695,11,141,44,10,21,15,0.035,0.5,0.6,25,36.13414538300743
174.32820348963318,22.408157083424275,30.019647577211916,1101,0.28591337934368205,68.0,3517.812601792658,55.6120952073429,12,156,31,11,25,15,0.045,0.5,1.0,35,34.95672505014187
174.42513554610156,22.416821703739664,29.515056756728224,1086,0.2865158459121699,70.83333333333334,3520.646832922031,55.2158240779685,12,155,24,11,24,15,0.045,0.3,1.2,35,34.74607364079648
174.42513554610156,22.416821703739664,29.515056756728224,1086,0.2865158459121699,70.83333333333334,3520.646832922031,55.2158240779685,12,155,24,11,24,15,0.045,0.25,1.2,35,34.74607364079648
196.93911910887573,24.366099905114137,21.847289937891247,1101,0.3111118810923336,62.5,3969.5908701775156,50.6533498224849,13,142,27,12,16,15,0.07,0.6,1.2,35,34.59986186526207
184.5846834395385,23.311691722333848,24.247576177864552,1086,0.29185162376572227,69.56521739130434,3725.0534127907763,52.34447620922629,12,147,47,11,23,15,0.045,0.6,0.6,25,34.268186831830754
209.68882577118984,25.418080325917146,26.748122431378853,1101,0.30233724885186813,66.66666666666666,4225.6806134238,47.8058805762009,12,134,37,11,21,15,0.045,0.6,0.8,28,34.060227636728975
182.09351884183002,23.09465958109438,19.819479172135697,1086,0.2935710265885473,75.0,3674.014498836595,52.4582821634045,11,147,27,10,28,15,0.035,0.25,1.0,35,33.94914958420874
182.09351884183002,23.09465958109438,19.819479172135697,1086,0.2935710265885473,75.0,3674.014498836595,52.4582821634045,11,147,27,10,28,15,0.035,0.3,1.0,35,33.94914958420874
203.5344070060209,24.914691346024863,17.161906878260123,1101,0.30245439396192036,68.18181818181817,4104.047884120426,48.4468998795793,11,136,44,10,22,15,0.035,0.6,0.6,25,33.883980230593814
183.4808715509565,23.215715003440927,19.819479172135697,1086,0.2943279414280367,75.0,3701.761553019122,51.755437980877296,11,145,27,10,28,15,0.035,0.4,1.0,35,33.66278675498934
188.36505095947737,23.63815615195135,26.84337961315974,1086,0.29454119014551355,68.42105263157895,3799.4451411895443,50.6132988104563,12,142,22,11,19,15,0.045,0.25,1.2,28,33.56618173577092
188.36505095947737,23.63815615195135,26.84337961315974,1086,0.29454119014551355,68.42105263157895,3799.4451411895443,50.6132988104563,12,142,22,11,19,15,0.045,0.3,1.2,28,33.56618173577092
179.14774278549942,22.836034728888777,26.280742991700524,1101,0.29073746297407443,70.83333333333334,3614.203387709985,52.0882362900161,12,146,29,11,24,15,0.045,0.5,1.0,28,33.340610704177614
197.72124607275322,24.431662862055248,26.06645026445265,1101,0.2971088722159784,70.83333333333334,3986.5690434550647,48.4852585449357,12,136,23,11,24,15,0.045,0.25,1.0,25,33.22706149239514
197.72124607275322,24.431662862055248,26.06645026445265,1101,0.2971088722159784,70.83333333333334,3986.5690434550647,48.4852585449357,12,136,23,11,24,15,0.045,0.3,1.0,25,33.22706149239514
199.85332020989603,24.60969031949196,25.271633011626587,1086,0.2983873000057927,68.0,4029.210526197919,48.1418428020813,12,135,23,11,25,15,0.045,0.4,1.0,25,33.22308193131415
164.8805408155346,21.55164804610208,28.71839626078328,1086,0.2828594319748363,68.0,3329.754938310689,54.8402986893109,12,154,24,11,25,15,0.045,0.4,1.2,35,33.1895379909972
192.85087135929567,24.021131510201776,19.819479172135697,1086,0.29937161169265203,75.0,3889.1615491859066,49.2669508140931,11,138,26,10,24,15,0.035,0.3,1.0,28,33.14916148407845
192.85087135929567,24.021131510201776,19.819479172135697,1086,0.29937161169265203,75.0,3889.1615491859066,49.2669508140931,11,138,26,10,24,15,0.035,0.25,1.0,28,33.14916148407845
214.8726492295199,25.835911760576913,18.552968198508857,1101,0.30653630292314243,68.18181818181817,4330.7527225904,45.6446914096029,11,128,29,10,22,15,0.035,0.3,0.8,25,33.06996705353845
214.8726492295199,25.835911760576913,18.552968198508857,1101,0.30653630292314243,68.18181818181817,4330.7527225904,45.6446914096029,11,128,29,10,22,15,0.035,0.25,0.8,25,33.06996705353845
193.86077686379835,24.10670425924184,19.819479172135697,1086,0.2999020178673106,75.0,3909.3596592759613,48.915351724038096,11,137,26,10,24,15,0.035,0.4,1.0,28,33.026184835161324
189.61371436873574,23.745236123585723,26.440160072225677,1086,0.295316839201893,66.66666666666666,3824.4184093747126,49.1973786252885,12,138,22,11,18,15,0.045,0.4,1.2,28,32.7684258505483
227.26368167555074,26.812817530798803,19.859834830544713,1101,0.3116155458607169,73.68421052631578,4577.17773151102,43.549908488981096,11,122,34,10,19,15,0.035,0.6,0.8,28,32.71163738757454
188.9015855560657,23.684212377810287,18.17388627627995,1101,0.29902106742189327,72.0,3810.175833121314,49.2416908786863,11,138,21,10,25,15,0.035,0.25,1.2,35,32.684213081378196
188.9015855560657,23.684212377810287,18.17388627627995,1101,0.29902106742189327,72.0,3810.175833121314,49.2416908786863,11,138,21,10,25,15,0.035,0.3,1.2,35,32.684213081378196
216.16801493358216,25.939462317716444,18.552968198508857,1086,0.30711933757461873,68.18181818181817,4356.66003667164,44.9418233283609,11,126,29,10,22,15,0.035,0.4,0.8,25,32.68372252032272
210.70693263715143,25.500581748970276,25.294545535491643,1101,0.30176015571675996,57.14285714285714,4246.542800743032,45.300087256970095,12,127,31,11,21,15,0.045,0.5,0.8,25,32.38573882119225
228.35574570979284,26.897489243031593,18.166490843261442,1101,0.3108527813478719,61.904761904761905,4599.519062195855,42.819868804145095,11,120,29,10,21,15,0.035,0.5,0.8,25,32.27698709163791
189.36685871118593,23.724096168465426,18.17388627627995,1101,0.29927510464359025,70.83333333333334,3819.4812962237147,48.177845776285494,11,135,21,10,24,15,0.035,0.4,1.2,35,32.027529827428324
180.28077228932048,22.935766331432372,28.448257435508523,1101,0.2897836086722592,65.0,3636.863977786407,49.5609942135919,12,139,24,11,20,15,0.045,0.5,1.2,35,31.880715200690997
164.98483892214682,21.56123592227479,29.0920661666679,1101,0.2822967577763021,66.66666666666666,3330.505266442939,52.079467557063495,12,146,31,11,21,15,0.045,0.6,1.0,35,31.479404446521194
184.33525621570402,23.290030029917364,19.085010528287423,1086,0.29731970027722177,69.56521739130434,3717.9536563140746,47.479772685925695,11,133,26,10,23,15,0.035,0.5,1.0,28,30.975739939790095
178.93589665719574,22.81735168768777,26.031833144544013,1101,0.2909430840576169,68.42105263157895,3609.5264211439185,48.201777856084895,12,135,29,11,19,15,0.045,0.6,1.0,28,30.80342477837849
195.4530049390209,24.24114275651441,25.26434892867908,1101,0.2987774379012944,66.66666666666666,3940.3086307804165,45.331450219583296,12,127,22,11,18,15,0.045,0.5,1.2,28,30.7862513007733
199.2617081331588,24.560392648123642,18.17388627627995,1101,0.3047166850851311,68.42105263157895,4017.3782846631743,44.627145336826295,11,125,20,10,19,15,0.035,0.25,1.2,28,30.70049081015455
199.2617081331588,24.560392648123642,18.17388627627995,1101,0.3047166850851311,68.42105263157895,4017.3782846631743,44.627145336826295,11,125,20,10,19,15,0.035,0.3,1.2,28,30.70049081015455
173.87555396239472,22.367662938944612,19.085010528287423,1086,0.29113904543299257,68.0,3508.7596112478864,48.8968857521137,11,137,27,10,25,15,0.035,0.5,1.0,35,30.64369822635412
200.36973681292554,24.652658589081987,18.17388627627995,1101,0.30531094251038854,68.42105263157895,4039.538858258507,43.923673741492294,11,123,20,10,19,15,0.035,0.4,1.2,28,30.322770064570843
197.81866143743943,24.439819201381074,16.84744624833009,1086,0.3032536675704028,72.0,3988.5173507487866,44.241512251212896,11,124,21,10,25,15,0.035,0.3,1.0,25,30.30537580971253
197.81866143743943,24.439819201381074,16.84744624833009,1086,0.3032536675704028,72.0,3988.5173507487866,44.241512251212896,11,124,21,10,25,15,0.035,0.25,1.0,25,30.30537580971253
198.65116062397487,24.50943535092367,16.84744624833009,1086,0.30369665377438826,72.0,4005.167334479496,43.889814520502895,11,123,21,10,25,15,0.035,0.4,1.0,25,30.146605481636115
191.85590189162926,23.936593264730167,18.00491313407816,1101,0.30073638838179867,71.42857142857143,3868.366569832583,44.287818167416496,11,124,21,10,21,15,0.035,0.5,1.2,35,29.68137564826541
202.03834110071654,24.791091648704743,18.00491313407816,1101,0.30629392922009924,70.58823529411765,4072.015354014329,41.447600985671095,11,116,20,10,17,15,0.035,0.5,1.2,28,28.7576663124975
195.23718725462479,24.222954356984093,23.6409587738842,1101,0.29859155335944376,60.86956521739131,3936.6478430924976,42.1393209075019,12,118,31,11,23,15,0.045,0.6,0.8,25,28.58308614124123
179.35431744700858,22.854241956216327,24.079782889798214,1101,0.29199452865816294,68.18181818181817,3618.33488094017,44.5869900598303,12,125,23,11,22,15,0.045,0.5,1.0,25,28.56780244527041
222.05333749402945,26.405702070433932,17.53219969341739,1101,0.3106333906681052,68.42105263157895,4472.970847880593,38.5773621194081,11,108,29,10,19,15,0.035,0.6,0.8,25,28.518158236068647
182.97275223680168,23.171433428097068,25.95416682594952,1086,0.29209340424894903,61.111111111111114,3691.599166736034,43.1458152639675,12,121,17,11,18,15,0.045,0.25,1.2,25,28.03743444799745
182.97275223680168,23.171433428097068,25.95416682594952,1086,0.29209340424894903,61.111111111111114,3691.599166736034,43.1458152639675,12,121,17,11,18,15,0.045,0.3,1.2,25,28.03743444799745
186.8654179303397,23.509062958634843,16.75695016282514,1086,0.3000727045947477,62.5,3768.5568906067906,42.467863393210095,11,119,21,10,24,15,0.035,0.5,1.0,25,27.97578492077546
185.9436943592752,23.429450044694235,23.86524278470091,1101,0.2966163080561448,60.0,3749.682375185504,42.1608958144969,12,118,22,11,15,15,0.045,0.6,1.2,28,27.646751052739194
185.54453505163033,23.394909386183006,25.415198953462532,1101,0.29363272269492985,61.111111111111114,3743.0348230326063,41.7387039673945,12,117,17,11,18,15,0.045,0.4,1.2,25,27.372043981834114
175.14788679235144,22.481350384042976,19.108407073999626,1101,0.2942693419321605,72.22222222222221,3533.76622384703,43.2586471529729,11,121,26,10,18,15,0.035,0.6,1.0,28,27.202433964692002
164.71518518886705,21.536441108803885,19.108407073999626,1101,0.2875274877055986,70.0,3325.1121917773416,44.675765222660495,11,125,27,10,20,15,0.035,0.6,1.0,35,26.920551386004856
192.84698341521502,24.02080161572846,18.17388627627995,1101,0.30115304673518795,63.1578947368421,3889.083790304303,39.983365695698296,11,112,15,10,19,15,0.035,0.3,1.2,25,26.903297809615875
192.84698341521502,24.02080161572846,18.17388627627995,1101,0.30115304673518795,63.1578947368421,3889.083790304303,39.983365695698296,11,112,15,10,19,15,0.035,0.25,1.2,25,26.903297809615875
161.75325315449874,21.26275173166883,26.26420279635631,1101,0.28331806812767174,61.111111111111114,3265.8735510899755,44.9848409100251,12,126,24,11,18,15,0.045,0.6,1.2,35,26.791067181902722
181.481606099916,23.04111492407104,23.411917915064663,1101,0.2934449682628299,63.1578947368421,3660.4406099983225,41.396546001679894,12,116,23,11,19,15,0.045,0.6,1.0,25,26.727693311922405
193.95501209498173,24.11467713140798,18.17388627627995,1101,0.3017610157031202,63.1578947368421,3911.244363899636,39.279894100364295,11,110,15,10,19,15,0.035,0.4,1.2,25,26.52614484454878
189.02920653248307,23.695157314913317,24.68575303414603,1101,0.295748648486506,61.111111111111114,3811.8326626496614,39.2815983503373,12,110,17,11,18,15,0.045,0.5,1.2,25,26.06467304640465
183.1232895374892,23.184559074566625,16.63320078661659,1101,0.2990708766582395,64.70588235294117,3693.2742787497846,40.0330462502165,11,112,21,10,17,15,0.035,0.6,1.2,35,25.966706163514623
193.44511404539236,24.071512246532233,16.63320078661659,1101,0.3053040382396982,64.28571428571429,3899.710768907848,37.904372092153295,11,106,20,10,14,15,0.035,0.6,1.2,28,25.515802981324168
196.13148740029942,24.29825389571083,18.00491313407816,1101,0.3030362322808777,64.70588235294117,3953.8782800059894,36.4526509940111,11,102,15,10,17,15,0.035,0.5,1.2,25,24.784218973625045
177.90693679133872,22.726444379757726,16.148623893946397,1101,0.2977310173696532,66.66666666666666,3588.947223826777,36.7820451732249,11,103,21,10,18,15,0.035,0.6,1.0,25,23.40823771115046
180.78296216001326,22.979867038894565,23.153470559080322,1101,0.2940168777681709,53.333333333333336,3646.4677312002673,35.3807467997339,12,99,17,11,15,15,0.045,0.6,1.2,25,22.75006836850562
187.4660558702375,23.560832424487455,16.63320078661659,1101,0.3016563324205764,57.14285714285714,3780.129605404751,32.8837425952503,11,92,15,10,14,15,0.035,0.6,1.2,25,21.675965830528458
3.7305260886985248,0.7365301692531689,18.701057870637598,1697,-0.5952615420185463,60.0,105.41900977397106,26.766374726030197,11,75,6,10,10,15,0.035,0.6,1.2,20,0.5523976269398767
2.801826559862388,0.5551794063334947,19.538407809971254,1697,-0.5924436447650462,75.0,86.84501919724848,28.5420588027533,11,80,10,10,12,15,0.035,0.6,1.0,20,0.4441435250667958
1.8580682273291584,0.3695409553531759,20.28217643538232,1697,-0.6067499674577791,71.42857142857143,69.06546254658416,30.316439953416797,11,85,13,10,14,15,0.035,0.6,0.8,20,0.3141098120501995
1.3751652863523987,0.2740208720263926,20.64497752731585,1697,-0.6181090100205083,66.66666666666666,58.75183772704897,29.6163012729521,11,83,6,10,12,15,0.035,0.5,1.2,20,0.22743732378190584
1.1349468099357751,0.22636914258187257,21.072035677552325,1239,-0.6059846567299817,78.57142857142857,56.05868019871582,32.4248503012866,11,91,18,10,14,15,0.035,0.6,0.6,20,0.20599591974950404
0.39002284787320607,0.07802206167479842,29.276858740869844,1606,-0.5113244150061412,50.0,38.60894495746585,33.552044542535796,14,94,9,13,12,15,0.055,0.6,1.2,20,0.07334073797431051
0.30498034787322015,0.06103043806506836,29.276858740869844,1606,-0.5065498572008098,50.0,36.908094957465934,33.552044542535796,14,94,9,13,12,15,0.07,0.6,1.2,20,0.05736861178116426
-0.013349550285465738,-0.0026748126780606896,22.011874208318975,1697,-0.6468158768422535,54.54545454545454,30.541496994291492,28.913444505709798,12,81,7,11,11,15,0.045,0.6,1.2,20,-0.0021665982692291585
-0.27835875198945814,-0.055833174194408475,21.86460019878269,1697,-0.6293711316954252,64.28571428571429,26.57694696021074,32.7962960397907,11,92,6,10,14,15,0.035,0.4,1.2,20,-0.0513665202588558
-0.5032977459451786,-0.1010425350861599,22.253044370872725,1697,-0.6135629696598923,78.57142857142857,21.182577081095083,32.428877918904696,11,91,10,10,14,15,0.035,0.5,1.0,20,-0.09194870692840551
-0.6415000723212643,-0.12885967673461618,22.246409130390894,1697,-0.6490176231177787,60.0,17.978486553574967,27.115348446426697,11,76,8,10,10,15,0.035,0.6,1.2,22,-0.0979333543183083
-0.659908483723666,-0.13256722679202415,22.472288860606408,1697,-0.6415275952088962,62.5,18.70592832552694,33.526595174474,12,94,15,11,16,15,0.045,0.6,0.8,20,-0.12461319318450269
-0.8066524386515311,-0.16214188654032347,22.339011842515877,1697,-0.6315769941234365,71.42857142857143,16.27109922696929,32.4261122730316,11,91,13,10,14,15,0.035,0.5,0.8,20,-0.14754911675169435
-0.7846370916827936,-0.15770270134267683,30.20733918847461,1697,-0.513466058329756,58.82352941176471,16.211356166344217,38.165880333656595,14,107,18,13,17,15,0.055,0.6,0.8,20,-0.1687418904366642
-0.976387491872788,-0.1963938233370599,22.471681869453388,1697,-0.633365392058127,64.28571428571429,12.616372162543463,33.1480318374577,11,93,6,10,14,15,0.035,0.3,1.2,20,-0.1826462557034657
-0.976387491872788,-0.1963938233370599,22.471681869453388,1697,-0.633365392058127,64.28571428571429,12.616372162543463,33.1480318374577,11,93,6,10,14,15,0.035,0.25,1.2,20,-0.1826462557034657
-0.8696795916828024,-0.1748550699667173,30.20733918847461,1697,-0.5088528014816356,58.82352941176471,14.5105061663443,38.165880333656595,14,107,17,13,17,15,0.07,0.6,0.8,20,-0.1870949248643875
-1.111962061893496,-0.22378603653943063,22.931898036231026,1697,-0.6176219387074213,75.0,11.680558762129579,35.9784107378714,11,101,18,10,16,15,0.035,0.5,0.6,20,-0.22602389690482494
-1.4110751663999508,-0.28432683085163335,22.96466899064645,1697,-0.6192044785447018,75.0,3.922618672001228,33.849883828000195,11,95,10,10,16,15,0.035,0.4,1.0,20,-0.2701104893090517
-1.5718350938766434,-0.3169255080065825,23.342577518743006,1697,-0.6463692037511855,69.23076923076923,-0.6282138775309818,32.4472528775329,12,91,11,11,13,15,0.045,0.6,1.0,20,-0.28840221228599006
-1.6781018663999476,-0.3384975189740236,23.196904435818492,1697,-0.6181638818347741,75.0,-1.4179153279990828,33.849883828000195,11,95,10,10,16,15,0.035,0.25,1.0,20,-0.3215726430253224
-1.6781018663999476,-0.3384975189740236,23.196904435818492,1697,-0.6181638818347741,75.0,-1.4179153279990828,33.849883828000195,11,95,10,10,16,15,0.035,0.3,1.0,20,-0.3215726430253224
-2.5579515616419255,-0.5178257482366666,23.793798588148746,1697,-0.6440399239057638,73.33333333333333,-17.859293232838667,33.849702732839795,11,95,13,10,15,15,0.035,0.4,0.8,20,-0.4919344608248333
-3.2154105920902794,-0.6526741710310757,24.414870236766063,1697,-0.6716185208275594,66.66666666666666,-33.059679841804794,29.6137488418061,11,83,8,10,12,15,0.035,0.5,1.2,22,-0.5417195619557928
-2.9039861616419103,-0.5887083176468355,24.09474789163011,1697,-0.6476075912506073,73.33333333333333,-24.779985232837873,33.849702732839795,11,95,13,10,15,15,0.035,0.25,0.8,20,-0.5592729017644937
-2.9039861616419103,-0.5887083176468355,24.09474789163011,1697,-0.6476075912506073,73.33333333333333,-24.779985232837873,33.849702732839795,11,95,13,10,15,15,0.035,0.3,0.8,20,-0.5592729017644937
-3.4559917634209567,-0.7022017631951205,24.72668510760247,1697,-0.6788292576899664,75.0,-38.31134726841832,28.8904602684203,11,81,10,10,12,15,0.035,0.6,1.0,22,-0.5687834281880476
-2.7175217106469174,-0.5504874348949529,24.066173763466846,1239,-0.6268256688762308,76.47058823529412,-19.535044212937493,37.386658212939295,11,105,18,10,17,15,0.035,0.4,0.6,20,-0.5780118066397005
-3.3061472960575653,-0.6713422391033341,24.65738922048417,1697,-0.6770238006759746,58.333333333333336,-34.874413921151756,32.4389709211517,12,91,7,11,12,15,0.045,0.5,1.2,20,-0.610921437584034
-2.980773010646908,-0.6044649021339721,24.328639415382618,1239,-0.6260753686526754,76.47058823529412,-25.575648212937296,37.0366582129393,11,104,18,10,17,15,0.035,0.25,0.6,20,-0.628643498219331
-2.980773010646908,-0.6044649021339721,24.328639415382618,1239,-0.6260753686526754,76.47058823529412,-25.575648212937296,37.0366582129393,11,104,18,10,17,15,0.035,0.3,0.6,20,-0.628643498219331
-3.278916876963979,-0.6657384124914567,24.96210186493988,1697,-0.6573336401578457,75.0,-32.218593539278075,36.3379795392799,12,102,20,11,16,15,0.045,0.6,0.6,20,-0.6790531807412858
-3.5264495802091003,-0.7167253468631007,24.883033736493676,1697,-0.6597940058665747,73.33333333333333,-39.28045960418282,35.2788696041829,12,99,11,11,15,15,0.045,0.5,1.0,20,-0.7095580933944697
-4.5640805546782985,-0.9316023836002607,25.56233748921605,1697,-0.6934420618107127,71.42857142857143,-59.377513093566094,31.3675570935673,11,88,16,10,14,15,0.035,0.6,0.8,22,-0.8198100975682294
-3.9201789544601984,-0.798041912329428,25.04762261533514,1697,-0.6713164049747724,62.5,-45.99943108920323,36.6920005892042,12,103,15,11,16,15,0.045,0.5,0.8,20,-0.8219831696993108
-4.828955741876166,-0.9867530254020318,25.633449515172344,1697,-0.6792855933215134,64.28571428571429,-64.434992837523,32.793765837524695,11,92,8,10,14,15,0.035,0.4,1.2,22,-0.9078127833698693
-5.302618724122192,-1.085682885858319,26.494180253712308,1239,-0.6911390668835459,78.57142857142857,-72.6926304824423,33.124581482445095,11,93,20,10,14,15,0.035,0.6,0.6,22,-1.0096850838482367
-5.526984481759496,-1.132682372581828,26.240531185843057,1697,-0.6824395801433256,64.28571428571429,-78.39556763519028,33.1455016351917,11,93,8,10,14,15,0.035,0.3,1.2,22,-1.0533946065011002
-5.526984481759496,-1.132682372581828,26.240531185843057,1697,-0.6824395801433256,64.28571428571429,-78.39556763519028,33.1455016351917,11,93,8,10,14,15,0.035,0.25,1.2,22,-1.0533946065011002
-5.151332030306253,-1.0540420281061835,26.217602940124447,1697,-0.6683421915343752,70.58823529411765,-70.88251860612482,37.4043761061264,12,105,11,11,17,15,0.045,0.4,1.0,20,-1.1067441295114928
-6.322508005427596,-1.3000489242076418,27.09178692099182,1697,-0.6902160107122107,78.57142857142857,-95.20162810855373,31.721906108553696,11,89,10,10,14,15,0.035,0.5,1.0,22,-1.1570435425448014
-5.323231155809367,-1.0899970013963367,26.595489393845895,1697,-0.6673188517474729,70.58823529411765,-72.54482311618648,39.1617101161879,12,110,20,11,17,15,0.045,0.5,0.6,20,-1.1989967015359704
-6.089263889231006,-1.250860373728191,26.918394974360577,1697,-0.6915546039085194,64.28571428571429,-89.64115578461977,36.322108784620696,12,102,7,11,14,15,0.045,0.4,1.2,20,-1.2758775812027547
-6.899872491650148,-1.4222311843070767,27.351292860620852,1697,-0.7097605582275628,71.42857142857143,-105.59330183300187,33.125106833003095,11,93,16,10,14,15,0.035,0.5,0.8,22,-1.3226750014055815
-6.07995661536811,-1.2488996025419752,27.02523582443731,1697,-0.6751133151488417,70.58823529411765,-89.45501030736219,38.108872807363596,12,107,11,11,17,15,0.045,0.3,1.0,20,-1.3363225747199134
-6.07995661536811,-1.2488996025419752,27.02523582443731,1697,-0.6751133151488417,70.58823529411765,-89.45501030736219,38.108872807363596,12,107,11,11,17,15,0.045,0.25,1.0,20,-1.3363225747199134
-7.740526521530024,-1.601218870492993,28.42107546672311,1697,-0.7416742500253889,54.54545454545454,-124.0020424305996,29.9640284306013,12,84,9,11,11,15,0.045,0.6,1.2,22,-1.3450238512141142
-7.243607985775361,-1.4952607455472777,27.80749835988318,1697,-0.6950592493353652,75.0,-112.72803771550724,33.8460767155087,11,95,10,10,16,15,0.035,0.4,1.0,22,-1.4204977082699137
-6.281193164455658,-1.2913289589174148,27.031934216954852,1697,-0.6862887020680554,61.111111111111114,-92.32412528911232,39.520712789113794,12,111,15,11,18,15,0.045,0.4,0.8,20,-1.4333751443983307
-7.0366990785026475,-1.451275296278265,27.742387604880896,1697,-0.7016263559212604,61.53846153846154,-108.58985957005336,35.961840570053894,12,101,7,11,13,15,0.045,0.3,1.2,20,-1.4657880492410476
-7.0366990785026475,-1.451275296278265,27.742387604880896,1697,-0.7016263559212604,61.53846153846154,-108.58985957005336,35.961840570053894,12,101,7,11,13,15,0.045,0.25,1.2,20,-1.4657880492410476
-7.1858397200930995,-1.4829722689085445,28.030663304606406,1697,-0.6931451035617148,75.0,-109.79699440186235,35.6231154018639,11,100,20,10,16,15,0.035,0.5,0.6,22,-1.4829722689085445
-7.557639385775337,-1.5621688267727918,28.08061420177088,1697,-0.6935173048741479,75.0,-119.00866571550745,33.8460767155087,11,95,10,10,16,15,0.035,0.3,1.0,22,-1.484060385434152
-7.557639385775337,-1.5621688267727918,28.08061420177088,1697,-0.6935173048741479,75.0,-119.00866571550745,33.8460767155087,11,95,10,10,16,15,0.035,0.25,1.0,22,-1.484060385434152
-7.013048120490907,-1.4462524765224583,27.668434842233946,1697,-0.6908037700546501,61.111111111111114,-106.96122440981776,39.8733949098198,12,112,15,11,18,15,0.045,0.3,0.8,20,-1.6198027737051535
-7.013048120490907,-1.4462524765224583,27.668434842233946,1697,-0.6908037700546501,61.111111111111114,-106.96122440981776,39.8733949098198,12,112,15,11,18,15,0.045,0.25,0.8,20,-1.6198027737051535
-7.041220354679581,-1.4522356086186128,27.84466030033751,1697,-0.6693312401084971,72.22222222222221,-106.00901709359204,41.2781025935928,12,116,20,11,18,15,0.045,0.4,0.6,20,-1.6845933059975906
-8.617116736180309,-1.7892522905125885,28.775074533220472,1697,-0.7206302926973767,73.33333333333333,-139.0425967236057,34.5486517236073,11,97,16,10,15,15,0.035,0.4,0.8,22,-1.7355747217972108
-7.396361893863696,-1.5277840982564683,28.169186310239912,1697,-0.6720038193142273,72.22222222222221,-113.11184787727274,41.2779103772748,12,116,20,11,18,15,0.045,0.25,0.6,20,-1.772229553977503
-7.396361893863696,-1.5277840982564683,28.169186310239912,1697,-0.6720038193142273,72.22222222222221,-113.11184787727274,41.2779103772748,12,116,20,11,18,15,0.045,0.3,0.6,20,-1.772229553977503
-8.911146136180308,-1.8526462520828901,29.030794461612164,1697,-0.7227077469642961,73.33333333333333,-144.92318472360523,34.5486517236073,11,97,16,10,15,15,0.035,0.25,0.8,22,-1.7970668645204033
-8.911146136180308,-1.8526462520828901,29.030794461612164,1697,-0.7227077469642961,73.33333333333333,-144.92318472360523,34.5486517236073,11,97,16,10,15,15,0.035,0.3,0.8,22,-1.7970668645204033
-8.536890798568686,-1.7719835711710763,28.989302296023432,1239,-0.6983830077891713,76.47058823529412,-136.69800397137328,36.6813999713753,11,103,20,10,17,15,0.035,0.4,0.6,22,-1.8251430783062086
-9.788133505989117,-2.0427052804565027,30.0901031705821,1697,-0.7560002659570794,61.53846153846154,-164.51413811978267,32.4422491197833,12,91,9,11,13,15,0.045,0.5,1.2,22,-1.8588618052154176
-8.83269539856867,-1.8357159601366524,29.212658827620626,1239,-0.6968691333225395,76.47058823529412,-141.83851797137322,37.0313999713753,11,104,20,10,17,15,0.035,0.25,0.6,22,-1.9091445985421185
-8.83269539856867,-1.8357159601366524,29.212658827620626,1239,-0.6968691333225395,76.47058823529412,-141.83851797137322,37.0313999713753,11,104,20,10,17,15,0.035,0.3,0.6,22,-1.9091445985421185
-20.07985487050779,-4.391491247751411,30.47351131782498,505,-1.4920664476858996,25.0,-401.5970974101552,19.557166410155897,6,55,9,5,4,15,0.055,0.5,1.2,25,-2.4153201862632763
-20.07985487050779,-4.391491247751411,30.47351131782498,505,-1.4920664476858996,25.0,-401.5970974101552,19.557166410155897,6,55,9,5,4,15,0.07,0.5,1.2,25,-2.4153201862632763
-20.122868247498353,-4.401803198997478,30.52362320330286,479,-1.5136321362970708,25.0,-402.45736494996714,19.9830344499671,5,57,14,4,4,15,0.055,0.6,0.8,28,-2.5090278234285623
-20.122868247498353,-4.401803198997478,30.52362320330286,479,-1.5136321362970708,25.0,-402.45736494996714,19.9830344499671,5,57,14,4,4,15,0.07,0.6,0.8,28,-2.5090278234285623
-20.233824920111296,-4.42842427197041,30.620132271986627,505,-1.5274329802998552,40.0,-404.67649840222487,20.2709119022256,6,57,15,5,5,15,0.07,0.6,0.6,25,-2.524201835023134
-20.233824920111296,-4.42842427197041,30.620132271986627,505,-1.5274329802998552,40.0,-404.67649840222487,20.2709119022256,6,57,15,5,5,15,0.055,0.6,0.6,25,-2.524201835023134
-20.277181656653227,-4.438834602600339,30.65784355303257,505,-1.525040909920957,25.0,-405.54363313306396,20.2614671330651,6,57,9,5,4,15,0.055,0.6,1.2,28,-2.5301357234821933
-20.277181656653227,-4.438834602600339,30.65784355303257,505,-1.525040909920957,25.0,-405.54363313306396,20.2614671330651,6,57,9,5,4,15,0.07,0.6,1.2,28,-2.5301357234821933
-20.416630237681783,-4.472348149079597,30.80745628847183,504,-1.5148338702113602,25.0,-408.33260475363454,20.262223253635398,6,57,12,5,4,15,0.055,0.5,0.8,25,-2.54923844497537
-20.416630237681783,-4.472348149079597,30.80745628847183,504,-1.5148338702113602,25.0,-408.33260475363454,20.262223253635398,6,57,12,5,4,15,0.07,0.5,0.8,25,-2.54923844497537
-20.283813144690317,-4.440427279880255,30.65094471235412,479,-1.4834966007272752,20.0,-405.67626289380456,20.338050393805897,5,58,15,4,5,15,0.055,0.5,0.6,25,-2.5754478223305477
-20.283813144690317,-4.440427279880255,30.65094471235412,479,-1.4834966007272752,20.0,-405.67626289380456,20.338050393805897,5,58,15,4,5,15,0.07,0.5,0.6,25,-2.5754478223305477
-20.539312488819473,-4.501871110036159,30.93330452777259,504,-1.4923708067373969,40.0,-410.7862497763889,20.620081276389598,6,58,9,5,5,15,0.055,0.4,1.2,25,-2.6110852438209724
-20.539312488819473,-4.501871110036159,30.93330452777259,504,-1.4923708067373969,40.0,-410.7862497763889,20.620081276389598,6,58,9,5,5,15,0.07,0.4,1.2,25,-2.6110852438209724
-20.875873917860293,-4.583050757006301,31.166007673992464,505,-1.5515377019814764,25.0,-417.5174783572052,20.2617343572059,6,57,10,5,4,15,0.07,0.5,1.0,25,-2.6123389314935914
-20.875873917860293,-4.583050757006301,31.166007673992464,505,-1.5515377019814764,25.0,-417.5174783572052,20.2617343572059,6,57,10,5,4,15,0.055,0.5,1.0,25,-2.6123389314935914
-20.89310578207237,-4.587214560634589,31.18099852530001,479,-1.540471714613058,25.0,-417.8621156414472,19.9602211414479,5,57,12,4,4,15,0.055,0.5,1.0,28,-2.6147122995617154
-20.89310578207237,-4.587214560634589,31.18099852530001,479,-1.540471714613058,25.0,-417.8621156414472,19.9602211414479,5,57,12,4,4,15,0.07,0.5,1.0,28,-2.6147122995617154
-20.32912020264298,-4.451311462307328,30.703019211099985,513,-1.4787137052778836,33.33333333333333,-406.5824040528587,20.6255810528599,6,59,11,5,6,15,0.07,0.6,1.0,25,-2.6262737627613233
-20.32912020264298,-4.451311462307328,30.703019211099985,513,-1.4787137052778836,33.33333333333333,-406.5824040528587,20.6255810528599,6,59,11,5,6,15,0.055,0.6,1.0,25,-2.6262737627613233
-20.692653961029077,-4.538823375981959,31.006615567855338,479,-1.5218064635819293,25.0,-413.85307922058166,20.3118617205819,5,58,14,4,4,15,0.055,0.5,0.8,28,-2.6325175580695364
-20.692653961029077,-4.538823375981959,31.006615567855338,479,-1.5218064635819293,25.0,-413.85307922058166,20.3118617205819,5,58,14,4,4,15,0.07,0.5,0.8,28,-2.6325175580695364
-20.10572389254063,-4.3976925094505575,30.515252675054278,478,-1.436999392248172,50.0,-402.1144778508125,21.032103850812998,5,60,9,4,6,15,0.055,0.25,1.2,25,-2.638615505670334
-20.10572389254063,-4.3976925094505575,30.515252675054278,478,-1.436999392248172,50.0,-402.1144778508125,21.032103850812998,5,60,9,4,6,15,0.07,0.25,1.2,25,-2.638615505670334
-20.758731134787354,-4.554764285731427,31.083178757366408,479,-1.5045909658578773,40.0,-415.1746226957471,20.316163695747598,5,58,10,4,5,15,0.07,0.4,1.0,25,-2.641763285724228
-20.758731134787354,-4.554764285731427,31.083178757366408,479,-1.5045909658578773,40.0,-415.1746226957471,20.316163695747598,5,58,10,4,5,15,0.055,0.4,1.0,25,-2.641763285724228
-20.538648835581466,-4.501711306690492,30.885265242377578,513,-1.4827764984095855,33.33333333333333,-410.77297671162955,20.6243137116299,6,59,13,5,6,15,0.055,0.6,0.8,25,-2.65600967094739
-20.538648835581466,-4.501711306690492,30.885265242377578,513,-1.4827764984095855,33.33333333333333,-410.77297671162955,20.6243137116299,6,59,13,5,6,15,0.07,0.6,0.8,25,-2.65600967094739
-21.108368648503575,-4.639290598545786,31.3872615462663,479,-1.5018712127451608,40.0,-422.16737297007205,20.3114854700721,5,58,12,4,5,15,0.055,0.4,0.8,25,-2.690788547156556
-21.108368648503575,-4.639290598545786,31.3872615462663,479,-1.5018712127451608,40.0,-422.16737297007205,20.3114854700721,5,58,12,4,5,15,0.07,0.4,0.8,25,-2.690788547156556
-20.48086119968907,-4.487800513775686,30.87596203332638,504,-1.5134330478824654,40.0,-409.6172239937804,21.3255079937811,6,60,17,5,5,15,0.055,0.6,0.6,28,-2.6926803082654116
-20.48086119968907,-4.487800513775686,30.87596203332638,504,-1.5134330478824654,40.0,-409.6172239937804,21.3255079937811,6,60,17,5,5,15,0.07,0.6,0.6,28,-2.6926803082654116
-20.902604256331507,-4.589510024691091,31.20830646343512,479,-1.4829218920261866,50.0,-418.0520851266301,20.679460626630497,5,59,9,4,6,15,0.055,0.3,1.2,25,-2.7078109145677436
-20.902604256331507,-4.589510024691091,31.20830646343512,479,-1.4829218920261866,50.0,-418.0520851266301,20.679460626630497,5,59,9,4,6,15,0.07,0.3,1.2,25,-2.7078109145677436
-20.71548930993731,-4.544331130517598,31.045570965920454,478,-1.4775070562271586,40.0,-414.3097861987461,21.020161698746097,5,60,11,4,5,15,0.055,0.4,1.0,28,-2.726598678310559
-20.71548930993731,-4.544331130517598,31.045570965920454,478,-1.4775070562271586,40.0,-414.3097861987461,21.020161698746097,5,60,11,4,5,15,0.07,0.4,1.0,28,-2.726598678310559
-20.581699491437167,-4.512079833791716,30.92271029732576,529,-1.329633726083364,42.857142857142854,-411.63398982874253,21.380457828743697,6,61,11,5,7,15,0.07,0.6,1.2,25,-2.7523686986129463
-20.581699491437167,-4.512079833791716,30.92271029732576,529,-1.329633726083364,42.857142857142854,-411.63398982874253,21.380457828743697,6,61,11,5,7,15,0.055,0.6,1.2,25,-2.7523686986129463
-20.423927269877787,-4.474103130481099,30.772836922675754,478,-1.473650234580421,20.0,-408.47854539755497,21.7277088975559,5,62,17,4,5,15,0.07,0.5,0.6,28,-2.7739439408982816
-20.423927269877787,-4.474103130481099,30.772836922675754,478,-1.473650234580421,20.0,-408.47854539755497,21.7277088975559,5,62,17,4,5,15,0.055,0.5,0.6,28,-2.7739439408982816
-20.77575877991069,-4.55887387383661,31.119879976970736,504,-1.502320331680267,25.0,-415.5151755982138,21.6682205982139,6,61,9,5,4,15,0.055,0.5,1.2,28,-2.7809130630403325
-20.77575877991069,-4.55887387383661,31.119879976970736,504,-1.502320331680267,25.0,-415.5151755982138,21.6682205982139,6,61,9,5,4,15,0.07,0.5,1.2,28,-2.7809130630403325
-20.501845925002737,-4.492851077448967,30.85976345450552,478,-1.4707824122704283,40.0,-410.03691850005475,21.727987000055098,5,62,9,4,5,15,0.07,0.4,1.2,28,-2.7855676680183596
-20.501845925002737,-4.492851077448967,30.85976345450552,478,-1.4707824122704283,40.0,-410.03691850005475,21.727987000055098,5,62,9,4,5,15,0.055,0.4,1.2,28,-2.7855676680183596
-20.067798138474007,-4.38860158439105,30.482268316639377,505,-1.4179320155259931,50.0,-401.35596276947905,22.7402887694805,6,64,10,5,6,15,0.055,0.3,0.8,22,-2.808705014010272
-20.067798138474007,-4.38860158439105,30.482268316639377,505,-1.4179320155259931,50.0,-401.35596276947905,22.7402887694805,6,64,10,5,6,15,0.07,0.3,0.8,22,-2.808705014010272
-21.057169139786605,-4.626894208706023,31.342732887898144,478,-1.4629019657103155,50.0,-421.1433827957308,21.375256795732,5,61,11,4,6,15,0.07,0.3,0.8,25,-2.822405467310674
-21.057169139786605,-4.626894208706023,31.342732887898144,478,-1.4629019657103155,50.0,-421.1433827957308,21.375256795732,5,61,11,4,6,15,0.055,0.3,0.8,25,-2.822405467310674
-20.17319370404847,-4.413873773626409,30.573931757375245,477,-1.4285348683862964,50.0,-403.46387408096956,22.435723580969498,5,64,10,4,6,15,0.055,0.25,1.0,28,-2.8248792151209017
-20.17319370404847,-4.413873773626409,30.573931757375245,477,-1.4285348683862964,50.0,-403.46387408096956,22.435723580969498,5,64,10,4,6,15,0.07,0.25,1.0,28,-2.8248792151209017
-20.1767194583122,-4.414719654825483,30.576998136546337,505,-1.4200019136254691,50.0,-403.5343891662429,22.7397641662445,6,64,10,5,6,15,0.07,0.25,0.8,22,-2.8254205790883087
-20.1767194583122,-4.414719654825483,30.576998136546337,505,-1.4200019136254691,50.0,-403.5343891662429,22.7397641662445,6,64,10,5,6,15,0.055,0.25,0.8,22,-2.8254205790883087
-21.129359855763983,-4.644374834713439,31.4055177819267,478,-1.4634186991765687,50.0,-422.5871971152782,21.374752615279498,5,61,11,4,6,15,0.07,0.25,0.8,25,-2.8330686491751975
-21.129359855763983,-4.644374834713439,31.4055177819267,478,-1.4634186991765687,50.0,-422.5871971152782,21.374752615279498,5,61,11,4,6,15,0.055,0.25,0.8,25,-2.8330686491751975
-20.398009143463877,-4.4678702437591085,30.76945570181296,477,-1.460125788647219,40.0,-407.96018286927847,22.4238548692786,5,64,12,4,5,15,0.07,0.4,0.8,28,-2.8594369560058293
-20.398009143463877,-4.4678702437591085,30.76945570181296,477,-1.460125788647219,40.0,-407.96018286927847,22.4238548692786,5,64,12,4,5,15,0.055,0.4,0.8,28,-2.8594369560058293
-21.01021468521692,-4.615531278726925,31.301896190070543,478,-1.4703215748428378,50.0,-420.2042937043384,21.7318042043385,5,62,9,4,6,15,0.07,0.3,1.0,25,-2.8616293928106935
-21.01021468521692,-4.615531278726925,31.301896190070543,478,-1.4703215748428378,50.0,-420.2042937043384,21.7318042043385,5,62,9,4,6,15,0.055,0.3,1.0,25,-2.8616293928106935
-20.246108223357588,-4.431373140763362,30.637346149461354,505,-1.4357909716276767,50.0,-404.92216446715145,23.092696967151998,6,65,8,5,6,15,0.07,0.25,1.0,22,-2.8803925414961853
-20.246108223357588,-4.431373140763362,30.637346149461354,505,-1.4357909716276767,50.0,-404.92216446715145,23.092696967151998,6,65,8,5,6,15,0.055,0.25,1.0,22,-2.8803925414961853
-20.323234413004663,-4.449897230561051,30.70442346789847,505,-1.441761289062858,50.0,-406.4646882600931,23.093146260093498,6,65,8,5,6,15,0.055,0.3,1.0,22,-2.8924331998646835
-20.323234413004663,-4.449897230561051,30.70442346789847,505,-1.441761289062858,50.0,-406.4646882600931,23.093146260093498,6,65,8,5,6,15,0.07,0.3,1.0,22,-2.8924331998646835
-20.338285404415014,-4.45351383432252,30.717513446130845,477,-1.4460821772227346,50.0,-406.76570808829996,22.791853088299998,5,65,8,4,6,15,0.07,0.3,1.2,28,-2.894783992309638
-20.338285404415014,-4.45351383432252,30.717513446130845,477,-1.4460821772227346,50.0,-406.76570808829996,22.791853088299998,5,65,8,4,6,15,0.055,0.3,1.2,28,-2.894783992309638
-22.219361957839535,-4.909881206411937,32.38809361697982,504,-1.610663106935351,25.0,-444.38723915679,20.9654701567911,6,59,12,5,4,15,0.07,0.6,1.0,28,-2.8968299117830427
-22.219361957839535,-4.909881206411937,32.38809361697982,504,-1.610663106935351,25.0,-444.38723915679,20.9654701567911,6,59,12,5,4,15,0.055,0.6,1.0,28,-2.8968299117830427
-20.647330096934514,-4.527895276530492,30.986292305118816,477,-1.4530879525710143,50.0,-412.94660193869043,22.4359254386905,5,64,11,4,6,15,0.07,0.3,1.0,28,-2.897852976979515
-20.647330096934514,-4.527895276530492,30.986292305118816,477,-1.4530879525710143,50.0,-412.94660193869043,22.4359254386905,5,64,11,4,6,15,0.055,0.3,1.0,28,-2.897852976979515
-21.258416701194303,-4.675657220599971,31.51775964369936,478,-1.4826656985762778,50.0,-425.1683340238857,21.731174023886,5,62,9,4,6,15,0.07,0.25,1.0,25,-2.8989074767719822
-21.258416701194303,-4.675657220599971,31.51775964369936,478,-1.4826656985762778,50.0,-425.1683340238857,21.731174023886,5,62,9,4,6,15,0.055,0.25,1.0,25,-2.8989074767719822
-20.458229774627704,-4.482354819918322,30.821830108892378,477,-1.4550699554921116,50.0,-409.1645954925539,22.791227492554,5,65,8,4,6,15,0.055,0.25,1.2,28,-2.9135306329469093
-20.458229774627704,-4.482354819918322,30.821830108892378,477,-1.4550699554921116,50.0,-409.1645954925539,22.791227492554,5,65,8,4,6,15,0.07,0.25,1.2,28,-2.9135306329469093
-20.22572416069961,-4.426479710683107,30.619617952746232,476,-1.3959749204136467,33.33333333333333,-404.51448321399147,23.1142272139926,5,66,15,4,6,15,0.07,0.3,0.6,28,-2.9214766090508504
-20.22572416069961,-4.426479710683107,30.619617952746232,476,-1.3959749204136467,33.33333333333333,-404.51448321399147,23.1142272139926,5,66,15,4,6,15,0.055,0.3,0.6,28,-2.9214766090508504
-20.250179156864636,-4.432350535260654,30.640886675765554,505,-1.4411490003482297,33.33333333333333,-405.0035831372923,23.445443137293097,6,66,14,5,6,15,0.07,0.4,0.6,22,-2.9253513532720317
-20.250179156864636,-4.432350535260654,30.640886675765554,505,-1.4411490003482297,33.33333333333333,-405.0035831372923,23.445443137293097,6,66,14,5,6,15,0.055,0.4,0.6,22,-2.9253513532720317
-20.32267423939147,-4.449762636949917,30.703936280031364,476,-1.4010042618007348,33.33333333333333,-406.4534847878286,23.1137317878296,5,66,15,4,6,15,0.055,0.25,0.6,28,-2.936843340386945
-20.32267423939147,-4.449762636949917,30.703936280031364,476,-1.4010042618007348,33.33333333333333,-406.4534847878286,23.1137317878296,5,66,15,4,6,15,0.07,0.25,0.6,28,-2.936843340386945
-21.274470001118324,-4.679551283440775,31.5317213383701,478,-1.4874844764505715,33.33333333333333,-425.4894000223666,22.0839035223671,5,63,15,4,6,15,0.055,0.4,0.6,25,-2.948117308567688
-21.274470001118324,-4.679551283440775,31.5317213383701,478,-1.4874844764505715,33.33333333333333,-425.4894000223666,22.0839035223671,5,63,15,4,6,15,0.07,0.4,0.6,25,-2.948117308567688
-20.3041798716476,-4.445319397023617,30.68132634612534,619,-1.1772633996408435,37.5,-406.0835974329517,23.482481432953097,7,67,10,6,8,15,0.055,0.6,1.2,22,-2.9783639960058235
-20.3041798716476,-4.445319397023617,30.68132634612534,619,-1.1772633996408435,37.5,-406.0835974329517,23.482481432953097,7,67,10,6,8,15,0.07,0.6,1.2,22,-2.9783639960058235
-20.369650051975192,-4.461052203719262,30.744791553109668,531,-1.3015915774424702,70.0,-407.39300103950325,23.498918039504098,5,67,10,4,10,15,0.045,0.25,1.0,35,-2.988904976491906
-20.369650051975192,-4.461052203719262,30.744791553109668,531,-1.3015915774424702,70.0,-407.39300103950325,23.498918039504098,5,67,10,4,10,15,0.045,0.3,1.0,35,-2.988904976491906
-20.102260584002487,-4.3968622001146045,30.512240605474254,529,-1.3034326568099623,66.66666666666666,-402.0452116800504,23.8657296800511,5,68,13,4,9,15,0.045,0.4,0.8,35,-2.989866296077931
-20.479872309816503,-4.48756253594349,30.840652810121217,477,-1.4109229263193845,42.857142857142854,-409.59744619632863,23.49609919633,5,67,13,4,7,15,0.055,0.3,0.6,25,-3.0066668990821386
-20.479872309816503,-4.48756253594349,30.840652810121217,477,-1.4109229263193845,42.857142857142854,-409.59744619632863,23.49609919633,5,67,13,4,7,15,0.07,0.3,0.6,25,-3.0066668990821386
-20.52715183675887,-4.498943074181638,30.88177222622074,477,-1.4222582417357388,42.857142857142854,-410.5430367351761,23.499622235177497,5,67,13,4,7,15,0.07,0.25,0.6,25,-3.014291859701698
-20.52715183675887,-4.498943074181638,30.88177222622074,477,-1.4222582417357388,42.857142857142854,-410.5430367351761,23.499622235177497,5,67,13,4,7,15,0.055,0.25,0.6,25,-3.014291859701698
-20.13237291508378,-4.404082430243205,30.519199363384793,620,-1.1641959221531013,70.0,-402.6474583016759,24.175596801676598,6,69,10,5,10,15,0.045,0.5,1.0,22,-3.0388168768678114
-20.142684972839263,-4.406555519995836,30.547398048296703,529,-1.3071522837276561,70.0,-402.85369945678457,24.254483456786097,5,69,13,4,10,15,0.045,0.3,0.8,35,-3.0405233087971264
-20.142684972839263,-4.406555519995836,30.547398048296703,529,-1.3071522837276561,70.0,-402.85369945678457,24.254483456786097,5,69,13,4,10,15,0.045,0.25,0.8,35,-3.0405233087971264
-20.445794662020862,-4.479363144388804,30.791860449095548,531,-1.3579948257637826,62.5,-408.91589324041723,23.9097982404177,5,68,13,4,8,15,0.045,0.5,0.8,35,-3.045966938184387
-20.731606437098414,-4.548219252343277,31.059588171694834,477,-1.4366313605327488,50.0,-414.6321287419673,23.4874122419685,5,67,12,4,6,15,0.055,0.3,0.8,28,-3.047306899069996
-20.731606437098414,-4.548219252343277,31.059588171694834,477,-1.4366313605327488,50.0,-414.6321287419673,23.4874122419685,5,67,12,4,6,15,0.07,0.3,0.8,28,-3.047306899069996
-20.7682560791294,-4.557063024970098,31.09146268436515,477,-1.4412278804983727,33.33333333333333,-415.3651215825879,23.4882290825881,5,67,15,4,6,15,0.07,0.4,0.6,28,-3.053232226729966
-20.7682560791294,-4.557063024970098,31.09146268436515,477,-1.4412278804983727,33.33333333333333,-415.3651215825879,23.4882290825881,5,67,15,4,6,15,0.055,0.4,0.6,28,-3.053232226729966
-20.79555150731112,-4.563651696774018,31.115201755832324,477,-1.4424004970901418,50.0,-415.9110301462211,23.4869126462225,5,67,12,4,6,15,0.055,0.25,0.8,28,-3.057646636838592
-20.79555150731112,-4.563651696774018,31.115201755832324,477,-1.4424004970901418,50.0,-415.9110301462211,23.4869126462225,5,67,12,4,6,15,0.07,0.25,0.8,28,-3.057646636838592
-20.322505198615627,-4.449722021460955,30.684604844539432,620,-1.1804908578286148,60.0,-406.4501039723123,24.175249472313,6,69,13,5,10,15,0.045,0.5,0.8,22,-3.070308194808059
-20.124968123472424,-4.402306733233496,30.52544965564535,997,-1.2037039667136682,54.54545454545454,-402.4993624694477,24.566444969448998,7,70,13,6,11,15,0.045,0.6,0.8,22,-3.0816147132634475
-20.43108836393793,-4.475825543036871,30.79171015730653,619,-1.1716616897984968,50.0,-408.6217672787584,24.2010077787596,7,69,15,6,10,15,0.07,0.6,0.8,22,-3.0883196246954405
-20.43108836393793,-4.475825543036871,30.79171015730653,619,-1.1716616897984968,50.0,-408.6217672787584,24.2010077787596,7,69,15,6,10,15,0.055,0.6,0.8,22,-3.0883196246954405
-20.479471607170627,-4.487466106924032,30.881260392151667,504,-1.410423206092123,42.857142857142854,-409.58943214341116,24.507342643412997,6,69,14,5,7,15,0.07,0.25,0.6,22,-3.0963516137775815
-20.479471607170627,-4.487466106924032,30.881260392151667,504,-1.410423206092123,42.857142857142854,-409.58943214341116,24.507342643412997,6,69,14,5,7,15,0.055,0.25,0.6,22,-3.0963516137775815
-21.216011600112164,-4.665374030984292,31.47442899455642,996,-1.2000104923134551,66.66666666666666,-424.3202320022416,24.204331502243598,7,68,10,6,9,15,0.045,0.6,1.0,22,-3.172454341069319
-20.784586791033917,-4.561004774693389,31.14662172325916,504,-1.4134791373540807,42.857142857142854,-415.6917358206772,24.860428320679,6,70,14,5,7,15,0.055,0.3,0.6,22,-3.1927033422853723
-20.784586791033917,-4.561004774693389,31.14662172325916,504,-1.4134791373540807,42.857142857142854,-415.6917358206772,24.860428320679,6,70,14,5,7,15,0.07,0.3,0.6,22,-3.1927033422853723
-20.354278135081223,-4.457357327478806,30.73142246319087,532,-1.3183489423448678,70.0,-407.0855627016244,25.3617527016251,5,72,11,4,10,15,0.045,0.4,1.0,35,-3.2092972757847402
-20.39326467403714,-4.46672945196277,30.76532939545699,531,-1.301204451640722,60.0,-407.8652934807414,25.3849384807431,5,72,17,4,10,15,0.045,0.25,0.6,35,-3.2160452054131943
-20.39326467403714,-4.46672945196277,30.76532939545699,531,-1.301204451640722,60.0,-407.8652934807414,25.3849384807431,5,72,17,4,10,15,0.045,0.3,0.6,35,-3.2160452054131943
-22.394889094884228,-4.952914434084644,32.49980553508755,996,-1.2225936516127733,66.66666666666666,-447.8977818976838,24.204475397685197,7,68,17,6,9,15,0.045,0.6,0.6,22,-3.367981815177558
-20.10671804134131,-4.3979308565208814,30.516117294919233,619,-1.0946311498334442,58.333333333333336,-402.1343608268254,27.006298326826197,6,77,16,5,12,15,0.045,0.4,0.6,22,-3.386406759521079
-22.799564334080674,-5.052424271868672,32.85810915406371,996,-1.199720942546111,50.0,-455.991286681613,24.194413181614,7,68,8,6,8,15,0.045,0.4,1.2,22,-3.4356485048706973
-21.148138330876122,-4.648924046725722,31.415393464306305,619,-1.161991107063757,60.0,-422.9627666175219,25.961676617523697,7,74,11,6,10,15,0.055,0.6,1.0,22,-3.4402037945770343
-21.148138330876122,-4.648924046725722,31.415393464306305,619,-1.161991107063757,60.0,-422.9627666175219,25.961676617523697,7,74,11,6,10,15,0.07,0.6,1.0,22,-3.4402037945770343
-20.437250499367746,-4.477307781634199,30.797069924659226,996,-1.150901145299299,60.0,-408.7450099873545,27.407903487355597,8,77,11,7,10,15,0.07,0.6,1.0,20,-3.447526991858333
-20.437250499367746,-4.477307781634199,30.797069924659226,996,-1.150901145299299,60.0,-408.7450099873545,27.407903487355597,8,77,11,7,10,15,0.055,0.6,1.0,20,-3.447526991858333
-22.107056482227303,-4.882388480290556,32.23707430542136,620,-1.1964118584763304,60.0,-442.14112964454443,24.878496144546197,6,71,17,5,10,15,0.045,0.5,0.6,22,-3.466495821006295
-23.144034426819758,-5.13745881463098,33.15769779196291,996,-1.201971166689172,50.0,-462.8806885363946,24.1945775363955,7,68,8,6,8,15,0.045,0.3,1.2,22,-3.4934719939490666
-23.144034426819758,-5.13745881463098,33.15769779196291,996,-1.201971166689172,50.0,-462.8806885363946,24.1945775363955,7,68,8,6,8,15,0.045,0.25,1.2,22,-3.4934719939490666
-20.525083104325915,-4.498445001456974,30.8799730316177,619,-1.0915785990344264,58.333333333333336,-410.5016620865167,27.7099055865192,6,79,16,5,12,15,0.045,0.25,0.6,22,-3.55377155115101
-20.525083104325915,-4.498445001456974,30.8799730316177,619,-1.0915785990344264,58.333333333333336,-410.5016620865167,27.7099055865192,6,79,16,5,12,15,0.045,0.3,0.6,22,-3.55377155115101
-20.066623103677387,-4.388319979868783,30.481246378649335,619,-1.1357547485111728,44.44444444444444,-401.3324620735487,28.419093573549,7,81,8,6,9,15,0.055,0.4,1.2,20,-3.554539183693714
-20.066623103677387,-4.388319979868783,30.481246378649335,619,-1.1357547485111728,44.44444444444444,-401.3324620735487,28.419093573549,7,81,8,6,9,15,0.07,0.4,1.2,20,-3.554539183693714
-20.57847836019298,-4.511303885505013,30.926411350393924,605,-1.186675173014066,63.63636363636363,-411.56956720386,27.7289572038611,7,79,14,6,11,15,0.055,0.4,0.8,22,-3.5639300695489604
-20.57847836019298,-4.511303885505013,30.926411350393924,605,-1.186675173014066,63.63636363636363,-411.56956720386,27.7289572038611,7,79,14,6,11,15,0.07,0.4,0.8,22,-3.5639300695489604
-20.792234018067994,-4.562850811984298,31.112316506562376,605,-1.2194049094850112,55.55555555555556,-415.84468036136,27.7137268613604,7,79,9,6,9,15,0.055,0.3,1.2,22,-3.604652141467595
-20.792234018067994,-4.562850811984298,31.112316506562376,605,-1.2194049094850112,55.55555555555556,-415.84468036136,27.7137268613604,7,79,9,6,9,15,0.07,0.3,1.2,22,-3.604652141467595
-20.35420853416441,-4.457340599126692,30.731361930667724,617,-1.1040309954493255,50.0,-407.0841706832887,28.4258826832893,7,81,10,6,10,15,0.07,0.4,1.2,22,-3.6104458852926204
-20.35420853416441,-4.457340599126692,30.731361930667724,617,-1.1040309954493255,50.0,-407.0841706832887,28.4258826832893,7,81,10,6,10,15,0.055,0.4,1.2,22,-3.6104458852926204
-21.949973602220645,-4.843987232030189,32.11921269978571,620,-1.1812934436299187,66.66666666666666,-438.9994720444126,26.3014610444137,6,75,10,5,12,15,0.045,0.4,1.0,22,-3.632990424022642
-21.993256831759574,-4.854562288869502,32.138074358693785,996,-1.2017580212631551,37.5,-439.86513663519213,26.6867316351921,8,75,8,7,8,15,0.055,0.5,1.2,20,-3.6409217166521266
-21.993256831759574,-4.854562288869502,32.138074358693785,996,-1.2017580212631551,37.5,-439.86513663519213,26.6867316351921,8,75,8,7,8,15,0.07,0.5,1.2,20,-3.6409217166521266
-21.64743230078101,-4.770200313081219,31.849674656236367,620,-1.2157941784881896,60.0,-432.9486460156189,27.018712515620198,7,77,17,6,10,15,0.055,0.6,0.6,20,-3.6730542410725384
-21.64743230078101,-4.770200313081219,31.849674656236367,620,-1.2157941784881896,60.0,-432.9486460156189,27.018712515620198,7,77,17,6,10,15,0.07,0.6,0.6,20,-3.6730542410725384
-22.186149501255898,-4.9017473910034415,32.32461693483546,620,-1.2045741512581143,58.333333333333336,-443.7229900251177,26.301273025119098,6,75,13,5,12,15,0.045,0.4,0.8,22,-3.676310543252581
-20.801069812102664,-4.5649839463093205,31.12000107354047,605,-1.208714130565271,60.0,-416.02139624205245,28.425356742053197,7,81,9,6,10,15,0.07,0.25,1.2,22,-3.69763699651055
-20.801069812102664,-4.5649839463093205,31.12000107354047,605,-1.208714130565271,60.0,-416.02139624205245,28.425356742053197,7,81,9,6,10,15,0.055,0.25,1.2,22,-3.69763699651055
-21.35410968065951,-4.698878943234974,31.582048627068772,620,-1.1875251386766068,63.63636363636363,-427.08219361319016,27.7293971131908,7,79,11,6,11,15,0.055,0.5,1.0,20,-3.71211436515563
-21.35410968065951,-4.698878943234974,31.582048627068772,620,-1.1875251386766068,63.63636363636363,-427.08219361319016,27.7293971131908,7,79,11,6,11,15,0.07,0.5,1.0,20,-3.71211436515563
-20.439778414609773,-4.4779158723220025,30.786626617789825,617,-1.0827108817668882,54.54545454545454,-408.79556829219416,29.489716792196198,7,84,19,6,11,15,0.07,0.5,0.6,22,-3.761449332750482
-20.439778414609773,-4.4779158723220025,30.786626617789825,617,-1.0827108817668882,54.54545454545454,-408.79556829219416,29.489716792196198,7,84,19,6,11,15,0.055,0.5,0.6,22,-3.761449332750482
-20.51215873363699,-4.495333535266233,30.849593838676427,619,-1.1396310625280857,54.54545454545454,-410.24317467273755,29.4907776727397,7,84,16,6,11,15,0.055,0.5,0.6,20,-3.7760801696236355
-20.51215873363699,-4.495333535266233,30.849593838676427,619,-1.1396310625280857,54.54545454545454,-410.24317467273755,29.4907776727397,7,84,16,6,11,15,0.07,0.5,0.6,20,-3.7760801696236355
-22.934721828495604,-5.085752484907413,32.97565680335792,620,-1.20808570580764,58.333333333333336,-458.69443656991234,26.3007580699136,6,75,13,5,12,15,0.045,0.3,0.8,22,-3.81431436368056
-22.934721828495604,-5.085752484907413,32.97565680335792,620,-1.20808570580764,58.333333333333336,-458.69443656991234,26.3007580699136,6,75,13,5,12,15,0.045,0.25,0.8,22,-3.81431436368056
-22.75889006376401,-5.042403619642144,32.82273438714326,620,-1.1877689618545533,66.66666666666666,-455.17780127527976,26.653530275280698,6,76,10,5,12,15,0.045,0.3,1.0,22,-3.8322267509280294
-22.75889006376401,-5.042403619642144,32.82273438714326,620,-1.1877689618545533,66.66666666666666,-455.17780127527976,26.653530275280698,6,76,10,5,12,15,0.045,0.25,1.0,22,-3.8322267509280294
-22.975149761563568,-5.0957306081169325,32.99227160221122,619,-1.2064321144683623,44.44444444444444,-459.50299523127245,26.6566352312727,7,76,10,6,9,15,0.07,0.5,1.2,22,-3.8727552621688686
-22.975149761563568,-5.0957306081169325,32.99227160221122,619,-1.2064321144683623,44.44444444444444,-459.50299523127245,26.6566352312727,7,76,10,6,9,15,0.055,0.5,1.2,22,-3.8727552621688686
-22.848303492777998,-5.064437379445619,32.89418110744439,619,-1.2010683987169415,60.0,-456.966069855559,27.018270855560697,7,77,20,6,10,15,0.055,0.6,0.6,22,-3.8996167821731267
-22.848303492777998,-5.064437379445619,32.89418110744439,619,-1.2010683987169415,60.0,-456.966069855559,27.018270855560697,7,77,20,6,10,15,0.07,0.6,0.6,22,-3.8996167821731267
-21.933809085218535,-4.840039083239467,32.08635782251421,620,-1.2153491604075826,54.54545454545454,-438.67618170437,28.433541204370997,7,81,14,6,11,15,0.055,0.5,0.8,20,-3.9204316574239684
-21.933809085218535,-4.840039083239467,32.08635782251421,620,-1.2153491604075826,54.54545454545454,-438.67618170437,28.433541204370997,7,81,14,6,11,15,0.07,0.5,0.8,20,-3.9204316574239684
-20.554181134768623,-4.505451662274263,30.905279841960976,619,-1.128164081712768,61.53846153846154,-411.0836226953729,30.915592695373697,7,88,11,6,13,15,0.055,0.4,1.0,20,-3.9647974628013514
-20.554181134768623,-4.505451662274263,30.905279841960976,619,-1.128164081712768,61.53846153846154,-411.0836226953729,30.915592695373697,7,88,11,6,13,15,0.07,0.4,1.0,20,-3.9647974628013514
-21.09627153286458,-4.63636107292511,31.3767405795026,619,-1.1424612178009612,54.54545454545454,-421.92543065729154,30.1944301572922,7,86,8,6,11,15,0.07,0.25,1.2,20,-3.987270522715595
-21.09627153286458,-4.63636107292511,31.3767405795026,619,-1.1424612178009612,54.54545454545454,-421.92543065729154,30.1944301572922,7,86,8,6,11,15,0.055,0.25,1.2,20,-3.987270522715595
-20.36656349820273,-4.460310257369294,30.742107150428605,619,-1.1230604827917852,53.84615384615385,-407.33126996405554,31.618377464056596,7,90,13,6,13,15,0.055,0.4,0.8,20,-4.014279231632364
-20.36656349820273,-4.460310257369294,30.742107150428605,619,-1.1230604827917852,53.84615384615385,-407.33126996405554,31.618377464056596,7,90,13,6,13,15,0.07,0.4,0.8,20,-4.014279231632364
-23.111993385867684,-5.129536447465533,33.111318641990636,619,-1.2073833557396887,54.54545454545454,-462.23986771735326,27.7285142173548,7,79,15,6,11,15,0.07,0.5,0.8,22,-4.0523337934977715
-23.111993385867684,-5.129536447465533,33.111318641990636,619,-1.2073833557396887,54.54545454545454,-462.23986771735326,27.7285142173548,7,79,15,6,11,15,0.055,0.5,0.8,22,-4.0523337934977715
-22.900412963487668,-5.077287907593231,32.92725436360202,619,-1.1836938195024673,63.63636363636363,-458.0082592697528,28.081337769754597,7,80,11,6,11,15,0.07,0.5,1.0,22,-4.061830326074585
-22.900412963487668,-5.077287907593231,32.92725436360202,619,-1.1836938195024673,63.63636363636363,-458.0082592697528,28.081337769754597,7,80,11,6,11,15,0.055,0.5,1.0,22,-4.061830326074585
-20.799237820727594,-4.564541651950959,31.118407774696045,617,-1.0794899442355639,61.53846153846154,-415.98475641455155,31.2664414145527,7,89,11,6,13,15,0.07,0.4,1.0,22,-4.0624420702363535
-20.799237820727594,-4.564541651950959,31.118407774696045,617,-1.0794899442355639,61.53846153846154,-415.98475641455155,31.2664414145527,7,89,11,6,13,15,0.055,0.4,1.0,22,-4.0624420702363535
-21.235927879070687,-4.670203155023156,31.498200919357288,619,-1.1441106869842195,54.54545454545454,-424.7185575814142,30.546894081414198,7,87,8,6,11,15,0.055,0.3,1.2,20,-4.063076744870146
-21.235927879070687,-4.670203155023156,31.498200919357288,619,-1.1441106869842195,54.54545454545454,-424.7185575814142,30.546894081414198,7,87,8,6,11,15,0.07,0.3,1.2,20,-4.063076744870146
-21.54974448345382,-4.74642385182209,31.771129951627458,619,-1.1356312394069674,53.84615384615385,-430.99488966907677,31.971381169077198,7,91,16,6,13,15,0.055,0.4,0.6,20,-4.319245705158102
-21.54974448345382,-4.74642385182209,31.771129951627458,619,-1.1356312394069674,53.84615384615385,-430.99488966907677,31.971381169077198,7,91,16,6,13,15,0.07,0.4,0.6,20,-4.319245705158102
-21.197827223190746,-4.660965695783236,31.46506444731301,619,-1.1152286982348207,64.28571428571429,-423.9565444638152,32.683970463816095,7,93,10,6,14,15,0.055,0.3,1.0,20,-4.33469809707841
-21.197827223190746,-4.660965695783236,31.46506444731301,619,-1.1152286982348207,64.28571428571429,-423.9565444638152,32.683970463816095,7,93,10,6,14,15,0.07,0.3,1.0,20,-4.33469809707841
-21.233245762644014,-4.669552762147378,31.495868259356058,619,-1.1167774784309135,64.28571428571429,-424.6649152528802,32.6832912528811,7,93,10,6,14,15,0.055,0.25,1.0,20,-4.342684068797062
-21.233245762644014,-4.669552762147378,31.495868259356058,619,-1.1167774784309135,64.28571428571429,-424.6649152528802,32.6832912528811,7,93,10,6,14,15,0.07,0.25,1.0,20,-4.342684068797062
-21.881235772010665,-4.827202682607812,32.05943081056274,619,-1.1456032845833575,57.14285714285714,-437.6247154402124,33.034606940214,7,94,13,6,14,15,0.07,0.3,0.8,20,-4.537570521651343
-21.881235772010665,-4.827202682607812,32.05943081056274,619,-1.1456032845833575,57.14285714285714,-437.6247154402124,33.034606940214,7,94,13,6,14,15,0.055,0.3,0.8,20,-4.537570521651343
-22.149017512340073,-4.89265695831731,32.29232292088109,619,-1.1538959155860296,57.14285714285714,-442.9803502468002,33.033468746802,7,94,13,6,14,15,0.07,0.25,0.8,20,-4.599097540818271
-22.149017512340073,-4.89265695831731,32.29232292088109,619,-1.1538959155860296,57.14285714285714,-442.9803502468002,33.033468746802,7,94,13,6,14,15,0.055,0.25,0.8,20,-4.599097540818271
-22.418720933686473,-4.9587631822138984,32.5268863339061,619,-1.149092076217348,57.14285714285714,-448.374418673729,33.0339526737301,7,94,16,6,14,15,0.07,0.3,0.6,20,-4.661237391281064
-22.418720933686473,-4.9587631822138984,32.5268863339061,619,-1.149092076217348,57.14285714285714,-448.374418673729,33.0339526737301,7,94,16,6,14,15,0.055,0.3,0.6,20,-4.661237391281064
-22.655159573139734,-5.016867310283102,32.73251907658427,619,-1.1556264399070695,57.14285714285714,-453.1031914627936,33.0332734627951,7,94,16,6,14,15,0.07,0.25,0.6,20,-4.715855271666116
-22.655159573139734,-5.016867310283102,32.73251907658427,619,-1.1556264399070695,57.14285714285714,-453.1031914627936,33.0332734627951,7,94,16,6,14,15,0.055,0.25,0.6,20,-4.715855271666116
-20.130340352493704,-4.4035950009454705,47.06584907614926,233,-0.40048208187187356,57.692307692307686,-402.60680704987556,66.1747580498767,12,187,32,11,26,30,0.055,0.3,1.2,35,-8.234722651768031
-20.511018183764556,-4.4950589740219264,47.184895045963316,233,-0.40810584924971316,59.25925925925925,-410.2203636752919,66.88607667529429,12,189,32,11,27,30,0.055,0.25,1.2,35,-8.49566146090144
