SESSION_ABSOLUTE_MAX_AGE_BARS,SESSION_HARD_STOP_PCT,SESSION_MAX_AGE_BARS,SESSION_SOFT_STOP_PCT,SESSION_TRAILING_GIVEBACK_RATIO,TREND_RISK_SCORE_DEFENSIVE,annualized_return_pct,average_session_pnl,avg_trades_per_session,defensive_mode_ratio,diag_avg_realized_session,diag_avg_unrealized_session,diag_base_exit_loss,diag_buy_fills_per_session,diag_grid_close_count,diag_grid_pnl_total,diag_sell_fills_per_session,diag_sessions_with_grid_sell,exit_reason_breakdown,forced_exit_count,forced_exit_ratio,grid_close_win_rate,max_drawdown_pct,max_session_loss,profit_factor,profit_protect_exit,score,session_count,session_win_rate,sharpe,timeout_exit,total_grid_sessions,total_return_pct,total_trades
40,0.03,24,0.015,0.6,70,-2.635635651150392,-24.462926912973543,2.347826086956522,0.0,3.6257348436394308,-28.088661756612968,0.0,1.5217391304347827,10,-1249.5295516828792,0.8260869565217391,7,"{""age"": 44, ""profit_protect"": 2}",0,0.0,55.26315789473685,12.743076647335858,-157.91434900000002,0.21047180766984303,2,-3.3940133016152947,46,21.73913043478261,-4.111867780270393,44,47,-12.487191416828773,109
40,0.03,24,0.015,0.5,75,-2.8813508313335845,-26.07964082971879,2.297872340425532,0.0,3.5485915490939113,-29.628232378812697,0.0,1.4893617021276595,10,-1359.265654585298,0.8085106382978723,7,"{""age"": 44, ""profit_protect"": 3}",0,0.0,52.63157894736842,13.840437676360034,-157.91434900000002,0.1940818960968448,3,-3.5258237824640632,47,19.148936170212767,-4.2994574830647885,44,48,-13.584552445852951,109
40,0.03,24,0.015,0.5,70,-2.700626517430371,-24.596842106314533,2.25531914893617,0.0,3.5485915490939113,-28.14543365540844,0.0,1.446808510638298,10,-1278.662177626393,0.8085106382978723,7,"{""age"": 44, ""profit_protect"": 3}",0,0.0,52.63157894736842,13.034402906771012,-157.91434900000002,0.20376425021527492,3,-3.4914171324630834,47,19.148936170212767,-4.279426427087965,44,48,-12.77851767626393,107
60,0.03,24,0.015,0.5,65,-1.336435110518197,-18.954283448734532,2.2051282051282053,0.0,4.664467469568092,-23.618750918302627,0.0,1.3076923076923077,12,-650.6295551529847,0.8974358974358975,9,"{""age"": 32, ""profit_protect"": 7}",0,0.0,57.14285714285714,6.754076682036956,-162.94302299999995,0.24879317525824787,7,-2.7078035367912285,39,28.205128205128204,-3.0001763635060974,32,40,-6.498191451529873,87
40,0.03,24,0.015,0.6,65,-2.4846270614797827,-23.051361912973537,2.3043478260869565,0.0,3.6257348436394308,-26.677096756612965,0.0,1.4782608695652173,10,-1181.5383176351393,0.8260869565217391,7,"{""age"": 44, ""profit_protect"": 2}",0,0.0,55.26315789473685,12.063164306858452,-157.91434900000002,0.22051806453270517,2,-3.3803168740412612,46,21.73913043478261,-4.131232114313874,44,47,-11.807279076351369,107
40,0.03,24,0.015,0.5,65,-2.5492162443947697,-23.21531040418687,2.2127659574468086,0.0,3.5485915490939113,-26.763901953280783,0.0,1.4042553191489362,10,-1210.6709435786531,0.8085106382978723,7,"{""age"": 44, ""profit_protect"": 3}",0,0.0,52.63157894736842,12.354490566293608,-157.91434900000002,0.2133036594699781,3,-3.48203068095116,47,19.148936170212767,-4.3058982040984874,44,48,-12.098605335786523,105
40,0.03,24,0.015,0.6,75,-2.7417509283864105,-25.211624304277894,2.369565217391304,0.0,3.6257348436394308,-28.83735914791732,0.0,1.5434782608695652,10,-1297.0563887943642,0.8260869565217391,7,"{""age"": 44, ""profit_protect"": 2}",0,0.0,55.26315789473685,13.218345018450691,-157.91434900000002,0.20550599826193827,2,-3.4110713119937155,46,21.73913043478261,-4.119458699836503,44,47,-12.962459787943608,110
60,0.03,24,0.015,0.6,65,-1.3358226677341434,-18.98018088463197,2.2051282051282053,0.0,4.664467469568092,-23.64464835420006,0.0,1.3076923076923077,12,-650.3397082109536,0.8974358974358975,9,"{""age"": 33, ""profit_protect"": 6}",0,0.0,54.285714285714285,6.751178212616652,-162.94302299999995,0.24776679350965347,6,-2.709059907850239,39,28.205128205128204,-2.9996801786224228,33,40,-6.495292982109567,87
60,0.03,24,0.015,0.5,75,-1.3995519056017258,-19.559187066475058,2.3333333333333335,0.0,5.857151384767672,-25.41633845124273,0.0,1.4102564102564104,14,-680.4619391046224,0.9230769230769231,9,"{""age"": 32, ""profit_protect"": 7}",0,0.0,58.333333333333336,7.052400521553355,-162.94302299999995,0.28415797107375834,7,-2.5044278021195536,39,30.76923076923077,-2.69229046891728,32,40,-6.796515291046271,92
60,0.03,24,0.015,0.5,70,-1.2857934761522305,-18.39918501519301,2.3076923076923075,0.0,5.857151384767672,-24.25633639996068,0.0,1.3846153846153846,14,-626.6384270455674,0.9230769230769231,9,"{""age"": 32, ""profit_protect"": 7}",0,0.0,58.333333333333336,6.514165400962775,-162.94302299999995,0.29675666823231434,7,-2.4744521124393013,39,30.76923076923077,-2.683175052033246,32,40,-6.258280170455692,91
60,0.03,24,0.015,0.6,75,-1.4033633438075954,-19.544828092116088,2.3333333333333335,0.0,5.857151384767672,-25.40197947688376,0.0,1.4102564102564104,14,-682.2609890896423,0.9230769230769231,9,"{""age"": 33, ""profit_protect"": 6}",0,0.0,55.55555555555556,7.070391021403556,-162.94302299999995,0.28468349175636615,6,-2.50442040469957,39,30.76923076923077,-2.693416197364015,33,40,-6.814505790896473,92
60,0.03,24,0.015,0.6,70,-1.2895874007388008,-18.384826040834035,2.3076923076923075,0.0,5.857151384767672,-24.241977425601707,0.0,1.3846153846153846,14,-628.4374770305873,0.9230769230769231,9,"{""age"": 33, ""profit_protect"": 6}",0,0.0,55.55555555555556,6.5321559008129775,-162.94302299999995,0.29730548889804675,6,-2.474413155022643,39,30.76923076923077,-2.68430791070839,33,40,-6.276270670305893,91
40,0.03,30,0.015,0.6,65,-2.465633544587831,-21.879400367905635,2.4565217391304346,0.0,4.757449612027494,-26.63684997993312,0.0,1.5869565217391304,12,-1172.9567116425108,0.8695652173913043,7,"{""age"": 43, ""profit_protect"": 3}",0,0.0,57.49999999999999,12.290537195322504,-157.91434900000002,0.2647046935380767,3,-3.168808950765033,46,23.91304347826087,-3.8366085673460897,43,47,-11.721463016425114,114
40,0.03,30,0.015,0.5,65,-2.6036561654479096,-22.804272721779984,2.382978723404255,0.0,4.656227279856696,-27.460500001636678,0.0,1.5319148936170213,12,-1235.1659774334446,0.851063829787234,7,"{""age"": 43, ""profit_protect"": 4}",0,0.0,55.00000000000001,12.912629853231847,-157.91434900000002,0.250481511992227,4,-3.277975913785294,47,21.27659574468085,-3.997070643173674,43,48,-12.343555674334457,113
40,0.03,30,0.015,0.5,70,-2.794412846033967,-24.611788381354454,2.4468085106382977,0.0,4.656227279856696,-29.26801566121115,0.0,1.5957446808510638,12,-1320.5658055523984,0.851063829787234,7,"{""age"": 43, ""profit_protect"": 4}",0,0.0,55.00000000000001,13.766628134421389,-157.91434900000002,0.23643526058486755,4,-3.3140553308564966,47,21.27659574468085,-4.006195623858488,43,48,-13.197553955524,116
40,0.03,30,0.015,0.6,75,-2.7724649531659984,-24.540008568646776,2.4782608695652173,0.0,4.30658038361837,-28.846588952265144,0.0,1.6304347826086956,11,-1310.7739726886064,0.8478260869565217,7,"{""age"": 43, ""profit_protect"": 3}",0,0.0,56.41025641025641,13.659968955567948,-157.91434900000002,0.23197440728912333,3,-3.2787577011941265,46,23.91304347826087,-3.9247899460809443,43,47,-13.09963562688603,115
60,0.03,30,0.015,0.5,65,-1.063342750111329,-16.09439190784923,2.358974358974359,0.0,6.649302724364047,-22.743694632213273,0.0,1.4102564102564104,15,-520.670112546695,0.9487179487179487,9,"{""age"": 32, ""profit_protect"": 7}",0,0.0,59.45945945945946,5.767671204364378,-162.94302299999995,0.3605392474385916,7,-2.3140824840039955,39,30.76923076923077,-2.5731624312342514,32,40,-5.198597025466988,93
40,0.03,30,0.015,0.5,75,-2.9122416995586375,-25.408272237398972,2.404255319148936,0.0,4.21495101375415,-29.62322325115312,0.0,1.574468085106383,11,-1372.9832384795402,0.8297872340425532,7,"{""age"": 43, ""profit_protect"": 4}",0,0.0,53.84615384615385,14.290802463692762,-157.91434900000002,0.21999835195003312,4,-3.3807075512633205,47,21.27659574468085,-4.077349275111713,43,48,-13.721728284795374,114
40,0.03,30,0.015,0.6,70,-2.617552215915686,-23.32683797660129,2.5,0.0,4.757449612027494,-28.08428758862878,0.0,1.6304347826086956,12,-1241.4096979191306,0.8695652173913043,7,"{""age"": 43, ""profit_protect"": 3}",0,0.0,57.49999999999999,12.9750670580887,-157.91434900000002,0.25242578009027866,3,-3.197294553043585,46,23.91304347826087,-3.840014060877919,43,47,-12.405992879191308,116
60,0.03,30,0.015,0.5,70,-1.1699359496953887,-17.489615474856503,2.4358974358974357,0.0,7.191994444917696,-24.6816099197742,0.0,1.4615384615384615,16,-571.5665369094656,0.9743589743589743,9,"{""age"": 32, ""profit_protect"": 7}",0,0.0,60.526315789473685,6.276635447992085,-162.94302299999995,0.3417730876137478,7,-2.348152438840507,39,30.76923076923077,-2.572692712568508,32,40,-5.707561269094694,96
60,0.03,30,0.015,0.6,65,-1.063342750111329,-16.356699600156922,2.358974358974359,0.0,6.649302724364047,-23.006002324520967,0.0,1.4102564102564104,15,-520.670112546695,0.9487179487179487,9,"{""age"": 32, ""profit_protect"": 7}",0,0.0,59.45945945945946,5.767671204364378,-162.94302299999995,0.3501172647202561,7,-2.3297154580814987,39,30.76923076923077,-2.5731624312342514,32,40,-5.198597025466988,93
40,0.03,40,0.015,0.5,65,-2.701649327871969,-23.952273549156928,2.6382978723404253,0.0,4.20590861812069,-28.158182167277623,0.0,1.7234042553191489,11,-1279.120039061519,0.9148936170212766,7,"{""age"": 43, ""profit_protect"": 4}",0,0.0,53.48837209302325,13.352170469512604,-157.91434900000002,0.2574060827780785,4,-3.2456606424231724,47,25.53191489361702,-3.9424631372328887,43,48,-12.783096290615212,125
60,0.03,30,0.015,0.6,70,-1.2931672583320841,-19.147313557240693,2.5128205128205128,0.0,7.166569790525799,-26.313883347766488,0.0,1.5128205128205128,16,-630.1347648796133,1.0,9,"{""age"": 33, ""profit_protect"": 6}",0,0.0,58.97435897435898,6.86231772769359,-162.94302299999995,0.3229402306155229,6,-2.3932299174110314,39,30.76923076923077,-2.5921708269481174,33,40,-6.2932435487962,99
60,0.03,30,0.015,0.5,75,-1.2831611776303542,-18.649617526138556,2.4615384615384617,0.0,7.191994444917696,-25.841611971056253,0.0,1.4871794871794872,16,-625.3900489685207,0.9743589743589743,9,"{""age"": 32, ""profit_protect"": 7}",0,0.0,60.526315789473685,6.8148705685826645,-162.94302299999995,0.32747644067084314,7,-2.381102766505563,39,30.76923076923077,-2.5826742200993946,32,40,-6.245796389685275,97
60,0.03,30,0.015,0.6,75,-1.4069597299368963,-20.307315608522746,2.5384615384615383,0.0,7.166569790525799,-27.47388539904854,0.0,1.5384615384615385,16,-683.9582769386682,1.0,9,"{""age"": 33, ""profit_protect"": 6}",0,0.0,58.97435897435898,7.400552848284169,-162.94302299999995,0.3102157022663411,6,-2.423784944004478,39,30.76923076923077,-2.6020667432435585,33,40,-6.831478669386779,100
40,0.03,40,0.015,0.6,65,-2.696983318295665,-24.203337378944166,2.6382978723404253,0.0,4.20590861812069,-28.40924599706485,0.0,1.7234042553191489,11,-1277.031142134468,0.9148936170212766,7,"{""age"": 43, ""profit_protect"": 4}",0,0.0,53.48837209302325,13.331281500242076,-157.91434900000002,0.24962233429792632,4,-3.2560000328100362,47,25.53191489361702,-3.9403017721430964,43,48,-12.762207321344684,125
40,0.03,40,0.015,0.5,70,-2.825123896534232,-25.15571580447608,2.6808510638297873,0.0,4.20590861812069,-29.36162442259677,0.0,1.7659574468085106,11,-1334.252419531973,0.9148936170212766,7,"{""age"": 43, ""profit_protect"": 4}",0,0.0,53.48837209302325,13.903494274217119,-157.91434900000002,0.24814759677156015,4,-3.2649208306879878,47,25.53191489361702,-3.9397120882756296,43,48,-13.334420095319729,127
40,0.03,40,0.015,0.6,70,-2.8204341659326837,-25.406779634263316,2.6808510638297873,0.0,4.20590861812069,-29.612688252384004,0.0,1.7659574468085106,11,-1332.1635226049218,0.9148936170212766,7,"{""age"": 43, ""profit_protect"": 4}",0,0.0,53.48837209302325,13.88260530494659,-157.91434900000002,0.2406438173022564,4,-3.274859178784342,47,25.53191489361702,-3.937589020057868,43,48,-13.313531126049202,127
40,0.03,40,0.015,0.5,75,-2.991266570310147,-26.43682293309331,2.6595744680851063,0.0,3.6942053422621526,-30.13102827535546,0.0,1.7659574468085106,10,-1407.9962498591906,0.8936170212765957,7,"{""age"": 43, ""profit_protect"": 4}",0,0.0,52.38095238095239,14.640932577489293,-157.91434900000002,0.22679191248006278,4,-3.323166837162667,47,25.53191489361702,-3.974065428809533,43,48,-14.071858398591901,126
40,0.03,40,0.015,0.6,75,-2.9865446831614184,-26.68788676288055,2.6595744680851063,0.0,3.6942053422621526,-30.382092105142696,0.0,1.7659574468085106,10,-1405.9073529321395,0.8936170212765957,7,"{""age"": 43, ""profit_protect"": 4}",0,0.0,52.38095238095239,14.620043608218767,-157.91434900000002,0.21944895057550595,4,-3.332865821841113,47,25.53191489361702,-3.9719467295811395,43,48,-14.050969429321375,126
60,0.03,40,0.015,0.5,65,-1.2126534706673686,-18.158638557463707,2.769230769230769,0.0,6.959602180286538,-25.118240737750245,0.0,1.6666666666666667,15,-591.9019775901191,1.1025641025641026,10,"{""age"": 32, ""profit_protect"": 7}",0,0.0,58.139534883720934,6.479989854798624,-162.94302299999995,0.3548576446106048,7,-2.3001921923531174,39,38.46153846153847,-2.51110445202873,32,40,-5.910915675901233,109
60,0.03,40,0.015,0.5,70,-1.3164796414383728,-19.15327137797653,2.7948717948717947,0.0,6.959602180286538,-26.112873558263065,0.0,1.6923076923076923,15,-641.1816577925292,1.1025641025641026,10,"{""age"": 32, ""profit_protect"": 7}",0,0.0,58.139534883720934,6.972786656822719,-162.94302299999995,0.3427458832787311,7,-2.33355879354958,39,38.46153846153847,-2.529569910970131,32,40,-6.403712477925329,110
60,0.03,40,0.015,0.6,65,-1.2082620410392986,-18.461202660027812,2.769230769230769,0.0,6.959602180286538,-25.420804840314343,0.0,1.6666666666666667,15,-589.8130806630683,1.1025641025641026,10,"{""age"": 32, ""profit_protect"": 7}",0,0.0,58.139534883720934,6.459100885528114,-162.94302299999995,0.34410810977258405,7,-2.315335933670862,39,38.46153846153847,-2.509648938128128,32,40,-5.890026706630724,109
60,0.03,40,0.015,0.6,70,-1.3120697321380104,-19.45583548054063,2.7948717948717947,0.0,6.959602180286538,-26.415437660827166,0.0,1.6923076923076923,15,-639.0927608654783,1.1025641025641026,10,"{""age"": 32, ""profit_protect"": 7}",0,0.0,58.139534883720934,6.95189768755221,-162.94302299999995,0.33236324429983616,7,-2.3481565480048667,39,38.46153846153847,-2.5281234805154367,32,40,-6.38282350865482,110
60,0.03,40,0.015,0.5,75,-1.4842495134488765,-20.83730820739643,2.7948717948717947,0.0,6.970499426306349,-27.80780763370277,0.0,1.6923076923076923,15,-720.3749093090153,1.1025641025641026,10,"{""age"": 32, ""profit_protect"": 7}",0,0.0,58.139534883720934,7.7647191719876,-162.94302299999995,0.312330714186492,7,-2.408650758990836,39,38.46153846153847,-2.569314286832419,32,40,-7.19564499309021,110
60,0.03,40,0.015,0.6,75,-1.678695842777378,-23.566800079191303,2.7948717948717947,0.0,6.970499426306349,-30.53729950549765,0.0,1.6923076923076923,15,-811.4889484545633,1.1025641025641026,10,"{""age"": 33, ""profit_protect"": 6}",0,0.0,53.48837209302325,8.675859563443064,-162.94302299999995,0.27642432008655704,6,-2.516503274958717,39,35.8974358974359,-2.6551884020526955,33,40,-8.106785384545674,110
40,0.04,24,0.015,0.5,65,-2.5492162443947697,-23.21531040418687,2.2127659574468086,0.0,3.5485915490939113,-26.763901953280783,0.0,1.4042553191489362,10,-1210.6709435786531,0.8085106382978723,7,"{""age"": 44, ""profit_protect"": 3}",0,0.0,52.63157894736842,12.354490566293608,-157.91434900000002,0.2133036594699781,3,-3.48203068095116,47,19.148936170212767,-4.3058982040984874,44,48,-12.098605335786523,105
40,0.04,24,0.015,0.6,65,-2.4846270614797827,-23.051361912973537,2.3043478260869565,0.0,3.6257348436394308,-26.677096756612965,0.0,1.4782608695652173,10,-1181.5383176351393,0.8260869565217391,7,"{""age"": 44, ""profit_protect"": 2}",0,0.0,55.26315789473685,12.063164306858452,-157.91434900000002,0.22051806453270517,2,-3.3803168740412612,46,21.73913043478261,-4.131232114313874,44,47,-11.807279076351369,107
40,0.04,24,0.015,0.5,70,-2.700626517430371,-24.596842106314533,2.25531914893617,0.0,3.5485915490939113,-28.14543365540844,0.0,1.446808510638298,10,-1278.662177626393,0.8085106382978723,7,"{""age"": 44, ""profit_protect"": 3}",0,0.0,52.63157894736842,13.034402906771012,-157.91434900000002,0.20376425021527492,3,-3.4914171324630834,47,19.148936170212767,-4.279426427087965,44,48,-12.77851767626393,107
40,0.04,24,0.015,0.6,70,-2.635635651150392,-24.462926912973543,2.347826086956522,0.0,3.6257348436394308,-28.088661756612968,0.0,1.5217391304347827,10,-1249.5295516828792,0.8260869565217391,7,"{""age"": 44, ""profit_protect"": 2}",0,0.0,55.26315789473685,12.743076647335858,-157.91434900000002,0.21047180766984303,2,-3.3940133016152947,46,21.73913043478261,-4.111867780270393,44,47,-12.487191416828773,109
40,0.04,24,0.015,0.5,75,-2.8813508313335845,-26.07964082971879,2.297872340425532,0.0,3.5485915490939113,-29.628232378812697,0.0,1.4893617021276595,10,-1359.265654585298,0.8085106382978723,7,"{""age"": 44, ""profit_protect"": 3}",0,0.0,52.63157894736842,13.840437676360034,-157.91434900000002,0.1940818960968448,3,-3.5258237824640632,47,19.148936170212767,-4.2994574830647885,44,48,-13.584552445852951,109
40,0.04,24,0.015,0.6,75,-2.7417509283864105,-25.211624304277894,2.369565217391304,0.0,3.6257348436394308,-28.83735914791732,0.0,1.5434782608695652,10,-1297.0563887943642,0.8260869565217391,7,"{""age"": 44, ""profit_protect"": 2}",0,0.0,55.26315789473685,13.218345018450691,-157.91434900000002,0.20550599826193827,2,-3.4110713119937155,46,21.73913043478261,-4.119458699836503,44,47,-12.962459787943608,110
60,0.04,24,0.015,0.5,65,-1.336435110518197,-18.954283448734532,2.2051282051282053,0.0,4.664467469568092,-23.618750918302627,0.0,1.3076923076923077,12,-650.6295551529847,0.8974358974358975,9,"{""age"": 32, ""profit_protect"": 7}",0,0.0,57.14285714285714,6.754076682036956,-162.94302299999995,0.24879317525824787,7,-2.7078035367912285,39,28.205128205128204,-3.0001763635060974,32,40,-6.498191451529873,87
60,0.04,24,0.015,0.6,65,-1.3358226677341434,-18.98018088463197,2.2051282051282053,0.0,4.664467469568092,-23.64464835420006,0.0,1.3076923076923077,12,-650.3397082109536,0.8974358974358975,9,"{""age"": 33, ""profit_protect"": 6}",0,0.0,54.285714285714285,6.751178212616652,-162.94302299999995,0.24776679350965347,6,-2.709059907850239,39,28.205128205128204,-2.9996801786224228,33,40,-6.495292982109567,87
60,0.04,24,0.015,0.5,70,-1.2857934761522305,-18.39918501519301,2.3076923076923075,0.0,5.857151384767672,-24.25633639996068,0.0,1.3846153846153846,14,-626.6384270455674,0.9230769230769231,9,"{""age"": 32, ""profit_protect"": 7}",0,0.0,58.333333333333336,6.514165400962775,-162.94302299999995,0.29675666823231434,7,-2.4744521124393013,39,30.76923076923077,-2.683175052033246,32,40,-6.258280170455692,91
60,0.04,24,0.015,0.6,70,-1.2895874007388008,-18.384826040834035,2.3076923076923075,0.0,5.857151384767672,-24.241977425601707,0.0,1.3846153846153846,14,-628.4374770305873,0.9230769230769231,9,"{""age"": 33, ""profit_protect"": 6}",0,0.0,55.55555555555556,6.5321559008129775,-162.94302299999995,0.29730548889804675,6,-2.474413155022643,39,30.76923076923077,-2.68430791070839,33,40,-6.276270670305893,91
60,0.04,24,0.015,0.5,75,-1.3995519056017258,-19.559187066475058,2.3333333333333335,0.0,5.857151384767672,-25.41633845124273,0.0,1.4102564102564104,14,-680.4619391046224,0.9230769230769231,9,"{""age"": 32, ""profit_protect"": 7}",0,0.0,58.333333333333336,7.052400521553355,-162.94302299999995,0.28415797107375834,7,-2.5044278021195536,39,30.76923076923077,-2.69229046891728,32,40,-6.796515291046271,92
60,0.04,24,0.015,0.6,75,-1.4033633438075954,-19.544828092116088,2.3333333333333335,0.0,5.857151384767672,-25.40197947688376,0.0,1.4102564102564104,14,-682.2609890896423,0.9230769230769231,9,"{""age"": 33, ""profit_protect"": 6}",0,0.0,55.55555555555556,7.070391021403556,-162.94302299999995,0.28468349175636615,6,-2.50442040469957,39,30.76923076923077,-2.693416197364015,33,40,-6.814505790896473,92
40,0.04,30,0.015,0.5,65,-2.6036561654479096,-22.804272721779984,2.382978723404255,0.0,4.656227279856696,-27.460500001636678,0.0,1.5319148936170213,12,-1235.1659774334446,0.851063829787234,7,"{""age"": 43, ""profit_protect"": 4}",0,0.0,55.00000000000001,12.912629853231847,-157.91434900000002,0.250481511992227,4,-3.277975913785294,47,21.27659574468085,-3.997070643173674,43,48,-12.343555674334457,113
40,0.04,30,0.015,0.6,70,-2.617552215915686,-23.32683797660129,2.5,0.0,4.757449612027494,-28.08428758862878,0.0,1.6304347826086956,12,-1241.4096979191306,0.8695652173913043,7,"{""age"": 43, ""profit_protect"": 3}",0,0.0,57.49999999999999,12.9750670580887,-157.91434900000002,0.25242578009027866,3,-3.197294553043585,46,23.91304347826087,-3.840014060877919,43,47,-12.405992879191308,116
40,0.04,30,0.015,0.6,65,-2.465633544587831,-21.879400367905635,2.4565217391304346,0.0,4.757449612027494,-26.63684997993312,0.0,1.5869565217391304,12,-1172.9567116425108,0.8695652173913043,7,"{""age"": 43, ""profit_protect"": 3}",0,0.0,57.49999999999999,12.290537195322504,-157.91434900000002,0.2647046935380767,3,-3.168808950765033,46,23.91304347826087,-3.8366085673460897,43,47,-11.721463016425114,114
40,0.04,30,0.015,0.5,70,-2.794412846033967,-24.611788381354454,2.4468085106382977,0.0,4.656227279856696,-29.26801566121115,0.0,1.5957446808510638,12,-1320.5658055523984,0.851063829787234,7,"{""age"": 43, ""profit_protect"": 4}",0,0.0,55.00000000000001,13.766628134421389,-157.91434900000002,0.23643526058486755,4,-3.3140553308564966,47,21.27659574468085,-4.006195623858488,43,48,-13.197553955524,116
40,0.04,30,0.015,0.5,75,-2.9122416995586375,-25.408272237398972,2.404255319148936,0.0,4.21495101375415,-29.62322325115312,0.0,1.574468085106383,11,-1372.9832384795402,0.8297872340425532,7,"{""age"": 43, ""profit_protect"": 4}",0,0.0,53.84615384615385,14.290802463692762,-157.91434900000002,0.21999835195003312,4,-3.3807075512633205,47,21.27659574468085,-4.077349275111713,43,48,-13.721728284795374,114
40,0.04,30,0.015,0.6,75,-2.7724649531659984,-24.540008568646776,2.4782608695652173,0.0,4.30658038361837,-28.846588952265144,0.0,1.6304347826086956,11,-1310.7739726886064,0.8478260869565217,7,"{""age"": 43, ""profit_protect"": 3}",0,0.0,56.41025641025641,13.659968955567948,-157.91434900000002,0.23197440728912333,3,-3.2787577011941265,46,23.91304347826087,-3.9247899460809443,43,47,-13.09963562688603,115
60,0.04,30,0.015,0.5,65,-1.063342750111329,-16.09439190784923,2.358974358974359,0.0,6.649302724364047,-22.743694632213273,0.0,1.4102564102564104,15,-520.670112546695,0.9487179487179487,9,"{""age"": 32, ""profit_protect"": 7}",0,0.0,59.45945945945946,5.767671204364378,-162.94302299999995,0.3605392474385916,7,-2.3140824840039955,39,30.76923076923077,-2.5731624312342514,32,40,-5.198597025466988,93
60,0.04,30,0.015,0.6,65,-1.063342750111329,-16.356699600156922,2.358974358974359,0.0,6.649302724364047,-23.006002324520967,0.0,1.4102564102564104,15,-520.670112546695,0.9487179487179487,9,"{""age"": 32, ""profit_protect"": 7}",0,0.0,59.45945945945946,5.767671204364378,-162.94302299999995,0.3501172647202561,7,-2.3297154580814987,39,30.76923076923077,-2.5731624312342514,32,40,-5.198597025466988,93
60,0.04,30,0.015,0.5,70,-1.1699359496953887,-17.489615474856503,2.4358974358974357,0.0,7.191994444917696,-24.6816099197742,0.0,1.4615384615384615,16,-571.5665369094656,0.9743589743589743,9,"{""age"": 32, ""profit_protect"": 7}",0,0.0,60.526315789473685,6.276635447992085,-162.94302299999995,0.3417730876137478,7,-2.348152438840507,39,30.76923076923077,-2.572692712568508,32,40,-5.707561269094694,96
60,0.04,30,0.015,0.5,75,-1.2831611776303542,-18.649617526138556,2.4615384615384617,0.0,7.191994444917696,-25.841611971056253,0.0,1.4871794871794872,16,-625.3900489685207,0.9743589743589743,9,"{""age"": 32, ""profit_protect"": 7}",0,0.0,60.526315789473685,6.8148705685826645,-162.94302299999995,0.32747644067084314,7,-2.381102766505563,39,30.76923076923077,-2.5826742200993946,32,40,-6.245796389685275,97
60,0.04,30,0.015,0.6,70,-1.2931672583320841,-19.147313557240693,2.5128205128205128,0.0,7.166569790525799,-26.313883347766488,0.0,1.5128205128205128,16,-630.1347648796133,1.0,9,"{""age"": 33, ""profit_protect"": 6}",0,0.0,58.97435897435898,6.86231772769359,-162.94302299999995,0.3229402306155229,6,-2.3932299174110314,39,30.76923076923077,-2.5921708269481174,33,40,-6.2932435487962,99
40,0.04,40,0.015,0.5,65,-2.701649327871969,-23.952273549156928,2.6382978723404253,0.0,4.20590861812069,-28.158182167277623,0.0,1.7234042553191489,11,-1279.120039061519,0.9148936170212766,7,"{""age"": 43, ""profit_protect"": 4}",0,0.0,53.48837209302325,13.352170469512604,-157.91434900000002,0.2574060827780785,4,-3.2456606424231724,47,25.53191489361702,-3.9424631372328887,43,48,-12.783096290615212,125
60,0.04,30,0.015,0.6,75,-1.4069597299368963,-20.307315608522746,2.5384615384615383,0.0,7.166569790525799,-27.47388539904854,0.0,1.5384615384615385,16,-683.9582769386682,1.0,9,"{""age"": 33, ""profit_protect"": 6}",0,0.0,58.97435897435898,7.400552848284169,-162.94302299999995,0.3102157022663411,6,-2.423784944004478,39,30.76923076923077,-2.6020667432435585,33,40,-6.831478669386779,100
40,0.04,40,0.015,0.6,65,-2.696983318295665,-24.203337378944166,2.6382978723404253,0.0,4.20590861812069,-28.40924599706485,0.0,1.7234042553191489,11,-1277.031142134468,0.9148936170212766,7,"{""age"": 43, ""profit_protect"": 4}",0,0.0,53.48837209302325,13.331281500242076,-157.91434900000002,0.24962233429792632,4,-3.2560000328100362,47,25.53191489361702,-3.9403017721430964,43,48,-12.762207321344684,125
40,0.04,40,0.015,0.5,70,-2.825123896534232,-25.15571580447608,2.6808510638297873,0.0,4.20590861812069,-29.36162442259677,0.0,1.7659574468085106,11,-1334.252419531973,0.9148936170212766,7,"{""age"": 43, ""profit_protect"": 4}",0,0.0,53.48837209302325,13.903494274217119,-157.91434900000002,0.24814759677156015,4,-3.2649208306879878,47,25.53191489361702,-3.9397120882756296,43,48,-13.334420095319729,127
40,0.04,40,0.015,0.6,70,-2.8204341659326837,-25.406779634263316,2.6808510638297873,0.0,4.20590861812069,-29.612688252384004,0.0,1.7659574468085106,11,-1332.1635226049218,0.9148936170212766,7,"{""age"": 43, ""profit_protect"": 4}",0,0.0,53.48837209302325,13.88260530494659,-157.91434900000002,0.2406438173022564,4,-3.274859178784342,47,25.53191489361702,-3.937589020057868,43,48,-13.313531126049202,127
40,0.04,40,0.015,0.5,75,-2.991266570310147,-26.43682293309331,2.6595744680851063,0.0,3.6942053422621526,-30.13102827535546,0.0,1.7659574468085106,10,-1407.9962498591906,0.8936170212765957,7,"{""age"": 43, ""profit_protect"": 4}",0,0.0,52.38095238095239,14.640932577489293,-157.91434900000002,0.22679191248006278,4,-3.323166837162667,47,25.53191489361702,-3.974065428809533,43,48,-14.071858398591901,126
40,0.04,40,0.015,0.6,75,-2.9865446831614184,-26.68788676288055,2.6595744680851063,0.0,3.6942053422621526,-30.382092105142696,0.0,1.7659574468085106,10,-1405.9073529321395,0.8936170212765957,7,"{""age"": 43, ""profit_protect"": 4}",0,0.0,52.38095238095239,14.620043608218767,-157.91434900000002,0.21944895057550595,4,-3.332865821841113,47,25.53191489361702,-3.9719467295811395,43,48,-14.050969429321375,126
60,0.04,40,0.015,0.5,65,-1.2126534706673686,-18.158638557463707,2.769230769230769,0.0,6.959602180286538,-25.118240737750245,0.0,1.6666666666666667,15,-591.9019775901191,1.1025641025641026,10,"{""age"": 32, ""profit_protect"": 7}",0,0.0,58.139534883720934,6.479989854798624,-162.94302299999995,0.3548576446106048,7,-2.3001921923531174,39,38.46153846153847,-2.51110445202873,32,40,-5.910915675901233,109
60,0.04,40,0.015,0.6,65,-1.2082620410392986,-18.461202660027812,2.769230769230769,0.0,6.959602180286538,-25.420804840314343,0.0,1.6666666666666667,15,-589.8130806630683,1.1025641025641026,10,"{""age"": 32, ""profit_protect"": 7}",0,0.0,58.139534883720934,6.459100885528114,-162.94302299999995,0.34410810977258405,7,-2.315335933670862,39,38.46153846153847,-2.509648938128128,32,40,-5.890026706630724,109
60,0.04,40,0.015,0.5,70,-1.3164796414383728,-19.15327137797653,2.7948717948717947,0.0,6.959602180286538,-26.112873558263065,0.0,1.6923076923076923,15,-641.1816577925292,1.1025641025641026,10,"{""age"": 32, ""profit_protect"": 7}",0,0.0,58.139534883720934,6.972786656822719,-162.94302299999995,0.3427458832787311,7,-2.33355879354958,39,38.46153846153847,-2.529569910970131,32,40,-6.403712477925329,110
60,0.04,40,0.015,0.6,70,-1.3120697321380104,-19.45583548054063,2.7948717948717947,0.0,6.959602180286538,-26.415437660827166,0.0,1.6923076923076923,15,-639.0927608654783,1.1025641025641026,10,"{""age"": 32, ""profit_protect"": 7}",0,0.0,58.139534883720934,6.95189768755221,-162.94302299999995,0.33236324429983616,7,-2.3481565480048667,39,38.46153846153847,-2.5281234805154367,32,40,-6.38282350865482,110
60,0.04,40,0.015,0.5,75,-1.4842495134488765,-20.83730820739643,2.7948717948717947,0.0,6.970499426306349,-27.80780763370277,0.0,1.6923076923076923,15,-720.3749093090153,1.1025641025641026,10,"{""age"": 32, ""profit_protect"": 7}",0,0.0,58.139534883720934,7.7647191719876,-162.94302299999995,0.312330714186492,7,-2.408650758990836,39,38.46153846153847,-2.569314286832419,32,40,-7.19564499309021,110
40,0.05,24,0.015,0.5,65,-2.5492162443947697,-23.21531040418687,2.2127659574468086,0.0,3.5485915490939113,-26.763901953280783,0.0,1.4042553191489362,10,-1210.6709435786531,0.8085106382978723,7,"{""age"": 44, ""profit_protect"": 3}",0,0.0,52.63157894736842,12.354490566293608,-157.91434900000002,0.2133036594699781,3,-3.48203068095116,47,19.148936170212767,-4.3058982040984874,44,48,-12.098605335786523,105
60,0.04,40,0.015,0.6,75,-1.678695842777378,-23.566800079191303,2.7948717948717947,0.0,6.970499426306349,-30.53729950549765,0.0,1.6923076923076923,15,-811.4889484545633,1.1025641025641026,10,"{""age"": 33, ""profit_protect"": 6}",0,0.0,53.48837209302325,8.675859563443064,-162.94302299999995,0.27642432008655704,6,-2.516503274958717,39,35.8974358974359,-2.6551884020526955,33,40,-8.106785384545674,110
40,0.05,24,0.015,0.6,65,-2.4846270614797827,-23.051361912973537,2.3043478260869565,0.0,3.6257348436394308,-26.677096756612965,0.0,1.4782608695652173,10,-1181.5383176351393,0.8260869565217391,7,"{""age"": 44, ""profit_protect"": 2}",0,0.0,55.26315789473685,12.063164306858452,-157.91434900000002,0.22051806453270517,2,-3.3803168740412612,46,21.73913043478261,-4.131232114313874,44,47,-11.807279076351369,107
40,0.05,24,0.015,0.6,70,-2.635635651150392,-24.462926912973543,2.347826086956522,0.0,3.6257348436394308,-28.088661756612968,0.0,1.5217391304347827,10,-1249.5295516828792,0.8260869565217391,7,"{""age"": 44, ""profit_protect"": 2}",0,0.0,55.26315789473685,12.743076647335858,-157.91434900000002,0.21047180766984303,2,-3.3940133016152947,46,21.73913043478261,-4.111867780270393,44,47,-12.487191416828773,109
40,0.05,24,0.015,0.5,70,-2.700626517430371,-24.596842106314533,2.25531914893617,0.0,3.5485915490939113,-28.14543365540844,0.0,1.446808510638298,10,-1278.662177626393,0.8085106382978723,7,"{""age"": 44, ""profit_protect"": 3}",0,0.0,52.63157894736842,13.034402906771012,-157.91434900000002,0.20376425021527492,3,-3.4914171324630834,47,19.148936170212767,-4.279426427087965,44,48,-12.77851767626393,107
40,0.05,24,0.015,0.5,75,-2.8813508313335845,-26.07964082971879,2.297872340425532,0.0,3.5485915490939113,-29.628232378812697,0.0,1.4893617021276595,10,-1359.265654585298,0.8085106382978723,7,"{""age"": 44, ""profit_protect"": 3}",0,0.0,52.63157894736842,13.840437676360034,-157.91434900000002,0.1940818960968448,3,-3.5258237824640632,47,19.148936170212767,-4.2994574830647885,44,48,-13.584552445852951,109
60,0.05,24,0.015,0.5,65,-1.336435110518197,-18.954283448734532,2.2051282051282053,0.0,4.664467469568092,-23.618750918302627,0.0,1.3076923076923077,12,-650.6295551529847,0.8974358974358975,9,"{""age"": 32, ""profit_protect"": 7}",0,0.0,57.14285714285714,6.754076682036956,-162.94302299999995,0.24879317525824787,7,-2.7078035367912285,39,28.205128205128204,-3.0001763635060974,32,40,-6.498191451529873,87
40,0.05,24,0.015,0.6,75,-2.7417509283864105,-25.211624304277894,2.369565217391304,0.0,3.6257348436394308,-28.83735914791732,0.0,1.5434782608695652,10,-1297.0563887943642,0.8260869565217391,7,"{""age"": 44, ""profit_protect"": 2}",0,0.0,55.26315789473685,13.218345018450691,-157.91434900000002,0.20550599826193827,2,-3.4110713119937155,46,21.73913043478261,-4.119458699836503,44,47,-12.962459787943608,110
60,0.05,24,0.015,0.6,65,-1.3358226677341434,-18.98018088463197,2.2051282051282053,0.0,4.664467469568092,-23.64464835420006,0.0,1.3076923076923077,12,-650.3397082109536,0.8974358974358975,9,"{""age"": 33, ""profit_protect"": 6}",0,0.0,54.285714285714285,6.751178212616652,-162.94302299999995,0.24776679350965347,6,-2.709059907850239,39,28.205128205128204,-2.9996801786224228,33,40,-6.495292982109567,87
60,0.05,24,0.015,0.5,70,-1.2857934761522305,-18.39918501519301,2.3076923076923075,0.0,5.857151384767672,-24.25633639996068,0.0,1.3846153846153846,14,-626.6384270455674,0.9230769230769231,9,"{""age"": 32, ""profit_protect"": 7}",0,0.0,58.333333333333336,6.514165400962775,-162.94302299999995,0.29675666823231434,7,-2.4744521124393013,39,30.76923076923077,-2.683175052033246,32,40,-6.258280170455692,91
60,0.05,24,0.015,0.6,70,-1.2895874007388008,-18.384826040834035,2.3076923076923075,0.0,5.857151384767672,-24.241977425601707,0.0,1.3846153846153846,14,-628.4374770305873,0.9230769230769231,9,"{""age"": 33, ""profit_protect"": 6}",0,0.0,55.55555555555556,6.5321559008129775,-162.94302299999995,0.29730548889804675,6,-2.474413155022643,39,30.76923076923077,-2.68430791070839,33,40,-6.276270670305893,91
60,0.05,24,0.015,0.5,75,-1.3995519056017258,-19.559187066475058,2.3333333333333335,0.0,5.857151384767672,-25.41633845124273,0.0,1.4102564102564104,14,-680.4619391046224,0.9230769230769231,9,"{""age"": 32, ""profit_protect"": 7}",0,0.0,58.333333333333336,7.052400521553355,-162.94302299999995,0.28415797107375834,7,-2.5044278021195536,39,30.76923076923077,-2.69229046891728,32,40,-6.796515291046271,92
60,0.05,24,0.015,0.6,75,-1.4033633438075954,-19.544828092116088,2.3333333333333335,0.0,5.857151384767672,-25.40197947688376,0.0,1.4102564102564104,14,-682.2609890896423,0.9230769230769231,9,"{""age"": 33, ""profit_protect"": 6}",0,0.0,55.55555555555556,7.070391021403556,-162.94302299999995,0.28468349175636615,6,-2.50442040469957,39,30.76923076923077,-2.693416197364015,33,40,-6.814505790896473,92
40,0.05,30,0.015,0.5,65,-2.6036561654479096,-22.804272721779984,2.382978723404255,0.0,4.656227279856696,-27.460500001636678,0.0,1.5319148936170213,12,-1235.1659774334446,0.851063829787234,7,"{""age"": 43, ""profit_protect"": 4}",0,0.0,55.00000000000001,12.912629853231847,-157.91434900000002,0.250481511992227,4,-3.277975913785294,47,21.27659574468085,-3.997070643173674,43,48,-12.343555674334457,113
40,0.05,30,0.015,0.6,65,-2.465633544587831,-21.879400367905635,2.4565217391304346,0.0,4.757449612027494,-26.63684997993312,0.0,1.5869565217391304,12,-1172.9567116425108,0.8695652173913043,7,"{""age"": 43, ""profit_protect"": 3}",0,0.0,57.49999999999999,12.290537195322504,-157.91434900000002,0.2647046935380767,3,-3.168808950765033,46,23.91304347826087,-3.8366085673460897,43,47,-11.721463016425114,114
40,0.05,30,0.015,0.5,70,-2.794412846033967,-24.611788381354454,2.4468085106382977,0.0,4.656227279856696,-29.26801566121115,0.0,1.5957446808510638,12,-1320.5658055523984,0.851063829787234,7,"{""age"": 43, ""profit_protect"": 4}",0,0.0,55.00000000000001,13.766628134421389,-157.91434900000002,0.23643526058486755,4,-3.3140553308564966,47,21.27659574468085,-4.006195623858488,43,48,-13.197553955524,116
40,0.05,30,0.015,0.6,70,-2.617552215915686,-23.32683797660129,2.5,0.0,4.757449612027494,-28.08428758862878,0.0,1.6304347826086956,12,-1241.4096979191306,0.8695652173913043,7,"{""age"": 43, ""profit_protect"": 3}",0,0.0,57.49999999999999,12.9750670580887,-157.91434900000002,0.25242578009027866,3,-3.197294553043585,46,23.91304347826087,-3.840014060877919,43,47,-12.405992879191308,116
40,0.05,30,0.015,0.5,75,-2.9122416995586375,-25.408272237398972,2.404255319148936,0.0,4.21495101375415,-29.62322325115312,0.0,1.574468085106383,11,-1372.9832384795402,0.8297872340425532,7,"{""age"": 43, ""profit_protect"": 4}",0,0.0,53.84615384615385,14.290802463692762,-157.91434900000002,0.21999835195003312,4,-3.3807075512633205,47,21.27659574468085,-4.077349275111713,43,48,-13.721728284795374,114
40,0.05,30,0.015,0.6,75,-2.7724649531659984,-24.540008568646776,2.4782608695652173,0.0,4.30658038361837,-28.846588952265144,0.0,1.6304347826086956,11,-1310.7739726886064,0.8478260869565217,7,"{""age"": 43, ""profit_protect"": 3}",0,0.0,56.41025641025641,13.659968955567948,-157.91434900000002,0.23197440728912333,3,-3.2787577011941265,46,23.91304347826087,-3.9247899460809443,43,47,-13.09963562688603,115
60,0.05,30,0.015,0.5,65,-1.063342750111329,-16.09439190784923,2.358974358974359,0.0,6.649302724364047,-22.743694632213273,0.0,1.4102564102564104,15,-520.670112546695,0.9487179487179487,9,"{""age"": 32, ""profit_protect"": 7}",0,0.0,59.45945945945946,5.767671204364378,-162.94302299999995,0.3605392474385916,7,-2.3140824840039955,39,30.76923076923077,-2.5731624312342514,32,40,-5.198597025466988,93
60,0.05,30,0.015,0.6,65,-1.063342750111329,-16.356699600156922,2.358974358974359,0.0,6.649302724364047,-23.006002324520967,0.0,1.4102564102564104,15,-520.670112546695,0.9487179487179487,9,"{""age"": 32, ""profit_protect"": 7}",0,0.0,59.45945945945946,5.767671204364378,-162.94302299999995,0.3501172647202561,7,-2.3297154580814987,39,30.76923076923077,-2.5731624312342514,32,40,-5.198597025466988,93
60,0.05,30,0.015,0.5,70,-1.1699359496953887,-17.489615474856503,2.4358974358974357,0.0,7.191994444917696,-24.6816099197742,0.0,1.4615384615384615,16,-571.5665369094656,0.9743589743589743,9,"{""age"": 32, ""profit_protect"": 7}",0,0.0,60.526315789473685,6.276635447992085,-162.94302299999995,0.3417730876137478,7,-2.348152438840507,39,30.76923076923077,-2.572692712568508,32,40,-5.707561269094694,96
60,0.05,30,0.015,0.6,70,-1.2931672583320841,-19.147313557240693,2.5128205128205128,0.0,7.166569790525799,-26.313883347766488,0.0,1.5128205128205128,16,-630.1347648796133,1.0,9,"{""age"": 33, ""profit_protect"": 6}",0,0.0,58.97435897435898,6.86231772769359,-162.94302299999995,0.3229402306155229,6,-2.3932299174110314,39,30.76923076923077,-2.5921708269481174,33,40,-6.2932435487962,99
60,0.05,30,0.015,0.5,75,-1.2831611776303542,-18.649617526138556,2.4615384615384617,0.0,7.191994444917696,-25.841611971056253,0.0,1.4871794871794872,16,-625.3900489685207,0.9743589743589743,9,"{""age"": 32, ""profit_protect"": 7}",0,0.0,60.526315789473685,6.8148705685826645,-162.94302299999995,0.32747644067084314,7,-2.381102766505563,39,30.76923076923077,-2.5826742200993946,32,40,-6.245796389685275,97
60,0.05,30,0.015,0.6,75,-1.4069597299368963,-20.307315608522746,2.5384615384615383,0.0,7.166569790525799,-27.47388539904854,0.0,1.5384615384615385,16,-683.9582769386682,1.0,9,"{""age"": 33, ""profit_protect"": 6}",0,0.0,58.97435897435898,7.400552848284169,-162.94302299999995,0.3102157022663411,6,-2.423784944004478,39,30.76923076923077,-2.6020667432435585,33,40,-6.831478669386779,100
40,0.05,40,0.015,0.6,65,-2.696983318295665,-24.203337378944166,2.6382978723404253,0.0,4.20590861812069,-28.40924599706485,0.0,1.7234042553191489,11,-1277.031142134468,0.9148936170212766,7,"{""age"": 43, ""profit_protect"": 4}",0,0.0,53.48837209302325,13.331281500242076,-157.91434900000002,0.24962233429792632,4,-3.2560000328100362,47,25.53191489361702,-3.9403017721430964,43,48,-12.762207321344684,125
40,0.05,40,0.015,0.5,65,-2.701649327871969,-23.952273549156928,2.6382978723404253,0.0,4.20590861812069,-28.158182167277623,0.0,1.7234042553191489,11,-1279.120039061519,0.9148936170212766,7,"{""age"": 43, ""profit_protect"": 4}",0,0.0,53.48837209302325,13.352170469512604,-157.91434900000002,0.2574060827780785,4,-3.2456606424231724,47,25.53191489361702,-3.9424631372328887,43,48,-12.783096290615212,125
40,0.05,40,0.015,0.5,70,-2.825123896534232,-25.15571580447608,2.6808510638297873,0.0,4.20590861812069,-29.36162442259677,0.0,1.7659574468085106,11,-1334.252419531973,0.9148936170212766,7,"{""age"": 43, ""profit_protect"": 4}",0,0.0,53.48837209302325,13.903494274217119,-157.91434900000002,0.24814759677156015,4,-3.2649208306879878,47,25.53191489361702,-3.9397120882756296,43,48,-13.334420095319729,127
40,0.05,40,0.015,0.5,75,-2.991266570310147,-26.43682293309331,2.6595744680851063,0.0,3.6942053422621526,-30.13102827535546,0.0,1.7659574468085106,10,-1407.9962498591906,0.8936170212765957,7,"{""age"": 43, ""profit_protect"": 4}",0,0.0,52.38095238095239,14.640932577489293,-157.91434900000002,0.22679191248006278,4,-3.323166837162667,47,25.53191489361702,-3.974065428809533,43,48,-14.071858398591901,126
40,0.05,40,0.015,0.6,70,-2.8204341659326837,-25.406779634263316,2.6808510638297873,0.0,4.20590861812069,-29.612688252384004,0.0,1.7659574468085106,11,-1332.1635226049218,0.9148936170212766,7,"{""age"": 43, ""profit_protect"": 4}",0,0.0,53.48837209302325,13.88260530494659,-157.91434900000002,0.2406438173022564,4,-3.274859178784342,47,25.53191489361702,-3.937589020057868,43,48,-13.313531126049202,127
40,0.05,40,0.015,0.6,75,-2.9865446831614184,-26.68788676288055,2.6595744680851063,0.0,3.6942053422621526,-30.382092105142696,0.0,1.7659574468085106,10,-1405.9073529321395,0.8936170212765957,7,"{""age"": 43, ""profit_protect"": 4}",0,0.0,52.38095238095239,14.620043608218767,-157.91434900000002,0.21944895057550595,4,-3.332865821841113,47,25.53191489361702,-3.9719467295811395,43,48,-14.050969429321375,126
60,0.05,40,0.015,0.5,65,-1.2126534706673686,-18.158638557463707,2.769230769230769,0.0,6.959602180286538,-25.118240737750245,0.0,1.6666666666666667,15,-591.9019775901191,1.1025641025641026,10,"{""age"": 32, ""profit_protect"": 7}",0,0.0,58.139534883720934,6.479989854798624,-162.94302299999995,0.3548576446106048,7,-2.3001921923531174,39,38.46153846153847,-2.51110445202873,32,40,-5.910915675901233,109
60,0.05,40,0.015,0.6,65,-1.2082620410392986,-18.461202660027812,2.769230769230769,0.0,6.959602180286538,-25.420804840314343,0.0,1.6666666666666667,15,-589.8130806630683,1.1025641025641026,10,"{""age"": 32, ""profit_protect"": 7}",0,0.0,58.139534883720934,6.459100885528114,-162.94302299999995,0.34410810977258405,7,-2.315335933670862,39,38.46153846153847,-2.509648938128128,32,40,-5.890026706630724,109
60,0.05,40,0.015,0.5,70,-1.3164796414383728,-19.15327137797653,2.7948717948717947,0.0,6.959602180286538,-26.112873558263065,0.0,1.6923076923076923,15,-641.1816577925292,1.1025641025641026,10,"{""age"": 32, ""profit_protect"": 7}",0,0.0,58.139534883720934,6.972786656822719,-162.94302299999995,0.3427458832787311,7,-2.33355879354958,39,38.46153846153847,-2.529569910970131,32,40,-6.403712477925329,110
60,0.05,40,0.015,0.6,70,-1.3120697321380104,-19.45583548054063,2.7948717948717947,0.0,6.959602180286538,-26.415437660827166,0.0,1.6923076923076923,15,-639.0927608654783,1.1025641025641026,10,"{""age"": 32, ""profit_protect"": 7}",0,0.0,58.139534883720934,6.95189768755221,-162.94302299999995,0.33236324429983616,7,-2.3481565480048667,39,38.46153846153847,-2.5281234805154367,32,40,-6.38282350865482,110
60,0.05,40,0.015,0.5,75,-1.4842495134488765,-20.83730820739643,2.7948717948717947,0.0,6.970499426306349,-27.80780763370277,0.0,1.6923076923076923,15,-720.3749093090153,1.1025641025641026,10,"{""age"": 32, ""profit_protect"": 7}",0,0.0,58.139534883720934,7.7647191719876,-162.94302299999995,0.312330714186492,7,-2.408650758990836,39,38.46153846153847,-2.569314286832419,32,40,-7.19564499309021,110
60,0.05,40,0.015,0.6,75,-1.678695842777378,-23.566800079191303,2.7948717948717947,0.0,6.970499426306349,-30.53729950549765,0.0,1.6923076923076923,15,-811.4889484545633,1.1025641025641026,10,"{""age"": 33, ""profit_protect"": 6}",0,0.0,53.48837209302325,8.675859563443064,-162.94302299999995,0.27642432008655704,6,-2.516503274958717,39,35.8974358974359,-2.6551884020526955,33,40,-8.106785384545674,110
40,0.03,24,0.02,0.5,65,-2.5492162443947697,-23.21531040418687,2.2127659574468086,0.0,3.5485915490939113,-26.763901953280783,0.0,1.4042553191489362,10,-1210.6709435786531,0.8085106382978723,7,"{""age"": 44, ""profit_protect"": 3}",0,0.0,52.63157894736842,12.354490566293608,-157.91434900000002,0.2133036594699781,3,-3.48203068095116,47,19.148936170212767,-4.3058982040984874,44,48,-12.098605335786523,105
40,0.03,24,0.02,0.6,65,-2.4846270614797827,-23.051361912973537,2.3043478260869565,0.0,3.6257348436394308,-26.677096756612965,0.0,1.4782608695652173,10,-1181.5383176351393,0.8260869565217391,7,"{""age"": 44, ""profit_protect"": 2}",0,0.0,55.26315789473685,12.063164306858452,-157.91434900000002,0.22051806453270517,2,-3.3803168740412612,46,21.73913043478261,-4.131232114313874,44,47,-11.807279076351369,107
40,0.03,24,0.02,0.5,70,-2.700626517430371,-24.596842106314533,2.25531914893617,0.0,3.5485915490939113,-28.14543365540844,0.0,1.446808510638298,10,-1278.662177626393,0.8085106382978723,7,"{""age"": 44, ""profit_protect"": 3}",0,0.0,52.63157894736842,13.034402906771012,-157.91434900000002,0.20376425021527492,3,-3.4914171324630834,47,19.148936170212767,-4.279426427087965,44,48,-12.77851767626393,107
40,0.03,24,0.02,0.6,70,-2.635635651150392,-24.462926912973543,2.347826086956522,0.0,3.6257348436394308,-28.088661756612968,0.0,1.5217391304347827,10,-1249.5295516828792,0.8260869565217391,7,"{""age"": 44, ""profit_protect"": 2}",0,0.0,55.26315789473685,12.743076647335858,-157.91434900000002,0.21047180766984303,2,-3.3940133016152947,46,21.73913043478261,-4.111867780270393,44,47,-12.487191416828773,109
40,0.03,24,0.02,0.5,75,-2.8813508313335845,-26.07964082971879,2.297872340425532,0.0,3.5485915490939113,-29.628232378812697,0.0,1.4893617021276595,10,-1359.265654585298,0.8085106382978723,7,"{""age"": 44, ""profit_protect"": 3}",0,0.0,52.63157894736842,13.840437676360034,-157.91434900000002,0.1940818960968448,3,-3.5258237824640632,47,19.148936170212767,-4.2994574830647885,44,48,-13.584552445852951,109
40,0.03,24,0.02,0.6,75,-2.7417509283864105,-25.211624304277894,2.369565217391304,0.0,3.6257348436394308,-28.83735914791732,0.0,1.5434782608695652,10,-1297.0563887943642,0.8260869565217391,7,"{""age"": 44, ""profit_protect"": 2}",0,0.0,55.26315789473685,13.218345018450691,-157.91434900000002,0.20550599826193827,2,-3.4110713119937155,46,21.73913043478261,-4.119458699836503,44,47,-12.962459787943608,110
60,0.03,24,0.02,0.5,65,-1.336435110518197,-18.954283448734532,2.2051282051282053,0.0,4.664467469568092,-23.618750918302627,0.0,1.3076923076923077,12,-650.6295551529847,0.8974358974358975,9,"{""age"": 32, ""profit_protect"": 7}",0,0.0,57.14285714285714,6.754076682036956,-162.94302299999995,0.24879317525824787,7,-2.7078035367912285,39,28.205128205128204,-3.0001763635060974,32,40,-6.498191451529873,87
60,0.03,24,0.02,0.6,65,-1.3358226677341434,-18.98018088463197,2.2051282051282053,0.0,4.664467469568092,-23.64464835420006,0.0,1.3076923076923077,12,-650.3397082109536,0.8974358974358975,9,"{""age"": 33, ""profit_protect"": 6}",0,0.0,54.285714285714285,6.751178212616652,-162.94302299999995,0.24776679350965347,6,-2.709059907850239,39,28.205128205128204,-2.9996801786224228,33,40,-6.495292982109567,87
60,0.03,24,0.02,0.5,70,-1.2857934761522305,-18.39918501519301,2.3076923076923075,0.0,5.857151384767672,-24.25633639996068,0.0,1.3846153846153846,14,-626.6384270455674,0.9230769230769231,9,"{""age"": 32, ""profit_protect"": 7}",0,0.0,58.333333333333336,6.514165400962775,-162.94302299999995,0.29675666823231434,7,-2.4744521124393013,39,30.76923076923077,-2.683175052033246,32,40,-6.258280170455692,91
60,0.03,24,0.02,0.6,70,-1.2895874007388008,-18.384826040834035,2.3076923076923075,0.0,5.857151384767672,-24.241977425601707,0.0,1.3846153846153846,14,-628.4374770305873,0.9230769230769231,9,"{""age"": 33, ""profit_protect"": 6}",0,0.0,55.55555555555556,6.5321559008129775,-162.94302299999995,0.29730548889804675,6,-2.474413155022643,39,30.76923076923077,-2.68430791070839,33,40,-6.276270670305893,91
60,0.03,24,0.02,0.5,75,-1.3995519056017258,-19.559187066475058,2.3333333333333335,0.0,5.857151384767672,-25.41633845124273,0.0,1.4102564102564104,14,-680.4619391046224,0.9230769230769231,9,"{""age"": 32, ""profit_protect"": 7}",0,0.0,58.333333333333336,7.052400521553355,-162.94302299999995,0.28415797107375834,7,-2.5044278021195536,39,30.76923076923077,-2.69229046891728,32,40,-6.796515291046271,92
60,0.03,24,0.02,0.6,75,-1.4033633438075954,-19.544828092116088,2.3333333333333335,0.0,5.857151384767672,-25.40197947688376,0.0,1.4102564102564104,14,-682.2609890896423,0.9230769230769231,9,"{""age"": 33, ""profit_protect"": 6}",0,0.0,55.55555555555556,7.070391021403556,-162.94302299999995,0.28468349175636615,6,-2.50442040469957,39,30.76923076923077,-2.693416197364015,33,40,-6.814505790896473,92
40,0.03,30,0.02,0.5,65,-2.6036561654479096,-22.804272721779984,2.382978723404255,0.0,4.656227279856696,-27.460500001636678,0.0,1.5319148936170213,12,-1235.1659774334446,0.851063829787234,7,"{""age"": 43, ""profit_protect"": 4}",0,0.0,55.00000000000001,12.912629853231847,-157.91434900000002,0.250481511992227,4,-3.277975913785294,47,21.27659574468085,-3.997070643173674,43,48,-12.343555674334457,113
40,0.03,30,0.02,0.6,65,-2.465633544587831,-21.879400367905635,2.4565217391304346,0.0,4.757449612027494,-26.63684997993312,0.0,1.5869565217391304,12,-1172.9567116425108,0.8695652173913043,7,"{""age"": 43, ""profit_protect"": 3}",0,0.0,57.49999999999999,12.290537195322504,-157.91434900000002,0.2647046935380767,3,-3.168808950765033,46,23.91304347826087,-3.8366085673460897,43,47,-11.721463016425114,114
40,0.03,30,0.02,0.5,70,-2.794412846033967,-24.611788381354454,2.4468085106382977,0.0,4.656227279856696,-29.26801566121115,0.0,1.5957446808510638,12,-1320.5658055523984,0.851063829787234,7,"{""age"": 43, ""profit_protect"": 4}",0,0.0,55.00000000000001,13.766628134421389,-157.91434900000002,0.23643526058486755,4,-3.3140553308564966,47,21.27659574468085,-4.006195623858488,43,48,-13.197553955524,116
40,0.03,30,0.02,0.6,70,-2.617552215915686,-23.32683797660129,2.5,0.0,4.757449612027494,-28.08428758862878,0.0,1.6304347826086956,12,-1241.4096979191306,0.8695652173913043,7,"{""age"": 43, ""profit_protect"": 3}",0,0.0,57.49999999999999,12.9750670580887,-157.91434900000002,0.25242578009027866,3,-3.197294553043585,46,23.91304347826087,-3.840014060877919,43,47,-12.405992879191308,116
40,0.03,30,0.02,0.5,75,-2.9122416995586375,-25.408272237398972,2.404255319148936,0.0,4.21495101375415,-29.62322325115312,0.0,1.574468085106383,11,-1372.9832384795402,0.8297872340425532,7,"{""age"": 43, ""profit_protect"": 4}",0,0.0,53.84615384615385,14.290802463692762,-157.91434900000002,0.21999835195003312,4,-3.3807075512633205,47,21.27659574468085,-4.077349275111713,43,48,-13.721728284795374,114
40,0.03,30,0.02,0.6,75,-2.7724649531659984,-24.540008568646776,2.4782608695652173,0.0,4.30658038361837,-28.846588952265144,0.0,1.6304347826086956,11,-1310.7739726886064,0.8478260869565217,7,"{""age"": 43, ""profit_protect"": 3}",0,0.0,56.41025641025641,13.659968955567948,-157.91434900000002,0.23197440728912333,3,-3.2787577011941265,46,23.91304347826087,-3.9247899460809443,43,47,-13.09963562688603,115
60,0.03,30,0.02,0.5,65,-1.063342750111329,-16.09439190784923,2.358974358974359,0.0,6.649302724364047,-22.743694632213273,0.0,1.4102564102564104,15,-520.670112546695,0.9487179487179487,9,"{""age"": 32, ""profit_protect"": 7}",0,0.0,59.45945945945946,5.767671204364378,-162.94302299999995,0.3605392474385916,7,-2.3140824840039955,39,30.76923076923077,-2.5731624312342514,32,40,-5.198597025466988,93
60,0.03,30,0.02,0.6,65,-1.063342750111329,-16.356699600156922,2.358974358974359,0.0,6.649302724364047,-23.006002324520967,0.0,1.4102564102564104,15,-520.670112546695,0.9487179487179487,9,"{""age"": 32, ""profit_protect"": 7}",0,0.0,59.45945945945946,5.767671204364378,-162.94302299999995,0.3501172647202561,7,-2.3297154580814987,39,30.76923076923077,-2.5731624312342514,32,40,-5.198597025466988,93
60,0.03,30,0.02,0.5,70,-1.1699359496953887,-17.489615474856503,2.4358974358974357,0.0,7.191994444917696,-24.6816099197742,0.0,1.4615384615384615,16,-571.5665369094656,0.9743589743589743,9,"{""age"": 32, ""profit_protect"": 7}",0,0.0,60.526315789473685,6.276635447992085,-162.94302299999995,0.3417730876137478,7,-2.348152438840507,39,30.76923076923077,-2.572692712568508,32,40,-5.707561269094694,96
60,0.03,30,0.02,0.6,70,-1.2931672583320841,-19.147313557240693,2.5128205128205128,0.0,7.166569790525799,-26.313883347766488,0.0,1.5128205128205128,16,-630.1347648796133,1.0,9,"{""age"": 33, ""profit_protect"": 6}",0,0.0,58.97435897435898,6.86231772769359,-162.94302299999995,0.3229402306155229,6,-2.3932299174110314,39,30.76923076923077,-2.5921708269481174,33,40,-6.2932435487962,99
60,0.03,30,0.02,0.5,75,-1.2831611776303542,-18.649617526138556,2.4615384615384617,0.0,7.191994444917696,-25.841611971056253,0.0,1.4871794871794872,16,-625.3900489685207,0.9743589743589743,9,"{""age"": 32, ""profit_protect"": 7}",0,0.0,60.526315789473685,6.8148705685826645,-162.94302299999995,0.32747644067084314,7,-2.381102766505563,39,30.76923076923077,-2.5826742200993946,32,40,-6.245796389685275,97
60,0.03,30,0.02,0.6,75,-1.4069597299368963,-20.307315608522746,2.5384615384615383,0.0,7.166569790525799,-27.47388539904854,0.0,1.5384615384615385,16,-683.9582769386682,1.0,9,"{""age"": 33, ""profit_protect"": 6}",0,0.0,58.97435897435898,7.400552848284169,-162.94302299999995,0.3102157022663411,6,-2.423784944004478,39,30.76923076923077,-2.6020667432435585,33,40,-6.831478669386779,100
40,0.03,40,0.02,0.5,65,-2.701649327871969,-23.952273549156928,2.6382978723404253,0.0,4.20590861812069,-28.158182167277623,0.0,1.7234042553191489,11,-1279.120039061519,0.9148936170212766,7,"{""age"": 43, ""profit_protect"": 4}",0,0.0,53.48837209302325,13.352170469512604,-157.91434900000002,0.2574060827780785,4,-3.2456606424231724,47,25.53191489361702,-3.9424631372328887,43,48,-12.783096290615212,125
40,0.03,40,0.02,0.6,65,-2.696983318295665,-24.203337378944166,2.6382978723404253,0.0,4.20590861812069,-28.40924599706485,0.0,1.7234042553191489,11,-1277.031142134468,0.9148936170212766,7,"{""age"": 43, ""profit_protect"": 4}",0,0.0,53.48837209302325,13.331281500242076,-157.91434900000002,0.24962233429792632,4,-3.2560000328100362,47,25.53191489361702,-3.9403017721430964,43,48,-12.762207321344684,125
40,0.03,40,0.02,0.5,70,-2.825123896534232,-25.15571580447608,2.6808510638297873,0.0,4.20590861812069,-29.36162442259677,0.0,1.7659574468085106,11,-1334.252419531973,0.9148936170212766,7,"{""age"": 43, ""profit_protect"": 4}",0,0.0,53.48837209302325,13.903494274217119,-157.91434900000002,0.24814759677156015,4,-3.2649208306879878,47,25.53191489361702,-3.9397120882756296,43,48,-13.334420095319729,127
40,0.03,40,0.02,0.6,70,-2.8204341659326837,-25.406779634263316,2.6808510638297873,0.0,4.20590861812069,-29.612688252384004,0.0,1.7659574468085106,11,-1332.1635226049218,0.9148936170212766,7,"{""age"": 43, ""profit_protect"": 4}",0,0.0,53.48837209302325,13.88260530494659,-157.91434900000002,0.2406438173022564,4,-3.274859178784342,47,25.53191489361702,-3.937589020057868,43,48,-13.313531126049202,127
40,0.03,40,0.02,0.5,75,-2.991266570310147,-26.43682293309331,2.6595744680851063,0.0,3.6942053422621526,-30.13102827535546,0.0,1.7659574468085106,10,-1407.9962498591906,0.8936170212765957,7,"{""age"": 43, ""profit_protect"": 4}",0,0.0,52.38095238095239,14.640932577489293,-157.91434900000002,0.22679191248006278,4,-3.323166837162667,47,25.53191489361702,-3.974065428809533,43,48,-14.071858398591901,126
40,0.03,40,0.02,0.6,75,-2.9865446831614184,-26.68788676288055,2.6595744680851063,0.0,3.6942053422621526,-30.382092105142696,0.0,1.7659574468085106,10,-1405.9073529321395,0.8936170212765957,7,"{""age"": 43, ""profit_protect"": 4}",0,0.0,52.38095238095239,14.620043608218767,-157.91434900000002,0.21944895057550595,4,-3.332865821841113,47,25.53191489361702,-3.9719467295811395,43,48,-14.050969429321375,126
60,0.03,40,0.02,0.5,65,-1.2126534706673686,-18.158638557463707,2.769230769230769,0.0,6.959602180286538,-25.118240737750245,0.0,1.6666666666666667,15,-591.9019775901191,1.1025641025641026,10,"{""age"": 32, ""profit_protect"": 7}",0,0.0,58.139534883720934,6.479989854798624,-162.94302299999995,0.3548576446106048,7,-2.3001921923531174,39,38.46153846153847,-2.51110445202873,32,40,-5.910915675901233,109
60,0.03,40,0.02,0.6,65,-1.2082620410392986,-18.461202660027812,2.769230769230769,0.0,6.959602180286538,-25.420804840314343,0.0,1.6666666666666667,15,-589.8130806630683,1.1025641025641026,10,"{""age"": 32, ""profit_protect"": 7}",0,0.0,58.139534883720934,6.459100885528114,-162.94302299999995,0.34410810977258405,7,-2.315335933670862,39,38.46153846153847,-2.509648938128128,32,40,-5.890026706630724,109
60,0.03,40,0.02,0.5,70,-1.3164796414383728,-19.15327137797653,2.7948717948717947,0.0,6.959602180286538,-26.112873558263065,0.0,1.6923076923076923,15,-641.1816577925292,1.1025641025641026,10,"{""age"": 32, ""profit_protect"": 7}",0,0.0,58.139534883720934,6.972786656822719,-162.94302299999995,0.3427458832787311,7,-2.33355879354958,39,38.46153846153847,-2.529569910970131,32,40,-6.403712477925329,110
60,0.03,40,0.02,0.6,70,-1.3120697321380104,-19.45583548054063,2.7948717948717947,0.0,6.959602180286538,-26.415437660827166,0.0,1.6923076923076923,15,-639.0927608654783,1.1025641025641026,10,"{""age"": 32, ""profit_protect"": 7}",0,0.0,58.139534883720934,6.95189768755221,-162.94302299999995,0.33236324429983616,7,-2.3481565480048667,39,38.46153846153847,-2.5281234805154367,32,40,-6.38282350865482,110
60,0.03,40,0.02,0.5,75,-1.4842495134488765,-20.83730820739643,2.7948717948717947,0.0,6.970499426306349,-27.80780763370277,0.0,1.6923076923076923,15,-720.3749093090153,1.1025641025641026,10,"{""age"": 32, ""profit_protect"": 7}",0,0.0,58.139534883720934,7.7647191719876,-162.94302299999995,0.312330714186492,7,-2.408650758990836,39,38.46153846153847,-2.569314286832419,32,40,-7.19564499309021,110
60,0.03,40,0.02,0.6,75,-1.678695842777378,-23.566800079191303,2.7948717948717947,0.0,6.970499426306349,-30.53729950549765,0.0,1.6923076923076923,15,-811.4889484545633,1.1025641025641026,10,"{""age"": 33, ""profit_protect"": 6}",0,0.0,53.48837209302325,8.675859563443064,-162.94302299999995,0.27642432008655704,6,-2.516503274958717,39,35.8974358974359,-2.6551884020526955,33,40,-8.106785384545674,110
40,0.04,24,0.02,0.5,65,-2.5492162443947697,-23.21531040418687,2.2127659574468086,0.0,3.5485915490939113,-26.763901953280783,0.0,1.4042553191489362,10,-1210.6709435786531,0.8085106382978723,7,"{""age"": 44, ""profit_protect"": 3}",0,0.0,52.63157894736842,12.354490566293608,-157.91434900000002,0.2133036594699781,3,-3.48203068095116,47,19.148936170212767,-4.3058982040984874,44,48,-12.098605335786523,105
40,0.04,24,0.02,0.5,70,-2.700626517430371,-24.596842106314533,2.25531914893617,0.0,3.5485915490939113,-28.14543365540844,0.0,1.446808510638298,10,-1278.662177626393,0.8085106382978723,7,"{""age"": 44, ""profit_protect"": 3}",0,0.0,52.63157894736842,13.034402906771012,-157.91434900000002,0.20376425021527492,3,-3.4914171324630834,47,19.148936170212767,-4.279426427087965,44,48,-12.77851767626393,107
40,0.04,24,0.02,0.6,65,-2.4846270614797827,-23.051361912973537,2.3043478260869565,0.0,3.6257348436394308,-26.677096756612965,0.0,1.4782608695652173,10,-1181.5383176351393,0.8260869565217391,7,"{""age"": 44, ""profit_protect"": 2}",0,0.0,55.26315789473685,12.063164306858452,-157.91434900000002,0.22051806453270517,2,-3.3803168740412612,46,21.73913043478261,-4.131232114313874,44,47,-11.807279076351369,107
40,0.04,24,0.02,0.6,70,-2.635635651150392,-24.462926912973543,2.347826086956522,0.0,3.6257348436394308,-28.088661756612968,0.0,1.5217391304347827,10,-1249.5295516828792,0.8260869565217391,7,"{""age"": 44, ""profit_protect"": 2}",0,0.0,55.26315789473685,12.743076647335858,-157.91434900000002,0.21047180766984303,2,-3.3940133016152947,46,21.73913043478261,-4.111867780270393,44,47,-12.487191416828773,109
40,0.04,24,0.02,0.5,75,-2.8813508313335845,-26.07964082971879,2.297872340425532,0.0,3.5485915490939113,-29.628232378812697,0.0,1.4893617021276595,10,-1359.265654585298,0.8085106382978723,7,"{""age"": 44, ""profit_protect"": 3}",0,0.0,52.63157894736842,13.840437676360034,-157.91434900000002,0.1940818960968448,3,-3.5258237824640632,47,19.148936170212767,-4.2994574830647885,44,48,-13.584552445852951,109
40,0.04,24,0.02,0.6,75,-2.7417509283864105,-25.211624304277894,2.369565217391304,0.0,3.6257348436394308,-28.83735914791732,0.0,1.5434782608695652,10,-1297.0563887943642,0.8260869565217391,7,"{""age"": 44, ""profit_protect"": 2}",0,0.0,55.26315789473685,13.218345018450691,-157.91434900000002,0.20550599826193827,2,-3.4110713119937155,46,21.73913043478261,-4.119458699836503,44,47,-12.962459787943608,110
60,0.04,24,0.02,0.5,65,-1.336435110518197,-18.954283448734532,2.2051282051282053,0.0,4.664467469568092,-23.618750918302627,0.0,1.3076923076923077,12,-650.6295551529847,0.8974358974358975,9,"{""age"": 32, ""profit_protect"": 7}",0,0.0,57.14285714285714,6.754076682036956,-162.94302299999995,0.24879317525824787,7,-2.7078035367912285,39,28.205128205128204,-3.0001763635060974,32,40,-6.498191451529873,87
60,0.04,24,0.02,0.6,65,-1.3358226677341434,-18.98018088463197,2.2051282051282053,0.0,4.664467469568092,-23.64464835420006,0.0,1.3076923076923077,12,-650.3397082109536,0.8974358974358975,9,"{""age"": 33, ""profit_protect"": 6}",0,0.0,54.285714285714285,6.751178212616652,-162.94302299999995,0.24776679350965347,6,-2.709059907850239,39,28.205128205128204,-2.9996801786224228,33,40,-6.495292982109567,87
60,0.04,24,0.02,0.5,70,-1.2857934761522305,-18.39918501519301,2.3076923076923075,0.0,5.857151384767672,-24.25633639996068,0.0,1.3846153846153846,14,-626.6384270455674,0.9230769230769231,9,"{""age"": 32, ""profit_protect"": 7}",0,0.0,58.333333333333336,6.514165400962775,-162.94302299999995,0.29675666823231434,7,-2.4744521124393013,39,30.76923076923077,-2.683175052033246,32,40,-6.258280170455692,91
60,0.04,24,0.02,0.6,70,-1.2895874007388008,-18.384826040834035,2.3076923076923075,0.0,5.857151384767672,-24.241977425601707,0.0,1.3846153846153846,14,-628.4374770305873,0.9230769230769231,9,"{""age"": 33, ""profit_protect"": 6}",0,0.0,55.55555555555556,6.5321559008129775,-162.94302299999995,0.29730548889804675,6,-2.474413155022643,39,30.76923076923077,-2.68430791070839,33,40,-6.276270670305893,91
60,0.04,24,0.02,0.5,75,-1.3995519056017258,-19.559187066475058,2.3333333333333335,0.0,5.857151384767672,-25.41633845124273,0.0,1.4102564102564104,14,-680.4619391046224,0.9230769230769231,9,"{""age"": 32, ""profit_protect"": 7}",0,0.0,58.333333333333336,7.052400521553355,-162.94302299999995,0.28415797107375834,7,-2.5044278021195536,39,30.76923076923077,-2.69229046891728,32,40,-6.796515291046271,92
40,0.04,30,0.02,0.5,65,-2.6036561654479096,-22.804272721779984,2.382978723404255,0.0,4.656227279856696,-27.460500001636678,0.0,1.5319148936170213,12,-1235.1659774334446,0.851063829787234,7,"{""age"": 43, ""profit_protect"": 4}",0,0.0,55.00000000000001,12.912629853231847,-157.91434900000002,0.250481511992227,4,-3.277975913785294,47,21.27659574468085,-3.997070643173674,43,48,-12.343555674334457,113
60,0.04,24,0.02,0.6,75,-1.4033633438075954,-19.544828092116088,2.3333333333333335,0.0,5.857151384767672,-25.40197947688376,0.0,1.4102564102564104,14,-682.2609890896423,0.9230769230769231,9,"{""age"": 33, ""profit_protect"": 6}",0,0.0,55.55555555555556,7.070391021403556,-162.94302299999995,0.28468349175636615,6,-2.50442040469957,39,30.76923076923077,-2.693416197364015,33,40,-6.814505790896473,92
40,0.04,30,0.02,0.6,65,-2.465633544587831,-21.879400367905635,2.4565217391304346,0.0,4.757449612027494,-26.63684997993312,0.0,1.5869565217391304,12,-1172.9567116425108,0.8695652173913043,7,"{""age"": 43, ""profit_protect"": 3}",0,0.0,57.49999999999999,12.290537195322504,-157.91434900000002,0.2647046935380767,3,-3.168808950765033,46,23.91304347826087,-3.8366085673460897,43,47,-11.721463016425114,114
40,0.04,30,0.02,0.5,70,-2.794412846033967,-24.611788381354454,2.4468085106382977,0.0,4.656227279856696,-29.26801566121115,0.0,1.5957446808510638,12,-1320.5658055523984,0.851063829787234,7,"{""age"": 43, ""profit_protect"": 4}",0,0.0,55.00000000000001,13.766628134421389,-157.91434900000002,0.23643526058486755,4,-3.3140553308564966,47,21.27659574468085,-4.006195623858488,43,48,-13.197553955524,116
40,0.04,30,0.02,0.6,70,-2.617552215915686,-23.32683797660129,2.5,0.0,4.757449612027494,-28.08428758862878,0.0,1.6304347826086956,12,-1241.4096979191306,0.8695652173913043,7,"{""age"": 43, ""profit_protect"": 3}",0,0.0,57.49999999999999,12.9750670580887,-157.91434900000002,0.25242578009027866,3,-3.197294553043585,46,23.91304347826087,-3.840014060877919,43,47,-12.405992879191308,116
40,0.04,30,0.02,0.5,75,-2.9122416995586375,-25.408272237398972,2.404255319148936,0.0,4.21495101375415,-29.62322325115312,0.0,1.574468085106383,11,-1372.9832384795402,0.8297872340425532,7,"{""age"": 43, ""profit_protect"": 4}",0,0.0,53.84615384615385,14.290802463692762,-157.91434900000002,0.21999835195003312,4,-3.3807075512633205,47,21.27659574468085,-4.077349275111713,43,48,-13.721728284795374,114
40,0.04,30,0.02,0.6,75,-2.7724649531659984,-24.540008568646776,2.4782608695652173,0.0,4.30658038361837,-28.846588952265144,0.0,1.6304347826086956,11,-1310.7739726886064,0.8478260869565217,7,"{""age"": 43, ""profit_protect"": 3}",0,0.0,56.41025641025641,13.659968955567948,-157.91434900000002,0.23197440728912333,3,-3.2787577011941265,46,23.91304347826087,-3.9247899460809443,43,47,-13.09963562688603,115
60,0.04,30,0.02,0.5,65,-1.063342750111329,-16.09439190784923,2.358974358974359,0.0,6.649302724364047,-22.743694632213273,0.0,1.4102564102564104,15,-520.670112546695,0.9487179487179487,9,"{""age"": 32, ""profit_protect"": 7}",0,0.0,59.45945945945946,5.767671204364378,-162.94302299999995,0.3605392474385916,7,-2.3140824840039955,39,30.76923076923077,-2.5731624312342514,32,40,-5.198597025466988,93
60,0.04,30,0.02,0.6,65,-1.063342750111329,-16.356699600156922,2.358974358974359,0.0,6.649302724364047,-23.006002324520967,0.0,1.4102564102564104,15,-520.670112546695,0.9487179487179487,9,"{""age"": 32, ""profit_protect"": 7}",0,0.0,59.45945945945946,5.767671204364378,-162.94302299999995,0.3501172647202561,7,-2.3297154580814987,39,30.76923076923077,-2.5731624312342514,32,40,-5.198597025466988,93
60,0.04,30,0.02,0.5,70,-1.1699359496953887,-17.489615474856503,2.4358974358974357,0.0,7.191994444917696,-24.6816099197742,0.0,1.4615384615384615,16,-571.5665369094656,0.9743589743589743,9,"{""age"": 32, ""profit_protect"": 7}",0,0.0,60.526315789473685,6.276635447992085,-162.94302299999995,0.3417730876137478,7,-2.348152438840507,39,30.76923076923077,-2.572692712568508,32,40,-5.707561269094694,96
60,0.04,30,0.02,0.6,70,-1.2931672583320841,-19.147313557240693,2.5128205128205128,0.0,7.166569790525799,-26.313883347766488,0.0,1.5128205128205128,16,-630.1347648796133,1.0,9,"{""age"": 33, ""profit_protect"": 6}",0,0.0,58.97435897435898,6.86231772769359,-162.94302299999995,0.3229402306155229,6,-2.3932299174110314,39,30.76923076923077,-2.5921708269481174,33,40,-6.2932435487962,99
60,0.04,30,0.02,0.5,75,-1.2831611776303542,-18.649617526138556,2.4615384615384617,0.0,7.191994444917696,-25.841611971056253,0.0,1.4871794871794872,16,-625.3900489685207,0.9743589743589743,9,"{""age"": 32, ""profit_protect"": 7}",0,0.0,60.526315789473685,6.8148705685826645,-162.94302299999995,0.32747644067084314,7,-2.381102766505563,39,30.76923076923077,-2.5826742200993946,32,40,-6.245796389685275,97
60,0.04,30,0.02,0.6,75,-1.4069597299368963,-20.307315608522746,2.5384615384615383,0.0,7.166569790525799,-27.47388539904854,0.0,1.5384615384615385,16,-683.9582769386682,1.0,9,"{""age"": 33, ""profit_protect"": 6}",0,0.0,58.97435897435898,7.400552848284169,-162.94302299999995,0.3102157022663411,6,-2.423784944004478,39,30.76923076923077,-2.6020667432435585,33,40,-6.831478669386779,100
40,0.04,40,0.02,0.5,65,-2.701649327871969,-23.952273549156928,2.6382978723404253,0.0,4.20590861812069,-28.158182167277623,0.0,1.7234042553191489,11,-1279.120039061519,0.9148936170212766,7,"{""age"": 43, ""profit_protect"": 4}",0,0.0,53.48837209302325,13.352170469512604,-157.91434900000002,0.2574060827780785,4,-3.2456606424231724,47,25.53191489361702,-3.9424631372328887,43,48,-12.783096290615212,125
40,0.04,40,0.02,0.6,65,-2.696983318295665,-24.203337378944166,2.6382978723404253,0.0,4.20590861812069,-28.40924599706485,0.0,1.7234042553191489,11,-1277.031142134468,0.9148936170212766,7,"{""age"": 43, ""profit_protect"": 4}",0,0.0,53.48837209302325,13.331281500242076,-157.91434900000002,0.24962233429792632,4,-3.2560000328100362,47,25.53191489361702,-3.9403017721430964,43,48,-12.762207321344684,125
40,0.04,40,0.02,0.5,70,-2.825123896534232,-25.15571580447608,2.6808510638297873,0.0,4.20590861812069,-29.36162442259677,0.0,1.7659574468085106,11,-1334.252419531973,0.9148936170212766,7,"{""age"": 43, ""profit_protect"": 4}",0,0.0,53.48837209302325,13.903494274217119,-157.91434900000002,0.24814759677156015,4,-3.2649208306879878,47,25.53191489361702,-3.9397120882756296,43,48,-13.334420095319729,127
40,0.04,40,0.02,0.6,70,-2.8204341659326837,-25.406779634263316,2.6808510638297873,0.0,4.20590861812069,-29.612688252384004,0.0,1.7659574468085106,11,-1332.1635226049218,0.9148936170212766,7,"{""age"": 43, ""profit_protect"": 4}",0,0.0,53.48837209302325,13.88260530494659,-157.91434900000002,0.2406438173022564,4,-3.274859178784342,47,25.53191489361702,-3.937589020057868,43,48,-13.313531126049202,127
40,0.04,40,0.02,0.5,75,-2.991266570310147,-26.43682293309331,2.6595744680851063,0.0,3.6942053422621526,-30.13102827535546,0.0,1.7659574468085106,10,-1407.9962498591906,0.8936170212765957,7,"{""age"": 43, ""profit_protect"": 4}",0,0.0,52.38095238095239,14.640932577489293,-157.91434900000002,0.22679191248006278,4,-3.323166837162667,47,25.53191489361702,-3.974065428809533,43,48,-14.071858398591901,126
40,0.04,40,0.02,0.6,75,-2.9865446831614184,-26.68788676288055,2.6595744680851063,0.0,3.6942053422621526,-30.382092105142696,0.0,1.7659574468085106,10,-1405.9073529321395,0.8936170212765957,7,"{""age"": 43, ""profit_protect"": 4}",0,0.0,52.38095238095239,14.620043608218767,-157.91434900000002,0.21944895057550595,4,-3.332865821841113,47,25.53191489361702,-3.9719467295811395,43,48,-14.050969429321375,126
60,0.04,40,0.02,0.5,65,-1.2126534706673686,-18.158638557463707,2.769230769230769,0.0,6.959602180286538,-25.118240737750245,0.0,1.6666666666666667,15,-591.9019775901191,1.1025641025641026,10,"{""age"": 32, ""profit_protect"": 7}",0,0.0,58.139534883720934,6.479989854798624,-162.94302299999995,0.3548576446106048,7,-2.3001921923531174,39,38.46153846153847,-2.51110445202873,32,40,-5.910915675901233,109
60,0.04,40,0.02,0.6,65,-1.2082620410392986,-18.461202660027812,2.769230769230769,0.0,6.959602180286538,-25.420804840314343,0.0,1.6666666666666667,15,-589.8130806630683,1.1025641025641026,10,"{""age"": 32, ""profit_protect"": 7}",0,0.0,58.139534883720934,6.459100885528114,-162.94302299999995,0.34410810977258405,7,-2.315335933670862,39,38.46153846153847,-2.509648938128128,32,40,-5.890026706630724,109
60,0.04,40,0.02,0.5,70,-1.3164796414383728,-19.15327137797653,2.7948717948717947,0.0,6.959602180286538,-26.112873558263065,0.0,1.6923076923076923,15,-641.1816577925292,1.1025641025641026,10,"{""age"": 32, ""profit_protect"": 7}",0,0.0,58.139534883720934,6.972786656822719,-162.94302299999995,0.3427458832787311,7,-2.33355879354958,39,38.46153846153847,-2.529569910970131,32,40,-6.403712477925329,110
60,0.04,40,0.02,0.6,70,-1.3120697321380104,-19.45583548054063,2.7948717948717947,0.0,6.959602180286538,-26.415437660827166,0.0,1.6923076923076923,15,-639.0927608654783,1.1025641025641026,10,"{""age"": 32, ""profit_protect"": 7}",0,0.0,58.139534883720934,6.95189768755221,-162.94302299999995,0.33236324429983616,7,-2.3481565480048667,39,38.46153846153847,-2.5281234805154367,32,40,-6.38282350865482,110
60,0.04,40,0.02,0.5,75,-1.4842495134488765,-20.83730820739643,2.7948717948717947,0.0,6.970499426306349,-27.80780763370277,0.0,1.6923076923076923,15,-720.3749093090153,1.1025641025641026,10,"{""age"": 32, ""profit_protect"": 7}",0,0.0,58.139534883720934,7.7647191719876,-162.94302299999995,0.312330714186492,7,-2.408650758990836,39,38.46153846153847,-2.569314286832419,32,40,-7.19564499309021,110
60,0.04,40,0.02,0.6,75,-1.678695842777378,-23.566800079191303,2.7948717948717947,0.0,6.970499426306349,-30.53729950549765,0.0,1.6923076923076923,15,-811.4889484545633,1.1025641025641026,10,"{""age"": 33, ""profit_protect"": 6}",0,0.0,53.48837209302325,8.675859563443064,-162.94302299999995,0.27642432008655704,6,-2.516503274958717,39,35.8974358974359,-2.6551884020526955,33,40,-8.106785384545674,110
40,0.05,24,0.02,0.5,65,-2.5492162443947697,-23.21531040418687,2.2127659574468086,0.0,3.5485915490939113,-26.763901953280783,0.0,1.4042553191489362,10,-1210.6709435786531,0.8085106382978723,7,"{""age"": 44, ""profit_protect"": 3}",0,0.0,52.63157894736842,12.354490566293608,-157.91434900000002,0.2133036594699781,3,-3.48203068095116,47,19.148936170212767,-4.3058982040984874,44,48,-12.098605335786523,105
40,0.05,24,0.02,0.6,65,-2.4846270614797827,-23.051361912973537,2.3043478260869565,0.0,3.6257348436394308,-26.677096756612965,0.0,1.4782608695652173,10,-1181.5383176351393,0.8260869565217391,7,"{""age"": 44, ""profit_protect"": 2}",0,0.0,55.26315789473685,12.063164306858452,-157.91434900000002,0.22051806453270517,2,-3.3803168740412612,46,21.73913043478261,-4.131232114313874,44,47,-11.807279076351369,107
40,0.05,24,0.02,0.5,70,-2.700626517430371,-24.596842106314533,2.25531914893617,0.0,3.5485915490939113,-28.14543365540844,0.0,1.446808510638298,10,-1278.662177626393,0.8085106382978723,7,"{""age"": 44, ""profit_protect"": 3}",0,0.0,52.63157894736842,13.034402906771012,-157.91434900000002,0.20376425021527492,3,-3.4914171324630834,47,19.148936170212767,-4.279426427087965,44,48,-12.77851767626393,107
40,0.05,24,0.02,0.6,70,-2.635635651150392,-24.462926912973543,2.347826086956522,0.0,3.6257348436394308,-28.088661756612968,0.0,1.5217391304347827,10,-1249.5295516828792,0.8260869565217391,7,"{""age"": 44, ""profit_protect"": 2}",0,0.0,55.26315789473685,12.743076647335858,-157.91434900000002,0.21047180766984303,2,-3.3940133016152947,46,21.73913043478261,-4.111867780270393,44,47,-12.487191416828773,109
40,0.05,24,0.02,0.5,75,-2.8813508313335845,-26.07964082971879,2.297872340425532,0.0,3.5485915490939113,-29.628232378812697,0.0,1.4893617021276595,10,-1359.265654585298,0.8085106382978723,7,"{""age"": 44, ""profit_protect"": 3}",0,0.0,52.63157894736842,13.840437676360034,-157.91434900000002,0.1940818960968448,3,-3.5258237824640632,47,19.148936170212767,-4.2994574830647885,44,48,-13.584552445852951,109
40,0.05,24,0.02,0.6,75,-2.7417509283864105,-25.211624304277894,2.369565217391304,0.0,3.6257348436394308,-28.83735914791732,0.0,1.5434782608695652,10,-1297.0563887943642,0.8260869565217391,7,"{""age"": 44, ""profit_protect"": 2}",0,0.0,55.26315789473685,13.218345018450691,-157.91434900000002,0.20550599826193827,2,-3.4110713119937155,46,21.73913043478261,-4.119458699836503,44,47,-12.962459787943608,110
60,0.05,24,0.02,0.5,65,-1.336435110518197,-18.954283448734532,2.2051282051282053,0.0,4.664467469568092,-23.618750918302627,0.0,1.3076923076923077,12,-650.6295551529847,0.8974358974358975,9,"{""age"": 32, ""profit_protect"": 7}",0,0.0,57.14285714285714,6.754076682036956,-162.94302299999995,0.24879317525824787,7,-2.7078035367912285,39,28.205128205128204,-3.0001763635060974,32,40,-6.498191451529873,87
60,0.05,24,0.02,0.6,65,-1.3358226677341434,-18.98018088463197,2.2051282051282053,0.0,4.664467469568092,-23.64464835420006,0.0,1.3076923076923077,12,-650.3397082109536,0.8974358974358975,9,"{""age"": 33, ""profit_protect"": 6}",0,0.0,54.285714285714285,6.751178212616652,-162.94302299999995,0.24776679350965347,6,-2.709059907850239,39,28.205128205128204,-2.9996801786224228,33,40,-6.495292982109567,87
60,0.05,24,0.02,0.5,70,-1.2857934761522305,-18.39918501519301,2.3076923076923075,0.0,5.857151384767672,-24.25633639996068,0.0,1.3846153846153846,14,-626.6384270455674,0.9230769230769231,9,"{""age"": 32, ""profit_protect"": 7}",0,0.0,58.333333333333336,6.514165400962775,-162.94302299999995,0.29675666823231434,7,-2.4744521124393013,39,30.76923076923077,-2.683175052033246,32,40,-6.258280170455692,91
60,0.05,24,0.02,0.6,70,-1.2895874007388008,-18.384826040834035,2.3076923076923075,0.0,5.857151384767672,-24.241977425601707,0.0,1.3846153846153846,14,-628.4374770305873,0.9230769230769231,9,"{""age"": 33, ""profit_protect"": 6}",0,0.0,55.55555555555556,6.5321559008129775,-162.94302299999995,0.29730548889804675,6,-2.474413155022643,39,30.76923076923077,-2.68430791070839,33,40,-6.276270670305893,91
60,0.05,24,0.02,0.5,75,-1.3995519056017258,-19.559187066475058,2.3333333333333335,0.0,5.857151384767672,-25.41633845124273,0.0,1.4102564102564104,14,-680.4619391046224,0.9230769230769231,9,"{""age"": 32, ""profit_protect"": 7}",0,0.0,58.333333333333336,7.052400521553355,-162.94302299999995,0.28415797107375834,7,-2.5044278021195536,39,30.76923076923077,-2.69229046891728,32,40,-6.796515291046271,92
60,0.05,24,0.02,0.6,75,-1.4033633438075954,-19.544828092116088,2.3333333333333335,0.0,5.857151384767672,-25.40197947688376,0.0,1.4102564102564104,14,-682.2609890896423,0.9230769230769231,9,"{""age"": 33, ""profit_protect"": 6}",0,0.0,55.55555555555556,7.070391021403556,-162.94302299999995,0.28468349175636615,6,-2.50442040469957,39,30.76923076923077,-2.693416197364015,33,40,-6.814505790896473,92
40,0.05,30,0.02,0.6,65,-2.465633544587831,-21.879400367905635,2.4565217391304346,0.0,4.757449612027494,-26.63684997993312,0.0,1.5869565217391304,12,-1172.9567116425108,0.8695652173913043,7,"{""age"": 43, ""profit_protect"": 3}",0,0.0,57.49999999999999,12.290537195322504,-157.91434900000002,0.2647046935380767,3,-3.168808950765033,46,23.91304347826087,-3.8366085673460897,43,47,-11.721463016425114,114
40,0.05,30,0.02,0.5,65,-2.6036561654479096,-22.804272721779984,2.382978723404255,0.0,4.656227279856696,-27.460500001636678,0.0,1.5319148936170213,12,-1235.1659774334446,0.851063829787234,7,"{""age"": 43, ""profit_protect"": 4}",0,0.0,55.00000000000001,12.912629853231847,-157.91434900000002,0.250481511992227,4,-3.277975913785294,47,21.27659574468085,-3.997070643173674,43,48,-12.343555674334457,113
40,0.05,30,0.02,0.5,70,-2.794412846033967,-24.611788381354454,2.4468085106382977,0.0,4.656227279856696,-29.26801566121115,0.0,1.5957446808510638,12,-1320.5658055523984,0.851063829787234,7,"{""age"": 43, ""profit_protect"": 4}",0,0.0,55.00000000000001,13.766628134421389,-157.91434900000002,0.23643526058486755,4,-3.3140553308564966,47,21.27659574468085,-4.006195623858488,43,48,-13.197553955524,116
40,0.05,30,0.02,0.6,70,-2.617552215915686,-23.32683797660129,2.5,0.0,4.757449612027494,-28.08428758862878,0.0,1.6304347826086956,12,-1241.4096979191306,0.8695652173913043,7,"{""age"": 43, ""profit_protect"": 3}",0,0.0,57.49999999999999,12.9750670580887,-157.91434900000002,0.25242578009027866,3,-3.197294553043585,46,23.91304347826087,-3.840014060877919,43,47,-12.405992879191308,116
40,0.05,30,0.02,0.5,75,-2.9122416995586375,-25.408272237398972,2.404255319148936,0.0,4.21495101375415,-29.62322325115312,0.0,1.574468085106383,11,-1372.9832384795402,0.8297872340425532,7,"{""age"": 43, ""profit_protect"": 4}",0,0.0,53.84615384615385,14.290802463692762,-157.91434900000002,0.21999835195003312,4,-3.3807075512633205,47,21.27659574468085,-4.077349275111713,43,48,-13.721728284795374,114
40,0.05,30,0.02,0.6,75,-2.7724649531659984,-24.540008568646776,2.4782608695652173,0.0,4.30658038361837,-28.846588952265144,0.0,1.6304347826086956,11,-1310.7739726886064,0.8478260869565217,7,"{""age"": 43, ""profit_protect"": 3}",0,0.0,56.41025641025641,13.659968955567948,-157.91434900000002,0.23197440728912333,3,-3.2787577011941265,46,23.91304347826087,-3.9247899460809443,43,47,-13.09963562688603,115
60,0.05,30,0.02,0.5,65,-1.063342750111329,-16.09439190784923,2.358974358974359,0.0,6.649302724364047,-22.743694632213273,0.0,1.4102564102564104,15,-520.670112546695,0.9487179487179487,9,"{""age"": 32, ""profit_protect"": 7}",0,0.0,59.45945945945946,5.767671204364378,-162.94302299999995,0.3605392474385916,7,-2.3140824840039955,39,30.76923076923077,-2.5731624312342514,32,40,-5.198597025466988,93
60,0.05,30,0.02,0.6,65,-1.063342750111329,-16.356699600156922,2.358974358974359,0.0,6.649302724364047,-23.006002324520967,0.0,1.4102564102564104,15,-520.670112546695,0.9487179487179487,9,"{""age"": 32, ""profit_protect"": 7}",0,0.0,59.45945945945946,5.767671204364378,-162.94302299999995,0.3501172647202561,7,-2.3297154580814987,39,30.76923076923077,-2.5731624312342514,32,40,-5.198597025466988,93
60,0.05,30,0.02,0.5,70,-1.1699359496953887,-17.489615474856503,2.4358974358974357,0.0,7.191994444917696,-24.6816099197742,0.0,1.4615384615384615,16,-571.5665369094656,0.9743589743589743,9,"{""age"": 32, ""profit_protect"": 7}",0,0.0,60.526315789473685,6.276635447992085,-162.94302299999995,0.3417730876137478,7,-2.348152438840507,39,30.76923076923077,-2.572692712568508,32,40,-5.707561269094694,96
60,0.05,30,0.02,0.6,70,-1.2931672583320841,-19.147313557240693,2.5128205128205128,0.0,7.166569790525799,-26.313883347766488,0.0,1.5128205128205128,16,-630.1347648796133,1.0,9,"{""age"": 33, ""profit_protect"": 6}",0,0.0,58.97435897435898,6.86231772769359,-162.94302299999995,0.3229402306155229,6,-2.3932299174110314,39,30.76923076923077,-2.5921708269481174,33,40,-6.2932435487962,99
60,0.05,30,0.02,0.5,75,-1.2831611776303542,-18.649617526138556,2.4615384615384617,0.0,7.191994444917696,-25.841611971056253,0.0,1.4871794871794872,16,-625.3900489685207,0.9743589743589743,9,"{""age"": 32, ""profit_protect"": 7}",0,0.0,60.526315789473685,6.8148705685826645,-162.94302299999995,0.32747644067084314,7,-2.381102766505563,39,30.76923076923077,-2.5826742200993946,32,40,-6.245796389685275,97
60,0.05,30,0.02,0.6,75,-1.4069597299368963,-20.307315608522746,2.5384615384615383,0.0,7.166569790525799,-27.47388539904854,0.0,1.5384615384615385,16,-683.9582769386682,1.0,9,"{""age"": 33, ""profit_protect"": 6}",0,0.0,58.97435897435898,7.400552848284169,-162.94302299999995,0.3102157022663411,6,-2.423784944004478,39,30.76923076923077,-2.6020667432435585,33,40,-6.831478669386779,100
40,0.05,40,0.02,0.5,65,-2.701649327871969,-23.952273549156928,2.6382978723404253,0.0,4.20590861812069,-28.158182167277623,0.0,1.7234042553191489,11,-1279.120039061519,0.9148936170212766,7,"{""age"": 43, ""profit_protect"": 4}",0,0.0,53.48837209302325,13.352170469512604,-157.91434900000002,0.2574060827780785,4,-3.2456606424231724,47,25.53191489361702,-3.9424631372328887,43,48,-12.783096290615212,125
40,0.05,40,0.02,0.6,65,-2.696983318295665,-24.203337378944166,2.6382978723404253,0.0,4.20590861812069,-28.40924599706485,0.0,1.7234042553191489,11,-1277.031142134468,0.9148936170212766,7,"{""age"": 43, ""profit_protect"": 4}",0,0.0,53.48837209302325,13.331281500242076,-157.91434900000002,0.24962233429792632,4,-3.2560000328100362,47,25.53191489361702,-3.9403017721430964,43,48,-12.762207321344684,125
40,0.05,40,0.02,0.5,70,-2.825123896534232,-25.15571580447608,2.6808510638297873,0.0,4.20590861812069,-29.36162442259677,0.0,1.7659574468085106,11,-1334.252419531973,0.9148936170212766,7,"{""age"": 43, ""profit_protect"": 4}",0,0.0,53.48837209302325,13.903494274217119,-157.91434900000002,0.24814759677156015,4,-3.2649208306879878,47,25.53191489361702,-3.9397120882756296,43,48,-13.334420095319729,127
40,0.05,40,0.02,0.6,70,-2.8204341659326837,-25.406779634263316,2.6808510638297873,0.0,4.20590861812069,-29.612688252384004,0.0,1.7659574468085106,11,-1332.1635226049218,0.9148936170212766,7,"{""age"": 43, ""profit_protect"": 4}",0,0.0,53.48837209302325,13.88260530494659,-157.91434900000002,0.2406438173022564,4,-3.274859178784342,47,25.53191489361702,-3.937589020057868,43,48,-13.313531126049202,127
40,0.05,40,0.02,0.5,75,-2.991266570310147,-26.43682293309331,2.6595744680851063,0.0,3.6942053422621526,-30.13102827535546,0.0,1.7659574468085106,10,-1407.9962498591906,0.8936170212765957,7,"{""age"": 43, ""profit_protect"": 4}",0,0.0,52.38095238095239,14.640932577489293,-157.91434900000002,0.22679191248006278,4,-3.323166837162667,47,25.53191489361702,-3.974065428809533,43,48,-14.071858398591901,126
40,0.05,40,0.02,0.6,75,-2.9865446831614184,-26.68788676288055,2.6595744680851063,0.0,3.6942053422621526,-30.382092105142696,0.0,1.7659574468085106,10,-1405.9073529321395,0.8936170212765957,7,"{""age"": 43, ""profit_protect"": 4}",0,0.0,52.38095238095239,14.620043608218767,-157.91434900000002,0.21944895057550595,4,-3.332865821841113,47,25.53191489361702,-3.9719467295811395,43,48,-14.050969429321375,126
60,0.05,40,0.02,0.5,65,-1.2126534706673686,-18.158638557463707,2.769230769230769,0.0,6.959602180286538,-25.118240737750245,0.0,1.6666666666666667,15,-591.9019775901191,1.1025641025641026,10,"{""age"": 32, ""profit_protect"": 7}",0,0.0,58.139534883720934,6.479989854798624,-162.94302299999995,0.3548576446106048,7,-2.3001921923531174,39,38.46153846153847,-2.51110445202873,32,40,-5.910915675901233,109
60,0.05,40,0.02,0.5,70,-1.3164796414383728,-19.15327137797653,2.7948717948717947,0.0,6.959602180286538,-26.112873558263065,0.0,1.6923076923076923,15,-641.1816577925292,1.1025641025641026,10,"{""age"": 32, ""profit_protect"": 7}",0,0.0,58.139534883720934,6.972786656822719,-162.94302299999995,0.3427458832787311,7,-2.33355879354958,39,38.46153846153847,-2.529569910970131,32,40,-6.403712477925329,110
60,0.05,40,0.02,0.6,65,-1.2082620410392986,-18.461202660027812,2.769230769230769,0.0,6.959602180286538,-25.420804840314343,0.0,1.6666666666666667,15,-589.8130806630683,1.1025641025641026,10,"{""age"": 32, ""profit_protect"": 7}",0,0.0,58.139534883720934,6.459100885528114,-162.94302299999995,0.34410810977258405,7,-2.315335933670862,39,38.46153846153847,-2.509648938128128,32,40,-5.890026706630724,109
60,0.05,40,0.02,0.5,75,-1.4842495134488765,-20.83730820739643,2.7948717948717947,0.0,6.970499426306349,-27.80780763370277,0.0,1.6923076923076923,15,-720.3749093090153,1.1025641025641026,10,"{""age"": 32, ""profit_protect"": 7}",0,0.0,58.139534883720934,7.7647191719876,-162.94302299999995,0.312330714186492,7,-2.408650758990836,39,38.46153846153847,-2.569314286832419,32,40,-7.19564499309021,110
60,0.05,40,0.02,0.6,70,-1.3120697321380104,-19.45583548054063,2.7948717948717947,0.0,6.959602180286538,-26.415437660827166,0.0,1.6923076923076923,15,-639.0927608654783,1.1025641025641026,10,"{""age"": 32, ""profit_protect"": 7}",0,0.0,58.139534883720934,6.95189768755221,-162.94302299999995,0.33236324429983616,7,-2.3481565480048667,39,38.46153846153847,-2.5281234805154367,32,40,-6.38282350865482,110
40,0.03,24,0.025,0.5,65,-2.5492162443947697,-23.21531040418687,2.2127659574468086,0.0,3.5485915490939113,-26.763901953280783,0.0,1.4042553191489362,10,-1210.6709435786531,0.8085106382978723,7,"{""age"": 44, ""profit_protect"": 3}",0,0.0,52.63157894736842,12.354490566293608,-157.91434900000002,0.2133036594699781,3,-3.48203068095116,47,19.148936170212767,-4.3058982040984874,44,48,-12.098605335786523,105
60,0.05,40,0.02,0.6,75,-1.678695842777378,-23.566800079191303,2.7948717948717947,0.0,6.970499426306349,-30.53729950549765,0.0,1.6923076923076923,15,-811.4889484545633,1.1025641025641026,10,"{""age"": 33, ""profit_protect"": 6}",0,0.0,53.48837209302325,8.675859563443064,-162.94302299999995,0.27642432008655704,6,-2.516503274958717,39,35.8974358974359,-2.6551884020526955,33,40,-8.106785384545674,110
40,0.03,24,0.025,0.6,65,-2.4846270614797827,-23.051361912973537,2.3043478260869565,0.0,3.6257348436394308,-26.677096756612965,0.0,1.4782608695652173,10,-1181.5383176351393,0.8260869565217391,7,"{""age"": 44, ""profit_protect"": 2}",0,0.0,55.26315789473685,12.063164306858452,-157.91434900000002,0.22051806453270517,2,-3.3803168740412612,46,21.73913043478261,-4.131232114313874,44,47,-11.807279076351369,107
40,0.03,24,0.025,0.5,70,-2.700626517430371,-24.596842106314533,2.25531914893617,0.0,3.5485915490939113,-28.14543365540844,0.0,1.446808510638298,10,-1278.662177626393,0.8085106382978723,7,"{""age"": 44, ""profit_protect"": 3}",0,0.0,52.63157894736842,13.034402906771012,-157.91434900000002,0.20376425021527492,3,-3.4914171324630834,47,19.148936170212767,-4.279426427087965,44,48,-12.77851767626393,107
40,0.03,24,0.025,0.6,70,-2.635635651150392,-24.462926912973543,2.347826086956522,0.0,3.6257348436394308,-28.088661756612968,0.0,1.5217391304347827,10,-1249.5295516828792,0.8260869565217391,7,"{""age"": 44, ""profit_protect"": 2}",0,0.0,55.26315789473685,12.743076647335858,-157.91434900000002,0.21047180766984303,2,-3.3940133016152947,46,21.73913043478261,-4.111867780270393,44,47,-12.487191416828773,109
40,0.03,24,0.025,0.6,75,-2.7417509283864105,-25.211624304277894,2.369565217391304,0.0,3.6257348436394308,-28.83735914791732,0.0,1.5434782608695652,10,-1297.0563887943642,0.8260869565217391,7,"{""age"": 44, ""profit_protect"": 2}",0,0.0,55.26315789473685,13.218345018450691,-157.91434900000002,0.20550599826193827,2,-3.4110713119937155,46,21.73913043478261,-4.119458699836503,44,47,-12.962459787943608,110
40,0.03,24,0.025,0.5,75,-2.8813508313335845,-26.07964082971879,2.297872340425532,0.0,3.5485915490939113,-29.628232378812697,0.0,1.4893617021276595,10,-1359.265654585298,0.8085106382978723,7,"{""age"": 44, ""profit_protect"": 3}",0,0.0,52.63157894736842,13.840437676360034,-157.91434900000002,0.1940818960968448,3,-3.5258237824640632,47,19.148936170212767,-4.2994574830647885,44,48,-13.584552445852951,109
60,0.03,24,0.025,0.5,65,-1.336435110518197,-18.954283448734532,2.2051282051282053,0.0,4.664467469568092,-23.618750918302627,0.0,1.3076923076923077,12,-650.6295551529847,0.8974358974358975,9,"{""age"": 32, ""profit_protect"": 7}",0,0.0,57.14285714285714,6.754076682036956,-162.94302299999995,0.24879317525824787,7,-2.7078035367912285,39,28.205128205128204,-3.0001763635060974,32,40,-6.498191451529873,87
60,0.03,24,0.025,0.6,65,-1.3358226677341434,-18.98018088463197,2.2051282051282053,0.0,4.664467469568092,-23.64464835420006,0.0,1.3076923076923077,12,-650.3397082109536,0.8974358974358975,9,"{""age"": 33, ""profit_protect"": 6}",0,0.0,54.285714285714285,6.751178212616652,-162.94302299999995,0.24776679350965347,6,-2.709059907850239,39,28.205128205128204,-2.9996801786224228,33,40,-6.495292982109567,87
60,0.03,24,0.025,0.5,70,-1.2857934761522305,-18.39918501519301,2.3076923076923075,0.0,5.857151384767672,-24.25633639996068,0.0,1.3846153846153846,14,-626.6384270455674,0.9230769230769231,9,"{""age"": 32, ""profit_protect"": 7}",0,0.0,58.333333333333336,6.514165400962775,-162.94302299999995,0.29675666823231434,7,-2.4744521124393013,39,30.76923076923077,-2.683175052033246,32,40,-6.258280170455692,91
60,0.03,24,0.025,0.6,70,-1.2895874007388008,-18.384826040834035,2.3076923076923075,0.0,5.857151384767672,-24.241977425601707,0.0,1.3846153846153846,14,-628.4374770305873,0.9230769230769231,9,"{""age"": 33, ""profit_protect"": 6}",0,0.0,55.55555555555556,6.5321559008129775,-162.94302299999995,0.29730548889804675,6,-2.474413155022643,39,30.76923076923077,-2.68430791070839,33,40,-6.276270670305893,91
60,0.03,24,0.025,0.5,75,-1.3995519056017258,-19.559187066475058,2.3333333333333335,0.0,5.857151384767672,-25.41633845124273,0.0,1.4102564102564104,14,-680.4619391046224,0.9230769230769231,9,"{""age"": 32, ""profit_protect"": 7}",0,0.0,58.333333333333336,7.052400521553355,-162.94302299999995,0.28415797107375834,7,-2.5044278021195536,39,30.76923076923077,-2.69229046891728,32,40,-6.796515291046271,92
60,0.03,24,0.025,0.6,75,-1.4033633438075954,-19.544828092116088,2.3333333333333335,0.0,5.857151384767672,-25.40197947688376,0.0,1.4102564102564104,14,-682.2609890896423,0.9230769230769231,9,"{""age"": 33, ""profit_protect"": 6}",0,0.0,55.55555555555556,7.070391021403556,-162.94302299999995,0.28468349175636615,6,-2.50442040469957,39,30.76923076923077,-2.693416197364015,33,40,-6.814505790896473,92
40,0.03,30,0.025,0.5,65,-2.6036561654479096,-22.804272721779984,2.382978723404255,0.0,4.656227279856696,-27.460500001636678,0.0,1.5319148936170213,12,-1235.1659774334446,0.851063829787234,7,"{""age"": 43, ""profit_protect"": 4}",0,0.0,55.00000000000001,12.912629853231847,-157.91434900000002,0.250481511992227,4,-3.277975913785294,47,21.27659574468085,-3.997070643173674,43,48,-12.343555674334457,113
40,0.03,30,0.025,0.6,65,-2.465633544587831,-21.879400367905635,2.4565217391304346,0.0,4.757449612027494,-26.63684997993312,0.0,1.5869565217391304,12,-1172.9567116425108,0.8695652173913043,7,"{""age"": 43, ""profit_protect"": 3}",0,0.0,57.49999999999999,12.290537195322504,-157.91434900000002,0.2647046935380767,3,-3.168808950765033,46,23.91304347826087,-3.8366085673460897,43,47,-11.721463016425114,114
40,0.03,30,0.025,0.5,70,-2.794412846033967,-24.611788381354454,2.4468085106382977,0.0,4.656227279856696,-29.26801566121115,0.0,1.5957446808510638,12,-1320.5658055523984,0.851063829787234,7,"{""age"": 43, ""profit_protect"": 4}",0,0.0,55.00000000000001,13.766628134421389,-157.91434900000002,0.23643526058486755,4,-3.3140553308564966,47,21.27659574468085,-4.006195623858488,43,48,-13.197553955524,116
40,0.03,30,0.025,0.6,70,-2.617552215915686,-23.32683797660129,2.5,0.0,4.757449612027494,-28.08428758862878,0.0,1.6304347826086956,12,-1241.4096979191306,0.8695652173913043,7,"{""age"": 43, ""profit_protect"": 3}",0,0.0,57.49999999999999,12.9750670580887,-157.91434900000002,0.25242578009027866,3,-3.197294553043585,46,23.91304347826087,-3.840014060877919,43,47,-12.405992879191308,116
40,0.03,30,0.025,0.5,75,-2.9122416995586375,-25.408272237398972,2.404255319148936,0.0,4.21495101375415,-29.62322325115312,0.0,1.574468085106383,11,-1372.9832384795402,0.8297872340425532,7,"{""age"": 43, ""profit_protect"": 4}",0,0.0,53.84615384615385,14.290802463692762,-157.91434900000002,0.21999835195003312,4,-3.3807075512633205,47,21.27659574468085,-4.077349275111713,43,48,-13.721728284795374,114
40,0.03,30,0.025,0.6,75,-2.7724649531659984,-24.540008568646776,2.4782608695652173,0.0,4.30658038361837,-28.846588952265144,0.0,1.6304347826086956,11,-1310.7739726886064,0.8478260869565217,7,"{""age"": 43, ""profit_protect"": 3}",0,0.0,56.41025641025641,13.659968955567948,-157.91434900000002,0.23197440728912333,3,-3.2787577011941265,46,23.91304347826087,-3.9247899460809443,43,47,-13.09963562688603,115
60,0.03,30,0.025,0.5,65,-1.063342750111329,-16.09439190784923,2.358974358974359,0.0,6.649302724364047,-22.743694632213273,0.0,1.4102564102564104,15,-520.670112546695,0.9487179487179487,9,"{""age"": 32, ""profit_protect"": 7}",0,0.0,59.45945945945946,5.767671204364378,-162.94302299999995,0.3605392474385916,7,-2.3140824840039955,39,30.76923076923077,-2.5731624312342514,32,40,-5.198597025466988,93
60,0.03,30,0.025,0.6,65,-1.063342750111329,-16.356699600156922,2.358974358974359,0.0,6.649302724364047,-23.006002324520967,0.0,1.4102564102564104,15,-520.670112546695,0.9487179487179487,9,"{""age"": 32, ""profit_protect"": 7}",0,0.0,59.45945945945946,5.767671204364378,-162.94302299999995,0.3501172647202561,7,-2.3297154580814987,39,30.76923076923077,-2.5731624312342514,32,40,-5.198597025466988,93
60,0.03,30,0.025,0.5,70,-1.1699359496953887,-17.489615474856503,2.4358974358974357,0.0,7.191994444917696,-24.6816099197742,0.0,1.4615384615384615,16,-571.5665369094656,0.9743589743589743,9,"{""age"": 32, ""profit_protect"": 7}",0,0.0,60.526315789473685,6.276635447992085,-162.94302299999995,0.3417730876137478,7,-2.348152438840507,39,30.76923076923077,-2.572692712568508,32,40,-5.707561269094694,96
60,0.03,30,0.025,0.6,70,-1.2931672583320841,-19.147313557240693,2.5128205128205128,0.0,7.166569790525799,-26.313883347766488,0.0,1.5128205128205128,16,-630.1347648796133,1.0,9,"{""age"": 33, ""profit_protect"": 6}",0,0.0,58.97435897435898,6.86231772769359,-162.94302299999995,0.3229402306155229,6,-2.3932299174110314,39,30.76923076923077,-2.5921708269481174,33,40,-6.2932435487962,99
60,0.03,30,0.025,0.5,75,-1.2831611776303542,-18.649617526138556,2.4615384615384617,0.0,7.191994444917696,-25.841611971056253,0.0,1.4871794871794872,16,-625.3900489685207,0.9743589743589743,9,"{""age"": 32, ""profit_protect"": 7}",0,0.0,60.526315789473685,6.8148705685826645,-162.94302299999995,0.32747644067084314,7,-2.381102766505563,39,30.76923076923077,-2.5826742200993946,32,40,-6.245796389685275,97
40,0.03,40,0.025,0.5,65,-2.701649327871969,-23.952273549156928,2.6382978723404253,0.0,4.20590861812069,-28.158182167277623,0.0,1.7234042553191489,11,-1279.120039061519,0.9148936170212766,7,"{""age"": 43, ""profit_protect"": 4}",0,0.0,53.48837209302325,13.352170469512604,-157.91434900000002,0.2574060827780785,4,-3.2456606424231724,47,25.53191489361702,-3.9424631372328887,43,48,-12.783096290615212,125
60,0.03,30,0.025,0.6,75,-1.4069597299368963,-20.307315608522746,2.5384615384615383,0.0,7.166569790525799,-27.47388539904854,0.0,1.5384615384615385,16,-683.9582769386682,1.0,9,"{""age"": 33, ""profit_protect"": 6}",0,0.0,58.97435897435898,7.400552848284169,-162.94302299999995,0.3102157022663411,6,-2.423784944004478,39,30.76923076923077,-2.6020667432435585,33,40,-6.831478669386779,100
40,0.03,40,0.025,0.5,70,-2.825123896534232,-25.15571580447608,2.6808510638297873,0.0,4.20590861812069,-29.36162442259677,0.0,1.7659574468085106,11,-1334.252419531973,0.9148936170212766,7,"{""age"": 43, ""profit_protect"": 4}",0,0.0,53.48837209302325,13.903494274217119,-157.91434900000002,0.24814759677156015,4,-3.2649208306879878,47,25.53191489361702,-3.9397120882756296,43,48,-13.334420095319729,127
40,0.03,40,0.025,0.6,65,-2.696983318295665,-24.203337378944166,2.6382978723404253,0.0,4.20590861812069,-28.40924599706485,0.0,1.7234042553191489,11,-1277.031142134468,0.9148936170212766,7,"{""age"": 43, ""profit_protect"": 4}",0,0.0,53.48837209302325,13.331281500242076,-157.91434900000002,0.24962233429792632,4,-3.2560000328100362,47,25.53191489361702,-3.9403017721430964,43,48,-12.762207321344684,125
40,0.03,40,0.025,0.6,70,-2.8204341659326837,-25.406779634263316,2.6808510638297873,0.0,4.20590861812069,-29.612688252384004,0.0,1.7659574468085106,11,-1332.1635226049218,0.9148936170212766,7,"{""age"": 43, ""profit_protect"": 4}",0,0.0,53.48837209302325,13.88260530494659,-157.91434900000002,0.2406438173022564,4,-3.274859178784342,47,25.53191489361702,-3.937589020057868,43,48,-13.313531126049202,127
40,0.03,40,0.025,0.5,75,-2.991266570310147,-26.43682293309331,2.6595744680851063,0.0,3.6942053422621526,-30.13102827535546,0.0,1.7659574468085106,10,-1407.9962498591906,0.8936170212765957,7,"{""age"": 43, ""profit_protect"": 4}",0,0.0,52.38095238095239,14.640932577489293,-157.91434900000002,0.22679191248006278,4,-3.323166837162667,47,25.53191489361702,-3.974065428809533,43,48,-14.071858398591901,126
40,0.03,40,0.025,0.6,75,-2.9865446831614184,-26.68788676288055,2.6595744680851063,0.0,3.6942053422621526,-30.382092105142696,0.0,1.7659574468085106,10,-1405.9073529321395,0.8936170212765957,7,"{""age"": 43, ""profit_protect"": 4}",0,0.0,52.38095238095239,14.620043608218767,-157.91434900000002,0.21944895057550595,4,-3.332865821841113,47,25.53191489361702,-3.9719467295811395,43,48,-14.050969429321375,126
60,0.03,40,0.025,0.5,65,-1.2126534706673686,-18.158638557463707,2.769230769230769,0.0,6.959602180286538,-25.118240737750245,0.0,1.6666666666666667,15,-591.9019775901191,1.1025641025641026,10,"{""age"": 32, ""profit_protect"": 7}",0,0.0,58.139534883720934,6.479989854798624,-162.94302299999995,0.3548576446106048,7,-2.3001921923531174,39,38.46153846153847,-2.51110445202873,32,40,-5.910915675901233,109
60,0.03,40,0.025,0.6,65,-1.2082620410392986,-18.461202660027812,2.769230769230769,0.0,6.959602180286538,-25.420804840314343,0.0,1.6666666666666667,15,-589.8130806630683,1.1025641025641026,10,"{""age"": 32, ""profit_protect"": 7}",0,0.0,58.139534883720934,6.459100885528114,-162.94302299999995,0.34410810977258405,7,-2.315335933670862,39,38.46153846153847,-2.509648938128128,32,40,-5.890026706630724,109
60,0.03,40,0.025,0.5,70,-1.3164796414383728,-19.15327137797653,2.7948717948717947,0.0,6.959602180286538,-26.112873558263065,0.0,1.6923076923076923,15,-641.1816577925292,1.1025641025641026,10,"{""age"": 32, ""profit_protect"": 7}",0,0.0,58.139534883720934,6.972786656822719,-162.94302299999995,0.3427458832787311,7,-2.33355879354958,39,38.46153846153847,-2.529569910970131,32,40,-6.403712477925329,110
60,0.03,40,0.025,0.6,70,-1.3120697321380104,-19.45583548054063,2.7948717948717947,0.0,6.959602180286538,-26.415437660827166,0.0,1.6923076923076923,15,-639.0927608654783,1.1025641025641026,10,"{""age"": 32, ""profit_protect"": 7}",0,0.0,58.139534883720934,6.95189768755221,-162.94302299999995,0.33236324429983616,7,-2.3481565480048667,39,38.46153846153847,-2.5281234805154367,32,40,-6.38282350865482,110
60,0.03,40,0.025,0.5,75,-1.4842495134488765,-20.83730820739643,2.7948717948717947,0.0,6.970499426306349,-27.80780763370277,0.0,1.6923076923076923,15,-720.3749093090153,1.1025641025641026,10,"{""age"": 32, ""profit_protect"": 7}",0,0.0,58.139534883720934,7.7647191719876,-162.94302299999995,0.312330714186492,7,-2.408650758990836,39,38.46153846153847,-2.569314286832419,32,40,-7.19564499309021,110
60,0.03,40,0.025,0.6,75,-1.678695842777378,-23.566800079191303,2.7948717948717947,0.0,6.970499426306349,-30.53729950549765,0.0,1.6923076923076923,15,-811.4889484545633,1.1025641025641026,10,"{""age"": 33, ""profit_protect"": 6}",0,0.0,53.48837209302325,8.675859563443064,-162.94302299999995,0.27642432008655704,6,-2.516503274958717,39,35.8974358974359,-2.6551884020526955,33,40,-8.106785384545674,110
40,0.04,24,0.025,0.5,65,-2.5492162443947697,-23.21531040418687,2.2127659574468086,0.0,3.5485915490939113,-26.763901953280783,0.0,1.4042553191489362,10,-1210.6709435786531,0.8085106382978723,7,"{""age"": 44, ""profit_protect"": 3}",0,0.0,52.63157894736842,12.354490566293608,-157.91434900000002,0.2133036594699781,3,-3.48203068095116,47,19.148936170212767,-4.3058982040984874,44,48,-12.098605335786523,105
40,0.04,24,0.025,0.6,65,-2.4846270614797827,-23.051361912973537,2.3043478260869565,0.0,3.6257348436394308,-26.677096756612965,0.0,1.4782608695652173,10,-1181.5383176351393,0.8260869565217391,7,"{""age"": 44, ""profit_protect"": 2}",0,0.0,55.26315789473685,12.063164306858452,-157.91434900000002,0.22051806453270517,2,-3.3803168740412612,46,21.73913043478261,-4.131232114313874,44,47,-11.807279076351369,107
40,0.04,24,0.025,0.5,70,-2.700626517430371,-24.596842106314533,2.25531914893617,0.0,3.5485915490939113,-28.14543365540844,0.0,1.446808510638298,10,-1278.662177626393,0.8085106382978723,7,"{""age"": 44, ""profit_protect"": 3}",0,0.0,52.63157894736842,13.034402906771012,-157.91434900000002,0.20376425021527492,3,-3.4914171324630834,47,19.148936170212767,-4.279426427087965,44,48,-12.77851767626393,107
40,0.04,24,0.025,0.6,70,-2.635635651150392,-24.462926912973543,2.347826086956522,0.0,3.6257348436394308,-28.088661756612968,0.0,1.5217391304347827,10,-1249.5295516828792,0.8260869565217391,7,"{""age"": 44, ""profit_protect"": 2}",0,0.0,55.26315789473685,12.743076647335858,-157.91434900000002,0.21047180766984303,2,-3.3940133016152947,46,21.73913043478261,-4.111867780270393,44,47,-12.487191416828773,109
40,0.04,24,0.025,0.5,75,-2.8813508313335845,-26.07964082971879,2.297872340425532,0.0,3.5485915490939113,-29.628232378812697,0.0,1.4893617021276595,10,-1359.265654585298,0.8085106382978723,7,"{""age"": 44, ""profit_protect"": 3}",0,0.0,52.63157894736842,13.840437676360034,-157.91434900000002,0.1940818960968448,3,-3.5258237824640632,47,19.148936170212767,-4.2994574830647885,44,48,-13.584552445852951,109
40,0.04,24,0.025,0.6,75,-2.7417509283864105,-25.211624304277894,2.369565217391304,0.0,3.6257348436394308,-28.83735914791732,0.0,1.5434782608695652,10,-1297.0563887943642,0.8260869565217391,7,"{""age"": 44, ""profit_protect"": 2}",0,0.0,55.26315789473685,13.218345018450691,-157.91434900000002,0.20550599826193827,2,-3.4110713119937155,46,21.73913043478261,-4.119458699836503,44,47,-12.962459787943608,110
60,0.04,24,0.025,0.5,65,-1.336435110518197,-18.954283448734532,2.2051282051282053,0.0,4.664467469568092,-23.618750918302627,0.0,1.3076923076923077,12,-650.6295551529847,0.8974358974358975,9,"{""age"": 32, ""profit_protect"": 7}",0,0.0,57.14285714285714,6.754076682036956,-162.94302299999995,0.24879317525824787,7,-2.7078035367912285,39,28.205128205128204,-3.0001763635060974,32,40,-6.498191451529873,87
60,0.04,24,0.025,0.6,65,-1.3358226677341434,-18.98018088463197,2.2051282051282053,0.0,4.664467469568092,-23.64464835420006,0.0,1.3076923076923077,12,-650.3397082109536,0.8974358974358975,9,"{""age"": 33, ""profit_protect"": 6}",0,0.0,54.285714285714285,6.751178212616652,-162.94302299999995,0.24776679350965347,6,-2.709059907850239,39,28.205128205128204,-2.9996801786224228,33,40,-6.495292982109567,87
60,0.04,24,0.025,0.5,70,-1.2857934761522305,-18.39918501519301,2.3076923076923075,0.0,5.857151384767672,-24.25633639996068,0.0,1.3846153846153846,14,-626.6384270455674,0.9230769230769231,9,"{""age"": 32, ""profit_protect"": 7}",0,0.0,58.333333333333336,6.514165400962775,-162.94302299999995,0.29675666823231434,7,-2.4744521124393013,39,30.76923076923077,-2.683175052033246,32,40,-6.258280170455692,91
60,0.04,24,0.025,0.6,70,-1.2895874007388008,-18.384826040834035,2.3076923076923075,0.0,5.857151384767672,-24.241977425601707,0.0,1.3846153846153846,14,-628.4374770305873,0.9230769230769231,9,"{""age"": 33, ""profit_protect"": 6}",0,0.0,55.55555555555556,6.5321559008129775,-162.94302299999995,0.29730548889804675,6,-2.474413155022643,39,30.76923076923077,-2.68430791070839,33,40,-6.276270670305893,91
60,0.04,24,0.025,0.5,75,-1.3995519056017258,-19.559187066475058,2.3333333333333335,0.0,5.857151384767672,-25.41633845124273,0.0,1.4102564102564104,14,-680.4619391046224,0.9230769230769231,9,"{""age"": 32, ""profit_protect"": 7}",0,0.0,58.333333333333336,7.052400521553355,-162.94302299999995,0.28415797107375834,7,-2.5044278021195536,39,30.76923076923077,-2.69229046891728,32,40,-6.796515291046271,92
60,0.04,24,0.025,0.6,75,-1.4033633438075954,-19.544828092116088,2.3333333333333335,0.0,5.857151384767672,-25.40197947688376,0.0,1.4102564102564104,14,-682.2609890896423,0.9230769230769231,9,"{""age"": 33, ""profit_protect"": 6}",0,0.0,55.55555555555556,7.070391021403556,-162.94302299999995,0.28468349175636615,6,-2.50442040469957,39,30.76923076923077,-2.693416197364015,33,40,-6.814505790896473,92
40,0.04,30,0.025,0.5,65,-2.6036561654479096,-22.804272721779984,2.382978723404255,0.0,4.656227279856696,-27.460500001636678,0.0,1.5319148936170213,12,-1235.1659774334446,0.851063829787234,7,"{""age"": 43, ""profit_protect"": 4}",0,0.0,55.00000000000001,12.912629853231847,-157.91434900000002,0.250481511992227,4,-3.277975913785294,47,21.27659574468085,-3.997070643173674,43,48,-12.343555674334457,113
40,0.04,30,0.025,0.6,65,-2.465633544587831,-21.879400367905635,2.4565217391304346,0.0,4.757449612027494,-26.63684997993312,0.0,1.5869565217391304,12,-1172.9567116425108,0.8695652173913043,7,"{""age"": 43, ""profit_protect"": 3}",0,0.0,57.49999999999999,12.290537195322504,-157.91434900000002,0.2647046935380767,3,-3.168808950765033,46,23.91304347826087,-3.8366085673460897,43,47,-11.721463016425114,114
40,0.04,30,0.025,0.5,70,-2.794412846033967,-24.611788381354454,2.4468085106382977,0.0,4.656227279856696,-29.26801566121115,0.0,1.5957446808510638,12,-1320.5658055523984,0.851063829787234,7,"{""age"": 43, ""profit_protect"": 4}",0,0.0,55.00000000000001,13.766628134421389,-157.91434900000002,0.23643526058486755,4,-3.3140553308564966,47,21.27659574468085,-4.006195623858488,43,48,-13.197553955524,116
40,0.04,30,0.025,0.6,70,-2.617552215915686,-23.32683797660129,2.5,0.0,4.757449612027494,-28.08428758862878,0.0,1.6304347826086956,12,-1241.4096979191306,0.8695652173913043,7,"{""age"": 43, ""profit_protect"": 3}",0,0.0,57.49999999999999,12.9750670580887,-157.91434900000002,0.25242578009027866,3,-3.197294553043585,46,23.91304347826087,-3.840014060877919,43,47,-12.405992879191308,116
40,0.04,30,0.025,0.6,75,-2.7724649531659984,-24.540008568646776,2.4782608695652173,0.0,4.30658038361837,-28.846588952265144,0.0,1.6304347826086956,11,-1310.7739726886064,0.8478260869565217,7,"{""age"": 43, ""profit_protect"": 3}",0,0.0,56.41025641025641,13.659968955567948,-157.91434900000002,0.23197440728912333,3,-3.2787577011941265,46,23.91304347826087,-3.9247899460809443,43,47,-13.09963562688603,115
40,0.04,30,0.025,0.5,75,-2.9122416995586375,-25.408272237398972,2.404255319148936,0.0,4.21495101375415,-29.62322325115312,0.0,1.574468085106383,11,-1372.9832384795402,0.8297872340425532,7,"{""age"": 43, ""profit_protect"": 4}",0,0.0,53.84615384615385,14.290802463692762,-157.91434900000002,0.21999835195003312,4,-3.3807075512633205,47,21.27659574468085,-4.077349275111713,43,48,-13.721728284795374,114
60,0.04,30,0.025,0.5,65,-1.063342750111329,-16.09439190784923,2.358974358974359,0.0,6.649302724364047,-22.743694632213273,0.0,1.4102564102564104,15,-520.670112546695,0.9487179487179487,9,"{""age"": 32, ""profit_protect"": 7}",0,0.0,59.45945945945946,5.767671204364378,-162.94302299999995,0.3605392474385916,7,-2.3140824840039955,39,30.76923076923077,-2.5731624312342514,32,40,-5.198597025466988,93
60,0.04,30,0.025,0.6,65,-1.063342750111329,-16.356699600156922,2.358974358974359,0.0,6.649302724364047,-23.006002324520967,0.0,1.4102564102564104,15,-520.670112546695,0.9487179487179487,9,"{""age"": 32, ""profit_protect"": 7}",0,0.0,59.45945945945946,5.767671204364378,-162.94302299999995,0.3501172647202561,7,-2.3297154580814987,39,30.76923076923077,-2.5731624312342514,32,40,-5.198597025466988,93
60,0.04,30,0.025,0.5,70,-1.1699359496953887,-17.489615474856503,2.4358974358974357,0.0,7.191994444917696,-24.6816099197742,0.0,1.4615384615384615,16,-571.5665369094656,0.9743589743589743,9,"{""age"": 32, ""profit_protect"": 7}",0,0.0,60.526315789473685,6.276635447992085,-162.94302299999995,0.3417730876137478,7,-2.348152438840507,39,30.76923076923077,-2.572692712568508,32,40,-5.707561269094694,96
60,0.04,30,0.025,0.6,70,-1.2931672583320841,-19.147313557240693,2.5128205128205128,0.0,7.166569790525799,-26.313883347766488,0.0,1.5128205128205128,16,-630.1347648796133,1.0,9,"{""age"": 33, ""profit_protect"": 6}",0,0.0,58.97435897435898,6.86231772769359,-162.94302299999995,0.3229402306155229,6,-2.3932299174110314,39,30.76923076923077,-2.5921708269481174,33,40,-6.2932435487962,99
60,0.04,30,0.025,0.5,75,-1.2831611776303542,-18.649617526138556,2.4615384615384617,0.0,7.191994444917696,-25.841611971056253,0.0,1.4871794871794872,16,-625.3900489685207,0.9743589743589743,9,"{""age"": 32, ""profit_protect"": 7}",0,0.0,60.526315789473685,6.8148705685826645,-162.94302299999995,0.32747644067084314,7,-2.381102766505563,39,30.76923076923077,-2.5826742200993946,32,40,-6.245796389685275,97
40,0.04,40,0.025,0.5,65,-2.701649327871969,-23.952273549156928,2.6382978723404253,0.0,4.20590861812069,-28.158182167277623,0.0,1.7234042553191489,11,-1279.120039061519,0.9148936170212766,7,"{""age"": 43, ""profit_protect"": 4}",0,0.0,53.48837209302325,13.352170469512604,-157.91434900000002,0.2574060827780785,4,-3.2456606424231724,47,25.53191489361702,-3.9424631372328887,43,48,-12.783096290615212,125
60,0.04,30,0.025,0.6,75,-1.4069597299368963,-20.307315608522746,2.5384615384615383,0.0,7.166569790525799,-27.47388539904854,0.0,1.5384615384615385,16,-683.9582769386682,1.0,9,"{""age"": 33, ""profit_protect"": 6}",0,0.0,58.97435897435898,7.400552848284169,-162.94302299999995,0.3102157022663411,6,-2.423784944004478,39,30.76923076923077,-2.6020667432435585,33,40,-6.831478669386779,100
40,0.04,40,0.025,0.6,65,-2.696983318295665,-24.203337378944166,2.6382978723404253,0.0,4.20590861812069,-28.40924599706485,0.0,1.7234042553191489,11,-1277.031142134468,0.9148936170212766,7,"{""age"": 43, ""profit_protect"": 4}",0,0.0,53.48837209302325,13.331281500242076,-157.91434900000002,0.24962233429792632,4,-3.2560000328100362,47,25.53191489361702,-3.9403017721430964,43,48,-12.762207321344684,125
40,0.04,40,0.025,0.5,70,-2.825123896534232,-25.15571580447608,2.6808510638297873,0.0,4.20590861812069,-29.36162442259677,0.0,1.7659574468085106,11,-1334.252419531973,0.9148936170212766,7,"{""age"": 43, ""profit_protect"": 4}",0,0.0,53.48837209302325,13.903494274217119,-157.91434900000002,0.24814759677156015,4,-3.2649208306879878,47,25.53191489361702,-3.9397120882756296,43,48,-13.334420095319729,127
40,0.04,40,0.025,0.6,70,-2.8204341659326837,-25.406779634263316,2.6808510638297873,0.0,4.20590861812069,-29.612688252384004,0.0,1.7659574468085106,11,-1332.1635226049218,0.9148936170212766,7,"{""age"": 43, ""profit_protect"": 4}",0,0.0,53.48837209302325,13.88260530494659,-157.91434900000002,0.2406438173022564,4,-3.274859178784342,47,25.53191489361702,-3.937589020057868,43,48,-13.313531126049202,127
40,0.04,40,0.025,0.5,75,-2.991266570310147,-26.43682293309331,2.6595744680851063,0.0,3.6942053422621526,-30.13102827535546,0.0,1.7659574468085106,10,-1407.9962498591906,0.8936170212765957,7,"{""age"": 43, ""profit_protect"": 4}",0,0.0,52.38095238095239,14.640932577489293,-157.91434900000002,0.22679191248006278,4,-3.323166837162667,47,25.53191489361702,-3.974065428809533,43,48,-14.071858398591901,126
40,0.04,40,0.025,0.6,75,-2.9865446831614184,-26.68788676288055,2.6595744680851063,0.0,3.6942053422621526,-30.382092105142696,0.0,1.7659574468085106,10,-1405.9073529321395,0.8936170212765957,7,"{""age"": 43, ""profit_protect"": 4}",0,0.0,52.38095238095239,14.620043608218767,-157.91434900000002,0.21944895057550595,4,-3.332865821841113,47,25.53191489361702,-3.9719467295811395,43,48,-14.050969429321375,126
60,0.04,40,0.025,0.5,65,-1.2126534706673686,-18.158638557463707,2.769230769230769,0.0,6.959602180286538,-25.118240737750245,0.0,1.6666666666666667,15,-591.9019775901191,1.1025641025641026,10,"{""age"": 32, ""profit_protect"": 7}",0,0.0,58.139534883720934,6.479989854798624,-162.94302299999995,0.3548576446106048,7,-2.3001921923531174,39,38.46153846153847,-2.51110445202873,32,40,-5.910915675901233,109
60,0.04,40,0.025,0.6,65,-1.2082620410392986,-18.461202660027812,2.769230769230769,0.0,6.959602180286538,-25.420804840314343,0.0,1.6666666666666667,15,-589.8130806630683,1.1025641025641026,10,"{""age"": 32, ""profit_protect"": 7}",0,0.0,58.139534883720934,6.459100885528114,-162.94302299999995,0.34410810977258405,7,-2.315335933670862,39,38.46153846153847,-2.509648938128128,32,40,-5.890026706630724,109
60,0.04,40,0.025,0.5,70,-1.3164796414383728,-19.15327137797653,2.7948717948717947,0.0,6.959602180286538,-26.112873558263065,0.0,1.6923076923076923,15,-641.1816577925292,1.1025641025641026,10,"{""age"": 32, ""profit_protect"": 7}",0,0.0,58.139534883720934,6.972786656822719,-162.94302299999995,0.3427458832787311,7,-2.33355879354958,39,38.46153846153847,-2.529569910970131,32,40,-6.403712477925329,110
60,0.04,40,0.025,0.6,70,-1.3120697321380104,-19.45583548054063,2.7948717948717947,0.0,6.959602180286538,-26.415437660827166,0.0,1.6923076923076923,15,-639.0927608654783,1.1025641025641026,10,"{""age"": 32, ""profit_protect"": 7}",0,0.0,58.139534883720934,6.95189768755221,-162.94302299999995,0.33236324429983616,7,-2.3481565480048667,39,38.46153846153847,-2.5281234805154367,32,40,-6.38282350865482,110
60,0.04,40,0.025,0.5,75,-1.4842495134488765,-20.83730820739643,2.7948717948717947,0.0,6.970499426306349,-27.80780763370277,0.0,1.6923076923076923,15,-720.3749093090153,1.1025641025641026,10,"{""age"": 32, ""profit_protect"": 7}",0,0.0,58.139534883720934,7.7647191719876,-162.94302299999995,0.312330714186492,7,-2.408650758990836,39,38.46153846153847,-2.569314286832419,32,40,-7.19564499309021,110
60,0.04,40,0.025,0.6,75,-1.678695842777378,-23.566800079191303,2.7948717948717947,0.0,6.970499426306349,-30.53729950549765,0.0,1.6923076923076923,15,-811.4889484545633,1.1025641025641026,10,"{""age"": 33, ""profit_protect"": 6}",0,0.0,53.48837209302325,8.675859563443064,-162.94302299999995,0.27642432008655704,6,-2.516503274958717,39,35.8974358974359,-2.6551884020526955,33,40,-8.106785384545674,110
40,0.05,24,0.025,0.5,65,-2.5492162443947697,-23.21531040418687,2.2127659574468086,0.0,3.5485915490939113,-26.763901953280783,0.0,1.4042553191489362,10,-1210.6709435786531,0.8085106382978723,7,"{""age"": 44, ""profit_protect"": 3}",0,0.0,52.63157894736842,12.354490566293608,-157.91434900000002,0.2133036594699781,3,-3.48203068095116,47,19.148936170212767,-4.3058982040984874,44,48,-12.098605335786523,105
40,0.05,24,0.025,0.6,65,-2.4846270614797827,-23.051361912973537,2.3043478260869565,0.0,3.6257348436394308,-26.677096756612965,0.0,1.4782608695652173,10,-1181.5383176351393,0.8260869565217391,7,"{""age"": 44, ""profit_protect"": 2}",0,0.0,55.26315789473685,12.063164306858452,-157.91434900000002,0.22051806453270517,2,-3.3803168740412612,46,21.73913043478261,-4.131232114313874,44,47,-11.807279076351369,107
40,0.05,24,0.025,0.5,70,-2.700626517430371,-24.596842106314533,2.25531914893617,0.0,3.5485915490939113,-28.14543365540844,0.0,1.446808510638298,10,-1278.662177626393,0.8085106382978723,7,"{""age"": 44, ""profit_protect"": 3}",0,0.0,52.63157894736842,13.034402906771012,-157.91434900000002,0.20376425021527492,3,-3.4914171324630834,47,19.148936170212767,-4.279426427087965,44,48,-12.77851767626393,107
40,0.05,24,0.025,0.6,70,-2.635635651150392,-24.462926912973543,2.347826086956522,0.0,3.6257348436394308,-28.088661756612968,0.0,1.5217391304347827,10,-1249.5295516828792,0.8260869565217391,7,"{""age"": 44, ""profit_protect"": 2}",0,0.0,55.26315789473685,12.743076647335858,-157.91434900000002,0.21047180766984303,2,-3.3940133016152947,46,21.73913043478261,-4.111867780270393,44,47,-12.487191416828773,109
40,0.05,24,0.025,0.5,75,-2.8813508313335845,-26.07964082971879,2.297872340425532,0.0,3.5485915490939113,-29.628232378812697,0.0,1.4893617021276595,10,-1359.265654585298,0.8085106382978723,7,"{""age"": 44, ""profit_protect"": 3}",0,0.0,52.63157894736842,13.840437676360034,-157.91434900000002,0.1940818960968448,3,-3.5258237824640632,47,19.148936170212767,-4.2994574830647885,44,48,-13.584552445852951,109
40,0.05,24,0.025,0.6,75,-2.7417509283864105,-25.211624304277894,2.369565217391304,0.0,3.6257348436394308,-28.83735914791732,0.0,1.5434782608695652,10,-1297.0563887943642,0.8260869565217391,7,"{""age"": 44, ""profit_protect"": 2}",0,0.0,55.26315789473685,13.218345018450691,-157.91434900000002,0.20550599826193827,2,-3.4110713119937155,46,21.73913043478261,-4.119458699836503,44,47,-12.962459787943608,110
60,0.05,24,0.025,0.5,65,-1.336435110518197,-18.954283448734532,2.2051282051282053,0.0,4.664467469568092,-23.618750918302627,0.0,1.3076923076923077,12,-650.6295551529847,0.8974358974358975,9,"{""age"": 32, ""profit_protect"": 7}",0,0.0,57.14285714285714,6.754076682036956,-162.94302299999995,0.24879317525824787,7,-2.7078035367912285,39,28.205128205128204,-3.0001763635060974,32,40,-6.498191451529873,87
60,0.05,24,0.025,0.6,65,-1.3358226677341434,-18.98018088463197,2.2051282051282053,0.0,4.664467469568092,-23.64464835420006,0.0,1.3076923076923077,12,-650.3397082109536,0.8974358974358975,9,"{""age"": 33, ""profit_protect"": 6}",0,0.0,54.285714285714285,6.751178212616652,-162.94302299999995,0.24776679350965347,6,-2.709059907850239,39,28.205128205128204,-2.9996801786224228,33,40,-6.495292982109567,87
60,0.05,24,0.025,0.5,70,-1.2857934761522305,-18.39918501519301,2.3076923076923075,0.0,5.857151384767672,-24.25633639996068,0.0,1.3846153846153846,14,-626.6384270455674,0.9230769230769231,9,"{""age"": 32, ""profit_protect"": 7}",0,0.0,58.333333333333336,6.514165400962775,-162.94302299999995,0.29675666823231434,7,-2.4744521124393013,39,30.76923076923077,-2.683175052033246,32,40,-6.258280170455692,91
60,0.05,24,0.025,0.6,70,-1.2895874007388008,-18.384826040834035,2.3076923076923075,0.0,5.857151384767672,-24.241977425601707,0.0,1.3846153846153846,14,-628.4374770305873,0.9230769230769231,9,"{""age"": 33, ""profit_protect"": 6}",0,0.0,55.55555555555556,6.5321559008129775,-162.94302299999995,0.29730548889804675,6,-2.474413155022643,39,30.76923076923077,-2.68430791070839,33,40,-6.276270670305893,91
60,0.05,24,0.025,0.5,75,-1.3995519056017258,-19.559187066475058,2.3333333333333335,0.0,5.857151384767672,-25.41633845124273,0.0,1.4102564102564104,14,-680.4619391046224,0.9230769230769231,9,"{""age"": 32, ""profit_protect"": 7}",0,0.0,58.333333333333336,7.052400521553355,-162.94302299999995,0.28415797107375834,7,-2.5044278021195536,39,30.76923076923077,-2.69229046891728,32,40,-6.796515291046271,92
60,0.05,24,0.025,0.6,75,-1.4033633438075954,-19.544828092116088,2.3333333333333335,0.0,5.857151384767672,-25.40197947688376,0.0,1.4102564102564104,14,-682.2609890896423,0.9230769230769231,9,"{""age"": 33, ""profit_protect"": 6}",0,0.0,55.55555555555556,7.070391021403556,-162.94302299999995,0.28468349175636615,6,-2.50442040469957,39,30.76923076923077,-2.693416197364015,33,40,-6.814505790896473,92
40,0.05,30,0.025,0.5,65,-2.6036561654479096,-22.804272721779984,2.382978723404255,0.0,4.656227279856696,-27.460500001636678,0.0,1.5319148936170213,12,-1235.1659774334446,0.851063829787234,7,"{""age"": 43, ""profit_protect"": 4}",0,0.0,55.00000000000001,12.912629853231847,-157.91434900000002,0.250481511992227,4,-3.277975913785294,47,21.27659574468085,-3.997070643173674,43,48,-12.343555674334457,113
40,0.05,30,0.025,0.6,65,-2.465633544587831,-21.879400367905635,2.4565217391304346,0.0,4.757449612027494,-26.63684997993312,0.0,1.5869565217391304,12,-1172.9567116425108,0.8695652173913043,7,"{""age"": 43, ""profit_protect"": 3}",0,0.0,57.49999999999999,12.290537195322504,-157.91434900000002,0.2647046935380767,3,-3.168808950765033,46,23.91304347826087,-3.8366085673460897,43,47,-11.721463016425114,114
40,0.05,30,0.025,0.5,70,-2.794412846033967,-24.611788381354454,2.4468085106382977,0.0,4.656227279856696,-29.26801566121115,0.0,1.5957446808510638,12,-1320.5658055523984,0.851063829787234,7,"{""age"": 43, ""profit_protect"": 4}",0,0.0,55.00000000000001,13.766628134421389,-157.91434900000002,0.23643526058486755,4,-3.3140553308564966,47,21.27659574468085,-4.006195623858488,43,48,-13.197553955524,116
40,0.05,30,0.025,0.6,70,-2.617552215915686,-23.32683797660129,2.5,0.0,4.757449612027494,-28.08428758862878,0.0,1.6304347826086956,12,-1241.4096979191306,0.8695652173913043,7,"{""age"": 43, ""profit_protect"": 3}",0,0.0,57.49999999999999,12.9750670580887,-157.91434900000002,0.25242578009027866,3,-3.197294553043585,46,23.91304347826087,-3.840014060877919,43,47,-12.405992879191308,116
40,0.05,30,0.025,0.5,75,-2.9122416995586375,-25.408272237398972,2.404255319148936,0.0,4.21495101375415,-29.62322325115312,0.0,1.574468085106383,11,-1372.9832384795402,0.8297872340425532,7,"{""age"": 43, ""profit_protect"": 4}",0,0.0,53.84615384615385,14.290802463692762,-157.91434900000002,0.21999835195003312,4,-3.3807075512633205,47,21.27659574468085,-4.077349275111713,43,48,-13.721728284795374,114
40,0.05,30,0.025,0.6,75,-2.7724649531659984,-24.540008568646776,2.4782608695652173,0.0,4.30658038361837,-28.846588952265144,0.0,1.6304347826086956,11,-1310.7739726886064,0.8478260869565217,7,"{""age"": 43, ""profit_protect"": 3}",0,0.0,56.41025641025641,13.659968955567948,-157.91434900000002,0.23197440728912333,3,-3.2787577011941265,46,23.91304347826087,-3.9247899460809443,43,47,-13.09963562688603,115
60,0.05,30,0.025,0.5,65,-1.063342750111329,-16.09439190784923,2.358974358974359,0.0,6.649302724364047,-22.743694632213273,0.0,1.4102564102564104,15,-520.670112546695,0.9487179487179487,9,"{""age"": 32, ""profit_protect"": 7}",0,0.0,59.45945945945946,5.767671204364378,-162.94302299999995,0.3605392474385916,7,-2.3140824840039955,39,30.76923076923077,-2.5731624312342514,32,40,-5.198597025466988,93
60,0.05,30,0.025,0.6,65,-1.063342750111329,-16.356699600156922,2.358974358974359,0.0,6.649302724364047,-23.006002324520967,0.0,1.4102564102564104,15,-520.670112546695,0.9487179487179487,9,"{""age"": 32, ""profit_protect"": 7}",0,0.0,59.45945945945946,5.767671204364378,-162.94302299999995,0.3501172647202561,7,-2.3297154580814987,39,30.76923076923077,-2.5731624312342514,32,40,-5.198597025466988,93
60,0.05,30,0.025,0.5,70,-1.1699359496953887,-17.489615474856503,2.4358974358974357,0.0,7.191994444917696,-24.6816099197742,0.0,1.4615384615384615,16,-571.5665369094656,0.9743589743589743,9,"{""age"": 32, ""profit_protect"": 7}",0,0.0,60.526315789473685,6.276635447992085,-162.94302299999995,0.3417730876137478,7,-2.348152438840507,39,30.76923076923077,-2.572692712568508,32,40,-5.707561269094694,96
60,0.05,30,0.025,0.6,70,-1.2931672583320841,-19.147313557240693,2.5128205128205128,0.0,7.166569790525799,-26.313883347766488,0.0,1.5128205128205128,16,-630.1347648796133,1.0,9,"{""age"": 33, ""profit_protect"": 6}",0,0.0,58.97435897435898,6.86231772769359,-162.94302299999995,0.3229402306155229,6,-2.3932299174110314,39,30.76923076923077,-2.5921708269481174,33,40,-6.2932435487962,99
60,0.05,30,0.025,0.5,75,-1.2831611776303542,-18.649617526138556,2.4615384615384617,0.0,7.191994444917696,-25.841611971056253,0.0,1.4871794871794872,16,-625.3900489685207,0.9743589743589743,9,"{""age"": 32, ""profit_protect"": 7}",0,0.0,60.526315789473685,6.8148705685826645,-162.94302299999995,0.32747644067084314,7,-2.381102766505563,39,30.76923076923077,-2.5826742200993946,32,40,-6.245796389685275,97
40,0.05,40,0.025,0.5,65,-2.701649327871969,-23.952273549156928,2.6382978723404253,0.0,4.20590861812069,-28.158182167277623,0.0,1.7234042553191489,11,-1279.120039061519,0.9148936170212766,7,"{""age"": 43, ""profit_protect"": 4}",0,0.0,53.48837209302325,13.352170469512604,-157.91434900000002,0.2574060827780785,4,-3.2456606424231724,47,25.53191489361702,-3.9424631372328887,43,48,-12.783096290615212,125
60,0.05,30,0.025,0.6,75,-1.4069597299368963,-20.307315608522746,2.5384615384615383,0.0,7.166569790525799,-27.47388539904854,0.0,1.5384615384615385,16,-683.9582769386682,1.0,9,"{""age"": 33, ""profit_protect"": 6}",0,0.0,58.97435897435898,7.400552848284169,-162.94302299999995,0.3102157022663411,6,-2.423784944004478,39,30.76923076923077,-2.6020667432435585,33,40,-6.831478669386779,100
40,0.05,40,0.025,0.6,65,-2.696983318295665,-24.203337378944166,2.6382978723404253,0.0,4.20590861812069,-28.40924599706485,0.0,1.7234042553191489,11,-1277.031142134468,0.9148936170212766,7,"{""age"": 43, ""profit_protect"": 4}",0,0.0,53.48837209302325,13.331281500242076,-157.91434900000002,0.24962233429792632,4,-3.2560000328100362,47,25.53191489361702,-3.9403017721430964,43,48,-12.762207321344684,125
40,0.05,40,0.025,0.5,70,-2.825123896534232,-25.15571580447608,2.6808510638297873,0.0,4.20590861812069,-29.36162442259677,0.0,1.7659574468085106,11,-1334.252419531973,0.9148936170212766,7,"{""age"": 43, ""profit_protect"": 4}",0,0.0,53.48837209302325,13.903494274217119,-157.91434900000002,0.24814759677156015,4,-3.2649208306879878,47,25.53191489361702,-3.9397120882756296,43,48,-13.334420095319729,127
40,0.05,40,0.025,0.6,70,-2.8204341659326837,-25.406779634263316,2.6808510638297873,0.0,4.20590861812069,-29.612688252384004,0.0,1.7659574468085106,11,-1332.1635226049218,0.9148936170212766,7,"{""age"": 43, ""profit_protect"": 4}",0,0.0,53.48837209302325,13.88260530494659,-157.91434900000002,0.2406438173022564,4,-3.274859178784342,47,25.53191489361702,-3.937589020057868,43,48,-13.313531126049202,127
40,0.05,40,0.025,0.5,75,-2.991266570310147,-26.43682293309331,2.6595744680851063,0.0,3.6942053422621526,-30.13102827535546,0.0,1.7659574468085106,10,-1407.9962498591906,0.8936170212765957,7,"{""age"": 43, ""profit_protect"": 4}",0,0.0,52.38095238095239,14.640932577489293,-157.91434900000002,0.22679191248006278,4,-3.323166837162667,47,25.53191489361702,-3.974065428809533,43,48,-14.071858398591901,126
40,0.05,40,0.025,0.6,75,-2.9865446831614184,-26.68788676288055,2.6595744680851063,0.0,3.6942053422621526,-30.382092105142696,0.0,1.7659574468085106,10,-1405.9073529321395,0.8936170212765957,7,"{""age"": 43, ""profit_protect"": 4}",0,0.0,52.38095238095239,14.620043608218767,-157.91434900000002,0.21944895057550595,4,-3.332865821841113,47,25.53191489361702,-3.9719467295811395,43,48,-14.050969429321375,126
60,0.05,40,0.025,0.5,65,-1.2126534706673686,-18.158638557463707,2.769230769230769,0.0,6.959602180286538,-25.118240737750245,0.0,1.6666666666666667,15,-591.9019775901191,1.1025641025641026,10,"{""age"": 32, ""profit_protect"": 7}",0,0.0,58.139534883720934,6.479989854798624,-162.94302299999995,0.3548576446106048,7,-2.3001921923531174,39,38.46153846153847,-2.51110445202873,32,40,-5.910915675901233,109
60,0.05,40,0.025,0.6,65,-1.2082620410392986,-18.461202660027812,2.769230769230769,0.0,6.959602180286538,-25.420804840314343,0.0,1.6666666666666667,15,-589.8130806630683,1.1025641025641026,10,"{""age"": 32, ""profit_protect"": 7}",0,0.0,58.139534883720934,6.459100885528114,-162.94302299999995,0.34410810977258405,7,-2.315335933670862,39,38.46153846153847,-2.509648938128128,32,40,-5.890026706630724,109
60,0.05,40,0.025,0.5,70,-1.3164796414383728,-19.15327137797653,2.7948717948717947,0.0,6.959602180286538,-26.112873558263065,0.0,1.6923076923076923,15,-641.1816577925292,1.1025641025641026,10,"{""age"": 32, ""profit_protect"": 7}",0,0.0,58.139534883720934,6.972786656822719,-162.94302299999995,0.3427458832787311,7,-2.33355879354958,39,38.46153846153847,-2.529569910970131,32,40,-6.403712477925329,110
60,0.05,40,0.025,0.6,70,-1.3120697321380104,-19.45583548054063,2.7948717948717947,0.0,6.959602180286538,-26.415437660827166,0.0,1.6923076923076923,15,-639.0927608654783,1.1025641025641026,10,"{""age"": 32, ""profit_protect"": 7}",0,0.0,58.139534883720934,6.95189768755221,-162.94302299999995,0.33236324429983616,7,-2.3481565480048667,39,38.46153846153847,-2.5281234805154367,32,40,-6.38282350865482,110
60,0.05,40,0.025,0.5,75,-1.4842495134488765,-20.83730820739643,2.7948717948717947,0.0,6.970499426306349,-27.80780763370277,0.0,1.6923076923076923,15,-720.3749093090153,1.1025641025641026,10,"{""age"": 32, ""profit_protect"": 7}",0,0.0,58.139534883720934,7.7647191719876,-162.94302299999995,0.312330714186492,7,-2.408650758990836,39,38.46153846153847,-2.569314286832419,32,40,-7.19564499309021,110
60,0.05,40,0.025,0.6,75,-1.678695842777378,-23.566800079191303,2.7948717948717947,0.0,6.970499426306349,-30.53729950549765,0.0,1.6923076923076923,15,-811.4889484545633,1.1025641025641026,10,"{""age"": 33, ""profit_protect"": 6}",0,0.0,53.48837209302325,8.675859563443064,-162.94302299999995,0.27642432008655704,6,-2.516503274958717,39,35.8974358974359,-2.6551884020526955,33,40,-8.106785384545674,110
