c,h,l,n,o,t,v,vw
20.84,22.5,20.41,480,20.5,2021-05-17T12:00:00Z,58272,21.276644
22.33,22.34,20.64,756,20.77,2021-05-17T16:00:00Z,94628,21.590094
22.96,23.6,21.87,542,22.11,2021-05-18T12:00:00Z,65777,22.926998
22.975,23.86,22.6,665,22.995,2021-05-18T16:00:00Z,104992,23.238131
22.98,22.98,22.98,1,22.98,2021-05-18T20:00:00Z,100,22.98
20.81,21.04,19.35,1672,19.35,2021-05-19T12:00:00Z,207293,20.169906
21.74,21.74,20.34,953,20.74,2021-05-19T16:00:00Z,131568,21.044676
21.49,22.09,21.49,33,21.7,2021-05-19T20:00:00Z,2685,21.816875
22.23,24.24,22.16,688,22.72,2021-05-20T12:00:00Z,77136,22.984991
21.88,22.21,20.93,820,22.21,2021-05-20T16:00:00Z,105590,21.596817
21.96,21.96,21.8,3,21.8,2021-05-20T20:00:00Z,300,21.873333
20.99,22.7,20.82,1105,22.09,2021-05-21T12:00:00Z,135540,21.487638
20.88,21.19,20.44,1055,20.99,2021-05-21T16:00:00Z,138167,20.829873
21.64,22.54,21.13,756,21.19,2021-05-24T12:00:00Z,104782,21.714396
23.15,23.27,21.39,1123,21.61,2021-05-24T16:00:00Z,199933,22.579735
22.67,22.825,22.61,10,22.71,2021-05-24T20:00:00Z,900,22.716875
22.69,23.25,21.97,916,22.52,2021-05-25T12:00:00Z,121433,22.645592
22.61,23.1,22.49,668,22.65,2021-05-25T16:00:00Z,86604,22.766789
25.31,25.56,23.35,1196,23.85,2021-05-26T12:00:00Z,171144,24.694593
25.235,25.87,25.04,800,25.33,2021-05-26T16:00:00Z,118089,25.416635
25.26,25.26,25.17,6,25.25,2021-05-26T20:00:00Z,550,25.228
25.44,27.04,25.035,1211,26.51,2021-05-27T12:00:00Z,150065,25.913085
25.78,25.78,24.81,893,25.38,2021-05-27T16:00:00Z,117197,25.155553
24.39,25.71,24.3,596,24.9,2021-05-28T12:00:00Z,89216,24.914601
24.77,25.24,24.19,638,24.42,2021-05-28T16:00:00Z,93081,24.772365
24.79,25.59,24.49,522,24.55,2021-06-01T12:00:00Z,73345,25.103976
25.15,25.57,24.74,448,24.8,2021-06-01T16:00:00Z,85494,25.11696
25.62,26.26,24.97,1068,25.83,2021-06-02T12:00:00Z,138752,25.612875
25.33,25.74,25.11,738,25.55,2021-06-02T16:00:00Z,82120,25.437628
25.37,25.37,25.31,3,25.31,2021-06-02T20:00:00Z,290,25.34
24.3,25.66,24.08,915,25.54,2021-06-03T12:00:00Z,118712,24.747751
23.84,24.62,23.75,882,24.29,2021-06-03T16:00:00Z,100957,24.125053
23.87,23.87,23.87,2,23.87,2021-06-03T20:00:00Z,200,23.87
24.29,24.4,23.03,730,23.03,2021-06-04T12:00:00Z,86875,23.965432
24.35,24.74,24.13,594,24.3,2021-06-04T16:00:00Z,72867,24.391996
24.18,24.595,23.59,366,24.12,2021-06-07T12:00:00Z,61887,24.041209
24.36,24.47,23.81,476,24.2,2021-06-07T16:00:00Z,69229,24.221935
22.285,23.64,21.54,881,23.11,2021-06-08T12:00:00Z,103362,22.225855
23.63,23.87,22.285,556,22.3,2021-06-08T16:00:00Z,59840,23.013125
25.44,25.6,23.47,736,23.94,2021-06-09T12:00:00Z,81635,24.676819
26.16,27.22,25.37,1056,25.47,2021-06-09T16:00:00Z,119579,26.445832
25.88,26.01,25.88,14,26.01,2021-06-09T20:00:00Z,1209,25.929167
25.83,27.425,25.73,792,26.53,2021-06-10T12:00:00Z,93060,26.634902
26.5,27.02,25.71,526,25.84,2021-06-10T16:00:00Z,61347,26.425615
26.24,26.94,25.87,352,26.6,2021-06-11T12:00:00Z,35370,26.356073
26.61,26.91,26.16,429,26.28,2021-06-11T16:00:00Z,54812,26.587059
31.73,32.05,28.46,1321,28.98,2021-06-14T12:00:00Z,149118,30.828812
29.92,31.92,29.68,897,31.78,2021-06-14T16:00:00Z,106789,30.494889
30.13,30.13,30.1,2,30.1,2021-06-14T20:00:00Z,200,30.115
29.77,30.77,28.98,751,30.77,2021-06-15T12:00:00Z,83955,29.674109
30.66,31.62,29.59,796,29.8,2021-06-15T16:00:00Z,92656,30.68675
29.65,30.43,29.3,421,29.69,2021-06-16T12:00:00Z,43331,29.877928
29.95,30.19,28.95,802,29.64,2021-06-16T16:00:00Z,79056,29.616431
31.36,32.01,29.84,634,29.84,2021-06-17T12:00:00Z,69527,30.876198
30.01,31.72,29.87,680,31.52,2021-06-17T16:00:00Z,69280,30.428761
29.37,29.93,28.71,359,29.78,2021-06-18T12:00:00Z,41296,29.211319
28.93,29.59,28.31,635,29.27,2021-06-18T16:00:00Z,71086,28.853529
27.985,28.5,27.1,497,27.25,2021-06-21T12:00:00Z,54029,27.904931
27.8,28.445,27.59,613,28.02,2021-06-21T16:00:00Z,97621,28.015212
26.03,26.62,24.51,1148,26.44,2021-06-22T12:00:00Z,133728,25.412738
27.35,27.79,26.08,470,26.08,2021-06-22T16:00:00Z,86031,27.233684
28.065,29.07,27.47,802,28.435,2021-06-23T12:00:00Z,76744,28.335125
27.61,28.31,27.6,254,28.065,2021-06-23T16:00:00Z,28504,27.933818
29.115,29.46,27.75,451,28.27,2021-06-24T12:00:00Z,46420,28.621061
29.49,29.84,28.76,578,29.095,2021-06-24T16:00:00Z,76583,29.271279
29.48,29.48,29.48,1,29.48,2021-06-24T20:00:00Z,100,29.48
28.3,28.92,27.88,561,28.62,2021-06-25T12:00:00Z,57289,28.534473
28.17,28.5,27.68,1004,28.3,2021-06-25T16:00:00Z,101544,27.994163
30.41,30.41,28.83,618,29.165,2021-06-28T12:00:00Z,60430,29.672392
30.09,30.74,29.87,672,30.42,2021-06-28T16:00:00Z,81811,30.347169
32.0,33.71,31.55,1165,31.88,2021-06-29T12:00:00Z,113456,32.771805
31.83,32.18,31.37,419,32.01,2021-06-29T16:00:00Z,47028,31.76725
31.88,31.93,31.77,13,31.8,2021-06-29T20:00:00Z,1019,31.871
30.9,31.39,30.08,634,31.12,2021-06-30T12:00:00Z,62402,30.832925
31.365,32.19,30.58,807,30.855,2021-06-30T16:00:00Z,81293,31.364238
30.75,31.49,30.2,489,31.38,2021-07-01T12:00:00Z,45859,30.793114
30.69,31.01,30.34,308,30.74,2021-07-01T16:00:00Z,31742,30.647456
30.65,31.21,30.3,337,30.88,2021-07-02T12:00:00Z,34332,30.725912
30.29,30.76,30.17,342,30.66,2021-07-02T16:00:00Z,37201,30.499471
29.67,30.93,29.59,436,30.68,2021-07-06T12:00:00Z,46926,30.246076
29.72,29.78,29.04,460,29.71,2021-07-06T16:00:00Z,48047,29.400681
29.12,30.21,28.66,419,30.09,2021-07-07T12:00:00Z,44956,29.35266
28.61,29.04,28.455,291,29.04,2021-07-07T16:00:00Z,34733,28.733771
27.6,27.96,26.63,392,27.19,2021-07-08T12:00:00Z,40542,27.46721
27.79,28.12,27.62,259,27.69,2021-07-08T16:00:00Z,23855,27.813762
28.3,28.57,27.61,247,27.93,2021-07-09T12:00:00Z,24328,28.205029
27.68,28.45,27.58,269,28.32,2021-07-09T16:00:00Z,28829,27.854633
26.79,27.98,26.23,232,27.86,2021-07-12T12:00:00Z,24411,26.756778
27.35,27.4,26.5,291,26.82,2021-07-12T16:00:00Z,30240,27.006094
26.69,27.08,25.9,226,26.76,2021-07-13T12:00:00Z,22981,26.36407
25.91,26.77,25.88,253,26.62,2021-07-13T16:00:00Z,28248,26.232764
25.06,26.57,25.03,240,26.15,2021-07-14T12:00:00Z,23560,25.796826
24.59,25.32,24.59,360,25.11,2021-07-14T16:00:00Z,42391,24.874738
24.475,25.15,24.07,257,24.17,2021-07-15T12:00:00Z,25640,24.607875
24.48,24.54,23.7,347,24.46,2021-07-15T16:00:00Z,33391,24.154307
24.45,24.74,23.9,148,24.65,2021-07-16T12:00:00Z,14990,24.198967
23.32,24.54,23.3,325,24.46,2021-07-16T16:00:00Z,33619,23.622322
23.13,23.25,21.67,299,22.02,2021-07-19T12:00:00Z,33021,22.363016
22.3,23.04,22.135,499,22.99,2021-07-19T16:00:00Z,45716,22.531088
22.13,22.16,20.74,507,21.97,2021-07-20T12:00:00Z,51897,21.29972
22.59,22.87,21.79,270,22.09,2021-07-20T16:00:00Z,28514,22.441624
24.42,25.25,24.05,585,24.27,2021-07-21T12:00:00Z,60909,24.552094
25.0,25.7,24.42,589,24.42,2021-07-21T16:00:00Z,53040,25.078749
25.47,25.47,24.15,286,25.29,2021-07-22T12:00:00Z,27817,24.675477
25.18,25.575,24.76,314,25.45,2021-07-22T16:00:00Z,34530,25.191257
24.24,25.29,24.24,301,25.17,2021-07-23T12:00:00Z,30705,24.826005
24.65,24.65,23.8,291,24.14,2021-07-23T16:00:00Z,35094,24.239165
28.45,29.0,27.27,913,28.04,2021-07-26T12:00:00Z,95167,28.19098
29.48,29.96,28.35,810,28.41,2021-07-26T16:00:00Z,91620,29.217711
28.18,28.18,28.08,3,28.08,2021-07-26T20:00:00Z,230,28.13
27.21,29.14,26.76,645,28.21,2021-07-27T12:00:00Z,73106,28.027924
26.96,27.31,26.21,277,27.065,2021-07-27T16:00:00Z,29521,26.77505
28.69,28.69,27.54,222,28.13,2021-07-28T12:00:00Z,20123,28.024292
28.15,28.73,27.62,340,28.47,2021-07-28T16:00:00Z,30195,28.163904
29.12,29.26,27.75,431,28.24,2021-07-29T12:00:00Z,48776,28.487273
27.48,29.18,27.48,386,29.16,2021-07-29T16:00:00Z,45769,28.218743
27.42,28.15,27.07,302,27.16,2021-07-30T12:00:00Z,28898,27.61034
27.62,27.63,27.02,330,27.4,2021-07-30T16:00:00Z,41227,27.32607
28.14,28.585,26.92,702,27.6,2021-08-02T12:00:00Z,95711,27.606955
28.265,29.1,27.81,631,28.06,2021-08-02T16:00:00Z,73424,28.48776
26.91,28.0,26.6,272,28.0,2021-08-03T12:00:00Z,39165,27.072006
27.13,27.77,26.3,716,26.99,2021-08-03T16:00:00Z,93486,27.016252
28.79,29.57,27.52,651,27.52,2021-08-04T12:00:00Z,73710,28.708697
28.715,29.2,28.46,410,28.8,2021-08-04T16:00:00Z,41945,28.797706
29.57,29.91,27.64,456,27.93,2021-08-05T12:00:00Z,55507,29.018988
31.445,31.485,29.49,1000,29.49,2021-08-05T16:00:00Z,116289,30.841514
33.71,33.825,30.92,843,31.88,2021-08-06T12:00:00Z,139082,32.371731
34.245,34.72,33.42,1098,33.74,2021-08-06T16:00:00Z,123208,34.084337
34.13,34.13,34.13,1,34.13,2021-08-06T20:00:00Z,100,34.13
36.0,37.76,35.41,1210,36.2,2021-08-09T12:00:00Z,118348,36.57941
36.0,36.87,35.63,612,36.17,2021-08-09T16:00:00Z,59801,36.334958
34.95,36.66,34.37,555,36.02,2021-08-10T12:00:00Z,58538,35.107696
35.69,35.88,34.69,513,34.955,2021-08-10T16:00:00Z,50531,35.409215
35.11,37.1,35.11,401,36.47,2021-08-11T12:00:00Z,39902,36.3664
35.185,35.52,34.53,415,34.92,2021-08-11T16:00:00Z,43135,35.06835
33.58,33.97,32.465,700,33.47,2021-08-12T12:00:00Z,72390,33.026452
33.79,34.12,33.18,408,33.545,2021-08-12T16:00:00Z,41811,33.674133
33.86,36.19,33.61,686,35.05,2021-08-13T12:00:00Z,64174,35.076636
32.82,34.43,32.82,605,33.8,2021-08-13T16:00:00Z,62416,33.63851
33.72,33.72,33.72,2,33.72,2021-08-13T20:00:00Z,150,33.72
33.04,33.48,31.9,473,33.0,2021-08-16T12:00:00Z,42768,32.629088
33.0,33.77,32.84,406,32.89,2021-08-16T16:00:00Z,33771,33.304598
30.88,33.39,30.84,247,33.07,2021-08-17T12:00:00Z,20834,32.006502
30.675,31.3,30.03,440,30.75,2021-08-17T16:00:00Z,40975,30.708289
31.92,31.92,30.3,237,30.47,2021-08-18T12:00:00Z,19289,31.216558
30.77,32.45,30.74,583,32.0,2021-08-18T16:00:00Z,50451,31.560605
31.17,31.69,30.11,305,30.4,2021-08-19T12:00:00Z,31983,31.080322
31.86,32.37,30.415,475,31.27,2021-08-19T16:00:00Z,51090,31.581142
35.58,35.635,32.51,815,32.67,2021-08-20T12:00:00Z,77071,34.395865
35.26,36.16,34.43,957,35.66,2021-08-20T16:00:00Z,90772,35.281276
36.48,38.77,35.63,1615,37.485,2021-08-23T12:00:00Z,193687,37.034704
36.725,37.56,36.32,764,36.53,2021-08-23T16:00:00Z,80348,36.908602
36.48,37.39,35.22,702,36.505,2021-08-24T12:00:00Z,78156,36.287569
38.02,38.05,35.75,861,36.57,2021-08-24T16:00:00Z,121284,36.918065
38.5,38.625,36.79,476,37.2,2021-08-25T12:00:00Z,51468,37.736907
38.29,38.97,38.13,665,38.5,2021-08-25T16:00:00Z,70803,38.520025
36.94,38.465,36.76,387,37.25,2021-08-26T12:00:00Z,36038,37.511268
36.18,37.29,36.09,523,37.03,2021-08-26T16:00:00Z,49281,36.568042
39.59,40.14,36.33,932,36.61,2021-08-27T12:00:00Z,93608,39.036608
40.15,40.59,39.2,881,39.62,2021-08-27T16:00:00Z,91063,40.018013
40.11,40.24,40.11,2,40.24,2021-08-27T20:00:00Z,200,40.175
39.1,39.65,37.75,447,39.36,2021-08-30T12:00:00Z,44236,38.488768
40.58,40.79,38.76,645,39.09,2021-08-30T16:00:00Z,59499,40.088048
40.8,40.84,39.27,382,40.04,2021-08-31T12:00:00Z,36547,40.094355
40.67,41.55,40.23,560,40.84,2021-08-31T16:00:00Z,52210,40.869843
40.81,42.01,40.54,376,41.27,2021-09-01T12:00:00Z,33010,41.172481
41.12,42.84,40.91,582,40.91,2021-09-01T16:00:00Z,55887,41.927167
42.44,44.47,42.05,481,43.1,2021-09-02T12:00:00Z,46284,43.21237
42.19,42.96,41.78,347,42.33,2021-09-02T16:00:00Z,31558,42.384388
44.5,44.94,43.58,664,43.58,2021-09-03T12:00:00Z,59440,44.348405
43.37,44.82,43.26,684,44.55,2021-09-03T16:00:00Z,65727,43.910478
40.095,43.49,38.7,1773,42.78,2021-09-07T12:00:00Z,94491,40.700508
39.37,40.87,39.25,1202,39.97,2021-09-07T16:00:00Z,67286,40.046282
39.32,39.32,39.32,1,39.32,2021-09-07T20:00:00Z,100,39.32
38.07,39.8,37.16,325,39.125,2021-09-08T12:00:00Z,27862,38.235451
37.26,38.38,37.2,482,37.99,2021-09-08T16:00:00Z,38864,37.694048
39.49,40.26,37.98,303,38.25,2021-09-09T12:00:00Z,27336,39.299922
38.92,40.0,38.78,375,39.52,2021-09-09T16:00:00Z,36193,39.277092
37.58,39.12,37.23,435,38.74,2021-09-10T12:00:00Z,37722,37.772205
35.76,37.8,35.585,551,37.59,2021-09-10T16:00:00Z,52290,36.561116
35.31,36.59,34.3,508,35.01,2021-09-13T12:00:00Z,53629,35.310069
35.605,35.76,35.04,424,35.23,2021-09-13T16:00:00Z,37064,35.474175
35.96,37.1,35.22,329,36.595,2021-09-14T12:00:00Z,28980,36.016337
34.71,36.03,34.44,568,35.99,2021-09-14T16:00:00Z,57467,35.035643
36.75,37.01,35.21,481,36.16,2021-09-15T12:00:00Z,50461,35.792335
36.99,37.17,36.15,694,36.93,2021-09-15T16:00:00Z,40845,36.779937
36.55,37.29,35.27,404,36.96,2021-09-16T12:00:00Z,40099,36.011486
36.33,36.675,36.04,359,36.62,2021-09-16T16:00:00Z,34872,36.378449
35.56,36.53,35.52,252,36.41,2021-09-17T12:00:00Z,23235,36.006429
35.86,36.33,35.5,363,35.58,2021-09-17T16:00:00Z,34649,35.855994
33.99,34.49,32.4,620,32.4,2021-09-20T12:00:00Z,56239,33.913427
33.9,34.24,32.87,728,33.83,2021-09-20T16:00:00Z,65082,33.531818
33.62,34.21,32.5,348,34.21,2021-09-21T12:00:00Z,35365,33.194323
33.21,33.74,32.93,290,33.68,2021-09-21T16:00:00Z,32256,33.282195
35.55,35.55,33.13,468,33.28,2021-09-22T12:00:00Z,47128,34.572235
35.68,36.35,35.26,464,35.62,2021-09-22T16:00:00Z,63335,35.966206
36.48,37.19,35.67,223,35.74,2021-09-23T12:00:00Z,21638,36.63686
37.71,37.71,36.44,343,36.48,2021-09-23T16:00:00Z,32596,37.406278
35.85,36.1,34.66,488,34.88,2021-09-24T12:00:00Z,49463,35.553433
36.17,36.38,35.69,290,35.86,2021-09-24T16:00:00Z,28626,36.03179
36.34,36.96,35.97,305,36.28,2021-09-27T12:00:00Z,29616,36.399226
35.18,36.43,35.1,429,36.3,2021-09-27T16:00:00Z,42261,35.466845
33.14,35.14,32.96,399,34.545,2021-09-28T12:00:00Z,39828,33.749474
32.71,33.69,32.66,489,33.04,2021-09-28T16:00:00Z,47800,33.110417
31.2,33.13,31.15,519,33.13,2021-09-29T12:00:00Z,53388,31.997986
30.63,31.49,30.56,694,31.2,2021-09-29T16:00:00Z,61036,31.030497
30.57,30.57,30.57,1,30.57,2021-09-29T20:00:00Z,100,30.57
31.45,32.36,31.21,329,31.86,2021-09-30T12:00:00Z,30528,31.741758
31.64,32.4,31.08,607,31.29,2021-09-30T16:00:00Z,88936,31.700577
33.1,34.13,32.34,293,34.1,2021-10-01T12:00:00Z,28516,33.242655
33.15,33.435,32.66,322,33.18,2021-10-01T16:00:00Z,32343,33.096449
32.49,33.75,31.9,472,32.91,2021-10-04T12:00:00Z,47198,32.735856
33.62,33.71,32.45,461,32.45,2021-10-04T16:00:00Z,54050,33.195065
35.6,36.26,34.0,370,34.0,2021-10-05T12:00:00Z,36750,35.349339
37.22,37.27,35.27,431,35.61,2021-10-05T16:00:00Z,46093,36.384598
39.405,39.56,37.39,997,37.39,2021-10-06T12:00:00Z,98318,38.611084
38.97,39.77,38.49,630,39.22,2021-10-06T16:00:00Z,66826,39.084614
37.69,38.495,37.12,417,38.195,2021-10-07T12:00:00Z,42841,37.839783
38.42,38.52,37.37,210,37.55,2021-10-07T16:00:00Z,19426,38.121475
39.45,39.93,38.02,303,38.65,2021-10-08T12:00:00Z,32808,39.009505
39.5,39.96,39.08,434,39.44,2021-10-08T16:00:00Z,52485,39.522204
43.64,43.86,40.6,799,40.76,2021-10-11T12:00:00Z,106182,42.701859
42.96,44.11,42.87,973,43.72,2021-10-11T16:00:00Z,80819,43.571531
40.89,42.985,40.22,615,42.72,2021-10-12T12:00:00Z,77157,41.09743
40.85,41.15,39.65,529,40.97,2021-10-12T16:00:00Z,68317,40.554534
41.73,42.1,39.6,290,40.55,2021-10-13T12:00:00Z,29235,40.972419
43.8,43.86,41.55,723,41.64,2021-10-13T16:00:00Z,80395,43.273849
43.21,44.87,42.52,545,44.36,2021-10-14T12:00:00Z,75688,43.204969
43.545,43.7,42.33,645,43.1,2021-10-14T16:00:00Z,65288,43.059612
46.75,47.56,45.28,1048,45.535,2021-10-15T12:00:00Z,132123,46.718955
48.9,48.93,46.66,1742,46.68,2021-10-15T16:00:00Z,184200,48.030112
49.54,49.54,49.54,1,49.54,2021-10-15T20:00:00Z,100,49.54
52.57,53.21,48.31,1977,48.49,2021-10-18T12:00:00Z,239268,51.386292
51.47,53.38,50.68,1035,52.45,2021-10-18T16:00:00Z,113966,52.074722
51.4,51.4,51.4,1,51.4,2021-10-18T20:00:00Z,100,51.4
52.32,52.92,48.75,1949,51.74,2021-10-19T12:00:00Z,179039,50.821303
53.94,54.0,51.52,1421,52.355,2021-10-19T16:00:00Z,143830,53.180708
55.26,56.45,53.21,1739,54.32,2021-10-20T12:00:00Z,208179,55.399072
53.07,55.39,52.55,1135,55.25,2021-10-20T16:00:00Z,136684,53.649326
52.88,52.98,52.67,10,52.98,2021-10-20T20:00:00Z,910,52.791111
49.65,53.96,49.46,2074,52.0,2021-10-21T12:00:00Z,203419,51.310721
50.89,51.51,49.66,1365,49.7,2021-10-21T16:00:00Z,133470,50.690208
50.63,50.63,50.63,1,50.63,2021-10-21T20:00:00Z,100,50.63
48.46,51.06,48.06,784,51.06,2021-10-22T12:00:00Z,78502,49.10687
49.4,49.76,47.39,1191,48.43,2021-10-22T16:00:00Z,151567,48.621878
55.07,55.24,51.09,833,51.09,2021-10-25T12:00:00Z,83921,53.384275
54.68,55.26,53.21,835,55.08,2021-10-25T16:00:00Z,80189,54.41147
54.59,54.79,54.58,4,54.79,2021-10-25T20:00:00Z,350,54.653333
53.74,54.94,52.665,928,53.64,2021-10-26T12:00:00Z,107011,53.550616
52.845,53.88,52.34,528,53.88,2021-10-26T16:00:00Z,50367,52.96973
49.96,50.96,48.93,676,50.53,2021-10-27T12:00:00Z,65412,49.990762
50.07,51.3,49.57,601,49.93,2021-10-27T16:00:00Z,58699,50.292903
51.69,53.625,51.54,582,52.39,2021-10-28T12:00:00Z,52772,52.72029
50.42,52.32,49.86,1198,51.875,2021-10-28T16:00:00Z,127274,50.981939
51.7,52.14,49.82,621,50.8,2021-10-29T12:00:00Z,53369,50.876263
52.21,52.72,51.22,907,51.84,2021-10-29T16:00:00Z,76224,52.011337
57.01,57.75,52.3,1231,52.3,2021-11-01T12:00:00Z,114853,55.924737
55.51,57.055,53.52,1603,57.055,2021-11-01T16:00:00Z,143207,55.235652
62.05,62.14,57.74,1570,57.74,2021-11-02T12:00:00Z,144490,60.221441
63.34,63.34,60.05,1593,61.98,2021-11-02T16:00:00Z,168378,61.543477
61.54,62.14,58.81,1274,61.56,2021-11-03T12:00:00Z,119748,60.310944
64.61,64.93,60.28,1762,61.35,2021-11-03T16:00:00Z,126076,62.883624
62.5,65.68,61.765,946,63.8,2021-11-04T12:00:00Z,76714,63.566285
64.3,64.815,62.14,858,62.29,2021-11-04T16:00:00Z,73229,63.65161
62.75,65.6,62.245,603,65.16,2021-11-05T12:00:00Z,52603,63.743502
63.855,63.98,62.06,616,62.69,2021-11-05T16:00:00Z,45195,63.171384
76.07,77.25,70.05,1122,70.05,2021-11-08T12:00:00Z,96849,73.607981
76.0,76.89,75.0,951,76.15,2021-11-08T16:00:00Z,77921,75.816985
75.32,75.99,74.42,208,75.84,2021-11-08T20:00:00Z,16024,75.323376
74.59,83.08,72.2,1491,81.54,2021-11-09T12:00:00Z,127596,77.953091
74.74,74.74,72.39,909,74.44,2021-11-09T16:00:00Z,75489,73.471242
76.15,76.5,74.48,382,74.48,2021-11-09T20:00:00Z,34805,75.828231
73.11,79.24,73.11,858,77.51,2021-11-10T12:00:00Z,83534,75.742399
66.02,76.025,65.94,1795,73.56,2021-11-10T16:00:00Z,157106,70.58191
64.91,67.2,64.17,941,66.15,2021-11-10T20:00:00Z,81178,65.677297
71.09,71.73,66.28,777,66.73,2021-11-11T12:00:00Z,71273,70.101711
71.735,72.81,70.85,522,71.14,2021-11-11T16:00:00Z,43052,71.793987
70.82,71.77,70.25,240,71.54,2021-11-11T20:00:00Z,15708,70.778832
69.8,71.235,67.66,449,69.54,2021-11-12T12:00:00Z,41160,69.082156
73.56,74.57,69.58,851,69.89,2021-11-12T16:00:00Z,71476,72.579821
76.22,76.81,73.36,439,73.63,2021-11-12T20:00:00Z,31342,75.550205
69.82,74.97,68.68,1425,74.97,2021-11-15T12:00:00Z,128665,70.88115
61.36,70.23,60.56,3045,69.89,2021-11-15T16:00:00Z,296234,65.208643
54.43,61.43,53.55,3411,61.41,2021-11-15T20:00:00Z,316627,57.07725
54.58,56.53,50.8,3467,50.98,2021-11-16T12:00:00Z,345185,54.044029
55.54,57.66,54.15,2431,54.525,2021-11-16T16:00:00Z,201317,56.160917
55.405,56.07,54.95,630,55.58,2021-11-16T20:00:00Z,55886,55.440445
50.78,56.57,48.91,1112,55.5,2021-11-17T12:00:00Z,100851,52.173049
50.09,52.5,50.01,1067,50.78,2021-11-17T16:00:00Z,95125,51.395667
50.58,51.52,49.52,937,50.11,2021-11-17T20:00:00Z,81703,50.73654
49.245,52.02,47.52,1123,51.0,2021-11-18T12:00:00Z,129090,49.689552
51.015,51.23,47.67,1229,49.395,2021-11-18T16:00:00Z,104385,49.871169
51.42,51.97,50.25,661,50.905,2021-11-18T20:00:00Z,35292,51.31475
54.01,54.5,51.865,1681,51.88,2021-11-19T12:00:00Z,110868,53.296826
55.0,56.73,53.68,1526,54.05,2021-11-19T16:00:00Z,107558,55.259387
54.61,55.52,53.82,738,55.36,2021-11-19T20:00:00Z,39114,54.852461
50.6,55.88,50.01,990,55.14,2021-11-22T12:00:00Z,59289,51.975001
50.32,50.885,48.5,949,50.8,2021-11-22T16:00:00Z,72306,49.976297
49.57,50.73,49.44,419,50.16,2021-11-22T20:00:00Z,32401,49.836903
49.7,53.73,49.7,1381,50.81,2021-11-23T12:00:00Z,96626,51.713031
52.34,52.92,49.73,1763,49.895,2021-11-23T16:00:00Z,159826,51.884217
52.12,52.45,51.61,520,52.295,2021-11-23T20:00:00Z,41145,52.063403
52.25,52.64,48.92,409,50.29,2021-11-24T12:00:00Z,34340,50.686995
50.94,52.31,50.58,615,52.2,2021-11-24T16:00:00Z,47684,51.29755
52.42,52.44,50.91,326,50.96,2021-11-24T20:00:00Z,26373,52.113352
50.015,51.15,48.315,1135,49.12,2021-11-26T12:00:00Z,76024,49.567865
49.37,50.0,48.1,916,49.89,2021-11-26T16:00:00Z,52800,49.339428
49.545,52.13,48.19,563,52.11,2021-11-29T12:00:00Z,47794,49.900922
50.94,52.2,48.97,855,49.34,2021-11-29T16:00:00Z,70940,50.733071
51.43,51.65,50.63,242,51.1,2021-11-29T20:00:00Z,15247,51.305505
52.32,54.855,51.28,705,52.14,2021-11-30T12:00:00Z,61325,53.096872
50.11,52.67,49.21,767,52.15,2021-11-30T16:00:00Z,64407,50.511694
51.4,51.4,49.89,202,50.24,2021-11-30T20:00:00Z,20576,50.792753
55.63,55.85,52.04,1024,52.59,2021-12-01T12:00:00Z,57041,54.193094
53.77,57.6,52.67,1875,55.63,2021-12-01T16:00:00Z,141454,55.336617
50.82,53.95,49.81,852,53.94,2021-12-01T20:00:00Z,77345,51.332129
50.06,52.88,48.25,916,50.79,2021-12-02T12:00:00Z,54361,50.450248
47.95,50.02,47.17,1474,49.69,2021-12-02T16:00:00Z,81429,48.745795
48.92,49.54,48.11,531,48.11,2021-12-02T20:00:00Z,33320,49.05599
43.85,49.36,43.04,894,48.96,2021-12-03T12:00:00Z,65873,45.230783
40.825,44.01,40.66,1163,43.76,2021-12-03T16:00:00Z,100547,42.266985
41.69,41.92,40.22,522,40.8,2021-12-03T20:00:00Z,46185,41.039692
40.25,40.585,35.99,1237,38.05,2021-12-06T12:00:00Z,99139,38.797825
41.71,44.04,39.88,1629,40.41,2021-12-06T16:00:00Z,124616,42.139126
41.81,42.57,41.53,512,41.76,2021-12-06T20:00:00Z,32964,42.040129
46.36,47.06,44.0,1140,44.49,2021-12-07T12:00:00Z,55372,45.707869
46.565,46.95,45.15,1083,46.65,2021-12-07T16:00:00Z,55238,46.254743
45.66,46.855,45.01,509,46.62,2021-12-07T20:00:00Z,30622,45.656449
45.955,47.09,44.25,559,45.71,2021-12-08T12:00:00Z,42406,45.769485
46.43,47.12,45.86,530,45.89,2021-12-08T16:00:00Z,32844,46.531134
46.64,46.79,46.34,244,46.34,2021-12-08T20:00:00Z,14964,46.600257
42.82,45.94,41.91,989,45.79,2021-12-09T12:00:00Z,66057,42.8988
41.51,43.39,41.51,681,42.655,2021-12-09T16:00:00Z,48116,42.32318
41.375,41.74,41.21,313,41.52,2021-12-09T20:00:00Z,22538,41.477037
39.82,43.51,39.53,564,43.1,2021-12-10T12:00:00Z,46839,40.963258
40.31,40.91,39.28,460,39.83,2021-12-10T16:00:00Z,34965,39.903008
40.47,40.63,39.92,207,40.09,2021-12-10T20:00:00Z,20710,40.377545
37.94,39.62,37.38,928,39.61,2021-12-13T12:00:00Z,74015,38.179018
37.31,37.98,36.52,1264,37.98,2021-12-13T16:00:00Z,97814,37.279663
36.96,38.07,36.9,364,37.35,2021-12-13T20:00:00Z,31381,37.32755
36.85,38.35,35.6,839,35.69,2021-12-14T12:00:00Z,62730,37.533175
36.83,37.09,36.075,701,36.93,2021-12-14T16:00:00Z,65994,36.612072
37.38,37.8,36.77,449,36.77,2021-12-14T20:00:00Z,57416,37.463278
34.55,36.53,34.51,365,36.26,2021-12-15T12:00:00Z,33529,35.277433
36.91,37.38,34.32,820,34.53,2021-12-15T16:00:00Z,84389,35.846143
38.8,39.94,36.92,702,36.92,2021-12-15T20:00:00Z,70561,38.687326
37.03,39.74,36.8,1426,39.08,2021-12-16T12:00:00Z,111107,37.837144
34.875,37.05,34.67,2316,37.05,2021-12-16T16:00:00Z,174295,35.591037
35.56,35.835,34.77,697,34.9,2021-12-16T20:00:00Z,43225,35.346692
34.845,35.29,32.4,1499,33.9,2021-12-17T12:00:00Z,93355,33.654402
33.89,35.94,33.75,1748,34.745,2021-12-17T16:00:00Z,107013,35.042541
33.855,34.09,33.02,1170,33.87,2021-12-17T20:00:00Z,83207,33.775833
31.8,33.415,31.735,720,32.15,2021-12-20T12:00:00Z,43386,32.575826
32.67,33.0,31.47,560,31.885,2021-12-20T16:00:00Z,44767,32.168911
32.45,33.08,32.44,367,32.77,2021-12-20T20:00:00Z,29261,32.666974
32.915,34.64,32.9,860,34.33,2021-12-21T12:00:00Z,62406,33.691797
34.58,34.77,32.86,952,32.955,2021-12-21T16:00:00Z,76229,33.809622
34.5,34.59,33.99,401,34.465,2021-12-21T20:00:00Z,27940,34.346585
34.42,35.15,33.72,758,34.15,2021-12-22T12:00:00Z,56125,34.467435
33.98,35.16,33.47,916,34.415,2021-12-22T16:00:00Z,66011,34.238789
34.09,34.27,33.83,302,33.98,2021-12-22T20:00:00Z,21876,34.098833
34.3,34.35,33.1,347,34.1,2021-12-23T12:00:00Z,24080,33.775921
38.275,38.7,34.28,1955,34.34,2021-12-23T16:00:00Z,165945,37.201328
38.13,38.56,37.78,594,38.23,2021-12-23T20:00:00Z,52669,38.206552
39.205,40.73,38.215,1368,39.28,2021-12-27T12:00:00Z,104736,39.418201
39.065,39.645,38.415,1808,39.225,2021-12-27T16:00:00Z,175866,39.052087
39.29,39.395,38.685,639,39.07,2021-12-27T20:00:00Z,63204,38.987808
35.33,37.12,35.25,976,37.05,2021-12-28T12:00:00Z,73872,36.210648
34.935,35.56,34.51,1138,35.31,2021-12-28T16:00:00Z,89120,34.970342
34.97,35.46,34.795,305,34.91,2021-12-28T20:00:00Z,27828,35.176911
35.21,35.78,33.89,561,34.87,2021-12-29T12:00:00Z,40475,34.514011
33.97,35.43,33.93,579,35.25,2021-12-29T16:00:00Z,48697,34.577909
33.9,34.17,33.38,419,33.925,2021-12-29T20:00:00Z,36230,33.749304
34.365,35.07,33.7,530,33.85,2021-12-30T12:00:00Z,36042,34.527639
35.5,35.93,34.27,1504,34.39,2021-12-30T16:00:00Z,131749,34.962566
34.36,35.35,34.36,444,35.31,2021-12-30T20:00:00Z,41371,34.740435
34.74,35.36,34.39,535,34.64,2021-12-31T12:00:00Z,37019,34.862629
33.54,34.98,33.53,1528,34.71,2021-12-31T16:00:00Z,121936,33.952824
32.85,33.83,32.85,501,33.61,2021-12-31T20:00:00Z,41516,33.203848
33.63,33.94,32.41,902,33.57,2022-01-03T12:00:00Z,59783,33.379873
33.28,34.17,33.04,1259,33.82,2022-01-03T16:00:00Z,83280,33.404912
32.84,33.31,32.69,765,33.31,2022-01-03T20:00:00Z,51083,32.932133
33.49,35.36,33.27,957,33.54,2022-01-04T12:00:00Z,63740,34.374904
33.31,34.32,32.67,1185,33.46,2022-01-04T16:00:00Z,85741,33.506123
34.08,34.25,33.42,476,33.42,2022-01-04T20:00:00Z,42165,33.932039
32.08,33.87,31.89,996,33.45,2022-01-05T12:00:00Z,68470,32.682421
30.02,32.17,30.0,1866,32.04,2022-01-05T16:00:00Z,142743,31.150781
29.54,30.03,29.22,729,29.97,2022-01-05T20:00:00Z,70064,29.703525
29.355,30.37,27.01,1478,29.71,2022-01-06T12:00:00Z,105307,28.580103
29.51,30.0,28.94,1069,29.45,2022-01-06T16:00:00Z,89740,29.553804
29.3,30.035,29.085,423,29.545,2022-01-06T20:00:00Z,40429,29.467199
27.75,29.4,27.23,733,28.86,2022-01-07T12:00:00Z,62149,28.337273
28.67,28.92,27.46,766,27.77,2022-01-07T16:00:00Z,68760,28.38848
28.48,28.83,28.39,416,28.65,2022-01-07T20:00:00Z,39848,28.550469
28.18,28.6,26.37,652,26.78,2022-01-10T12:00:00Z,53896,27.577595
28.025,29.2,27.47,1227,27.99,2022-01-10T16:00:00Z,115073,28.401302
28.9,28.97,27.805,529,28.205,2022-01-10T20:00:00Z,54070,28.520768
28.75,29.55,28.09,578,28.69,2022-01-11T12:00:00Z,40551,28.766933
29.8,30.35,28.75,1080,28.75,2022-01-11T16:00:00Z,90551,29.767382
29.6,29.88,29.47,281,29.79,2022-01-11T20:00:00Z,24559,29.624858
30.38,31.75,30.07,962,31.39,2022-01-12T12:00:00Z,72638,31.035991
30.36,30.95,29.8,858,30.45,2022-01-12T16:00:00Z,67978,30.395773
30.42,30.63,30.15,414,30.37,2022-01-12T20:00:00Z,35808,30.352763
29.16,31.32,28.75,554,30.99,2022-01-13T12:00:00Z,51805,30.133491
28.46,29.5,28.17,546,29.17,2022-01-13T16:00:00Z,58813,28.639682
28.1,28.42,27.88,463,28.38,2022-01-13T20:00:00Z,43810,28.07815
28.02,29.08,27.795,667,27.795,2022-01-14T12:00:00Z,69588,28.430851
28.14,28.44,27.455,524,28.24,2022-01-14T16:00:00Z,57586,27.949188
28.6,28.64,28.1,332,28.15,2022-01-14T20:00:00Z,37250,28.440168
27.205,28.06,26.9,618,27.5,2022-01-18T12:00:00Z,53207,27.480106
26.77,27.28,26.22,823,27.22,2022-01-18T16:00:00Z,76006,26.762879
26.47,26.85,25.95,412,26.76,2022-01-18T20:00:00Z,35513,26.256001
26.01,27.01,25.74,922,26.31,2022-01-19T12:00:00Z,70347,26.398741
25.705,26.46,25.35,1536,26.005,2022-01-19T16:00:00Z,105757,25.941121
24.79,25.67,24.79,536,25.63,2022-01-19T20:00:00Z,48843,25.088588
27.28,27.34,25.42,743,25.54,2022-01-20T12:00:00Z,71478,26.599906
26.11,27.32,26.04,1269,27.17,2022-01-20T16:00:00Z,93111,26.679202
24.905,26.15,24.79,401,26.06,2022-01-20T20:00:00Z,34803,25.102288
23.5,24.29,22.285,1083,22.98,2022-01-21T12:00:00Z,89070,23.099819
22.33,24.28,22.325,1557,23.48,2022-01-21T16:00:00Z,109348,23.181069
22.06,22.625,21.925,1090,22.3,2022-01-21T20:00:00Z,102443,22.280422
20.445,20.98,19.37,963,19.37,2022-01-24T12:00:00Z,76198,20.309272
22.03,22.61,19.54,1463,20.42,2022-01-24T16:00:00Z,126860,21.105118
22.82,23.01,21.9,627,22.11,2022-01-24T20:00:00Z,65060,22.704802
21.76,23.395,21.73,1040,22.5,2022-01-25T12:00:00Z,85934,22.424419
23.29,23.34,21.45,1116,21.725,2022-01-25T16:00:00Z,101604,22.542077
22.19,23.17,22.055,577,23.17,2022-01-25T20:00:00Z,71031,22.394204
22.69,24.2,22.45,761,23.99,2022-01-26T12:00:00Z,102314,23.386501
21.985,23.69,21.94,1136,22.63,2022-01-26T16:00:00Z,124868,22.891057
21.45,22.02,20.98,750,22.02,2022-01-26T20:00:00Z,65251,21.356472
20.79,21.81,20.36,394,21.58,2022-01-27T12:00:00Z,36142,20.933789
20.14,20.95,19.78,599,20.79,2022-01-27T16:00:00Z,64961,20.288053
19.77,20.42,19.615,585,20.2,2022-01-27T20:00:00Z,55087,19.91604
20.9,20.93,19.48,769,20.57,2022-01-28T12:00:00Z,69129,20.069116
21.02,21.62,20.55,1161,20.92,2022-01-28T16:00:00Z,98560,21.146736
22.09,22.29,20.99,630,21.11,2022-01-28T20:00:00Z,58027,21.592216
22.98,23.07,21.28,720,22.02,2022-01-31T12:00:00Z,97552,22.457121
23.12,23.57,22.77,794,23.04,2022-01-31T16:00:00Z,113844,23.180872
23.56,23.58,22.74,403,23.13,2022-01-31T20:00:00Z,55452,23.271798
24.485,24.485,23.21,901,24.03,2022-02-01T12:00:00Z,64765,23.912321
24.545,25.2,24.3,1405,24.525,2022-02-01T16:00:00Z,107434,24.716696
25.01,25.1,24.53,510,24.53,2022-02-01T20:00:00Z,45640,24.969115
23.04,24.72,22.98,305,24.48,2022-02-02T12:00:00Z,34590,23.532583
22.96,23.75,22.43,432,23.09,2022-02-02T16:00:00Z,49789,23.048528
23.03,23.2,22.8,276,22.91,2022-02-02T20:00:00Z,26765,22.976129
22.32,22.63,21.58,394,22.0,2022-02-03T12:00:00Z,41670,22.129697
21.215,22.33,21.12,437,22.27,2022-02-03T16:00:00Z,47130,21.630657
21.165,21.4,21.015,194,21.23,2022-02-03T20:00:00Z,20426,21.153465
22.86,23.63,21.15,1117,22.03,2022-02-04T12:00:00Z,105406,22.631704
23.54,23.77,22.67,1864,22.84,2022-02-04T16:00:00Z,212350,23.403074
23.55,23.83,23.28,443,23.63,2022-02-04T20:00:00Z,62566,23.512039
26.36,26.51,25.03,1288,25.06,2022-02-07T12:00:00Z,135665,25.996654
25.79,26.42,25.25,968,26.29,2022-02-07T16:00:00Z,103132,25.886161
25.58,26.07,25.33,419,25.78,2022-02-07T20:00:00Z,57529,25.66654
25.25,25.75,24.63,698,24.965,2022-02-08T12:00:00Z,82493,25.148775
25.63,26.36,25.15,601,25.27,2022-02-08T16:00:00Z,81052,25.696889
26.36,26.39,25.54,286,25.58,2022-02-08T20:00:00Z,34550,26.105286
27.41,27.51,26.37,768,26.8,2022-02-09T12:00:00Z,58851,26.981346
28.5,28.81,27.44,996,27.53,2022-02-09T16:00:00Z,85227,27.978961
29.0,29.03,28.26,520,28.52,2022-02-09T20:00:00Z,49535,28.697701
30.17,30.78,27.69,1157,27.8,2022-02-10T12:00:00Z,121316,29.706635
28.94,31.41,28.86,1294,30.02,2022-02-10T16:00:00Z,147687,30.212479
28.83,29.17,28.22,699,28.88,2022-02-10T20:00:00Z,83064,28.676719
29.27,29.67,28.33,628,28.99,2022-02-11T12:00:00Z,53760,29.056259
26.93,29.51,26.53,1274,29.28,2022-02-11T16:00:00Z,142487,27.817161
26.98,27.2,26.47,574,26.93,2022-02-11T20:00:00Z,66811,26.853954
26.43,27.82,26.07,574,26.82,2022-02-14T12:00:00Z,51551,26.727965
25.98,27.1,25.28,873,26.45,2022-02-14T16:00:00Z,84515,26.22148
25.54,25.97,25.4,396,25.88,2022-02-14T20:00:00Z,40542,25.643517
28.37,28.75,27.57,873,27.58,2022-02-15T12:00:00Z,71849,28.230737
28.42,28.9,27.45,1089,28.42,2022-02-15T16:00:00Z,91371,28.234924
28.64,28.65,28.06,462,28.41,2022-02-15T20:00:00Z,46300,28.496472
28.155,28.44,27.12,413,27.49,2022-02-16T12:00:00Z,33066,27.835139
28.65,28.76,27.51,671,28.12,2022-02-16T16:00:00Z,52008,27.982098
28.44,28.91,28.33,237,28.765,2022-02-16T20:00:00Z,19765,28.555732
26.96,27.8,26.82,353,27.135,2022-02-17T12:00:00Z,31098,27.297121
25.71,27.32,25.64,855,26.94,2022-02-17T16:00:00Z,72315,26.363974
25.71,25.89,25.5,321,25.68,2022-02-17T20:00:00Z,32040,25.682381
24.46,25.65,24.34,470,25.65,2022-02-18T12:00:00Z,33471,24.844252
24.4,24.91,23.83,641,24.34,2022-02-18T16:00:00Z,55537,24.313548
23.905,24.56,23.86,402,24.45,2022-02-18T20:00:00Z,29546,24.050081
23.24,24.06,22.67,622,22.71,2022-02-22T12:00:00Z,47011,23.397311
23.03,23.26,22.02,1037,23.23,2022-02-22T16:00:00Z,90797,22.552167
22.555,23.27,22.375,449,23.085,2022-02-22T20:00:00Z,42798,22.704723
21.98,23.895,21.98,473,23.41,2022-02-23T12:00:00Z,45615,22.830395
21.36,22.515,21.28,665,22.03,2022-02-23T16:00:00Z,58251,21.834461
21.01,21.44,20.94,348,21.36,2022-02-23T20:00:00Z,31012,21.12753
21.46,21.58,19.53,882,19.58,2022-02-24T12:00:00Z,66285,20.70048
22.05,22.14,20.755,1274,21.52,2022-02-24T16:00:00Z,102956,21.430654
22.99,23.01,22.0,690,22.05,2022-02-24T20:00:00Z,96393,22.702377
22.92,24.11,22.03,844,24.11,2022-02-25T12:00:00Z,69028,22.742018
22.73,23.27,22.37,660,22.86,2022-02-25T16:00:00Z,69510,22.750871
23.08,23.1,22.65,343,22.77,2022-02-25T20:00:00Z,41391,22.960683
25.6,25.725,23.35,764,23.375,2022-02-28T12:00:00Z,55394,24.81523
25.025,25.94,24.58,1498,25.66,2022-02-28T16:00:00Z,99378,25.174287
25.355,25.44,24.77,686,25.03,2022-02-28T20:00:00Z,43469,25.165231
25.57,27.38,25.56,1066,27.38,2022-03-01T12:00:00Z,95434,26.236968
26.49,26.93,24.965,1840,25.45,2022-03-01T16:00:00Z,167889,25.885175
26.08,26.91,25.92,662,26.54,2022-03-01T20:00:00Z,54606,26.206769
25.595,27.09,25.35,597,25.56,2022-03-02T12:00:00Z,44059,26.177161
26.295,26.74,25.49,696,25.49,2022-03-02T16:00:00Z,55981,26.336063
26.88,26.945,26.39,432,26.39,2022-03-02T20:00:00Z,36541,26.795412
25.08,27.21,25.05,1003,26.83,2022-03-03T12:00:00Z,80743,25.896467
25.22,25.86,25.03,1222,25.05,2022-03-03T16:00:00Z,108867,25.43415
24.65,25.19,24.52,539,25.19,2022-03-03T20:00:00Z,57059,24.783953
23.36,25.11,23.35,376,24.87,2022-03-04T12:00:00Z,32917,24.210442
22.63,24.055,22.62,696,23.43,2022-03-04T16:00:00Z,76109,23.32225
22.84,22.87,22.465,478,22.62,2022-03-04T20:00:00Z,43781,22.644531
22.31,23.85,22.14,719,23.12,2022-03-07T12:00:00Z,55445,22.972407
21.7,23.365,21.57,1027,22.32,2022-03-07T16:00:00Z,102763,22.505455
21.48,21.98,21.48,343,21.7,2022-03-07T20:00:00Z,30778,21.705851
22.6,22.6,21.31,615,21.65,2022-03-08T12:00:00Z,50586,21.951672
22.89,23.45,21.84,1187,22.61,2022-03-08T16:00:00Z,97883,22.768449
22.41,23.21,22.37,400,22.95,2022-03-08T20:00:00Z,36648,22.675499
25.84,25.84,24.04,839,24.41,2022-03-09T12:00:00Z,63730,25.093761
25.56,26.17,25.13,1324,25.81,2022-03-09T16:00:00Z,113417,25.685064
25.66,25.96,25.52,778,25.55,2022-03-09T20:00:00Z,113350,25.751448
23.43,24.44,23.42,660,23.99,2022-03-10T12:00:00Z,49603,24.047678
24.7,24.78,23.29,712,23.42,2022-03-10T16:00:00Z,70787,24.100267
24.74,24.845,24.46,370,24.66,2022-03-10T20:00:00Z,36056,24.699439
23.24,25.17,23.14,787,25.14,2022-03-11T12:00:00Z,68163,23.766232
22.75,23.15,22.56,636,23.14,2022-03-11T16:00:00Z,50406,22.871287
22.48,22.84,22.45,431,22.76,2022-03-11T20:00:00Z,40893,22.616348
21.46,22.4,21.26,839,22.32,2022-03-14T12:00:00Z,74880,21.787134
21.41,21.665,20.98,727,21.43,2022-03-14T16:00:00Z,85631,21.37878
21.41,22.15,20.38,865,21.3,2022-03-15T12:00:00Z,93850,21.606935
22.42,22.44,21.37,616,21.49,2022-03-15T16:00:00Z,57326,21.851387
23.58,23.93,22.91,743,23.33,2022-03-16T12:00:00Z,60950,23.523037
24.23,24.23,22.2,1048,23.42,2022-03-16T16:00:00Z,99394,23.390607
25.9,26.17,24.01,1176,24.01,2022-03-17T12:00:00Z,96394,25.471595
26.65,26.7,25.71,1083,25.97,2022-03-17T16:00:00Z,106469,26.253969
27.21,27.46,26.12,1141,26.28,2022-03-18T12:00:00Z,77190,26.881117
27.93,28.02,27.26,1632,27.26,2022-03-18T16:00:00Z,144710,27.680801
28.35,28.72,26.57,1063,27.79,2022-03-21T12:00:00Z,96262,27.474
27.59,28.33,26.8,2573,28.26,2022-03-21T16:00:00Z,172361,27.405069
30.02,30.955,28.83,1426,28.93,2022-03-22T12:00:00Z,109381,30.384945
29.435,30.27,29.33,1120,29.94,2022-03-22T16:00:00Z,88271,29.853141
30.24,30.28,28.52,1001,29.0,2022-03-23T12:00:00Z,75230,29.547368
29.26,30.275,29.08,1180,30.2,2022-03-23T16:00:00Z,107175,29.390613
30.23,30.4,28.34,968,30.11,2022-03-24T12:00:00Z,97721,29.413273
30.32,30.43,29.77,919,30.08,2022-03-24T16:00:00Z,90400,30.150306
28.6,31.38,28.55,1469,31.28,2022-03-25T12:00:00Z,128250,29.955374
28.93,28.96,28.25,967,28.64,2022-03-25T16:00:00Z,90693,28.655077
30.585,32.72,30.57,2335,31.0,2022-03-28T12:00:00Z,188445,31.601656
31.26,31.65,30.11,1318,30.55,2022-03-28T16:00:00Z,97325,30.980161
30.55,31.33,29.32,899,31.33,2022-03-29T12:00:00Z,69367,30.318829
31.15,31.61,30.35,935,30.54,2022-03-29T16:00:00Z,94451,31.19467
30.755,31.36,29.9,825,30.41,2022-03-30T12:00:00Z,50900,30.673201
29.58,30.895,29.3,1045,30.73,2022-03-30T16:00:00Z,78534,30.092527
28.94,30.125,28.72,760,29.77,2022-03-31T12:00:00Z,59566,29.236939
27.97,28.95,27.94,1199,28.87,2022-03-31T16:00:00Z,100618,28.37293
28.37,29.06,27.4,1301,27.86,2022-04-01T12:00:00Z,117947,28.251864
28.53,28.545,27.74,946,28.35,2022-04-01T16:00:00Z,85182,28.160051
28.0,28.9,27.77,1069,28.36,2022-04-04T12:00:00Z,81887,28.214128
28.94,28.94,27.6,1096,28.01,2022-04-04T16:00:00Z,87313,28.342945
26.98,29.39,26.64,1471,29.39,2022-04-05T12:00:00Z,137699,27.340547
26.245,27.07,26.04,1513,27.07,2022-04-05T16:00:00Z,159916,26.574578
24.27,25.6,24.01,1296,25.2,2022-04-06T12:00:00Z,95470,24.650128
24.145,25.14,23.86,1857,24.3,2022-04-06T16:00:00Z,150044,24.292597
23.14,24.56,23.02,1451,24.05,2022-04-07T12:00:00Z,99089,23.679254
23.79,24.25,22.82,1306,23.1,2022-04-07T16:00:00Z,111499,23.66008
23.13,23.8,22.91,1183,23.36,2022-04-08T12:00:00Z,93581,23.30593
22.67,23.53,22.63,1152,23.14,2022-04-08T16:00:00Z,106717,22.907656
22.09,22.85,21.42,1171,22.03,2022-04-11T12:00:00Z,83910,22.194576
21.91,22.44,21.85,1087,22.08,2022-04-11T16:00:00Z,88373,22.090206
22.23,23.32,21.99,1227,22.565,2022-04-12T12:00:00Z,122133,22.398462
21.18,22.22,20.88,1278,22.22,2022-04-12T16:00:00Z,131643,21.380288
22.315,22.57,20.97,629,21.07,2022-04-13T12:00:00Z,70242,21.882349
22.32,22.43,21.785,723,22.24,2022-04-13T16:00:00Z,73581,22.214673
21.02,22.32,20.93,1069,22.32,2022-04-14T12:00:00Z,73104,21.301143
21.22,21.46,20.97,630,21.02,2022-04-14T16:00:00Z,66022,21.176434
20.08,21.25,19.92,785,20.95,2022-04-18T12:00:00Z,64732,20.299474
20.88,21.03,19.79,1218,20.04,2022-04-18T16:00:00Z,107726,20.573618
21.5,21.88,20.46,1000,21.03,2022-04-19T12:00:00Z,87689,21.559704
21.5,21.73,21.16,983,21.455,2022-04-19T16:00:00Z,64383,21.444395
20.51,21.98,20.33,981,21.93,2022-04-20T12:00:00Z,93420,20.744717
20.72,20.85,20.27,835,20.64,2022-04-20T16:00:00Z,67603,20.615523
20.225,21.98,20.225,723,21.345,2022-04-21T12:00:00Z,70679,21.105018
19.32,20.35,19.145,926,20.25,2022-04-21T16:00:00Z,83836,19.631842
18.53,19.76,18.5,741,19.09,2022-04-22T12:00:00Z,55774,19.073248
18.16,18.59,18.09,1185,18.52,2022-04-22T16:00:00Z,101716,18.305485
18.08,18.51,17.61,1183,17.8,2022-04-25T12:00:00Z,82835,18.058877
18.7,18.76,17.94,1247,18.02,2022-04-25T16:00:00Z,88146,18.456099
17.415,18.5,17.4,625,18.5,2022-04-26T12:00:00Z,47389,17.815059
17.09,17.84,17.03,811,17.46,2022-04-26T16:00:00Z,58675,17.367587
16.905,18.14,16.86,1047,17.02,2022-04-27T12:00:00Z,89555,17.367671
16.76,17.34,16.645,844,16.88,2022-04-27T16:00:00Z,57423,16.992177
15.83,17.21,15.615,1831,16.895,2022-04-28T12:00:00Z,177567,16.065187
16.81,17.15,15.78,1398,15.89,2022-04-28T16:00:00Z,116490,16.678756
16.71,17.45,16.4,791,16.54,2022-04-29T12:00:00Z,62945,16.811237
15.57,16.67,15.53,884,16.67,2022-04-29T16:00:00Z,75452,15.946383
16.56,16.585,15.08,1278,15.53,2022-05-02T12:00:00Z,103478,16.042706
16.69,16.91,15.89,1835,16.52,2022-05-02T16:00:00Z,160143,16.480383
16.91,17.29,16.26,606,16.34,2022-05-03T12:00:00Z,57212,16.885733
16.78,17.06,16.41,962,16.9,2022-05-03T16:00:00Z,83869,16.733152
16.09,16.88,15.62,1436,16.88,2022-05-04T12:00:00Z,112580,15.972454
17.785,17.81,15.88,1927,16.09,2022-05-04T16:00:00Z,174040,16.846363
15.615,17.37,15.61,1444,17.23,2022-05-05T12:00:00Z,107606,16.336368
15.91,16.16,15.54,2019,15.6,2022-05-05T16:00:00Z,158045,15.75584
15.21,15.8,14.45,1028,15.43,2022-05-06T12:00:00Z,74435,15.06573
14.95,15.48,14.57,1456,15.165,2022-05-06T16:00:00Z,120327,14.893588
13.12,14.02,12.55,1147,13.9,2022-05-09T12:00:00Z,94728,13.320607
12.075,13.24,11.78,1759,13.03,2022-05-09T16:00:00Z,190433,12.297235
11.69,13.17,11.56,1108,12.87,2022-05-10T12:00:00Z,93489,12.344306
11.8,12.355,11.56,1358,11.69,2022-05-10T16:00:00Z,139036,11.948146
11.4,12.15,10.83,1378,11.0,2022-05-11T12:00:00Z,164462,11.661981
9.97,11.37,9.91,1362,11.37,2022-05-11T16:00:00Z,165520,10.480608
10.015,10.59,8.81,2519,9.33,2022-05-12T12:00:00Z,336834,9.467953
10.145,10.43,9.65,1247,9.95,2022-05-12T16:00:00Z,144928,9.976936
11.77,11.89,10.94,1295,11.165,2022-05-13T12:00:00Z,143964,11.592291
11.36,11.995,11.0,1577,11.825,2022-05-13T16:00:00Z,173917,11.352514
10.54,11.15,10.155,1088,11.14,2022-05-16T12:00:00Z,76081,10.676193
10.305,10.72,10.27,666,10.48,2022-05-16T16:00:00Z,51772,10.427782
11.135,11.21,10.51,697,10.765,2022-05-17T12:00:00Z,57896,10.854801
11.09,11.24,10.785,1266,11.14,2022-05-17T16:00:00Z,104014,10.991478
10.22,10.98,10.19,842,10.61,2022-05-18T12:00:00Z,76713,10.629982
10.15,10.25,9.95,929,10.21,2022-05-18T16:00:00Z,78604,10.113248
10.89,10.91,10.13,1027,10.19,2022-05-19T12:00:00Z,92990,10.535249
10.35,10.9,10.305,1056,10.89,2022-05-19T16:00:00Z,83835,10.533241
9.57,10.53,9.48,1074,10.51,2022-05-20T12:00:00Z,86900,9.920878
9.77,9.78,9.22,1181,9.52,2022-05-20T16:00:00Z,77653,9.54696
10.05,10.25,9.55,650,9.875,2022-05-23T12:00:00Z,53691,9.896716
9.925,10.175,9.815,821,10.035,2022-05-23T16:00:00Z,68903,9.958036
9.05,9.74,8.75,869,9.57,2022-05-24T12:00:00Z,66449,9.021109
9.0,9.22,8.78,858,9.01,2022-05-24T16:00:00Z,71880,8.959086
9.245,9.37,8.88,592,8.88,2022-05-25T12:00:00Z,47019,9.152686
9.26,9.435,9.14,1061,9.235,2022-05-25T16:00:00Z,105894,9.287899
9.55,9.63,8.535,979,8.81,2022-05-26T12:00:00Z,120036,9.098394
9.85,9.95,9.53,1229,9.53,2022-05-26T16:00:00Z,102447,9.78199
10.22,10.435,9.86,772,9.91,2022-05-27T12:00:00Z,58265,10.179035
10.27,10.295,9.93,934,10.27,2022-05-27T16:00:00Z,78188,10.157251
10.73,11.125,10.15,871,11.03,2022-05-31T12:00:00Z,130416,10.469472
10.24,10.865,10.04,1137,10.76,2022-05-31T16:00:00Z,118869,10.398739
9.17,10.35,9.17,1042,10.34,2022-06-01T12:00:00Z,106205,9.608986
9.21,9.35,9.115,850,9.16,2022-06-01T16:00:00Z,99121,9.248424
9.4,9.57,9.105,391,9.13,2022-06-02T12:00:00Z,47259,9.355437
9.34,9.59,9.225,969,9.4,2022-06-02T16:00:00Z,117225,9.371061
9.49,9.49,9.49,2,9.49,2022-06-02T20:00:00Z,1000,9.49
8.635,9.04,8.415,538,9.04,2022-06-03T12:00:00Z,46624,8.622893
8.795,8.805,8.6,1589,8.64,2022-06-03T16:00:00Z,124302,8.710045
8.94,9.25,8.87,531,9.17,2022-06-06T12:00:00Z,52296,9.075811
8.93,9.08,8.7,705,8.955,2022-06-06T16:00:00Z,53236,8.902275
8.645,8.87,8.34,722,8.69,2022-06-07T12:00:00Z,66402,8.62501
8.67,8.74,8.505,961,8.65,2022-06-07T16:00:00Z,99140,8.591351
8.75,9.09,8.66,700,8.68,2022-06-08T12:00:00Z,62762,8.873601
8.55,8.75,8.39,1171,8.73,2022-06-08T16:00:00Z,118139,8.534614
7.88,8.42,7.76,817,8.42,2022-06-09T12:00:00Z,81675,7.91567
7.65,7.87,7.65,946,7.865,2022-06-09T16:00:00Z,86425,7.729936
7.615,7.68,7.26,864,7.38,2022-06-10T12:00:00Z,93282,7.439049
7.545,7.665,7.415,1807,7.615,2022-06-10T16:00:00Z,191024,7.533986
6.785,6.855,6.13,2446,6.15,2022-06-13T12:00:00Z,291095,6.611693
6.635,6.985,6.53,1929,6.745,2022-06-13T16:00:00Z,211918,6.713194
7.04,7.05,6.415,533,6.615,2022-06-14T12:00:00Z,47264,6.777562
6.94,7.06,6.745,1561,7.04,2022-06-14T16:00:00Z,97731,6.914817
7.08,7.08,6.61,603,6.72,2022-06-15T12:00:00Z,72461,6.890955
6.865,7.17,6.61,1920,7.09,2022-06-15T16:00:00Z,170261,6.904112
6.44,6.79,6.275,942,6.69,2022-06-16T12:00:00Z,85414,6.420805
6.6,6.63,6.375,889,6.45,2022-06-16T16:00:00Z,81655,6.519788
6.725,6.82,6.54,312,6.62,2022-06-17T12:00:00Z,30510,6.662949
6.6,6.79,6.565,414,6.685,2022-06-17T16:00:00Z,38970,6.66829
7.475,7.755,6.92,704,6.96,2022-06-21T12:00:00Z,65456,7.475004
7.21,7.555,7.2,941,7.45,2022-06-21T16:00:00Z,86896,7.356677
6.97,7.31,6.94,631,7.06,2022-06-22T12:00:00Z,67590,7.13458
6.755,7.02,6.72,653,6.955,2022-06-22T16:00:00Z,50892,6.854012
6.79,6.965,6.525,706,6.75,2022-06-23T12:00:00Z,69311,6.748646
7.035,7.095,6.55,1079,6.785,2022-06-23T16:00:00Z,104487,6.864973
7.29,7.745,7.16,688,7.17,2022-06-24T12:00:00Z,69098,7.510646
7.41,7.43,7.28,829,7.32,2022-06-24T16:00:00Z,90979,7.381062
7.04,7.43,6.825,643,7.41,2022-06-27T12:00:00Z,56615,7.065353
6.865,7.04,6.855,770,7.04,2022-06-27T16:00:00Z,76411,6.924412
6.6,7.12,6.575,451,6.85,2022-06-28T12:00:00Z,37009,6.791782
6.445,6.69,6.32,819,6.59,2022-06-28T16:00:00Z,92334,6.473158
5.78,6.25,5.765,1165,6.25,2022-06-29T12:00:00Z,187615,5.895326
5.805,5.81,5.65,1418,5.795,2022-06-29T16:00:00Z,134021,5.750237
5.645,5.745,5.275,846,5.53,2022-06-30T12:00:00Z,111344,5.416742
5.335,5.705,5.33,786,5.645,2022-06-30T16:00:00Z,99545,5.530905
5.395,5.68,5.3,581,5.42,2022-07-01T12:00:00Z,53005,5.489849
5.525,5.545,5.35,776,5.4,2022-07-01T16:00:00Z,72046,5.466614
5.725,5.74,5.23,573,5.415,2022-07-05T12:00:00Z,75477,5.511008
6.05,6.07,5.67,934,5.71,2022-07-05T16:00:00Z,97376,5.904351
5.645,6.06,5.63,469,5.96,2022-07-06T12:00:00Z,45208,5.816278
5.66,5.81,5.61,1062,5.65,2022-07-06T16:00:00Z,101103,5.717788
5.73,5.73,5.73,1,5.73,2022-07-06T20:00:00Z,100,5.73
6.39,6.55,5.78,629,5.78,2022-07-07T12:00:00Z,68460,6.293263
7.0,7.075,6.35,1394,6.4,2022-07-07T16:00:00Z,165143,6.81611
8.73,8.89,6.61,3428,6.69,2022-07-08T12:00:00Z,454412,8.181778
8.5,8.775,7.96,2778,8.745,2022-07-08T16:00:00Z,348168,8.357193
7.855,8.27,7.68,1198,7.9,2022-07-11T12:00:00Z,148555,7.923065
7.81,8.005,7.75,1240,7.865,2022-07-11T16:00:00Z,160320,7.88263
7.575,7.87,7.39,835,7.75,2022-07-12T12:00:00Z,94486,7.62461
7.66,7.845,7.55,808,7.61,2022-07-12T16:00:00Z,85124,7.684975
7.625,7.87,7.05,470,7.46,2022-07-13T12:00:00Z,45253,7.555159
7.755,7.87,7.53,416,7.605,2022-07-13T16:00:00Z,61199,7.712208
7.81,7.81,7.26,395,7.56,2022-07-14T12:00:00Z,45249,7.509722
7.99,8.09,7.545,1026,7.88,2022-07-14T16:00:00Z,132918,7.880106
7.87,8.535,7.795,347,8.26,2022-07-15T12:00:00Z,51565,8.122539
8.035,8.055,7.69,800,7.83,2022-07-15T16:00:00Z,98460,7.915132
10.44,10.465,8.72,1748,8.84,2022-07-18T12:00:00Z,143215,9.700955
9.75,10.955,9.645,3612,10.44,2022-07-18T16:00:00Z,326580,10.278643
11.24,11.325,9.85,1253,10.37,2022-07-19T12:00:00Z,124291,10.642693
12.91,13.0,11.255,2974,11.255,2022-07-19T16:00:00Z,302191,12.152213
12.76,14.195,12.59,3805,13.63,2022-07-20T12:00:00Z,388895,13.344955
12.46,12.985,11.86,2125,12.765,2022-07-20T16:00:00Z,253079,12.399234
12.39,12.83,11.69,1472,11.75,2022-07-21T12:00:00Z,134427,12.310093
13.5,13.505,12.38,1378,12.38,2022-07-21T16:00:00Z,153677,12.967827
12.68,13.87,12.56,1310,13.87,2022-07-22T12:00:00Z,132190,13.181829
12.41,12.69,12.065,1023,12.68,2022-07-22T16:00:00Z,104775,12.409986
12.075,12.48,11.53,922,11.61,2022-07-25T12:00:00Z,98265,12.074147
11.56,12.34,11.525,1157,12.065,2022-07-25T16:00:00Z,105567,11.934642
10.335,11.265,10.3,748,11.11,2022-07-26T12:00:00Z,83645,10.792987
10.1,10.5,10.085,831,10.335,2022-07-26T16:00:00Z,73263,10.258524
10.89,11.54,10.59,1212,10.88,2022-07-27T12:00:00Z,122426,11.185272
12.32,12.625,10.81,1385,10.9,2022-07-27T16:00:00Z,148467,11.963669
13.345,13.71,11.85,1749,12.33,2022-07-28T12:00:00Z,160220,12.761429
13.19,13.5,12.7,1439,13.39,2022-07-28T16:00:00Z,181164,13.070597
13.29,14.145,12.61,1449,12.82,2022-07-29T12:00:00Z,138191,13.506981
12.97,13.38,12.855,1402,13.29,2022-07-29T16:00:00Z,188041,13.078417
12.345,13.19,12.045,1217,12.42,2022-08-01T12:00:00Z,110222,12.641646
12.27,12.38,11.86,975,12.31,2022-08-01T16:00:00Z,99251,12.173657
13.05,13.18,11.82,1315,11.92,2022-08-02T12:00:00Z,98373,12.575278
12.95,13.63,12.9,1142,13.075,2022-08-02T16:00:00Z,124321,13.179566
13.11,13.77,12.94,1585,13.19,2022-08-03T12:00:00Z,143997,13.314266
13.27,13.38,12.98,1141,13.095,2022-08-03T16:00:00Z,122201,13.171302
13.865,15.0,13.53,2060,13.53,2022-08-04T12:00:00Z,145070,14.265163
13.4,14.14,13.3,804,13.86,2022-08-04T16:00:00Z,79586,13.5606
13.79,14.39,13.23,789,13.29,2022-08-05T12:00:00Z,64445,13.927728
14.13,14.29,13.77,724,13.8,2022-08-05T16:00:00Z,83299,14.092634
14.68,15.72,14.37,901,15.37,2022-08-08T12:00:00Z,93519,14.996563
14.445,14.69,14.26,526,14.68,2022-08-08T16:00:00Z,53621,14.440501
14.56,14.94,13.34,469,13.8,2022-08-09T12:00:00Z,54712,14.02728
14.14,14.61,14.035,624,14.59,2022-08-09T16:00:00Z,73404,14.294276
15.74,15.83,14.66,768,15.29,2022-08-10T12:00:00Z,85877,15.291997
16.36,16.98,15.615,1950,15.73,2022-08-10T16:00:00Z,217858,16.325062
17.33,18.88,17.1,2106,17.71,2022-08-11T12:00:00Z,208302,17.922987
17.16,17.55,16.82,1024,17.29,2022-08-11T16:00:00Z,98764,17.142703
17.48,17.77,16.44,793,17.27,2022-08-12T12:00:00Z,75634,17.20893
18.23,18.295,17.53,879,17.53,2022-08-12T16:00:00Z,87460,18.018298
18.27,18.33,17.38,747,17.895,2022-08-15T12:00:00Z,67708,17.776903
17.65,18.41,17.58,845,18.28,2022-08-15T16:00:00Z,81710,17.853604
17.02,17.745,16.28,1316,17.52,2022-08-16T12:00:00Z,102003,16.733236
16.88,17.28,16.615,750,17.14,2022-08-16T16:00:00Z,67200,16.932845
15.4,16.67,15.32,1035,16.31,2022-08-17T12:00:00Z,85177,15.758202
15.44,16.1,15.31,796,15.385,2022-08-17T16:00:00Z,80876,15.609609
15.375,15.8,15.065,600,15.66,2022-08-18T12:00:00Z,60272,15.297684
15.545,15.735,15.16,542,15.36,2022-08-18T16:00:00Z,51083,15.42868
13.17,14.27,13.06,790,13.78,2022-08-19T12:00:00Z,70585,13.5577
13.18,13.74,13.15,933,13.16,2022-08-19T16:00:00Z,81944,13.393771
13.365,13.38,12.545,859,12.6,2022-08-22T12:00:00Z,72081,12.915835
12.93,13.445,12.795,912,13.36,2022-08-22T16:00:00Z,91668,13.057501
13.62,14.365,13.165,880,13.165,2022-08-23T12:00:00Z,87218,13.774419
13.705,13.915,13.49,561,13.62,2022-08-23T16:00:00Z,65730,13.699364
14.09,14.14,13.44,526,13.68,2022-08-24T12:00:00Z,41779,13.83961
13.76,14.3,13.69,499,14.08,2022-08-24T16:00:00Z,45003,13.930003
13.18,14.2,13.08,1270,13.88,2022-08-25T12:00:00Z,117925,13.722429
12.89,13.225,12.595,1456,13.175,2022-08-25T16:00:00Z,143586,12.878083
11.745,13.26,11.45,1019,13.26,2022-08-26T12:00:00Z,92206,12.318098
11.355,11.85,11.27,1261,11.705,2022-08-26T16:00:00Z,166305,11.472333
11.835,12.38,11.14,855,11.14,2022-08-29T12:00:00Z,69738,11.980706
11.805,12.095,11.725,449,11.835,2022-08-29T16:00:00Z,39409,11.881215
11.32,12.12,11.03,911,12.05,2022-08-30T12:00:00Z,82650,11.432174
11.555,11.57,11.045,843,11.34,2022-08-30T16:00:00Z,71439,11.369084
11.705,12.22,11.44,828,11.68,2022-08-31T12:00:00Z,73197,11.819442
11.87,11.94,11.58,861,11.725,2022-08-31T16:00:00Z,71261,11.761739
10.795,11.68,10.72,910,11.48,2022-09-01T12:00:00Z,83993,11.192434
11.505,11.51,10.79,558,10.79,2022-09-01T16:00:00Z,50333,11.17222
11.805,11.875,11.0,801,11.77,2022-09-02T12:00:00Z,68056,11.449787
11.37,11.8,11.21,867,11.795,2022-09-02T16:00:00Z,74341,11.403753
11.58,11.595,10.73,988,11.4,2022-09-06T12:00:00Z,84999,11.153301
11.135,12.09,11.085,1897,11.545,2022-09-06T16:00:00Z,175029,11.482525
11.18,11.51,10.83,425,11.0,2022-09-07T12:00:00Z,39418,11.066161
11.67,11.69,11.065,519,11.205,2022-09-07T16:00:00Z,45024,11.435588
12.64,12.78,11.38,904,11.4,2022-09-08T12:00:00Z,87010,12.296933
13.25,13.27,12.275,942,12.64,2022-09-08T16:00:00Z,84783,12.787693
14.275,14.29,13.7,1012,14.1,2022-09-09T12:00:00Z,100945,14.030281
14.16,14.55,14.09,933,14.24,2022-09-09T16:00:00Z,78856,14.286737
14.13,15.11,13.99,1070,14.69,2022-09-12T12:00:00Z,90766,14.58838
14.435,14.53,13.9,795,14.17,2022-09-12T16:00:00Z,100326,14.21325
12.94,13.61,12.87,913,13.02,2022-09-13T12:00:00Z,78354,13.221484
12.82,13.385,12.8,855,12.95,2022-09-13T16:00:00Z,80175,12.98223
12.91,12.93,12.435,376,12.78,2022-09-14T12:00:00Z,35776,12.644716
12.6,13.03,12.43,762,12.885,2022-09-14T16:00:00Z,73152,12.654551
12.405,13.17,12.245,1257,12.38,2022-09-15T12:00:00Z,137073,12.756492
12.06,12.66,12.05,1053,12.41,2022-09-15T16:00:00Z,118820,12.209346
11.36,11.715,11.285,1297,11.7,2022-09-16T12:00:00Z,109180,11.497988
10.93,11.38,10.92,1807,11.36,2022-09-16T16:00:00Z,134814,11.046065
10.47,11.045,10.43,898,10.44,2022-09-19T12:00:00Z,68953,10.773064
10.86,10.88,10.41,942,10.5,2022-09-19T16:00:00Z,62706,10.702221
10.74,10.82,10.44,485,10.62,2022-09-20T12:00:00Z,50861,10.617658
10.25,10.775,10.245,1173,10.73,2022-09-20T16:00:00Z,88569,10.430117
10.835,11.28,10.26,647,10.42,2022-09-21T12:00:00Z,83902,10.845168
10.87,11.53,10.53,1813,10.82,2022-09-21T16:00:00Z,146380,10.976662
10.185,10.79,10.155,663,10.78,2022-09-22T12:00:00Z,52294,10.396838
10.53,10.675,10.08,836,10.215,2022-09-22T16:00:00Z,82901,10.377278
9.68,10.1,9.4,1167,10.06,2022-09-23T12:00:00Z,88449,9.623596
9.45,9.695,9.36,1439,9.635,2022-09-23T16:00:00Z,131534,9.515444
9.67,10.22,9.535,796,9.585,2022-09-26T12:00:00Z,60367,9.888503
9.62,9.89,9.525,1056,9.63,2022-09-26T16:00:00Z,80481,9.680219
9.985,10.62,9.98,1314,10.36,2022-09-27T12:00:00Z,137314,10.273206
9.865,9.96,9.6,1324,9.92,2022-09-27T16:00:00Z,102248,9.770805
10.82,10.84,9.8,915,9.845,2022-09-28T12:00:00Z,71253,10.284135
10.94,11.0,10.51,1556,10.83,2022-09-28T16:00:00Z,121827,10.840504
10.63,10.68,10.055,622,10.51,2022-09-29T12:00:00Z,49940,10.357082
10.78,10.8,10.23,768,10.62,2022-09-29T16:00:00Z,84911,10.59615
11.35,11.825,10.51,833,10.765,2022-09-30T12:00:00Z,102441,11.258606
10.71,11.4,10.695,1083,11.29,2022-09-30T16:00:00Z,95494,11.019265
10.71,11.05,10.4,531,10.79,2022-10-03T12:00:00Z,57365,10.762239
11.065,11.305,10.55,650,10.78,2022-10-03T16:00:00Z,64297,10.988839
12.7,12.815,11.84,2502,11.87,2022-10-04T12:00:00Z,284637,12.435626
12.87,12.985,12.275,1994,12.715,2022-10-04T16:00:00Z,178790,12.711566
12.16,12.55,11.97,361,12.34,2022-10-05T12:00:00Z,33928,12.210863
12.84,12.92,12.18,478,12.185,2022-10-05T16:00:00Z,46698,12.678766
13.075,13.79,12.8,655,12.98,2022-10-06T12:00:00Z,84041,13.350955
13.095,13.32,12.92,640,13.04,2022-10-06T16:00:00Z,80343,13.134674
11.725,12.7,11.655,408,12.495,2022-10-07T12:00:00Z,44864,12.194872
11.19,11.775,11.015,837,11.745,2022-10-07T16:00:00Z,105915,11.241022
10.61,11.3,10.35,395,11.02,2022-10-10T12:00:00Z,41861,10.753016
10.755,10.84,10.36,486,10.605,2022-10-10T16:00:00Z,48890,10.648866
10.815,10.915,10.04,467,10.74,2022-10-11T12:00:00Z,46091,10.490764
10.45,10.895,10.175,805,10.79,2022-10-11T16:00:00Z,71028,10.471738
10.3,10.59,9.92,771,10.4,2022-10-12T12:00:00Z,55129,10.214755
10.41,10.5,10.13,888,10.28,2022-10-12T16:00:00Z,75445,10.348995
10.64,10.71,9.47,1061,9.58,2022-10-13T12:00:00Z,122169,10.023516
11.23,11.285,10.4,1378,10.66,2022-10-13T16:00:00Z,121506,11.063252
10.745,11.74,10.66,787,11.49,2022-10-14T12:00:00Z,82091,11.062188
10.295,10.85,10.265,986,10.75,2022-10-14T16:00:00Z,90159,10.428522
11.78,11.92,10.85,1353,10.88,2022-10-17T12:00:00Z,137510,11.383402
11.665,11.9,11.59,919,11.78,2022-10-17T16:00:00Z,94051,11.754574
11.435,12.49,11.17,970,12.41,2022-10-18T12:00:00Z,88558,11.562596
11.38,11.66,11.215,717,11.445,2022-10-18T16:00:00Z,72612,11.437638
11.55,11.65,10.86,613,11.25,2022-10-19T12:00:00Z,60006,11.283101
11.08,11.46,10.98,487,11.46,2022-10-19T16:00:00Z,51533,11.128117
11.27,11.64,10.65,630,10.69,2022-10-20T12:00:00Z,56509,11.28713
10.91,11.27,10.85,695,11.27,2022-10-20T16:00:00Z,63891,10.969077
11.005,11.135,10.57,844,10.81,2022-10-21T12:00:00Z,78635,10.858765
11.685,11.72,11.005,1142,11.005,2022-10-21T16:00:00Z,124268,11.466811
12.42,12.42,11.45,764,11.72,2022-10-24T12:00:00Z,72127,11.787762
12.89,12.99,12.21,1924,12.4,2022-10-24T16:00:00Z,192032,12.688889
14.29,14.5,12.81,1288,12.965,2022-10-25T12:00:00Z,125551,13.755983
14.765,14.93,14.06,2253,14.31,2022-10-25T16:00:00Z,219558,14.603514
15.025,15.565,14.17,1980,14.43,2022-10-26T12:00:00Z,191782,15.02208
13.79,15.21,13.775,1776,14.99,2022-10-26T16:00:00Z,194485,14.272473
13.76,14.52,13.5,915,14.215,2022-10-27T12:00:00Z,78710,14.085886
13.64,13.98,13.64,778,13.755,2022-10-27T16:00:00Z,78228,13.808445
13.325,14.205,13.13,889,13.63,2022-10-28T12:00:00Z,79311,13.60687
13.835,14.04,13.345,1095,13.385,2022-10-28T16:00:00Z,116372,13.719386
13.67,14.085,13.315,764,13.87,2022-10-31T12:00:00Z,83309,13.64975
13.105,13.67,13.02,654,13.66,2022-10-31T16:00:00Z,63193,13.250236
12.63,13.55,12.57,716,13.53,2022-11-01T12:00:00Z,76321,12.951303
12.22,12.775,12.19,953,12.68,2022-11-01T16:00:00Z,93620,12.385121
11.72,12.245,11.72,952,12.16,2022-11-02T12:00:00Z,89503,11.932232
10.92,12.14,10.855,2671,11.69,2022-11-02T16:00:00Z,282519,11.547385
11.025,11.515,10.595,1031,10.82,2022-11-03T12:00:00Z,113919,10.974315
10.51,11.155,10.5,1266,11.015,2022-11-03T16:00:00Z,130378,10.758116
10.62,11.44,10.62,1002,11.275,2022-11-04T12:00:00Z,107668,11.04984
10.855,10.88,10.3,1393,10.68,2022-11-04T16:00:00Z,139538,10.625459
10.89,10.89,10.89,4,10.89,2022-11-04T20:00:00Z,500,10.89
10.63,10.95,10.07,794,10.95,2022-11-07T12:00:00Z,102368,10.294205
10.46,10.735,10.275,1493,10.61,2022-11-07T16:00:00Z,141177,10.46366
10.485,10.52,10.44,371,10.455,2022-11-07T20:00:00Z,31788,10.48167
9.5,9.99,9.21,1291,9.99,2022-11-08T12:00:00Z,151994,9.438486
9.3,10.65,9.215,2031,9.53,2022-11-08T16:00:00Z,308194,9.707141
9.95,9.985,9.31,992,9.31,2022-11-08T20:00:00Z,163639,9.750375
9.8,10.61,9.34,1328,9.36,2022-11-09T12:00:00Z,269150,9.941083
9.84,10.28,9.59,1739,9.83,2022-11-09T16:00:00Z,177721,9.850239
9.72,10.05,9.615,945,9.85,2022-11-09T20:00:00Z,90280,9.815292
9.74,10.23,9.42,859,9.87,2022-11-10T12:00:00Z,80139,9.820157
9.645,9.985,9.46,1289,9.72,2022-11-10T16:00:00Z,128499,9.703949
9.97,10.025,9.575,542,9.62,2022-11-10T20:00:00Z,64756,9.879909
9.43,9.645,8.9,864,9.54,2022-11-11T12:00:00Z,140561,9.393434
9.84,9.945,9.3,1015,9.435,2022-11-11T16:00:00Z,105479,9.589185
9.865,9.905,9.575,575,9.835,2022-11-11T20:00:00Z,50070,9.796936
9.995,10.0,9.555,475,9.61,2022-11-14T12:00:00Z,61229,9.767727
9.655,9.975,9.6,516,9.96,2022-11-14T16:00:00Z,41798,9.733974
9.51,9.715,9.51,264,9.71,2022-11-14T20:00:00Z,23342,9.594631
9.945,10.14,9.73,1216,9.93,2022-11-15T12:00:00Z,109446,9.972306
9.63,9.96,9.42,1270,9.915,2022-11-15T16:00:00Z,128381,9.731573
9.535,9.68,9.49,603,9.68,2022-11-15T20:00:00Z,63432,9.549381
8.705,9.47,8.53,1303,9.38,2022-11-16T12:00:00Z,107638,8.926232
8.465,8.84,8.45,982,8.715,2022-11-16T16:00:00Z,89494,8.630868
8.29,8.455,8.205,1011,8.455,2022-11-16T20:00:00Z,93105,8.283628
8.005,8.3,7.945,1263,8.27,2022-11-17T12:00:00Z,155023,8.03027
7.995,8.275,7.91,1095,7.995,2022-11-17T16:00:00Z,124790,8.042596
8.005,8.025,7.91,439,8.01,2022-11-17T20:00:00Z,49130,7.992019
7.755,8.35,7.73,943,8.35,2022-11-18T12:00:00Z,79995,7.855962
7.545,7.92,7.46,1368,7.725,2022-11-18T16:00:00Z,133159,7.663428
7.45,7.57,7.45,605,7.545,2022-11-18T20:00:00Z,74528,7.484733
6.84,7.285,6.77,1764,7.095,2022-11-21T12:00:00Z,220975,6.950942
6.285,6.905,6.26,3449,6.85,2022-11-21T16:00:00Z,507339,6.546801
6.185,6.29,6.175,1161,6.285,2022-11-21T20:00:00Z,183471,6.233403
6.315,6.47,6.115,1719,6.47,2022-11-22T12:00:00Z,290691,6.324457
6.385,6.525,6.135,2719,6.315,2022-11-22T16:00:00Z,474291,6.377464
6.41,6.545,6.37,677,6.385,2022-11-22T20:00:00Z,101822,6.427264
6.595,6.75,6.35,844,6.43,2022-11-23T12:00:00Z,125513,6.599973
6.435,6.645,6.32,824,6.62,2022-11-23T16:00:00Z,82294,6.438409
6.48,6.52,6.395,633,6.405,2022-11-23T20:00:00Z,63585,6.458074
6.32,6.39,6.15,275,6.33,2022-11-25T12:00:00Z,41274,6.301162
6.225,6.32,6.16,643,6.32,2022-11-25T16:00:00Z,70772,6.218365
5.915,6.175,5.83,582,6.02,2022-11-28T12:00:00Z,68198,5.953391
5.945,6.15,5.895,1043,5.93,2022-11-28T16:00:00Z,113341,6.006746
5.99,6.0,5.935,398,5.95,2022-11-28T20:00:00Z,57632,5.967636
5.995,6.105,5.755,623,5.91,2022-11-29T12:00:00Z,61526,5.990066
5.875,5.98,5.86,328,5.96,2022-11-29T16:00:00Z,29811,5.908294
5.895,5.92,5.865,326,5.87,2022-11-29T20:00:00Z,45641,5.89932
5.89,6.03,5.84,461,6.03,2022-11-30T12:00:00Z,41636,5.919041
6.155,6.33,5.78,1681,5.9,2022-11-30T16:00:00Z,232551,6.017723
6.315,6.345,6.14,509,6.165,2022-11-30T20:00:00Z,80545,6.283985
6.35,6.63,6.12,673,6.35,2022-12-01T12:00:00Z,82007,6.407745
6.28,6.43,6.225,850,6.36,2022-12-01T16:00:00Z,103037,6.306344
6.215,6.3,6.21,205,6.29,2022-12-01T20:00:00Z,27739,6.253006
6.475,6.5,6.07,1007,6.22,2022-12-02T12:00:00Z,149129,6.305059
6.615,6.67,6.39,909,6.46,2022-12-02T16:00:00Z,109500,6.548046
6.91,6.94,6.615,796,6.615,2022-12-02T20:00:00Z,119791,6.827254
6.695,7.135,6.48,1234,6.98,2022-12-05T12:00:00Z,148681,6.680207
6.085,6.71,6.02,1216,6.705,2022-12-05T16:00:00Z,149731,6.364428
6.13,6.15,6.045,529,6.045,2022-12-05T20:00:00Z,55086,6.104966
5.63,6.155,5.6,601,6.12,2022-12-06T12:00:00Z,72036,5.797149
5.7,5.8,5.58,907,5.61,2022-12-06T16:00:00Z,118333,5.657553
5.785,5.8,5.68,243,5.69,2022-12-06T20:00:00Z,21118,5.73781
5.34,5.7,5.23,1174,5.7,2022-12-07T12:00:00Z,145110,5.380268
5.31,5.385,5.21,676,5.34,2022-12-07T16:00:00Z,60515,5.28133
5.37,5.425,5.325,344,5.325,2022-12-07T20:00:00Z,34210,5.370553
5.31,5.495,5.225,572,5.425,2022-12-08T12:00:00Z,75997,5.401022
5.345,5.51,5.24,1130,5.315,2022-12-08T16:00:00Z,138365,5.353872
5.385,5.4,5.32,243,5.34,2022-12-08T20:00:00Z,36595,5.370721
5.175,5.385,5.08,670,5.38,2022-12-09T12:00:00Z,83522,5.184186
5.07,5.3,4.99,938,5.17,2022-12-09T16:00:00Z,114626,5.110409
5.005,5.115,5.0,404,5.08,2022-12-09T20:00:00Z,59243,5.038593
5.055,5.055,4.825,492,4.92,2022-12-12T12:00:00Z,48401,4.982172
4.995,5.125,4.93,621,5.055,2022-12-12T16:00:00Z,73247,5.024602
5.055,5.065,5.0,393,5.005,2022-12-12T20:00:00Z,62227,5.040035
5.045,5.61,5.04,818,5.58,2022-12-13T12:00:00Z,105024,5.382755
4.81,5.1,4.8,994,5.045,2022-12-13T16:00:00Z,144935,4.897913
4.665,4.81,4.655,638,4.805,2022-12-13T20:00:00Z,153824,4.729779
4.73,4.82,4.575,706,4.74,2022-12-14T12:00:00Z,87462,4.734737
4.665,4.83,4.57,669,4.735,2022-12-14T16:00:00Z,109454,4.726276
4.715,4.82,4.675,433,4.74,2022-12-14T20:00:00Z,68491,4.725342
4.435,4.63,4.37,617,4.58,2022-12-15T12:00:00Z,79207,4.46405
4.445,4.47,4.315,661,4.43,2022-12-15T16:00:00Z,80675,4.379979
4.34,4.445,4.335,439,4.445,2022-12-15T20:00:00Z,56354,4.364866
4.0,4.24,3.955,541,4.13,2022-12-16T12:00:00Z,71705,4.102859
3.91,4.04,3.75,643,4.01,2022-12-16T16:00:00Z,102733,3.858373
3.87,3.91,3.855,363,3.88,2022-12-16T20:00:00Z,51961,3.87231
3.82,3.91,3.69,355,3.825,2022-12-19T12:00:00Z,47739,3.809785
3.91,3.945,3.8,474,3.82,2022-12-19T16:00:00Z,83197,3.889014
3.86,3.92,3.835,263,3.91,2022-12-19T20:00:00Z,31167,3.881444
3.9,4.06,3.74,574,3.87,2022-12-20T12:00:00Z,66045,3.92502
3.895,4.02,3.86,654,3.88,2022-12-20T16:00:00Z,75378,3.945115
3.9,3.915,3.865,307,3.895,2022-12-20T20:00:00Z,35022,3.889342
3.91,3.95,3.815,220,3.87,2022-12-21T12:00:00Z,19290,3.889748
3.72,3.9,3.69,414,3.9,2022-12-21T16:00:00Z,54783,3.779416
3.64,3.72,3.64,283,3.72,2022-12-21T20:00:00Z,38736,3.671115
3.505,3.61,3.49,300,3.59,2022-12-22T12:00:00Z,51634,3.525043
3.56,3.61,3.485,546,3.5,2022-12-22T16:00:00Z,99397,3.552612
3.66,3.68,3.55,433,3.57,2022-12-22T20:00:00Z,65418,3.644144
3.8,3.825,3.57,327,3.7,2022-12-23T12:00:00Z,46253,3.727829
3.735,3.785,3.71,222,3.75,2022-12-23T16:00:00Z,20674,3.734454
3.62,3.735,3.605,423,3.735,2022-12-23T20:00:00Z,67897,3.652682
3.45,3.64,3.41,277,3.62,2022-12-27T12:00:00Z,46315,3.468887
3.25,3.45,3.225,431,3.45,2022-12-27T16:00:00Z,94121,3.278204
3.235,3.275,3.23,146,3.255,2022-12-27T20:00:00Z,28628,3.246435
3.17,3.345,3.17,306,3.205,2022-12-28T12:00:00Z,44013,3.26267
3.155,3.26,3.115,300,3.165,2022-12-28T16:00:00Z,47601,3.163177
3.14,3.17,3.14,182,3.155,2022-12-28T20:00:00Z,24813,3.14822
3.32,3.34,3.145,283,3.22,2022-12-29T12:00:00Z,35590,3.272347
3.35,3.395,3.315,234,3.32,2022-12-29T16:00:00Z,25506,3.365655
3.405,3.435,3.35,183,3.35,2022-12-29T20:00:00Z,20234,3.408563
3.43,3.45,3.27,200,3.3,2022-12-30T12:00:00Z,21071,3.359416
3.35,3.47,3.325,236,3.44,2022-12-30T16:00:00Z,31807,3.38245
3.43,3.435,3.35,149,3.35,2022-12-30T20:00:00Z,16955,3.410074
3.59,3.76,3.47,350,3.56,2023-01-03T12:00:00Z,59997,3.61044
3.39,3.59,3.29,475,3.59,2023-01-03T16:00:00Z,85805,3.389925
3.41,3.435,3.38,228,3.4,2023-01-03T20:00:00Z,26587,3.397632
3.94,3.97,3.49,479,3.5,2023-01-04T12:00:00Z,82083,3.728407
4.235,4.29,3.92,1214,3.94,2023-01-04T16:00:00Z,237632,4.099692
4.215,4.325,4.175,442,4.25,2023-01-04T20:00:00Z,61389,4.24631
4.01,4.295,3.89,1132,4.12,2023-01-05T12:00:00Z,221516,4.064569
4.03,4.16,4.0,498,4.025,2023-01-05T16:00:00Z,100693,4.063214
3.91,4.025,3.905,346,4.02,2023-01-05T20:00:00Z,83270,3.946522
3.9,3.96,3.71,292,3.77,2023-01-06T12:00:00Z,40257,3.804013
4.09,4.09,3.77,485,3.9,2023-01-06T16:00:00Z,80385,3.941357
4.09,4.21,4.06,430,4.06,2023-01-06T20:00:00Z,71868,4.115815
4.92,5.09,4.245,987,4.26,2023-01-09T12:00:00Z,114930,4.742192
4.935,5.28,4.875,1320,4.9,2023-01-09T16:00:00Z,175377,5.09137
4.91,4.97,4.875,350,4.935,2023-01-09T20:00:00Z,50861,4.918527
5.02,5.22,4.77,635,4.88,2023-01-10T12:00:00Z,105693,4.994298
5.665,5.7,4.98,823,5.045,2023-01-10T16:00:00Z,158458,5.387702
5.75,5.81,5.54,578,5.67,2023-01-10T20:00:00Z,95356,5.681359
5.295,6.135,5.28,1413,5.7,2023-01-11T12:00:00Z,217814,5.683139
5.39,5.58,5.2,1196,5.285,2023-01-11T16:00:00Z,177299,5.406581
5.36,5.405,5.26,787,5.395,2023-01-11T20:00:00Z,168231,5.320389
5.6,5.955,5.39,759,5.92,2023-01-12T12:00:00Z,122345,5.614387
6.65,6.84,5.48,1846,5.52,2023-01-12T16:00:00Z,293008,6.269772
7.025,7.075,6.645,1807,6.655,2023-01-12T20:00:00Z,267674,6.939332
8.0,8.1,6.56,1752,6.65,2023-01-13T12:00:00Z,322667,7.397897
7.54,8.12,7.21,1277,8.06,2023-01-13T16:00:00Z,230972,7.461712
7.66,7.735,7.49,464,7.56,2023-01-13T20:00:00Z,72326,7.637121
8.39,8.84,8.13,1686,8.27,2023-01-17T12:00:00Z,202949,8.487194
8.41,8.48,7.9,1557,8.38,2023-01-17T16:00:00Z,158110,8.24135
8.385,8.495,8.355,582,8.42,2023-01-17T20:00:00Z,65276,8.407451
7.575,8.53,7.4,1121,8.49,2023-01-18T12:00:00Z,227265,8.055673
7.135,7.635,6.9,1307,7.57,2023-01-18T16:00:00Z,304675,7.256368
6.895,7.14,6.825,709,7.1,2023-01-18T20:00:00Z,95445,6.959158
6.93,7.3,6.54,612,6.73,2023-01-19T12:00:00Z,109501,6.972886
7.335,7.44,6.8,466,6.92,2023-01-19T16:00:00Z,88260,7.050543
7.35,7.38,7.235,204,7.33,2023-01-19T20:00:00Z,43816,7.323076
7.16,7.52,7.04,682,7.51,2023-01-20T12:00:00Z,103870,7.275527
7.585,7.785,7.18,914,7.18,2023-01-20T16:00:00Z,152539,7.502896
8.05,8.085,7.59,807,7.59,2023-01-20T20:00:00Z,145566,7.987971
8.45,8.52,7.83,857,8.09,2023-01-23T12:00:00Z,127958,8.202804
8.7,9.11,8.425,864,8.425,2023-01-23T16:00:00Z,119402,8.749043
8.99,9.0,8.69,296,8.73,2023-01-23T20:00:00Z,38741,8.914286
9.39,9.45,8.61,855,8.75,2023-01-24T12:00:00Z,91240,8.952591
9.045,9.55,8.88,913,9.41,2023-01-24T16:00:00Z,106601,9.172928
8.805,9.17,8.78,316,9.055,2023-01-24T20:00:00Z,57298,8.902265
8.285,8.34,7.915,408,8.32,2023-01-25T12:00:00Z,56701,8.069127
8.72,8.785,8.1,441,8.225,2023-01-25T16:00:00Z,58861,8.36449
8.74,8.91,8.66,286,8.82,2023-01-25T20:00:00Z,44078,8.746182
8.525,9.34,8.5,1151,9.17,2023-01-26T12:00:00Z,81859,8.948149
8.61,8.86,8.525,1311,8.53,2023-01-26T16:00:00Z,59993,8.699462
8.75,8.75,8.55,394,8.61,2023-01-26T20:00:00Z,20719,8.687794
8.46,8.855,8.335,1428,8.5,2023-01-27T12:00:00Z,207539,8.565715
8.15,8.56,7.985,3457,8.4,2023-01-27T16:00:00Z,435564,8.272057
8.0,8.35,7.985,1193,8.15,2023-01-27T20:00:00Z,204558,8.131084
7.68,8.155,7.51,826,7.77,2023-01-30T12:00:00Z,112578,7.858231
7.31,7.76,7.205,1360,7.75,2023-01-30T16:00:00Z,129314,7.539226
7.155,7.35,7.095,1227,7.305,2023-01-30T20:00:00Z,126220,7.186162
7.315,7.5,7.1,955,7.41,2023-01-31T12:00:00Z,81030,7.271647
7.255,7.355,7.14,1351,7.32,2023-01-31T16:00:00Z,118294,7.234907
7.235,7.315,7.11,821,7.255,2023-01-31T20:00:00Z,106589,7.209008
6.88,7.255,6.835,750,7.12,2023-02-01T12:00:00Z,102425,7.079541
7.46,7.63,6.845,1805,6.87,2023-02-01T16:00:00Z,256586,7.180565
7.515,7.86,7.46,1511,7.49,2023-02-01T20:00:00Z,218339,7.620024
8.31,8.55,7.85,1738,8.035,2023-02-02T12:00:00Z,254912,8.211195
7.87,8.54,7.84,1814,8.29,2023-02-02T16:00:00Z,217247,8.207625
8.02,8.02,7.745,996,7.86,2023-02-02T20:00:00Z,119870,7.973725
7.63,7.915,7.36,849,7.57,2023-02-03T12:00:00Z,90637,7.650392
7.07,7.67,7.065,614,7.6,2023-02-03T16:00:00Z,126537,7.336725
7.06,7.12,6.985,539,7.065,2023-02-03T20:00:00Z,86116,7.05968
6.935,7.12,6.66,450,6.86,2023-02-06T12:00:00Z,72767,6.881513
7.075,7.265,6.9,527,6.905,2023-02-06T16:00:00Z,84317,7.077036
7.08,7.13,6.99,201,7.085,2023-02-06T20:00:00Z,22113,7.075209
6.615,7.12,6.57,564,7.12,2023-02-07T12:00:00Z,80777,6.731536
6.835,7.235,6.51,897,6.63,2023-02-07T16:00:00Z,134894,6.829734
7.095,7.15,6.8,206,6.88,2023-02-07T20:00:00Z,24829,6.995494
6.83,7.4,6.8,326,6.92,2023-02-08T12:00:00Z,59735,6.999234
6.88,7.075,6.72,527,6.82,2023-02-08T16:00:00Z,58651,6.922704
6.82,6.89,6.77,149,6.86,2023-02-08T20:00:00Z,16429,6.821444
6.46,6.9,6.405,459,6.9,2023-02-09T12:00:00Z,53271,6.586481
6.055,6.47,6.0,920,6.47,2023-02-09T16:00:00Z,87657,6.178271
5.94,6.02,5.835,548,6.02,2023-02-09T20:00:00Z,73822,5.913757
5.745,5.895,5.52,643,5.84,2023-02-10T12:00:00Z,105992,5.735211
5.805,5.92,5.67,410,5.745,2023-02-10T16:00:00Z,52646,5.801811
5.93,5.935,5.78,230,5.805,2023-02-10T20:00:00Z,26921,5.874028
5.86,5.945,5.58,411,5.77,2023-02-13T12:00:00Z,67299,5.757544
5.84,6.02,5.79,409,5.865,2023-02-13T16:00:00Z,53476,5.919737
5.85,5.87,5.79,186,5.83,2023-02-13T20:00:00Z,15381,5.834809
6.27,6.615,5.7,500,5.78,2023-02-14T12:00:00Z,64049,6.292777
6.65,6.67,6.14,576,6.34,2023-02-14T16:00:00Z,109258,6.390513
6.735,6.815,6.57,240,6.665,2023-02-14T20:00:00Z,32442,6.716096
7.34,7.43,6.87,743,7.03,2023-02-15T12:00:00Z,86702,7.16866
7.59,7.775,7.3,706,7.32,2023-02-15T16:00:00Z,86779,7.520765
7.95,8.015,7.62,848,7.62,2023-02-15T20:00:00Z,167906,7.796471
8.325,8.46,7.5,1130,7.68,2023-02-16T12:00:00Z,152228,7.868687
7.7,8.65,7.7,1173,8.46,2023-02-16T16:00:00Z,162651,8.124356
7.205,7.725,7.155,662,7.725,2023-02-16T20:00:00Z,113970,7.349484
7.31,7.605,7.07,470,7.405,2023-02-17T12:00:00Z,109177,7.41835
7.55,7.6,7.11,490,7.28,2023-02-17T16:00:00Z,71275,7.336199
7.685,7.86,7.585,582,7.595,2023-02-17T20:00:00Z,98080,7.719379
7.23,7.73,7.17,660,7.36,2023-02-21T12:00:00Z,81035,7.37294
7.175,7.46,7.04,649,7.265,2023-02-21T16:00:00Z,63800,7.220531
7.135,7.21,7.11,451,7.195,2023-02-21T20:00:00Z,53234,7.163672
7.08,7.41,6.85,608,7.085,2023-02-22T12:00:00Z,114788,7.168994
7.12,7.39,6.95,858,7.09,2023-02-22T16:00:00Z,118210,7.146773
7.185,7.23,7.08,231,7.08,2023-02-22T20:00:00Z,27124,7.15063
7.13,7.37,7.09,301,7.37,2023-02-23T12:00:00Z,36946,7.229861
7.24,7.32,7.03,407,7.12,2023-02-23T16:00:00Z,47983,7.148275
7.275,7.34,7.215,194,7.29,2023-02-23T20:00:00Z,56061,7.260071
6.8,7.15,6.78,301,6.98,2023-02-24T12:00:00Z,36326,6.943256
6.685,6.835,6.515,486,6.82,2023-02-24T16:00:00Z,54337,6.675346
6.655,6.71,6.59,425,6.69,2023-02-24T20:00:00Z,48352,6.635447
6.825,7.125,6.8,471,6.945,2023-02-27T12:00:00Z,60379,6.93915
7.02,7.125,6.82,467,6.88,2023-02-27T16:00:00Z,73478,7.004707
7.1,7.11,6.975,217,7.025,2023-02-27T20:00:00Z,37022,7.058609
7.5,7.52,7.06,436,7.06,2023-02-28T12:00:00Z,48619,7.304831
7.43,7.785,7.26,1579,7.52,2023-02-28T16:00:00Z,174683,7.547106
7.1,7.435,7.1,481,7.4,2023-02-28T20:00:00Z,57094,7.245154
6.925,7.24,6.73,692,7.19,2023-03-01T12:00:00Z,90756,6.928031
6.41,6.89,6.38,407,6.84,2023-03-01T16:00:00Z,59231,6.64603
6.51,6.515,6.395,223,6.395,2023-03-01T20:00:00Z,31736,6.483186
6.305,6.33,5.98,435,6.285,2023-03-02T12:00:00Z,74677,6.130399
6.3,6.41,6.0,1013,6.3,2023-03-02T16:00:00Z,261210,6.145795
6.255,6.335,6.245,342,6.305,2023-03-02T20:00:00Z,43039,6.273082
6.265,6.35,5.945,661,6.0,2023-03-03T12:00:00Z,90941,6.1415
6.495,6.62,6.215,1203,6.265,2023-03-03T16:00:00Z,145120,6.424403
6.38,6.51,6.37,523,6.495,2023-03-03T20:00:00Z,87942,6.466036
6.72,6.745,6.22,179,6.355,2023-03-06T12:00:00Z,16967,6.539111
6.34,6.84,6.25,334,6.72,2023-03-06T16:00:00Z,50740,6.540684
6.325,6.42,6.29,194,6.355,2023-03-06T20:00:00Z,33489,6.331058
6.18,6.37,6.05,393,6.275,2023-03-07T12:00:00Z,51456,6.195508
6.07,6.4,6.06,746,6.185,2023-03-07T16:00:00Z,72282,6.238443
6.1,6.145,6.085,127,6.095,2023-03-07T20:00:00Z,19720,6.10116
6.12,6.18,5.88,273,6.04,2023-03-08T12:00:00Z,23407,6.032708
6.055,6.21,5.99,352,6.125,2023-03-08T16:00:00Z,37031,6.069702
6.17,6.19,6.03,213,6.065,2023-03-08T20:00:00Z,22423,6.127529
6.08,6.215,6.01,209,6.05,2023-03-09T12:00:00Z,24399,6.130571
5.59,6.08,5.59,497,6.08,2023-03-09T16:00:00Z,46184,5.806612
5.5,5.61,5.5,234,5.61,2023-03-09T20:00:00Z,30556,5.523589
5.475,5.56,5.19,309,5.47,2023-03-10T12:00:00Z,42800,5.349357
5.33,5.65,5.13,548,5.47,2023-03-10T16:00:00Z,79081,5.338782
5.33,5.41,5.3,520,5.335,2023-03-10T20:00:00Z,57490,5.35093
6.43,6.67,5.35,1570,5.67,2023-03-13T12:00:00Z,153152,6.111916
6.73,6.95,6.19,1844,6.45,2023-03-13T16:00:00Z,227832,6.614077
7.75,7.8,7.2,1308,7.44,2023-03-14T12:00:00Z,166785,7.487037
7.12,7.82,6.745,1137,7.75,2023-03-14T16:00:00Z,160056,7.240535
7.02,7.47,6.875,935,7.09,2023-03-15T12:00:00Z,93710,7.117787
7.04,7.09,6.625,792,6.98,2023-03-15T16:00:00Z,86955,6.87325
7.36,7.46,7.02,564,7.02,2023-03-16T12:00:00Z,57261,7.2436
7.62,7.735,7.16,917,7.37,2023-03-16T16:00:00Z,103445,7.527163
7.965,8.5,7.66,938,8.42,2023-03-17T12:00:00Z,133169,8.011604
8.16,8.5,7.95,1145,8.04,2023-03-17T16:00:00Z,175598,8.233018
7.96,8.48,7.96,1040,8.48,2023-03-20T12:00:00Z,141750,8.138999
7.825,7.96,7.62,1001,7.96,2023-03-20T16:00:00Z,135915,7.791338
8.425,8.425,7.77,792,7.88,2023-03-21T12:00:00Z,126691,8.090671
8.87,8.91,8.34,1810,8.43,2023-03-21T16:00:00Z,340808,8.732934
8.87,9.11,8.64,1030,8.87,2023-03-22T12:00:00Z,169249,8.852921
7.78,8.93,7.75,1582,8.855,2023-03-22T16:00:00Z,227634,8.457038
8.82,8.93,7.91,838,7.96,2023-03-23T12:00:00Z,165466,8.583974
8.465,8.88,8.075,1368,8.805,2023-03-23T16:00:00Z,228311,8.427533
8.06,8.29,7.9,1511,8.19,2023-03-24T12:00:00Z,288618,8.045716
7.805,8.07,7.58,929,8.04,2023-03-24T16:00:00Z,171960,7.806165
7.12,8.035,7.1,813,8.035,2023-03-27T12:00:00Z,125048,7.565226
7.105,7.37,7.105,610,7.11,2023-03-27T16:00:00Z,102134,7.216988
7.095,7.205,6.88,598,7.03,2023-03-28T12:00:00Z,82152,7.05594
7.2,7.205,6.875,742,7.11,2023-03-28T16:00:00Z,108958,7.009862
7.73,8.125,7.5,718,7.57,2023-03-29T12:00:00Z,118530,7.870952
7.93,7.97,7.52,543,7.68,2023-03-29T16:00:00Z,98503,7.818579
7.87,8.135,7.8,627,8.1,2023-03-30T12:00:00Z,182814,8.033767
7.815,7.86,7.6,473,7.86,2023-03-30T16:00:00Z,66800,7.762125
8.39,8.6,7.855,802,7.875,2023-03-31T12:00:00Z,115284,8.30067
8.7,8.735,8.3,1129,8.39,2023-03-31T16:00:00Z,168606,8.582219
8.36,8.905,8.18,936,8.55,2023-04-03T12:00:00Z,163980,8.429666
8.42,8.525,8.14,565,8.39,2023-04-03T16:00:00Z,86831,8.312349
8.22,8.635,8.01,679,8.61,2023-04-04T12:00:00Z,103613,8.244055
8.495,8.59,8.15,508,8.22,2023-04-04T16:00:00Z,77093,8.464896
7.97,8.615,7.87,848,8.585,2023-04-05T12:00:00Z,155301,8.128153
7.91,7.97,7.65,609,7.97,2023-04-05T16:00:00Z,89396,7.8409
8.17,8.195,7.66,255,7.84,2023-04-06T12:00:00Z,32294,7.988363
7.975,8.28,7.945,599,8.205,2023-04-06T16:00:00Z,78186,8.108393
8.06,8.265,7.66,604,7.965,2023-04-10T12:00:00Z,73562,7.896801
9.1,9.14,7.95,1403,8.06,2023-04-10T16:00:00Z,202774,8.727712
9.915,9.995,9.27,1392,9.49,2023-04-11T12:00:00Z,227874,9.689344
10.2,10.64,9.88,2324,9.92,2023-04-11T16:00:00Z,391442,10.323481
10.3,10.57,9.93,1546,10.0,2023-04-12T12:00:00Z,251675,10.189732
9.945,10.395,9.69,1220,10.3,2023-04-12T16:00:00Z,231797,10.010715
11.49,11.64,10.39,1283,10.43,2023-04-13T12:00:00Z,231949,11.156674
11.5,11.69,11.19,1438,11.535,2023-04-13T16:00:00Z,265923,11.437867
11.33,12.26,11.2,2127,12.26,2023-04-14T12:00:00Z,340238,11.82188
11.96,12.0,10.99,1498,11.295,2023-04-14T16:00:00Z,197543,11.537665
11.26,11.6,10.975,1072,10.975,2023-04-17T12:00:00Z,91938,11.300362
11.43,11.64,11.22,1436,11.24,2023-04-17T16:00:00Z,129476,11.488954
11.94,12.81,11.855,1519,12.08,2023-04-18T12:00:00Z,206409,12.323446
11.665,12.06,11.45,1418,11.93,2023-04-18T16:00:00Z,214206,11.684638
10.78,11.33,10.725,644,10.91,2023-04-19T12:00:00Z,85888,11.04241
10.68,11.06,10.65,653,10.795,2023-04-19T16:00:00Z,90203,10.840221
10.07,10.63,9.99,699,10.34,2023-04-20T12:00:00Z,89161,10.300137
9.5,10.05,9.46,1053,10.03,2023-04-20T16:00:00Z,124363,9.727965
9.55,9.85,9.235,579,9.85,2023-04-21T12:00:00Z,106396,9.48409
8.92,9.57,8.875,740,9.57,2023-04-21T16:00:00Z,119383,9.062976
8.75,9.35,8.7,718,8.97,2023-04-24T12:00:00Z,90524,9.001271
8.88,9.07,8.79,650,8.81,2023-04-24T16:00:00Z,91884,8.92376
8.66,8.95,8.59,767,8.72,2023-04-25T12:00:00Z,79612,8.799733
9.0,9.41,8.58,1248,8.66,2023-04-25T16:00:00Z,193686,9.027623
10.55,10.64,9.62,1337,9.98,2023-04-26T12:00:00Z,173832,10.147013
9.47,10.62,9.41,1436,10.58,2023-04-26T16:00:00Z,179913,10.123945
9.45,9.86,9.27,1140,9.83,2023-04-27T12:00:00Z,181731,9.572798
10.065,10.08,9.31,1263,9.47,2023-04-27T16:00:00Z,178286,9.811577
10.135,10.155,9.51,681,9.87,2023-04-28T12:00:00Z,71951,9.852764
10.075,10.33,9.95,584,10.17,2023-04-28T16:00:00Z,70718,10.117157
9.055,9.92,8.955,857,9.75,2023-05-01T12:00:00Z,104967,9.338602
8.775,9.265,8.65,1364,9.045,2023-05-01T16:00:00Z,165687,8.925532
9.29,9.465,8.66,956,8.88,2023-05-02T12:00:00Z,128145,9.131648
9.545,9.695,9.25,894,9.26,2023-05-02T16:00:00Z,120719,9.50987
9.565,9.635,9.11,1015,9.16,2023-05-03T12:00:00Z,144563,9.362886
9.54,9.97,9.43,1234,9.55,2023-05-03T16:00:00Z,185951,9.702616
10.26,10.53,9.625,918,9.72,2023-05-04T12:00:00Z,137269,9.99725
10.25,10.455,10.025,1403,10.27,2023-05-04T16:00:00Z,150213,10.211217
10.27,10.65,10.0,1242,10.365,2023-05-05T12:00:00Z,210678,10.343873
10.48,10.58,10.185,2061,10.31,2023-05-05T16:00:00Z,290096,10.390039
9.585,9.91,9.39,772,9.88,2023-05-08T12:00:00Z,117005,9.58009
9.3,9.71,9.25,1068,9.56,2023-05-08T16:00:00Z,144296,9.40089
9.37,9.79,9.335,552,9.48,2023-05-09T12:00:00Z,104031,9.561443
9.38,9.595,9.31,749,9.37,2023-05-09T16:00:00Z,98296,9.431514
10.52,10.67,9.675,1606,9.8,2023-05-10T12:00:00Z,190123,10.175016
10.24,10.72,9.88,1896,10.465,2023-05-10T16:00:00Z,252817,10.234277
10.38,10.38,10.3,2,10.3,2023-05-10T20:00:00Z,200,10.34
9.11,9.92,9.07,900,9.845,2023-05-11T12:00:00Z,128049,9.54512
8.765,9.11,8.665,901,9.08,2023-05-11T16:00:00Z,113689,8.792919
8.69,8.88,8.54,901,8.63,2023-05-12T12:00:00Z,124930,8.663471
8.92,8.92,8.55,1042,8.645,2023-05-12T16:00:00Z,142742,8.751086
9.31,9.43,8.96,1245,9.19,2023-05-15T12:00:00Z,123655,9.188615
9.53,9.605,9.29,1565,9.305,2023-05-15T16:00:00Z,152777,9.47177
9.185,9.53,9.11,456,9.135,2023-05-16T12:00:00Z,81020,9.289268
9.27,9.33,9.0,493,9.15,2023-05-16T16:00:00Z,47307,9.204211
9.535,9.61,9.05,957,9.08,2023-05-17T12:00:00Z,103657,9.389487
10.09,10.195,9.525,1165,9.57,2023-05-17T16:00:00Z,146366,9.961913
9.85,10.4,9.85,934,9.93,2023-05-18T12:00:00Z,117075,10.048105
9.375,9.84,9.03,1314,9.84,2023-05-18T16:00:00Z,244714,9.322619
9.44,9.715,9.205,346,9.445,2023-05-19T12:00:00Z,60362,9.418533
9.175,9.47,9.17,502,9.435,2023-05-19T16:00:00Z,72594,9.275232
9.36,9.365,8.95,830,9.165,2023-05-22T12:00:00Z,171024,9.139457
9.65,9.71,9.36,758,9.37,2023-05-22T16:00:00Z,101024,9.594757
9.895,10.34,9.74,779,9.755,2023-05-23T12:00:00Z,110366,10.016444
9.32,9.935,9.265,1044,9.915,2023-05-23T16:00:00Z,133231,9.470409
9.455,9.49,8.86,1148,9.11,2023-05-24T12:00:00Z,163846,9.103107
9.45,9.6,9.26,714,9.49,2023-05-24T16:00:00Z,90486,9.428418
8.88,9.555,8.83,992,9.47,2023-05-25T12:00:00Z,125785,9.03966
9.105,9.245,8.785,1166,8.85,2023-05-25T16:00:00Z,146582,9.060408
9.015,9.69,9.015,942,9.18,2023-05-26T12:00:00Z,133698,9.326457
8.94,9.1,8.855,818,9.015,2023-05-26T16:00:00Z,99818,8.963043
9.56,10.2,9.41,1515,9.46,2023-05-30T12:00:00Z,228539,9.847733
9.42,9.465,9.145,570,9.46,2023-05-30T16:00:00Z,78488,9.331111
9.19,9.38,9.025,749,9.17,2023-05-31T12:00:00Z,77104,9.203011
9.78,9.83,9.2,1158,9.21,2023-05-31T16:00:00Z,152315,9.610288
9.9,10.04,9.57,527,9.63,2023-06-01T12:00:00Z,92873,9.868376
10.03,10.38,9.93,1076,9.93,2023-06-01T16:00:00Z,155974,10.150107
9.915,10.37,9.57,889,10.35,2023-06-02T12:00:00Z,130821,9.952323
10.025,10.13,9.73,783,9.9,2023-06-02T16:00:00Z,89065,9.942192
9.2,9.97,9.2,817,9.72,2023-06-05T12:00:00Z,102257,9.685391
9.19,9.395,9.06,1017,9.19,2023-06-05T16:00:00Z,166415,9.202679
9.375,9.425,8.47,1226,8.92,2023-06-06T12:00:00Z,109451,9.026738
10.075,10.13,9.42,2238,9.42,2023-06-06T16:00:00Z,221658,9.853394
9.525,10.58,9.495,2814,10.01,2023-06-07T12:00:00Z,312905,9.941889
9.535,9.73,9.43,745,9.495,2023-06-07T16:00:00Z,76414,9.584961
9.8,9.88,9.545,574,9.59,2023-06-08T12:00:00Z,67006,9.761727
9.59,9.83,9.54,450,9.795,2023-06-08T16:00:00Z,48094,9.658456
9.26,9.8,9.25,1545,9.79,2023-06-09T12:00:00Z,114803,9.499084
9.37,9.42,9.2,517,9.24,2023-06-09T16:00:00Z,55660,9.313896
9.36,9.485,9.17,782,9.27,2023-06-12T12:00:00Z,49130,9.36371
9.34,9.43,9.25,451,9.33,2023-06-12T16:00:00Z,47530,9.356991
9.315,9.95,9.3,803,9.52,2023-06-13T12:00:00Z,135462,9.676564
9.665,9.74,9.31,385,9.31,2023-06-13T16:00:00Z,43940,9.573403
9.78,10.025,9.55,667,9.74,2023-06-14T12:00:00Z,89024,9.852931
9.68,9.92,9.52,838,9.74,2023-06-14T16:00:00Z,117000,9.710033
9.265,9.4,9.11,1055,9.305,2023-06-15T12:00:00Z,117108,9.273266
9.34,9.53,9.18,1012,9.27,2023-06-15T16:00:00Z,190894,9.3166
9.42,9.5,9.16,714,9.5,2023-06-16T12:00:00Z,82228,9.325759
9.96,10.05,9.435,1676,9.44,2023-06-16T16:00:00Z,235580,9.824636
10.22,10.7,9.82,1447,10.21,2023-06-20T12:00:00Z,212990,10.164318
11.725,11.73,10.15,2762,10.21,2023-06-20T16:00:00Z,448930,11.174049
12.41,12.85,12.04,3061,12.27,2023-06-21T12:00:00Z,426049,12.4427
12.2,12.9,12.12,2597,12.4,2023-06-21T16:00:00Z,285782,12.433785
11.67,12.63,11.14,1577,12.26,2023-06-22T12:00:00Z,194549,11.820123
11.82,11.97,11.53,1163,11.65,2023-06-22T16:00:00Z,137309,11.799198
12.78,12.875,11.52,1730,11.7,2023-06-23T12:00:00Z,228125,12.267188
12.7,13.095,12.46,4589,12.775,2023-06-23T16:00:00Z,446528,12.77777
12.17,13.04,12.06,1629,12.5,2023-06-26T12:00:00Z,213733,12.591723
11.78,12.16,11.42,1482,12.16,2023-06-26T16:00:00Z,235911,11.761346
12.755,13.18,12.05,1390,12.18,2023-06-27T12:00:00Z,283250,12.833421
13.36,13.5,12.625,1688,12.735,2023-06-27T16:00:00Z,260938,13.205749
13.39,13.39,13.39,1,13.39,2023-06-27T20:00:00Z,100,13.39
13.61,13.69,12.6,2189,12.99,2023-06-28T12:00:00Z,324795,13.109713
13.17,13.67,12.89,1115,13.6,2023-06-28T16:00:00Z,147401,13.220137
13.29,14.3,13.29,1201,13.63,2023-06-29T12:00:00Z,152481,13.788249
13.81,13.84,13.18,1295,13.33,2023-06-29T16:00:00Z,164559,13.566445
13.69,13.69,13.69,2,13.69,2023-06-29T20:00:00Z,271,13.69
13.35,14.61,13.175,1668,14.42,2023-06-30T12:00:00Z,199139,13.665051
13.86,14.05,13.25,1246,13.37,2023-06-30T16:00:00Z,251881,13.850943
15.39,15.61,13.96,1614,13.96,2023-07-03T12:00:00Z,252278,15.072984
15.33,15.52,15.2,542,15.425,2023-07-03T16:00:00Z,56172,15.370004
15.2,15.7,14.58,1504,14.64,2023-07-05T12:00:00Z,180432,15.184365
15.56,15.83,15.065,1212,15.13,2023-07-05T16:00:00Z,151702,15.617149
15.2,15.93,14.515,1345,15.76,2023-07-06T12:00:00Z,155944,15.036042
15.325,15.345,14.79,892,15.18,2023-07-06T16:00:00Z,117040,15.068901
16.49,16.59,15.25,1691,15.33,2023-07-07T12:00:00Z,181627,16.213782
15.685,16.72,15.5,1444,16.47,2023-07-07T16:00:00Z,245402,16.13599
16.175,16.365,15.24,1267,15.835,2023-07-10T12:00:00Z,142584,15.7187
16.93,16.98,15.76,1213,16.16,2023-07-10T16:00:00Z,144529,16.586211
17.15,17.37,16.6,1403,16.76,2023-07-11T12:00:00Z,171561,17.038421
17.395,17.58,16.89,1240,17.25,2023-07-11T16:00:00Z,164617,17.32658
17.35,17.35,17.35,1,17.35,2023-07-11T20:00:00Z,100,17.35
17.175,18.25,17.125,1447,17.97,2023-07-12T12:00:00Z,177759,17.677898
16.865,17.355,16.785,1417,17.26,2023-07-12T16:00:00Z,203083,17.100295
18.685,18.89,17.055,1986,17.19,2023-07-13T12:00:00Z,234384,18.001387
19.315,19.46,18.43,2512,18.735,2023-07-13T16:00:00Z,306584,18.993085
18.885,19.86,18.695,1734,19.12,2023-07-14T12:00:00Z,288220,19.291114
18.08,19.09,17.88,1645,18.92,2023-07-14T16:00:00Z,214647,18.344094
17.81,18.69,17.48,1003,18.19,2023-07-17T12:00:00Z,144268,18.021972
17.28,17.99,16.95,1094,17.775,2023-07-17T16:00:00Z,152845,17.336276
17.22,17.78,16.74,1025,17.01,2023-07-18T12:00:00Z,108058,17.37843
16.815,17.465,16.565,1329,17.25,2023-07-18T16:00:00Z,129662,16.875671
17.66,18.02,17.14,1212,17.24,2023-07-19T12:00:00Z,110074,17.546388
17.6,17.76,17.2,960,17.675,2023-07-19T16:00:00Z,87920,17.546006
17.41,18.09,17.045,1082,17.85,2023-07-20T12:00:00Z,116767,17.503439
17.055,17.5,16.835,723,17.35,2023-07-20T16:00:00Z,70577,17.069357
16.74,17.33,16.24,2439,17.28,2023-07-21T12:00:00Z,133215,16.617458
16.87,17.205,16.61,2215,16.755,2023-07-21T16:00:00Z,144995,16.89866
16.28,16.48,15.76,1466,16.16,2023-07-24T12:00:00Z,143066,16.072387
16.41,16.58,16.2,808,16.27,2023-07-24T16:00:00Z,87367,16.439581
17.06,17.34,16.595,1220,16.595,2023-07-25T12:00:00Z,117975,16.989157
16.165,17.21,16.16,611,17.11,2023-07-25T16:00:00Z,55200,16.569425
16.64,17.02,16.22,507,16.47,2023-07-26T12:00:00Z,62198,16.691223
16.83,16.95,16.46,823,16.67,2023-07-26T16:00:00Z,80749,16.738484
16.61,17.31,16.49,601,17.31,2023-07-27T12:00:00Z,55170,16.855799
15.95,16.81,15.88,792,16.62,2023-07-27T16:00:00Z,87564,16.176874
16.5,16.78,16.19,800,16.31,2023-07-28T12:00:00Z,62123,16.545817
16.69,16.75,16.43,461,16.5,2023-07-28T16:00:00Z,70634,16.626856
17.165,17.79,16.6,785,16.99,2023-07-31T12:00:00Z,105551,17.315948
17.355,17.395,16.98,702,17.18,2023-07-31T16:00:00Z,65164,17.26564
16.48,16.92,15.86,1528,16.83,2023-08-01T12:00:00Z,275481,16.303475
16.835,16.87,16.24,638,16.5,2023-08-01T16:00:00Z,80745,16.684708
16.61,17.39,16.295,983,16.71,2023-08-02T12:00:00Z,136371,16.755788
16.47,16.78,16.34,514,16.56,2023-08-02T16:00:00Z,53074,16.542961
16.62,17.06,16.18,898,16.29,2023-08-03T12:00:00Z,87582,16.562181
16.565,17.205,16.55,860,16.6,2023-08-03T16:00:00Z,61621,16.789682
16.625,16.81,16.31,610,16.74,2023-08-04T12:00:00Z,51059,16.582875
15.85,16.745,15.81,759,16.59,2023-08-04T16:00:00Z,104628,16.105993
14.495,15.86,14.15,1782,15.82,2023-08-07T12:00:00Z,220191,14.999015
15.065,15.18,14.465,839,14.465,2023-08-07T16:00:00Z,110310,14.880435
15.44,15.64,14.865,1676,15.555,2023-08-08T12:00:00Z,230391,15.238388
15.71,15.94,15.41,782,15.41,2023-08-08T16:00:00Z,79886,15.774868
15.96,16.38,15.62,878,15.86,2023-08-09T12:00:00Z,90609,15.949325
15.51,16.155,15.44,724,15.92,2023-08-09T16:00:00Z,84316,15.698618
14.97,16.02,14.9,1611,15.6,2023-08-10T12:00:00Z,205957,15.57687
14.535,14.98,14.42,870,14.91,2023-08-10T16:00:00Z,105435,14.699426
14.8,15.26,14.25,876,14.4,2023-08-11T12:00:00Z,94665,14.811631
14.86,15.0,14.56,636,14.79,2023-08-11T16:00:00Z,50696,14.837599
14.89,15.13,14.12,778,14.63,2023-08-14T12:00:00Z,54541,14.518112
14.99,15.2,14.7,585,14.91,2023-08-14T16:00:00Z,56647,14.926431
14.43,15.1,14.38,1255,14.695,2023-08-15T12:00:00Z,163654,14.712574
13.9,14.49,13.9,1342,14.485,2023-08-15T16:00:00Z,158241,14.125066
13.41,13.81,13.2,1528,13.66,2023-08-16T12:00:00Z,163004,13.443201
13.5,13.86,13.27,1135,13.39,2023-08-16T16:00:00Z,98028,13.571854
12.31,13.17,12.25,1708,13.08,2023-08-17T12:00:00Z,226434,12.640021
12.24,12.76,12.2,2459,12.31,2023-08-17T16:00:00Z,250939,12.399751
11.41,11.97,11.29,1986,11.45,2023-08-18T12:00:00Z,174446,11.514877
11.255,11.57,11.15,1882,11.425,2023-08-18T16:00:00Z,211342,11.319335
10.92,11.565,10.88,1650,11.35,2023-08-21T12:00:00Z,289863,11.175199
11.06,11.16,10.84,818,10.9,2023-08-21T16:00:00Z,136647,11.016017
10.935,11.3,10.89,942,11.24,2023-08-22T12:00:00Z,216465,10.973123
10.96,11.27,10.91,1046,10.94,2023-08-22T16:00:00Z,187942,10.986984
11.52,11.64,10.905,1271,10.92,2023-08-23T12:00:00Z,150432,11.246998
11.75,11.87,11.46,1225,11.515,2023-08-23T16:00:00Z,93415,11.727766
10.395,11.765,10.38,1689,11.765,2023-08-24T12:00:00Z,214306,10.930403
10.53,10.71,10.395,1161,10.395,2023-08-24T16:00:00Z,133303,10.528249
10.49,10.93,10.27,1902,10.675,2023-08-25T12:00:00Z,127602,10.547779
10.54,10.74,10.46,1563,10.505,2023-08-25T16:00:00Z,105694,10.592648
10.72,10.93,10.61,564,10.64,2023-08-28T12:00:00Z,46573,10.736437
10.61,10.87,10.52,370,10.75,2023-08-28T16:00:00Z,43844,10.642009
13.27,13.43,10.59,2558,10.59,2023-08-29T12:00:00Z,481664,12.332179
13.68,13.865,13.17,1843,13.32,2023-08-29T16:00:00Z,316155,13.575889
12.89,13.54,12.48,1889,13.34,2023-08-30T12:00:00Z,241616,12.96944
13.475,13.475,12.755,1169,12.89,2023-08-30T16:00:00Z,138038,13.201655
13.36,13.9,13.33,738,13.57,2023-08-31T12:00:00Z,76501,13.611798
12.55,13.36,12.46,1124,13.36,2023-08-31T16:00:00Z,132802,12.661449
11.96,12.72,11.74,980,12.55,2023-09-01T12:00:00Z,78474,12.22428
11.98,12.19,11.85,826,11.92,2023-09-01T16:00:00Z,101190,11.993917
11.93,12.2,11.645,555,11.8,2023-09-05T12:00:00Z,60604,11.813172
12.015,12.16,11.93,306,11.95,2023-09-05T16:00:00Z,39792,12.039803
12.08,12.425,11.84,686,11.97,2023-09-06T12:00:00Z,58880,12.078413
12.07,12.575,11.84,885,12.05,2023-09-06T16:00:00Z,93535,12.219689
11.99,12.1,11.34,695,11.9,2023-09-07T12:00:00Z,77911,11.703852
12.375,12.44,11.94,470,11.94,2023-09-07T16:00:00Z,66790,12.282773
10.9,11.9,10.875,3353,11.9,2023-09-08T12:00:00Z,691292,11.255247
10.895,10.94,10.44,2599,10.905,2023-09-08T16:00:00Z,383342,10.670019
10.125,10.63,9.97,2267,10.56,2023-09-11T12:00:00Z,367738,10.169287
10.06,10.27,10.0,1509,10.115,2023-09-11T16:00:00Z,207146,10.124027
10.265,10.89,10.08,2579,10.5,2023-09-12T12:00:00Z,443356,10.540542
10.165,10.535,10.06,1676,10.27,2023-09-12T16:00:00Z,251782,10.191845
10.07,10.165,9.7,2062,10.08,2023-09-13T12:00:00Z,304059,9.943424
9.9,10.12,9.79,1563,10.06,2023-09-13T16:00:00Z,170139,9.942398
10.24,10.43,9.9,2335,10.13,2023-09-14T12:00:00Z,270937,10.167226
10.01,10.37,10.0,1643,10.25,2023-09-14T16:00:00Z,256538,10.097517
9.69,9.95,9.53,1205,9.89,2023-09-15T12:00:00Z,127360,9.67552
9.79,9.795,9.58,1775,9.69,2023-09-15T16:00:00Z,216241,9.681496
9.78,10.42,9.665,1825,10.25,2023-09-18T12:00:00Z,199050,9.968427
9.79,9.83,9.48,1506,9.81,2023-09-18T16:00:00Z,196546,9.715616
9.81,9.97,9.32,978,9.84,2023-09-19T12:00:00Z,120143,9.696158
9.57,9.91,9.56,440,9.84,2023-09-19T16:00:00Z,78046,9.720144
9.615,9.83,9.42,608,9.555,2023-09-20T12:00:00Z,55673,9.638024
9.29,9.82,9.28,1146,9.62,2023-09-20T16:00:00Z,118880,9.562433
9.16,9.225,8.775,814,8.845,2023-09-21T12:00:00Z,145139,8.982153
9.165,9.29,9.1,589,9.11,2023-09-21T16:00:00Z,58244,9.190787
8.96,9.24,8.94,583,9.24,2023-09-22T12:00:00Z,58097,9.035423
8.685,8.96,8.66,805,8.96,2023-09-22T16:00:00Z,104321,8.778159
8.65,8.88,8.43,766,8.46,2023-09-25T12:00:00Z,85547,8.651206
8.55,8.8,8.515,985,8.66,2023-09-25T16:00:00Z,100944,8.635029
8.35,8.68,8.345,536,8.475,2023-09-26T12:00:00Z,61776,8.509541
8.25,8.445,8.22,818,8.34,2023-09-26T16:00:00Z,93623,8.30727
8.18,8.5,8.08,836,8.425,2023-09-27T12:00:00Z,103991,8.221303
8.005,8.19,7.91,1184,8.1,2023-09-27T16:00:00Z,144685,8.05396
8.64,8.64,7.94,892,8.03,2023-09-28T12:00:00Z,126346,8.223819
8.58,8.89,8.53,1401,8.66,2023-09-28T16:00:00Z,197409,8.693386
8.54,8.86,8.4,791,8.715,2023-09-29T12:00:00Z,98249,8.607557
8.48,8.65,8.42,866,8.51,2023-09-29T16:00:00Z,98644,8.511517
8.91,9.68,8.87,1737,9.1,2023-10-02T12:00:00Z,255633,9.246406
8.52,8.92,8.51,1489,8.885,2023-10-02T16:00:00Z,182243,8.685601
7.52,8.39,7.48,1833,8.31,2023-10-03T12:00:00Z,423500,7.746229
7.29,7.59,7.225,1993,7.515,2023-10-03T16:00:00Z,307203,7.359273
7.37,7.495,7.18,1021,7.445,2023-10-04T12:00:00Z,118786,7.340566
7.535,7.58,7.325,1064,7.38,2023-10-04T16:00:00Z,111962,7.467331
7.38,7.88,7.33,1299,7.58,2023-10-05T12:00:00Z,204931,7.56517
7.41,7.69,7.37,799,7.385,2023-10-05T16:00:00Z,79559,7.530316
7.92,7.92,7.18,670,7.18,2023-10-06T12:00:00Z,86783,7.54448
8.08,8.175,7.845,1016,7.93,2023-10-06T16:00:00Z,177609,8.03924
8.12,8.33,7.62,719,7.62,2023-10-09T12:00:00Z,109441,8.029731
8.355,8.37,8.04,632,8.12,2023-10-09T16:00:00Z,85036,8.273049
8.64,8.84,8.255,1376,8.32,2023-10-10T12:00:00Z,203036,8.627739
8.44,8.635,8.42,1332,8.635,2023-10-10T16:00:00Z,211638,8.495543
7.79,8.285,7.73,1123,8.16,2023-10-11T12:00:00Z,149138,7.959604
7.89,8.08,7.75,775,7.785,2023-10-11T16:00:00Z,111849,7.916614
7.945,8.095,7.68,888,7.85,2023-10-12T12:00:00Z,165945,7.850306
7.77,8.0,7.685,576,7.95,2023-10-12T16:00:00Z,94304,7.82544
7.665,8.04,7.555,605,8.03,2023-10-13T12:00:00Z,70618,7.750567
7.69,7.845,7.63,701,7.63,2023-10-13T16:00:00Z,100217,7.729724
8.02,8.9,7.88,2238,8.25,2023-10-16T12:00:00Z,427723,8.197403
8.095,8.31,8.07,1490,8.07,2023-10-16T16:00:00Z,204432,8.187515
8.4,8.73,7.91,1364,7.995,2023-10-17T12:00:00Z,199514,8.42069
8.45,8.58,8.35,808,8.4,2023-10-17T16:00:00Z,113286,8.441827
7.955,8.64,7.945,1001,8.36,2023-10-18T12:00:00Z,148991,8.198636
7.74,8.07,7.655,1269,7.96,2023-10-18T16:00:00Z,194155,7.826002
7.91,8.035,7.72,1091,7.9,2023-10-19T12:00:00Z,132972,7.888564
7.7,8.07,7.635,1336,7.875,2023-10-19T16:00:00Z,163545,7.813484
8.04,8.38,7.88,1345,7.93,2023-10-20T12:00:00Z,172564,8.11706
7.76,8.04,7.7,1149,8.04,2023-10-20T16:00:00Z,206815,7.808412
8.39,8.48,7.74,2219,8.08,2023-10-23T12:00:00Z,318223,8.128723
8.76,9.01,8.33,2201,8.4,2023-10-23T16:00:00Z,305121,8.705755
9.65,10.71,9.36,5003,9.98,2023-10-24T12:00:00Z,708700,10.079463
9.76,9.92,9.49,2355,9.64,2023-10-24T16:00:00Z,341885,9.727805
9.84,10.05,9.335,2445,9.86,2023-10-25T12:00:00Z,322904,9.61248
9.46,10.065,9.28,1876,9.83,2023-10-25T16:00:00Z,237158,9.599906
9.2,9.52,9.08,1274,9.22,2023-10-26T12:00:00Z,197959,9.299098
8.97,9.21,8.785,1169,9.18,2023-10-26T16:00:00Z,146954,9.005591
9.19,9.385,8.875,985,9.17,2023-10-27T12:00:00Z,150074,9.092
8.87,9.245,8.83,1007,9.205,2023-10-27T16:00:00Z,149767,9.010686
9.05,9.56,8.97,1277,9.21,2023-10-30T12:00:00Z,172059,9.280867
8.84,9.07,8.62,1363,9.045,2023-10-30T16:00:00Z,153047,8.794882
8.805,8.935,8.43,993,8.72,2023-10-31T12:00:00Z,191854,8.734845
8.805,8.97,8.695,1461,8.805,2023-10-31T16:00:00Z,285605,8.813488
8.575,9.005,8.53,781,9.0,2023-11-01T12:00:00Z,86251,8.703704
8.91,9.02,8.54,1267,8.575,2023-11-01T16:00:00Z,195264,8.852462
9.46,9.795,9.09,1568,9.26,2023-11-02T12:00:00Z,189737,9.422741
9.85,9.86,9.325,1607,9.44,2023-11-02T16:00:00Z,440547,9.572571
9.745,9.95,9.3,1768,9.565,2023-11-03T12:00:00Z,433438,9.654583
9.41,9.86,9.37,1313,9.74,2023-11-03T16:00:00Z,157357,9.577533
9.495,10.06,9.48,1008,9.66,2023-11-06T12:00:00Z,154069,9.708012
9.25,9.54,9.03,932,9.49,2023-11-06T16:00:00Z,103286,9.25209
9.26,9.345,9.195,393,9.26,2023-11-06T20:00:00Z,59126,9.251261
8.995,9.17,8.73,813,9.145,2023-11-07T12:00:00Z,88219,8.919257
9.1,9.135,8.67,1177,8.99,2023-11-07T16:00:00Z,162575,8.934581
9.185,9.245,9.01,675,9.115,2023-11-07T20:00:00Z,147973,9.107475
8.685,9.005,8.54,1087,9.005,2023-11-08T12:00:00Z,120973,8.760767
8.605,8.77,8.39,1531,8.66,2023-11-08T16:00:00Z,190388,8.610644
8.55,8.66,8.5,808,8.63,2023-11-08T20:00:00Z,119379,8.580559
9.89,10.48,9.56,3509,9.705,2023-11-09T12:00:00Z,554101,10.026879
9.4,9.92,9.28,2066,9.9,2023-11-09T16:00:00Z,278395,9.534908
9.225,9.425,9.16,798,9.37,2023-11-09T20:00:00Z,155268,9.260818
8.98,9.655,8.88,1322,9.38,2023-11-10T12:00:00Z,153236,9.27645
9.47,9.6,8.98,1355,8.98,2023-11-10T16:00:00Z,159893,9.308847
9.61,9.61,9.405,770,9.47,2023-11-10T20:00:00Z,104197,9.524853
9.165,9.42,8.84,1110,9.42,2023-11-13T12:00:00Z,212827,9.033738
9.13,9.39,9.035,940,9.2,2023-11-13T16:00:00Z,133333,9.216031
9.17,9.18,9.085,358,9.12,2023-11-13T20:00:00Z,52151,9.1416
9.19,9.6,9.12,882,9.38,2023-11-14T12:00:00Z,210998,9.268852
9.03,9.43,8.885,1246,9.2,2023-11-14T16:00:00Z,350866,9.078094
9.165,9.25,9.01,413,9.01,2023-11-14T20:00:00Z,52057,9.170998
9.86,9.87,9.2,1419,9.31,2023-11-15T12:00:00Z,202788,9.65367
10.295,10.425,9.66,2777,9.835,2023-11-15T16:00:00Z,418051,10.064274
10.24,10.395,10.165,828,10.295,2023-11-15T20:00:00Z,117629,10.264241
9.3,9.93,9.21,1395,9.83,2023-11-16T12:00:00Z,203075,9.609959
9.56,9.685,9.295,854,9.305,2023-11-16T16:00:00Z,113869,9.501555
9.76,9.76,9.485,504,9.565,2023-11-16T20:00:00Z,83208,9.66348
9.845,9.865,9.52,593,9.81,2023-11-17T12:00:00Z,71452,9.688305
9.94,10.11,9.7,822,9.86,2023-11-17T16:00:00Z,119527,9.944923
9.99,10.025,9.925,252,9.955,2023-11-17T20:00:00Z,39407,9.990954
10.51,10.625,10.235,1448,10.24,2023-11-20T12:00:00Z,175999,10.431349
10.715,10.83,10.14,1661,10.505,2023-11-20T16:00:00Z,231688,10.568543
10.64,10.715,10.54,653,10.715,2023-11-20T20:00:00Z,98275,10.60005
10.27,10.36,9.96,1302,10.305,2023-11-21T12:00:00Z,227520,10.120172
10.34,10.56,10.13,1092,10.295,2023-11-21T16:00:00Z,154777,10.334735
10.3,10.37,10.27,399,10.34,2023-11-21T20:00:00Z,75054,10.318148
10.08,10.32,9.88,708,10.32,2023-11-22T12:00:00Z,79176,10.061854
10.95,10.96,10.12,958,10.135,2023-11-22T16:00:00Z,138868,10.460139
10.9,10.97,10.75,1039,10.925,2023-11-22T20:00:00Z,202819,10.86818
11.45,11.575,10.85,1672,11.05,2023-11-24T12:00:00Z,227958,11.304182
11.395,11.58,11.125,1164,11.465,2023-11-24T16:00:00Z,142846,11.347106
11.2,11.42,10.76,892,10.99,2023-11-27T12:00:00Z,123689,11.169374
11.32,11.64,11.18,920,11.18,2023-11-27T16:00:00Z,129390,11.451559
11.27,11.47,11.265,408,11.33,2023-11-27T20:00:00Z,55241,11.341217
11.96,12.06,11.55,1208,11.64,2023-11-28T12:00:00Z,184755,11.826063
12.26,12.355,11.88,2486,11.95,2023-11-28T16:00:00Z,293296,12.146423
12.37,12.395,12.235,1070,12.27,2023-11-28T20:00:00Z,130024,12.339363
12.435,12.64,12.05,1155,12.64,2023-11-29T12:00:00Z,153659,12.330817
12.53,12.625,12.1,1044,12.435,2023-11-29T16:00:00Z,139375,12.397878
12.395,12.55,12.35,505,12.53,2023-11-29T20:00:00Z,70094,12.453685
12.085,12.42,11.97,807,12.31,2023-11-30T12:00:00Z,90683,12.214996
12.095,12.24,11.99,1052,12.09,2023-11-30T16:00:00Z,131898,12.114706
11.98,12.11,11.92,482,12.06,2023-11-30T20:00:00Z,68970,12.002641
13.05,13.18,12.185,1098,12.22,2023-12-01T12:00:00Z,176758,12.79143
13.545,13.63,12.97,2079,13.06,2023-12-01T16:00:00Z,270976,13.378288
13.68,13.7,13.51,849,13.55,2023-12-01T20:00:00Z,130291,13.608802
14.205,15.52,14.1,2359,15.38,2023-12-04T12:00:00Z,353052,15.051093
14.86,15.01,14.19,1988,14.24,2023-12-04T16:00:00Z,243439,14.666705
14.87,14.995,14.745,603,14.89,2023-12-04T20:00:00Z,75950,14.891488
15.78,15.92,14.77,1684,14.77,2023-12-05T12:00:00Z,290849,15.392191
15.38,16.05,15.22,3053,15.8,2023-12-05T16:00:00Z,367959,15.631433
15.285,15.46,15.24,991,15.38,2023-12-05T20:00:00Z,119037,15.33688
15.72,16.02,15.3,1181,15.69,2023-12-06T12:00:00Z,137217,15.704758
15.805,16.16,15.54,1600,15.72,2023-12-06T16:00:00Z,174443,15.840146
15.53,15.87,15.525,755,15.805,2023-12-06T20:00:00Z,108428,15.648741
15.5,15.66,14.72,1233,14.885,2023-12-07T12:00:00Z,199168,15.225083
15.495,15.66,15.285,1440,15.505,2023-12-07T16:00:00Z,190662,15.501796
15.5,15.575,15.415,581,15.49,2023-12-07T20:00:00Z,87509,15.496672
16.27,16.76,15.62,1407,15.62,2023-12-08T12:00:00Z,181043,16.352143
16.55,16.69,16.065,1535,16.3,2023-12-08T16:00:00Z,191113,16.40634
16.76,16.785,16.48,797,16.545,2023-12-08T20:00:00Z,133887,16.676338
15.04,15.67,14.92,1635,15.67,2023-12-11T12:00:00Z,214250,15.162121
14.48,15.075,14.24,1737,15.03,2023-12-11T16:00:00Z,213235,14.56807
14.65,14.735,14.405,606,14.46,2023-12-11T20:00:00Z,90884,14.618214
14.77,15.095,14.52,1832,15.06,2023-12-12T12:00:00Z,198447,14.799934
14.96,15.025,14.45,1596,14.77,2023-12-12T16:00:00Z,155107,14.749869
14.89,15.035,14.87,448,14.965,2023-12-12T20:00:00Z,66285,14.94779
15.275,15.275,14.48,985,14.72,2023-12-13T12:00:00Z,90872,14.905524
16.585,16.615,15.25,3038,15.28,2023-12-13T16:00:00Z,551250,15.916474
16.75,16.86,16.3,1594,16.59,2023-12-13T20:00:00Z,276551,16.660327
17.17,17.32,16.43,1477,16.73,2023-12-14T12:00:00Z,350043,16.792761
17.91,17.97,17.15,1667,17.155,2023-12-14T16:00:00Z,161727,17.594102
17.825,17.98,17.7,921,17.9,2023-12-14T20:00:00Z,132953,17.819748
17.695,17.7,17.08,1048,17.27,2023-12-15T12:00:00Z,127044,17.381788
18.08,18.145,17.59,1465,17.7,2023-12-15T16:00:00Z,178363,17.908213
18.29,18.31,18.0,889,18.075,2023-12-15T20:00:00Z,118773,18.175012
18.49,19.18,17.7,1341,17.7,2023-12-18T12:00:00Z,143460,18.783001
20.01,20.07,18.29,1951,18.505,2023-12-18T16:00:00Z,247004,19.348987
19.86,20.07,19.825,894,20.04,2023-12-18T20:00:00Z,123080,19.932305
22.17,22.17,20.34,1620,20.67,2023-12-19T12:00:00Z,237801,21.311704
22.065,22.465,20.75,2733,22.16,2023-12-19T16:00:00Z,316311,21.586558
21.965,22.2,21.875,831,22.05,2023-12-19T20:00:00Z,94851,22.013091
23.28,24.325,22.82,1914,22.82,2023-12-20T12:00:00Z,255462,23.647511
22.715,24.13,22.57,2460,23.295,2023-12-20T16:00:00Z,359782,23.413862
22.095,22.875,22.045,975,22.685,2023-12-20T20:00:00Z,131607,22.394244
23.74,23.74,22.42,2868,23.52,2023-12-21T12:00:00Z,290952,23.203642
24.61,24.61,22.845,4524,23.735,2023-12-21T16:00:00Z,387162,23.595051
24.79,25.095,24.41,1610,24.595,2023-12-21T20:00:00Z,183954,24.810551
25.885,26.34,24.66,1696,25.58,2023-12-22T12:00:00Z,227084,25.718698
26.95,27.71,25.71,2648,25.84,2023-12-22T16:00:00Z,375033,26.882088
26.71,27.34,26.67,961,26.975,2023-12-22T20:00:00Z,126397,27.001706
25.97,26.57,25.235,1257,26.29,2023-12-26T12:00:00Z,156653,25.99103
26.26,26.735,25.74,1927,26.01,2023-12-26T16:00:00Z,259406,26.185097
26.97,27.045,26.235,719,26.285,2023-12-26T20:00:00Z,84508,26.804797
29.25,29.555,28.19,1556,28.29,2023-12-27T12:00:00Z,213533,29.107797
30.99,31.1,29.1,2366,29.34,2023-12-27T16:00:00Z,320728,30.159991
31.09,31.29,30.835,1029,30.98,2023-12-27T20:00:00Z,127044,31.062751
28.935,30.22,28.65,3430,28.93,2023-12-28T12:00:00Z,361971,29.398349
28.04,29.5,27.58,3242,28.915,2023-12-28T16:00:00Z,357443,28.538144
28.11,28.46,27.7,795,28.085,2023-12-28T20:00:00Z,109062,28.124047
25.13,29.66,24.86,2876,28.955,2023-12-29T12:00:00Z,414484,27.062815
23.705,25.34,23.085,4501,25.165,2023-12-29T16:00:00Z,622932,23.977274
23.5,23.74,23.055,1165,23.74,2023-12-29T20:00:00Z,151191,23.433492
24.36,26.66,23.9,1969,26.64,2024-01-02T12:00:00Z,281665,24.967156
23.065,24.76,22.79,2229,24.365,2024-01-02T16:00:00Z,262768,23.774647
22.925,23.275,22.775,819,23.055,2024-01-02T20:00:00Z,92925,22.98205
23.385,23.42,20.44,1977,20.96,2024-01-03T12:00:00Z,249050,21.922301
23.42,23.74,22.71,2700,23.325,2024-01-03T16:00:00Z,384619,23.2556
23.44,23.7,23.28,783,23.435,2024-01-03T20:00:00Z,99758,23.475745
25.13,25.525,23.0,1919,24.11,2024-01-04T12:00:00Z,197635,24.475387
25.895,26.145,24.62,2312,25.165,2024-01-04T16:00:00Z,264041,25.396705
26.27,26.875,25.835,1161,25.915,2024-01-04T20:00:00Z,171869,26.280519
24.17,25.58,23.74,2096,25.45,2024-01-05T12:00:00Z,232379,24.533953
23.88,24.36,23.33,1716,24.16,2024-01-05T16:00:00Z,230331,23.807422
24.12,24.23,23.67,1036,23.88,2024-01-05T20:00:00Z,125518,24.023931
24.07,25.22,22.63,1478,24.705,2024-01-08T12:00:00Z,191081,23.996432
25.905,26.65,24.03,3278,24.18,2024-01-08T16:00:00Z,431079,25.602602
26.03,26.345,25.8,1321,25.905,2024-01-08T20:00:00Z,198684,26.00267
26.08,26.67,24.79,1714,25.505,2024-01-09T12:00:00Z,186976,25.778335
25.97,26.31,24.915,2511,26.105,2024-01-09T16:00:00Z,411244,25.553265
25.2,26.6,24.79,801,25.98,2024-01-09T20:00:00Z,89656,25.713506
25.42,25.52,23.8,1829,24.81,2024-01-10T12:00:00Z,195377,24.570673
26.25,27.65,24.98,4524,25.455,2024-01-10T16:00:00Z,669241,26.363353
25.6,26.29,25.2,1989,26.29,2024-01-10T20:00:00Z,297214,25.515162
23.85,29.16,23.1,5698,27.33,2024-01-11T12:00:00Z,696131,26.15053
22.805,23.91,20.76,6920,23.83,2024-01-11T16:00:00Z,1027850,22.259676
22.38,23.5,22.305,1801,22.815,2024-01-11T20:00:00Z,247358,22.671073
20.165,22.05,19.66,2808,21.49,2024-01-12T12:00:00Z,366660,20.789218
18.95,20.535,18.765,3939,20.11,2024-01-12T16:00:00Z,531119,19.449858
18.95,19.31,18.88,1357,18.94,2024-01-12T20:00:00Z,197949,19.041965
18.63,19.02,17.29,2764,18.61,2024-01-16T12:00:00Z,411149,18.310505
17.79,18.61,17.18,2650,18.61,2024-01-16T16:00:00Z,268210,17.807989
17.77,18.2,17.675,701,17.77,2024-01-16T20:00:00Z,68171,17.877643
17.07,17.965,16.92,2221,17.43,2024-01-17T12:00:00Z,246450,17.418645
17.115,17.38,16.62,2836,17.09,2024-01-17T16:00:00Z,322376,16.974039
17.27,17.35,16.93,946,17.13,2024-01-17T20:00:00Z,114097,17.171964
17.45,18.145,16.84,3297,17.2,2024-01-18T12:00:00Z,360143,17.512211
16.11,17.48,15.965,4535,17.42,2024-01-18T16:00:00Z,466800,16.463004
16.095,16.27,16.055,917,16.1,2024-01-18T20:00:00Z,94071,16.155871
15.36,16.05,15.1,2531,15.97,2024-01-19T12:00:00Z,287326,15.414045
16.15,16.48,14.63,4078,15.355,2024-01-19T16:00:00Z,444358,15.551962
16.12,16.39,16.03,883,16.13,2024-01-19T20:00:00Z,102530,16.147061
16.57,17.13,15.21,2751,15.51,2024-01-22T12:00:00Z,331536,16.288263
15.96,16.76,15.67,2864,16.61,2024-01-22T16:00:00Z,307346,16.291099
16.605,16.64,15.92,869,15.97,2024-01-22T20:00:00Z,104808,16.458477
16.16,16.39,15.46,1721,15.9,2024-01-23T12:00:00Z,216143,15.920445
16.18,16.64,16.0,1572,16.18,2024-01-23T16:00:00Z,175736,16.320113
16.12,16.31,16.05,437,16.195,2024-01-23T20:00:00Z,53931,16.163187
16.665,17.185,16.2,1644,16.565,2024-01-24T12:00:00Z,170824,16.633143
15.82,16.81,15.54,1997,16.75,2024-01-24T16:00:00Z,191472,16.037472
15.645,15.89,15.64,671,15.805,2024-01-24T20:00:00Z,68946,15.724707
15.79,16.4,15.57,1708,15.75,2024-01-25T12:00:00Z,187383,15.955079
16.41,16.56,15.73,1577,15.78,2024-01-25T16:00:00Z,155532,16.198585
16.29,16.46,16.22,648,16.43,2024-01-25T20:00:00Z,79201,16.320692
17.83,17.91,16.9,2601,17.23,2024-01-26T12:00:00Z,259946,17.489274
17.87,18.45,17.725,3026,17.84,2024-01-26T16:00:00Z,299708,18.035962
17.855,17.92,17.62,823,17.865,2024-01-26T20:00:00Z,97658,17.782051
19.45,19.45,17.54,1892,17.97,2024-01-29T12:00:00Z,199984,18.540107
18.0,19.72,17.98,2910,19.49,2024-01-29T16:00:00Z,306847,18.924042
18.51,18.58,18.05,685,18.05,2024-01-29T20:00:00Z,70247,18.372289
18.245,19.07,18.165,1551,18.525,2024-01-30T12:00:00Z,166120,18.659393
18.23,18.45,17.84,1820,18.23,2024-01-30T16:00:00Z,222719,18.167102
18.125,18.35,18.085,414,18.19,2024-01-30T20:00:00Z,39328,18.209986
18.02,18.18,17.315,1394,17.44,2024-01-31T12:00:00Z,138477,17.834937
18.48,19.14,17.96,3125,18.005,2024-01-31T16:00:00Z,330649,18.546102
17.72,18.55,17.59,1019,18.5,2024-01-31T20:00:00Z,113175,17.953631
17.19,18.28,17.18,1667,17.7,2024-02-01T12:00:00Z,178877,17.881421
18.68,18.85,17.14,1931,17.23,2024-02-01T16:00:00Z,199339,18.209925
18.595,18.75,18.49,1115,18.72,2024-02-01T20:00:00Z,133134,18.589044
18.78,19.07,17.85,1135,17.93,2024-02-02T12:00:00Z,132889,18.458201
18.16,18.97,17.86,1297,18.8,2024-02-02T16:00:00Z,125368,18.289704
18.2,18.24,18.01,393,18.22,2024-02-02T20:00:00Z,34512,18.147759
16.79,18.21,16.645,1361,18.08,2024-02-05T12:00:00Z,164260,17.217756
17.0,17.17,16.74,996,16.77,2024-02-05T16:00:00Z,98757,16.942424
16.58,17.025,16.55,472,16.99,2024-02-05T20:00:00Z,57802,16.732233
17.095,17.38,16.4,842,16.76,2024-02-06T12:00:00Z,97780,16.955468
17.14,17.495,16.75,1155,17.05,2024-02-06T16:00:00Z,122984,17.001184
17.04,17.26,17.02,322,17.16,2024-02-06T20:00:00Z,32188,17.108274
16.5,17.07,16.17,771,16.8,2024-02-07T12:00:00Z,78794,16.570297
17.23,17.5,16.46,1186,16.5,2024-02-07T16:00:00Z,117136,17.066683
17.545,17.585,17.23,531,17.23,2024-02-07T20:00:00Z,62709,17.500662
20.135,20.14,18.27,2182,18.73,2024-02-08T12:00:00Z,231533,19.233899
21.06,21.305,19.82,2682,20.185,2024-02-08T16:00:00Z,282636,20.526995
21.45,21.615,20.95,951,21.08,2024-02-08T20:00:00Z,129095,21.310201
23.1,24.34,22.5,2765,23.67,2024-02-09T12:00:00Z,332409,23.24624
23.5,24.18,22.6,2687,23.24,2024-02-09T16:00:00Z,292917,23.486861
23.9,23.92,23.425,1168,23.54,2024-02-09T20:00:00Z,167438,23.745508
27.135,27.3,23.66,2842,23.66,2024-02-12T12:00:00Z,357144,25.795969
26.53,27.32,26.04,3005,27.12,2024-02-12T16:00:00Z,336348,26.753152
27.29,27.455,26.545,1060,26.55,2024-02-12T20:00:00Z,105548,27.172666
25.13,25.93,24.11,2110,25.44,2024-02-13T12:00:00Z,264661,25.0343
25.3,26.37,24.665,2199,25.19,2024-02-13T16:00:00Z,205165,25.474586
25.69,25.725,24.95,585,25.32,2024-02-13T20:00:00Z,53779,25.405728
28.67,29.725,28.3,2476,29.09,2024-02-14T12:00:00Z,324826,29.161448
29.025,29.1,28.135,1738,28.67,2024-02-14T16:00:00Z,216644,28.596285
29.415,29.46,29.045,847,29.045,2024-02-14T20:00:00Z,123939,29.344511
27.995,30.45,27.7,2893,29.935,2024-02-15T12:00:00Z,352467,29.406563
26.83,29.0,26.62,4010,28.07,2024-02-15T16:00:00Z,406296,27.719384
27.47,27.5,26.175,1146,26.85,2024-02-15T20:00:00Z,123236,26.767289
27.6,28.615,26.25,1098,28.05,2024-02-16T12:00:00Z,119665,27.43182
27.145,28.37,27.025,1120,27.77,2024-02-16T16:00:00Z,127421,27.614055
26.95,27.145,26.625,585,27.145,2024-02-16T20:00:00Z,56959,26.880092
24.88,27.39,24.43,2464,26.89,2024-02-20T12:00:00Z,242486,25.408194
24.235,25.285,22.9,2360,24.86,2024-02-20T16:00:00Z,245079,24.045975
24.53,24.58,24.09,800,24.28,2024-02-20T20:00:00Z,82609,24.353028
23.41,23.69,22.78,1181,22.93,2024-02-21T12:00:00Z,113890,23.351837
23.04,23.92,22.87,1721,23.43,2024-02-21T16:00:00Z,146089,23.293896
22.9,23.13,22.805,655,23.015,2024-02-21T20:00:00Z,57700,22.926844
24.4,24.59,22.71,1615,23.45,2024-02-22T12:00:00Z,170445,23.78925
24.91,25.09,24.38,1592,24.44,2024-02-22T16:00:00Z,148954,24.809564
24.57,24.95,24.52,924,24.88,2024-02-22T20:00:00Z,97499,24.71208
23.55,24.31,23.29,1064,23.605,2024-02-23T12:00:00Z,100595,23.669515
24.18,24.62,23.05,2332,23.54,2024-02-23T16:00:00Z,217529,24.084303
24.01,24.22,23.77,695,24.195,2024-02-23T20:00:00Z,81000,23.950587
28.0,28.205,24.4,1713,24.4,2024-02-26T12:00:00Z,152451,26.867205
29.44,29.535,27.7,3197,28.005,2024-02-26T16:00:00Z,308492,28.799707
29.19,29.81,28.67,1089,29.44,2024-02-26T20:00:00Z,110143,29.218719
29.54,32.8,29.22,2993,32.0,2024-02-27T12:00:00Z,349172,31.227645
30.62,30.68,28.22,3792,29.56,2024-02-27T16:00:00Z,361952,29.536217
30.32,30.7,30.18,992,30.69,2024-02-27T20:00:00Z,82948,30.41024
31.97,33.07,31.055,2398,32.2,2024-02-28T12:00:00Z,259496,32.080767
31.33,34.08,29.52,5950,32.13,2024-02-28T16:00:00Z,757827,31.828221
28.79,33.64,27.52,2133,31.31,2024-02-28T20:00:00Z,225167,30.752135
26.71,30.66,26.25,3430,28.99,2024-02-29T12:00:00Z,433373,27.823654
25.51,26.72,25.08,4334,26.65,2024-02-29T16:00:00Z,468588,25.730839
25.875,26.33,25.57,1193,25.615,2024-02-29T20:00:00Z,113073,25.943947
25.52,26.74,24.545,2124,26.7,2024-03-01T12:00:00Z,295749,25.604576
26.085,26.8,25.55,2576,25.585,2024-03-01T16:00:00Z,299289,26.240985
27.0,27.0,25.88,902,26.09,2024-03-01T20:00:00Z,95480,26.541149
28.31,29.33,27.06,1764,27.765,2024-03-04T12:00:00Z,182222,28.360819
25.745,28.39,24.475,2880,28.325,2024-03-04T16:00:00Z,362330,26.213355
25.73,26.39,25.56,1189,25.76,2024-03-04T20:00:00Z,127579,25.98625
23.31,26.66,23.155,1846,24.76,2024-03-05T12:00:00Z,225174,24.754369
22.21,23.57,22.02,3548,23.32,2024-03-05T16:00:00Z,504074,22.674559
22.25,22.78,22.17,1056,22.2,2024-03-05T20:00:00Z,119180,22.398644
22.81,23.68,21.66,2284,23.47,2024-03-06T12:00:00Z,224687,22.596011
23.12,23.92,22.855,3451,22.855,2024-03-06T16:00:00Z,348272,23.278176
22.61,23.25,22.49,1076,23.13,2024-03-06T20:00:00Z,97554,22.80532
22.1,22.92,21.46,1097,21.995,2024-03-07T12:00:00Z,105655,22.145658
21.9,22.55,21.82,2536,22.09,2024-03-07T16:00:00Z,255179,22.11291
21.81,22.02,21.73,913,21.88,2024-03-07T20:00:00Z,82499,21.838101
23.555,25.24,22.07,3270,22.22,2024-03-08T12:00:00Z,317920,24.021152
23.785,23.785,22.65,4305,23.535,2024-03-08T16:00:00Z,419408,23.219329
22.9,23.91,22.9,1232,23.81,2024-03-08T20:00:00Z,114450,23.575259
21.99,24.86,21.8,3588,24.655,2024-03-11T12:00:00Z,537819,22.832845
20.63,22.385,20.605,3662,21.99,2024-03-11T16:00:00Z,314248,21.723417
19.8,21.05,19.45,3068,21.05,2024-03-12T12:00:00Z,399872,20.016742
20.17,20.46,19.25,3394,19.85,2024-03-12T16:00:00Z,322759,19.875231
20.68,21.34,19.96,2657,20.095,2024-03-13T12:00:00Z,244470,20.712273
19.7,20.96,19.63,2725,20.66,2024-03-13T16:00:00Z,260198,20.341103
17.8,19.1,17.6,2709,19.095,2024-03-14T12:00:00Z,288815,18.065094
18.23,18.27,17.53,2659,17.77,2024-03-14T16:00:00Z,288326,17.970323
18.89,18.965,17.52,2028,17.8,2024-03-15T12:00:00Z,291435,18.449564
19.3,19.82,18.51,2310,18.855,2024-03-15T16:00:00Z,225752,19.288752
19.865,19.865,18.24,2349,18.91,2024-03-18T12:00:00Z,294049,19.141981
19.41,20.11,18.69,2824,19.81,2024-03-18T16:00:00Z,284998,19.456686
18.46,18.7,17.4,1863,18.425,2024-03-19T12:00:00Z,180840,17.911054
19.305,19.42,18.42,2145,18.42,2024-03-19T16:00:00Z,249283,19.05328
20.87,21.08,19.03,1853,19.54,2024-03-20T12:00:00Z,230321,20.151781
22.42,22.42,20.345,2911,20.87,2024-03-20T16:00:00Z,334857,21.282969
23.01,23.01,23.01,3,23.01,2024-03-20T20:00:00Z,300,23.01
22.04,23.06,21.96,2275,22.36,2024-03-21T12:00:00Z,213206,22.473696
21.78,22.43,21.32,2572,22.07,2024-03-21T16:00:00Z,225568,21.846274
21.52,21.55,20.63,1110,21.08,2024-03-22T12:00:00Z,134918,21.004953
20.86,21.475,20.825,1248,21.475,2024-03-22T16:00:00Z,137188,21.09134
21.48,22.51,21.28,2412,21.37,2024-03-25T12:00:00Z,351184,21.829534
20.94,22.01,20.71,2922,21.435,2024-03-25T16:00:00Z,271211,21.354194
21.43,21.43,19.825,1254,20.68,2024-03-26T12:00:00Z,134209,20.573516
20.37,21.455,20.35,1332,21.43,2024-03-26T16:00:00Z,102434,20.804656
21.08,21.71,20.01,1768,21.1,2024-03-27T12:00:00Z,204850,20.984522
22.09,22.565,21.04,2400,21.07,2024-03-27T16:00:00Z,275750,21.974455
24.065,24.64,22.2,3373,22.32,2024-03-28T12:00:00Z,356721,23.787672
22.56,24.165,22.32,2491,24.04,2024-03-28T16:00:00Z,231373,23.064271
21.48,22.5,21.07,1976,21.94,2024-04-01T12:00:00Z,183387,21.711192
21.62,21.84,21.16,1467,21.42,2024-04-01T16:00:00Z,122799,21.566882
19.705,20.6,19.48,1280,20.6,2024-04-02T12:00:00Z,150182,19.958227
19.71,19.98,19.655,1078,19.68,2024-04-02T16:00:00Z,105820,19.780858
19.865,20.255,19.465,886,19.66,2024-04-03T12:00:00Z,98473,19.921055
19.44,20.305,19.44,1061,19.895,2024-04-03T16:00:00Z,102774,19.877848
19.22,20.38,18.915,1569,19.985,2024-04-04T12:00:00Z,176292,19.691666
18.46,19.46,18.35,2400,19.23,2024-04-04T16:00:00Z,202496,18.838674
18.87,19.25,18.11,1822,18.11,2024-04-05T12:00:00Z,157744,18.852239
18.44,19.1,18.39,1584,18.845,2024-04-05T16:00:00Z,140250,18.683693
18.165,19.715,17.625,1593,19.39,2024-04-08T12:00:00Z,180598,18.41761
17.95,18.485,17.89,1023,18.125,2024-04-08T16:00:00Z,110064,18.205723
18.07,18.52,17.7,1565,17.77,2024-04-09T12:00:00Z,214468,18.055796
17.945,18.3,17.895,1557,18.09,2024-04-09T16:00:00Z,172757,18.084627
17.47,18.03,17.14,1518,17.305,2024-04-10T12:00:00Z,164539,17.585664
17.37,17.87,17.225,1365,17.49,2024-04-10T16:00:00Z,138094,17.510117
17.46,17.62,17.05,1168,17.52,2024-04-11T12:00:00Z,121723,17.339097
17.59,17.81,17.38,1080,17.45,2024-04-11T16:00:00Z,112189,17.584327
16.655,17.44,16.58,1551,17.365,2024-04-12T12:00:00Z,140270,16.879901
16.11,16.7,15.81,2380,16.62,2024-04-12T16:00:00Z,231086,16.169743
15.93,16.335,15.435,1507,16.18,2024-04-15T12:00:00Z,189882,15.771782
15.13,16.01,15.11,1721,15.96,2024-04-15T16:00:00Z,185992,15.423616
14.41,14.8,14.26,2117,14.78,2024-04-16T12:00:00Z,248541,14.517628
14.6,14.985,14.23,1811,14.355,2024-04-16T16:00:00Z,186312,14.608953
14.55,15.12,14.19,2550,14.67,2024-04-17T12:00:00Z,313005,14.526356
14.61,15.12,14.29,2784,14.55,2024-04-17T16:00:00Z,313233,14.706114
15.68,15.72,14.47,1966,14.47,2024-04-18T12:00:00Z,264440,15.301071
15.04,15.81,14.85,2048,15.66,2024-04-18T16:00:00Z,247703,15.259981
16.465,16.465,15.11,1941,15.18,2024-04-19T12:00:00Z,235975,15.655477
16.5,16.84,16.02,1745,16.465,2024-04-19T16:00:00Z,181303,16.388637
15.73,17.415,15.54,3384,17.165,2024-04-22T12:00:00Z,437083,16.41965
17.57,17.57,15.665,2125,15.74,2024-04-22T16:00:00Z,258225,16.843823
18.71,19.45,17.44,1890,17.44,2024-04-23T12:00:00Z,208689,18.93156
19.43,19.87,18.75,1213,18.8,2024-04-23T16:00:00Z,109338,19.468769
19.06,20.025,18.68,2016,19.105,2024-04-24T12:00:00Z,235180,19.322367
19.08,19.61,18.83,1677,19.04,2024-04-24T16:00:00Z,184917,19.17882
18.67,18.78,17.52,1360,18.13,2024-04-25T12:00:00Z,190641,18.277612
19.03,19.11,18.42,1271,18.645,2024-04-25T16:00:00Z,151435,18.832161
18.86,19.75,18.67,1002,19.025,2024-04-26T12:00:00Z,153558,19.314369
19.435,19.66,18.81,578,18.825,2024-04-26T16:00:00Z,47950,19.35044
18.79,18.84,17.715,1574,18.455,2024-04-29T12:00:00Z,192540,18.148956
18.03,18.83,17.775,1052,18.81,2024-04-29T16:00:00Z,111290,18.28218
16.625,17.495,16.55,1429,17.075,2024-04-30T12:00:00Z,162510,16.956105
16.035,16.67,16.02,1358,16.61,2024-04-30T16:00:00Z,134536,16.281656
15.76,16.16,15.64,782,15.89,2024-05-01T12:00:00Z,90108,15.908613
16.055,17.205,15.69,1265,15.7,2024-05-01T16:00:00Z,135653,16.534656
16.675,16.87,15.91,936,16.57,2024-05-02T12:00:00Z,108809,16.394337
17.035,17.105,16.28,724,16.68,2024-05-02T16:00:00Z,72411,16.851122
17.53,18.185,17.13,1842,18.15,2024-05-03T12:00:00Z,241774,17.670094
17.5,17.66,17.3,1040,17.53,2024-05-03T16:00:00Z,103345,17.469558
20.83,20.85,18.255,2733,18.42,2024-05-06T12:00:00Z,453250,19.407102
20.69,21.01,20.23,2904,20.84,2024-05-06T16:00:00Z,342442,20.596988
20.375,20.67,19.91,3132,20.095,2024-05-07T12:00:00Z,448486,20.320096
20.175,20.49,19.71,4931,20.39,2024-05-07T16:00:00Z,840069,20.124032
19.755,19.945,18.785,1349,19.49,2024-05-08T12:00:00Z,154607,19.429951
20.09,20.265,19.545,1271,19.755,2024-05-08T16:00:00Z,152925,20.053765
20.35,20.56,19.49,796,19.69,2024-05-09T12:00:00Z,103864,19.958734
19.645,20.625,19.56,1170,20.39,2024-05-09T16:00:00Z,129946,19.93905
19.03,19.03,19.03,1,19.03,2024-05-09T20:00:00Z,100,19.03
17.75,19.77,17.695,2642,19.75,2024-05-10T12:00:00Z,320476,18.452766
17.14,17.925,17.105,1646,17.705,2024-05-10T16:00:00Z,201259,17.432131
17.82,18.385,17.5,1355,17.72,2024-05-13T12:00:00Z,178113,17.876251
17.27,17.84,17.0,1142,17.84,2024-05-13T16:00:00Z,227817,17.290233
18.19,18.23,16.88,882,16.895,2024-05-14T12:00:00Z,98876,17.526269
18.07,18.135,17.72,698,18.135,2024-05-14T16:00:00Z,64469,17.99268
18.835,19.15,17.99,1181,18.98,2024-05-15T12:00:00Z,153110,18.524103
20.18,20.22,18.62,1478,18.89,2024-05-15T16:00:00Z,120369,19.715174
19.98,20.42,19.33,1126,19.855,2024-05-16T12:00:00Z,129713,19.789174
19.64,19.925,19.355,1014,19.92,2024-05-16T16:00:00Z,105630,19.630335
20.675,20.86,19.59,721,20.24,2024-05-17T12:00:00Z,78068,20.182499
19.445,20.71,19.28,1272,20.71,2024-05-17T16:00:00Z,113002,19.636136
21.29,21.29,18.89,989,19.65,2024-05-20T12:00:00Z,96147,19.886703
22.31,22.8,21.085,3042,21.31,2024-05-20T16:00:00Z,314135,22.180819
21.18,22.52,21.12,1596,22.27,2024-05-21T12:00:00Z,170366,21.885425
21.34,21.88,21.155,1492,21.155,2024-05-21T16:00:00Z,135014,21.517701
22.6,22.615,20.99,988,21.61,2024-05-22T12:00:00Z,122469,21.844388
21.215,22.84,20.95,819,22.635,2024-05-22T16:00:00Z,64362,21.614733
20.75,21.485,19.96,849,21.48,2024-05-23T12:00:00Z,71644,20.379729
20.09,21.01,19.865,1549,20.73,2024-05-23T16:00:00Z,162011,20.16528
21.27,21.715,19.89,904,20.22,2024-05-24T12:00:00Z,84451,20.859957
21.2,21.43,20.87,1530,21.31,2024-05-24T16:00:00Z,171104,21.1643
22.2,22.22,20.7,1099,21.2,2024-05-28T12:00:00Z,125645,21.431911
20.74,22.21,20.17,1272,22.195,2024-05-28T16:00:00Z,106651,21.062993
20.4,21.075,20.13,645,20.46,2024-05-29T12:00:00Z,55727,20.646432
20.23,20.73,20.12,994,20.335,2024-05-29T16:00:00Z,80851,20.35968
20.0,21.1,19.775,1060,20.505,2024-05-30T12:00:00Z,98849,20.301241
20.03,21.18,19.825,1345,19.99,2024-05-30T16:00:00Z,125958,20.321672
19.465,20.53,19.42,567,20.48,2024-05-31T12:00:00Z,45733,19.836501
19.54,19.54,18.9,1402,19.39,2024-05-31T16:00:00Z,127752,19.248734
20.09,21.34,19.92,1038,20.04,2024-06-03T12:00:00Z,118932,20.492663
19.575,20.1,19.13,811,20.08,2024-06-03T16:00:00Z,75671,19.447727
20.65,20.81,19.5,979,19.5,2024-06-04T12:00:00Z,117011,20.123619
20.49,21.25,20.45,1857,20.625,2024-06-04T16:00:00Z,178312,20.830343
19.96,20.955,19.41,1773,20.905,2024-06-05T12:00:00Z,153139,20.083663
21.08,21.135,19.86,2041,20.0,2024-06-05T16:00:00Z,193246,20.727453
21.71,22.005,20.75,916,20.88,2024-06-06T12:00:00Z,105776,21.335978
20.78,21.71,20.59,1163,21.62,2024-06-06T16:00:00Z,98446,20.938429
20.515,21.38,20.35,514,20.8,2024-06-07T12:00:00Z,48113,20.879023
19.27,20.745,19.065,1267,20.555,2024-06-07T16:00:00Z,122996,19.612322
19.575,19.83,18.84,1023,19.23,2024-06-10T12:00:00Z,87836,19.462829
19.455,19.91,19.34,1175,19.565,2024-06-10T16:00:00Z,92791,19.584336
18.26,18.855,17.66,1461,18.76,2024-06-11T12:00:00Z,178556,18.117127
19.83,19.875,18.23,1143,18.26,2024-06-11T16:00:00Z,99605,19.411611
20.56,20.835,20.01,987,20.52,2024-06-12T12:00:00Z,90722,20.454495
20.31,20.99,20.24,1280,20.56,2024-06-12T16:00:00Z,138952,20.539221
19.43,21.065,19.37,901,20.27,2024-06-13T12:00:00Z,108152,19.850666
19.99,20.185,19.37,1349,19.44,2024-06-13T16:00:00Z,133180,19.842241
19.53,20.3,19.39,528,20.0,2024-06-14T12:00:00Z,48323,19.838478
19.485,19.61,18.96,927,19.555,2024-06-14T16:00:00Z,89250,19.276146
19.095,19.525,18.49,820,19.13,2024-06-17T12:00:00Z,75499,19.00254
20.03,20.51,19.12,1545,19.13,2024-06-17T16:00:00Z,153672,20.023851
19.91,20.09,19.16,622,19.465,2024-06-18T12:00:00Z,50745,19.702584
20.27,20.36,19.8,1123,19.9,2024-06-18T16:00:00Z,87091,20.193497
21.04,21.35,20.09,1003,20.67,2024-06-20T12:00:00Z,101816,20.857354
20.65,21.1,20.21,962,21.05,2024-06-20T16:00:00Z,89915,20.664682
19.25,19.945,18.94,1354,19.92,2024-06-21T12:00:00Z,120428,19.520073
19.205,19.39,18.585,3030,19.22,2024-06-21T16:00:00Z,331371,19.053746
18.735,19.13,18.405,1076,18.475,2024-06-24T12:00:00Z,104373,18.756989
18.68,18.925,18.4,1325,18.77,2024-06-24T16:00:00Z,98498,18.688879
19.71,19.8,18.605,991,18.955,2024-06-25T12:00:00Z,91500,19.327772
19.245,19.7,18.97,1424,19.665,2024-06-25T16:00:00Z,100591,19.182252
20.24,20.24,19.08,968,19.08,2024-06-26T12:00:00Z,75150,19.852619
19.37,20.25,19.32,1010,20.19,2024-06-26T16:00:00Z,92251,19.64487
19.42,20.21,19.29,858,19.68,2024-06-27T12:00:00Z,82835,19.793972
19.67,19.99,19.385,1279,19.39,2024-06-27T16:00:00Z,97594,19.70561
19.99,20.0,19.52,699,19.84,2024-06-28T12:00:00Z,57956,19.74397
19.83,20.8,19.755,1917,20.01,2024-06-28T16:00:00Z,222723,20.103276
22.025,22.07,20.38,1336,20.38,2024-07-01T12:00:00Z,142887,21.430276
22.54,22.83,21.62,2228,21.965,2024-07-01T16:00:00Z,246663,22.32887
21.84,22.965,21.7,1523,22.42,2024-07-02T12:00:00Z,162575,22.314978
22.12,22.32,21.55,1701,21.93,2024-07-02T16:00:00Z,134848,22.057458
20.8,21.55,20.64,1469,21.43,2024-07-03T12:00:00Z,112457,21.007446
20.96,21.08,20.72,763,20.79,2024-07-03T16:00:00Z,69906,20.889752
19.95,20.015,19.44,1373,19.63,2024-07-05T12:00:00Z,137008,19.743969
20.17,20.23,19.76,1655,19.96,2024-07-05T16:00:00Z,141539,20.062118
19.61,21.0,19.5,944,20.48,2024-07-08T12:00:00Z,114260,20.226436
19.51,19.71,19.21,1330,19.595,2024-07-08T16:00:00Z,111416,19.455766
19.475,19.79,19.115,1136,19.74,2024-07-09T12:00:00Z,104311,19.411345
19.04,19.81,18.85,1997,19.47,2024-07-09T16:00:00Z,162212,19.143058
19.13,19.3,18.98,831,19.19,2024-07-10T12:00:00Z,71459,19.143693
18.91,19.15,18.78,1328,19.1,2024-07-10T16:00:00Z,96351,18.941771
19.105,19.88,19.04,1481,19.57,2024-07-11T12:00:00Z,88465,19.526803
19.01,19.26,18.845,1290,19.11,2024-07-11T16:00:00Z,100626,19.062093
20.01,20.07,19.15,937,19.16,2024-07-12T12:00:00Z,101971,19.703348
20.765,20.915,19.97,1894,20.09,2024-07-12T16:00:00Z,205128,20.613343
22.975,23.0,21.59,1346,21.97,2024-07-15T12:00:00Z,155203,22.394986
24.59,24.96,22.955,3297,22.965,2024-07-15T16:00:00Z,411908,24.343586
25.57,25.6,24.19,2353,24.25,2024-07-16T12:00:00Z,248911,24.870063
26.71,26.77,24.83,2386,25.59,2024-07-16T16:00:00Z,260820,26.196512
24.82,27.27,24.74,1643,25.81,2024-07-17T12:00:00Z,177353,26.01246
25.54,25.62,24.33,1260,24.94,2024-07-17T16:00:00Z,136710,25.125481
23.96,26.14,23.78,1068,26.09,2024-07-18T12:00:00Z,86055,24.664718
23.65,24.6,23.365,1705,23.99,2024-07-18T16:00:00Z,173536,23.7979
24.47,24.84,23.4,1790,23.72,2024-07-19T12:00:00Z,172336,24.349436
24.73,25.47,24.16,2157,24.45,2024-07-19T16:00:00Z,184055,24.826521
23.57,25.53,23.31,1064,25.02,2024-07-22T12:00:00Z,89936,24.052553
23.97,24.665,23.47,1052,23.62,2024-07-22T16:00:00Z,87629,24.138007
22.35,23.55,22.1,1564,23.485,2024-07-23T12:00:00Z,163179,22.733889
21.65,22.505,21.5,1654,22.31,2024-07-23T16:00:00Z,163361,21.789561
21.18,22.57,21.17,1252,22.04,2024-07-24T12:00:00Z,124537,21.847635
20.67,21.55,20.66,1722,21.18,2024-07-24T16:00:00Z,163200,20.99433
20.77,21.24,19.91,1686,20.16,2024-07-25T12:00:00Z,157322,20.485682
20.305,21.1,20.29,1361,20.805,2024-07-25T16:00:00Z,110352,20.614313
21.42,22.135,20.84,2211,21.695,2024-07-26T12:00:00Z,202484,21.467195
21.57,21.94,21.25,2445,21.455,2024-07-26T16:00:00Z,231643,21.498238
21.22,22.87,20.9,1511,22.58,2024-07-29T12:00:00Z,153293,21.630459
20.44,21.205,20.42,1728,21.205,2024-07-29T16:00:00Z,147974,20.713675
19.88,20.95,19.87,1358,20.63,2024-07-30T12:00:00Z,132529,20.214809
19.73,20.085,19.625,1301,19.92,2024-07-30T16:00:00Z,103449,19.855503
20.33,20.54,19.95,782,20.18,2024-07-31T12:00:00Z,70806,20.289054
19.69,20.65,19.59,1539,20.33,2024-07-31T16:00:00Z,151390,20.072738
18.76,19.945,18.61,1360,19.59,2024-08-01T12:00:00Z,115460,19.174231
18.12,18.88,17.86,3636,18.75,2024-08-01T16:00:00Z,310912,18.200347
17.93,17.93,17.36,20,17.36,2024-08-01T20:00:00Z,4469,17.437376
17.83,18.46,17.34,1693,17.73,2024-08-02T12:00:00Z,178509,17.802451
17.18,17.98,17.09,1949,17.87,2024-08-02T16:00:00Z,171423,17.363099
16.32,16.63,13.67,1978,13.9,2024-08-05T12:00:00Z,177586,15.29808
16.95,16.95,16.075,1977,16.39,2024-08-05T16:00:00Z,203840,16.58969
16.87,17.395,16.09,1874,17.365,2024-08-06T12:00:00Z,161963,16.711832
17.245,17.565,16.83,1410,16.9,2024-08-06T16:00:00Z,140094,17.266044
16.7,17.785,16.43,1268,17.785,2024-08-07T12:00:00Z,110466,16.940255
15.84,16.775,15.755,1263,16.7,2024-08-07T16:00:00Z,105704,16.080403
17.315,17.36,16.115,2251,16.565,2024-08-08T12:00:00Z,303238,16.582696
17.4,17.65,16.97,2065,17.325,2024-08-08T16:00:00Z,183143,17.400571
16.725,17.4,16.72,1142,17.36,2024-08-09T12:00:00Z,114579,17.060149
17.03,17.33,16.73,1406,16.735,2024-08-09T16:00:00Z,153111,17.045969
15.9,16.18,15.0,3539,16.055,2024-08-12T12:00:00Z,430887,15.557348
15.105,15.94,15.065,3505,15.87,2024-08-12T16:00:00Z,560009,15.31246
15.375,15.45,14.76,2902,15.015,2024-08-13T12:00:00Z,375970,15.187939
15.48,15.975,15.32,2429,15.36,2024-08-13T16:00:00Z,247899,15.645507
15.235,15.79,15.12,1480,15.73,2024-08-14T12:00:00Z,144916,15.390516
15.13,15.23,14.91,1133,15.21,2024-08-14T16:00:00Z,108837,15.110662
16.11,16.28,15.195,1939,15.2,2024-08-15T12:00:00Z,220144,15.859264
15.47,16.24,15.42,1762,16.105,2024-08-15T16:00:00Z,201003,15.757901
15.54,16.24,15.4,1396,15.565,2024-08-16T12:00:00Z,101033,15.825602
16.25,16.485,15.42,2092,15.5,2024-08-16T16:00:00Z,180002,16.087402
16.08,16.78,15.97,1058,16.385,2024-08-19T12:00:00Z,89233,16.255001
16.44,16.485,16.03,934,16.07,2024-08-19T16:00:00Z,79950,16.331511
16.445,17.1,16.14,1245,16.895,2024-08-20T12:00:00Z,116061,16.614321
16.42,16.61,16.04,1221,16.45,2024-08-20T16:00:00Z,121654,16.398064
17.0,17.275,16.415,1286,16.54,2024-08-21T12:00:00Z,131792,16.86839
17.63,17.65,16.97,1840,17.0,2024-08-21T16:00:00Z,208101,17.425595
17.08,17.72,17.005,1436,17.595,2024-08-22T12:00:00Z,130968,17.383303
16.87,17.29,16.75,1238,17.05,2024-08-22T16:00:00Z,123647,16.98042
17.75,17.97,16.83,1945,17.1,2024-08-23T12:00:00Z,192838,17.557139
18.69,18.72,17.64,2544,17.75,2024-08-23T16:00:00Z,302537,18.387861
18.525,18.62,17.84,1563,18.44,2024-08-26T12:00:00Z,146045,18.283667
18.57,18.825,18.44,1895,18.505,2024-08-26T16:00:00Z,226540,18.609795
17.285,18.13,17.16,1721,18.05,2024-08-27T12:00:00Z,168591,17.665846
17.77,17.805,17.19,1181,17.28,2024-08-27T16:00:00Z,126338,17.519039
17.07,17.54,16.71,1537,17.17,2024-08-28T12:00:00Z,146575,17.141006
17.12,17.235,16.805,1354,17.025,2024-08-28T16:00:00Z,119284,17.068574
18.24,18.4,17.53,2017,17.53,2024-08-29T12:00:00Z,217593,17.949635
16.99,18.44,16.87,2560,18.25,2024-08-29T16:00:00Z,247293,17.491023
16.62,17.26,16.49,1714,17.215,2024-08-30T12:00:00Z,172643,16.864255
16.71,16.8,16.51,1575,16.58,2024-08-30T16:00:00Z,184573,16.665696
15.545,16.48,15.51,1877,16.48,2024-09-03T12:00:00Z,180372,15.862319
15.25,15.61,15.03,2793,15.545,2024-09-03T16:00:00Z,300732,15.291456
15.28,15.445,14.73,1665,14.9,2024-09-04T12:00:00Z,197360,15.131977
14.875,15.39,14.81,1848,15.255,2024-09-04T16:00:00Z,180237,15.0133
13.995,15.08,13.9,1941,14.855,2024-09-05T12:00:00Z,198288,14.481001
13.86,14.2,13.745,1944,13.995,2024-09-05T16:00:00Z,239824,13.928653
13.45,14.36,13.4,2245,14.295,2024-09-06T12:00:00Z,233600,13.646086
13.39,13.46,13.17,2300,13.4,2024-09-06T16:00:00Z,269265,13.352295
14.48,14.495,13.68,1489,13.84,2024-09-09T12:00:00Z,139344,14.056608
14.63,14.75,14.43,1673,14.5,2024-09-09T16:00:00Z,223678,14.622417
14.79,15.105,14.36,2045,14.76,2024-09-10T12:00:00Z,215441,14.75409
15.94,15.95,14.76,1951,14.78,2024-09-10T16:00:00Z,243037,15.552215
15.635,15.76,14.885,2431,15.44,2024-09-11T12:00:00Z,252620,15.273421
15.78,16.19,15.61,2269,15.61,2024-09-11T16:00:00Z,306107,15.935582
15.755,16.045,15.38,1518,15.825,2024-09-12T12:00:00Z,138325,15.733413
15.79,16.045,15.66,1724,15.77,2024-09-12T16:00:00Z,158967,15.845153
16.64,16.64,15.66,2461,15.88,2024-09-13T12:00:00Z,392703,16.209897
16.12,16.71,15.99,1998,16.66,2024-09-13T16:00:00Z,276793,16.21427
16.09,16.21,15.38,1626,15.65,2024-09-16T12:00:00Z,136294,15.902094
15.865,16.12,15.77,1570,16.09,2024-09-16T16:00:00Z,132807,15.926577
16.16,16.58,15.86,2060,16.3,2024-09-17T12:00:00Z,190695,16.221835
15.87,16.215,15.58,1817,16.1,2024-09-17T16:00:00Z,154414,15.831537
15.59,16.035,15.5,1070,15.875,2024-09-18T12:00:00Z,90979,15.79076
15.33,16.58,15.18,2722,15.57,2024-09-18T16:00:00Z,255579,15.823553
15.87,16.5,15.635,3431,16.385,2024-09-19T12:00:00Z,362993,15.945673
15.44,16.2,15.435,2744,15.82,2024-09-19T16:00:00Z,306543,15.786682
15.34,15.57,14.97,1589,15.45,2024-09-20T12:00:00Z,141083,15.237087
15.535,15.61,15.22,2569,15.365,2024-09-20T16:00:00Z,284852,15.44969
16.22,16.3,15.38,2452,15.53,2024-09-23T12:00:00Z,272686,15.975373
16.07,16.25,15.7,2641,16.205,2024-09-23T16:00:00Z,421251,16.006548
15.69,16.53,15.62,2298,16.12,2024-09-24T12:00:00Z,310700,15.901154
16.4,16.43,15.63,2237,15.695,2024-09-24T16:00:00Z,342951,16.187709
16.39,16.84,16.27,1277,16.34,2024-09-25T12:00:00Z,121994,16.522602
16.16,16.48,16.03,1614,16.38,2024-09-25T16:00:00Z,181961,16.223606
17.94,17.965,16.51,3972,16.77,2024-09-26T12:00:00Z,444553,17.311642
17.52,18.24,17.32,3614,17.93,2024-09-26T16:00:00Z,366935,17.662672
17.07,17.89,17.05,2730,17.85,2024-09-27T12:00:00Z,307903,17.586671
17.28,17.58,16.85,2721,17.08,2024-09-27T16:00:00Z,294798,17.256282
16.335,16.7,16.18,1748,16.57,2024-09-30T12:00:00Z,170849,16.425729
16.21,16.5,16.08,1835,16.335,2024-09-30T16:00:00Z,205685,16.270108
15.1,16.16,14.85,2012,16.16,2024-10-01T12:00:00Z,200012,15.366259
15.08,15.21,14.665,1867,15.06,2024-10-01T16:00:00Z,231247,15.004248
15.37,15.37,14.86,1387,14.975,2024-10-02T12:00:00Z,119729,15.078913
15.21,15.5,15.13,1472,15.38,2024-10-02T16:00:00Z,163827,15.270546
15.12,15.33,14.81,1296,15.16,2024-10-03T12:00:00Z,142035,15.050226
15.455,15.47,14.79,1551,15.12,2024-10-03T16:00:00Z,192514,15.20577
16.31,16.35,15.55,1945,15.83,2024-10-04T12:00:00Z,207412,15.967572
16.305,16.635,16.16,1938,16.345,2024-10-04T16:00:00Z,192453,16.361073
15.9,16.71,15.885,1512,16.485,2024-10-07T12:00:00Z,144796,16.299621
15.99,16.2,15.52,1629,15.885,2024-10-07T16:00:00Z,176523,15.905837
16.06,16.36,15.67,1725,15.72,2024-10-08T12:00:00Z,169786,16.043725
15.84,16.05,15.78,1371,16.04,2024-10-08T16:00:00Z,161667,15.891647
15.97,16.14,15.45,1368,15.72,2024-10-09T12:00:00Z,144274,15.809999
15.445,15.97,15.36,1450,15.97,2024-10-09T16:00:00Z,151103,15.538815
15.25,15.45,15.08,1229,15.4,2024-10-10T12:00:00Z,117912,15.274623
15.24,15.49,15.07,1841,15.27,2024-10-10T16:00:00Z,204194,15.228414
15.95,16.15,15.35,2447,15.455,2024-10-11T12:00:00Z,271758,15.915876
16.07,16.23,15.81,3497,15.94,2024-10-11T16:00:00Z,493211,16.073202
17.36,17.96,16.36,4598,16.77,2024-10-14T12:00:00Z,469873,17.31358
16.955,17.49,16.77,4042,17.36,2024-10-14T16:00:00Z,476328,17.057855
17.085,17.93,16.65,3588,16.94,2024-10-15T12:00:00Z,372955,17.234624
16.92,17.505,16.86,2062,17.11,2024-10-15T16:00:00Z,224883,17.126808
17.7,17.85,16.965,1934,17.5,2024-10-16T12:00:00Z,241855,17.490735
18.08,18.18,17.43,2609,17.68,2024-10-16T16:00:00Z,407379,17.878858
18.05,18.16,17.1,2330,17.98,2024-10-17T12:00:00Z,222954,17.57747
18.02,18.49,17.87,2673,18.045,2024-10-17T16:00:00Z,302721,18.155984
18.93,19.075,18.28,2334,18.31,2024-10-18T12:00:00Z,260795,18.698019
18.9,19.1,18.63,2838,18.915,2024-10-18T16:00:00Z,359269,18.879968
18.38,18.76,17.87,2306,18.63,2024-10-21T12:00:00Z,199701,18.154646
18.71,18.71,17.99,1763,18.4,2024-10-21T16:00:00Z,180504,18.459991
18.88,19.11,18.12,1546,18.36,2024-10-22T12:00:00Z,120995,18.606964
18.97,19.06,18.5,1778,18.89,2024-10-22T16:00:00Z,185423,18.842366
18.195,18.73,17.955,2063,18.615,2024-10-23T12:00:00Z,213105,18.327816
18.075,18.22,17.33,3384,18.21,2024-10-23T16:00:00Z,358074,17.759329
18.01,18.99,17.995,3293,18.27,2024-10-24T12:00:00Z,298874,18.44066
18.22,18.25,17.75,2967,18.015,2024-10-24T16:00:00Z,356356,18.067232
17.5,18.29,17.2,3257,18.28,2024-10-25T12:00:00Z,320719,17.636403
17.07,17.7,16.96,3117,17.495,2024-10-25T16:00:00Z,387455,17.261281
18.04,18.445,17.69,2912,17.76,2024-10-28T12:00:00Z,301843,18.147583
18.94,19.185,17.98,5077,18.025,2024-10-28T16:00:00Z,663369,18.747008
19.21,19.935,18.83,4446,19.41,2024-10-29T12:00:00Z,416559,19.348432
18.93,19.31,18.71,4582,19.22,2024-10-29T16:00:00Z,532870,18.99687
18.925,19.1,18.02,1887,18.35,2024-10-30T12:00:00Z,169325,18.646526
18.29,19.12,18.25,2237,18.85,2024-10-30T16:00:00Z,241280,18.650617
16.9,18.22,16.79,3194,18.095,2024-10-31T12:00:00Z,300226,17.244859
16.78,16.97,16.46,3132,16.885,2024-10-31T16:00:00Z,332989,16.780444
16.66,17.365,16.66,1311,16.93,2024-11-01T12:00:00Z,156947,17.019639
16.11,16.83,16.1,2121,16.66,2024-11-01T16:00:00Z,301241,16.352462
15.855,16.0,15.41,1486,15.99,2024-11-04T12:00:00Z,145719,15.66593
15.66,15.94,15.315,2520,15.875,2024-11-04T16:00:00Z,246199,15.674864
15.49,15.66,15.47,993,15.65,2024-11-04T20:00:00Z,102025,15.530975
15.96,16.29,15.7,1841,15.96,2024-11-05T12:00:00Z,186016,15.995764
15.94,16.2,15.795,2987,15.975,2024-11-05T16:00:00Z,262829,16.075478
16.24,16.35,15.865,1230,15.87,2024-11-05T20:00:00Z,110951,16.195864
18.165,18.21,17.26,3032,17.635,2024-11-06T12:00:00Z,328023,17.769426
19.365,19.59,18.14,5094,18.175,2024-11-06T16:00:00Z,643807,18.988076
19.3,19.44,19.19,1774,19.365,2024-11-06T20:00:00Z,225318,19.332577
19.4,19.445,18.76,2243,18.93,2024-11-07T12:00:00Z,225138,19.051476
19.43,19.535,19.1,2309,19.395,2024-11-07T16:00:00Z,238717,19.312812
19.3,19.465,19.16,1185,19.41,2024-11-07T20:00:00Z,159313,19.323179
19.39,19.43,18.89,1812,19.15,2024-11-08T12:00:00Z,189812,19.154988
19.175,19.4,18.575,3304,19.385,2024-11-08T16:00:00Z,366773,18.962077
19.235,19.29,19.03,1163,19.175,2024-11-08T20:00:00Z,155539,19.16241
23.335,23.84,21.8,4048,22.15,2024-11-11T12:00:00Z,437561,22.957576
24.895,25.25,23.25,6718,23.31,2024-11-11T16:00:00Z,847821,24.292261
25.02,25.455,24.785,2713,24.825,2024-11-11T20:00:00Z,318662,25.134081
24.29,24.965,23.46,3408,23.97,2024-11-12T12:00:00Z,386354,24.326286
24.765,25.375,23.75,4216,24.18,2024-11-12T16:00:00Z,432681,24.571021
23.92,25.34,23.65,3096,24.77,2024-11-12T20:00:00Z,375810,25.163021
24.02,26.18,23.64,3163,24.34,2024-11-13T12:00:00Z,370803,24.975772
22.04,24.375,21.87,2951,23.97,2024-11-13T16:00:00Z,301545,23.247372
21.69,22.04,21.435,1494,22.02,2024-11-13T20:00:00Z,180308,21.710165
20.22,22.89,20.21,2535,22.525,2024-11-14T12:00:00Z,262375,21.362245
20.875,21.175,20.19,2316,20.215,2024-11-14T16:00:00Z,236346,20.866255
20.78,21.045,20.505,1301,20.83,2024-11-14T20:00:00Z,156665,20.725511
20.37,21.27,20.01,1425,21.27,2024-11-15T12:00:00Z,149575,20.552066
21.0,21.04,20.07,2285,20.375,2024-11-15T16:00:00Z,295559,20.466815
21.08,21.23,20.9,1334,20.98,2024-11-15T20:00:00Z,183633,21.072986
20.83,20.845,18.935,4212,19.73,2024-11-18T12:00:00Z,607051,19.580867
18.295,21.155,17.915,9753,20.825,2024-11-18T16:00:00Z,1227669,19.013634
18.105,18.48,17.725,8087,18.285,2024-11-18T20:00:00Z,1229963,17.985752
19.445,19.55,18.3,4761,18.69,2024-11-19T12:00:00Z,647521,19.003085
19.78,20.64,19.46,5631,19.5,2024-11-19T16:00:00Z,577470,20.137186
19.85,20.115,19.755,1662,19.81,2024-11-19T20:00:00Z,155185,19.917346
22.44,22.47,20.535,4275,20.86,2024-11-20T12:00:00Z,525959,21.462725
22.935,23.485,21.45,8191,22.42,2024-11-20T16:00:00Z,832605,22.646664
22.62,23.21,22.6,2362,22.935,2024-11-20T20:00:00Z,286428,22.74304
23.66,25.71,22.5,8250,25.2,2024-11-21T12:00:00Z,1108119,24.068008
23.97,25.49,23.37,8307,23.72,2024-11-21T16:00:00Z,955890,24.742534
24.19,24.87,23.585,3985,23.96,2024-11-21T20:00:00Z,414800,24.234493
24.24,24.68,23.11,2343,23.59,2024-11-22T12:00:00Z,232761,23.717718
25.935,26.415,24.04,4952,24.17,2024-11-22T16:00:00Z,534538,25.687459
26.025,26.7,25.88,2716,25.975,2024-11-22T20:00:00Z,317776,26.179451
27.85,28.28,24.865,5629,27.47,2024-11-25T12:00:00Z,596452,26.391319
26.22,28.89,26.08,5680,27.88,2024-11-25T16:00:00Z,623272,27.407852
26.42,26.47,25.84,1096,26.2,2024-11-25T20:00:00Z,114793,26.233058
25.56,26.8,24.71,1983,25.03,2024-11-26T12:00:00Z,218900,25.992204
24.96,27.89,24.88,3104,25.56,2024-11-26T16:00:00Z,312997,26.371684
24.96,25.395,24.66,1201,24.92,2024-11-26T20:00:00Z,119795,24.976399
25.54,27.29,25.54,3010,26.035,2024-11-27T12:00:00Z,285709,26.51522
26.85,27.05,25.02,3937,25.51,2024-11-27T16:00:00Z,375273,25.957798
26.92,27.21,26.78,1235,26.855,2024-11-27T20:00:00Z,153023,26.964232
29.55,29.935,27.22,3703,27.56,2024-11-29T12:00:00Z,381552,28.935665
27.42,30.28,27.14,4698,29.57,2024-11-29T16:00:00Z,629817,28.822112
26.295,26.96,25.26,4884,26.96,2024-12-02T12:00:00Z,621799,26.09083
24.7,26.44,23.82,9223,26.25,2024-12-02T16:00:00Z,1153660,24.669886
25.63,25.63,24.685,4942,24.69,2024-12-02T20:00:00Z,603195,25.163604
25.3,25.73,24.16,2932,24.51,2024-12-03T12:00:00Z,370528,25.17193
25.155,25.63,24.725,3313,25.32,2024-12-03T16:00:00Z,381738,25.082212
25.12,25.24,24.865,1325,25.205,2024-12-03T20:00:00Z,171867,25.0292
25.06,25.88,24.62,2870,25.2,2024-12-04T12:00:00Z,285295,25.238251
25.61,25.66,24.59,3748,25.08,2024-12-04T16:00:00Z,464946,25.029571
25.975,26.1,25.525,1984,25.65,2024-12-04T20:00:00Z,210516,25.897382
25.53,28.07,25.38,5638,27.16,2024-12-05T12:00:00Z,647183,26.838518
25.3,26.17,25.175,5100,25.485,2024-12-05T16:00:00Z,492342,25.672141
24.8,25.39,24.78,2118,25.285,2024-12-05T20:00:00Z,207923,25.011308
26.52,26.56,25.04,2623,25.445,2024-12-06T12:00:00Z,325104,25.728015
25.99,26.88,25.83,3842,26.55,2024-12-06T16:00:00Z,446123,26.280173
26.43,26.45,25.9,1337,26.04,2024-12-06T20:00:00Z,227192,26.207251
24.45,26.19,24.21,3868,25.5,2024-12-09T12:00:00Z,507015,25.401513
24.34,24.76,23.95,3186,24.45,2024-12-09T16:00:00Z,281342,24.352712
23.86,24.4,23.78,1599,24.335,2024-12-09T20:00:00Z,163691,23.979649
23.58,24.54,23.57,1670,24.42,2024-12-10T12:00:00Z,163820,24.04498
23.025,23.66,22.555,3745,23.58,2024-12-10T16:00:00Z,420355,23.01124
22.81,23.075,22.69,1488,23.005,2024-12-10T20:00:00Z,158409,22.862535
23.93,24.61,23.33,2538,23.44,2024-12-11T12:00:00Z,288875,23.961647
23.575,24.265,22.93,3313,23.94,2024-12-11T16:00:00Z,332962,23.510337
23.27,23.665,23.22,1126,23.575,2024-12-11T20:00:00Z,121166,23.406939
23.5,24.29,23.075,2308,23.79,2024-12-12T12:00:00Z,217138,23.649117
22.74,24.27,22.73,3636,23.55,2024-12-12T16:00:00Z,315603,23.569465
22.6,22.955,22.565,1094,22.76,2024-12-12T20:00:00Z,103242,22.717274
22.31,23.285,22.3,1782,22.92,2024-12-13T12:00:00Z,192069,22.822519
22.62,23.28,22.31,1626,22.32,2024-12-13T16:00:00Z,151412,22.895158
22.735,22.76,22.465,735,22.625,2024-12-13T20:00:00Z,78868,22.626504
24.825,25.02,23.27,1671,23.38,2024-12-16T12:00:00Z,220354,24.377489
24.85,25.41,24.35,2033,24.77,2024-12-16T16:00:00Z,174306,24.895584
24.54,24.87,24.12,844,24.82,2024-12-16T20:00:00Z,79336,24.443931
24.52,25.54,24.36,2985,25.09,2024-12-17T12:00:00Z,323517,24.968543
24.84,25.54,24.3,3446,24.51,2024-12-17T16:00:00Z,312699,24.937518
24.6,24.9,24.59,856,24.825,2024-12-17T20:00:00Z,78456,24.731909
24.05,24.455,23.63,1177,24.15,2024-12-18T12:00:00Z,115395,23.973636
22.82,24.84,22.75,2477,24.02,2024-12-18T16:00:00Z,251363,23.849969
22.1,22.91,21.325,2455,22.84,2024-12-18T20:00:00Z,273440,22.004076
21.46,22.865,21.135,1821,22.39,2024-12-19T12:00:00Z,219600,21.761232
20.46,21.42,19.875,3435,21.42,2024-12-19T16:00:00Z,562806,20.544337
20.61,20.74,20.215,1124,20.465,2024-12-19T20:00:00Z,162375,20.428152
20.32,20.49,19.23,2054,19.23,2024-12-20T12:00:00Z,227089,20.169998
20.16,20.67,19.77,3362,20.295,2024-12-20T16:00:00Z,364414,20.20341
19.96,20.175,19.755,1398,20.175,2024-12-20T20:00:00Z,167093,19.976478
19.53,20.03,19.16,519,19.86,2024-12-23T12:00:00Z,65107,19.654544
20.08,20.185,19.25,1126,19.25,2024-12-24T12:00:00Z,115160,19.891148
20.15,20.27,19.885,1253,20.095,2024-12-24T16:00:00Z,109751,20.080366
19.695,19.985,19.41,799,19.86,2024-12-26T12:00:00Z,70483,19.620159
19.54,19.855,19.44,1282,19.7,2024-12-26T16:00:00Z,99321,19.601655
19.29,19.63,19.27,882,19.54,2024-12-26T20:00:00Z,101988,19.420514
18.795,19.4,18.47,1012,19.38,2024-12-27T12:00:00Z,95621,18.802221
18.605,18.82,18.35,1418,18.79,2024-12-27T16:00:00Z,180647,18.480801
18.43,18.605,18.405,600,18.605,2024-12-27T20:00:00Z,64194,18.460731
17.24,18.14,16.85,3345,18.14,2024-12-30T12:00:00Z,367918,17.275972
17.57,17.78,17.0,3391,17.215,2024-12-30T16:00:00Z,375446,17.404101
17.27,17.71,17.27,1309,17.55,2024-12-30T20:00:00Z,174292,17.473714
17.17,18.21,17.105,1544,17.89,2024-12-31T12:00:00Z,166934,17.449558
16.785,17.18,16.645,1750,17.15,2024-12-31T16:00:00Z,196378,16.889929
16.78,16.955,16.725,773,16.795,2024-12-31T20:00:00Z,89319,16.801086
17.16,18.195,17.08,2062,17.47,2025-01-02T12:00:00Z,225506,17.633443
17.025,17.71,16.98,2180,17.18,2025-01-02T16:00:00Z,215650,17.240307
17.23,17.29,17.045,894,17.075,2025-01-02T20:00:00Z,101185,17.189168
19.44,19.48,17.19,2386,17.3,2025-01-03T12:00:00Z,294415,18.480621
19.41,19.59,19.17,3053,19.47,2025-01-03T16:00:00Z,323610,19.402763
19.62,19.73,19.175,1363,19.4,2025-01-03T20:00:00Z,175204,19.522571
20.265,20.545,19.61,2679,20.35,2025-01-06T12:00:00Z,326078,20.177874
20.11,20.515,20.05,2180,20.28,2025-01-06T16:00:00Z,242795,20.295662
20.56,20.59,20.085,1071,20.09,2025-01-06T20:00:00Z,135614,20.377591
19.61,20.5,19.035,1460,20.14,2025-01-07T12:00:00Z,158595,19.760615
19.38,19.85,19.34,1636,19.63,2025-01-07T16:00:00Z,172752,19.555658
19.07,19.365,19.055,1001,19.365,2025-01-07T20:00:00Z,138732,19.141481
18.33,18.87,18.15,1381,18.52,2025-01-08T12:00:00Z,134819,18.437524
18.43,18.54,17.67,2246,18.36,2025-01-08T16:00:00Z,301495,18.190796
18.33,18.505,18.33,674,18.41,2025-01-08T20:00:00Z,78256,18.392934
17.71,18.44,17.42,1686,18.44,2025-01-10T12:00:00Z,189237,17.788769
17.835,18.085,17.51,2292,17.71,2025-01-10T16:00:00Z,229050,17.750511
17.83,18.02,17.785,1056,17.785,2025-01-10T20:00:00Z,105900,17.893023
17.16,17.47,16.73,1775,17.0,2025-01-13T12:00:00Z,181930,17.093071
16.685,17.205,16.4,2172,17.18,2025-01-13T16:00:00Z,248580,16.788376
17.19,17.22,16.6,830,16.68,2025-01-13T20:00:00Z,124410,17.012759
17.535,18.13,17.375,1203,17.94,2025-01-14T12:00:00Z,172489,17.787864
17.25,17.705,17.03,1758,17.505,2025-01-14T16:00:00Z,173860,17.307797
17.36,17.39,16.95,658,17.245,2025-01-14T20:00:00Z,57148,17.195147
18.12,18.6,17.49,1732,17.49,2025-01-15T12:00:00Z,180516,18.308256
18.365,18.41,17.85,2316,18.11,2025-01-15T16:00:00Z,230334,18.104009
18.15,18.56,18.135,1282,18.36,2025-01-15T20:00:00Z,135470,18.337072
18.4,18.41,17.77,1060,18.17,2025-01-16T12:00:00Z,91993,18.10881
18.37,18.56,18.01,1776,18.4,2025-01-16T16:00:00Z,143230,18.323871
18.29,18.505,18.26,713,18.385,2025-01-16T20:00:00Z,71211,18.351953
20.65,20.675,18.99,3273,19.27,2025-01-17T12:00:00Z,394289,19.715003
20.24,20.97,20.07,6467,20.64,2025-01-17T16:00:00Z,689246,20.594757
19.92,20.235,19.81,2083,20.235,2025-01-17T20:00:00Z,257233,19.966563
18.96,20.56,18.67,2363,20.16,2025-01-21T12:00:00Z,258608,19.172005
19.93,20.085,18.75,4472,18.945,2025-01-21T16:00:00Z,569249,19.438523
19.58,20.005,19.45,1006,19.905,2025-01-21T20:00:00Z,128461,19.669927
19.07,19.7,18.93,1629,19.17,2025-01-22T12:00:00Z,181051,19.195805
19.66,20.09,18.995,2538,19.095,2025-01-22T16:00:00Z,247449,19.499497
19.68,19.73,19.5,1096,19.65,2025-01-22T20:00:00Z,105310,19.640944
20.22,20.24,19.06,3421,19.2,2025-01-23T12:00:00Z,412923,19.756603
19.735,20.82,19.66,3125,20.215,2025-01-23T16:00:00Z,376984,20.224985
19.94,20.15,19.625,1426,19.7,2025-01-23T20:00:00Z,168110,19.917862
20.38,20.475,19.84,1074,20.25,2025-01-24T12:00:00Z,122273,20.123344
20.36,21.17,20.34,2366,20.45,2025-01-24T16:00:00Z,256457,20.782275
19.98,20.34,19.96,1000,20.34,2025-01-24T20:00:00Z,99338,20.056701
18.53,19.27,18.37,1484,19.2,2025-01-27T12:00:00Z,180533,18.757186
17.805,18.64,17.5,2914,18.53,2025-01-27T16:00:00Z,340163,17.99004
18.29,18.29,17.785,1385,17.795,2025-01-27T20:00:00Z,206073,18.139497
18.295,18.555,17.875,1739,18.31,2025-01-28T12:00:00Z,169363,18.23439
18.145,18.33,17.91,2003,18.285,2025-01-28T16:00:00Z,165516,18.116319
18.25,18.26,18.075,1002,18.155,2025-01-28T20:00:00Z,124312,18.213578
18.2,18.58,18.05,1751,18.27,2025-01-29T12:00:00Z,157552,18.290988
18.37,18.52,17.795,2104,18.2,2025-01-29T16:00:00Z,277791,18.198254
18.38,18.85,18.2,741,18.38,2025-01-29T20:00:00Z,91179,18.501269
19.16,19.54,18.71,1785,18.71,2025-01-30T12:00:00Z,177473,19.306537
19.49,19.57,18.96,1505,19.22,2025-01-30T16:00:00Z,143431,19.313089
19.17,19.52,18.99,876,19.515,2025-01-30T20:00:00Z,106557,19.227069
19.1,19.37,18.69,1586,19.16,2025-01-31T12:00:00Z,162965,19.07281
18.43,19.19,18.18,2192,19.095,2025-01-31T16:00:00Z,230649,18.626797
18.32,18.39,18.04,1233,18.39,2025-01-31T20:00:00Z,140228,18.242597
17.855,17.98,16.86,3179,17.01,2025-02-03T12:00:00Z,406189,17.375151
18.21,18.28,17.3,3770,17.83,2025-02-03T16:00:00Z,381838,17.67637
17.95,18.29,17.855,939,18.235,2025-02-03T20:00:00Z,115980,18.075092
17.735,18.03,17.565,1533,17.84,2025-02-04T12:00:00Z,156616,17.828506
17.69,18.04,17.45,2097,17.75,2025-02-04T16:00:00Z,224107,17.685778
17.5,17.79,17.5,1016,17.68,2025-02-04T20:00:00Z,102264,17.695263
17.38,17.93,17.3,1164,17.61,2025-02-05T12:00:00Z,140330,17.544997
17.095,17.42,17.065,1799,17.375,2025-02-05T16:00:00Z,197046,17.20957
17.03,17.18,17.025,1047,17.105,2025-02-05T20:00:00Z,126212,17.081805
17.09,17.535,16.895,1460,17.27,2025-02-06T12:00:00Z,139651,17.218329
16.56,17.19,16.555,2334,17.09,2025-02-06T16:00:00Z,251366,16.866526
16.8,16.855,16.545,836,16.56,2025-02-06T20:00:00Z,98504,16.706919
17.075,17.845,16.91,2396,17.34,2025-02-07T12:00:00Z,211120,17.310284
16.78,17.32,16.72,2370,17.075,2025-02-07T16:00:00Z,265277,17.043423
16.77,16.83,16.51,1055,16.765,2025-02-07T20:00:00Z,121050,16.66348
16.91,17.16,16.76,1607,17.07,2025-02-10T12:00:00Z,144277,16.899213
16.73,17.17,16.72,2200,16.885,2025-02-10T16:00:00Z,213501,16.927312
16.77,16.86,16.7,786,16.73,2025-02-10T20:00:00Z,86036,16.773418
16.685,16.8,16.3,1367,16.63,2025-02-11T12:00:00Z,138287,16.608103
16.19,16.76,16.08,1874,16.7,2025-02-11T16:00:00Z,192216,16.375927
16.03,16.225,16.01,1101,16.2,2025-02-11T20:00:00Z,147352,16.062722
15.97,16.27,15.68,1902,16.27,2025-02-12T12:00:00Z,219940,15.961396
16.07,16.365,15.835,2180,15.965,2025-02-12T16:00:00Z,289537,16.113448
16.24,16.345,16.08,903,16.08,2025-02-12T20:00:00Z,122570,16.253269
16.64,16.68,15.88,2057,16.17,2025-02-13T12:00:00Z,194840,16.246381
16.625,16.81,16.37,2764,16.605,2025-02-13T16:00:00Z,248869,16.607344
16.89,16.95,16.61,773,16.625,2025-02-13T20:00:00Z,67646,16.823948
17.03,17.29,16.935,1945,16.97,2025-02-14T12:00:00Z,187251,17.109085
16.88,17.05,16.65,2342,17.05,2025-02-14T16:00:00Z,305415,16.849465
16.89,16.995,16.84,709,16.885,2025-02-14T20:00:00Z,111141,16.920839
16.725,16.775,16.32,1214,16.67,2025-02-18T12:00:00Z,120627,16.557608
16.1,16.72,15.93,2252,16.715,2025-02-18T16:00:00Z,232385,16.167663
16.06,16.185,16.015,1114,16.11,2025-02-18T20:00:00Z,133220,16.089255
16.07,16.405,16.07,1289,16.185,2025-02-19T12:00:00Z,127387,16.226573
15.965,16.31,15.84,1449,16.065,2025-02-19T16:00:00Z,179369,16.032592
15.795,15.98,15.76,781,15.96,2025-02-19T20:00:00Z,108172,15.848085
15.57,16.19,15.56,2011,15.93,2025-02-20T12:00:00Z,225058,15.792233
15.87,15.91,15.57,2739,15.595,2025-02-20T16:00:00Z,292305,15.778714
15.95,16.015,15.84,869,15.85,2025-02-20T20:00:00Z,94230,15.923503
15.695,16.335,15.55,2162,16.275,2025-02-21T12:00:00Z,250063,16.001101
14.71,15.815,14.71,3787,15.69,2025-02-21T16:00:00Z,511899,15.21419
14.655,14.83,14.65,1800,14.705,2025-02-21T20:00:00Z,241272,14.716496
13.8,14.69,13.685,3063,14.69,2025-02-24T12:00:00Z,366763,14.053669
13.92,14.36,13.765,2898,13.765,2025-02-24T16:00:00Z,291403,14.136506
13.88,14.005,13.87,1412,13.91,2025-02-24T20:00:00Z,173771,13.928903
12.555,13.475,12.2,4385,13.27,2025-02-25T12:00:00Z,508707,12.783762
12.55,12.63,12.05,3811,12.525,2025-02-25T16:00:00Z,456818,12.397072
12.42,12.7,12.33,1548,12.54,2025-02-25T20:00:00Z,256274,12.474107
12.695,12.865,12.2,1795,12.41,2025-02-26T12:00:00Z,220354,12.657272
12.3,12.8,12.285,2950,12.705,2025-02-26T16:00:00Z,485864,12.509032
12.87,12.87,12.25,1839,12.295,2025-02-26T20:00:00Z,308613,12.352986
13.36,14.8,13.21,3511,14.03,2025-02-27T12:00:00Z,429922,13.840943
13.36,14.025,13.23,3611,13.36,2025-02-27T16:00:00Z,432213,13.640255
13.12,13.355,13.06,2232,13.355,2025-02-27T20:00:00Z,367166,13.18779
14.325,14.55,12.85,3774,12.85,2025-02-28T12:00:00Z,400403,14.018061
13.92,14.36,13.235,2904,14.33,2025-02-28T16:00:00Z,310385,13.77635
13.93,13.995,13.69,764,13.905,2025-02-28T20:00:00Z,93323,13.883739
14.09,15.65,14.06,3657,15.41,2025-03-03T12:00:00Z,464730,14.766634
13.855,15.26,13.855,4735,14.105,2025-03-03T16:00:00Z,560146,14.481361
13.8,13.92,13.52,2203,13.805,2025-03-03T20:00:00Z,314253,13.725542
13.19,14.03,13.09,3149,13.27,2025-03-04T12:00:00Z,372277,13.597564
14.57,14.81,13.125,4388,13.165,2025-03-04T16:00:00Z,478086,14.052857
13.97,14.695,13.945,1536,14.54,2025-03-04T20:00:00Z,181094,14.262073
14.14,14.36,13.79,2529,14.31,2025-03-05T12:00:00Z,271708,14.086678
14.905,15.22,13.88,4337,14.12,2025-03-05T16:00:00Z,550266,14.746489
15.14,15.17,14.76,1706,14.915,2025-03-05T20:00:00Z,197906,14.980932
15.52,15.68,14.765,2298,14.87,2025-03-06T12:00:00Z,245519,15.16984
14.76,15.655,14.59,3237,15.505,2025-03-06T16:00:00Z,350403,15.028387
15.08,15.11,14.735,1035,14.75,2025-03-06T20:00:00Z,135361,14.997515
15.235,15.74,14.435,2472,14.84,2025-03-07T12:00:00Z,296335,15.291727
15.88,16.24,14.9,3968,15.205,2025-03-07T16:00:00Z,483864,15.680107
16.0,16.2,15.855,1352,15.855,2025-03-07T20:00:00Z,204189,16.053961
13.16,13.64,12.84,2651,13.555,2025-03-11T12:00:00Z,318274,13.286206
13.31,13.56,12.715,3100,13.13,2025-03-11T16:00:00Z,479542,13.162855
13.145,13.83,12.84,2730,13.67,2025-03-12T12:00:00Z,265795,13.270122
13.12,13.505,13.11,2776,13.13,2025-03-12T16:00:00Z,201356,13.294602
12.49,13.26,12.475,2355,13.17,2025-03-13T12:00:00Z,264935,12.884225
12.15,12.6,12.125,3150,12.475,2025-03-13T16:00:00Z,353250,12.364331
13.26,13.335,12.39,4330,12.5,2025-03-14T12:00:00Z,478787,12.860898
13.18,13.31,12.88,3729,13.265,2025-03-14T16:00:00Z,446761,13.105431
12.77,13.315,12.57,2793,13.14,2025-03-17T12:00:00Z,284225,12.808581
12.97,13.185,12.64,2827,12.78,2025-03-17T16:00:00Z,307972,12.95824
12.3,12.65,12.16,2479,12.65,2025-03-18T12:00:00Z,294022,12.339546
12.08,12.475,12.03,2827,12.275,2025-03-18T16:00:00Z,372234,12.204034
12.36,12.56,12.23,2408,12.29,2025-03-19T12:00:00Z,219592,12.363734
12.53,12.85,12.15,4093,12.36,2025-03-19T16:00:00Z,477789,12.502124
12.69,13.11,12.34,2601,12.47,2025-03-20T12:00:00Z,246379,12.822276
12.5,12.77,12.375,2878,12.68,2025-03-20T16:00:00Z,353366,12.505711
12.145,12.47,12.09,3209,12.47,2025-03-21T12:00:00Z,275328,12.191098
12.36,12.475,12.115,3937,12.14,2025-03-21T16:00:00Z,524515,12.306589
14.17,14.22,12.81,5941,12.84,2025-03-24T12:00:00Z,467150,13.68156
14.605,14.64,14.01,5895,14.18,2025-03-24T16:00:00Z,613520,14.354027
14.065,14.69,13.97,5050,14.54,2025-03-25T12:00:00Z,389357,14.261036
14.25,14.26,13.93,3440,14.08,2025-03-25T16:00:00Z,383672,14.143916
13.73,14.28,13.57,4126,14.25,2025-03-26T12:00:00Z,351770,13.898939
13.78,13.935,13.49,4454,13.73,2025-03-26T16:00:00Z,374553,13.71036
13.775,14.08,13.265,3938,13.515,2025-03-27T12:00:00Z,273065,13.74932
13.63,14.05,13.58,4160,13.77,2025-03-27T16:00:00Z,350029,13.76298
12.63,13.37,12.495,4223,13.37,2025-03-28T12:00:00Z,497086,12.697528
12.46,12.71,12.355,3262,12.625,2025-03-28T16:00:00Z,458357,12.481924
11.67,12.16,11.3,3981,11.91,2025-03-31T12:00:00Z,393982,11.647658
11.49,11.78,11.455,3423,11.675,2025-03-31T16:00:00Z,396752,11.584919
11.805,11.815,11.06,3201,11.67,2025-04-01T12:00:00Z,324777,11.454482
11.83,11.905,11.27,4122,11.81,2025-04-01T16:00:00Z,526006,11.636534
12.49,12.64,11.53,4373,11.55,2025-04-02T12:00:00Z,528756,12.310064
12.41,12.63,12.225,3934,12.49,2025-04-02T16:00:00Z,477899,12.430248
11.305,11.6,11.175,4386,11.38,2025-04-03T12:00:00Z,452728,11.381583
11.23,11.46,11.2,2661,11.31,2025-04-03T16:00:00Z,311238,11.265822
10.505,11.17,9.825,3497,11.17,2025-04-04T12:00:00Z,399578,10.475048
11.29,11.35,10.485,4012,10.485,2025-04-04T16:00:00Z,504501,11.102728
11.16,12.265,9.87,4983,10.09,2025-04-07T12:00:00Z,404432,11.117383
11.255,11.645,11.015,7354,11.145,2025-04-07T16:00:00Z,715489,11.360981
11.48,11.9,11.345,5136,11.75,2025-04-08T12:00:00Z,569201,11.518074
10.53,11.48,10.185,7606,11.475,2025-04-08T16:00:00Z,901489,10.797834
10.37,10.975,10.35,5050,10.43,2025-04-09T12:00:00Z,533753,10.704575
12.29,12.74,10.32,13195,10.365,2025-04-09T16:00:00Z,1223823,12.015141
11.205,11.99,11.12,6049,11.99,2025-04-10T12:00:00Z,583087,11.530845
11.73,11.91,11.0,5046,11.185,2025-04-10T16:00:00Z,681042,11.537539
12.145,12.61,11.735,2251,11.94,2025-04-11T12:00:00Z,262419,12.146558
12.49,12.6,11.98,3304,12.155,2025-04-11T16:00:00Z,477010,12.397296
12.8,13.45,12.6,4748,13.02,2025-04-14T12:00:00Z,503525,13.009036
12.93,13.09,12.7,3796,12.795,2025-04-14T16:00:00Z,353045,12.920761
12.445,13.25,12.39,2660,12.97,2025-04-15T12:00:00Z,299221,12.757533
12.56,12.615,12.18,3212,12.45,2025-04-15T16:00:00Z,446276,12.386303
12.42,12.67,12.23,2762,12.27,2025-04-16T12:00:00Z,293923,12.47386
12.34,12.66,12.06,2852,12.43,2025-04-16T16:00:00Z,308751,12.308601
12.29,12.53,12.03,1970,12.34,2025-04-17T12:00:00Z,186763,12.2995
12.66,12.67,12.27,2498,12.31,2025-04-17T16:00:00Z,290232,12.538504
12.76,13.11,12.61,2813,12.81,2025-04-21T12:00:00Z,318194,12.869991
12.31,12.93,12.185,2937,12.78,2025-04-21T16:00:00Z,352465,12.431529
13.66,13.775,12.54,7060,12.55,2025-04-22T12:00:00Z,787343,13.369612
14.05,14.075,13.255,4764,13.665,2025-04-22T16:00:00Z,557842,13.764279
14.32,14.765,13.95,5418,14.39,2025-04-23T12:00:00Z,690552,14.455934
14.13,14.59,14.1,2680,14.32,2025-04-23T16:00:00Z,274657,14.288721
14.07,14.25,13.87,2839,13.95,2025-04-24T12:00:00Z,283608,14.034434
14.02,14.285,13.9,2795,14.1,2025-04-24T16:00:00Z,293084,14.040961
14.3,14.445,14.025,2218,14.29,2025-04-25T12:00:00Z,224764,14.229668
14.29,14.595,14.18,2346,14.27,2025-04-25T16:00:00Z,294039,14.343358
13.77,14.475,13.69,1750,14.46,2025-04-28T12:00:00Z,249525,14.086654
14.01,14.085,13.47,2150,13.76,2025-04-28T16:00:00Z,284134,13.747799
14.1,14.335,13.92,2204,14.07,2025-04-29T12:00:00Z,259468,14.129371
14.2,14.465,14.105,3154,14.12,2025-04-29T16:00:00Z,385978,14.284522
13.47,14.17,13.055,3177,14.17,2025-04-30T12:00:00Z,405746,13.386736
13.36,13.48,13.27,1901,13.43,2025-04-30T16:00:00Z,262119,13.367851
14.42,14.6,13.62,4647,13.87,2025-05-01T12:00:00Z,586480,14.189037
14.03,14.655,13.91,3882,14.42,2025-05-01T16:00:00Z,500146,14.22898
14.745,14.94,14.07,3630,14.1,2025-05-02T12:00:00Z,459615,14.563288
14.48,14.96,14.43,3298,14.735,2025-05-02T16:00:00Z,435162,14.652072
12.93,14.06,12.745,4655,14.02,2025-05-05T12:00:00Z,714946,13.162113
13.08,13.33,12.925,2269,12.925,2025-05-05T16:00:00Z,354816,13.171063
13.12,13.19,12.64,1678,12.82,2025-05-06T12:00:00Z,227474,12.968608
13.14,13.32,13.045,1758,13.13,2025-05-06T16:00:00Z,263384,13.175913
13.41,13.58,13.22,3004,13.57,2025-05-07T12:00:00Z,368182,13.400282
13.31,13.4,13.05,2130,13.4,2025-05-07T16:00:00Z,398051,13.232029
14.28,14.49,13.76,4095,13.89,2025-05-08T12:00:00Z,530570,14.082157
14.28,14.46,14.16,3465,14.275,2025-05-08T16:00:00Z,526343,14.280651
14.975,16.14,14.0,6310,14.04,2025-05-09T12:00:00Z,805355,15.33663
15.79,15.8,14.625,4617,14.93,2025-05-09T16:00:00Z,572133,15.335466
15.99,16.68,15.94,5533,16.38,2025-05-12T12:00:00Z,656022,16.347289
15.955,16.185,15.585,4133,16.03,2025-05-12T16:00:00Z,512344,15.915282
16.01,16.615,15.805,3743,16.21,2025-05-13T12:00:00Z,440046,16.049396
16.34,16.45,15.98,3464,16.035,2025-05-13T16:00:00Z,462039,16.269857
16.38,16.38,16.38,2,16.38,2025-05-13T20:00:00Z,110,16.38
15.99,16.415,15.775,2639,16.31,2025-05-14T12:00:00Z,395631,16.013074
15.87,16.065,15.78,2175,15.99,2025-05-14T16:00:00Z,372198,15.941069
15.86,15.86,15.255,2553,15.58,2025-05-15T12:00:00Z,322811,15.515919
15.68,15.88,15.52,2536,15.81,2025-05-15T16:00:00Z,361369,15.686595
16.495,16.535,15.715,2719,15.82,2025-05-16T12:00:00Z,365545,16.259279
16.22,16.58,16.11,3035,16.5,2025-05-16T16:00:00Z,454522,16.333833
16.07,16.11,15.565,2214,15.86,2025-05-19T12:00:00Z,330319,15.824796
16.315,16.38,15.97,2485,16.075,2025-05-19T16:00:00Z,397181,16.224403
16.03,16.4,15.76,1975,16.4,2025-05-20T12:00:00Z,282942,15.988988
16.22,16.29,15.725,2344,16.07,2025-05-20T16:00:00Z,371144,16.074635
16.89,17.14,16.03,4779,16.07,2025-05-21T12:00:00Z,735833,16.674723
15.845,17.215,15.665,5103,16.9,2025-05-21T16:00:00Z,732829,16.261574
16.04,17.23,15.71,5699,16.49,2025-05-22T12:00:00Z,1048742,16.102702
15.65,16.19,15.64,4327,16.05,2025-05-22T16:00:00Z,1104676,15.858419
14.61,15.1,14.6,4115,15.01,2025-05-23T12:00:00Z,591619,14.85346
14.735,15.28,14.59,3265,14.615,2025-05-23T16:00:00Z,514756,14.957858
16.245,16.27,15.04,3618,15.07,2025-05-27T12:00:00Z,589513,15.792982
16.43,16.59,16.075,3741,16.25,2025-05-27T16:00:00Z,762636,16.325562
15.15,16.37,15.105,2651,16.28,2025-05-28T12:00:00Z,471774,15.419005
14.86,15.22,14.795,2684,15.15,2025-05-28T16:00:00Z,576354,15.051501
15.03,15.03,14.94,3,14.94,2025-05-28T20:00:00Z,1427,14.966931
14.79,15.27,14.765,1496,15.22,2025-05-29T12:00:00Z,292283,14.935926
14.6,14.92,14.51,1194,14.75,2025-05-29T16:00:00Z,231769,14.657252
14.56,14.67,14.09,1948,14.53,2025-05-30T12:00:00Z,354886,14.414566
14.09,14.585,14.09,2660,14.55,2025-05-30T16:00:00Z,661729,14.223677
14.06,14.06,14.06,2,14.06,2025-05-30T20:00:00Z,348,14.06
14.17,14.425,13.94,2269,14.03,2025-06-02T12:00:00Z,357566,14.098307
14.38,14.38,14.13,1799,14.17,2025-06-02T16:00:00Z,362214,14.269603
15.19,15.22,14.285,2287,14.48,2025-06-03T12:00:00Z,527359,14.844287
15.31,15.545,14.975,2886,15.205,2025-06-03T16:00:00Z,705642,15.30782
15.32,15.32,15.32,2,15.32,2025-06-03T20:00:00Z,1517,15.32
15.33,15.44,14.925,2190,15.17,2025-06-04T12:00:00Z,322250,15.190495
15.65,15.78,15.26,2055,15.3,2025-06-04T16:00:00Z,387750,15.621538
15.66,15.91,15.15,2158,15.67,2025-06-05T12:00:00Z,383054,15.504274
14.88,15.65,14.66,2839,15.64,2025-06-05T16:00:00Z,772351,15.097304
14.76,14.76,14.76,1,14.76,2025-06-05T20:00:00Z,1100,14.76
16.01,16.1,15.11,3240,15.11,2025-06-06T12:00:00Z,631232,15.762039
15.75,16.075,15.75,3368,16.01,2025-06-06T16:00:00Z,757450,15.9391
15.605,16.35,15.47,2275,16.29,2025-06-09T12:00:00Z,332436,15.779766
16.25,16.28,15.57,2522,15.61,2025-06-09T16:00:00Z,435332,16.083097
16.295,16.45,16.04,2063,16.35,2025-06-10T12:00:00Z,337427,16.199273
16.485,16.68,16.24,2877,16.315,2025-06-10T16:00:00Z,630233,16.507301
16.46,16.46,16.46,3,16.46,2025-06-10T20:00:00Z,931,16.46
16.5,16.73,16.29,2162,16.43,2025-06-11T12:00:00Z,326449,16.519022
16.35,16.615,15.97,2029,16.495,2025-06-11T16:00:00Z,389577,16.298272
16.01,16.235,15.62,1707,15.83,2025-06-12T12:00:00Z,233843,15.910846
15.81,16.46,15.79,1969,16.03,2025-06-12T16:00:00Z,322905,16.096923
15.79,15.79,15.79,15,15.79,2025-06-12T20:00:00Z,1391,15.79
15.13,15.7,14.97,2440,15.39,2025-06-13T12:00:00Z,386484,15.276711
15.025,15.205,14.575,2985,15.13,2025-06-13T16:00:00Z,605522,14.929048
15.04,15.04,15.04,2,15.04,2025-06-13T20:00:00Z,1500,15.04
15.14,15.54,15.06,2084,15.35,2025-06-16T12:00:00Z,404510,15.265315
15.33,15.505,15.1,2157,15.12,2025-06-16T16:00:00Z,481374,15.334619
14.73,15.185,14.63,2355,14.95,2025-06-17T12:00:00Z,447047,14.847235
14.67,14.78,14.3,2238,14.75,2025-06-17T16:00:00Z,467032,14.589865
14.47,14.47,14.47,15,14.47,2025-06-17T20:00:00Z,1159,14.47
14.885,14.91,14.44,1800,14.65,2025-06-18T12:00:00Z,345125,14.658181
14.49,14.9,14.49,3680,14.88,2025-06-18T16:00:00Z,671620,14.704893
14.49,14.49,14.49,1,14.49,2025-06-18T20:00:00Z,100,14.49
14.48,14.89,14.33,1974,14.78,2025-06-20T12:00:00Z,318148,14.509609
14.31,14.51,14.11,2584,14.48,2025-06-20T16:00:00Z,494093,14.313097
14.33,14.33,14.33,2,14.33,2025-06-20T20:00:00Z,993,14.33
13.94,14.44,13.69,2214,14.0,2025-06-23T12:00:00Z,323779,14.121866
14.19,14.24,13.49,2358,13.95,2025-06-23T16:00:00Z,353545,13.900252
14.27,14.27,14.27,4,14.27,2025-06-23T20:00:00Z,500,14.27
14.76,15.04,14.375,2436,14.53,2025-06-24T12:00:00Z,484852,14.803484
14.88,15.025,14.715,3354,14.77,2025-06-24T16:00:00Z,674827,14.848188
14.91,15.4,14.88,3271,15.14,2025-06-25T12:00:00Z,600736,15.177185
14.97,15.045,14.82,1803,14.905,2025-06-25T16:00:00Z,357294,14.954651
14.945,15.07,14.585,1664,15.0,2025-06-26T12:00:00Z,274219,14.862252
15.27,15.38,14.88,3330,14.96,2025-06-26T16:00:00Z,657920,15.175018
15.21,15.22,15.21,5,15.22,2025-06-26T20:00:00Z,983,15.217701
15.22,15.29,14.97,1531,15.22,2025-06-27T12:00:00Z,198440,15.16197
15.02,15.49,14.85,2355,15.215,2025-06-27T16:00:00Z,370816,15.12261
14.99,14.99,14.99,1,14.99,2025-06-27T20:00:00Z,100,14.99
15.465,15.61,15.07,2305,15.24,2025-06-30T12:00:00Z,355521,15.345963
15.66,15.795,15.39,3359,15.485,2025-06-30T16:00:00Z,597770,15.622935
15.855,16.16,15.23,2908,15.41,2025-07-01T12:00:00Z,347047,15.815895
15.7,16.11,15.61,3002,15.865,2025-07-01T16:00:00Z,447634,15.823945
17.345,17.6,15.885,5703,16.03,2025-07-02T12:00:00Z,965107,16.97372
17.8,17.84,17.27,4404,17.36,2025-07-02T16:00:00Z,791396,17.575297
17.79,17.79,17.79,8,17.79,2025-07-02T20:00:00Z,313,17.79
17.67,18.215,17.4,5945,17.64,2025-07-03T12:00:00Z,758967,17.82647
17.62,17.79,17.6,1400,17.66,2025-07-03T16:00:00Z,215980,17.705018
16.66,17.57,16.39,3098,17.56,2025-07-07T12:00:00Z,394470,16.716767
16.76,16.78,16.25,3101,16.7,2025-07-07T16:00:00Z,480757,16.530548
16.71,16.71,16.71,3,16.71,2025-07-07T20:00:00Z,507,16.71
17.22,17.66,16.92,2607,16.97,2025-07-08T12:00:00Z,333759,17.316853
17.53,17.54,17.17,3146,17.22,2025-07-08T16:00:00Z,414851,17.377413
17.87,18.06,17.41,2699,17.73,2025-07-09T12:00:00Z,391361,17.73179
18.455,18.51,17.79,2808,17.875,2025-07-09T16:00:00Z,468604,18.150868
18.46,18.555,17.96,2497,18.46,2025-07-10T12:00:00Z,406975,18.236479
19.0,19.175,18.46,3418,18.46,2025-07-10T16:00:00Z,621932,18.917342
19.05,19.05,19.05,1,19.05,2025-07-10T20:00:00Z,200,19.05
19.37,19.79,19.2,3398,19.65,2025-07-11T12:00:00Z,534741,19.526278
19.13,19.52,19.005,2483,19.36,2025-07-11T16:00:00Z,358341,19.270264
19.07,19.07,19.07,1,19.07,2025-07-11T20:00:00Z,133,19.07
19.785,21.49,19.73,4259,19.75,2025-07-14T12:00:00Z,804086,20.645621
19.22,19.935,18.98,3583,19.81,2025-07-14T16:00:00Z,622570,19.409774
19.31,19.31,19.21,2,19.21,2025-07-14T20:00:00Z,200,19.26
18.94,19.32,18.595,2826,18.84,2025-07-15T12:00:00Z,394534,18.9888
18.75,19.335,18.705,2201,18.93,2025-07-15T16:00:00Z,318254,18.931323
18.73,18.76,18.71,8,18.76,2025-07-15T20:00:00Z,614,18.721667
19.865,20.19,19.24,4579,19.24,2025-07-16T12:00:00Z,666760,19.733647
19.45,20.075,19.425,3951,19.86,2025-07-16T16:00:00Z,554600,19.73508
19.56,19.59,19.56,6,19.59,2025-07-16T20:00:00Z,827,19.58583
20.055,20.085,19.17,2518,19.46,2025-07-17T12:00:00Z,331264,19.734232
19.98,20.2,19.59,2208,20.085,2025-07-17T16:00:00Z,296309,19.965248
19.97,19.97,19.92,3,19.92,2025-07-17T20:00:00Z,494,19.949757
19.735,20.985,19.66,2996,20.22,2025-07-18T12:00:00Z,411141,20.42535
19.515,19.79,19.27,2567,19.725,2025-07-18T16:00:00Z,282613,19.492318
19.29,19.98,19.29,2655,19.79,2025-07-21T12:00:00Z,395036,19.663875
18.845,19.37,18.67,2586,19.295,2025-07-21T16:00:00Z,275423,18.96107
19.56,19.72,18.7,3173,19.16,2025-07-22T12:00:00Z,378689,19.267578
19.87,19.98,19.39,2804,19.575,2025-07-22T16:00:00Z,341054,19.773894
19.85,19.85,19.85,2,19.85,2025-07-22T20:00:00Z,600,19.85
18.19,19.06,17.37,5582,19.06,2025-07-23T12:00:00Z,1016679,17.832806
17.57,18.265,16.935,13039,18.18,2025-07-23T16:00:00Z,3009893,17.292621
17.56,17.56,17.56,6,17.56,2025-07-23T20:00:00Z,174,17.56
17.44,17.675,17.24,4797,17.6,2025-07-24T12:00:00Z,708539,17.434141
17.255,17.61,17.13,4114,17.46,2025-07-24T16:00:00Z,679561,17.392356
17.05,17.22,16.63,3449,16.91,2025-07-25T12:00:00Z,497395,16.837071
17.25,17.255,16.97,3976,17.04,2025-07-25T16:00:00Z,641239,17.136659
17.06,17.81,16.95,4187,17.77,2025-07-28T12:00:00Z,692426,17.213303
17.18,17.25,16.97,2930,17.06,2025-07-28T16:00:00Z,536416,17.116182
16.695,17.36,16.47,3128,17.23,2025-07-29T12:00:00Z,583709,16.886201
16.64,16.92,16.54,4273,16.715,2025-07-29T16:00:00Z,845936,16.722394
17.29,17.74,16.88,154,16.88,2025-07-29T20:00:00Z,10921,17.396994
16.9,17.91,16.73,3137,17.09,2025-07-30T12:00:00Z,451974,17.211664
16.55,17.235,16.31,3787,16.88,2025-07-30T16:00:00Z,477535,16.761296
16.55,16.7,16.09,2785,16.68,2025-07-31T12:00:00Z,381925,16.363191
16.09,16.65,16.08,2996,16.54,2025-07-31T16:00:00Z,381464,16.348017
15.83,15.87,15.01,4926,15.3,2025-08-01T12:00:00Z,758101,15.491408
15.5,15.94,15.45,3997,15.83,2025-08-01T16:00:00Z,632595,15.654553
15.49,15.49,15.49,1,15.49,2025-08-01T20:00:00Z,143,15.49
15.98,15.98,15.315,2474,15.78,2025-08-04T12:00:00Z,359067,15.671827
16.045,16.2,15.85,2481,15.97,2025-08-04T16:00:00Z,387234,16.037867
15.47,15.99,15.33,2439,15.99,2025-08-05T12:00:00Z,434160,15.604202
15.63,15.63,15.35,1962,15.465,2025-08-05T16:00:00Z,275744,15.496989
15.75,15.76,15.445,1523,15.65,2025-08-06T12:00:00Z,287626,15.60541
15.89,16.11,15.67,2250,15.76,2025-08-06T16:00:00Z,392888,15.935911
15.76,15.86,15.76,2,15.86,2025-08-06T20:00:00Z,800,15.8475
15.83,16.49,15.83,2441,16.2,2025-08-07T12:00:00Z,449781,16.082993
15.96,15.97,15.605,2544,15.83,2025-08-07T16:00:00Z,411266,15.775007
15.98,15.98,15.98,2,15.98,2025-08-07T20:00:00Z,1205,15.98
15.39,16.09,15.3,1833,16.04,2025-08-08T12:00:00Z,285661,15.635785
15.39,15.65,15.325,1989,15.38,2025-08-08T16:00:00Z,322724,15.47863
16.06,16.205,15.78,1968,15.98,2025-08-11T12:00:00Z,339376,15.967029
15.66,16.2,15.575,2009,16.06,2025-08-11T16:00:00Z,317365,15.806663
15.9,15.975,15.52,1469,15.6,2025-08-12T12:00:00Z,216421,15.860007
15.73,15.89,15.58,1460,15.885,2025-08-12T16:00:00Z,271196,15.73153
15.75,15.75,15.75,1,15.75,2025-08-12T20:00:00Z,100,15.75
15.86,16.32,15.64,1973,15.87,2025-08-13T12:00:00Z,370478,15.936776
15.87,16.12,15.61,2083,15.89,2025-08-13T16:00:00Z,424178,15.867822
15.02,15.78,14.97,3343,15.78,2025-08-14T12:00:00Z,536442,15.256439
15.745,15.77,14.87,3025,15.045,2025-08-14T16:00:00Z,553166,15.345538
15.64,15.64,15.64,1,15.64,2025-08-14T20:00:00Z,1200,15.64
15.53,15.86,15.37,2485,15.76,2025-08-15T12:00:00Z,338688,15.591054
15.66,15.9,15.44,2340,15.54,2025-08-15T16:00:00Z,347710,15.751559
16.015,16.045,15.25,2754,15.3,2025-08-18T12:00:00Z,517585,15.690784
16.1,16.34,15.94,2474,15.995,2025-08-18T16:00:00Z,478569,16.080016
15.37,16.24,15.365,2005,16.06,2025-08-19T12:00:00Z,327378,15.687115
15.18,15.39,15.025,2568,15.385,2025-08-19T16:00:00Z,427791,15.18016
15.2,15.2,15.15,17,15.18,2025-08-19T20:00:00Z,533,15.1825
14.97,15.2,14.49,2408,15.13,2025-08-20T12:00:00Z,358280,14.819997
15.45,15.455,14.98,2134,14.98,2025-08-20T16:00:00Z,330962,15.263688
15.38,15.58,15.03,1936,15.17,2025-08-21T12:00:00Z,326218,15.414941
15.5,15.5,15.22,2049,15.385,2025-08-21T16:00:00Z,396478,15.371921
15.52,15.52,15.52,7,15.52,2025-08-21T20:00:00Z,930,15.52
16.44,16.63,15.27,3530,15.46,2025-08-22T12:00:00Z,536416,16.237144
16.28,16.61,16.245,4488,16.455,2025-08-22T16:00:00Z,754751,16.395239
15.375,15.91,15.03,4965,15.6,2025-08-25T12:00:00Z,912912,15.376708
15.41,15.58,15.34,3750,15.375,2025-08-25T16:00:00Z,682137,15.443959
15.7,15.72,15.22,2375,15.32,2025-08-26T12:00:00Z,422855,15.454545
15.84,15.96,15.65,2866,15.705,2025-08-26T16:00:00Z,519803,15.819644
15.97,16.13,15.55,2029,15.84,2025-08-27T12:00:00Z,342436,15.977865
15.85,16.1,15.77,2867,15.99,2025-08-27T16:00:00Z,672719,15.940394
16.17,16.295,15.85,1489,16.02,2025-08-28T12:00:00Z,241328,16.013594
15.94,16.305,15.85,2171,16.15,2025-08-28T16:00:00Z,382910,16.029793
15.96,15.96,15.95,2,15.95,2025-08-28T20:00:00Z,600,15.955
15.62,16.1,15.54,2637,15.7,2025-08-29T12:00:00Z,537084,15.743198
15.99,16.1,15.63,3427,15.63,2025-08-29T16:00:00Z,704378,15.894776
15.79,16.53,15.38,3630,15.88,2025-09-02T12:00:00Z,552714,16.114167
16.075,16.095,15.62,3323,15.81,2025-09-02T16:00:00Z,578297,15.888396
15.89,16.67,15.89,2852,16.13,2025-09-03T12:00:00Z,538366,16.208483
15.9,16.05,15.65,2714,15.895,2025-09-03T16:00:00Z,548142,15.833151
15.34,15.855,15.245,2083,15.75,2025-09-04T12:00:00Z,415386,15.439459
15.13,15.4,15.04,2982,15.33,2025-09-04T16:00:00Z,598333,15.209703
15.18,15.18,15.18,4,15.18,2025-09-04T20:00:00Z,239,15.18
14.92,15.71,14.615,3551,15.33,2025-09-05T12:00:00Z,664263,14.978042
15.19,15.275,14.93,3021,14.93,2025-09-05T16:00:00Z,682156,15.110186
15.18,15.18,15.18,2,15.18,2025-09-05T20:00:00Z,848,15.18
15.255,15.35,14.98,2091,15.2,2025-09-08T12:00:00Z,393928,15.190623
15.195,15.315,15.105,3105,15.265,2025-09-08T16:00:00Z,698952,15.219317
15.565,15.82,15.35,2442,15.39,2025-09-09T12:00:00Z,536120,15.525735
15.94,15.99,15.435,3713,15.58,2025-09-09T16:00:00Z,880650,15.775717
15.9,15.91,15.9,2,15.91,2025-09-09T20:00:00Z,291,15.906117
16.23,16.42,15.9,2954,15.99,2025-09-10T12:00:00Z,478213,16.239341
15.86,16.43,15.765,3296,16.23,2025-09-10T16:00:00Z,776611,16.056391
16.055,16.385,15.69,2115,15.94,2025-09-11T12:00:00Z,384734,16.118181
15.7,16.1,15.695,2715,16.07,2025-09-11T16:00:00Z,716028,15.871995
15.95,16.065,15.58,2021,15.87,2025-09-12T12:00:00Z,368120,15.90639
16.3,16.635,15.93,4747,15.97,2025-09-12T16:00:00Z,1112505,16.342726
16.3,16.3,16.3,3,16.3,2025-09-12T20:00:00Z,110,16.3
15.85,16.33,15.795,2735,16.2,2025-09-15T12:00:00Z,423995,16.012899
16.25,16.26,15.58,3654,15.85,2025-09-15T16:00:00Z,795363,15.870828
16.19,16.19,16.19,1,16.19,2025-09-15T20:00:00Z,100,16.19
17.225,17.34,16.19,3664,16.21,2025-09-16T12:00:00Z,781278,16.862981
17.52,17.615,17.015,6466,17.235,2025-09-16T16:00:00Z,1389006,17.308869
17.58,17.58,17.52,11,17.53,2025-09-16T20:00:00Z,1100,17.538182
17.49,17.595,17.135,2858,17.34,2025-09-17T12:00:00Z,554090,17.370991
17.34,17.805,16.765,3390,17.5,2025-09-17T16:00:00Z,815303,17.314209
17.28,17.37,17.19,26,17.31,2025-09-17T20:00:00Z,4792,17.26383
18.76,18.835,17.39,3788,17.63,2025-09-18T12:00:00Z,783645,18.246564
18.48,19.21,18.48,6794,18.77,2025-09-18T16:00:00Z,1635024,18.874169
18.6,18.6,18.5,9,18.5,2025-09-18T20:00:00Z,900,18.567778
18.635,18.675,18.285,2592,18.31,2025-09-19T12:00:00Z,378067,18.498517
18.275,18.71,18.265,2822,18.6,2025-09-19T16:00:00Z,567228,18.422071
18.3,18.3,18.25,7,18.29,2025-09-19T20:00:00Z,601,18.281667
17.555,17.82,17.01,3375,17.62,2025-09-22T12:00:00Z,624933,17.441282
18.34,18.43,17.47,3573,17.55,2025-09-22T16:00:00Z,806714,18.073957
18.29,18.29,18.23,4,18.23,2025-09-22T20:00:00Z,1243,18.280346
18.545,19.17,18.41,2608,18.44,2025-09-23T12:00:00Z,414429,18.803227
17.71,18.64,17.65,3819,18.585,2025-09-23T16:00:00Z,670910,17.951265
17.76,17.76,17.69,9,17.71,2025-09-23T20:00:00Z,748,17.717143
17.975,19.29,17.925,3786,18.0,2025-09-24T12:00:00Z,709266,18.61591
17.64,18.18,17.55,3667,18.02,2025-09-24T16:00:00Z,718592,17.879711
16.91,17.4,16.5,3332,17.38,2025-09-25T12:00:00Z,490566,16.798827
16.055,16.915,15.74,4482,16.9,2025-09-25T16:00:00Z,793262,16.163327
16.1,16.1,16.1,1,16.1,2025-09-25T20:00:00Z,105,16.1
15.96,16.35,15.73,2755,16.14,2025-09-26T12:00:00Z,372310,15.95537
16.12,16.37,15.955,3489,15.965,2025-09-26T16:00:00Z,725600,16.165359
17.74,17.765,16.385,4493,16.45,2025-09-29T12:00:00Z,868103,17.179358
18.64,18.73,17.59,6249,17.735,2025-09-29T16:00:00Z,1443703,18.333307
18.64,18.64,18.64,13,18.64,2025-09-29T20:00:00Z,352,18.64
18.2,18.605,18.08,3575,18.23,2025-09-30T12:00:00Z,604389,18.316936
18.26,18.345,18.04,3298,18.21,2025-09-30T16:00:00Z,548446,18.212809
18.13,18.13,18.13,1,18.13,2025-09-30T20:00:00Z,210,18.13
18.91,19.4,18.56,3909,18.76,2025-10-01T12:00:00Z,631761,18.937331
18.6,19.025,18.2,3844,18.905,2025-10-01T16:00:00Z,652614,18.606448
19.16,19.745,18.635,3083,19.03,2025-10-02T12:00:00Z,529805,19.072156
18.77,19.35,18.76,3441,19.165,2025-10-02T16:00:00Z,543737,19.02354
19.49,19.51,18.675,3756,18.96,2025-10-03T12:00:00Z,572488,19.10558
18.81,19.6,18.46,4958,19.5,2025-10-03T16:00:00Z,683294,19.017947
20.03,20.11,19.255,4519,19.46,2025-10-06T12:00:00Z,847396,19.744933
20.58,20.6,19.48,6417,20.02,2025-10-06T16:00:00Z,1384469,20.062476
19.385,20.925,19.13,5902,20.51,2025-10-07T12:00:00Z,881259,19.9583
20.25,20.39,19.35,6122,19.405,2025-10-07T16:00:00Z,838048,19.978838
20.07,20.92,20.05,3538,20.46,2025-10-08T12:00:00Z,484495,20.408683
20.19,20.965,20.05,7054,20.075,2025-10-08T16:00:00Z,1061028,20.48191
19.76,20.65,19.435,3633,20.32,2025-10-09T12:00:00Z,565931,19.962376
20.19,20.41,19.56,3486,19.75,2025-10-09T16:00:00Z,574379,19.992595
19.94,22.05,19.2,4398,20.57,2025-10-10T12:00:00Z,763593,20.866659
18.63,20.115,18.185,6377,19.89,2025-10-10T16:00:00Z,937692,18.982241
20.155,20.16,18.99,2290,19.15,2025-10-13T12:00:00Z,332719,19.585333
20.22,20.595,20.11,2977,20.15,2025-10-13T16:00:00Z,437353,20.354857
20.27,20.27,20.23,4,20.23,2025-10-13T20:00:00Z,400,20.2425
21.94,21.95,19.02,4038,19.51,2025-10-14T12:00:00Z,622856,20.642306
22.23,22.97,21.74,5623,21.925,2025-10-14T16:00:00Z,860690,22.329546
22.39,22.39,22.23,6,22.23,2025-10-14T20:00:00Z,985,22.298985
22.87,23.44,22.29,5569,22.85,2025-10-15T12:00:00Z,923662,22.895706
22.84,23.24,22.25,5521,22.885,2025-10-15T16:00:00Z,786078,22.84743
21.145,23.18,21.075,4480,23.14,2025-10-16T12:00:00Z,556685,21.991264
20.265,21.28,19.9,7449,21.17,2025-10-16T16:00:00Z,976219,20.519272
19.34,20.18,19.0,4760,19.9,2025-10-17T12:00:00Z,608324,19.413547
19.56,19.77,19.31,4945,19.34,2025-10-17T16:00:00Z,726285,19.53636
21.9,22.055,20.11,5498,20.49,2025-10-20T12:00:00Z,812825,21.274897
20.75,21.91,20.71,5009,21.9,2025-10-20T16:00:00Z,802380,21.281456
20.91,21.04,20.14,3408,20.53,2025-10-21T12:00:00Z,475744,20.541715
20.07,21.015,19.665,3830,20.895,2025-10-21T16:00:00Z,527005,20.113338
18.905,19.995,18.785,4038,19.61,2025-10-22T12:00:00Z,574462,19.259791
19.16,19.25,18.39,5383,18.91,2025-10-22T16:00:00Z,761406,18.80292
19.57,19.66,19.155,1914,19.32,2025-10-23T12:00:00Z,276327,19.334594
19.23,19.91,19.2,2864,19.56,2025-10-23T16:00:00Z,377738,19.558767
19.68,20.04,19.55,3005,19.775,2025-10-24T12:00:00Z,362999,19.770829
19.54,19.71,19.205,3405,19.675,2025-10-24T16:00:00Z,454928,19.443507
19.745,20.465,19.565,2609,20.36,2025-10-27T12:00:00Z,312401,19.94459
19.55,20.165,19.54,2899,19.78,2025-10-27T16:00:00Z,347197,19.874347
19.725,20.28,19.395,2485,19.63,2025-10-28T12:00:00Z,374881,19.901027
18.89,19.84,18.685,3138,19.69,2025-10-28T16:00:00Z,574896,19.222868
18.985,19.26,18.8,2183,19.075,2025-10-29T12:00:00Z,243821,19.030501
18.9,19.11,18.155,4071,18.965,2025-10-29T16:00:00Z,522494,18.757281
18.05,18.66,17.95,2459,18.425,2025-10-30T12:00:00Z,362387,18.188621
17.77,18.34,17.76,2616,18.07,2025-10-30T16:00:00Z,438474,18.040858
18.12,18.38,17.88,3027,18.28,2025-10-31T12:00:00Z,402296,18.192771
18.28,18.28,17.66,3578,18.08,2025-10-31T16:00:00Z,615468,17.989418
17.6,18.74,17.5,2451,18.55,2025-11-03T12:00:00Z,336902,18.015081
18.265,18.41,17.43,2987,17.57,2025-11-03T16:00:00Z,427132,17.983465
17.815,18.355,17.735,1559,18.275,2025-11-03T20:00:00Z,256692,18.043225
17.49,17.9,16.85,2567,17.38,2025-11-04T12:00:00Z,402894,17.54433
16.8,17.61,16.71,4382,17.51,2025-11-04T16:00:00Z,775997,17.032579
16.64,16.87,16.545,1586,16.8,2025-11-04T20:00:00Z,265795,16.68714
17.5,18.03,17.1,2574,17.21,2025-11-05T12:00:00Z,339070,17.579985
17.35,17.65,17.085,3936,17.495,2025-11-05T16:00:00Z,473636,17.317557
17.12,17.525,17.115,1537,17.35,2025-11-05T20:00:00Z,204600,17.240974
16.495,17.05,16.44,2094,16.97,2025-11-06T12:00:00Z,258726,16.698058
16.38,16.685,16.06,4118,16.53,2025-11-06T16:00:00Z,428843,16.374399
16.01,16.46,15.93,1817,16.39,2025-11-06T20:00:00Z,250671,16.139086
15.1,15.51,14.93,2414,15.38,2025-11-07T12:00:00Z,524268,15.182464
15.77,15.77,14.81,3983,15.09,2025-11-07T16:00:00Z,980961,15.230333
15.89,15.89,15.47,1592,15.785,2025-11-07T20:00:00Z,303024,15.67188
15.655,16.62,15.62,2462,16.565,2025-11-10T12:00:00Z,371609,16.133897
15.67,16.06,15.59,3052,15.65,2025-11-10T16:00:00Z,567484,15.784546
15.56,15.84,15.56,1611,15.67,2025-11-10T20:00:00Z,312039,15.714761
14.79,15.37,14.735,2277,15.34,2025-11-11T12:00:00Z,337581,14.902461
14.825,15.085,14.75,3557,14.79,2025-11-11T16:00:00Z,587165,14.943125
14.64,14.83,14.5,2176,14.82,2025-11-11T20:00:00Z,458857,14.603694
14.36,14.975,14.225,2571,14.96,2025-11-12T12:00:00Z,328136,14.653872
14.09,14.385,13.985,3462,14.34,2025-11-12T16:00:00Z,425486,14.136363
14.42,14.46,14.04,2251,14.085,2025-11-12T20:00:00Z,485006,14.214954
13.71,14.36,13.62,3074,14.34,2025-11-13T12:00:00Z,433229,13.921905
12.915,13.73,12.8,4875,13.68,2025-11-13T16:00:00Z,1070440,13.230316
12.89,12.925,12.685,2465,12.905,2025-11-13T20:00:00Z,502089,12.789646
12.5,12.635,12.01,2323,12.12,2025-11-14T12:00:00Z,387874,12.425536
12.24,12.67,12.17,3912,12.5,2025-11-14T16:00:00Z,814911,12.401835
11.98,12.31,11.96,1845,12.24,2025-11-14T20:00:00Z,424674,12.07797
11.74,12.27,11.72,3413,12.12,2025-11-17T12:00:00Z,574114,11.93305
11.17,11.77,11.105,4722,11.745,2025-11-17T16:00:00Z,1116254,11.450695
11.515,11.535,11.11,1667,11.165,2025-11-17T20:00:00Z,379190,11.351268
11.65,11.91,11.31,3005,11.37,2025-11-18T12:00:00Z,449709,11.647813
12.01,12.1,11.54,4783,11.635,2025-11-18T16:00:00Z,788851,11.850414
11.78,12.1,11.78,1645,12.015,2025-11-18T20:00:00Z,292604,11.99216
11.1,12.02,11.09,2602,11.96,2025-11-19T12:00:00Z,390643,11.55402
11.095,11.195,10.85,3785,11.095,2025-11-19T16:00:00Z,726190,11.017622
11.4,11.43,11.03,1647,11.08,2025-11-19T20:00:00Z,338342,11.15002
11.225,11.73,11.225,2971,11.53,2025-11-20T12:00:00Z,476144,11.479616
10.64,11.265,10.37,5143,11.21,2025-11-20T16:00:00Z,886188,10.741892
10.25,10.64,10.21,2060,10.625,2025-11-20T20:00:00Z,352740,10.375892
9.815,10.48,9.77,3799,10.08,2025-11-21T12:00:00Z,498732,10.127993
10.075,10.335,9.72,6749,9.82,2025-11-21T16:00:00Z,800029,10.097662
10.19,10.19,9.945,3076,10.07,2025-11-21T20:00:00Z,439507,10.052903
10.415,10.7,10.125,3490,10.33,2025-11-24T12:00:00Z,653546,10.426596
11.09,11.1,10.38,3408,10.415,2025-11-24T16:00:00Z,690077,10.756986
11.23,11.275,11.045,1660,11.1,2025-11-24T20:00:00Z,329119,11.176648
10.845,11.17,10.63,2639,11.17,2025-11-25T12:00:00Z,364143,10.813717
10.905,11.11,10.64,2364,10.85,2025-11-25T16:00:00Z,397160,10.833635
11.17,11.23,10.91,1229,10.915,2025-11-25T20:00:00Z,221212,11.102395
11.1,11.38,10.97,1435,11.15,2025-11-26T12:00:00Z,200325,11.147427
11.465,11.515,10.91,2797,11.1,2025-11-26T16:00:00Z,634594,11.291932
11.12,11.5,11.115,1550,11.47,2025-11-26T20:00:00Z,361202,11.283864
11.87,11.97,11.37,3199,11.43,2025-11-28T12:00:00Z,542416,11.808763
11.81,11.865,11.56,2452,11.86,2025-11-28T16:00:00Z,475463,11.688549
10.89,11.32,10.625,2965,11.06,2025-12-01T12:00:00Z,503433,10.948357
11.44,11.49,10.825,2281,10.875,2025-12-01T16:00:00Z,440646,11.187501
11.62,11.65,11.415,1137,11.47,2025-12-01T20:00:00Z,214445,11.492516
11.975,12.42,11.705,2377,11.75,2025-12-02T12:00:00Z,375453,12.044752
12.265,12.285,11.825,2639,11.965,2025-12-02T16:00:00Z,538653,12.06031
11.99,12.31,11.86,1630,12.265,2025-12-02T20:00:00Z,370235,12.04855
11.99,12.31,11.8,2366,12.28,2025-12-03T12:00:00Z,317526,12.018735
12.43,12.52,11.875,2740,11.995,2025-12-03T16:00:00Z,601741,12.140879
12.46,12.53,12.34,1419,12.42,2025-12-03T20:00:00Z,283067,12.455816
12.45,12.505,12.12,1382,12.44,2025-12-04T12:00:00Z,227752,12.357987
12.48,12.55,12.155,2346,12.43,2025-12-04T16:00:00Z,458598,12.410039
12.37,12.58,12.37,894,12.47,2025-12-04T20:00:00Z,159855,12.508431
12.05,12.38,11.92,1555,12.37,2025-12-05T12:00:00Z,218190,12.07748
11.865,12.08,11.635,2254,12.07,2025-12-05T16:00:00Z,418018,11.785206
11.72,11.875,11.69,864,11.86,2025-12-05T20:00:00Z,167883,11.758134
11.74,12.11,11.57,1437,11.99,2025-12-08T12:00:00Z,214633,11.798756
11.78,11.98,11.695,1965,11.74,2025-12-08T16:00:00Z,368155,11.831714
11.97,12.08,11.79,979,11.79,2025-12-08T20:00:00Z,162815,11.926248
12.38,12.39,11.77,1221,11.95,2025-12-09T12:00:00Z,193311,12.097822
12.39,12.86,12.18,2512,12.39,2025-12-09T16:00:00Z,505425,12.459937
12.23,12.41,12.18,837,12.385,2025-12-09T20:00:00Z,132655,12.258645
11.85,12.17,11.785,1301,12.17,2025-12-10T12:00:00Z,243463,11.903948
12.145,12.315,11.775,2579,11.84,2025-12-10T16:00:00Z,530376,12.022391
11.88,12.235,11.88,1815,12.16,2025-12-10T20:00:00Z,357548,12.059005
11.35,11.74,11.18,2148,11.67,2025-12-11T12:00:00Z,369648,11.408017
11.665,11.705,11.235,2794,11.34,2025-12-11T16:00:00Z,497465,11.550357
11.92,11.99,11.66,1314,11.685,2025-12-11T20:00:00Z,258149,11.759281
11.485,12.255,11.46,1908,11.83,2025-12-12T12:00:00Z,331928,11.987736
11.79,11.84,11.36,2870,11.5,2025-12-12T16:00:00Z,604333,11.571014
11.54,11.82,11.45,1323,11.79,2025-12-12T20:00:00Z,274677,11.587075
10.69,11.55,10.585,2903,11.55,2025-12-15T12:00:00Z,572069,10.814657
10.91,10.985,10.675,3049,10.695,2025-12-15T16:00:00Z,733059,10.842084
10.72,10.905,10.66,1757,10.905,2025-12-15T20:00:00Z,407101,10.744258
10.885,11.04,10.58,1593,10.8,2025-12-16T12:00:00Z,238897,10.778731
10.59,10.91,10.5,1938,10.9,2025-12-16T16:00:00Z,320867,10.658141
10.73,10.73,10.59,1175,10.6,2025-12-16T20:00:00Z,228072,10.666489
10.28,10.94,10.265,2003,10.74,2025-12-17T12:00:00Z,277622,10.642217
10.105,10.395,10.02,2582,10.285,2025-12-17T16:00:00Z,541610,10.167165
9.95,10.185,9.925,1751,10.11,2025-12-17T20:00:00Z,368022,10.013374
10.055,10.37,9.94,2389,10.05,2025-12-18T12:00:00Z,332754,10.098722
9.63,10.075,9.62,2469,10.06,2025-12-18T16:00:00Z,663560,9.877156
9.71,9.785,9.62,1100,9.635,2025-12-18T20:00:00Z,259958,9.705202
10.05,10.12,9.86,1927,9.87,2025-12-19T12:00:00Z,367274,9.987043
9.99,10.215,9.905,2421,10.04,2025-12-19T16:00:00Z,585254,10.04395
10.17,10.175,9.93,1101,10.005,2025-12-19T20:00:00Z,276054,10.07932
10.41,10.66,10.235,1512,10.4,2025-12-22T12:00:00Z,242782,10.462064
10.05,10.425,10.035,1827,10.415,2025-12-22T16:00:00Z,346889,10.252984
10.12,10.13,9.995,993,10.04,2025-12-22T20:00:00Z,213902,10.051003
9.83,10.07,9.8,1102,10.07,2025-12-23T12:00:00Z,169485,9.903434
9.785,9.905,9.69,1431,9.84,2025-12-23T16:00:00Z,319536,9.809919
9.86,9.91,9.755,685,9.78,2025-12-23T20:00:00Z,155871,9.838208
9.78,9.87,9.69,679,9.87,2025-12-24T12:00:00Z,105366,9.769961
9.93,9.94,9.77,800,9.775,2025-12-24T16:00:00Z,204916,9.86367
9.515,10.0,9.44,1535,9.99,2025-12-26T12:00:00Z,285945,9.550198
9.575,9.695,9.51,1115,9.525,2025-12-26T16:00:00Z,295040,9.604974
9.585,9.635,9.565,736,9.575,2025-12-26T20:00:00Z,197797,9.597115
9.535,9.84,9.41,1512,9.52,2025-12-29T12:00:00Z,223097,9.650712
9.445,9.58,9.38,1351,9.55,2025-12-29T16:00:00Z,389003,9.459831
9.47,9.49,9.405,452,9.45,2025-12-29T20:00:00Z,130520,9.455997
9.61,9.635,9.445,1039,9.51,2025-12-30T12:00:00Z,196663,9.562674
9.465,9.66,9.435,1204,9.6,2025-12-30T16:00:00Z,316368,9.524685
9.31,9.475,9.31,666,9.46,2025-12-30T20:00:00Z,171422,9.378526
9.245,9.4,9.175,812,9.35,2025-12-31T12:00:00Z,148903,9.256657
9.07,9.245,9.065,1260,9.24,2025-12-31T16:00:00Z,344333,9.169909
8.98,9.07,8.955,901,9.07,2025-12-31T20:00:00Z,267325,9.004101
9.785,9.785,9.035,1919,9.23,2026-01-02T12:00:00Z,449191,9.497607
9.95,9.985,9.69,1814,9.78,2026-01-02T16:00:00Z,536980,9.855785
9.91,9.96,9.855,998,9.94,2026-01-02T20:00:00Z,374012,9.912614
10.495,10.62,10.25,1856,10.41,2026-01-05T12:00:00Z,371079,10.451557
10.57,10.62,10.265,2276,10.505,2026-01-05T16:00:00Z,595372,10.452131
10.6,10.73,10.535,1163,10.57,2026-01-05T20:00:00Z,334153,10.612523
10.39,10.68,10.325,1234,10.61,2026-01-06T12:00:00Z,207874,10.485683
10.32,10.385,9.97,1708,10.38,2026-01-06T16:00:00Z,411423,10.151935
10.32,10.475,10.31,813,10.33,2026-01-06T20:00:00Z,175001,10.372844
10.11,10.32,9.83,1474,10.29,2026-01-07T12:00:00Z,265582,10.045985
10.105,10.3,10.015,1510,10.12,2026-01-07T16:00:00Z,325513,10.167281
10.085,10.13,9.99,1093,10.11,2026-01-07T20:00:00Z,284098,10.059557
10.325,10.5,9.84,1383,9.97,2026-01-08T12:00:00Z,212240,10.211916
10.45,10.675,10.25,1592,10.335,2026-01-08T16:00:00Z,297002,10.482772
10.44,10.445,10.34,841,10.44,2026-01-08T20:00:00Z,156383,10.397471
10.3,10.565,10.07,1407,10.46,2026-01-09T12:00:00Z,228475,10.278401
10.165,10.455,10.165,1413,10.3,2026-01-09T16:00:00Z,287391,10.315217
10.23,10.255,10.135,836,10.16,2026-01-09T20:00:00Z,178124,10.208102
10.47,10.47,10.14,1312,10.23,2026-01-12T12:00:00Z,201255,10.345243
10.77,10.825,10.45,1849,10.475,2026-01-12T16:00:00Z,444591,10.674412
10.64,10.84,10.615,999,10.8,2026-01-12T20:00:00Z,270867,10.70499
10.83,11.015,10.63,1505,10.72,2026-01-13T12:00:00Z,268747,10.785716
10.985,10.985,10.62,1974,10.82,2026-01-13T16:00:00Z,469657,10.741182
10.91,11.07,10.8,1099,11.0,2026-01-13T20:00:00Z,309282,10.924557
11.14,11.455,10.89,2393,11.1,2026-01-14T12:00:00Z,482179,11.169579
11.115,11.43,10.905,3036,11.21,2026-01-14T16:00:00Z,678518,11.107829
11.09,11.175,10.98,1555,11.115,2026-01-14T20:00:00Z,339802,11.069073
11.08,11.14,10.775,2093,11.05,2026-01-15T12:00:00Z,386585,10.927061
10.98,11.24,10.88,2493,11.07,2026-01-15T16:00:00Z,574747,11.070034
10.68,10.98,10.64,1499,10.98,2026-01-15T20:00:00Z,307382,10.752082
11.135,11.48,10.61,3677,10.72,2026-01-16T12:00:00Z,568082,11.143609
11.34,11.56,11.11,2920,11.14,2026-01-16T16:00:00Z,530374,11.360016
11.51,11.51,11.22,1674,11.315,2026-01-16T20:00:00Z,362910,11.305716
10.705,10.9,10.23,3927,10.89,2026-01-20T12:00:00Z,588990,10.538037
10.53,10.95,10.41,3403,10.715,2026-01-20T16:00:00Z,832231,10.697389
10.38,10.525,10.33,1275,10.5,2026-01-20T20:00:00Z,229531,10.408011
11.03,11.21,10.36,2148,10.4,2026-01-21T12:00:00Z,331841,10.885036
10.79,11.095,10.235,2765,11.025,2026-01-21T16:00:00Z,565843,10.55799
10.6,10.805,10.48,1129,10.8,2026-01-21T20:00:00Z,197603,10.595078
10.395,10.8,10.23,1502,10.7,2026-01-22T12:00:00Z,324411,10.434945
10.31,10.45,10.225,1911,10.4,2026-01-22T16:00:00Z,498163,10.340589
10.31,10.335,10.14,1039,10.29,2026-01-22T20:00:00Z,290463,10.230439
10.415,10.42,10.0,1246,10.29,2026-01-23T12:00:00Z,209986,10.203109
10.67,10.98,10.325,3457,10.415,2026-01-23T16:00:00Z,908246,10.664287
10.49,10.655,10.43,1147,10.635,2026-01-23T20:00:00Z,242526,10.519604
10.015,10.45,10.0,1549,10.35,2026-01-26T12:00:00Z,305552,10.170568
10.015,10.255,9.885,1961,10.0,2026-01-26T16:00:00Z,450636,10.055688
10.03,10.035,9.965,1026,10.0,2026-01-26T20:00:00Z,242335,9.992225
10.035,10.19,9.9,1493,10.05,2026-01-27T12:00:00Z,270316,10.02724
10.365,10.405,10.02,2406,10.045,2026-01-27T16:00:00Z,576061,10.212656
10.48,10.59,10.335,1686,10.34,2026-01-27T20:00:00Z,473334,10.474196
10.455,10.785,10.385,1546,10.59,2026-01-28T12:00:00Z,224878,10.527641
10.355,10.615,10.245,2736,10.425,2026-01-28T16:00:00Z,537275,10.42336
10.36,10.475,10.27,1119,10.355,2026-01-28T20:00:00Z,182846,10.354999
9.72,10.24,9.63,2106,10.2,2026-01-29T12:00:00Z,353831,9.88285
9.695,10.045,9.655,2386,9.73,2026-01-29T16:00:00Z,435074,9.824191
9.87,9.88,9.61,1156,9.7,2026-01-29T20:00:00Z,215410,9.728082
9.7,9.82,9.53,1538,9.68,2026-01-30T12:00:00Z,291499,9.667701
9.515,9.78,9.32,2684,9.705,2026-01-30T16:00:00Z,627411,9.536483
9.58,9.58,9.36,1574,9.515,2026-01-30T20:00:00Z,422901,9.4439
9.315,9.37,8.925,1793,9.01,2026-02-02T12:00:00Z,361276,9.185279
9.24,9.44,9.21,2336,9.305,2026-02-02T16:00:00Z,540679,9.319562
9.16,9.3,9.04,1432,9.25,2026-02-02T20:00:00Z,400923,9.149623
9.505,9.545,9.005,1934,9.21,2026-02-03T12:00:00Z,387271,9.254742
8.71,9.505,8.515,3958,9.5,2026-02-03T16:00:00Z,1118508,8.93482
9.075,9.075,8.68,1390,8.7,2026-02-03T20:00:00Z,380490,8.864455
8.44,8.98,8.315,3074,8.98,2026-02-04T12:00:00Z,525819,8.59186
8.365,8.445,7.905,5242,8.425,2026-02-04T16:00:00Z,1214246,8.155827
8.3,8.38,8.21,1153,8.37,2026-02-04T20:00:00Z,250372,8.280262
7.42,8.02,7.25,3589,7.83,2026-02-05T12:00:00Z,961374,7.516759
6.965,7.605,6.915,4634,7.43,2026-02-05T16:00:00Z,1280311,7.238069
6.58,6.985,6.58,3068,6.965,2026-02-05T20:00:00Z,893475,6.744804
7.845,7.845,7.12,3811,7.2,2026-02-06T12:00:00Z,771202,7.530824
8.255,8.27,7.82,4108,7.86,2026-02-06T16:00:00Z,1164430,8.077576
8.26,8.385,8.155,2084,8.23,2026-02-06T20:00:00Z,559758,8.261153
8.315,8.37,7.785,2820,8.04,2026-02-09T12:00:00Z,685746,8.171827
8.175,8.465,8.125,2661,8.32,2026-02-09T16:00:00Z,1047206,8.29611
8.08,8.175,7.96,1615,8.165,2026-02-09T20:00:00Z,841953,8.049171
8.075,8.08,7.83,1883,7.87,2026-02-10T12:00:00Z,426967,7.946669
7.82,8.14,7.73,2232,8.085,2026-02-10T16:00:00Z,714448,7.926291
7.66,7.81,7.65,910,7.81,2026-02-10T20:00:00Z,368468,7.700428
7.785,7.81,7.415,2589,7.52,2026-02-11T12:00:00Z,615399,7.606907
7.525,7.895,7.28,3355,7.775,2026-02-11T16:00:00Z,939489,7.541058
7.6,7.61,7.39,1136,7.52,2026-02-11T20:00:00Z,346699,7.48221
7.555,7.665,7.42,1594,7.63,2026-02-12T12:00:00Z,290079,7.535163
7.255,7.58,7.145,2891,7.555,2026-02-12T16:00:00Z,705984,7.285915
7.28,7.345,7.165,874,7.27,2026-02-12T20:00:00Z,272869,7.242327
7.71,7.91,7.29,1982,7.33,2026-02-13T12:00:00Z,416145,7.678371
7.94,8.075,7.69,2261,7.72,2026-02-13T16:00:00Z,690719,7.930542
7.93,7.99,7.83,1223,7.94,2026-02-13T20:00:00Z,332569,7.895922
7.425,7.88,7.335,1825,7.78,2026-02-17T12:00:00Z,393371,7.563155
7.655,7.76,7.35,2164,7.43,2026-02-17T16:00:00Z,592658,7.545684
7.53,7.675,7.505,822,7.655,2026-02-17T20:00:00Z,240632,7.57736
7.675,7.77,7.335,1285,7.53,2026-02-18T12:00:00Z,234836,7.537296
7.47,7.78,7.46,1201,7.67,2026-02-18T16:00:00Z,259496,7.616292
7.51,7.595,7.445,798,7.47,2026-02-18T20:00:00Z,251477,7.51545
7.635,7.65,7.32,999,7.48,2026-02-19T12:00:00Z,193826,7.487883
7.91,7.95,7.55,1674,7.635,2026-02-19T16:00:00Z,436418,7.793018
7.96,8.075,7.825,952,7.925,2026-02-19T20:00:00Z,239788,7.951119
8.03,8.305,7.84,1533,8.0,2026-02-20T12:00:00Z,272582,8.060076
7.79,8.1,7.75,1470,8.03,2026-02-20T16:00:00Z,326877,7.911238
7.96,8.035,7.8,727,7.8,2026-02-20T20:00:00Z,232076,7.949187
7.92,8.12,7.715,1231,7.81,2026-02-23T12:00:00Z,283638,7.955149
7.86,7.92,7.585,1468,7.92,2026-02-23T16:00:00Z,299036,7.757698
7.88,7.88,7.7,932,7.835,2026-02-23T20:00:00Z,243367,7.801992
7.725,8.01,7.59,1841,7.7,2026-02-24T12:00:00Z,376572,7.826819
8.015,8.15,7.7,2142,7.72,2026-02-24T16:00:00Z,542198,7.935737
8.02,8.085,7.965,748,8.025,2026-02-24T20:00:00Z,210521,8.030695
8.52,8.605,8.165,2527,8.35,2026-02-25T12:00:00Z,474512,8.429173
8.745,8.835,8.515,2553,8.545,2026-02-25T16:00:00Z,827402,8.699895
8.63,8.76,8.545,1367,8.75,2026-02-25T20:00:00Z,342817,8.621283
8.6,8.64,8.375,2031,8.56,2026-02-26T12:00:00Z,426441,8.525721
8.315,8.62,8.14,2931,8.61,2026-02-26T16:00:00Z,809830,8.306311
9.83,9.85,8.32,1336,8.32,2026-02-26T20:00:00Z,312162,8.447391
9.45,9.835,9.29,5850,9.52,2026-02-27T12:00:00Z,1078688,9.546743
9.06,9.465,9.045,3968,9.45,2026-02-27T16:00:00Z,773408,9.228016
8.99,9.24,8.93,1665,9.055,2026-02-27T20:00:00Z,394568,9.063378
9.7,9.71,8.445,2569,8.75,2026-03-02T12:00:00Z,512245,9.302794
9.545,9.84,9.445,3246,9.705,2026-03-02T16:00:00Z,797555,9.626974
9.47,9.7,9.4,1135,9.53,2026-03-02T20:00:00Z,240770,9.577523
8.865,9.16,8.615,2062,9.06,2026-03-03T12:00:00Z,417246,8.909818
8.805,9.04,8.75,2003,8.86,2026-03-03T16:00:00Z,413932,8.921924
8.68,8.865,8.655,1162,8.81,2026-03-03T20:00:00Z,309573,8.725768
9.52,9.54,8.87,3415,9.17,2026-03-04T12:00:00Z,664919,9.138112
9.295,9.51,9.08,3098,9.51,2026-03-04T16:00:00Z,679963,9.2287
9.28,9.41,9.23,1499,9.28,2026-03-04T20:00:00Z,416920,9.310545
8.825,9.28,8.725,2051,9.27,2026-03-05T12:00:00Z,439562,8.903805
8.665,8.825,8.505,1976,8.82,2026-03-05T16:00:00Z,455529,8.67342
8.785,8.8,8.645,1082,8.655,2026-03-05T20:00:00Z,259105,8.735993
8.195,8.6,8.12,1697,8.56,2026-03-06T12:00:00Z,324907,8.353906
8.065,8.315,8.065,1744,8.2,2026-03-06T16:00:00Z,427274,8.171213
8.015,8.12,7.9,1066,8.065,2026-03-06T20:00:00Z,309399,7.977887
8.355,8.395,7.97,2167,8.08,2026-03-09T12:00:00Z,401703,8.2024
8.64,8.735,8.325,2631,8.325,2026-03-09T16:00:00Z,682254,8.54014
8.735,8.86,8.545,2663,8.77,2026-03-10T12:00:00Z,732859,8.699211
8.57,8.775,8.52,3237,8.73,2026-03-10T16:00:00Z,1021477,8.629079
8.31,8.78,8.24,2201,8.615,2026-03-11T12:00:00Z,472698,8.546226
8.535,8.565,8.245,2011,8.32,2026-03-11T16:00:00Z,499266,8.423135
8.595,8.64,8.31,2043,8.4,2026-03-12T12:00:00Z,371992,8.480878
8.76,8.78,8.465,2475,8.58,2026-03-12T16:00:00Z,628050,8.660699
9.635,10.02,8.93,4347,8.93,2026-03-13T12:00:00Z,1281958,9.660706
9.31,9.68,9.31,3453,9.63,2026-03-13T16:00:00Z,1080036,9.428484
9.31,9.31,9.31,1,9.31,2026-03-13T20:00:00Z,100,9.31
9.235,9.9,9.205,2811,9.85,2026-03-16T12:00:00Z,562845,9.519468
9.23,9.42,9.145,2716,9.245,2026-03-16T16:00:00Z,756569,9.280761
9.09,9.32,9.05,1470,9.23,2026-03-17T12:00:00Z,274158,9.20197
9.23,9.45,9.1,2718,9.1,2026-03-17T16:00:00Z,881050,9.290431
9.03,9.325,8.91,1723,9.16,2026-03-18T12:00:00Z,379885,9.123918
8.93,9.265,8.895,2015,9.025,2026-03-18T16:00:00Z,508473,9.053694
8.905,8.975,8.375,1949,8.64,2026-03-19T12:00:00Z,448329,8.775238
9.21,9.35,8.88,2680,8.9,2026-03-19T16:00:00Z,721268,9.131795
8.8,9.19,8.73,1662,9.15,2026-03-20T12:00:00Z,347924,8.911291
8.49,8.87,8.425,3135,8.795,2026-03-20T16:00:00Z,1077050,8.554351
8.815,9.245,8.5,2640,8.51,2026-03-23T12:00:00Z,649785,8.994791
8.9,9.045,8.715,2260,8.815,2026-03-23T16:00:00Z,558053,8.910508
8.37,8.98,8.345,1842,8.95,2026-03-24T12:00:00Z,497004,8.569361
8.25,8.465,8.165,2357,8.36,2026-03-24T16:00:00Z,712930,8.303348
8.26,8.71,8.25,1276,8.56,2026-03-25T12:00:00Z,258552,8.419506
8.28,8.335,8.06,1462,8.26,2026-03-25T16:00:00Z,543643,8.228777
8.92,9.39,8.03,6604,8.04,2026-03-26T12:00:00Z,1475346,9.023666
8.58,8.96,8.465,5354,8.92,2026-03-26T16:00:00Z,1199710,8.639731
7.86,8.39,7.75,3141,8.325,2026-03-27T12:00:00Z,1030819,7.96093
8.02,8.025,7.705,3179,7.875,2026-03-27T16:00:00Z,935095,7.855819
8.16,8.275,7.8,2363,8.17,2026-03-30T12:00:00Z,519742,8.044825
7.8,8.155,7.645,2288,8.155,2026-03-30T16:00:00Z,496874,7.841088
7.67,7.955,7.64,1711,7.845,2026-03-31T12:00:00Z,578420,7.791497
8.15,8.195,7.685,3353,7.685,2026-03-31T16:00:00Z,1227987,8.083544
8.18,8.18,8.18,2,8.18,2026-03-31T20:00:00Z,117,8.18
8.235,8.325,8.085,1583,8.31,2026-04-01T12:00:00Z,366752,8.191732
8.04,8.27,8.01,1454,8.21,2026-04-01T16:00:00Z,514793,8.105392
8.135,8.33,7.63,2250,7.71,2026-04-02T12:00:00Z,608671,8.071098
8.695,8.765,8.015,2754,8.14,2026-04-02T16:00:00Z,1029262,8.410473
9.01,9.135,8.72,1865,8.94,2026-04-06T12:00:00Z,435172,8.984856
8.84,9.025,8.76,1590,9.015,2026-04-06T16:00:00Z,513133,8.883245
8.85,8.85,8.85,1,8.85,2026-04-06T20:00:00Z,100,8.85
8.515,8.74,8.2,1694,8.67,2026-04-07T12:00:00Z,320580,8.444229
8.97,8.98,8.525,2605,8.525,2026-04-07T16:00:00Z,642390,8.745928
8.98,8.98,8.98,5,8.98,2026-04-07T20:00:00Z,500,8.98
9.6,9.7,9.185,2034,9.48,2026-04-08T12:00:00Z,495877,9.354716
9.48,9.76,9.345,2130,9.605,2026-04-08T16:00:00Z,703924,9.565309
9.46,9.48,9.46,4,9.48,2026-04-08T20:00:00Z,400,9.47
9.775,9.78,9.31,1571,9.45,2026-04-09T12:00:00Z,375906,9.498438
9.67,10.015,9.645,2346,9.78,2026-04-09T16:00:00Z,692547,9.787235
9.69,9.69,9.69,1,9.69,2026-04-09T20:00:00Z,186,9.69
9.46,9.885,9.46,1857,9.74,2026-04-10T12:00:00Z,425272,9.707084
9.53,9.645,9.395,1849,9.46,2026-04-10T16:00:00Z,588915,9.52013
9.53,9.53,9.53,1,9.53,2026-04-10T20:00:00Z,100,9.53
9.96,10.155,9.19,1885,9.25,2026-04-13T12:00:00Z,469350,9.752072
10.35,10.41,9.935,2311,9.99,2026-04-13T16:00:00Z,627227,10.218407
10.33,10.33,10.29,5,10.31,2026-04-13T20:00:00Z,500,10.306
10.655,11.005,10.51,2400,10.6,2026-04-14T12:00:00Z,561206,10.777446
10.49,10.72,10.425,2538,10.67,2026-04-14T16:00:00Z,538227,10.537157
10.48,10.48,10.48,1,10.48,2026-04-14T20:00:00Z,100,10.48
10.175,10.62,10.15,2168,10.49,2026-04-15T12:00:00Z,503280,10.311799
10.47,10.52,10.115,2237,10.185,2026-04-15T16:00:00Z,549683,10.319667
10.79,10.82,10.315,2514,10.51,2026-04-16T12:00:00Z,677466,10.574741
11.53,11.68,10.65,4801,10.795,2026-04-16T16:00:00Z,1311278,11.216306
11.38,11.43,11.38,6,11.43,2026-04-16T20:00:00Z,501,11.41
11.99,12.025,11.45,3673,11.49,2026-04-17T12:00:00Z,1045153,11.795815
11.595,12.11,11.54,2842,11.97,2026-04-17T16:00:00Z,731613,11.715345
11.38,11.57,11.07,2638,11.26,2026-04-20T12:00:00Z,511336,11.286228
11.64,11.8,11.195,2392,11.37,2026-04-20T16:00:00Z,538887,11.576992
11.67,11.67,11.67,1,11.67,2026-04-20T20:00:00Z,100,11.67
11.225,11.78,11.105,2431,11.78,2026-04-21T12:00:00Z,442433,11.398431
11.23,11.365,11.03,3102,11.235,2026-04-21T16:00:00Z,621142,11.202177
11.33,11.33,11.2,4,11.2,2026-04-21T20:00:00Z,801,11.28125
12.035,12.135,11.705,2484,11.79,2026-04-22T12:00:00Z,641230,11.964026
11.82,12.18,11.68,2422,12.06,2026-04-22T16:00:00Z,577317,11.853849
11.73,11.83,11.73,2,11.83,2026-04-22T20:00:00Z,200,11.78
12.055,12.165,11.63,2731,11.69,2026-04-23T12:00:00Z,508511,11.998942
11.79,12.215,11.59,3732,12.07,2026-04-23T16:00:00Z,703195,11.907305
11.8,11.8,11.8,3,11.8,2026-04-23T20:00:00Z,300,11.8
11.6,12.095,11.285,2517,12.04,2026-04-24T12:00:00Z,565037,11.669104
11.63,11.845,11.43,2621,11.605,2026-04-24T16:00:00Z,592768,11.644723
11.63,11.63,11.61,2,11.61,2026-04-24T20:00:00Z,200,11.62
11.185,11.65,11.17,1761,11.63,2026-04-27T12:00:00Z,344499,11.438946
11.18,11.32,11.09,1658,11.195,2026-04-27T16:00:00Z,297880,11.193591
11.18,11.18,11.18,1,11.18,2026-04-27T20:00:00Z,100,11.18
10.895,10.98,10.6,1905,10.85,2026-04-28T12:00:00Z,350792,10.81086
11.02,11.02,10.79,1872,10.905,2026-04-28T16:00:00Z,393484,10.899671
10.97,10.98,10.97,2,10.98,2026-04-28T20:00:00Z,200,10.975
10.325,11.14,10.28,2274,11.11,2026-04-29T12:00:00Z,435430,10.479522
10.73,10.74,10.315,3520,10.315,2026-04-29T16:00:00Z,753978,10.562569
12.105,12.265,11.05,6561,11.1,2026-04-30T12:00:00Z,1448532,11.772283
11.99,12.175,11.86,3225,12.11,2026-04-30T16:00:00Z,892732,12.022834
11.85,12.38,11.805,2832,12.17,2026-05-01T12:00:00Z,679116,12.165241
11.445,11.875,11.385,3088,11.865,2026-05-01T16:00:00Z,841509,11.576628
11.45,11.45,11.45,1,11.45,2026-05-01T20:00:00Z,110,11.45
11.69,11.775,11.27,2957,11.42,2026-05-04T12:00:00Z,632837,11.567599
11.84,11.845,11.48,3752,11.665,2026-05-04T16:00:00Z,846411,11.681117
12.02,12.28,11.85,2807,12.0,2026-05-05T12:00:00Z,563458,12.01065
12.155,12.155,11.785,2544,12.025,2026-05-05T16:00:00Z,585683,11.956349
12.605,12.98,12.26,3255,12.545,2026-05-06T12:00:00Z,678134,12.506526
13.03,13.11,12.52,3554,12.615,2026-05-06T16:00:00Z,838726,12.871533
12.715,13.04,12.665,2883,12.83,2026-05-07T12:00:00Z,619906,12.848349
12.7,12.765,12.235,3168,12.725,2026-05-07T16:00:00Z,753204,12.551168
12.595,12.86,12.21,2484,12.76,2026-05-08T12:00:00Z,540830,12.48426
12.95,13.35,12.585,4573,12.595,2026-05-08T16:00:00Z,1306260,12.951758
13.565,13.665,12.605,4124,13.02,2026-05-11T12:00:00Z,991414,13.369513
13.405,13.8,13.33,4423,13.545,2026-05-11T16:00:00Z,1128004,13.575525
11.765,12.98,11.735,4674,12.94,2026-05-12T12:00:00Z,843309,12.379394
12.71,12.755,11.755,2856,11.765,2026-05-12T16:00:00Z,577785,12.399031
12.535,12.93,12.3,2627,12.8,2026-05-13T12:00:00Z,416087,12.657931
12.73,13.085,12.515,2872,12.535,2026-05-13T16:00:00Z,515607,12.771213
13.605,13.7,12.46,3205,12.7,2026-05-14T12:00:00Z,594986,13.036601
13.275,13.68,13.04,4185,13.605,2026-05-14T16:00:00Z,953412,13.331824
12.405,12.96,12.37,829,12.96,2026-05-15T12:00:00Z,144500,12.542875
