c,h,l,n,o,t,v,vw
310.99,315.53,310.99,598,315.51,2021-01-04T12:00:00Z,73355,313.493452
308.66,311.46,305.27,1676,310.84,2021-01-04T16:00:00Z,191366,307.847937
309.14,309.72,307.865,890,308.78,2021-01-04T20:00:00Z,104366,308.979646
309.98,311.41,307.39,657,307.71,2021-01-05T12:00:00Z,53101,310.279848
311.36,312.0,309.33,812,309.93,2021-01-05T16:00:00Z,87394,310.791553
311.78,311.975,310.92,659,311.31,2021-01-05T20:00:00Z,77514,311.585973
310.39,311.18,306.05,1361,307.48,2021-01-06T12:00:00Z,196412,307.994023
309.25,311.87,308.0,1534,310.43,2021-01-06T16:00:00Z,187695,310.637012
307.55,309.47,307.025,896,308.905,2021-01-06T20:00:00Z,97891,308.027152
314.39,314.52,309.92,709,310.08,2021-01-07T12:00:00Z,103558,312.757854
314.85,314.94,313.72,892,314.6,2021-01-07T16:00:00Z,100999,314.409924
315.125,315.83,314.78,562,314.835,2021-01-07T20:00:00Z,67479,315.286578
317.565,318.19,315.74,860,316.77,2021-01-08T12:00:00Z,89398,317.213499
317.96,318.365,315.13,875,317.665,2021-01-08T16:00:00Z,104961,317.010419
319.6,319.6,317.8,623,317.83,2021-01-08T20:00:00Z,88825,318.819776
316.27,316.83,314.27,695,316.0,2021-01-11T12:00:00Z,100121,315.572236
315.4,317.09,314.66,1032,316.27,2021-01-11T16:00:00Z,61790,315.827224
314.65,315.28,313.83,762,315.28,2021-01-11T20:00:00Z,76068,314.517281
314.105,315.56,313.13,1383,314.87,2021-01-12T12:00:00Z,194753,314.471772
313.83,315.07,311.23,1300,314.135,2021-01-12T16:00:00Z,201582,313.139687
313.9,314.58,313.58,376,313.86,2021-01-12T20:00:00Z,38323,314.118156
316.09,316.12,312.85,629,312.85,2021-01-13T12:00:00Z,70075,314.698824
316.515,316.85,315.36,1095,316.31,2021-01-13T16:00:00Z,110569,316.164853
315.99,316.64,315.86,454,316.53,2021-01-13T20:00:00Z,30006,316.23656
317.18,317.45,316.09,250,316.09,2021-01-14T12:00:00Z,33681,316.702351
315.53,317.22,315.21,591,317.08,2021-01-14T16:00:00Z,74642,315.839181
314.365,315.68,313.885,1001,315.505,2021-01-14T20:00:00Z,103868,314.462956
312.0,315.12,310.87,734,314.53,2021-01-15T12:00:00Z,95216,313.042273
312.61,314.01,310.59,713,311.81,2021-01-15T16:00:00Z,93978,312.954364
311.13,313.155,311.13,380,312.64,2021-01-15T20:00:00Z,48793,312.180897
313.765,315.04,313.38,415,314.295,2021-01-19T12:00:00Z,36251,314.135386
316.585,316.65,313.22,1660,314.04,2021-01-19T16:00:00Z,197088,315.993239
316.9,316.91,316.395,372,316.425,2021-01-19T20:00:00Z,35299,316.606936
322.63,322.82,319.35,1206,319.35,2021-01-20T12:00:00Z,235795,322.142501
324.45,324.485,321.825,950,322.545,2021-01-20T16:00:00Z,101023,323.035337
323.75,324.705,323.75,704,324.35,2021-01-20T20:00:00Z,90073,324.158473
326.24,326.295,323.74,724,324.69,2021-01-21T12:00:00Z,96800,325.067035
326.64,326.64,324.57,700,326.27,2021-01-21T16:00:00Z,71262,325.616171
326.36,327.12,326.36,405,326.615,2021-01-21T20:00:00Z,48560,326.633643
325.295,326.36,324.35,511,324.35,2021-01-22T12:00:00Z,47045,325.604648
326.26,326.3,325.06,386,325.28,2021-01-22T16:00:00Z,39573,325.720259
325.44,326.44,325.44,502,326.3,2021-01-22T20:00:00Z,81477,325.958496
325.38,330.27,325.38,558,328.69,2021-01-25T12:00:00Z,56232,328.790473
327.56,327.77,321.41,1015,325.5,2021-01-25T16:00:00Z,141498,325.517864
328.41,328.47,326.11,466,327.52,2021-01-25T20:00:00Z,52255,327.853798
329.2,329.43,327.45,819,328.23,2021-01-26T12:00:00Z,80880,328.578627
328.88,329.72,327.94,1054,329.245,2021-01-26T16:00:00Z,100460,328.909136
328.55,329.14,328.265,814,328.77,2021-01-26T20:00:00Z,55637,328.695862
325.65,326.3,321.07,1511,326.3,2021-01-27T12:00:00Z,241311,324.151881
319.86,325.7,319.43,2271,325.7,2021-01-27T16:00:00Z,268469,322.64047
319.75,320.43,317.405,2141,319.82,2021-01-27T20:00:00Z,254717,319.216617
323.425,323.74,320.05,1068,320.62,2021-01-28T12:00:00Z,179123,322.069342
324.895,326.37,323.1,1241,323.87,2021-01-28T16:00:00Z,169949,325.23186
320.99,324.68,320.99,816,324.68,2021-01-28T20:00:00Z,114641,322.642582
319.445,320.7,316.9,1022,320.0,2021-01-29T12:00:00Z,159313,318.697703
314.845,319.55,312.78,1715,319.55,2021-01-29T16:00:00Z,232224,315.526266
314.52,317.31,314.52,751,315.27,2021-01-29T20:00:00Z,115170,315.983882
318.6,319.95,316.2,960,318.22,2021-02-01T12:00:00Z,141260,317.850182
322.9,323.51,318.04,1058,318.65,2021-02-01T16:00:00Z,123002,322.30607
322.58,323.39,322.58,523,323.01,2021-02-01T20:00:00Z,77181,323.02476
327.02,327.43,325.21,684,325.21,2021-02-02T12:00:00Z,120056,326.466041
328.76,328.82,326.6,653,326.96,2021-02-02T16:00:00Z,59051,327.943841
328.05,328.7,327.6,630,328.7,2021-02-02T20:00:00Z,96895,328.031821
327.3,330.19,326.47,1612,329.97,2021-02-03T12:00:00Z,208279,328.525948
327.97,328.95,327.05,779,327.28,2021-02-03T16:00:00Z,67993,328.203447
326.35,328.015,326.35,693,327.83,2021-02-03T20:00:00Z,117946,327.250371
327.49,328.41,326.48,548,327.985,2021-02-04T12:00:00Z,57551,327.497389
329.3,329.33,327.25,571,327.58,2021-02-04T16:00:00Z,72371,328.626414
330.2,330.21,329.15,439,329.235,2021-02-04T20:00:00Z,39011,329.670803
330.6,331.28,329.575,549,331.21,2021-02-05T12:00:00Z,63190,330.365742
331.36,332.385,330.07,669,330.7,2021-02-05T16:00:00Z,63943,331.466588
331.48,331.54,330.73,316,331.41,2021-02-05T20:00:00Z,42985,331.205651
333.26,333.63,332.33,715,333.11,2021-02-08T12:00:00Z,53805,332.906786
332.48,333.285,331.445,801,333.285,2021-02-08T16:00:00Z,74345,332.334598
333.585,333.585,332.445,658,332.46,2021-02-08T20:00:00Z,68846,333.081587
334.18,334.79,332.715,649,332.715,2021-02-09T12:00:00Z,72107,333.842648
334.09,334.19,333.05,504,334.19,2021-02-09T16:00:00Z,41190,333.710022
333.75,334.195,333.11,408,334.02,2021-02-09T20:00:00Z,50493,333.686774
331.69,335.4,329.58,1931,334.99,2021-02-10T12:00:00Z,178185,332.357322
333.49,333.64,330.76,667,331.57,2021-02-10T16:00:00Z,86031,332.13286
332.95,333.71,331.98,1338,333.6,2021-02-10T20:00:00Z,119095,332.541725
334.06,334.92,333.53,682,334.46,2021-02-11T12:00:00Z,62594,334.33602
333.72,334.92,332.13,746,334.15,2021-02-11T16:00:00Z,71841,333.706988
334.68,334.68,333.55,523,333.55,2021-02-11T20:00:00Z,53273,334.194463
334.505,334.74,332.7,328,333.745,2021-02-12T12:00:00Z,28976,333.643379
335.01,335.19,334.19,553,334.63,2021-02-12T16:00:00Z,60065,334.677611
336.4,336.62,334.86,736,334.95,2021-02-12T20:00:00Z,113990,336.076298
337.13,338.19,336.7,739,338.11,2021-02-16T12:00:00Z,84517,337.440274
335.85,337.28,334.36,1159,337.07,2021-02-16T16:00:00Z,114339,335.517358
335.46,335.99,335.085,415,335.62,2021-02-16T20:00:00Z,44670,335.511874
332.82,334.85,331.03,898,334.85,2021-02-17T12:00:00Z,95811,332.556779
333.06,333.67,330.17,913,332.78,2021-02-17T16:00:00Z,88762,331.651611
333.95,334.18,332.96,401,332.96,2021-02-17T20:00:00Z,53117,333.913286
329.78,331.49,328.36,1388,331.35,2021-02-18T12:00:00Z,194788,329.800692
332.68,332.68,329.065,967,329.57,2021-02-18T16:00:00Z,114556,330.888783
332.39,333.16,332.25,863,332.52,2021-02-18T20:00:00Z,72901,332.777258
333.45,333.92,332.3,865,333.92,2021-02-19T12:00:00Z,60135,333.040264
331.16,333.89,329.98,1398,333.54,2021-02-19T16:00:00Z,129397,331.543674
330.97,331.77,330.6,690,331.49,2021-02-19T20:00:00Z,62610,331.138088
324.25,327.72,324.02,1084,326.37,2021-02-22T12:00:00Z,117174,325.949001
325.015,326.24,323.89,1292,324.25,2021-02-22T16:00:00Z,123095,324.991645
322.55,325.01,322.245,993,324.95,2021-02-22T20:00:00Z,151777,322.840109
318.64,319.36,311.06,4777,317.31,2021-02-23T12:00:00Z,615094,315.054685
319.99,320.02,314.19,3603,319.03,2021-02-23T16:00:00Z,405039,317.524835
321.45,323.195,319.82,1533,320.075,2021-02-23T20:00:00Z,192761,321.982257
319.59,323.95,316.0,1072,323.75,2021-02-24T12:00:00Z,128008,318.318968
322.68,323.43,319.25,1930,319.59,2021-02-24T16:00:00Z,209418,321.775145
324.05,324.45,322.54,804,322.72,2021-02-24T20:00:00Z,67808,323.783538
320.13,324.0,318.37,1728,321.26,2021-02-25T12:00:00Z,182475,320.897706
314.84,321.04,312.15,3721,320.12,2021-02-25T16:00:00Z,425237,316.251562
313.07,315.165,311.28,1794,314.695,2021-02-25T20:00:00Z,266468,312.91448
315.9,317.68,310.99,2593,312.45,2021-02-26T12:00:00Z,286249,314.333531
316.725,319.07,314.49,1688,315.97,2021-02-26T16:00:00Z,194294,316.693184
314.66,318.5,314.1,1166,316.995,2021-02-26T20:00:00Z,184486,315.668631
321.27,321.57,317.97,1338,318.3,2021-03-01T12:00:00Z,190296,319.577804
323.55,323.75,321.15,1365,321.34,2021-03-01T16:00:00Z,155144,322.168207
324.35,324.35,322.88,822,323.62,2021-03-01T20:00:00Z,106961,323.399431
321.37,324.3,320.215,668,323.23,2021-03-02T12:00:00Z,76390,322.254263
321.03,322.12,319.46,1114,321.32,2021-03-02T16:00:00Z,180833,320.928923
318.3,321.47,318.295,744,321.03,2021-03-02T20:00:00Z,97350,319.406799
314.725,319.21,312.64,1959,319.21,2021-03-03T12:00:00Z,231260,314.548324
311.17,316.24,309.15,4385,314.73,2021-03-03T16:00:00Z,452180,312.836336
309.07,311.5,309.07,1990,311.1,2021-03-03T20:00:00Z,294371,309.845367
310.28,311.23,305.09,2889,309.05,2021-03-04T12:00:00Z,450662,308.297383
305.115,312.03,300.13,6545,310.41,2021-03-04T16:00:00Z,1015126,305.623115
303.83,305.51,302.53,1770,305.24,2021-03-04T20:00:00Z,233312,303.715866
300.98,307.325,300.38,2533,302.08,2021-03-05T12:00:00Z,364400,303.396318
308.915,309.07,297.67,4228,300.94,2021-03-05T16:00:00Z,536235,302.628697
308.78,309.57,307.96,1599,309.065,2021-03-05T20:00:00Z,168600,308.932826
307.99,310.04,305.6,1816,306.67,2021-03-08T12:00:00Z,223616,307.81725
302.735,309.04,302.31,2071,308.05,2021-03-08T16:00:00Z,234774,305.169415
300.51,302.86,299.64,1852,302.86,2021-03-08T20:00:00Z,237908,301.196909
309.78,311.28,306.29,1644,306.45,2021-03-09T12:00:00Z,211922,309.026317
312.9,313.5,309.37,2148,309.86,2021-03-09T16:00:00Z,244646,312.171791
311.7,313.7,311.515,1415,312.87,2021-03-09T20:00:00Z,193945,312.334428
312.1,316.4,311.0,1680,311.95,2021-03-10T12:00:00Z,218939,313.850545
312.59,313.52,310.295,2295,312.38,2021-03-10T16:00:00Z,268440,312.139099
310.8,312.965,310.8,661,312.77,2021-03-10T20:00:00Z,122461,311.770185
317.59,317.59,314.86,927,315.8,2021-03-11T12:00:00Z,114323,316.288754
318.53,319.83,317.6,1710,317.6,2021-03-11T16:00:00Z,236859,318.705094
318.165,319.075,317.98,765,318.47,2021-03-11T20:00:00Z,98054,318.440174
312.05,314.63,311.45,1725,314.29,2021-03-12T12:00:00Z,156705,313.209014
314.82,315.21,311.41,1365,311.58,2021-03-12T16:00:00Z,133100,313.952479
315.34,315.6,314.065,853,314.85,2021-03-12T20:00:00Z,85235,315.208247
315.52,316.87,314.2,1181,315.39,2021-03-15T12:00:00Z,87621,315.510609
318.79,318.995,315.2,2087,315.2,2021-03-15T16:00:00Z,244528,317.200279
323.18,324.195,320.44,1698,320.51,2021-03-16T12:00:00Z,218092,323.08579
320.65,323.445,319.14,2300,323.135,2021-03-16T16:00:00Z,317547,321.546131
316.54,319.04,315.68,2360,316.78,2021-03-17T12:00:00Z,308454,317.259353
321.77,323.85,315.83,5059,316.48,2021-03-17T16:00:00Z,731488,320.66728
316.27,317.77,315.345,1643,317.0,2021-03-18T12:00:00Z,254756,316.520145
311.9,317.55,311.59,3963,316.22,2021-03-18T16:00:00Z,720333,313.619172
313.72,314.19,309.76,3678,313.77,2021-03-19T12:00:00Z,473186,312.338349
313.71,314.73,313.22,2601,313.85,2021-03-19T16:00:00Z,237064,313.931208
318.715,319.23,315.25,1783,315.49,2021-03-22T12:00:00Z,261907,317.315639
318.67,320.73,318.595,1850,318.955,2021-03-22T16:00:00Z,225861,319.589333
319.64,321.085,318.18,2107,319.72,2021-03-23T12:00:00Z,239935,319.594935
317.025,320.53,316.41,2868,319.77,2021-03-23T16:00:00Z,292607,318.515953
316.08,319.12,314.77,1218,319.12,2021-03-24T12:00:00Z,168738,316.579045
311.78,316.485,311.78,1977,315.99,2021-03-24T16:00:00Z,215509,313.470618
311.82,311.82,311.82,2,311.82,2021-03-24T20:00:00Z,590,311.82
309.62,312.87,307.455,3466,310.35,2021-03-25T12:00:00Z,536819,310.251491
311.22,312.48,308.58,2976,309.75,2021-03-25T16:00:00Z,354985,310.881683
312.745,313.51,309.76,952,309.91,2021-03-26T12:00:00Z,131891,312.13728
316.2,316.3,309.72,1976,313.11,2021-03-26T16:00:00Z,254555,312.619005
316.09,316.3,316.0,4,316.0,2021-03-26T20:00:00Z,900,316.063333
314.49,316.26,312.595,2443,315.53,2021-03-29T12:00:00Z,201963,314.018329
315.48,316.92,313.47,2205,314.51,2021-03-29T16:00:00Z,211991,315.589187
313.445,314.89,311.58,1468,313.09,2021-03-30T12:00:00Z,148851,313.125513
314.0,314.85,312.79,1517,313.46,2021-03-30T16:00:00Z,154354,313.790824
319.87,319.97,315.83,1823,315.99,2021-03-31T12:00:00Z,217258,318.825544
318.99,320.71,318.66,2374,319.94,2021-03-31T16:00:00Z,249316,319.780013
323.69,324.65,322.61,2311,322.61,2021-04-01T12:00:00Z,248990,323.89408
324.63,324.665,323.22,3114,323.55,2021-04-01T16:00:00Z,281425,324.036384
324.63,324.63,324.63,2,324.63,2021-04-01T20:00:00Z,200,324.63
330.0,330.47,326.13,1083,326.17,2021-04-05T12:00:00Z,107748,329.202921
331.18,331.83,330.2,1475,330.22,2021-04-05T16:00:00Z,159334,331.112545
332.82,332.82,330.025,832,330.96,2021-04-06T12:00:00Z,94800,331.331427
330.83,332.755,330.2,1307,332.755,2021-04-06T16:00:00Z,124219,330.99296
331.515,332.23,329.4,917,330.69,2021-04-07T12:00:00Z,138642,331.006081
331.63,332.47,330.58,1304,331.52,2021-04-07T16:00:00Z,280143,331.644762
331.95,331.95,331.95,1,331.95,2021-04-07T20:00:00Z,100,331.95
334.71,335.215,333.76,948,334.64,2021-04-08T12:00:00Z,121433,334.476738
335.18,335.18,334.315,1226,334.68,2021-04-08T16:00:00Z,121408,334.780086
335.57,335.64,332.9,1193,333.2,2021-04-09T12:00:00Z,153724,334.297013
337.04,337.28,335.2,2021,335.58,2021-04-09T16:00:00Z,170191,336.182111
335.9,336.59,334.8,975,336.42,2021-04-12T12:00:00Z,99640,335.787977
336.63,337.04,335.52,1083,335.97,2021-04-12T16:00:00Z,98071,336.46111
338.735,339.94,336.62,937,336.87,2021-04-13T12:00:00Z,107249,339.221796
340.58,341.04,338.81,619,338.81,2021-04-13T16:00:00Z,81015,340.379134
338.96,340.88,337.76,839,340.88,2021-04-14T12:00:00Z,98132,339.460394
336.32,339.17,335.69,1770,338.98,2021-04-14T16:00:00Z,251458,336.864618
340.02,341.465,339.39,826,339.58,2021-04-15T12:00:00Z,93846,340.552374
341.59,342.005,339.83,1063,340.3,2021-04-15T16:00:00Z,112667,341.34822
341.47,341.47,341.47,2,341.47,2021-04-15T20:00:00Z,200,341.47
341.27,342.42,340.12,841,342.42,2021-04-16T12:00:00Z,100796,341.37553
341.94,342.19,341.15,1024,341.47,2021-04-16T16:00:00Z,91508,341.82667
341.91,341.91,341.91,2,341.91,2021-04-16T20:00:00Z,200,341.91
338.26,341.54,337.73,773,340.33,2021-04-19T12:00:00Z,75544,339.416568
338.72,338.77,336.99,1755,338.34,2021-04-19T16:00:00Z,123577,338.104787
335.56,339.475,334.41,1777,338.09,2021-04-20T12:00:00Z,152858,336.562743
336.29,336.77,334.81,1284,335.65,2021-04-20T16:00:00Z,127336,335.933466
338.185,338.205,334.07,1090,334.87,2021-04-21T12:00:00Z,96255,336.466183
339.315,339.45,337.22,1050,338.06,2021-04-21T16:00:00Z,109572,338.432576
339.01,339.85,337.8,528,338.73,2021-04-22T12:00:00Z,64513,338.855289
335.24,339.81,334.1,1950,339.04,2021-04-22T16:00:00Z,248102,336.114394
334.91,335.27,334.91,2,335.27,2021-04-22T20:00:00Z,500,335.198
339.39,339.7,335.85,1291,335.85,2021-04-23T12:00:00Z,135390,338.068901
339.41,340.76,339.33,1932,339.48,2021-04-23T16:00:00Z,188623,340.005147
340.56,340.97,338.61,511,338.61,2021-04-26T12:00:00Z,65214,340.026881
341.605,341.91,340.2,1126,340.63,2021-04-26T16:00:00Z,111479,341.347275
340.44,342.135,339.25,932,341.96,2021-04-27T12:00:00Z,111114,340.308902
339.96,340.785,339.86,955,340.51,2021-04-27T16:00:00Z,96688,340.364996
340.17,340.28,340.17,2,340.28,2021-04-27T20:00:00Z,700,340.201429
338.645,340.75,338.59,947,339.57,2021-04-28T12:00:00Z,113266,339.511933
338.7,340.76,338.42,1574,338.57,2021-04-28T16:00:00Z,175903,339.307766
338.02,342.78,337.66,926,342.0,2021-04-29T12:00:00Z,111687,340.640757
340.15,340.83,336.97,1111,337.83,2021-04-29T16:00:00Z,124949,339.23659
339.0,340.24,337.4,739,337.99,2021-04-30T12:00:00Z,90204,338.695648
337.84,339.33,337.085,1054,339.02,2021-04-30T16:00:00Z,101158,337.808181
336.75,339.96,335.93,774,338.8,2021-05-03T12:00:00Z,79957,338.102616
336.035,336.9,335.765,1111,336.69,2021-05-03T16:00:00Z,85687,336.307839
326.75,333.87,326.26,2331,333.52,2021-05-04T12:00:00Z,287489,330.641141
330.06,330.06,326.62,2681,326.71,2021-05-04T16:00:00Z,268864,328.327191
332.21,333.01,329.88,861,331.84,2021-05-05T12:00:00Z,103081,331.476487
328.93,332.295,328.34,1312,332.19,2021-05-05T16:00:00Z,126345,329.978743
330.31,330.71,326.5,1370,329.13,2021-05-06T12:00:00Z,162342,328.286876
331.4,331.63,328.34,1456,330.28,2021-05-06T16:00:00Z,144256,330.250928
336.13,336.81,332.2,1619,332.2,2021-05-07T12:00:00Z,233847,335.263359
334.13,336.02,333.08,1739,335.915,2021-05-07T16:00:00Z,200337,334.528517
334.28,334.28,334.28,4,334.28,2021-05-07T20:00:00Z,1900,334.28
329.59,333.22,328.125,1607,333.22,2021-05-10T12:00:00Z,184553,329.758398
325.6,330.06,325.57,2345,329.6,2021-05-10T16:00:00Z,286652,326.832496
324.42,324.88,318.96,2670,319.3,2021-05-11T12:00:00Z,410209,321.700613
325.41,326.065,323.01,2966,324.51,2021-05-11T16:00:00Z,313312,324.992632
325.3,325.3,325.3,3,325.3,2021-05-11T20:00:00Z,300,325.3
317.35,324.21,317.25,2961,323.75,2021-05-12T12:00:00Z,314247,320.019186
316.91,319.11,316.035,3454,317.29,2021-05-12T16:00:00Z,409514,317.208989
318.69,322.37,318.18,2119,318.18,2021-05-13T12:00:00Z,265184,320.291733
319.36,321.05,316.94,2777,318.96,2021-05-13T16:00:00Z,242589,319.554002
318.9,319.24,318.9,3,319.24,2021-05-13T20:00:00Z,1100,319.154545
325.02,325.365,322.03,1350,322.29,2021-05-14T12:00:00Z,162248,323.605221
326.38,327.3,324.97,1919,325.04,2021-05-14T16:00:00Z,249925,326.440462
322.86,325.26,322.57,1063,324.73,2021-05-17T12:00:00Z,120637,323.936173
324.405,324.44,321.495,1324,322.67,2021-05-17T16:00:00Z,127059,323.308357
325.27,326.6,324.34,1166,326.46,2021-05-18T12:00:00Z,132217,325.578152
321.95,326.14,321.95,2608,325.02,2021-05-18T16:00:00Z,251711,323.838055
320.05,320.635,316.315,1600,317.7,2021-05-19T12:00:00Z,184014,318.227922
322.69,322.88,319.65,1920,320.05,2021-05-19T16:00:00Z,243163,321.54
322.27,322.77,322.27,3,322.77,2021-05-19T20:00:00Z,600,322.353333
328.88,329.26,322.48,1523,322.63,2021-05-20T12:00:00Z,200018,326.709422
328.88,329.695,327.81,2012,328.905,2021-05-20T16:00:00Z,193890,328.838057
327.26,330.84,327.145,1342,330.0,2021-05-21T12:00:00Z,180856,329.209935
326.94,328.24,326.655,2925,327.2,2021-05-21T16:00:00Z,269043,327.239399
332.83,332.99,329.07,1275,329.17,2021-05-24T12:00:00Z,142819,331.934338
332.53,333.63,332.32,1872,332.86,2021-05-24T16:00:00Z,200591,332.933455
332.44,332.44,332.44,1,332.44,2021-05-24T20:00:00Z,100,332.44
332.64,334.79,331.79,899,334.33,2021-05-25T12:00:00Z,79109,333.195385
332.99,333.035,331.99,1039,332.71,2021-05-25T16:00:00Z,94091,332.601823
334.33,334.45,333.0,680,333.7,2021-05-26T12:00:00Z,72402,333.837207
334.08,334.56,333.45,1402,334.37,2021-05-26T16:00:00Z,132771,334.006507
334.23,334.52,332.21,931,333.01,2021-05-27T12:00:00Z,99354,333.678438
333.115,334.32,332.77,1234,334.305,2021-05-27T16:00:00Z,94244,333.443121
335.18,335.23,333.85,780,333.85,2021-05-28T12:00:00Z,96896,334.580102
333.65,335.55,333.615,1710,335.2,2021-05-28T16:00:00Z,208583,334.663635
333.05,335.75,331.44,836,335.03,2021-06-01T12:00:00Z,90545,333.549739
332.78,333.84,332.605,1081,332.98,2021-06-01T16:00:00Z,93966,333.076384
333.95,334.33,332.83,996,332.83,2021-06-02T12:00:00Z,77363,333.765433
333.42,333.94,331.73,1794,333.895,2021-06-02T16:00:00Z,133324,332.786382
330.46,331.79,328.34,948,329.95,2021-06-03T12:00:00Z,97327,330.062509
329.905,331.46,329.71,937,330.36,2021-06-03T16:00:00Z,105222,330.41734
329.63,329.63,329.63,5,329.63,2021-06-03T20:00:00Z,5600,329.63
335.37,335.68,329.88,1232,330.26,2021-06-04T12:00:00Z,144017,333.61681
335.68,336.045,335.16,1569,335.27,2021-06-04T16:00:00Z,132809,335.715711
335.46,335.46,335.46,1,335.46,2021-06-04T20:00:00Z,100,335.46
335.07,335.64,334.39,1156,335.25,2021-06-07T12:00:00Z,143648,334.972369
336.55,336.66,334.88,1272,335.15,2021-06-07T16:00:00Z,148338,335.831775
336.06,339.235,335.03,759,338.64,2021-06-08T12:00:00Z,77902,337.450189
336.79,337.34,336.01,943,336.01,2021-06-08T16:00:00Z,95186,336.720592
337.21,338.92,336.98,438,338.23,2021-06-09T12:00:00Z,56836,338.074181
336.72,338.25,336.675,1305,337.33,2021-06-09T16:00:00Z,119741,337.345038
336.79,336.81,336.79,2,336.81,2021-06-09T20:00:00Z,200,336.8
339.38,340.42,334.9,940,336.09,2021-06-10T12:00:00Z,121738,338.907674
340.32,340.44,339.27,1129,339.41,2021-06-10T16:00:00Z,96201,340.040076
340.53,340.53,340.53,1,340.53,2021-06-10T20:00:00Z,100,340.53
340.26,340.96,339.72,600,340.78,2021-06-11T12:00:00Z,53530,340.387241
341.235,341.235,340.07,769,340.34,2021-06-11T16:00:00Z,60941,340.682546
342.31,342.39,340.58,852,342.15,2021-06-14T12:00:00Z,82001,341.540017
344.375,344.375,342.27,1924,342.305,2021-06-14T16:00:00Z,145150,343.325716
342.8,344.44,342.24,1007,344.3,2021-06-15T12:00:00Z,142929,343.573161
341.87,343.06,341.55,1513,342.9,2021-06-15T16:00:00Z,126424,342.203793
342.18,343.82,342.18,423,342.42,2021-06-16T12:00:00Z,59235,342.955244
340.82,342.41,337.46,2781,342.24,2021-06-16T16:00:00Z,281691,340.25344
344.89,346.2,339.58,2249,339.58,2021-06-17T12:00:00Z,282868,343.803585
345.345,346.32,343.05,2281,345.01,2021-06-17T16:00:00Z,248180,345.157969
345.6,345.67,345.6,6,345.67,2021-06-17T20:00:00Z,4000,345.60175
342.72,344.74,341.885,1676,343.35,2021-06-18T12:00:00Z,207125,343.589961
342.46,344.28,342.24,1623,342.83,2021-06-18T16:00:00Z,147599,343.300821
342.25,342.25,342.25,13,342.25,2021-06-18T20:00:00Z,12870,342.25
344.0,344.39,340.16,1057,342.47,2021-06-21T12:00:00Z,105064,342.445814
344.36,344.68,343.58,1067,344.08,2021-06-21T16:00:00Z,90786,344.091482
344.47,344.47,344.47,1,344.47,2021-06-21T20:00:00Z,100,344.47
346.065,346.44,343.9,611,344.44,2021-06-22T12:00:00Z,68588,344.990562
347.54,348.02,346.135,1095,346.135,2021-06-22T16:00:00Z,120579,347.257173
348.19,348.86,347.4,774,347.55,2021-06-23T12:00:00Z,61792,348.146812
347.63,348.37,346.89,1051,348.18,2021-06-23T16:00:00Z,96364,347.782949
347.86,347.86,347.86,1,347.86,2021-06-23T20:00:00Z,100,347.86
350.87,351.19,349.69,452,349.74,2021-06-24T12:00:00Z,58128,350.595399
349.83,351.46,349.28,1274,350.82,2021-06-24T16:00:00Z,118630,350.082379
349.97,350.62,348.89,904,350.07,2021-06-25T12:00:00Z,80849,349.860915
349.435,349.92,348.975,1419,349.86,2021-06-25T16:00:00Z,113125,349.377898
352.67,353.05,350.78,1165,350.81,2021-06-28T12:00:00Z,118248,352.387396
353.65,353.825,352.38,1342,352.68,2021-06-28T16:00:00Z,128538,353.28907
353.77,354.17,352.73,625,353.29,2021-06-29T12:00:00Z,65817,353.55907
354.925,355.0,353.78,1105,353.93,2021-06-29T16:00:00Z,106409,354.647415
354.76,355.15,354.0,713,354.68,2021-06-30T12:00:00Z,81761,354.622798
354.47,355.06,353.88,1582,354.76,2021-06-30T16:00:00Z,119017,354.56393
353.87,355.06,352.71,602,354.06,2021-07-01T12:00:00Z,66846,354.242381
354.67,354.695,353.12,824,353.82,2021-07-01T16:00:00Z,83605,354.143245
357.47,357.67,355.59,847,356.12,2021-07-02T12:00:00Z,82272,356.80586
358.63,358.95,357.18,1925,357.45,2021-07-02T16:00:00Z,161699,358.236626
358.82,360.41,358.39,1033,359.33,2021-07-06T12:00:00Z,84478,359.490086
360.165,360.32,356.5,1609,358.565,2021-07-06T16:00:00Z,94991,359.156837
361.06,362.73,358.985,962,362.14,2021-07-07T12:00:00Z,115016,360.92917
360.86,361.37,360.1,1151,361.12,2021-07-07T16:00:00Z,93549,360.815116
357.79,357.85,354.49,868,355.44,2021-07-08T12:00:00Z,97493,356.017833
358.41,359.61,357.38,927,357.88,2021-07-08T16:00:00Z,78647,358.414614
360.69,360.99,357.71,717,358.41,2021-07-09T12:00:00Z,79560,359.127212
361.04,361.49,360.66,1394,360.8,2021-07-09T16:00:00Z,126984,361.049719
361.83,362.86,360.87,649,362.475,2021-07-12T12:00:00Z,78007,361.752828
362.31,362.455,361.38,721,361.78,2021-07-12T16:00:00Z,64106,361.921429
365.335,365.44,361.46,979,362.09,2021-07-13T12:00:00Z,85272,363.865958
362.305,365.33,361.56,2253,365.29,2021-07-13T16:00:00Z,189500,362.948558
362.34,365.34,362.27,789,363.88,2021-07-14T12:00:00Z,94763,364.408895
362.83,364.29,362.27,1294,362.27,2021-07-14T16:00:00Z,127901,363.512203
360.09,363.11,359.59,1630,362.96,2021-07-15T12:00:00Z,134044,361.284262
360.44,360.7,358.5,2600,360.02,2021-07-15T16:00:00Z,258437,359.656493
359.05,362.38,358.27,1773,361.69,2021-07-16T12:00:00Z,227434,360.655128
357.52,360.285,357.25,2379,359.0,2021-07-16T16:00:00Z,223825,358.415788
354.305,355.15,352.08,2064,354.52,2021-07-19T12:00:00Z,383590,353.825926
354.57,354.575,352.12,2226,354.07,2021-07-19T16:00:00Z,245920,353.4842
354.72,354.72,354.72,1,354.72,2021-07-19T20:00:00Z,100,354.72
358.36,358.36,353.945,1096,355.71,2021-07-20T12:00:00Z,182359,356.061944
358.85,360.27,358.36,1911,358.38,2021-07-20T16:00:00Z,179397,359.334433
360.21,360.37,357.89,756,357.89,2021-07-21T12:00:00Z,82816,359.098151
361.45,361.48,359.21,1916,360.18,2021-07-21T16:00:00Z,197043,360.705475
363.345,363.76,361.81,1000,361.82,2021-07-22T12:00:00Z,96806,363.006439
363.94,363.94,362.05,1578,363.135,2021-07-22T16:00:00Z,122868,363.493625
364.21,364.21,364.21,1,364.21,2021-07-22T20:00:00Z,100,364.21
367.31,367.56,364.08,690,365.15,2021-07-23T12:00:00Z,73336,365.881296
368.12,368.47,367.085,1342,367.41,2021-07-23T16:00:00Z,109330,367.984184
368.725,368.76,366.61,1364,367.72,2021-07-26T12:00:00Z,80782,367.978674
368.44,368.86,367.675,1998,368.68,2021-07-26T16:00:00Z,137175,368.283586
362.26,368.17,361.28,1894,368.14,2021-07-27T12:00:00Z,199743,364.235987
364.39,364.395,360.19,3280,361.89,2021-07-27T16:00:00Z,433832,362.269741
363.69,363.69,363.66,2,363.66,2021-07-27T20:00:00Z,200,363.675
365.85,367.14,363.33,1361,365.59,2021-07-28T12:00:00Z,141691,365.512752
365.825,366.585,363.82,1164,365.79,2021-07-28T16:00:00Z,101064,365.885844
365.5,365.5,365.5,2,365.5,2021-07-28T20:00:00Z,200,365.5
366.94,367.65,365.38,773,365.41,2021-07-29T12:00:00Z,60563,366.895389
366.575,367.56,366.38,848,366.94,2021-07-29T16:00:00Z,67218,366.892338
365.39,365.39,365.39,1,365.39,2021-07-29T20:00:00Z,100,365.39
363.77,365.13,362.42,959,362.47,2021-07-30T12:00:00Z,91501,363.673051
364.49,365.06,364.015,1414,364.19,2021-07-30T16:00:00Z,130163,364.374842
364.85,364.85,364.85,1,364.85,2021-07-30T20:00:00Z,100,364.85
365.69,366.78,364.16,637,366.34,2021-08-02T12:00:00Z,77831,365.735819
364.515,365.98,364.01,883,365.67,2021-08-02T16:00:00Z,84980,364.795792
365.855,365.96,362.03,831,365.38,2021-08-03T12:00:00Z,95968,364.050508
366.88,366.9,365.175,1250,365.93,2021-08-03T16:00:00Z,118181,366.33136
367.045,367.31,365.69,492,366.77,2021-08-04T12:00:00Z,69832,366.665127
367.38,368.32,366.835,1040,367.005,2021-08-04T16:00:00Z,92201,367.663529
367.41,367.5,367.38,4,367.38,2021-08-04T20:00:00Z,446,367.4437
369.23,369.715,367.53,423,368.205,2021-08-05T12:00:00Z,46578,368.892017
369.81,369.87,369.02,1301,369.29,2021-08-05T16:00:00Z,121625,369.486612
369.64,369.64,369.64,1,369.64,2021-08-05T20:00:00Z,450,369.64
368.15,369.42,367.01,464,369.35,2021-08-06T12:00:00Z,94711,368.481332
368.02,368.385,367.54,955,368.25,2021-08-06T16:00:00Z,87795,367.948039
368.66,369.05,367.43,328,368.66,2021-08-09T12:00:00Z,37000,368.400273
368.765,369.255,368.275,886,368.69,2021-08-09T16:00:00Z,113819,368.804269
368.96,368.96,368.79,2,368.79,2021-08-09T20:00:00Z,200,368.875
366.86,369.53,365.64,1179,369.25,2021-08-10T12:00:00Z,162902,366.8114
366.83,367.82,366.26,1428,366.84,2021-08-10T16:00:00Z,149696,366.967452
366.68,366.68,366.68,1,366.68,2021-08-10T20:00:00Z,100,366.68
365.35,368.56,364.85,772,366.87,2021-08-11T12:00:00Z,91627,366.427407
366.15,366.48,365.29,1453,365.29,2021-08-11T16:00:00Z,149335,366.108161
365.825,365.825,365.825,1,365.825,2021-08-11T20:00:00Z,191,365.825
367.16,367.49,364.35,937,366.25,2021-08-12T12:00:00Z,121562,365.58024
367.655,367.87,366.61,1378,367.15,2021-08-12T16:00:00Z,131655,367.44855
368.16,369.15,367.4,903,367.95,2021-08-13T12:00:00Z,83061,368.19614
368.82,368.84,368.01,1250,368.28,2021-08-13T16:00:00Z,80934,368.503116
368.88,368.88,368.88,1,368.88,2021-08-13T20:00:00Z,100,368.88
365.52,368.35,363.85,545,367.78,2021-08-16T12:00:00Z,73760,365.574456
368.995,369.0,365.45,1036,365.54,2021-08-16T16:00:00Z,111223,367.961879
368.99,368.99,368.99,3,368.99,2021-08-16T20:00:00Z,1500,368.99
364.23,367.13,364.23,1256,366.17,2021-08-17T12:00:00Z,177765,365.980986
365.69,365.69,363.33,1513,364.22,2021-08-17T16:00:00Z,176028,364.633233
365.2,366.56,364.72,374,365.0,2021-08-18T12:00:00Z,41268,365.68072
362.25,366.41,361.89,1262,365.18,2021-08-18T16:00:00Z,194456,363.780963
365.28,365.41,359.77,957,359.77,2021-08-19T12:00:00Z,134784,361.84435
363.74,365.66,362.27,1040,365.52,2021-08-19T16:00:00Z,114511,364.506009
366.07,368.06,364.87,694,365.03,2021-08-20T12:00:00Z,75955,366.479893
367.76,368.135,366.05,1366,366.05,2021-08-20T16:00:00Z,116909,367.40684
367.94,367.94,367.78,17,367.81,2021-08-20T20:00:00Z,13400,367.810746
373.25,373.31,368.79,691,368.98,2021-08-23T12:00:00Z,64174,371.370513
373.24,373.87,373.0,1306,373.27,2021-08-23T16:00:00Z,153697,373.35818
373.45,373.45,373.45,2,373.45,2021-08-23T20:00:00Z,600,373.45
374.455,374.98,373.39,888,373.6,2021-08-24T12:00:00Z,80713,374.205899
374.375,374.79,373.835,763,374.465,2021-08-24T16:00:00Z,90219,374.273633
374.36,374.4,374.35,13,374.4,2021-08-24T20:00:00Z,14800,374.350763
374.44,375.33,373.86,300,374.61,2021-08-25T12:00:00Z,34092,374.630051
374.625,375.06,374.025,697,374.32,2021-08-25T16:00:00Z,81333,374.655134
373.48,374.47,372.02,576,374.03,2021-08-26T12:00:00Z,58201,373.399699
372.41,374.2,372.21,862,373.75,2021-08-26T16:00:00Z,64150,372.87929
375.79,376.07,372.59,872,372.97,2021-08-27T12:00:00Z,108370,374.835238
376.1,376.515,375.565,1139,375.79,2021-08-27T16:00:00Z,120041,376.20774
376.17,376.17,376.17,1,376.17,2021-08-27T20:00:00Z,100,376.17
380.21,380.25,376.85,840,376.89,2021-08-30T12:00:00Z,77075,378.581043
380.305,380.74,379.55,1137,380.18,2021-08-30T16:00:00Z,89156,380.451015
379.84,380.5,378.51,783,380.5,2021-08-31T12:00:00Z,63542,379.234295
379.82,380.33,379.485,1221,379.84,2021-08-31T16:00:00Z,97222,379.886381
382.155,382.68,380.92,761,381.39,2021-09-01T12:00:00Z,68539,382.083877
380.59,382.44,380.375,992,382.15,2021-09-01T16:00:00Z,88915,381.496575
381.08,382.28,380.74,282,382.21,2021-09-02T12:00:00Z,32852,381.352503
380.45,381.12,379.165,1777,381.04,2021-09-02T16:00:00Z,254714,380.109667
381.09,381.875,379.36,415,380.39,2021-09-03T12:00:00Z,66652,380.508173
381.62,381.9,381.04,1098,381.055,2021-09-03T16:00:00Z,108506,381.579987
381.99,382.15,380.545,1178,381.54,2021-09-07T12:00:00Z,135652,381.470734
382.15,382.755,381.985,1632,382.015,2021-09-07T16:00:00Z,196240,382.376487
378.9,381.85,378.595,1246,381.85,2021-09-08T12:00:00Z,179289,380.461737
380.775,380.86,378.475,1344,378.89,2021-09-08T16:00:00Z,163962,380.127565
381.015,382.105,380.48,681,380.57,2021-09-09T12:00:00Z,71702,381.357881
379.32,381.25,379.235,1376,381.03,2021-09-09T16:00:00Z,163092,379.98427
378.955,381.96,378.66,1539,381.1,2021-09-10T12:00:00Z,347601,380.560251
376.55,380.43,376.26,1769,378.955,2021-09-10T16:00:00Z,285457,377.808635
374.825,379.43,374.29,1796,378.92,2021-09-13T12:00:00Z,324248,375.935362
376.31,376.6,374.24,2003,374.815,2021-09-13T16:00:00Z,238206,375.464459
376.78,376.78,376.65,3,376.65,2021-09-13T20:00:00Z,1000,376.663
377.415,378.6,375.41,922,376.93,2021-09-14T12:00:00Z,166235,376.553533
375.12,377.725,374.3,1824,377.5,2021-09-14T16:00:00Z,202995,375.293128
374.485,376.35,373.4,817,375.75,2021-09-15T12:00:00Z,120759,374.518553
378.045,378.35,374.47,1573,374.545,2021-09-15T16:00:00Z,201326,377.026068
375.71,377.375,374.72,1259,377.1,2021-09-16T12:00:00Z,142606,375.698294
378.35,378.895,375.71,1791,375.71,2021-09-16T16:00:00Z,240974,377.541849
378.16,378.16,378.16,1,378.16,2021-09-16T20:00:00Z,200,378.16
373.645,377.53,373.11,1946,377.53,2021-09-17T12:00:00Z,258837,374.821949
373.875,374.835,372.76,3206,373.895,2021-09-17T16:00:00Z,391129,373.723312
373.44,373.46,373.37,3,373.46,2021-09-17T20:00:00Z,400,373.41
364.56,369.18,364.56,1935,368.29,2021-09-20T12:00:00Z,247840,367.086415
365.79,365.93,360.97,2650,364.54,2021-09-20T16:00:00Z,424486,363.392898
365.39,365.54,365.14,13,365.51,2021-09-20T20:00:00Z,1385,365.405385
367.765,368.76,364.99,1287,367.38,2021-09-21T12:00:00Z,185750,367.085101
366.035,368.435,365.69,1540,367.71,2021-09-21T16:00:00Z,196963,366.891873
365.35,365.35,365.165,7,365.165,2021-09-21T20:00:00Z,700,365.229286
369.895,370.44,366.05,865,367.45,2021-09-22T12:00:00Z,130874,368.430993
369.615,370.95,367.88,1950,369.895,2021-09-22T16:00:00Z,220927,369.477045
369.68,369.68,369.68,1,369.68,2021-09-22T20:00:00Z,100,369.68
373.21,373.82,369.98,1206,371.26,2021-09-23T12:00:00Z,171530,372.594016
372.9,374.025,372.44,1915,373.045,2021-09-23T16:00:00Z,217342,373.342484
371.84,371.97,370.28,1263,370.61,2021-09-24T12:00:00Z,146108,371.200427
373.41,373.73,371.63,2705,371.82,2021-09-24T16:00:00Z,322480,372.903284
373.38,373.39,373.34,5,373.37,2021-09-24T20:00:00Z,500,373.366
369.37,371.14,367.78,1750,371.14,2021-09-27T12:00:00Z,233742,369.626903
370.4,371.25,368.83,1831,369.28,2021-09-27T16:00:00Z,214261,370.316084
369.9,370.0,369.89,5,369.95,2021-09-27T20:00:00Z,500,369.944
360.94,366.29,359.91,3749,365.7,2021-09-28T12:00:00Z,620049,362.050691
359.895,362.57,359.38,3315,360.965,2021-09-28T16:00:00Z,487183,360.462144
360.05,360.3,359.74,33,360.3,2021-09-28T20:00:00Z,4808,360.122609
360.655,363.36,359.79,2088,362.44,2021-09-29T12:00:00Z,407535,361.63125
359.285,362.015,358.67,1990,360.595,2021-09-29T16:00:00Z,264352,360.064268
359.75,359.75,359.56,3,359.56,2021-09-29T20:00:00Z,610,359.622295
359.59,362.635,358.795,1079,360.68,2021-09-30T12:00:00Z,137641,361.025175
358.06,361.445,357.93,2577,359.435,2021-09-30T16:00:00Z,280443,359.761022
358.07,359.06,354.38,2474,358.96,2021-10-01T12:00:00Z,274102,356.48008
359.9,361.25,357.11,3285,358.175,2021-10-01T16:00:00Z,405429,359.45555
360.39,360.39,360.39,2,360.39,2021-10-01T20:00:00Z,200,360.39
352.2,358.775,350.75,2029,358.47,2021-10-04T12:00:00Z,360623,354.531353
352.675,353.45,350.37,2587,352.0,2021-10-04T16:00:00Z,400502,352.05655
352.96,352.96,352.96,2,352.96,2021-10-04T20:00:00Z,400,352.96
358.36,358.6,353.5,2253,353.83,2021-10-05T12:00:00Z,272038,356.61927
357.245,359.69,357.235,2293,358.37,2021-10-05T16:00:00Z,349893,358.443759
357.37,357.93,353.14,2371,353.14,2021-10-06T12:00:00Z,412376,355.695957
359.86,359.94,355.22,2523,357.38,2021-10-06T16:00:00Z,305991,358.040589
365.62,365.655,362.3,1147,363.26,2021-10-07T12:00:00Z,205566,364.493686
362.82,365.68,362.505,2213,365.6,2021-10-07T16:00:00Z,389224,363.771004
361.36,365.6,361.07,2025,365.3,2021-10-08T12:00:00Z,323821,362.251045
360.96,362.51,360.61,2091,361.49,2021-10-08T16:00:00Z,305741,361.380884
360.7,360.98,360.7,8,360.98,2021-10-08T20:00:00Z,6400,360.713768
362.365,363.135,358.22,824,358.22,2021-10-11T12:00:00Z,140051,361.735891
358.475,362.42,358.465,1230,362.42,2021-10-11T16:00:00Z,205876,360.44862
358.17,358.35,358.17,6,358.35,2021-10-11T20:00:00Z,840,358.291429
358.455,360.28,356.82,1159,359.81,2021-10-12T12:00:00Z,225515,358.302585
357.1,359.145,356.52,1288,358.915,2021-10-12T16:00:00Z,238019,357.641285
356.32,356.32,356.32,6,356.32,2021-10-12T20:00:00Z,4099,356.32
358.935,360.21,357.47,1407,358.74,2021-10-13T12:00:00Z,184843,358.811767
359.95,360.6,358.355,1867,359.04,2021-10-13T16:00:00Z,245954,359.596708
360.01,360.04,359.8,34,359.86,2021-10-13T20:00:00Z,3400,359.971176
366.03,366.03,363.035,1423,363.68,2021-10-14T12:00:00Z,256592,364.797766
366.58,366.835,366.0,2080,366.105,2021-10-14T16:00:00Z,320967,366.423696
367.28,367.33,366.64,40,366.76,2021-10-14T20:00:00Z,3704,367.160882
367.35,368.58,366.96,1171,368.06,2021-10-15T12:00:00Z,161857,367.487462
368.91,369.055,367.24,1589,367.24,2021-10-15T16:00:00Z,218268,368.300526
369.12,369.12,369.0,11,369.03,2021-10-15T20:00:00Z,1085,369.068
370.79,370.97,366.96,928,367.68,2021-10-18T12:00:00Z,163144,369.412681
372.795,372.845,370.67,1702,370.775,2021-10-18T16:00:00Z,223202,371.845013
375.04,375.11,373.09,760,373.85,2021-10-19T12:00:00Z,87659,374.192449
375.4,375.52,374.54,1433,374.87,2021-10-19T16:00:00Z,174542,375.054376
375.78,375.95,375.68,21,375.75,2021-10-19T20:00:00Z,2000,375.797895
375.9,376.52,375.05,943,375.935,2021-10-20T12:00:00Z,123933,375.745492
374.85,375.77,373.485,1282,375.77,2021-10-20T16:00:00Z,170855,374.551696
374.72,374.72,374.72,1,374.72,2021-10-20T20:00:00Z,100,374.72
375.82,376.525,373.89,639,374.08,2021-10-21T12:00:00Z,94560,375.795062
377.2,377.46,375.42,1512,375.8,2021-10-21T16:00:00Z,166324,376.5267
375.51,377.34,375.51,8,377.34,2021-10-21T20:00:00Z,1000,376.367
373.4,376.91,372.4,1082,375.925,2021-10-22T12:00:00Z,195846,375.232562
373.945,375.02,372.975,1345,373.21,2021-10-22T16:00:00Z,135152,374.027295
373.76,373.78,373.73,5,373.73,2021-10-22T20:00:00Z,500,373.756
376.33,376.355,373.595,1294,375.04,2021-10-25T12:00:00Z,140059,375.376879
377.97,378.86,376.3,2406,376.34,2021-10-25T16:00:00Z,291628,377.980884
378.18,378.32,378.18,6,378.21,2021-10-25T20:00:00Z,600,378.238333
379.995,382.69,379.85,1344,380.24,2021-10-26T12:00:00Z,207564,381.282618
378.85,380.285,377.92,2302,380.02,2021-10-26T16:00:00Z,299005,379.23943
378.72,379.04,378.72,6,379.04,2021-10-26T20:00:00Z,1700,378.908235
381.605,381.7,378.26,1269,378.26,2021-10-27T12:00:00Z,158117,380.746179
380.005,383.12,379.915,2511,381.655,2021-10-27T16:00:00Z,294433,381.809543
379.98,379.99,379.98,2,379.99,2021-10-27T20:00:00Z,300,379.983333
383.2,383.96,381.27,1432,381.99,2021-10-28T12:00:00Z,479138,382.819107
384.46,384.46,382.49,1452,383.355,2021-10-28T16:00:00Z,149555,383.663346
383.01,384.07,382.91,25,383.82,2021-10-28T20:00:00Z,21457,383.666375
383.7,383.825,380.8,1334,381.17,2021-10-29T12:00:00Z,343054,382.327161
386.01,386.255,383.565,1367,383.66,2021-10-29T16:00:00Z,167143,385.213872
386.25,386.25,386.04,38,386.04,2021-10-29T20:00:00Z,15068,386.111072
386.63,387.54,384.58,1138,387.54,2021-11-01T12:00:00Z,154113,385.740861
387.485,387.54,384.965,1910,386.58,2021-11-01T16:00:00Z,202179,386.463052
387.32,387.32,387.04,7,387.3,2021-11-01T20:00:00Z,2400,387.175833
388.54,389.53,386.76,673,386.77,2021-11-02T12:00:00Z,68130,388.469642
389.175,389.47,387.77,1337,388.58,2021-11-02T16:00:00Z,116791,388.710566
388.91,388.91,388.91,2,388.91,2021-11-02T20:00:00Z,164,388.91
389.59,389.92,388.54,606,389.66,2021-11-03T12:00:00Z,73818,389.106074
393.22,393.59,389.21,1921,389.52,2021-11-03T16:00:00Z,204367,391.707173
393.16,393.18,393.16,4,393.16,2021-11-03T20:00:00Z,450,393.166667
397.24,398.105,393.94,1754,394.84,2021-11-04T12:00:00Z,233617,396.6899
398.24,399.19,397.03,1966,397.325,2021-11-04T16:00:00Z,281242,397.879679
398.14,398.14,397.96,5,397.96,2021-11-04T20:00:00Z,1814,398.065562
400.625,400.95,398.56,1434,398.56,2021-11-05T12:00:00Z,149911,400.24139
398.41,400.67,397.18,1775,400.525,2021-11-05T16:00:00Z,191462,398.50644
398.43,398.43,398.43,1,398.43,2021-11-05T20:00:00Z,100,398.43
398.48,399.57,397.405,721,398.7,2021-11-08T12:00:00Z,104950,398.345499
399.0,399.35,397.75,596,398.2,2021-11-08T16:00:00Z,69942,398.319137
397.77,398.985,397.5,468,398.945,2021-11-08T20:00:00Z,40398,398.257846
396.2,399.465,394.72,714,399.23,2021-11-09T12:00:00Z,84588,396.69706
395.31,396.72,393.945,564,396.38,2021-11-09T16:00:00Z,73046,395.186917
395.04,395.495,394.565,365,395.235,2021-11-09T20:00:00Z,32078,395.065013
394.055,395.35,391.045,758,392.43,2021-11-10T12:00:00Z,103302,393.347841
388.2,394.71,387.64,2101,394.035,2021-11-10T16:00:00Z,315290,390.894887
389.71,390.2,388.02,1049,388.28,2021-11-10T20:00:00Z,123832,389.533965
391.97,392.66,391.035,914,392.13,2021-11-11T12:00:00Z,114859,391.869436
391.06,392.37,390.61,1041,391.83,2021-11-11T16:00:00Z,106620,391.484753
390.83,391.16,390.28,1217,390.98,2021-11-11T20:00:00Z,197501,390.674705
392.69,392.69,390.27,807,391.75,2021-11-12T12:00:00Z,94491,391.205115
394.36,394.875,392.885,1075,392.885,2021-11-12T16:00:00Z,175683,394.122744
394.98,395.23,394.175,875,394.295,2021-11-12T20:00:00Z,104038,394.691314
394.21,396.21,393.67,875,395.8,2021-11-15T12:00:00Z,86069,394.829135
394.28,394.74,392.11,1346,394.23,2021-11-15T16:00:00Z,149507,393.261478
394.78,394.8,393.97,738,394.57,2021-11-15T20:00:00Z,72338,394.286282
395.7,396.31,393.77,459,394.73,2021-11-16T12:00:00Z,49750,395.401178
397.565,397.885,395.855,732,395.855,2021-11-16T16:00:00Z,129634,397.339596
397.34,397.9,397.04,669,397.56,2021-11-16T20:00:00Z,103704,397.47956
398.005,398.575,396.67,523,397.8,2021-11-17T12:00:00Z,72877,397.714892
398.37,399.69,397.11,905,398.22,2021-11-17T16:00:00Z,94884,398.192211
397.5,398.32,397.1,604,398.32,2021-11-17T20:00:00Z,100827,397.83824
398.81,400.235,397.52,698,399.48,2021-11-18T12:00:00Z,107826,398.896806
400.925,401.9,398.21,1059,398.77,2021-11-18T16:00:00Z,115592,400.682656
402.3,402.3,400.745,943,400.745,2021-11-18T20:00:00Z,97621,401.746979
403.81,404.88,402.62,864,403.72,2021-11-19T12:00:00Z,192156,403.848855
404.24,405.27,403.11,1185,403.78,2021-11-19T16:00:00Z,107365,404.396838
403.92,404.28,403.635,634,404.07,2021-11-19T20:00:00Z,75992,403.890703
407.1,408.64,405.55,908,405.92,2021-11-22T12:00:00Z,142574,407.630109
403.79,407.18,401.23,3116,407.07,2021-11-22T16:00:00Z,459573,403.690309
399.62,404.61,399.2,1298,403.95,2021-11-22T20:00:00Z,143792,401.655947
394.0,400.15,394.0,1715,398.75,2021-11-23T12:00:00Z,177335,396.986731
396.05,396.53,393.04,2002,394.205,2021-11-23T16:00:00Z,189262,395.040136
396.92,397.745,395.5,737,396.01,2021-11-23T20:00:00Z,78130,396.822656
396.1,396.63,392.62,1191,396.26,2021-11-24T12:00:00Z,164014,395.00193
397.98,398.24,395.19,1129,396.04,2021-11-24T16:00:00Z,105297,397.453531
398.75,399.0,397.715,534,398.0,2021-11-24T20:00:00Z,61900,398.696851
393.04,397.51,392.6,1420,395.35,2021-11-26T12:00:00Z,152828,395.341759
391.2,393.35,389.79,2065,392.87,2021-11-26T16:00:00Z,200152,391.79802
396.72,397.69,395.19,2923,395.65,2021-11-29T12:00:00Z,298648,396.520951
399.875,400.28,396.48,2942,396.64,2021-11-29T16:00:00Z,228941,398.979785
399.385,400.64,399.385,1451,399.88,2021-11-29T20:00:00Z,165107,399.883823
393.65,401.12,393.65,1991,398.57,2021-11-30T12:00:00Z,281030,398.115883
393.74,395.55,391.78,3770,393.54,2021-11-30T16:00:00Z,434498,393.895986
395.42,395.46,392.75,1402,393.73,2021-11-30T20:00:00Z,137269,393.615323
399.055,399.245,396.72,2049,398.53,2021-12-01T12:00:00Z,192500,397.897343
393.34,400.46,392.89,4035,399.15,2021-12-01T16:00:00Z,386379,396.140651
387.39,393.53,385.95,2340,393.48,2021-12-01T20:00:00Z,225729,389.945686
387.51,390.71,384.46,2406,386.68,2021-12-02T12:00:00Z,295075,387.234262
390.15,391.55,386.68,4027,387.64,2021-12-02T16:00:00Z,311814,389.154696
390.4,391.615,388.88,1660,390.12,2021-12-02T20:00:00Z,182907,390.061693
383.06,392.99,381.74,3083,390.99,2021-12-03T12:00:00Z,392106,386.286913
379.77,383.3,379.19,3479,382.46,2021-12-03T16:00:00Z,294022,381.054995
382.41,383.38,378.905,1865,379.64,2021-12-03T20:00:00Z,251982,381.826039
383.56,384.84,379.41,3127,383.59,2021-12-06T12:00:00Z,453541,381.905958
386.19,387.59,381.97,3300,383.69,2021-12-06T16:00:00Z,259522,385.242816
386.32,387.22,385.87,1170,386.15,2021-12-06T20:00:00Z,106254,386.440705
396.595,397.43,392.69,1965,392.94,2021-12-07T12:00:00Z,197245,394.813595
397.34,398.43,396.6,2307,396.95,2021-12-07T16:00:00Z,192515,397.524969
398.13,398.29,396.0,1656,397.24,2021-12-07T20:00:00Z,186653,397.04604
397.17,398.67,396.28,1437,398.15,2021-12-08T12:00:00Z,102181,397.215833
399.0,399.29,396.39,1847,396.99,2021-12-08T16:00:00Z,198496,398.142774
399.715,399.8,398.6,894,399.18,2021-12-08T20:00:00Z,110099,399.237563
397.49,400.19,396.41,1285,398.41,2021-12-09T12:00:00Z,250305,398.379499
395.12,398.47,394.92,1864,397.44,2021-12-09T16:00:00Z,247604,396.584705
393.17,395.72,393.17,1399,395.255,2021-12-09T20:00:00Z,181486,394.371748
395.12,397.94,394.2,1933,396.67,2021-12-10T12:00:00Z,227235,395.876372
395.83,396.935,393.42,2674,395.0,2021-12-10T16:00:00Z,450917,395.821327
397.84,398.27,395.55,831,395.92,2021-12-10T20:00:00Z,79710,397.432112
395.29,398.29,394.55,1849,398.05,2021-12-13T12:00:00Z,279596,396.361731
394.755,395.39,392.89,2186,395.12,2021-12-13T16:00:00Z,202685,394.019078
392.07,395.175,392.07,1089,394.83,2021-12-13T20:00:00Z,100436,393.634398
385.46,390.0,385.0,2176,387.24,2021-12-14T12:00:00Z,261570,387.625344
386.57,387.04,383.83,2665,385.3,2021-12-14T16:00:00Z,343323,385.194098
388.47,389.38,386.545,1931,386.545,2021-12-14T20:00:00Z,224119,387.939591
386.53,388.4,385.53,2154,387.88,2021-12-15T12:00:00Z,216401,387.073876
389.89,391.1,383.9,2864,386.585,2021-12-15T16:00:00Z,346158,387.310633
396.93,397.39,389.96,1881,390.11,2021-12-15T20:00:00Z,241921,395.301073
393.11,398.36,392.51,1950,398.12,2021-12-16T12:00:00Z,215819,394.854876
386.2,393.33,385.245,4232,393.33,2021-12-16T16:00:00Z,517746,388.447895
386.9,388.76,385.57,2963,386.0,2021-12-16T20:00:00Z,319899,387.15823
387.72,388.11,381.81,3264,383.17,2021-12-17T12:00:00Z,440441,384.373254
386.98,389.13,384.13,1896,387.73,2021-12-17T16:00:00Z,184264,386.408191
384.9,387.93,384.56,1315,387.0,2021-12-17T20:00:00Z,99521,385.75906
378.49,381.49,378.36,1798,379.34,2021-12-20T12:00:00Z,216672,379.898355
379.93,380.57,377.5,2139,378.68,2021-12-20T16:00:00Z,248802,379.122265
380.665,381.25,379.52,1017,380.34,2021-12-20T20:00:00Z,106211,380.547873
381.94,384.87,380.28,1494,384.3,2021-12-21T12:00:00Z,160526,381.894282
389.21,389.21,381.62,2530,381.62,2021-12-21T16:00:00Z,223865,386.014219
388.97,389.525,387.69,1503,389.16,2021-12-21T20:00:00Z,199515,388.87267
392.185,392.19,388.3,1316,388.75,2021-12-22T12:00:00Z,139188,390.148187
392.61,393.23,390.8,2084,392.16,2021-12-22T16:00:00Z,250436,392.130274
393.96,394.12,392.23,1233,392.61,2021-12-22T20:00:00Z,146747,393.320993
396.9,396.9,394.17,1457,394.4,2021-12-23T12:00:00Z,174397,395.591059
397.99,397.99,396.84,1880,396.97,2021-12-23T16:00:00Z,167358,397.435845
396.945,398.4,396.945,1027,397.94,2021-12-23T20:00:00Z,157195,397.550116
402.37,402.52,398.26,1107,398.29,2021-12-27T12:00:00Z,126356,400.618966
402.87,403.265,401.69,1902,402.32,2021-12-27T16:00:00Z,122489,402.553278
403.38,403.46,402.305,1173,402.65,2021-12-27T20:00:00Z,146406,403.211188
402.95,404.57,401.99,1420,404.51,2021-12-28T12:00:00Z,168563,403.186629
401.55,403.44,400.74,1946,402.94,2021-12-28T16:00:00Z,208963,401.862427
401.73,402.53,401.22,751,401.745,2021-12-28T20:00:00Z,74288,401.80696
401.01,402.97,399.175,1413,401.85,2021-12-29T12:00:00Z,236317,400.487933
401.87,401.97,399.8,1539,401.03,2021-12-29T16:00:00Z,189634,400.739885
401.62,402.41,401.39,479,401.76,2021-12-29T20:00:00Z,59461,401.835734
402.65,403.55,400.93,789,401.57,2021-12-30T12:00:00Z,72497,402.306157
402.485,403.33,402.14,528,402.61,2021-12-30T16:00:00Z,58230,402.80404
400.2,402.5,399.755,727,402.5,2021-12-30T20:00:00Z,97999,400.632097
399.12,400.95,398.4,935,399.77,2021-12-31T12:00:00Z,45788,399.696389
398.59,399.55,398.28,849,398.87,2021-12-31T16:00:00Z,85116,398.793094
398.11,399.17,397.39,1335,398.57,2021-12-31T20:00:00Z,119669,398.125871
400.5,401.52,396.93,1872,399.04,2022-01-03T12:00:00Z,197393,399.140662
401.41,401.9,398.93,1450,400.42,2022-01-03T16:00:00Z,127603,400.241438
401.67,401.865,400.8,784,401.32,2022-01-03T20:00:00Z,70240,401.483391
395.43,402.23,395.42,1261,402.1,2022-01-04T12:00:00Z,143380,399.059844
395.32,395.95,393.3,3413,395.38,2022-01-04T16:00:00Z,363362,394.548762
396.48,397.68,395.44,1342,395.47,2022-01-04T20:00:00Z,175959,396.845986
394.1,395.7,392.43,1225,394.955,2022-01-05T12:00:00Z,154976,393.995579
387.5,394.38,386.98,2640,394.07,2022-01-05T16:00:00Z,369105,390.368145
384.66,387.42,384.065,2095,387.42,2022-01-05T20:00:00Z,271851,385.69004
386.09,386.7,380.22,3445,382.38,2022-01-06T12:00:00Z,462075,383.636705
385.4,387.25,384.3,2094,386.06,2022-01-06T16:00:00Z,217190,385.488966
384.59,386.55,383.12,1169,385.52,2022-01-06T20:00:00Z,102803,384.222018
379.1,385.73,378.06,1900,383.69,2022-01-07T12:00:00Z,245289,381.893461
381.14,381.915,378.655,2183,379.05,2022-01-07T16:00:00Z,291304,380.460394
379.73,381.88,379.63,1023,381.3,2022-01-07T20:00:00Z,126923,380.539304
370.35,375.67,369.38,3261,375.67,2022-01-10T12:00:00Z,384488,372.199563
376.88,378.0,370.0,4781,370.4,2022-01-10T16:00:00Z,702069,373.222501
380.23,380.615,375.55,2414,376.89,2022-01-10T20:00:00Z,314725,379.033706
379.35,381.48,377.32,1429,379.29,2022-01-11T12:00:00Z,178358,379.420793
385.365,385.945,379.265,2605,379.395,2022-01-11T16:00:00Z,383276,384.071337
385.92,385.95,384.68,1211,385.37,2022-01-11T20:00:00Z,119719,385.443424
386.505,390.13,385.98,2177,388.475,2022-01-12T12:00:00Z,248747,388.190883
387.65,388.68,385.05,1970,386.52,2022-01-12T16:00:00Z,186347,386.986802
387.39,387.75,386.49,1212,387.45,2022-01-12T20:00:00Z,128913,387.11719
384.25,389.41,383.35,2150,388.38,2022-01-13T12:00:00Z,271319,387.095404
380.835,385.725,380.08,3219,384.08,2022-01-13T16:00:00Z,352942,382.148373
377.42,380.7,376.72,2571,380.6,2022-01-13T20:00:00Z,327071,378.255059
377.68,380.19,373.96,2601,373.96,2022-01-14T12:00:00Z,284340,377.806642
377.66,379.5,375.49,3604,377.86,2022-01-14T16:00:00Z,367221,377.47907
380.12,380.33,378.0,1741,378.03,2022-01-14T20:00:00Z,197508,379.799084
373.37,376.16,372.325,3166,373.86,2022-01-18T12:00:00Z,449590,374.012149
373.16,374.4,371.11,2795,373.32,2022-01-18T16:00:00Z,378634,372.570843
371.07,373.31,369.79,1605,372.83,2022-01-18T20:00:00Z,272940,370.635557
370.53,374.56,369.5,2070,372.05,2022-01-19T12:00:00Z,179250,372.232816
370.085,373.29,368.16,3234,370.44,2022-01-19T16:00:00Z,282024,371.180102
366.41,370.82,366.24,1791,370.105,2022-01-19T20:00:00Z,261266,367.443148
373.16,373.53,369.6,2877,369.67,2022-01-20T12:00:00Z,290664,371.711298
367.67,373.855,367.46,3213,373.17,2022-01-20T16:00:00Z,339914,370.812413
360.03,368.33,360.03,2801,367.77,2022-01-20T20:00:00Z,391017,363.930495
359.72,361.2,354.25,4495,358.94,2022-01-21T12:00:00Z,607375,358.139703
353.62,362.18,353.62,6715,359.98,2022-01-21T16:00:00Z,799539,357.416525
351.9,355.22,351.54,3817,353.67,2022-01-21T20:00:00Z,417286,352.88811
343.16,347.62,340.75,4139,346.13,2022-01-24T12:00:00Z,393989,344.097882
345.25,347.26,334.18,5127,343.085,2022-01-24T16:00:00Z,549412,339.630901
352.77,353.96,344.43,2020,344.95,2022-01-24T20:00:00Z,325931,351.531902
344.21,348.63,342.25,3249,346.69,2022-01-25T12:00:00Z,330203,345.018583
350.88,351.01,341.68,5577,344.11,2022-01-25T16:00:00Z,625666,345.266339
339.5,350.45,339.5,2314,350.44,2022-01-25T20:00:00Z,244570,346.906963
350.87,353.8,349.3,2588,352.31,2022-01-26T12:00:00Z,273122,351.71719
347.81,356.81,346.09,6346,350.31,2022-01-26T16:00:00Z,763102,351.906664
345.01,347.38,340.94,4662,347.38,2022-01-26T20:00:00Z,521315,343.917465
348.51,351.245,345.76,2176,347.79,2022-01-27T12:00:00Z,227293,348.331412
341.6,349.77,340.57,4785,348.82,2022-01-27T16:00:00Z,461599,345.136014
343.81,344.0,340.09,2244,342.19,2022-01-27T20:00:00Z,232654,341.597554
344.77,344.86,337.99,3226,341.69,2022-01-28T12:00:00Z,324797,340.291757
346.52,348.79,342.77,4532,344.93,2022-01-28T16:00:00Z,608652,346.197607
351.83,352.0,346.2,2915,346.865,2022-01-28T20:00:00Z,315236,349.277315
358.79,358.96,351.6,2162,352.77,2022-01-31T12:00:00Z,246544,355.05184
361.15,361.42,357.52,2639,358.69,2022-01-31T16:00:00Z,259657,359.796592
362.33,363.63,358.83,1989,361.15,2022-01-31T20:00:00Z,189746,361.801097
362.25,364.56,359.2,2654,364.54,2022-02-01T12:00:00Z,361078,361.620314
362.53,364.285,361.42,2308,362.21,2022-02-01T16:00:00Z,203525,362.763318
368.3,368.4,362.29,1592,362.29,2022-02-01T20:00:00Z,167440,365.216291
367.37,370.73,366.17,2372,370.73,2022-02-02T12:00:00Z,276686,368.026128
368.01,368.76,364.29,1836,367.38,2022-02-02T16:00:00Z,199142,366.618836
362.36,369.35,361.75,1260,368.13,2022-02-02T20:00:00Z,111967,368.418818
359.59,361.87,358.0,2472,358.72,2022-02-03T12:00:00Z,335870,359.468111
355.84,360.94,355.18,3210,359.56,2022-02-03T16:00:00Z,290578,357.444733
360.64,360.64,352.48,3807,356.11,2022-02-03T20:00:00Z,387890,354.390492
353.56,357.42,352.01,2074,353.31,2022-02-04T12:00:00Z,212726,354.298214
359.55,360.08,352.24,1914,353.45,2022-02-04T16:00:00Z,153142,356.967176
357.12,361.295,356.84,1415,359.92,2022-02-04T20:00:00Z,159886,358.966523
359.18,360.9,357.8,955,359.05,2022-02-07T12:00:00Z,85499,359.396764
357.96,359.37,355.01,1600,359.01,2022-02-07T16:00:00Z,123445,356.940277
355.72,358.97,353.88,1024,357.65,2022-02-07T20:00:00Z,95400,355.514051
356.17,356.59,352.82,663,354.23,2022-02-08T12:00:00Z,74937,354.425741
357.06,359.805,356.52,1101,356.63,2022-02-08T16:00:00Z,131421,358.151391
359.42,360.22,356.36,473,356.81,2022-02-08T20:00:00Z,49586,358.970126
364.44,364.44,362.2,1080,363.8,2022-02-09T12:00:00Z,88428,363.467227
365.48,366.24,363.62,1565,364.45,2022-02-09T16:00:00Z,133946,365.116912
366.56,366.76,364.48,1711,365.47,2022-02-09T20:00:00Z,198060,365.96706
363.76,366.47,359.32,2223,359.4,2022-02-10T12:00:00Z,264748,363.254556
358.93,365.14,358.72,3862,363.57,2022-02-10T16:00:00Z,429653,362.013263
358.05,360.15,356.625,2322,359.26,2022-02-10T20:00:00Z,323675,358.279817
356.49,360.04,355.79,1774,358.58,2022-02-11T12:00:00Z,243292,357.941887
347.5,357.71,346.51,3213,356.33,2022-02-11T16:00:00Z,412538,352.310265
347.6,349.54,345.82,3198,348.01,2022-02-11T20:00:00Z,388068,347.702069
347.97,349.5,345.84,2311,347.5,2022-02-14T12:00:00Z,260715,347.697135
347.025,350.925,343.97,3377,347.755,2022-02-14T16:00:00Z,352829,347.182815
347.57,348.55,345.63,2500,346.94,2022-02-14T20:00:00Z,223382,347.492582
354.2,354.68,352.26,1881,353.04,2022-02-15T12:00:00Z,229414,353.454432
355.05,355.225,351.94,1692,354.14,2022-02-15T16:00:00Z,156525,354.028256
355.53,356.36,354.24,1333,354.99,2022-02-15T20:00:00Z,135271,355.5805
352.08,355.6,350.75,1185,355.6,2022-02-16T12:00:00Z,103620,352.128478
355.6,356.17,350.92,2453,352.35,2022-02-16T16:00:00Z,180144,353.078904
355.8,356.99,355.56,1290,355.75,2022-02-16T20:00:00Z,120583,356.176641
350.235,353.22,349.3,905,352.72,2022-02-17T12:00:00Z,84879,350.908838
347.19,351.335,347.19,1398,350.04,2022-02-17T16:00:00Z,160326,349.08713
345.25,347.25,344.7,1222,347.085,2022-02-17T20:00:00Z,157538,346.13191
342.54,346.8,342.27,1456,346.08,2022-02-18T12:00:00Z,203572,344.426028
344.01,344.35,339.22,2857,342.37,2022-02-18T16:00:00Z,331163,341.872543
341.75,344.9,340.58,1375,344.65,2022-02-18T20:00:00Z,172484,341.866242
340.16,344.03,338.22,1537,338.54,2022-02-22T12:00:00Z,178548,341.277865
339.52,340.42,334.5,2420,340.42,2022-02-22T16:00:00Z,268816,337.717758
339.5,341.66,336.84,1322,339.79,2022-02-22T20:00:00Z,161672,338.954853
336.06,342.0,335.37,1833,341.28,2022-02-23T12:00:00Z,251341,338.603312
331.36,338.01,330.96,3067,335.88,2022-02-23T16:00:00Z,326613,334.45223
330.02,331.45,329.12,2301,331.39,2022-02-23T20:00:00Z,297845,329.90365
328.22,329.14,318.635,4524,318.67,2022-02-24T12:00:00Z,728709,324.564191
335.96,336.58,326.995,6905,327.95,2022-02-24T16:00:00Z,790838,330.911091
339.4,341.0,335.55,3201,335.94,2022-02-24T20:00:00Z,404547,339.191043
342.82,343.48,337.63,3537,341.22,2022-02-25T12:00:00Z,382361,340.296555
344.01,345.735,342.03,3245,342.675,2022-02-25T16:00:00Z,388202,344.200608
346.1,346.2,343.26,1553,344.02,2022-02-25T20:00:00Z,159638,345.008148
346.695,347.11,341.5,2263,341.5,2022-02-28T12:00:00Z,236542,344.188642
343.36,348.49,341.44,3520,346.78,2022-02-28T16:00:00Z,364512,344.746521
346.65,347.24,342.16,2009,343.35,2022-02-28T20:00:00Z,251063,345.016786
345.04,348.02,344.81,2245,345.75,2022-03-01T12:00:00Z,214736,346.402597
341.31,346.5,340.58,3777,345.23,2022-03-01T16:00:00Z,346385,342.715678
342.13,343.83,339.02,1674,341.51,2022-03-01T20:00:00Z,173888,341.152093
342.54,344.56,340.3,2251,343.21,2022-03-02T12:00:00Z,295715,342.703585
347.24,348.11,341.83,3557,342.36,2022-03-02T16:00:00Z,408472,346.042521
346.27,348.49,346.27,1633,347.22,2022-03-02T20:00:00Z,183508,347.791211
342.78,350.26,342.78,2049,350.26,2022-03-03T12:00:00Z,299010,346.468707
342.845,346.53,342.26,3176,342.61,2022-03-03T16:00:00Z,388068,344.447555
342.79,342.83,340.45,2402,342.75,2022-03-03T20:00:00Z,342493,341.744781
336.06,341.28,336.01,2378,340.16,2022-03-04T12:00:00Z,321777,337.821325
335.3,339.75,334.95,3587,336.06,2022-03-04T16:00:00Z,435633,337.022114
336.57,337.71,335.2,1859,335.37,2022-03-04T20:00:00Z,210316,336.582667
330.78,338.44,330.19,3084,337.31,2022-03-07T12:00:00Z,329221,333.470917
327.28,332.69,327.0,4067,330.73,2022-03-07T16:00:00Z,376073,329.943552
323.65,327.42,323.55,2507,327.36,2022-03-07T20:00:00Z,244070,325.721485
324.5,326.09,320.08,3959,324.08,2022-03-08T12:00:00Z,528256,322.756107
326.98,333.19,319.97,6382,324.75,2022-03-08T16:00:00Z,868183,326.826374
321.7,329.33,321.55,2139,327.2,2022-03-08T20:00:00Z,223948,324.848113
333.3,333.58,329.14,1724,332.19,2022-03-09T12:00:00Z,248396,331.672901
334.58,335.2,331.15,2529,333.22,2022-03-09T16:00:00Z,285553,333.547374
335.99,336.65,334.12,2028,334.66,2022-03-09T20:00:00Z,205182,335.175515
327.88,331.82,327.58,2581,331.55,2022-03-10T12:00:00Z,284139,329.539722
332.09,332.41,326.73,2900,327.72,2022-03-10T16:00:00Z,278311,329.017258
331.11,332.4,330.5,2081,332.26,2022-03-10T20:00:00Z,196639,331.450579
331.01,334.56,329.36,1748,334.37,2022-03-11T12:00:00Z,271118,331.24648
327.3,330.65,326.89,2421,330.61,2022-03-11T16:00:00Z,256639,328.269284
324.54,327.5,323.96,1764,327.15,2022-03-11T20:00:00Z,226844,325.263501
321.715,326.54,321.33,3124,323.24,2022-03-14T12:00:00Z,376873,324.258307
318.18,321.5,317.5,5989,321.5,2022-03-14T16:00:00Z,728661,318.794281
319.02,319.1,318.8,29,319.1,2022-03-14T20:00:00Z,3012,318.963486
324.89,326.87,319.26,5013,321.01,2022-03-15T12:00:00Z,587403,322.949943
328.11,328.92,323.46,5472,324.79,2022-03-15T16:00:00Z,570384,326.127184
328.06,328.12,327.7,26,328.12,2022-03-15T20:00:00Z,3266,327.917602
337.01,338.11,332.03,3803,332.75,2022-03-16T12:00:00Z,589794,335.818584
340.43,340.43,328.41,8134,336.96,2022-03-16T16:00:00Z,936590,334.623083
341.41,341.99,339.93,115,340.26,2022-03-16T20:00:00Z,26928,340.46462
339.57,341.71,337.14,3165,338.4,2022-03-17T12:00:00Z,324829,339.421423
344.48,344.48,339.16,4168,339.64,2022-03-17T16:00:00Z,416269,342.247675
342.77,344.63,342.62,52,344.48,2022-03-17T20:00:00Z,9698,343.88714
347.35,348.22,341.56,3437,342.11,2022-03-18T12:00:00Z,391153,344.810594
351.46,351.79,347.06,6472,347.145,2022-03-18T16:00:00Z,695186,350.163852
352.06,352.08,351.23,82,351.23,2022-03-18T20:00:00Z,24478,351.756398
351.8,352.45,346.67,3752,350.3,2022-03-21T12:00:00Z,466491,349.351492
350.13,352.02,345.6,4395,351.79,2022-03-21T16:00:00Z,408126,348.51774
350.5,350.66,350.09,34,350.09,2022-03-21T20:00:00Z,9367,350.438171
356.26,357.68,350.22,3885,350.57,2022-03-22T12:00:00Z,371641,355.025035
356.89,357.84,355.01,4366,356.28,2022-03-22T16:00:00Z,404604,356.447079
357.04,357.12,356.94,13,357.08,2022-03-22T20:00:00Z,3894,357.058437
356.93,356.955,352.31,3267,354.24,2022-03-23T12:00:00Z,302084,354.306566
351.79,357.63,351.78,4290,357.0,2022-03-23T16:00:00Z,354020,353.593088
352.21,352.21,351.86,22,351.86,2022-03-23T20:00:00Z,8120,352.006
356.49,357.12,351.615,2631,353.76,2022-03-24T12:00:00Z,270359,354.282661
359.59,359.67,355.32,2851,356.48,2022-03-24T16:00:00Z,295948,357.363697
359.55,359.59,359.38,25,359.51,2022-03-24T20:00:00Z,8735,359.53563
355.77,360.62,354.95,3711,360.59,2022-03-25T12:00:00Z,408677,358.160169
359.28,359.46,355.27,4549,355.34,2022-03-25T16:00:00Z,440986,357.80639
359.34,359.34,359.15,38,359.3,2022-03-25T20:00:00Z,12641,359.24967
358.92,363.07,358.52,2579,359.32,2022-03-28T12:00:00Z,231405,361.058687
365.0,365.0,358.09,3347,358.725,2022-03-28T16:00:00Z,320116,362.038702
364.83,365.14,364.81,50,365.02,2022-03-28T20:00:00Z,16150,365.011441
368.875,370.72,366.275,4419,368.84,2022-03-29T12:00:00Z,500981,368.52044
371.18,371.815,367.29,7267,368.7,2022-03-29T16:00:00Z,789288,370.169122
370.88,371.22,370.63,41,371.13,2022-03-29T20:00:00Z,16826,370.866022
368.965,370.93,367.665,3964,368.97,2022-03-30T12:00:00Z,495733,369.240445
367.1,370.065,365.58,5115,369.07,2022-03-30T16:00:00Z,716963,367.827255
367.95,367.95,367.25,52,367.25,2022-03-30T20:00:00Z,15833,367.640449
366.39,367.59,364.52,2449,367.31,2022-03-31T12:00:00Z,242626,366.13072
362.02,366.84,361.71,4547,366.55,2022-03-31T16:00:00Z,456162,364.604207
363.12,363.35,362.3,88,362.45,2022-03-31T20:00:00Z,41781,362.904369
359.48,363.575,359.34,2758,363.28,2022-04-01T12:00:00Z,282348,361.679995
361.83,362.06,358.61,3308,359.45,2022-04-01T16:00:00Z,331601,360.251979
361.2,361.86,361.2,19,361.76,2022-04-01T20:00:00Z,4552,361.496363
367.845,368.16,362.45,3163,363.21,2022-04-04T12:00:00Z,345810,366.283057
369.28,369.3,366.95,3657,367.78,2022-04-04T16:00:00Z,419708,368.225492
369.2,369.41,369.2,7,369.24,2022-04-04T20:00:00Z,1242,369.293913
362.67,368.46,362.63,3050,368.13,2022-04-05T12:00:00Z,337322,364.767733
361.26,363.84,359.96,4367,362.99,2022-04-05T16:00:00Z,549376,361.654892
361.84,361.84,361.14,100,361.14,2022-04-05T20:00:00Z,22584,361.454929
353.0,356.585,351.84,3333,355.19,2022-04-06T12:00:00Z,416345,353.4447
353.18,356.72,350.56,5689,353.05,2022-04-06T16:00:00Z,668968,353.366606
353.2,353.43,353.16,20,353.29,2022-04-06T20:00:00Z,9544,353.313781
350.16,355.51,349.61,2934,352.28,2022-04-07T12:00:00Z,381995,352.801971
354.12,356.325,348.71,5739,350.02,2022-04-07T16:00:00Z,473625,352.853457
354.24,354.3,354.06,15,354.11,2022-04-07T20:00:00Z,4428,354.163412
351.86,354.28,348.72,3999,354.28,2022-04-08T12:00:00Z,438784,350.669252
349.1,352.97,348.54,4533,352.07,2022-04-08T16:00:00Z,443439,350.152021
348.96,349.52,348.96,54,349.51,2022-04-08T20:00:00Z,13341,349.291591
342.77,345.65,341.805,4104,344.58,2022-04-11T12:00:00Z,372733,343.622367
340.97,344.09,340.56,4827,342.7,2022-04-11T16:00:00Z,426159,342.113054
341.01,341.15,340.67,73,340.85,2022-04-11T20:00:00Z,10450,340.897815
344.66,347.8,341.73,3286,341.73,2022-04-12T12:00:00Z,412885,345.294245
339.52,344.705,338.1,5911,344.635,2022-04-12T16:00:00Z,514111,340.693694
339.71,339.92,339.02,55,339.23,2022-04-12T20:00:00Z,8505,339.616723
344.65,345.14,339.16,2661,339.5,2022-04-13T12:00:00Z,315385,342.518689
346.3,347.405,344.18,4732,344.675,2022-04-13T16:00:00Z,546736,345.824088
346.22,346.45,346.08,16,346.08,2022-04-13T20:00:00Z,5080,346.218667
341.48,346.91,341.3,2061,345.47,2022-04-14T12:00:00Z,241390,343.463181
338.44,342.13,338.21,4186,341.405,2022-04-14T16:00:00Z,483892,340.12483
338.4,338.4,338.01,71,338.38,2022-04-14T20:00:00Z,13283,338.24046
337.98,341.03,336.27,2811,336.27,2022-04-18T12:00:00Z,298239,338.899959
338.9,340.85,335.87,2716,337.88,2022-04-18T16:00:00Z,276210,338.17168
340.01,340.7,338.96,118,338.96,2022-04-18T20:00:00Z,26220,340.070533
345.3,345.74,337.02,2478,338.37,2022-04-19T12:00:00Z,367795,342.652542
346.12,346.83,343.55,3668,345.22,2022-04-19T16:00:00Z,440729,345.463583
343.17,345.44,342.57,139,345.44,2022-04-19T20:00:00Z,30919,343.492172
341.99,348.03,341.61,2217,347.74,2022-04-20T12:00:00Z,323415,343.648796
341.025,343.76,340.01,2925,342.07,2022-04-20T16:00:00Z,349871,341.776607
342.65,342.89,341.47,31,341.47,2022-04-20T20:00:00Z,8548,342.554005
340.19,347.84,340.13,2549,345.57,2022-04-21T12:00:00Z,283346,344.547164
334.37,340.54,333.29,5150,340.3,2022-04-21T16:00:00Z,567085,336.335293
334.16,334.55,333.21,50,334.14,2022-04-21T20:00:00Z,9966,334.045405
329.16,335.51,329.16,2847,334.9,2022-04-22T12:00:00Z,344881,332.79998
325.37,330.12,324.985,4706,329.14,2022-04-22T16:00:00Z,645459,327.451182
324.38,325.44,324.01,134,325.44,2022-04-22T20:00:00Z,32729,324.736707
323.18,327.99,322.49,4243,323.25,2022-04-25T12:00:00Z,511850,324.468392
329.58,329.855,322.61,4580,323.085,2022-04-25T16:00:00Z,404053,327.171419
329.55,329.98,329.24,46,329.91,2022-04-25T20:00:00Z,11525,329.715119
319.19,327.6,319.06,3284,327.49,2022-04-26T12:00:00Z,349522,321.94836
316.86,322.25,316.86,5584,319.27,2022-04-26T16:00:00Z,652495,319.460142
312.0,317.13,311.9,146,316.81,2022-04-26T20:00:00Z,29554,314.418049
318.72,322.87,315.01,4119,318.03,2022-04-27T12:00:00Z,497303,319.064351
316.74,322.26,316.12,5276,318.67,2022-04-27T16:00:00Z,635260,318.931061
320.7,321.14,316.9,101,317.01,2022-04-27T20:00:00Z,33093,319.080152
320.06,323.37,317.6,3228,322.32,2022-04-28T12:00:00Z,377568,320.128524
327.99,329.88,319.58,6281,320.19,2022-04-28T16:00:00Z,708660,326.927434
324.15,327.93,323.51,198,327.65,2022-04-28T20:00:00Z,46586,325.642901
320.965,327.21,320.53,2913,323.13,2022-04-29T12:00:00Z,319522,323.406282
313.43,320.87,312.64,6132,320.87,2022-04-29T16:00:00Z,684128,316.03142
314.05,314.45,313.49,82,313.66,2022-04-29T20:00:00Z,16599,313.962628
314.14,317.7,310.48,5881,312.9,2022-05-02T12:00:00Z,661506,313.985048
318.43,318.695,309.68,4832,314.255,2022-05-02T16:00:00Z,493445,314.120913
317.95,318.65,317.64,46,318.57,2022-05-02T20:00:00Z,6817,317.937302
319.23,320.39,316.01,4560,318.86,2022-05-03T12:00:00Z,382411,317.98654
318.87,321.05,316.76,3115,319.11,2022-05-03T16:00:00Z,250570,318.748994
319.58,320.3,318.95,34,318.95,2022-05-03T20:00:00Z,7141,319.638329
315.8,319.54,313.92,1874,319.54,2022-05-04T12:00:00Z,215314,316.17468
329.74,330.29,315.35,7198,315.88,2022-05-04T16:00:00Z,936909,323.744309
328.7,329.63,328.65,68,329.61,2022-05-04T20:00:00Z,20493,329.356592
312.99,325.16,312.91,4614,325.14,2022-05-05T12:00:00Z,488338,318.149459
313.4,315.945,309.63,7052,312.9,2022-05-05T16:00:00Z,871650,312.397232
314.1,314.79,313.33,80,313.45,2022-05-05T20:00:00Z,14888,314.186554
309.97,315.0,305.16,4343,312.96,2022-05-06T12:00:00Z,544893,310.08233
309.38,313.71,306.3,5277,309.84,2022-05-06T16:00:00Z,602154,309.541487
308.73,309.25,307.95,55,309.25,2022-05-06T20:00:00Z,6264,308.490213
300.51,305.78,298.26,4733,303.81,2022-05-09T12:00:00Z,503205,301.750814
297.18,302.63,295.77,8423,300.25,2022-05-09T16:00:00Z,874738,298.502948
297.41,298.24,297.25,61,297.43,2022-05-09T20:00:00Z,12433,297.900747
298.9,305.61,296.62,6548,301.21,2022-05-10T12:00:00Z,689476,301.445016
300.82,305.03,297.18,7355,298.98,2022-05-10T16:00:00Z,750891,301.765941
300.56,300.93,300.28,37,300.28,2022-05-10T20:00:00Z,6750,300.52831
299.45,303.94,295.26,6416,301.05,2022-05-11T12:00:00Z,696419,300.281129
291.79,299.94,290.98,8535,299.36,2022-05-11T16:00:00Z,767081,293.972299
292.99,293.03,291.75,77,291.98,2022-05-11T20:00:00Z,40688,292.787039
288.83,295.67,285.13,6397,287.65,2022-05-12T12:00:00Z,825181,290.506871
291.37,292.07,284.945,6686,288.76,2022-05-12T16:00:00Z,805711,288.564379
289.31,291.21,289.05,23,291.06,2022-05-12T20:00:00Z,3442,290.598613
301.22,301.45,294.1,3238,297.05,2022-05-13T12:00:00Z,342987,299.149431
301.78,302.98,297.84,4826,301.135,2022-05-13T16:00:00Z,502960,301.310054
301.71,301.94,301.18,22,301.58,2022-05-13T20:00:00Z,4423,301.644964
300.33,301.53,297.2,3086,300.14,2022-05-16T12:00:00Z,296344,299.260152
298.62,302.23,297.74,3673,300.44,2022-05-16T16:00:00Z,337657,299.782272
298.25,298.67,298.19,42,298.67,2022-05-16T20:00:00Z,11700,298.547686
303.885,305.45,300.61,2217,304.48,2022-05-17T12:00:00Z,312231,303.072029
306.22,306.56,301.62,3321,303.835,2022-05-17T16:00:00Z,412609,304.557946
306.41,306.48,305.93,13,305.93,2022-05-17T20:00:00Z,4176,306.231852
295.48,303.29,295.4,3497,303.29,2022-05-18T12:00:00Z,393879,299.237079
291.14,295.83,289.86,5149,295.51,2022-05-18T16:00:00Z,558314,292.328456
289.98,291.11,289.31,162,291.1,2022-05-18T20:00:00Z,47477,289.919896
293.265,294.36,287.49,3722,287.57,2022-05-19T12:00:00Z,406696,291.039819
289.46,293.76,289.0,4096,293.35,2022-05-19T16:00:00Z,377961,290.926757
290.12,290.3,289.0,79,289.3,2022-05-19T20:00:00Z,13424,289.584992
286.18,293.785,285.63,3040,293.18,2022-05-20T12:00:00Z,450166,290.448999
288.56,288.84,280.34,5149,286.09,2022-05-20T16:00:00Z,604819,284.217994
288.58,288.98,287.98,29,288.78,2022-05-20T20:00:00Z,6111,288.511434
292.295,292.74,287.31,2773,290.0,2022-05-23T12:00:00Z,279568,290.092034
293.38,293.77,290.57,2383,292.37,2022-05-23T16:00:00Z,249980,292.680572
293.83,294.33,293.5,54,293.58,2022-05-23T20:00:00Z,14124,293.794143
285.79,288.86,282.28,2889,288.45,2022-05-24T12:00:00Z,406345,284.462829
287.225,288.46,283.92,3521,285.49,2022-05-24T16:00:00Z,354898,286.320908
287.73,288.05,287.24,33,288.0,2022-05-24T20:00:00Z,5099,287.855217
289.035,290.8,285.5,1821,285.82,2022-05-25T12:00:00Z,272109,288.488772
291.28,293.32,287.0,2953,289.37,2022-05-25T16:00:00Z,376545,290.441242
289.77,291.36,288.07,143,291.21,2022-05-25T20:00:00Z,38151,289.9428
298.19,298.29,290.2,2547,291.61,2022-05-26T12:00:00Z,291132,296.391221
299.33,300.91,297.79,4435,297.99,2022-05-26T16:00:00Z,520168,299.75776
298.92,299.25,298.65,27,299.25,2022-05-26T20:00:00Z,7654,298.898554
307.025,307.14,300.73,1675,300.73,2022-05-27T12:00:00Z,301076,305.555787
309.105,309.17,306.3,3236,307.21,2022-05-27T16:00:00Z,487420,307.780372
309.47,309.61,309.07,40,309.12,2022-05-27T20:00:00Z,11179,309.284695
309.915,310.13,304.35,2184,307.62,2022-05-31T12:00:00Z,261678,307.074365
308.53,311.315,307.345,3376,309.915,2022-05-31T16:00:00Z,364307,309.694706
308.56,308.78,308.05,86,308.57,2022-05-31T20:00:00Z,23543,308.392124
304.99,312.54,304.88,2195,309.99,2022-06-01T12:00:00Z,277339,309.06653
305.98,308.63,303.78,2770,305.02,2022-06-01T16:00:00Z,301384,306.51545
305.8,306.3,305.57,50,306.1,2022-06-01T20:00:00Z,11462,305.794611
309.56,310.42,303.45,2167,306.18,2022-06-02T12:00:00Z,270483,307.062217
314.47,314.56,309.36,4265,309.54,2022-06-02T16:00:00Z,650826,312.604775
314.54,314.54,313.87,48,314.41,2022-06-02T20:00:00Z,12455,314.201754
306.0,312.28,304.99,1743,311.67,2022-06-03T12:00:00Z,286204,307.289241
306.055,308.34,305.19,2203,306.085,2022-06-03T16:00:00Z,332394,306.285272
306.07,306.37,305.83,58,305.84,2022-06-03T20:00:00Z,20579,306.062071
308.89,312.335,308.0,1914,311.0,2022-06-06T12:00:00Z,244734,310.161979
307.22,309.22,305.675,1902,308.805,2022-06-06T16:00:00Z,226562,307.218548
307.4,307.4,306.91,15,307.0,2022-06-06T20:00:00Z,2200,307.055
307.635,309.82,302.73,2799,303.73,2022-06-07T12:00:00Z,364713,306.773234
309.98,310.63,306.6,3078,307.67,2022-06-07T16:00:00Z,335547,309.020452
309.2,309.68,309.19,54,309.68,2022-06-07T20:00:00Z,11167,309.492566
310.375,311.65,307.98,2040,309.0,2022-06-08T12:00:00Z,249771,310.48222
307.55,310.85,306.795,4244,310.08,2022-06-08T16:00:00Z,579954,308.029742
307.67,307.79,307.36,39,307.54,2022-06-08T20:00:00Z,9339,307.574694
306.65,308.91,305.05,2086,306.97,2022-06-09T12:00:00Z,254967,306.81274
299.255,307.46,299.255,5197,306.63,2022-06-09T16:00:00Z,697136,302.585342
299.94,299.94,299.1,92,299.42,2022-06-09T20:00:00Z,21811,299.489687
289.43,296.2,288.405,3941,295.8,2022-06-10T12:00:00Z,468077,290.627509
288.74,291.92,288.66,5836,289.37,2022-06-10T16:00:00Z,610692,289.956171
289.25,289.5,288.72,42,288.72,2022-06-10T20:00:00Z,6987,289.155455
278.34,282.31,276.095,5341,280.86,2022-06-13T12:00:00Z,598953,278.875407
275.57,281.14,274.54,5921,278.31,2022-06-13T16:00:00Z,674232,277.021628
276.4,276.73,275.31,31,275.43,2022-06-13T20:00:00Z,5040,276.237763
276.84,278.32,274.19,4497,277.62,2022-06-14T12:00:00Z,570435,276.025436
275.91,278.65,273.34,6690,276.89,2022-06-14T16:00:00Z,681813,275.8107
276.15,276.35,275.56,46,275.79,2022-06-14T20:00:00Z,10900,275.817782
280.54,281.52,278.79,2872,279.45,2022-06-15T12:00:00Z,339348,279.986764
282.9,286.77,276.65,10089,280.47,2022-06-15T16:00:00Z,1178186,281.999585
282.94,283.06,282.0,54,282.63,2022-06-15T20:00:00Z,13879,282.534227
272.24,276.04,270.74,3727,275.63,2022-06-16T12:00:00Z,430472,273.275107
271.59,273.17,269.3,5636,272.28,2022-06-16T16:00:00Z,636167,271.095312
272.04,272.36,271.39,57,271.76,2022-06-16T20:00:00Z,19716,271.940726
273.38,275.94,270.57,3084,272.5,2022-06-17T12:00:00Z,412055,273.184882
274.73,277.16,272.7,5021,273.28,2022-06-17T16:00:00Z,582758,275.397015
275.0,275.22,274.69,80,274.69,2022-06-17T20:00:00Z,13021,275.045
281.78,283.45,278.7,3213,278.73,2022-06-21T12:00:00Z,379342,282.31114
281.06,282.61,280.77,5014,281.79,2022-06-21T16:00:00Z,486747,281.688565
281.4,281.4,280.96,68,281.07,2022-06-21T20:00:00Z,7967,281.203095
281.33,285.17,276.38,2800,276.39,2022-06-22T12:00:00Z,368539,282.460462
280.7,284.52,280.3,3279,281.41,2022-06-22T16:00:00Z,417912,282.026741
280.3,280.83,280.28,58,280.79,2022-06-22T20:00:00Z,10644,280.60154
282.89,285.08,280.32,3606,282.29,2022-06-23T12:00:00Z,366048,283.181809
284.88,285.72,280.41,5226,282.82,2022-06-23T16:00:00Z,590176,283.036701
283.75,284.53,283.75,47,284.53,2022-06-23T20:00:00Z,12437,284.328255
291.75,293.4,287.07,3431,287.26,2022-06-24T12:00:00Z,436612,291.441805
294.86,294.9,291.27,4853,291.68,2022-06-24T16:00:00Z,574137,292.632517
294.08,294.57,293.91,72,294.57,2022-06-24T20:00:00Z,18902,294.24643
294.35,296.54,291.97,2378,295.62,2022-06-27T12:00:00Z,254593,293.613137
292.45,294.5,291.29,4970,294.335,2022-06-27T16:00:00Z,524649,292.510022
293.0,293.24,292.59,49,292.59,2022-06-27T20:00:00Z,15397,292.961424
286.35,295.65,286.17,2642,293.03,2022-06-28T12:00:00Z,381123,290.920965
283.52,287.43,283.35,4431,286.3,2022-06-28T16:00:00Z,594026,284.749239
283.57,283.68,283.24,40,283.58,2022-06-28T20:00:00Z,32229,283.59988
283.995,285.24,280.92,2644,282.83,2022-06-29T12:00:00Z,423748,283.437997
283.915,284.77,281.85,3282,283.97,2022-06-29T16:00:00Z,357649,283.462088
283.89,283.94,283.5,47,283.83,2022-06-29T20:00:00Z,12032,283.749623
282.06,282.15,275.81,3622,280.3,2022-06-30T12:00:00Z,492642,278.717098
280.38,283.85,278.71,5991,282.1,2022-06-30T16:00:00Z,626050,280.991815
279.88,280.21,279.43,68,280.21,2022-06-30T20:00:00Z,47314,279.642833
278.085,282.21,277.08,2658,278.91,2022-07-01T12:00:00Z,226420,279.299995
282.12,282.485,277.76,4037,278.3,2022-07-01T16:00:00Z,412664,280.631475
282.1,282.23,281.95,21,282.11,2022-07-01T20:00:00Z,6977,282.119512
281.185,281.99,276.83,2629,278.57,2022-07-05T12:00:00Z,267019,279.107696
287.02,287.03,280.61,5221,281.22,2022-07-05T16:00:00Z,863690,285.040428
287.0,287.05,286.68,50,286.99,2022-07-05T20:00:00Z,6095,286.968154
286.605,288.69,285.63,1978,286.07,2022-07-06T12:00:00Z,248899,286.960243
288.78,290.95,286.2,4503,286.605,2022-07-06T16:00:00Z,525412,288.317402
289.19,289.25,288.71,43,288.85,2022-07-06T20:00:00Z,7704,289.051818
293.75,293.75,289.66,2974,289.89,2022-07-07T12:00:00Z,349772,292.298905
294.94,295.68,293.44,4729,293.76,2022-07-07T16:00:00Z,579539,294.691981
294.56,294.92,294.5,24,294.9,2022-07-07T20:00:00Z,9148,294.705455
296.2,296.73,290.98,2545,291.99,2022-07-08T12:00:00Z,314584,294.62513
295.39,296.215,292.64,5325,296.215,2022-07-08T16:00:00Z,582218,295.057143
295.5,295.63,295.41,11,295.5,2022-07-08T20:00:00Z,3985,295.531387
289.76,293.07,288.24,1910,292.98,2022-07-11T12:00:00Z,251964,289.788583
288.81,291.75,288.225,3653,289.77,2022-07-11T16:00:00Z,367087,289.648215
289.42,289.57,289.13,40,289.13,2022-07-11T20:00:00Z,8205,289.415302
288.93,292.13,286.93,2673,289.4,2022-07-12T12:00:00Z,266146,289.328285
286.23,290.165,284.63,4170,289.27,2022-07-12T16:00:00Z,482034,286.873511
286.27,286.28,285.96,68,286.06,2022-07-12T20:00:00Z,21235,286.129628
285.5,287.47,279.49,2704,283.06,2022-07-13T12:00:00Z,343277,284.057975
285.8,287.97,285.19,4423,285.59,2022-07-13T16:00:00Z,407310,286.526306
285.09,285.7,285.05,43,285.7,2022-07-13T20:00:00Z,9086,285.456855
284.365,284.6,279.83,2152,283.2,2022-07-14T12:00:00Z,253245,281.900337
286.675,287.55,282.43,3991,284.42,2022-07-14T16:00:00Z,471753,285.422797
286.88,287.02,286.7,37,286.75,2022-07-14T20:00:00Z,8806,286.84771
290.635,291.6,285.69,3536,286.46,2022-07-15T12:00:00Z,327300,290.261203
291.77,291.96,289.94,4652,290.56,2022-07-15T16:00:00Z,458575,290.965933
292.04,292.13,291.77,59,291.77,2022-07-15T20:00:00Z,22207,291.998237
295.99,296.14,293.94,2953,294.58,2022-07-18T12:00:00Z,277657,295.001
289.27,296.07,288.29,5763,296.0,2022-07-18T16:00:00Z,621924,291.477673
289.66,289.66,289.46,35,289.62,2022-07-18T20:00:00Z,24159,289.545611
296.04,296.29,291.51,2381,292.55,2022-07-19T12:00:00Z,254423,294.271321
298.22,298.585,295.26,5104,296.01,2022-07-19T16:00:00Z,591654,297.691071
299.45,299.6,298.37,114,298.69,2022-07-19T20:00:00Z,47470,298.819188
303.69,304.0,297.93,4485,297.93,2022-07-20T12:00:00Z,380456,301.832567
303.055,304.24,300.39,7842,303.59,2022-07-20T16:00:00Z,575800,302.541178
301.95,303.55,301.95,46,303.05,2022-07-20T20:00:00Z,26855,302.920839
304.59,304.86,300.83,3545,304.77,2022-07-21T12:00:00Z,335357,303.016473
307.43,307.43,304.47,4713,304.54,2022-07-21T16:00:00Z,446345,306.407394
305.55,307.59,305.12,95,307.45,2022-07-21T20:00:00Z,35298,306.150025
302.925,308.49,301.935,2667,306.37,2022-07-22T12:00:00Z,263153,305.207984
301.98,303.24,300.12,5457,303.16,2022-07-22T16:00:00Z,573668,301.481831
302.06,302.08,301.75,47,301.75,2022-07-22T20:00:00Z,11455,301.964614
300.755,302.78,298.9,1974,302.59,2022-07-25T12:00:00Z,174070,300.697083
300.36,301.54,298.25,4545,300.695,2022-07-25T16:00:00Z,458105,299.612171
299.6,300.83,299.42,94,300.64,2022-07-25T20:00:00Z,32109,299.909981
294.48,299.12,294.39,2201,299.12,2022-07-26T12:00:00Z,204100,296.517243
294.33,295.66,293.57,4138,294.52,2022-07-26T16:00:00Z,394220,294.503507
296.21,296.21,293.46,116,293.49,2022-07-26T20:00:00Z,47525,294.65226
302.41,302.605,298.58,3151,298.87,2022-07-27T12:00:00Z,342105,301.301397
306.74,308.52,301.67,7100,302.41,2022-07-27T16:00:00Z,934283,305.831601
305.82,306.39,304.85,137,306.39,2022-07-27T20:00:00Z,38649,305.627746
308.01,308.72,302.785,2982,304.74,2022-07-28T12:00:00Z,379769,305.61951
309.68,310.39,307.04,3568,308.0,2022-07-28T16:00:00Z,431982,309.234829
314.29,314.64,309.9,84,309.9,2022-07-28T20:00:00Z,12555,312.567098
312.665,314.38,310.1,2190,312.01,2022-07-29T12:00:00Z,242492,312.540936
315.31,316.3,312.15,3735,312.82,2022-07-29T16:00:00Z,376413,315.114369
315.55,315.62,315.26,27,315.47,2022-07-29T20:00:00Z,10411,315.471601
318.05,318.73,312.58,2210,314.15,2022-08-01T12:00:00Z,274756,316.408361
315.16,318.19,313.75,2736,318.08,2022-08-01T16:00:00Z,288874,315.363765
315.7,315.73,315.16,33,315.16,2022-08-01T20:00:00Z,7257,315.50545
315.65,316.22,311.85,1637,312.97,2022-08-02T12:00:00Z,172996,314.433686
314.33,318.51,313.885,5226,315.745,2022-08-02T16:00:00Z,611298,315.544584
314.23,314.47,313.56,67,314.3,2022-08-02T20:00:00Z,37529,313.963764
321.525,321.6,316.05,2061,316.3,2022-08-03T12:00:00Z,282340,319.118884
322.84,323.71,320.78,4156,321.56,2022-08-03T16:00:00Z,543505,323.02983
322.28,322.72,322.14,80,322.67,2022-08-03T20:00:00Z,17354,322.33698
323.17,324.485,320.88,1320,323.69,2022-08-04T12:00:00Z,173591,322.4966
324.33,324.66,322.22,2637,323.22,2022-08-04T16:00:00Z,213009,323.668744
324.22,324.52,324.22,10,324.51,2022-08-04T20:00:00Z,1465,324.36073
319.35,323.765,318.44,2176,321.35,2022-08-05T12:00:00Z,296291,320.588409
321.79,322.145,319.28,2701,319.31,2022-08-05T16:00:00Z,345988,320.868514
321.54,321.82,321.27,87,321.75,2022-08-05T20:00:00Z,16920,321.536087
322.48,326.43,321.09,2611,324.2,2022-08-08T12:00:00Z,252493,323.947553
320.72,322.59,319.22,3484,322.41,2022-08-08T16:00:00Z,347078,320.583633
321.03,321.1,320.76,62,320.76,2022-08-08T20:00:00Z,18580,321.015527
316.69,318.99,315.78,2778,318.75,2022-08-09T12:00:00Z,317669,317.036617
317.05,317.72,315.48,2760,316.65,2022-08-09T16:00:00Z,331597,316.707457
317.47,317.51,317.3,44,317.31,2022-08-09T20:00:00Z,12006,317.419445
325.42,325.57,322.08,2130,323.67,2022-08-10T12:00:00Z,290962,324.122263
325.94,326.19,323.99,2956,325.475,2022-08-10T16:00:00Z,371082,325.270218
325.66,325.84,325.56,31,325.84,2022-08-10T20:00:00Z,11716,325.740896
325.86,330.305,325.195,2774,327.57,2022-08-11T12:00:00Z,413622,327.963593
324.1,327.1,323.45,4120,325.88,2022-08-11T16:00:00Z,343876,324.68733
324.63,324.67,324.27,35,324.27,2022-08-11T20:00:00Z,15698,324.427471
327.45,328.18,325.28,1962,325.7,2022-08-12T12:00:00Z,198386,326.663994
330.46,330.58,327.43,3493,327.43,2022-08-12T16:00:00Z,354572,329.675086
330.46,330.46,330.17,18,330.4,2022-08-12T20:00:00Z,6407,330.270885
332.3,332.45,329.12,1298,329.12,2022-08-15T12:00:00Z,180838,330.573837
333.07,333.56,331.9,2575,332.35,2022-08-15T16:00:00Z,291118,332.801858
332.95,333.09,332.73,65,333.03,2022-08-15T20:00:00Z,13016,332.947474
332.85,332.97,329.18,1697,332.39,2022-08-16T12:00:00Z,181312,331.125444
332.31,334.41,330.605,3177,332.82,2022-08-16T16:00:00Z,366119,332.334373
332.53,332.53,332.08,34,332.12,2022-08-16T20:00:00Z,6962,332.188263
326.76,330.14,326.44,2140,329.73,2022-08-17T12:00:00Z,218709,328.077374
328.5,331.385,326.875,3543,326.88,2022-08-17T16:00:00Z,366105,328.833776
328.85,328.85,328.34,42,328.34,2022-08-17T20:00:00Z,23686,328.632178
330.08,330.42,326.905,1621,328.91,2022-08-18T12:00:00Z,147975,328.855621
329.295,330.37,328.29,2195,329.97,2022-08-18T16:00:00Z,224797,329.432257
329.55,329.58,329.24,19,329.24,2022-08-18T20:00:00Z,7166,329.420205
323.13,326.73,322.545,1833,325.73,2022-08-19T12:00:00Z,270330,323.910584
322.93,324.04,322.14,2895,322.96,2022-08-19T16:00:00Z,371311,323.002291
322.55,322.9,322.52,84,322.9,2022-08-19T20:00:00Z,17557,322.787635
316.35,318.7,315.24,2748,318.34,2022-08-22T12:00:00Z,308389,316.670364
314.485,316.49,313.54,4587,316.23,2022-08-22T16:00:00Z,521427,314.521808
314.97,314.97,314.33,40,314.46,2022-08-22T20:00:00Z,13330,314.639689
314.66,317.0,313.34,2988,314.18,2022-08-23T12:00:00Z,336707,314.855338
314.0,315.6,313.71,3515,314.32,2022-08-23T16:00:00Z,384590,314.595085
313.9,314.27,313.86,82,314.2,2022-08-23T20:00:00Z,13066,313.978895
316.38,316.695,313.14,1758,314.34,2022-08-24T12:00:00Z,195019,314.914235
315.04,316.815,314.43,2470,316.425,2022-08-24T16:00:00Z,240635,315.498593
315.55,315.59,314.92,75,314.95,2022-08-24T20:00:00Z,30147,315.242703
317.82,319.505,315.83,1265,316.94,2022-08-25T12:00:00Z,176588,318.092038
320.54,320.6,316.685,2297,317.53,2022-08-25T16:00:00Z,244681,319.229316
320.13,320.46,320.08,40,320.44,2022-08-25T20:00:00Z,11635,320.232486
312.17,321.86,311.37,1728,320.44,2022-08-26T12:00:00Z,232325,316.192071
307.46,312.3,307.42,3170,312.15,2022-08-26T16:00:00Z,484415,309.32114
306.14,307.47,306.14,63,307.33,2022-08-26T20:00:00Z,17973,307.1018
304.78,307.15,303.36,3105,304.76,2022-08-29T12:00:00Z,393251,304.994946
304.42,307.08,304.21,3968,305.05,2022-08-29T16:00:00Z,383459,305.544602
304.57,304.57,304.13,43,304.29,2022-08-29T20:00:00Z,10073,304.339869
300.86,306.64,298.98,3263,306.07,2022-08-30T12:00:00Z,361580,301.856949
300.98,302.0,298.47,4419,300.82,2022-08-30T16:00:00Z,419803,300.311429
301.31,301.63,300.99,29,301.05,2022-08-30T20:00:00Z,10359,301.327703
301.96,304.85,299.77,1398,303.47,2022-08-31T12:00:00Z,195831,302.263251
299.27,302.15,299.19,3477,301.96,2022-08-31T16:00:00Z,426514,300.351717
299.88,299.93,299.27,108,299.5,2022-08-31T20:00:00Z,26617,299.710016
293.545,297.91,293.16,3381,296.88,2022-09-01T12:00:00Z,367170,295.314873
299.48,299.76,292.96,4732,293.55,2022-09-01T16:00:00Z,603129,296.272535
299.63,299.73,298.81,71,299.31,2022-09-01T20:00:00Z,19489,299.268845
302.78,303.725,299.18,2583,302.08,2022-09-02T12:00:00Z,265282,301.824737
295.24,302.86,293.525,5148,302.72,2022-09-02T16:00:00Z,543497,295.883869
295.7,295.81,295.18,105,295.18,2022-09-02T20:00:00Z,29016,295.619102
295.52,296.9,290.93,2283,296.9,2022-09-06T12:00:00Z,319144,293.981443
293.06,295.93,291.73,2617,295.35,2022-09-06T16:00:00Z,362957,293.031175
292.94,293.09,292.67,17,293.09,2022-09-06T20:00:00Z,7398,292.820023
296.03,296.43,293.18,1608,293.18,2022-09-07T12:00:00Z,244459,295.032513
298.95,299.965,295.04,3744,296.12,2022-09-07T16:00:00Z,512926,298.387512
299.02,299.13,298.61,28,298.75,2022-09-07T20:00:00Z,9314,298.849736
300.31,301.82,295.55,2022,297.96,2022-09-08T12:00:00Z,267427,299.458748
300.54,300.575,296.05,2758,300.39,2022-09-08T16:00:00Z,341208,298.816514
301.09,301.09,300.58,70,300.6,2022-09-08T20:00:00Z,19261,300.820685
306.25,306.67,302.83,2118,303.6,2022-09-09T12:00:00Z,285758,305.364705
306.98,307.58,305.09,3069,306.0,2022-09-09T16:00:00Z,383493,306.917289
307.01,307.01,306.64,35,306.88,2022-09-09T20:00:00Z,14803,306.913275
308.78,311.02,308.33,1934,308.5,2022-09-12T12:00:00Z,189189,309.928869
310.75,310.76,308.23,3944,308.8,2022-09-12T16:00:00Z,348779,310.147336
311.45,311.45,310.9,55,310.95,2022-09-12T20:00:00Z,12485,311.02475
297.36,303.84,297.16,3593,303.52,2022-09-13T12:00:00Z,496370,299.546999
293.715,298.92,292.79,8903,297.425,2022-09-13T16:00:00Z,1123857,295.238332
293.76,294.04,293.4,50,293.75,2022-09-13T20:00:00Z,18227,293.738081
295.935,296.86,293.18,2521,294.85,2022-09-14T12:00:00Z,288719,294.962885
296.02,296.75,293.13,3738,295.88,2022-09-14T16:00:00Z,464020,295.076206
296.82,296.9,296.09,99,296.14,2022-09-14T20:00:00Z,25712,296.531248
291.47,296.47,290.6,2815,294.02,2022-09-15T12:00:00Z,388410,292.968873
291.02,294.53,289.48,3929,291.475,2022-09-15T16:00:00Z,409134,291.551364
290.23,291.75,289.82,83,291.34,2022-09-15T20:00:00Z,19552,290.794725
287.58,288.87,285.72,2815,287.64,2022-09-16T12:00:00Z,292193,287.126264
289.19,289.695,285.66,5008,287.58,2022-09-16T16:00:00Z,478059,288.183784
289.62,289.62,289.2,49,289.2,2022-09-16T20:00:00Z,14869,289.375135
287.51,289.92,286.1,1677,286.14,2022-09-19T12:00:00Z,256769,288.301398
291.05,291.195,286.975,2914,287.85,2022-09-19T16:00:00Z,344482,289.688411
291.76,291.97,291.09,66,291.15,2022-09-19T20:00:00Z,31920,291.41122
290.8,290.9,287.83,2037,288.7,2022-09-20T12:00:00Z,272210,289.104712
288.68,291.06,286.38,3861,290.9,2022-09-20T16:00:00Z,517806,288.296146
289.06,289.4,288.98,66,289.19,2022-09-20T20:00:00Z,17730,289.248768
289.785,290.52,289.11,1454,290.17,2022-09-21T12:00:00Z,250476,289.74215
283.46,293.89,283.45,6441,289.73,2022-09-21T16:00:00Z,1002151,288.007716
282.54,283.4,282.07,116,283.12,2022-09-21T20:00:00Z,40973,282.982377
280.14,284.34,278.87,3732,284.34,2022-09-22T12:00:00Z,523765,280.559947
280.0,282.97,279.095,5621,280.295,2022-09-22T16:00:00Z,639834,280.777105
280.28,280.38,279.78,99,280.01,2022-09-22T20:00:00Z,20468,280.078846
275.29,277.98,274.72,2278,276.6,2022-09-23T12:00:00Z,320680,275.887484
275.68,275.785,272.04,4249,275.105,2022-09-23T16:00:00Z,629997,274.316764
275.86,275.95,275.44,22,275.69,2022-09-23T20:00:00Z,8708,275.724763
276.3,279.39,274.03,2308,274.03,2022-09-26T12:00:00Z,398061,277.420156
273.96,276.32,273.62,3311,276.31,2022-09-26T16:00:00Z,551678,274.888398
274.02,274.21,273.57,127,274.03,2022-09-26T20:00:00Z,18787,273.908593
274.77,280.1,274.77,2625,278.64,2022-09-27T12:00:00Z,440219,277.552518
274.6,275.2,272.11,4047,274.78,2022-09-27T16:00:00Z,608666,273.702334
274.59,274.94,274.04,40,274.25,2022-09-27T20:00:00Z,14454,274.499208
278.07,278.09,272.97,2254,274.66,2022-09-28T12:00:00Z,354413,275.215018
279.8,281.23,277.44,4796,278.12,2022-09-28T16:00:00Z,674563,279.35483
279.67,280.0,279.61,41,279.94,2022-09-28T20:00:00Z,16139,279.827886
272.84,276.28,270.5,2183,275.65,2022-09-29T12:00:00Z,315989,272.395618
272.05,273.155,268.87,5135,272.745,2022-09-29T16:00:00Z,623685,271.064557
272.05,272.65,271.85,15,272.34,2022-09-29T20:00:00Z,10300,272.157767
272.59,275.14,270.03,2350,272.24,2022-09-30T12:00:00Z,372335,272.904123
267.55,272.89,267.1,3886,272.39,2022-09-30T16:00:00Z,466127,269.422139
267.76,268.45,267.46,132,267.46,2022-09-30T20:00:00Z,18839,267.965306
270.77,272.245,267.63,1691,268.44,2022-10-03T12:00:00Z,289488,270.57179
273.39,275.12,270.78,2931,270.78,2022-10-03T16:00:00Z,364524,273.651613
274.09,274.33,273.78,38,273.83,2022-10-03T20:00:00Z,14995,274.134265
282.18,282.84,278.35,2498,278.47,2022-10-04T12:00:00Z,347949,281.733544
282.04,282.46,279.24,3051,282.21,2022-10-04T16:00:00Z,394217,281.18825
282.25,282.62,281.96,112,281.96,2022-10-04T20:00:00Z,19743,282.363787
277.62,279.61,275.6,1961,279.31,2022-10-05T12:00:00Z,257266,276.89055
281.9,283.775,276.985,4101,277.43,2022-10-05T16:00:00Z,535278,281.515334
281.91,282.49,281.91,45,282.12,2022-10-05T20:00:00Z,17964,282.304381
280.86,284.12,279.48,2307,282.28,2022-10-06T12:00:00Z,301403,281.42586
279.79,282.2,279.44,3601,280.79,2022-10-06T16:00:00Z,411723,280.517585
278.95,280.1,278.95,177,279.62,2022-10-06T20:00:00Z,34922,279.440531
271.4,277.05,270.775,2159,277.05,2022-10-07T12:00:00Z,414560,272.726582
269.1,271.51,267.81,3957,271.295,2022-10-07T16:00:00Z,647892,269.334117
269.0,269.18,268.79,77,269.01,2022-10-07T20:00:00Z,15148,268.954687
266.39,269.7,264.93,2495,268.94,2022-10-10T12:00:00Z,416264,266.671841
266.12,268.19,263.66,3693,266.29,2022-10-10T16:00:00Z,567424,265.945468
266.53,266.69,266.25,126,266.3,2022-10-10T20:00:00Z,17460,266.545627
265.71,266.49,261.58,2997,265.69,2022-10-11T12:00:00Z,444163,263.66799
263.02,267.56,261.09,4528,265.62,2022-10-11T16:00:00Z,672924,263.684659
263.65,263.71,262.87,107,263.02,2022-10-11T20:00:00Z,13494,263.245226
264.565,265.3,262.01,2251,263.22,2022-10-12T12:00:00Z,243383,263.583967
262.69,264.82,262.58,2955,264.61,2022-10-12T16:00:00Z,471645,263.383198
263.07,263.08,262.66,110,262.94,2022-10-12T20:00:00Z,25412,262.883499
267.02,269.42,254.27,3196,255.23,2022-10-13T12:00:00Z,535158,260.114799
268.73,270.15,264.665,4050,266.96,2022-10-13T16:00:00Z,641559,267.983228
268.35,269.33,268.23,108,268.76,2022-10-13T20:00:00Z,19091,268.743041
262.775,272.77,262.65,2572,269.1,2022-10-14T12:00:00Z,418274,265.697464
260.67,263.7,260.15,3955,262.665,2022-10-14T16:00:00Z,493655,261.983675
260.63,261.05,260.61,108,260.78,2022-10-14T20:00:00Z,15861,260.811396
269.51,269.98,264.76,3653,264.76,2022-10-17T12:00:00Z,490129,268.539476
269.48,270.23,268.61,4096,269.49,2022-10-17T16:00:00Z,420326,269.443164
270.1,270.22,269.41,110,269.41,2022-10-17T20:00:00Z,23112,269.912704
270.595,277.19,268.85,2767,275.88,2022-10-18T12:00:00Z,398274,272.979105
271.69,272.92,268.84,2898,270.52,2022-10-18T16:00:00Z,387214,271.157573
274.63,274.9,270.81,170,270.81,2022-10-18T20:00:00Z,31216,273.966375
271.72,273.62,269.38,1502,269.38,2022-10-19T12:00:00Z,181445,271.422389
270.63,271.4,268.09,1918,271.38,2022-10-19T16:00:00Z,324042,269.764202
270.42,271.47,269.87,95,270.83,2022-10-19T20:00:00Z,14096,270.528537
273.46,274.83,269.28,2153,271.99,2022-10-20T12:00:00Z,245622,273.291524
269.02,273.52,267.92,5196,273.52,2022-10-20T16:00:00Z,476722,269.81425
268.63,269.87,268.19,136,269.33,2022-10-20T20:00:00Z,26602,268.767867
271.92,272.38,265.51,2458,265.77,2022-10-21T12:00:00Z,269368,269.569397
275.64,275.955,271.43,5109,272.29,2022-10-21T16:00:00Z,509413,274.599359
276.0,276.21,275.44,142,275.59,2022-10-21T20:00:00Z,30266,275.726977
277.06,277.21,272.005,2161,275.87,2022-10-24T12:00:00Z,229518,274.988956
278.45,279.37,275.97,4003,277.02,2022-10-24T16:00:00Z,413817,278.018226
278.05,278.62,277.95,81,278.48,2022-10-24T20:00:00Z,15068,278.225522
283.41,283.8,278.92,2128,278.92,2022-10-25T12:00:00Z,332312,282.230706
284.25,284.57,281.85,3022,283.48,2022-10-25T16:00:00Z,485156,283.498994
281.15,284.71,280.03,87,284.21,2022-10-25T20:00:00Z,20774,281.571763
283.02,283.93,277.5,3777,278.95,2022-10-26T12:00:00Z,423552,280.853127
277.86,283.4,277.55,5570,283.165,2022-10-26T16:00:00Z,643686,279.132992
277.95,279.52,277.0,39,277.95,2022-10-26T20:00:00Z,12111,277.982718
273.99,278.25,273.41,2840,277.74,2022-10-27T12:00:00Z,282834,275.545146
272.66,275.08,272.355,3858,273.88,2022-10-27T16:00:00Z,401975,273.473921
269.45,272.81,265.62,164,272.81,2022-10-27T20:00:00Z,25506,268.722012
278.1,279.02,269.91,3921,269.91,2022-10-28T12:00:00Z,491861,276.489421
281.22,281.69,277.59,6289,278.14,2022-10-28T16:00:00Z,698194,280.40516
282.09,282.09,281.16,30,281.35,2022-10-28T20:00:00Z,12034,281.54063
278.18,279.65,276.02,2924,279.51,2022-10-31T12:00:00Z,347372,277.792043
277.88,279.535,277.22,2772,278.34,2022-10-31T16:00:00Z,451826,278.25427
278.22,278.37,277.75,102,277.75,2022-10-31T20:00:00Z,22403,278.144982
275.91,282.04,275.02,2305,281.7,2022-11-01T12:00:00Z,377577,277.78048
275.01,276.89,274.74,3718,276.11,2022-11-01T16:00:00Z,357635,275.546381
274.84,275.21,274.26,96,275.21,2022-11-01T20:00:00Z,20232,274.766522
272.72,275.49,272.56,2184,275.49,2022-11-02T12:00:00Z,238352,273.639773
265.63,278.01,265.63,6986,272.7,2022-11-02T16:00:00Z,1016880,271.420919
265.75,266.05,265.03,91,265.2,2022-11-02T20:00:00Z,32617,265.427896
261.63,264.48,260.16,4850,262.52,2022-11-03T12:00:00Z,551732,262.400131
260.48,263.85,260.38,4321,261.565,2022-11-03T16:00:00Z,642156,262.000192
260.64,260.88,260.4,229,260.52,2022-11-03T20:00:00Z,48942,260.660167
260.1,266.45,259.98,4409,260.75,2022-11-04T12:00:00Z,614853,263.279549
264.65,264.72,259.09,5369,260.17,2022-11-04T16:00:00Z,695602,261.774015
264.28,265.1,264.27,46,264.75,2022-11-04T20:00:00Z,16657,264.775903
265.42,266.48,263.58,1699,265.13,2022-11-07T12:00:00Z,162206,264.786336
267.12,267.8,263.63,2835,265.47,2022-11-07T16:00:00Z,297689,265.961831
267.57,268.14,267.14,1702,267.15,2022-11-07T20:00:00Z,197798,267.628941
270.39,270.59,267.49,1691,269.15,2022-11-08T12:00:00Z,250018,269.056088
267.8,272.85,265.53,5170,270.39,2022-11-08T16:00:00Z,669839,269.675254
269.47,271.05,267.7,2062,267.795,2022-11-08T20:00:00Z,231214,269.552324
266.245,268.52,265.61,1850,268.15,2022-11-09T12:00:00Z,247207,267.410407
263.61,268.01,263.41,2975,266.23,2022-11-09T16:00:00Z,411268,265.437829
263.71,264.755,263.03,1837,263.58,2022-11-09T20:00:00Z,208359,263.829772
278.205,278.69,272.15,3199,272.15,2022-11-10T12:00:00Z,440627,277.06638
280.11,280.22,277.33,4141,278.235,2022-11-10T16:00:00Z,659948,278.786818
283.63,283.69,279.86,2693,280.03,2022-11-10T20:00:00Z,423299,281.811782
285.7,286.31,281.25,1924,284.05,2022-11-11T12:00:00Z,247405,283.857701
288.54,288.64,283.04,5933,285.59,2022-11-11T16:00:00Z,397879,286.345685
287.61,288.55,286.51,3520,288.32,2022-11-11T20:00:00Z,389645,287.756639
286.75,287.23,284.61,2131,286.67,2022-11-14T12:00:00Z,265665,286.077984
288.13,289.17,285.16,3476,286.78,2022-11-14T16:00:00Z,334969,287.546695
285.94,288.85,285.075,2295,288.315,2022-11-14T20:00:00Z,261366,286.399907
291.34,293.99,289.91,2581,289.91,2022-11-15T12:00:00Z,258085,292.250205
289.7,292.69,285.99,4276,291.11,2022-11-15T16:00:00Z,372777,289.718495
289.0,290.49,288.61,1029,289.86,2022-11-15T20:00:00Z,137762,289.601026
284.81,289.42,284.63,1709,288.35,2022-11-16T12:00:00Z,231706,286.249045
286.03,287.55,284.72,3158,284.72,2022-11-16T16:00:00Z,230459,286.007085
286.11,286.92,284.73,2049,286.02,2022-11-16T20:00:00Z,141645,285.490385
282.265,283.81,280.4,1327,281.48,2022-11-17T12:00:00Z,235285,282.487058
284.08,286.3,282.09,3654,282.21,2022-11-17T16:00:00Z,547187,284.28378
285.59,285.63,282.72,1598,284.11,2022-11-17T20:00:00Z,279371,283.553084
283.85,287.96,283.52,1184,287.83,2022-11-18T12:00:00Z,130157,285.403103
283.86,284.88,282.36,2245,283.88,2022-11-18T16:00:00Z,242343,283.432593
284.77,285.58,283.775,1609,283.82,2022-11-18T20:00:00Z,229328,284.599193
282.21,284.57,281.66,795,283.33,2022-11-21T12:00:00Z,100934,283.098278
281.9,282.93,281.05,1693,281.95,2022-11-21T16:00:00Z,257077,281.9525
281.95,282.43,281.62,672,281.96,2022-11-21T20:00:00Z,81150,281.974114
283.46,283.5,280.49,1350,282.98,2022-11-22T12:00:00Z,147853,281.901622
284.66,284.81,282.71,2782,283.455,2022-11-22T16:00:00Z,287932,283.870885
285.68,286.105,284.65,1537,284.65,2022-11-22T20:00:00Z,158808,285.648013
289.06,289.26,285.97,1246,285.98,2022-11-23T12:00:00Z,132692,288.101579
288.85,289.27,285.795,2268,289.17,2022-11-23T16:00:00Z,266793,287.82194
289.03,289.39,288.17,1374,288.67,2022-11-23T20:00:00Z,123372,288.675113
287.395,287.88,286.51,831,287.8,2022-11-25T12:00:00Z,85811,287.285582
286.9,287.81,286.565,1333,287.38,2022-11-25T16:00:00Z,117476,287.00646
284.5,286.94,284.31,1180,284.68,2022-11-28T12:00:00Z,141442,285.708876
282.6,285.57,282.27,2469,284.45,2022-11-28T16:00:00Z,186404,283.91251
282.98,283.02,281.79,1321,282.64,2022-11-28T20:00:00Z,135506,282.442315
282.28,283.43,281.49,1120,283.27,2022-11-29T12:00:00Z,119489,282.480773
280.26,282.36,279.17,2533,282.22,2022-11-29T16:00:00Z,259469,280.289748
280.41,280.73,279.995,744,280.18,2022-11-29T20:00:00Z,99729,280.425613
280.83,281.87,280.49,1005,280.98,2022-11-30T12:00:00Z,122121,281.215816
289.66,290.48,279.99,3055,280.78,2022-11-30T16:00:00Z,413747,285.309004
293.89,294.0,289.48,2832,289.63,2022-11-30T20:00:00Z,482062,291.977827
294.02,295.6,290.97,2732,294.93,2022-12-01T12:00:00Z,289052,293.326134
294.14,294.32,291.98,2470,294.11,2022-12-01T16:00:00Z,217517,293.281326
293.2,294.66,293.2,1444,294.23,2022-12-01T20:00:00Z,153582,293.969795
290.01,291.13,286.35,2148,287.12,2022-12-02T12:00:00Z,255110,289.826459
291.94,292.02,289.455,2489,289.97,2022-12-02T16:00:00Z,249803,290.77057
291.92,293.395,291.65,1750,292.1,2022-12-02T20:00:00Z,198488,292.441355
290.44,291.67,289.01,1368,291.54,2022-12-05T12:00:00Z,145658,290.235691
286.66,291.12,286.18,3403,290.55,2022-12-05T16:00:00Z,336081,288.276499
287.73,287.73,286.35,1419,286.8,2022-12-05T20:00:00Z,164384,286.946838
282.94,288.05,282.47,2018,288.05,2022-12-06T12:00:00Z,168962,284.376317
281.015,283.715,280.265,3657,282.95,2022-12-06T16:00:00Z,333336,282.302751
281.77,282.12,280.34,1391,281.06,2022-12-06T20:00:00Z,141719,281.454237
281.53,282.55,278.88,1715,279.86,2022-12-07T12:00:00Z,163908,280.534443
280.24,282.21,279.29,1686,281.69,2022-12-07T16:00:00Z,165764,280.567118
280.22,280.76,279.665,972,280.225,2022-12-07T20:00:00Z,100663,280.266015
283.72,284.48,279.81,1325,282.16,2022-12-08T12:00:00Z,170760,282.883363
283.4,284.795,282.35,1678,283.835,2022-12-08T16:00:00Z,257958,283.526644
283.7,284.49,282.905,1117,283.385,2022-12-08T20:00:00Z,132867,283.740426
285.3,285.3,281.5,862,281.5,2022-12-09T12:00:00Z,112800,283.312283
284.2,285.605,283.5,2245,285.365,2022-12-09T16:00:00Z,202670,284.921942
281.82,284.525,281.8,828,284.21,2022-12-09T20:00:00Z,91749,282.673613
281.88,283.1,281.18,906,283.1,2022-12-12T12:00:00Z,90688,282.231006
283.885,283.99,281.78,1962,281.87,2022-12-12T16:00:00Z,168492,282.65952
285.14,285.6,283.89,1630,283.9,2022-12-12T20:00:00Z,145049,284.967386
291.82,297.54,290.73,2084,295.78,2022-12-13T12:00:00Z,235076,294.596364
288.325,292.91,286.03,2632,292.13,2022-12-13T16:00:00Z,289839,288.840845
288.58,289.62,286.98,1409,288.155,2022-12-13T20:00:00Z,163033,288.711618
290.325,290.73,288.04,1345,288.09,2022-12-14T12:00:00Z,139136,289.948176
285.8,291.35,283.32,2668,290.415,2022-12-14T16:00:00Z,307221,288.062399
287.15,289.89,285.02,2421,285.78,2022-12-14T20:00:00Z,269991,286.760878
278.36,282.91,278.09,1999,282.15,2022-12-15T12:00:00Z,247794,279.845929
277.47,278.77,275.71,4285,278.35,2022-12-15T16:00:00Z,436547,277.128301
276.75,277.88,276.26,2007,277.56,2022-12-15T20:00:00Z,255718,276.899462
274.5,277.76,273.46,1683,275.78,2022-12-16T12:00:00Z,208770,275.433374
273.99,274.62,272.65,2339,274.53,2022-12-16T16:00:00Z,289627,273.565334
273.71,275.4,273.5,1810,273.87,2022-12-16T20:00:00Z,265854,274.629401
271.03,273.87,270.905,1011,273.87,2022-12-19T12:00:00Z,130000,271.989174
269.15,271.435,268.98,1524,270.78,2022-12-19T16:00:00Z,172889,270.33318
269.68,270.2,268.5,1367,269.205,2022-12-19T20:00:00Z,176279,269.323578
269.99,271.265,266.98,1199,268.56,2022-12-20T12:00:00Z,121714,269.590494
269.655,270.81,267.91,1746,269.95,2022-12-20T16:00:00Z,272187,269.478012
269.77,270.285,269.225,753,269.61,2022-12-20T20:00:00Z,85078,269.77965
273.81,273.84,269.75,1461,270.65,2022-12-21T12:00:00Z,185024,272.178071
273.63,274.77,272.83,1651,273.92,2022-12-21T16:00:00Z,170320,273.775445
273.92,274.07,272.8,1091,273.58,2022-12-21T20:00:00Z,125879,273.410572
265.73,270.46,265.545,1603,270.39,2022-12-22T12:00:00Z,201278,267.30472
265.27,266.28,262.51,3078,265.735,2022-12-22T16:00:00Z,391811,264.326363
266.44,267.29,265.03,2019,265.41,2022-12-22T20:00:00Z,324180,266.202836
265.91,268.93,263.66,1432,268.93,2022-12-23T12:00:00Z,160582,265.396074
267.22,267.49,264.98,756,265.91,2022-12-23T16:00:00Z,64213,266.525163
267.29,267.61,266.42,695,267.275,2022-12-23T20:00:00Z,53766,267.061839
264.9,267.32,263.125,1425,266.88,2022-12-27T12:00:00Z,181116,264.866209
263.73,265.47,263.21,1921,265.01,2022-12-27T16:00:00Z,256104,264.541204
263.51,264.51,263.35,1022,263.705,2022-12-27T20:00:00Z,138672,263.879144
261.42,265.36,261.4,1552,263.64,2022-12-28T12:00:00Z,329731,263.364708
260.72,262.95,260.11,2705,261.28,2022-12-28T16:00:00Z,679581,261.226334
260.35,260.72,259.745,1078,260.72,2022-12-28T20:00:00Z,119421,260.106994
266.485,266.56,262.28,1639,263.05,2022-12-29T12:00:00Z,258087,264.942778
266.42,267.4,265.8,3104,266.6,2022-12-29T16:00:00Z,457913,266.673363
266.43,267.33,266.37,1378,266.37,2022-12-29T20:00:00Z,148977,266.897539
264.03,265.0,262.34,1112,263.81,2022-12-30T12:00:00Z,137352,263.604606
263.42,264.645,262.77,2506,264.07,2022-12-30T16:00:00Z,203505,263.73649
266.7,266.93,263.405,1755,263.415,2022-12-30T20:00:00Z,182885,265.229124
265.13,270.09,263.76,1120,268.33,2023-01-03T12:00:00Z,90618,266.020184
264.24,265.42,262.32,2308,265.35,2023-01-03T16:00:00Z,131773,263.464263
264.49,265.175,264.12,1801,264.44,2023-01-03T20:00:00Z,176988,264.577741
264.86,266.85,262.6,1442,265.91,2023-01-04T12:00:00Z,149059,264.638453
265.685,267.395,263.53,2317,265.11,2023-01-04T16:00:00Z,254134,266.008223
265.44,266.34,263.64,1983,265.665,2023-01-04T20:00:00Z,248935,264.841993
262.05,264.33,261.56,1256,264.3,2023-01-05T12:00:00Z,137790,262.636926
263.11,263.8,261.65,2532,262.135,2023-01-05T16:00:00Z,220302,262.780547
262.0,262.94,261.29,1332,262.94,2023-01-05T20:00:00Z,150810,261.895359
265.69,265.84,260.38,1638,262.55,2023-01-06T12:00:00Z,188505,263.39291
269.315,269.54,265.25,2382,265.79,2023-01-06T16:00:00Z,271778,267.113222
268.58,269.9,268.3,1706,269.35,2023-01-06T20:00:00Z,191141,269.158306
274.09,274.78,270.23,1877,270.4,2023-01-09T12:00:00Z,225246,273.075731
271.47,275.29,271.38,2860,274.12,2023-01-09T16:00:00Z,336167,273.978501
270.38,271.76,269.935,1301,271.6,2023-01-09T20:00:00Z,157106,270.944824
271.075,272.75,268.75,1214,268.75,2023-01-10T12:00:00Z,117450,270.620623
272.055,272.52,269.895,2404,271.05,2023-01-10T16:00:00Z,191135,271.369403
272.81,272.88,271.38,1077,272.045,2023-01-10T20:00:00Z,112876,272.189887
273.81,275.42,273.165,1284,273.57,2023-01-11T12:00:00Z,141985,274.59047
276.19,276.68,273.86,2453,273.86,2023-01-11T16:00:00Z,220054,275.625048
277.52,277.66,276.15,1994,276.2,2023-01-11T20:00:00Z,235609,276.859372
276.92,279.45,273.76,2070,278.24,2023-01-12T12:00:00Z,210677,276.52793
279.1,279.975,275.65,3740,276.39,2023-01-12T16:00:00Z,321531,278.696843
278.9,279.195,277.9,1385,279.145,2023-01-12T20:00:00Z,137671,278.70136
278.77,279.12,275.9,887,276.26,2023-01-13T12:00:00Z,87454,277.816027
280.01,280.22,277.265,1178,278.66,2023-01-13T16:00:00Z,137732,278.974092
280.85,281.2,279.92,1171,279.97,2023-01-13T20:00:00Z,181948,280.789908
281.21,282.83,279.67,1739,280.16,2023-01-17T12:00:00Z,139883,281.299393
281.43,281.97,279.74,3436,281.13,2023-01-17T16:00:00Z,209899,281.126952
281.34,281.785,280.88,1574,281.455,2023-01-17T20:00:00Z,121916,281.282741
281.14,284.66,280.5,1471,283.53,2023-01-18T12:00:00Z,130371,283.048727
279.0,281.415,278.055,3603,281.16,2023-01-18T16:00:00Z,242218,279.301141
277.76,279.35,277.64,1997,278.81,2023-01-18T20:00:00Z,229591,278.30006
274.55,277.16,274.24,1437,275.65,2023-01-19T12:00:00Z,127671,275.693415
276.76,277.37,273.96,2249,274.51,2023-01-19T16:00:00Z,210405,275.604618
275.92,277.05,274.94,1384,276.74,2023-01-19T20:00:00Z,152450,275.946249
277.735,278.48,275.82,2023,276.74,2023-01-20T12:00:00Z,175586,277.394054
281.61,281.68,277.715,3381,277.715,2023-01-20T16:00:00Z,308025,279.798628
282.64,283.01,281.63,2022,281.63,2023-01-20T20:00:00Z,251024,282.531747
287.49,287.79,282.75,2357,283.48,2023-01-23T12:00:00Z,278749,286.427358
288.04,290.2,287.27,3336,287.67,2023-01-23T16:00:00Z,467888,288.850351
289.04,289.25,287.49,1331,288.04,2023-01-23T20:00:00Z,182568,288.545641
288.93,289.47,286.78,1760,287.69,2023-01-24T12:00:00Z,162256,287.985126
288.675,289.19,287.71,3633,289.01,2023-01-24T16:00:00Z,243586,288.593596
290.01,290.7,287.3,1579,288.715,2023-01-24T20:00:00Z,167606,288.20017
282.66,284.38,281.21,1926,284.38,2023-01-25T12:00:00Z,191367,282.580773
287.57,287.64,282.525,3421,282.58,2023-01-25T16:00:00Z,330529,285.261514
287.39,288.4,286.78,1023,287.34,2023-01-25T20:00:00Z,119922,287.499841
288.85,292.62,288.595,1543,290.95,2023-01-26T12:00:00Z,152404,290.846328
292.13,292.32,288.56,2740,288.94,2023-01-26T16:00:00Z,218362,290.663265
292.28,293.51,291.87,1546,292.13,2023-01-26T20:00:00Z,251985,292.815199
293.69,295.41,291.7,1433,292.56,2023-01-27T12:00:00Z,178602,294.178096
297.48,297.65,293.43,2990,293.77,2023-01-27T16:00:00Z,313876,296.026995
296.15,298.235,295.96,1752,297.53,2023-01-27T20:00:00Z,225357,297.063087
291.66,294.37,290.515,1297,292.68,2023-01-30T12:00:00Z,174320,292.366641
290.895,292.61,290.49,2509,291.54,2023-01-30T16:00:00Z,372050,291.486896
290.6,291.35,289.92,1817,291.025,2023-01-30T20:00:00Z,233709,290.512637
292.62,292.88,289.78,1198,290.09,2023-01-31T12:00:00Z,168126,291.535498
293.52,293.77,291.97,2340,292.79,2023-01-31T16:00:00Z,215429,292.92543
293.87,294.72,292.67,1512,293.6,2023-01-31T20:00:00Z,176834,293.748393
293.08,294.72,292.97,1437,294.27,2023-02-01T12:00:00Z,112865,294.021569
299.21,300.24,292.39,2982,292.94,2023-02-01T16:00:00Z,332143,295.500975
303.17,303.4,299.33,1720,299.44,2023-02-01T20:00:00Z,241542,301.308033
310.54,311.03,306.42,3069,306.42,2023-02-02T12:00:00Z,343353,308.531024
308.535,313.665,308.4,4696,310.43,2023-02-02T16:00:00Z,537537,311.0421
307.57,312.73,307.19,2117,308.345,2023-02-02T20:00:00Z,230918,310.103594
310.585,311.85,304.45,2642,306.28,2023-02-03T12:00:00Z,300393,308.290328
305.98,312.315,305.8,3636,310.64,2023-02-03T16:00:00Z,369642,309.134837
306.05,306.97,305.15,1812,305.87,2023-02-03T20:00:00Z,203575,306.203101
304.69,305.5,302.25,2340,303.32,2023-02-06T12:00:00Z,206140,303.999741
304.0,305.84,303.37,2269,304.62,2023-02-06T16:00:00Z,198442,304.454134
303.6,304.1,302.59,1365,304.1,2023-02-06T20:00:00Z,135004,303.448385
303.69,304.58,302.82,1317,303.69,2023-02-07T12:00:00Z,140460,303.616248
308.11,309.96,302.33,3421,303.97,2023-02-07T16:00:00Z,418817,306.155955
309.19,311.0,307.205,1478,308.2,2023-02-07T20:00:00Z,196959,309.484744
306.07,309.45,305.785,1556,308.73,2023-02-08T12:00:00Z,168037,307.40551
305.0,306.24,303.81,4215,306.015,2023-02-08T16:00:00Z,352035,304.946235
304.74,305.0,303.69,1422,304.995,2023-02-08T20:00:00Z,138396,304.342352
307.14,308.97,306.22,2053,308.27,2023-02-09T12:00:00Z,140703,307.500076
302.645,307.145,302.355,3981,307.145,2023-02-09T16:00:00Z,315014,304.208024
301.9,302.67,300.23,1927,302.645,2023-02-09T20:00:00Z,260397,301.52321
299.44,301.54,298.27,1748,299.33,2023-02-10T12:00:00Z,168926,299.992872
299.2,300.25,297.26,3538,299.345,2023-02-10T16:00:00Z,399647,298.842708
299.53,300.16,298.59,1949,299.315,2023-02-10T20:00:00Z,221888,299.432514
303.27,303.7,299.93,1669,300.75,2023-02-13T12:00:00Z,148598,301.837182
303.69,305.06,303.16,2209,303.54,2023-02-13T16:00:00Z,281488,304.126074
304.6,304.64,303.09,913,303.63,2023-02-13T20:00:00Z,125145,304.199557
303.25,307.69,300.93,3054,302.73,2023-02-14T12:00:00Z,310989,304.447102
306.41,306.87,301.655,3355,303.22,2023-02-14T16:00:00Z,302075,304.417445
306.44,307.44,305.815,941,306.41,2023-02-14T20:00:00Z,122451,306.830884
305.14,306.72,304.29,1725,305.03,2023-02-15T12:00:00Z,162540,305.550392
307.81,308.905,305.05,3492,305.05,2023-02-15T16:00:00Z,283398,307.389116
309.63,309.73,307.6,1686,307.87,2023-02-15T20:00:00Z,164246,308.502729
307.27,307.77,303.75,1565,305.59,2023-02-16T12:00:00Z,172789,305.887085
307.45,308.37,306.34,2240,307.43,2023-02-16T16:00:00Z,252998,307.449138
302.92,307.395,302.64,1936,307.395,2023-02-16T20:00:00Z,249778,304.116503
299.45,301.76,298.93,2143,300.74,2023-02-17T12:00:00Z,243419,300.266071
301.13,301.25,298.13,3166,299.28,2023-02-17T16:00:00Z,360737,299.360188
301.0,301.51,300.3,1502,301.19,2023-02-17T20:00:00Z,176445,300.983597
296.23,298.71,296.1,1924,297.7,2023-02-21T12:00:00Z,212901,297.074877
294.72,296.62,294.3,3453,296.26,2023-02-21T16:00:00Z,371377,295.36433
294.31,295.12,293.895,1255,294.74,2023-02-21T20:00:00Z,145006,294.297959
294.205,295.96,292.6,1741,294.73,2023-02-22T12:00:00Z,210646,294.181388
293.23,296.09,293.23,2659,294.32,2023-02-22T16:00:00Z,221358,294.736777
295.9,295.9,292.97,1465,293.26,2023-02-22T20:00:00Z,154312,293.652684
294.59,298.1,294.405,1836,297.58,2023-02-23T12:00:00Z,205689,296.267242
296.44,297.025,292.57,3219,294.555,2023-02-23T16:00:00Z,306771,294.590608
296.51,297.87,296.42,1435,296.56,2023-02-23T20:00:00Z,148017,297.16631
290.37,293.06,290.05,2633,293.06,2023-02-24T12:00:00Z,252608,291.242957
292.01,292.265,290.1,2440,290.35,2023-02-24T16:00:00Z,247522,291.101649
291.92,292.35,290.59,1363,292.135,2023-02-24T20:00:00Z,191388,291.311557
294.37,296.44,293.86,1174,293.94,2023-02-27T12:00:00Z,138099,295.033284
294.08,295.38,293.52,2076,294.52,2023-02-27T16:00:00Z,178719,294.463211
294.11,294.25,293.35,1066,294.08,2023-02-27T20:00:00Z,92326,293.810071
293.805,294.89,293.04,1228,294.15,2023-02-28T12:00:00Z,145716,293.914257
294.89,296.07,293.63,1911,293.83,2023-02-28T16:00:00Z,165271,295.096064
292.9,294.925,292.7,927,294.925,2023-02-28T20:00:00Z,126004,293.978225
292.18,293.9,290.89,1190,293.82,2023-03-01T12:00:00Z,138669,292.32794
290.945,292.84,290.24,1827,292.14,2023-03-01T16:00:00Z,254934,291.427136
291.48,291.74,290.62,842,290.945,2023-03-01T20:00:00Z,115353,291.073886
290.275,290.4,288.32,1507,288.32,2023-03-02T12:00:00Z,151222,289.614492
293.02,293.34,289.28,2791,290.235,2023-03-02T16:00:00Z,248447,291.184008
293.36,294.43,292.605,2198,293.01,2023-03-02T20:00:00Z,190256,293.719911
296.655,297.77,294.73,1491,294.77,2023-03-03T12:00:00Z,188929,296.310011
299.5,299.6,296.39,2351,296.63,2023-03-03T16:00:00Z,248860,298.053946
299.98,300.03,299.09,1510,299.57,2023-03-03T20:00:00Z,150364,299.550521
303.305,303.68,300.72,1670,301.05,2023-03-06T12:00:00Z,189292,302.138576
300.59,303.98,300.42,3001,303.28,2023-03-06T16:00:00Z,328645,302.073779
300.06,300.86,299.83,1622,300.5,2023-03-06T20:00:00Z,167595,300.141383
297.47,301.01,296.65,2710,300.92,2023-03-07T12:00:00Z,285382,298.63033
295.84,299.75,295.72,4165,297.41,2023-03-07T16:00:00Z,453435,297.676425
296.73,296.76,295.77,1786,295.77,2023-03-07T20:00:00Z,165032,296.323746
296.9,297.66,294.965,2139,296.66,2023-03-08T12:00:00Z,224480,296.603537
296.64,298.42,295.72,3653,296.985,2023-03-08T16:00:00Z,328696,296.835339
297.96,298.225,296.14,1717,296.68,2023-03-08T20:00:00Z,187048,297.444473
299.69,300.95,298.09,1858,298.6,2023-03-09T12:00:00Z,246661,299.792472
294.12,300.025,294.05,4020,299.635,2023-03-09T16:00:00Z,449952,296.555423
292.64,294.38,291.86,4172,294.27,2023-03-09T20:00:00Z,452153,292.843726
292.76,294.56,289.17,3087,293.94,2023-03-10T12:00:00Z,323578,290.75073
289.51,294.34,287.47,6587,292.74,2023-03-10T16:00:00Z,533013,290.261606
288.99,289.97,287.51,2135,289.51,2023-03-10T20:00:00Z,217553,288.432043
293.27,293.9,284.93,4875,288.98,2023-03-13T12:00:00Z,462991,290.08017
290.7,294.44,290.66,5767,293.3,2023-03-13T16:00:00Z,568919,292.371617
290.95,291.3,290.88,34,291.05,2023-03-13T20:00:00Z,18760,291.058339
297.43,297.93,292.37,3633,292.93,2023-03-14T12:00:00Z,344516,296.122963
297.35,297.76,293.46,5279,297.51,2023-03-14T16:00:00Z,508870,296.007773
297.18,297.2,296.99,43,297.1,2023-03-14T20:00:00Z,3900,297.116286
295.91,297.01,293.27,4775,293.56,2023-03-15T12:00:00Z,515993,295.090363
298.85,299.235,293.99,6444,295.96,2023-03-15T16:00:00Z,507823,297.293609
299.01,299.09,298.74,57,298.74,2023-03-15T20:00:00Z,7307,298.986403
305.045,305.56,297.255,3561,299.59,2023-03-16T12:00:00Z,367261,301.53888
306.8,307.17,303.72,6565,305.05,2023-03-16T16:00:00Z,684448,305.683686
306.71,307.03,306.35,113,306.59,2023-03-16T20:00:00Z,17575,306.686724
304.46,309.08,303.43,3757,305.84,2023-03-17T12:00:00Z,384835,306.049296
305.32,306.5,303.74,5093,304.5,2023-03-17T16:00:00Z,488250,305.147433
305.33,305.81,305.32,40,305.48,2023-03-17T20:00:00Z,14895,305.644018
304.09,306.0,302.01,4584,305.08,2023-03-20T12:00:00Z,401228,303.811331
305.74,306.29,302.9,3927,304.1,2023-03-20T16:00:00Z,357331,304.863868
306.18,306.18,305.8,18,305.86,2023-03-20T20:00:00Z,10037,305.918187
306.9,309.34,306.41,3149,307.56,2023-03-21T12:00:00Z,316453,307.752364
310.23,310.74,306.75,2736,306.89,2023-03-21T16:00:00Z,291170,309.173138
310.4,310.49,310.21,19,310.21,2023-03-21T20:00:00Z,9579,310.312875
311.62,311.955,309.79,1465,309.79,2023-03-22T12:00:00Z,119405,311.142918
306.05,315.19,305.95,7250,311.66,2023-03-22T16:00:00Z,681955,311.019415
306.09,306.38,305.63,66,306.2,2023-03-22T20:00:00Z,18296,305.944265
313.12,314.08,308.77,2657,308.95,2023-03-23T12:00:00Z,331053,312.135376
309.72,313.415,307.06,5500,313.07,2023-03-23T16:00:00Z,668866,309.947436
310.39,310.75,309.41,60,309.41,2023-03-23T20:00:00Z,8806,310.053563
309.36,309.69,307.02,3084,308.47,2023-03-24T12:00:00Z,318411,308.387161
310.95,310.965,307.57,3980,309.42,2023-03-24T16:00:00Z,378341,309.560619
311.32,311.32,310.99,21,310.99,2023-03-24T20:00:00Z,8487,311.11258
308.25,312.645,308.12,2646,311.94,2023-03-27T12:00:00Z,274704,310.904344
308.68,310.37,307.91,3850,308.21,2023-03-27T16:00:00Z,440203,308.929635
308.98,309.15,308.7,15,308.7,2023-03-27T20:00:00Z,8125,308.988875
306.58,308.16,305.16,2785,308.01,2023-03-28T12:00:00Z,270631,306.339725
307.14,307.16,304.78,5097,306.67,2023-03-28T16:00:00Z,436811,306.015426
307.49,307.53,307.16,31,307.19,2023-03-28T20:00:00Z,8797,307.381681
311.54,311.93,309.62,3774,309.77,2023-03-29T12:00:00Z,374861,311.053914
312.73,313.29,310.96,6495,311.59,2023-03-29T16:00:00Z,599553,312.219506
312.73,312.77,312.52,23,312.67,2023-03-29T20:00:00Z,11635,312.637408
315.5,316.29,314.33,5520,314.4,2023-03-30T12:00:00Z,731392,315.216938
315.69,315.84,313.94,5194,315.41,2023-03-30T16:00:00Z,556432,315.112185
315.8,315.99,315.7,32,315.7,2023-03-30T20:00:00Z,13110,315.790305
318.76,318.76,315.66,3572,316.42,2023-03-31T12:00:00Z,373750,317.404935
320.83,321.16,318.65,6274,318.73,2023-03-31T16:00:00Z,621751,319.756583
321.06,321.09,320.71,83,320.76,2023-03-31T20:00:00Z,18362,320.970486
318.21,320.15,317.48,4553,318.45,2023-04-03T12:00:00Z,435804,318.945155
320.17,320.39,317.535,4580,318.23,2023-04-03T16:00:00Z,367118,318.96552
320.0,320.17,320.0,37,320.08,2023-04-03T20:00:00Z,8825,320.084198
319.32,321.63,318.74,2810,321.38,2023-04-04T12:00:00Z,315718,320.115696
319.105,319.76,317.83,4642,319.34,2023-04-04T16:00:00Z,384237,318.784365
319.3,319.34,319.18,66,319.18,2023-04-04T20:00:00Z,11606,319.27087
315.13,318.75,314.46,4053,318.75,2023-04-05T12:00:00Z,554014,316.278007
315.83,316.17,314.07,5096,315.14,2023-04-05T16:00:00Z,521833,315.273874
315.67,315.84,315.58,79,315.83,2023-04-05T20:00:00Z,14603,315.733276
316.97,317.01,312.88,3366,314.19,2023-04-06T12:00:00Z,349911,314.58025
318.11,318.54,316.9,4475,317.06,2023-04-06T16:00:00Z,431655,317.891896
317.86,318.09,317.84,22,318.09,2023-04-06T20:00:00Z,7240,317.894475
315.25,316.14,313.25,3364,315.52,2023-04-10T12:00:00Z,376734,314.674677
317.77,317.87,314.355,3562,315.225,2023-04-10T16:00:00Z,340834,316.739315
317.95,318.11,317.95,17,318.0,2023-04-10T20:00:00Z,7502,318.056667
315.9,317.8,315.36,3141,317.58,2023-04-11T12:00:00Z,236647,316.349321
315.79,317.2,315.48,4299,315.94,2023-04-11T16:00:00Z,320930,316.282933
316.03,316.06,315.83,24,315.84,2023-04-11T20:00:00Z,10270,315.981471
315.88,319.67,313.55,4480,315.75,2023-04-12T12:00:00Z,484854,316.210663
312.95,316.62,312.57,4934,315.74,2023-04-12T16:00:00Z,433051,314.36942
312.98,313.06,312.9,25,313.03,2023-04-12T20:00:00Z,7059,312.973957
317.55,317.61,314.03,3642,314.22,2023-04-13T12:00:00Z,344864,316.408153
319.24,319.65,317.31,5268,317.565,2023-04-13T16:00:00Z,500529,318.81121
318.72,319.15,318.72,18,319.15,2023-04-13T20:00:00Z,7300,318.967808
317.27,320.33,316.78,3724,318.02,2023-04-14T12:00:00Z,413024,318.16066
318.59,318.825,315.64,5044,317.315,2023-04-14T16:00:00Z,521410,317.392049
319.0,319.22,318.54,50,318.54,2023-04-14T20:00:00Z,12081,318.949255
316.79,319.185,316.45,3171,318.42,2023-04-17T12:00:00Z,276273,317.807633
318.77,318.81,316.15,3771,316.73,2023-04-17T16:00:00Z,378204,317.713421
318.85,318.9,318.77,7,318.81,2023-04-17T20:00:00Z,3500,318.833429
318.34,321.43,317.96,2955,321.11,2023-04-18T12:00:00Z,310764,319.449536
318.85,319.16,317.65,3385,318.26,2023-04-18T16:00:00Z,309048,318.633882
318.84,318.84,318.05,26,318.19,2023-04-18T20:00:00Z,10770,318.44047
318.49,318.59,316.05,2196,316.56,2023-04-19T12:00:00Z,224204,317.3625
318.77,319.64,318.295,3235,318.56,2023-04-19T16:00:00Z,313951,319.024624
318.36,318.74,318.15,63,318.37,2023-04-19T20:00:00Z,9924,318.412533
317.79,318.215,315.59,3655,316.19,2023-04-20T12:00:00Z,353932,317.275551
316.29,319.26,314.975,5585,317.8,2023-04-20T16:00:00Z,609425,316.81107
316.7,316.75,316.46,32,316.46,2023-04-20T20:00:00Z,11912,316.631797
316.5,316.81,314.13,2973,315.65,2023-04-21T12:00:00Z,300068,315.676946
316.66,317.39,315.86,3466,316.51,2023-04-21T16:00:00Z,269861,316.497036
316.4,316.71,316.34,10,316.71,2023-04-21T20:00:00Z,4250,316.503529
314.015,317.72,313.74,3059,316.51,2023-04-24T12:00:00Z,319963,315.633146
315.91,316.14,313.825,3491,314.12,2023-04-24T16:00:00Z,347041,315.298005
316.07,316.12,315.88,13,316.06,2023-04-24T20:00:00Z,6355,316.02354
312.69,314.97,312.62,2633,314.76,2023-04-25T12:00:00Z,247478,313.64341
309.92,312.76,309.92,4570,312.64,2023-04-25T16:00:00Z,502306,311.220826
312.61,312.93,310.33,161,310.33,2023-04-25T20:00:00Z,29643,312.290866
314.33,314.55,312.15,3688,312.84,2023-04-26T12:00:00Z,353197,313.387304
311.88,314.935,311.34,4693,314.37,2023-04-26T16:00:00Z,477714,312.566292
313.74,313.9,311.88,100,311.96,2023-04-26T20:00:00Z,21621,313.304185
318.0,318.31,314.78,4508,315.01,2023-04-27T12:00:00Z,458705,316.694235
320.37,320.85,318.04,6283,318.06,2023-04-27T16:00:00Z,714412,319.949017
321.05,322.71,320.16,113,320.28,2023-04-27T20:00:00Z,22582,321.503733
320.93,321.86,318.98,4525,319.51,2023-04-28T12:00:00Z,535538,320.344547
322.61,322.615,320.485,5511,321.0,2023-04-28T16:00:00Z,640019,321.568368
322.71,322.88,322.62,73,322.8,2023-04-28T20:00:00Z,13229,322.720076
322.0,322.85,321.11,2698,321.84,2023-05-01T12:00:00Z,303618,321.998242
322.205,323.58,321.74,3398,321.975,2023-05-01T16:00:00Z,385252,322.570274
321.77,322.4,321.77,58,322.4,2023-05-01T20:00:00Z,13417,322.080687
317.93,322.42,317.69,3311,321.97,2023-05-02T12:00:00Z,387477,319.666288
319.26,320.27,317.71,4508,317.88,2023-05-02T16:00:00Z,402237,319.327538
318.98,319.46,318.9,123,319.46,2023-05-02T20:00:00Z,23142,319.163789
320.07,320.77,319.26,1505,319.75,2023-05-03T12:00:00Z,145026,319.965516
317.355,322.38,317.2,3325,320.115,2023-05-03T16:00:00Z,321272,319.390345
316.95,318.06,316.9,71,317.52,2023-05-03T20:00:00Z,23061,317.661446
316.29,317.67,315.15,2807,317.02,2023-05-04T12:00:00Z,249229,316.360691
316.19,318.21,315.82,5487,316.36,2023-05-04T16:00:00Z,443432,316.720086
316.1,316.45,315.85,70,316.15,2023-05-04T20:00:00Z,11300,316.113717
321.35,321.77,317.26,2931,317.29,2023-05-05T12:00:00Z,363682,320.259641
322.89,323.74,320.87,4371,321.38,2023-05-05T16:00:00Z,479290,322.746191
322.61,322.91,322.59,65,322.9,2023-05-05T20:00:00Z,25824,322.704319
322.9,322.95,321.34,1380,322.79,2023-05-08T12:00:00Z,132846,322.15397
323.72,324.03,322.155,2655,322.95,2023-05-08T16:00:00Z,224737,323.301909
323.42,323.61,323.36,13,323.52,2023-05-08T20:00:00Z,5371,323.423919
321.595,322.82,321.5,1665,321.96,2023-05-09T12:00:00Z,163773,322.111755
321.56,322.31,321.35,2345,321.58,2023-05-09T16:00:00Z,263425,321.734867
321.51,321.64,321.51,30,321.51,2023-05-09T20:00:00Z,9310,321.591613
324.12,325.675,322.485,3116,323.2,2023-05-10T12:00:00Z,437535,324.236249
325.2,326.01,321.62,3374,324.07,2023-05-10T16:00:00Z,454466,324.496348
325.12,325.4,325.02,45,325.14,2023-05-10T20:00:00Z,8241,325.16757
326.075,326.24,324.14,1720,326.06,2023-05-11T12:00:00Z,215575,325.326028
326.115,326.745,324.955,2578,326.08,2023-05-11T16:00:00Z,258488,326.043686
326.23,326.23,325.94,20,326.14,2023-05-11T20:00:00Z,9300,326.077946
325.21,327.15,324.35,1890,326.4,2023-05-12T12:00:00Z,258572,325.640073
325.06,325.19,322.95,3038,325.19,2023-05-12T16:00:00Z,432551,324.045341
324.45,324.9,324.45,44,324.88,2023-05-12T20:00:00Z,12721,324.698769
326.29,326.29,323.99,2708,325.61,2023-05-15T12:00:00Z,258694,325.164287
326.75,327.03,325.575,3366,326.255,2023-05-15T16:00:00Z,402835,326.379169
326.6,326.86,326.6,25,326.75,2023-05-15T20:00:00Z,10493,326.774065
328.67,328.74,325.87,2377,326.69,2023-05-16T12:00:00Z,229082,327.607099
327.16,328.9,327.15,3071,328.695,2023-05-16T16:00:00Z,367141,328.17512
327.71,327.75,327.05,45,327.24,2023-05-16T20:00:00Z,16788,327.453963
328.97,329.1,327.08,1667,327.64,2023-05-17T12:00:00Z,194242,328.211411
331.2,331.685,328.59,3356,328.93,2023-05-17T16:00:00Z,366569,330.883652
331.13,331.38,331.08,54,331.1,2023-05-17T20:00:00Z,10245,331.199981
335.64,336.39,331.27,2906,331.83,2023-05-18T12:00:00Z,313527,334.27616
337.255,337.49,334.0,4283,335.615,2023-05-18T16:00:00Z,455560,335.928837
337.73,337.73,337.21,34,337.21,2023-05-18T20:00:00Z,16639,337.331766
336.42,338.165,335.62,2097,337.44,2023-05-19T12:00:00Z,297437,337.021796
336.44,336.91,335.44,3644,336.575,2023-05-19T16:00:00Z,398419,336.246157
336.08,336.46,335.88,15,336.45,2023-05-19T20:00:00Z,10400,336.281442
337.44,338.61,336.245,2267,336.51,2023-05-22T12:00:00Z,235000,337.649432
337.575,338.56,336.93,2420,337.38,2023-05-22T16:00:00Z,221246,337.6531
337.91,337.94,337.63,65,337.66,2023-05-22T20:00:00Z,15074,337.824487
336.55,337.025,335.74,1774,336.63,2023-05-23T12:00:00Z,169280,336.574618
333.32,336.82,333.02,4015,336.76,2023-05-23T16:00:00Z,437507,334.377371
333.49,333.55,333.25,58,333.34,2023-05-23T20:00:00Z,14136,333.396138
330.275,332.185,329.585,3819,331.74,2023-05-24T12:00:00Z,586504,330.600073
331.55,332.88,329.79,3221,330.285,2023-05-24T16:00:00Z,429585,331.176698
336.1,336.16,331.36,88,331.75,2023-05-24T20:00:00Z,20097,333.989061
338.815,339.92,336.74,2681,338.94,2023-05-25T12:00:00Z,345208,338.181335
339.68,340.955,338.845,4245,338.98,2023-05-25T16:00:00Z,505078,340.038777
339.91,340.03,339.71,59,339.79,2023-05-25T20:00:00Z,14052,339.900167
347.245,347.59,340.21,3983,340.53,2023-05-26T12:00:00Z,571698,345.030255
348.42,349.23,347.09,4195,347.235,2023-05-26T16:00:00Z,468122,348.280513
349.19,349.19,348.42,19,348.42,2023-05-26T20:00:00Z,8386,348.705796
351.52,353.895,350.09,4675,353.41,2023-05-30T12:00:00Z,730071,351.524685
349.9,351.55,348.57,3495,351.34,2023-05-30T16:00:00Z,420620,350.14945
350.25,350.3,350.07,29,350.07,2023-05-30T20:00:00Z,8337,350.193587
347.36,350.57,346.54,3386,348.43,2023-05-31T12:00:00Z,510083,348.216679
347.58,349.2,346.54,3399,347.54,2023-05-31T16:00:00Z,516777,347.989266
347.43,347.67,347.22,28,347.6,2023-05-31T20:00:00Z,13617,347.448843
350.78,350.8,346.68,1751,348.14,2023-06-01T12:00:00Z,180869,348.941618
352.0,353.305,350.92,2603,350.92,2023-06-01T16:00:00Z,328323,351.840827
352.55,352.58,352.11,22,352.13,2023-06-01T20:00:00Z,9183,352.37174
354.86,355.8,352.05,2655,353.37,2023-06-02T12:00:00Z,241920,354.099853
354.48,355.35,354.06,2909,354.93,2023-06-02T16:00:00Z,246094,354.672555
354.78,354.92,354.72,68,354.72,2023-06-02T20:00:00Z,14520,354.793463
356.915,357.31,354.03,1885,354.03,2023-06-05T12:00:00Z,215188,355.782012
354.895,357.49,353.86,2716,356.95,2023-06-05T16:00:00Z,323399,355.405574
354.85,355.0,354.85,28,354.89,2023-06-05T20:00:00Z,6500,354.95323
355.58,355.59,352.97,2987,354.57,2023-06-06T12:00:00Z,276650,354.385458
354.97,355.71,353.52,3547,355.56,2023-06-06T16:00:00Z,294081,354.7588
355.11,355.15,354.87,51,354.87,2023-06-06T20:00:00Z,11387,355.056358
351.19,357.06,351.125,2398,355.32,2023-06-07T12:00:00Z,363185,353.42265
348.79,351.84,348.2,5797,351.225,2023-06-07T16:00:00Z,783650,349.581407
348.47,348.74,348.42,67,348.74,2023-06-07T20:00:00Z,15796,348.559476
352.93,353.385,348.36,2066,348.36,2023-06-08T12:00:00Z,262298,351.158048
353.17,353.6,351.14,2652,352.99,2023-06-08T16:00:00Z,344585,352.482203
353.52,353.7,352.95,34,352.95,2023-06-08T20:00:00Z,14294,353.334162
353.9,357.625,353.9,2646,354.26,2023-06-09T12:00:00Z,356955,355.826582
354.475,355.91,353.08,2791,353.89,2023-06-09T16:00:00Z,277589,354.661587
354.73,354.74,354.48,9,354.48,2023-06-09T20:00:00Z,6450,354.6625
357.165,357.31,355.2,2317,356.21,2023-06-12T12:00:00Z,207490,356.059113
360.51,360.575,356.83,3027,357.25,2023-06-12T16:00:00Z,283785,359.190098
361.08,361.08,360.39,19,360.39,2023-06-12T20:00:00Z,5042,360.65663
362.21,364.58,360.13,2104,362.92,2023-06-13T12:00:00Z,250983,362.227319
363.31,363.67,361.29,2660,362.06,2023-06-13T16:00:00Z,259917,362.752413
363.57,363.57,363.16,44,363.28,2023-06-13T20:00:00Z,15318,363.304025
365.09,366.12,362.305,1382,364.09,2023-06-14T12:00:00Z,168964,364.713186
365.89,366.15,360.42,2867,365.04,2023-06-14T16:00:00Z,459210,363.710091
366.86,366.87,365.88,36,365.88,2023-06-14T20:00:00Z,9292,366.475148
368.59,368.99,362.94,2063,363.51,2023-06-15T12:00:00Z,263653,367.015197
370.26,371.765,367.53,3571,368.55,2023-06-15T16:00:00Z,445025,369.809196
370.02,370.43,369.71,30,370.3,2023-06-15T20:00:00Z,15112,370.141066
370.19,372.81,369.135,2166,371.92,2023-06-16T12:00:00Z,360327,371.236965
367.78,371.3,367.48,3193,370.275,2023-06-16T16:00:00Z,458900,368.99931
368.59,368.71,368.32,39,368.32,2023-06-16T20:00:00Z,20336,368.547208
364.895,368.31,363.95,2089,366.27,2023-06-20T12:00:00Z,217211,365.560707
366.95,367.685,364.77,2636,364.885,2023-06-20T16:00:00Z,221545,366.815137
366.85,366.93,366.54,23,366.64,2023-06-20T20:00:00Z,4447,366.722038
361.63,366.13,360.99,1564,365.67,2023-06-21T12:00:00Z,150170,362.788833
361.96,364.45,361.565,2844,361.75,2023-06-21T16:00:00Z,309088,362.793594
361.84,362.39,361.83,37,362.14,2023-06-21T20:00:00Z,19085,361.944855
364.89,365.375,360.27,2031,360.92,2023-06-22T12:00:00Z,190066,363.200185
366.22,366.31,363.25,2716,364.845,2023-06-22T16:00:00Z,257626,365.19089
366.79,366.79,366.1,9,366.1,2023-06-22T20:00:00Z,2590,366.377753
362.51,363.77,360.86,2336,363.77,2023-06-23T12:00:00Z,204621,362.099823
362.53,364.76,361.93,2841,362.54,2023-06-23T16:00:00Z,242499,363.122121
362.49,362.72,362.43,21,362.54,2023-06-23T20:00:00Z,6802,362.573676
361.54,364.83,360.68,1484,362.71,2023-06-26T12:00:00Z,172151,363.001101
357.73,361.49,357.61,3518,361.49,2023-06-26T16:00:00Z,493586,358.873977
358.08,358.5,358.07,22,358.08,2023-06-26T20:00:00Z,8211,358.229755
361.4,361.51,358.62,1666,359.19,2023-06-27T12:00:00Z,193586,359.867929
363.86,364.54,361.29,3148,361.35,2023-06-27T16:00:00Z,414385,363.407395
363.41,363.81,363.3,50,363.81,2023-06-27T20:00:00Z,13841,363.493748
365.62,366.17,361.99,1777,362.34,2023-06-28T12:00:00Z,197734,364.435571
364.55,366.46,362.7,2652,365.42,2023-06-28T16:00:00Z,250111,364.024023
365.02,365.4,364.72,47,364.72,2023-06-28T20:00:00Z,11084,365.225967
364.375,366.18,362.2,3000,366.13,2023-06-29T12:00:00Z,393678,363.852118
363.84,364.74,362.325,2479,364.345,2023-06-29T16:00:00Z,394671,363.506689
364.05,364.14,363.85,62,363.85,2023-06-29T20:00:00Z,9345,364.043857
368.98,370.48,366.39,3179,366.39,2023-06-30T12:00:00Z,562755,369.242506
369.54,370.29,368.805,3271,368.98,2023-06-30T16:00:00Z,420784,369.813698
369.06,369.48,369.01,38,369.46,2023-06-30T20:00:00Z,13876,369.2266
369.32,370.9,368.98,1044,369.96,2023-07-03T12:00:00Z,90302,369.810494
370.23,370.37,369.2,753,369.25,2023-07-03T16:00:00Z,82946,369.936924
370.19,371.995,368.31,1629,368.32,2023-07-05T12:00:00Z,178550,370.800757
370.27,371.02,369.45,1643,370.03,2023-07-05T16:00:00Z,173638,370.333578
370.17,370.35,370.11,66,370.33,2023-07-05T20:00:00Z,7750,370.206599
365.68,367.78,364.52,2782,367.78,2023-07-06T12:00:00Z,339020,365.674027
367.495,367.9,365.68,2307,365.68,2023-07-06T16:00:00Z,225523,367.213262
367.1,367.6,367.04,25,367.46,2023-07-06T20:00:00Z,13448,367.447223
368.58,369.2,366.245,2155,368.26,2023-07-07T12:00:00Z,294205,367.510967
366.22,370.44,366.04,2648,368.64,2023-07-07T16:00:00Z,357856,368.722365
366.54,366.72,366.45,62,366.49,2023-07-07T20:00:00Z,12438,366.608603
364.68,367.0,363.94,2156,366.13,2023-07-10T12:00:00Z,274963,365.548415
366.39,366.475,363.47,1904,364.625,2023-07-10T16:00:00Z,174477,365.482355
366.49,367.07,366.47,102,366.47,2023-07-10T20:00:00Z,16838,366.713625
367.615,367.64,364.66,1891,367.37,2023-07-11T12:00:00Z,159624,366.287173
368.18,368.57,365.815,2690,367.67,2023-07-11T16:00:00Z,217123,367.21418
368.3,368.3,368.08,26,368.08,2023-07-11T20:00:00Z,13701,368.178175
370.705,374.17,370.33,2750,370.71,2023-07-12T12:00:00Z,293774,372.691016
372.75,373.46,370.5,3441,370.72,2023-07-12T16:00:00Z,377590,372.52224
373.03,373.2,372.99,53,373.05,2023-07-12T20:00:00Z,10655,373.085018
377.35,377.41,375.09,1760,375.55,2023-07-13T12:00:00Z,157603,376.439171
379.2,379.985,377.22,2886,377.32,2023-07-13T16:00:00Z,297686,378.754486
378.98,379.26,378.88,52,379.24,2023-07-13T20:00:00Z,16036,379.103731
381.88,382.86,379.17,2135,379.61,2023-07-14T12:00:00Z,240449,381.412929
379.14,381.77,378.245,1869,381.76,2023-07-14T16:00:00Z,208251,379.369102
378.94,379.21,378.88,19,379.16,2023-07-14T20:00:00Z,6553,379.053999
381.625,381.68,378.97,1633,379.15,2023-07-17T12:00:00Z,168702,380.293591
382.46,383.45,380.585,2089,381.675,2023-07-17T16:00:00Z,206761,382.301167
382.17,382.32,382.08,21,382.32,2023-07-17T20:00:00Z,5268,382.211057
383.55,383.705,380.01,3048,381.93,2023-07-18T12:00:00Z,346154,381.492287
385.84,387.08,383.23,3314,383.58,2023-07-18T16:00:00Z,383300,385.534489
385.3,385.72,385.17,24,385.71,2023-07-18T20:00:00Z,7549,385.415918
387.02,387.65,385.825,1444,386.54,2023-07-19T12:00:00Z,150414,386.768701
385.32,387.96,384.34,2383,387.12,2023-07-19T16:00:00Z,272262,385.604725
385.04,385.57,384.88,38,385.57,2023-07-19T20:00:00Z,7703,385.115608
380.54,384.06,379.37,3148,383.04,2023-07-20T12:00:00Z,421329,381.445649
376.65,381.36,375.77,4072,380.535,2023-07-20T16:00:00Z,643135,377.981399
377.0,377.07,376.78,91,376.83,2023-07-20T20:00:00Z,54235,376.907751
377.1,379.855,375.86,2142,379.25,2023-07-21T12:00:00Z,296177,377.757714
375.76,378.27,375.2,3389,377.16,2023-07-21T16:00:00Z,415375,376.227785
375.97,376.02,375.63,57,375.73,2023-07-21T20:00:00Z,19084,375.848694
376.16,377.55,374.37,1597,376.65,2023-07-24T12:00:00Z,162871,375.976103
376.22,377.06,375.35,1612,376.19,2023-07-24T16:00:00Z,149211,376.150124
376.45,376.51,376.22,54,376.25,2023-07-24T20:00:00Z,12758,376.348165
378.87,379.24,376.84,1579,377.43,2023-07-25T12:00:00Z,171779,378.117113
378.87,380.45,378.59,2592,378.76,2023-07-25T16:00:00Z,220319,379.527001
380.13,380.17,377.8,53,378.0,2023-07-25T20:00:00Z,16265,379.168182
376.885,378.21,375.21,1614,378.13,2023-07-26T12:00:00Z,177942,376.881766
377.54,379.12,375.415,2439,376.83,2023-07-26T16:00:00Z,288301,377.080481
377.82,379.46,377.82,23,377.99,2023-07-26T20:00:00Z,4763,378.455277
381.97,384.58,381.32,1719,382.97,2023-07-27T12:00:00Z,250183,383.173778
376.63,383.55,375.32,3580,381.99,2023-07-27T16:00:00Z,452048,377.881548
377.11,377.17,376.93,28,377.09,2023-07-27T20:00:00Z,7245,377.064243
384.45,384.48,380.22,2095,380.81,2023-07-28T12:00:00Z,259253,382.380223
383.41,384.45,381.655,3251,384.445,2023-07-28T16:00:00Z,484965,383.573743
383.34,383.38,383.14,36,383.25,2023-07-28T20:00:00Z,14734,383.244924
383.45,384.78,382.51,2536,384.01,2023-07-31T12:00:00Z,344537,383.631877
383.81,383.83,382.39,2826,383.49,2023-07-31T16:00:00Z,327411,383.256309
384.01,384.07,383.73,38,383.74,2023-07-31T20:00:00Z,13932,383.951387
382.81,383.28,380.73,2609,381.47,2023-08-01T12:00:00Z,268573,382.091266
382.84,383.54,381.92,3141,382.87,2023-08-01T16:00:00Z,248123,382.977443
382.63,382.97,382.45,40,382.73,2023-08-01T20:00:00Z,14855,382.683091
373.975,379.93,373.975,3911,379.79,2023-08-02T12:00:00Z,499134,376.739202
374.46,375.53,373.14,4385,373.945,2023-08-02T16:00:00Z,545772,374.253988
374.02,374.55,373.95,38,374.38,2023-08-02T20:00:00Z,12157,374.329297
374.22,375.02,371.88,3136,372.85,2023-08-03T12:00:00Z,350731,373.176485
373.86,375.895,373.37,3044,374.06,2023-08-03T16:00:00Z,290065,374.590761
374.16,376.35,373.62,102,373.62,2023-08-03T20:00:00Z,23959,375.128201
377.16,377.46,372.905,2075,375.12,2023-08-04T12:00:00Z,218001,375.925786
371.97,378.085,371.55,4323,377.21,2023-08-04T16:00:00Z,451022,374.134359
372.27,372.44,372.05,53,372.06,2023-08-04T20:00:00Z,9626,372.278011
373.43,374.72,371.56,2085,373.48,2023-08-07T12:00:00Z,204840,373.124501
375.24,375.29,372.96,3372,373.51,2023-08-07T16:00:00Z,263658,374.233496
375.29,375.29,375.1,4,375.1,2023-08-07T20:00:00Z,1740,375.13908
369.29,372.93,368.85,2205,372.32,2023-08-08T12:00:00Z,281298,370.319111
371.93,372.42,369.08,2355,369.16,2023-08-08T16:00:00Z,204498,371.15479
371.99,372.09,371.87,42,372.05,2023-08-08T20:00:00Z,12372,371.931052
367.725,373.07,367.16,2447,372.8,2023-08-09T12:00:00Z,306506,369.21768
367.87,370.97,367.555,3127,367.555,2023-08-09T16:00:00Z,422924,369.145356
368.38,368.5,368.06,68,368.06,2023-08-09T20:00:00Z,29865,368.339279
369.46,374.35,368.88,2561,370.5,2023-08-10T12:00:00Z,317129,372.031156
368.55,370.52,367.035,3363,369.44,2023-08-10T16:00:00Z,363374,368.738313
369.0,369.0,368.41,22,368.45,2023-08-10T20:00:00Z,14802,368.6025
365.79,368.0,364.77,1859,367.89,2023-08-11T12:00:00Z,190087,366.068195
366.09,367.09,365.105,2670,365.79,2023-08-11T16:00:00Z,296036,366.215602
366.37,366.51,366.32,23,366.38,2023-08-11T20:00:00Z,12363,366.377926
368.98,369.82,364.725,1727,365.55,2023-08-14T12:00:00Z,182646,367.898467
370.45,370.47,368.05,2726,368.975,2023-08-14T16:00:00Z,221470,369.332995
370.49,370.55,370.27,55,370.41,2023-08-14T20:00:00Z,14150,370.388133
368.64,370.14,366.56,1686,368.47,2023-08-15T12:00:00Z,205288,367.961276
366.425,368.865,365.765,2756,368.72,2023-08-15T16:00:00Z,308150,366.859348
366.61,366.68,366.23,40,366.46,2023-08-15T20:00:00Z,15964,366.521903
364.96,367.27,364.795,1300,366.02,2023-08-16T12:00:00Z,167902,366.253403
362.56,365.965,362.465,2716,364.875,2023-08-16T16:00:00Z,348466,364.047347
362.41,362.56,362.07,99,362.46,2023-08-16T20:00:00Z,16165,362.339303
361.77,364.42,360.67,2357,363.86,2023-08-17T12:00:00Z,317247,361.757588
358.53,363.01,358.21,3932,361.77,2023-08-17T16:00:00Z,530092,359.830437
357.81,358.64,357.81,67,358.64,2023-08-17T20:00:00Z,21156,358.368665
357.85,357.9,354.75,3169,355.56,2023-08-18T12:00:00Z,404725,356.142385
358.13,359.355,356.21,3027,357.87,2023-08-18T16:00:00Z,358509,357.928254
358.03,358.6,357.95,54,358.6,2023-08-18T20:00:00Z,14732,358.200137
359.67,362.57,359.18,2268,360.23,2023-08-21T12:00:00Z,230001,360.88994
364.04,364.585,359.69,2672,359.75,2023-08-21T16:00:00Z,290212,363.307742
363.58,363.8,363.42,36,363.8,2023-08-21T20:00:00Z,12933,363.548823
363.94,367.08,363.63,2256,366.83,2023-08-22T12:00:00Z,233663,364.900642
363.38,364.545,362.71,2959,363.86,2023-08-22T16:00:00Z,305913,363.425367
363.46,363.46,363.36,3,363.36,2023-08-22T20:00:00Z,1225,363.427347
369.215,369.33,363.81,1763,364.07,2023-08-23T12:00:00Z,289200,367.50529
369.16,370.21,368.47,3418,369.165,2023-08-23T16:00:00Z,339750,369.422325
372.67,372.76,369.15,119,369.2,2023-08-23T20:00:00Z,43314,371.573827
363.395,373.24,363.205,3901,372.89,2023-08-24T12:00:00Z,458792,367.754287
361.03,365.47,361.03,5451,363.44,2023-08-24T16:00:00Z,495452,363.092187
360.4,361.2,360.14,53,361.19,2023-08-24T20:00:00Z,12501,360.63446
359.9,365.705,358.59,3078,362.26,2023-08-25T12:00:00Z,419718,361.692715
364.12,365.22,359.815,3795,359.815,2023-08-25T16:00:00Z,470675,362.804868
363.9,364.39,363.89,14,364.17,2023-08-25T20:00:00Z,4329,364.023445
364.84,367.7,364.275,1589,366.1,2023-08-28T12:00:00Z,208267,365.875687
366.81,367.28,364.5,3329,364.89,2023-08-28T16:00:00Z,344492,365.947806
367.03,367.05,366.75,16,366.75,2023-08-28T20:00:00Z,5141,367.002959
373.6,374.01,366.18,2467,366.27,2023-08-29T12:00:00Z,354896,371.082549
374.68,375.12,373.24,4236,373.57,2023-08-29T16:00:00Z,499024,374.37519
375.0,375.05,374.83,34,374.83,2023-08-29T20:00:00Z,10223,374.966311
376.72,377.07,373.88,1933,375.47,2023-08-30T12:00:00Z,259206,375.502382
376.89,377.41,375.71,3001,376.91,2023-08-30T16:00:00Z,322813,376.740756
377.19,377.21,376.82,17,376.82,2023-08-30T20:00:00Z,2967,377.040683
378.71,379.71,376.72,1333,377.82,2023-08-31T12:00:00Z,167406,378.501583
377.92,379.41,377.0,2065,378.65,2023-08-31T16:00:00Z,252681,378.535226
378.03,378.28,377.99,31,378.04,2023-08-31T20:00:00Z,9128,378.073509
376.285,381.05,376.135,2226,380.35,2023-09-01T12:00:00Z,302969,378.228184
377.66,377.82,376.12,2157,376.27,2023-09-01T16:00:00Z,209051,377.016452
377.55,377.64,377.42,27,377.54,2023-09-01T20:00:00Z,7507,377.550702
377.74,379.02,375.905,1782,376.39,2023-09-05T12:00:00Z,200430,377.250573
378.02,379.29,377.67,2315,377.68,2023-09-05T16:00:00Z,214186,378.388443
377.61,378.13,377.61,18,378.05,2023-09-05T20:00:00Z,6073,378.002222
374.22,377.575,373.625,2094,377.03,2023-09-06T12:00:00Z,256151,375.43219
374.83,374.87,372.73,3527,374.19,2023-09-06T16:00:00Z,393034,373.927934
374.52,374.72,374.49,13,374.72,2023-09-06T20:00:00Z,4859,374.57961
370.31,372.08,369.19,2402,371.83,2023-09-07T12:00:00Z,324256,370.531252
372.1,372.79,370.4,3040,370.4,2023-09-07T16:00:00Z,310779,371.918823
372.18,372.18,371.75,30,371.8,2023-09-07T20:00:00Z,15760,371.920382
373.57,374.83,371.93,1669,372.11,2023-09-08T12:00:00Z,195121,373.658916
372.66,374.19,371.625,2312,373.63,2023-09-08T16:00:00Z,205741,372.537468
373.06,373.25,372.58,39,372.59,2023-09-08T20:00:00Z,15455,372.905856
374.355,376.28,373.66,2244,375.55,2023-09-11T12:00:00Z,215584,374.624261
377.005,377.475,374.26,2496,374.41,2023-09-11T16:00:00Z,237395,376.632439
376.88,377.08,376.88,25,377.02,2023-09-11T20:00:00Z,5932,376.981415
374.19,376.61,373.31,1717,375.89,2023-09-12T12:00:00Z,191356,374.957874
372.81,375.62,372.52,3210,374.18,2023-09-12T16:00:00Z,371672,373.430946
372.92,373.01,372.73,15,372.73,2023-09-12T20:00:00Z,8936,372.898738
374.88,375.43,370.86,1994,372.84,2023-09-13T12:00:00Z,289269,373.549847
374.23,375.83,373.17,2586,374.63,2023-09-13T16:00:00Z,292179,374.470248
374.64,374.64,374.42,14,374.53,2023-09-13T20:00:00Z,7100,374.501127
377.44,377.72,373.955,1748,376.14,2023-09-14T12:00:00Z,211958,376.221095
377.25,378.26,376.8,2813,377.44,2023-09-14T16:00:00Z,291465,377.438645
377.62,377.79,377.37,17,377.37,2023-09-14T20:00:00Z,5736,377.625674
371.69,376.63,371.19,2490,376.63,2023-09-15T12:00:00Z,308133,373.386744
370.61,372.49,369.9,3640,371.72,2023-09-15T16:00:00Z,437288,370.717063
370.69,370.85,370.56,37,370.78,2023-09-15T20:00:00Z,17089,370.649066
371.41,371.54,369.04,1513,369.28,2023-09-18T12:00:00Z,221717,370.33021
370.7,371.76,369.86,2659,371.49,2023-09-18T16:00:00Z,343439,370.697
370.96,371.01,370.83,7,370.83,2023-09-18T20:00:00Z,3025,370.974667
367.82,370.69,366.83,1676,370.69,2023-09-19T12:00:00Z,228773,368.161119
369.86,370.595,367.13,2070,367.6,2023-09-19T16:00:00Z,252738,369.41355
370.0,370.08,369.9,9,369.92,2023-09-19T20:00:00Z,5100,369.963725
369.84,371.26,368.815,1793,370.57,2023-09-20T12:00:00Z,220246,369.925265
364.55,370.28,364.5,4062,369.89,2023-09-20T16:00:00Z,537052,367.267714
364.06,364.6,364.01,77,364.6,2023-09-20T20:00:00Z,20304,364.276328
359.8,361.59,359.21,4717,360.55,2023-09-21T12:00:00Z,444800,360.453464
357.78,361.11,357.71,5216,359.84,2023-09-21T16:00:00Z,605822,359.207583
357.54,357.83,357.35,52,357.75,2023-09-21T20:00:00Z,21530,357.681222
360.605,361.78,358.445,3403,359.63,2023-09-22T12:00:00Z,377014,360.314884
357.925,361.66,357.63,4138,360.565,2023-09-22T16:00:00Z,486315,359.225344
358.13,358.46,358.03,64,358.29,2023-09-22T20:00:00Z,43270,358.101306
358.76,359.26,355.945,2223,356.81,2023-09-25T12:00:00Z,275443,357.61341
359.68,359.68,357.39,1830,358.79,2023-09-25T16:00:00Z,205753,358.685136
360.02,360.06,359.6,35,359.76,2023-09-25T20:00:00Z,14720,359.901905
355.0,357.97,354.64,3050,357.97,2023-09-26T12:00:00Z,359698,355.827588
354.23,356.015,353.22,4208,354.94,2023-09-26T16:00:00Z,483625,354.509635
354.59,354.88,354.2,33,354.32,2023-09-26T20:00:00Z,11092,354.5447
353.645,356.57,353.44,2251,355.38,2023-09-27T12:00:00Z,239318,354.963774
355.14,356.96,351.36,4063,353.54,2023-09-27T16:00:00Z,505839,354.017519
355.93,355.94,355.15,55,355.15,2023-09-27T20:00:00Z,20044,355.553119
359.29,359.31,353.29,2644,355.06,2023-09-28T12:00:00Z,292434,356.07045
358.03,360.14,356.95,2995,359.33,2023-09-28T16:00:00Z,355308,358.47266
358.59,358.64,357.94,17,357.94,2023-09-28T20:00:00Z,8285,358.185
360.15,362.915,359.32,3018,360.54,2023-09-29T12:00:00Z,479588,361.230748
358.39,360.61,357.05,4922,360.04,2023-09-29T16:00:00Z,455690,358.725319
359.07,359.22,358.39,20,358.39,2023-09-29T20:00:00Z,11884,359.006864
359.63,362.635,357.5,3384,358.22,2023-10-02T12:00:00Z,451145,360.413873
361.23,361.25,358.36,3009,359.61,2023-10-02T16:00:00Z,355228,359.612867
361.48,361.64,361.44,28,361.46,2023-10-02T20:00:00Z,11472,361.525922
355.12,360.96,354.73,3028,359.14,2023-10-03T12:00:00Z,391201,356.98466
354.89,356.5,353.275,3654,355.205,2023-10-03T16:00:00Z,520941,354.561209
354.79,355.19,354.79,39,355.06,2023-10-03T20:00:00Z,12407,355.046593
359.165,359.205,355.325,2134,355.9,2023-10-04T12:00:00Z,245574,357.052831
359.72,360.61,357.08,2955,359.07,2023-10-04T16:00:00Z,382965,359.222175
359.43,359.74,359.38,61,359.41,2023-10-04T20:00:00Z,26540,359.501557
356.325,360.12,355.16,1796,360.02,2023-10-05T12:00:00Z,214580,356.899246
358.51,359.65,356.215,3267,356.435,2023-10-05T16:00:00Z,398984,358.370022
358.46,358.77,358.38,10,358.77,2023-10-05T20:00:00Z,3856,358.593126
363.09,363.13,353.81,3353,359.35,2023-10-06T12:00:00Z,481891,358.575921
364.7,365.91,362.48,6617,363.155,2023-10-06T16:00:00Z,887452,364.433416
365.17,365.2,364.61,37,364.63,2023-10-06T20:00:00Z,15167,365.029867
363.02,363.61,360.79,2390,362.11,2023-10-09T12:00:00Z,320906,362.359879
366.56,367.11,363.06,3655,363.21,2023-10-09T16:00:00Z,476440,365.749395
366.62,366.79,366.62,16,366.65,2023-10-09T20:00:00Z,6362,366.721111
371.0,371.27,366.4,2595,366.62,2023-10-10T12:00:00Z,318307,369.041816
368.515,371.08,368.22,3917,370.96,2023-10-10T16:00:00Z,429288,369.263786
368.77,368.93,368.76,20,368.76,2023-10-10T20:00:00Z,7314,368.82573
369.67,371.39,369.11,3417,369.94,2023-10-11T12:00:00Z,335344,370.076539
371.2,371.37,368.24,2718,369.6,2023-10-11T16:00:00Z,259022,369.888526
372.04,372.12,371.17,66,371.17,2023-10-11T20:00:00Z,22209,371.836523
372.99,373.515,371.01,2024,372.15,2023-10-12T12:00:00Z,264551,372.195373
369.86,373.5,367.55,4394,372.98,2023-10-12T16:00:00Z,486105,369.850867
370.04,370.12,369.96,20,370.01,2023-10-12T20:00:00Z,6255,370.04129
365.25,371.12,365.01,2400,369.04,2023-10-13T12:00:00Z,270628,367.903895
365.23,367.15,363.9,4782,365.15,2023-10-13T16:00:00Z,598701,365.399012
364.98,365.1,364.81,74,365.09,2023-10-13T20:00:00Z,16499,364.972722
368.9,370.18,365.64,2430,365.64,2023-10-16T12:00:00Z,304449,368.720369
369.4,370.455,367.54,3099,368.89,2023-10-16T16:00:00Z,389802,369.599323
369.6,369.73,369.29,42,369.32,2023-10-16T20:00:00Z,18539,369.542912
368.91,369.26,363.69,3232,367.97,2023-10-17T12:00:00Z,435733,366.552665
368.26,369.91,366.77,2937,369.06,2023-10-17T16:00:00Z,394081,368.154774
368.4,368.4,368.01,12,368.29,2023-10-17T20:00:00Z,5405,368.154598
365.64,367.88,364.8,1622,365.96,2023-10-18T12:00:00Z,223302,366.124418
363.04,366.75,362.07,3555,365.68,2023-10-18T16:00:00Z,506184,364.03051
364.03,364.29,363.26,52,363.26,2023-10-18T20:00:00Z,15436,363.938857
363.56,365.315,361.91,2143,363.7,2023-10-19T12:00:00Z,240542,363.673024
359.98,366.0,359.2,3473,363.37,2023-10-19T16:00:00Z,456748,362.192962
359.08,359.72,358.92,75,359.72,2023-10-19T20:00:00Z,18444,359.160894
356.155,360.03,354.63,3237,358.62,2023-10-20T12:00:00Z,439365,357.005127
354.64,358.05,354.37,4587,356.13,2023-10-20T16:00:00Z,644841,355.763422
354.49,354.75,354.25,39,354.46,2023-10-20T20:00:00Z,20841,354.399941
356.99,357.2,351.28,3507,353.54,2023-10-23T12:00:00Z,349800,354.647677
355.79,359.2,355.525,4564,357.0,2023-10-23T16:00:00Z,577417,356.948604
356.72,356.72,355.94,16,355.94,2023-10-23T20:00:00Z,5429,356.434186
358.54,359.89,357.14,2437,358.06,2023-10-24T12:00:00Z,278477,358.30404
359.09,359.505,355.84,2928,358.55,2023-10-24T16:00:00Z,330313,358.233552
358.47,361.55,358.47,79,359.38,2023-10-24T20:00:00Z,19038,359.386018
352.75,357.64,352.75,3025,357.54,2023-10-25T12:00:00Z,381155,354.470435
350.39,353.165,349.76,4189,352.59,2023-10-25T16:00:00Z,571210,350.601108
350.09,351.32,349.88,68,350.72,2023-10-25T20:00:00Z,15280,350.591977
345.43,350.04,344.49,3487,347.12,2023-10-26T12:00:00Z,412468,346.914463
343.62,346.99,342.36,5056,345.32,2023-10-26T16:00:00Z,711330,344.334898
343.96,345.09,343.57,88,344.79,2023-10-26T20:00:00Z,20003,344.436647
347.735,348.78,345.66,2754,346.02,2023-10-27T12:00:00Z,395705,347.02982
345.46,348.225,344.105,4345,348.01,2023-10-27T16:00:00Z,519534,345.509601
345.58,345.7,345.43,22,345.67,2023-10-27T20:00:00Z,12452,345.525173
348.6,350.52,346.49,2835,347.94,2023-10-30T12:00:00Z,462371,348.414469
349.16,350.44,346.55,3383,348.515,2023-10-30T16:00:00Z,422731,349.020738
348.92,349.11,348.87,35,349.07,2023-10-30T20:00:00Z,15107,348.955318
349.1,349.58,346.63,1969,349.45,2023-10-31T12:00:00Z,253925,348.444811
350.98,351.24,348.07,3886,349.115,2023-10-31T16:00:00Z,419449,350.263819
349.93,350.89,349.84,30,350.88,2023-10-31T20:00:00Z,10315,350.392301
353.88,354.83,350.32,2316,350.37,2023-11-01T12:00:00Z,310558,353.469244
357.08,357.525,352.66,5151,353.68,2023-11-01T16:00:00Z,581705,355.103669
357.37,357.45,356.85,26,357.24,2023-11-01T20:00:00Z,12277,357.133357
362.01,362.74,360.36,3365,361.11,2023-11-02T12:00:00Z,470710,361.737387
363.47,363.67,361.68,4556,362.03,2023-11-02T16:00:00Z,549755,363.117461
362.69,363.46,362.0,66,363.39,2023-11-02T20:00:00Z,22651,362.864106
366.97,367.36,363.78,2885,363.78,2023-11-03T12:00:00Z,429778,365.892414
367.78,369.02,366.83,4568,366.98,2023-11-03T16:00:00Z,482656,368.039703
368.04,368.04,367.86,15,367.86,2023-11-03T20:00:00Z,8266,367.967334
368.89,369.72,368.045,1485,368.18,2023-11-06T12:00:00Z,161114,368.753181
368.55,369.375,366.91,2800,369.0,2023-11-06T16:00:00Z,294402,368.100918
368.98,369.25,368.28,1298,368.57,2023-11-06T20:00:00Z,145185,368.692278
372.95,373.16,369.1,1703,369.1,2023-11-07T12:00:00Z,213321,370.977143
372.935,373.57,371.64,3195,372.98,2023-11-07T16:00:00Z,312650,372.872843
372.72,373.47,372.205,1862,372.95,2023-11-07T20:00:00Z,249020,372.811736
372.08,373.76,371.79,1574,372.73,2023-11-08T12:00:00Z,222881,372.759425
372.26,373.02,370.63,2374,371.95,2023-11-08T16:00:00Z,274962,372.132185
372.49,373.21,372.25,1410,372.3,2023-11-08T20:00:00Z,164512,372.832083
373.19,374.28,372.26,1448,373.1,2023-11-09T12:00:00Z,163697,373.036637
370.14,374.795,370.025,3641,373.26,2023-11-09T16:00:00Z,332270,372.593956
369.97,370.43,369.6,1710,370.11,2023-11-09T20:00:00Z,241001,369.950663
372.91,373.27,370.99,1695,370.99,2023-11-10T12:00:00Z,190727,372.345832
377.635,377.92,372.94,3839,372.94,2023-11-10T16:00:00Z,409606,376.225067
377.96,378.68,377.6,2535,377.68,2023-11-10T20:00:00Z,386243,378.230046
376.95,377.25,375.27,2099,376.86,2023-11-13T12:00:00Z,234927,376.300845
377.81,378.24,376.86,2974,377.005,2023-11-13T16:00:00Z,345647,377.647964
377.28,378.05,377.12,1471,377.795,2023-11-13T20:00:00Z,235791,377.420624
385.0,385.865,378.41,2631,378.41,2023-11-14T12:00:00Z,381416,384.571633
385.56,385.66,383.93,4023,385.15,2023-11-14T16:00:00Z,429413,384.850996
385.85,386.25,384.91,2582,385.52,2023-11-14T20:00:00Z,367688,385.494115
387.36,389.28,386.0,1672,389.1,2023-11-15T12:00:00Z,183215,386.8956
386.1,387.51,384.24,4020,387.4,2023-11-15T16:00:00Z,526405,385.955517
384.54,386.19,384.3,1650,386.09,2023-11-15T20:00:00Z,263272,385.503251
384.515,386.17,384.01,1617,384.91,2023-11-16T12:00:00Z,201057,385.170009
385.515,386.09,383.57,2789,384.43,2023-11-16T16:00:00Z,250467,384.918064
385.99,386.19,385.26,1335,385.5,2023-11-16T20:00:00Z,153645,385.834774
385.21,386.41,384.34,1322,386.41,2023-11-17T12:00:00Z,155171,385.134598
386.37,387.06,384.31,3233,385.11,2023-11-17T16:00:00Z,195493,385.892838
385.64,386.75,385.43,1013,386.41,2023-11-17T20:00:00Z,128140,385.957948
388.59,388.61,386.03,1576,386.03,2023-11-20T12:00:00Z,158866,387.765242
390.9,390.95,388.59,3259,388.59,2023-11-20T16:00:00Z,314153,389.596036
390.67,391.41,390.44,1738,390.85,2023-11-20T20:00:00Z,235696,390.842051
387.42,389.21,386.72,1470,388.87,2023-11-21T12:00:00Z,195410,388.014587
388.37,388.48,386.96,2468,387.33,2023-11-21T16:00:00Z,251928,387.673265
388.09,388.92,386.59,1413,388.4,2023-11-21T20:00:00Z,281211,388.361263
389.93,393.04,389.11,1981,390.675,2023-11-22T12:00:00Z,228322,390.838485
390.25,391.41,389.25,2317,389.79,2023-11-22T16:00:00Z,241012,390.546846
389.92,390.42,389.85,1190,390.245,2023-11-22T20:00:00Z,143499,390.135388
389.01,390.23,388.54,1355,389.66,2023-11-24T12:00:00Z,185389,389.224681
389.5,389.54,388.86,1661,389.04,2023-11-24T16:00:00Z,213721,389.295021
390.05,390.2,388.34,1908,389.18,2023-11-27T12:00:00Z,232618,389.443698
389.595,391.11,388.97,3696,389.91,2023-11-27T16:00:00Z,339336,390.132558
389.12,390.12,388.985,1838,389.585,2023-11-27T20:00:00Z,293091,389.507879
389.32,390.18,388.06,1329,388.44,2023-11-28T12:00:00Z,151148,388.973849
389.48,390.74,388.31,1821,389.36,2023-11-28T16:00:00Z,182246,389.392608
390.3,390.44,388.83,905,389.53,2023-11-28T20:00:00Z,107765,389.82594
392.025,394.11,391.18,1683,392.6,2023-11-29T12:00:00Z,183167,392.717553
390.71,392.04,389.91,2501,391.97,2023-11-29T16:00:00Z,227790,390.864166
390.23,390.72,389.47,1329,390.705,2023-11-29T20:00:00Z,142400,389.830776
387.36,391.27,386.48,1514,391.12,2023-11-30T12:00:00Z,238344,388.498691
387.495,387.63,385.83,3550,387.355,2023-11-30T16:00:00Z,336930,386.691764
388.32,389.09,386.17,2079,387.515,2023-11-30T20:00:00Z,278459,388.063632
387.2,388.35,386.13,1396,388.01,2023-12-01T12:00:00Z,132200,387.148039
390.12,390.51,386.59,3746,387.17,2023-12-01T16:00:00Z,326608,389.242678
390.16,390.245,389.43,2096,390.13,2023-12-01T20:00:00Z,239833,389.882604
383.065,387.52,382.66,2569,387.48,2023-12-04T12:00:00Z,273779,384.65786
385.19,386.17,382.855,3383,383.06,2023-12-04T16:00:00Z,316948,384.913862
385.9,386.59,384.78,1683,385.18,2023-12-04T20:00:00Z,243651,386.03543
388.275,388.48,383.98,2259,384.81,2023-12-05T12:00:00Z,266507,386.855268
387.01,388.47,385.31,3391,388.28,2023-12-05T16:00:00Z,319877,386.58884
386.94,387.55,386.62,1506,387.005,2023-12-05T20:00:00Z,197076,387.040214
387.86,390.34,386.54,1932,389.12,2023-12-06T12:00:00Z,225589,388.079853
386.31,388.28,385.77,3053,387.93,2023-12-06T16:00:00Z,228094,386.779507
384.98,386.37,384.71,1797,386.245,2023-12-06T20:00:00Z,245120,385.193962
389.57,389.825,386.05,1488,386.05,2023-12-07T12:00:00Z,222328,388.35861
390.23,391.27,388.06,2657,389.64,2023-12-07T16:00:00Z,314965,390.107687
390.1,390.92,389.99,2057,390.2,2023-12-07T20:00:00Z,264668,390.568715
392.3,392.5,387.28,2558,389.23,2023-12-08T12:00:00Z,306703,390.324169
392.49,392.62,389.53,2827,392.34,2023-12-08T16:00:00Z,279662,391.305522
391.98,392.6,391.92,2354,392.5,2023-12-08T20:00:00Z,233179,392.272389
394.15,394.65,391.53,2458,391.53,2023-12-11T12:00:00Z,236020,393.460126
395.25,395.79,392.82,3984,394.12,2023-12-11T16:00:00Z,337887,394.522074
395.81,395.83,394.97,1973,395.24,2023-12-11T20:00:00Z,160964,395.420168
396.865,396.865,394.42,1448,396.14,2023-12-12T12:00:00Z,136559,395.823275
398.09,398.1,396.11,2472,396.845,2023-12-12T16:00:00Z,268867,397.248777
399.3,399.3,397.965,2052,398.075,2023-12-12T20:00:00Z,222370,398.447165
400.105,400.78,399.4,1577,399.65,2023-12-13T12:00:00Z,153831,400.075048
403.53,403.98,398.86,3942,400.105,2023-12-13T16:00:00Z,403337,400.87368
403.53,404.33,401.4,2921,403.58,2023-12-13T20:00:00Z,317897,403.027469
404.76,406.29,403.65,3210,404.82,2023-12-14T12:00:00Z,318820,404.99831
402.95,404.93,400.365,5637,404.75,2023-12-14T16:00:00Z,580709,402.940225
403.11,403.41,402.75,2382,402.95,2023-12-14T20:00:00Z,293692,403.070964
405.88,406.26,403.48,3102,404.39,2023-12-15T12:00:00Z,361073,405.172572
404.76,406.53,403.59,4547,405.9,2023-12-15T16:00:00Z,491691,405.192087
404.89,406.09,404.66,2404,404.82,2023-12-15T20:00:00Z,305821,405.339122
405.5,406.33,404.64,1884,404.87,2023-12-18T12:00:00Z,174916,405.613261
407.68,407.98,405.185,2836,405.45,2023-12-18T16:00:00Z,294711,406.865742
406.75,407.945,406.55,1857,407.655,2023-12-18T20:00:00Z,243032,407.419117
408.6,408.86,407.39,2310,407.61,2023-12-19T12:00:00Z,220295,408.146727
408.66,408.93,407.84,3122,408.66,2023-12-19T16:00:00Z,235675,408.496727
409.14,409.31,408.3,1312,408.67,2023-12-19T20:00:00Z,151237,408.822266
409.95,410.46,407.98,1977,408.15,2023-12-20T12:00:00Z,185944,409.495144
404.91,410.25,404.755,3584,409.96,2023-12-20T16:00:00Z,303420,408.411619
403.67,405.54,402.91,3677,404.82,2023-12-20T20:00:00Z,685070,403.919782
405.81,407.92,405.15,2346,405.9,2023-12-21T12:00:00Z,248504,406.594887
406.16,407.005,404.47,3986,405.83,2023-12-21T16:00:00Z,359780,405.755465
407.85,408.13,405.9,2455,406.08,2023-12-21T20:00:00Z,276128,407.625658
408.88,409.96,407.47,1911,407.77,2023-12-22T12:00:00Z,204849,409.368348
408.64,409.45,406.56,2674,408.84,2023-12-22T16:00:00Z,252524,408.31131
408.06,408.73,407.99,1361,408.72,2023-12-22T20:00:00Z,178718,408.368761
409.96,410.39,409.05,1039,409.18,2023-12-26T12:00:00Z,87632,409.927741
410.655,410.69,409.59,1132,409.95,2023-12-26T16:00:00Z,101479,410.160371
410.95,411.56,410.57,1716,410.72,2023-12-26T20:00:00Z,249081,410.91825
410.6,411.7,410.13,980,411.04,2023-12-27T12:00:00Z,96071,410.913192
410.71,411.78,410.27,2269,410.63,2023-12-27T16:00:00Z,330833,410.96024
411.71,411.71,410.57,1334,410.71,2023-12-27T20:00:00Z,158703,410.970794
412.17,412.89,411.54,1029,412.69,2023-12-28T12:00:00Z,128410,412.091084
411.84,412.27,411.29,3022,412.16,2023-12-28T16:00:00Z,295658,411.942718
411.21,411.85,410.94,1252,411.83,2023-12-28T20:00:00Z,172886,411.347044
409.46,411.64,409.08,1520,411.18,2023-12-29T12:00:00Z,184606,410.66823
410.04,410.11,407.58,4056,409.52,2023-12-29T16:00:00Z,360918,408.723541
409.25,410.22,408.76,2029,410.045,2023-12-29T20:00:00Z,272904,409.522312
402.385,406.19,401.78,3513,405.48,2024-01-02T12:00:00Z,352724,403.25082
400.96,404.18,400.96,5410,402.34,2024-01-02T16:00:00Z,522126,402.885518
402.76,402.93,400.26,2963,401.065,2024-01-02T20:00:00Z,422110,401.666949
399.65,400.92,398.4,3083,400.61,2024-01-03T12:00:00Z,350391,399.607211
399.5,400.43,398.13,3678,399.65,2024-01-03T16:00:00Z,368503,399.415295
398.2,399.585,397.95,1609,399.585,2024-01-03T20:00:00Z,194941,398.580242
398.22,398.55,396.21,1605,397.51,2024-01-04T12:00:00Z,166526,397.486194
397.3,399.56,396.82,2956,398.265,2024-01-04T16:00:00Z,291975,397.970341
396.44,397.82,396.07,1679,397.305,2024-01-04T20:00:00Z,263662,396.690687
399.19,399.3,393.84,2567,395.47,2024-01-05T12:00:00Z,277569,398.019204
395.745,399.5,395.73,3564,399.25,2024-01-05T16:00:00Z,329630,397.398429
396.86,396.98,395.36,1822,395.78,2024-01-05T20:00:00Z,196212,396.354823
401.465,401.8,397.41,1879,397.52,2024-01-08T12:00:00Z,240261,400.067281
404.515,404.77,401.15,4198,401.52,2024-01-08T16:00:00Z,391830,403.051226
404.74,405.235,404.255,3114,404.45,2024-01-08T20:00:00Z,528234,404.894551
403.47,403.87,401.73,2684,402.62,2024-01-09T12:00:00Z,267815,402.771785
405.695,406.65,403.55,3001,403.55,2024-01-09T16:00:00Z,297402,405.299211
405.7,406.01,404.61,1759,405.69,2024-01-09T20:00:00Z,187777,405.505803
407.34,407.36,405.17,1944,405.63,2024-01-10T12:00:00Z,193390,406.348675
409.43,409.44,406.45,2663,407.37,2024-01-10T16:00:00Z,230023,407.986897
408.91,409.51,407.395,1766,409.5,2024-01-10T20:00:00Z,188209,408.411377
406.76,411.14,406.04,2763,409.25,2024-01-11T12:00:00Z,281921,407.955923
409.555,409.75,404.28,4698,406.8,2024-01-11T16:00:00Z,494832,406.525557
409.18,409.65,408.38,1560,409.65,2024-01-11T20:00:00Z,180008,409.122788
408.92,411.22,408.18,1867,409.14,2024-01-12T12:00:00Z,321658,409.681998
409.08,410.09,408.3,2134,408.84,2024-01-12T16:00:00Z,195185,409.271039
409.06,409.75,408.635,1167,409.04,2024-01-12T20:00:00Z,127092,409.394708
410.6,411.11,406.92,2336,407.49,2024-01-16T12:00:00Z,212679,409.00272
408.61,410.86,407.04,3060,410.84,2024-01-16T16:00:00Z,308709,408.934361
409.61,409.61,408.43,1678,408.605,2024-01-16T20:00:00Z,171717,408.960318
404.88,406.76,402.96,2611,406.63,2024-01-17T12:00:00Z,271046,404.404964
406.225,406.57,404.02,3152,404.88,2024-01-17T16:00:00Z,334278,405.445244
407.04,407.57,405.495,1757,406.245,2024-01-17T20:00:00Z,237519,406.888277
411.895,412.43,410.09,2630,411.05,2024-01-18T12:00:00Z,322815,411.292157
412.92,413.17,409.17,5229,411.88,2024-01-18T16:00:00Z,477915,411.554309
413.32,413.57,412.62,2810,412.99,2024-01-18T20:00:00Z,294257,413.147234
416.08,416.43,414.645,2584,416.39,2024-01-19T12:00:00Z,264421,415.474567
420.915,421.09,415.79,5949,415.91,2024-01-19T16:00:00Z,613837,418.719469
421.88,421.91,420.58,2751,420.87,2024-01-19T20:00:00Z,330863,421.079777
421.46,424.69,421.24,2476,424.12,2024-01-22T12:00:00Z,280083,422.858499
421.95,423.005,421.16,2836,421.47,2024-01-22T16:00:00Z,217669,422.091421
421.66,422.44,421.37,1252,421.98,2024-01-22T20:00:00Z,169495,421.801912
421.58,423.35,420.59,1501,422.35,2024-01-23T12:00:00Z,248535,421.633848
422.61,422.74,421.03,2514,421.61,2024-01-23T16:00:00Z,196600,421.982356
424.13,424.13,422.54,1837,422.635,2024-01-23T20:00:00Z,223914,423.268204
428.49,429.15,426.12,1658,426.83,2024-01-24T12:00:00Z,225811,427.536702
426.76,429.84,426.03,3831,428.62,2024-01-24T16:00:00Z,376202,428.015346
425.83,427.21,424.51,1474,426.67,2024-01-24T20:00:00Z,174771,426.011705
428.06,428.69,426.61,1792,427.03,2024-01-25T12:00:00Z,210160,427.679579
425.62,429.03,423.98,2705,427.98,2024-01-25T16:00:00Z,328716,426.208406
425.19,426.325,425.08,1523,425.56,2024-01-25T20:00:00Z,190792,425.739813
426.04,426.04,423.2,1279,424.91,2024-01-26T12:00:00Z,186539,424.589107
424.63,426.19,423.21,2073,426.12,2024-01-26T16:00:00Z,206849,424.642895
423.1,424.67,423.1,1210,424.62,2024-01-26T20:00:00Z,164977,423.839333
423.95,425.1,423.76,1325,424.27,2024-01-29T12:00:00Z,128464,424.331936
426.13,426.33,423.63,1777,423.88,2024-01-29T16:00:00Z,143649,425.24619
428.02,428.35,426.26,2288,426.26,2024-01-29T20:00:00Z,310766,427.774577
426.645,427.65,426.12,1415,427.09,2024-01-30T12:00:00Z,160265,426.972476
425.42,426.91,424.39,2510,426.64,2024-01-30T16:00:00Z,213300,425.622573
422.63,425.83,422.63,1897,425.4,2024-01-30T20:00:00Z,172428,425.126796
418.51,421.86,418.09,2324,421.45,2024-01-31T12:00:00Z,267116,419.675924
420.36,422.86,418.5,3490,418.5,2024-01-31T16:00:00Z,343333,420.099064
417.49,420.47,416.68,1876,420.39,2024-01-31T20:00:00Z,231895,417.775273
418.05,420.32,417.96,2226,419.68,2024-02-01T12:00:00Z,226760,419.317617
421.87,421.96,417.81,3109,418.025,2024-02-01T16:00:00Z,332061,420.045797
426.36,426.84,421.2,1520,421.88,2024-02-01T20:00:00Z,197205,422.186757
426.93,427.54,422.84,2515,424.77,2024-02-02T12:00:00Z,282173,425.393559
429.92,430.24,426.23,3518,426.96,2024-02-02T16:00:00Z,344351,428.74698
428.2,430.215,428.2,1760,429.96,2024-02-02T20:00:00Z,226831,429.556463
425.96,429.39,425.06,2129,428.7,2024-02-05T12:00:00Z,209278,427.642903
429.35,429.59,425.78,2808,425.925,2024-02-05T16:00:00Z,273561,427.901126
428.47,429.36,427.88,1302,429.36,2024-02-05T20:00:00Z,155025,428.680511
427.1,430.155,426.13,1996,429.41,2024-02-06T12:00:00Z,232278,427.71509
427.0,427.68,425.25,3427,427.04,2024-02-06T16:00:00Z,312916,426.284895
427.2,427.68,426.17,1413,427.025,2024-02-06T20:00:00Z,150524,427.024516
431.82,432.81,429.09,2534,429.29,2024-02-07T12:00:00Z,294688,430.831754
432.29,432.49,430.565,2676,431.81,2024-02-07T16:00:00Z,280391,431.819793
432.14,432.62,431.78,1315,432.32,2024-02-07T20:00:00Z,158028,432.097752
433.37,433.43,431.27,1403,431.27,2024-02-08T12:00:00Z,136775,432.292273
432.725,433.54,431.92,2496,433.32,2024-02-08T16:00:00Z,192291,432.914264
432.78,433.12,432.42,1168,432.81,2024-02-08T20:00:00Z,122899,432.773416
435.98,436.06,433.18,1824,434.72,2024-02-09T12:00:00Z,213808,434.758103
437.54,437.83,435.37,2759,435.97,2024-02-09T16:00:00Z,251813,436.48941
437.01,437.46,436.84,1230,437.46,2024-02-09T20:00:00Z,152704,437.076719
438.13,438.22,436.385,1459,437.08,2024-02-12T12:00:00Z,204801,437.048948
435.04,439.13,434.67,2706,438.18,2024-02-12T16:00:00Z,294136,437.245298
434.29,435.82,434.05,1199,435.06,2024-02-12T20:00:00Z,164568,435.272849
429.69,432.54,426.35,2783,432.54,2024-02-13T12:00:00Z,359175,428.949547
426.06,430.84,425.9,2969,429.71,2024-02-13T16:00:00Z,364925,428.483986
429.05,429.05,425.35,2574,426.11,2024-02-13T20:00:00Z,313525,426.955673
430.23,432.605,430.21,1715,431.03,2024-02-14T12:00:00Z,189473,431.321269
431.385,431.82,428.895,3253,430.0,2024-02-14T16:00:00Z,318056,430.417077
433.35,433.65,431.16,1918,431.46,2024-02-14T20:00:00Z,234658,432.827104
432.89,434.75,431.8,1980,434.07,2024-02-15T12:00:00Z,208488,432.842197
434.36,434.95,431.35,3057,432.94,2024-02-15T16:00:00Z,327937,433.60876
435.39,435.75,433.555,1208,434.27,2024-02-15T20:00:00Z,157698,434.386532
432.03,435.39,429.9,2310,435.24,2024-02-16T12:00:00Z,270572,432.34572
431.64,434.31,431.255,3850,432.06,2024-02-16T16:00:00Z,328162,433.070177
429.98,431.77,429.83,1519,431.61,2024-02-16T20:00:00Z,194817,430.743265
426.38,430.01,424.23,2000,428.8,2024-02-20T12:00:00Z,198725,426.138965
426.3,427.0,423.55,3236,426.46,2024-02-20T16:00:00Z,284251,425.308358
426.55,427.31,425.4,1432,426.39,2024-02-20T20:00:00Z,151465,426.4351
423.92,425.26,423.47,1450,424.68,2024-02-21T12:00:00Z,107557,424.286428
422.45,425.07,421.67,2987,423.92,2024-02-21T16:00:00Z,228078,423.630642
429.04,429.17,421.88,1362,422.26,2024-02-21T20:00:00Z,146147,424.724139
434.915,436.38,433.74,3149,434.26,2024-02-22T12:00:00Z,341365,435.18035
438.23,439.12,434.74,3488,434.95,2024-02-22T16:00:00Z,330015,437.479062
437.57,439.06,437.3,2264,438.18,2024-02-22T20:00:00Z,356405,438.443071
437.54,440.57,437.51,1770,439.04,2024-02-23T12:00:00Z,175987,439.15378
437.45,438.57,435.84,2976,437.55,2024-02-23T16:00:00Z,247940,437.531828
436.31,437.58,436.08,1790,437.57,2024-02-23T20:00:00Z,163239,436.988167
437.565,438.37,436.37,1127,437.65,2024-02-26T12:00:00Z,105852,437.512747
437.58,438.58,436.735,2068,437.62,2024-02-26T16:00:00Z,174315,437.703627
436.0,437.98,436.0,1096,437.56,2024-02-26T20:00:00Z,137601,436.981325
437.53,437.955,435.835,1499,437.16,2024-02-27T12:00:00Z,173522,437.233111
437.87,437.92,435.07,3239,437.56,2024-02-27T16:00:00Z,311026,436.809513
437.75,437.95,437.27,1274,437.865,2024-02-27T20:00:00Z,206077,437.629557
435.56,436.28,434.36,1395,435.61,2024-02-28T12:00:00Z,137637,435.162302
435.18,436.66,434.52,2589,435.56,2024-02-28T16:00:00Z,239531,435.655054
433.89,435.565,433.62,1212,435.235,2024-02-28T20:00:00Z,146806,435.074595
437.52,439.22,435.65,2546,435.65,2024-02-29T12:00:00Z,293082,438.379947
438.355,438.85,435.06,3328,437.59,2024-02-29T16:00:00Z,413633,437.559898
439.21,440.085,438.01,1347,438.4,2024-02-29T20:00:00Z,196558,439.321691
442.17,442.405,439.6,1135,439.98,2024-03-01T12:00:00Z,107480,441.208161
446.41,446.55,442.19,3150,442.19,2024-03-01T16:00:00Z,306990,444.872896
445.32,446.39,445.22,1652,446.39,2024-03-01T20:00:00Z,229582,445.708062
445.435,445.89,444.44,1486,445.81,2024-03-04T12:00:00Z,143959,445.079359
445.82,445.99,444.215,2158,445.475,2024-03-04T16:00:00Z,192340,445.099456
443.47,446.0,443.42,1226,445.68,2024-03-04T20:00:00Z,132089,444.427589
436.255,441.41,435.67,1989,441.39,2024-03-05T12:00:00Z,210086,438.144014
434.24,437.17,434.115,3072,436.22,2024-03-05T16:00:00Z,360336,435.683702
437.34,437.4,433.65,1971,434.235,2024-03-05T20:00:00Z,314571,434.968885
439.63,440.73,436.91,1332,439.36,2024-03-06T12:00:00Z,163047,439.009168
438.49,441.945,437.92,2581,439.685,2024-03-06T16:00:00Z,245435,440.083285
438.78,439.24,437.435,1335,438.32,2024-03-06T20:00:00Z,127297,438.551384
443.975,444.78,440.89,1061,441.4,2024-03-07T12:00:00Z,124042,443.216609
445.83,446.69,443.94,2542,443.995,2024-03-07T16:00:00Z,272071,445.649788
444.1,446.235,441.92,1535,445.85,2024-03-07T20:00:00Z,242217,445.612852
447.26,448.61,444.92,1649,444.92,2024-03-08T12:00:00Z,144825,447.126918
441.64,447.34,438.35,4142,447.33,2024-03-08T16:00:00Z,498670,441.791745
439.4,442.11,439.06,1606,441.64,2024-03-08T20:00:00Z,224856,439.652529
438.06,438.57,435.46,2699,436.9,2024-03-11T12:00:00Z,246671,437.08645
437.36,438.47,436.68,3302,438.07,2024-03-11T16:00:00Z,265854,437.494193
437.98,438.35,437.31,18,437.51,2024-03-11T20:00:00Z,3102,437.77
442.32,443.165,436.54,1532,440.83,2024-03-12T12:00:00Z,159274,440.677406
443.65,444.01,440.16,2696,442.38,2024-03-12T16:00:00Z,329344,442.839293
443.76,443.82,443.43,30,443.63,2024-03-12T20:00:00Z,9188,443.615411
440.41,442.93,439.25,1805,442.65,2024-03-13T12:00:00Z,199763,440.942217
440.21,441.95,439.26,3443,440.43,2024-03-13T16:00:00Z,333634,440.800534
440.82,440.82,440.11,31,440.15,2024-03-13T20:00:00Z,9070,440.519664
439.82,441.995,437.4,1587,441.6,2024-03-14T12:00:00Z,174794,439.908636
439.13,440.39,436.415,3078,439.85,2024-03-14T16:00:00Z,371273,438.607498
439.0,439.68,438.67,50,439.06,2024-03-14T20:00:00Z,11864,439.092134
434.12,438.9,433.31,2559,438.88,2024-03-15T12:00:00Z,239139,435.337035
433.95,435.06,432.76,3964,434.04,2024-03-15T16:00:00Z,354809,433.984873
434.02,434.39,434.02,63,434.24,2024-03-15T20:00:00Z,24179,434.191728
439.02,441.04,438.41,2343,438.51,2024-03-18T12:00:00Z,253840,439.93176
437.43,439.42,437.245,2835,438.96,2024-03-18T16:00:00Z,295975,438.302561
437.38,437.71,437.05,30,437.22,2024-03-18T20:00:00Z,7022,437.373499
435.82,436.045,433.425,1994,434.02,2024-03-19T12:00:00Z,193680,434.703106
438.62,438.97,435.655,3078,435.87,2024-03-19T16:00:00Z,295666,438.159827
438.88,438.89,438.43,20,438.84,2024-03-19T20:00:00Z,4638,438.698398
438.9,440.15,438.07,1675,439.2,2024-03-20T12:00:00Z,115542,438.851166
443.88,444.1,438.1,3294,438.84,2024-03-20T16:00:00Z,322089,441.656385
445.11,445.14,444.09,33,444.09,2024-03-20T20:00:00Z,7964,444.93307
448.72,449.31,447.3,2217,448.43,2024-03-21T12:00:00Z,240830,448.094961
445.79,449.3,445.69,3191,448.67,2024-03-21T16:00:00Z,264365,447.072439
446.23,446.34,445.82,10,446.02,2024-03-21T20:00:00Z,5673,445.994675
445.7,446.015,444.57,1376,444.8,2024-03-22T12:00:00Z,99816,445.280727
446.18,447.47,445.19,2660,445.93,2024-03-22T16:00:00Z,220243,446.524624
445.86,446.29,445.85,13,446.29,2024-03-22T20:00:00Z,6696,445.977717
445.44,445.8,442.59,1491,444.13,2024-03-25T12:00:00Z,155242,444.623632
444.76,446.26,444.7,1917,445.47,2024-03-25T16:00:00Z,155193,445.405964
444.86,444.87,444.78,10,444.87,2024-03-25T20:00:00Z,6960,444.824655
446.58,447.19,445.43,1649,446.93,2024-03-26T12:00:00Z,142173,446.274126
443.32,446.67,443.12,2580,446.64,2024-03-26T16:00:00Z,214285,444.769514
444.1,444.1,443.64,2,443.64,2024-03-26T20:00:00Z,1300,443.923077
442.35,446.46,442.05,1441,445.66,2024-03-27T12:00:00Z,141624,443.419485
444.93,444.95,442.26,2961,442.265,2024-03-27T16:00:00Z,414347,443.627367
445.15,445.28,444.81,45,444.82,2024-03-27T20:00:00Z,13627,445.107913
445.05,445.59,443.84,2000,445.21,2024-03-28T12:00:00Z,258797,444.835638
444.09,445.14,443.66,2487,444.95,2024-03-28T16:00:00Z,256085,444.475292
443.93,444.24,443.71,38,443.71,2024-03-28T20:00:00Z,11962,444.088285
443.24,447.49,443.215,2334,445.23,2024-04-01T12:00:00Z,196758,445.690826
445.0,445.37,443.11,2438,443.28,2024-04-01T16:00:00Z,204313,444.388892
444.98,445.17,444.96,10,445.02,2024-04-01T20:00:00Z,2255,445.007727
438.725,443.06,438.045,2916,442.82,2024-04-02T12:00:00Z,284082,439.177615
441.12,441.39,438.75,3667,438.76,2024-04-02T16:00:00Z,333733,440.31078
441.36,441.36,441.19,28,441.19,2024-04-02T20:00:00Z,9297,441.266087
442.88,444.0,438.87,1487,439.62,2024-04-03T12:00:00Z,121977,441.886861
442.09,443.68,440.6,1968,442.66,2024-04-03T16:00:00Z,207225,442.414449
442.45,442.65,442.31,34,442.31,2024-04-03T20:00:00Z,8741,442.549079
446.17,446.905,444.39,1396,444.39,2024-04-04T12:00:00Z,153914,445.747854
435.26,446.91,435.115,4281,446.15,2024-04-04T16:00:00Z,632345,439.479181
435.16,435.78,434.83,34,435.57,2024-04-04T20:00:00Z,9351,435.523068
441.97,442.14,435.44,2722,437.03,2024-04-05T12:00:00Z,260497,439.364143
440.52,443.13,439.47,4234,441.965,2024-04-05T16:00:00Z,489805,441.163555
440.6,440.6,440.26,20,440.4,2024-04-05T20:00:00Z,5584,440.349298
440.67,442.49,439.2,1029,441.24,2024-04-08T12:00:00Z,100837,441.192242
440.6,441.39,439.69,2059,440.59,2024-04-08T16:00:00Z,217616,440.652389
440.94,441.04,440.85,11,440.89,2024-04-08T20:00:00Z,3840,440.935018
439.91,443.18,437.45,1597,442.02,2024-04-09T12:00:00Z,173328,440.405452
442.26,442.32,438.745,2204,440.28,2024-04-09T16:00:00Z,260532,440.805459
442.77,443.25,442.28,43,442.28,2024-04-09T20:00:00Z,13667,442.890815
437.13,442.93,435.11,2100,442.92,2024-04-10T12:00:00Z,313853,437.434196
438.34,438.985,436.41,3578,437.01,2024-04-10T16:00:00Z,411722,437.95463
437.97,437.97,437.42,24,437.86,2024-04-10T20:00:00Z,3847,437.685432
441.51,441.6,438.08,1536,439.57,2024-04-11T12:00:00Z,155125,439.848173
445.475,446.3,440.815,3021,441.46,2024-04-11T16:00:00Z,462607,444.679471
445.55,445.67,445.38,22,445.53,2024-04-11T20:00:00Z,7565,445.502145
440.3,442.24,438.68,2129,441.33,2024-04-12T12:00:00Z,261860,440.472192
438.19,440.21,437.0,3329,440.21,2024-04-12T16:00:00Z,408783,437.981256
438.52,438.57,438.44,24,438.45,2024-04-12T20:00:00Z,7821,438.485613
439.06,442.38,437.85,1931,440.86,2024-04-15T12:00:00Z,194701,439.917933
430.97,439.465,430.24,3601,439.04,2024-04-15T16:00:00Z,396405,432.372702
431.02,431.02,430.37,16,430.76,2024-04-15T20:00:00Z,4800,430.624583
431.52,432.52,429.82,2028,431.12,2024-04-16T12:00:00Z,222475,431.300856
431.07,433.655,429.78,3053,431.37,2024-04-16T16:00:00Z,326690,431.659216
431.36,431.38,431.05,12,431.08,2024-04-16T20:00:00Z,3475,431.143797
428.04,433.24,427.56,1519,432.55,2024-04-17T12:00:00Z,179792,430.042379
425.76,429.18,424.91,2906,427.99,2024-04-17T16:00:00Z,337955,426.652442
426.06,426.16,425.8,40,425.89,2024-04-17T20:00:00Z,7697,425.99937
426.96,428.22,423.55,1905,426.86,2024-04-18T12:00:00Z,239304,426.104855
423.385,427.38,422.89,3169,427.07,2024-04-18T16:00:00Z,306861,424.226348
422.8,424.18,422.71,46,423.71,2024-04-18T20:00:00Z,9178,423.498667
417.35,423.49,417.31,2477,423.19,2024-04-19T12:00:00Z,357967,420.172177
414.71,418.52,413.12,4273,417.415,2024-04-19T16:00:00Z,521455,415.035185
414.59,414.64,414.21,27,414.53,2024-04-19T20:00:00Z,6655,414.461439
416.43,418.27,414.0,1768,416.79,2024-04-22T12:00:00Z,243596,416.537231
418.88,421.18,416.07,2358,416.48,2024-04-22T16:00:00Z,297064,419.190912
418.6,418.6,418.27,15,418.27,2024-04-22T20:00:00Z,3519,418.374303
424.025,425.0,420.06,1218,420.06,2024-04-23T12:00:00Z,240366,422.537218
425.105,426.155,424.045,1289,424.045,2024-04-23T16:00:00Z,182248,425.295951
426.27,426.3,425.19,54,425.19,2024-04-23T20:00:00Z,10845,425.823591
425.32,429.65,425.05,1680,428.35,2024-04-24T12:00:00Z,162477,427.726912
426.54,427.56,424.23,2064,425.17,2024-04-24T16:00:00Z,232799,426.115728
423.0,426.75,422.28,158,426.74,2024-04-24T20:00:00Z,28872,423.604465
420.81,421.49,418.18,2002,421.02,2024-04-25T12:00:00Z,275916,419.739942
424.46,425.29,420.36,2901,420.685,2024-04-25T16:00:00Z,372065,423.722827
430.2,430.61,425.25,142,425.25,2024-04-25T20:00:00Z,23090,429.366686
431.23,432.145,426.99,1963,427.93,2024-04-26T12:00:00Z,282433,429.671223
431.085,432.52,430.93,2096,431.155,2024-04-26T16:00:00Z,328865,431.509408
431.01,431.22,430.89,15,431.17,2024-04-26T20:00:00Z,7776,431.130083
432.235,433.72,430.92,1268,433.02,2024-04-29T12:00:00Z,156406,432.402863
432.83,433.26,430.04,1858,432.315,2024-04-29T16:00:00Z,167334,432.08367
433.04,433.28,432.9,44,433.28,2024-04-29T20:00:00Z,9846,433.063819
429.36,432.53,428.68,877,432.26,2024-04-30T12:00:00Z,116671,430.838688
424.63,429.65,424.555,1551,429.44,2024-04-30T16:00:00Z,194341,427.383285
423.38,425.86,422.52,179,424.59,2024-04-30T20:00:00Z,30041,424.371238
421.2,423.44,420.99,1133,422.15,2024-05-01T12:00:00Z,129216,422.50082
421.3,430.04,420.73,2389,420.97,2024-05-01T16:00:00Z,323040,424.509175
422.58,422.6,421.84,33,422.37,2024-05-01T20:00:00Z,6611,422.338722
424.81,426.13,420.63,1539,425.24,2024-05-02T12:00:00Z,169738,423.739566
426.92,427.79,423.24,1807,424.85,2024-05-02T16:00:00Z,169543,426.045962
429.07,429.36,426.95,46,426.95,2024-05-02T20:00:00Z,8046,428.389158
435.05,436.29,432.32,1928,432.32,2024-05-03T12:00:00Z,189120,434.318586
435.435,436.0,434.58,1621,435.18,2024-05-03T16:00:00Z,274800,435.445317
435.98,436.06,435.7,20,435.7,2024-05-03T20:00:00Z,8900,435.918539
438.175,438.46,436.53,1311,436.95,2024-05-06T12:00:00Z,156053,437.852873
440.26,440.31,437.28,2030,438.21,2024-05-06T16:00:00Z,262749,438.86873
439.99,440.25,439.89,51,440.25,2024-05-06T20:00:00Z,12589,440.099375
441.55,441.89,439.6,1218,439.6,2024-05-07T12:00:00Z,156234,440.934871
440.26,441.94,439.61,1824,441.68,2024-05-07T16:00:00Z,224039,440.744587
440.68,440.73,440.6,13,440.6,2024-05-07T20:00:00Z,6800,440.699118
439.815,441.445,437.52,910,438.24,2024-05-08T12:00:00Z,111604,439.695236
440.135,440.48,439.065,1096,439.84,2024-05-08T16:00:00Z,152446,440.018787
439.55,439.97,439.55,13,439.97,2024-05-08T20:00:00Z,3711,439.82081
440.21,441.55,438.595,1040,440.46,2024-05-09T12:00:00Z,131475,440.219545
441.07,441.585,440.055,1459,440.11,2024-05-09T16:00:00Z,227818,440.941939
441.4,441.48,441.01,15,441.01,2024-05-09T20:00:00Z,6577,441.217623
441.68,444.28,440.71,1201,442.92,2024-05-10T12:00:00Z,136910,442.366867
442.1,442.415,440.97,1072,441.525,2024-05-10T16:00:00Z,194614,441.87416
441.81,441.95,441.81,10,441.94,2024-05-10T20:00:00Z,5352,441.893094
443.09,444.03,442.1,853,443.41,2024-05-13T12:00:00Z,110364,442.965889
443.21,443.44,442.02,745,443.1,2024-05-13T16:00:00Z,75032,442.876437
442.84,443.23,442.84,15,443.17,2024-05-13T20:00:00Z,5812,443.003805
443.785,444.925,440.97,1067,441.08,2024-05-14T12:00:00Z,203246,443.428382
445.97,446.445,443.26,1969,443.765,2024-05-14T16:00:00Z,314011,445.589008
445.88,446.03,445.86,34,446.0,2024-05-14T20:00:00Z,17824,445.965333
450.465,450.67,446.94,1260,449.1,2024-05-15T12:00:00Z,157212,449.167859
452.87,453.15,450.105,2729,450.42,2024-05-15T16:00:00Z,353666,452.386541
452.83,452.83,452.27,41,452.61,2024-05-15T20:00:00Z,17095,452.513068
454.205,454.665,452.59,698,453.87,2024-05-16T12:00:00Z,115409,453.567583
451.96,454.155,451.815,1105,454.06,2024-05-16T16:00:00Z,240292,452.791457
451.64,451.96,451.64,18,451.95,2024-05-16T20:00:00Z,7178,451.848383
452.195,452.84,451.375,778,452.72,2024-05-17T12:00:00Z,97750,452.093665
451.83,452.28,449.58,1499,452.075,2024-05-17T16:00:00Z,213932,451.356703
451.63,451.63,451.37,17,451.5,2024-05-17T20:00:00Z,10318,451.466275
454.38,455.0,451.84,1302,452.64,2024-05-20T12:00:00Z,122467,454.012095
454.94,455.55,453.49,1232,454.51,2024-05-20T16:00:00Z,164955,454.599915
454.5,455.08,454.33,20,454.97,2024-05-20T20:00:00Z,6017,454.619692
454.49,454.88,452.87,1302,454.03,2024-05-21T12:00:00Z,116401,453.864277
455.83,455.96,454.24,1372,454.45,2024-05-21T16:00:00Z,176136,455.204878
455.65,455.72,455.63,4,455.63,2024-05-21T20:00:00Z,2600,455.658461
456.375,456.82,455.54,884,455.69,2024-05-22T12:00:00Z,114637,456.281218
455.68,456.645,453.22,1850,456.28,2024-05-22T16:00:00Z,240411,454.846799
456.36,457.63,455.3,65,456.05,2024-05-22T20:00:00Z,10522,456.29228
459.05,461.27,456.24,1213,460.89,2024-05-23T12:00:00Z,175391,458.680533
453.76,459.34,451.89,2102,458.89,2024-05-23T16:00:00Z,231105,454.639798
453.54,453.72,453.29,19,453.64,2024-05-23T20:00:00Z,10630,453.495
458.52,459.06,454.615,897,455.32,2024-05-24T12:00:00Z,115966,457.216652
457.98,459.185,457.12,1180,458.48,2024-05-24T16:00:00Z,168305,458.078082
457.98,458.11,457.81,38,458.11,2024-05-24T20:00:00Z,21646,457.914187
459.3,459.5,457.25,925,458.77,2024-05-28T12:00:00Z,141060,458.568884
459.69,459.71,456.73,1983,459.27,2024-05-28T16:00:00Z,390968,458.33402
459.75,460.2,459.68,33,459.9,2024-05-28T20:00:00Z,18249,459.884942
457.385,458.19,455.34,1261,455.85,2024-05-29T12:00:00Z,157532,457.030901
456.49,458.18,455.96,1812,457.49,2024-05-29T16:00:00Z,303367,456.713225
455.0,456.41,454.9,67,456.41,2024-05-29T20:00:00Z,24643,455.969134
453.15,455.66,452.17,716,455.66,2024-05-30T12:00:00Z,116272,453.98876
451.46,454.58,450.26,1529,453.27,2024-05-30T16:00:00Z,204678,452.675191
451.03,451.55,450.45,53,451.4,2024-05-30T20:00:00Z,12099,450.876317
444.51,453.38,444.41,1802,452.0,2024-05-31T12:00:00Z,210158,447.942719
451.6,451.74,443.09,2894,444.37,2024-05-31T16:00:00Z,449465,447.443952
451.22,452.3,451.11,58,451.46,2024-05-31T20:00:00Z,13204,451.420995
451.855,455.55,451.0,1982,453.98,2024-06-03T12:00:00Z,171562,453.626838
453.11,453.11,447.92,1718,452.29,2024-06-03T16:00:00Z,172885,450.827377
453.43,453.58,453.05,38,453.3,2024-06-03T20:00:00Z,10420,453.179769
451.54,453.375,451.17,1368,452.26,2024-06-04T12:00:00Z,111649,452.295719
454.25,455.53,451.2,1732,451.54,2024-06-04T16:00:00Z,182953,453.177607
454.53,454.54,454.01,17,454.02,2024-06-04T20:00:00Z,4959,454.321066
460.77,461.26,456.75,1270,456.75,2024-06-05T12:00:00Z,134454,459.3799
463.59,463.61,460.56,2394,460.71,2024-06-05T16:00:00Z,450053,462.684567
463.74,463.82,462.98,35,463.48,2024-06-05T20:00:00Z,16534,463.30353
463.21,464.5,462.51,1168,463.71,2024-06-06T12:00:00Z,148677,463.682842
463.41,463.94,462.25,1458,463.3,2024-06-06T16:00:00Z,205589,463.260362
463.37,463.44,462.91,23,463.16,2024-06-06T20:00:00Z,10419,463.162524
464.025,464.79,460.58,946,462.04,2024-06-07T12:00:00Z,82895,463.112195
462.98,465.69,461.985,1990,464.02,2024-06-07T16:00:00Z,165369,463.605197
462.76,462.96,462.47,25,462.95,2024-06-07T20:00:00Z,6030,462.673
464.29,464.8,461.61,999,462.79,2024-06-10T12:00:00Z,101966,462.995538
464.87,465.17,462.92,1892,464.315,2024-06-10T16:00:00Z,279519,464.364426
464.61,464.61,464.12,38,464.4,2024-06-10T20:00:00Z,14699,464.325029
464.04,465.47,462.11,1826,463.5,2024-06-11T12:00:00Z,189868,464.194325
468.11,468.11,463.99,2087,464.03,2024-06-11T16:00:00Z,218846,466.392105
468.12,468.28,467.75,27,467.79,2024-06-11T20:00:00Z,9591,467.922875
474.705,475.39,471.32,1375,473.23,2024-06-12T12:00:00Z,342225,474.160328
474.08,476.355,472.88,1686,474.66,2024-06-12T16:00:00Z,192708,474.469052
476.84,476.84,475.55,9,475.55,2024-06-12T20:00:00Z,1900,476.060526
476.63,478.87,475.275,1490,477.82,2024-06-13T12:00:00Z,176433,477.359445
476.66,477.62,474.56,1915,476.35,2024-06-13T16:00:00Z,218231,476.561772
476.97,477.35,476.78,9,476.78,2024-06-13T20:00:00Z,1614,477.058748
477.42,478.19,476.05,1032,476.22,2024-06-14T12:00:00Z,114543,477.354788
479.19,479.21,477.21,1312,477.45,2024-06-14T16:00:00Z,140710,478.499009
479.3,479.3,479.12,14,479.18,2024-06-14T20:00:00Z,7352,479.187891
480.795,481.03,478.34,1294,479.45,2024-06-17T12:00:00Z,138370,479.847625
485.04,486.75,480.71,2032,480.91,2024-06-17T16:00:00Z,304330,485.019549
484.61,484.94,484.32,32,484.94,2024-06-17T20:00:00Z,11840,484.517108
484.855,485.65,483.44,1018,485.2,2024-06-18T12:00:00Z,144190,484.603057
485.24,485.83,484.29,1449,484.84,2024-06-18T16:00:00Z,184743,485.0638
485.28,485.36,485.01,39,485.19,2024-06-18T20:00:00Z,13057,485.177292
484.69,487.74,483.37,1240,487.59,2024-06-20T12:00:00Z,183901,485.254244
481.44,484.815,479.705,1849,484.52,2024-06-20T16:00:00Z,292370,481.634101
481.61,481.69,481.21,18,481.25,2024-06-20T20:00:00Z,7510,481.528077
482.37,482.37,478.72,1434,481.49,2024-06-21T12:00:00Z,113221,480.661209
480.16,482.48,479.55,2087,482.24,2024-06-21T16:00:00Z,222579,480.625969
480.84,480.89,480.33,29,480.45,2024-06-21T20:00:00Z,10583,480.737145
477.89,479.8,475.93,1083,478.49,2024-06-24T12:00:00Z,122996,477.843542
474.03,478.11,473.84,1322,477.96,2024-06-24T16:00:00Z,206961,475.049071
474.0,474.37,473.55,53,473.92,2024-06-24T20:00:00Z,15191,474.067392
479.12,479.12,475.32,873,475.87,2024-06-25T12:00:00Z,98817,477.362708
479.43,479.665,476.47,1478,479.01,2024-06-25T16:00:00Z,214606,478.910212
479.35,479.47,479.16,37,479.47,2024-06-25T20:00:00Z,11949,479.257154
480.63,480.74,478.04,465,479.31,2024-06-26T12:00:00Z,68522,479.639745
480.41,480.9,478.66,1282,480.64,2024-06-26T16:00:00Z,178955,479.669812
478.8,479.75,478.45,22,478.66,2024-06-26T20:00:00Z,4012,478.931474
480.11,483.04,479.33,1606,479.98,2024-06-27T12:00:00Z,167403,480.787776
481.58,481.99,479.945,1975,480.095,2024-06-27T16:00:00Z,336083,481.216264
482.07,482.21,481.75,30,481.75,2024-06-27T20:00:00Z,7424,482.043887
483.415,487.16,481.78,821,483.39,2024-06-28T12:00:00Z,98746,484.405459
479.06,483.03,478.61,1819,482.985,2024-06-28T16:00:00Z,232182,480.202187
479.98,479.98,478.98,27,478.98,2024-06-28T20:00:00Z,7930,479.662525
479.91,480.47,476.29,1066,480.29,2024-07-01T12:00:00Z,97324,478.403198
481.96,482.46,479.795,1394,480.06,2024-07-01T16:00:00Z,145667,481.466979
481.9,482.16,481.79,14,482.04,2024-07-01T20:00:00Z,3559,482.056014
483.07,484.41,479.28,717,479.81,2024-07-02T12:00:00Z,87079,483.027679
487.01,487.03,482.67,1460,482.74,2024-07-02T16:00:00Z,235307,486.047108
486.36,486.87,486.36,22,486.79,2024-07-02T20:00:00Z,9517,486.640567
490.165,490.165,486.04,1367,486.47,2024-07-03T12:00:00Z,111838,488.281552
490.95,491.32,489.915,909,490.155,2024-07-03T16:00:00Z,127829,490.731626
495.6,495.77,491.2,1281,492.13,2024-07-05T12:00:00Z,110423,494.104154
496.23,496.595,495.11,2630,495.605,2024-07-05T16:00:00Z,277131,496.055425
495.97,496.04,495.8,33,495.99,2024-07-05T20:00:00Z,15923,495.948244
497.39,497.43,495.64,887,496.53,2024-07-08T12:00:00Z,128221,496.587242
497.22,497.85,496.04,1188,497.23,2024-07-08T16:00:00Z,163169,496.77455
497.68,497.83,497.33,26,497.33,2024-07-08T20:00:00Z,11483,497.654167
498.34,499.99,497.59,744,498.58,2024-07-09T12:00:00Z,93398,498.704453
497.82,498.69,496.275,1234,498.485,2024-07-09T16:00:00Z,187171,497.4419
497.58,497.58,497.58,1,497.58,2024-07-09T20:00:00Z,100,497.58
499.84,500.54,498.41,1116,499.88,2024-07-10T12:00:00Z,166849,499.511476
503.03,503.47,499.89,1870,499.91,2024-07-10T16:00:00Z,309437,502.196704
502.82,503.0,502.69,25,502.95,2024-07-10T20:00:00Z,9145,502.888118
493.16,505.16,493.05,2389,504.12,2024-07-11T12:00:00Z,260202,498.668204
491.905,494.55,490.775,3191,493.175,2024-07-11T16:00:00Z,380851,492.600601
492.18,492.62,491.58,16,491.58,2024-07-11T20:00:00Z,3907,492.106154
496.12,497.8,491.79,1149,491.79,2024-07-12T12:00:00Z,184474,495.56767
494.84,499.585,494.11,1972,496.27,2024-07-12T16:00:00Z,302288,497.01242
494.79,495.02,494.53,39,494.77,2024-07-12T20:00:00Z,8633,494.714338
498.59,500.91,496.05,838,496.69,2024-07-15T12:00:00Z,69889,498.344674
496.2,498.69,494.12,1204,498.69,2024-07-15T16:00:00Z,159036,496.379785
496.9,497.0,496.24,34,496.31,2024-07-15T20:00:00Z,7777,496.567894
495.13,498.36,493.65,1255,497.43,2024-07-16T12:00:00Z,129365,495.840148
496.38,496.69,493.2,1646,495.57,2024-07-16T16:00:00Z,156539,495.383622
496.22,496.5,496.14,36,496.43,2024-07-16T20:00:00Z,13039,496.332859
484.085,488.77,483.31,2152,488.73,2024-07-17T12:00:00Z,334427,486.51013
481.825,484.15,481.715,2683,484.02,2024-07-17T16:00:00Z,375648,482.649079
482.23,482.46,481.26,49,481.76,2024-07-17T20:00:00Z,10550,481.996586
477.17,485.88,476.93,1870,485.5,2024-07-18T12:00:00Z,356460,481.498548
479.44,481.1,476.305,2238,477.12,2024-07-18T16:00:00Z,225914,478.874312
480.47,480.52,479.24,26,479.24,2024-07-18T20:00:00Z,5108,480.222612
477.715,481.68,475.19,1645,480.51,2024-07-19T12:00:00Z,266719,478.419119
475.31,478.0,474.19,2256,478.0,2024-07-19T16:00:00Z,247962,475.326147
475.02,475.25,474.87,38,475.24,2024-07-19T20:00:00Z,12718,475.191829
479.19,482.815,477.865,1868,480.42,2024-07-22T12:00:00Z,135715,480.672404
482.2,483.31,478.39,2354,479.01,2024-07-22T16:00:00Z,223976,482.190047
481.73,482.67,481.6,30,482.65,2024-07-22T20:00:00Z,6620,482.052961
483.58,484.41,480.75,1171,480.75,2024-07-23T12:00:00Z,97775,482.483592
480.78,483.26,480.17,1371,483.22,2024-07-23T16:00:00Z,133496,481.386726
481.47,482.37,480.53,26,481.24,2024-07-23T20:00:00Z,4277,481.251015
467.14,474.02,467.14,1531,473.95,2024-07-24T12:00:00Z,151277,470.402861
463.35,467.64,462.58,2802,467.07,2024-07-24T16:00:00Z,415646,464.47529
464.72,464.99,463.39,25,463.51,2024-07-24T20:00:00Z,3786,464.404798
464.19,465.19,455.64,2629,461.5,2024-07-25T12:00:00Z,306068,460.972964
458.22,467.82,458.055,3146,464.235,2024-07-25T16:00:00Z,293335,462.114743
458.17,458.47,457.13,21,458.32,2024-07-25T20:00:00Z,3949,457.861378
463.37,463.69,459.825,963,463.62,2024-07-26T12:00:00Z,107786,461.573764
463.07,465.91,461.29,1464,463.26,2024-07-26T16:00:00Z,138025,462.996414
463.29,463.29,462.89,17,463.01,2024-07-26T20:00:00Z,3935,463.125128
465.11,467.89,462.05,1054,467.46,2024-07-29T12:00:00Z,117406,465.666049
463.91,467.15,463.435,1003,465.31,2024-07-29T16:00:00Z,91826,465.038144
463.94,464.06,463.36,26,464.02,2024-07-29T20:00:00Z,5686,463.745159
457.34,466.41,457.145,1123,465.15,2024-07-30T12:00:00Z,87191,461.870114
457.46,459.215,454.2,2433,457.23,2024-07-30T16:00:00Z,203280,457.248854
455.87,456.05,452.37,77,454.93,2024-07-30T20:00:00Z,11766,454.070567
470.11,471.28,466.1,2271,466.1,2024-07-31T12:00:00Z,210647,468.696728
471.01,472.72,467.82,2501,470.21,2024-07-31T16:00:00Z,251287,470.776383
473.14,474.37,472.12,30,472.46,2024-07-31T20:00:00Z,3653,472.617639
462.99,475.55,462.92,2638,473.88,2024-08-01T12:00:00Z,201188,469.313032
459.56,464.86,456.03,3993,462.96,2024-08-01T16:00:00Z,385780,459.506043
457.6,459.96,455.76,43,459.49,2024-08-01T20:00:00Z,7561,458.477419
449.41,453.44,444.52,3608,450.96,2024-08-02T12:00:00Z,379861,447.556702
448.66,450.28,446.0,3033,449.74,2024-08-02T16:00:00Z,253996,448.145667
448.5,448.75,448.3,6,448.75,2024-08-02T20:00:00Z,701,448.445714
437.95,439.81,420.37,4032,424.65,2024-08-05T12:00:00Z,356495,434.112112
435.805,442.21,432.75,3715,438.26,2024-08-05T16:00:00Z,418815,435.907744
437.83,438.87,436.1,22,436.1,2024-08-05T20:00:00Z,4800,437.514792
443.23,443.72,434.86,2482,437.8,2024-08-06T12:00:00Z,184261,439.875475
439.53,447.01,439.44,3761,443.78,2024-08-06T16:00:00Z,312562,442.869933
437.58,441.26,437.53,42,439.23,2024-08-06T20:00:00Z,6423,439.513859
445.24,448.99,443.81,1736,445.58,2024-08-07T12:00:00Z,180154,447.15987
434.94,445.14,434.43,3364,444.93,2024-08-07T16:00:00Z,275074,438.281007
431.72,435.31,431.72,13,434.9,2024-08-07T20:00:00Z,2062,434.380822
445.59,446.05,437.39,1265,438.66,2024-08-08T12:00:00Z,116266,442.107603
448.0,448.89,444.31,1848,445.55,2024-08-08T16:00:00Z,269323,447.232231
449.28,449.78,448.35,35,448.8,2024-08-08T20:00:00Z,5016,448.875328
447.425,449.7,445.67,1812,445.77,2024-08-09T12:00:00Z,187813,447.647289
450.5,452.03,446.95,2272,447.48,2024-08-09T16:00:00Z,181211,450.308732
450.22,450.73,450.22,24,450.33,2024-08-09T20:00:00Z,4793,450.593332
453.25,454.19,448.61,974,452.01,2024-08-12T12:00:00Z,91571,451.520664
451.4,453.43,449.93,1386,453.275,2024-08-12T16:00:00Z,107971,451.37893
451.0,451.66,450.9,18,451.53,2024-08-12T20:00:00Z,3028,451.193669
459.73,460.05,454.11,1795,454.11,2024-08-13T12:00:00Z,162027,457.648613
462.58,462.83,459.32,2571,459.59,2024-08-13T16:00:00Z,302013,461.886595
462.33,463.0,462.22,24,462.51,2024-08-13T20:00:00Z,4777,462.615263
464.95,464.995,458.49,1948,463.59,2024-08-14T12:00:00Z,233618,461.791425
462.82,464.85,460.79,2365,464.81,2024-08-14T16:00:00Z,179656,462.623121
463.74,464.08,463.05,10,463.05,2024-08-14T20:00:00Z,2100,463.699524
473.0,473.38,465.85,2195,465.85,2024-08-15T12:00:00Z,196924,471.138355
474.4,474.8,472.685,2861,473.035,2024-08-15T16:00:00Z,319136,474.011383
474.24,474.47,473.92,19,474.47,2024-08-15T20:00:00Z,5526,474.265455
474.57,474.74,471.92,2135,472.05,2024-08-16T12:00:00Z,152619,473.324866
475.06,476.29,474.17,1619,474.38,2024-08-16T16:00:00Z,110736,475.124119
475.24,475.36,475.01,21,475.07,2024-08-16T20:00:00Z,4857,475.089804
475.96,476.88,473.47,1258,475.9,2024-08-19T12:00:00Z,98262,475.390281
481.19,481.3,475.98,1662,476.15,2024-08-19T16:00:00Z,139464,478.975677
481.27,481.27,480.65,13,481.02,2024-08-19T20:00:00Z,2769,480.947463
481.15,482.91,478.56,1811,480.79,2024-08-20T12:00:00Z,127105,480.923105
480.18,481.52,478.71,1978,481.17,2024-08-20T16:00:00Z,206082,480.65141
480.64,480.64,480.49,5,480.49,2024-08-20T20:00:00Z,977,480.566667
480.435,484.36,480.2,1112,481.1,2024-08-21T12:00:00Z,119212,481.802846
482.55,483.54,479.39,1163,479.64,2024-08-21T16:00:00Z,105034,482.121884
482.91,482.91,482.27,22,482.63,2024-08-21T20:00:00Z,5569,482.531596
478.04,485.5,476.81,1621,484.17,2024-08-22T12:00:00Z,137022,481.316101
474.92,480.81,473.87,3011,477.9,2024-08-22T16:00:00Z,450827,475.494858
475.46,475.67,474.75,32,474.75,2024-08-22T20:00:00Z,5739,475.351579
478.24,482.69,476.04,2680,478.77,2024-08-23T12:00:00Z,253801,479.805995
480.16,480.52,475.32,2015,477.99,2024-08-23T16:00:00Z,203043,479.041127
479.76,480.12,479.69,20,480.0,2024-08-23T20:00:00Z,4109,479.86561
474.5,480.34,473.25,4537,479.52,2024-08-26T12:00:00Z,425170,475.610637
475.36,476.555,473.51,3192,474.28,2024-08-26T16:00:00Z,254148,475.138401
474.48,475.12,474.46,16,475.12,2024-08-26T20:00:00Z,3501,474.762233
475.77,477.82,471.76,2737,474.46,2024-08-27T12:00:00Z,191056,475.198661
476.88,477.745,475.51,2589,475.81,2024-08-27T16:00:00Z,170786,476.779067
476.56,476.85,476.56,7,476.85,2024-08-27T20:00:00Z,1824,476.676527
471.53,476.985,469.33,2770,476.74,2024-08-28T12:00:00Z,193823,472.555541
471.24,472.72,467.93,2617,471.37,2024-08-28T16:00:00Z,248213,470.840649
468.23,471.71,466.93,49,470.64,2024-08-28T20:00:00Z,7563,469.021621
476.48,477.88,472.1,2489,472.93,2024-08-29T12:00:00Z,203751,475.820836
470.79,477.82,469.49,3485,476.48,2024-08-29T16:00:00Z,297636,472.409052
471.89,472.0,470.89,26,470.89,2024-08-29T20:00:00Z,3668,471.733374
472.695,476.72,471.64,1811,475.37,2024-08-30T12:00:00Z,152029,474.174104
476.43,476.87,470.58,2363,472.6,2024-08-30T16:00:00Z,268525,475.014816
476.0,476.31,476.0,3,476.31,2024-08-30T20:00:00Z,700,476.044286
465.185,474.08,465.16,3142,474.08,2024-09-03T12:00:00Z,284168,468.780979
461.85,466.55,459.48,3785,465.2,2024-09-03T16:00:00Z,356619,462.890944
461.29,462.12,460.95,14,461.94,2024-09-03T20:00:00Z,2993,461.463034
461.87,464.415,457.77,3732,459.49,2024-09-04T12:00:00Z,292139,461.400566
460.6,463.66,459.46,2339,461.88,2024-09-04T16:00:00Z,173786,461.406762
460.65,460.73,460.18,10,460.73,2024-09-04T20:00:00Z,1913,460.51044
458.31,465.16,458.16,2095,459.21,2024-09-05T12:00:00Z,180405,461.423015
461.13,462.57,458.61,2059,458.72,2024-09-05T16:00:00Z,148348,460.455681
459.72,462.02,459.47,33,461.29,2024-09-05T20:00:00Z,4804,460.353778
449.32,461.22,448.615,4085,459.95,2024-09-06T12:00:00Z,315512,453.339472
448.86,450.98,448.2,3607,448.96,2024-09-06T16:00:00Z,347423,449.28412
446.25,448.74,446.05,76,448.26,2024-09-06T20:00:00Z,10415,447.782234
453.27,455.215,449.96,2316,452.53,2024-09-09T12:00:00Z,181888,452.798006
454.51,455.41,451.66,1744,453.41,2024-09-09T16:00:00Z,133322,453.672117
455.57,455.57,454.31,30,454.37,2024-09-09T20:00:00Z,6339,454.681736
453.035,457.73,453.035,2571,456.36,2024-09-10T12:00:00Z,118258,455.958596
458.83,459.15,452.29,2420,452.78,2024-09-10T16:00:00Z,215005,457.110767
457.88,458.49,457.88,20,458.49,2024-09-10T20:00:00Z,3188,458.333576
456.75,460.37,451.39,2176,456.44,2024-09-11T12:00:00Z,172128,455.668078
468.37,469.36,457.03,3279,457.15,2024-09-11T16:00:00Z,338340,465.347408
468.28,468.66,467.82,40,468.52,2024-09-11T20:00:00Z,8419,468.209123
468.75,471.73,466.92,2623,469.84,2024-09-12T12:00:00Z,186652,469.279092
473.18,474.0,468.66,3585,468.77,2024-09-12T16:00:00Z,378107,472.59089
472.99,473.22,472.19,27,473.2,2024-09-12T20:00:00Z,3944,472.632139
475.56,475.67,472.44,1420,473.06,2024-09-13T12:00:00Z,120406,474.276946
475.25,476.46,474.26,1489,475.5,2024-09-13T16:00:00Z,105375,475.388465
474.87,475.31,474.85,14,475.01,2024-09-13T20:00:00Z,2720,475.066154
471.37,473.79,469.98,1688,473.12,2024-09-16T12:00:00Z,117416,471.676334
473.095,473.48,470.35,1663,471.65,2024-09-16T16:00:00Z,110582,472.416191
473.14,473.16,472.96,14,473.05,2024-09-16T20:00:00Z,2425,473.045294
475.74,477.44,474.45,1228,475.93,2024-09-17T12:00:00Z,95653,476.014958
473.5,475.99,471.02,2716,475.76,2024-09-17T16:00:00Z,204028,473.053039
473.83,473.86,473.31,21,473.48,2024-09-17T20:00:00Z,5776,473.625439
471.8,474.82,471.335,1470,474.62,2024-09-18T12:00:00Z,130639,473.595962
471.44,478.71,470.86,3337,471.45,2024-09-18T16:00:00Z,240882,474.24311
472.49,473.03,472.49,7,472.62,2024-09-18T20:00:00Z,1400,472.74
483.77,485.135,480.6,3127,481.24,2024-09-19T12:00:00Z,274027,483.097409
483.32,486.22,482.99,4316,483.76,2024-09-19T16:00:00Z,482032,484.196008
482.87,483.47,482.81,18,483.47,2024-09-19T20:00:00Z,4448,483.045198
481.04,483.38,478.365,2024,483.38,2024-09-20T12:00:00Z,173885,481.166223
482.31,483.67,480.24,3381,481.05,2024-09-20T16:00:00Z,211499,481.916059
482.06,482.51,481.7,29,482.51,2024-09-20T20:00:00Z,6968,481.934389
483.68,484.11,481.93,1150,482.75,2024-09-23T12:00:00Z,103308,483.145473
482.975,483.63,481.66,1675,483.46,2024-09-23T16:00:00Z,114631,482.772807
482.57,483.13,482.57,14,483.04,2024-09-23T20:00:00Z,2852,482.88
485.65,486.29,480.18,1728,484.12,2024-09-24T12:00:00Z,137137,482.947449
485.48,486.3,483.87,2001,485.89,2024-09-24T16:00:00Z,167203,485.152574
485.72,485.75,485.24,18,485.31,2024-09-24T20:00:00Z,3641,485.485424
486.27,487.75,484.795,1547,484.8,2024-09-25T12:00:00Z,127732,486.463236
486.05,486.47,484.58,2735,486.21,2024-09-25T16:00:00Z,249553,485.77634
487.03,487.06,486.54,54,486.54,2024-09-25T20:00:00Z,13328,486.839414
489.0,494.12,485.83,2538,493.6,2024-09-26T12:00:00Z,217084,489.850402
489.36,489.89,485.84,2983,488.98,2024-09-26T16:00:00Z,289952,488.871947
489.47,489.81,489.35,16,489.35,2024-09-26T20:00:00Z,3359,489.532727
487.13,490.58,487.05,1881,490.03,2024-09-27T12:00:00Z,166144,488.601201
486.74,488.29,485.61,2041,487.02,2024-09-27T16:00:00Z,221010,487.23828
486.03,486.46,486.0,25,486.46,2024-09-27T20:00:00Z,6446,486.322126
486.51,487.75,484.73,1221,485.99,2024-09-30T12:00:00Z,121634,486.481259
487.94,488.41,483.01,2400,486.46,2024-09-30T16:00:00Z,348494,486.719764
487.55,488.02,487.55,14,487.79,2024-09-30T20:00:00Z,3630,487.754298
480.1,488.42,477.41,3946,488.42,2024-10-01T12:00:00Z,355395,481.048279
481.21,483.555,478.08,2942,479.79,2024-10-01T16:00:00Z,302190,480.574749
480.66,482.04,480.66,10,481.75,2024-10-01T20:00:00Z,1451,481.414138
483.155,483.84,477.78,1550,480.95,2024-10-02T12:00:00Z,109499,481.06794
481.96,483.69,481.08,1148,483.31,2024-10-02T16:00:00Z,105807,482.40481
483.39,483.39,482.36,33,482.36,2024-10-02T20:00:00Z,7477,482.843883
482.69,484.51,479.39,1614,480.46,2024-10-03T12:00:00Z,126580,481.769839
481.57,483.09,479.02,1591,482.84,2024-10-03T16:00:00Z,154967,480.921605
481.14,482.27,481.11,20,481.74,2024-10-03T20:00:00Z,3370,481.880445
485.21,488.24,482.49,2451,485.47,2024-10-04T12:00:00Z,208768,484.914153
487.37,487.88,484.06,2072,485.39,2024-10-04T16:00:00Z,224608,486.4799
486.83,487.43,486.83,16,487.3,2024-10-04T20:00:00Z,2514,487.27
485.77,486.54,484.47,1111,485.0,2024-10-07T12:00:00Z,72932,485.653937
482.06,486.08,480.915,2217,485.615,2024-10-07T16:00:00Z,226732,483.185936
482.74,482.85,482.29,13,482.29,2024-10-07T20:00:00Z,3277,482.521901
488.055,488.595,483.88,1391,484.25,2024-10-08T12:00:00Z,143799,486.707955
489.205,489.96,486.135,1900,488.19,2024-10-08T16:00:00Z,257121,488.58674
489.15,489.15,488.86,19,488.97,2024-10-08T20:00:00Z,4923,488.977341
492.845,492.885,488.015,1805,488.31,2024-10-09T12:00:00Z,190213,490.458313
493.2,493.71,491.05,1887,492.83,2024-10-09T16:00:00Z,222825,492.52114
492.45,493.1,492.21,39,493.1,2024-10-09T20:00:00Z,5923,492.625499
493.65,493.65,489.58,969,490.89,2024-10-10T12:00:00Z,75129,491.58557
492.62,494.39,491.26,1323,493.63,2024-10-10T16:00:00Z,136691,492.8223
492.85,492.87,492.39,20,492.64,2024-10-10T20:00:00Z,4998,492.663841
493.735,494.07,490.2,1248,491.58,2024-10-11T12:00:00Z,115368,492.930601
493.31,494.38,492.27,1374,493.71,2024-10-11T16:00:00Z,157359,493.535594
492.55,493.34,492.35,50,493.31,2024-10-11T20:00:00Z,8355,492.779564
496.57,498.81,495.35,1409,495.43,2024-10-14T12:00:00Z,149519,496.882197
497.5,498.56,496.52,1587,496.71,2024-10-14T16:00:00Z,193061,497.546714
497.88,497.88,497.08,19,497.45,2024-10-14T20:00:00Z,5130,497.209804
491.065,498.41,490.64,2362,497.37,2024-10-15T12:00:00Z,218822,493.749701
490.83,492.575,488.71,2802,491.12,2024-10-15T16:00:00Z,304289,490.645906
490.51,490.89,490.3,25,490.89,2024-10-15T20:00:00Z,5105,490.572627
489.155,491.64,487.7,1223,491.41,2024-10-16T12:00:00Z,117635,489.443872
490.9,491.62,489.235,1191,489.56,2024-10-16T16:00:00Z,124224,490.811475
490.88,490.88,490.32,36,490.86,2024-10-16T20:00:00Z,7039,490.677914
494.71,496.83,491.6,1956,496.17,2024-10-17T12:00:00Z,151035,493.577172
491.37,495.31,491.31,2102,494.9,2024-10-17T16:00:00Z,162107,492.702177
491.95,492.55,491.32,30,491.32,2024-10-17T20:00:00Z,6253,492.092303
494.16,495.54,493.36,1639,494.45,2024-10-18T12:00:00Z,134981,494.483597
494.51,495.41,493.6,1525,494.17,2024-10-18T16:00:00Z,172150,494.60071
494.73,494.97,494.48,25,494.48,2024-10-18T20:00:00Z,5870,494.680903
493.76,496.19,491.46,1896,492.44,2024-10-21T12:00:00Z,131983,493.764055
495.44,495.52,493.355,1470,493.88,2024-10-21T16:00:00Z,225236,494.510469
495.86,495.88,495.41,15,495.43,2024-10-21T20:00:00Z,4653,495.525592
494.41,495.47,491.99,1257,492.73,2024-10-22T12:00:00Z,94090,494.313543
495.96,497.425,493.4,1765,494.34,2024-10-22T16:00:00Z,182332,496.091711
491.73,494.205,490.47,1692,494.08,2024-10-23T12:00:00Z,136035,492.534304
488.46,491.55,485.09,3524,491.525,2024-10-23T16:00:00Z,334651,487.539686
489.25,489.25,488.27,10,488.27,2024-10-23T20:00:00Z,2105,489.057805
491.0,492.92,489.55,1384,492.92,2024-10-24T12:00:00Z,118174,491.289359
492.3,492.97,489.505,1877,491.035,2024-10-24T16:00:00Z,165969,492.023322
492.42,492.93,492.12,30,492.4,2024-10-24T20:00:00Z,4820,492.556714
498.29,500.27,494.95,2238,494.96,2024-10-25T12:00:00Z,183278,498.528311
495.25,499.23,494.51,3258,498.25,2024-10-25T16:00:00Z,298377,496.531508
494.75,495.43,494.75,12,495.43,2024-10-25T20:00:00Z,2047,495.08396
496.24,499.25,496.02,1244,499.25,2024-10-28T12:00:00Z,90803,497.224698
495.4,497.07,495.125,1522,496.01,2024-10-28T16:00:00Z,193937,495.794952
495.66,495.89,495.42,26,495.42,2024-10-28T20:00:00Z,3708,495.692847
498.4,498.405,493.87,1466,495.31,2024-10-29T12:00:00Z,129581,496.79648
500.23,501.315,497.65,2533,498.39,2024-10-29T16:00:00Z,271436,499.780226
500.58,501.07,500.58,7,501.06,2024-10-29T20:00:00Z,1880,500.796383
499.7,500.78,496.62,1602,500.78,2024-10-30T12:00:00Z,149891,498.961228
496.51,499.87,495.92,2456,499.53,2024-10-30T16:00:00Z,263648,497.667233
495.52,495.7,494.86,5,494.96,2024-10-30T20:00:00Z,1000,495.34
485.26,493.04,484.23,2160,493.04,2024-10-31T12:00:00Z,200244,487.123278
483.85,486.7,483.805,1829,485.21,2024-10-31T16:00:00Z,223373,485.006815
484.5,485.48,484.02,19,484.02,2024-10-31T20:00:00Z,4117,484.875029
489.31,490.72,485.46,1381,486.51,2024-11-01T12:00:00Z,129819,488.281375
487.41,489.92,486.8,2086,489.19,2024-11-01T16:00:00Z,307804,488.268772
487.81,488.26,487.51,23,487.76,2024-11-01T20:00:00Z,4321,487.885581
488.39,488.85,484.31,1034,487.15,2024-11-04T12:00:00Z,75063,487.084725
487.38,489.32,484.73,1895,488.62,2024-11-04T16:00:00Z,132911,486.969322
486.56,487.25,485.71,905,487.06,2024-11-04T20:00:00Z,127509,486.128736
489.99,491.49,486.61,1047,487.88,2024-11-05T12:00:00Z,91597,490.30125
491.085,492.85,489.59,1514,490.11,2024-11-05T16:00:00Z,106173,491.788939
493.09,493.09,490.84,859,490.84,2024-11-05T20:00:00Z,72185,491.906592
501.38,503.73,499.64,2272,500.29,2024-11-06T12:00:00Z,192046,501.645633
505.43,505.51,500.81,2154,501.41,2024-11-06T16:00:00Z,151016,503.874335
505.5,506.4,505.185,1606,505.36,2024-11-06T20:00:00Z,220449,505.720449
511.95,512.18,507.52,1191,507.76,2024-11-07T12:00:00Z,141516,510.332426
513.765,513.765,511.33,1503,512.14,2024-11-07T16:00:00Z,139320,512.507451
513.76,514.27,513.18,883,513.565,2024-11-07T20:00:00Z,111810,513.634423
513.355,514.12,512.42,1420,513.1,2024-11-08T12:00:00Z,91756,513.323371
514.2,514.9,512.69,1897,513.23,2024-11-08T16:00:00Z,162896,513.891655
514.04,514.31,513.61,1006,514.035,2024-11-08T20:00:00Z,88134,513.941097
513.935,515.73,512.31,1253,515.68,2024-11-11T12:00:00Z,112207,513.728853
512.63,514.085,511.0,1339,513.88,2024-11-11T16:00:00Z,125748,512.574569
513.89,514.1,512.665,641,512.665,2024-11-11T20:00:00Z,61780,513.457238
512.93,514.66,512.93,1065,513.74,2024-11-12T12:00:00Z,98221,513.728293
512.995,513.57,509.89,1682,513.005,2024-11-12T16:00:00Z,176740,512.223163
513.06,513.4,512.605,744,513.11,2024-11-12T20:00:00Z,100152,512.967262
511.25,513.6,509.95,1112,513.6,2024-11-13T12:00:00Z,88956,511.499644
512.95,514.91,510.82,1661,511.4,2024-11-13T16:00:00Z,190975,513.313577
512.73,513.77,511.45,853,512.82,2024-11-13T20:00:00Z,129018,512.471073
510.71,512.66,509.59,1164,512.28,2024-11-14T12:00:00Z,101520,511.043221
510.12,511.86,509.13,1115,511.04,2024-11-14T16:00:00Z,112842,510.288855
507.42,510.12,507.42,824,510.12,2024-11-14T20:00:00Z,90346,508.693109
498.29,504.29,497.81,2278,504.29,2024-11-15T12:00:00Z,180412,500.357671
495.77,498.92,494.53,3760,498.18,2024-11-15T16:00:00Z,342127,496.400502
496.63,497.09,495.545,1466,495.75,2024-11-15T20:00:00Z,137557,496.415081
501.0,501.45,496.82,1386,498.29,2024-11-18T12:00:00Z,119976,498.873655
500.14,502.085,499.04,2079,501.03,2024-11-18T16:00:00Z,161888,500.542958
500.0,500.52,499.51,861,500.08,2024-11-18T20:00:00Z,87545,500.054526
500.25,500.63,497.21,1039,497.39,2024-11-19T12:00:00Z,83014,498.639469
502.71,503.93,500.28,1946,500.28,2024-11-19T16:00:00Z,212869,502.103906
503.31,503.88,502.55,904,502.82,2024-11-19T20:00:00Z,108277,503.301058
500.38,504.54,496.57,1632,504.54,2024-11-20T12:00:00Z,137981,499.53473
499.73,502.045,498.365,1571,500.31,2024-11-20T16:00:00Z,117806,500.093504
501.5,503.46,499.45,926,499.55,2024-11-20T20:00:00Z,86655,502.16081
502.08,506.91,497.68,2084,506.2,2024-11-21T12:00:00Z,202382,500.886309
505.43,506.0,501.84,1859,502.4,2024-11-21T16:00:00Z,127062,504.200931
504.63,506.26,504.23,842,505.53,2024-11-21T20:00:00Z,82105,505.381152
505.64,506.33,502.8,1091,504.24,2024-11-22T12:00:00Z,77023,504.757874
505.69,506.52,503.38,1911,505.745,2024-11-22T16:00:00Z,103644,505.286322
506.49,506.49,504.74,920,505.38,2024-11-22T20:00:00Z,77386,505.549625
507.05,511.32,506.45,1281,508.67,2024-11-25T12:00:00Z,102998,508.960923
506.19,508.57,504.34,1547,507.07,2024-11-25T16:00:00Z,118826,506.378865
507.08,507.36,505.61,642,505.99,2024-11-25T20:00:00Z,68844,506.467913
508.385,510.12,507.675,603,508.14,2024-11-26T12:00:00Z,48923,508.86141
507.78,509.14,507.24,1228,508.69,2024-11-26T16:00:00Z,171931,508.402548
509.58,509.69,507.82,429,507.82,2024-11-26T20:00:00Z,63498,508.886487
503.61,508.72,503.19,1157,508.47,2024-11-27T12:00:00Z,92529,505.678206
505.19,505.51,502.15,1533,503.575,2024-11-27T16:00:00Z,144944,503.873081
504.92,505.64,504.33,587,505.155,2024-11-27T20:00:00Z,76792,505.144281
508.88,509.5,505.36,799,505.6,2024-11-29T12:00:00Z,80206,507.434474
509.5,510.21,508.92,1047,508.92,2024-11-29T16:00:00Z,92777,509.76249
513.78,514.83,510.17,1478,510.56,2024-12-02T12:00:00Z,97233,513.71738
515.33,516.235,513.77,1810,513.84,2024-12-02T16:00:00Z,133721,515.254208
515.38,515.83,514.96,1015,515.235,2024-12-02T20:00:00Z,96821,515.414567
515.15,515.72,513.5,939,515.51,2024-12-03T12:00:00Z,75996,514.712416
516.35,516.445,514.79,1338,515.08,2024-12-03T16:00:00Z,98296,515.699299
518.05,518.05,515.92,735,516.305,2024-12-03T20:00:00Z,69406,516.735523
521.86,522.08,519.6,1161,520.78,2024-12-04T12:00:00Z,98964,520.662335
522.61,522.7,520.88,1582,521.9,2024-12-04T16:00:00Z,148064,521.73338
522.78,523.51,522.51,1388,522.56,2024-12-04T20:00:00Z,147527,523.143423
522.54,523.56,522.14,565,523.33,2024-12-05T12:00:00Z,45553,522.839433
522.27,523.98,521.79,1051,522.465,2024-12-05T16:00:00Z,145156,522.618577
521.41,522.69,521.04,662,522.21,2024-12-05T20:00:00Z,64216,521.913394
525.49,526.12,522.49,1011,523.29,2024-12-06T12:00:00Z,82363,524.867698
525.925,526.71,524.42,1699,525.58,2024-12-06T16:00:00Z,117830,525.800806
525.87,526.62,525.78,1181,525.89,2024-12-06T20:00:00Z,153818,526.418522
522.93,526.31,522.9,1484,525.7,2024-12-09T12:00:00Z,120508,524.771852
522.15,523.915,521.23,2026,522.89,2024-12-09T16:00:00Z,169423,522.708723
522.05,522.45,521.36,1087,522.09,2024-12-09T20:00:00Z,102209,521.90567
522.94,525.27,522.74,1378,523.53,2024-12-10T12:00:00Z,115111,524.003402
520.62,523.13,520.35,1920,522.665,2024-12-10T16:00:00Z,142585,522.029561
521.1,521.1,519.24,1144,520.53,2024-12-10T20:00:00Z,110669,520.189412
527.58,528.485,522.79,1416,522.79,2024-12-11T12:00:00Z,140085,527.060428
530.1,530.35,527.54,2151,527.58,2024-12-11T16:00:00Z,168052,529.613612
529.15,530.57,529.08,1340,530.05,2024-12-11T20:00:00Z,158558,530.100689
528.225,528.52,526.11,890,526.65,2024-12-12T12:00:00Z,65510,527.350936
527.39,528.86,527.02,1434,528.37,2024-12-12T16:00:00Z,117634,528.061944
526.12,527.55,525.91,894,527.4,2024-12-12T20:00:00Z,80585,526.953644
527.84,533.06,527.84,1514,531.27,2024-12-13T12:00:00Z,116698,531.301235
530.66,530.895,527.31,1524,527.83,2024-12-13T16:00:00Z,131408,528.723138
529.66,531.1,529.5,844,530.58,2024-12-13T20:00:00Z,73376,530.544812
535.35,536.07,532.93,942,532.93,2024-12-16T12:00:00Z,73779,534.612287
538.51,538.88,535.43,2113,535.43,2024-12-16T16:00:00Z,119905,537.252757
538.0,539.13,537.83,862,538.57,2024-12-16T20:00:00Z,100901,538.218317
535.65,537.03,534.15,1352,536.59,2024-12-17T12:00:00Z,96628,535.490408
535.03,537.42,534.695,2702,535.58,2024-12-17T16:00:00Z,245666,535.74931
535.45,536.21,534.38,1206,534.975,2024-12-17T20:00:00Z,108270,535.393352
536.27,536.87,533.5,1234,535.3,2024-12-18T12:00:00Z,82673,535.48771
526.57,536.6,526.48,2393,536.115,2024-12-18T16:00:00Z,162396,533.512786
515.83,526.935,512.45,3480,526.63,2024-12-18T20:00:00Z,436496,519.708046
518.25,521.63,516.17,1977,521.09,2024-12-19T12:00:00Z,218264,519.116464
516.24,520.06,515.45,2527,518.005,2024-12-19T16:00:00Z,214101,517.488123
514.12,517.78,513.42,1772,516.25,2024-12-19T20:00:00Z,202015,515.200379
517.92,518.75,509.42,1996,509.95,2024-12-20T12:00:00Z,153471,514.170576
522.1,524.815,517.74,2834,517.78,2024-12-20T16:00:00Z,250019,522.33789
517.76,522.31,517.66,1676,522.09,2024-12-20T20:00:00Z,162141,519.073348
517.84,520.73,516.27,1194,518.45,2024-12-23T12:00:00Z,64908,519.387676
528.095,528.23,524.29,1908,524.47,2024-12-24T12:00:00Z,161232,526.880524
529.96,530.01,527.73,2339,528.07,2024-12-24T16:00:00Z,238330,528.967348
529.68,529.68,526.49,769,527.97,2024-12-26T12:00:00Z,56682,528.51099
530.49,531.0,528.98,1034,529.54,2024-12-26T16:00:00Z,121255,529.917567
529.13,530.84,529.02,432,530.505,2024-12-26T20:00:00Z,52930,530.055089
520.27,526.66,518.05,1356,526.66,2024-12-27T12:00:00Z,144845,521.840231
522.54,522.855,517.905,1941,520.32,2024-12-27T16:00:00Z,193759,520.433359
522.8,523.21,520.3,1199,522.47,2024-12-27T20:00:00Z,147594,522.025523
514.68,515.6,511.92,1712,514.89,2024-12-30T12:00:00Z,143421,513.843326
518.54,519.3,514.19,1771,514.31,2024-12-30T16:00:00Z,128698,517.387842
514.56,518.61,514.56,1127,518.21,2024-12-30T20:00:00Z,120482,516.676189
515.16,517.66,514.07,788,516.95,2024-12-31T12:00:00Z,59948,515.879833
512.18,514.81,510.26,1979,514.81,2024-12-31T16:00:00Z,132041,512.226817
511.65,513.46,510.5,1293,512.23,2024-12-31T20:00:00Z,160461,511.431332
512.75,516.59,510.09,1731,514.23,2025-01-02T12:00:00Z,144875,513.635435
507.5,514.57,505.71,2487,512.49,2025-01-02T16:00:00Z,228355,509.733666
510.84,510.84,507.76,974,507.76,2025-01-02T20:00:00Z,65422,509.922407
515.22,516.6,512.62,1205,513.295,2025-01-03T12:00:00Z,96075,514.903074
519.125,519.645,514.43,1555,515.36,2025-01-03T16:00:00Z,137103,517.881431
518.05,518.99,517.88,1278,518.915,2025-01-03T20:00:00Z,248070,518.665331
527.36,527.78,523.93,1406,524.17,2025-01-06T12:00:00Z,131855,526.370302
522.355,527.9,522.355,1695,527.5,2025-01-06T16:00:00Z,161201,525.030507
525.22,525.22,522.05,1058,522.05,2025-01-06T20:00:00Z,129951,523.863834
519.78,525.98,516.29,1301,524.9,2025-01-07T12:00:00Z,121583,522.157268
516.65,520.3,516.03,1733,519.69,2025-01-07T16:00:00Z,133174,517.972381
515.65,516.68,513.31,1513,516.68,2025-01-07T20:00:00Z,182304,514.970072
515.06,516.18,512.17,1000,515.08,2025-01-08T12:00:00Z,80325,514.388192
514.69,516.85,510.57,1632,514.805,2025-01-08T16:00:00Z,110356,514.630546
514.5,515.96,513.91,1109,514.78,2025-01-08T20:00:00Z,98684,514.968058
507.47,513.7,504.0,1663,513.7,2025-01-10T12:00:00Z,128696,507.570324
508.895,511.03,504.33,2035,506.29,2025-01-10T16:00:00Z,134758,507.51806
506.88,509.12,506.48,1262,508.89,2025-01-10T20:00:00Z,120661,507.491455
502.08,503.88,499.71,1857,502.22,2025-01-13T12:00:00Z,151549,501.70422
504.505,505.04,500.18,1643,502.19,2025-01-13T16:00:00Z,116496,502.766506
506.55,506.55,503.82,1231,504.5,2025-01-13T20:00:00Z,93305,504.921454
505.52,510.15,505.52,1637,508.81,2025-01-14T12:00:00Z,115175,508.059374
503.66,507.26,502.12,2625,505.61,2025-01-14T16:00:00Z,181048,504.762589
506.55,506.55,501.64,1442,503.68,2025-01-14T20:00:00Z,135034,503.833508
514.725,516.69,511.84,1998,513.04,2025-01-15T12:00:00Z,145714,514.790824
517.01,517.37,512.98,2033,515.0,2025-01-15T16:00:00Z,153407,515.670997
516.16,517.825,515.93,1730,517.05,2025-01-15T20:00:00Z,224869,516.849081
517.335,519.0,515.35,1731,517.52,2025-01-16T12:00:00Z,116810,516.876889
516.14,518.48,513.57,2619,517.245,2025-01-16T16:00:00Z,140074,515.99581
512.03,516.515,511.63,1087,516.105,2025-01-16T20:00:00Z,76040,514.12703
521.585,523.01,516.3,1849,516.3,2025-01-17T12:00:00Z,164620,520.621307
522.23,523.41,520.83,2613,521.605,2025-01-17T16:00:00Z,201599,522.066479
521.36,522.63,521.12,1440,522.23,2025-01-17T20:00:00Z,182114,521.769016
522.69,524.77,520.205,1523,524.77,2025-01-21T12:00:00Z,105978,522.310813
524.88,525.95,521.94,2038,522.315,2025-01-21T16:00:00Z,143818,524.39118
526.02,526.07,524.285,867,524.77,2025-01-21T20:00:00Z,75876,524.813708
531.45,532.53,529.21,1444,529.92,2025-01-22T12:00:00Z,159458,531.292063
532.48,533.8,531.33,2503,531.43,2025-01-22T16:00:00Z,244573,532.876194
531.04,532.53,530.94,1690,532.53,2025-01-22T20:00:00Z,180325,531.741943
530.055,530.27,528.51,1410,529.32,2025-01-23T12:00:00Z,79718,529.283394
530.68,531.21,529.355,2790,530.08,2025-01-23T16:00:00Z,140650,530.327918
532.03,532.77,530.41,1227,530.46,2025-01-23T20:00:00Z,113175,531.725668
531.66,533.7,531.45,1139,532.06,2025-01-24T12:00:00Z,89933,532.493624
528.71,532.73,528.175,2683,531.81,2025-01-24T16:00:00Z,227020,529.851618
529.48,529.895,528.49,1048,528.695,2025-01-24T20:00:00Z,89514,529.340354
515.43,517.87,510.14,3448,510.15,2025-01-27T12:00:00Z,315981,514.702113
511.03,515.8,510.18,3777,515.38,2025-01-27T16:00:00Z,247365,512.749939
515.46,515.48,511.0,1965,511.04,2025-01-27T20:00:00Z,182937,513.326424
518.91,519.54,511.8,1851,515.11,2025-01-28T12:00:00Z,144644,515.249972
522.74,522.99,517.36,2619,518.93,2025-01-28T16:00:00Z,178155,520.675335
521.5,522.92,521.395,1604,522.63,2025-01-28T20:00:00Z,178692,522.156021
520.27,522.49,519.155,683,522.49,2025-01-29T12:00:00Z,61173,520.78272
521.17,521.8,517.04,1801,520.16,2025-01-29T16:00:00Z,163227,519.346049
521.59,522.295,519.0,630,521.25,2025-01-29T20:00:00Z,42959,520.712973
519.4,526.025,519.35,1204,523.26,2025-01-30T12:00:00Z,86583,522.815928
523.84,523.975,518.385,1617,519.285,2025-01-30T16:00:00Z,124366,521.304228
523.41,524.92,520.78,1445,524.0,2025-01-30T20:00:00Z,142264,523.125129
530.855,531.3,526.72,1892,526.75,2025-01-31T12:00:00Z,122691,529.195397
524.15,531.5,522.41,3303,530.94,2025-01-31T16:00:00Z,243820,527.425831
522.3,523.83,521.21,1836,523.69,2025-01-31T20:00:00Z,165288,522.391361
518.38,519.08,511.1,1974,513.7,2025-02-03T12:00:00Z,158820,514.313289
519.885,520.775,516.66,2829,518.3,2025-02-03T16:00:00Z,183739,518.869954
521.88,521.9,517.97,1355,520.09,2025-02-03T20:00:00Z,115089,518.874844
523.74,524.69,518.29,1642,518.63,2025-02-04T12:00:00Z,115346,522.558073
523.78,525.05,521.74,2154,524.2,2025-02-04T16:00:00Z,118380,523.613136
522.45,524.95,522.45,1434,523.82,2025-02-04T20:00:00Z,117566,524.503749
522.79,523.08,520.67,1299,521.51,2025-02-05T12:00:00Z,74509,522.036843
525.57,526.36,522.25,1259,522.74,2025-02-05T16:00:00Z,84039,525.197137
526.87,527.01,525.16,1139,525.6,2025-02-05T20:00:00Z,72715,526.256498
527.2,528.885,526.46,1051,527.4,2025-02-06T12:00:00Z,69763,527.531077
526.47,528.78,525.87,1558,527.19,2025-02-06T16:00:00Z,83159,527.657955
529.05,529.78,526.39,977,526.67,2025-02-06T20:00:00Z,79693,528.850355
526.1,532.0,523.705,944,530.19,2025-02-07T12:00:00Z,80667,528.96708
523.805,526.99,522.61,1067,525.65,2025-02-07T16:00:00Z,70148,524.394751
522.67,523.73,522.36,1132,523.03,2025-02-07T20:00:00Z,98516,522.996537
529.7,530.325,526.78,1549,527.47,2025-02-10T12:00:00Z,123452,528.609519
529.6,530.14,528.535,1344,529.95,2025-02-10T16:00:00Z,90070,529.559595
529.04,529.89,528.77,873,529.43,2025-02-10T20:00:00Z,76379,529.362955
529.18,529.835,525.61,1119,525.61,2025-02-11T12:00:00Z,73232,528.290554
528.81,529.34,526.215,1803,529.25,2025-02-11T16:00:00Z,105356,528.238141
528.01,529.15,527.39,1032,529.06,2025-02-11T20:00:00Z,86202,527.963055
526.55,527.2,521.5,1372,522.22,2025-02-12T12:00:00Z,83179,524.631343
528.88,529.185,524.73,1712,526.5,2025-02-12T16:00:00Z,98133,527.785812
528.39,529.1,527.695,737,528.98,2025-02-12T20:00:00Z,54372,528.343359
533.96,534.57,529.22,1288,529.98,2025-02-13T12:00:00Z,92414,532.121508
534.58,534.975,530.67,2646,533.91,2025-02-13T16:00:00Z,151491,532.958539
535.43,536.2,534.54,1444,534.54,2025-02-13T20:00:00Z,144235,535.559884
537.42,537.585,535.73,1214,536.29,2025-02-14T12:00:00Z,80198,536.608294
537.65,538.4,535.78,1625,537.58,2025-02-14T16:00:00Z,105133,537.377466
538.52,538.79,537.39,892,537.495,2025-02-14T20:00:00Z,82021,538.286087
537.86,541.06,536.695,1169,540.81,2025-02-18T12:00:00Z,60895,537.981645
537.84,538.69,536.12,1765,537.975,2025-02-18T16:00:00Z,134910,537.682801
538.81,539.49,537.42,1199,537.815,2025-02-18T20:00:00Z,125898,538.44532
537.5,538.9,536.54,1145,538.55,2025-02-19T12:00:00Z,80751,537.983788
540.65,540.76,537.78,2043,537.78,2025-02-19T16:00:00Z,172786,539.37133
538.84,540.655,538.545,1202,540.51,2025-02-19T20:00:00Z,104905,539.561681
533.23,539.03,532.58,1586,538.75,2025-02-20T12:00:00Z,125055,535.29595
536.47,536.68,533.64,1897,533.64,2025-02-20T16:00:00Z,144480,535.171749
537.03,537.21,535.715,1337,536.545,2025-02-20T20:00:00Z,162528,536.662437
533.94,539.72,532.5,1653,539.46,2025-02-21T12:00:00Z,132085,535.298006
526.28,534.485,525.81,3570,534.06,2025-02-21T16:00:00Z,360146,529.983682
525.76,527.0,525.73,2064,526.49,2025-02-21T20:00:00Z,238199,526.273255
521.565,528.88,520.26,2150,528.62,2025-02-24T12:00:00Z,193058,523.456223
522.98,525.64,521.37,2239,521.565,2025-02-24T16:00:00Z,191434,523.894926
519.91,523.43,519.555,1430,522.935,2025-02-24T20:00:00Z,187153,520.689363
512.2,519.29,510.41,4271,519.14,2025-02-25T12:00:00Z,196159,513.774903
514.56,516.46,509.61,3892,512.165,2025-02-25T16:00:00Z,298037,513.118479
514.21,516.01,512.65,1498,514.61,2025-02-25T20:00:00Z,155780,513.914935
518.335,518.73,514.46,1631,515.52,2025-02-26T12:00:00Z,139138,516.64704
511.94,519.655,511.37,2727,518.46,2025-02-26T16:00:00Z,212402,515.354925
515.06,517.34,511.8,1308,511.985,2025-02-26T20:00:00Z,95790,514.05125
510.31,519.02,507.41,3252,517.66,2025-02-27T12:00:00Z,288998,513.567626
505.84,513.62,504.95,3668,510.26,2025-02-27T16:00:00Z,249383,509.664181
500.98,505.875,500.07,2922,505.8,2025-02-27T20:00:00Z,306861,501.943776
504.21,504.63,496.95,2261,499.8,2025-02-28T12:00:00Z,160664,500.869206
502.87,504.61,497.67,4182,504.44,2025-02-28T16:00:00Z,264117,500.845425
508.08,508.77,502.42,2500,503.13,2025-02-28T20:00:00Z,312663,506.999547
506.69,512.91,504.55,2242,511.46,2025-03-03T12:00:00Z,125734,507.999874
500.685,509.735,500.68,5099,506.84,2025-03-03T16:00:00Z,332209,505.30623
497.35,500.26,493.59,3607,500.26,2025-03-03T20:00:00Z,311836,496.882489
490.7,496.2,487.76,3116,495.13,2025-03-04T12:00:00Z,260664,491.938635
500.955,501.2,488.605,5389,490.555,2025-03-04T16:00:00Z,421513,495.507958
495.63,503.73,493.78,2639,500.975,2025-03-04T20:00:00Z,235694,498.880173
495.54,498.04,492.57,1643,495.86,2025-03-05T12:00:00Z,129795,495.505581
502.02,503.22,491.41,3643,495.35,2025-03-05T16:00:00Z,286560,498.065227
500.69,503.59,500.64,2000,501.73,2025-03-05T20:00:00Z,155494,502.272768
496.6,498.5,491.95,2076,493.28,2025-03-06T12:00:00Z,168965,495.35105
487.24,498.075,486.3,4840,496.885,2025-03-06T16:00:00Z,363470,490.455717
490.15,490.15,487.08,2605,487.28,2025-03-06T20:00:00Z,292503,488.257088
486.86,492.77,483.67,2493,492.77,2025-03-07T12:00:00Z,187730,488.410708
490.91,492.95,480.57,4947,486.39,2025-03-07T16:00:00Z,331447,486.668404
491.74,493.145,488.89,1879,490.775,2025-03-07T20:00:00Z,154525,491.709748
472.4,476.98,468.6,4309,473.32,2025-03-11T12:00:00Z,370448,473.043256
471.68,478.78,467.09,8420,472.28,2025-03-11T16:00:00Z,650438,473.395315
477.64,480.9,471.95,3545,479.25,2025-03-12T12:00:00Z,276467,476.664563
477.1,479.87,475.18,4752,477.415,2025-03-12T16:00:00Z,347553,477.573408
476.68,476.68,476.68,1,476.68,2025-03-12T20:00:00Z,100,476.68
469.47,476.07,469.24,2361,475.59,2025-03-13T12:00:00Z,172381,472.748814
468.365,471.92,466.445,3756,469.55,2025-03-13T16:00:00Z,329693,468.759802
469.93,469.98,469.93,2,469.98,2025-03-13T20:00:00Z,600,469.955
478.79,479.47,473.31,2650,474.15,2025-03-14T12:00:00Z,206392,476.332104
479.67,480.55,477.21,2871,478.875,2025-03-14T16:00:00Z,322347,479.317719
478.59,479.26,478.29,27,479.26,2025-03-14T20:00:00Z,6884,478.722545
479.02,483.12,477.97,1629,479.38,2025-03-17T12:00:00Z,122991,481.07033
482.71,485.79,478.64,2997,478.96,2025-03-17T16:00:00Z,350878,483.259333
473.49,479.23,472.41,2643,479.205,2025-03-18T12:00:00Z,212548,474.833641
474.585,476.56,473.605,3641,473.64,2025-03-18T16:00:00Z,315432,474.869905
479.84,480.305,474.96,1555,476.8,2025-03-19T12:00:00Z,115623,477.890326
480.83,485.33,476.665,3985,480.06,2025-03-19T16:00:00Z,391972,480.624441
481.28,481.28,481.28,1,481.28,2025-03-19T20:00:00Z,300,481.28
481.82,484.51,476.28,2660,476.88,2025-03-20T12:00:00Z,213531,481.458085
479.31,482.61,477.27,4071,481.65,2025-03-20T16:00:00Z,279310,479.183341
479.65,479.65,479.65,1,479.65,2025-03-20T20:00:00Z,300,479.65
475.38,477.66,472.95,2260,474.05,2025-03-21T12:00:00Z,197309,475.595983
481.18,481.595,474.65,2832,475.255,2025-03-21T16:00:00Z,231293,478.908017
481.23,481.64,480.81,44,480.93,2025-03-21T20:00:00Z,14743,481.022489
490.1,490.505,487.17,2379,488.21,2025-03-24T12:00:00Z,193671,489.12781
490.49,491.415,489.08,3423,490.055,2025-03-24T16:00:00Z,427676,490.497838
490.44,490.7,490.29,54,490.59,2025-03-24T20:00:00Z,13646,490.496914
492.385,493.54,490.47,2159,491.67,2025-03-25T12:00:00Z,144564,492.338299
493.53,493.54,491.46,2384,492.43,2025-03-25T16:00:00Z,188119,492.574424
494.08,494.21,493.57,43,493.57,2025-03-25T20:00:00Z,7655,493.928883
486.38,493.11,486.0,3509,492.39,2025-03-26T12:00:00Z,283808,490.173264
484.54,486.975,482.85,3393,486.28,2025-03-26T16:00:00Z,296660,484.544142
483.8,484.58,483.8,16,484.43,2025-03-26T20:00:00Z,3501,484.355143
482.98,486.525,480.29,2503,483.4,2025-03-27T12:00:00Z,225841,483.861815
481.51,485.37,481.22,2330,482.98,2025-03-27T16:00:00Z,201066,482.977426
482.02,482.02,481.6,17,481.86,2025-03-27T20:00:00Z,5000,481.755434
471.015,480.43,470.98,2750,479.41,2025-03-28T12:00:00Z,265418,474.657142
468.96,471.88,468.06,4110,471.215,2025-03-28T16:00:00Z,406031,469.336059
466.98,468.83,466.98,83,468.68,2025-03-28T20:00:00Z,19540,468.005039
463.235,464.25,457.355,4313,463.16,2025-03-31T12:00:00Z,370252,460.639944
468.92,469.85,462.2,4526,463.5,2025-03-31T16:00:00Z,458826,467.175151
468.01,468.2,468.01,2,468.2,2025-03-31T20:00:00Z,600,468.105
472.01,472.67,464.43,2936,467.71,2025-04-01T12:00:00Z,226577,468.698092
472.62,473.53,467.44,3505,472.225,2025-04-01T16:00:00Z,303833,470.597501
472.01,472.79,472.01,20,472.63,2025-04-01T20:00:00Z,4146,472.560955
474.13,475.28,465.91,2901,467.8,2025-04-02T12:00:00Z,288124,471.248829
476.12,479.5,472.75,3947,474.135,2025-04-02T16:00:00Z,373359,476.179184
468.0,482.75,467.5,24,476.2,2025-04-02T20:00:00Z,2803,478.984503
455.54,460.015,451.62,4810,459.3,2025-04-03T12:00:00Z,453973,456.115844
450.7,457.89,450.16,6028,455.745,2025-04-03T16:00:00Z,674929,453.014159
449.3,451.1,449.3,4,450.66,2025-04-03T20:00:00Z,600,450.62
431.45,440.59,426.17,5043,436.73,2025-04-04T12:00:00Z,560044,434.777382
423.48,433.77,423.16,7954,431.75,2025-04-04T16:00:00Z,901826,427.354601
420.07,443.13,402.51,9759,411.18,2025-04-07T12:00:00Z,1207130,423.154794
423.79,429.97,415.76,4622,419.35,2025-04-07T16:00:00Z,477230,422.897749
435.98,442.93,433.56,3641,434.36,2025-04-08T12:00:00Z,441442,438.497722
416.36,436.13,409.815,7052,435.31,2025-04-08T16:00:00Z,920373,420.241312
415.87,415.87,415.87,1,415.87,2025-04-08T20:00:00Z,300,415.87
418.19,424.51,409.35,3933,410.49,2025-04-09T12:00:00Z,432059,419.962432
464.74,467.79,417.46,10258,417.95,2025-04-09T16:00:00Z,1225723,450.83135
467.05,467.05,465.08,10,465.08,2025-04-09T20:00:00Z,631,466.078333
441.39,456.6,440.87,4339,456.6,2025-04-10T12:00:00Z,549741,449.703064
446.23,450.725,432.72,7442,441.28,2025-04-10T16:00:00Z,1096714,443.289465
447.75,447.95,447.75,2,447.95,2025-04-10T20:00:00Z,1100,447.822727
447.91,450.28,441.57,2385,445.51,2025-04-11T12:00:00Z,166011,445.937167
454.27,455.61,447.54,4326,448.31,2025-04-11T16:00:00Z,369595,453.358798
454.17,454.2,454.17,5,454.2,2025-04-11T20:00:00Z,1000,454.181
455.2,464.77,454.185,2357,464.59,2025-04-14T12:00:00Z,226641,460.593393
457.27,461.11,452.75,2742,454.64,2025-04-14T16:00:00Z,241466,457.466893
454.02,454.02,454.0,33,454.01,2025-04-14T20:00:00Z,19201,454.007215
460.02,462.35,457.45,1878,458.25,2025-04-15T12:00:00Z,143169,459.854902
458.12,460.94,456.34,1681,460.09,2025-04-15T16:00:00Z,123857,458.280514
448.97,452.51,447.46,2817,448.91,2025-04-16T12:00:00Z,246868,449.938404
444.32,449.68,437.76,6387,449.2,2025-04-16T16:00:00Z,671296,442.290267
444.16,444.17,444.16,2,444.17,2025-04-16T20:00:00Z,600,444.165
443.3,447.27,441.36,2993,447.18,2025-04-17T12:00:00Z,276574,444.252855
444.03,447.73,442.82,4597,443.185,2025-04-17T16:00:00Z,410917,444.987081
444.76,444.76,444.39,2,444.39,2025-04-17T20:00:00Z,418,444.49445
430.185,439.055,430.065,2139,437.55,2025-04-21T12:00:00Z,198098,434.235692
433.16,433.94,427.98,4175,430.38,2025-04-21T16:00:00Z,399764,430.740413
433.13,433.23,433.13,3,433.23,2025-04-21T20:00:00Z,900,433.17
444.42,444.57,437.76,3643,438.95,2025-04-22T12:00:00Z,353921,441.787843
444.35,447.44,440.365,5460,444.56,2025-04-22T16:00:00Z,611326,443.822816
456.4,463.2,454.99,3105,458.34,2025-04-23T12:00:00Z,354008,460.427309
454.23,458.55,452.94,2218,456.4,2025-04-23T16:00:00Z,216729,455.629596
456.87,456.87,455.83,2,455.83,2025-04-23T20:00:00Z,200,456.35
463.36,464.6,455.56,3140,455.56,2025-04-24T12:00:00Z,282900,461.155772
467.24,467.63,462.88,3612,463.46,2025-04-24T16:00:00Z,392759,466.111735
468.5,468.98,467.4,6,467.4,2025-04-24T20:00:00Z,1700,468.334118
468.59,469.36,465.45,2481,466.15,2025-04-25T12:00:00Z,232455,467.490197
472.485,473.02,468.185,4516,468.51,2025-04-25T16:00:00Z,439079,471.43752
473.1,473.23,472.62,6,473.1,2025-04-25T20:00:00Z,1600,472.979375
468.125,474.78,467.28,2452,473.04,2025-04-28T12:00:00Z,241139,471.765472
472.48,473.71,466.19,3562,468.165,2025-04-28T16:00:00Z,320935,470.067183
471.35,472.27,471.35,14,472.27,2025-04-28T20:00:00Z,3241,471.743134
472.88,474.595,469.23,1890,469.56,2025-04-29T12:00:00Z,154364,472.605851
475.38,476.39,471.42,2954,472.96,2025-04-29T16:00:00Z,244424,475.017146
474.26,475.81,474.26,9,475.81,2025-04-29T20:00:00Z,1900,474.952632
469.71,470.83,462.47,1844,466.09,2025-04-30T12:00:00Z,167876,466.555231
475.23,477.06,468.02,2333,470.7,2025-04-30T16:00:00Z,251520,472.883665
480.91,480.91,475.14,44,475.14,2025-04-30T20:00:00Z,14449,477.685198
483.18,487.11,480.85,2696,483.39,2025-05-01T12:00:00Z,232833,483.918978
481.16,485.28,480.75,2641,483.3,2025-05-01T16:00:00Z,240620,482.894817
479.14,479.65,479.14,18,479.17,2025-05-01T20:00:00Z,2099,479.295745
489.0,489.21,484.3,2231,484.3,2025-05-02T12:00:00Z,193946,487.22663
488.865,490.905,487.97,3381,488.95,2025-05-02T16:00:00Z,343270,489.430627
489.23,489.37,489.23,3,489.23,2025-05-02T20:00:00Z,900,489.276667
486.67,487.37,484.1,2098,484.54,2025-05-05T12:00:00Z,164473,485.952558
485.95,488.91,485.6,2072,486.9,2025-05-05T16:00:00Z,172276,487.087069
485.28,485.93,484.57,20,485.93,2025-05-05T20:00:00Z,4117,485.237543
481.91,483.25,478.25,1579,480.67,2025-05-06T12:00:00Z,149585,481.168526
481.34,484.8,480.62,2191,482.04,2025-05-06T16:00:00Z,231922,482.365553
480.73,481.57,480.73,8,481.04,2025-05-06T20:00:00Z,1823,481.213315
480.83,483.99,479.45,2404,482.98,2025-05-07T12:00:00Z,167274,481.475867
483.29,485.66,476.95,4084,480.7,2025-05-07T16:00:00Z,297074,481.36255
483.32,484.24,483.32,4,484.24,2025-05-07T20:00:00Z,466,484.01
491.12,492.15,484.28,3603,488.47,2025-05-08T12:00:00Z,296934,488.271355
488.16,492.7,488.01,3815,491.21,2025-05-08T16:00:00Z,382485,491.01798
488.21,488.77,488.04,25,488.61,2025-05-08T20:00:00Z,5457,488.534782
488.78,491.52,486.255,2250,490.51,2025-05-09T12:00:00Z,171647,489.053319
488.01,489.12,486.47,3120,488.94,2025-05-09T16:00:00Z,222281,487.966677
487.72,488.32,487.72,12,487.81,2025-05-09T20:00:00Z,2666,488.054615
503.29,507.98,501.56,3912,507.03,2025-05-12T12:00:00Z,302310,504.070961
507.8,507.88,503.22,4147,503.24,2025-05-12T16:00:00Z,308238,506.633588
507.99,508.75,507.55,37,508.46,2025-05-12T20:00:00Z,6195,508.074287
515.88,516.32,508.54,4035,509.44,2025-05-13T12:00:00Z,327211,513.311755
515.53,517.37,515.2,4702,515.91,2025-05-13T16:00:00Z,310420,516.494988
515.45,515.56,515.12,27,515.56,2025-05-13T20:00:00Z,3742,515.291889
518.27,518.9,515.8,4965,517.78,2025-05-14T12:00:00Z,334271,517.350319
518.68,519.21,515.92,6749,518.13,2025-05-14T16:00:00Z,380028,517.939803
518.91,518.91,518.35,25,518.56,2025-05-14T20:00:00Z,6354,518.755435
519.5,519.9,515.17,3593,516.1,2025-05-15T12:00:00Z,206010,517.260603
519.18,521.87,516.69,5167,519.59,2025-05-15T16:00:00Z,361416,519.234965
518.96,519.85,518.94,54,518.94,2025-05-15T20:00:00Z,6149,519.188452
519.28,521.35,517.15,2663,520.9,2025-05-16T12:00:00Z,202204,519.399979
521.53,521.64,519.17,3107,519.17,2025-05-16T16:00:00Z,250247,520.702538
521.26,521.53,521.15,11,521.15,2025-05-16T20:00:00Z,2120,521.369904
519.94,520.84,513.45,2582,514.19,2025-05-19T12:00:00Z,254244,518.305381
522.0,522.51,519.775,3585,519.82,2025-05-19T16:00:00Z,302464,521.23438
521.86,521.86,521.01,37,521.75,2025-05-19T20:00:00Z,4990,521.460827
520.01,520.77,518.12,2927,520.77,2025-05-20T12:00:00Z,196357,519.393597
520.28,520.9,516.84,5168,519.99,2025-05-20T16:00:00Z,391216,519.14978
519.48,519.98,519.34,24,519.98,2025-05-20T20:00:00Z,3644,519.6807
521.98,522.43,516.09,4287,516.63,2025-05-21T12:00:00Z,360110,519.393845
513.04,522.99,511.24,8626,521.96,2025-05-21T16:00:00Z,741437,515.962506
512.84,513.05,512.3,30,513.05,2025-05-21T20:00:00Z,4957,512.72064
516.08,517.52,512.325,4145,513.45,2025-05-22T12:00:00Z,320204,515.050551
514.07,517.71,513.6,4264,516.17,2025-05-22T16:00:00Z,301530,515.831036
514.6,514.6,513.92,10,514.11,2025-05-22T20:00:00Z,2600,514.255385
508.305,510.0,503.8,4838,504.14,2025-05-23T12:00:00Z,449921,507.966954
509.3,511.83,507.9,5406,508.335,2025-05-23T16:00:00Z,478591,510.065047
508.53,508.69,508.28,12,508.69,2025-05-23T20:00:00Z,2583,508.4936
519.57,519.69,514.63,3725,517.03,2025-05-27T12:00:00Z,276146,517.605561
521.21,521.71,519.51,4592,519.57,2025-05-27T16:00:00Z,478689,520.731403
521.44,521.44,520.75,28,520.9,2025-05-27T20:00:00Z,6214,521.08851
520.52,523.64,520.31,2474,522.9,2025-05-28T12:00:00Z,197447,521.63917
519.15,522.375,518.41,4128,520.535,2025-05-28T16:00:00Z,343829,520.763029
522.29,522.29,518.92,23,518.94,2025-05-28T20:00:00Z,2662,520.39875
518.4,526.48,517.94,4765,525.97,2025-05-29T12:00:00Z,432582,521.793446
520.1,521.56,517.38,5240,518.37,2025-05-29T16:00:00Z,420353,519.531684
519.36,519.95,519.36,14,519.95,2025-05-29T20:00:00Z,1565,519.779286
518.12,519.83,515.97,3987,517.45,2025-05-30T12:00:00Z,363351,518.388239
519.21,520.67,512.0,5464,518.07,2025-05-30T16:00:00Z,454190,516.495835
519.01,519.77,518.37,46,519.68,2025-05-30T20:00:00Z,5061,519.184932
520.825,521.35,516.06,4641,517.14,2025-06-02T12:00:00Z,402934,519.139722
523.22,523.45,520.15,4210,520.835,2025-06-02T16:00:00Z,330562,522.04114
523.7,524.16,523.3,40,523.3,2025-06-02T20:00:00Z,6608,523.749942
526.915,527.0,522.735,3726,523.54,2025-06-03T12:00:00Z,276721,525.201444
527.34,528.71,525.81,5507,526.89,2025-06-03T16:00:00Z,450914,527.494014
527.26,527.26,526.53,37,526.91,2025-06-03T20:00:00Z,4631,526.790098
528.68,529.61,526.07,2807,527.25,2025-06-04T12:00:00Z,232021,528.439503
528.76,529.83,527.62,2423,528.705,2025-06-04T16:00:00Z,248868,529.160272
528.78,528.94,528.48,41,528.76,2025-06-04T20:00:00Z,6934,528.711146
532.79,533.02,527.27,4579,528.84,2025-06-05T12:00:00Z,352467,530.071239
524.835,532.76,522.75,6751,532.76,2025-06-05T16:00:00Z,536625,526.803798
524.17,525.27,523.13,13,524.67,2025-06-05T20:00:00Z,1630,523.869375
530.36,531.69,527.0,4892,527.0,2025-06-06T12:00:00Z,341244,530.499875
529.79,531.8,528.24,4333,530.36,2025-06-06T16:00:00Z,314247,530.245867
530.31,530.42,529.67,46,529.77,2025-06-06T20:00:00Z,8051,529.975336
531.08,532.295,529.17,2519,530.47,2025-06-09T12:00:00Z,175710,530.909355
530.6,532.23,530.6,2510,531.18,2025-06-09T16:00:00Z,227997,531.519767
530.57,530.68,530.23,37,530.68,2025-06-09T20:00:00Z,5905,530.423131
532.055,532.52,529.02,2528,531.47,2025-06-10T12:00:00Z,217868,531.627977
534.26,534.88,530.96,3509,532.055,2025-06-10T16:00:00Z,312921,533.173291
534.0,534.29,533.6,46,534.0,2025-06-10T20:00:00Z,6757,533.878027
535.115,536.75,533.35,3094,536.64,2025-06-11T12:00:00Z,203698,535.53282
532.52,535.54,530.14,6720,535.095,2025-06-11T16:00:00Z,377221,532.687759
532.9,532.9,532.27,19,532.32,2025-06-11T20:00:00Z,3089,532.484483
533.31,534.59,530.89,2519,531.41,2025-06-12T12:00:00Z,121643,532.789262
533.63,534.395,532.63,3186,533.43,2025-06-12T16:00:00Z,156564,533.620047
533.08,533.81,533.07,44,533.47,2025-06-12T20:00:00Z,6402,533.496978
531.41,531.57,526.21,3441,526.57,2025-06-13T12:00:00Z,264632,529.353409
526.925,531.775,525.75,4775,531.4,2025-06-13T16:00:00Z,413125,528.110791
526.84,526.84,526.84,3,526.84,2025-06-13T20:00:00Z,330,526.84
534.18,535.34,530.56,2611,531.07,2025-06-16T12:00:00Z,182560,533.942994
534.22,534.98,533.34,3280,534.22,2025-06-16T16:00:00Z,254946,533.991297
534.17,534.51,534.16,31,534.29,2025-06-16T20:00:00Z,4519,534.198043
532.51,533.28,530.87,2519,531.47,2025-06-17T12:00:00Z,169976,532.401174
529.0,533.24,527.96,4041,532.5,2025-06-17T16:00:00Z,293770,529.703871
528.87,528.87,528.87,1,528.87,2025-06-17T20:00:00Z,207,528.87
531.1,532.53,528.55,2763,530.53,2025-06-18T12:00:00Z,231379,531.305432
529.05,531.93,527.69,3189,531.12,2025-06-18T16:00:00Z,268669,530.018495
529.34,529.4,529.21,17,529.36,2025-06-18T20:00:00Z,3025,529.30837
526.865,533.51,525.16,2110,532.37,2025-06-20T12:00:00Z,160576,529.248661
526.74,528.33,524.95,2435,526.79,2025-06-20T16:00:00Z,237085,526.776147
527.49,528.0,527.18,47,527.93,2025-06-20T20:00:00Z,4992,527.459325
528.49,530.34,524.165,2739,526.86,2025-06-23T12:00:00Z,194291,528.775237
531.675,532.15,523.77,4785,528.475,2025-06-23T16:00:00Z,367521,529.862508
531.68,531.79,531.23,63,531.4,2025-06-23T20:00:00Z,18040,531.624103
538.685,539.2,536.44,2675,536.83,2025-06-24T12:00:00Z,213351,537.882621
539.79,540.67,538.61,3168,538.71,2025-06-24T16:00:00Z,342003,539.920125
540.0,540.0,539.5,30,539.66,2025-06-24T20:00:00Z,6067,539.61945
540.76,543.28,540.46,3090,541.88,2025-06-25T12:00:00Z,226208,542.009275
541.12,541.175,539.71,2682,540.785,2025-06-25T16:00:00Z,233710,540.476845
541.25,541.4,540.96,39,540.96,2025-06-25T20:00:00Z,6985,541.23275
544.75,544.86,541.59,1975,543.72,2025-06-26T12:00:00Z,162736,543.45943
546.28,546.66,544.415,2533,544.72,2025-06-26T16:00:00Z,199860,545.89342
546.24,546.26,545.58,33,546.18,2025-06-26T20:00:00Z,7842,545.938349
549.76,549.92,546.955,1933,548.7,2025-06-27T12:00:00Z,200826,548.846292
548.205,549.635,544.595,2538,549.605,2025-06-27T16:00:00Z,274568,547.611828
548.05,548.09,547.7,73,547.7,2025-06-27T20:00:00Z,10136,547.949413
550.52,551.59,549.01,3252,551.49,2025-06-30T12:00:00Z,218901,550.165736
551.6,552.78,549.04,5883,550.555,2025-06-30T16:00:00Z,433381,550.935792
551.32,551.78,550.91,35,551.78,2025-06-30T20:00:00Z,7678,551.342955
546.2,550.68,544.76,4706,549.62,2025-07-01T12:00:00Z,368069,547.684873
546.98,548.65,545.66,4697,546.24,2025-07-01T16:00:00Z,378557,547.40434
546.89,546.89,546.5,66,546.71,2025-07-01T20:00:00Z,17483,546.716521
550.25,550.745,545.13,3433,545.13,2025-07-02T12:00:00Z,256798,548.799936
550.815,550.98,549.91,3548,550.175,2025-07-02T16:00:00Z,256865,550.440005
551.05,551.05,550.45,26,550.68,2025-07-02T20:00:00Z,3669,550.607522
556.71,557.19,553.205,3971,553.35,2025-07-03T12:00:00Z,308611,555.297361
555.87,557.04,555.62,1682,556.89,2025-07-03T16:00:00Z,171413,556.455496
553.13,554.33,552.09,2424,554.03,2025-07-07T12:00:00Z,188889,553.162402
552.23,553.8,549.66,3931,553.15,2025-07-07T16:00:00Z,346391,551.778984
550.76,552.02,550.76,71,552.02,2025-07-07T20:00:00Z,8385,551.432163
552.66,553.69,551.115,3143,553.26,2025-07-08T12:00:00Z,237578,552.406564
552.415,554.0,551.85,3099,552.69,2025-07-08T16:00:00Z,266180,552.629072
552.69,552.69,552.22,52,552.43,2025-07-08T20:00:00Z,11875,552.509546
553.77,557.59,553.11,3260,553.43,2025-07-09T12:00:00Z,280600,555.864294
556.23,556.37,553.73,3870,553.94,2025-07-09T16:00:00Z,324189,555.344381
556.01,556.42,555.81,81,556.28,2025-07-09T20:00:00Z,7895,556.198688
555.53,557.25,552.79,2626,556.22,2025-07-10T12:00:00Z,185947,554.457066
555.37,556.27,554.25,2217,555.615,2025-07-10T16:00:00Z,170090,555.538165
555.66,555.66,555.11,44,555.37,2025-07-10T20:00:00Z,8336,555.365639
554.63,555.48,552.1,1977,553.33,2025-07-11T12:00:00Z,171648,554.364893
554.26,555.77,553.53,3226,554.73,2025-07-11T16:00:00Z,289885,554.84601
553.89,554.22,553.69,69,554.22,2025-07-11T20:00:00Z,13783,553.978529
555.58,555.91,551.65,4831,552.72,2025-07-14T12:00:00Z,280590,554.214881
556.115,556.92,555.37,5364,555.52,2025-07-14T16:00:00Z,393240,556.225522
555.95,556.1,555.95,48,556.01,2025-07-14T20:00:00Z,14008,556.031961
559.255,560.735,557.77,2192,559.23,2025-07-15T12:00:00Z,215533,559.179661
556.72,559.72,556.68,3237,559.245,2025-07-15T16:00:00Z,300519,558.142223
555.88,556.82,555.75,146,556.82,2025-07-15T20:00:00Z,32813,556.274936
554.99,557.395,551.63,2940,556.2,2025-07-16T12:00:00Z,216732,554.790629
557.35,557.89,554.4,2574,555.05,2025-07-16T16:00:00Z,183421,556.570771
557.07,557.35,556.92,45,557.25,2025-07-16T20:00:00Z,10116,557.05892
561.57,561.64,557.27,3314,558.18,2025-07-17T12:00:00Z,253559,559.72009
561.73,562.3,561.35,5227,561.565,2025-07-17T16:00:00Z,429638,561.828033
561.98,561.99,561.44,35,561.95,2025-07-17T20:00:00Z,6273,561.690384
561.8,563.5,560.34,2138,562.06,2025-07-18T12:00:00Z,199007,561.385087
561.245,561.81,560.04,2817,561.79,2025-07-18T16:00:00Z,257993,560.905835
561.18,561.26,561.13,22,561.26,2025-07-18T20:00:00Z,4783,561.19281
565.19,566.06,561.5,2920,561.83,2025-07-21T12:00:00Z,267255,564.994507
564.23,566.03,563.81,6200,565.15,2025-07-21T16:00:00Z,488100,565.022702
564.24,564.39,564.12,35,564.17,2025-07-21T20:00:00Z,7338,564.25404
560.875,564.34,558.61,2714,564.05,2025-07-22T12:00:00Z,223083,560.996025
561.22,562.11,559.84,2089,560.9,2025-07-22T16:00:00Z,230134,561.372152
560.55,561.22,560.47,39,561.22,2025-07-22T20:00:00Z,7960,560.722182
562.31,563.04,559.59,2097,562.05,2025-07-23T12:00:00Z,148531,560.870904
563.8,563.8,560.75,3402,562.15,2025-07-23T16:00:00Z,258872,562.632355
565.75,565.85,564.4,57,564.4,2025-07-23T20:00:00Z,8199,565.194195
565.45,565.715,563.33,2488,565.53,2025-07-24T12:00:00Z,181714,564.77721
565.11,566.24,564.37,3173,565.355,2025-07-24T16:00:00Z,294412,565.526031
565.58,565.62,564.9,56,565.01,2025-07-24T20:00:00Z,8147,565.217193
566.4,566.53,564.37,2117,565.01,2025-07-25T12:00:00Z,192290,565.690203
566.45,567.67,566.075,3703,566.42,2025-07-25T16:00:00Z,316717,566.861622
566.85,566.94,566.25,41,566.25,2025-07-25T20:00:00Z,6115,566.597926
568.24,569.02,567.0,2956,568.54,2025-07-28T12:00:00Z,241521,568.373228
568.215,568.55,567.01,3505,568.18,2025-07-28T16:00:00Z,317904,567.812574
568.62,568.65,568.21,58,568.3,2025-07-28T20:00:00Z,12615,568.38691
568.51,572.09,567.01,3624,570.57,2025-07-29T12:00:00Z,358881,569.360828
567.3,568.91,566.56,3424,568.51,2025-07-29T16:00:00Z,313569,567.667426
567.13,567.39,567.13,17,567.37,2025-07-29T20:00:00Z,2927,567.270935
569.16,569.44,567.27,1775,568.23,2025-07-30T12:00:00Z,164883,568.361501
568.17,570.56,565.135,3631,569.205,2025-07-30T16:00:00Z,304270,567.91347
572.32,572.98,569.87,103,570.11,2025-07-30T20:00:00Z,15344,571.362578
570.56,575.97,568.2,3096,575.97,2025-07-31T12:00:00Z,243544,571.534469
565.0,571.315,563.88,3461,570.69,2025-07-31T16:00:00Z,301214,566.93688
564.7,566.15,564.5,67,565.16,2025-07-31T20:00:00Z,13473,565.165048
556.95,560.33,551.98,4452,560.33,2025-08-01T12:00:00Z,323221,555.336171
553.875,557.7,551.73,4847,556.81,2025-08-01T16:00:00Z,410485,554.239031
553.72,554.11,553.72,38,553.91,2025-08-01T20:00:00Z,7160,553.877034
562.96,563.185,558.52,4491,558.56,2025-08-04T12:00:00Z,397506,561.982291
564.11,564.305,562.78,3530,563.01,2025-08-04T16:00:00Z,349757,563.557952
565.28,565.4,563.82,45,564.13,2025-08-04T20:00:00Z,7048,564.706355
560.65,566.56,559.79,3403,565.86,2025-08-05T12:00:00Z,240719,563.288684
560.22,563.03,559.865,3391,560.765,2025-08-05T16:00:00Z,290007,561.141149
559.45,560.54,559.19,19,560.19,2025-08-05T20:00:00Z,4600,559.917127
565.9,566.08,560.64,2743,561.23,2025-08-06T12:00:00Z,230808,563.347423
567.31,567.75,565.53,3365,565.95,2025-08-06T16:00:00Z,324716,566.929192
566.96,567.19,566.75,22,566.98,2025-08-06T20:00:00Z,3916,566.966574
569.24,573.265,568.71,2710,571.22,2025-08-07T12:00:00Z,202673,571.286649
569.22,569.45,565.14,3264,569.16,2025-08-07T16:00:00Z,237122,567.446298
569.35,569.93,569.24,33,569.66,2025-08-07T20:00:00Z,6707,569.599526
573.66,574.235,570.19,3301,570.24,2025-08-08T12:00:00Z,238394,572.753819
574.595,574.75,573.255,3174,573.7,2025-08-08T16:00:00Z,290940,574.190813
575.66,575.66,574.59,50,574.71,2025-08-08T20:00:00Z,8478,575.146311
575.76,575.89,573.91,1891,574.74,2025-08-11T12:00:00Z,143499,575.088303
572.76,576.74,571.63,2461,575.84,2025-08-11T16:00:00Z,252223,573.671935
572.4,572.83,572.4,48,572.82,2025-08-11T20:00:00Z,6392,572.686642
578.41,578.41,572.495,3178,573.35,2025-08-12T12:00:00Z,229254,575.831053
580.03,580.34,577.955,3568,578.315,2025-08-12T16:00:00Z,331477,579.454529
580.44,580.44,579.89,38,580.09,2025-08-12T20:00:00Z,7236,580.012978
579.87,583.3,579.08,2850,581.85,2025-08-13T12:00:00Z,248562,581.016414
580.43,580.625,579.0,2789,579.91,2025-08-13T16:00:00Z,271147,580.006116
579.91,580.58,579.83,59,580.5,2025-08-13T20:00:00Z,7588,580.231523
580.1,581.87,577.3,3325,578.31,2025-08-14T12:00:00Z,278186,580.017878
579.87,581.2,578.51,4107,580.11,2025-08-14T16:00:00Z,334201,580.14226
578.99,579.68,578.76,47,579.55,2025-08-14T20:00:00Z,9188,579.131901
577.05,580.09,575.59,3253,579.72,2025-08-15T12:00:00Z,310570,577.752423
577.23,578.24,576.24,3449,576.78,2025-08-15T16:00:00Z,374416,577.269657
577.03,577.23,576.63,30,577.03,2025-08-15T20:00:00Z,5335,577.029891
575.91,577.72,575.25,2609,576.27,2025-08-18T12:00:00Z,236416,576.505781
577.18,577.57,575.36,3294,575.91,2025-08-18T16:00:00Z,273916,576.650905
577.07,577.22,576.94,22,577.08,2025-08-18T20:00:00Z,3514,577.074347
571.45,576.425,570.4,3528,576.06,2025-08-19T12:00:00Z,306059,573.434535
569.285,571.9,568.26,3893,571.51,2025-08-19T16:00:00Z,375035,569.436432
569.24,569.64,569.17,17,569.4,2025-08-19T20:00:00Z,3614,569.446313
562.14,568.33,558.9,6575,568.06,2025-08-20T12:00:00Z,575598,562.680736
565.84,566.82,562.12,4997,562.16,2025-08-20T16:00:00Z,458347,564.734979
565.61,565.96,565.48,38,565.96,2025-08-20T20:00:00Z,8836,565.681818
562.97,566.445,562.04,4120,563.87,2025-08-21T12:00:00Z,360977,564.465101
563.39,564.2,561.0,3562,563.01,2025-08-21T16:00:00Z,352113,562.979541
563.49,563.49,562.95,38,563.19,2025-08-21T20:00:00Z,7900,563.297077
571.99,573.985,563.34,4512,564.13,2025-08-22T12:00:00Z,376010,570.382511
572.11,573.345,570.59,4133,572.06,2025-08-22T16:00:00Z,343307,572.086808
572.29,572.45,571.76,26,572.03,2025-08-22T20:00:00Z,5369,572.200369
572.94,573.27,569.2,2347,569.99,2025-08-25T12:00:00Z,201925,571.287089
570.275,573.22,570.21,2927,572.915,2025-08-25T16:00:00Z,286020,571.785192
570.53,570.88,570.17,38,570.17,2025-08-25T20:00:00Z,5843,570.640933
571.0,571.81,568.84,2001,569.82,2025-08-26T12:00:00Z,147874,570.65579
572.65,572.9,570.09,2417,571.09,2025-08-26T16:00:00Z,232415,571.683815
573.14,573.19,572.66,39,572.67,2025-08-26T20:00:00Z,6803,573.002617
573.61,573.74,570.38,2467,572.46,2025-08-27T12:00:00Z,214829,572.182946
573.55,574.39,571.68,3162,573.565,2025-08-27T16:00:00Z,256042,573.371228
571.22,573.64,569.03,77,573.6,2025-08-27T20:00:00Z,13899,571.857682
575.225,576.74,572.47,3692,573.81,2025-08-28T12:00:00Z,348500,574.997275
577.05,577.98,575.11,5334,575.2,2025-08-28T16:00:00Z,590887,577.182289
577.03,577.03,576.81,57,576.94,2025-08-28T20:00:00Z,6108,576.931594
569.3,574.985,569.095,5510,574.65,2025-08-29T12:00:00Z,397463,571.234673
570.31,570.835,568.55,35164,569.325,2025-08-29T16:00:00Z,1874116,569.904431
570.04,570.53,569.83,79,570.52,2025-08-29T20:00:00Z,8914,570.068917
559.96,565.67,559.54,3800,562.64,2025-09-02T12:00:00Z,311954,562.704887
565.69,565.93,559.88,3842,560.36,2025-09-02T16:00:00Z,374394,563.604402
568.01,568.11,565.51,147,565.53,2025-09-02T20:00:00Z,17973,567.391627
569.03,571.69,568.01,2516,569.34,2025-09-03T12:00:00Z,233474,569.800551
569.99,570.21,566.78,3572,569.01,2025-09-03T16:00:00Z,352864,568.671472
570.15,570.32,569.99,81,570.06,2025-09-03T20:00:00Z,12250,570.174105
572.17,572.49,569.08,2893,571.19,2025-09-04T12:00:00Z,262448,571.019968
575.26,575.58,571.605,4251,572.125,2025-09-04T16:00:00Z,417151,574.258363
575.87,576.07,575.14,28,575.3,2025-09-04T20:00:00Z,5460,575.431234
574.165,580.885,571.73,3432,578.66,2025-09-05T12:00:00Z,353360,576.683517
576.085,576.085,573.54,3046,574.255,2025-09-05T16:00:00Z,277746,575.029401
575.59,575.92,575.46,46,575.92,2025-09-05T20:00:00Z,8532,575.703282
580.48,580.83,578.07,3731,578.07,2025-09-08T12:00:00Z,335028,579.95299
578.805,580.48,577.79,4196,580.48,2025-09-08T16:00:00Z,370022,578.807599
578.7,578.9,578.6,61,578.68,2025-09-08T20:00:00Z,19729,578.734871
578.52,580.1,577.07,3077,580.0,2025-09-09T12:00:00Z,256501,578.665765
580.48,580.93,578.405,4544,578.45,2025-09-09T16:00:00Z,458181,579.898899
580.95,581.57,580.11,196,580.41,2025-09-09T20:00:00Z,21138,580.807796
582.53,584.64,581.38,4397,582.46,2025-09-10T12:00:00Z,396406,582.617907
580.75,582.47,578.57,4698,582.47,2025-09-10T16:00:00Z,443277,580.759315
580.48,580.94,580.48,54,580.66,2025-09-10T20:00:00Z,9067,580.705152
584.375,584.87,581.64,3891,582.46,2025-09-11T12:00:00Z,341925,583.490252
584.075,584.86,583.68,4785,584.37,2025-09-11T16:00:00Z,450357,584.436408
584.03,584.33,583.94,66,583.98,2025-09-11T20:00:00Z,19200,584.107135
586.34,586.79,584.12,3390,584.82,2025-09-12T12:00:00Z,304176,585.688921
586.66,587.85,585.865,5900,586.12,2025-09-12T16:00:00Z,644701,586.827291
586.77,586.8,586.4,34,586.4,2025-09-12T20:00:00Z,8364,586.610145
590.94,591.09,587.64,3270,588.23,2025-09-15T12:00:00Z,227374,590.04498
591.645,591.77,590.1,4347,590.925,2025-09-15T16:00:00Z,349396,590.967498
590.73,592.95,590.59,3523,592.76,2025-09-16T12:00:00Z,266180,591.527343
591.15,592.04,590.5,4012,590.71,2025-09-16T16:00:00Z,328831,591.37329
591.46,591.6,591.26,32,591.45,2025-09-16T20:00:00Z,5870,591.4194
588.375,591.54,588.16,3494,591.01,2025-09-17T12:00:00Z,274210,589.432066
590.06,591.72,584.41,7411,588.32,2025-09-17T16:00:00Z,636989,588.646276
590.3,590.96,590.06,37,590.06,2025-09-17T20:00:00Z,5261,590.670113
596.395,598.1,593.03,4658,596.92,2025-09-18T12:00:00Z,362408,596.190349
595.37,597.685,595.33,5284,596.24,2025-09-18T16:00:00Z,473175,596.311977
595.84,595.84,595.06,48,595.29,2025-09-18T20:00:00Z,8830,595.430425
597.34,598.4,595.95,3580,596.69,2025-09-19T12:00:00Z,299334,597.271368
599.45,600.05,597.35,4773,597.39,2025-09-19T16:00:00Z,456187,598.853074
599.47,599.86,599.41,55,599.47,2025-09-19T20:00:00Z,15400,599.618033
600.135,600.695,596.71,4045,596.71,2025-09-22T12:00:00Z,367397,599.517556
602.24,602.86,600.175,5476,600.2,2025-09-22T16:00:00Z,546970,601.982013
602.12,602.21,601.82,48,601.91,2025-09-22T20:00:00Z,15001,602.002341
600.97,602.48,600.64,3266,602.1,2025-09-23T12:00:00Z,325175,601.19553
598.16,601.14,597.01,5047,601.065,2025-09-23T16:00:00Z,538304,598.779212
598.21,598.77,598.08,44,598.36,2025-09-23T20:00:00Z,8591,598.388958
594.6,599.775,594.58,3623,599.32,2025-09-24T12:00:00Z,316408,597.441304
596.0,596.45,593.39,5374,594.63,2025-09-24T16:00:00Z,525930,595.224428
596.23,596.42,596.12,32,596.25,2025-09-24T20:00:00Z,8536,596.266249
594.68,595.1,588.52,4784,593.23,2025-09-25T12:00:00Z,423646,592.360427
593.37,594.99,589.3,6485,594.69,2025-09-25T16:00:00Z,659288,592.752689
593.7,593.83,593.07,35,593.65,2025-09-25T20:00:00Z,7859,593.48368
592.615,596.36,591.09,3794,595.37,2025-09-26T12:00:00Z,314616,593.542538
596.015,596.26,592.39,5006,592.52,2025-09-26T16:00:00Z,450406,595.461245
596.42,596.52,596.11,30,596.13,2025-09-26T20:00:00Z,6343,596.338232
599.01,601.96,598.66,3434,600.34,2025-09-29T12:00:00Z,321828,600.618331
598.83,599.53,597.45,4273,599.11,2025-09-29T16:00:00Z,423795,598.66763
598.07,598.84,598.07,24,598.83,2025-09-29T20:00:00Z,4307,598.646207
598.15,599.39,596.13,3039,598.35,2025-09-30T12:00:00Z,249567,597.686754
600.33,600.705,596.35,3507,598.21,2025-09-30T16:00:00Z,321786,598.927849
599.05,600.34,598.89,30,600.3,2025-09-30T20:00:00Z,7657,599.64042
601.265,601.44,596.37,3086,597.79,2025-10-01T12:00:00Z,234034,599.499515
603.28,603.78,601.23,4183,601.345,2025-10-01T16:00:00Z,365736,602.940203
603.17,603.25,602.85,60,603.05,2025-10-01T20:00:00Z,10635,602.981965
605.0,607.35,603.0,2932,606.72,2025-10-02T12:00:00Z,232410,604.67867
605.77,606.14,604.11,3004,604.96,2025-10-02T16:00:00Z,290811,605.45841
605.63,606.08,605.6,45,605.78,2025-10-02T20:00:00Z,11565,605.947486
606.715,607.3,604.54,2488,606.51,2025-10-03T12:00:00Z,213212,606.061998
603.09,607.01,601.41,4137,606.74,2025-10-03T16:00:00Z,435937,603.713666
602.85,603.35,602.65,42,603.32,2025-10-03T20:00:00Z,8714,602.819192
608.305,608.595,606.115,3490,608.57,2025-10-06T12:00:00Z,246401,607.234518
607.68,609.34,607.63,4465,608.31,2025-10-06T16:00:00Z,439961,608.332762
607.71,607.82,607.53,91,607.68,2025-10-06T20:00:00Z,24959,607.634636
604.2,609.69,603.03,4553,608.66,2025-10-07T12:00:00Z,337273,607.255937
604.47,605.58,603.25,3862,604.14,2025-10-07T16:00:00Z,275552,604.412019
604.76,604.89,604.58,44,604.64,2025-10-07T20:00:00Z,8546,604.693763
609.515,609.685,605.25,3492,605.25,2025-10-08T12:00:00Z,280118,608.11133
611.45,611.74,609.03,5326,609.525,2025-10-08T16:00:00Z,490262,610.633198
611.95,612.11,611.39,62,611.42,2025-10-08T20:00:00Z,13625,611.601349
610.02,611.59,608.27,2815,611.47,2025-10-09T12:00:00Z,256260,609.88911
610.74,610.74,607.5,3209,610.01,2025-10-09T16:00:00Z,287854,609.46723
610.43,610.78,610.3,23,610.71,2025-10-09T20:00:00Z,5454,610.499508
599.74,613.12,596.08,5246,611.9,2025-10-10T12:00:00Z,402282,605.407766
589.62,600.07,589.09,7956,599.33,2025-10-10T16:00:00Z,654419,593.570844
589.9,590.54,589.4,131,589.55,2025-10-10T20:00:00Z,17108,590.022678
601.24,601.71,597.335,4559,599.14,2025-10-13T12:00:00Z,419694,599.952924
602.08,602.95,600.8,5186,601.34,2025-10-13T16:00:00Z,467938,601.965361
601.64,602.02,601.51,88,602.02,2025-10-13T20:00:00Z,14072,601.826786
599.22,600.04,590.2,5294,595.45,2025-10-14T12:00:00Z,433447,595.793638
598.08,602.69,596.53,4884,599.405,2025-10-14T16:00:00Z,434060,600.61921
598.0,598.31,596.81,53,598.04,2025-10-14T20:00:00Z,10274,597.528084
602.36,606.65,601.04,3897,603.88,2025-10-15T12:00:00Z,306049,604.507396
602.18,603.76,596.01,3533,602.52,2025-10-15T16:00:00Z,323859,601.344503
602.25,602.91,602.09,61,602.3,2025-10-15T20:00:00Z,9468,602.511302
603.34,608.285,602.9,3223,605.07,2025-10-16T12:00:00Z,261757,605.709132
600.06,603.88,595.535,4892,603.205,2025-10-16T16:00:00Z,416300,599.710268
599.01,600.24,598.0,27,600.24,2025-10-16T20:00:00Z,4073,598.937587
600.53,603.22,596.47,3239,598.96,2025-10-17T12:00:00Z,248043,599.848303
603.84,605.5,600.17,3632,600.655,2025-10-17T16:00:00Z,320767,603.120278
604.97,605.05,603.67,61,603.67,2025-10-17T20:00:00Z,9352,604.384199
611.83,612.56,606.33,3415,606.33,2025-10-20T12:00:00Z,252287,610.655975
611.54,612.77,611.285,4373,611.88,2025-10-20T16:00:00Z,367957,612.049152
611.99,611.99,611.61,34,611.69,2025-10-20T20:00:00Z,7110,611.789209
612.13,612.22,609.365,2429,611.57,2025-10-21T12:00:00Z,195841,610.820375
611.3,612.72,610.37,3354,612.12,2025-10-21T16:00:00Z,285388,611.779077
610.82,610.95,609.94,68,610.95,2025-10-21T20:00:00Z,11125,610.396204
606.86,611.38,604.54,3264,610.57,2025-10-22T12:00:00Z,269072,608.296103
605.45,606.87,599.9,4582,606.85,2025-10-22T16:00:00Z,398988,603.593248
605.35,605.69,605.04,16,605.54,2025-10-22T20:00:00Z,3295,605.252954
609.18,609.66,603.76,1971,603.76,2025-10-23T12:00:00Z,169387,607.904443
610.46,611.31,608.98,3113,609.03,2025-10-23T16:00:00Z,267616,610.492885
611.07,611.58,610.51,81,610.64,2025-10-23T20:00:00Z,14859,611.080376
617.295,617.87,613.57,3310,613.58,2025-10-24T12:00:00Z,279375,616.883918
616.97,618.405,616.78,4721,617.495,2025-10-24T16:00:00Z,414672,617.785228
617.14,617.42,616.79,45,616.84,2025-10-24T20:00:00Z,10937,617.046977
626.39,626.75,624.055,3410,624.85,2025-10-27T12:00:00Z,272311,625.778154
628.08,628.51,626.345,5533,626.345,2025-10-27T16:00:00Z,488777,627.429169
629.09,629.28,628.13,65,628.26,2025-10-27T20:00:00Z,12267,628.658321
630.49,631.3,629.24,3052,629.29,2025-10-28T12:00:00Z,272182,630.293839
632.91,634.645,630.555,5370,630.56,2025-10-28T16:00:00Z,616252,632.728696
633.23,633.35,632.73,87,632.94,2025-10-28T20:00:00Z,20628,633.005664
634.875,636.96,634.42,5305,635.87,2025-10-29T12:00:00Z,488958,635.726933
635.87,635.96,630.35,6778,634.87,2025-10-29T16:00:00Z,625506,634.177447
633.82,636.59,633.19,62,635.98,2025-10-29T20:00:00Z,12773,634.967098
628.99,635.05,627.81,3392,635.05,2025-10-30T12:00:00Z,274246,630.322849
625.99,631.44,625.99,3632,628.96,2025-10-30T16:00:00Z,323115,628.226659
632.39,632.39,625.72,63,625.99,2025-10-30T20:00:00Z,9345,628.845245
630.62,635.78,630.55,3805,635.78,2025-10-31T12:00:00Z,327597,632.574251
629.26,632.22,626.7,7265,630.34,2025-10-31T16:00:00Z,638605,629.666608
629.01,629.19,628.63,61,628.99,2025-10-31T20:00:00Z,7431,628.909642
631.63,635.78,629.895,2957,632.93,2025-11-03T12:00:00Z,160718,632.407747
632.29,633.41,630.51,4844,631.655,2025-11-03T16:00:00Z,207406,632.201224
632.25,633.29,631.2,1845,632.29,2025-11-03T20:00:00Z,102923,631.808841
624.43,626.94,621.41,3385,622.64,2025-11-04T12:00:00Z,197952,624.826766
619.93,625.2,619.25,5869,624.46,2025-11-04T16:00:00Z,320919,621.86841
619.09,620.8,618.04,2701,620.02,2025-11-04T20:00:00Z,239162,619.386843
622.84,623.15,617.27,3392,618.75,2025-11-05T12:00:00Z,225728,620.976724
626.24,626.55,621.38,5846,622.87,2025-11-05T16:00:00Z,345494,624.597653
623.11,626.59,622.28,2929,626.22,2025-11-05T20:00:00Z,212610,624.645227
612.81,624.79,612.56,4355,624.5,2025-11-06T12:00:00Z,245873,616.947756
615.27,616.13,610.41,7391,612.8,2025-11-06T16:00:00Z,354553,613.186838
612.98,615.54,610.965,3366,615.42,2025-11-06T20:00:00Z,211307,612.798516
601.56,608.99,601.505,5023,608.9,2025-11-07T12:00:00Z,270606,604.839298
608.54,608.55,598.68,11426,601.43,2025-11-07T16:00:00Z,601325,602.712327
611.05,611.05,606.36,4215,608.43,2025-11-07T20:00:00Z,266061,608.495888
618.56,622.03,618.47,4529,618.94,2025-11-10T12:00:00Z,283085,620.767527
622.9,623.23,616.91,4699,618.55,2025-11-10T16:00:00Z,329686,620.454778
623.41,624.27,622.78,2977,622.915,2025-11-10T20:00:00Z,213407,623.449398
618.3,621.54,617.74,2363,620.39,2025-11-11T12:00:00Z,125604,619.843014
621.915,622.72,617.67,4531,618.44,2025-11-11T16:00:00Z,237875,620.629084
621.85,622.59,620.91,2415,621.96,2025-11-11T20:00:00Z,171490,621.668627
619.39,625.54,618.84,2522,625.21,2025-11-12T12:00:00Z,181378,620.770126
620.08,621.37,617.835,4120,619.45,2025-11-12T16:00:00Z,263516,619.995453
621.09,621.75,619.2,2105,619.945,2025-11-12T20:00:00Z,167238,620.680456
612.35,620.41,610.87,2725,620.41,2025-11-13T12:00:00Z,157619,614.460625
607.28,612.75,606.08,6502,612.175,2025-11-13T16:00:00Z,337069,609.437645
608.69,609.95,606.44,3544,607.34,2025-11-13T20:00:00Z,214004,608.202749
609.39,610.56,597.23,4464,600.08,2025-11-14T12:00:00Z,281776,604.16883
611.8,613.35,607.99,6881,609.95,2025-11-14T16:00:00Z,347730,610.983713
609.85,612.28,608.005,3265,611.9,2025-11-14T20:00:00Z,214003,609.236771
608.13,612.48,605.375,1970,609.4,2025-11-17T12:00:00Z,101048,609.436057
600.46,611.14,600.44,5074,608.58,2025-11-17T16:00:00Z,295522,606.440634
604.06,604.28,599.91,3217,600.35,2025-11-17T20:00:00Z,219075,601.921752
593.42,602.01,592.73,4326,600.26,2025-11-18T12:00:00Z,273417,595.977911
601.01,601.745,591.38,7224,593.03,2025-11-18T16:00:00Z,510182,598.264486
595.07,601.39,595.07,4242,600.735,2025-11-18T20:00:00Z,301542,598.006189
600.875,606.065,596.4,3369,598.85,2025-11-19T12:00:00Z,237541,603.069575
598.2,601.23,594.6,5554,600.66,2025-11-19T16:00:00Z,345736,598.059565
605.53,605.59,597.93,2289,598.32,2025-11-19T20:00:00Z,141182,600.358828
610.48,614.005,609.64,3404,610.67,2025-11-20T12:00:00Z,222096,612.101729
592.03,610.49,587.39,10915,610.49,2025-11-20T16:00:00Z,683342,594.547603
584.37,591.89,584.37,3054,591.89,2025-11-20T20:00:00Z,216981,586.957811
583.045,589.7,580.82,4159,587.96,2025-11-21T12:00:00Z,274645,585.154888
593.65,596.92,581.12,7292,583.22,2025-11-21T16:00:00Z,502507,590.688927
591.0,594.51,589.44,2976,593.77,2025-11-21T20:00:00Z,292014,590.949456
601.465,602.36,594.82,3374,594.82,2025-11-24T12:00:00Z,248250,599.51994
604.72,605.88,601.54,7423,601.54,2025-11-24T16:00:00Z,428317,604.327154
606.2,606.66,604.74,4428,604.77,2025-11-24T20:00:00Z,290295,605.680806
602.59,604.87,597.43,3655,604.87,2025-11-25T12:00:00Z,229004,601.292454
607.3,608.41,601.54,5474,602.465,2025-11-25T16:00:00Z,271975,606.035494
608.53,610.255,607.38,4106,607.38,2025-11-25T20:00:00Z,264375,608.904637
613.57,613.87,610.47,2651,611.44,2025-11-26T12:00:00Z,190367,612.304878
615.15,616.18,613.54,3942,613.69,2025-11-26T16:00:00Z,234882,615.015676
614.83,615.83,614.27,2335,615.17,2025-11-26T20:00:00Z,170242,614.967853
617.3,617.56,615.45,2518,617.24,2025-11-28T12:00:00Z,167933,616.594109
618.92,619.26,616.3,3395,617.23,2025-11-28T16:00:00Z,227296,617.766711
617.49,617.55,612.57,2616,613.2,2025-12-01T12:00:00Z,177009,615.173445
616.51,619.42,615.33,3050,617.38,2025-12-01T16:00:00Z,177715,617.752152
617.28,617.65,616.35,1526,616.405,2025-12-01T20:00:00Z,129772,616.891822
623.22,623.75,619.04,2572,619.45,2025-12-02T12:00:00Z,161825,621.881462
622.89,623.56,617.625,4319,623.28,2025-12-02T16:00:00Z,241788,621.042125
621.93,623.17,621.84,1946,622.96,2025-12-02T20:00:00Z,112002,622.431314
621.23,623.8,618.07,2355,623.6,2025-12-03T12:00:00Z,184166,620.546291
623.815,623.91,620.4,2594,621.43,2025-12-03T16:00:00Z,145741,622.449186
623.22,624.205,623.0,1870,623.835,2025-12-03T20:00:00Z,123776,623.635399
621.62,625.43,620.39,1808,623.25,2025-12-04T12:00:00Z,117061,622.24868
621.97,623.46,619.66,3297,621.78,2025-12-04T16:00:00Z,195667,621.97497
622.91,623.09,621.05,1599,621.93,2025-12-04T20:00:00Z,120858,622.12832
625.94,628.89,622.16,3079,624.81,2025-12-05T12:00:00Z,193483,627.032885
625.79,626.49,623.735,5543,625.92,2025-12-05T16:00:00Z,328858,625.359112
625.76,625.86,624.34,1959,625.72,2025-12-05T20:00:00Z,159095,625.378258
624.01,628.8,623.775,2618,627.55,2025-12-08T12:00:00Z,162475,625.932527
622.38,624.83,621.73,3866,623.76,2025-12-08T16:00:00Z,256991,623.358881
625.05,625.05,622.09,1993,622.39,2025-12-08T20:00:00Z,153416,623.353847
624.645,624.66,621.66,2115,624.06,2025-12-09T12:00:00Z,143269,623.391592
625.11,625.86,624.3,3946,624.695,2025-12-09T16:00:00Z,210904,625.165361
624.5,625.545,624.5,2006,625.105,2025-12-09T20:00:00Z,130976,625.017363
621.85,625.17,621.57,1979,624.3,2025-12-10T12:00:00Z,132207,623.191637
628.12,628.36,621.05,5170,621.77,2025-12-10T16:00:00Z,305020,624.378909
627.44,629.17,627.0,2332,628.4,2025-12-10T20:00:00Z,170697,628.10716
621.14,624.74,617.91,3639,624.73,2025-12-11T12:00:00Z,261028,621.180988
625.01,625.765,619.35,4864,621.05,2025-12-11T16:00:00Z,308061,622.692272
628.84,628.84,624.36,2479,625.045,2025-12-11T20:00:00Z,162869,625.18392
614.26,623.52,613.73,3451,622.91,2025-12-12T12:00:00Z,256923,619.203213
614.415,617.47,611.38,8308,614.25,2025-12-12T16:00:00Z,536353,614.289623
613.54,614.84,612.07,3236,614.44,2025-12-12T20:00:00Z,225704,613.441417
612.22,618.32,609.37,2159,617.08,2025-12-15T12:00:00Z,154212,613.353313
612.12,614.88,610.49,2406,612.23,2025-12-15T16:00:00Z,139625,612.172685
610.87,612.2,610.43,1143,612.01,2025-12-15T20:00:00Z,69900,611.159724
610.46,612.46,606.985,2305,609.36,2025-12-16T12:00:00Z,158395,609.884615
610.5,611.21,606.95,6403,610.615,2025-12-16T16:00:00Z,370335,609.320089
610.96,613.5,610.31,3340,610.42,2025-12-16T20:00:00Z,255828,612.371623
604.51,614.47,604.02,3104,614.4,2025-12-17T12:00:00Z,214457,609.377631
602.55,605.97,601.31,7434,604.46,2025-12-17T16:00:00Z,477624,603.317501
602.26,602.745,600.29,3586,602.63,2025-12-17T20:00:00Z,281451,601.3659
611.76,612.74,605.63,3864,605.63,2025-12-18T12:00:00Z,215847,609.694218
608.23,612.91,607.575,7046,611.765,2025-12-18T16:00:00Z,372132,610.663275
608.36,611.28,607.72,2859,608.2,2025-12-18T20:00:00Z,197787,609.909622
614.87,617.56,610.58,2665,610.8,2025-12-19T12:00:00Z,213792,615.298601
616.885,617.48,614.25,3843,614.76,2025-12-19T16:00:00Z,216962,616.604782
617.64,617.64,616.505,2742,616.88,2025-12-19T20:00:00Z,208074,617.018096
618.935,621.62,617.79,2663,620.62,2025-12-22T12:00:00Z,171510,619.573514
619.19,620.02,618.82,4745,618.88,2025-12-22T16:00:00Z,264346,619.351955
619.31,619.53,618.94,2762,619.19,2025-12-22T20:00:00Z,207338,619.221922
620.23,620.7,617.43,3850,618.02,2025-12-23T12:00:00Z,227372,619.33503
621.8,621.87,620.15,5123,620.23,2025-12-23T16:00:00Z,309502,621.054542
622.35,622.41,621.77,2490,621.795,2025-12-23T20:00:00Z,211534,622.08077
622.8,623.075,621.795,1755,622.29,2025-12-24T12:00:00Z,92444,622.449559
623.14,624.28,622.785,2058,622.81,2025-12-24T16:00:00Z,119305,623.813656
624.735,625.44,623.16,1795,624.65,2025-12-26T12:00:00Z,124795,624.328489
624.46,624.99,623.52,3320,624.755,2025-12-26T16:00:00Z,186901,624.189045
623.61,624.49,623.61,2294,624.45,2025-12-26T20:00:00Z,235535,623.924897
620.03,622.69,619.05,2642,621.23,2025-12-29T12:00:00Z,155645,620.643228
621.62,621.695,618.77,4381,620.02,2025-12-29T16:00:00Z,198594,619.9345
620.9,621.5,620.61,1732,621.44,2025-12-29T20:00:00Z,120728,620.982372
621.02,621.72,619.48,2159,620.45,2025-12-30T12:00:00Z,130127,620.406847
620.3,622.17,620.02,4035,621.08,2025-12-30T16:00:00Z,218378,620.815493
619.58,620.425,619.225,1907,620.27,2025-12-30T20:00:00Z,143776,619.852252
616.755,620.38,616.45,2145,618.8,2025-12-31T12:00:00Z,131615,617.836426
616.315,618.6,616.21,3874,616.77,2025-12-31T16:00:00Z,186467,617.477015
613.79,616.3,613.79,2542,616.3,2025-12-31T20:00:00Z,214498,614.88724
612.62,622.805,612.36,3485,620.43,2026-01-02T12:00:00Z,278094,618.436839
613.36,614.68,610.16,6025,612.5,2026-01-02T16:00:00Z,367543,612.4414
613.03,614.54,612.64,1874,613.35,2026-01-02T20:00:00Z,149009,613.342315
619.805,620.36,616.84,2813,617.22,2026-01-05T12:00:00Z,217956,618.80293
617.725,620.76,617.05,4676,619.62,2026-01-05T16:00:00Z,297230,618.934601
617.9,618.56,617.47,2224,617.68,2026-01-05T20:00:00Z,179366,617.927942
620.46,622.57,618.45,3123,619.16,2026-01-06T12:00:00Z,249755,621.26894
623.29,623.6,619.29,5006,620.37,2026-01-06T16:00:00Z,373493,621.841267
623.9,624.02,623.155,2176,623.29,2026-01-06T20:00:00Z,252144,623.704353
625.77,625.9,622.29,3280,622.29,2026-01-07T12:00:00Z,244068,624.438449
625.73,627.9,625.15,6347,625.755,2026-01-07T16:00:00Z,425156,626.690998
624.05,625.97,623.67,3107,625.79,2026-01-07T20:00:00Z,249210,624.410938
620.52,623.58,617.82,3517,622.93,2026-01-08T12:00:00Z,310372,620.030031
619.27,620.98,618.17,5025,620.49,2026-01-08T16:00:00Z,333519,619.655268
621.62,621.66,619.11,2428,619.21,2026-01-08T20:00:00Z,169611,620.372821
623.76,625.33,619.13,3014,621.84,2026-01-09T12:00:00Z,243732,622.368651
627.15,627.57,623.87,4511,623.87,2026-01-09T16:00:00Z,289903,626.180887
626.64,627.88,626.48,3262,627.1,2026-01-09T20:00:00Z,244219,627.18888
626.33,626.74,621.82,3045,622.03,2026-01-12T12:00:00Z,210222,625.458133
628.71,628.735,626.02,4018,626.21,2026-01-12T16:00:00Z,214803,627.547361
626.97,628.825,626.78,2320,628.685,2026-01-12T20:00:00Z,177290,627.689507
625.9,629.465,623.88,2720,625.84,2026-01-13T12:00:00Z,189343,626.62362
625.1,629.0,624.14,4499,625.92,2026-01-13T16:00:00Z,289975,626.323429
625.91,626.63,623.7,1694,625.24,2026-01-13T20:00:00Z,131087,625.363551
616.27,623.43,615.79,3912,623.15,2026-01-14T12:00:00Z,270386,619.214307
616.4,618.58,614.64,5572,616.275,2026-01-14T16:00:00Z,342124,616.284707
618.84,620.08,615.53,3367,616.42,2026-01-14T20:00:00Z,235273,618.608441
625.7,627.25,623.88,2790,624.69,2026-01-15T12:00:00Z,212106,625.554797
622.7,626.955,622.4,4298,625.67,2026-01-15T16:00:00Z,278414,625.239127
621.35,622.93,620.92,2546,622.31,2026-01-15T20:00:00Z,236460,621.502301
621.03,626.0,618.92,3513,624.43,2026-01-16T12:00:00Z,292585,622.15999
621.81,622.67,620.32,4957,621.095,2026-01-16T16:00:00Z,312006,621.643793
621.12,622.09,620.88,2605,621.745,2026-01-16T20:00:00Z,187446,621.467328
613.54,614.69,609.55,2998,611.0,2026-01-20T12:00:00Z,248991,612.295876
608.78,615.055,607.82,5504,613.5,2026-01-20T16:00:00Z,444222,611.408886
608.03,608.75,607.05,2747,608.75,2026-01-20T20:00:00Z,237913,607.823344
616.04,616.485,606.22,3537,607.06,2026-01-21T12:00:00Z,254351,612.478136
620.06,620.17,608.235,6600,616.1,2026-01-21T16:00:00Z,482908,613.058112
616.92,620.38,615.54,2621,620.26,2026-01-21T20:00:00Z,195810,617.299667
619.51,622.53,617.81,2346,621.66,2026-01-22T12:00:00Z,174794,619.698774
620.31,622.16,619.4,4096,619.46,2026-01-22T16:00:00Z,243800,621.255629
619.8,620.825,618.91,2071,620.105,2026-01-22T20:00:00Z,175818,620.010911
624.88,624.9,618.58,1827,620.09,2026-01-23T12:00:00Z,146843,621.06807
623.1,625.37,621.645,2728,624.97,2026-01-23T16:00:00Z,218954,623.331358
621.79,623.25,621.32,1982,623.105,2026-01-23T20:00:00Z,167852,622.637869
626.34,626.705,621.18,1722,622.05,2026-01-26T12:00:00Z,118702,624.899847
626.42,627.58,625.705,3932,626.245,2026-01-26T16:00:00Z,242346,626.778921
626.0,626.68,625.31,1906,626.27,2026-01-26T20:00:00Z,156593,626.030196
631.18,631.61,627.37,2222,629.69,2026-01-27T12:00:00Z,148931,630.069618
631.52,631.83,630.28,3852,631.185,2026-01-27T16:00:00Z,249787,631.281305
632.03,632.04,630.81,2440,631.46,2026-01-27T20:00:00Z,214680,631.392112
633.34,636.56,633.25,2429,635.52,2026-01-28T12:00:00Z,157709,635.133799
633.23,634.42,631.855,4779,633.35,2026-01-28T16:00:00Z,298176,633.127177
635.87,636.22,630.09,2186,633.12,2026-01-28T20:00:00Z,149361,633.627351
619.33,634.22,618.38,3180,633.82,2026-01-29T12:00:00Z,248073,624.475048
625.86,627.06,618.4,6648,619.18,2026-01-29T16:00:00Z,490939,622.769348
629.24,630.17,625.7,2638,625.88,2026-01-29T20:00:00Z,174570,628.125442
625.89,628.15,624.29,2012,625.0,2026-01-30T12:00:00Z,137829,626.50294
621.33,626.44,619.37,5812,625.885,2026-01-30T16:00:00Z,394634,623.078829
620.98,623.07,619.39,2848,621.42,2026-01-30T20:00:00Z,234707,621.057091
625.9,627.55,616.73,2921,617.09,2026-02-02T12:00:00Z,228454,624.615838
626.05,628.49,625.005,6231,625.78,2026-02-02T16:00:00Z,348482,627.221548
626.75,627.32,625.5,3903,625.98,2026-02-02T20:00:00Z,303039,626.311838
620.56,629.33,617.205,3560,629.33,2026-02-03T12:00:00Z,291121,621.340086
613.42,620.64,610.98,7260,620.62,2026-02-03T16:00:00Z,494610,614.665504
615.72,616.99,612.3,3320,613.295,2026-02-03T20:00:00Z,270550,615.37393
609.33,615.06,608.4,3584,615.04,2026-02-04T12:00:00Z,302591,611.187488
608.315,609.64,600.5,8189,609.4,2026-02-04T16:00:00Z,663407,604.634083
608.38,608.58,604.14,3318,608.29,2026-02-04T20:00:00Z,246080,606.777333
596.82,604.73,595.0,4279,601.04,2026-02-05T12:00:00Z,320392,598.942771
598.76,603.025,594.79,6037,596.89,2026-02-05T16:00:00Z,442512,599.782908
591.78,601.05,591.78,2862,598.76,2026-02-05T20:00:00Z,216142,597.205952
603.47,605.47,598.88,2669,600.42,2026-02-06T12:00:00Z,202132,602.691011
607.75,608.98,603.225,5208,603.48,2026-02-06T16:00:00Z,378444,607.321114
608.3,611.38,607.38,3054,607.7,2026-02-06T20:00:00Z,249313,609.771405
613.63,614.0,605.16,2775,609.02,2026-02-09T12:00:00Z,222991,610.342425
615.77,616.44,613.53,5804,613.645,2026-02-09T16:00:00Z,344096,615.137224
614.96,616.095,614.23,2846,615.715,2026-02-09T20:00:00Z,203135,615.039287
615.3,617.02,612.43,3151,614.38,2026-02-10T12:00:00Z,276856,615.053439
613.3,615.82,612.85,5056,615.265,2026-02-10T16:00:00Z,367202,614.162312
612.1,613.36,611.015,2453,613.19,2026-02-10T20:00:00Z,194943,612.133675
612.16,617.5,607.72,2352,612.06,2026-02-11T12:00:00Z,196933,612.442285
613.77,614.96,609.76,4243,612.2,2026-02-11T16:00:00Z,349199,612.599189
613.16,614.055,612.86,2216,613.71,2026-02-11T20:00:00Z,156522,613.487923
606.6,616.49,606.565,2273,614.73,2026-02-12T12:00:00Z,180494,611.641749
603.87,607.095,601.675,5677,606.65,2026-02-12T16:00:00Z,400773,603.691589
602.2,604.15,599.58,2786,603.88,2026-02-12T20:00:00Z,251491,601.158219
602.08,604.84,596.57,3508,597.68,2026-02-13T12:00:00Z,249673,600.914372
603.08,606.42,600.91,4855,602.06,2026-02-13T16:00:00Z,397557,604.587351
601.16,603.9,600.14,2733,603.14,2026-02-13T20:00:00Z,245863,601.588644
596.86,602.0,593.44,2429,596.49,2026-02-17T12:00:00Z,190175,596.595405
602.09,603.93,596.88,4073,597.01,2026-02-17T16:00:00Z,336790,600.886369
600.85,602.81,600.3,1634,602.12,2026-02-17T20:00:00Z,117350,601.174443
608.775,609.05,600.82,3346,603.65,2026-02-18T12:00:00Z,245469,606.004183
603.875,609.77,603.44,7037,608.78,2026-02-18T16:00:00Z,425584,607.84549
605.36,606.67,603.27,3043,603.92,2026-02-18T20:00:00Z,244410,605.249285
604.93,605.6,601.14,2962,602.01,2026-02-19T12:00:00Z,222496,603.838615
601.6,605.81,600.78,4472,604.94,2026-02-19T16:00:00Z,320334,602.810608
602.86,603.67,601.46,1800,601.56,2026-02-19T20:00:00Z,133627,602.578096
609.79,609.99,599.39,3151,601.75,2026-02-20T12:00:00Z,236477,605.791803
607.5,610.31,604.12,5920,609.87,2026-02-20T16:00:00Z,417669,607.688146
608.84,609.06,607.32,2320,607.52,2026-02-20T20:00:00Z,152470,608.254513
600.82,607.94,600.79,2705,605.09,2026-02-23T12:00:00Z,193344,604.529257
599.59,602.675,599.08,6018,600.98,2026-02-23T16:00:00Z,403512,600.866609
602.08,602.08,599.36,2731,599.5,2026-02-23T20:00:00Z,198030,600.445905
606.525,607.78,599.81,3526,603.15,2026-02-24T12:00:00Z,248558,604.523952
607.61,608.99,606.37,7917,606.51,2026-02-24T16:00:00Z,371055,607.732748
607.52,608.82,606.97,2666,607.56,2026-02-24T20:00:00Z,205457,607.748357
614.385,615.89,610.35,3724,610.71,2026-02-25T12:00:00Z,256853,614.19453
616.13,616.36,614.08,4388,614.32,2026-02-25T16:00:00Z,247946,615.347754
618.54,618.92,615.75,3902,616.135,2026-02-25T20:00:00Z,358614,616.375678
607.21,617.31,604.0,6219,616.15,2026-02-26T12:00:00Z,476699,609.855936
608.88,609.65,604.61,8653,607.3,2026-02-26T16:00:00Z,587001,607.451703
607.9,609.51,607.9,3726,608.78,2026-02-26T20:00:00Z,254479,608.664681
607.14,607.9,602.2,4084,605.75,2026-02-27T12:00:00Z,259009,605.456936
604.93,608.205,604.43,6419,607.03,2026-02-27T16:00:00Z,408879,606.083588
606.45,607.995,604.895,3925,604.895,2026-02-27T20:00:00Z,283239,606.725774
605.655,606.47,598.03,3350,598.8,2026-03-02T12:00:00Z,247326,604.158186
609.5,609.9,603.98,8660,605.5,2026-03-02T16:00:00Z,561248,607.956064
607.29,609.65,606.26,4240,609.48,2026-03-02T20:00:00Z,336301,608.018359
594.23,599.33,591.94,5081,596.52,2026-03-03T12:00:00Z,376390,595.132132
602.37,603.93,593.94,11703,593.965,2026-03-03T16:00:00Z,896360,600.493088
600.74,603.17,600.3,3507,602.35,2026-03-03T20:00:00Z,257495,601.875954
610.7,611.14,603.52,4959,604.48,2026-03-04T12:00:00Z,306261,607.915884
612.16,612.84,608.9,5832,610.705,2026-03-04T16:00:00Z,344246,611.379953
610.97,612.35,610.15,1988,612.205,2026-03-04T20:00:00Z,174083,611.081757
609.71,612.73,606.09,6010,609.34,2026-03-05T12:00:00Z,427410,609.834882
604.24,610.65,602.28,12348,609.69,2026-03-05T16:00:00Z,980111,605.468397
607.99,609.1,603.54,3644,604.23,2026-03-05T20:00:00Z,285482,607.319276
604.48,605.26,598.56,3810,604.01,2026-03-06T12:00:00Z,281204,601.553365
603.28,605.95,601.74,5677,604.57,2026-03-06T16:00:00Z,368361,603.848747
599.91,604.35,598.4,4755,603.235,2026-03-06T20:00:00Z,383677,600.38196
599.29,599.6,591.355,5320,594.52,2026-03-09T12:00:00Z,359414,595.958066
607.76,609.23,597.65,10451,599.31,2026-03-09T16:00:00Z,673428,603.442217
607.24,607.83,606.01,9,607.75,2026-03-09T20:00:00Z,910,607.456818
611.68,612.35,605.5,5745,606.48,2026-03-10T12:00:00Z,403208,609.889211
607.61,613.25,606.575,10322,611.61,2026-03-10T16:00:00Z,693973,609.670767
608.57,608.57,607.74,42,607.74,2026-03-10T20:00:00Z,6836,607.869689
606.53,612.4,605.51,4310,607.33,2026-03-11T12:00:00Z,287152,608.680689
607.72,608.7,605.14,6152,606.61,2026-03-11T16:00:00Z,414226,607.002616
607.04,607.76,606.94,21,607.76,2026-03-11T20:00:00Z,2897,607.174948
600.09,604.31,597.545,6329,604.31,2026-03-12T12:00:00Z,450786,600.277737
597.31,601.59,597.065,8516,600.1,2026-03-12T16:00:00Z,565604,598.960795
597.22,597.61,597.22,14,597.57,2026-03-12T20:00:00Z,1055,597.518964
594.06,603.585,593.6,6324,599.67,2026-03-13T12:00:00Z,499859,598.64059
593.61,595.87,592.6,12381,594.05,2026-03-13T16:00:00Z,843918,594.055025
592.31,593.32,592.31,132,593.32,2026-03-13T20:00:00Z,8393,593.033289
600.47,602.56,599.18,5435,600.26,2026-03-16T12:00:00Z,357714,601.062744
600.48,603.86,599.11,9650,600.35,2026-03-16T16:00:00Z,619053,600.882682
600.1,600.7,599.91,52,600.28,2026-03-16T20:00:00Z,6419,600.331293
602.92,605.88,600.21,6434,600.21,2026-03-17T12:00:00Z,365290,604.304621
603.51,604.5,601.92,9908,602.86,2026-03-17T16:00:00Z,589099,603.415284
603.69,603.75,603.46,7,603.46,2026-03-17T20:00:00Z,1180,603.672857
600.78,603.58,598.73,4939,603.52,2026-03-18T12:00:00Z,316773,600.739583
594.82,601.15,594.56,9565,600.79,2026-03-18T16:00:00Z,710502,597.624132
594.21,594.42,593.36,53,594.42,2026-03-18T20:00:00Z,6100,593.96763
590.67,593.1,587.12,8056,590.92,2026-03-19T12:00:00Z,486019,590.380519
593.0,595.75,588.39,12889,590.5,2026-03-19T16:00:00Z,902527,591.766233
594.0,594.2,592.84,54,593.39,2026-03-19T20:00:00Z,6933,593.842904
586.91,591.96,584.98,6818,591.26,2026-03-20T12:00:00Z,527567,586.848274
582.085,587.93,578.6,16716,586.86,2026-03-20T16:00:00Z,1361282,582.414808
584.27,584.4,582.07,98,582.07,2026-03-20T20:00:00Z,14702,583.169158
587.905,595.05,587.5,8150,589.01,2026-03-23T12:00:00Z,576302,592.355028
588.21,591.49,585.97,10340,587.81,2026-03-23T16:00:00Z,753737,588.987969
588.35,588.53,587.79,18,588.04,2026-03-23T20:00:00Z,2499,588.254747
585.76,587.91,581.99,5235,587.54,2026-03-24T12:00:00Z,415436,585.169156
583.92,586.98,582.64,7992,585.89,2026-03-24T16:00:00Z,666000,584.826326
588.46,591.37,583.89,85,583.91,2026-03-24T20:00:00Z,6460,586.474338
587.92,591.33,585.78,6713,589.32,2026-03-25T12:00:00Z,489573,588.964904
587.77,590.56,586.26,10818,587.84,2026-03-25T16:00:00Z,753328,588.043608
587.55,588.04,587.22,25,587.66,2026-03-25T20:00:00Z,3668,587.69959
581.06,584.56,579.8,8116,581.32,2026-03-26T12:00:00Z,732044,582.003102
573.68,581.28,573.45,16013,581.01,2026-03-26T16:00:00Z,1565653,576.262909
574.5,576.96,573.32,188,573.91,2026-03-26T20:00:00Z,8697,574.514366
568.31,570.92,565.69,7697,570.0,2026-03-27T12:00:00Z,648509,567.896936
562.5,568.45,561.58,13233,568.27,2026-03-27T16:00:00Z,1147535,564.103429
561.78,562.41,561.78,10,562.41,2026-03-27T20:00:00Z,766,562.083914
564.05,567.99,561.38,5465,565.77,2026-03-30T12:00:00Z,366113,563.957849
558.28,564.15,555.6,10252,564.125,2026-03-30T16:00:00Z,743682,559.304543
557.5,558.0,557.32,55,557.91,2026-03-30T20:00:00Z,5670,557.540266
565.8,569.16,562.8,6593,564.42,2026-03-31T12:00:00Z,542880,566.9858
577.11,578.55,565.64,11723,565.66,2026-03-31T16:00:00Z,977384,575.038335
577.38,577.49,576.93,10,576.93,2026-03-31T20:00:00Z,1222,577.368579
586.87,587.17,580.43,6098,583.42,2026-04-01T12:00:00Z,454984,584.140835
584.34,587.715,582.34,9649,586.89,2026-04-01T16:00:00Z,796325,584.913905
583.84,584.51,583.72,29,584.51,2026-04-01T20:00:00Z,4770,584.058295
582.93,586.05,571.94,4491,572.01,2026-04-02T12:00:00Z,369865,579.442394
584.95,585.06,580.98,4649,582.81,2026-04-02T16:00:00Z,278353,583.501674
584.71,585.03,584.55,17,584.88,2026-04-02T20:00:00Z,1773,584.786053
587.55,590.58,585.82,2603,587.1,2026-04-06T12:00:00Z,181410,587.576766
588.4,588.63,584.69,4086,587.555,2026-04-06T16:00:00Z,272238,587.322793
588.09,588.61,588.07,14,588.61,2026-04-06T20:00:00Z,3349,588.212845
582.35,586.91,578.43,4580,584.28,2026-04-07T12:00:00Z,269771,581.969424
588.88,588.97,581.69,6799,582.45,2026-04-07T16:00:00Z,466928,585.353749
588.7,589.34,588.56,23,588.87,2026-04-07T20:00:00Z,8550,588.739879
605.78,609.85,602.29,4429,608.49,2026-04-08T12:00:00Z,303526,605.915138
605.96,607.69,602.61,4767,605.89,2026-04-08T16:00:00Z,359443,605.225347
604.98,606.18,604.9,62,606.05,2026-04-08T20:00:00Z,9616,605.473641
608.57,608.74,603.05,3907,604.82,2026-04-09T12:00:00Z,226348,605.386393
610.05,610.5,607.57,6253,608.59,2026-04-09T16:00:00Z,410921,609.365152
609.97,610.17,609.5,58,610.01,2026-04-09T20:00:00Z,13337,609.857886
610.565,613.67,610.16,4326,610.68,2026-04-10T12:00:00Z,245433,612.059418
611.15,611.495,609.585,5812,610.65,2026-04-10T16:00:00Z,319058,610.697371
611.65,611.74,611.03,26,611.08,2026-04-10T20:00:00Z,3998,611.393541
611.68,612.78,607.1,2291,607.1,2026-04-13T12:00:00Z,178249,611.159592
617.325,617.6,611.1,4958,611.73,2026-04-13T16:00:00Z,365906,615.427214
618.14,618.14,617.23,60,617.38,2026-04-13T20:00:00Z,11065,617.486998
625.43,626.0,620.24,4753,620.99,2026-04-14T12:00:00Z,381131,623.235815
628.58,628.58,625.385,7367,625.385,2026-04-14T16:00:00Z,710469,627.309456
628.31,628.52,627.86,58,628.52,2026-04-14T20:00:00Z,8468,628.219998
633.41,633.73,627.65,4995,627.76,2026-04-15T12:00:00Z,305955,631.527067
637.24,637.65,630.96,8488,633.265,2026-04-15T16:00:00Z,589916,635.063983
636.86,637.11,636.7,69,637.05,2026-04-15T20:00:00Z,13292,636.882822
641.48,641.62,635.35,3935,638.53,2026-04-16T12:00:00Z,222430,638.212972
640.41,642.18,637.23,6667,641.53,2026-04-16T16:00:00Z,483548,640.067405
639.99,640.02,639.32,60,639.72,2026-04-16T20:00:00Z,10084,639.7346
648.16,649.89,642.67,6619,642.67,2026-04-17T12:00:00Z,461466,647.523893
648.73,649.99,646.51,7866,648.14,2026-04-17T16:00:00Z,550185,648.46415
648.8,649.01,648.47,44,648.84,2026-04-17T20:00:00Z,8277,648.74468
644.66,648.745,642.525,4522,647.01,2026-04-20T12:00:00Z,311304,645.361631
646.775,646.92,644.25,5156,644.645,2026-04-20T16:00:00Z,371652,646.261885
647.37,648.19,646.69,83,646.71,2026-04-20T20:00:00Z,17764,647.006741
646.52,650.15,644.9,4752,649.7,2026-04-21T12:00:00Z,270556,647.672202
644.24,647.83,642.24,7196,646.75,2026-04-21T16:00:00Z,467577,645.266744
646.51,647.9,643.4,161,644.19,2026-04-21T20:00:00Z,41618,645.676463
652.49,653.22,648.6,4051,649.73,2026-04-22T12:00:00Z,261210,651.336101
655.085,655.32,652.12,6065,652.68,2026-04-22T16:00:00Z,457757,654.256773
655.45,656.02,654.98,17,655.07,2026-04-22T20:00:00Z,2428,655.495716
655.34,656.92,652.51,3279,653.15,2026-04-23T12:00:00Z,166503,654.749267
651.4,655.97,645.57,6733,655.5,2026-04-23T16:00:00Z,456835,651.195911
651.73,652.82,651.31,33,651.48,2026-04-23T20:00:00Z,5571,652.265047
662.94,663.29,656.54,5316,660.19,2026-04-24T12:00:00Z,393850,659.948905
663.92,664.43,662.06,7793,662.94,2026-04-24T16:00:00Z,608737,663.59859
663.74,663.94,663.33,38,663.94,2026-04-24T20:00:00Z,6389,663.659436
