c,h,l,n,o,t,v,vw
315.27,315.53,315.27,6,315.51,2021-01-04T13:00:00Z,600,315.42
313.71,315.29,313.33,238,315.03,2021-01-04T14:00:00Z,25867,314.264018
310.99,314.06,310.99,354,313.97,2021-01-04T15:00:00Z,46888,313.056943
308.09,311.46,308.07,466,310.84,2021-01-04T16:00:00Z,45238,309.778046
306.98,308.14,305.27,713,308.14,2021-01-04T17:00:00Z,80418,306.530507
308.84,308.88,306.76,194,306.92,2021-01-04T18:00:00Z,25586,308.099974
308.66,308.94,307.295,303,308.885,2021-01-04T19:00:00Z,40124,308.206753
309.35,309.72,307.865,878,308.78,2021-01-04T20:00:00Z,103166,308.976994
309.14,309.37,309.14,12,309.35,2021-01-04T21:00:00Z,1200,309.195
307.41,308.07,307.41,8,307.71,2021-01-05T13:00:00Z,582,307.794
310.755,311.175,307.39,304,307.41,2021-01-05T14:00:00Z,24268,309.914982
309.98,311.41,309.87,345,310.91,2021-01-05T15:00:00Z,28251,310.63452
310.21,310.58,309.33,268,309.93,2021-01-05T16:00:00Z,19416,310.100089
310.25,310.5,309.625,144,310.28,2021-01-05T17:00:00Z,17405,310.007954
310.81,310.92,310.16,126,310.24,2021-01-05T18:00:00Z,13473,310.5551
311.36,312.0,311.19,274,311.21,2021-01-05T19:00:00Z,37100,311.590873
311.78,311.975,310.92,659,311.31,2021-01-05T20:00:00Z,77514,311.585973
307.41,307.48,307.39,57,307.48,2021-01-06T13:00:00Z,26456,307.43634
308.0,308.78,306.05,821,307.18,2021-01-06T14:00:00Z,115625,307.54062
310.39,311.18,307.53,483,308.04,2021-01-06T15:00:00Z,54331,309.259887
310.81,311.66,310.23,416,310.43,2021-01-06T16:00:00Z,68764,311.192541
311.13,311.87,310.88,220,310.88,2021-01-06T17:00:00Z,24060,311.265823
311.245,311.73,310.7,249,311.21,2021-01-06T18:00:00Z,26768,311.134973
309.25,311.54,308.0,649,311.35,2021-01-06T19:00:00Z,68103,309.605089
307.55,309.47,307.025,896,308.905,2021-01-06T20:00:00Z,97891,308.027152
309.92,310.08,309.92,2,310.08,2021-01-07T13:00:00Z,200,310.0
312.89,312.89,310.02,259,310.02,2021-01-07T14:00:00Z,47168,311.388957
314.39,314.52,312.86,448,312.86,2021-01-07T15:00:00Z,56190,313.9527
314.17,314.86,313.9,556,314.6,2021-01-07T16:00:00Z,70160,314.376705
314.27,314.33,313.72,63,314.27,2021-01-07T17:00:00Z,5875,314.038173
314.67,314.85,313.75,183,314.32,2021-01-07T18:00:00Z,15117,314.51572
314.85,314.94,314.51,90,314.7,2021-01-07T19:00:00Z,9847,314.698847
315.125,315.83,314.78,562,314.835,2021-01-07T20:00:00Z,67479,315.286578
316.77,316.77,316.77,2,316.77,2021-01-08T13:00:00Z,600,316.77
317.25,318.095,316.625,366,317.42,2021-01-08T14:00:00Z,44604,317.312728
317.565,318.19,315.74,492,317.56,2021-01-08T15:00:00Z,44194,317.119052
317.53,318.2,316.94,216,317.665,2021-01-08T16:00:00Z,22270,317.455453
317.61,318.365,317.15,115,317.64,2021-01-08T17:00:00Z,11299,317.940838
316.44,317.82,315.13,243,317.54,2021-01-08T18:00:00Z,35683,316.372838
317.96,317.97,316.73,301,316.96,2021-01-08T19:00:00Z,35709,317.13281
319.13,319.39,317.8,622,317.83,2021-01-08T20:00:00Z,88725,318.81882
319.6,319.6,319.6,1,319.6,2021-01-08T21:00:00Z,100,319.6
315.935,316.13,314.27,493,316.0,2021-01-11T14:00:00Z,72708,315.379898
316.27,316.83,315.475,202,315.935,2021-01-11T15:00:00Z,27413,316.068988
316.43,316.495,315.285,102,316.27,2021-01-11T16:00:00Z,8304,316.063134
316.71,317.09,316.36,335,316.55,2021-01-11T17:00:00Z,13995,316.702424
316.05,317.05,315.515,246,316.795,2021-01-11T18:00:00Z,14368,316.251666
315.4,315.6,314.66,349,315.6,2021-01-11T19:00:00Z,25123,315.079124
314.23,315.28,313.83,753,315.28,2021-01-11T20:00:00Z,74868,314.515092
314.65,314.65,314.6,9,314.6,2021-01-11T21:00:00Z,1200,314.6375
314.11,314.87,313.91,7,314.87,2021-01-12T13:00:00Z,604,314.34
314.15,315.56,313.13,423,314.17,2021-01-12T14:00:00Z,43426,314.502506
314.105,314.845,313.64,953,314.185,2021-01-12T15:00:00Z,150723,314.463786
313.665,315.07,313.33,309,314.135,2021-01-12T16:00:00Z,49602,314.175035
312.95,313.745,311.23,522,313.745,2021-01-12T17:00:00Z,91899,312.175726
313.99,314.26,312.96,233,313.06,2021-01-12T18:00:00Z,32986,313.593773
313.83,314.62,313.37,236,314.05,2021-01-12T19:00:00Z,27095,314.021502
314.12,314.58,313.58,375,313.86,2021-01-12T20:00:00Z,38223,314.118817
313.9,313.9,313.9,1,313.9,2021-01-12T21:00:00Z,100,313.9
313.11,313.11,312.85,3,312.85,2021-01-13T13:00:00Z,300,313.003333
314.84,315.485,313.63,309,314.06,2021-01-13T14:00:00Z,41727,314.258541
316.09,316.12,313.74,317,314.63,2021-01-13T15:00:00Z,28048,315.408249
316.025,316.63,315.555,291,316.31,2021-01-13T16:00:00Z,34730,316.035256
316.22,316.24,315.36,255,316.0,2021-01-13T17:00:00Z,21637,315.796122
316.23,316.47,315.94,250,316.135,2021-01-13T18:00:00Z,25433,316.218099
316.515,316.85,316.03,299,316.28,2021-01-13T19:00:00Z,28769,316.546132
315.99,316.64,315.86,454,316.53,2021-01-13T20:00:00Z,30006,316.23656
316.35,316.35,316.09,5,316.09,2021-01-14T13:00:00Z,500,316.158
316.81,317.13,316.12,164,316.58,2021-01-14T14:00:00Z,23805,316.583746
317.18,317.45,316.405,81,316.66,2021-01-14T15:00:00Z,9376,317.027963
316.2,317.22,316.16,77,317.08,2021-01-14T16:00:00Z,9519,316.663332
316.355,316.355,315.21,124,316.27,2021-01-14T17:00:00Z,16791,315.852347
315.71,316.37,315.5,169,316.35,2021-01-14T18:00:00Z,22279,315.798593
315.53,315.88,315.33,221,315.48,2021-01-14T19:00:00Z,26053,315.565186
314.365,315.68,313.885,1001,315.505,2021-01-14T20:00:00Z,103868,314.462956
314.3,314.53,314.3,8,314.53,2021-01-15T13:00:00Z,7300,314.303151
314.36,315.12,313.98,247,314.0,2021-01-15T14:00:00Z,31345,314.591578
312.0,314.36,310.87,479,314.33,2021-01-15T15:00:00Z,56571,311.975596
312.89,313.71,310.59,244,311.81,2021-01-15T16:00:00Z,29679,312.417395
313.14,313.3,312.53,125,312.69,2021-01-15T17:00:00Z,11963,312.904985
313.62,314.01,312.81,139,313.16,2021-01-15T18:00:00Z,21522,313.464698
312.61,313.9,312.61,205,313.62,2021-01-15T19:00:00Z,30814,313.115195
311.88,313.155,311.765,376,312.64,2021-01-15T20:00:00Z,45093,312.272693
311.13,311.13,311.13,4,311.13,2021-01-15T21:00:00Z,3700,311.13
313.88,315.04,313.43,222,314.295,2021-01-19T14:00:00Z,18851,314.28192
313.765,314.61,313.38,193,314.03,2021-01-19T15:00:00Z,17400,313.972663
314.38,314.52,313.22,319,314.04,2021-01-19T16:00:00Z,20456,313.709463
315.69,315.73,314.36,155,314.36,2021-01-19T17:00:00Z,11804,315.012489
316.47,316.565,315.71,218,315.73,2021-01-19T18:00:00Z,15621,316.125134
316.585,316.65,316.125,968,316.55,2021-01-19T19:00:00Z,149207,316.340317
316.43,316.91,316.395,369,316.425,2021-01-19T20:00:00Z,34099,316.595611
316.9,316.9,316.9,3,316.9,2021-01-19T21:00:00Z,1200,316.9
319.73,319.73,319.35,5,319.35,2021-01-20T13:00:00Z,500,319.526
320.76,321.49,319.785,367,319.81,2021-01-20T14:00:00Z,48900,320.729542
322.63,322.82,320.825,834,320.825,2021-01-20T15:00:00Z,186395,322.508457
322.855,322.985,321.825,294,322.545,2021-01-20T16:00:00Z,40807,322.578985
323.3,323.47,322.72,257,322.93,2021-01-20T17:00:00Z,33764,323.060417
323.6,323.94,323.245,176,323.355,2021-01-20T18:00:00Z,12298,323.532802
324.45,324.485,323.36,223,323.57,2021-01-20T19:00:00Z,14154,323.990843
323.75,324.705,323.75,704,324.35,2021-01-20T20:00:00Z,90073,324.158473
324.69,324.69,324.69,5,324.69,2021-01-21T13:00:00Z,700,324.69
324.57,325.22,323.74,284,325.17,2021-01-21T14:00:00Z,44449,324.491908
326.24,326.295,324.35,435,324.59,2021-01-21T15:00:00Z,51651,325.579003
325.84,326.32,325.34,153,326.27,2021-01-21T16:00:00Z,13722,325.894465
325.2,325.845,324.57,231,325.845,2021-01-21T17:00:00Z,37882,325.273968
325.68,326.18,325.615,140,325.655,2021-01-21T18:00:00Z,6708,325.805823
326.64,326.64,325.79,176,325.805,2021-01-21T19:00:00Z,12950,326.310525
326.36,327.12,326.36,405,326.615,2021-01-21T20:00:00Z,48560,326.633643
324.6,324.6,324.35,15,324.35,2021-01-22T13:00:00Z,1800,324.583221
326.27,326.325,324.83,248,325.3,2021-01-22T14:00:00Z,20383,325.681155
325.295,326.36,324.805,248,326.21,2021-01-22T15:00:00Z,24862,325.607765
325.8,325.88,325.06,173,325.28,2021-01-22T16:00:00Z,16135,325.534791
325.52,326.01,325.52,41,325.87,2021-01-22T17:00:00Z,4839,325.827333
325.55,325.98,325.31,72,325.52,2021-01-22T18:00:00Z,6377,325.713454
326.26,326.3,325.395,100,325.53,2021-01-22T19:00:00Z,12222,325.912346
325.44,326.44,325.44,502,326.3,2021-01-22T20:00:00Z,81477,325.958496
328.69,328.69,328.69,1,328.69,2021-01-25T13:00:00Z,100,328.69
329.92,330.27,328.7,263,328.7,2021-01-25T14:00:00Z,26836,329.672801
325.38,330.12,325.38,294,329.89,2021-01-25T15:00:00Z,29296,327.974145
326.44,326.53,321.41,537,325.5,2021-01-25T16:00:00Z,80967,324.717226
327.02,327.08,324.56,265,326.63,2021-01-25T17:00:00Z,34917,326.021665
327.37,327.66,326.73,93,327.14,2021-01-25T18:00:00Z,13947,327.381864
327.56,327.77,326.76,120,327.23,2021-01-25T19:00:00Z,11667,327.284549
328.41,328.47,326.11,466,327.52,2021-01-25T20:00:00Z,52255,327.853798
328.27,328.27,328.05,6,328.23,2021-01-26T13:00:00Z,500,328.18
328.36,329.18,327.45,288,328.58,2021-01-26T14:00:00Z,28751,328.444298
329.2,329.43,327.59,525,328.55,2021-01-26T15:00:00Z,51629,328.652233
327.94,329.72,327.94,367,329.245,2021-01-26T16:00:00Z,50860,328.970071
328.375,328.84,328.0,198,328.0,2021-01-26T17:00:00Z,14719,328.536483
329.045,329.25,328.39,164,328.51,2021-01-26T18:00:00Z,10268,328.93086
328.88,329.225,328.57,325,328.94,2021-01-26T19:00:00Z,24613,328.993093
328.55,329.14,328.265,814,328.77,2021-01-26T20:00:00Z,55637,328.695862
323.82,326.3,321.07,777,326.3,2021-01-27T14:00:00Z,107875,323.239995
325.65,326.14,323.34,734,323.64,2021-01-27T15:00:00Z,133436,324.873419
322.12,325.7,322.05,403,325.7,2021-01-27T16:00:00Z,58760,323.647083
324.59,324.825,321.81,307,322.19,2021-01-27T17:00:00Z,38692,323.355785
323.43,324.86,323.01,416,324.615,2021-01-27T18:00:00Z,46829,323.817084
319.86,324.155,319.43,1145,323.46,2021-01-27T19:00:00Z,124188,321.475076
319.37,320.43,317.405,2140,319.82,2021-01-27T20:00:00Z,254617,319.216387
319.75,319.75,319.75,1,319.75,2021-01-27T21:00:00Z,100,319.75
321.37,322.855,320.05,484,320.62,2021-01-28T14:00:00Z,87154,321.351504
323.425,323.74,321.3,584,321.46,2021-01-28T15:00:00Z,91969,322.745986
324.29,324.54,323.1,299,323.87,2021-01-28T16:00:00Z,36206,323.980045
325.78,326.14,324.49,325,324.55,2021-01-28T17:00:00Z,40722,325.132815
325.99,326.37,325.405,273,326.13,2021-01-28T18:00:00Z,70892,325.937779
324.895,326.18,324.18,344,326.18,2021-01-28T19:00:00Z,22129,325.057814
321.3,324.68,321.3,815,324.68,2021-01-28T20:00:00Z,114541,322.644097
320.99,320.99,320.99,1,320.99,2021-01-28T21:00:00Z,100,320.99
320.0,320.0,320.0,1,320.0,2021-01-29T13:00:00Z,100,320.0
318.95,320.06,316.9,556,319.54,2021-01-29T14:00:00Z,83107,318.265835
319.445,320.7,317.55,465,318.985,2021-01-29T15:00:00Z,76106,319.154357
317.6,319.55,315.99,380,319.55,2021-01-29T16:00:00Z,87820,316.9534
313.47,317.97,312.78,527,317.57,2021-01-29T17:00:00Z,58709,314.926571
314.08,315.5,312.83,501,313.35,2021-01-29T18:00:00Z,49081,314.03104
314.845,315.78,313.86,307,314.44,2021-01-29T19:00:00Z,36614,314.95924
314.52,317.31,314.52,751,315.27,2021-01-29T20:00:00Z,115170,315.983882
317.38,319.325,316.2,493,318.22,2021-02-01T14:00:00Z,84839,317.544717
318.6,319.95,316.65,467,317.24,2021-02-01T15:00:00Z,56421,318.306059
321.19,321.58,318.04,233,318.65,2021-02-01T16:00:00Z,23344,320.230546
323.05,323.07,321.23,302,321.25,2021-02-01T17:00:00Z,47490,322.520224
323.18,323.51,322.43,224,323.055,2021-02-01T18:00:00Z,21733,323.020988
322.9,323.38,322.565,299,323.24,2021-02-01T19:00:00Z,30435,323.037855
322.58,323.39,322.58,523,323.01,2021-02-01T20:00:00Z,77181,323.02476
325.21,325.21,325.21,1,325.21,2021-02-02T13:00:00Z,100,325.21
326.21,327.195,325.31,268,325.46,2021-02-02T14:00:00Z,29972,326.405721
327.02,327.43,325.87,415,326.215,2021-02-02T15:00:00Z,89984,326.487288
328.0,328.0,326.6,243,326.96,2021-02-02T16:00:00Z,19302,327.153415
328.04,328.24,327.815,96,327.95,2021-02-02T17:00:00Z,8008,328.055945
328.36,328.59,327.38,117,328.14,2021-02-02T18:00:00Z,10128,328.024942
328.76,328.82,328.14,197,328.365,2021-02-02T19:00:00Z,21613,328.541993
327.73,328.7,327.6,627,328.7,2021-02-02T20:00:00Z,95795,328.031832
328.05,328.05,328.02,3,328.02,2021-02-02T21:00:00Z,1100,328.030909
329.58,330.19,328.16,1189,329.97,2021-02-03T14:00:00Z,149612,329.018179
327.3,329.68,326.47,423,329.2,2021-02-03T15:00:00Z,58667,327.275173
328.31,328.4,327.05,183,327.28,2021-02-03T16:00:00Z,21789,327.538561
328.645,328.8,328.06,262,328.3,2021-02-03T17:00:00Z,16674,328.487686
328.66,328.95,328.11,211,328.695,2021-02-03T18:00:00Z,17276,328.57419
327.97,328.85,327.97,123,328.79,2021-02-03T19:00:00Z,12254,328.5571
326.35,328.015,326.35,693,327.83,2021-02-03T20:00:00Z,117946,327.250371
327.54,328.41,326.995,222,327.985,2021-02-04T14:00:00Z,30225,327.688989
327.49,327.88,326.48,326,327.54,2021-02-04T15:00:00Z,27326,327.258646
328.03,328.18,327.25,122,327.58,2021-02-04T16:00:00Z,13706,327.740896
328.55,328.69,328.05,172,328.09,2021-02-04T17:00:00Z,20963,328.457671
328.96,329.15,328.58,130,328.58,2021-02-04T18:00:00Z,16114,328.990168
329.3,329.33,328.81,147,328.97,2021-02-04T19:00:00Z,21588,329.050592
330.2,330.21,329.15,439,329.235,2021-02-04T20:00:00Z,39011,329.670803
331.07,331.21,330.93,6,331.21,2021-02-05T13:00:00Z,514,331.066
330.055,331.28,329.93,274,331.28,2021-02-05T14:00:00Z,35156,330.503578
330.6,330.765,329.575,269,329.92,2021-02-05T15:00:00Z,27520,330.175291
330.62,330.915,330.07,117,330.7,2021-02-05T16:00:00Z,12306,330.582581
332.16,332.21,330.55,166,330.55,2021-02-05T17:00:00Z,17191,331.677554
331.16,332.385,331.16,189,332.17,2021-02-05T18:00:00Z,18210,331.952896
331.36,331.795,330.99,197,331.145,2021-02-05T19:00:00Z,16236,331.367541
331.48,331.54,330.73,316,331.41,2021-02-05T20:00:00Z,42985,331.205651
333.095,333.21,332.33,217,333.11,2021-02-08T14:00:00Z,21968,332.809909
333.26,333.63,332.47,498,332.88,2021-02-08T15:00:00Z,31837,332.977897
332.25,333.285,331.445,319,333.285,2021-02-08T16:00:00Z,27224,332.211406
332.27,332.735,332.19,179,332.385,2021-02-08T17:00:00Z,19664,332.517016
332.13,332.7,332.01,169,332.24,2021-02-08T18:00:00Z,16462,332.357745
332.48,332.48,332.04,134,332.11,2021-02-08T19:00:00Z,10995,332.244965
333.585,333.585,332.445,658,332.46,2021-02-08T20:00:00Z,68846,333.081587
334.04,334.13,332.715,316,332.715,2021-02-09T14:00:00Z,35200,333.3398
334.18,334.79,333.91,333,333.94,2021-02-09T15:00:00Z,36907,334.324839
333.785,334.19,333.23,154,334.19,2021-02-09T16:00:00Z,11751,333.719128
333.8,334.02,333.65,106,333.66,2021-02-09T17:00:00Z,8628,333.780178
333.27,333.81,333.05,93,333.81,2021-02-09T18:00:00Z,9414,333.476592
334.09,334.12,333.295,151,333.295,2021-02-09T19:00:00Z,11397,333.848679
333.46,334.195,333.11,399,334.02,2021-02-09T20:00:00Z,46633,333.681012
333.75,333.75,333.75,9,333.75,2021-02-09T21:00:00Z,3860,333.75
334.795,335.4,334.38,870,334.99,2021-02-10T14:00:00Z,61038,334.674297
331.69,335.175,329.58,1061,334.865,2021-02-10T15:00:00Z,117147,331.225844
332.02,332.495,330.76,316,331.57,2021-02-10T16:00:00Z,46921,331.852907
332.19,332.32,331.26,106,331.46,2021-02-10T17:00:00Z,13172,331.725259
332.05,332.57,331.775,93,332.245,2021-02-10T18:00:00Z,8208,332.266058
333.49,333.64,331.995,152,331.995,2021-02-10T19:00:00Z,17730,333.123282
332.74,333.71,331.98,1337,333.6,2021-02-10T20:00:00Z,118995,332.541336
332.95,332.95,332.95,1,332.95,2021-02-10T21:00:00Z,100,332.95
333.69,334.84,333.53,508,334.46,2021-02-11T14:00:00Z,40736,334.386165
334.06,334.92,333.72,174,333.84,2021-02-11T15:00:00Z,21858,334.256122
334.5,334.92,334.07,138,334.15,2021-02-11T16:00:00Z,12892,334.456683
333.47,334.78,332.13,269,334.53,2021-02-11T17:00:00Z,29422,333.488532
333.81,334.31,333.11,163,333.54,2021-02-11T18:00:00Z,14675,333.908607
333.72,333.72,332.53,176,333.69,2021-02-11T19:00:00Z,14852,333.266345
334.68,334.68,333.55,523,333.55,2021-02-11T20:00:00Z,53273,334.194463
333.81,334.03,332.7,190,333.745,2021-02-12T14:00:00Z,19519,333.469709
334.505,334.74,333.16,138,334.05,2021-02-12T15:00:00Z,9457,333.999362
334.885,335.19,334.46,116,334.63,2021-02-12T16:00:00Z,9018,334.895439
334.97,335.19,334.69,114,334.94,2021-02-12T17:00:00Z,9082,334.980726
334.39,335.02,334.22,116,334.955,2021-02-12T18:00:00Z,14824,334.715609
335.01,335.04,334.19,207,334.43,2021-02-12T19:00:00Z,27141,334.488905
336.4,336.62,334.86,736,334.95,2021-02-12T20:00:00Z,113990,336.076298
338.13,338.13,338.05,6,338.11,2021-02-16T13:00:00Z,550,338.082
337.78,338.03,336.7,363,337.53,2021-02-16T14:00:00Z,37719,337.340913
337.13,338.19,336.78,370,337.56,2021-02-16T15:00:00Z,46248,337.515199
335.17,337.28,335.03,428,337.07,2021-02-16T16:00:00Z,36338,336.196511
336.14,336.14,334.36,452,335.03,2021-02-16T17:00:00Z,54069,334.970509
335.25,336.355,335.25,136,336.15,2021-02-16T18:00:00Z,13376,335.812413
335.85,336.29,335.34,143,335.34,2021-02-16T19:00:00Z,10556,335.874142
335.46,335.99,335.085,415,335.62,2021-02-16T20:00:00Z,44670,335.511874
333.8,334.85,333.8,5,334.85,2021-02-17T13:00:00Z,2700,333.892963
333.34,333.76,331.8,435,332.37,2021-02-17T14:00:00Z,49512,332.843522
332.82,333.62,331.03,458,333.53,2021-02-17T15:00:00Z,43599,332.136701
331.45,332.86,330.17,520,332.78,2021-02-17T16:00:00Z,51952,330.920195
332.465,332.68,331.41,124,331.64,2021-02-17T17:00:00Z,10267,331.981588
333.11,333.26,332.31,128,332.6,2021-02-17T18:00:00Z,13603,332.873286
333.06,333.67,332.49,141,333.06,2021-02-17T19:00:00Z,12940,333.133101
333.95,334.18,332.96,401,332.96,2021-02-17T20:00:00Z,53117,333.913286
330.95,331.49,330.95,8,331.35,2021-02-18T13:00:00Z,640,331.34
330.76,331.12,329.76,519,330.41,2021-02-18T14:00:00Z,95049,330.37707
329.78,330.78,328.36,861,330.72,2021-02-18T15:00:00Z,99099,329.227897
329.9,330.845,329.53,254,329.57,2021-02-18T16:00:00Z,25338,330.232665
330.51,330.75,329.065,230,329.55,2021-02-18T17:00:00Z,27672,329.935202
331.58,331.86,330.085,242,330.51,2021-02-18T18:00:00Z,27352,331.051882
332.68,332.68,331.53,241,331.53,2021-02-18T19:00:00Z,34194,331.986388
332.39,333.16,332.25,863,332.52,2021-02-18T20:00:00Z,72901,332.777258
333.27,333.92,332.6,467,333.92,2021-02-19T14:00:00Z,34290,333.103178
333.45,333.52,332.3,398,333.22,2021-02-19T15:00:00Z,25845,332.957972
333.08,333.89,333.08,325,333.54,2021-02-19T16:00:00Z,19207,333.592961
331.07,333.22,330.57,489,333.14,2021-02-19T17:00:00Z,60146,331.432775
331.31,331.45,329.98,298,331.02,2021-02-19T18:00:00Z,26691,330.813593
331.16,331.57,330.45,286,331.32,2021-02-19T19:00:00Z,23353,331.020998
330.97,331.77,330.6,690,331.49,2021-02-19T20:00:00Z,62610,331.138088
326.25,326.37,326.13,4,326.37,2021-02-22T13:00:00Z,400,326.225
327.3,327.61,325.735,398,326.36,2021-02-22T14:00:00Z,47888,326.763538
324.25,327.72,324.02,682,327.49,2021-02-22T15:00:00Z,68886,325.38483
324.91,325.55,323.89,431,324.25,2021-02-22T16:00:00Z,37014,324.754048
325.21,325.28,323.9,295,324.68,2021-02-22T17:00:00Z,33959,324.455395
325.94,326.24,324.83,377,325.16,2021-02-22T18:00:00Z,36681,325.558269
325.015,326.01,324.81,189,325.92,2021-02-22T19:00:00Z,15441,325.414174
322.245,325.01,322.245,992,324.95,2021-02-22T20:00:00Z,151477,322.84072
322.55,322.55,322.55,1,322.55,2021-02-22T21:00:00Z,300,322.55
316.53,317.31,316.39,8,317.31,2021-02-23T13:00:00Z,707,316.638571
314.22,317.44,311.06,2351,317.44,2021-02-23T14:00:00Z,337651,313.75001
318.64,319.36,313.67,2418,314.16,2021-02-23T15:00:00Z,276736,316.647906
316.37,319.78,316.21,1214,319.03,2021-02-23T16:00:00Z,152111,318.152254
314.55,317.33,314.23,929,316.19,2021-02-23T17:00:00Z,86628,315.464655
318.11,318.47,314.19,778,314.53,2021-02-23T18:00:00Z,96506,317.456277
319.99,320.02,317.82,682,317.895,2021-02-23T19:00:00Z,69794,318.783963
321.45,323.195,319.82,1533,320.075,2021-02-23T20:00:00Z,192761,321.982257
319.0,323.95,319.0,18,323.75,2021-02-24T13:00:00Z,3077,320.957333
317.71,319.88,317.06,502,318.48,2021-02-24T14:00:00Z,54322,318.479644
319.59,319.82,316.0,552,317.26,2021-02-24T15:00:00Z,70609,318.083909
321.48,321.72,319.25,506,319.59,2021-02-24T16:00:00Z,84140,320.745147
322.015,323.1,321.61,470,321.65,2021-02-24T17:00:00Z,46983,322.384532
322.93,323.43,321.18,529,321.95,2021-02-24T18:00:00Z,45964,322.665682
322.68,323.28,322.03,425,323.21,2021-02-24T19:00:00Z,32331,322.602699
324.05,324.45,322.54,804,322.72,2021-02-24T20:00:00Z,67808,323.783538
322.15,324.0,321.1,556,321.26,2021-02-25T14:00:00Z,52302,322.720186
320.13,322.22,318.37,1172,322.22,2021-02-25T15:00:00Z,130173,320.2338
316.81,321.04,316.61,876,320.12,2021-02-25T16:00:00Z,116198,318.566809
313.38,317.35,312.98,1225,316.65,2021-02-25T17:00:00Z,133542,315.525508
314.69,315.96,312.15,1021,313.23,2021-02-25T18:00:00Z,104285,314.432503
314.84,317.44,314.5,599,314.62,2021-02-25T19:00:00Z,71212,316.316006
312.77,315.165,311.28,1791,314.695,2021-02-25T20:00:00Z,264768,312.912415
313.07,313.26,313.07,3,313.26,2021-02-25T21:00:00Z,1700,313.215294
313.41,313.73,312.33,39,312.45,2021-02-26T13:00:00Z,5740,313.163929
314.08,317.68,313.56,1002,316.19,2021-02-26T14:00:00Z,105372,315.569571
315.9,316.33,310.99,1552,313.71,2021-02-26T15:00:00Z,175137,313.647071
317.14,317.58,314.49,675,315.97,2021-02-26T16:00:00Z,97130,316.346462
316.64,319.07,316.45,360,317.23,2021-02-26T17:00:00Z,43330,317.899811
316.24,318.33,315.53,227,316.83,2021-02-26T18:00:00Z,20776,316.632148
316.725,317.24,314.93,426,316.13,2021-02-26T19:00:00Z,33058,316.144784
314.84,318.5,314.84,1079,316.995,2021-02-26T20:00:00Z,122157,316.446705
314.66,314.78,314.1,87,314.3,2021-02-26T21:00:00Z,62329,314.258899
317.99,318.81,317.99,22,318.3,2021-03-01T13:00:00Z,14110,318.29922
319.34,319.64,317.97,419,319.45,2021-03-01T14:00:00Z,46282,318.888473
321.27,321.57,318.7,897,319.5,2021-03-01T15:00:00Z,129904,319.96331
322.415,322.51,321.15,430,321.34,2021-03-01T16:00:00Z,44243,321.764207
321.875,322.47,321.63,296,322.38,2021-03-01T17:00:00Z,34056,322.147113
321.92,322.28,321.35,292,321.95,2021-03-01T18:00:00Z,40529,321.893346
323.55,323.75,321.915,347,321.93,2021-03-01T19:00:00Z,36316,323.022052
323.65,323.93,322.88,821,323.62,2021-03-01T20:00:00Z,106861,323.398467
324.35,324.35,324.35,1,324.35,2021-03-01T21:00:00Z,100,324.35
323.25,323.25,322.63,18,323.23,2021-03-02T13:00:00Z,5300,323.057925
322.45,324.3,321.41,295,323.49,2021-03-02T14:00:00Z,34771,322.82945
321.37,322.955,320.215,355,322.19,2021-03-02T15:00:00Z,36319,321.581318
320.36,321.69,319.46,364,321.32,2021-03-02T16:00:00Z,48283,320.444339
320.875,321.67,320.0,228,320.18,2021-03-02T17:00:00Z,33217,320.960603
321.43,322.12,321.05,229,321.05,2021-03-02T18:00:00Z,42681,321.600485
321.03,321.86,320.2,293,321.69,2021-03-02T19:00:00Z,56652,320.800872
318.3,321.47,318.295,744,321.03,2021-03-02T20:00:00Z,97350,319.406799
316.39,319.21,316.39,33,319.21,2021-03-03T13:00:00Z,13500,317.935185
314.785,318.21,314.4,379,316.84,2021-03-03T14:00:00Z,43000,316.074456
314.725,315.08,312.64,1547,314.73,2021-03-03T15:00:00Z,174760,313.865982
314.36,316.24,314.36,1103,314.73,2021-03-03T16:00:00Z,115054,315.181183
312.54,314.645,312.5,763,314.29,2021-03-03T17:00:00Z,64481,313.476957
311.35,313.76,311.045,1148,312.47,2021-03-03T18:00:00Z,154984,312.636018
311.17,311.45,309.15,1371,311.25,2021-03-03T19:00:00Z,117661,310.420775
309.19,311.5,309.11,1987,311.1,2021-03-03T20:00:00Z,293971,309.846356
309.07,309.32,309.07,3,309.29,2021-03-03T21:00:00Z,400,309.1875
308.92,309.23,308.85,6,309.05,2021-03-04T13:00:00Z,4200,309.097619
306.74,311.23,306.54,870,308.5,2021-03-04T14:00:00Z,126137,309.020585
310.28,311.02,305.09,2013,306.85,2021-03-04T15:00:00Z,320325,308.000873
310.52,312.03,309.13,929,310.41,2021-03-04T16:00:00Z,157585,310.718318
304.45,311.62,303.49,2070,310.86,2021-03-04T17:00:00Z,332078,307.118099
300.21,305.32,300.13,1762,304.4,2021-03-04T18:00:00Z,259829,303.107862
305.115,305.66,300.365,1784,300.39,2021-03-04T19:00:00Z,265634,303.130625
303.83,305.51,302.53,1770,305.24,2021-03-04T20:00:00Z,233312,303.715866
304.84,304.97,302.08,17,302.08,2021-03-05T13:00:00Z,8127,303.227417
302.4,307.325,301.37,1276,307.03,2021-03-05T14:00:00Z,185344,304.503735
300.98,304.56,300.38,1240,302.57,2021-03-05T15:00:00Z,170929,302.248441
301.38,301.56,297.67,1749,300.94,2021-03-05T16:00:00Z,254794,299.706683
305.33,305.54,300.45,1050,301.33,2021-03-05T17:00:00Z,122741,303.285789
306.925,307.81,303.67,627,305.35,2021-03-05T18:00:00Z,62011,306.344522
308.915,309.07,305.08,802,306.98,2021-03-05T19:00:00Z,96689,307.340748
308.78,309.57,307.96,1599,309.065,2021-03-05T20:00:00Z,168600,308.932826
307.27,307.27,306.67,5,306.67,2021-03-08T13:00:00Z,762,307.109895
306.52,309.645,305.6,869,307.34,2021-03-08T14:00:00Z,107697,307.26533
307.99,310.04,305.73,942,307.12,2021-03-08T15:00:00Z,115157,308.348616
305.0,309.04,304.935,717,308.05,2021-03-08T16:00:00Z,74789,306.877215
305.4,306.86,304.535,475,305.1,2021-03-08T17:00:00Z,48536,305.613758
303.01,306.48,302.88,340,305.49,2021-03-08T18:00:00Z,41108,304.827399
302.735,304.69,302.31,539,302.9,2021-03-08T19:00:00Z,70341,303.235146
299.73,302.86,299.64,1847,302.86,2021-03-08T20:00:00Z,236408,301.202395
300.51,300.51,300.28,5,300.46,2021-03-08T21:00:00Z,1500,300.399333
306.85,306.85,306.29,32,306.45,2021-03-09T13:00:00Z,2814,306.485
309.755,309.98,306.77,936,306.83,2021-03-09T14:00:00Z,121762,308.125406
309.78,311.28,309.4,676,309.81,2021-03-09T15:00:00Z,87346,310.365449
310.765,311.105,309.37,371,309.86,2021-03-09T16:00:00Z,41897,310.511954
311.47,312.0,310.6,588,310.9,2021-03-09T17:00:00Z,67766,311.564698
313.35,313.5,311.5,613,311.5,2021-03-09T18:00:00Z,62745,313.050754
312.9,313.49,312.28,576,313.46,2021-03-09T19:00:00Z,72238,312.975631
311.56,313.7,311.515,1411,312.87,2021-03-09T20:00:00Z,193145,312.337548
311.7,311.79,311.56,4,311.63,2021-03-09T21:00:00Z,800,311.6325
312.28,312.28,311.95,6,311.95,2021-03-10T13:00:00Z,4699,312.163167
314.98,316.4,313.99,626,314.38,2021-03-10T14:00:00Z,84342,315.312551
312.1,315.87,311.0,1048,314.97,2021-03-10T15:00:00Z,129898,312.952226
312.94,313.52,311.33,627,312.38,2021-03-10T16:00:00Z,67121,312.607048
312.85,313.19,310.82,373,313.18,2021-03-10T17:00:00Z,45658,312.198402
311.22,312.78,310.295,632,312.66,2021-03-10T18:00:00Z,92682,311.820435
312.59,313.07,310.58,663,310.81,2021-03-10T19:00:00Z,62979,312.081327
310.8,312.965,310.8,661,312.77,2021-03-10T20:00:00Z,122461,311.770185
316.01,317.13,315.34,465,315.8,2021-03-11T14:00:00Z,63061,316.038368
317.59,317.59,314.86,462,316.45,2021-03-11T15:00:00Z,51262,316.605665
318.62,319.06,317.6,718,317.6,2021-03-11T16:00:00Z,94706,318.360568
318.83,319.25,318.335,337,318.7,2021-03-11T17:00:00Z,56615,318.674112
318.78,319.83,318.4,396,318.81,2021-03-11T18:00:00Z,58680,319.207004
318.53,319.16,318.45,259,318.83,2021-03-11T19:00:00Z,26858,318.872863
318.165,319.075,317.98,765,318.47,2021-03-11T20:00:00Z,98054,318.440174
313.96,314.29,313.74,22,314.29,2021-03-12T13:00:00Z,3631,313.904
314.3,314.41,312.12,806,313.66,2021-03-12T14:00:00Z,74721,313.410216
312.05,314.63,311.45,897,314.2,2021-03-12T15:00:00Z,78353,312.98638
313.6,314.03,311.41,520,311.58,2021-03-12T16:00:00Z,41513,312.893755
313.94,315.21,313.5,384,313.81,2021-03-12T17:00:00Z,42839,314.465351
314.2,314.77,313.47,201,313.95,2021-03-12T18:00:00Z,20582,314.296039
314.82,315.13,313.95,260,314.41,2021-03-12T19:00:00Z,28166,314.4653
315.34,315.6,314.065,853,314.85,2021-03-12T20:00:00Z,85235,315.208247
315.04,315.39,315.04,5,315.39,2021-03-15T12:00:00Z,600,315.257537
316.01,316.52,314.6,187,315.67,2021-03-15T13:00:00Z,21356,315.305758
316.185,316.87,315.01,401,316.1,2021-03-15T14:00:00Z,23131,316.075353
315.52,316.67,314.2,588,316.35,2021-03-15T15:00:00Z,42534,315.324981
316.04,316.15,315.2,462,315.2,2021-03-15T16:00:00Z,29903,315.633926
316.535,316.58,315.64,406,316.12,2021-03-15T17:00:00Z,29550,316.098257
317.595,317.72,316.56,424,316.6,2021-03-15T18:00:00Z,67024,317.224741
318.79,318.995,317.005,795,317.7,2021-03-15T19:00:00Z,118051,317.816429
320.51,320.51,320.51,1,320.51,2021-03-16T12:00:00Z,100,320.51
322.665,322.74,320.44,435,321.19,2021-03-16T13:00:00Z,50701,321.672142
323.875,324.195,322.38,664,322.58,2021-03-16T14:00:00Z,84342,323.391922
323.18,324.08,323.06,598,323.92,2021-03-16T15:00:00Z,82949,323.633493
322.38,323.445,321.345,583,323.135,2021-03-16T16:00:00Z,91204,322.292365
321.605,323.11,321.155,528,322.48,2021-03-16T17:00:00Z,85169,322.185414
320.2,321.96,319.14,452,321.555,2021-03-16T18:00:00Z,58159,320.293598
320.65,321.77,319.71,737,320.03,2021-03-16T19:00:00Z,83015,320.932274
316.78,316.78,316.78,1,316.78,2021-03-17T12:00:00Z,339,316.78
318.25,318.25,315.68,889,317.4,2021-03-17T13:00:00Z,116792,316.93386
317.66,319.04,317.07,741,318.08,2021-03-17T14:00:00Z,110030,317.867548
316.54,317.795,316.05,729,317.36,2021-03-17T15:00:00Z,81293,316.904849
316.47,317.73,315.83,483,316.48,2021-03-17T16:00:00Z,57824,316.779872
316.99,317.65,316.14,313,316.26,2021-03-17T17:00:00Z,29802,317.045021
323.01,323.01,317.15,2723,317.15,2021-03-17T18:00:00Z,405579,320.353507
321.77,323.85,321.105,1540,323.07,2021-03-17T19:00:00Z,238283,322.538402
316.63,317.0,316.59,10,317.0,2021-03-18T12:00:00Z,4200,316.791905
317.215,317.77,315.85,621,316.5,2021-03-18T13:00:00Z,80478,316.981898
316.56,317.16,315.345,664,317.16,2021-03-18T14:00:00Z,126107,316.310365
316.27,317.035,315.66,348,316.615,2021-03-18T15:00:00Z,43971,316.275935
314.91,317.55,314.88,494,316.22,2021-03-18T16:00:00Z,83992,316.576699
316.75,316.84,315.195,396,315.28,2021-03-18T17:00:00Z,57990,315.892705
313.91,316.69,313.06,885,316.69,2021-03-18T18:00:00Z,175827,314.051981
311.9,313.89,311.59,2188,313.33,2021-03-18T19:00:00Z,402524,312.502895
314.19,314.19,313.65,3,313.77,2021-03-19T12:00:00Z,382,313.822775
311.95,313.365,310.79,1429,313.2,2021-03-19T13:00:00Z,211778,312.123638
313.345,313.56,309.76,1370,311.65,2021-03-19T14:00:00Z,155802,312.042327
313.72,313.98,311.57,876,313.385,2021-03-19T15:00:00Z,105224,313.191893
314.45,314.58,313.38,470,313.85,2021-03-19T16:00:00Z,46112,314.020738
314.18,314.73,313.27,562,314.465,2021-03-19T17:00:00Z,50416,314.059107
314.44,314.47,313.22,477,314.39,2021-03-19T18:00:00Z,40426,313.955237
313.71,314.49,313.22,1092,314.4,2021-03-19T19:00:00Z,100110,313.814066
315.35,315.49,315.33,3,315.49,2021-03-22T12:00:00Z,300,315.39
317.21,317.44,315.25,475,315.45,2021-03-22T13:00:00Z,79839,316.415955
318.255,318.49,316.545,813,317.29,2021-03-22T14:00:00Z,132039,317.32452
318.715,319.23,318.12,492,318.36,2021-03-22T15:00:00Z,49729,318.802752
320.6,320.73,318.925,370,318.955,2021-03-22T16:00:00Z,47252,320.015362
320.29,320.6,319.735,339,320.6,2021-03-22T17:00:00Z,28560,320.151889
320.435,320.53,320.05,240,320.34,2021-03-22T18:00:00Z,25459,320.331219
318.67,320.615,318.595,901,320.43,2021-03-22T19:00:00Z,124590,319.158611
319.72,319.72,319.72,6,319.72,2021-03-23T12:00:00Z,4500,319.72
318.79,319.84,318.23,592,319.84,2021-03-23T13:00:00Z,69806,319.09783
319.85,320.165,318.18,766,318.74,2021-03-23T14:00:00Z,79322,319.347714
319.64,321.085,319.37,743,320.0,2021-03-23T15:00:00Z,86307,320.20228
319.83,320.25,318.75,607,319.77,2021-03-23T16:00:00Z,59019,319.297136
318.89,320.53,318.64,533,319.9,2021-03-23T17:00:00Z,58169,319.582333
317.94,319.89,317.94,618,318.76,2021-03-23T18:00:00Z,65129,319.107623
317.025,318.38,316.41,1110,318.0,2021-03-23T19:00:00Z,110290,317.171642
319.12,319.12,319.12,3,319.12,2021-03-24T12:00:00Z,1400,319.12
316.01,318.7,315.74,324,318.7,2021-03-24T13:00:00Z,37497,317.258006
316.95,317.18,314.77,541,315.77,2021-03-24T14:00:00Z,92423,316.145081
316.08,318.0,315.7,350,317.115,2021-03-24T15:00:00Z,37418,316.897346
315.36,316.485,315.29,155,315.99,2021-03-24T16:00:00Z,12555,315.919744
315.575,315.6,313.94,291,315.33,2021-03-24T17:00:00Z,30227,314.662947
313.64,315.7,313.625,393,315.62,2021-03-24T18:00:00Z,40215,314.517017
311.78,314.19,311.78,1138,313.57,2021-03-24T19:00:00Z,132512,312.683054
311.82,311.82,311.82,2,311.82,2021-03-24T20:00:00Z,590,311.82
310.07,310.84,309.8,22,310.35,2021-03-25T12:00:00Z,13560,310.372444
311.625,312.04,309.3,1142,310.21,2021-03-25T13:00:00Z,201064,311.059295
308.695,312.87,307.93,1399,311.66,2021-03-25T14:00:00Z,207382,310.358896
309.62,309.72,307.455,903,308.6,2021-03-25T15:00:00Z,114813,308.572964
310.92,311.46,309.28,587,309.75,2021-03-25T16:00:00Z,64756,310.421537
309.52,311.62,309.52,483,310.83,2021-03-25T17:00:00Z,47809,310.391365
311.58,311.58,308.58,610,309.64,2021-03-25T18:00:00Z,66254,309.588302
311.22,312.48,311.03,1296,311.58,2021-03-25T19:00:00Z,176166,311.654157
309.76,309.91,309.76,10,309.91,2021-03-26T12:00:00Z,8100,309.801456
312.22,312.72,310.91,209,311.04,2021-03-26T13:00:00Z,28519,312.128043
312.39,313.51,311.52,376,312.35,2021-03-26T14:00:00Z,49142,312.584421
312.745,312.9,311.065,357,312.41,2021-03-26T15:00:00Z,46130,312.101467
312.68,313.42,312.17,272,313.11,2021-03-26T16:00:00Z,36824,312.847785
311.91,313.76,311.66,308,312.99,2021-03-26T17:00:00Z,29628,312.826326
311.85,312.29,309.72,498,311.995,2021-03-26T18:00:00Z,58916,310.722273
316.2,316.3,311.68,898,311.85,2021-03-26T19:00:00Z,129187,313.363766
316.09,316.3,316.0,4,316.0,2021-03-26T20:00:00Z,900,316.063333
313.455,316.26,313.44,675,315.53,2021-03-29T13:00:00Z,57906,315.223619
313.69,314.63,312.595,1085,313.2,2021-03-29T14:00:00Z,96005,313.418354
314.49,314.92,312.85,683,313.645,2021-03-29T15:00:00Z,48052,313.768647
316.2,316.2,313.47,532,314.51,2021-03-29T16:00:00Z,47928,314.822677
315.76,316.92,315.73,532,316.25,2021-03-29T17:00:00Z,54798,316.488602
314.46,315.95,314.22,382,315.78,2021-03-29T18:00:00Z,39786,315.07132
315.48,316.22,315.0,759,315.01,2021-03-29T19:00:00Z,69479,315.725208
313.01,313.09,313.01,3,313.09,2021-03-30T12:00:00Z,2600,313.066923
313.07,314.215,312.23,363,313.87,2021-03-30T13:00:00Z,42338,313.202566
313.58,313.85,311.58,791,312.79,2021-03-30T14:00:00Z,72184,312.702291
313.445,314.89,313.17,311,313.51,2021-03-30T15:00:00Z,31729,313.960726
313.35,313.775,312.89,206,313.46,2021-03-30T16:00:00Z,21770,313.468517
313.395,314.01,312.79,256,313.01,2021-03-30T17:00:00Z,32379,313.501841
314.38,314.445,313.075,299,313.305,2021-03-30T18:00:00Z,29573,313.638798
314.0,314.85,313.06,756,314.31,2021-03-30T19:00:00Z,70632,314.103768
318.245,318.27,315.83,411,315.99,2021-03-31T13:00:00Z,47531,317.055164
319.53,319.97,318.33,846,318.37,2021-03-31T14:00:00Z,95471,319.200414
319.87,319.87,319.155,566,319.505,2021-03-31T15:00:00Z,74256,319.451151
320.1,320.46,319.9,328,319.94,2021-03-31T16:00:00Z,28734,320.174042
319.98,320.62,319.88,457,320.09,2021-03-31T17:00:00Z,39496,320.284927
319.75,320.045,319.13,537,320.045,2021-03-31T18:00:00Z,68022,319.507438
318.99,320.71,318.66,1052,320.04,2021-03-31T19:00:00Z,113064,319.681871
322.61,322.61,322.61,1,322.61,2021-04-01T12:00:00Z,100,322.61
323.95,324.23,322.73,892,322.73,2021-04-01T13:00:00Z,94608,323.591402
324.31,324.65,323.34,899,324.04,2021-04-01T14:00:00Z,96391,324.218734
323.69,324.53,323.37,519,324.29,2021-04-01T15:00:00Z,57891,323.846417
324.09,324.24,323.55,414,323.55,2021-04-01T16:00:00Z,40556,323.955446
323.73,324.21,323.22,535,324.14,2021-04-01T17:00:00Z,54480,323.673317
324.225,324.38,323.62,361,323.735,2021-04-01T18:00:00Z,31044,324.083628
324.63,324.665,323.69,1804,324.195,2021-04-01T19:00:00Z,155345,324.182299
324.63,324.63,324.63,2,324.63,2021-04-01T20:00:00Z,200,324.63
326.13,326.17,326.13,3,326.17,2021-04-05T12:00:00Z,2048,326.152422
328.58,328.67,326.985,224,327.31,2021-04-05T13:00:00Z,19708,327.630807
329.39,330.0,328.16,518,328.54,2021-04-05T14:00:00Z,54487,329.47398
330.0,330.47,329.29,338,329.445,2021-04-05T15:00:00Z,31505,329.932338
330.725,330.98,330.2,242,330.22,2021-04-05T16:00:00Z,17235,330.689696
331.465,331.465,330.73,332,330.77,2021-04-05T17:00:00Z,42346,331.049095
331.45,331.83,331.34,178,331.505,2021-04-05T18:00:00Z,15030,331.524149
331.18,331.6,330.66,723,331.19,2021-04-05T19:00:00Z,84723,331.15284
330.96,330.96,330.96,1,330.96,2021-04-06T12:00:00Z,900,330.96
331.41,331.41,330.025,263,330.54,2021-04-06T13:00:00Z,37457,330.90207
331.65,331.85,330.685,335,331.47,2021-04-06T14:00:00Z,33998,331.322565
332.82,332.82,331.385,233,331.63,2021-04-06T15:00:00Z,22445,332.097642
331.96,332.755,331.78,168,332.755,2021-04-06T16:00:00Z,15591,332.1945
331.295,331.88,330.2,270,331.88,2021-04-06T17:00:00Z,18337,330.893382
331.63,331.88,331.165,102,331.315,2021-04-06T18:00:00Z,8425,331.52115
330.83,331.705,330.2,767,331.565,2021-04-06T19:00:00Z,81866,330.725276
329.85,330.69,329.85,5,330.69,2021-04-07T12:00:00Z,3500,330.387714
330.89,330.99,329.4,238,329.9,2021-04-07T13:00:00Z,47822,330.171893
331.505,331.93,330.695,394,330.91,2021-04-07T14:00:00Z,53981,331.40887
331.515,332.23,330.685,280,331.7,2021-04-07T15:00:00Z,33339,331.624538
330.94,331.655,330.58,158,331.52,2021-04-07T16:00:00Z,22552,331.098014
331.4,331.52,330.66,49,330.66,2021-04-07T17:00:00Z,5658,331.207692
331.86,332.47,331.4,567,331.4,2021-04-07T18:00:00Z,188547,331.758371
331.63,332.33,330.875,530,331.895,2021-04-07T19:00:00Z,63386,331.529788
331.95,331.95,331.95,1,331.95,2021-04-07T20:00:00Z,100,331.95
335.125,335.215,334.1,375,334.64,2021-04-08T13:00:00Z,39989,334.73586
334.46,335.21,333.76,402,335.21,2021-04-08T14:00:00Z,62730,334.314308
334.71,334.78,333.935,171,334.48,2021-04-08T15:00:00Z,18714,334.486869
334.575,335.05,334.315,189,334.68,2021-04-08T16:00:00Z,14890,334.653536
334.65,334.84,334.38,106,334.5,2021-04-08T17:00:00Z,9277,334.577008
334.79,335.13,334.63,211,334.63,2021-04-08T18:00:00Z,18413,334.871346
335.18,335.18,334.61,720,334.69,2021-04-08T19:00:00Z,78828,334.8035
332.9,333.2,332.9,2,333.2,2021-04-09T12:00:00Z,200,333.05
334.49,334.6,333.06,423,333.68,2021-04-09T13:00:00Z,67150,333.884968
334.03,335.04,334.03,393,334.48,2021-04-09T14:00:00Z,45346,334.536169
335.57,335.64,333.87,375,334.19,2021-04-09T15:00:00Z,41028,334.710356
335.69,335.73,335.2,241,335.58,2021-04-09T16:00:00Z,21090,335.448432
335.88,336.09,335.49,283,335.69,2021-04-09T17:00:00Z,27626,335.848326
335.74,336.145,335.5,229,335.88,2021-04-09T18:00:00Z,22244,335.763735
337.04,337.28,335.35,1268,335.62,2021-04-09T19:00:00Z,99231,336.555445
335.56,336.59,335.04,326,336.42,2021-04-12T13:00:00Z,31830,335.814682
335.78,336.49,334.8,487,335.75,2021-04-12T14:00:00Z,53571,335.770478
335.9,336.13,335.35,162,336.0,2021-04-12T15:00:00Z,14239,335.796216
336.82,336.82,335.52,189,335.97,2021-04-12T16:00:00Z,19315,336.372917
335.92,337.04,335.92,206,336.845,2021-04-12T17:00:00Z,17117,336.559098
335.93,336.56,335.92,159,335.985,2021-04-12T18:00:00Z,11887,336.223794
336.63,337.035,335.62,529,335.66,2021-04-12T19:00:00Z,49752,336.521861
337.75,337.75,336.62,11,336.87,2021-04-13T12:00:00Z,5200,337.124615
339.79,339.94,338.06,439,338.265,2021-04-13T13:00:00Z,54414,339.345633
339.34,339.93,338.86,336,339.93,2021-04-13T14:00:00Z,34628,339.440864
338.735,339.59,338.42,151,339.3,2021-04-13T15:00:00Z,13007,339.020615
339.18,339.18,338.81,11,338.81,2021-04-13T16:00:00Z,3920,339.086959
339.775,339.925,339.03,75,339.03,2021-04-13T17:00:00Z,7324,339.710896
340.435,340.5,339.53,57,339.58,2021-04-13T18:00:00Z,9227,339.978087
340.58,341.04,340.37,476,340.57,2021-04-13T19:00:00Z,60544,340.613146
340.48,340.88,339.91,219,340.88,2021-04-14T13:00:00Z,22558,340.324955
339.43,340.475,339.24,349,340.475,2021-04-14T14:00:00Z,39224,339.852757
338.96,339.48,337.76,271,339.28,2021-04-14T15:00:00Z,36350,338.547064
339.12,339.17,338.16,152,338.98,2021-04-14T16:00:00Z,15331,338.772853
336.97,338.89,336.92,157,338.71,2021-04-14T17:00:00Z,16807,338.162244
336.52,337.77,336.0,591,337.02,2021-04-14T18:00:00Z,100030,337.098611
336.32,337.21,335.69,870,336.38,2021-04-14T19:00:00Z,119290,336.232444
340.18,340.63,339.39,224,339.58,2021-04-15T13:00:00Z,31963,340.224478
340.8,341.21,339.61,363,339.95,2021-04-15T14:00:00Z,42309,340.731971
340.02,341.465,340.02,239,340.74,2021-04-15T15:00:00Z,19574,340.709293
341.31,341.42,339.83,152,340.3,2021-04-15T16:00:00Z,10837,340.723832
341.52,341.69,340.73,134,341.37,2021-04-15T17:00:00Z,12674,341.383376
341.17,341.77,341.04,117,341.39,2021-04-15T18:00:00Z,9491,341.431945
341.59,342.005,340.73,660,341.17,2021-04-15T19:00:00Z,79665,341.416912
341.47,341.47,341.47,2,341.47,2021-04-15T20:00:00Z,200,341.47
342.33,342.42,342.33,2,342.42,2021-04-16T12:00:00Z,200,342.375
340.245,342.32,340.12,232,341.84,2021-04-16T13:00:00Z,37245,341.515971
341.31,341.935,340.25,384,340.27,2021-04-16T14:00:00Z,37183,341.362312
341.27,341.66,340.94,223,341.43,2021-04-16T15:00:00Z,26168,341.182581
341.79,342.08,341.28,176,341.47,2021-04-16T16:00:00Z,15748,341.853597
341.2,341.935,341.2,186,341.765,2021-04-16T17:00:00Z,16086,341.529027
341.885,342.02,341.15,191,341.15,2021-04-16T18:00:00Z,16947,341.760457
341.94,342.19,341.71,471,341.95,2021-04-16T19:00:00Z,42727,341.966516
341.91,341.91,341.91,2,341.91,2021-04-16T20:00:00Z,200,341.91
340.37,340.37,340.33,3,340.33,2021-04-19T12:00:00Z,288,340.35
341.135,341.54,340.08,150,340.28,2021-04-19T13:00:00Z,13180,340.879389
339.46,341.33,337.9,320,341.17,2021-04-19T14:00:00Z,32711,339.289264
338.26,339.945,337.73,300,339.54,2021-04-19T15:00:00Z,29365,338.925457
337.7,338.74,336.99,189,338.34,2021-04-19T16:00:00Z,20989,337.747084
338.26,338.77,337.53,120,337.53,2021-04-19T17:00:00Z,12093,338.217782
338.29,338.65,337.76,242,338.15,2021-04-19T18:00:00Z,16342,338.219005
338.72,338.72,337.64,1204,338.35,2021-04-19T19:00:00Z,74153,338.190001
338.09,338.09,338.09,1,338.09,2021-04-20T12:00:00Z,100,338.09
339.13,339.475,337.7,369,338.25,2021-04-20T13:00:00Z,20108,338.630108
336.555,339.08,336.06,421,338.99,2021-04-20T14:00:00Z,46151,337.439965
335.56,336.865,334.41,986,336.67,2021-04-20T15:00:00Z,86499,335.582085
335.94,336.5,335.4,238,335.65,2021-04-20T16:00:00Z,23691,336.031164
336.25,336.28,334.985,326,335.75,2021-04-20T17:00:00Z,38376,335.654219
335.03,336.34,334.81,242,336.25,2021-04-20T18:00:00Z,20980,335.818381
336.29,336.77,335.2,478,335.21,2021-04-20T19:00:00Z,44289,336.194513
334.87,334.87,334.87,3,334.87,2021-04-21T12:00:00Z,184,334.87
336.43,336.49,334.07,308,335.05,2021-04-21T13:00:00Z,29984,335.167975
335.99,336.87,335.49,207,336.455,2021-04-21T14:00:00Z,20347,336.197774
338.185,338.205,335.92,572,335.92,2021-04-21T15:00:00Z,45740,337.557947
337.3,338.16,337.22,186,338.06,2021-04-21T16:00:00Z,15056,337.705243
337.87,338.0,337.28,120,337.28,2021-04-21T17:00:00Z,13590,337.768119
337.75,338.15,337.635,188,337.89,2021-04-21T18:00:00Z,23714,337.909553
339.315,339.45,337.64,556,337.695,2021-04-21T19:00:00Z,57212,338.996861
338.49,339.01,337.8,173,338.73,2021-04-22T13:00:00Z,20036,338.516219
339.48,339.85,337.845,220,338.27,2021-04-22T14:00:00Z,31286,338.939645
339.01,339.51,338.76,135,339.45,2021-04-22T15:00:00Z,13191,339.171435
339.77,339.81,338.69,159,339.04,2021-04-22T16:00:00Z,12364,339.359804
334.79,339.805,334.43,683,339.79,2021-04-22T17:00:00Z,94711,337.138531
335.43,336.14,334.1,438,334.61,2021-04-22T18:00:00Z,58478,335.209763
335.24,335.95,334.59,670,335.44,2021-04-22T19:00:00Z,82549,335.119505
334.91,335.27,334.91,2,335.27,2021-04-22T20:00:00Z,500,335.198
335.85,335.85,335.85,1,335.85,2021-04-23T12:00:00Z,100,335.85
337.19,337.22,335.87,228,335.97,2021-04-23T13:00:00Z,26777,336.66051
338.11,338.16,336.93,489,336.93,2021-04-23T14:00:00Z,48448,337.682566
339.39,339.7,337.93,573,338.135,2021-04-23T15:00:00Z,60065,339.00494
340.02,340.175,339.33,274,339.48,2021-04-23T16:00:00Z,27413,339.721679
340.04,340.32,339.84,222,340.1,2021-04-23T17:00:00Z,20608,340.094621
340.29,340.46,339.77,427,340.12,2021-04-23T18:00:00Z,35255,340.006117
339.41,340.76,339.41,1009,340.295,2021-04-23T19:00:00Z,105347,340.063883
338.75,338.79,338.61,6,338.61,2021-04-26T12:00:00Z,508,338.694
339.765,340.07,338.91,168,339.36,2021-04-26T13:00:00Z,28479,339.592934
340.38,340.7,339.68,218,339.68,2021-04-26T14:00:00Z,23182,340.159184
340.56,340.97,340.44,119,340.44,2021-04-26T15:00:00Z,13045,340.816301
340.825,341.0,340.2,110,340.63,2021-04-26T16:00:00Z,8186,340.649115
341.07,341.16,340.47,148,340.89,2021-04-26T17:00:00Z,14161,340.845731
341.805,341.81,341.18,319,341.18,2021-04-26T18:00:00Z,28092,341.524317
341.605,341.91,340.94,549,341.8,2021-04-26T19:00:00Z,61040,341.47775
340.16,342.135,340.06,305,341.96,2021-04-27T13:00:00Z,50115,340.82764
339.975,340.33,339.25,285,340.12,2021-04-27T14:00:00Z,44525,339.786436
340.44,340.615,339.64,342,339.83,2021-04-27T15:00:00Z,16474,340.128
340.375,340.785,340.31,129,340.51,2021-04-27T16:00:00Z,14850,340.524917
340.25,340.58,340.19,131,340.41,2021-04-27T17:00:00Z,12233,340.395366
340.365,340.53,339.86,182,340.15,2021-04-27T18:00:00Z,18394,340.129702
339.96,340.685,339.96,513,340.25,2021-04-27T19:00:00Z,51211,340.393589
340.17,340.28,340.17,2,340.28,2021-04-27T20:00:00Z,700,340.201429
339.57,339.57,339.57,1,339.57,2021-04-28T12:00:00Z,100,339.57
340.61,340.61,338.59,300,339.8,2021-04-28T13:00:00Z,46383,339.339764
339.44,340.75,339.04,370,340.67,2021-04-28T14:00:00Z,36659,340.110313
338.645,339.59,338.59,276,339.445,2021-04-28T15:00:00Z,30124,339.058381
339.23,339.44,338.42,128,338.57,2021-04-28T16:00:00Z,12264,338.967709
338.98,339.465,338.96,283,339.27,2021-04-28T17:00:00Z,30545,339.184761
340.155,340.76,338.46,516,338.98,2021-04-28T18:00:00Z,53855,339.798891
338.7,340.27,338.52,647,340.23,2021-04-28T19:00:00Z,79239,339.07874
342.15,342.15,342.0,5,342.0,2021-04-29T12:00:00Z,1100,342.013636
340.42,342.78,340.2,378,342.48,2021-04-29T13:00:00Z,56737,341.690535
339.31,340.48,338.52,382,340.2,2021-04-29T14:00:00Z,38458,339.559875
338.02,339.94,337.66,161,339.43,2021-04-29T15:00:00Z,15392,339.222392
338.51,338.51,336.97,250,337.83,2021-04-29T16:00:00Z,35557,337.578397
339.42,339.47,338.29,153,338.43,2021-04-29T17:00:00Z,18585,338.901475
340.525,340.73,339.31,273,339.54,2021-04-29T18:00:00Z,30037,340.0675
340.15,340.83,339.95,435,340.51,2021-04-29T19:00:00Z,40770,340.265986
338.01,338.01,337.99,2,337.99,2021-04-30T12:00:00Z,200,338.0
339.02,339.03,337.4,217,337.4,2021-04-30T13:00:00Z,33194,338.172127
339.0,340.24,338.35,303,339.03,2021-04-30T14:00:00Z,33113,339.296138
339.0,339.23,337.92,217,338.74,2021-04-30T15:00:00Z,23697,338.629992
338.52,339.33,338.2,123,339.02,2021-04-30T16:00:00Z,11336,338.807057
337.14,338.88,337.085,221,338.56,2021-04-30T17:00:00Z,21140,337.923157
337.78,338.22,337.27,173,337.445,2021-04-30T18:00:00Z,16282,337.72404
337.84,338.21,337.09,537,337.8,2021-04-30T19:00:00Z,52400,337.565775
338.8,338.8,338.8,1,338.8,2021-05-03T12:00:00Z,100,338.8
338.15,339.22,337.71,158,339.22,2021-05-03T13:00:00Z,21209,338.547186
337.39,339.96,337.39,324,338.2,2021-05-03T14:00:00Z,32381,338.889439
336.75,337.48,335.93,291,337.31,2021-05-03T15:00:00Z,26267,336.702675
336.12,336.89,335.8,154,336.69,2021-05-03T16:00:00Z,15296,336.391733
336.18,336.635,335.785,157,336.25,2021-05-03T17:00:00Z,15326,336.255244
336.62,336.9,336.43,203,336.53,2021-05-03T18:00:00Z,17287,336.642569
336.035,336.81,335.765,597,336.65,2021-05-03T19:00:00Z,37778,336.108916
333.42,333.6,333.25,15,333.52,2021-05-04T12:00:00Z,3793,333.445793
330.155,333.87,329.97,1180,333.25,2021-05-04T13:00:00Z,159589,332.056806
328.43,330.34,328.425,620,330.105,2021-05-04T14:00:00Z,67627,329.625643
326.75,328.86,326.26,516,328.44,2021-05-04T15:00:00Z,56480,327.573943
327.0,327.92,326.62,473,326.71,2021-05-04T16:00:00Z,41089,327.388041
327.62,328.19,326.85,521,326.85,2021-05-04T17:00:00Z,56493,327.709938
328.69,328.88,327.26,514,327.55,2021-05-04T18:00:00Z,44586,328.091289
330.06,330.06,328.01,1173,328.59,2021-05-04T19:00:00Z,126696,328.995155
332.18,332.18,331.61,4,331.84,2021-05-05T12:00:00Z,2100,331.71381
331.48,333.01,331.34,273,332.25,2021-05-05T13:00:00Z,30537,332.129764
331.91,332.03,329.88,378,331.48,2021-05-05T14:00:00Z,52847,330.990795
332.21,332.245,331.02,206,331.73,2021-05-05T15:00:00Z,17597,331.782682
330.89,332.295,330.82,195,332.19,2021-05-05T16:00:00Z,20689,331.560265
330.87,331.42,330.38,132,330.63,2021-05-05T17:00:00Z,13081,330.91417
330.195,330.95,330.115,276,330.92,2021-05-05T18:00:00Z,21722,330.471889
328.93,330.23,328.34,709,330.17,2021-05-05T19:00:00Z,70853,329.158758
328.82,329.13,328.45,6,329.13,2021-05-06T12:00:00Z,3640,328.82467
327.5,329.33,327.48,258,328.89,2021-05-06T13:00:00Z,35404,328.368824
328.075,328.7,326.5,595,327.35,2021-05-06T14:00:00Z,72275,327.715532
330.31,330.71,326.94,511,328.31,2021-05-06T15:00:00Z,51023,329.009382
330.66,331.33,329.89,294,330.28,2021-05-06T16:00:00Z,25439,330.65314
329.0,330.83,328.91,288,330.53,2021-05-06T17:00:00Z,28383,329.700129
328.9,329.75,328.34,241,329.11,2021-05-06T18:00:00Z,19983,328.87528
331.4,331.63,328.675,633,328.9,2021-05-06T19:00:00Z,70451,330.702492
335.75,336.81,332.2,57,332.2,2021-05-07T12:00:00Z,24415,335.805187
334.295,335.97,333.1,646,335.97,2021-05-07T13:00:00Z,96898,334.333046
335.68,336.6,334.05,555,334.61,2021-05-07T14:00:00Z,65810,335.831113
336.13,336.42,335.6,361,335.82,2021-05-07T15:00:00Z,46724,336.09079
334.935,336.02,334.465,335,335.915,2021-05-07T16:00:00Z,44910,335.043267
333.6,334.9,333.585,225,334.9,2021-05-07T17:00:00Z,22012,334.110701
334.44,334.525,333.08,348,333.4,2021-05-07T18:00:00Z,36991,333.964577
334.13,335.11,334.08,831,334.37,2021-05-07T19:00:00Z,96424,334.589129
334.28,334.28,334.28,4,334.28,2021-05-07T20:00:00Z,1900,334.28
333.18,333.22,333.18,3,333.22,2021-05-10T12:00:00Z,304,333.195748
329.835,332.91,329.48,560,332.8,2021-05-10T13:00:00Z,68723,330.764957
328.58,330.42,328.13,699,329.84,2021-05-10T14:00:00Z,76709,329.307505
329.59,329.65,328.125,345,328.805,2021-05-10T15:00:00Z,38817,328.798412
329.13,330.06,329.04,239,329.6,2021-05-10T16:00:00Z,23131,329.529507
328.53,329.44,328.26,222,329.205,2021-05-10T17:00:00Z,22356,328.79003
326.39,328.34,325.9,681,328.34,2021-05-10T18:00:00Z,82148,326.847996
325.6,327.0,325.57,1203,326.29,2021-05-10T19:00:00Z,159017,326.16885
319.44,319.48,318.99,51,319.3,2021-05-11T12:00:00Z,23278,319.272188
323.58,323.59,318.96,1074,318.97,2021-05-11T13:00:00Z,200191,320.821547
322.32,323.66,320.135,704,323.54,2021-05-11T14:00:00Z,91598,322.022779
324.42,324.88,321.055,841,322.14,2021-05-11T15:00:00Z,95142,323.951207
323.57,325.23,323.01,479,324.51,2021-05-11T16:00:00Z,54981,324.187981
324.99,325.945,323.535,636,323.575,2021-05-11T17:00:00Z,75518,325.16415
324.98,326.065,324.37,512,325.28,2021-05-11T18:00:00Z,57266,325.056251
325.41,326.06,324.075,1339,325.27,2021-05-11T19:00:00Z,125547,325.224429
325.3,325.3,325.3,3,325.3,2021-05-11T20:00:00Z,300,325.3
319.97,324.21,319.95,34,323.75,2021-05-12T12:00:00Z,7551,320.661854
320.8,322.55,320.04,1052,321.49,2021-05-12T13:00:00Z,103071,321.282777
318.46,320.94,317.94,1282,320.615,2021-05-12T14:00:00Z,150544,319.635364
317.35,319.61,317.25,593,318.19,2021-05-12T15:00:00Z,53081,318.609351
318.2,318.2,316.52,601,317.29,2021-05-12T16:00:00Z,57936,317.375169
317.36,319.11,317.19,651,318.24,2021-05-12T17:00:00Z,58303,318.151936
318.17,318.605,316.8,552,317.6,2021-05-12T18:00:00Z,56571,317.565114
316.91,317.79,316.035,1650,317.48,2021-05-12T19:00:00Z,236704,316.866901
319.79,319.79,318.18,9,318.18,2021-05-13T12:00:00Z,6300,318.588889
320.75,321.07,319.215,603,319.36,2021-05-13T13:00:00Z,81348,320.302725
321.83,322.37,320.82,645,321.0,2021-05-13T14:00:00Z,69090,321.436783
318.69,321.92,318.49,862,321.92,2021-05-13T15:00:00Z,108446,319.683651
318.8,320.51,318.65,538,318.96,2021-05-13T16:00:00Z,41077,319.784204
317.88,319.35,316.94,616,318.75,2021-05-13T17:00:00Z,55401,317.96146
320.04,320.705,317.94,507,317.94,2021-05-13T18:00:00Z,38605,319.743674
319.36,321.05,319.355,1116,320.04,2021-05-13T19:00:00Z,107506,320.200141
318.9,319.24,318.9,3,319.24,2021-05-13T20:00:00Z,1100,319.154545
322.82,322.82,322.03,10,322.29,2021-05-14T12:00:00Z,3126,322.342432
323.23,323.44,322.11,543,322.71,2021-05-14T13:00:00Z,66281,322.819907
324.87,324.925,322.68,502,323.63,2021-05-14T14:00:00Z,66297,323.865688
325.02,325.365,324.52,295,324.99,2021-05-14T15:00:00Z,26544,325.066811
325.74,325.835,324.97,167,325.04,2021-05-14T16:00:00Z,21218,325.588787
325.86,326.01,325.6,192,325.83,2021-05-14T17:00:00Z,23489,325.787681
327.06,327.3,325.81,453,325.96,2021-05-14T18:00:00Z,70107,326.35
326.38,327.21,326.275,1107,327.085,2021-05-14T19:00:00Z,135111,326.736284
323.97,325.26,323.43,418,324.73,2021-05-17T13:00:00Z,57148,324.301766
324.04,324.97,322.86,361,323.88,2021-05-17T14:00:00Z,35888,323.878946
322.86,324.35,322.57,284,324.35,2021-05-17T15:00:00Z,27601,323.238944
322.8,323.45,322.36,234,322.67,2021-05-17T16:00:00Z,20383,322.942123
322.09,322.86,321.495,233,322.85,2021-05-17T17:00:00Z,20643,322.0372
323.31,323.31,321.975,212,322.19,2021-05-17T18:00:00Z,15363,322.660562
324.405,324.44,323.08,645,323.3,2021-05-17T19:00:00Z,70670,323.903368
326.46,326.46,326.46,6,326.46,2021-05-18T12:00:00Z,3000,326.46
324.95,325.735,324.34,397,325.45,2021-05-18T13:00:00Z,52080,324.978822
326.28,326.6,324.67,509,325.01,2021-05-18T14:00:00Z,54524,325.988861
325.27,326.51,325.075,254,326.18,2021-05-18T15:00:00Z,22613,325.848621
325.71,326.14,325.01,299,325.02,2021-05-18T16:00:00Z,22034,325.726043
325.07,325.94,324.97,290,325.74,2021-05-18T17:00:00Z,31264,325.516544
323.55,325.2,322.89,607,325.11,2021-05-18T18:00:00Z,58330,323.686281
321.95,324.57,321.95,1412,323.52,2021-05-18T19:00:00Z,140083,323.227264
317.67,317.7,317.67,2,317.7,2021-05-19T12:00:00Z,410,317.692683
318.175,318.89,316.315,630,316.67,2021-05-19T13:00:00Z,91413,317.539754
319.28,319.81,317.2,568,318.35,2021-05-19T14:00:00Z,58296,318.51461
320.05,320.635,318.77,400,319.17,2021-05-19T15:00:00Z,33895,319.72984
320.59,321.17,319.85,204,320.05,2021-05-19T16:00:00Z,17540,320.762996
321.08,321.77,320.64,202,320.95,2021-05-19T17:00:00Z,22536,321.302954
320.62,322.88,319.65,597,321.04,2021-05-19T18:00:00Z,66651,321.115433
322.69,322.775,320.08,917,320.61,2021-05-19T19:00:00Z,136436,321.882714
322.27,322.77,322.27,3,322.77,2021-05-19T20:00:00Z,600,322.353333
322.75,322.75,322.48,7,322.63,2021-05-20T12:00:00Z,1350,322.585452
326.28,326.695,323.91,431,324.15,2021-05-20T13:00:00Z,79496,325.428871
327.5,327.84,326.3,543,326.47,2021-05-20T14:00:00Z,68188,327.133534
328.88,329.26,327.34,542,327.53,2021-05-20T15:00:00Z,50984,328.412563
328.41,328.905,327.81,458,328.905,2021-05-20T16:00:00Z,47849,328.251
328.595,329.09,328.13,358,328.25,2021-05-20T17:00:00Z,27731,328.80406
329.27,329.33,328.54,233,328.64,2021-05-20T18:00:00Z,16453,328.906637
328.88,329.695,328.72,963,329.16,2021-05-20T19:00:00Z,101857,329.106816
330.0,330.0,330.0,2,330.0,2021-05-21T12:00:00Z,160,330.0
330.09,330.84,328.88,359,330.0,2021-05-21T13:00:00Z,75458,330.196804
328.45,330.2,327.93,563,330.16,2021-05-21T14:00:00Z,68561,328.692603
327.26,328.8,327.145,418,328.39,2021-05-21T15:00:00Z,36677,328.023134
327.305,327.69,326.71,447,327.2,2021-05-21T16:00:00Z,30793,327.223765
327.805,328.02,326.99,285,327.335,2021-05-21T17:00:00Z,19743,327.591354
327.77,328.24,327.19,426,327.86,2021-05-21T18:00:00Z,30996,327.727965
326.94,328.105,326.655,1767,327.81,2021-05-21T19:00:00Z,187511,327.123627
329.6,329.6,329.17,6,329.17,2021-05-24T12:00:00Z,896,329.341542
330.99,331.17,329.07,288,329.29,2021-05-24T13:00:00Z,34878,330.337462
332.44,332.765,331.21,579,331.24,2021-05-24T14:00:00Z,60928,332.302086
332.83,332.99,332.35,402,332.49,2021-05-24T15:00:00Z,46117,332.73676
332.48,333.1,332.32,353,332.86,2021-05-24T16:00:00Z,43587,332.586556
332.99,333.17,332.45,314,332.51,2021-05-24T17:00:00Z,41724,332.90571
333.51,333.63,332.96,396,333.01,2021-05-24T18:00:00Z,36494,333.347028
332.53,333.59,332.37,809,333.51,2021-05-24T19:00:00Z,78786,332.958368
332.44,332.44,332.44,1,332.44,2021-05-24T20:00:00Z,100,332.44
334.33,334.33,334.33,1,334.33,2021-05-25T12:00:00Z,100,334.33
332.95,334.79,332.93,233,334.09,2021-05-25T13:00:00Z,30174,333.852604
333.555,333.67,332.555,296,333.02,2021-05-25T14:00:00Z,23077,333.077821
332.64,333.595,331.79,369,333.595,2021-05-25T15:00:00Z,25758,332.495165
332.57,332.97,332.365,234,332.71,2021-05-25T16:00:00Z,18082,332.708072
332.74,333.035,331.99,154,332.39,2021-05-25T17:00:00Z,15446,332.570903
332.6,332.87,332.25,137,332.56,2021-05-25T18:00:00Z,11191,332.52602
332.99,332.99,332.085,514,332.57,2021-05-25T19:00:00Z,49372,332.591834
333.365,334.2,333.28,145,333.7,2021-05-26T13:00:00Z,19623,333.738237
334.18,334.29,333.0,350,333.46,2021-05-26T14:00:00Z,28664,333.683192
334.33,334.45,333.535,185,334.23,2021-05-26T15:00:00Z,24115,334.094651
334.39,334.52,334.25,227,334.37,2021-05-26T16:00:00Z,25814,334.362417
333.7,334.56,333.45,193,334.4,2021-05-26T17:00:00Z,16240,334.006848
334.09,334.28,333.66,307,333.67,2021-05-26T18:00:00Z,27053,334.034435
334.08,334.2,333.48,675,334.08,2021-05-26T19:00:00Z,63664,333.846857
332.21,333.01,332.21,11,333.01,2021-05-27T12:00:00Z,3749,332.502087
333.17,333.88,332.7,296,333.26,2021-05-27T13:00:00Z,28453,333.331115
333.75,334.52,332.77,390,332.95,2021-05-27T14:00:00Z,34841,333.892117
334.23,334.255,333.62,234,333.76,2021-05-27T15:00:00Z,32311,333.896625
334.03,334.32,333.84,120,334.305,2021-05-27T16:00:00Z,10594,334.085568
333.66,334.26,333.59,162,334.08,2021-05-27T17:00:00Z,18783,334.029638
333.2,333.74,332.87,220,333.73,2021-05-27T18:00:00Z,17518,333.218952
333.115,333.46,332.77,732,333.12,2021-05-27T19:00:00Z,47349,333.105296
333.85,333.85,333.85,1,333.85,2021-05-28T12:00:00Z,100,333.85
334.62,334.98,333.97,257,334.22,2021-05-28T13:00:00Z,26444,334.45291
334.315,334.8,334.0,324,334.72,2021-05-28T14:00:00Z,36315,334.484831
335.18,335.23,334.26,198,334.48,2021-05-28T15:00:00Z,34037,334.77639
335.38,335.55,335.2,300,335.2,2021-05-28T16:00:00Z,38646,335.38313
334.39,335.505,334.23,500,335.45,2021-05-28T17:00:00Z,75255,334.924954
334.73,334.93,334.29,138,334.46,2021-05-28T18:00:00Z,10683,334.546581
333.65,334.75,333.615,772,334.7,2021-05-28T19:00:00Z,83999,334.06431
334.86,335.17,334.86,4,335.03,2021-06-01T12:00:00Z,800,334.94875
334.62,335.75,334.17,241,335.35,2021-06-01T13:00:00Z,26326,335.048196
331.92,334.76,331.44,407,334.6,2021-06-01T14:00:00Z,42750,333.006078
333.05,333.19,331.8,184,331.92,2021-06-01T15:00:00Z,20669,332.696004
333.17,333.43,332.605,167,332.98,2021-06-01T16:00:00Z,18461,332.996938
333.115,333.115,332.63,167,333.11,2021-06-01T17:00:00Z,18884,332.811069
333.755,333.84,333.015,177,333.015,2021-06-01T18:00:00Z,17503,333.383103
332.78,333.735,332.735,570,333.715,2021-06-01T19:00:00Z,39118,333.105334
332.83,332.83,332.83,1,332.83,2021-06-02T12:00:00Z,100,332.83
333.67,334.22,332.92,263,333.18,2021-06-02T13:00:00Z,25638,333.664155
333.46,334.33,333.03,387,333.41,2021-06-02T14:00:00Z,23804,333.759336
333.95,334.15,333.48,345,333.68,2021-06-02T15:00:00Z,27821,333.865592
333.325,333.94,332.98,188,333.895,2021-06-02T16:00:00Z,14351,333.511452
332.29,333.44,331.96,466,333.3,2021-06-02T17:00:00Z,32497,332.593854
332.515,332.52,331.73,349,332.23,2021-06-02T18:00:00Z,26322,332.310941
333.42,333.42,332.26,791,332.49,2021-06-02T19:00:00Z,60154,332.925984
330.67,330.67,329.5,14,329.95,2021-06-03T12:00:00Z,1401,329.974474
329.145,330.82,328.34,282,330.34,2021-06-03T13:00:00Z,36366,329.494018
331.015,331.015,328.795,364,329.22,2021-06-03T14:00:00Z,29066,329.85062
330.46,331.79,329.89,288,331.28,2021-06-03T15:00:00Z,30494,330.944571
331.125,331.125,330.06,132,330.36,2021-06-03T16:00:00Z,12612,330.545396
330.79,331.46,330.38,200,331.115,2021-06-03T17:00:00Z,31240,330.948296
330.02,330.99,330.01,202,330.82,2021-06-03T18:00:00Z,15966,330.411492
329.905,330.49,329.71,403,330.16,2021-06-03T19:00:00Z,45404,330.005262
329.63,329.63,329.63,5,329.63,2021-06-03T20:00:00Z,5600,329.63
331.56,331.73,329.88,48,330.26,2021-06-04T12:00:00Z,25624,330.566456
333.97,334.14,331.81,384,332.09,2021-06-04T13:00:00Z,41120,333.124353
334.9,335.36,334.06,557,334.105,2021-06-04T14:00:00Z,56047,334.801781
335.37,335.68,334.84,243,334.89,2021-06-04T15:00:00Z,21226,335.397469
335.43,335.65,335.16,177,335.27,2021-06-04T16:00:00Z,13211,335.45725
335.85,335.87,335.38,243,335.51,2021-06-04T17:00:00Z,15177,335.650486
335.83,336.02,335.77,298,335.86,2021-06-04T18:00:00Z,17305,335.913319
335.68,336.045,335.44,851,335.8,2021-06-04T19:00:00Z,87116,335.728759
335.46,335.46,335.46,1,335.46,2021-06-04T20:00:00Z,100,335.46
335.64,335.64,335.23,5,335.25,2021-06-07T12:00:00Z,998,335.315611
335.35,335.58,334.6,377,335.24,2021-06-07T13:00:00Z,48227,335.073602
335.27,335.31,334.39,293,335.31,2021-06-07T14:00:00Z,30934,334.887909
335.07,335.29,334.48,481,335.25,2021-06-07T15:00:00Z,63489,334.932899
335.47,335.57,335.04,326,335.15,2021-06-07T16:00:00Z,51183,335.407371
334.965,335.63,334.88,137,335.48,2021-06-07T17:00:00Z,14909,335.201487
335.92,336.11,335.08,208,335.08,2021-06-07T18:00:00Z,17030,335.622916
336.55,336.66,335.945,601,335.99,2021-06-07T19:00:00Z,65216,336.394335
338.75,338.76,338.62,8,338.64,2021-06-08T12:00:00Z,6800,338.648088
337.3,339.235,337.3,253,338.39,2021-06-08T13:00:00Z,27771,338.630314
336.53,337.78,336.4,230,337.39,2021-06-08T14:00:00Z,19449,337.245487
336.06,336.97,335.03,268,336.6,2021-06-08T15:00:00Z,23882,335.852307
337.0,337.01,336.01,126,336.01,2021-06-08T16:00:00Z,18280,336.464454
336.43,336.975,336.43,102,336.975,2021-06-08T17:00:00Z,8211,336.620368
337.19,337.2,336.36,274,336.42,2021-06-08T18:00:00Z,32913,336.636674
336.79,337.34,336.63,441,337.22,2021-06-08T19:00:00Z,35782,336.970255
338.2,338.92,337.53,226,338.23,2021-06-09T13:00:00Z,36222,338.331058
337.62,338.22,337.09,118,338.22,2021-06-09T14:00:00Z,9757,337.649479
337.21,338.05,336.98,94,337.795,2021-06-09T15:00:00Z,10857,337.567606
338.07,338.11,337.28,107,337.33,2021-06-09T16:00:00Z,16624,337.935905
337.91,338.25,337.82,109,338.12,2021-06-09T17:00:00Z,13924,338.10341
337.425,338.04,337.405,172,337.895,2021-06-09T18:00:00Z,16053,337.705947
336.72,337.48,336.675,917,337.415,2021-06-09T19:00:00Z,73140,336.982997
336.79,336.81,336.79,2,336.81,2021-06-09T20:00:00Z,200,336.8
336.21,336.37,334.9,23,336.09,2021-06-10T12:00:00Z,6734,335.883563
340.02,340.42,336.765,216,337.15,2021-06-10T13:00:00Z,49070,339.085137
338.05,340.33,337.13,528,339.96,2021-06-10T14:00:00Z,50206,339.211928
339.38,339.45,337.76,173,337.82,2021-06-10T15:00:00Z,15728,338.729623
339.93,339.93,339.27,85,339.41,2021-06-10T16:00:00Z,6644,339.619917
340.32,340.33,339.47,189,339.95,2021-06-10T17:00:00Z,16088,339.915551
340.25,340.34,339.76,228,340.33,2021-06-10T18:00:00Z,15844,340.142419
340.32,340.44,339.67,627,340.18,2021-06-10T19:00:00Z,57625,340.096967
340.53,340.53,340.53,1,340.53,2021-06-10T20:00:00Z,100,340.53
340.78,340.78,340.78,4,340.78,2021-06-11T12:00:00Z,800,340.78
340.46,340.96,339.97,198,340.74,2021-06-11T13:00:00Z,21528,340.324632
340.24,340.94,339.97,236,340.56,2021-06-11T14:00:00Z,19434,340.485415
340.26,340.68,339.72,162,340.17,2021-06-11T15:00:00Z,11768,340.313523
340.39,340.56,340.11,116,340.34,2021-06-11T16:00:00Z,7154,340.289151
340.5,340.57,340.07,111,340.38,2021-06-11T17:00:00Z,11532,340.374767
340.765,340.92,340.6,148,340.6,2021-06-11T18:00:00Z,8517,340.741137
341.235,341.235,340.41,394,340.7,2021-06-11T19:00:00Z,33738,340.859439
342.0,342.15,342.0,4,342.15,2021-06-14T12:00:00Z,2200,342.143182
342.01,342.39,340.58,297,341.61,2021-06-14T13:00:00Z,34185,341.226408
341.85,342.125,341.12,264,342.11,2021-06-14T14:00:00Z,24951,341.535249
342.31,342.37,341.735,287,341.88,2021-06-14T15:00:00Z,20665,342.02658
342.5,342.76,342.27,272,342.305,2021-06-14T16:00:00Z,18481,342.509107
342.95,343.07,342.48,257,342.52,2021-06-14T17:00:00Z,16566,342.780474
342.925,343.1,342.73,334,342.975,2021-06-14T18:00:00Z,17289,342.927207
344.375,344.375,342.63,1061,342.83,2021-06-14T19:00:00Z,92814,343.649592
344.3,344.3,344.3,1,344.3,2021-06-15T12:00:00Z,100,344.3
343.88,344.44,343.05,301,344.19,2021-06-15T13:00:00Z,65674,344.004734
342.95,344.025,342.74,340,344.025,2021-06-15T14:00:00Z,50306,343.357612
342.8,343.32,342.24,365,343.005,2021-06-15T15:00:00Z,26849,342.901937
342.42,343.06,342.27,220,342.9,2021-06-15T16:00:00Z,21058,342.841078
342.49,342.56,342.14,196,342.35,2021-06-15T17:00:00Z,15444,342.385761
342.09,342.67,341.75,303,342.51,2021-06-15T18:00:00Z,29348,342.073508
341.87,342.61,341.55,794,342.02,2021-06-15T19:00:00Z,60574,341.971914
342.42,342.42,342.42,3,342.42,2021-06-16T12:00:00Z,1600,342.42
343.43,343.61,342.65,105,342.76,2021-06-16T13:00:00Z,9506,343.089227
342.95,343.82,342.755,148,343.54,2021-06-16T14:00:00Z,18041,343.284906
342.18,343.04,342.18,167,343.04,2021-06-16T15:00:00Z,30088,342.749006
341.93,342.25,340.97,157,342.24,2021-06-16T16:00:00Z,9561,341.650152
341.96,342.41,341.685,142,341.9,2021-06-16T17:00:00Z,15275,341.98907
339.51,341.37,337.46,1270,341.37,2021-06-16T18:00:00Z,133159,339.199855
340.82,342.26,339.34,1212,339.53,2021-06-16T19:00:00Z,123696,341.08141
342.335,342.345,339.58,365,339.58,2021-06-17T13:00:00Z,51299,341.371959
344.03,344.65,341.97,794,342.24,2021-06-17T14:00:00Z,108765,343.475799
344.89,346.2,344.01,1090,344.13,2021-06-17T15:00:00Z,122804,345.167923
344.1,345.18,343.05,581,345.01,2021-06-17T16:00:00Z,63540,343.978141
345.585,346.095,344.14,547,344.14,2021-06-17T17:00:00Z,46753,345.229804
345.735,345.9,345.27,323,345.68,2021-06-17T18:00:00Z,48287,345.592304
345.345,346.32,345.235,830,345.55,2021-06-17T19:00:00Z,89600,345.752377
345.6,345.67,345.6,6,345.67,2021-06-17T20:00:00Z,4000,345.60175
343.35,343.35,343.35,2,343.35,2021-06-18T12:00:00Z,700,343.35
344.07,344.74,342.72,745,343.8,2021-06-18T13:00:00Z,115061,343.905056
343.545,344.61,343.18,450,344.11,2021-06-18T14:00:00Z,43067,343.835543
342.72,343.8,341.885,479,343.73,2021-06-18T15:00:00Z,48297,342.627494
343.61,343.85,342.77,332,342.83,2021-06-18T16:00:00Z,28292,343.360667
343.51,344.28,343.04,254,343.54,2021-06-18T17:00:00Z,20442,343.656827
342.55,343.95,342.47,287,343.41,2021-06-18T18:00:00Z,25153,343.251799
342.46,343.81,342.24,750,342.48,2021-06-18T19:00:00Z,73712,343.198056
342.25,342.25,342.25,13,342.25,2021-06-18T20:00:00Z,12870,342.25
342.555,342.83,340.16,371,342.47,2021-06-21T13:00:00Z,36933,341.247951
343.54,343.96,341.56,382,342.47,2021-06-21T14:00:00Z,43771,342.619892
344.0,344.39,343.45,304,343.68,2021-06-21T15:00:00Z,24360,343.922594
343.9,344.25,343.75,199,344.08,2021-06-21T16:00:00Z,25994,344.028902
344.46,344.68,343.58,130,343.75,2021-06-21T17:00:00Z,9309,344.117786
344.34,344.52,343.95,175,344.52,2021-06-21T18:00:00Z,12857,344.287969
344.36,344.51,343.59,563,344.4,2021-06-21T19:00:00Z,42626,344.064417
344.47,344.47,344.47,1,344.47,2021-06-21T20:00:00Z,100,344.47
344.3,344.44,344.3,5,344.44,2021-06-22T12:00:00Z,1290,344.407108
344.71,345.35,343.9,164,344.11,2021-06-22T13:00:00Z,29734,344.353131
345.38,345.65,344.24,198,344.8,2021-06-22T14:00:00Z,20866,345.185591
346.065,346.44,345.44,244,345.44,2021-06-22T15:00:00Z,16698,345.98275
346.67,346.88,346.135,137,346.135,2021-06-22T16:00:00Z,14815,346.542387
346.62,346.745,346.27,83,346.6,2021-06-22T17:00:00Z,7676,346.544718
347.02,347.07,346.38,202,346.51,2021-06-22T18:00:00Z,18673,346.691172
347.54,348.02,347.015,673,347.08,2021-06-22T19:00:00Z,79415,347.598783
348.71,348.82,347.46,223,347.55,2021-06-23T13:00:00Z,17497,348.237522
347.79,348.86,347.71,350,348.74,2021-06-23T14:00:00Z,26638,348.359104
348.19,348.26,347.4,201,348.04,2021-06-23T15:00:00Z,17657,347.759615
347.59,348.27,346.89,258,348.18,2021-06-23T16:00:00Z,20151,347.616388
348.1,348.14,347.47,111,347.6,2021-06-23T17:00:00Z,8887,347.978776
348.02,348.2,347.66,210,348.01,2021-06-23T18:00:00Z,19844,347.895948
347.63,348.37,347.45,472,348.18,2021-06-23T19:00:00Z,47482,347.76553
347.86,347.86,347.86,1,347.86,2021-06-23T20:00:00Z,100,347.86
350.23,350.61,349.69,131,349.74,2021-06-24T13:00:00Z,17395,350.231893
350.71,351.19,350.31,189,350.51,2021-06-24T14:00:00Z,25738,350.765829
350.87,350.95,350.45,132,350.79,2021-06-24T15:00:00Z,14995,350.70184
350.17,351.46,350.04,207,350.82,2021-06-24T16:00:00Z,20061,351.002692
349.81,350.49,349.28,130,350.28,2021-06-24T17:00:00Z,14041,349.768318
350.21,350.43,349.8,276,349.8,2021-06-24T18:00:00Z,20158,350.177369
349.83,350.22,349.31,661,350.19,2021-06-24T19:00:00Z,64370,349.829176
350.24,350.3,350.07,5,350.07,2021-06-25T12:00:00Z,10154,350.211592
349.61,350.62,349.28,197,350.58,2021-06-25T13:00:00Z,17396,349.781464
349.46,350.26,348.89,383,349.44,2021-06-25T14:00:00Z,30963,349.819136
349.97,350.06,349.355,319,349.63,2021-06-25T15:00:00Z,22336,349.807796
349.48,349.86,349.09,150,349.86,2021-06-25T16:00:00Z,10054,349.472033
349.275,349.51,348.975,290,349.51,2021-06-25T17:00:00Z,31862,349.23482
349.785,349.82,349.11,217,349.27,2021-06-25T18:00:00Z,14192,349.591871
349.435,349.92,349.03,762,349.815,2021-06-25T19:00:00Z,57017,349.391188
352.17,352.33,350.78,359,350.81,2021-06-28T13:00:00Z,34283,351.778062
352.38,353.05,352.19,449,352.295,2021-06-28T14:00:00Z,42242,352.5926
352.67,352.905,352.33,357,352.33,2021-06-28T15:00:00Z,41723,352.660454
352.74,353.21,352.63,356,352.68,2021-06-28T16:00:00Z,36528,352.887261
352.49,352.73,352.38,121,352.73,2021-06-28T17:00:00Z,11664,352.558234
353.475,353.475,352.44,135,352.48,2021-06-28T18:00:00Z,9039,353.053213
353.65,353.825,353.155,730,353.44,2021-06-28T19:00:00Z,71307,353.647242
353.71,354.1,352.73,214,353.29,2021-06-29T13:00:00Z,22288,353.514399
353.88,354.17,352.95,246,353.55,2021-06-29T14:00:00Z,22522,353.624029
353.77,353.86,353.27,165,353.7,2021-06-29T15:00:00Z,21007,353.539118
354.62,354.7,353.78,182,353.93,2021-06-29T16:00:00Z,16337,354.38215
354.63,354.67,354.31,228,354.605,2021-06-29T17:00:00Z,21666,354.546177
354.54,354.88,354.15,222,354.64,2021-06-29T18:00:00Z,34901,354.648147
354.925,355.0,354.395,473,354.53,2021-06-29T19:00:00Z,33505,354.838349
354.2,355.09,354.0,185,354.68,2021-06-30T13:00:00Z,23878,354.541078
354.99,355.13,354.13,226,354.2,2021-06-30T14:00:00Z,21853,354.640946
354.76,355.15,354.31,302,355.125,2021-06-30T15:00:00Z,36030,354.667886
354.29,354.79,353.88,277,354.76,2021-06-30T16:00:00Z,28036,354.389971
354.57,354.69,354.34,267,354.34,2021-06-30T17:00:00Z,18076,354.559988
354.51,354.59,354.125,171,354.55,2021-06-30T18:00:00Z,12170,354.37339
354.47,355.06,354.28,867,354.52,2021-06-30T19:00:00Z,60735,354.686886
354.22,355.06,353.85,155,354.06,2021-07-01T13:00:00Z,32731,354.655292
354.18,354.71,353.625,305,354.25,2021-07-01T14:00:00Z,19080,354.194143
353.87,354.36,352.71,142,354.32,2021-07-01T15:00:00Z,15035,353.320655
353.35,353.93,353.12,93,353.82,2021-07-01T16:00:00Z,11166,353.472811
353.74,354.12,353.17,168,353.17,2021-07-01T17:00:00Z,18869,353.734622
354.415,354.57,353.85,178,353.85,2021-07-01T18:00:00Z,14456,354.371272
354.67,354.695,354.11,385,354.49,2021-07-01T19:00:00Z,39114,354.445075
356.37,356.72,355.59,32,356.12,2021-07-02T12:00:00Z,15749,356.231803
357.245,357.36,356.29,213,356.71,2021-07-02T13:00:00Z,26988,356.892029
356.58,357.2,356.49,281,357.03,2021-07-02T14:00:00Z,19479,356.897712
357.47,357.67,356.56,321,356.56,2021-07-02T15:00:00Z,20056,357.106078
357.93,357.96,357.18,279,357.45,2021-07-02T16:00:00Z,20962,357.604836
358.05,358.1,357.66,369,357.99,2021-07-02T17:00:00Z,28387,357.905542
358.0,358.18,357.84,279,358.05,2021-07-02T18:00:00Z,20470,358.062723
358.63,358.95,357.95,998,357.98,2021-07-02T19:00:00Z,91880,358.517757
359.49,360.03,359.295,350,359.33,2021-07-06T13:00:00Z,27281,359.784111
359.04,360.41,358.71,465,359.6,2021-07-06T14:00:00Z,47063,359.420493
358.82,359.52,358.39,218,358.885,2021-07-06T15:00:00Z,10134,359.059425
358.29,358.58,356.5,308,358.565,2021-07-06T16:00:00Z,24422,357.595331
359.13,359.25,358.24,250,358.28,2021-07-06T17:00:00Z,10501,358.787962
359.39,359.63,359.04,331,359.13,2021-07-06T18:00:00Z,13361,359.289555
360.165,360.32,359.34,720,359.42,2021-07-06T19:00:00Z,46707,360.053386
362.14,362.14,362.14,1,362.14,2021-07-07T12:00:00Z,200,362.14
361.55,362.73,361.23,250,362.3,2021-07-07T13:00:00Z,46069,361.618736
360.15,361.785,358.985,379,361.635,2021-07-07T14:00:00Z,39238,360.572752
361.06,361.39,359.31,332,360.26,2021-07-07T15:00:00Z,29509,360.276898
360.7,361.36,360.4,190,361.12,2021-07-07T16:00:00Z,13061,360.950223
360.555,360.85,360.1,199,360.61,2021-07-07T17:00:00Z,18967,360.473829
361.11,361.37,360.44,236,360.56,2021-07-07T18:00:00Z,20530,360.924404
360.86,361.26,360.55,526,361.165,2021-07-07T19:00:00Z,40991,360.88648
356.0,356.0,355.44,4,355.44,2021-07-08T12:00:00Z,3100,355.605806
356.72,356.74,354.49,500,355.64,2021-07-08T13:00:00Z,68427,355.796302
355.54,357.1,355.37,230,356.895,2021-07-08T14:00:00Z,15934,356.420237
357.79,357.85,355.45,134,355.47,2021-07-08T15:00:00Z,10032,357.059177
358.74,358.82,357.38,131,357.88,2021-07-08T16:00:00Z,11822,358.090839
359.35,359.61,358.4,178,358.825,2021-07-08T17:00:00Z,14179,358.987197
358.57,359.24,358.01,214,359.02,2021-07-08T18:00:00Z,16349,358.576034
358.41,358.71,357.41,404,358.51,2021-07-08T19:00:00Z,36297,358.2178
358.63,358.79,357.71,233,358.41,2021-07-09T13:00:00Z,26431,358.296631
360.08,360.11,358.395,259,358.64,2021-07-09T14:00:00Z,33754,358.966956
360.69,360.99,360.08,225,360.18,2021-07-09T15:00:00Z,19375,360.576609
361.18,361.49,360.76,255,360.8,2021-07-09T16:00:00Z,22993,361.191701
360.88,361.19,360.68,202,361.19,2021-07-09T17:00:00Z,20346,360.910963
361.26,361.28,360.66,190,360.94,2021-07-09T18:00:00Z,19366,360.941025
361.04,361.365,360.77,747,361.24,2021-07-09T19:00:00Z,64279,361.077395
361.25,362.86,361.23,198,362.475,2021-07-12T13:00:00Z,27770,361.957576
361.94,362.0,360.87,231,361.27,2021-07-12T14:00:00Z,23003,361.419124
361.83,362.13,361.39,220,361.8,2021-07-12T15:00:00Z,27234,361.825058
361.7,361.925,361.585,112,361.78,2021-07-12T16:00:00Z,12613,361.722166
361.6,361.745,361.38,122,361.665,2021-07-12T17:00:00Z,12841,361.542474
362.0,362.24,361.64,209,361.64,2021-07-12T18:00:00Z,17558,361.98038
362.31,362.455,361.93,278,362.0,2021-07-12T19:00:00Z,21094,362.250926
361.46,362.29,361.46,19,362.09,2021-07-13T12:00:00Z,8359,361.926592
363.44,363.45,361.84,192,361.88,2021-07-13T13:00:00Z,20912,362.559081
364.41,364.93,363.58,394,363.58,2021-07-13T14:00:00Z,26433,364.237611
365.335,365.44,364.41,374,364.41,2021-07-13T15:00:00Z,29568,365.098871
365.06,365.33,364.93,327,365.29,2021-07-13T16:00:00Z,18556,365.116778
362.86,364.95,362.25,714,364.95,2021-07-13T17:00:00Z,45900,363.309358
363.225,363.285,361.56,483,362.74,2021-07-13T18:00:00Z,33255,362.313265
362.305,363.125,361.95,729,363.12,2021-07-13T19:00:00Z,91789,362.58444
364.74,364.74,363.88,3,363.88,2021-07-14T12:00:00Z,1600,363.9875
364.65,365.34,364.07,172,364.66,2021-07-14T13:00:00Z,23305,364.568704
365.06,365.31,364.265,328,364.34,2021-07-14T14:00:00Z,42717,364.74741
362.34,365.2,362.27,286,365.14,2021-07-14T15:00:00Z,27141,363.751846
363.995,364.27,362.27,250,362.27,2021-07-14T16:00:00Z,24512,363.688034
363.33,363.98,363.05,178,363.98,2021-07-14T17:00:00Z,13685,363.534682
363.91,364.16,363.37,176,363.37,2021-07-14T18:00:00Z,13238,363.880274
362.83,364.29,362.69,690,363.86,2021-07-14T19:00:00Z,76466,363.387232
362.97,363.11,360.75,447,362.96,2021-07-15T13:00:00Z,43400,361.93148
360.29,362.95,359.75,600,362.95,2021-07-15T14:00:00Z,54717,361.158557
360.09,361.37,359.59,583,360.19,2021-07-15T15:00:00Z,35927,360.649037
360.38,360.65,359.11,747,360.02,2021-07-15T16:00:00Z,97912,359.692892
358.61,360.29,358.5,534,360.29,2021-07-15T17:00:00Z,55656,359.305846
360.105,360.14,358.715,390,358.715,2021-07-15T18:00:00Z,40029,359.194782
360.44,360.7,359.65,929,360.195,2021-07-15T19:00:00Z,64840,360.207731
360.91,362.38,360.88,922,361.69,2021-07-16T13:00:00Z,121731,361.707513
359.715,361.12,359.21,415,361.12,2021-07-16T14:00:00Z,58724,360.033909
359.05,359.83,358.27,436,359.83,2021-07-16T15:00:00Z,46979,358.759677
359.72,359.93,359.0,322,359.0,2021-07-16T16:00:00Z,23440,359.581828
359.31,360.285,359.17,431,359.7,2021-07-16T17:00:00Z,43607,359.710599
358.42,359.27,358.34,405,359.13,2021-07-16T18:00:00Z,35219,358.731316
357.52,358.6,357.25,1221,358.37,2021-07-16T19:00:00Z,121559,357.609518
354.57,354.66,353.82,14,354.52,2021-07-19T12:00:00Z,2700,354.467408
353.07,355.09,352.72,715,354.19,2021-07-19T13:00:00Z,150600,353.825009
353.6,353.71,352.08,762,352.75,2021-07-19T14:00:00Z,114467,352.915418
354.305,355.15,353.41,573,353.88,2021-07-19T15:00:00Z,115823,354.695549
352.78,354.2,352.49,283,354.07,2021-07-19T16:00:00Z,20145,353.251574
352.56,353.38,352.12,365,352.71,2021-07-19T17:00:00Z,30975,352.781222
353.005,353.85,352.56,407,352.62,2021-07-19T18:00:00Z,36282,353.241617
354.57,354.575,352.32,1171,353.03,2021-07-19T19:00:00Z,158518,353.694464
354.72,354.72,354.72,1,354.72,2021-07-19T20:00:00Z,100,354.72
355.5,355.81,353.945,229,355.71,2021-07-20T13:00:00Z,33393,354.918484
357.17,357.23,354.59,596,355.26,2021-07-20T14:00:00Z,100801,355.683542
358.36,358.36,356.845,271,357.13,2021-07-20T15:00:00Z,48165,357.621607
359.31,359.32,358.37,335,358.38,2021-07-20T16:00:00Z,38282,358.748191
358.92,359.31,358.36,292,359.31,2021-07-20T17:00:00Z,23894,358.813531
359.6,359.89,358.84,418,358.84,2021-07-20T18:00:00Z,40912,359.458981
358.85,360.27,358.81,866,359.63,2021-07-20T19:00:00Z,76309,359.748406
357.89,357.89,357.89,13,357.89,2021-07-21T12:00:00Z,10900,357.89
359.67,359.67,358.2,358,358.39,2021-07-21T13:00:00Z,47344,359.045093
359.89,359.935,358.98,220,359.385,2021-07-21T14:00:00Z,12759,359.536852
360.21,360.37,359.69,165,359.905,2021-07-21T15:00:00Z,11813,360.090028
359.38,360.195,359.3,133,360.18,2021-07-21T16:00:00Z,9999,359.762312
360.24,360.43,359.21,321,359.385,2021-07-21T17:00:00Z,23233,359.935704
360.46,360.46,359.95,355,360.12,2021-07-21T18:00:00Z,27635,360.239275
361.45,361.48,360.21,1107,360.46,2021-07-21T19:00:00Z,136176,360.994979
362.605,363.06,361.81,158,361.82,2021-07-22T13:00:00Z,21165,362.470085
363.45,363.76,362.56,532,362.8,2021-07-22T14:00:00Z,54616,363.190681
363.345,363.74,362.73,310,363.615,2021-07-22T15:00:00Z,21025,363.100708
362.92,363.155,362.05,200,363.135,2021-07-22T16:00:00Z,17604,362.623924
363.35,363.485,362.865,176,362.865,2021-07-22T17:00:00Z,9222,363.278502
363.78,363.82,363.26,324,363.32,2021-07-22T18:00:00Z,19835,363.529224
363.94,363.94,363.46,878,363.69,2021-07-22T19:00:00Z,76207,363.71807
364.21,364.21,364.21,1,364.21,2021-07-22T20:00:00Z,100,364.21
365.15,365.15,365.15,6,365.15,2021-07-23T12:00:00Z,3600,365.15
365.105,365.485,364.08,134,365.44,2021-07-23T13:00:00Z,17239,364.604089
366.0,366.045,365.04,311,365.06,2021-07-23T14:00:00Z,24537,365.553461
367.31,367.56,365.91,239,365.985,2021-07-23T15:00:00Z,27960,367.075163
367.63,367.655,367.085,195,367.41,2021-07-23T16:00:00Z,15604,367.351404
368.035,368.36,367.55,177,367.675,2021-07-23T17:00:00Z,16951,368.015088
368.1,368.37,367.93,225,367.97,2021-07-23T18:00:00Z,15009,368.178135
368.12,368.47,367.7,745,368.1,2021-07-23T19:00:00Z,61766,368.090457
367.72,367.72,367.72,1,367.72,2021-07-26T12:00:00Z,100,367.72
368.04,368.08,366.61,281,367.47,2021-07-26T13:00:00Z,17043,367.439679
367.79,368.565,367.65,716,368.05,2021-07-26T14:00:00Z,37431,368.045021
368.725,368.76,367.765,366,367.91,2021-07-26T15:00:00Z,26208,368.258781
367.975,368.86,367.675,405,368.68,2021-07-26T16:00:00Z,23830,368.265289
368.23,368.57,367.975,384,367.995,2021-07-26T17:00:00Z,31920,368.200879
368.5,368.57,367.885,371,368.16,2021-07-26T18:00:00Z,25337,368.223524
368.44,368.65,367.99,838,368.5,2021-07-26T19:00:00Z,56088,368.366111
366.665,368.17,366.595,275,368.14,2021-07-27T13:00:00Z,35544,367.358531
363.59,366.95,362.89,1040,366.465,2021-07-27T14:00:00Z,100566,364.263619
362.26,364.05,361.28,579,363.47,2021-07-27T15:00:00Z,63633,362.447273
361.315,362.24,360.885,852,361.89,2021-07-27T16:00:00Z,127026,361.520244
360.94,361.57,360.19,448,361.27,2021-07-27T17:00:00Z,58819,360.969281
363.71,363.71,360.98,1026,360.98,2021-07-27T18:00:00Z,155066,362.430595
364.39,364.395,363.09,954,363.75,2021-07-27T19:00:00Z,92921,363.911284
363.69,363.69,363.66,2,363.66,2021-07-27T20:00:00Z,200,363.675
365.05,366.17,363.33,583,365.59,2021-07-28T13:00:00Z,62049,364.594413
366.65,367.14,365.02,478,365.22,2021-07-28T14:00:00Z,46842,366.181465
365.85,367.08,365.4,300,366.69,2021-07-28T15:00:00Z,32800,366.211343
365.55,366.28,365.42,122,365.79,2021-07-28T16:00:00Z,11686,365.925901
364.835,365.76,364.42,152,365.57,2021-07-28T17:00:00Z,11449,364.900622
365.77,366.585,363.82,258,364.45,2021-07-28T18:00:00Z,25553,365.723639
365.825,366.56,365.625,632,366.18,2021-07-28T19:00:00Z,52376,366.173144
365.5,365.5,365.5,2,365.5,2021-07-28T20:00:00Z,200,365.5
366.94,367.55,365.38,317,365.41,2021-07-29T13:00:00Z,32343,366.772203
367.35,367.595,366.18,320,367.04,2021-07-29T14:00:00Z,21318,366.948804
366.94,367.65,366.89,136,367.4,2021-07-29T15:00:00Z,6902,367.343478
366.925,367.56,366.73,252,366.94,2021-07-29T16:00:00Z,19623,367.212556
367.23,367.31,366.87,89,366.95,2021-07-29T17:00:00Z,6398,367.112057
366.88,367.3,366.7,141,367.23,2021-07-29T18:00:00Z,9811,366.977952
366.575,366.91,366.38,366,366.905,2021-07-29T19:00:00Z,31386,366.625747
365.39,365.39,365.39,1,365.39,2021-07-29T20:00:00Z,100,365.39
364.4,364.4,362.42,462,362.47,2021-07-30T13:00:00Z,57914,363.353747
363.985,365.13,363.74,326,364.7,2021-07-30T14:00:00Z,24618,364.41155
363.77,364.37,363.49,171,364.04,2021-07-30T15:00:00Z,8969,363.84881
365.06,365.06,364.06,196,364.19,2021-07-30T16:00:00Z,24896,364.313565
364.79,365.035,364.49,153,365.02,2021-07-30T17:00:00Z,7981,364.796849
364.49,364.735,364.015,311,364.62,2021-07-30T18:00:00Z,22619,364.472495
364.49,364.79,364.11,754,364.6,2021-07-30T19:00:00Z,74667,364.324461
364.85,364.85,364.85,1,364.85,2021-07-30T20:00:00Z,100,364.85
365.09,366.62,364.16,278,366.34,2021-08-02T13:00:00Z,31834,365.227747
366.19,366.27,364.3,162,365.0,2021-08-02T14:00:00Z,19753,365.488827
365.69,366.78,365.69,197,366.23,2021-08-02T15:00:00Z,26244,366.504796
365.3,365.73,364.98,87,365.67,2021-08-02T16:00:00Z,8224,365.437864
365.38,365.98,365.03,177,365.45,2021-08-02T17:00:00Z,17412,365.538202
365.37,365.62,365.19,75,365.28,2021-08-02T18:00:00Z,6359,365.434912
364.515,365.58,364.01,544,365.32,2021-08-02T19:00:00Z,52985,364.364255
363.37,365.78,363.35,208,365.38,2021-08-03T13:00:00Z,18436,364.822899
363.58,364.11,362.38,351,363.4,2021-08-03T14:00:00Z,37805,363.236069
365.855,365.96,362.03,272,363.49,2021-08-03T15:00:00Z,39727,364.466198
366.13,366.13,365.175,273,365.93,2021-08-03T16:00:00Z,27691,365.591044
366.105,366.5,365.96,193,366.195,2021-08-03T17:00:00Z,17428,366.34193
366.31,366.58,365.63,173,366.155,2021-08-03T18:00:00Z,11383,366.227714
366.88,366.9,366.16,611,366.4,2021-08-03T19:00:00Z,61679,366.677965
367.005,367.31,366.18,223,366.77,2021-08-04T13:00:00Z,33898,366.988475
366.375,367.02,365.69,187,367.02,2021-08-04T14:00:00Z,25927,366.223084
367.045,367.065,366.15,82,366.635,2021-08-04T15:00:00Z,10007,366.727689
367.12,367.27,366.835,75,367.005,2021-08-04T16:00:00Z,9555,367.045136
367.6,368.2,367.31,257,367.31,2021-08-04T17:00:00Z,27266,367.889479
367.56,368.32,367.46,209,367.52,2021-08-04T18:00:00Z,11626,367.907303
367.38,367.96,367.24,499,367.51,2021-08-04T19:00:00Z,43754,367.599667
367.41,367.5,367.38,4,367.38,2021-08-04T20:00:00Z,446,367.4437
368.74,368.795,367.53,80,368.205,2021-08-05T13:00:00Z,10826,368.203173
369.23,369.41,368.355,133,368.86,2021-08-05T14:00:00Z,18227,368.857206
369.23,369.715,369.14,210,369.56,2021-08-05T15:00:00Z,17525,369.362038
369.13,369.44,369.05,95,369.29,2021-08-05T16:00:00Z,7805,369.264683
369.31,369.38,369.02,75,369.09,2021-08-05T17:00:00Z,5146,369.202183
369.41,369.6,369.335,233,369.48,2021-08-05T18:00:00Z,10600,369.468914
369.81,369.87,369.13,898,369.47,2021-08-05T19:00:00Z,98074,369.5214
369.64,369.64,369.64,1,369.64,2021-08-05T20:00:00Z,450,369.64
368.2,369.42,368.2,10,369.35,2021-08-06T12:00:00Z,3588,368.953902
368.49,369.36,368.21,174,368.45,2021-08-06T13:00:00Z,48120,368.814751
367.67,368.87,367.42,174,368.1,2021-08-06T14:00:00Z,30077,368.304326
368.15,368.15,367.01,106,367.66,2021-08-06T15:00:00Z,12926,367.496343
368.1,368.26,367.64,116,368.25,2021-08-06T16:00:00Z,9005,367.959435
368.03,368.385,367.91,126,368.13,2021-08-06T17:00:00Z,10984,368.118214
367.67,368.22,367.595,137,368.07,2021-08-06T18:00:00Z,9813,367.843514
368.02,368.16,367.54,576,367.66,2021-08-06T19:00:00Z,57993,367.931476
368.24,369.01,367.43,108,368.66,2021-08-09T13:00:00Z,18016,368.400299
368.28,369.05,367.995,93,368.43,2021-08-09T14:00:00Z,9116,368.446495
368.66,368.66,367.965,127,368.45,2021-08-09T15:00:00Z,9868,368.351252
368.52,368.805,368.275,58,368.69,2021-08-09T16:00:00Z,5222,368.531787
368.68,368.68,368.385,74,368.46,2021-08-09T17:00:00Z,5466,368.549694
369.0,369.255,368.68,104,368.7,2021-08-09T18:00:00Z,8043,368.978121
368.765,369.01,368.615,650,368.91,2021-08-09T19:00:00Z,95088,368.819557
368.96,368.96,368.79,2,368.79,2021-08-09T20:00:00Z,200,368.875
369.36,369.43,368.61,115,369.25,2021-08-10T13:00:00Z,10390,369.0086
366.57,369.53,366.13,323,369.53,2021-08-10T14:00:00Z,39928,367.6325
366.86,367.08,365.64,741,366.645,2021-08-10T15:00:00Z,112584,366.323846
367.075,367.82,366.84,431,366.84,2021-08-10T16:00:00Z,44875,367.414726
366.98,367.35,366.67,251,367.08,2021-08-10T17:00:00Z,24266,367.045483
366.97,367.09,366.26,262,367.0,2021-08-10T18:00:00Z,23829,366.72934
366.83,366.97,366.38,484,366.97,2021-08-10T19:00:00Z,56726,366.687188
366.68,366.68,366.68,1,366.68,2021-08-10T20:00:00Z,100,366.68
366.9,366.9,366.87,9,366.87,2021-08-11T12:00:00Z,11100,366.883514
367.3,368.56,366.945,211,368.07,2021-08-11T13:00:00Z,22984,367.680421
366.205,367.58,366.18,175,367.13,2021-08-11T14:00:00Z,21943,366.542604
365.35,366.05,364.85,377,365.91,2021-08-11T15:00:00Z,35600,365.373313
365.69,366.03,365.29,169,365.29,2021-08-11T16:00:00Z,14786,365.683205
365.81,366.48,365.515,491,365.78,2021-08-11T17:00:00Z,52854,366.153655
366.02,366.205,365.58,208,365.75,2021-08-11T18:00:00Z,14401,365.897648
366.15,366.39,365.87,585,366.125,2021-08-11T19:00:00Z,67294,366.206667
365.825,365.825,365.825,1,365.825,2021-08-11T20:00:00Z,191,365.825
365.91,366.25,365.91,8,366.25,2021-08-12T12:00:00Z,4300,365.917907
365.09,365.72,364.555,467,365.69,2021-08-12T13:00:00Z,76641,365.033541
366.94,366.95,364.35,172,365.03,2021-08-12T14:00:00Z,14339,365.603768
367.16,367.49,366.56,290,366.89,2021-08-12T15:00:00Z,26282,367.086251
366.78,367.25,366.69,275,367.15,2021-08-12T16:00:00Z,21457,366.954434
367.03,367.08,366.61,214,366.78,2021-08-12T17:00:00Z,13360,366.818014
367.53,367.615,366.94,115,366.98,2021-08-12T18:00:00Z,8461,367.373858
367.655,367.87,367.495,774,367.62,2021-08-12T19:00:00Z,88377,367.667927
368.22,368.3,367.4,219,367.95,2021-08-13T13:00:00Z,32727,367.762326
368.44,369.15,367.75,438,368.275,2021-08-13T14:00:00Z,40300,368.539671
368.16,368.76,368.02,246,368.59,2021-08-13T15:00:00Z,10034,368.294572
368.62,368.62,368.01,216,368.28,2021-08-13T16:00:00Z,13511,368.340334
368.44,368.6,368.31,265,368.56,2021-08-13T17:00:00Z,11886,368.506932
368.34,368.49,368.12,196,368.46,2021-08-13T18:00:00Z,8640,368.335099
368.82,368.84,368.26,573,368.34,2021-08-13T19:00:00Z,46897,368.578025
368.88,368.88,368.88,1,368.88,2021-08-13T20:00:00Z,100,368.88
366.51,368.35,366.36,146,367.78,2021-08-16T13:00:00Z,20166,367.596314
363.97,366.63,363.85,252,366.37,2021-08-16T14:00:00Z,34726,364.819254
365.52,365.81,364.07,147,364.08,2021-08-16T15:00:00Z,18868,364.86992
366.26,366.39,365.45,131,365.54,2021-08-16T16:00:00Z,14900,366.052799
367.56,367.6,366.23,99,366.33,2021-08-16T17:00:00Z,10352,366.941029
367.9,368.05,367.34,148,367.44,2021-08-16T18:00:00Z,13835,367.751847
368.995,369.0,367.88,658,367.9,2021-08-16T19:00:00Z,72136,368.54646
368.99,368.99,368.99,3,368.99,2021-08-16T20:00:00Z,1500,368.99
365.16,366.69,364.84,675,366.17,2021-08-17T13:00:00Z,105711,365.93621
366.345,367.13,364.61,378,364.7,2021-08-17T14:00:00Z,44936,366.521925
364.23,366.45,364.23,203,366.34,2021-08-17T15:00:00Z,27118,365.265666
363.38,365.05,363.33,307,364.22,2021-08-17T16:00:00Z,33859,364.020062
364.29,364.56,363.4,248,363.52,2021-08-17T17:00:00Z,29740,363.896201
365.05,365.05,364.18,312,364.28,2021-08-17T18:00:00Z,42004,364.517121
365.69,365.69,364.68,646,365.26,2021-08-17T19:00:00Z,70425,365.317706
366.27,366.56,364.97,103,365.0,2021-08-18T13:00:00Z,14124,365.764493
365.695,366.5,365.47,136,365.775,2021-08-18T14:00:00Z,14615,365.902588
365.2,365.715,364.72,135,365.6,2021-08-18T15:00:00Z,12529,365.305372
365.3,365.595,365.02,75,365.18,2021-08-18T16:00:00Z,5983,365.364906
365.225,365.48,364.98,105,365.47,2021-08-18T17:00:00Z,7841,365.234315
365.44,366.41,363.945,269,365.215,2021-08-18T18:00:00Z,42622,365.525891
362.25,365.33,361.89,813,365.265,2021-08-18T19:00:00Z,138010,363.093337
360.21,360.21,359.77,8,359.77,2021-08-19T12:00:00Z,4200,360.103095
361.01,361.66,359.92,374,359.92,2021-08-19T13:00:00Z,62202,360.827557
363.145,363.25,360.87,353,360.87,2021-08-19T14:00:00Z,44788,362.124777
365.28,365.41,363.09,222,363.315,2021-08-19T15:00:00Z,23594,364.508544
365.405,365.66,364.7,396,365.52,2021-08-19T16:00:00Z,44275,365.276471
364.215,365.31,364.115,118,365.29,2021-08-19T17:00:00Z,12556,364.81257
364.04,364.17,362.27,146,364.17,2021-08-19T18:00:00Z,20994,363.209623
363.74,365.2,363.59,380,364.24,2021-08-19T19:00:00Z,36686,364.249109
366.63,366.73,364.87,198,365.03,2021-08-20T13:00:00Z,34365,365.593931
367.38,368.06,366.65,298,366.7,2021-08-20T14:00:00Z,26048,367.598783
366.07,367.4,365.845,198,367.4,2021-08-20T15:00:00Z,15542,366.770485
367.32,367.44,366.05,163,366.05,2021-08-20T16:00:00Z,14475,366.610434
367.0,367.51,366.88,223,367.33,2021-08-20T17:00:00Z,23686,367.084054
367.27,367.38,366.975,261,367.13,2021-08-20T18:00:00Z,22463,367.199632
367.76,368.135,367.28,719,367.32,2021-08-20T19:00:00Z,56285,367.851166
367.94,367.94,367.78,17,367.81,2021-08-20T20:00:00Z,13400,367.810746
368.83,368.98,368.83,3,368.98,2021-08-23T12:00:00Z,5600,368.854107
370.69,370.73,368.79,161,368.79,2021-08-23T13:00:00Z,17041,369.821513
372.24,372.34,370.485,181,370.495,2021-08-23T14:00:00Z,13506,371.544527
373.25,373.31,372.12,346,372.375,2021-08-23T15:00:00Z,28027,372.803204
373.53,373.53,373.0,263,373.27,2021-08-23T16:00:00Z,29742,373.27681
373.35,373.68,373.04,259,373.51,2021-08-23T17:00:00Z,33313,373.313366
373.84,373.87,373.4,214,373.4,2021-08-23T18:00:00Z,18670,373.565423
373.24,373.805,373.085,570,373.805,2021-08-23T19:00:00Z,71972,373.361119
373.45,373.45,373.45,2,373.45,2021-08-23T20:00:00Z,600,373.45
373.54,373.6,373.54,2,373.6,2021-08-24T12:00:00Z,400,373.585
373.845,374.31,373.39,267,373.93,2021-08-24T13:00:00Z,32181,373.843904
374.43,374.98,373.72,387,373.76,2021-08-24T14:00:00Z,25777,374.582723
374.455,374.59,373.85,232,374.47,2021-08-24T15:00:00Z,22355,374.334968
374.04,374.5,373.835,137,374.465,2021-08-24T16:00:00Z,10150,374.155379
374.23,374.32,373.93,107,374.06,2021-08-24T17:00:00Z,11014,374.062436
374.485,374.49,374.085,100,374.14,2021-08-24T18:00:00Z,7937,374.333099
374.375,374.79,374.16,419,374.58,2021-08-24T19:00:00Z,61118,374.31967
374.36,374.4,374.35,13,374.4,2021-08-24T20:00:00Z,14800,374.350763
374.7,375.33,374.51,102,374.61,2021-08-25T13:00:00Z,12578,374.923428
374.4,375.01,373.86,116,374.805,2021-08-25T14:00:00Z,9075,374.468217
374.44,374.645,374.21,82,374.25,2021-08-25T15:00:00Z,12439,374.459841
374.76,374.76,374.025,33,374.32,2021-08-25T16:00:00Z,2823,374.295926
374.3,374.74,374.17,144,374.74,2021-08-25T17:00:00Z,8927,374.362506
374.665,374.72,374.23,98,374.295,2021-08-25T18:00:00Z,9323,374.457209
374.625,375.06,374.46,422,374.58,2021-08-25T19:00:00Z,60260,374.743253
373.945,374.47,373.945,92,374.03,2021-08-26T13:00:00Z,11713,374.219947
372.93,374.425,372.41,185,373.93,2021-08-26T14:00:00Z,17250,373.210434
373.48,373.75,372.02,299,372.94,2021-08-26T15:00:00Z,29238,373.174683
373.86,374.2,373.75,96,373.75,2021-08-26T16:00:00Z,2467,373.982093
373.61,373.85,373.43,81,373.69,2021-08-26T17:00:00Z,7811,373.644519
373.13,373.67,373.12,122,373.67,2021-08-26T18:00:00Z,5757,373.47576
372.41,373.05,372.21,563,372.69,2021-08-26T19:00:00Z,48115,372.617653
373.17,373.67,372.8,156,372.97,2021-08-27T13:00:00Z,20643,373.169236
375.44,376.07,372.59,541,372.88,2021-08-27T14:00:00Z,71464,375.202035
375.79,375.85,375.115,175,375.55,2021-08-27T15:00:00Z,16263,375.437543
375.67,375.97,375.565,85,375.79,2021-08-27T16:00:00Z,6855,375.709998
376.295,376.38,375.95,134,375.97,2021-08-27T17:00:00Z,15886,376.192723
376.27,376.33,375.94,199,376.22,2021-08-27T18:00:00Z,14589,376.175069
376.1,376.515,376.08,721,376.27,2021-08-27T19:00:00Z,82711,376.255907
376.17,376.17,376.17,1,376.17,2021-08-27T20:00:00Z,100,376.17
378.55,378.63,376.85,321,376.89,2021-08-30T13:00:00Z,39167,377.668773
379.84,379.95,378.58,371,378.74,2021-08-30T14:00:00Z,24313,379.465272
380.21,380.25,379.41,148,380.01,2021-08-30T15:00:00Z,13595,379.791847
379.96,380.18,379.55,103,380.18,2021-08-30T16:00:00Z,7175,379.766222
380.55,380.55,379.895,191,379.98,2021-08-30T17:00:00Z,11252,380.272643
380.71,380.74,380.45,249,380.63,2021-08-30T18:00:00Z,18522,380.597846
380.305,380.73,380.295,594,380.7,2021-08-30T19:00:00Z,52207,380.527867
378.86,380.5,378.64,208,380.5,2021-08-31T13:00:00Z,20519,379.227758
379.27,379.54,378.51,379,378.51,2021-08-31T14:00:00Z,27272,379.065279
379.84,379.95,378.87,196,379.19,2021-08-31T15:00:00Z,15751,379.53027
380.245,380.25,379.51,189,379.84,2021-08-31T16:00:00Z,13311,379.850143
379.88,380.21,379.485,186,380.21,2021-08-31T17:00:00Z,11743,379.748215
380.3,380.33,379.88,205,379.995,2021-08-31T18:00:00Z,16676,380.029465
379.82,380.29,379.55,641,380.29,2021-08-31T19:00:00Z,55492,379.880209
381.39,381.39,381.39,1,381.39,2021-09-01T12:00:00Z,100,381.39
381.99,382.68,380.92,214,381.05,2021-09-01T13:00:00Z,25839,382.005026
382.12,382.45,381.79,327,382.21,2021-09-01T14:00:00Z,25753,382.113376
382.155,382.41,381.83,219,382.22,2021-09-01T15:00:00Z,16847,382.170908
382.195,382.42,382.065,185,382.15,2021-09-01T16:00:00Z,17331,382.261432
382.3,382.44,382.11,189,382.235,2021-09-01T17:00:00Z,12391,382.287769
381.305,382.29,381.13,140,382.28,2021-09-01T18:00:00Z,15994,381.679995
380.59,381.63,380.375,478,381.325,2021-09-01T19:00:00Z,43199,380.894728
381.4,382.28,381.4,55,382.21,2021-09-02T13:00:00Z,5532,381.86
381.36,381.67,380.74,137,381.67,2021-09-02T14:00:00Z,17607,381.153399
381.08,381.68,380.84,90,381.32,2021-09-02T15:00:00Z,9713,381.413666
380.82,381.12,380.39,219,381.04,2021-09-02T16:00:00Z,18137,380.676894
379.855,380.92,379.665,467,380.8,2021-09-02T17:00:00Z,79914,380.099473
380.28,380.33,379.165,314,379.72,2021-09-02T18:00:00Z,34427,379.676851
380.45,380.45,379.78,777,380.27,2021-09-02T19:00:00Z,122236,380.158499
380.8,380.8,379.67,22,380.39,2021-09-03T12:00:00Z,7700,379.924425
381.24,381.25,379.36,160,380.02,2021-09-03T13:00:00Z,30630,380.087773
380.94,381.875,380.48,162,381.38,2021-09-03T14:00:00Z,22049,381.148354
381.09,381.57,380.76,71,380.86,2021-09-03T15:00:00Z,6273,381.142444
381.42,381.52,381.04,73,381.055,2021-09-03T16:00:00Z,7295,381.370892
381.66,381.83,381.455,91,381.6,2021-09-03T17:00:00Z,10169,381.563633
381.66,381.69,381.39,250,381.69,2021-09-03T18:00:00Z,23062,381.523422
381.62,381.9,381.285,684,381.64,2021-09-03T19:00:00Z,67980,381.625571
381.345,381.83,380.675,230,381.54,2021-09-07T13:00:00Z,35685,381.242728
382.08,382.135,380.545,535,381.295,2021-09-07T14:00:00Z,60361,381.420444
381.99,382.15,381.165,413,382.135,2021-09-07T15:00:00Z,39606,381.755816
382.525,382.715,381.985,247,382.015,2021-09-07T16:00:00Z,22946,382.30613
382.525,382.755,382.325,408,382.52,2021-09-07T17:00:00Z,65368,382.574222
382.455,382.64,382.195,324,382.52,2021-09-07T18:00:00Z,31140,382.410957
382.15,382.595,382.045,653,382.545,2021-09-07T19:00:00Z,76786,382.210573
381.85,381.85,381.85,3,381.85,2021-09-08T12:00:00Z,2300,381.85
381.16,381.78,380.63,247,381.755,2021-09-08T13:00:00Z,49793,380.977204
379.135,381.72,378.8,650,381.185,2021-09-08T14:00:00Z,86266,380.544559
378.9,380.05,378.595,346,379.11,2021-09-08T15:00:00Z,40930,379.574257
379.76,380.35,378.475,290,378.89,2021-09-08T16:00:00Z,44411,379.404472
380.1,380.565,379.705,217,379.725,2021-09-08T17:00:00Z,23932,380.171522
380.39,380.86,380.095,214,380.1,2021-09-08T18:00:00Z,25930,380.45282
380.775,380.775,380.145,623,380.405,2021-09-08T19:00:00Z,69689,380.456433
380.48,380.57,380.48,6,380.57,2021-09-09T12:00:00Z,500,380.550769
381.775,382.04,380.94,135,380.96,2021-09-09T13:00:00Z,15909,381.606553
381.465,382.105,381.34,227,381.625,2021-09-09T14:00:00Z,25841,381.674271
381.015,381.575,380.61,313,381.465,2021-09-09T15:00:00Z,29452,380.953892
380.81,381.25,380.73,169,381.03,2021-09-09T16:00:00Z,12613,380.953484
379.84,381.205,379.32,294,380.81,2021-09-09T17:00:00Z,50589,380.031184
380.3,380.3,379.49,289,379.77,2021-09-09T18:00:00Z,33960,379.994055
379.32,380.4,379.235,624,380.34,2021-09-09T19:00:00Z,65930,379.752446
381.685,381.96,381.09,507,381.1,2021-09-10T13:00:00Z,108279,381.689624
380.175,381.705,379.49,672,381.69,2021-09-10T14:00:00Z,168777,380.378136
378.955,380.275,378.66,360,380.275,2021-09-10T15:00:00Z,70545,379.299311
380.075,380.275,378.835,149,378.955,2021-09-10T16:00:00Z,19930,379.692437
379.615,380.43,379.615,156,380.09,2021-09-10T17:00:00Z,37711,380.01584
378.935,379.755,378.79,177,379.705,2021-09-10T18:00:00Z,27418,379.054758
376.55,378.915,376.26,1287,378.895,2021-09-10T19:00:00Z,200398,377.020472
376.52,379.43,376.325,493,378.92,2021-09-13T13:00:00Z,100205,377.451734
376.08,376.63,374.595,901,376.535,2021-09-13T14:00:00Z,162526,375.290753
374.825,376.42,374.29,402,376.11,2021-09-13T15:00:00Z,61517,375.191364
376.495,376.545,374.595,308,374.815,2021-09-13T16:00:00Z,49282,375.513674
375.14,376.6,374.95,451,376.57,2021-09-13T17:00:00Z,59591,375.587027
374.89,375.51,374.36,334,375.155,2021-09-13T18:00:00Z,44728,374.822867
376.31,376.335,374.24,910,374.92,2021-09-13T19:00:00Z,84605,375.711639
376.78,376.78,376.65,3,376.65,2021-09-13T20:00:00Z,1000,376.663
377.65,377.65,376.93,17,376.93,2021-09-14T12:00:00Z,5800,377.399655
376.28,378.6,376.275,304,377.87,2021-09-14T13:00:00Z,45949,377.016801
375.69,376.7,375.41,361,376.23,2021-09-14T14:00:00Z,64424,375.949892
377.415,377.415,376.01,240,376.03,2021-09-14T15:00:00Z,50062,376.81017
376.215,377.725,376.01,177,377.5,2021-09-14T16:00:00Z,23823,377.03969
376.165,376.385,375.29,149,376.285,2021-09-14T17:00:00Z,24007,375.925833
375.265,376.255,374.42,616,376.025,2021-09-14T18:00:00Z,76201,375.109407
375.12,375.235,374.3,882,375.235,2021-09-14T19:00:00Z,78964,374.734906
374.445,376.35,373.94,296,375.75,2021-09-15T13:00:00Z,49873,374.74193
374.775,375.01,373.4,396,374.6,2021-09-15T14:00:00Z,47926,374.232236
374.485,374.94,374.09,125,374.74,2021-09-15T15:00:00Z,22960,374.600754
376.585,376.65,374.47,390,374.545,2021-09-15T16:00:00Z,49491,375.389559
376.94,377.245,376.47,340,376.56,2021-09-15T17:00:00Z,36041,376.786511
377.48,377.57,376.87,201,376.91,2021-09-15T18:00:00Z,34449,377.361479
378.045,378.35,377.46,642,377.5,2021-09-15T19:00:00Z,81345,377.971109
377.1,377.1,377.1,8,377.1,2021-09-16T12:00:00Z,4000,377.1
375.985,377.375,375.39,400,376.88,2021-09-16T13:00:00Z,38379,376.408945
375.33,376.04,374.83,479,375.84,2021-09-16T14:00:00Z,61932,375.45676
375.71,375.73,374.72,372,375.45,2021-09-16T15:00:00Z,38295,375.276833
376.435,376.6,375.71,275,375.71,2021-09-16T16:00:00Z,31293,376.14376
377.41,377.44,376.155,300,376.3,2021-09-16T17:00:00Z,63095,376.450414
378.0,378.08,377.2,400,377.425,2021-09-16T18:00:00Z,34979,377.656285
378.35,378.895,377.955,816,378.02,2021-09-16T19:00:00Z,111607,378.512943
378.16,378.16,378.16,1,378.16,2021-09-16T20:00:00Z,200,378.16
375.83,377.53,375.48,351,377.53,2021-09-17T13:00:00Z,46312,376.301493
374.55,375.855,374.2,754,375.77,2021-09-17T14:00:00Z,109049,374.903381
373.645,374.82,373.11,841,374.49,2021-09-17T15:00:00Z,103476,374.098399
374.47,374.835,373.67,620,373.895,2021-09-17T16:00:00Z,70200,374.353603
373.25,374.48,372.77,487,374.455,2021-09-17T17:00:00Z,55457,373.432183
373.485,373.675,372.76,424,373.195,2021-09-17T18:00:00Z,45910,373.355943
373.875,374.28,373.05,1675,373.495,2021-09-17T19:00:00Z,219562,373.67116
373.44,373.46,373.37,3,373.46,2021-09-17T20:00:00Z,400,373.41
367.52,368.31,366.94,39,368.29,2021-09-20T12:00:00Z,15900,367.475538
368.14,369.18,366.53,953,367.06,2021-09-20T13:00:00Z,122378,367.957992
365.49,368.2,365.335,581,368.11,2021-09-20T14:00:00Z,57449,366.388931
364.56,366.555,364.56,362,365.57,2021-09-20T15:00:00Z,52113,365.697758
363.65,364.56,363.44,367,364.54,2021-09-20T16:00:00Z,67430,364.012693
363.785,364.335,362.82,414,363.615,2021-09-20T17:00:00Z,89491,363.686359
361.865,364.055,361.09,792,363.99,2021-09-20T18:00:00Z,115310,362.064468
365.79,365.93,360.97,1077,361.87,2021-09-20T19:00:00Z,152255,363.940919
365.39,365.54,365.14,13,365.51,2021-09-20T20:00:00Z,1385,365.405385
367.23,368.76,366.36,636,367.38,2021-09-21T13:00:00Z,113244,367.341303
365.605,367.56,364.99,414,367.31,2021-09-21T14:00:00Z,38796,366.179156
367.765,368.175,365.185,237,365.5,2021-09-21T15:00:00Z,33710,367.23903
367.015,368.435,366.745,212,367.71,2021-09-21T16:00:00Z,27087,367.844031
366.115,367.1,365.71,297,366.91,2021-09-21T17:00:00Z,33880,366.432961
367.235,367.92,365.69,330,366.55,2021-09-21T18:00:00Z,49023,366.558849
366.035,368.09,365.99,701,367.22,2021-09-21T19:00:00Z,86973,366.960418
365.35,365.35,365.165,7,365.165,2021-09-21T20:00:00Z,700,365.229286
367.17,367.47,366.05,139,367.45,2021-09-22T13:00:00Z,26476,366.729864
368.735,368.92,367.44,308,367.56,2021-09-22T14:00:00Z,47683,368.418627
369.895,370.44,368.735,418,368.735,2021-09-22T15:00:00Z,56715,369.265946
369.28,369.96,369.145,230,369.895,2021-09-22T16:00:00Z,26427,369.634074
368.88,369.3,368.36,217,369.25,2021-09-22T17:00:00Z,24141,368.835386
368.55,370.93,367.88,663,368.88,2021-09-22T18:00:00Z,80869,369.325529
369.615,370.95,368.22,840,368.32,2021-09-22T19:00:00Z,89490,369.750875
369.68,369.68,369.68,1,369.68,2021-09-22T20:00:00Z,100,369.68
370.7,371.26,370.7,8,371.26,2021-09-23T12:00:00Z,2500,370.888
372.27,372.72,369.98,323,370.63,2021-09-23T13:00:00Z,47303,371.306113
373.53,373.82,372.45,448,372.45,2021-09-23T14:00:00Z,71949,373.421311
373.21,373.51,372.14,427,373.42,2021-09-23T15:00:00Z,49778,372.718643
372.99,373.25,372.44,292,373.045,2021-09-23T16:00:00Z,22801,372.846591
373.995,374.025,372.885,229,372.955,2021-09-23T17:00:00Z,22102,373.729245
373.645,373.99,373.34,416,373.97,2021-09-23T18:00:00Z,61362,373.537644
372.9,373.69,372.9,978,373.655,2021-09-23T19:00:00Z,111077,373.255039
371.49,371.49,370.28,395,370.61,2021-09-24T13:00:00Z,57558,371.004827
370.87,371.97,370.67,575,371.72,2021-09-24T14:00:00Z,47771,371.326519
371.84,371.93,370.76,293,370.91,2021-09-24T15:00:00Z,40779,371.340242
372.495,372.735,371.63,273,371.82,2021-09-24T16:00:00Z,36344,372.286131
372.01,372.835,372.01,209,372.6,2021-09-24T17:00:00Z,16359,372.447402
373.005,373.01,371.96,534,372.0,2021-09-24T18:00:00Z,67304,372.400018
373.41,373.73,372.44,1689,372.935,2021-09-24T19:00:00Z,202473,373.22505
373.38,373.39,373.34,5,373.37,2021-09-24T20:00:00Z,500,373.366
370.46,371.14,369.51,18,371.14,2021-09-27T12:00:00Z,10258,370.05049
368.795,370.81,367.78,647,370.33,2021-09-27T13:00:00Z,85323,369.130761
370.04,370.67,368.155,616,368.58,2021-09-27T14:00:00Z,67207,369.7362
369.37,371.07,368.8,469,370.115,2021-09-27T15:00:00Z,70954,370.052412
368.98,369.845,368.83,324,369.28,2021-09-27T16:00:00Z,37094,369.414019
370.56,370.56,368.92,323,368.92,2021-09-27T17:00:00Z,38370,370.076069
370.47,370.96,370.35,260,370.695,2021-09-27T18:00:00Z,35889,370.666867
370.4,371.25,369.995,924,370.49,2021-09-27T19:00:00Z,102908,370.600763
369.9,370.0,369.89,5,369.95,2021-09-27T20:00:00Z,500,369.944
364.56,366.29,363.43,883,365.7,2021-09-28T13:00:00Z,131266,364.416144
361.505,364.13,361.28,1420,363.99,2021-09-28T14:00:00Z,237921,362.2023
360.94,361.68,359.91,1446,361.47,2021-09-28T15:00:00Z,250862,360.695273
359.79,361.78,359.565,597,360.965,2021-09-28T16:00:00Z,116599,360.674494
360.075,361.27,359.54,478,359.75,2021-09-28T17:00:00Z,58267,360.340461
362.01,362.26,359.38,819,360.11,2021-09-28T18:00:00Z,129620,360.373237
359.895,362.57,359.575,1421,361.92,2021-09-28T19:00:00Z,182697,360.424437
360.05,360.3,359.74,33,360.3,2021-09-28T20:00:00Z,4808,360.122609
361.94,362.44,361.71,22,362.44,2021-09-29T12:00:00Z,4900,361.941064
362.695,363.225,360.49,690,361.26,2021-09-29T13:00:00Z,151197,361.980885
362.585,363.36,361.43,583,362.92,2021-09-29T14:00:00Z,99735,362.449887
360.655,362.74,359.79,793,362.63,2021-09-29T15:00:00Z,151703,360.732915
359.965,360.865,358.96,384,360.595,2021-09-29T16:00:00Z,43127,359.761784
359.83,360.35,358.67,335,359.975,2021-09-29T17:00:00Z,44862,359.331485
361.85,362.015,359.83,361,359.83,2021-09-29T18:00:00Z,44877,361.356125
359.285,361.95,358.765,910,361.95,2021-09-29T19:00:00Z,131486,359.970804
359.75,359.75,359.56,3,359.56,2021-09-29T20:00:00Z,610,359.622295
361.76,362.635,360.48,410,360.68,2021-09-30T13:00:00Z,49203,361.919372
360.62,362.34,360.31,308,361.92,2021-09-30T14:00:00Z,32208,361.457192
359.59,361.72,358.795,361,360.33,2021-09-30T15:00:00Z,56230,360.047923
358.81,359.57,357.93,479,359.435,2021-09-30T16:00:00Z,52370,358.676962
359.745,360.005,358.555,373,358.6,2021-09-30T17:00:00Z,45906,359.573695
360.2,361.445,359.94,539,359.94,2021-09-30T18:00:00Z,96586,360.783676
358.06,361.27,358.06,1186,360.23,2021-09-30T19:00:00Z,85581,359.292018
358.8,358.96,358.8,26,358.96,2021-10-01T12:00:00Z,3400,358.913988
356.71,359.06,356.06,704,358.52,2021-10-01T13:00:00Z,91731,357.06439
356.36,356.86,354.38,1219,356.62,2021-10-01T14:00:00Z,132921,355.68503
358.07,358.53,355.57,525,356.39,2021-10-01T15:00:00Z,46050,357.397032
357.345,358.28,357.11,577,358.175,2021-10-01T16:00:00Z,80469,357.487488
358.76,359.38,357.37,394,357.5,2021-10-01T17:00:00Z,56924,358.642699
360.35,360.525,358.82,482,358.89,2021-10-01T18:00:00Z,60051,359.459966
359.9,361.25,359.79,1832,360.4,2021-10-01T19:00:00Z,207985,360.4698
360.39,360.39,360.39,2,360.39,2021-10-01T20:00:00Z,200,360.39
356.005,358.775,355.19,722,358.47,2021-10-04T13:00:00Z,149597,356.95263
352.14,355.95,351.1,856,355.82,2021-10-04T14:00:00Z,127990,353.228442
352.2,352.89,350.75,451,352.06,2021-10-04T15:00:00Z,83036,352.171549
351.13,352.23,350.5,337,352.0,2021-10-04T16:00:00Z,38793,351.288596
351.19,351.91,350.37,253,350.98,2021-10-04T17:00:00Z,39077,351.269981
352.38,352.71,351.165,511,351.165,2021-10-04T18:00:00Z,62864,352.075405
352.675,353.45,351.035,1486,352.37,2021-10-04T19:00:00Z,259768,352.282013
352.96,352.96,352.96,2,352.96,2021-10-04T20:00:00Z,400,352.96
353.83,353.83,353.83,1,353.83,2021-10-05T12:00:00Z,100,353.83
355.25,355.875,353.5,612,353.74,2021-10-05T13:00:00Z,67654,354.716684
357.74,357.82,355.6,973,355.68,2021-10-05T14:00:00Z,116025,356.608068
358.36,358.6,357.535,667,357.895,2021-10-05T15:00:00Z,88259,358.051597
358.87,359.09,358.15,478,358.37,2021-10-05T16:00:00Z,58150,358.726707
359.2,359.47,358.58,455,358.77,2021-10-05T17:00:00Z,94316,359.046901
359.21,359.69,358.94,285,359.285,2021-10-05T18:00:00Z,28281,359.386374
357.245,359.52,357.235,1075,359.16,2021-10-05T19:00:00Z,169146,357.849411
353.14,353.14,353.14,1,353.14,2021-10-06T12:00:00Z,100,353.14
354.485,356.9,353.85,850,354.07,2021-10-06T13:00:00Z,155955,355.702214
357.32,357.93,353.16,1059,354.305,2021-10-06T14:00:00Z,209917,355.493366
357.37,357.71,355.62,461,357.26,2021-10-06T15:00:00Z,46404,356.637269
355.96,357.41,355.45,376,357.38,2021-10-06T16:00:00Z,41474,356.343714
358.09,358.5,355.22,561,356.09,2021-10-06T17:00:00Z,96006,356.754502
358.48,359.59,357.86,622,358.37,2021-10-06T18:00:00Z,55036,359.019758
359.86,359.94,358.04,964,358.535,2021-10-06T19:00:00Z,113475,359.327854
364.55,364.6,362.3,434,363.26,2021-10-07T13:00:00Z,97507,363.76431
365.25,365.64,364.42,480,364.62,2021-10-07T14:00:00Z,76331,365.133205
365.62,365.655,364.57,233,365.245,2021-10-07T15:00:00Z,31728,365.232497
365.34,365.68,364.91,175,365.6,2021-10-07T16:00:00Z,20132,365.233524
364.78,365.295,364.69,295,365.285,2021-10-07T17:00:00Z,51599,364.983928
363.91,364.84,363.68,483,364.84,2021-10-07T18:00:00Z,67749,364.188195
362.82,364.41,362.505,1260,363.79,2021-10-07T19:00:00Z,249744,363.292397
364.6,365.6,364.08,13,365.3,2021-10-08T12:00:00Z,3280,364.370764
362.0,364.75,362.0,509,364.75,2021-10-08T13:00:00Z,77488,362.717817
362.11,363.48,361.27,479,362.18,2021-10-08T14:00:00Z,78205,362.44214
361.36,362.66,361.07,1024,362.18,2021-10-08T15:00:00Z,164848,361.900289
361.92,362.235,361.17,510,361.49,2021-10-08T16:00:00Z,85424,361.736397
361.46,361.825,360.61,458,361.64,2021-10-08T17:00:00Z,68051,360.897969
362.105,362.51,361.5,307,361.5,2021-10-08T18:00:00Z,37315,362.070446
360.96,362.28,360.77,816,362.115,2021-10-08T19:00:00Z,114951,361.176251
360.7,360.98,360.7,8,360.98,2021-10-08T20:00:00Z,6400,360.713768
358.31,358.31,358.22,42,358.22,2021-10-11T12:00:00Z,13400,358.259697
362.155,362.285,359.02,212,359.62,2021-10-11T13:00:00Z,41416,361.176453
362.355,363.135,362.09,363,362.345,2021-10-11T14:00:00Z,52821,362.635946
362.365,362.845,362.185,207,362.42,2021-10-11T15:00:00Z,32414,362.458163
361.67,362.42,361.295,169,362.42,2021-10-11T16:00:00Z,40974,361.536144
360.395,361.695,359.84,258,361.695,2021-10-11T17:00:00Z,62009,360.840435
360.81,361.215,360.31,160,360.31,2021-10-11T18:00:00Z,29192,360.790072
358.475,360.9,358.465,643,360.7,2021-10-11T19:00:00Z,73701,359.318116
358.17,358.35,358.17,6,358.35,2021-10-11T20:00:00Z,840,358.291429
357.645,360.28,357.39,262,359.81,2021-10-12T13:00:00Z,79963,359.142837
356.895,358.775,356.82,281,357.81,2021-10-12T14:00:00Z,56088,357.805109
358.455,358.455,357.315,616,357.315,2021-10-12T15:00:00Z,89464,357.828751
357.425,359.145,357.32,361,358.915,2021-10-12T16:00:00Z,88717,358.044251
357.425,357.875,356.89,257,357.28,2021-10-12T17:00:00Z,50566,357.433787
357.66,358.87,357.38,148,357.44,2021-10-12T18:00:00Z,26709,357.960404
357.1,357.81,356.52,522,357.67,2021-10-12T19:00:00Z,72027,357.158563
356.32,356.32,356.32,6,356.32,2021-10-12T20:00:00Z,4099,356.32
358.03,358.74,358.0,7,358.74,2021-10-13T12:00:00Z,2410,358.432845
358.725,360.21,358.13,523,358.13,2021-10-13T13:00:00Z,84386,359.241223
358.305,359.26,357.6,464,359.02,2021-10-13T14:00:00Z,64879,358.386337
358.935,359.295,357.47,413,358.68,2021-10-13T15:00:00Z,33168,358.557843
358.52,359.04,358.355,217,359.04,2021-10-13T16:00:00Z,31643,358.803039
359.59,360.07,358.495,437,358.495,2021-10-13T17:00:00Z,64867,359.806124
359.46,360.6,358.98,639,359.6,2021-10-13T18:00:00Z,59890,359.612352
359.95,360.02,359.14,574,359.43,2021-10-13T19:00:00Z,89554,359.723643
360.01,360.04,359.8,34,359.86,2021-10-13T20:00:00Z,3400,359.971176
364.255,364.595,363.035,464,363.68,2021-10-14T13:00:00Z,106006,364.009196
365.25,365.575,364.24,703,364.395,2021-10-14T14:00:00Z,92267,365.198108
366.03,366.03,365.1,256,365.25,2021-10-14T15:00:00Z,58319,365.591698
366.57,366.71,366.065,372,366.105,2021-10-14T16:00:00Z,88060,366.408163
366.55,366.61,366.135,301,366.605,2021-10-14T17:00:00Z,53356,366.384091
366.62,366.7,366.27,241,366.475,2021-10-14T18:00:00Z,35486,366.489165
366.58,366.835,366.0,1166,366.595,2021-10-14T19:00:00Z,144065,366.432259
367.28,367.33,366.64,40,366.76,2021-10-14T20:00:00Z,3704,367.160882
367.55,368.06,366.96,394,368.06,2021-10-15T13:00:00Z,66072,367.307112
368.355,368.355,367.01,389,367.48,2021-10-15T14:00:00Z,48191,367.431915
367.35,368.58,367.21,388,368.465,2021-10-15T15:00:00Z,47594,367.808877
368.06,368.08,367.24,151,367.24,2021-10-15T16:00:00Z,12096,367.799902
368.125,368.15,367.58,276,368.035,2021-10-15T17:00:00Z,42722,367.949665
368.54,368.57,368.09,297,368.13,2021-10-15T18:00:00Z,48534,368.315453
368.91,369.055,367.92,865,368.49,2021-10-15T19:00:00Z,114916,368.473221
369.12,369.12,369.0,11,369.03,2021-10-15T20:00:00Z,1085,369.068
366.96,367.93,366.96,14,367.68,2021-10-18T12:00:00Z,6850,367.512771
369.025,369.295,367.1,280,367.43,2021-10-18T13:00:00Z,38184,368.117158
369.825,369.825,368.915,298,369.0,2021-10-18T14:00:00Z,46905,369.467502
370.79,370.97,369.855,336,369.855,2021-10-18T15:00:00Z,71205,370.237134
371.08,371.145,370.67,284,370.775,2021-10-18T16:00:00Z,54873,370.883899
371.63,371.8,370.995,307,371.07,2021-10-18T17:00:00Z,29399,371.39605
372.17,372.305,371.59,263,371.73,2021-10-18T18:00:00Z,36058,371.849461
372.795,372.845,372.1,848,372.18,2021-10-18T19:00:00Z,102872,372.5029
373.57,374.33,373.09,244,373.85,2021-10-19T13:00:00Z,31239,373.749296
374.77,374.84,373.325,275,373.425,2021-10-19T14:00:00Z,25131,374.088215
375.04,375.11,374.5,241,374.83,2021-10-19T15:00:00Z,31289,374.709074
375.28,375.3,374.82,200,374.87,2021-10-19T16:00:00Z,37209,374.946694
375.295,375.33,375.025,150,375.25,2021-10-19T17:00:00Z,14603,375.120928
374.85,375.38,374.54,365,375.295,2021-10-19T18:00:00Z,43300,374.97246
375.4,375.52,374.78,718,374.9,2021-10-19T19:00:00Z,79430,375.138196
375.78,375.95,375.68,21,375.75,2021-10-19T20:00:00Z,2000,375.797895
375.53,376.115,375.485,194,375.935,2021-10-20T13:00:00Z,37626,375.932808
375.57,376.52,375.05,455,375.555,2021-10-20T14:00:00Z,47682,375.878956
375.9,375.94,375.065,294,375.505,2021-10-20T15:00:00Z,38625,375.401185
375.21,375.77,374.92,256,375.77,2021-10-20T16:00:00Z,36650,375.403659
374.24,375.18,373.485,274,375.18,2021-10-20T17:00:00Z,50002,373.798804
374.715,374.89,374.28,115,374.295,2021-10-20T18:00:00Z,11040,374.617544
374.85,375.06,374.38,637,374.765,2021-10-20T19:00:00Z,73163,374.631315
374.72,374.72,374.72,1,374.72,2021-10-20T20:00:00Z,100,374.72
374.08,374.08,374.08,5,374.08,2021-10-21T12:00:00Z,840,374.08
374.9,375.3,373.89,81,374.24,2021-10-21T13:00:00Z,9261,374.747768
376.185,376.4,374.89,330,374.97,2021-10-21T14:00:00Z,41771,375.903583
375.82,376.525,375.405,223,376.2,2021-10-21T15:00:00Z,42688,375.936543
376.37,376.37,375.42,296,375.8,2021-10-21T16:00:00Z,38678,375.928367
375.85,376.34,375.75,122,376.27,2021-10-21T17:00:00Z,15817,376.168636
376.37,376.37,375.77,203,375.95,2021-10-21T18:00:00Z,27367,376.094037
377.2,377.46,376.495,891,376.495,2021-10-21T19:00:00Z,84462,377.028475
375.51,377.34,375.51,8,377.34,2021-10-21T20:00:00Z,1000,376.367
376.035,376.81,375.12,299,375.925,2021-10-22T13:00:00Z,77526,376.225568
375.63,376.91,375.34,318,375.955,2021-10-22T14:00:00Z,49890,376.107664
373.4,375.74,372.4,465,375.69,2021-10-22T15:00:00Z,68430,373.413266
374.0,374.87,372.975,281,373.21,2021-10-22T16:00:00Z,26918,373.888503
373.31,374.31,373.3,254,374.03,2021-10-22T17:00:00Z,26183,374.020056
374.17,375.02,373.3,255,373.32,2021-10-22T18:00:00Z,28839,374.04648
373.945,374.465,373.75,555,374.13,2021-10-22T19:00:00Z,53212,374.089027
373.76,373.78,373.73,5,373.73,2021-10-22T20:00:00Z,500,373.756
375.0,375.04,375.0,2,375.04,2021-10-25T12:00:00Z,1100,375.032727
375.22,376.14,373.595,346,375.63,2021-10-25T13:00:00Z,46984,374.840794
375.625,375.81,375.025,533,375.275,2021-10-25T14:00:00Z,43248,375.408228
376.33,376.355,375.44,413,375.58,2021-10-25T15:00:00Z,48727,375.908346
377.775,377.915,376.3,365,376.34,2021-10-25T16:00:00Z,40494,377.3978
377.645,378.02,377.645,325,377.865,2021-10-25T17:00:00Z,46086,377.81414
378.27,378.86,377.55,717,377.68,2021-10-25T18:00:00Z,95962,378.412257
377.97,378.365,377.43,999,378.345,2021-10-25T19:00:00Z,109086,377.888252
378.18,378.32,378.18,6,378.21,2021-10-25T20:00:00Z,600,378.238333
381.18,381.63,379.85,410,380.24,2021-10-26T13:00:00Z,67210,381.023332
381.94,382.69,381.25,443,381.25,2021-10-26T14:00:00Z,53298,382.283189
379.995,382.16,379.9,491,381.96,2021-10-26T15:00:00Z,87056,380.878175
378.735,380.285,377.92,710,380.02,2021-10-26T16:00:00Z,133138,379.146208
379.44,379.885,378.345,462,378.665,2021-10-26T17:00:00Z,70280,379.116264
379.72,379.845,379.015,278,379.425,2021-10-26T18:00:00Z,28224,379.448084
378.85,380.11,378.85,852,379.73,2021-10-26T19:00:00Z,67363,379.498989
378.72,379.04,378.72,6,379.04,2021-10-26T20:00:00Z,1700,378.908235
378.26,378.26,378.26,2,378.26,2021-10-27T12:00:00Z,210,378.26
381.21,381.41,379.42,294,379.56,2021-10-27T13:00:00Z,25169,380.189555
380.73,381.69,379.385,552,381.18,2021-10-27T14:00:00Z,76250,380.433118
381.605,381.7,380.86,421,381.05,2021-10-27T15:00:00Z,56488,381.398916
382.185,382.36,381.625,364,381.655,2021-10-27T16:00:00Z,55729,382.043672
382.975,383.12,382.13,413,382.17,2021-10-27T17:00:00Z,54858,382.768756
382.34,383.05,382.33,381,382.995,2021-10-27T18:00:00Z,52936,382.767635
380.005,382.37,379.915,1353,382.25,2021-10-27T19:00:00Z,130910,380.895821
379.98,379.99,379.98,2,379.99,2021-10-27T20:00:00Z,300,379.983333
381.67,381.99,381.67,14,381.99,2021-10-28T12:00:00Z,2380,381.908176
381.995,382.545,381.27,385,381.83,2021-10-28T13:00:00Z,118916,382.113011
383.03,383.875,381.71,734,381.88,2021-10-28T14:00:00Z,292328,382.982258
383.2,383.96,382.91,299,383.08,2021-10-28T15:00:00Z,65514,383.396158
382.54,383.93,382.49,188,383.355,2021-10-28T16:00:00Z,17288,383.628268
383.34,383.62,382.7,177,382.85,2021-10-28T17:00:00Z,30759,383.001248
383.74,384.145,383.455,254,383.455,2021-10-28T18:00:00Z,20762,383.785021
384.46,384.46,383.185,833,383.7,2021-10-28T19:00:00Z,80746,383.905955
383.01,384.07,382.91,25,383.82,2021-10-28T20:00:00Z,21457,383.666375
382.21,382.54,380.8,463,381.17,2021-10-29T13:00:00Z,134277,381.826234
382.615,382.915,381.98,478,382.12,2021-10-29T14:00:00Z,155629,382.524633
383.7,383.825,382.52,393,382.6,2021-10-29T15:00:00Z,53148,383.041774
384.72,385.0,383.565,285,383.66,2021-10-29T16:00:00Z,23249,384.505553
384.8,385.355,384.53,169,384.775,2021-10-29T17:00:00Z,14894,384.993856
384.835,385.03,384.2,196,384.7,2021-10-29T18:00:00Z,21328,384.717983
386.01,386.255,384.52,717,384.825,2021-10-29T19:00:00Z,107672,385.478773
386.25,386.25,386.04,38,386.04,2021-10-29T20:00:00Z,15068,386.111072
387.4,387.54,387.4,2,387.54,2021-11-01T12:00:00Z,1600,387.40875
385.25,386.8,385.16,326,386.55,2021-11-01T13:00:00Z,42975,385.854264
385.37,385.855,384.58,433,385.02,2021-11-01T14:00:00Z,54909,385.319575
386.63,386.63,385.365,377,385.365,2021-11-01T15:00:00Z,54629,386.014147
386.65,386.715,386.43,203,386.58,2021-11-01T16:00:00Z,13603,386.549221
385.635,386.91,385.42,236,386.9,2021-11-01T17:00:00Z,27705,385.949379
385.855,385.885,384.965,435,385.68,2021-11-01T18:00:00Z,43906,385.5269
387.485,387.54,385.69,1036,385.755,2021-11-01T19:00:00Z,116965,386.917266
387.32,387.32,387.04,7,387.3,2021-11-01T20:00:00Z,2400,387.175833
388.85,389.18,386.76,281,386.77,2021-11-02T13:00:00Z,24360,388.209098
389.08,389.08,387.5,284,389.02,2021-11-02T14:00:00Z,31773,388.521055
388.54,389.53,388.44,108,388.99,2021-11-02T15:00:00Z,11997,388.8297
388.9,388.97,387.91,155,388.58,2021-11-02T16:00:00Z,15333,388.35808
388.5,389.02,388.18,127,388.91,2021-11-02T17:00:00Z,8921,388.59
388.82,388.83,387.77,226,388.52,2021-11-02T18:00:00Z,19406,388.158583
389.175,389.47,388.635,829,388.81,2021-11-02T19:00:00Z,73131,388.947531
388.91,388.91,388.91,2,388.91,2021-11-02T20:00:00Z,164,388.91
389.455,389.92,388.72,197,389.66,2021-11-03T13:00:00Z,33501,389.246075
388.95,389.38,388.54,226,389.34,2021-11-03T14:00:00Z,23890,388.927281
389.59,389.64,388.63,183,388.9,2021-11-03T15:00:00Z,16427,389.072154
389.45,389.67,389.28,158,389.52,2021-11-03T16:00:00Z,13462,389.462072
389.33,389.73,389.21,169,389.38,2021-11-03T17:00:00Z,15302,389.439682
392.08,392.14,389.45,584,389.54,2021-11-03T18:00:00Z,67739,390.618
393.22,393.59,391.84,1010,392.2,2021-11-03T19:00:00Z,107864,393.001963
393.16,393.18,393.16,4,393.16,2021-11-03T20:00:00Z,450,393.166667
394.68,394.84,394.68,9,394.84,2021-11-04T12:00:00Z,5551,394.819419
396.045,396.19,393.94,383,394.7,2021-11-04T13:00:00Z,38374,395.013947
397.7,398.105,395.92,732,396.145,2021-11-04T14:00:00Z,98265,397.280132
397.24,397.72,396.07,630,397.58,2021-11-04T15:00:00Z,91427,396.862817
397.385,397.965,397.135,296,397.325,2021-11-04T16:00:00Z,48274,397.568654
398.55,398.66,397.03,474,397.49,2021-11-04T17:00:00Z,83698,397.750903
398.14,399.19,397.785,423,398.555,2021-11-04T18:00:00Z,48870,398.383199
398.24,398.46,397.25,773,398.05,2021-11-04T19:00:00Z,100400,397.901052
398.14,398.14,397.96,5,397.96,2021-11-04T20:00:00Z,1814,398.065562
399.17,399.17,398.56,15,398.56,2021-11-05T12:00:00Z,3399,398.89379
399.95,400.95,399.26,523,399.64,2021-11-05T13:00:00Z,64215,400.041365
400.345,400.81,399.74,543,400.23,2021-11-05T14:00:00Z,55196,400.461165
400.625,400.945,399.94,353,400.47,2021-11-05T15:00:00Z,27101,400.439609
399.34,400.67,399.05,335,400.525,2021-11-05T16:00:00Z,21053,399.992734
398.665,399.37,397.18,557,399.26,2021-11-05T17:00:00Z,84886,398.076793
399.02,399.21,398.4,180,398.63,2021-11-05T18:00:00Z,14051,398.865329
398.41,399.23,398.18,703,399.07,2021-11-05T19:00:00Z,71472,398.551414
398.43,398.43,398.43,1,398.43,2021-11-05T20:00:00Z,100,398.43
398.27,399.57,397.775,387,398.7,2021-11-08T14:00:00Z,53164,398.528933
398.48,398.755,397.405,334,398.135,2021-11-08T15:00:00Z,51786,398.159194
398.14,398.98,397.755,182,398.2,2021-11-08T16:00:00Z,21439,398.327297
398.27,398.33,397.75,178,398.15,2021-11-08T17:00:00Z,31409,398.057121
398.86,398.94,398.34,93,398.36,2021-11-08T18:00:00Z,7692,398.723667
399.0,399.35,398.44,143,398.78,2021-11-08T19:00:00Z,9402,398.906319
398.07,398.985,397.5,467,398.945,2021-11-08T20:00:00Z,40198,398.260604
397.77,397.77,397.77,1,397.77,2021-11-08T21:00:00Z,200,397.77
395.35,399.465,394.9,263,399.23,2021-11-09T14:00:00Z,45447,397.394228
396.2,397.0,394.72,451,395.29,2021-11-09T15:00:00Z,39141,395.842188
395.73,396.72,395.31,130,396.38,2021-11-09T16:00:00Z,12164,396.009063
395.115,395.91,394.74,165,395.77,2021-11-09T17:00:00Z,21829,395.316601
394.025,395.53,393.945,160,395.26,2021-11-09T18:00:00Z,25215,394.78889
395.31,395.7,394.01,109,394.1,2021-11-09T19:00:00Z,13838,394.978094
395.21,395.495,394.565,363,395.235,2021-11-09T20:00:00Z,31157,395.065839
395.04,395.04,395.04,2,395.04,2021-11-09T21:00:00Z,921,395.04
392.6,392.74,392.43,10,392.43,2021-11-10T13:00:00Z,1445,392.517857
394.235,394.37,391.045,349,392.4,2021-11-10T14:00:00Z,59574,392.5751
394.055,395.35,393.81,399,394.32,2021-11-10T15:00:00Z,42283,394.471871
393.775,394.71,392.83,361,394.035,2021-11-10T16:00:00Z,49214,394.024585
393.14,393.93,392.48,389,393.825,2021-11-10T17:00:00Z,59178,393.106351
390.67,393.22,390.23,484,393.22,2021-11-10T18:00:00Z,55217,391.20451
388.2,390.735,387.64,867,390.505,2021-11-10T19:00:00Z,151681,388.918754
389.55,390.2,388.02,1034,388.28,2021-11-10T20:00:00Z,121032,389.536383
389.71,389.71,389.07,15,389.07,2021-11-10T21:00:00Z,2800,389.439643
392.38,392.44,392.13,6,392.13,2021-11-11T13:00:00Z,2300,392.323913
392.32,392.66,391.41,447,392.6,2021-11-11T14:00:00Z,54763,392.126657
391.97,392.43,391.035,461,392.385,2021-11-11T15:00:00Z,57796,391.612635
391.87,392.37,391.36,346,391.83,2021-11-11T16:00:00Z,42674,391.892603
391.37,391.91,390.61,305,391.905,2021-11-11T17:00:00Z,34100,391.113452
391.35,391.44,390.69,177,391.23,2021-11-11T18:00:00Z,13459,391.08991
391.06,391.93,390.97,213,391.31,2021-11-11T19:00:00Z,16387,391.505179
390.64,391.16,390.28,1214,390.98,2021-11-11T20:00:00Z,196701,390.674227
390.83,390.83,390.66,3,390.66,2021-11-11T21:00:00Z,800,390.7875
391.75,391.75,391.75,5,391.75,2021-11-12T13:00:00Z,1300,391.75
390.71,392.22,390.27,307,392.22,2021-11-12T14:00:00Z,43005,390.881591
392.69,392.69,390.64,495,390.7,2021-11-12T15:00:00Z,50186,391.482601
394.805,394.855,392.885,482,392.885,2021-11-12T16:00:00Z,77575,393.686578
394.25,394.875,394.19,191,394.785,2021-11-12T17:00:00Z,40155,394.528795
394.605,394.745,393.9,261,394.1,2021-11-12T18:00:00Z,36735,394.380065
394.36,394.74,394.025,141,394.62,2021-11-12T19:00:00Z,21218,394.50352
394.74,395.23,394.175,862,394.295,2021-11-12T20:00:00Z,102538,394.68664
394.98,395.13,394.92,13,394.92,2021-11-12T21:00:00Z,1500,394.997333
395.8,395.8,395.8,1,395.8,2021-11-15T13:00:00Z,200,395.8
395.52,396.21,394.75,284,395.82,2021-11-15T14:00:00Z,36145,395.485419
394.21,395.625,393.67,590,395.625,2021-11-15T15:00:00Z,49724,394.342123
393.12,394.74,392.47,392,394.23,2021-11-15T16:00:00Z,33193,393.342624
393.39,393.66,392.11,315,393.35,2021-11-15T17:00:00Z,53779,393.069558
393.25,393.945,393.21,293,393.345,2021-11-15T18:00:00Z,23813,393.548651
394.28,394.355,393.01,346,393.25,2021-11-15T19:00:00Z,38722,393.295816
394.61,394.8,393.97,735,394.57,2021-11-15T20:00:00Z,72038,394.284233
394.78,394.78,394.72,3,394.72,2021-11-15T21:00:00Z,300,394.74
394.22,394.73,394.22,4,394.73,2021-11-16T13:00:00Z,619,394.534815
395.47,396.035,393.77,225,393.9,2021-11-16T14:00:00Z,23514,395.023806
395.7,396.31,395.12,230,395.58,2021-11-16T15:00:00Z,25617,395.743022
397.135,397.535,395.855,237,395.855,2021-11-16T16:00:00Z,34351,397.144361
397.205,397.38,396.845,174,396.96,2021-11-16T17:00:00Z,46285,397.270411
397.67,397.67,397.12,141,397.12,2021-11-16T18:00:00Z,15472,397.369143
397.565,397.885,397.42,180,397.61,2021-11-16T19:00:00Z,33526,397.615937
397.455,397.9,397.04,659,397.56,2021-11-16T20:00:00Z,99804,397.483844
397.34,397.45,397.32,10,397.42,2021-11-16T21:00:00Z,3900,397.372135
397.1,397.88,396.67,264,397.8,2021-11-17T14:00:00Z,32623,397.336528
398.005,398.575,397.24,259,397.25,2021-11-17T15:00:00Z,40254,398.012641
399.53,399.53,398.14,179,398.22,2021-11-17T16:00:00Z,18979,398.753793
397.41,399.69,397.235,283,399.66,2021-11-17T17:00:00Z,34228,398.21024
398.48,398.56,397.11,278,397.47,2021-11-17T18:00:00Z,22810,397.679504
398.37,398.53,397.86,165,398.49,2021-11-17T19:00:00Z,18867,398.205309
397.67,398.32,397.445,588,398.32,2021-11-17T20:00:00Z,92163,397.865415
397.5,397.62,397.1,16,397.62,2021-11-17T21:00:00Z,8664,397.563989
399.76,399.8,399.48,24,399.48,2021-11-18T13:00:00Z,9404,399.654321
399.74,400.235,398.72,183,399.79,2021-11-18T14:00:00Z,29139,399.387428
398.81,400.19,397.52,491,399.835,2021-11-18T15:00:00Z,69283,398.588462
401.14,401.645,398.21,297,398.77,2021-11-18T16:00:00Z,38954,400.117506
400.71,401.9,400.495,242,401.245,2021-11-18T17:00:00Z,25772,401.442575
400.675,401.19,400.4,221,400.59,2021-11-18T18:00:00Z,28367,400.761591
400.925,401.115,400.04,299,400.32,2021-11-18T19:00:00Z,22499,400.702637
401.775,402.24,400.745,939,400.745,2021-11-18T20:00:00Z,93961,401.728938
402.3,402.3,401.88,4,401.88,2021-11-18T21:00:00Z,3660,402.161311
403.71,403.72,403.2,47,403.72,2021-11-19T13:00:00Z,30051,403.633939
404.87,404.88,402.62,329,403.79,2021-11-19T14:00:00Z,67046,403.403009
403.81,404.87,403.37,488,404.78,2021-11-19T15:00:00Z,95059,404.228443
404.75,405.235,403.78,334,403.78,2021-11-19T16:00:00Z,29823,404.595016
404.445,405.27,404.375,262,404.815,2021-11-19T17:00:00Z,20289,404.78813
404.095,404.86,403.11,431,404.53,2021-11-19T18:00:00Z,47063,404.139472
404.24,404.405,403.83,158,404.125,2021-11-19T19:00:00Z,10190,404.193218
403.95,404.28,403.635,632,404.07,2021-11-19T20:00:00Z,74492,403.889138
403.92,403.97,403.92,2,403.97,2021-11-19T21:00:00Z,1500,403.963333
407.555,407.955,405.55,358,405.92,2021-11-22T14:00:00Z,63279,406.97763
407.1,408.64,406.89,550,407.64,2021-11-22T15:00:00Z,79295,408.174449
402.38,407.18,401.23,1428,407.07,2021-11-22T16:00:00Z,241331,404.362646
402.93,403.59,401.435,921,402.26,2021-11-22T17:00:00Z,98149,402.291073
402.43,403.415,402.09,328,402.83,2021-11-22T18:00:00Z,46504,403.116908
403.79,404.05,402.46,439,402.46,2021-11-22T19:00:00Z,73589,403.633267
399.3,404.61,399.2,1284,403.95,2021-11-22T20:00:00Z,140592,401.708833
399.62,399.65,399.29,14,399.29,2021-11-22T21:00:00Z,3200,399.506875
398.55,398.75,398.55,10,398.75,2021-11-23T13:00:00Z,2400,398.72087
399.785,400.15,396.9,550,398.15,2021-11-23T14:00:00Z,59540,398.260461
394.0,399.83,394.0,1155,399.82,2021-11-23T15:00:00Z,115395,396.265434
395.35,396.53,393.47,904,394.205,2021-11-23T16:00:00Z,100670,395.406605
394.21,395.85,394.03,292,395.1,2021-11-23T17:00:00Z,17187,394.926063
394.57,395.15,393.04,442,394.23,2021-11-23T18:00:00Z,36620,393.94791
396.05,396.31,393.45,364,394.65,2021-11-23T19:00:00Z,34785,395.11638
397.66,397.745,395.5,731,396.01,2021-11-23T20:00:00Z,77430,396.821859
396.92,396.92,396.86,6,396.89,2021-11-23T21:00:00Z,700,396.902857
395.2,396.26,395.2,20,396.26,2021-11-24T13:00:00Z,3977,395.794087
394.46,395.0,392.62,523,394.7,2021-11-24T14:00:00Z,64496,393.710378
396.1,396.63,393.86,648,393.86,2021-11-24T15:00:00Z,95541,395.791246
397.42,398.21,395.19,406,396.04,2021-11-24T16:00:00Z,45112,397.50574
397.67,397.91,396.74,186,397.5,2021-11-24T17:00:00Z,14450,397.461299
397.44,398.24,397.39,186,397.65,2021-11-24T18:00:00Z,15584,397.8174
397.98,398.14,396.2,351,397.42,2021-11-24T19:00:00Z,30151,397.181853
398.99,399.0,397.715,514,398.0,2021-11-24T20:00:00Z,50909,398.692634
398.75,398.75,398.6,20,398.64,2021-11-24T21:00:00Z,10991,398.714899
394.79,395.35,394.79,11,395.35,2021-11-26T13:00:00Z,3800,395.215241
395.84,397.51,394.2,709,395.29,2021-11-26T14:00:00Z,107811,395.836116
393.04,395.78,392.6,700,395.78,2021-11-26T15:00:00Z,41217,393.880652
391.96,392.9,390.81,643,392.87,2021-11-26T16:00:00Z,45924,391.899648
390.96,393.35,389.79,1396,392.09,2021-11-26T17:00:00Z,134846,391.859517
391.2,391.22,391.03,26,391.2,2021-11-26T18:00:00Z,19382,391.201691
395.65,395.65,395.65,1,395.65,2021-11-29T13:00:00Z,200,395.65
397.22,397.46,395.19,1162,395.99,2021-11-29T14:00:00Z,131970,396.25846
396.72,397.69,395.68,1760,397.29,2021-11-29T15:00:00Z,166478,396.734075
398.63,398.74,396.48,806,396.64,2021-11-29T16:00:00Z,73906,397.603397
399.79,399.92,398.56,716,398.6,2021-11-29T17:00:00Z,52516,399.525028
400.15,400.28,399.44,740,399.79,2021-11-29T18:00:00Z,52248,399.808134
399.875,400.2,399.25,680,400.16,2021-11-29T19:00:00Z,50271,399.71158
399.385,400.64,399.385,1451,399.88,2021-11-29T20:00:00Z,165107,399.883823
398.57,398.57,398.57,20,398.57,2021-11-30T13:00:00Z,3200,398.57
399.97,400.24,397.895,553,398.7,2021-11-30T14:00:00Z,59229,398.870817
393.65,401.12,393.65,1418,399.99,2021-11-30T15:00:00Z,218601,397.911452
393.0,395.37,392.02,1299,393.54,2021-11-30T16:00:00Z,172267,393.801045
392.89,393.88,391.78,600,393.08,2021-11-30T17:00:00Z,57679,393.057623
395.19,395.19,392.64,627,393.25,2021-11-30T18:00:00Z,58996,394.100807
393.74,395.55,393.28,1244,395.18,2021-11-30T19:00:00Z,145556,394.253512
393.78,394.15,392.75,1381,393.73,2021-11-30T20:00:00Z,130049,393.527561
395.42,395.46,394.33,21,394.33,2021-11-30T21:00:00Z,7220,395.095666
398.09,398.65,396.72,863,398.53,2021-12-01T14:00:00Z,105529,397.528656
399.055,399.245,396.9,1186,398.195,2021-12-01T15:00:00Z,86971,398.391057
398.325,400.46,398.01,825,399.15,2021-12-01T16:00:00Z,54523,399.563836
396.51,399.18,396.485,763,398.23,2021-12-01T17:00:00Z,83654,398.087526
395.36,396.895,393.46,1182,396.01,2021-12-01T18:00:00Z,132404,395.447651
393.34,395.48,392.89,1265,394.99,2021-12-01T19:00:00Z,115798,394.046893
386.78,393.53,386.78,2249,393.48,2021-12-01T20:00:00Z,194990,390.437969
387.39,387.5,385.95,91,387.5,2021-12-01T21:00:00Z,30739,387.155962
385.5,387.3,385.5,23,386.68,2021-12-02T13:00:00Z,6000,385.682807
389.91,390.105,385.05,695,386.34,2021-12-02T14:00:00Z,74191,387.910875
387.51,390.71,384.46,1688,389.44,2021-12-02T15:00:00Z,214884,387.051269
389.31,389.74,386.68,1526,387.64,2021-12-02T16:00:00Z,149871,388.320923
390.15,391.55,388.83,1034,389.19,2021-12-02T17:00:00Z,61147,390.516764
390.29,390.4,388.24,818,390.13,2021-12-02T18:00:00Z,57783,389.317658
390.15,390.74,389.09,649,390.17,2021-12-02T19:00:00Z,43013,390.025056
389.94,391.615,388.88,1621,390.12,2021-12-02T20:00:00Z,171637,390.05981
390.4,390.41,389.66,39,390.11,2021-12-02T21:00:00Z,11270,390.089536
391.58,392.99,390.99,298,390.99,2021-12-03T13:00:00Z,26609,391.978679
386.42,392.31,386.01,976,391.36,2021-12-03T14:00:00Z,125209,388.599227
383.06,386.93,381.74,1809,386.21,2021-12-03T15:00:00Z,240288,384.549792
380.02,383.3,380.0,1281,382.46,2021-12-03T16:00:00Z,120167,381.733009
381.18,382.35,379.53,704,379.93,2021-12-03T17:00:00Z,57083,380.874324
379.96,382.36,379.62,658,380.89,2021-12-03T18:00:00Z,51683,380.765335
379.77,381.21,379.19,836,380.07,2021-12-03T19:00:00Z,65089,380.169671
383.275,383.38,378.905,1850,379.64,2021-12-03T20:00:00Z,238082,381.740427
382.41,383.22,382.41,15,383.21,2021-12-03T21:00:00Z,13900,383.20135
382.01,384.11,379.41,1644,383.59,2021-12-06T14:00:00Z,308227,381.381671
383.56,384.84,380.44,1483,381.99,2021-12-06T15:00:00Z,145314,383.089898
383.08,384.45,381.97,983,383.69,2021-12-06T16:00:00Z,73116,383.227999
385.81,385.91,383.07,755,383.3,2021-12-06T17:00:00Z,74895,384.950297
386.955,387.21,385.55,764,386.06,2021-12-06T18:00:00Z,58620,386.5481
386.19,387.59,386.0,798,386.96,2021-12-06T19:00:00Z,52891,386.952616
386.32,387.22,385.87,1170,386.15,2021-12-06T20:00:00Z,106254,386.440705
395.36,395.47,392.69,922,392.94,2021-12-07T14:00:00Z,118004,393.900537
396.595,397.43,395.31,1043,395.77,2021-12-07T15:00:00Z,79241,396.23618
397.2,397.705,396.6,772,396.95,2021-12-07T16:00:00Z,65292,397.14236
398.28,398.28,397.17,561,397.305,2021-12-07T17:00:00Z,57486,397.658842
398.29,398.43,397.285,474,398.03,2021-12-07T18:00:00Z,31972,397.893317
397.34,398.21,397.03,500,398.21,2021-12-07T19:00:00Z,37765,397.65267
397.73,397.935,396.0,1654,397.24,2021-12-07T20:00:00Z,186153,397.042591
398.13,398.29,398.13,2,398.29,2021-12-07T21:00:00Z,500,398.226
397.0,398.67,396.28,655,398.15,2021-12-08T14:00:00Z,49657,397.252908
397.17,398.09,396.345,782,397.48,2021-12-08T15:00:00Z,52524,397.179177
397.94,398.33,396.39,518,396.99,2021-12-08T16:00:00Z,52584,397.418458
397.97,398.33,397.27,478,397.97,2021-12-08T17:00:00Z,36675,397.805183
398.795,399.29,397.76,401,397.995,2021-12-08T18:00:00Z,35225,398.713873
399.0,399.07,397.93,450,398.725,2021-12-08T19:00:00Z,74012,398.526601
399.715,399.8,398.6,894,399.18,2021-12-08T20:00:00Z,110099,399.237563
398.55,400.19,398.03,500,398.41,2021-12-09T14:00:00Z,137626,399.180541
397.49,398.965,396.41,785,398.51,2021-12-09T15:00:00Z,112679,397.371305
397.27,398.47,397.0,588,397.44,2021-12-09T16:00:00Z,63444,397.528939
397.57,397.59,396.62,317,397.21,2021-12-09T17:00:00Z,48569,397.054404
396.09,397.47,395.21,432,397.47,2021-12-09T18:00:00Z,57665,396.293867
395.12,396.355,394.92,527,396.105,2021-12-09T19:00:00Z,77926,395.771893
393.82,395.72,393.555,1397,395.255,2021-12-09T20:00:00Z,181286,394.373148
393.17,393.17,393.17,2,393.17,2021-12-09T21:00:00Z,200,393.17
395.41,397.94,395.01,784,396.67,2021-12-10T14:00:00Z,94482,396.10768
395.12,397.68,394.2,1149,395.48,2021-12-10T15:00:00Z,132753,395.714232
396.13,396.47,393.42,1161,395.0,2021-12-10T16:00:00Z,151974,395.010872
396.395,396.47,395.18,802,396.255,2021-12-10T17:00:00Z,166580,395.937013
396.485,396.935,395.97,442,396.405,2021-12-10T18:00:00Z,108522,396.618337
395.83,396.75,395.685,269,396.75,2021-12-10T19:00:00Z,23841,396.351844
398.22,398.27,395.55,827,395.92,2021-12-10T20:00:00Z,79310,397.429935
397.84,397.84,397.81,4,397.82,2021-12-10T21:00:00Z,400,397.825
396.91,398.29,396.39,664,398.05,2021-12-13T14:00:00Z,84416,397.314269
395.29,397.59,394.55,1185,396.8,2021-12-13T15:00:00Z,195180,395.95695
393.46,395.39,392.89,853,395.12,2021-12-13T16:00:00Z,88077,394.259957
393.94,394.71,393.08,409,393.29,2021-12-13T17:00:00Z,33093,394.00551
393.96,394.62,393.06,541,394.12,2021-12-13T18:00:00Z,59080,393.610306
394.755,394.81,393.57,383,393.99,2021-12-13T19:00:00Z,22435,394.192709
392.07,395.175,392.07,1089,394.83,2021-12-13T20:00:00Z,100436,393.634398
388.33,390.0,386.7,892,387.24,2021-12-14T14:00:00Z,111587,388.650348
385.46,388.68,385.0,1284,388.35,2021-12-14T15:00:00Z,149983,386.882199
384.9,385.74,384.38,869,385.3,2021-12-14T16:00:00Z,110557,385.13871
384.34,385.05,383.83,631,384.92,2021-12-14T17:00:00Z,66755,384.566539
384.29,385.31,384.22,565,384.49,2021-12-14T18:00:00Z,73488,384.658517
386.57,387.04,384.33,600,384.37,2021-12-14T19:00:00Z,92523,386.11994
388.34,389.38,386.545,1930,386.545,2021-12-14T20:00:00Z,223994,387.939263
388.47,388.47,388.47,1,388.47,2021-12-14T21:00:00Z,125,388.47
386.26,388.4,385.9,1238,387.88,2021-12-15T14:00:00Z,120933,387.131018
386.53,387.98,385.53,916,386.22,2021-12-15T15:00:00Z,95468,387.0024
384.71,386.68,384.47,570,386.585,2021-12-15T16:00:00Z,67684,385.238277
385.25,385.42,383.9,431,384.57,2021-12-15T17:00:00Z,49185,384.738267
386.38,386.38,384.99,303,385.11,2021-12-15T18:00:00Z,24073,385.531246
389.89,391.1,384.42,1560,386.26,2021-12-15T19:00:00Z,205216,388.795861
397.05,397.39,389.96,1852,390.11,2021-12-15T20:00:00Z,225721,395.179217
396.93,396.94,396.93,29,396.94,2021-12-15T21:00:00Z,16200,396.934019
394.3,398.36,394.27,860,398.12,2021-12-16T14:00:00Z,103789,396.46437
393.11,394.845,392.51,1090,394.305,2021-12-16T15:00:00Z,112030,393.383705
389.66,393.33,389.51,951,393.33,2021-12-16T16:00:00Z,115216,390.779107
387.96,390.08,387.86,1009,389.67,2021-12-16T17:00:00Z,103295,389.05521
388.49,389.72,387.97,706,388.0,2021-12-16T18:00:00Z,92200,389.036318
386.2,388.75,385.245,1566,388.75,2021-12-16T19:00:00Z,207035,386.614408
386.99,388.76,385.57,2962,386.0,2021-12-16T20:00:00Z,319799,387.158321
386.9,386.9,386.9,1,386.9,2021-12-16T21:00:00Z,100,386.9
384.9,386.35,381.89,1490,383.17,2021-12-17T14:00:00Z,190787,383.734319
387.72,388.11,381.81,1774,384.68,2021-12-17T15:00:00Z,249654,384.866776
385.64,389.13,384.55,592,387.73,2021-12-17T16:00:00Z,60297,387.07455
385.68,386.88,384.13,567,385.705,2021-12-17T17:00:00Z,71489,385.506546
387.89,387.89,385.2,413,385.61,2021-12-17T18:00:00Z,34163,386.744778
386.98,388.17,386.49,324,387.36,2021-12-17T19:00:00Z,18315,387.257093
384.9,387.93,384.56,1315,387.0,2021-12-17T20:00:00Z,99521,385.75906
380.74,381.49,378.71,930,379.34,2021-12-20T14:00:00Z,133668,379.907939
378.49,380.95,378.36,868,380.95,2021-12-20T15:00:00Z,83004,379.881893
379.3,379.38,377.5,495,378.68,2021-12-20T16:00:00Z,54113,378.35186
378.1,380.02,378.06,469,379.1,2021-12-20T17:00:00Z,42613,378.794227
379.28,379.93,377.82,583,378.08,2021-12-20T18:00:00Z,102162,379.299439
379.93,380.57,379.06,592,379.31,2021-12-20T19:00:00Z,49914,379.881681
380.665,381.25,379.52,1017,380.34,2021-12-20T20:00:00Z,106211,380.547873
381.74,384.87,381.74,556,384.3,2021-12-21T14:00:00Z,51463,383.078505
381.94,382.65,380.28,938,381.76,2021-12-21T15:00:00Z,109063,381.353238
384.33,384.93,381.62,668,381.62,2021-12-21T16:00:00Z,67455,383.588423
386.565,386.565,384.28,385,384.62,2021-12-21T17:00:00Z,41436,385.736735
387.77,387.94,386.12,769,386.555,2021-12-21T18:00:00Z,60493,387.069364
389.21,389.21,387.71,708,387.89,2021-12-21T19:00:00Z,54481,388.352664
389.255,389.525,387.69,1498,389.16,2021-12-21T20:00:00Z,198215,388.871018
388.97,389.14,388.97,5,389.14,2021-12-21T21:00:00Z,1300,389.106154
389.85,390.87,388.3,533,388.75,2021-12-22T14:00:00Z,58106,389.565188
392.185,392.19,388.69,783,390.05,2021-12-22T15:00:00Z,81082,390.558959
392.94,393.07,391.62,525,392.16,2021-12-22T16:00:00Z,52371,392.340256
392.63,393.23,392.03,521,393.09,2021-12-22T17:00:00Z,70278,392.560412
391.38,392.7,390.8,509,392.26,2021-12-22T18:00:00Z,71900,391.868431
392.61,392.62,390.8,529,391.3,2021-12-22T19:00:00Z,55887,391.724054
393.87,394.12,392.23,1229,392.61,2021-12-22T20:00:00Z,145847,393.317074
393.96,393.96,393.89,4,393.89,2021-12-22T21:00:00Z,900,393.907778
395.6,395.7,394.17,765,394.4,2021-12-23T14:00:00Z,80576,394.892563
396.9,396.9,395.38,692,395.95,2021-12-23T15:00:00Z,93821,396.16654
397.48,397.59,396.84,618,396.97,2021-12-23T16:00:00Z,59772,397.21717
397.6,397.64,397.13,599,397.53,2021-12-23T17:00:00Z,50617,397.461052
397.75,397.94,397.1,369,397.55,2021-12-23T18:00:00Z,28629,397.568523
397.99,397.99,397.44,294,397.87,2021-12-23T19:00:00Z,28340,397.73925
396.945,398.4,396.945,1027,397.94,2021-12-23T20:00:00Z,157195,397.550116
400.33,400.69,398.26,701,398.29,2021-12-27T14:00:00Z,71830,399.995129
402.37,402.52,400.37,406,400.48,2021-12-27T15:00:00Z,54526,401.436635
402.19,402.66,401.69,557,402.32,2021-12-27T16:00:00Z,39423,402.028245
402.65,402.65,402.135,456,402.135,2021-12-27T17:00:00Z,15475,402.401915
403.02,403.02,402.465,436,402.63,2021-12-27T18:00:00Z,32155,402.780891
402.87,403.265,402.7,453,402.98,2021-12-27T19:00:00Z,35436,402.97142
403.45,403.46,402.305,1167,402.65,2021-12-27T20:00:00Z,144706,403.208856
403.38,403.41,403.38,6,403.38,2021-12-27T21:00:00Z,1700,403.388824
404.09,404.57,402.54,726,404.51,2021-12-28T14:00:00Z,74775,403.44145
402.95,403.97,401.99,694,403.77,2021-12-28T15:00:00Z,93788,402.990932
403.06,403.44,401.83,455,402.94,2021-12-28T16:00:00Z,46071,402.537473
401.94,403.23,401.085,494,403.18,2021-12-28T17:00:00Z,43659,402.144148
401.62,402.06,401.155,463,401.67,2021-12-28T18:00:00Z,48814,401.616692
401.55,401.92,400.74,534,401.605,2021-12-28T19:00:00Z,70419,401.425197
401.73,402.53,401.22,751,401.745,2021-12-28T20:00:00Z,74288,401.80696
402.1,402.97,401.35,377,401.85,2021-12-29T14:00:00Z,27702,402.23799
401.01,402.19,399.175,1036,402.19,2021-12-29T15:00:00Z,208615,400.28791
400.34,401.53,400.11,513,401.03,2021-12-29T16:00:00Z,55412,400.712097
400.4,400.46,399.8,413,400.2,2021-12-29T17:00:00Z,42970,400.204871
401.03,401.145,400.42,327,400.42,2021-12-29T18:00:00Z,57734,400.838463
401.87,401.97,400.87,286,401.01,2021-12-29T19:00:00Z,33518,401.314162
401.64,402.41,401.39,477,401.76,2021-12-29T20:00:00Z,58761,401.838496
401.62,401.62,401.62,2,401.62,2021-12-29T21:00:00Z,700,401.62
401.77,402.32,400.93,366,401.57,2021-12-30T14:00:00Z,32984,401.603103
402.65,403.55,401.95,423,401.95,2021-12-30T15:00:00Z,39513,402.890455
402.98,403.19,402.45,183,402.61,2021-12-30T16:00:00Z,17096,402.786112
403.07,403.33,402.72,102,403.13,2021-12-30T17:00:00Z,12575,403.052644
402.81,403.05,402.73,113,402.91,2021-12-30T18:00:00Z,16581,402.859301
402.485,402.72,402.14,130,402.6,2021-12-30T19:00:00Z,11978,402.493319
400.27,402.5,399.755,725,402.5,2021-12-30T20:00:00Z,97799,400.63303
400.2,400.2,400.2,2,400.2,2021-12-30T21:00:00Z,200,400.2
399.4,400.95,399.24,375,399.77,2021-12-31T14:00:00Z,22351,400.195475
399.12,399.96,398.4,560,399.48,2021-12-31T15:00:00Z,23437,399.208706
398.76,399.55,398.54,302,398.87,2021-12-31T16:00:00Z,20921,399.04837
399.0,399.12,398.28,175,398.77,2021-12-31T17:00:00Z,34319,398.670587
398.815,399.38,398.58,169,399.24,2021-12-31T18:00:00Z,11799,398.912729
398.59,398.98,398.4,203,398.805,2021-12-31T19:00:00Z,18077,398.672302
397.53,399.17,397.39,1332,398.57,2021-12-31T20:00:00Z,119269,398.125856
398.11,398.15,398.11,3,398.15,2021-12-31T21:00:00Z,400,398.13
397.51,401.52,396.93,1262,399.04,2022-01-03T14:00:00Z,135741,399.133247
400.5,400.5,397.48,610,397.515,2022-01-03T15:00:00Z,61652,399.156778
399.26,400.52,398.93,556,400.42,2022-01-03T16:00:00Z,48706,399.6396
400.03,400.24,398.96,243,399.32,2022-01-03T17:00:00Z,20229,399.73308
401.085,401.14,399.77,282,399.92,2022-01-03T18:00:00Z,27359,400.474008
401.41,401.9,400.79,369,401.07,2022-01-03T19:00:00Z,31309,401.328144
401.67,401.865,400.8,784,401.32,2022-01-03T20:00:00Z,70240,401.483391
401.12,402.23,400.72,418,402.1,2022-01-04T14:00:00Z,42754,401.452034
395.43,401.03,395.42,843,401.03,2022-01-04T15:00:00Z,100626,398.073851
394.9,395.95,393.905,1197,395.38,2022-01-04T16:00:00Z,146214,394.721207
394.285,395.425,394.12,537,394.86,2022-01-04T17:00:00Z,47871,394.787818
393.44,395.19,393.3,757,394.27,2022-01-04T18:00:00Z,90134,394.123925
395.32,395.42,393.36,922,393.405,2022-01-04T19:00:00Z,79143,394.581152
396.67,397.68,395.44,1340,395.47,2022-01-04T20:00:00Z,175459,396.847096
396.48,396.5,396.48,2,396.5,2022-01-04T21:00:00Z,500,396.488
395.05,395.32,392.43,644,394.955,2022-01-05T14:00:00Z,84352,393.914745
394.1,395.7,392.89,581,395.12,2022-01-05T15:00:00Z,70624,394.090336
393.12,394.38,392.78,277,394.07,2022-01-05T16:00:00Z,38407,393.326728
391.11,393.55,391.06,383,392.98,2022-01-05T17:00:00Z,48792,392.347189
391.51,392.0,390.55,495,391.1,2022-01-05T18:00:00Z,86746,391.103558
387.5,392.97,386.98,1485,391.43,2022-01-05T19:00:00Z,195160,388.961023
384.235,387.42,384.065,2094,387.42,2022-01-05T20:00:00Z,271551,385.691273
384.66,384.66,384.66,1,384.66,2022-01-05T21:00:00Z,300,384.66
382.9,386.095,381.99,1209,382.38,2022-01-06T14:00:00Z,179490,384.447782
386.09,386.7,380.22,2236,382.965,2022-01-06T15:00:00Z,282585,383.110638
385.85,387.25,384.33,861,386.06,2022-01-06T16:00:00Z,97896,385.59404
385.57,387.08,384.98,424,385.9,2022-01-06T17:00:00Z,46421,385.844303
385.47,385.93,384.3,379,385.5,2022-01-06T18:00:00Z,39208,385.049917
385.4,386.08,384.69,430,385.4,2022-01-06T19:00:00Z,33665,385.187081
384.06,386.55,383.12,1163,385.52,2022-01-06T20:00:00Z,102103,384.220106
384.59,384.59,383.97,6,383.97,2022-01-06T21:00:00Z,700,384.493125
381.6,384.09,381.42,11,383.69,2022-01-07T13:00:00Z,2311,382.981739
384.95,385.73,382.03,553,383.99,2022-01-07T14:00:00Z,73162,383.891599
379.1,384.64,378.06,1336,384.55,2022-01-07T15:00:00Z,169816,381.017768
381.3,381.915,378.655,762,379.05,2022-01-07T16:00:00Z,98747,380.074553
381.15,381.59,379.9,438,381.52,2022-01-07T17:00:00Z,41099,380.866177
380.51,381.37,379.975,459,381.03,2022-01-07T18:00:00Z,67807,380.881763
381.14,381.5,379.24,524,380.42,2022-01-07T19:00:00Z,83651,380.365206
379.77,381.88,379.63,1004,381.3,2022-01-07T20:00:00Z,117159,380.583746
379.73,380.07,379.73,19,379.78,2022-01-07T21:00:00Z,9764,380.026989
375.06,375.67,375.06,22,375.67,2022-01-10T13:00:00Z,1302,375.373077
372.06,375.56,371.58,1703,375.1,2022-01-10T14:00:00Z,218317,373.245872
370.35,372.12,369.38,1536,371.84,2022-01-10T15:00:00Z,164869,370.762703
372.94,373.56,370.0,1677,370.4,2022-01-10T16:00:00Z,297127,372.096072
372.34,373.21,370.615,894,372.89,2022-01-10T17:00:00Z,150321,371.384657
375.45,376.01,372.19,1096,372.5,2022-01-10T18:00:00Z,134236,374.549841
376.88,378.0,375.57,1114,375.615,2022-01-10T19:00:00Z,120385,377.009544
380.33,380.615,375.55,2413,376.89,2022-01-10T20:00:00Z,314425,379.032454
380.23,380.23,380.23,1,380.23,2022-01-10T21:00:00Z,300,380.23
378.84,380.055,377.32,509,379.29,2022-01-11T14:00:00Z,72204,378.852459
379.35,381.48,378.01,920,379.03,2022-01-11T15:00:00Z,106154,379.811499
385.54,385.64,379.265,1161,379.395,2022-01-11T16:00:00Z,173302,383.095393
384.365,385.73,383.73,506,385.73,2022-01-11T17:00:00Z,53273,384.569267
385.11,385.295,383.39,597,384.31,2022-01-11T18:00:00Z,101529,384.774302
385.365,385.945,384.25,341,384.91,2022-01-11T19:00:00Z,55172,385.328983
385.92,385.95,384.68,1211,385.37,2022-01-11T20:00:00Z,119719,385.443424
389.12,389.72,387.15,906,388.475,2022-01-12T14:00:00Z,117127,388.58695
386.505,390.13,385.98,1271,389.24,2022-01-12T15:00:00Z,131620,387.829055
387.41,388.0,385.05,886,386.52,2022-01-12T16:00:00Z,97529,386.373576
388.66,388.68,386.63,406,387.42,2022-01-12T17:00:00Z,34102,387.690884
387.29,388.63,386.93,367,388.63,2022-01-12T18:00:00Z,34636,387.876609
387.65,387.87,386.61,311,387.08,2022-01-12T19:00:00Z,20080,387.225442
387.045,387.75,386.49,1207,387.45,2022-01-12T20:00:00Z,128413,387.115354
387.39,387.59,387.39,5,387.59,2022-01-12T21:00:00Z,500,387.538
388.05,388.38,388.05,3,388.38,2022-01-13T13:00:00Z,700,388.298571
388.44,389.41,387.91,927,389.06,2022-01-13T14:00:00Z,103174,388.792753
384.25,388.62,383.35,1220,388.56,2022-01-13T15:00:00Z,167445,386.082119
385.07,385.725,383.4,645,384.08,2022-01-13T16:00:00Z,75557,384.67562
381.14,384.89,380.08,1177,384.69,2022-01-13T17:00:00Z,130622,381.615254
382.1,382.41,380.47,558,380.92,2022-01-13T18:00:00Z,51256,381.646927
380.835,382.82,380.12,839,381.96,2022-01-13T19:00:00Z,95507,381.146884
377.88,380.7,376.72,2540,380.6,2022-01-13T20:00:00Z,312163,378.284251
377.42,377.94,377.25,31,377.94,2022-01-13T21:00:00Z,14908,377.681074
373.96,373.96,373.96,1,373.96,2022-01-14T13:00:00Z,100,373.96
379.6,379.99,374.9,1238,374.945,2022-01-14T14:00:00Z,171643,377.494556
377.68,380.19,376.75,1362,379.22,2022-01-14T15:00:00Z,112597,378.318178
378.89,379.5,375.945,1241,377.86,2022-01-14T16:00:00Z,115047,377.655688
376.26,379.13,376.17,719,378.62,2022-01-14T17:00:00Z,60069,377.719702
378.13,378.31,375.49,861,376.22,2022-01-14T18:00:00Z,102835,376.50503
377.66,378.82,377.12,783,378.08,2022-01-14T19:00:00Z,89270,378.223803
380.01,380.33,378.0,1740,378.03,2022-01-14T20:00:00Z,197408,379.798907
380.12,380.12,380.12,1,380.12,2022-01-14T21:00:00Z,100,380.12
373.86,373.86,373.86,1,373.86,2022-01-18T13:00:00Z,200,373.86
373.8,374.72,372.325,1318,374.5,2022-01-18T14:00:00Z,204161,373.234149
373.37,376.16,373.05,1847,373.54,2022-01-18T15:00:00Z,245229,374.671473
374.03,374.4,371.89,985,373.32,2022-01-18T16:00:00Z,119639,372.977986
371.83,374.29,371.74,831,374.29,2022-01-18T17:00:00Z,119716,372.703681
372.0,372.27,371.11,519,371.8,2022-01-18T18:00:00Z,73251,371.55579
373.16,373.58,371.54,460,372.36,2022-01-18T19:00:00Z,66028,372.724067
370.78,373.31,369.79,1576,372.83,2022-01-18T20:00:00Z,270617,370.633222
371.07,371.18,370.7,29,370.77,2022-01-18T21:00:00Z,2323,370.9604
374.46,374.56,371.765,851,372.05,2022-01-19T14:00:00Z,75642,373.295616
370.53,374.4,369.5,1219,374.4,2022-01-19T15:00:00Z,103608,371.465485
370.36,371.14,368.16,881,370.44,2022-01-19T16:00:00Z,80097,369.532893
373.18,373.29,370.32,1048,370.42,2022-01-19T17:00:00Z,111268,372.146275
371.745,373.27,371.25,707,373.27,2022-01-19T18:00:00Z,52938,372.249013
370.085,371.94,369.19,598,371.71,2022-01-19T19:00:00Z,37721,370.255525
366.475,370.82,366.24,1789,370.105,2022-01-19T20:00:00Z,261066,367.443902
366.41,366.64,366.41,2,366.64,2022-01-19T21:00:00Z,200,366.525
372.35,372.51,369.6,1447,369.67,2022-01-20T14:00:00Z,167678,371.165181
373.16,373.53,370.94,1430,372.09,2022-01-20T15:00:00Z,122986,372.491635
372.54,373.855,371.48,971,373.17,2022-01-20T16:00:00Z,100049,372.841289
371.55,372.86,371.33,503,372.68,2022-01-20T17:00:00Z,38861,372.039108
370.055,371.535,369.85,785,371.535,2022-01-20T18:00:00Z,97015,370.5051
367.67,371.23,367.46,954,370.05,2022-01-20T19:00:00Z,103989,368.732718
361.56,368.33,361.21,2784,367.77,2022-01-20T20:00:00Z,388440,363.952734
360.03,360.92,360.03,17,360.86,2022-01-20T21:00:00Z,2577,360.491064
359.06,359.06,358.94,3,358.94,2022-01-21T13:00:00Z,700,358.957143
357.05,361.2,356.66,1630,359.49,2022-01-21T14:00:00Z,227688,358.950942
359.72,361.12,354.25,2862,357.2,2022-01-21T15:00:00Z,378987,357.644212
358.28,362.18,357.18,2037,359.98,2022-01-21T16:00:00Z,236831,359.859581
356.97,359.34,356.13,1358,358.15,2022-01-21T17:00:00Z,153900,357.163971
356.14,358.34,355.39,1625,356.88,2022-01-21T18:00:00Z,193442,356.849823
353.62,357.24,353.62,1695,356.18,2022-01-21T19:00:00Z,215366,355.47824
351.54,355.22,351.54,3815,353.67,2022-01-21T20:00:00Z,415086,352.894675
351.9,351.9,351.67,2,351.67,2022-01-21T21:00:00Z,2200,351.774545
345.74,346.13,345.74,6,346.13,2022-01-24T13:00:00Z,480,345.8375
344.19,347.62,342.54,1956,345.18,2022-01-24T14:00:00Z,205571,345.09712
343.16,345.18,340.75,2177,343.91,2022-01-24T15:00:00Z,187938,342.964315
339.68,343.16,336.88,1668,343.085,2022-01-24T16:00:00Z,166641,339.536271
339.44,340.4,334.18,1832,339.56,2022-01-24T17:00:00Z,208084,336.829976
345.52,345.57,339.02,1032,339.44,2022-01-24T18:00:00Z,108713,342.14909
345.25,347.26,340.78,595,345.88,2022-01-24T19:00:00Z,65974,344.426674
353.62,353.96,344.43,2018,344.95,2022-01-24T20:00:00Z,325731,351.531298
352.77,352.77,352.77,2,352.77,2022-01-24T21:00:00Z,200,352.77
343.55,348.63,342.85,1244,346.69,2022-01-25T14:00:00Z,123119,345.506233
344.21,347.18,342.25,2005,343.58,2022-01-25T15:00:00Z,207084,344.735817
342.28,345.56,341.68,1558,344.11,2022-01-25T16:00:00Z,184324,343.45876
343.465,344.71,341.91,1154,341.91,2022-01-25T17:00:00Z,141691,343.407013
347.91,347.95,342.43,1259,343.47,2022-01-25T18:00:00Z,133839,345.571816
350.88,351.01,346.61,1606,347.94,2022-01-25T19:00:00Z,165812,348.72082
344.99,350.45,344.18,2305,350.44,2022-01-25T20:00:00Z,243870,346.913558
339.5,345.34,339.5,9,345.34,2022-01-25T21:00:00Z,700,343.1925
352.16,353.45,349.97,1245,352.31,2022-01-26T14:00:00Z,151687,351.659055
350.87,353.8,349.3,1343,352.13,2022-01-26T15:00:00Z,121435,351.789706
352.29,352.79,349.64,833,350.31,2022-01-26T16:00:00Z,94290,352.006777
354.33,354.62,352.1,924,352.295,2022-01-26T17:00:00Z,111550,353.271977
353.0,354.36,352.59,977,354.36,2022-01-26T18:00:00Z,145854,353.262795
347.81,356.81,346.09,3612,353.09,2022-01-26T19:00:00Z,411408,351.00034
344.77,347.38,340.94,4660,347.38,2022-01-26T20:00:00Z,521115,343.917222
345.01,345.01,343.99,2,343.99,2022-01-26T21:00:00Z,200,344.5
347.79,347.79,347.79,1,347.79,2022-01-27T13:00:00Z,240,347.79
349.64,350.94,347.1,953,349.42,2022-01-27T14:00:00Z,98255,349.066199
348.51,351.245,345.76,1222,349.97,2022-01-27T15:00:00Z,128798,347.778691
348.45,349.77,346.93,1466,348.82,2022-01-27T16:00:00Z,164388,348.703224
344.94,348.2,343.175,857,348.195,2022-01-27T17:00:00Z,82503,344.94353
343.16,345.25,340.85,1352,344.79,2022-01-27T18:00:00Z,129637,342.204624
341.6,345.02,340.57,1110,343.0,2022-01-27T19:00:00Z,85071,342.658977
340.91,343.93,340.09,2199,342.19,2022-01-27T20:00:00Z,229495,341.587194
343.81,344.0,340.6,45,341.0,2022-01-27T21:00:00Z,3159,342.624906
341.69,341.69,341.69,1,341.69,2022-01-28T13:00:00Z,200,341.69
338.94,343.67,338.11,1581,343.05,2022-01-28T14:00:00Z,168527,339.513632
344.77,344.86,337.99,1644,339.1,2022-01-28T15:00:00Z,156070,341.148383
348.38,348.5,343.55,1687,344.93,2022-01-28T16:00:00Z,261525,346.170915
346.02,348.79,345.89,966,348.38,2022-01-28T17:00:00Z,143805,347.366373
347.37,347.79,345.71,565,346.02,2022-01-28T18:00:00Z,53183,346.926119
346.52,347.8,342.77,1314,347.03,2022-01-28T19:00:00Z,150139,344.816657
351.87,352.0,346.2,2905,346.865,2022-01-28T20:00:00Z,314236,349.268287
351.83,351.83,351.67,10,351.67,2022-01-28T21:00:00Z,1000,351.793
356.8,356.8,351.6,1209,352.77,2022-01-31T14:00:00Z,169172,353.856735
358.79,358.96,356.67,953,356.7,2022-01-31T15:00:00Z,77372,357.796953
360.18,360.33,357.52,919,358.69,2022-01-31T16:00:00Z,78897,358.807427
360.28,360.435,358.715,494,360.26,2022-01-31T17:00:00Z,50956,359.784288
360.06,360.38,359.24,516,360.03,2022-01-31T18:00:00Z,69193,359.9194
361.15,361.42,359.95,710,360.12,2022-01-31T19:00:00Z,60611,360.924473
363.16,363.63,358.83,1961,361.15,2022-01-31T20:00:00Z,186480,361.787826
362.33,362.95,362.24,28,362.95,2022-01-31T21:00:00Z,3266,362.504063
361.79,364.56,360.6,933,364.54,2022-02-01T14:00:00Z,124825,362.709671
362.25,362.41,359.2,1721,361.98,2022-02-01T15:00:00Z,236253,361.046845
363.9,364.285,361.91,730,362.21,2022-02-01T16:00:00Z,73584,362.987003
363.38,363.94,361.9,468,363.74,2022-02-01T17:00:00Z,35400,362.788434
362.63,363.42,362.17,393,363.295,2022-02-01T18:00:00Z,32273,362.856313
362.53,363.15,361.42,717,362.6,2022-02-01T19:00:00Z,62268,362.419352
365.58,366.155,362.29,1555,362.29,2022-02-01T20:00:00Z,162484,365.150059
368.3,368.4,365.53,37,365.53,2022-02-01T21:00:00Z,4956,367.386226
370.73,370.73,370.73,1,370.73,2022-02-02T13:00:00Z,100,370.73
367.99,370.09,366.44,1134,369.77,2022-02-02T14:00:00Z,127652,368.210145
367.37,369.81,366.17,1237,368.45,2022-02-02T15:00:00Z,148934,367.866725
366.14,367.44,364.29,709,367.38,2022-02-02T16:00:00Z,82130,365.54612
368.59,368.6,365.78,436,366.24,2022-02-02T17:00:00Z,50829,367.164655
367.2,368.58,366.71,283,368.56,2022-02-02T18:00:00Z,26177,367.424061
368.01,368.76,366.11,408,367.19,2022-02-02T19:00:00Z,40006,367.603895
368.48,369.35,367.58,1218,368.13,2022-02-02T20:00:00Z,108376,368.580664
362.36,368.14,361.75,42,368.14,2022-02-02T21:00:00Z,3591,363.30565
358.72,358.72,358.72,1,358.72,2022-02-03T13:00:00Z,100,358.72
358.85,360.76,358.15,1497,358.82,2022-02-03T14:00:00Z,245100,359.226518
359.59,361.87,358.0,974,358.66,2022-02-03T15:00:00Z,90670,360.184832
357.84,360.94,357.82,476,359.56,2022-02-03T16:00:00Z,51525,359.099396
357.7,358.24,356.865,1034,357.78,2022-02-03T17:00:00Z,99655,357.528843
357.45,358.705,356.97,615,357.56,2022-02-03T18:00:00Z,48122,357.801396
355.84,358.25,355.18,1085,357.42,2022-02-03T19:00:00Z,91276,356.176311
353.66,356.97,352.48,3767,356.11,2022-02-03T20:00:00Z,375229,354.275088
360.64,360.64,354.03,40,354.03,2022-02-03T21:00:00Z,12661,357.51025
355.2,356.17,352.01,1120,353.31,2022-02-04T14:00:00Z,138151,353.593137
353.56,357.42,353.375,954,355.59,2022-02-04T15:00:00Z,74575,355.639059
356.05,356.59,352.24,432,353.45,2022-02-04T16:00:00Z,46158,354.266904
357.295,357.295,355.02,365,355.46,2022-02-04T17:00:00Z,26156,356.204506
359.515,359.715,357.47,572,357.47,2022-02-04T18:00:00Z,39715,358.722463
359.55,360.08,358.205,545,359.645,2022-02-04T19:00:00Z,41113,359.280342
357.825,361.295,357.825,1394,359.92,2022-02-04T20:00:00Z,158198,358.984449
357.12,357.51,356.84,21,357.51,2022-02-04T21:00:00Z,1688,357.159286
359.12,359.14,359.05,4,359.05,2022-02-07T13:00:00Z,728,359.095275
360.56,360.9,357.8,533,358.77,2022-02-07T14:00:00Z,54251,359.462829
359.18,360.64,358.25,418,360.64,2022-02-07T15:00:00Z,30520,359.283784
356.31,359.37,355.48,642,359.01,2022-02-07T16:00:00Z,53921,357.058716
355.95,356.76,355.01,365,356.3,2022-02-07T17:00:00Z,30738,356.027892
357.67,357.84,355.73,289,355.73,2022-02-07T18:00:00Z,20199,357.197965
357.96,358.55,356.92,304,357.495,2022-02-07T19:00:00Z,18587,357.908162
355.22,358.97,353.88,1017,357.65,2022-02-07T20:00:00Z,94800,355.512996
355.72,355.72,355.59,7,355.59,2022-02-07T21:00:00Z,600,355.694
354.08,355.505,353.69,284,354.23,2022-02-08T14:00:00Z,37871,354.716178
356.17,356.59,352.82,379,354.1,2022-02-08T15:00:00Z,37066,354.117197
358.03,358.41,356.63,284,356.63,2022-02-08T16:00:00Z,27038,357.709158
359.0,359.805,357.56,293,358.5,2022-02-08T17:00:00Z,36364,358.775653
358.19,358.96,357.52,262,358.96,2022-02-08T18:00:00Z,46742,358.14379
357.06,358.9,356.52,262,358.36,2022-02-08T19:00:00Z,21277,357.601099
359.21,360.22,356.36,463,356.81,2022-02-08T20:00:00Z,48586,358.959532
359.42,359.53,359.41,10,359.53,2022-02-08T21:00:00Z,1000,359.442
363.79,363.8,363.79,5,363.8,2022-02-09T13:00:00Z,1421,363.795714
363.04,364.44,362.53,598,363.735,2022-02-09T14:00:00Z,58401,363.502192
364.44,364.44,362.2,477,362.93,2022-02-09T15:00:00Z,28606,363.374579
363.99,364.9,363.74,343,364.45,2022-02-09T16:00:00Z,33305,364.382949
365.38,365.38,363.62,352,363.865,2022-02-09T17:00:00Z,25747,364.703296
365.18,365.48,364.82,334,365.23,2022-02-09T18:00:00Z,31216,365.099096
365.48,366.24,365.415,536,365.43,2022-02-09T19:00:00Z,43678,365.916189
366.65,366.76,364.48,1700,365.47,2022-02-09T20:00:00Z,195460,365.960265
366.56,366.56,366.46,11,366.46,2022-02-09T21:00:00Z,2600,366.513957
363.565,364.1,359.32,964,359.4,2022-02-10T14:00:00Z,118618,361.250202
363.76,366.47,363.24,1259,363.63,2022-02-10T15:00:00Z,146130,364.928945
364.5,364.76,362.24,492,363.57,2022-02-10T16:00:00Z,63608,363.656914
362.73,365.14,361.08,1013,364.51,2022-02-10T17:00:00Z,134085,363.327016
361.15,363.42,359.24,1356,362.65,2022-02-10T18:00:00Z,141319,361.274108
358.93,361.25,358.72,1001,361.12,2022-02-10T19:00:00Z,90641,359.920885
358.445,360.15,356.625,2309,359.26,2022-02-10T20:00:00Z,321575,358.280798
358.05,358.35,357.99,13,358.35,2022-02-10T21:00:00Z,2100,358.139524
356.95,360.04,356.67,920,358.58,2022-02-11T14:00:00Z,127393,358.563752
356.49,359.02,355.79,854,357.08,2022-02-11T15:00:00Z,115899,357.259484
355.15,357.71,354.23,672,356.33,2022-02-11T16:00:00Z,95505,355.133204
353.82,355.81,353.71,579,354.955,2022-02-11T17:00:00Z,64434,354.659206
349.44,354.61,348.99,1054,353.81,2022-02-11T18:00:00Z,157221,351.828178
347.5,350.835,346.51,908,349.2,2022-02-11T19:00:00Z,95378,348.606801
347.205,349.54,345.82,3147,348.01,2022-02-11T20:00:00Z,371862,347.726914
347.6,348.3,346.61,51,347.02,2022-02-11T21:00:00Z,16206,347.168428
347.5,347.5,347.5,4,347.5,2022-02-14T13:00:00Z,320,347.5
348.24,349.5,345.84,1128,346.6,2022-02-14T14:00:00Z,176784,347.687866
347.97,349.2,346.48,1179,348.38,2022-02-14T15:00:00Z,83611,347.71928
349.605,350.54,347.755,549,347.755,2022-02-14T16:00:00Z,63480,349.530688
349.87,350.925,349.4,416,349.54,2022-02-14T17:00:00Z,29045,350.073814
345.17,350.45,345.04,625,349.91,2022-02-14T18:00:00Z,43041,347.885763
347.025,347.79,343.97,1787,344.725,2022-02-14T19:00:00Z,217263,345.987598
347.56,348.55,345.63,2483,346.94,2022-02-14T20:00:00Z,221682,347.491422
347.57,347.9,347.55,17,347.68,2022-02-14T21:00:00Z,1700,347.646667
353.57,354.0,352.26,939,353.04,2022-02-15T14:00:00Z,117094,353.243532
354.2,354.68,352.55,942,353.81,2022-02-15T15:00:00Z,112320,353.670586
354.72,354.985,353.94,529,354.14,2022-02-15T16:00:00Z,45884,354.597878
352.8,354.9,351.94,449,354.9,2022-02-15T17:00:00Z,38520,353.167584
354.66,354.675,352.75,409,352.79,2022-02-15T18:00:00Z,53829,353.98728
355.05,355.225,353.73,305,354.7,2022-02-15T19:00:00Z,18292,354.524347
356.23,356.36,354.24,1326,354.99,2022-02-15T20:00:00Z,131726,355.581505
355.53,355.67,355.51,7,355.67,2022-02-15T21:00:00Z,3545,355.545294
355.6,355.6,355.6,12,355.6,2022-02-16T13:00:00Z,500,355.6
351.345,353.91,350.75,574,353.78,2022-02-16T14:00:00Z,47376,352.445104
352.08,352.72,350.95,599,351.21,2022-02-16T15:00:00Z,55744,351.851528
352.54,353.01,351.71,478,352.35,2022-02-16T16:00:00Z,25146,352.30436
351.52,352.89,350.92,432,352.75,2022-02-16T17:00:00Z,25990,351.952752
351.445,352.13,351.145,665,351.495,2022-02-16T18:00:00Z,52280,351.825881
355.6,356.17,351.06,878,351.765,2022-02-16T19:00:00Z,76728,354.58487
356.03,356.99,355.64,1270,355.75,2022-02-16T20:00:00Z,118082,356.181677
355.8,356.16,355.56,20,356.01,2022-02-16T21:00:00Z,2501,355.951915
351.18,353.22,350.82,289,352.72,2022-02-17T14:00:00Z,30640,352.084787
350.235,351.87,349.3,616,350.9,2022-02-17T15:00:00Z,54239,350.23565
350.13,351.335,349.95,436,350.04,2022-02-17T16:00:00Z,40421,350.735328
349.91,350.37,349.295,196,350.11,2022-02-17T17:00:00Z,18883,349.876576
348.81,349.94,348.43,321,349.94,2022-02-17T18:00:00Z,28654,348.857306
347.19,348.66,347.19,445,348.66,2022-02-17T19:00:00Z,72368,348.07971
345.6,347.25,345.06,1193,347.085,2022-02-17T20:00:00Z,154988,346.146093
345.25,345.45,344.7,29,344.7,2022-02-17T21:00:00Z,2550,345.236087
345.92,346.8,343.62,626,346.08,2022-02-18T14:00:00Z,113514,345.336172
342.54,346.1,342.27,830,345.87,2022-02-18T15:00:00Z,90058,343.219398
340.85,342.9,340.52,1197,342.37,2022-02-18T16:00:00Z,149904,341.94171
340.03,342.57,340.03,482,340.91,2022-02-18T17:00:00Z,49867,341.193669
341.52,341.59,339.22,464,340.16,2022-02-18T18:00:00Z,38928,340.096773
344.01,344.35,341.0,714,341.27,2022-02-18T19:00:00Z,92464,342.806273
341.47,344.9,340.58,1366,344.65,2022-02-18T20:00:00Z,170364,341.864857
341.75,342.24,341.53,9,342.22,2022-02-18T21:00:00Z,2120,341.971159
342.05,343.66,338.22,887,338.54,2022-02-22T14:00:00Z,111112,340.733162
340.16,344.03,339.88,650,341.92,2022-02-22T15:00:00Z,67436,342.200996
338.19,340.42,337.45,607,340.42,2022-02-22T16:00:00Z,52120,338.934912
337.15,339.09,336.92,402,338.22,2022-02-22T17:00:00Z,33651,337.704336
335.64,337.86,335.4,456,337.37,2022-02-22T18:00:00Z,50057,336.853856
339.52,340.36,334.5,955,335.4,2022-02-22T19:00:00Z,132988,337.599169
338.09,341.66,336.84,1318,339.79,2022-02-22T20:00:00Z,159742,338.94976
339.5,339.65,339.0,4,339.0,2022-02-22T21:00:00Z,1930,339.340311
339.22,342.0,338.88,626,341.28,2022-02-23T14:00:00Z,100386,340.783963
336.06,339.03,335.37,1207,339.03,2022-02-23T15:00:00Z,150955,337.109785
336.75,337.225,334.57,923,335.88,2022-02-23T16:00:00Z,94655,335.565355
335.63,338.01,335.505,414,336.77,2022-02-23T17:00:00Z,48891,337.057419
333.71,335.58,332.99,927,335.35,2022-02-23T18:00:00Z,81971,333.986606
331.36,334.24,330.96,803,333.83,2022-02-23T19:00:00Z,101096,332.562776
329.41,331.45,329.12,2283,331.39,2022-02-23T20:00:00Z,294345,329.904147
330.02,330.02,329.51,18,329.51,2022-02-23T21:00:00Z,3500,329.86303
325.34,325.91,318.635,2089,318.67,2022-02-24T14:00:00Z,429185,323.409725
328.22,329.14,323.155,2435,325.37,2022-02-24T15:00:00Z,299524,326.279543
330.29,330.79,327.4,1829,327.95,2022-02-24T16:00:00Z,210888,329.147042
328.14,330.52,326.995,1419,330.23,2022-02-24T17:00:00Z,157765,328.757174
331.765,333.845,327.805,1633,328.12,2022-02-24T18:00:00Z,194101,330.359715
335.96,336.58,330.84,2024,331.7,2022-02-24T19:00:00Z,228084,334.493065
340.65,341.0,335.55,3167,335.94,2022-02-24T20:00:00Z,400927,339.186821
339.4,340.08,338.8,34,340.08,2022-02-24T21:00:00Z,3620,339.713091
338.255,341.76,338.21,1323,341.22,2022-02-25T14:00:00Z,160800,339.885015
342.82,343.48,337.63,2214,338.3,2022-02-25T15:00:00Z,221561,340.606533
345.395,345.43,342.03,1093,342.675,2022-02-25T16:00:00Z,136261,343.947212
343.34,345.735,342.83,627,345.41,2022-02-25T17:00:00Z,99337,345.062841
344.2,344.97,342.38,687,343.4,2022-02-25T18:00:00Z,49956,343.709
344.01,344.94,343.0,838,343.95,2022-02-25T19:00:00Z,102648,343.900022
345.92,345.95,343.26,1532,344.02,2022-02-25T20:00:00Z,155170,344.975097
346.1,346.2,345.89,21,345.99,2022-02-25T21:00:00Z,4468,346.01638
341.5,341.5,341.5,30,341.5,2022-02-28T13:00:00Z,600,341.5
344.77,344.96,342.3,907,342.53,2022-02-28T14:00:00Z,106447,343.552235
346.695,347.11,342.3,1326,345.05,2022-02-28T15:00:00Z,129495,344.715508
347.73,348.49,346.04,1115,346.78,2022-02-28T16:00:00Z,105381,347.450987
344.12,348.01,343.08,730,347.74,2022-02-28T17:00:00Z,72357,344.844082
344.85,345.79,343.38,728,344.02,2022-02-28T18:00:00Z,68606,344.555657
343.36,344.55,341.44,947,344.52,2022-02-28T19:00:00Z,118168,342.356998
347.0,347.24,342.16,1985,343.35,2022-02-28T20:00:00Z,249713,345.00957
346.65,346.85,346.6,24,346.77,2022-02-28T21:00:00Z,1350,346.731498
346.36,347.47,345.37,858,345.75,2022-03-01T14:00:00Z,96724,346.305038
345.04,348.02,344.81,1387,346.67,2022-03-01T15:00:00Z,118012,346.485217
342.47,346.5,341.91,1019,345.23,2022-03-01T16:00:00Z,93570,344.159886
343.81,343.95,341.44,799,342.41,2022-03-01T17:00:00Z,88973,342.668886
341.92,344.28,340.78,1010,343.57,2022-03-01T18:00:00Z,89410,341.845815
341.31,343.01,340.58,949,341.72,2022-03-01T19:00:00Z,74432,341.917549
341.53,343.83,339.02,1572,341.51,2022-03-01T20:00:00Z,154430,341.04374
342.13,342.5,341.55,102,341.55,2022-03-01T21:00:00Z,19458,341.96722
343.35,344.56,341.83,617,343.21,2022-03-02T14:00:00Z,101718,343.344952
342.54,344.32,340.3,1634,343.32,2022-03-02T15:00:00Z,193997,342.355388
345.47,346.82,341.83,1484,342.36,2022-03-02T16:00:00Z,212742,345.350416
345.88,346.54,345.09,710,345.45,2022-03-02T17:00:00Z,72491,345.889924
347.11,347.8,346.12,696,346.3,2022-03-02T18:00:00Z,61013,347.246594
347.24,348.11,346.78,667,347.2,2022-03-02T19:00:00Z,62226,347.513849
347.1,348.49,347.1,1614,347.22,2022-03-02T20:00:00Z,179508,347.813528
346.27,347.14,346.27,19,347.14,2022-03-02T21:00:00Z,4000,346.867785
347.95,350.26,347.15,857,350.26,2022-03-03T14:00:00Z,112811,348.506757
342.78,348.41,342.78,1192,347.84,2022-03-03T15:00:00Z,186199,345.253836
344.34,344.7,342.26,870,342.61,2022-03-03T16:00:00Z,107812,343.453615
344.86,346.53,342.63,577,344.22,2022-03-03T17:00:00Z,70542,344.767945
344.51,346.18,344.14,1098,344.79,2022-03-03T18:00:00Z,143065,345.296441
342.845,345.58,342.45,631,344.53,2022-03-03T19:00:00Z,66649,343.86275
342.12,342.75,340.45,2321,342.75,2022-03-03T20:00:00Z,324693,341.696748
342.79,342.83,342.24,81,342.24,2022-03-03T21:00:00Z,17800,342.606734
339.67,341.28,337.38,855,340.16,2022-03-04T14:00:00Z,97778,339.077143
336.06,340.17,336.01,1523,339.73,2022-03-04T15:00:00Z,223999,337.288277
336.23,337.04,334.95,1117,336.06,2022-03-04T16:00:00Z,145805,335.966726
338.24,338.66,335.68,772,336.29,2022-03-04T17:00:00Z,80246,337.736996
336.69,339.75,336.6,955,338.35,2022-03-04T18:00:00Z,125979,338.22718
335.3,337.59,335.19,743,336.76,2022-03-04T19:00:00Z,83603,336.385463
337.33,337.71,335.2,1800,335.37,2022-03-04T20:00:00Z,199896,336.575495
336.57,336.93,336.57,59,336.93,2022-03-04T21:00:00Z,10420,336.711725
333.69,338.44,333.65,1148,337.31,2022-03-07T14:00:00Z,126662,336.078455
330.78,333.865,330.19,1936,333.235,2022-03-07T15:00:00Z,202559,331.864568
330.64,332.69,330.48,1351,330.73,2022-03-07T16:00:00Z,124763,331.694529
329.74,331.35,329.35,994,330.5,2022-03-07T17:00:00Z,84166,330.040111
328.67,330.63,328.3,712,329.73,2022-03-07T18:00:00Z,58875,329.233893
327.28,329.7,327.0,1010,328.925,2022-03-07T19:00:00Z,108269,328.2811
325.01,327.42,324.67,2439,327.36,2022-03-07T20:00:00Z,232904,325.804643
323.65,324.55,323.55,68,324.31,2022-03-07T21:00:00Z,11166,323.885907
323.17,326.09,322.6,1381,324.08,2022-03-08T14:00:00Z,152143,324.180872
324.5,324.905,320.08,2578,323.055,2022-03-08T15:00:00Z,376113,322.210522
322.28,325.33,319.97,1751,324.75,2022-03-08T16:00:00Z,244069,322.480794
331.46,332.04,322.27,1832,322.43,2022-03-08T17:00:00Z,283735,328.699748
325.75,333.19,325.68,1438,331.45,2022-03-08T18:00:00Z,186553,329.842543
326.98,328.6,324.28,1361,325.56,2022-03-08T19:00:00Z,153826,326.524902
323.28,329.33,323.21,2032,327.2,2022-03-08T20:00:00Z,209948,325.011755
321.7,322.64,321.55,107,322.64,2022-03-08T21:00:00Z,14000,322.045561
330.9,332.21,329.14,726,332.19,2022-03-09T14:00:00Z,109571,330.65464
333.3,333.58,330.53,998,331.09,2022-03-09T15:00:00Z,138825,332.493824
333.22,333.29,331.15,783,333.22,2022-03-09T16:00:00Z,89307,332.248639
334.53,335.2,332.48,762,333.13,2022-03-09T17:00:00Z,92839,333.912549
333.85,334.97,333.12,590,334.38,2022-03-09T18:00:00Z,67909,334.265735
334.58,335.06,333.77,394,334.01,2022-03-09T19:00:00Z,35498,334.56317
335.02,336.38,334.12,1945,334.66,2022-03-09T20:00:00Z,186113,335.118086
335.99,336.65,334.51,83,335.45,2022-03-09T21:00:00Z,19069,335.733773
329.69,331.55,329.69,15,331.55,2022-03-10T13:00:00Z,1375,330.221429
331.1,331.445,328.94,1127,330.72,2022-03-10T14:00:00Z,127932,329.836688
327.88,331.82,327.58,1439,331.13,2022-03-10T15:00:00Z,154832,329.285913
328.33,328.33,326.73,703,327.72,2022-03-10T16:00:00Z,82408,327.371739
327.565,329.42,327.42,723,328.24,2022-03-10T17:00:00Z,68280,328.26469
329.92,330.24,327.36,472,327.53,2022-03-10T18:00:00Z,38147,328.64367
332.09,332.41,329.73,1002,329.9,2022-03-10T19:00:00Z,89476,331.375708
331.41,332.4,330.5,2055,332.26,2022-03-10T20:00:00Z,186039,331.496658
331.11,331.22,330.7,26,330.7,2022-03-10T21:00:00Z,10600,330.727898
331.39,334.56,331.0,787,334.37,2022-03-11T14:00:00Z,115350,332.596507
331.01,331.29,329.36,961,331.29,2022-03-11T15:00:00Z,155768,330.259725
328.13,330.65,327.22,708,330.61,2022-03-11T16:00:00Z,82271,328.630385
328.03,328.77,326.89,444,328.03,2022-03-11T17:00:00Z,50305,327.832294
327.76,329.57,327.73,657,327.81,2022-03-11T18:00:00Z,64964,328.560604
327.3,328.94,327.0,612,327.5,2022-03-11T19:00:00Z,59099,327.83227
324.01,327.5,323.96,1721,327.15,2022-03-11T20:00:00Z,218313,325.283813
324.54,325.02,324.44,43,324.65,2022-03-11T21:00:00Z,8531,324.756667
324.0,325.31,322.21,830,323.24,2022-03-14T13:00:00Z,138670,323.824255
325.56,326.54,322.98,1631,322.98,2022-03-14T14:00:00Z,176497,325.088321
321.715,325.99,321.33,663,325.99,2022-03-14T15:00:00Z,61706,322.789255
319.01,321.5,319.01,1119,321.5,2022-03-14T16:00:00Z,119163,320.52067
318.73,319.67,317.68,1303,318.93,2022-03-14T17:00:00Z,177567,318.403883
319.01,319.28,317.82,1137,318.7,2022-03-14T18:00:00Z,139153,318.496545
318.18,319.93,317.5,2430,318.84,2022-03-14T19:00:00Z,292778,318.481723
319.02,319.1,318.8,29,319.1,2022-03-14T20:00:00Z,3012,318.963486
321.62,322.14,319.26,1428,321.01,2022-03-15T13:00:00Z,157024,320.580525
324.09,324.795,321.0,2039,321.47,2022-03-15T14:00:00Z,236526,322.667016
324.89,326.87,323.99,1546,324.29,2022-03-15T15:00:00Z,193853,325.174117
325.54,326.43,324.0,1301,324.79,2022-03-15T16:00:00Z,172647,325.44738
325.29,325.93,323.91,962,325.62,2022-03-15T17:00:00Z,94636,324.76245
326.25,326.31,323.46,1088,325.14,2022-03-15T18:00:00Z,89028,324.676102
328.11,328.92,326.0,2121,326.21,2022-03-15T19:00:00Z,214073,327.84357
328.06,328.12,327.7,26,328.12,2022-03-15T20:00:00Z,3266,327.917602
332.75,332.75,332.75,2,332.75,2022-03-16T12:00:00Z,102,332.75
334.54,335.27,332.03,1272,332.51,2022-03-16T13:00:00Z,199981,334.25096
337.27,338.11,333.9,1861,334.75,2022-03-16T14:00:00Z,327358,336.561788
337.01,337.56,336.43,668,337.28,2022-03-16T15:00:00Z,62353,336.986025
334.78,337.28,334.42,1134,336.96,2022-03-16T16:00:00Z,147882,335.88091
335.3,335.47,333.29,897,334.78,2022-03-16T17:00:00Z,110671,334.324757
334.91,336.16,328.41,2699,335.18,2022-03-16T18:00:00Z,402462,331.964937
340.43,340.43,334.26,3404,335.1,2022-03-16T19:00:00Z,275575,338.047924
341.41,341.99,339.93,115,340.26,2022-03-16T20:00:00Z,26928,340.46462
341.03,341.03,337.14,914,338.4,2022-03-17T13:00:00Z,94579,338.90668
338.6,341.71,337.83,1323,340.79,2022-03-17T14:00:00Z,161326,339.887333
339.57,340.33,337.71,928,338.31,2022-03-17T15:00:00Z,68924,338.981765
341.025,341.27,339.16,759,339.64,2022-03-17T16:00:00Z,77118,340.390185
343.17,343.66,340.09,820,340.99,2022-03-17T17:00:00Z,103579,341.855899
343.03,343.36,341.84,708,343.16,2022-03-17T18:00:00Z,59725,342.613922
344.48,344.48,341.68,1881,342.9,2022-03-17T19:00:00Z,175847,343.178225
342.77,344.63,342.62,52,344.48,2022-03-17T20:00:00Z,9698,343.88714
345.24,345.24,341.56,1251,342.11,2022-03-18T13:00:00Z,197447,343.043879
346.38,347.48,345.07,1253,345.23,2022-03-18T14:00:00Z,121150,346.223106
347.35,348.22,346.44,933,346.44,2022-03-18T15:00:00Z,72556,347.423037
348.75,349.0,347.06,806,347.145,2022-03-18T16:00:00Z,65798,348.227562
348.99,349.38,348.4,1256,348.77,2022-03-18T17:00:00Z,131626,348.959303
349.66,349.695,348.45,906,348.99,2022-03-18T18:00:00Z,95972,349.19532
351.46,351.79,349.43,3504,349.64,2022-03-18T19:00:00Z,401790,351.074599
352.06,352.08,351.23,82,351.23,2022-03-18T20:00:00Z,24478,351.756398
350.3,350.3,350.3,1,350.3,2022-03-21T12:00:00Z,100,350.3
348.46,352.45,348.28,1072,350.38,2022-03-21T13:00:00Z,137678,350.23056
349.51,349.8,346.67,1284,348.51,2022-03-21T14:00:00Z,184005,347.589034
351.8,352.12,349.0,1395,349.48,2022-03-21T15:00:00Z,144708,350.830606
347.22,352.02,347.08,1639,351.79,2022-03-21T16:00:00Z,169598,349.196454
347.48,347.63,345.6,1105,347.13,2022-03-21T17:00:00Z,77308,346.692339
347.175,349.41,346.87,535,347.79,2022-03-21T18:00:00Z,55334,347.995208
350.13,350.145,347.045,1116,347.205,2022-03-21T19:00:00Z,105886,348.936414
350.5,350.66,350.09,34,350.09,2022-03-21T20:00:00Z,9367,350.438171
350.8,350.8,350.57,4,350.57,2022-03-22T12:00:00Z,1400,350.668571
352.47,352.88,350.22,975,350.69,2022-03-22T13:00:00Z,99911,351.982184
355.95,356.51,352.61,1395,352.65,2022-03-22T14:00:00Z,121835,355.30275
356.26,357.68,355.55,1511,356.165,2022-03-22T15:00:00Z,148495,356.878269
356.1,356.66,355.01,974,356.28,2022-03-22T16:00:00Z,87903,355.78473
356.69,356.78,355.25,792,355.785,2022-03-22T17:00:00Z,70573,356.174881
356.72,357.07,355.43,1016,356.75,2022-03-22T18:00:00Z,76926,356.320232
356.89,357.84,356.34,1584,356.71,2022-03-22T19:00:00Z,169202,356.957201
357.04,357.12,356.94,13,357.08,2022-03-22T20:00:00Z,3894,357.058437
353.29,354.67,352.31,1142,354.24,2022-03-23T13:00:00Z,131662,353.227586
355.35,355.78,352.35,1195,352.95,2022-03-23T14:00:00Z,104768,354.482564
356.93,356.955,355.19,930,355.43,2022-03-23T15:00:00Z,65654,356.279577
355.62,357.63,354.77,834,357.0,2022-03-23T16:00:00Z,50893,356.188387
353.98,355.775,353.02,1116,355.71,2022-03-23T17:00:00Z,101033,353.876866
353.26,354.41,352.49,735,353.98,2022-03-23T18:00:00Z,49368,353.318769
351.79,353.96,351.78,1605,353.03,2022-03-23T19:00:00Z,152726,352.634728
352.21,352.21,351.86,22,351.86,2022-03-23T20:00:00Z,8120,352.006
352.73,354.44,352.51,638,353.76,2022-03-24T13:00:00Z,92895,353.378734
353.74,354.41,351.615,865,352.84,2022-03-24T14:00:00Z,77711,353.062851
356.49,357.12,353.48,1128,353.62,2022-03-24T15:00:00Z,99753,356.09119
356.42,356.59,355.32,658,356.48,2022-03-24T16:00:00Z,77064,356.013837
356.83,357.22,355.97,450,356.32,2022-03-24T17:00:00Z,48222,356.765446
357.34,357.71,356.53,451,356.95,2022-03-24T18:00:00Z,49842,356.998616
359.59,359.67,356.795,1292,357.21,2022-03-24T19:00:00Z,120820,358.660362
359.55,359.59,359.38,25,359.51,2022-03-24T20:00:00Z,8735,359.53563
358.46,360.59,358.37,805,360.59,2022-03-25T13:00:00Z,102454,359.158531
359.22,360.62,357.97,1459,358.8,2022-03-25T14:00:00Z,150414,359.25982
355.77,359.28,354.95,1447,359.28,2022-03-25T15:00:00Z,155809,356.399864
356.64,357.26,355.27,1019,355.34,2022-03-25T16:00:00Z,94615,356.572053
358.4,358.42,356.17,694,356.72,2022-03-25T17:00:00Z,60678,357.252807
358.98,359.175,358.16,955,358.32,2022-03-25T18:00:00Z,86127,358.73179
359.28,359.46,356.33,1881,359.09,2022-03-25T19:00:00Z,199566,358.166617
359.34,359.34,359.15,38,359.3,2022-03-25T20:00:00Z,12641,359.24967
362.37,363.07,359.18,763,359.32,2022-03-28T13:00:00Z,83189,361.575072
362.25,362.45,360.15,757,362.45,2022-03-28T14:00:00Z,60089,361.271476
358.92,362.515,358.52,1059,362.41,2022-03-28T15:00:00Z,88127,360.409603
360.1,360.19,358.09,894,358.725,2022-03-28T16:00:00Z,84827,359.28352
361.65,361.69,360.06,522,360.06,2022-03-28T17:00:00Z,48173,361.005561
363.84,363.84,361.225,684,361.57,2022-03-28T18:00:00Z,73322,362.391185
365.0,365.0,363.35,1247,363.81,2022-03-28T19:00:00Z,113794,364.199531
364.83,365.14,364.81,50,365.02,2022-03-28T20:00:00Z,16150,365.011441
369.04,369.15,368.53,6,368.84,2022-03-29T12:00:00Z,1025,368.891579
369.05,370.72,367.9,1553,368.76,2022-03-29T13:00:00Z,157866,369.300009
368.24,369.635,366.275,1636,368.85,2022-03-29T14:00:00Z,142742,367.420653
368.875,369.4,367.36,1224,368.44,2022-03-29T15:00:00Z,199348,368.658431
368.24,369.025,367.29,826,368.7,2022-03-29T16:00:00Z,101279,368.338394
369.765,369.86,367.51,1220,368.3,2022-03-29T17:00:00Z,114511,368.766289
370.64,370.82,369.11,1950,369.81,2022-03-29T18:00:00Z,220111,370.086853
371.18,371.815,370.24,3271,370.69,2022-03-29T19:00:00Z,353387,371.190848
370.88,371.22,370.63,41,371.13,2022-03-29T20:00:00Z,16826,370.866022
368.91,369.19,368.91,5,368.97,2022-03-30T12:00:00Z,1380,369.018296
369.825,370.36,368.775,1278,369.535,2022-03-30T13:00:00Z,159375,369.622012
369.06,370.93,368.97,1583,369.84,2022-03-30T14:00:00Z,136077,370.125646
368.965,369.22,367.665,1098,368.94,2022-03-30T15:00:00Z,198901,368.394052
370.0,370.065,368.47,866,369.07,2022-03-30T16:00:00Z,92570,369.339882
368.41,370.025,368.37,745,369.985,2022-03-30T17:00:00Z,149756,369.136815
367.22,369.0,367.14,959,368.33,2022-03-30T18:00:00Z,196536,368.125198
367.1,367.32,365.58,2545,367.2,2022-03-30T19:00:00Z,278101,366.365966
367.95,367.95,367.25,52,367.25,2022-03-30T20:00:00Z,15833,367.640449
365.92,367.42,364.83,675,367.31,2022-03-31T13:00:00Z,66737,365.715779
367.34,367.59,364.52,928,365.74,2022-03-31T14:00:00Z,96050,366.17227
366.39,367.13,365.875,846,367.13,2022-03-31T15:00:00Z,79839,366.430528
364.805,366.55,364.7,437,366.55,2022-03-31T16:00:00Z,72034,365.414709
365.325,366.01,364.52,541,364.85,2022-03-31T17:00:00Z,59805,365.065268
365.86,365.86,364.345,794,365.4,2022-03-31T18:00:00Z,72238,365.011988
362.02,366.84,361.71,2775,365.95,2022-03-31T19:00:00Z,252085,364.12592
363.12,363.35,362.3,88,362.45,2022-03-31T20:00:00Z,41781,362.904369
362.88,363.28,362.88,7,363.28,2022-04-01T12:00:00Z,912,362.981111
361.4,363.575,360.66,700,362.7,2022-04-01T13:00:00Z,93682,362.207172
362.55,362.74,360.61,1135,361.36,2022-04-01T14:00:00Z,114238,361.82015
359.48,362.675,359.34,916,362.6,2022-04-01T15:00:00Z,73516,360.735293
359.08,360.0,358.85,616,359.45,2022-04-01T16:00:00Z,55185,359.317184
359.615,360.105,358.61,407,358.99,2022-04-01T17:00:00Z,43575,359.438058
360.705,361.64,359.385,853,359.55,2022-04-01T18:00:00Z,76699,360.72564
361.83,362.06,359.16,1432,360.76,2022-04-01T19:00:00Z,156142,360.589041
361.2,361.86,361.2,19,361.76,2022-04-01T20:00:00Z,4552,361.496363
362.51,363.21,362.51,5,363.21,2022-04-04T12:00:00Z,1620,362.85
366.38,366.46,362.45,771,362.74,2022-04-04T13:00:00Z,83846,364.440449
366.75,367.0,365.41,1343,366.56,2022-04-04T14:00:00Z,138483,366.187108
367.845,368.16,366.71,1044,366.775,2022-04-04T15:00:00Z,121861,367.661536
367.59,368.35,367.58,665,367.78,2022-04-04T16:00:00Z,74146,367.913796
368.18,368.18,367.365,575,367.61,2022-04-04T17:00:00Z,49483,367.654448
368.355,368.61,366.95,933,368.05,2022-04-04T18:00:00Z,143322,367.968246
369.28,369.3,368.195,1484,368.335,2022-04-04T19:00:00Z,152757,368.822422
369.2,369.41,369.2,7,369.24,2022-04-04T20:00:00Z,1242,369.293913
367.09,368.46,366.565,620,368.13,2022-04-05T13:00:00Z,66600,367.606258
364.445,367.6,363.21,1475,366.96,2022-04-05T14:00:00Z,184755,364.335365
362.67,364.72,362.63,955,364.45,2022-04-05T15:00:00Z,85967,363.495025
362.675,363.15,361.67,763,362.99,2022-04-05T16:00:00Z,100028,362.29391
362.16,363.84,361.67,717,362.725,2022-04-05T17:00:00Z,83122,362.738738
362.115,363.04,361.96,614,362.17,2022-04-05T18:00:00Z,78986,362.596417
361.26,362.29,359.96,2273,362.14,2022-04-05T19:00:00Z,287240,360.861022
361.84,361.84,361.14,100,361.14,2022-04-05T20:00:00Z,22584,361.454929
355.19,355.19,355.19,2,355.19,2022-04-06T12:00:00Z,385,355.19
353.28,356.585,353.22,1126,355.64,2022-04-06T13:00:00Z,171562,354.426491
352.54,353.68,352.01,1186,353.09,2022-04-06T14:00:00Z,133344,352.669891
353.0,353.65,351.84,1019,352.44,2022-04-06T15:00:00Z,111054,352.798748
351.81,353.08,351.19,781,353.05,2022-04-06T16:00:00Z,97024,351.800686
353.575,354.55,351.44,1019,351.745,2022-04-06T17:00:00Z,165443,353.247906
355.37,356.34,350.56,2467,353.67,2022-04-06T18:00:00Z,228213,353.505643
353.18,356.72,352.32,1422,355.6,2022-04-06T19:00:00Z,178288,354.168955
353.2,353.43,353.16,20,353.29,2022-04-06T20:00:00Z,9544,353.313781
354.59,355.0,352.11,1213,352.28,2022-04-07T13:00:00Z,147054,353.818
352.39,355.51,351.35,759,354.67,2022-04-07T14:00:00Z,108441,353.339687
350.16,353.26,349.61,962,352.62,2022-04-07T15:00:00Z,126500,351.218025
349.62,351.01,348.71,1162,350.02,2022-04-07T16:00:00Z,94758,349.926256
353.22,353.22,349.59,1413,349.59,2022-04-07T17:00:00Z,121948,351.646215
354.82,354.89,352.32,1143,353.18,2022-04-07T18:00:00Z,86797,353.291653
354.12,356.325,353.82,2021,354.82,2022-04-07T19:00:00Z,170122,355.102843
354.24,354.3,354.06,15,354.11,2022-04-07T20:00:00Z,4428,354.163412
353.5,354.28,353.5,8,354.28,2022-04-08T12:00:00Z,1608,353.904185
348.93,352.95,348.72,1443,352.87,2022-04-08T13:00:00Z,157962,350.588218
352.42,352.42,348.95,1762,348.95,2022-04-08T14:00:00Z,202489,350.312465
351.86,353.02,350.55,786,352.3,2022-04-08T15:00:00Z,76725,351.69964
352.77,352.97,351.36,503,352.07,2022-04-08T16:00:00Z,55852,352.211649
350.52,352.61,350.275,345,352.61,2022-04-08T17:00:00Z,45615,351.297702
350.23,351.1,349.25,759,350.32,2022-04-08T18:00:00Z,95309,350.03666
349.1,351.01,348.54,2926,350.16,2022-04-08T19:00:00Z,246663,349.472748
348.96,349.52,348.96,54,349.51,2022-04-08T20:00:00Z,13341,349.291591
344.92,344.92,344.58,7,344.58,2022-04-11T12:00:00Z,1702,344.690588
344.43,345.65,343.4,1370,344.69,2022-04-11T13:00:00Z,137382,344.524073
342.13,345.45,341.805,1583,344.31,2022-04-11T14:00:00Z,140030,343.334245
342.77,343.33,341.97,1144,342.46,2022-04-11T15:00:00Z,93619,342.649187
343.15,343.33,342.04,805,342.7,2022-04-11T16:00:00Z,61271,342.499584
343.2,344.09,342.76,861,343.41,2022-04-11T17:00:00Z,80197,343.477963
343.205,343.77,342.17,744,343.36,2022-04-11T18:00:00Z,59431,343.115477
340.97,343.92,340.56,2417,343.31,2022-04-11T19:00:00Z,225260,341.256564
341.01,341.15,340.67,73,340.85,2022-04-11T20:00:00Z,10450,340.897815
347.37,347.8,341.73,40,341.73,2022-04-12T12:00:00Z,12527,346.483065
347.07,347.23,343.76,1303,346.88,2022-04-12T13:00:00Z,216317,345.455562
343.725,347.69,343.17,1062,347.16,2022-04-12T14:00:00Z,106845,345.34495
344.66,345.73,343.05,881,343.64,2022-04-12T15:00:00Z,77196,344.547444
343.48,344.705,342.6,918,344.635,2022-04-12T16:00:00Z,74685,343.448387
341.0,344.13,340.87,1041,343.5,2022-04-12T17:00:00Z,85727,342.548521
339.765,341.66,338.89,1591,341.04,2022-04-12T18:00:00Z,169015,340.272842
339.52,340.345,338.1,2361,339.74,2022-04-12T19:00:00Z,184684,339.082186
339.71,339.92,339.02,55,339.23,2022-04-12T20:00:00Z,8505,339.616723
339.5,339.5,339.5,1,339.5,2022-04-13T12:00:00Z,100,339.5
341.35,342.605,339.16,814,339.89,2022-04-13T13:00:00Z,99433,341.123505
342.67,343.76,340.85,1010,341.4,2022-04-13T14:00:00Z,126692,342.2795
344.65,345.14,342.57,836,342.57,2022-04-13T15:00:00Z,89160,344.428137
345.45,345.835,344.18,985,344.675,2022-04-13T16:00:00Z,105029,345.108382
344.89,345.9,344.19,681,345.44,2022-04-13T17:00:00Z,82515,345.013645
345.93,346.11,344.64,948,344.77,2022-04-13T18:00:00Z,102304,345.218313
346.3,347.405,345.45,2118,345.92,2022-04-13T19:00:00Z,256888,346.644904
346.22,346.45,346.08,16,346.08,2022-04-13T20:00:00Z,5080,346.218667
343.8,346.91,343.55,745,345.47,2022-04-14T13:00:00Z,93056,345.106228
342.12,344.31,341.5,768,343.73,2022-04-14T14:00:00Z,95551,342.531247
341.48,343.01,341.3,548,341.91,2022-04-14T15:00:00Z,52783,342.173274
340.71,341.84,340.07,733,341.405,2022-04-14T16:00:00Z,105635,340.736402
341.62,341.7,340.32,661,340.65,2022-04-14T17:00:00Z,88593,340.914738
339.57,342.13,339.57,935,341.79,2022-04-14T18:00:00Z,109337,340.755676
338.44,340.23,338.21,1857,339.5,2022-04-14T19:00:00Z,180327,338.946001
338.4,338.4,338.01,71,338.38,2022-04-14T20:00:00Z,13283,338.24046
336.27,336.27,336.27,1,336.27,2022-04-18T12:00:00Z,100,336.27
337.76,339.31,336.95,788,337.6,2022-04-18T13:00:00Z,101031,338.295268
339.57,341.03,337.17,1253,337.66,2022-04-18T14:00:00Z,121537,339.729494
337.98,340.04,337.1,769,339.5,2022-04-18T15:00:00Z,75571,338.37776
336.55,337.915,335.87,575,337.88,2022-04-18T16:00:00Z,56900,336.593428
339.83,340.42,336.3,595,336.5,2022-04-18T17:00:00Z,72429,338.559413
339.36,340.85,339.265,482,339.92,2022-04-18T18:00:00Z,43315,339.996858
338.9,339.55,336.755,1064,339.55,2022-04-18T19:00:00Z,103566,337.975923
340.01,340.7,338.96,118,338.96,2022-04-18T20:00:00Z,26220,340.070533
338.37,338.37,338.37,1,338.37,2022-04-19T12:00:00Z,100,338.37
341.4,341.4,337.02,567,337.54,2022-04-19T13:00:00Z,94368,338.935639
344.26,344.71,341.09,1151,341.57,2022-04-19T14:00:00Z,155809,343.266033
345.3,345.74,343.83,759,344.275,2022-04-19T15:00:00Z,117518,344.864557
344.91,345.22,344.28,574,345.22,2022-04-19T16:00:00Z,69168,344.825155
344.83,345.12,344.06,534,344.775,2022-04-19T17:00:00Z,63244,344.560826
344.81,344.88,343.55,547,344.74,2022-04-19T18:00:00Z,59815,344.219597
346.12,346.83,344.58,2013,344.85,2022-04-19T19:00:00Z,248502,346.160383
343.17,345.44,342.57,139,345.44,2022-04-19T20:00:00Z,30919,343.492172
347.74,347.74,347.74,1,347.74,2022-04-20T12:00:00Z,100,347.74
343.1,348.03,342.665,662,348.03,2022-04-20T13:00:00Z,93591,345.334377
344.12,344.55,341.94,926,342.99,2022-04-20T14:00:00Z,135712,343.412582
341.99,344.11,341.61,628,344.11,2022-04-20T15:00:00Z,94012,342.326757
342.4,342.71,340.59,498,342.07,2022-04-20T16:00:00Z,60986,341.622145
342.91,343.76,341.955,346,342.37,2022-04-20T17:00:00Z,44664,343.029579
340.63,343.21,340.01,698,342.875,2022-04-20T18:00:00Z,71546,341.5301
341.025,342.79,340.68,1383,340.68,2022-04-20T19:00:00Z,172675,341.602237
342.65,342.89,341.47,31,341.47,2022-04-20T20:00:00Z,8548,342.554005
345.45,345.57,345.11,12,345.57,2022-04-21T12:00:00Z,1785,345.425882
345.89,347.84,345.06,825,345.31,2022-04-21T13:00:00Z,91120,346.956714
343.28,346.22,342.69,891,345.98,2022-04-21T14:00:00Z,89097,344.516681
340.19,343.86,340.13,821,342.94,2022-04-21T15:00:00Z,101344,342.35493
338.83,340.54,338.73,807,340.3,2022-04-21T16:00:00Z,91060,339.816376
337.63,339.78,337.48,853,338.79,2022-04-21T17:00:00Z,98243,338.596815
335.14,337.41,334.74,1231,337.41,2022-04-21T18:00:00Z,123016,336.135251
334.37,335.42,333.29,2259,335.14,2022-04-21T19:00:00Z,254766,334.294645
334.16,334.55,333.21,50,334.14,2022-04-21T20:00:00Z,9966,334.045405
334.09,334.9,334.09,3,334.9,2022-04-22T12:00:00Z,700,334.321429
332.69,335.51,331.71,1084,334.3,2022-04-22T13:00:00Z,155835,334.017972
331.56,334.82,330.9,915,332.93,2022-04-22T14:00:00Z,114283,332.253988
329.16,332.95,329.16,845,331.52,2022-04-22T15:00:00Z,74063,330.907678
328.51,330.12,328.51,620,329.14,2022-04-22T16:00:00Z,83505,329.188131
327.23,328.87,327.2,630,328.33,2022-04-22T17:00:00Z,80375,327.905352
326.4,328.49,325.81,979,327.04,2022-04-22T18:00:00Z,161047,326.985799
325.37,328.98,324.985,2477,326.33,2022-04-22T19:00:00Z,320532,327.122769
324.38,325.44,324.01,134,325.44,2022-04-22T20:00:00Z,32729,324.736707
323.7,323.76,323.25,3,323.25,2022-04-25T12:00:00Z,900,323.506667
322.76,325.6,322.49,1381,324.2,2022-04-25T13:00:00Z,181599,323.983546
324.56,327.99,322.65,1450,322.8,2022-04-25T14:00:00Z,168807,325.386986
323.18,325.55,322.61,1409,324.75,2022-04-25T15:00:00Z,160544,324.055931
325.05,326.49,322.61,983,323.085,2022-04-25T16:00:00Z,94368,324.806432
325.07,326.73,324.15,719,325.07,2022-04-25T17:00:00Z,42974,325.612807
327.31,328.61,324.61,960,324.79,2022-04-25T18:00:00Z,77003,327.291297
329.58,329.855,325.26,1918,327.245,2022-04-25T19:00:00Z,189708,328.602803
329.55,329.98,329.24,46,329.91,2022-04-25T20:00:00Z,11525,329.715119
323.15,327.6,322.925,764,327.49,2022-04-26T13:00:00Z,96147,324.548582
320.3,323.31,320.1,1434,323.07,2022-04-26T14:00:00Z,152816,321.597414
319.19,320.78,319.06,1086,320.24,2022-04-26T15:00:00Z,100559,319.892411
321.83,322.25,319.225,1052,319.27,2022-04-26T16:00:00Z,137486,320.999783
319.71,321.54,319.16,960,321.54,2022-04-26T17:00:00Z,92941,319.800685
321.63,321.63,319.335,944,319.825,2022-04-26T18:00:00Z,102023,320.371649
316.86,321.845,316.86,2628,321.735,2022-04-26T19:00:00Z,320045,318.423213
312.0,317.13,311.9,146,316.81,2022-04-26T20:00:00Z,29554,314.418049
318.03,318.03,318.03,1,318.03,2022-04-27T12:00:00Z,400,318.03
320.96,322.87,316.99,1517,317.36,2022-04-27T13:00:00Z,198572,320.461445
317.85,322.03,315.01,1724,321.11,2022-04-27T14:00:00Z,202698,317.536305
318.72,320.67,317.84,877,317.84,2022-04-27T15:00:00Z,95633,319.385198
321.24,322.26,317.66,741,318.67,2022-04-27T16:00:00Z,99776,320.818805
320.68,321.61,318.81,1234,321.21,2022-04-27T17:00:00Z,147515,320.170294
317.89,320.92,317.51,1042,320.81,2022-04-27T18:00:00Z,130235,319.596331
316.74,318.175,316.12,2259,317.79,2022-04-27T19:00:00Z,257734,317.162249
320.7,321.14,316.9,101,317.01,2022-04-27T20:00:00Z,33093,319.080152
321.22,322.7,320.92,6,322.32,2022-04-28T12:00:00Z,1500,321.659333
319.95,323.37,319.08,940,322.1,2022-04-28T13:00:00Z,123354,320.463016
319.205,321.1,317.6,1048,319.97,2022-04-28T14:00:00Z,114675,319.092578
320.06,321.84,319.01,1234,319.11,2022-04-28T15:00:00Z,138039,320.662371
325.4,325.73,319.58,858,320.19,2022-04-28T16:00:00Z,104763,322.321473
327.61,327.665,325.13,1428,325.46,2022-04-28T17:00:00Z,197155,326.813819
328.81,329.45,327.08,1232,327.65,2022-04-28T18:00:00Z,133121,328.282913
327.99,329.88,326.76,2763,328.74,2022-04-28T19:00:00Z,273621,328.134662
324.15,327.93,323.51,198,327.65,2022-04-28T20:00:00Z,46586,325.642901
326.86,327.21,322.55,970,323.13,2022-04-29T13:00:00Z,116516,324.704727
321.79,327.1,320.86,1256,326.97,2022-04-29T14:00:00Z,138225,323.182619
320.965,322.81,320.53,687,321.78,2022-04-29T15:00:00Z,64781,321.511498
318.525,320.87,318.205,868,320.87,2022-04-29T16:00:00Z,98313,319.214027
318.05,320.02,317.995,837,318.565,2022-04-29T17:00:00Z,72518,318.777304
316.45,318.48,315.65,1139,317.9,2022-04-29T18:00:00Z,141881,316.749686
313.43,316.645,312.64,3288,316.36,2022-04-29T19:00:00Z,371416,314.392008
314.05,314.45,313.49,82,313.66,2022-04-29T20:00:00Z,16599,313.962628
315.04,316.1,310.48,2363,312.9,2022-05-02T13:00:00Z,310706,313.547136
314.48,317.7,312.145,2568,315.1,2022-05-02T14:00:00Z,243159,314.786285
314.14,315.1,312.49,950,314.46,2022-05-02T15:00:00Z,107641,313.504106
312.035,315.52,311.9,838,314.255,2022-05-02T16:00:00Z,86981,313.790259
311.46,312.73,310.37,907,312.18,2022-05-02T17:00:00Z,97566,311.505098
311.075,312.61,309.68,1007,311.32,2022-05-02T18:00:00Z,77731,310.910772
318.43,318.695,311.04,2080,311.1,2022-05-02T19:00:00Z,231167,316.327235
317.95,318.65,317.64,46,318.57,2022-05-02T20:00:00Z,6817,317.937302
319.4,319.4,316.01,1243,318.86,2022-05-03T13:00:00Z,174643,317.455553
317.4,320.39,316.2,2126,319.55,2022-05-03T14:00:00Z,136561,318.209267
319.23,320.16,316.84,1191,317.42,2022-05-03T15:00:00Z,71207,319.033896
318.73,320.14,317.38,618,319.11,2022-05-03T16:00:00Z,43036,318.39845
320.11,321.05,318.66,586,319.01,2022-05-03T17:00:00Z,44770,320.096474
319.5,319.95,316.76,716,319.95,2022-05-03T18:00:00Z,60637,318.039501
318.87,319.97,317.23,1195,319.45,2022-05-03T19:00:00Z,102127,318.712367
319.58,320.3,318.95,34,318.95,2022-05-03T20:00:00Z,7141,319.638329
319.54,319.54,319.54,1,319.54,2022-05-04T12:00:00Z,100,319.54
317.25,319.445,317.21,460,319.23,2022-05-04T13:00:00Z,55938,318.733504
315.07,317.31,314.82,745,317.31,2022-05-04T14:00:00Z,87286,315.678455
315.8,316.08,313.92,668,315.0,2022-05-04T15:00:00Z,71990,314.759318
319.17,319.22,315.55,587,315.88,2022-05-04T16:00:00Z,70878,317.358427
320.225,320.63,318.46,576,319.245,2022-05-04T17:00:00Z,74725,319.446173
324.74,325.36,315.35,3070,320.48,2022-05-04T18:00:00Z,372598,320.409033
329.74,330.29,324.34,2965,324.98,2022-05-04T19:00:00Z,418708,328.458063
328.7,329.63,328.65,68,329.61,2022-05-04T20:00:00Z,20493,329.356592
321.06,325.16,320.685,1041,325.14,2022-05-05T13:00:00Z,129186,323.245919
316.3,321.04,315.07,1703,320.88,2022-05-05T14:00:00Z,189262,317.600926
312.99,316.475,312.91,1870,316.28,2022-05-05T15:00:00Z,169890,314.681853
314.33,315.07,311.93,971,312.9,2022-05-05T16:00:00Z,93745,313.862297
312.835,315.945,312.39,845,314.71,2022-05-05T17:00:00Z,85442,314.077205
312.465,314.29,311.54,1353,312.7,2022-05-05T18:00:00Z,145728,312.62467
313.4,313.81,309.63,3883,312.445,2022-05-05T19:00:00Z,546735,311.841071
314.1,314.79,313.33,80,313.45,2022-05-05T20:00:00Z,14888,314.186554
310.44,314.11,310.44,10,312.96,2022-05-06T12:00:00Z,2225,311.366818
305.8,311.7,305.16,1321,310.65,2022-05-06T13:00:00Z,151857,307.408839
313.005,313.51,305.75,1743,305.75,2022-05-06T14:00:00Z,220195,310.221315
309.97,315.0,309.5,1269,312.9,2022-05-06T15:00:00Z,170616,312.208503
313.46,313.51,309.51,985,309.84,2022-05-06T16:00:00Z,110399,311.734907
309.23,313.71,309.07,600,313.28,2022-05-06T17:00:00Z,67370,311.138151
307.88,309.9,307.41,1084,309.0,2022-05-06T18:00:00Z,127197,308.533961
309.38,310.81,306.3,2608,307.89,2022-05-06T19:00:00Z,297188,308.797233
308.73,309.25,307.95,55,309.25,2022-05-06T20:00:00Z,6264,308.490213
303.81,303.81,303.81,1,303.81,2022-05-09T12:00:00Z,100,303.81
303.25,305.78,302.86,1354,303.21,2022-05-09T13:00:00Z,145554,303.977574
299.85,303.76,299.58,2129,303.36,2022-05-09T14:00:00Z,226529,301.404703
300.51,301.12,298.26,1249,299.78,2022-05-09T15:00:00Z,131022,299.904539
299.53,302.63,299.24,1335,300.25,2022-05-09T16:00:00Z,122340,300.958601
298.71,300.53,297.97,1746,299.51,2022-05-09T17:00:00Z,130369,299.293638
299.45,299.74,297.62,1725,298.74,2022-05-09T18:00:00Z,147714,298.650211
297.18,300.66,295.77,3617,299.87,2022-05-09T19:00:00Z,474315,297.659922
297.41,298.24,297.25,61,297.43,2022-05-09T20:00:00Z,12433,297.900747
303.95,303.95,301.21,3,301.21,2022-05-10T12:00:00Z,1000,302.296
303.56,305.61,300.72,1883,304.57,2022-05-10T13:00:00Z,226540,302.710573
298.98,305.49,298.71,3070,303.42,2022-05-10T14:00:00Z,284604,302.546149
298.9,300.02,296.62,1592,298.88,2022-05-10T15:00:00Z,177332,298.122067
298.06,300.11,297.18,1519,298.98,2022-05-10T16:00:00Z,128404,298.579463
304.86,304.92,297.8,1764,298.03,2022-05-10T17:00:00Z,198740,302.300335
303.47,305.03,302.01,1554,305.0,2022-05-10T18:00:00Z,162545,303.551636
300.82,304.81,300.22,2518,303.8,2022-05-10T19:00:00Z,261202,301.707081
300.56,300.93,300.28,37,300.28,2022-05-10T20:00:00Z,6750,300.52831
295.73,301.05,295.26,29,301.05,2022-05-11T12:00:00Z,36330,295.682118
301.85,303.94,296.035,2490,296.14,2022-05-11T13:00:00Z,308709,300.427124
300.06,302.8,298.85,2531,301.74,2022-05-11T14:00:00Z,250801,301.139947
299.45,301.92,297.85,1366,299.71,2022-05-11T15:00:00Z,100579,299.538732
295.97,299.94,295.6,1402,299.36,2022-05-11T16:00:00Z,125460,297.651488
292.68,295.86,292.54,2009,295.77,2022-05-11T17:00:00Z,148194,294.374425
293.56,296.51,292.67,2147,292.67,2022-05-11T18:00:00Z,189007,294.292627
291.79,293.83,290.98,2977,293.42,2022-05-11T19:00:00Z,304420,292.080636
292.99,293.03,291.75,77,291.98,2022-05-11T20:00:00Z,40688,292.787039
287.68,287.68,287.08,5,287.65,2022-05-12T12:00:00Z,1895,287.521689
287.48,290.175,285.13,1483,287.34,2022-05-12T13:00:00Z,244574,287.176046
294.4,294.55,286.33,2732,287.43,2022-05-12T14:00:00Z,332373,291.480196
288.83,295.67,288.78,2177,294.41,2022-05-12T15:00:00Z,246339,292.645318
290.25,292.07,287.97,1823,288.76,2022-05-12T16:00:00Z,218604,290.231716
286.2,291.0,285.83,1267,290.29,2022-05-12T17:00:00Z,131450,288.281796
285.61,287.24,284.945,1361,286.345,2022-05-12T18:00:00Z,174859,285.7988
291.37,291.37,285.425,2235,285.585,2022-05-12T19:00:00Z,280798,289.105859
289.31,291.21,289.05,23,291.06,2022-05-12T20:00:00Z,3442,290.598613
296.97,297.05,296.97,2,297.05,2022-05-13T12:00:00Z,800,297.01
298.41,299.23,294.1,1068,296.53,2022-05-13T13:00:00Z,108574,296.872974
300.38,300.825,298.48,1264,298.51,2022-05-13T14:00:00Z,155630,299.913437
301.22,301.45,299.69,904,300.38,2022-05-13T15:00:00Z,77983,300.675153
301.845,302.95,300.94,858,301.135,2022-05-13T16:00:00Z,89354,302.262965
299.94,302.12,299.77,724,301.915,2022-05-13T17:00:00Z,46184,300.9682
300.93,301.04,297.84,939,299.88,2022-05-13T18:00:00Z,70340,299.118405
301.78,302.98,300.22,2305,300.91,2022-05-13T19:00:00Z,297082,301.534153
301.71,301.94,301.18,22,301.58,2022-05-13T20:00:00Z,4423,301.644964
298.58,301.05,297.87,943,300.14,2022-05-16T13:00:00Z,99080,299.142413
297.67,301.53,297.52,1281,298.89,2022-05-16T14:00:00Z,112432,299.797625
300.33,300.62,297.2,862,297.43,2022-05-16T15:00:00Z,84832,298.705047
298.33,301.0,298.06,636,300.44,2022-05-16T16:00:00Z,58301,299.484502
300.36,301.07,298.03,667,298.12,2022-05-16T17:00:00Z,57009,299.939257
301.21,302.23,299.86,1050,300.16,2022-05-16T18:00:00Z,85023,301.407709
298.62,301.42,297.74,1320,301.29,2022-05-16T19:00:00Z,137324,298.902117
298.25,298.67,298.19,42,298.67,2022-05-16T20:00:00Z,11700,298.547686
303.28,305.45,303.075,646,304.48,2022-05-17T13:00:00Z,109113,304.350883
301.32,304.45,300.61,901,303.43,2022-05-17T14:00:00Z,121590,302.108139
303.885,304.43,301.165,670,301.32,2022-05-17T15:00:00Z,81528,302.798675
303.795,304.68,302.97,669,303.835,2022-05-17T16:00:00Z,77277,303.709267
304.22,304.87,303.15,546,303.855,2022-05-17T17:00:00Z,62313,304.065204
305.155,305.75,301.62,1054,304.33,2022-05-17T18:00:00Z,115733,303.565777
306.22,306.56,305.02,1052,305.14,2022-05-17T19:00:00Z,157286,305.859884
306.41,306.48,305.93,13,305.93,2022-05-17T20:00:00Z,4176,306.231852
301.69,303.29,301.69,6,303.29,2022-05-18T12:00:00Z,700,302.551637
299.79,302.22,299.665,929,301.44,2022-05-18T13:00:00Z,120934,301.078794
299.91,301.27,298.99,1214,299.9,2022-05-18T14:00:00Z,122541,300.037268
295.48,299.8,295.4,1348,299.8,2022-05-18T15:00:00Z,149704,297.07706
295.81,295.83,294.035,1017,295.51,2022-05-18T16:00:00Z,102078,295.075693
291.91,295.825,291.595,808,295.81,2022-05-18T17:00:00Z,120030,293.281596
290.76,292.66,290.55,1193,292.02,2022-05-18T18:00:00Z,124286,291.735166
291.14,292.05,289.86,2131,291.03,2022-05-18T19:00:00Z,211920,290.853788
289.98,291.11,289.31,162,291.1,2022-05-18T20:00:00Z,47477,289.919896
287.49,287.57,287.49,2,287.57,2022-05-19T12:00:00Z,300,287.516667
290.11,292.0,287.67,1103,289.33,2022-05-19T13:00:00Z,134720,290.022393
291.24,292.69,289.41,1561,289.93,2022-05-19T14:00:00Z,163958,290.895035
293.265,294.36,290.23,1056,291.285,2022-05-19T15:00:00Z,107718,292.566262
290.93,293.76,289.86,721,293.35,2022-05-19T16:00:00Z,71819,291.692417
291.74,292.25,289.0,1023,290.99,2022-05-19T17:00:00Z,93713,290.426249
292.76,293.39,290.44,1074,291.925,2022-05-19T18:00:00Z,87455,291.765629
289.46,293.62,289.16,1278,293.09,2022-05-19T19:00:00Z,124974,290.317735
290.12,290.3,289.0,79,289.3,2022-05-19T20:00:00Z,13424,289.584992
292.58,293.785,291.42,787,293.18,2022-05-20T13:00:00Z,173112,292.431457
287.77,292.79,287.64,1289,292.56,2022-05-20T14:00:00Z,178049,290.457226
286.18,288.12,285.63,964,287.745,2022-05-20T15:00:00Z,99005,286.738572
282.26,286.28,281.27,842,286.09,2022-05-20T16:00:00Z,77310,283.532649
283.09,283.5,280.34,986,281.94,2022-05-20T17:00:00Z,118999,282.116264
282.61,283.83,280.92,856,283.14,2022-05-20T18:00:00Z,120387,282.192165
288.56,288.84,281.575,2465,282.64,2022-05-20T19:00:00Z,288123,286.121899
288.58,288.98,287.98,29,288.78,2022-05-20T20:00:00Z,6111,288.511434
290.0,290.0,290.0,1,290.0,2022-05-23T12:00:00Z,200,290.0
289.0,291.95,288.21,655,290.25,2022-05-23T13:00:00Z,98219,289.903486
289.35,291.05,287.31,1057,289.08,2022-05-23T14:00:00Z,94993,289.147515
292.295,292.74,289.29,1060,289.71,2022-05-23T15:00:00Z,86156,291.362109
292.21,293.76,291.72,703,292.37,2022-05-23T16:00:00Z,75681,292.77589
292.26,292.83,290.57,297,292.19,2022-05-23T17:00:00Z,21755,291.614862
292.45,293.77,292.1,371,292.85,2022-05-23T18:00:00Z,28274,293.02928
293.38,293.545,291.52,1012,292.51,2022-05-23T19:00:00Z,124270,292.725335
293.83,294.33,293.5,54,293.58,2022-05-23T20:00:00Z,14124,293.794143
288.6,288.6,288.45,3,288.45,2022-05-24T12:00:00Z,509,288.48
284.72,288.86,284.72,554,288.065,2022-05-24T13:00:00Z,74629,286.680923
283.33,284.78,282.28,1518,284.78,2022-05-24T14:00:00Z,213252,283.596233
285.79,286.11,283.22,814,283.3,2022-05-24T15:00:00Z,117955,284.624483
285.4,287.84,284.47,488,285.49,2022-05-24T16:00:00Z,54936,286.123315
286.16,286.81,283.92,614,284.91,2022-05-24T17:00:00Z,74528,285.479087
284.66,287.5,284.17,764,286.27,2022-05-24T18:00:00Z,63886,285.955756
287.225,288.46,284.69,1655,284.74,2022-05-24T19:00:00Z,161548,286.901653
287.73,288.05,287.24,33,288.0,2022-05-24T20:00:00Z,5099,287.855217
287.89,289.02,285.5,740,285.82,2022-05-25T13:00:00Z,114754,287.687688
289.57,290.8,286.77,559,287.82,2022-05-25T14:00:00Z,90205,288.950255
289.035,290.12,288.09,522,289.51,2022-05-25T15:00:00Z,67150,289.259462
288.6,289.43,287.6,270,289.37,2022-05-25T16:00:00Z,33175,288.390103
289.06,289.31,287.545,270,288.3,2022-05-25T17:00:00Z,41546,288.552628
291.75,291.945,287.0,939,288.69,2022-05-25T18:00:00Z,119789,289.776337
291.28,293.32,290.18,1474,291.82,2022-05-25T19:00:00Z,182035,291.701526
289.77,291.36,288.07,143,291.21,2022-05-25T20:00:00Z,38151,289.9428
295.45,295.64,290.2,525,291.61,2022-05-26T13:00:00Z,58006,293.352661
297.31,297.32,295.03,1057,295.625,2022-05-26T14:00:00Z,114530,296.369793
298.19,298.29,297.11,965,297.335,2022-05-26T15:00:00Z,118596,297.800526
300.31,300.32,297.79,993,297.99,2022-05-26T16:00:00Z,113082,299.567675
300.34,300.91,299.52,947,300.32,2022-05-26T17:00:00Z,117888,300.103928
300.025,300.64,299.68,829,300.315,2022-05-26T18:00:00Z,106470,300.050547
299.33,300.71,298.335,1666,300.07,2022-05-26T19:00:00Z,182728,299.474806
298.92,299.25,298.65,27,299.25,2022-05-26T20:00:00Z,7654,298.898554
302.19,302.19,300.73,3,300.73,2022-05-27T12:00:00Z,210,301.46
305.26,305.42,302.07,534,302.27,2022-05-27T13:00:00Z,104540,304.179801
305.545,307.035,305.26,653,305.26,2022-05-27T14:00:00Z,109417,306.201216
307.025,307.14,304.96,485,305.73,2022-05-27T15:00:00Z,86909,306.447048
306.95,307.49,306.3,452,307.21,2022-05-27T16:00:00Z,66805,306.861613
306.93,307.18,306.5,322,306.815,2022-05-27T17:00:00Z,48854,306.86794
307.61,307.63,306.56,456,306.75,2022-05-27T18:00:00Z,79966,307.220826
309.105,309.17,307.4,2006,307.545,2022-05-27T19:00:00Z,291795,308.301017
309.47,309.61,309.07,40,309.12,2022-05-27T20:00:00Z,11179,309.284695
307.62,307.62,307.62,1,307.62,2022-05-31T12:00:00Z,400,307.62
306.3,309.33,305.36,769,308.65,2022-05-31T13:00:00Z,114332,306.909376
307.86,308.38,304.35,712,306.2,2022-05-31T14:00:00Z,76744,306.52253
309.915,310.13,306.45,702,307.735,2022-05-31T15:00:00Z,70202,308.007348
310.52,310.99,308.84,637,309.915,2022-05-31T16:00:00Z,95736,310.18603
311.2,311.2,308.79,494,310.31,2022-05-31T17:00:00Z,45253,309.929151
307.98,311.315,307.345,800,310.69,2022-05-31T18:00:00Z,90483,309.569251
308.53,310.67,307.51,1445,308.01,2022-05-31T19:00:00Z,132835,309.325395
308.56,308.78,308.05,86,308.57,2022-05-31T20:00:00Z,23543,308.392124
312.24,312.54,309.99,590,309.99,2022-06-01T13:00:00Z,80924,311.619577
308.35,312.475,306.28,1166,312.455,2022-06-01T14:00:00Z,136155,308.502237
304.99,308.25,304.88,439,308.225,2022-06-01T15:00:00Z,60260,306.885782
304.59,305.32,303.78,533,305.02,2022-06-01T16:00:00Z,65573,304.551564
306.02,306.4,304.62,485,304.62,2022-06-01T17:00:00Z,44122,305.619755
307.44,308.63,305.91,550,306.36,2022-06-01T18:00:00Z,66554,307.533499
305.98,308.58,305.85,1202,307.61,2022-06-01T19:00:00Z,125135,307.301993
305.8,306.3,305.57,50,306.1,2022-06-01T20:00:00Z,11462,305.794611
305.69,306.52,303.45,761,306.18,2022-06-02T13:00:00Z,82831,305.158711
307.26,307.99,304.855,746,305.54,2022-06-02T14:00:00Z,88225,306.491904
309.56,310.42,307.08,660,307.29,2022-06-02T15:00:00Z,99427,309.088471
311.77,312.13,309.36,975,309.54,2022-06-02T16:00:00Z,160663,310.799838
312.865,312.92,311.25,874,311.81,2022-06-02T17:00:00Z,126556,312.255682
312.565,313.725,312.54,877,312.925,2022-06-02T18:00:00Z,133570,313.287477
314.47,314.56,312.355,1539,312.585,2022-06-02T19:00:00Z,230037,313.680781
314.54,314.54,313.87,48,314.41,2022-06-02T20:00:00Z,12455,314.201754
310.31,312.28,309.69,16,311.67,2022-06-03T12:00:00Z,3044,310.753697
309.62,310.18,307.61,566,310.18,2022-06-03T13:00:00Z,95425,308.874482
306.63,310.41,306.5,471,309.66,2022-06-03T14:00:00Z,59520,308.108838
306.0,306.51,304.99,690,306.46,2022-06-03T15:00:00Z,128215,305.644753
307.38,307.51,305.59,285,306.085,2022-06-03T16:00:00Z,41893,306.730606
306.0,308.34,305.75,210,307.53,2022-06-03T17:00:00Z,35286,307.133837
306.73,307.31,305.83,348,305.98,2022-06-03T18:00:00Z,54724,306.476012
306.055,306.85,305.19,1360,306.83,2022-06-03T19:00:00Z,200491,305.99605
306.07,306.37,305.83,58,305.84,2022-06-03T20:00:00Z,20579,306.062071
311.0,311.0,311.0,1,311.0,2022-06-06T12:00:00Z,400,311.0
310.65,311.69,309.12,663,310.805,2022-06-06T13:00:00Z,91861,310.489004
311.585,312.335,310.84,619,311.06,2022-06-06T14:00:00Z,62642,311.676984
308.89,311.89,308.0,631,311.72,2022-06-06T15:00:00Z,89831,308.873188
307.44,308.87,305.675,487,308.805,2022-06-06T16:00:00Z,58647,306.769562
309.16,309.16,306.18,459,307.365,2022-06-06T17:00:00Z,47528,307.677716
307.16,309.22,306.29,410,309.15,2022-06-06T18:00:00Z,43668,307.699907
307.22,307.53,305.905,546,306.89,2022-06-06T19:00:00Z,76719,307.025678
307.4,307.4,306.91,15,307.0,2022-06-06T20:00:00Z,2200,307.055
303.73,303.73,303.73,1,303.73,2022-06-07T12:00:00Z,100,303.73
305.62,306.695,302.73,634,303.42,2022-06-07T13:00:00Z,93818,304.745267
308.96,309.82,304.65,1260,305.29,2022-06-07T14:00:00Z,139900,307.29428
307.635,309.14,306.41,904,308.975,2022-06-07T15:00:00Z,130895,307.66025
307.805,308.06,306.6,539,307.67,2022-06-07T16:00:00Z,55566,307.479851
308.435,308.88,307.64,481,307.815,2022-06-07T17:00:00Z,58779,308.444759
308.86,309.71,308.19,827,308.35,2022-06-07T18:00:00Z,93237,309.054721
309.98,310.63,308.82,1231,308.82,2022-06-07T19:00:00Z,127965,309.955205
309.2,309.68,309.19,54,309.68,2022-06-07T20:00:00Z,11167,309.492566
311.2,311.65,307.98,448,309.0,2022-06-08T13:00:00Z,74110,310.109345
309.975,311.4,309.41,878,311.17,2022-06-08T14:00:00Z,91181,310.581944
310.375,311.46,309.42,714,310.055,2022-06-08T15:00:00Z,84480,310.708872
308.345,310.85,307.43,848,310.08,2022-06-08T16:00:00Z,153089,308.750434
308.065,308.35,306.795,898,308.29,2022-06-08T17:00:00Z,141236,307.800447
307.66,308.55,306.97,1055,308.045,2022-06-08T18:00:00Z,136577,307.759728
307.55,308.63,306.82,1443,307.6,2022-06-08T19:00:00Z,149052,307.712925
307.67,307.79,307.36,39,307.54,2022-06-08T20:00:00Z,9339,307.574694
305.95,306.97,305.95,4,306.97,2022-06-09T12:00:00Z,480,306.416819
308.17,308.42,305.05,526,306.37,2022-06-09T13:00:00Z,76613,306.385548
306.91,308.91,306.37,901,308.26,2022-06-09T14:00:00Z,91635,307.574251
306.65,307.61,305.695,655,306.875,2022-06-09T15:00:00Z,86239,306.416088
306.95,307.16,305.5,392,306.63,2022-06-09T16:00:00Z,43985,306.405758
305.92,307.46,304.935,547,307.02,2022-06-09T17:00:00Z,70502,305.835824
303.4,305.845,303.36,974,305.845,2022-06-09T18:00:00Z,136069,304.68476
299.255,303.43,299.255,3284,303.28,2022-06-09T19:00:00Z,446580,301.052152
299.94,299.94,299.1,92,299.42,2022-06-09T20:00:00Z,21811,299.489687
293.88,296.2,293.88,24,295.8,2022-06-10T12:00:00Z,11592,295.034558
291.69,294.68,291.38,1016,293.81,2022-06-10T13:00:00Z,129048,292.829139
289.24,291.69,289.12,1769,291.69,2022-06-10T14:00:00Z,195732,290.006024
289.43,289.76,288.405,1132,289.17,2022-06-10T15:00:00Z,131705,288.968532
289.3,289.98,288.68,890,289.37,2022-06-10T16:00:00Z,91762,289.343735
290.225,291.32,288.7,952,289.39,2022-06-10T17:00:00Z,106073,289.708503
291.14,291.375,289.67,1208,290.275,2022-06-10T18:00:00Z,105078,290.320339
288.74,291.92,288.66,2786,291.16,2022-06-10T19:00:00Z,307779,290.104833
289.25,289.5,288.72,42,288.72,2022-06-10T20:00:00Z,6987,289.155455
280.45,280.86,280.45,5,280.86,2022-06-13T12:00:00Z,930,280.624444
280.12,282.31,279.66,1297,280.31,2022-06-13T13:00:00Z,167803,280.791755
277.11,281.12,276.69,2572,280.11,2022-06-13T14:00:00Z,251357,278.370253
278.34,279.11,276.095,1467,277.02,2022-06-13T15:00:00Z,178863,277.745851
278.44,281.14,277.78,885,278.31,2022-06-13T16:00:00Z,107694,279.382981
279.4,279.59,277.45,931,278.5,2022-06-13T17:00:00Z,85830,278.500189
277.205,279.32,277.0,1049,279.315,2022-06-13T18:00:00Z,123459,277.886246
275.57,278.16,274.54,3056,277.12,2022-06-13T19:00:00Z,357249,275.662852
276.4,276.73,275.31,31,275.43,2022-06-13T20:00:00Z,5040,276.237763
277.49,278.32,274.77,1115,277.62,2022-06-14T13:00:00Z,169731,276.167528
275.91,278.15,274.19,2180,277.37,2022-06-14T14:00:00Z,258569,276.10588
276.84,277.14,274.63,1202,275.98,2022-06-14T15:00:00Z,142135,275.709005
276.31,276.89,275.1,930,276.89,2022-06-14T16:00:00Z,96590,275.799901
275.66,278.65,275.45,1445,276.48,2022-06-14T17:00:00Z,132363,277.148667
274.93,276.53,274.89,1097,275.69,2022-06-14T18:00:00Z,128214,275.595114
275.91,277.18,273.34,3218,274.9,2022-06-14T19:00:00Z,324646,275.370709
276.15,276.35,275.56,46,275.79,2022-06-14T20:00:00Z,10900,275.817782
279.84,280.855,278.79,745,279.45,2022-06-15T13:00:00Z,112125,279.978496
279.7,281.52,278.86,1100,279.98,2022-06-15T14:00:00Z,119728,280.139458
280.54,280.55,279.26,1027,279.79,2022-06-15T15:00:00Z,107495,279.835658
279.54,281.45,279.44,861,280.47,2022-06-15T16:00:00Z,75531,280.803098
281.43,281.86,279.52,1343,279.57,2022-06-15T17:00:00Z,106857,280.514383
281.85,285.815,276.65,4034,281.445,2022-06-15T18:00:00Z,509713,280.870674
282.9,286.77,281.64,3851,282.215,2022-06-15T19:00:00Z,486085,283.637681
282.94,283.06,282.0,54,282.63,2022-06-15T20:00:00Z,13879,282.534227
274.08,276.04,273.73,1146,275.63,2022-06-16T13:00:00Z,166680,274.655747
271.07,273.96,270.74,1493,273.96,2022-06-16T14:00:00Z,147711,272.45622
272.24,273.44,271.04,1088,271.04,2022-06-16T15:00:00Z,116081,272.245567
272.1,272.76,271.15,950,272.28,2022-06-16T16:00:00Z,97632,271.870621
270.41,273.17,270.41,1011,272.28,2022-06-16T17:00:00Z,98894,271.896818
269.93,270.91,269.3,1046,270.37,2022-06-16T18:00:00Z,107296,270.177762
271.59,271.96,269.83,2629,270.0,2022-06-16T19:00:00Z,332345,270.918317
272.04,272.36,271.39,57,271.76,2022-06-16T20:00:00Z,19716,271.940726
275.12,275.94,272.07,658,272.5,2022-06-17T13:00:00Z,107175,274.161613
271.68,275.305,270.57,1558,275.305,2022-06-17T14:00:00Z,208762,272.505469
273.38,275.28,270.99,868,271.73,2022-06-17T15:00:00Z,96118,273.569594
274.655,275.09,272.7,732,273.28,2022-06-17T16:00:00Z,70878,274.002579
275.86,277.16,274.52,840,274.74,2022-06-17T17:00:00Z,109559,276.182027
275.52,276.87,275.4,934,275.97,2022-06-17T18:00:00Z,98358,276.095915
274.73,276.23,274.12,2515,275.64,2022-06-17T19:00:00Z,303963,275.193966
275.0,275.22,274.69,80,274.69,2022-06-17T20:00:00Z,13021,275.045
282.295,282.31,278.7,737,278.73,2022-06-21T13:00:00Z,91219,280.848797
283.3,283.415,281.93,1558,282.38,2022-06-21T14:00:00Z,189289,282.803692
281.78,283.45,281.78,918,283.315,2022-06-21T15:00:00Z,98834,282.714411
282.3,282.31,281.31,862,281.79,2022-06-21T16:00:00Z,91960,281.903854
281.72,282.61,281.63,748,282.295,2022-06-21T17:00:00Z,57455,282.147882
282.0,282.12,281.09,1039,281.68,2022-06-21T18:00:00Z,84897,281.516836
281.06,282.39,280.77,2365,281.94,2022-06-21T19:00:00Z,252435,281.563942
281.4,281.4,280.96,68,281.07,2022-06-21T20:00:00Z,7967,281.203095
276.4,276.4,276.38,4,276.39,2022-06-22T12:00:00Z,886,276.387514
281.35,282.04,276.63,501,277.0,2022-06-22T13:00:00Z,67305,279.555632
284.08,285.17,280.68,1085,281.56,2022-06-22T14:00:00Z,142191,283.290431
281.33,284.4,281.23,1210,284.045,2022-06-22T15:00:00Z,158157,283.021016
282.955,282.96,280.83,771,281.41,2022-06-22T16:00:00Z,112897,281.884254
283.1,283.61,282.24,518,283.04,2022-06-22T17:00:00Z,57648,283.152393
283.345,284.52,282.76,748,283.195,2022-06-22T18:00:00Z,61247,283.671022
280.7,283.62,280.3,1242,283.385,2022-06-22T19:00:00Z,186120,281.304847
280.3,280.83,280.28,58,280.79,2022-06-22T20:00:00Z,10644,280.60154
282.29,282.29,282.29,1,282.29,2022-06-23T12:00:00Z,100,282.29
282.95,283.74,280.32,1027,283.2,2022-06-23T13:00:00Z,106395,281.868719
284.61,284.84,281.57,1499,282.8,2022-06-23T14:00:00Z,135479,283.38335
282.89,285.08,282.855,1079,284.58,2022-06-23T15:00:00Z,124074,284.037686
281.11,283.04,281.0,1014,282.82,2022-06-23T16:00:00Z,112446,281.938258
282.16,282.24,280.41,1058,281.12,2022-06-23T17:00:00Z,113814,281.322953
283.325,283.61,281.85,1167,282.19,2022-06-23T18:00:00Z,135872,282.737284
284.88,285.72,283.0,1987,283.315,2022-06-23T19:00:00Z,228044,284.558129
283.75,284.53,283.75,47,284.53,2022-06-23T20:00:00Z,12437,284.328255
287.07,287.26,287.07,2,287.26,2022-06-24T12:00:00Z,700,287.178571
290.28,290.97,287.54,586,287.54,2022-06-24T13:00:00Z,71937,289.565488
291.74,293.4,290.36,1576,290.36,2022-06-24T14:00:00Z,197777,292.221741
291.75,292.42,290.7,1267,291.74,2022-06-24T15:00:00Z,166198,291.326396
292.08,292.16,291.27,858,291.68,2022-06-24T16:00:00Z,109964,291.77004
291.46,292.3,291.43,684,292.065,2022-06-24T17:00:00Z,69371,291.838271
292.74,292.79,291.42,893,291.63,2022-06-24T18:00:00Z,91333,292.136883
294.86,294.9,292.335,2418,292.76,2022-06-24T19:00:00Z,303469,293.27
294.08,294.57,293.91,72,294.57,2022-06-24T20:00:00Z,18902,294.24643
292.875,296.54,291.97,714,295.62,2022-06-27T13:00:00Z,102924,293.486857
294.69,295.01,292.07,982,292.98,2022-06-27T14:00:00Z,94039,293.356891
294.35,295.08,293.59,682,294.88,2022-06-27T15:00:00Z,57630,294.303265
293.67,294.5,292.425,735,294.335,2022-06-27T16:00:00Z,60964,293.207809
292.41,293.73,292.175,1081,293.705,2022-06-27T17:00:00Z,112822,292.770963
292.67,293.32,292.14,894,292.39,2022-06-27T18:00:00Z,98028,292.693942
292.45,292.96,291.29,2260,292.58,2022-06-27T19:00:00Z,252835,292.166428
293.0,293.24,292.59,49,292.59,2022-06-27T20:00:00Z,15397,292.961424
293.98,295.65,292.97,574,293.03,2022-06-28T13:00:00Z,84789,294.754716
290.645,294.33,289.89,1016,293.98,2022-06-28T14:00:00Z,128921,292.018298
286.35,290.92,286.17,1052,290.54,2022-06-28T15:00:00Z,167413,288.16435
286.94,287.43,285.56,773,286.3,2022-06-28T16:00:00Z,107069,286.608532
285.505,286.92,285.17,667,286.92,2022-06-28T17:00:00Z,61595,285.70682
284.55,286.02,283.885,981,285.41,2022-06-28T18:00:00Z,163986,284.673799
283.52,284.805,283.35,2010,284.46,2022-06-28T19:00:00Z,261376,283.806715
283.57,283.68,283.24,40,283.58,2022-06-28T20:00:00Z,32229,283.59988
282.94,283.08,282.83,4,282.83,2022-06-29T12:00:00Z,1002,282.938
283.57,284.69,280.92,811,283.38,2022-06-29T13:00:00Z,137418,282.900779
283.96,285.24,282.55,1108,283.69,2022-06-29T14:00:00Z,177391,283.73084
283.995,284.5,282.65,721,283.85,2022-06-29T15:00:00Z,107937,283.641942
283.06,283.97,281.85,611,283.97,2022-06-29T16:00:00Z,68923,282.559382
283.9,283.935,282.245,614,283.12,2022-06-29T17:00:00Z,55781,283.002357
283.16,284.77,282.85,953,283.87,2022-06-29T18:00:00Z,89727,283.901397
283.915,284.6,282.86,1104,283.115,2022-06-29T19:00:00Z,143218,283.818352
283.89,283.94,283.5,47,283.83,2022-06-29T20:00:00Z,12032,283.749623
280.3,280.3,280.3,1,280.3,2022-06-30T12:00:00Z,100,280.3
276.92,281.42,276.83,618,280.82,2022-06-30T13:00:00Z,76857,278.989194
279.085,279.24,275.81,1435,276.9,2022-06-30T14:00:00Z,227023,277.167136
282.06,282.15,278.39,1568,278.99,2022-06-30T15:00:00Z,188662,280.505572
282.76,283.85,280.44,1119,282.1,2022-06-30T16:00:00Z,104250,282.199154
282.9,283.46,281.02,1084,282.79,2022-06-30T17:00:00Z,86350,282.213751
280.585,283.08,280.34,1247,282.99,2022-06-30T18:00:00Z,126412,281.933285
280.38,281.85,278.71,2541,280.63,2022-06-30T19:00:00Z,309038,279.888534
279.88,280.21,279.43,68,280.21,2022-06-30T20:00:00Z,47314,279.642833
278.91,278.91,278.91,1,278.91,2022-07-01T12:00:00Z,100,278.91
280.96,281.8,277.54,702,279.48,2022-07-01T13:00:00Z,81202,279.785501
278.42,282.21,277.08,1150,281.05,2022-07-01T14:00:00Z,91269,279.024486
278.085,280.16,277.66,805,278.23,2022-07-01T15:00:00Z,53849,278.998224
277.9,279.29,277.76,652,278.3,2022-07-01T16:00:00Z,45204,278.447477
279.925,279.96,277.78,742,278.02,2022-07-01T17:00:00Z,77174,278.879347
281.34,281.53,279.07,880,279.94,2022-07-01T18:00:00Z,85969,280.637233
282.12,282.485,280.415,1763,281.325,2022-07-01T19:00:00Z,204317,281.753445
282.1,282.23,281.95,21,282.11,2022-07-01T20:00:00Z,6977,282.119512
278.57,278.57,278.57,1,278.57,2022-07-05T12:00:00Z,100,278.57
278.31,279.02,276.83,669,278.23,2022-07-05T13:00:00Z,77322,277.669887
280.13,281.99,277.23,1152,278.025,2022-07-05T14:00:00Z,118664,279.560962
281.185,281.58,278.7,807,279.86,2022-07-05T15:00:00Z,70933,279.969687
281.47,283.0,280.61,837,281.22,2022-07-05T16:00:00Z,92327,281.96615
283.67,284.35,281.45,820,281.45,2022-07-05T17:00:00Z,128426,283.414754
285.665,286.28,283.26,1243,283.7,2022-07-05T18:00:00Z,261214,285.126242
287.02,287.03,285.085,2321,285.675,2022-07-05T19:00:00Z,381723,286.221515
287.0,287.05,286.68,50,286.99,2022-07-05T20:00:00Z,6095,286.968154
287.07,287.07,286.07,3,286.07,2022-07-06T12:00:00Z,900,286.618889
287.72,288.69,285.67,578,287.68,2022-07-06T13:00:00Z,82468,287.059597
287.84,288.56,286.01,699,287.88,2022-07-06T14:00:00Z,83656,287.278103
286.605,287.925,285.63,698,287.925,2022-07-06T15:00:00Z,81875,286.541392
287.23,287.31,286.2,575,286.605,2022-07-06T16:00:00Z,78386,286.889284
288.04,288.11,287.26,720,287.26,2022-07-06T17:00:00Z,93378,287.765749
290.02,290.23,286.585,1197,287.67,2022-07-06T18:00:00Z,143351,288.316857
288.78,290.95,287.9,2011,290.11,2022-07-06T19:00:00Z,210297,289.109752
289.19,289.25,288.71,43,288.85,2022-07-06T20:00:00Z,7704,289.051818
292.36,292.8,289.66,761,289.89,2022-07-07T13:00:00Z,108157,291.401183
292.83,293.27,291.385,1232,292.46,2022-07-07T14:00:00Z,113284,292.416004
293.75,293.75,292.355,981,292.88,2022-07-07T15:00:00Z,128331,292.958272
294.095,294.21,293.44,806,293.76,2022-07-07T16:00:00Z,74814,293.860433
294.66,294.68,293.56,831,294.08,2022-07-07T17:00:00Z,111514,294.042438
294.875,295.165,294.445,871,294.68,2022-07-07T18:00:00Z,87779,294.833421
294.94,295.68,294.615,2221,294.885,2022-07-07T19:00:00Z,305432,295.07856
294.56,294.92,294.5,24,294.9,2022-07-07T20:00:00Z,9148,294.705455
291.77,292.6,290.98,13,291.99,2022-07-08T12:00:00Z,3750,291.789067
291.94,293.78,291.255,434,292.08,2022-07-08T13:00:00Z,56563,292.485083
295.18,295.45,291.3,1083,291.38,2022-07-08T14:00:00Z,125516,294.330013
296.2,296.73,295.125,1015,295.22,2022-07-08T15:00:00Z,128755,295.932061
293.125,296.215,292.74,1133,296.215,2022-07-08T16:00:00Z,152708,294.56479
294.71,295.265,292.64,1112,293.045,2022-07-08T17:00:00Z,98895,294.287753
295.91,296.195,294.34,1263,294.715,2022-07-08T18:00:00Z,124468,295.598431
295.39,296.07,295.025,1817,295.945,2022-07-08T19:00:00Z,206147,295.473051
295.5,295.63,295.41,11,295.5,2022-07-08T20:00:00Z,3985,295.531387
292.98,292.98,292.98,1,292.98,2022-07-11T12:00:00Z,400,292.98
288.91,293.07,288.24,419,293.0,2022-07-11T13:00:00Z,83163,289.854403
289.52,290.82,288.31,1023,288.76,2022-07-11T14:00:00Z,113401,289.601571
289.76,290.64,289.3,467,289.45,2022-07-11T15:00:00Z,55000,290.034791
290.08,290.37,289.32,558,289.77,2022-07-11T16:00:00Z,60651,289.881365
291.32,291.75,289.97,544,290.1,2022-07-11T17:00:00Z,57142,291.15515
289.43,291.315,289.43,623,291.3,2022-07-11T18:00:00Z,60758,290.246759
288.81,289.55,288.225,1928,289.35,2022-07-11T19:00:00Z,188536,288.920811
289.42,289.57,289.13,40,289.13,2022-07-11T20:00:00Z,8205,289.415302
289.51,289.51,289.4,4,289.4,2022-07-12T12:00:00Z,900,289.473333
288.21,292.13,288.18,689,290.06,2022-07-12T13:00:00Z,105538,290.866616
288.525,289.2,286.93,1381,288.1,2022-07-12T14:00:00Z,117468,287.863475
288.93,289.84,288.075,599,288.505,2022-07-12T15:00:00Z,42240,289.091368
289.535,289.87,288.68,578,289.27,2022-07-12T16:00:00Z,53988,289.332814
289.24,290.165,288.43,560,289.535,2022-07-12T17:00:00Z,52416,288.979836
287.45,289.32,287.45,666,289.32,2022-07-12T18:00:00Z,63922,288.461394
286.23,287.43,284.63,2366,287.43,2022-07-12T19:00:00Z,311708,285.801747
286.27,286.28,285.96,68,286.06,2022-07-12T20:00:00Z,21235,286.129628
280.69,283.06,279.49,26,283.06,2022-07-13T12:00:00Z,6124,280.362336
283.8,284.33,280.31,733,281.39,2022-07-13T13:00:00Z,121304,282.293393
286.42,287.47,281.91,1165,283.435,2022-07-13T14:00:00Z,143618,284.840175
285.5,287.455,284.49,780,286.17,2022-07-13T15:00:00Z,72231,285.89827
287.14,287.14,285.19,856,285.59,2022-07-13T16:00:00Z,68231,286.12472
287.29,287.97,286.38,848,287.24,2022-07-13T17:00:00Z,76555,287.107061
287.595,287.61,285.28,964,287.08,2022-07-13T18:00:00Z,92334,286.641856
285.8,287.68,285.64,1755,287.67,2022-07-13T19:00:00Z,170190,286.359601
285.09,285.7,285.05,43,285.7,2022-07-13T20:00:00Z,9086,285.456855
283.01,283.2,283.01,3,283.2,2022-07-14T12:00:00Z,500,283.162
281.2,283.92,280.74,486,283.64,2022-07-14T13:00:00Z,63708,281.923027
281.37,282.025,279.83,921,281.07,2022-07-14T14:00:00Z,110132,280.807274
284.365,284.6,281.53,742,281.56,2022-07-14T15:00:00Z,78905,283.401532
283.03,284.68,282.43,697,284.42,2022-07-14T16:00:00Z,101926,283.478988
284.98,285.25,282.67,940,282.935,2022-07-14T17:00:00Z,108313,284.496608
286.83,287.5,284.84,1029,285.07,2022-07-14T18:00:00Z,126795,286.614058
286.675,287.55,285.87,1325,286.86,2022-07-14T19:00:00Z,134719,286.574169
286.88,287.02,286.7,37,286.75,2022-07-14T20:00:00Z,8806,286.84771
285.86,286.79,285.69,13,286.46,2022-07-15T12:00:00Z,1952,286.388873
289.32,291.15,288.11,803,289.07,2022-07-15T13:00:00Z,91842,289.719201
290.44,291.27,289.01,1738,289.34,2022-07-15T14:00:00Z,155512,290.253966
290.635,291.6,290.17,982,290.3,2022-07-15T15:00:00Z,77994,291.034016
290.51,290.86,289.94,913,290.56,2022-07-15T16:00:00Z,93180,290.255358
291.165,291.395,290.455,672,290.56,2022-07-15T17:00:00Z,62480,290.87939
291.205,291.54,290.62,845,291.215,2022-07-15T18:00:00Z,63748,291.066728
291.77,291.96,290.64,2222,291.15,2022-07-15T19:00:00Z,239167,291.242546
292.04,292.13,291.77,59,291.77,2022-07-15T20:00:00Z,22207,291.998237
294.58,294.58,294.58,2,294.58,2022-07-18T12:00:00Z,800,294.58
295.66,296.14,293.94,691,294.75,2022-07-18T13:00:00Z,81140,295.065715
295.055,295.81,293.99,1270,295.57,2022-07-18T14:00:00Z,101756,294.789065
295.99,296.06,294.605,990,295.005,2022-07-18T15:00:00Z,93961,295.164934
295.125,296.07,295.06,875,296.0,2022-07-18T16:00:00Z,69690,295.675983
291.38,295.255,291.025,1308,295.175,2022-07-18T17:00:00Z,159997,293.15936
289.935,292.05,289.78,1354,291.39,2022-07-18T18:00:00Z,148099,291.035358
289.27,290.78,288.29,2226,289.795,2022-07-18T19:00:00Z,244138,289.481611
289.66,289.66,289.46,35,289.62,2022-07-18T20:00:00Z,24159,289.545611
293.22,293.53,291.51,430,292.55,2022-07-19T13:00:00Z,45270,292.607611
295.09,295.12,291.96,996,293.275,2022-07-19T14:00:00Z,106361,293.623255
296.04,296.29,295.01,955,295.17,2022-07-19T15:00:00Z,102792,295.633743
296.66,296.68,295.26,750,296.01,2022-07-19T16:00:00Z,70558,296.11692
297.76,297.8,296.155,693,296.58,2022-07-19T17:00:00Z,59955,296.919385
297.75,298.41,297.09,1148,297.77,2022-07-19T18:00:00Z,136994,297.78084
298.22,298.585,297.45,2513,297.745,2022-07-19T19:00:00Z,324147,298.120663
299.45,299.6,298.37,114,298.69,2022-07-19T20:00:00Z,47470,298.819188
297.93,297.93,297.93,1,297.93,2022-07-20T12:00:00Z,345,297.93
298.58,300.18,297.95,825,298.51,2022-07-20T13:00:00Z,72224,299.11486
303.42,303.42,298.42,1867,298.59,2022-07-20T14:00:00Z,141501,301.673025
303.69,304.0,302.35,1792,303.5,2022-07-20T15:00:00Z,166386,303.116093
302.81,304.24,301.45,1778,303.59,2022-07-20T16:00:00Z,138011,303.091442
300.835,302.9,300.39,1919,302.81,2022-07-20T17:00:00Z,147376,301.431747
302.64,302.91,300.865,1716,300.865,2022-07-20T18:00:00Z,99091,302.153082
303.055,303.83,302.565,2429,302.675,2022-07-20T19:00:00Z,191322,303.204986
301.95,303.55,301.95,46,303.05,2022-07-20T20:00:00Z,26855,302.920839
304.77,304.77,304.77,1,304.77,2022-07-21T12:00:00Z,500,304.77
303.81,304.235,301.87,670,303.73,2022-07-21T13:00:00Z,72962,303.277014
303.32,304.83,300.83,1600,303.92,2022-07-21T14:00:00Z,147544,302.068794
304.59,304.86,303.08,1274,303.29,2022-07-21T15:00:00Z,114351,304.043333
306.44,306.755,304.47,1254,304.54,2022-07-21T16:00:00Z,99404,306.047654
305.745,306.71,305.055,769,306.48,2022-07-21T17:00:00Z,80943,305.637467
306.34,306.68,305.66,636,305.83,2022-07-21T18:00:00Z,53009,306.282171
307.43,307.43,306.2,2054,306.335,2022-07-21T19:00:00Z,212989,306.904793
305.55,307.59,305.12,95,307.45,2022-07-21T20:00:00Z,35298,306.150025
306.37,306.37,306.37,1,306.37,2022-07-22T12:00:00Z,400,306.37
305.87,308.49,305.61,716,306.42,2022-07-22T13:00:00Z,84208,306.749193
305.795,306.53,304.92,890,305.735,2022-07-22T14:00:00Z,75207,305.755689
302.925,305.765,301.935,1060,305.7,2022-07-22T15:00:00Z,103338,303.524017
302.105,303.24,301.61,1093,303.16,2022-07-22T16:00:00Z,100605,302.346087
301.285,302.04,300.445,928,302.04,2022-07-22T17:00:00Z,90271,301.216619
301.11,301.35,300.12,1040,301.32,2022-07-22T18:00:00Z,107579,300.715265
301.98,302.155,300.67,2396,301.085,2022-07-22T19:00:00Z,275213,301.564018
302.06,302.08,301.75,47,301.75,2022-07-22T20:00:00Z,11455,301.964614
302.78,302.78,302.59,13,302.59,2022-07-25T12:00:00Z,1600,302.6375
301.36,302.48,300.44,601,302.4,2022-07-25T13:00:00Z,53129,301.6237
300.35,301.48,298.9,751,301.1,2022-07-25T14:00:00Z,69878,300.164298
300.755,301.13,299.1,609,300.24,2022-07-25T15:00:00Z,49463,300.407033
300.9,301.54,299.86,576,300.695,2022-07-25T16:00:00Z,31145,300.803978
299.545,301.31,299.54,749,300.93,2022-07-25T17:00:00Z,56938,300.203351
298.73,299.7,298.7,992,299.555,2022-07-25T18:00:00Z,85444,299.354304
300.36,300.415,298.25,2228,298.76,2022-07-25T19:00:00Z,284578,299.447617
299.6,300.83,299.42,94,300.64,2022-07-25T20:00:00Z,32109,299.909981
298.44,299.12,298.33,6,299.12,2022-07-26T12:00:00Z,1300,298.501538
297.42,298.74,296.49,492,298.25,2022-07-26T13:00:00Z,55155,297.635013
296.51,297.97,295.59,949,297.48,2022-07-26T14:00:00Z,85353,296.574242
294.48,296.66,294.39,754,296.53,2022-07-26T15:00:00Z,62292,295.385262
295.1,295.345,294.31,685,294.52,2022-07-26T16:00:00Z,65643,294.835704
294.6,295.66,294.585,648,295.11,2022-07-26T17:00:00Z,47772,295.101201
294.22,295.63,293.79,858,294.64,2022-07-26T18:00:00Z,92832,294.455453
294.33,294.89,293.57,1947,294.26,2022-07-26T19:00:00Z,187973,294.264161
296.21,296.21,293.46,116,293.49,2022-07-26T20:00:00Z,47525,294.65226
298.9,299.08,298.86,6,298.87,2022-07-27T12:00:00Z,4100,298.953902
301.12,301.42,298.58,663,298.96,2022-07-27T13:00:00Z,118491,300.452152
302.03,302.27,300.805,1584,301.235,2022-07-27T14:00:00Z,140678,301.615872
302.41,302.605,301.63,898,302.145,2022-07-27T15:00:00Z,78836,302.263405
302.15,303.24,302.11,513,302.41,2022-07-27T16:00:00Z,57497,302.753431
302.315,302.69,301.885,907,302.16,2022-07-27T17:00:00Z,92927,302.315039
305.805,306.57,301.67,1874,302.32,2022-07-27T18:00:00Z,241944,304.739419
306.74,308.52,305.495,3806,305.84,2022-07-27T19:00:00Z,541915,307.204721
305.82,306.39,304.85,137,306.39,2022-07-27T20:00:00Z,38649,305.627746
305.73,306.94,304.38,53,304.74,2022-07-28T12:00:00Z,5284,305.336061
303.89,307.54,302.89,888,305.71,2022-07-28T13:00:00Z,113283,305.192496
305.825,305.83,302.785,1205,304.08,2022-07-28T14:00:00Z,134464,304.164213
308.01,308.72,305.825,836,305.92,2022-07-28T15:00:00Z,126738,307.475298
307.51,308.33,307.32,526,308.0,2022-07-28T16:00:00Z,54958,307.926614
309.67,309.72,307.04,644,307.14,2022-07-28T17:00:00Z,73879,308.791779
309.74,309.85,308.68,653,309.45,2022-07-28T18:00:00Z,65769,309.224943
309.68,310.39,309.14,1745,309.84,2022-07-28T19:00:00Z,237376,309.662661
314.29,314.64,309.9,84,309.9,2022-07-28T20:00:00Z,12555,312.567098
312.01,312.01,312.01,3,312.01,2022-07-29T12:00:00Z,425,312.01
312.71,313.35,310.1,502,311.41,2022-07-29T13:00:00Z,75766,311.676176
313.07,314.38,312.42,1107,312.875,2022-07-29T14:00:00Z,94903,313.656615
312.665,312.89,311.015,578,312.66,2022-07-29T15:00:00Z,71398,312.036519
313.655,313.705,312.15,425,312.82,2022-07-29T16:00:00Z,34564,312.968438
314.47,314.62,313.29,414,313.63,2022-07-29T17:00:00Z,30845,313.772029
315.15,315.41,314.13,804,314.13,2022-07-29T18:00:00Z,101432,314.841494
315.31,316.3,315.055,2092,315.14,2022-07-29T19:00:00Z,209572,315.768666
315.55,315.62,315.26,27,315.47,2022-07-29T20:00:00Z,10411,315.471601
314.03,314.15,313.98,3,314.15,2022-08-01T12:00:00Z,900,314.077778
315.95,316.67,312.58,503,313.85,2022-08-01T13:00:00Z,78372,314.666274
318.29,318.73,315.39,1241,315.66,2022-08-01T14:00:00Z,139680,316.828423
318.05,318.46,316.95,463,318.46,2022-08-01T15:00:00Z,55804,317.902086
316.41,318.19,316.03,519,318.08,2022-08-01T16:00:00Z,37841,316.889732
314.56,316.38,313.75,606,316.3,2022-08-01T17:00:00Z,82404,314.984901
315.87,316.1,313.95,514,314.65,2022-08-01T18:00:00Z,49092,315.123338
315.16,316.14,314.73,1097,315.85,2022-08-01T19:00:00Z,119537,315.259892
315.7,315.73,315.16,33,315.16,2022-08-01T20:00:00Z,7257,315.50545
314.11,315.105,312.77,397,312.97,2022-08-02T13:00:00Z,46084,314.101744
315.46,316.22,311.85,827,313.96,2022-08-02T14:00:00Z,84096,314.163025
315.65,316.05,314.42,413,315.46,2022-08-02T15:00:00Z,42816,315.320483
317.97,318.51,315.62,902,315.745,2022-08-02T16:00:00Z,101480,317.298066
314.43,317.95,313.885,1352,317.89,2022-08-02T17:00:00Z,157630,315.446758
314.99,316.12,314.17,1245,314.53,2022-08-02T18:00:00Z,147219,315.387736
314.33,315.65,314.25,1727,315.195,2022-08-02T19:00:00Z,204969,314.881683
314.23,314.47,313.56,67,314.3,2022-08-02T20:00:00Z,37529,313.963764
316.32,316.55,316.3,4,316.3,2022-08-03T12:00:00Z,1800,316.382778
319.01,319.295,316.05,445,316.08,2022-08-03T13:00:00Z,68569,317.505034
319.465,320.36,317.725,1147,318.69,2022-08-03T14:00:00Z,154010,319.306423
321.525,321.6,319.54,465,319.7,2022-08-03T15:00:00Z,57961,320.680849
322.45,322.91,320.78,439,321.56,2022-08-03T16:00:00Z,45587,321.690046
322.745,322.94,322.25,504,322.54,2022-08-03T17:00:00Z,53142,322.702521
322.98,323.35,322.46,823,322.745,2022-08-03T18:00:00Z,91697,323.027511
322.84,323.71,322.615,2390,322.84,2022-08-03T19:00:00Z,353079,323.237705
322.28,322.72,322.14,80,322.67,2022-08-03T20:00:00Z,17354,322.33698
323.67,324.485,322.32,329,323.69,2022-08-04T13:00:00Z,46065,323.352144
322.46,324.3,320.88,545,323.725,2022-08-04T14:00:00Z,62190,322.119357
323.17,323.31,321.14,446,322.56,2022-08-04T15:00:00Z,65336,322.244067
322.36,323.91,322.22,668,323.22,2022-08-04T16:00:00Z,48915,323.177264
323.53,323.94,322.41,286,322.64,2022-08-04T17:00:00Z,24639,323.382428
324.09,324.13,322.89,400,323.585,2022-08-04T18:00:00Z,34578,323.641756
324.33,324.66,323.43,1283,323.93,2022-08-04T19:00:00Z,104877,323.986275
324.22,324.52,324.22,10,324.51,2022-08-04T20:00:00Z,1465,324.36073
319.66,321.42,319.66,30,321.35,2022-08-05T12:00:00Z,3150,320.668604
320.82,321.27,319.11,443,320.01,2022-08-05T13:00:00Z,58193,320.274698
321.88,323.765,320.455,802,320.77,2022-08-05T14:00:00Z,87578,322.424344
319.35,321.845,318.44,901,321.805,2022-08-05T15:00:00Z,147370,319.676694
321.13,321.18,319.28,485,319.31,2022-08-05T16:00:00Z,83682,320.22485
321.03,322.145,320.64,439,321.22,2022-08-05T17:00:00Z,48479,321.563502
320.325,321.1,319.84,446,320.83,2022-08-05T18:00:00Z,64088,320.430545
321.79,322.05,320.15,1331,320.37,2022-08-05T19:00:00Z,149739,321.215787
321.54,321.82,321.27,87,321.75,2022-08-05T20:00:00Z,16920,321.536087
325.7,326.16,321.99,620,324.2,2022-08-08T13:00:00Z,81173,324.508952
324.28,326.43,323.89,1051,325.89,2022-08-08T14:00:00Z,72870,325.342646
322.48,324.91,321.09,940,324.3,2022-08-08T15:00:00Z,98450,322.556716
321.18,322.59,320.19,657,322.41,2022-08-08T16:00:00Z,66780,321.146817
321.41,321.91,320.49,559,321.04,2022-08-08T17:00:00Z,47076,321.228218
319.82,321.31,319.22,824,321.31,2022-08-08T18:00:00Z,69135,320.015505
320.72,320.81,319.51,1444,320.04,2022-08-08T19:00:00Z,164087,320.402491
321.03,321.1,320.76,62,320.76,2022-08-08T20:00:00Z,18580,321.015527
318.75,318.75,318.75,1,318.75,2022-08-09T12:00:00Z,200,318.75
316.34,318.99,316.205,782,318.54,2022-08-09T13:00:00Z,91305,317.486078
317.06,317.73,315.78,1254,316.33,2022-08-09T14:00:00Z,124740,316.579332
316.69,317.89,315.94,741,316.74,2022-08-09T15:00:00Z,101424,317.172042
315.92,316.65,315.48,486,316.65,2022-08-09T16:00:00Z,68730,315.969996
316.905,317.06,315.68,475,316.0,2022-08-09T17:00:00Z,50522,316.21749
317.08,317.49,316.05,474,316.87,2022-08-09T18:00:00Z,48143,316.705606
317.05,317.72,316.83,1325,316.97,2022-08-09T19:00:00Z,164202,317.168829
317.47,317.51,317.3,44,317.31,2022-08-09T20:00:00Z,12006,317.419445
324.52,324.85,323.67,26,323.67,2022-08-10T12:00:00Z,4323,324.304969
324.0,324.92,322.825,626,324.12,2022-08-10T13:00:00Z,131977,323.854271
324.39,324.54,322.08,754,323.78,2022-08-10T14:00:00Z,75114,323.624996
325.42,325.57,324.41,724,324.52,2022-08-10T15:00:00Z,79548,325.047027
324.585,325.71,323.99,473,325.475,2022-08-10T16:00:00Z,58594,324.666081
325.3,325.7,324.08,556,324.45,2022-08-10T17:00:00Z,79568,324.867631
324.53,325.5,324.515,545,325.305,2022-08-10T18:00:00Z,61519,325.043438
325.94,326.19,324.41,1382,324.41,2022-08-10T19:00:00Z,171401,325.744808
325.66,325.84,325.56,31,325.84,2022-08-10T20:00:00Z,11716,325.740896
328.57,328.64,327.57,11,327.57,2022-08-11T12:00:00Z,1060,328.143955
328.37,328.735,327.49,445,328.37,2022-08-11T13:00:00Z,41963,328.295328
328.18,330.305,327.8,1050,328.49,2022-08-11T14:00:00Z,200017,329.164943
325.86,328.26,325.195,1268,328.235,2022-08-11T15:00:00Z,170582,326.420689
326.57,326.83,325.45,523,325.88,2022-08-11T16:00:00Z,52620,326.160172
325.895,327.1,325.74,653,326.65,2022-08-11T17:00:00Z,44381,326.322061
324.19,325.785,323.55,895,325.785,2022-08-11T18:00:00Z,75952,324.573263
324.1,324.42,323.45,2049,324.08,2022-08-11T19:00:00Z,170923,323.90553
324.63,324.67,324.27,35,324.27,2022-08-11T20:00:00Z,15698,324.427471
325.7,325.7,325.7,1,325.7,2022-08-12T12:00:00Z,100,325.7
326.67,326.83,325.28,460,326.22,2022-08-12T13:00:00Z,65461,326.126513
326.89,327.54,325.475,924,326.17,2022-08-12T14:00:00Z,83551,326.495263
327.45,328.18,326.89,577,326.89,2022-08-12T15:00:00Z,49274,327.680137
327.975,328.48,327.43,469,327.43,2022-08-12T16:00:00Z,33581,328.169923
328.65,328.81,328.0,484,328.08,2022-08-12T17:00:00Z,39934,328.511223
329.56,329.58,328.61,662,328.62,2022-08-12T18:00:00Z,41050,329.154536
330.46,330.58,329.445,1878,329.55,2022-08-12T19:00:00Z,240007,330.118407
330.46,330.46,330.17,18,330.4,2022-08-12T20:00:00Z,6407,330.270885
329.12,329.12,329.12,6,329.12,2022-08-15T12:00:00Z,455,329.12
331.64,331.64,329.52,449,329.52,2022-08-15T13:00:00Z,61133,330.574317
330.2,331.38,329.6,478,331.31,2022-08-15T14:00:00Z,81196,330.334413
332.3,332.45,329.71,365,329.92,2022-08-15T15:00:00Z,38054,331.11824
332.59,332.68,331.9,398,332.35,2022-08-15T16:00:00Z,78221,332.167957
332.5,332.815,332.05,320,332.6,2022-08-15T17:00:00Z,25362,332.40481
332.93,333.02,332.055,374,332.53,2022-08-15T18:00:00Z,22583,332.65222
333.07,333.56,332.78,1483,332.945,2022-08-15T19:00:00Z,164952,333.185774
332.95,333.09,332.73,65,333.03,2022-08-15T20:00:00Z,13016,332.947474
332.39,332.39,332.39,2,332.39,2022-08-16T12:00:00Z,189,332.39
331.475,332.37,330.635,453,332.22,2022-08-16T13:00:00Z,55951,331.623586
330.055,331.345,329.18,653,331.26,2022-08-16T14:00:00Z,71445,330.132842
332.85,332.97,329.94,589,329.94,2022-08-16T15:00:00Z,53727,331.901379
332.21,333.05,331.82,621,332.82,2022-08-16T16:00:00Z,58324,332.412839
333.4,333.5,332.17,571,332.25,2022-08-16T17:00:00Z,50459,333.017317
331.53,334.41,330.605,1040,333.39,2022-08-16T18:00:00Z,135419,332.173274
332.31,333.05,330.86,945,331.25,2022-08-16T19:00:00Z,121917,332.218111
332.53,332.53,332.08,34,332.12,2022-08-16T20:00:00Z,6962,332.188263
329.25,329.73,329.03,4,329.73,2022-08-17T12:00:00Z,400,329.4275
329.52,330.14,328.27,747,329.02,2022-08-17T13:00:00Z,67724,329.124668
326.93,330.03,326.82,834,329.415,2022-08-17T14:00:00Z,84606,327.996223
326.76,328.11,326.44,555,327.035,2022-08-17T15:00:00Z,65979,327.199657
328.08,328.46,326.875,487,326.88,2022-08-17T16:00:00Z,53923,327.785978
328.28,328.83,327.58,618,328.04,2022-08-17T17:00:00Z,53714,328.258517
329.78,331.385,328.02,1144,328.43,2022-08-17T18:00:00Z,120171,329.790155
328.5,330.5,328.025,1294,329.76,2022-08-17T19:00:00Z,138297,328.629205
328.85,328.85,328.34,42,328.34,2022-08-17T20:00:00Z,23686,328.632178
328.91,328.91,328.91,2,328.91,2022-08-18T12:00:00Z,200,328.91
327.6,328.68,327.145,327,328.51,2022-08-18T13:00:00Z,29435,327.803296
328.89,329.44,326.905,646,327.12,2022-08-18T14:00:00Z,53155,328.257344
330.08,330.42,328.42,646,328.94,2022-08-18T15:00:00Z,65185,329.786112
328.94,330.25,328.29,433,329.97,2022-08-18T16:00:00Z,41843,329.265616
329.6,330.095,328.69,369,329.05,2022-08-18T17:00:00Z,35333,329.548477
329.675,329.89,328.98,382,329.49,2022-08-18T18:00:00Z,38770,329.442286
329.295,330.37,328.915,1011,329.615,2022-08-18T19:00:00Z,108851,329.456047
329.55,329.58,329.24,19,329.24,2022-08-18T20:00:00Z,7166,329.420205
325.73,325.75,325.72,6,325.73,2022-08-19T12:00:00Z,930,325.732151
323.93,326.73,323.845,521,325.9,2022-08-19T13:00:00Z,79413,325.243945
323.13,324.35,323.02,670,323.86,2022-08-19T14:00:00Z,89890,323.752916
323.13,323.78,322.545,636,323.035,2022-08-19T15:00:00Z,100097,323.007625
323.755,324.04,322.735,333,322.96,2022-08-19T16:00:00Z,35546,323.320074
323.22,323.99,322.14,415,323.73,2022-08-19T17:00:00Z,49674,322.975714
322.61,323.23,322.47,363,323.12,2022-08-19T18:00:00Z,35107,322.763394
322.93,323.475,322.15,1784,322.58,2022-08-19T19:00:00Z,250984,322.997584
322.55,322.9,322.52,84,322.9,2022-08-19T20:00:00Z,17557,322.787635
317.23,318.7,316.73,771,318.34,2022-08-22T13:00:00Z,108763,317.579892
315.49,317.29,315.43,1274,317.225,2022-08-22T14:00:00Z,130784,316.32474
316.35,316.48,315.24,703,315.37,2022-08-22T15:00:00Z,68842,315.82128
316.0,316.49,315.61,611,316.23,2022-08-22T16:00:00Z,45985,316.01904
314.68,316.035,314.64,689,316.035,2022-08-22T17:00:00Z,81615,315.141182
314.16,314.995,313.875,858,314.64,2022-08-22T18:00:00Z,104554,314.31607
314.485,314.795,313.54,2429,314.18,2022-08-22T19:00:00Z,289273,314.197634
314.97,314.97,314.33,40,314.46,2022-08-22T20:00:00Z,13330,314.639689
314.18,314.18,314.18,1,314.18,2022-08-23T12:00:00Z,400,314.18
315.26,316.08,313.34,507,313.98,2022-08-23T13:00:00Z,58789,314.801729
314.13,317.0,314.05,960,314.89,2022-08-23T14:00:00Z,96808,315.384369
314.66,315.19,313.56,1520,314.12,2022-08-23T15:00:00Z,180710,314.602087
314.94,315.05,313.74,1048,314.32,2022-08-23T16:00:00Z,152482,314.3369
314.61,315.6,314.26,1022,314.93,2022-08-23T17:00:00Z,125076,314.995772
314.92,315.38,314.44,379,314.495,2022-08-23T18:00:00Z,19515,314.9445
314.0,315.34,313.71,1066,315.14,2022-08-23T19:00:00Z,87517,314.383875
313.9,314.27,313.86,82,314.2,2022-08-23T20:00:00Z,13066,313.978895
314.34,314.34,314.34,1,314.34,2022-08-24T12:00:00Z,400,314.34
314.33,314.4,313.14,618,313.89,2022-08-24T13:00:00Z,65944,313.884519
315.1,315.48,313.64,664,314.255,2022-08-24T14:00:00Z,65127,314.695012
316.38,316.695,314.84,475,315.08,2022-08-24T15:00:00Z,63548,316.152983
315.24,316.815,314.99,699,316.425,2022-08-24T16:00:00Z,77162,316.038075
315.09,315.65,314.43,413,315.275,2022-08-24T17:00:00Z,43922,315.094114
315.2,315.42,314.59,437,315.12,2022-08-24T18:00:00Z,37507,315.098462
315.04,315.89,314.8,921,315.17,2022-08-24T19:00:00Z,82044,315.383502
315.55,315.59,314.92,75,314.95,2022-08-24T20:00:00Z,30147,315.242703
316.94,316.94,316.94,1,316.94,2022-08-25T12:00:00Z,157,316.94
317.75,317.845,315.83,349,316.76,2022-08-25T13:00:00Z,26190,316.636136
318.525,319.505,317.77,536,318.07,2022-08-25T14:00:00Z,107303,318.607468
317.82,318.465,316.69,379,318.465,2022-08-25T15:00:00Z,42938,317.570754
317.28,317.95,316.685,233,317.53,2022-08-25T16:00:00Z,21421,317.256865
318.635,318.82,317.24,263,317.27,2022-08-25T17:00:00Z,21677,318.117747
318.13,318.78,317.73,247,318.5,2022-08-25T18:00:00Z,31275,318.311582
320.54,320.6,317.99,1554,318.26,2022-08-25T19:00:00Z,170308,319.779581
320.13,320.46,320.08,40,320.44,2022-08-25T20:00:00Z,11635,320.232486
320.45,320.45,319.4,14,320.44,2022-08-26T12:00:00Z,3241,319.985598
319.96,321.86,318.87,359,320.66,2022-08-26T13:00:00Z,37826,320.24012
314.02,321.37,313.53,883,319.6,2022-08-26T14:00:00Z,120052,317.215484
312.17,314.06,311.37,472,313.96,2022-08-26T15:00:00Z,71206,312.339622
311.99,312.15,310.905,339,312.15,2022-08-26T16:00:00Z,60939,311.379121
310.52,312.3,310.295,460,311.76,2022-08-26T17:00:00Z,59103,311.099829
309.53,310.635,309.415,471,310.62,2022-08-26T18:00:00Z,92922,309.854885
307.46,310.03,307.42,1900,309.53,2022-08-26T19:00:00Z,271451,308.281892
306.14,307.47,306.14,63,307.33,2022-08-26T20:00:00Z,17973,307.1018
304.57,304.94,304.42,8,304.76,2022-08-29T12:00:00Z,3873,304.703421
305.345,307.105,304.26,684,304.63,2022-08-29T13:00:00Z,79902,305.945924
303.74,307.15,303.57,1519,305.38,2022-08-29T14:00:00Z,175431,305.327003
304.78,305.05,303.36,894,303.63,2022-08-29T15:00:00Z,134045,304.025239
306.13,306.62,304.62,892,305.05,2022-08-29T16:00:00Z,79037,305.58527
306.35,307.08,305.47,597,306.18,2022-08-29T17:00:00Z,39829,306.32494
305.87,306.3,305.08,712,306.23,2022-08-29T18:00:00Z,63053,305.75668
304.42,306.8,304.21,1767,305.9,2022-08-29T19:00:00Z,201540,305.318459
304.57,304.57,304.13,43,304.29,2022-08-29T20:00:00Z,10073,304.339869
306.07,306.07,306.07,1,306.07,2022-08-30T12:00:00Z,800,306.07
303.8,306.64,303.8,666,306.44,2022-08-30T13:00:00Z,67856,305.423305
300.82,304.39,298.98,1678,304.0,2022-08-30T14:00:00Z,218406,301.112325
300.86,301.65,299.9,918,300.66,2022-08-30T15:00:00Z,74518,300.773215
300.11,302.0,299.6,751,300.82,2022-08-30T16:00:00Z,66373,300.641999
299.74,300.42,298.47,803,300.05,2022-08-30T17:00:00Z,78073,299.192948
299.76,300.3,299.3,675,299.72,2022-08-30T18:00:00Z,41946,299.773542
300.98,301.75,299.8,2190,299.98,2022-08-30T19:00:00Z,233411,300.676293
301.31,301.63,300.99,29,301.05,2022-08-30T20:00:00Z,10359,301.327703
303.47,303.47,303.47,1,303.47,2022-08-31T12:00:00Z,400,303.47
303.54,304.85,302.11,521,304.21,2022-08-31T13:00:00Z,95702,303.172284
301.12,303.64,301.11,328,303.5,2022-08-31T14:00:00Z,39123,302.142157
301.96,302.085,299.77,548,301.09,2022-08-31T15:00:00Z,60606,300.849853
300.75,302.15,300.5,372,301.96,2022-08-31T16:00:00Z,34034,301.175138
300.03,301.41,299.38,360,300.75,2022-08-31T17:00:00Z,38723,300.228368
299.505,300.71,299.19,531,300.09,2022-08-31T18:00:00Z,51513,299.78526
299.27,301.81,299.22,2214,299.67,2022-08-31T19:00:00Z,302244,300.374364
299.88,299.93,299.27,108,299.5,2022-08-31T20:00:00Z,26617,299.710016
296.88,296.88,296.88,1,296.88,2022-09-01T12:00:00Z,100,296.88
296.96,297.91,295.955,775,296.91,2022-09-01T13:00:00Z,94472,296.733132
293.89,297.29,293.89,1683,296.8,2022-09-01T14:00:00Z,165773,295.422168
293.545,294.76,293.16,922,293.76,2022-09-01T15:00:00Z,106825,293.907737
293.45,294.46,292.96,745,293.55,2022-09-01T16:00:00Z,98685,293.830825
294.57,295.56,293.33,855,293.34,2022-09-01T17:00:00Z,102447,294.662386
297.16,297.78,294.305,1265,294.58,2022-09-01T18:00:00Z,186999,296.398463
299.48,299.76,296.945,1867,297.16,2022-09-01T19:00:00Z,214998,298.101589
299.63,299.73,298.81,71,299.31,2022-09-01T20:00:00Z,19489,299.268845
301.28,302.08,299.88,24,302.08,2022-09-02T12:00:00Z,6598,300.796337
300.14,302.64,299.72,566,301.13,2022-09-02T13:00:00Z,72398,300.856885
302.19,303.725,299.18,1290,300.12,2022-09-02T14:00:00Z,130241,302.078706
302.78,303.09,301.8,703,302.26,2022-09-02T15:00:00Z,56045,302.643249
298.3,302.86,297.43,871,302.72,2022-09-02T16:00:00Z,93475,299.679739
294.68,298.18,294.64,1053,298.18,2022-09-02T17:00:00Z,99803,296.101212
295.09,296.27,294.58,766,294.61,2022-09-02T18:00:00Z,78314,295.395053
295.24,296.39,293.525,2458,295.22,2022-09-02T19:00:00Z,271905,294.593792
295.7,295.81,295.18,105,295.18,2022-09-02T20:00:00Z,29016,295.619102
296.9,296.9,296.9,1,296.9,2022-09-06T12:00:00Z,100,296.9
293.6,296.55,293.05,685,295.5,2022-09-06T13:00:00Z,140979,294.547563
295.13,295.57,290.93,978,293.59,2022-09-06T14:00:00Z,116337,292.679089
295.52,296.025,294.04,619,295.03,2022-09-06T15:00:00Z,61728,295.158216
293.96,295.93,292.91,469,295.35,2022-09-06T16:00:00Z,53832,293.997349
292.82,293.98,291.73,569,293.98,2022-09-06T17:00:00Z,113068,292.437399
292.79,294.01,292.63,542,292.735,2022-09-06T18:00:00Z,50614,293.260739
293.06,294.12,292.34,1037,293.02,2022-09-06T19:00:00Z,145443,293.064515
292.94,293.09,292.67,17,293.09,2022-09-06T20:00:00Z,7398,292.820023
294.53,295.64,293.18,543,293.18,2022-09-07T13:00:00Z,101510,294.953439
294.57,295.18,293.35,491,294.2,2022-09-07T14:00:00Z,62955,294.207318
296.03,296.43,294.25,574,294.4,2022-09-07T15:00:00Z,79994,295.784586
296.43,296.71,295.04,522,296.12,2022-09-07T16:00:00Z,73533,295.783522
297.55,297.8,296.18,408,296.3,2022-09-07T17:00:00Z,53546,297.178769
299.185,299.33,297.57,966,297.7,2022-09-07T18:00:00Z,119014,298.506687
298.95,299.965,298.83,1848,299.17,2022-09-07T19:00:00Z,266833,299.298157
299.02,299.13,298.61,28,298.75,2022-09-07T20:00:00Z,9314,298.849736
297.0,297.96,297.0,4,297.96,2022-09-08T12:00:00Z,1100,297.366667
298.49,299.155,295.55,558,296.76,2022-09-08T13:00:00Z,77440,297.228765
300.96,300.96,297.15,754,298.53,2022-09-08T14:00:00Z,69447,299.102089
300.31,301.82,300.1,706,300.94,2022-09-08T15:00:00Z,119440,301.0992
298.39,300.39,296.05,665,300.39,2022-09-08T16:00:00Z,99421,297.628354
299.12,299.95,297.4,587,298.16,2022-09-08T17:00:00Z,83685,299.135267
298.88,299.95,298.49,482,298.965,2022-09-08T18:00:00Z,50733,299.251838
300.54,300.575,298.23,1024,298.85,2022-09-08T19:00:00Z,107369,299.495368
301.09,301.09,300.58,70,300.6,2022-09-08T20:00:00Z,19261,300.820685
303.5,303.6,303.5,2,303.6,2022-09-09T12:00:00Z,600,303.566667
304.815,304.84,302.83,529,303.38,2022-09-09T13:00:00Z,67475,303.882509
306.23,306.45,304.58,836,304.925,2022-09-09T14:00:00Z,106492,305.636656
306.25,306.67,305.35,751,306.245,2022-09-09T15:00:00Z,111191,306.00402
306.61,306.61,305.09,366,306.0,2022-09-09T16:00:00Z,44835,305.817324
306.88,307.32,306.22,588,306.44,2022-09-09T17:00:00Z,69955,306.942629
306.695,307.175,306.3,472,306.84,2022-09-09T18:00:00Z,51332,306.74918
306.98,307.58,306.59,1643,306.62,2022-09-09T19:00:00Z,217371,307.175872
307.01,307.01,306.64,35,306.88,2022-09-09T20:00:00Z,14803,306.913275
310.57,310.58,308.33,370,308.5,2022-09-12T13:00:00Z,40682,309.303911
309.65,311.02,309.59,822,310.62,2022-09-12T14:00:00Z,85578,310.421583
308.78,310.64,308.39,742,309.65,2022-09-12T15:00:00Z,62929,309.669145
309.98,310.05,308.23,529,308.8,2022-09-12T16:00:00Z,42244,309.280031
310.61,310.76,309.44,1029,310.02,2022-09-12T17:00:00Z,78099,310.303692
309.995,310.61,309.33,728,310.61,2022-09-12T18:00:00Z,63492,309.837607
310.75,310.75,309.83,1658,309.915,2022-09-12T19:00:00Z,164944,310.417331
311.45,311.45,310.9,55,310.95,2022-09-12T20:00:00Z,12485,311.02475
303.69,303.84,303.52,12,303.52,2022-09-13T12:00:00Z,2600,303.820635
300.21,302.98,300.21,981,301.725,2022-09-13T13:00:00Z,146174,301.484895
298.19,300.7,297.855,1311,300.1,2022-09-13T14:00:00Z,212677,299.358165
297.36,298.465,297.16,1289,298.255,2022-09-13T15:00:00Z,134919,297.672303
297.89,298.505,297.17,949,297.425,2022-09-13T16:00:00Z,94198,298.087842
297.83,298.92,297.56,991,297.84,2022-09-13T17:00:00Z,121178,298.333018
296.01,297.935,295.79,1294,297.87,2022-09-13T18:00:00Z,170022,296.761956
293.715,296.14,292.79,5669,296.005,2022-09-13T19:00:00Z,738459,294.01917
293.76,294.04,293.4,50,293.75,2022-09-13T20:00:00Z,18227,293.738081
295.28,295.88,293.19,711,294.85,2022-09-14T13:00:00Z,95698,294.244456
296.03,296.19,293.18,1148,295.47,2022-09-14T14:00:00Z,128190,294.859995
295.935,296.86,295.27,662,296.01,2022-09-14T15:00:00Z,64831,296.199053
296.21,296.7,295.145,588,295.88,2022-09-14T16:00:00Z,65583,295.88768
294.34,296.75,294.15,471,296.46,2022-09-14T17:00:00Z,48645,295.551414
294.24,295.13,293.69,730,294.38,2022-09-14T18:00:00Z,95834,294.458919
296.02,296.36,293.13,1949,294.27,2022-09-14T19:00:00Z,253958,295.011724
296.82,296.9,296.09,99,296.14,2022-09-14T20:00:00Z,25712,296.531248
295.77,296.18,293.63,556,294.02,2022-09-15T13:00:00Z,78696,294.516297
291.39,296.47,291.15,936,296.1,2022-09-15T14:00:00Z,145579,293.667711
291.47,292.63,290.6,1323,291.18,2022-09-15T15:00:00Z,164135,291.606599
292.51,292.57,290.92,631,291.475,2022-09-15T16:00:00Z,61787,291.665089
293.13,294.53,292.73,757,292.77,2022-09-15T17:00:00Z,78470,293.600101
291.43,293.08,291.245,736,293.07,2022-09-15T18:00:00Z,54854,292.103031
291.02,291.67,289.48,1805,291.44,2022-09-15T19:00:00Z,214023,290.645472
290.23,291.75,289.82,83,291.34,2022-09-15T20:00:00Z,19552,290.794725
286.0,287.7,285.72,639,287.64,2022-09-16T13:00:00Z,86713,286.646592
286.45,288.87,285.98,1349,285.98,2022-09-16T14:00:00Z,143632,287.548368
287.58,287.58,286.04,827,286.545,2022-09-16T15:00:00Z,61848,286.803722
287.16,287.58,285.66,754,287.58,2022-09-16T16:00:00Z,56025,286.613855
286.55,287.35,286.24,885,287.25,2022-09-16T17:00:00Z,72145,286.844772
288.355,288.62,286.46,1080,286.72,2022-09-16T18:00:00Z,71074,287.611712
289.19,289.695,287.87,2289,288.39,2022-09-16T19:00:00Z,278815,288.948656
289.62,289.62,289.2,49,289.2,2022-09-16T20:00:00Z,14869,289.375135
288.45,288.79,286.1,489,286.14,2022-09-19T13:00:00Z,79270,287.778522
289.23,289.83,287.44,617,288.38,2022-09-19T14:00:00Z,83617,288.650488
287.51,289.92,287.335,571,289.26,2022-09-19T15:00:00Z,93882,288.434628
289.06,289.22,286.975,362,287.85,2022-09-19T16:00:00Z,57857,288.075584
288.37,289.13,288.16,576,289.09,2022-09-19T17:00:00Z,46121,288.700175
289.14,289.17,288.01,528,288.54,2022-09-19T18:00:00Z,50116,288.650617
291.05,291.195,289.155,1448,289.155,2022-09-19T19:00:00Z,190388,290.703235
291.76,291.97,291.09,66,291.15,2022-09-19T20:00:00Z,31920,291.41122
289.12,289.12,288.7,3,288.7,2022-09-20T12:00:00Z,438,288.919087
288.57,289.13,287.83,358,288.93,2022-09-20T13:00:00Z,62560,288.514902
289.41,289.59,287.88,867,288.47,2022-09-20T14:00:00Z,108934,288.731019
290.8,290.9,289.18,809,289.53,2022-09-20T15:00:00Z,100278,289.8771
289.32,291.06,288.94,620,290.9,2022-09-20T16:00:00Z,65972,290.014009
286.61,289.38,286.38,903,289.24,2022-09-20T17:00:00Z,103439,287.614161
288.18,288.48,286.64,951,286.64,2022-09-20T18:00:00Z,149297,287.323986
288.68,289.68,287.95,1387,288.4,2022-09-20T19:00:00Z,199098,288.827407
289.06,289.4,288.98,66,289.19,2022-09-20T20:00:00Z,17730,289.248768
289.9,290.17,289.9,4,290.17,2022-09-21T12:00:00Z,944,290.042204
289.84,290.38,289.11,394,289.72,2022-09-21T13:00:00Z,66797,289.819282
289.39,290.52,289.335,598,289.84,2022-09-21T14:00:00Z,120603,289.794465
289.785,290.05,289.11,458,289.32,2022-09-21T15:00:00Z,62132,289.551755
290.23,290.8,289.57,617,289.73,2022-09-21T16:00:00Z,65157,290.298693
291.46,291.46,289.74,643,290.225,2022-09-21T17:00:00Z,83075,290.457994
292.21,293.89,284.9,2787,291.27,2022-09-21T18:00:00Z,480754,288.500766
283.46,292.88,283.45,2394,292.51,2022-09-21T19:00:00Z,373165,286.432821
282.54,283.4,282.07,116,283.12,2022-09-21T20:00:00Z,40973,282.982377
284.34,284.34,284.34,1,284.34,2022-09-22T12:00:00Z,400,284.34
280.83,283.79,280.31,868,283.77,2022-09-22T13:00:00Z,150789,281.335169
279.65,281.88,279.48,1430,280.73,2022-09-22T14:00:00Z,188030,280.670032
280.14,280.715,278.87,1433,279.6,2022-09-22T15:00:00Z,184546,279.795981
280.525,281.18,279.59,838,280.295,2022-09-22T16:00:00Z,81186,280.466756
280.79,281.09,279.48,1056,280.57,2022-09-22T17:00:00Z,108823,280.28972
280.555,280.97,279.095,1505,280.865,2022-09-22T18:00:00Z,127272,279.85743
280.0,282.97,280.0,2222,280.6,2022-09-22T19:00:00Z,322553,281.357032
280.28,280.38,279.78,99,280.01,2022-09-22T20:00:00Z,20468,280.078846
276.36,276.78,276.36,4,276.6,2022-09-23T12:00:00Z,480,276.585
275.065,277.98,275.01,603,277.03,2022-09-23T13:00:00Z,93406,276.476326
275.605,276.54,274.72,815,274.88,2022-09-23T14:00:00Z,113002,275.557765
275.29,276.63,274.74,856,275.62,2022-09-23T15:00:00Z,113792,275.732494
275.06,275.22,273.71,784,275.105,2022-09-23T16:00:00Z,111813,274.434086
274.46,275.42,273.94,419,274.965,2022-09-23T17:00:00Z,64838,274.682045
272.195,274.73,272.04,925,274.35,2022-09-23T18:00:00Z,122709,272.897124
275.68,275.785,272.15,2121,272.15,2022-09-23T19:00:00Z,330637,274.722861
275.86,275.95,275.44,22,275.69,2022-09-23T20:00:00Z,8708,275.724763
275.59,275.59,274.03,3,274.03,2022-09-26T12:00:00Z,300,275.013333
278.44,278.52,274.76,537,275.59,2022-09-26T13:00:00Z,73477,277.249092
277.6,279.39,277.09,970,278.5,2022-09-26T14:00:00Z,184666,278.234544
276.3,277.885,275.1,798,277.695,2022-09-26T15:00:00Z,139618,276.430246
275.48,276.32,274.025,792,276.31,2022-09-26T16:00:00Z,143968,274.940594
273.7,275.5,273.62,742,275.47,2022-09-26T17:00:00Z,139370,274.343993
276.02,276.08,273.63,506,273.63,2022-09-26T18:00:00Z,91355,275.148545
273.96,276.29,273.91,1271,275.87,2022-09-26T19:00:00Z,176985,275.152328
274.02,274.21,273.57,127,274.03,2022-09-26T20:00:00Z,18787,273.908593
278.08,279.11,278.08,5,278.64,2022-09-27T12:00:00Z,1179,278.866463
278.32,280.1,277.71,726,277.87,2022-09-27T13:00:00Z,105227,278.908673
278.3,278.6,276.27,1227,278.39,2022-09-27T14:00:00Z,219509,277.470396
274.77,278.36,274.77,667,278.28,2022-09-27T15:00:00Z,114304,276.481851
273.73,274.78,272.11,1092,274.78,2022-09-27T16:00:00Z,192598,273.308284
273.025,273.66,272.325,606,273.66,2022-09-27T17:00:00Z,80110,272.918513
274.75,275.2,272.7,837,273.0,2022-09-27T18:00:00Z,111168,273.692575
274.6,275.02,273.31,1512,274.69,2022-09-27T19:00:00Z,224790,274.336745
274.59,274.94,274.04,40,274.25,2022-09-27T20:00:00Z,14454,274.499208
274.09,274.99,272.97,586,274.66,2022-09-28T13:00:00Z,105683,273.880576
276.15,276.91,273.08,917,274.145,2022-09-28T14:00:00Z,147650,274.997792
278.07,278.09,275.86,751,276.09,2022-09-28T15:00:00Z,101080,276.967539
277.94,278.84,277.44,847,278.12,2022-09-28T16:00:00Z,140444,277.983552
277.94,278.95,277.56,665,278.015,2022-09-28T17:00:00Z,96164,278.216212
278.99,279.16,277.86,681,277.93,2022-09-28T18:00:00Z,88885,278.645038
279.8,281.23,278.87,2603,278.885,2022-09-28T19:00:00Z,349070,280.415938
279.67,280.0,279.61,41,279.94,2022-09-28T20:00:00Z,16139,279.827886
275.37,275.76,275.37,6,275.65,2022-09-29T12:00:00Z,1388,275.564986
273.02,276.28,272.54,411,275.96,2022-09-29T13:00:00Z,63772,274.190559
271.77,272.98,270.5,814,272.85,2022-09-29T14:00:00Z,128328,271.452081
272.84,273.23,271.26,952,271.77,2022-09-29T15:00:00Z,122501,272.409849
271.08,273.155,270.97,702,272.745,2022-09-29T16:00:00Z,60401,271.956873
269.55,271.43,269.52,840,270.97,2022-09-29T17:00:00Z,83791,270.777562
269.2,270.48,268.87,1121,269.54,2022-09-29T18:00:00Z,138025,269.604235
272.05,272.26,269.19,2472,269.19,2022-09-29T19:00:00Z,341468,271.55713
272.05,272.65,271.85,15,272.34,2022-09-29T20:00:00Z,10300,272.157767
272.54,272.54,272.24,2,272.24,2022-09-30T12:00:00Z,500,272.3
272.21,272.96,270.03,541,271.58,2022-09-30T13:00:00Z,101668,271.421645
273.64,274.16,271.395,665,272.27,2022-09-30T14:00:00Z,97628,272.964485
272.59,275.14,272.31,1142,273.84,2022-09-30T15:00:00Z,172539,273.769864
272.13,272.89,271.46,440,272.39,2022-09-30T16:00:00Z,44608,272.237479
270.41,272.27,270.19,454,272.03,2022-09-30T17:00:00Z,51041,271.09263
269.27,271.18,269.11,830,270.355,2022-09-30T18:00:00Z,107994,270.304341
267.55,270.39,267.1,2162,269.265,2022-09-30T19:00:00Z,262484,268.239691
267.76,268.45,267.46,132,267.46,2022-09-30T20:00:00Z,18839,267.965306
269.36,269.43,268.44,22,268.44,2022-10-03T12:00:00Z,3185,269.195671
268.75,269.73,267.63,348,269.19,2022-10-03T13:00:00Z,81257,268.797083
271.36,272.1,269.14,686,269.19,2022-10-03T14:00:00Z,100576,271.172183
270.77,272.245,270.515,635,271.37,2022-10-03T15:00:00Z,104470,271.45648
271.47,271.9,270.78,300,270.78,2022-10-03T16:00:00Z,45699,271.338104
272.98,273.28,271.56,374,271.56,2022-10-03T17:00:00Z,35776,272.66933
274.805,275.12,272.95,569,272.96,2022-10-03T18:00:00Z,53169,274.370759
273.39,275.11,273.225,1688,274.77,2022-10-03T19:00:00Z,229880,274.111336
274.09,274.33,273.78,38,273.83,2022-10-03T20:00:00Z,14995,274.134265
278.35,278.47,278.35,2,278.47,2022-10-04T12:00:00Z,600,278.43
281.45,281.45,278.65,600,278.78,2022-10-04T13:00:00Z,80662,280.131401
282.725,282.84,281.6,943,281.69,2022-10-04T14:00:00Z,145294,282.273578
282.18,282.765,281.675,953,282.725,2022-10-04T15:00:00Z,121393,282.167706
281.06,282.46,280.845,603,282.21,2022-10-04T16:00:00Z,85784,281.876624
281.495,281.54,279.24,781,281.05,2022-10-04T17:00:00Z,132777,280.278192
281.915,282.2,280.635,405,281.29,2022-10-04T18:00:00Z,54464,281.392788
282.04,282.19,280.67,1262,281.9,2022-10-04T19:00:00Z,121192,281.647337
282.25,282.62,281.96,112,281.96,2022-10-04T20:00:00Z,19743,282.363787
278.85,279.31,278.85,3,279.31,2022-10-05T12:00:00Z,305,279.00082
278.63,279.61,277.89,342,278.9,2022-10-05T13:00:00Z,41222,278.683254
275.87,278.59,275.6,909,278.53,2022-10-05T14:00:00Z,134359,276.341768
277.62,277.73,275.74,707,275.745,2022-10-05T15:00:00Z,81380,276.89616
279.74,280.275,276.985,700,277.43,2022-10-05T16:00:00Z,99537,279.262277
280.35,281.69,279.64,769,279.68,2022-10-05T17:00:00Z,90294,280.811058
282.22,282.29,280.15,653,280.38,2022-10-05T18:00:00Z,70850,281.343776
281.9,283.775,281.42,1979,282.295,2022-10-05T19:00:00Z,274597,282.620347
281.91,282.49,281.91,45,282.12,2022-10-05T20:00:00Z,17964,282.304381
281.55,282.28,281.55,4,282.28,2022-10-06T12:00:00Z,550,281.740909
282.095,284.12,281.0,545,281.1,2022-10-06T13:00:00Z,77226,282.646423
282.135,282.24,279.48,1165,282.12,2022-10-06T14:00:00Z,145187,280.526415
280.86,282.87,280.81,593,282.34,2022-10-06T15:00:00Z,78440,281.832359
281.52,282.2,280.27,691,280.79,2022-10-06T16:00:00Z,77123,280.989606
281.75,282.13,280.95,571,281.79,2022-10-06T17:00:00Z,47582,281.599539
280.15,281.85,279.51,935,281.8,2022-10-06T18:00:00Z,113394,280.545262
279.79,280.83,279.44,1404,280.12,2022-10-06T19:00:00Z,173624,279.989972
278.95,280.1,278.95,177,279.62,2022-10-06T20:00:00Z,34922,279.440531
275.25,277.05,274.1,63,277.05,2022-10-07T12:00:00Z,7567,275.213508
272.16,275.75,271.995,552,275.16,2022-10-07T13:00:00Z,108228,274.038766
272.42,273.35,271.7,1001,272.0,2022-10-07T14:00:00Z,207990,272.439505
271.4,272.76,270.775,543,272.4,2022-10-07T15:00:00Z,90775,271.612307
269.98,271.51,269.69,639,271.295,2022-10-07T16:00:00Z,98662,270.373521
269.54,270.39,269.34,716,269.98,2022-10-07T17:00:00Z,106439,269.873479
269.32,269.87,268.825,631,269.39,2022-10-07T18:00:00Z,90310,269.339974
269.1,269.935,267.81,1971,269.35,2022-10-07T19:00:00Z,352481,268.883342
269.0,269.18,268.79,77,269.01,2022-10-07T20:00:00Z,15148,268.954687
269.31,269.31,268.78,8,268.94,2022-10-10T12:00:00Z,1664,268.968759
266.94,269.7,266.76,571,269.55,2022-10-10T13:00:00Z,94473,267.987724
265.485,268.28,265.08,1155,267.02,2022-10-10T14:00:00Z,197812,266.477105
266.39,267.04,264.93,761,265.46,2022-10-10T15:00:00Z,122315,265.952238
264.385,266.34,264.385,762,266.29,2022-10-10T16:00:00Z,124740,265.039684
267.54,268.19,263.66,1370,264.37,2022-10-10T17:00:00Z,242270,265.597109
266.73,267.69,265.99,474,267.555,2022-10-10T18:00:00Z,67283,266.962608
266.12,267.83,266.09,1087,266.84,2022-10-10T19:00:00Z,133131,266.942802
266.53,266.69,266.25,126,266.3,2022-10-10T20:00:00Z,17460,266.545627
265.42,265.69,265.42,2,265.69,2022-10-11T12:00:00Z,200,265.555
262.375,265.29,262.36,579,265.23,2022-10-11T13:00:00Z,77503,263.478481
262.975,264.26,261.58,1497,262.37,2022-10-11T14:00:00Z,232754,262.897013
265.71,266.49,263.01,919,263.01,2022-10-11T15:00:00Z,133706,265.121599
266.58,267.56,264.63,835,265.62,2022-10-11T16:00:00Z,120390,266.419178
266.04,266.76,265.295,575,266.585,2022-10-11T17:00:00Z,60306,266.042613
262.275,266.29,262.08,788,265.98,2022-10-11T18:00:00Z,128507,264.439045
263.02,263.18,261.09,2330,262.245,2022-10-11T19:00:00Z,363721,262.132509
263.65,263.71,262.87,107,263.02,2022-10-11T20:00:00Z,13494,263.245226
264.0,264.55,263.22,94,263.22,2022-10-12T12:00:00Z,11887,263.990226
264.22,265.3,262.01,560,263.93,2022-10-12T13:00:00Z,66896,263.842473
262.695,264.4,262.07,999,264.14,2022-10-12T14:00:00Z,97746,263.07037
264.565,264.75,262.67,598,262.72,2022-10-12T15:00:00Z,66854,263.991673
263.83,264.82,262.87,613,264.61,2022-10-12T16:00:00Z,86390,263.673567
263.08,264.09,262.75,472,263.83,2022-10-12T17:00:00Z,68128,263.39623
263.23,264.7,262.58,396,263.395,2022-10-12T18:00:00Z,54244,263.598999
262.69,263.9,262.69,1474,263.21,2022-10-12T19:00:00Z,262883,263.242444
263.07,263.08,262.66,110,262.94,2022-10-12T20:00:00Z,25412,262.883499
255.5,256.19,254.84,22,255.23,2022-10-13T12:00:00Z,6510,255.682353
257.42,257.81,254.27,944,255.53,2022-10-13T13:00:00Z,153156,255.725082
258.55,259.55,257.19,990,257.48,2022-10-13T14:00:00Z,147156,258.402766
267.02,269.42,258.26,1240,258.55,2022-10-13T15:00:00Z,228336,264.146767
266.06,267.81,264.665,1101,266.96,2022-10-13T16:00:00Z,168500,265.862482
268.38,269.49,266.21,785,266.22,2022-10-13T17:00:00Z,131292,268.332195
269.49,269.59,266.9,533,268.205,2022-10-13T18:00:00Z,91405,268.051988
268.73,270.15,268.045,1631,269.28,2022-10-13T19:00:00Z,250362,269.210887
268.35,269.33,268.23,108,268.76,2022-10-13T20:00:00Z,19091,268.743041
272.11,272.77,269.1,20,269.1,2022-10-14T12:00:00Z,4666,271.5092
267.96,272.2,267.61,558,271.71,2022-10-14T13:00:00Z,73157,269.860426
264.85,267.93,263.29,1288,267.93,2022-10-14T14:00:00Z,247673,264.905908
262.775,265.97,262.65,706,264.78,2022-10-14T15:00:00Z,92778,264.348036
262.435,263.7,261.71,700,262.665,2022-10-14T16:00:00Z,84833,262.737939
263.23,263.23,261.885,884,262.44,2022-10-14T17:00:00Z,108840,262.524487
261.96,262.97,261.2,925,262.97,2022-10-14T18:00:00Z,121928,261.868585
260.67,262.55,260.15,1446,262.07,2022-10-14T19:00:00Z,178054,261.352976
260.63,261.05,260.61,108,260.78,2022-10-14T20:00:00Z,15861,260.811396
265.42,265.43,264.76,30,264.76,2022-10-17T12:00:00Z,1890,265.189576
268.43,269.5,265.44,1403,265.44,2022-10-17T13:00:00Z,247907,268.320786
267.92,269.94,267.48,1324,268.58,2022-10-17T14:00:00Z,149181,268.852999
269.51,269.98,267.29,896,267.83,2022-10-17T15:00:00Z,91151,268.695771
269.07,269.9,268.61,827,269.49,2022-10-17T16:00:00Z,79963,269.179019
269.835,269.99,268.63,602,269.05,2022-10-17T17:00:00Z,59949,269.434593
269.425,270.23,269.12,796,269.82,2022-10-17T18:00:00Z,68057,269.665083
269.48,270.05,268.9,1871,269.465,2022-10-17T19:00:00Z,212357,269.474643
270.1,270.22,269.41,110,269.41,2022-10-17T20:00:00Z,23112,269.912704
276.22,276.35,275.75,57,275.88,2022-10-18T12:00:00Z,6385,276.097581
274.2,277.19,274.005,928,276.03,2022-10-18T13:00:00Z,120655,276.052108
272.72,275.1,272.06,769,274.2,2022-10-18T14:00:00Z,111841,273.281086
270.595,272.88,268.85,1013,272.54,2022-10-18T15:00:00Z,159393,270.280648
271.495,272.76,270.18,512,270.52,2022-10-18T16:00:00Z,87729,271.853297
272.615,272.92,270.4,526,271.51,2022-10-18T17:00:00Z,62222,271.836942
270.33,272.735,268.84,847,272.715,2022-10-18T18:00:00Z,124428,270.771358
271.69,271.89,269.28,1013,270.21,2022-10-18T19:00:00Z,112835,270.643024
274.63,274.9,270.81,170,270.81,2022-10-18T20:00:00Z,31216,273.966375
270.01,270.2,269.38,94,269.38,2022-10-19T12:00:00Z,3565,269.89381
269.99,271.95,269.56,439,269.95,2022-10-19T13:00:00Z,50890,270.538772
271.36,273.62,269.775,735,270.06,2022-10-19T14:00:00Z,85957,271.898784
271.72,272.33,270.66,234,271.31,2022-10-19T15:00:00Z,41033,271.595136
269.745,271.4,269.52,289,271.38,2022-10-19T16:00:00Z,46176,270.307644
269.27,269.89,268.09,549,269.62,2022-10-19T17:00:00Z,84773,269.011023
269.32,270.44,269.02,298,269.02,2022-10-19T18:00:00Z,57194,269.822492
270.63,270.63,269.02,782,269.37,2022-10-19T19:00:00Z,135899,270.028504
270.42,271.47,269.87,95,270.83,2022-10-19T20:00:00Z,14096,270.528537
269.28,271.99,269.28,167,271.99,2022-10-20T12:00:00Z,5713,270.366562
271.83,272.44,269.47,315,269.76,2022-10-20T13:00:00Z,46074,270.939869
274.57,274.83,272.06,1039,272.12,2022-10-20T14:00:00Z,126562,273.88258
273.46,274.74,272.9,632,274.57,2022-10-20T15:00:00Z,67273,273.962643
271.15,273.52,270.43,943,273.52,2022-10-20T16:00:00Z,130534,271.677415
269.23,271.22,268.75,883,271.09,2022-10-20T17:00:00Z,58255,269.986511
268.98,269.315,267.92,1595,269.13,2022-10-20T18:00:00Z,95310,268.451741
269.02,269.775,268.32,1775,269.015,2022-10-20T19:00:00Z,192623,269.16536
268.63,269.87,268.19,136,269.33,2022-10-20T20:00:00Z,26602,268.767867
266.5,266.66,265.51,180,265.77,2022-10-21T12:00:00Z,7220,265.952611
270.74,270.74,266.98,1107,267.1,2022-10-21T13:00:00Z,123240,268.864602
269.06,272.38,268.94,797,270.82,2022-10-21T14:00:00Z,107024,270.330211
271.92,271.98,268.28,374,269.14,2022-10-21T15:00:00Z,31884,270.116546
272.6,273.13,271.43,441,272.29,2022-10-21T16:00:00Z,50439,272.399699
273.88,273.955,272.39,535,272.685,2022-10-21T17:00:00Z,76432,273.157884
274.2,274.66,273.59,855,273.99,2022-10-21T18:00:00Z,61627,274.113116
275.64,275.955,274.1,3278,274.22,2022-10-21T19:00:00Z,320915,275.436776
276.0,276.21,275.44,142,275.59,2022-10-21T20:00:00Z,30266,275.726977
276.68,277.0,275.86,51,275.87,2022-10-24T12:00:00Z,3704,276.5176
275.63,277.21,274.27,765,276.64,2022-10-24T13:00:00Z,96173,275.604903
275.46,275.72,272.005,766,275.6,2022-10-24T14:00:00Z,86774,273.746313
277.06,277.07,274.82,579,275.255,2022-10-24T15:00:00Z,42867,276.023973
277.38,277.92,276.55,1042,277.02,2022-10-24T16:00:00Z,87907,277.274078
276.4,277.33,275.97,329,277.33,2022-10-24T17:00:00Z,43338,276.730368
278.45,278.5,276.38,478,276.38,2022-10-24T18:00:00Z,45058,277.651558
278.45,279.37,277.94,2154,278.55,2022-10-24T19:00:00Z,237514,278.603239
278.05,278.62,277.95,81,278.48,2022-10-24T20:00:00Z,15068,278.225522
282.59,283.03,278.92,528,278.92,2022-10-25T13:00:00Z,85121,281.183541
282.16,282.97,281.67,841,282.96,2022-10-25T14:00:00Z,144637,282.159588
283.41,283.8,282.02,759,282.13,2022-10-25T15:00:00Z,102554,283.212731
282.78,284.0,282.61,771,283.48,2022-10-25T16:00:00Z,116685,283.36207
282.555,283.07,281.85,450,282.93,2022-10-25T17:00:00Z,75389,282.445586
283.34,283.915,282.63,519,282.63,2022-10-25T18:00:00Z,100035,283.413667
284.25,284.57,283.23,1282,283.3,2022-10-25T19:00:00Z,193047,284.036885
281.15,284.71,280.03,87,284.21,2022-10-25T20:00:00Z,20774,281.571763
278.91,278.95,278.71,4,278.95,2022-10-26T12:00:00Z,1170,278.868974
278.69,279.76,277.5,954,278.75,2022-10-26T13:00:00Z,111073,278.704313
281.59,282.8,278.67,1857,278.67,2022-10-26T14:00:00Z,211406,280.790839
283.02,283.93,281.6,962,281.6,2022-10-26T15:00:00Z,99903,283.305968
280.465,283.4,280.23,539,283.165,2022-10-26T16:00:00Z,95954,282.235255
279.68,280.35,278.39,1145,280.29,2022-10-26T17:00:00Z,121043,279.408151
278.525,280.08,278.05,1248,279.57,2022-10-26T18:00:00Z,156126,278.82268
277.86,278.65,277.55,2638,278.48,2022-10-26T19:00:00Z,270563,278.035075
277.95,279.52,277.0,39,277.95,2022-10-26T20:00:00Z,12111,277.982718
276.79,277.74,276.79,8,277.74,2022-10-27T12:00:00Z,1370,277.345118
274.1,278.25,273.41,661,276.86,2022-10-27T13:00:00Z,67398,275.399432
274.84,277.82,273.725,1320,274.09,2022-10-27T14:00:00Z,126686,276.022852
273.99,276.22,273.965,851,274.735,2022-10-27T15:00:00Z,87380,274.948304
274.04,274.96,273.09,827,273.88,2022-10-27T16:00:00Z,107770,273.950745
273.39,275.08,273.36,582,274.14,2022-10-27T17:00:00Z,65919,273.994215
272.815,273.63,272.61,881,273.42,2022-10-27T18:00:00Z,86166,273.024228
272.66,273.86,272.355,1568,273.015,2022-10-27T19:00:00Z,142120,273.149029
269.45,272.81,265.62,164,272.81,2022-10-27T20:00:00Z,25506,268.722012
269.91,269.91,269.91,1,269.91,2022-10-28T12:00:00Z,400,269.91
274.785,275.82,270.42,1054,270.42,2022-10-28T13:00:00Z,159389,274.55988
278.12,278.47,273.33,1517,275.11,2022-10-28T14:00:00Z,172487,276.641338
278.1,279.02,277.72,1349,278.32,2022-10-28T15:00:00Z,159585,278.264431
279.6,279.86,277.59,1124,278.14,2022-10-28T16:00:00Z,113704,278.981626
279.83,280.42,279.51,1101,279.65,2022-10-28T17:00:00Z,111854,279.985135
280.97,281.17,279.5,1587,279.85,2022-10-28T18:00:00Z,151580,280.361067
281.22,281.69,280.31,2477,280.98,2022-10-28T19:00:00Z,321056,281.071464
282.09,282.09,281.16,30,281.35,2022-10-28T20:00:00Z,12034,281.54063
277.41,279.65,277.2,859,279.51,2022-10-31T13:00:00Z,124251,278.310361
277.21,278.08,276.02,1246,277.27,2022-10-31T14:00:00Z,130089,277.009884
278.18,279.23,277.005,819,277.19,2022-10-31T15:00:00Z,93032,278.188077
277.88,279.535,277.55,297,278.34,2022-10-31T16:00:00Z,61516,278.505591
278.555,279.15,277.475,508,277.955,2022-10-31T17:00:00Z,74370,278.443239
278.39,279.15,278.04,910,278.54,2022-10-31T18:00:00Z,110909,278.688547
277.88,278.67,277.22,1057,278.415,2022-10-31T19:00:00Z,205031,277.880165
278.22,278.37,277.75,102,277.75,2022-10-31T20:00:00Z,22403,278.144982
279.545,282.04,279.25,523,281.7,2022-11-01T13:00:00Z,93633,280.779392
275.77,279.77,275.475,1014,279.77,2022-11-01T14:00:00Z,212443,277.08432
275.91,276.64,275.02,768,275.73,2022-11-01T15:00:00Z,71501,275.884658
275.69,276.89,274.74,724,276.11,2022-11-01T16:00:00Z,78445,275.836253
275.58,276.14,274.96,681,275.68,2022-11-01T17:00:00Z,56096,275.595689
276.15,276.15,275.05,795,275.62,2022-11-01T18:00:00Z,61625,275.551552
275.01,276.26,275.0,1518,275.83,2022-11-01T19:00:00Z,161469,275.383425
274.84,275.21,274.26,96,275.21,2022-11-01T20:00:00Z,20232,274.766522
275.49,275.49,275.49,1,275.49,2022-11-02T12:00:00Z,400,275.49
274.03,275.3,273.7,516,275.08,2022-11-02T13:00:00Z,55880,274.336624
273.57,274.49,273.26,928,274.0,2022-11-02T14:00:00Z,109798,273.771548
272.72,273.74,272.56,739,273.69,2022-11-02T15:00:00Z,72274,272.91174
272.77,273.01,271.73,651,272.7,2022-11-02T16:00:00Z,90290,272.176217
273.16,273.71,272.24,704,272.76,2022-11-02T17:00:00Z,70065,272.943464
271.19,278.01,270.03,2523,273.68,2022-11-02T18:00:00Z,422935,274.749152
265.63,272.98,265.63,3108,270.57,2022-11-02T19:00:00Z,433590,267.741113
265.75,266.05,265.03,91,265.2,2022-11-02T20:00:00Z,32617,265.427896
262.52,262.52,262.52,1,262.52,2022-11-03T12:00:00Z,100,262.52
260.54,263.44,260.53,829,263.03,2022-11-03T13:00:00Z,112354,261.918959
263.96,264.285,260.16,2600,260.85,2022-11-03T14:00:00Z,323004,262.604879
261.63,264.48,261.27,1420,264.03,2022-11-03T15:00:00Z,116274,262.292291
263.675,263.85,261.28,918,261.565,2022-11-03T16:00:00Z,97867,262.695246
261.91,263.67,261.905,686,263.65,2022-11-03T17:00:00Z,60660,262.498914
262.61,262.78,261.54,891,261.81,2022-11-03T18:00:00Z,139939,262.237063
260.48,262.62,260.38,1826,262.58,2022-11-03T19:00:00Z,343690,261.624579
260.64,260.88,260.4,229,260.52,2022-11-03T20:00:00Z,48942,260.660167
263.71,263.71,260.73,12,260.75,2022-11-04T12:00:00Z,2947,262.218272
263.45,266.27,260.68,1158,264.72,2022-11-04T13:00:00Z,188739,262.81241
264.485,266.45,262.57,1918,263.51,2022-11-04T14:00:00Z,221702,264.790354
260.1,264.91,259.98,1321,264.56,2022-11-04T15:00:00Z,201465,262.112779
260.405,262.24,259.44,1301,260.17,2022-11-04T16:00:00Z,187173,260.708942
259.65,260.89,259.235,1067,260.28,2022-11-04T17:00:00Z,128927,259.96587
262.6,262.79,259.09,1009,259.74,2022-11-04T18:00:00Z,92643,260.962839
264.65,264.72,262.24,1992,262.42,2022-11-04T19:00:00Z,286859,263.57877
264.28,265.1,264.27,46,264.75,2022-11-04T20:00:00Z,16657,264.775903
265.13,265.13,265.13,1,265.13,2022-11-07T13:00:00Z,800,265.13
264.31,266.48,263.58,750,265.84,2022-11-07T14:00:00Z,96560,264.727009
265.42,266.23,263.98,948,264.39,2022-11-07T15:00:00Z,64846,264.87322
264.03,265.94,264.02,629,265.47,2022-11-07T16:00:00Z,52920,265.015549
264.76,264.99,263.63,489,264.015,2022-11-07T17:00:00Z,48487,264.387239
265.58,265.715,264.78,547,264.78,2022-11-07T18:00:00Z,54915,265.262961
267.12,267.8,265.66,1170,265.66,2022-11-07T19:00:00Z,141367,267.130456
267.62,268.14,267.14,1687,267.15,2022-11-07T20:00:00Z,190081,267.625974
267.57,267.9,267.41,15,267.41,2022-11-07T21:00:00Z,7717,267.695917
269.26,269.26,269.15,2,269.15,2022-11-08T13:00:00Z,400,269.1775
268.69,269.6,267.49,614,269.6,2022-11-08T14:00:00Z,96705,268.464239
270.39,270.59,268.28,1075,268.69,2022-11-08T15:00:00Z,152913,269.431436
272.06,272.85,269.95,1463,270.39,2022-11-08T16:00:00Z,123664,271.685903
272.14,272.49,271.57,1105,272.07,2022-11-08T17:00:00Z,129791,271.933589
268.27,272.53,268.015,920,272.135,2022-11-08T18:00:00Z,169893,270.256218
267.8,268.74,265.53,1682,268.16,2022-11-08T19:00:00Z,246491,267.160302
269.51,271.05,267.7,2011,267.795,2022-11-08T20:00:00Z,215272,269.573183
269.47,269.54,268.91,51,269.52,2022-11-08T21:00:00Z,15942,269.284746
268.45,268.45,268.15,2,268.15,2022-11-09T13:00:00Z,900,268.416667
266.8,268.5,266.48,727,268.5,2022-11-09T14:00:00Z,74668,267.228486
266.245,268.52,265.61,1121,266.57,2022-11-09T15:00:00Z,171639,267.482517
266.94,268.01,266.16,641,266.23,2022-11-09T16:00:00Z,71850,267.094778
266.33,267.1,266.07,322,266.88,2022-11-09T17:00:00Z,76360,266.39003
264.34,266.34,263.88,1094,266.34,2022-11-09T18:00:00Z,173826,264.933142
263.61,265.09,263.41,918,264.37,2022-11-09T19:00:00Z,89232,264.308213
263.24,264.755,263.03,1796,263.58,2022-11-09T20:00:00Z,192524,263.852992
263.71,263.74,263.3,41,263.3,2022-11-09T21:00:00Z,15835,263.56404
274.75,274.75,272.15,23,272.15,2022-11-10T13:00:00Z,6084,273.049455
278.32,278.36,273.91,1411,275.09,2022-11-10T14:00:00Z,180868,276.160932
278.205,278.69,276.05,1765,278.43,2022-11-10T15:00:00Z,253675,277.806366
279.37,279.49,277.33,1295,278.235,2022-11-10T16:00:00Z,241225,278.395977
277.72,279.41,277.65,1276,279.33,2022-11-10T17:00:00Z,184856,278.661892
279.54,279.65,277.73,688,277.78,2022-11-10T18:00:00Z,116424,278.910782
280.11,280.22,279.19,882,279.48,2022-11-10T19:00:00Z,117443,279.721293
282.65,283.02,279.86,2658,280.03,2022-11-10T20:00:00Z,413544,281.783829
283.63,283.69,282.52,35,282.54,2022-11-10T21:00:00Z,9755,282.957392
284.37,284.52,284.05,11,284.05,2022-11-11T13:00:00Z,1881,284.341536
282.96,284.1,281.25,634,284.08,2022-11-11T14:00:00Z,129886,282.910769
285.7,286.31,282.04,1279,282.74,2022-11-11T15:00:00Z,115638,284.984089
284.71,286.25,283.04,1294,285.59,2022-11-11T16:00:00Z,118193,284.545023
285.9,286.25,284.06,945,284.51,2022-11-11T17:00:00Z,56618,285.298081
287.86,287.98,285.87,1748,285.87,2022-11-11T18:00:00Z,122292,287.114291
288.54,288.64,287.43,1946,287.91,2022-11-11T19:00:00Z,100776,288.160723
287.96,288.55,286.51,3438,288.32,2022-11-11T20:00:00Z,370106,287.755188
287.61,288.03,287.61,82,287.72,2022-11-11T21:00:00Z,19539,287.783291
286.67,286.67,286.67,1,286.67,2022-11-14T13:00:00Z,400,286.67
285.45,286.4,284.61,938,286.4,2022-11-14T14:00:00Z,110167,285.522019
286.75,287.23,285.62,1192,285.62,2022-11-14T15:00:00Z,155098,286.458368
286.83,287.41,285.16,1084,286.78,2022-11-14T16:00:00Z,95116,286.279693
287.515,288.04,286.46,848,286.92,2022-11-14T17:00:00Z,102398,287.520636
289.065,289.08,287.29,760,287.49,2022-11-14T18:00:00Z,71698,288.395488
288.13,289.17,287.75,784,289.17,2022-11-14T19:00:00Z,65757,288.453789
285.225,288.85,285.075,2150,288.315,2022-11-14T20:00:00Z,235168,286.468918
285.94,286.05,285.57,145,285.65,2022-11-14T21:00:00Z,26198,285.826744
293.48,293.99,289.91,28,289.91,2022-11-15T13:00:00Z,7607,293.103851
292.425,293.21,290.82,817,293.21,2022-11-15T14:00:00Z,90939,292.11799
291.34,293.0,290.84,1736,292.56,2022-11-15T15:00:00Z,159539,292.284197
292.58,292.69,290.31,991,291.11,2022-11-15T16:00:00Z,88550,291.766711
291.36,292.61,291.1,443,292.61,2022-11-15T17:00:00Z,49213,291.662122
287.87,291.69,285.99,1671,291.43,2022-11-15T18:00:00Z,132264,288.444996
289.7,290.05,286.42,1171,287.895,2022-11-15T19:00:00Z,102750,288.755812
289.4,290.49,288.61,921,289.86,2022-11-15T20:00:00Z,122886,289.641494
289.0,290.02,288.85,108,289.74,2022-11-15T21:00:00Z,14876,289.279189
287.94,289.42,287.94,13,288.35,2022-11-16T13:00:00Z,3504,288.531575
286.38,288.2,285.7,659,287.97,2022-11-16T14:00:00Z,107089,286.590774
284.81,286.74,284.63,1037,286.58,2022-11-16T15:00:00Z,121113,285.872053
286.06,286.68,284.72,717,284.72,2022-11-16T16:00:00Z,81129,285.880602
286.68,287.55,285.59,651,286.07,2022-11-16T17:00:00Z,53094,286.443001
285.49,287.05,285.36,608,286.53,2022-11-16T18:00:00Z,34119,286.174765
286.03,286.2,285.25,1182,285.5,2022-11-16T19:00:00Z,62117,285.727436
285.415,286.12,284.73,1970,286.02,2022-11-16T20:00:00Z,129052,285.432672
286.11,286.92,285.47,79,285.47,2022-11-16T21:00:00Z,12593,286.05507
281.2,281.48,281.17,6,281.48,2022-11-17T13:00:00Z,1485,281.386897
281.845,282.82,280.4,483,281.21,2022-11-17T14:00:00Z,104404,282.129255
282.265,283.81,281.44,838,281.74,2022-11-17T15:00:00Z,129396,282.797786
284.71,284.74,282.09,940,282.21,2022-11-17T16:00:00Z,190582,283.047454
285.68,285.83,284.1,934,284.75,2022-11-17T17:00:00Z,118664,285.004722
285.645,286.3,285.18,921,285.81,2022-11-17T18:00:00Z,103485,285.788737
284.08,285.845,283.66,859,285.635,2022-11-17T19:00:00Z,134456,284.264412
284.83,284.87,282.72,1561,284.11,2022-11-17T20:00:00Z,268758,283.48978
285.59,285.63,284.86,37,284.86,2022-11-17T21:00:00Z,10613,285.109694
285.88,287.96,285.475,476,287.83,2022-11-18T14:00:00Z,54835,286.370762
283.85,285.94,283.52,708,285.88,2022-11-18T15:00:00Z,75322,284.679219
284.03,284.88,283.26,615,283.88,2022-11-18T16:00:00Z,50323,284.068274
282.97,284.26,282.36,665,284.13,2022-11-18T17:00:00Z,73977,283.065683
283.2,284.02,282.845,542,283.03,2022-11-18T18:00:00Z,78299,283.334888
283.86,283.87,283.1,423,283.3,2022-11-18T19:00:00Z,39744,283.529678
284.81,285.58,283.775,1595,283.82,2022-11-18T20:00:00Z,223175,284.590711
284.77,285.02,284.77,14,284.96,2022-11-18T21:00:00Z,6153,284.891311
283.66,284.57,282.91,317,283.33,2022-11-21T14:00:00Z,45552,283.752824
282.21,283.94,281.66,478,283.57,2022-11-21T15:00:00Z,55382,282.548063
281.63,282.86,281.36,505,281.95,2022-11-21T16:00:00Z,69128,282.152736
281.19,282.14,281.05,451,281.62,2022-11-21T17:00:00Z,62685,281.54189
282.16,282.93,281.17,376,281.2,2022-11-21T18:00:00Z,64904,282.108453
281.9,282.655,281.71,361,282.215,2022-11-21T19:00:00Z,60360,281.985783
281.82,282.43,281.62,661,281.96,2022-11-21T20:00:00Z,77824,281.979565
281.95,281.95,281.8,11,281.85,2022-11-21T21:00:00Z,3326,281.852303
280.95,282.98,280.49,480,282.98,2022-11-22T14:00:00Z,55498,281.337171
283.46,283.5,280.86,870,280.86,2022-11-22T15:00:00Z,92355,282.25235
283.29,283.55,282.71,684,283.455,2022-11-22T16:00:00Z,92287,283.101822
283.54,283.89,283.31,527,283.32,2022-11-22T17:00:00Z,41375,283.572063
284.67,284.68,283.35,780,283.54,2022-11-22T18:00:00Z,53681,284.312318
284.66,284.81,284.065,791,284.66,2022-11-22T19:00:00Z,100589,284.471092
285.935,286.105,284.65,1522,284.65,2022-11-22T20:00:00Z,151018,285.639587
285.68,285.86,285.68,15,285.81,2022-11-22T21:00:00Z,7790,285.797117
287.9,288.44,285.97,469,285.98,2022-11-23T14:00:00Z,49373,287.264711
289.06,289.26,287.31,777,288.035,2022-11-23T15:00:00Z,83319,288.608512
286.795,289.27,286.4,522,289.17,2022-11-23T16:00:00Z,66662,288.415464
286.24,287.59,285.795,608,286.81,2022-11-23T17:00:00Z,80321,286.908928
287.46,287.77,286.1,349,286.15,2022-11-23T18:00:00Z,31410,286.872201
288.85,289.24,286.78,789,287.51,2022-11-23T19:00:00Z,88400,288.527593
288.79,289.39,288.17,1295,288.67,2022-11-23T20:00:00Z,107113,288.615861
289.03,289.14,288.8,79,288.88,2022-11-23T21:00:00Z,16259,289.034504
287.8,287.8,287.8,1,287.8,2022-11-25T13:00:00Z,100,287.8
287.335,287.57,286.51,375,287.52,2022-11-25T14:00:00Z,42292,287.12974
287.395,287.88,287.18,455,287.33,2022-11-25T15:00:00Z,43419,287.438542
287.19,287.81,286.565,476,287.38,2022-11-25T16:00:00Z,28811,287.133933
286.85,287.31,286.69,845,287.13,2022-11-25T17:00:00Z,87465,286.967115
286.9,286.92,286.62,12,286.66,2022-11-25T18:00:00Z,1200,286.815
286.23,286.94,284.66,521,284.68,2022-11-28T14:00:00Z,62816,286.117609
284.5,286.47,284.31,659,286.095,2022-11-28T15:00:00Z,78626,285.381848
285.08,285.19,284.11,502,284.45,2022-11-28T16:00:00Z,39616,284.735798
284.0,285.57,283.94,475,285.07,2022-11-28T17:00:00Z,45512,284.745288
283.14,284.4,283.04,560,283.95,2022-11-28T18:00:00Z,40521,283.950932
282.6,283.21,282.27,932,283.04,2022-11-28T19:00:00Z,60755,282.698419
282.65,282.895,281.79,1281,282.64,2022-11-28T20:00:00Z,128367,282.416043
282.98,283.02,282.73,40,282.84,2022-11-28T21:00:00Z,7139,282.876467
283.15,283.27,282.94,21,283.27,2022-11-29T13:00:00Z,2430,283.060702
281.9,283.43,281.64,386,283.31,2022-11-29T14:00:00Z,51855,282.293914
282.28,283.31,281.49,713,282.045,2022-11-29T15:00:00Z,65204,282.611727
280.58,282.36,279.17,906,282.22,2022-11-29T16:00:00Z,102486,280.036715
280.95,281.26,280.21,628,280.585,2022-11-29T17:00:00Z,64881,280.681453
280.5,280.88,279.45,471,280.875,2022-11-29T18:00:00Z,43948,280.058334
280.26,281.19,279.78,528,280.465,2022-11-29T19:00:00Z,48154,280.536247
280.54,280.73,279.995,737,280.18,2022-11-29T20:00:00Z,96406,280.429234
280.41,280.5,280.19,7,280.5,2022-11-29T21:00:00Z,3323,280.328878
280.49,281.24,280.49,19,280.98,2022-11-30T13:00:00Z,2480,280.851739
281.44,281.81,280.54,535,280.62,2022-11-30T14:00:00Z,76754,281.285556
280.83,281.87,280.52,451,281.62,2022-11-30T15:00:00Z,42887,281.108317
281.385,281.795,280.315,456,280.78,2022-11-30T16:00:00Z,30642,281.378565
280.75,281.61,279.99,266,281.44,2022-11-30T17:00:00Z,35119,280.60888
286.13,286.45,280.71,1011,280.725,2022-11-30T18:00:00Z,167297,283.283554
289.66,290.48,286.22,1322,286.22,2022-11-30T19:00:00Z,180689,288.776066
293.43,293.43,289.48,2787,289.63,2022-11-30T20:00:00Z,468583,291.92923
293.89,294.0,293.03,45,293.03,2022-11-30T21:00:00Z,13479,293.586689
294.14,295.07,293.99,44,294.93,2022-12-01T13:00:00Z,3447,294.352941
294.91,295.54,293.07,1392,293.93,2022-12-01T14:00:00Z,130227,294.287463
294.02,295.6,290.97,1296,295.35,2022-12-01T15:00:00Z,155378,292.51867
292.995,294.11,292.43,809,294.11,2022-12-01T16:00:00Z,61540,293.274785
293.155,293.68,291.98,521,293.03,2022-12-01T17:00:00Z,38719,293.037269
293.51,294.065,292.735,582,293.51,2022-12-01T18:00:00Z,62516,293.442475
294.14,294.32,293.0,558,293.52,2022-12-01T19:00:00Z,54742,293.279052
293.82,294.66,293.575,1359,294.23,2022-12-01T20:00:00Z,139039,294.034546
293.2,293.47,293.2,85,293.46,2022-12-01T21:00:00Z,14543,293.375466
287.87,288.3,286.35,13,287.12,2022-12-02T13:00:00Z,3407,287.357109
289.26,290.21,287.34,1002,287.89,2022-12-02T14:00:00Z,109316,289.415416
290.01,291.13,288.76,1133,289.225,2022-12-02T15:00:00Z,142387,290.200638
290.98,291.76,289.455,737,289.97,2022-12-02T16:00:00Z,62866,290.592389
290.45,291.76,290.26,760,290.905,2022-12-02T17:00:00Z,96203,290.892638
290.76,291.0,289.835,461,290.33,2022-12-02T18:00:00Z,38241,290.457835
291.94,292.02,290.205,531,290.7,2022-12-02T19:00:00Z,52493,290.972549
292.62,293.395,291.65,1710,292.1,2022-12-02T20:00:00Z,190254,292.448344
291.92,292.39,291.92,40,292.36,2022-12-02T21:00:00Z,8234,292.287217
290.59,291.54,290.53,9,291.54,2022-12-05T13:00:00Z,1537,291.201091
290.65,291.67,290.25,526,290.79,2022-12-05T14:00:00Z,50873,291.045631
290.44,290.59,289.01,833,289.64,2022-12-05T15:00:00Z,93248,289.790471
288.68,291.12,288.52,770,290.55,2022-12-05T16:00:00Z,71797,289.767044
287.97,289.235,287.88,885,288.63,2022-12-05T17:00:00Z,79144,288.538699
287.085,288.625,287.06,935,287.93,2022-12-05T18:00:00Z,107548,288.085635
286.66,287.51,286.18,813,287.06,2022-12-05T19:00:00Z,77592,286.892046
287.56,287.67,286.35,1392,286.8,2022-12-05T20:00:00Z,157125,286.921139
287.73,287.73,287.31,27,287.68,2022-12-05T21:00:00Z,7259,287.473307
284.2,288.05,284.2,565,288.05,2022-12-06T14:00:00Z,64193,285.965793
282.94,284.41,282.47,1453,284.145,2022-12-06T15:00:00Z,104769,283.413769
283.06,283.715,282.49,1216,282.95,2022-12-06T16:00:00Z,92040,283.297978
282.325,283.435,282.07,865,283.07,2022-12-06T17:00:00Z,89135,282.76998
281.955,282.6,281.275,759,282.29,2022-12-06T18:00:00Z,69856,281.929685
281.015,281.99,280.265,817,281.945,2022-12-06T19:00:00Z,82305,280.983871
281.79,282.12,280.34,1355,281.06,2022-12-06T20:00:00Z,138409,281.446732
281.77,281.83,281.63,36,281.66,2022-12-06T21:00:00Z,3310,281.770323
280.42,280.54,279.86,16,279.86,2022-12-07T13:00:00Z,2438,280.442146
279.51,282.55,279.3,770,280.57,2022-12-07T14:00:00Z,78503,280.738109
281.53,281.91,278.88,929,279.475,2022-12-07T15:00:00Z,82967,280.341029
280.43,282.21,279.29,570,281.69,2022-12-07T16:00:00Z,69103,280.519909
280.81,280.98,279.72,305,280.32,2022-12-07T17:00:00Z,33903,280.325064
280.56,281.64,280.37,447,281.01,2022-12-07T18:00:00Z,34195,281.056127
280.24,280.93,279.84,364,280.435,2022-12-07T19:00:00Z,28563,280.429302
280.42,280.76,279.665,909,280.225,2022-12-07T20:00:00Z,92833,280.269736
280.22,280.41,280.16,63,280.41,2022-12-07T21:00:00Z,7830,280.224368
282.13,282.61,282.04,25,282.16,2022-12-08T13:00:00Z,2574,282.310833
282.83,282.86,279.81,494,282.21,2022-12-08T14:00:00Z,57829,281.355761
283.72,284.48,282.71,806,283.0,2022-12-08T15:00:00Z,110357,283.713353
283.615,284.15,282.35,402,283.835,2022-12-08T16:00:00Z,76532,283.395458
283.44,283.76,282.73,369,283.595,2022-12-08T17:00:00Z,49661,283.347722
283.96,284.795,283.24,496,283.5,2022-12-08T18:00:00Z,81080,283.968636
283.4,283.91,282.43,411,283.91,2022-12-08T19:00:00Z,50685,283.181917
283.97,284.49,282.905,1058,283.385,2022-12-08T20:00:00Z,125747,283.73121
283.7,284.14,283.7,59,284.0,2022-12-08T21:00:00Z,7120,283.897826
283.14,283.16,281.5,43,281.5,2022-12-09T13:00:00Z,5229,282.470169
283.18,284.24,281.65,446,283.31,2022-12-09T14:00:00Z,53397,282.943633
285.3,285.3,282.2,373,283.32,2022-12-09T15:00:00Z,54174,283.756312
285.345,285.605,284.36,598,285.365,2022-12-09T16:00:00Z,74529,285.235802
284.78,285.595,284.73,805,285.37,2022-12-09T17:00:00Z,72214,285.177689
284.3,284.605,283.72,430,284.605,2022-12-09T18:00:00Z,31739,284.126273
284.2,284.46,283.5,412,284.32,2022-12-09T19:00:00Z,24188,284.124287
282.08,284.525,282.0,751,284.21,2022-12-09T20:00:00Z,79794,282.792137
281.82,282.1,281.8,77,281.96,2022-12-09T21:00:00Z,11955,281.94563
283.1,283.1,283.1,2,283.1,2022-12-12T13:00:00Z,150,283.1
282.67,283.01,281.53,318,282.51,2022-12-12T14:00:00Z,45240,282.431543
281.88,282.74,281.18,586,282.57,2022-12-12T15:00:00Z,45298,282.013782
282.45,282.86,281.78,501,281.87,2022-12-12T16:00:00Z,44003,282.420841
282.77,282.82,282.265,680,282.49,2022-12-12T17:00:00Z,54987,282.579358
282.85,283.27,282.2,406,282.75,2022-12-12T18:00:00Z,36546,282.653201
283.885,283.99,282.41,375,282.855,2022-12-12T19:00:00Z,32956,283.118739
285.6,285.6,283.89,1586,283.9,2022-12-12T20:00:00Z,137039,284.956352
285.14,285.29,285.04,44,285.29,2022-12-12T21:00:00Z,8010,285.141164
296.63,296.74,293.75,23,295.78,2022-12-13T13:00:00Z,5476,295.86138
295.76,297.54,294.08,792,296.49,2022-12-13T14:00:00Z,117062,295.90649
291.82,295.84,290.73,1269,295.84,2022-12-13T15:00:00Z,112538,293.037163
289.65,292.91,288.99,713,292.13,2022-12-13T16:00:00Z,72259,291.29922
287.18,289.85,286.03,661,289.57,2022-12-13T17:00:00Z,87516,287.388192
288.26,289.06,286.7,600,287.18,2022-12-13T18:00:00Z,69948,288.191038
288.325,289.89,287.7,658,288.16,2022-12-13T19:00:00Z,60116,288.884768
288.64,289.62,286.98,1295,288.155,2022-12-13T20:00:00Z,142593,288.719319
288.58,288.9,288.43,114,288.62,2022-12-13T21:00:00Z,20440,288.660773
289.895,290.03,288.04,518,288.09,2022-12-14T14:00:00Z,55115,289.225516
290.325,290.73,289.7,827,289.98,2022-12-14T15:00:00Z,84021,290.426291
290.43,291.16,290.12,373,290.415,2022-12-14T16:00:00Z,44725,290.64357
289.53,290.52,289.53,374,290.52,2022-12-14T17:00:00Z,43684,289.900139
290.94,291.35,289.48,484,289.515,2022-12-14T18:00:00Z,47594,290.429486
285.8,290.82,283.32,1437,290.82,2022-12-14T19:00:00Z,171218,286.269782
286.44,289.89,285.02,2380,285.78,2022-12-14T20:00:00Z,262791,286.756205
287.15,287.21,286.43,41,286.43,2022-12-14T21:00:00Z,7200,286.916806
279.61,282.91,279.32,754,282.15,2022-12-15T14:00:00Z,102012,281.043838
278.36,279.74,278.09,1245,279.73,2022-12-15T15:00:00Z,145782,279.012314
277.2,278.77,277.0,1323,278.35,2022-12-15T16:00:00Z,167734,277.792917
276.74,277.94,276.47,1001,277.255,2022-12-15T17:00:00Z,84602,277.353044
276.315,276.835,275.71,843,276.7,2022-12-15T18:00:00Z,91374,276.234584
277.47,277.53,275.9,1118,276.27,2022-12-15T19:00:00Z,92837,276.579872
276.85,277.88,276.26,2000,277.56,2022-12-15T20:00:00Z,252798,276.903123
276.75,276.75,276.46,7,276.69,2022-12-15T21:00:00Z,2920,276.603998
276.98,277.76,275.72,683,275.78,2022-12-16T14:00:00Z,74998,276.522768
274.5,276.8,273.46,1000,276.8,2022-12-16T15:00:00Z,133772,274.839836
273.255,274.62,273.1,766,274.53,2022-12-16T16:00:00Z,87788,273.871213
272.945,274.42,272.86,500,273.29,2022-12-16T17:00:00Z,70096,273.572879
273.18,273.54,272.79,430,273.005,2022-12-16T18:00:00Z,52307,273.17744
273.99,274.185,272.65,643,273.185,2022-12-16T19:00:00Z,79436,273.468917
274.19,275.4,273.5,1749,273.87,2022-12-16T20:00:00Z,257266,274.658059
273.71,274.1,273.56,61,274.1,2022-12-16T21:00:00Z,8588,273.771124
271.745,273.87,271.45,324,273.87,2022-12-19T14:00:00Z,36478,272.376061
271.03,272.7,270.905,687,271.77,2022-12-19T15:00:00Z,93522,271.838787
270.275,271.045,269.66,454,270.78,2022-12-19T16:00:00Z,58831,270.477929
270.89,271.2,270.315,285,270.315,2022-12-19T17:00:00Z,37420,270.750438
269.92,271.435,269.92,321,270.83,2022-12-19T18:00:00Z,35514,270.666781
269.15,269.94,268.98,464,269.94,2022-12-19T19:00:00Z,41124,269.434144
269.91,270.2,268.5,1301,269.205,2022-12-19T20:00:00Z,162588,269.283167
269.68,270.04,269.65,66,269.97,2022-12-19T21:00:00Z,13691,269.786125
269.42,269.54,266.98,484,268.56,2022-12-20T14:00:00Z,45167,268.261483
269.99,271.265,269.2,715,269.4,2022-12-20T15:00:00Z,76547,270.338605
269.66,270.42,267.91,768,269.95,2022-12-20T16:00:00Z,140713,269.051986
269.88,270.3,269.13,242,269.63,2022-12-20T17:00:00Z,28732,269.767506
269.94,270.81,269.37,316,269.99,2022-12-20T18:00:00Z,41669,270.119175
269.655,270.55,269.41,420,269.91,2022-12-20T19:00:00Z,61073,269.913511
269.55,270.285,269.225,735,269.61,2022-12-20T20:00:00Z,79391,269.783142
269.77,269.88,269.48,18,269.48,2022-12-20T21:00:00Z,5687,269.733499
270.81,271.975,269.75,518,270.65,2022-12-21T14:00:00Z,61425,270.973896
273.81,273.84,270.96,943,270.96,2022-12-21T15:00:00Z,123599,272.788967
273.39,274.45,273.0,476,273.92,2022-12-21T16:00:00Z,63263,273.792224
273.955,273.955,272.83,268,273.17,2022-12-21T17:00:00Z,25018,273.250142
273.86,274.265,273.28,411,273.94,2022-12-21T18:00:00Z,39063,273.750677
273.63,274.77,273.3,496,273.98,2022-12-21T19:00:00Z,42976,274.081528
273.55,273.855,272.8,1067,273.58,2022-12-21T20:00:00Z,119469,273.390809
273.92,274.07,273.47,24,273.47,2022-12-21T21:00:00Z,6410,273.751607
268.53,270.46,267.81,563,270.39,2022-12-22T14:00:00Z,61062,268.912805
265.73,268.435,265.545,1040,268.435,2022-12-22T15:00:00Z,140216,266.638432
265.115,266.28,264.73,834,265.735,2022-12-22T16:00:00Z,127182,265.339135
263.79,265.12,263.335,968,265.105,2022-12-22T17:00:00Z,130315,264.046496
263.16,263.67,262.51,720,263.64,2022-12-22T18:00:00Z,78341,263.127793
265.27,265.27,263.2,556,263.49,2022-12-22T19:00:00Z,55973,264.285507
266.79,266.95,265.03,1970,265.41,2022-12-22T20:00:00Z,316252,266.189089
266.44,267.29,266.25,49,267.16,2022-12-22T21:00:00Z,7928,266.754762
266.76,268.93,266.75,28,268.93,2022-12-23T13:00:00Z,3521,267.611839
264.02,266.72,263.66,679,266.6,2022-12-23T14:00:00Z,83465,264.724446
265.91,268.0,263.71,725,264.27,2022-12-23T15:00:00Z,73596,266.047143
266.19,266.86,264.98,233,265.91,2022-12-23T16:00:00Z,19461,265.838314
266.57,267.49,266.16,152,266.255,2022-12-23T17:00:00Z,12844,266.721385
266.38,267.0,266.22,158,266.58,2022-12-23T18:00:00Z,10744,266.701828
267.22,267.26,266.125,213,266.19,2022-12-23T19:00:00Z,21164,266.892706
267.34,267.61,266.42,680,267.275,2022-12-23T20:00:00Z,52266,267.055164
267.29,267.33,267.25,15,267.33,2022-12-23T21:00:00Z,1500,267.277857
266.87,266.88,266.87,2,266.88,2022-12-27T13:00:00Z,700,266.875714
263.78,267.32,263.3,425,266.89,2022-12-27T14:00:00Z,52728,264.943155
264.9,265.94,263.125,998,263.61,2022-12-27T15:00:00Z,127688,264.821785
264.76,265.415,264.37,634,265.01,2022-12-27T16:00:00Z,99351,264.942761
264.41,265.47,263.88,420,264.8,2022-12-27T17:00:00Z,64046,264.697767
263.6,264.8,263.525,299,264.66,2022-12-27T18:00:00Z,37632,264.39257
263.73,264.075,263.21,568,263.595,2022-12-27T19:00:00Z,55075,263.699566
263.46,264.51,263.35,990,263.705,2022-12-27T20:00:00Z,127178,263.900614
263.51,263.91,263.51,32,263.68,2022-12-27T21:00:00Z,11494,263.649824
264.17,265.36,262.24,618,263.64,2022-12-28T14:00:00Z,77906,264.073399
261.42,264.98,261.4,934,264.43,2022-12-28T15:00:00Z,251825,263.158318
260.62,261.605,260.535,1168,261.28,2022-12-28T16:00:00Z,456534,261.172772
262.11,262.2,260.11,535,260.505,2022-12-28T17:00:00Z,77884,260.51358
261.3,262.95,261.06,601,262.015,2022-12-28T18:00:00Z,101633,262.015514
260.72,261.57,260.62,401,261.2,2022-12-28T19:00:00Z,43530,261.183938
260.04,260.72,259.745,1011,260.72,2022-12-28T20:00:00Z,106847,260.093972
260.35,260.47,259.96,67,259.99,2022-12-28T21:00:00Z,12574,260.213085
263.05,263.05,263.05,2,263.05,2022-12-29T13:00:00Z,150,263.05
264.8,265.09,262.28,754,263.08,2022-12-29T14:00:00Z,106757,264.175444
266.485,266.56,264.42,883,265.1,2022-12-29T15:00:00Z,151180,265.473609
267.1,267.4,265.8,900,266.6,2022-12-29T16:00:00Z,134510,266.639986
266.58,267.2,266.21,996,267.12,2022-12-29T17:00:00Z,168457,266.716192
266.87,266.87,265.92,591,266.53,2022-12-29T18:00:00Z,61883,266.364425
266.42,267.21,266.33,617,266.84,2022-12-29T19:00:00Z,93063,266.841227
266.475,267.33,266.37,1285,266.37,2022-12-29T20:00:00Z,133557,266.939697
266.43,266.7,266.41,93,266.55,2022-12-29T21:00:00Z,15420,266.545298
263.635,264.43,262.34,478,263.81,2022-12-30T14:00:00Z,60652,263.196022
264.03,265.0,262.97,634,263.65,2022-12-30T15:00:00Z,76700,263.923555
264.45,264.47,263.34,615,264.07,2022-12-30T16:00:00Z,60723,263.898845
264.56,264.645,264.05,563,264.45,2022-12-30T17:00:00Z,37164,264.340598
263.515,264.51,262.77,785,264.355,2022-12-30T18:00:00Z,63374,263.498251
263.42,263.635,262.93,543,263.49,2022-12-30T19:00:00Z,42244,263.295794
266.37,266.37,263.405,1713,263.415,2022-12-30T20:00:00Z,164094,265.066759
266.7,266.93,266.15,42,266.16,2022-12-30T21:00:00Z,18791,266.55568
268.71,268.71,268.33,3,268.33,2023-01-03T13:00:00Z,311,268.505723
265.65,270.09,265.65,463,268.41,2023-01-03T14:00:00Z,39012,267.602878
265.13,266.15,263.76,654,265.78,2023-01-03T15:00:00Z,51295,264.772026
262.79,265.42,262.47,704,265.35,2023-01-03T16:00:00Z,40912,263.560154
262.76,263.545,262.32,634,262.76,2023-01-03T17:00:00Z,25989,262.894505
263.77,263.86,262.32,423,262.685,2023-01-03T18:00:00Z,20367,263.146753
264.24,264.965,262.81,547,263.54,2023-01-03T19:00:00Z,44505,263.83265
264.49,265.175,264.12,1801,264.44,2023-01-03T20:00:00Z,176988,264.577741
266.37,266.37,265.91,11,265.91,2023-01-04T13:00:00Z,918,266.26375
265.37,266.85,264.73,530,266.19,2023-01-04T14:00:00Z,47900,265.817934
264.86,266.13,262.6,901,265.13,2023-01-04T15:00:00Z,100241,264.077846
266.99,267.395,264.43,646,265.11,2023-01-04T16:00:00Z,78772,266.152111
266.0,267.24,266.0,376,266.97,2023-01-04T17:00:00Z,41618,266.851409
266.3,266.905,265.28,526,265.885,2023-01-04T18:00:00Z,61222,266.280178
265.685,267.07,263.53,769,266.07,2023-01-04T19:00:00Z,72522,265.120447
265.76,266.34,263.64,1905,265.665,2023-01-04T20:00:00Z,234923,264.795523
265.44,265.95,265.26,78,265.65,2023-01-04T21:00:00Z,14012,265.540417
264.33,264.33,264.3,2,264.3,2023-01-05T13:00:00Z,400,264.3075
262.74,264.065,261.56,540,263.97,2023-01-05T14:00:00Z,54772,262.614465
262.05,263.99,261.995,714,262.62,2023-01-05T15:00:00Z,82618,262.642618
262.515,263.17,261.965,737,262.135,2023-01-05T16:00:00Z,62423,262.419071
262.12,262.99,261.995,536,262.51,2023-01-05T17:00:00Z,32566,262.527556
262.78,263.8,261.65,781,261.94,2023-01-05T18:00:00Z,81142,263.019156
263.11,263.8,262.59,478,262.92,2023-01-05T19:00:00Z,44171,263.021993
261.58,262.94,261.29,1308,262.94,2023-01-05T20:00:00Z,143723,261.901137
262.0,262.0,261.55,24,261.81,2023-01-05T21:00:00Z,7087,261.784681
264.61,264.81,262.28,12,262.55,2023-01-06T13:00:00Z,2983,263.397496
261.54,264.57,260.38,573,264.57,2023-01-06T14:00:00Z,80089,261.975613
265.69,265.84,261.615,1053,261.615,2023-01-06T15:00:00Z,105433,264.479808
266.48,266.995,265.25,671,265.79,2023-01-06T16:00:00Z,93378,266.215614
266.28,266.86,265.905,586,266.71,2023-01-06T17:00:00Z,59627,266.505381
267.68,267.75,266.22,409,266.28,2023-01-06T18:00:00Z,41622,267.062062
269.315,269.54,267.665,716,267.8,2023-01-06T19:00:00Z,77151,268.739683
268.71,269.9,268.575,1650,269.35,2023-01-06T20:00:00Z,180331,269.200185
268.58,268.63,268.3,56,268.63,2023-01-06T21:00:00Z,10810,268.511006
273.47,273.485,270.23,768,270.4,2023-01-09T14:00:00Z,93082,272.002578
274.09,274.78,272.77,1109,273.64,2023-01-09T15:00:00Z,132164,273.832779
274.89,275.29,274.1,1002,274.12,2023-01-09T16:00:00Z,118025,274.825919
274.59,274.965,274.01,562,274.915,2023-01-09T17:00:00Z,71734,274.535732
272.825,274.86,272.44,688,274.53,2023-01-09T18:00:00Z,71801,273.435476
271.47,273.45,271.38,608,272.86,2023-01-09T19:00:00Z,74607,272.612513
270.45,271.76,269.935,1276,271.6,2023-01-09T20:00:00Z,149570,270.974151
270.38,270.54,270.19,25,270.3,2023-01-09T21:00:00Z,7536,270.387985
268.75,268.75,268.75,1,268.75,2023-01-10T13:00:00Z,400,268.75
271.06,271.99,269.37,621,269.56,2023-01-10T14:00:00Z,50637,270.804529
271.075,272.75,269.0,592,271.19,2023-01-10T15:00:00Z,66413,270.497612
270.65,271.4,270.13,686,271.05,2023-01-10T16:00:00Z,53366,270.769431
271.31,271.67,269.895,641,270.405,2023-01-10T17:00:00Z,45619,270.925637
271.96,272.03,271.11,434,271.29,2023-01-10T18:00:00Z,40089,271.603071
272.055,272.52,271.805,643,272.15,2023-01-10T19:00:00Z,52061,272.176256
272.88,272.88,271.38,1055,272.045,2023-01-10T20:00:00Z,105756,272.143059
272.81,272.88,272.78,22,272.87,2023-01-10T21:00:00Z,7120,272.831286
273.85,273.85,273.34,12,273.57,2023-01-11T13:00:00Z,1565,273.483974
274.3,274.845,273.165,611,273.72,2023-01-11T14:00:00Z,55049,274.262886
273.81,275.42,273.7,661,274.355,2023-01-11T15:00:00Z,85371,274.821635
275.13,275.35,273.86,653,273.86,2023-01-11T16:00:00Z,64358,274.864325
275.75,276.13,275.29,441,275.33,2023-01-11T17:00:00Z,43321,275.761804
275.855,276.68,275.6,665,275.78,2023-01-11T18:00:00Z,57661,276.041695
276.19,276.45,275.59,694,275.91,2023-01-11T19:00:00Z,54714,275.988421
277.56,277.66,276.15,1973,276.2,2023-01-11T20:00:00Z,224849,276.828831
277.52,277.52,277.36,21,277.48,2023-01-11T21:00:00Z,10760,277.440546
279.0,279.0,276.37,89,278.24,2023-01-12T13:00:00Z,7751,277.294217
274.86,279.45,273.76,823,279.45,2023-01-12T14:00:00Z,94593,275.966944
276.92,278.52,275.09,1158,275.09,2023-01-12T15:00:00Z,108333,276.964044
278.21,278.21,275.65,727,276.39,2023-01-12T16:00:00Z,52849,276.995709
279.205,279.52,277.71,915,277.97,2023-01-12T17:00:00Z,104314,278.987917
279.85,279.975,277.2,1022,279.165,2023-01-12T18:00:00Z,91168,278.760136
279.1,279.975,278.71,1076,279.905,2023-01-12T19:00:00Z,73200,279.350256
279.08,279.195,277.9,1371,279.145,2023-01-12T20:00:00Z,130011,278.68602
278.9,279.09,278.87,14,279.09,2023-01-12T21:00:00Z,7660,278.940065
275.9,276.26,275.9,6,276.26,2023-01-13T13:00:00Z,1600,276.128
277.28,277.67,276.1,336,276.1,2023-01-13T14:00:00Z,35021,277.053001
278.77,279.12,277.19,545,277.26,2023-01-13T15:00:00Z,50833,278.391532
277.99,278.67,277.265,353,278.66,2023-01-13T16:00:00Z,34875,277.888796
278.95,279.035,277.985,215,277.985,2023-01-13T17:00:00Z,26233,278.588145
279.83,279.95,278.53,317,278.98,2023-01-13T18:00:00Z,39521,279.299946
280.01,280.22,279.58,293,279.83,2023-01-13T19:00:00Z,37103,279.900963
280.94,281.2,279.92,1143,279.97,2023-01-13T20:00:00Z,173579,280.797718
280.85,280.91,280.46,28,280.87,2023-01-13T21:00:00Z,8369,280.633798
279.97,280.37,279.94,12,280.16,2023-01-17T13:00:00Z,2198,280.10381
281.13,281.38,279.67,604,280.0,2023-01-17T14:00:00Z,45631,280.666985
281.21,282.83,280.49,1123,281.37,2023-01-17T15:00:00Z,92054,281.642038
281.225,281.375,279.74,982,281.13,2023-01-17T16:00:00Z,66527,280.509903
281.42,281.62,280.56,854,281.265,2023-01-17T17:00:00Z,65208,281.160829
281.9,281.97,281.32,789,281.43,2023-01-17T18:00:00Z,31026,281.604007
281.43,281.965,280.94,811,281.905,2023-01-17T19:00:00Z,47138,281.675363
281.445,281.785,280.88,1562,281.455,2023-01-17T20:00:00Z,118306,281.27757
281.34,281.64,281.28,12,281.64,2023-01-17T21:00:00Z,3610,281.436233
282.89,283.53,282.05,22,283.53,2023-01-18T13:00:00Z,2885,282.677453
283.74,283.85,282.63,546,282.87,2023-01-18T14:00:00Z,45990,283.316543
281.14,284.66,280.5,903,283.88,2023-01-18T15:00:00Z,81496,282.91466
279.635,281.415,278.89,996,281.16,2023-01-18T16:00:00Z,97862,279.708236
278.725,279.84,278.57,1144,279.725,2023-01-18T17:00:00Z,80074,279.170757
279.01,279.3,278.055,721,278.735,2023-01-18T18:00:00Z,36893,278.581215
279.0,279.49,278.69,742,278.87,2023-01-18T19:00:00Z,27389,279.101052
277.805,279.35,277.685,1974,278.81,2023-01-18T20:00:00Z,213933,278.341023
277.76,277.86,277.64,23,277.85,2023-01-18T21:00:00Z,15658,277.771538
275.92,277.16,274.89,493,275.65,2023-01-19T14:00:00Z,51584,276.035521
274.55,276.34,274.24,944,275.9,2023-01-19T15:00:00Z,76087,275.457409
274.38,275.62,273.96,635,274.51,2023-01-19T16:00:00Z,61635,274.656016
274.99,275.33,274.4,361,274.4,2023-01-19T17:00:00Z,23990,274.871915
276.01,276.71,274.99,591,275.04,2023-01-19T18:00:00Z,65245,275.810677
276.76,277.37,275.62,662,276.15,2023-01-19T19:00:00Z,59535,276.67483
275.0,277.05,274.94,1220,276.74,2023-01-19T20:00:00Z,133017,275.979481
275.92,276.31,275.4,164,275.95,2023-01-19T21:00:00Z,19433,275.729674
276.34,276.86,276.34,13,276.74,2023-01-20T13:00:00Z,3837,276.658109
277.34,277.87,275.82,920,276.76,2023-01-20T14:00:00Z,84860,276.925734
277.735,278.48,276.87,1090,277.31,2023-01-20T15:00:00Z,86889,277.881111
279.145,279.56,277.715,1050,277.715,2023-01-20T16:00:00Z,126621,278.992682
279.3,279.77,279.125,628,279.155,2023-01-20T17:00:00Z,48266,279.397289
280.94,281.03,278.795,786,279.33,2023-01-20T18:00:00Z,56806,279.924118
281.61,281.68,280.84,917,281.06,2023-01-20T19:00:00Z,76332,281.314221
282.84,283.01,281.63,1995,281.63,2023-01-20T20:00:00Z,239323,282.528044
282.64,282.73,282.44,27,282.5,2023-01-20T21:00:00Z,11701,282.601973
283.38,283.48,283.19,10,283.48,2023-01-23T13:00:00Z,1733,283.335678
285.85,286.35,282.75,755,283.4,2023-01-23T14:00:00Z,79655,285.180401
287.49,287.79,285.66,1592,285.88,2023-01-23T15:00:00Z,197361,286.962025
289.29,289.51,287.62,970,287.67,2023-01-23T16:00:00Z,119423,288.867685
289.25,289.315,288.435,827,289.315,2023-01-23T17:00:00Z,129755,288.781461
289.65,290.2,289.25,717,289.25,2023-01-23T18:00:00Z,74932,289.865109
288.04,289.565,287.27,822,289.565,2023-01-23T19:00:00Z,143778,288.377907
289.1,289.25,287.49,1303,288.04,2023-01-23T20:00:00Z,167890,288.522691
289.04,289.04,288.69,28,288.77,2023-01-23T21:00:00Z,14678,288.794562
286.92,287.69,286.81,15,287.69,2023-01-24T13:00:00Z,4843,287.011006
287.83,289.47,286.92,651,287.11,2023-01-24T14:00:00Z,63502,288.000695
288.93,289.24,286.78,1094,287.87,2023-01-24T15:00:00Z,93911,288.028813
288.65,289.16,288.24,1155,289.01,2023-01-24T16:00:00Z,90829,288.763602
288.24,289.135,288.01,753,288.63,2023-01-24T17:00:00Z,48221,288.476227
288.83,289.19,287.71,864,288.245,2023-01-24T18:00:00Z,46680,288.546667
288.675,288.81,288.13,861,288.81,2023-01-24T19:00:00Z,57856,288.445954
288.46,288.84,287.3,1538,288.715,2023-01-24T20:00:00Z,154857,288.02391
290.01,290.7,288.52,41,288.55,2023-01-24T21:00:00Z,12749,290.116499
284.02,284.38,283.98,7,284.38,2023-01-25T13:00:00Z,1950,284.142632
281.715,284.015,281.665,810,283.77,2023-01-25T14:00:00Z,90629,283.118298
282.66,282.8,281.21,1109,281.48,2023-01-25T15:00:00Z,98788,282.04254
285.0,285.59,282.525,1234,282.58,2023-01-25T16:00:00Z,116117,283.97443
284.76,285.17,284.26,514,285.09,2023-01-25T17:00:00Z,69251,284.711523
286.26,286.715,284.89,774,284.96,2023-01-25T18:00:00Z,66173,285.968279
287.57,287.64,286.15,899,286.41,2023-01-25T19:00:00Z,78988,287.087338
287.58,288.32,286.78,953,287.34,2023-01-25T20:00:00Z,108972,287.49379
287.39,288.4,287.29,70,287.88,2023-01-25T21:00:00Z,10950,287.555596
290.95,290.95,290.95,1,290.95,2023-01-26T13:00:00Z,100,290.95
290.17,292.62,289.59,708,290.77,2023-01-26T14:00:00Z,76381,291.194526
288.85,291.95,288.595,834,289.99,2023-01-26T15:00:00Z,75923,290.498864
290.08,290.23,288.56,746,288.94,2023-01-26T16:00:00Z,70963,289.439569
290.75,291.22,290.045,659,290.155,2023-01-26T17:00:00Z,50771,290.772159
291.48,291.89,290.145,611,290.775,2023-01-26T18:00:00Z,45381,291.072867
292.13,292.32,291.13,724,291.47,2023-01-26T19:00:00Z,51247,291.906375
293.485,293.51,291.87,1506,292.13,2023-01-26T20:00:00Z,233650,292.813629
292.28,293.38,292.28,40,293.38,2023-01-26T21:00:00Z,18335,292.83459
292.22,292.56,292.22,10,292.56,2023-01-27T13:00:00Z,1137,292.365
293.73,294.405,291.7,493,291.96,2023-01-27T14:00:00Z,56336,293.528024
293.69,295.41,293.135,930,293.95,2023-01-27T15:00:00Z,121129,294.493628
295.59,295.87,293.43,1023,293.77,2023-01-27T16:00:00Z,108421,295.089519
296.27,296.655,295.38,770,295.585,2023-01-27T17:00:00Z,74636,296.053011
297.02,297.15,295.72,609,296.29,2023-01-27T18:00:00Z,69998,296.416687
297.48,297.65,296.735,588,297.01,2023-01-27T19:00:00Z,60821,297.207323
296.16,298.235,296.13,1720,297.53,2023-01-27T20:00:00Z,211538,297.126625
296.15,296.34,295.96,32,296.31,2023-01-27T21:00:00Z,13819,296.127697
292.68,292.68,292.68,1,292.68,2023-01-30T13:00:00Z,400,292.68
293.77,294.08,292.37,564,292.84,2023-01-30T14:00:00Z,56028,293.242759
291.66,294.37,290.515,732,293.86,2023-01-30T15:00:00Z,117892,291.971024
292.3,292.61,291.215,676,291.54,2023-01-30T16:00:00Z,98614,291.973686
291.45,292.5,291.02,478,292.16,2023-01-30T17:00:00Z,67476,291.829202
291.35,292.25,290.87,576,291.27,2023-01-30T18:00:00Z,109177,291.261974
290.895,291.68,290.49,779,291.39,2023-01-30T19:00:00Z,96783,291.011019
290.01,291.35,289.92,1700,291.025,2023-01-30T20:00:00Z,206006,290.506399
290.6,290.76,290.41,117,290.41,2023-01-30T21:00:00Z,27703,290.556131
290.93,291.16,289.78,35,290.09,2023-01-31T13:00:00Z,6863,290.736749
290.93,292.195,290.24,463,291.19,2023-01-31T14:00:00Z,73426,291.215691
292.62,292.88,290.46,700,290.81,2023-01-31T15:00:00Z,87837,291.86985
292.54,293.19,292.395,590,292.79,2023-01-31T16:00:00Z,65797,292.816381
292.91,293.18,291.97,780,292.545,2023-01-31T17:00:00Z,63337,292.739121
293.27,293.34,292.37,450,292.835,2023-01-31T18:00:00Z,43361,292.906366
293.52,293.77,293.06,520,293.29,2023-01-31T19:00:00Z,42934,293.388051
294.68,294.72,292.67,1482,293.6,2023-01-31T20:00:00Z,167310,293.722304
293.87,294.51,293.64,30,294.51,2023-01-31T21:00:00Z,9524,294.168591
294.23,294.34,294.23,3,294.27,2023-02-01T13:00:00Z,601,294.275108
294.53,294.72,293.46,491,294.3,2023-02-01T14:00:00Z,32735,294.120171
293.08,294.64,292.97,943,294.15,2023-02-01T15:00:00Z,79529,293.980884
294.03,294.405,292.86,486,292.94,2023-02-01T16:00:00Z,37120,293.711935
294.01,294.12,293.35,350,293.925,2023-02-01T17:00:00Z,18193,293.736737
294.25,294.81,293.81,416,293.87,2023-02-01T18:00:00Z,54620,294.236497
299.21,300.24,292.39,1730,294.27,2023-02-01T19:00:00Z,222210,296.240095
301.02,303.3,299.33,1561,299.44,2023-02-01T20:00:00Z,219718,301.134745
303.17,303.4,300.68,159,301.02,2023-02-01T21:00:00Z,21824,302.997149
307.04,307.05,306.42,6,306.42,2023-02-02T13:00:00Z,1400,306.732143
307.31,309.08,306.82,1460,306.93,2023-02-02T14:00:00Z,170704,308.037133
310.54,311.03,306.8,1603,307.09,2023-02-02T15:00:00Z,171249,309.044535
310.04,311.34,309.985,1338,310.43,2023-02-02T16:00:00Z,141804,310.572507
311.32,311.4,309.72,835,310.07,2023-02-02T17:00:00Z,102626,310.758263
313.41,313.46,311.2,1161,311.43,2023-02-02T18:00:00Z,137488,312.107324
308.535,313.665,308.4,1362,313.48,2023-02-02T19:00:00Z,155619,310.714967
311.75,311.75,307.88,2091,308.345,2023-02-02T20:00:00Z,223223,310.135302
307.57,312.73,307.19,26,312.73,2023-02-02T21:00:00Z,7695,309.248891
305.4,307.33,304.96,22,306.28,2023-02-03T13:00:00Z,5084,305.973946
308.64,309.2,304.45,1185,305.58,2023-02-03T14:00:00Z,157568,306.997206
310.585,311.85,307.4,1435,308.58,2023-02-03T15:00:00Z,137741,309.892557
309.94,312.315,309.73,1177,310.64,2023-02-03T16:00:00Z,99337,311.29228
308.695,311.5,308.695,829,309.87,2023-02-03T17:00:00Z,87573,310.194339
307.45,308.94,306.21,880,308.61,2023-02-03T18:00:00Z,111107,307.991405
305.98,307.545,305.8,750,307.46,2023-02-03T19:00:00Z,71625,306.785852
306.15,306.97,305.15,1767,305.87,2023-02-03T20:00:00Z,196360,306.213217
306.05,306.13,305.85,45,306.13,2023-02-03T21:00:00Z,7215,305.947183
302.98,303.47,302.98,4,303.32,2023-02-06T13:00:00Z,1025,303.361
304.41,304.86,303.07,740,303.35,2023-02-06T14:00:00Z,59603,304.238694
304.69,305.5,302.25,1596,304.2,2023-02-06T15:00:00Z,145512,303.907386
304.25,305.84,304.03,801,304.62,2023-02-06T16:00:00Z,81687,304.766089
304.29,304.845,303.76,407,304.22,2023-02-06T17:00:00Z,31399,304.331876
304.0,304.41,303.37,482,304.35,2023-02-06T18:00:00Z,33089,303.942474
304.0,305.03,303.59,579,304.16,2023-02-06T19:00:00Z,52267,304.331306
303.63,304.1,302.59,1281,304.1,2023-02-06T20:00:00Z,117596,303.426024
303.6,303.66,303.45,84,303.64,2023-02-06T21:00:00Z,17408,303.58662
303.69,303.69,303.69,1,303.69,2023-02-07T13:00:00Z,400,303.69
303.31,304.58,303.12,571,303.48,2023-02-07T14:00:00Z,53647,303.745099
303.69,304.21,302.82,745,303.34,2023-02-07T15:00:00Z,86413,303.538814
305.08,305.595,303.82,781,303.97,2023-02-07T16:00:00Z,73312,305.014986
309.13,309.96,304.24,813,305.01,2023-02-07T17:00:00Z,116902,306.778196
303.76,309.53,302.33,967,309.45,2023-02-07T18:00:00Z,137405,305.59102
308.11,308.41,303.62,860,303.62,2023-02-07T19:00:00Z,91198,307.110577
310.045,311.0,307.205,1433,308.2,2023-02-07T20:00:00Z,176402,309.529987
309.19,309.61,308.75,45,309.59,2023-02-07T21:00:00Z,20557,309.115089
308.73,308.73,308.73,1,308.73,2023-02-08T13:00:00Z,150,308.73
308.29,309.45,307.37,615,308.66,2023-02-08T14:00:00Z,58226,308.576386
306.07,309.0,305.785,940,308.11,2023-02-08T15:00:00Z,109661,306.791689
305.37,306.15,303.81,1286,306.015,2023-02-08T16:00:00Z,115854,304.74777
305.62,305.77,304.44,976,305.28,2023-02-08T17:00:00Z,84485,305.112217
305.01,306.24,304.41,1064,305.6,2023-02-08T18:00:00Z,108523,305.002515
305.0,305.77,304.29,889,305.03,2023-02-08T19:00:00Z,43173,305.014522
304.46,305.0,303.69,1378,304.995,2023-02-08T20:00:00Z,124867,304.331858
304.74,304.74,304.17,44,304.4,2023-02-08T21:00:00Z,13529,304.434188
308.27,308.27,308.27,1,308.27,2023-02-09T13:00:00Z,300,308.27
307.61,308.97,306.7,685,308.915,2023-02-09T14:00:00Z,63449,307.859743
307.14,308.41,306.22,1367,307.685,2023-02-09T15:00:00Z,76954,307.184849
305.37,307.145,304.9,1099,307.145,2023-02-09T16:00:00Z,68847,305.643239
304.5,306.22,303.52,979,305.43,2023-02-09T17:00:00Z,76804,304.911861
303.56,304.835,303.31,625,304.345,2023-02-09T18:00:00Z,65036,304.1113
302.645,303.81,302.355,1278,303.5,2023-02-09T19:00:00Z,104327,302.830629
301.61,302.67,300.23,1911,302.645,2023-02-09T20:00:00Z,251116,301.511292
301.9,301.95,301.5,16,301.7,2023-02-09T21:00:00Z,9281,301.830245
299.69,300.85,298.97,714,299.33,2023-02-10T14:00:00Z,74791,299.867327
299.44,301.54,298.27,1034,299.63,2023-02-10T15:00:00Z,94135,300.092635
298.23,300.08,298.12,925,299.345,2023-02-10T16:00:00Z,91686,299.16974
298.72,298.72,297.26,867,298.13,2023-02-10T17:00:00Z,75498,297.931881
298.71,300.25,298.57,989,298.69,2023-02-10T18:00:00Z,124930,299.305328
299.2,299.29,298.18,757,298.84,2023-02-10T19:00:00Z,107533,298.662015
299.71,300.16,298.59,1918,299.315,2023-02-10T20:00:00Z,215838,299.42876
299.53,299.63,299.46,31,299.63,2023-02-10T21:00:00Z,6050,299.556333
300.75,300.75,300.75,1,300.75,2023-02-13T13:00:00Z,500,300.75
302.55,302.655,299.93,666,300.95,2023-02-13T14:00:00Z,68154,301.097753
303.27,303.7,301.53,1002,302.73,2023-02-13T15:00:00Z,79944,302.493676
304.19,304.62,303.41,671,303.54,2023-02-13T16:00:00Z,72136,304.03442
304.24,304.76,304.19,374,304.2,2023-02-13T17:00:00Z,32097,304.476671
304.96,305.06,303.83,384,304.27,2023-02-13T18:00:00Z,68785,304.361393
303.69,305.02,303.16,780,304.925,2023-02-13T19:00:00Z,108470,303.931461
304.495,304.615,303.09,876,303.63,2023-02-13T20:00:00Z,110737,304.148512
304.6,304.64,304.5,37,304.5,2023-02-13T21:00:00Z,14408,304.565752
304.65,306.62,302.63,32,302.73,2023-02-14T13:00:00Z,6868,304.536332
305.64,305.96,300.93,1125,303.69,2023-02-14T14:00:00Z,137024,303.615899
303.25,307.69,301.77,1897,305.86,2023-02-14T15:00:00Z,167097,305.176529
302.73,304.61,301.655,1446,303.22,2023-02-14T16:00:00Z,119371,303.377358
304.11,304.28,302.565,727,302.75,2023-02-14T17:00:00Z,59753,303.602971
305.585,306.4,304.15,570,304.15,2023-02-14T18:00:00Z,60068,305.556012
306.41,306.87,304.49,612,305.45,2023-02-14T19:00:00Z,62883,306.091049
306.71,307.44,305.815,869,306.41,2023-02-14T20:00:00Z,108519,306.893628
306.44,306.56,306.2,72,306.56,2023-02-14T21:00:00Z,13932,306.3721
305.68,306.16,305.03,8,305.03,2023-02-15T13:00:00Z,1105,305.830196
305.16,306.72,304.68,766,305.45,2023-02-15T14:00:00Z,76587,305.730781
305.14,306.27,304.29,951,305.14,2023-02-15T15:00:00Z,84848,305.383032
307.18,307.735,305.05,977,305.05,2023-02-15T16:00:00Z,79911,306.700889
306.58,307.29,306.23,815,307.2,2023-02-15T17:00:00Z,72578,306.697416
307.97,307.99,306.37,672,306.75,2023-02-15T18:00:00Z,33764,307.451551
307.81,308.905,307.69,1028,308.12,2023-02-15T19:00:00Z,97145,308.411673
309.25,309.25,307.6,1646,307.87,2023-02-15T20:00:00Z,149128,308.401152
309.63,309.73,309.05,40,309.06,2023-02-15T21:00:00Z,15118,309.427074
304.83,305.59,304.83,5,305.59,2023-02-16T13:00:00Z,478,305.171267
305.3,305.97,303.75,632,304.3,2023-02-16T14:00:00Z,68701,304.965899
307.27,307.77,304.77,928,305.29,2023-02-16T15:00:00Z,103610,306.502159
307.17,307.87,306.65,564,307.43,2023-02-16T16:00:00Z,59368,307.318934
307.385,308.37,306.34,667,307.32,2023-02-16T17:00:00Z,61798,307.553455
307.665,307.91,306.75,445,307.5,2023-02-16T18:00:00Z,56078,307.357105
307.45,308.0,306.97,564,307.8,2023-02-16T19:00:00Z,75754,307.538243
303.18,307.395,303.15,1842,307.395,2023-02-16T20:00:00Z,221957,304.265935
302.92,303.29,302.64,94,302.98,2023-02-16T21:00:00Z,27821,302.969453
301.09,301.28,300.73,10,300.74,2023-02-17T13:00:00Z,1678,300.983016
299.65,301.76,298.93,850,301.21,2023-02-17T14:00:00Z,106588,300.163386
299.45,301.56,299.405,1283,299.79,2023-02-17T15:00:00Z,135153,300.338791
299.01,299.82,298.36,812,299.28,2023-02-17T16:00:00Z,90781,299.020614
298.52,300.085,298.13,649,299.0,2023-02-17T17:00:00Z,64114,299.068108
299.1,299.37,298.34,764,298.56,2023-02-17T18:00:00Z,84342,298.824306
301.13,301.25,299.08,941,299.215,2023-02-17T19:00:00Z,121500,300.135052
301.09,301.51,300.3,1481,301.19,2023-02-17T20:00:00Z,167085,300.979604
301.0,301.16,300.92,21,301.06,2023-02-17T21:00:00Z,9360,301.049573
297.68,297.7,297.68,2,297.7,2023-02-21T13:00:00Z,215,297.689302
297.28,298.71,297.03,610,297.67,2023-02-21T14:00:00Z,75536,297.877709
296.23,297.53,296.1,1312,297.1,2023-02-21T15:00:00Z,137150,296.610246
295.4,296.62,295.24,1253,296.26,2023-02-21T16:00:00Z,123798,295.798036
295.89,295.895,295.135,666,295.3,2023-02-21T17:00:00Z,75128,295.510772
295.04,295.91,294.92,816,295.85,2023-02-21T18:00:00Z,81325,295.265595
294.72,295.2,294.3,718,295.03,2023-02-21T19:00:00Z,91126,294.760939
293.93,295.12,293.895,1238,294.74,2023-02-21T20:00:00Z,136899,294.293954
294.31,294.51,294.22,17,294.22,2023-02-21T21:00:00Z,8107,294.361665
294.67,295.96,294.62,600,294.73,2023-02-22T14:00:00Z,80694,295.205958
294.205,294.73,292.6,1141,294.73,2023-02-22T15:00:00Z,129952,293.529569
294.39,294.46,293.64,540,294.32,2023-02-22T16:00:00Z,48780,294.127068
294.97,295.35,293.93,466,294.39,2023-02-22T17:00:00Z,45469,294.793256
295.36,295.81,294.835,769,294.98,2023-02-22T18:00:00Z,58606,295.398448
293.23,296.09,293.23,884,294.88,2023-02-22T19:00:00Z,68503,294.591019
294.14,294.22,292.97,1455,293.26,2023-02-22T20:00:00Z,151212,293.630243
295.9,295.9,294.32,10,294.38,2023-02-22T21:00:00Z,3100,294.679032
297.46,298.1,296.64,571,297.58,2023-02-23T14:00:00Z,65914,297.41233
294.59,297.78,294.405,1265,297.685,2023-02-23T15:00:00Z,139775,295.727967
292.64,295.055,292.63,789,294.555,2023-02-23T16:00:00Z,80149,293.652238
293.76,293.82,292.57,527,292.65,2023-02-23T17:00:00Z,59456,293.349204
294.66,294.88,293.26,842,293.69,2023-02-23T18:00:00Z,56889,293.973288
296.44,297.025,294.42,1061,294.57,2023-02-23T19:00:00Z,110277,296.230523
296.88,297.87,296.56,1397,296.56,2023-02-23T20:00:00Z,138717,297.208823
296.51,296.89,296.42,38,296.89,2023-02-23T21:00:00Z,9300,296.581075
292.06,293.06,291.28,20,293.06,2023-02-24T13:00:00Z,4820,291.999913
291.32,292.88,290.82,1162,291.79,2023-02-24T14:00:00Z,136270,291.652213
290.37,291.72,290.05,1451,291.24,2023-02-24T15:00:00Z,111518,290.667253
291.62,292.265,290.1,937,290.35,2023-02-24T16:00:00Z,91502,291.170928
290.52,291.79,290.42,492,291.74,2023-02-24T17:00:00Z,41653,291.017514
290.97,291.28,290.255,416,290.5,2023-02-24T18:00:00Z,52439,290.755582
292.01,292.2,290.63,595,291.08,2023-02-24T19:00:00Z,61928,291.35174
291.79,292.35,290.59,1339,292.135,2023-02-24T20:00:00Z,180369,291.277976
291.92,291.95,291.74,24,291.78,2023-02-24T21:00:00Z,11019,291.830716
295.32,295.53,293.94,22,293.94,2023-02-27T13:00:00Z,5739,294.945835
295.5,295.56,294.5,419,295.2,2023-02-27T14:00:00Z,49943,294.943643
294.37,296.44,293.86,733,295.52,2023-02-27T15:00:00Z,82417,295.093251
294.44,294.76,293.52,744,294.52,2023-02-27T16:00:00Z,68710,294.288454
294.76,294.82,293.67,364,294.32,2023-02-27T17:00:00Z,31873,294.292106
294.98,295.15,294.23,449,294.745,2023-02-27T18:00:00Z,31817,294.768458
294.08,295.38,293.9,519,295.04,2023-02-27T19:00:00Z,46319,294.633316
293.96,294.25,293.35,1058,294.08,2023-02-27T20:00:00Z,87588,293.791619
294.11,294.19,294.08,8,294.1,2023-02-27T21:00:00Z,4738,294.120638
294.35,294.35,294.15,4,294.15,2023-02-28T13:00:00Z,1880,294.248901
294.17,294.65,293.04,571,294.34,2023-02-28T14:00:00Z,79817,293.798395
293.805,294.89,293.09,653,294.29,2023-02-28T15:00:00Z,64019,294.05257
294.05,294.73,293.63,495,293.83,2023-02-28T16:00:00Z,42867,294.285775
295.48,295.58,294.17,437,294.17,2023-02-28T17:00:00Z,35845,294.843455
295.84,296.07,295.39,393,295.5,2023-02-28T18:00:00Z,38008,295.77668
294.89,296.02,294.89,586,295.885,2023-02-28T19:00:00Z,48551,295.446936
293.56,294.925,293.52,893,294.925,2023-02-28T20:00:00Z,110479,294.128207
292.9,293.29,292.7,34,293.24,2023-02-28T21:00:00Z,15525,292.961998
293.18,293.82,293.02,34,293.82,2023-03-01T13:00:00Z,5220,293.372071
293.19,293.9,292.12,471,292.99,2023-03-01T14:00:00Z,52654,292.984755
292.18,293.6,290.89,685,293.32,2023-03-01T15:00:00Z,80795,291.839767
292.2,292.47,290.24,738,292.14,2023-03-01T16:00:00Z,101082,291.111552
292.13,292.84,291.84,428,292.055,2023-03-01T17:00:00Z,63953,292.249934
291.45,292.135,291.02,341,292.02,2023-03-01T18:00:00Z,47931,291.460427
290.945,291.57,290.46,320,291.46,2023-03-01T19:00:00Z,41968,290.872478
291.03,291.415,290.62,816,290.945,2023-03-01T20:00:00Z,99662,291.029607
291.48,291.74,291.0,26,291.03,2023-03-01T21:00:00Z,15691,291.338488
288.32,288.32,288.32,1,288.32,2023-03-02T13:00:00Z,800,288.32
289.66,289.93,288.38,582,288.62,2023-03-02T14:00:00Z,56983,289.072377
290.275,290.4,289.05,924,289.67,2023-03-02T15:00:00Z,93439,289.955949
289.87,290.56,289.28,573,290.235,2023-03-02T16:00:00Z,58203,289.885807
290.31,290.495,289.56,535,289.91,2023-03-02T17:00:00Z,41175,290.013318
292.11,292.12,290.06,543,290.28,2023-03-02T18:00:00Z,63026,291.072228
293.02,293.34,292.165,1140,292.22,2023-03-02T19:00:00Z,86043,292.723021
293.69,294.43,292.605,2179,293.01,2023-03-02T20:00:00Z,181298,293.730976
293.36,293.83,293.32,19,293.67,2023-03-02T21:00:00Z,8958,293.530865
295.0,295.02,294.73,5,294.77,2023-03-03T13:00:00Z,1471,294.865707
296.72,296.96,294.89,565,295.7,2023-03-03T14:00:00Z,86092,295.667815
296.655,297.77,295.34,921,296.82,2023-03-03T15:00:00Z,101366,296.88539
297.55,297.7,296.39,555,296.63,2023-03-03T16:00:00Z,70543,297.043916
298.56,298.6,297.395,720,297.58,2023-03-03T17:00:00Z,78730,297.788899
298.65,298.85,298.27,480,298.585,2023-03-03T18:00:00Z,39013,298.548275
299.5,299.6,298.4,596,298.69,2023-03-03T19:00:00Z,60574,299.272748
299.71,299.92,299.09,1492,299.57,2023-03-03T20:00:00Z,138464,299.519263
299.98,300.03,299.8,18,299.81,2023-03-03T21:00:00Z,11900,299.875634
300.97,301.05,300.97,3,301.05,2023-03-06T13:00:00Z,465,301.03
301.3,301.775,300.72,646,300.82,2023-03-06T14:00:00Z,77668,301.248977
303.305,303.68,301.045,1021,301.37,2023-03-06T15:00:00Z,111159,302.755527
303.36,303.98,302.86,834,303.28,2023-03-06T16:00:00Z,97026,303.381979
301.83,303.51,301.55,641,303.28,2023-03-06T17:00:00Z,71194,302.413262
300.98,302.01,300.92,631,301.765,2023-03-06T18:00:00Z,72580,301.487667
300.59,301.4,300.42,895,301.0,2023-03-06T19:00:00Z,87845,300.843617
300.03,300.86,299.83,1608,300.5,2023-03-06T20:00:00Z,158145,300.150994
300.06,300.06,299.88,14,300.01,2023-03-06T21:00:00Z,9450,299.993704
300.7,300.92,300.7,5,300.92,2023-03-07T13:00:00Z,620,300.778333
300.4,301.01,299.82,565,300.33,2023-03-07T14:00:00Z,61523,300.57579
297.47,300.21,296.65,2140,300.21,2023-03-07T15:00:00Z,223239,298.073461
297.65,298.6,297.32,838,297.41,2023-03-07T16:00:00Z,91456,297.849295
298.73,299.75,297.55,927,297.6,2023-03-07T17:00:00Z,122433,298.897666
296.71,298.58,296.36,1118,298.53,2023-03-07T18:00:00Z,135223,297.297741
295.84,297.17,295.72,1282,296.715,2023-03-07T19:00:00Z,104323,296.532329
296.36,296.76,295.77,1759,295.77,2023-03-07T20:00:00Z,157253,296.313278
296.73,296.73,296.32,27,296.34,2023-03-07T21:00:00Z,7779,296.516342
296.41,296.79,296.41,19,296.66,2023-03-08T13:00:00Z,1381,296.603396
296.58,297.45,296.04,567,296.62,2023-03-08T14:00:00Z,49136,296.651027
296.9,297.66,294.965,1553,296.26,2023-03-08T15:00:00Z,173963,296.590349
298.18,298.42,296.31,804,296.985,2023-03-08T16:00:00Z,74157,297.551033
296.91,298.32,296.2,704,298.26,2023-03-08T17:00:00Z,73407,297.262619
296.02,297.09,295.72,1201,296.82,2023-03-08T18:00:00Z,108393,296.18654
296.64,297.32,295.975,944,296.03,2023-03-08T19:00:00Z,72739,296.663121
297.83,298.225,296.14,1702,296.68,2023-03-08T20:00:00Z,180227,297.43104
297.96,297.96,297.72,15,297.8,2023-03-08T21:00:00Z,6821,297.771176
300.29,300.6,298.09,861,298.6,2023-03-09T14:00:00Z,123759,299.418988
299.69,300.95,299.24,997,300.49,2023-03-09T15:00:00Z,122902,300.17555
299.29,300.025,299.21,615,299.635,2023-03-09T16:00:00Z,55427,299.63146
298.05,299.45,297.7,677,299.31,2023-03-09T17:00:00Z,74872,298.719492
295.16,298.3,294.85,1244,298.0,2023-03-09T18:00:00Z,171397,296.214274
294.12,295.37,294.05,1484,295.155,2023-03-09T19:00:00Z,148256,294.688112
292.6,294.38,291.86,4138,294.27,2023-03-09T20:00:00Z,441990,292.854385
292.64,292.66,292.23,34,292.47,2023-03-09T21:00:00Z,10163,292.40455
294.16,294.56,293.94,12,293.94,2023-03-10T13:00:00Z,2674,294.191653
290.2,294.35,289.17,1524,294.35,2023-03-10T14:00:00Z,175123,290.301473
292.76,292.83,289.97,1551,290.37,2023-03-10T15:00:00Z,145781,291.248168
291.73,294.34,291.63,1922,292.74,2023-03-10T16:00:00Z,154404,292.926911
290.01,292.11,289.86,979,291.71,2023-03-10T17:00:00Z,83306,291.038854
287.72,290.405,287.47,1822,290.08,2023-03-10T18:00:00Z,146153,288.488553
289.51,290.17,287.75,1864,287.78,2023-03-10T19:00:00Z,149150,288.877069
288.54,289.97,287.51,2123,289.51,2023-03-10T20:00:00Z,215783,288.43074
288.99,288.99,288.3,12,288.64,2023-03-10T21:00:00Z,1770,288.5925
286.83,288.98,284.93,16,288.98,2023-03-13T12:00:00Z,2538,286.91071
289.69,290.48,285.24,1350,287.19,2023-03-13T13:00:00Z,159799,287.928614
291.04,291.3,288.65,1862,289.59,2023-03-13T14:00:00Z,130989,289.762368
293.27,293.9,290.86,1647,291.24,2023-03-13T15:00:00Z,169665,292.408573
291.78,294.25,291.45,933,293.3,2023-03-13T16:00:00Z,75847,292.810957
292.61,292.77,290.78,1605,291.73,2023-03-13T17:00:00Z,148290,292.007764
293.38,294.44,292.57,1517,292.68,2023-03-13T18:00:00Z,156150,293.322924
290.7,293.9,290.66,1712,293.44,2023-03-13T19:00:00Z,188632,291.709023
290.95,291.3,290.88,34,291.05,2023-03-13T20:00:00Z,18760,291.058339
293.87,293.87,292.37,16,292.93,2023-03-14T12:00:00Z,2421,293.157565
295.62,296.34,294.25,1375,294.38,2023-03-14T13:00:00Z,150291,295.276846
296.32,297.2,295.33,1315,295.705,2023-03-14T14:00:00Z,115713,296.499886
297.43,297.93,296.395,927,296.425,2023-03-14T15:00:00Z,76091,297.365288
297.0,297.67,296.63,687,297.51,2023-03-14T16:00:00Z,61397,297.202693
295.24,297.24,294.89,1164,297.05,2023-03-14T17:00:00Z,94341,295.826555
294.93,295.86,294.02,1015,295.545,2023-03-14T18:00:00Z,91097,295.093948
297.35,297.76,293.46,2413,295.13,2023-03-14T19:00:00Z,262035,296.106481
297.18,297.2,296.99,43,297.1,2023-03-14T20:00:00Z,3900,297.116286
294.72,296.15,293.56,2136,293.56,2023-03-15T13:00:00Z,278696,295.148022
295.12,296.0,293.27,1433,294.45,2023-03-15T14:00:00Z,147950,294.617524
295.91,297.01,294.71,1206,295.01,2023-03-15T15:00:00Z,89347,295.73504
294.52,296.01,293.99,815,295.96,2023-03-15T16:00:00Z,60189,294.956203
296.3,296.8,294.07,824,294.3,2023-03-15T17:00:00Z,64834,295.897409
298.535,298.92,295.76,1519,296.515,2023-03-15T18:00:00Z,101636,297.877199
298.85,299.235,296.73,3286,298.55,2023-03-15T19:00:00Z,281164,297.905822
299.01,299.09,298.74,57,298.74,2023-03-15T20:00:00Z,7307,298.986403
299.59,299.59,299.59,2,299.59,2023-03-16T12:00:00Z,192,299.59
299.62,299.67,297.255,829,298.0,2023-03-16T13:00:00Z,72177,298.206389
302.105,302.5,298.46,1229,299.66,2023-03-16T14:00:00Z,115159,300.307793
305.045,305.56,301.67,1501,302.18,2023-03-16T15:00:00Z,179733,303.526851
305.77,305.95,303.72,1312,305.05,2023-03-16T16:00:00Z,238771,304.836218
305.45,306.08,304.78,1334,305.79,2023-03-16T17:00:00Z,118462,305.5472
306.05,306.17,304.8,1175,305.34,2023-03-16T18:00:00Z,70763,305.401077
306.8,307.17,305.94,2744,306.11,2023-03-16T19:00:00Z,256452,306.675832
306.71,307.03,306.35,113,306.59,2023-03-16T20:00:00Z,17575,306.686724
305.94,306.21,305.82,17,305.84,2023-03-17T12:00:00Z,7194,305.953662
307.63,308.02,306.3,923,306.3,2023-03-17T13:00:00Z,99114,307.016284
305.32,309.08,304.24,1779,307.86,2023-03-17T14:00:00Z,165825,306.27903
304.46,305.72,303.43,1038,305.05,2023-03-17T15:00:00Z,112702,304.875802
305.01,306.04,304.22,832,304.5,2023-03-17T16:00:00Z,70403,305.04564
306.01,306.4,304.99,952,305.12,2023-03-17T17:00:00Z,87527,305.669288
304.65,306.5,303.74,1182,306.13,2023-03-17T18:00:00Z,114224,304.828427
305.32,305.74,304.27,2127,304.66,2023-03-17T19:00:00Z,216096,305.137782
305.33,305.81,305.32,40,305.48,2023-03-17T20:00:00Z,14895,305.644018
302.67,305.19,302.01,1257,305.08,2023-03-20T13:00:00Z,152783,303.277216
304.825,304.835,302.62,2124,302.9,2023-03-20T14:00:00Z,157699,303.648654
304.09,306.0,304.09,1203,304.84,2023-03-20T15:00:00Z,90746,305.10177
304.665,304.785,302.9,1006,304.1,2023-03-20T16:00:00Z,107865,303.889448
305.16,305.38,304.54,571,304.57,2023-03-20T17:00:00Z,67086,305.018492
305.17,305.67,304.5,871,305.24,2023-03-20T18:00:00Z,55909,305.071062
305.74,306.29,304.74,1479,305.065,2023-03-20T19:00:00Z,126471,305.541354
306.18,306.18,305.8,18,305.86,2023-03-20T20:00:00Z,10037,305.918187
307.62,307.62,307.56,2,307.56,2023-03-21T12:00:00Z,320,307.5825
308.81,308.93,307.68,926,308.08,2023-03-21T13:00:00Z,101455,308.338816
306.86,309.34,306.42,1338,309.035,2023-03-21T14:00:00Z,137781,307.635202
306.9,307.96,306.41,883,306.91,2023-03-21T15:00:00Z,76897,307.153427
308.01,308.19,306.75,578,306.89,2023-03-21T16:00:00Z,63957,307.560643
308.12,308.935,307.815,518,308.005,2023-03-21T17:00:00Z,41417,308.372571
309.45,309.64,308.05,338,308.15,2023-03-21T18:00:00Z,38958,308.702226
310.23,310.74,309.445,1302,309.445,2023-03-21T19:00:00Z,146838,310.247338
310.4,310.49,310.21,19,310.21,2023-03-21T20:00:00Z,9579,310.312875
309.79,309.79,309.79,3,309.79,2023-03-22T12:00:00Z,538,309.79
310.59,310.8,309.87,250,310.22,2023-03-22T13:00:00Z,25450,310.237194
311.275,311.85,310.17,509,310.56,2023-03-22T14:00:00Z,48352,311.216752
311.62,311.955,310.73,703,311.02,2023-03-22T15:00:00Z,45065,311.616711
310.725,311.66,310.35,664,311.66,2023-03-22T16:00:00Z,50953,310.771133
311.48,311.54,310.21,820,310.71,2023-03-22T17:00:00Z,44030,310.947113
311.41,315.19,310.41,2864,311.61,2023-03-22T18:00:00Z,295340,312.757792
306.05,313.0,305.95,2902,311.4,2023-03-22T19:00:00Z,291632,309.180927
306.09,306.38,305.63,66,306.2,2023-03-22T20:00:00Z,18296,305.944265
309.14,309.54,308.84,20,308.95,2023-03-23T12:00:00Z,4973,309.152446
310.78,310.9,308.77,679,308.77,2023-03-23T13:00:00Z,78361,310.287299
313.34,313.555,310.76,1094,310.88,2023-03-23T14:00:00Z,142027,312.398028
313.12,314.08,312.64,864,313.39,2023-03-23T15:00:00Z,105692,313.291277
312.39,313.415,312.165,821,313.07,2023-03-23T16:00:00Z,89395,312.695754
310.72,312.8,310.71,732,312.35,2023-03-23T17:00:00Z,84713,311.650651
308.71,311.25,307.06,1290,310.84,2023-03-23T18:00:00Z,156659,308.668082
309.72,311.28,307.07,2657,308.69,2023-03-23T19:00:00Z,338099,309.364217
310.39,310.75,309.41,60,309.41,2023-03-23T20:00:00Z,8806,310.053563
308.38,308.62,308.38,8,308.47,2023-03-24T12:00:00Z,1415,308.468587
309.18,309.69,307.23,1070,308.71,2023-03-24T13:00:00Z,94833,308.489924
308.72,309.65,307.66,1046,309.03,2023-03-24T14:00:00Z,92740,308.665641
309.36,309.49,307.02,960,308.64,2023-03-24T15:00:00Z,129423,308.120611
308.71,310.0,307.57,882,309.42,2023-03-24T16:00:00Z,104133,308.543337
308.97,309.75,308.32,770,308.96,2023-03-24T17:00:00Z,59541,308.912266
309.92,310.3,308.83,850,309.145,2023-03-24T18:00:00Z,66740,309.721138
310.95,310.965,309.44,1478,309.995,2023-03-24T19:00:00Z,147927,310.47151
311.32,311.32,310.99,21,310.99,2023-03-24T20:00:00Z,8487,311.11258
311.44,311.97,311.44,5,311.94,2023-03-27T12:00:00Z,938,311.805235
311.93,312.645,310.73,916,311.53,2023-03-27T13:00:00Z,109148,311.644004
310.18,312.27,310.18,957,312.09,2023-03-27T14:00:00Z,85103,311.28614
308.25,310.35,308.12,768,310.14,2023-03-27T15:00:00Z,79515,309.409176
308.5,309.18,307.91,700,308.21,2023-03-27T16:00:00Z,83056,308.3877
308.91,309.53,308.01,638,308.61,2023-03-27T17:00:00Z,47331,308.883395
310.05,310.18,308.51,603,308.91,2023-03-27T18:00:00Z,62644,309.493148
308.68,310.37,308.16,1909,310.15,2023-03-27T19:00:00Z,247172,308.980162
308.98,309.15,308.7,15,308.7,2023-03-27T20:00:00Z,8125,308.988875
308.04,308.04,307.88,11,308.01,2023-03-28T12:00:00Z,1328,307.927275
306.21,308.16,306.005,597,308.12,2023-03-28T13:00:00Z,92670,306.75983
305.31,307.065,305.16,1237,306.17,2023-03-28T14:00:00Z,110722,305.993445
306.58,306.87,305.25,940,305.345,2023-03-28T15:00:00Z,65911,306.235219
305.925,306.74,305.49,788,306.67,2023-03-28T16:00:00Z,54683,305.983971
304.9,306.17,304.78,965,305.97,2023-03-28T17:00:00Z,92969,305.619101
305.91,306.105,304.82,1269,304.82,2023-03-28T18:00:00Z,101480,305.500896
307.14,307.16,305.79,2075,306.06,2023-03-28T19:00:00Z,187679,306.495647
307.49,307.53,307.16,31,307.19,2023-03-28T20:00:00Z,8797,307.381681
310.15,310.18,309.62,18,309.77,2023-03-29T12:00:00Z,3770,309.8382
311.52,311.82,310.19,1196,310.2,2023-03-29T13:00:00Z,143020,311.290596
310.17,311.93,310.07,1353,311.605,2023-03-29T14:00:00Z,134387,310.862058
311.54,311.57,310.24,1207,310.25,2023-03-29T15:00:00Z,93684,311.012885
311.1,311.88,310.98,1240,311.59,2023-03-29T16:00:00Z,105821,311.591671
311.3,312.02,310.96,1111,311.08,2023-03-29T17:00:00Z,71236,311.446722
312.345,312.425,311.03,1482,311.38,2023-03-29T18:00:00Z,124707,311.760207
312.73,313.29,312.03,2662,312.38,2023-03-29T19:00:00Z,297789,312.814641
312.73,312.77,312.52,23,312.67,2023-03-29T20:00:00Z,11635,312.637408
315.03,315.17,314.4,18,314.4,2023-03-30T12:00:00Z,5692,315.003101
315.56,315.56,314.54,1377,314.65,2023-03-30T13:00:00Z,240326,315.111632
315.66,316.23,314.33,2509,315.59,2023-03-30T14:00:00Z,360601,315.166256
315.5,316.29,315.17,1616,315.69,2023-03-30T15:00:00Z,124773,315.59308
314.85,315.645,314.57,1351,315.41,2023-03-30T16:00:00Z,179159,315.099032
314.41,315.24,313.94,1125,314.855,2023-03-30T17:00:00Z,155993,314.699848
315.29,315.535,314.36,742,314.44,2023-03-30T18:00:00Z,53298,315.069812
315.69,315.84,315.02,1976,315.225,2023-03-30T19:00:00Z,167982,315.558061
315.8,315.99,315.7,32,315.7,2023-03-30T20:00:00Z,13110,315.790305
316.04,316.69,315.85,52,316.42,2023-03-31T12:00:00Z,17505,316.172028
317.07,317.39,315.66,970,316.02,2023-03-31T13:00:00Z,108657,316.691167
317.89,318.23,316.82,1436,317.18,2023-03-31T14:00:00Z,146821,317.553729
318.76,318.76,317.72,1114,317.98,2023-03-31T15:00:00Z,100767,318.196157
319.13,319.4,318.65,1176,318.73,2023-03-31T16:00:00Z,97314,318.976923
319.155,319.27,318.71,848,319.11,2023-03-31T17:00:00Z,94598,319.015723
319.595,319.69,319.04,1289,319.175,2023-03-31T18:00:00Z,136470,319.371126
320.83,321.16,319.66,2961,319.67,2023-03-31T19:00:00Z,293369,320.441107
321.06,321.09,320.71,83,320.76,2023-03-31T20:00:00Z,18362,320.970486
318.77,318.89,318.08,46,318.45,2023-04-03T12:00:00Z,8807,318.451951
319.19,320.0,318.49,1378,318.83,2023-04-03T13:00:00Z,167058,319.227645
318.01,320.15,318.01,1988,319.27,2023-04-03T14:00:00Z,153611,319.341591
318.21,318.4,317.48,1141,318.16,2023-04-03T15:00:00Z,106328,317.983185
317.88,318.765,317.88,1040,318.23,2023-04-03T16:00:00Z,63254,318.361711
317.93,318.12,317.535,785,317.765,2023-04-03T17:00:00Z,66278,317.833011
319.14,319.17,317.58,941,317.84,2023-04-03T18:00:00Z,71768,318.331694
320.17,320.39,319.06,1814,319.18,2023-04-03T19:00:00Z,165818,319.881795
320.0,320.17,320.0,37,320.08,2023-04-03T20:00:00Z,8825,320.084198
320.89,321.38,320.89,24,321.38,2023-04-04T12:00:00Z,4227,321.093043
320.47,320.99,319.345,774,320.99,2023-04-04T13:00:00Z,87911,320.271047
320.19,321.63,319.72,1026,320.85,2023-04-04T14:00:00Z,106687,320.599859
319.32,320.14,318.74,986,320.04,2023-04-04T15:00:00Z,116893,319.534713
319.15,319.485,318.25,1018,319.34,2023-04-04T16:00:00Z,84685,318.849312
319.23,319.76,318.79,544,319.07,2023-04-04T17:00:00Z,66158,319.343969
318.36,319.48,318.14,882,319.185,2023-04-04T18:00:00Z,68834,318.736086
319.105,319.11,317.83,2198,318.26,2023-04-04T19:00:00Z,164560,318.513878
319.3,319.34,319.18,66,319.18,2023-04-04T20:00:00Z,11606,319.27087
317.23,318.75,316.8,1504,318.75,2023-04-05T13:00:00Z,165890,317.608512
314.63,317.83,314.6,1808,317.44,2023-04-05T14:00:00Z,258793,316.044244
315.13,315.44,314.46,741,314.59,2023-04-05T15:00:00Z,129331,315.060019
314.48,315.18,314.07,1122,315.14,2023-04-05T16:00:00Z,106288,314.436864
315.325,315.37,314.255,1030,314.43,2023-04-05T17:00:00Z,100080,314.87774
315.77,316.06,315.18,1021,315.29,2023-04-05T18:00:00Z,101911,315.604266
315.83,316.17,314.99,1923,315.67,2023-04-05T19:00:00Z,213554,315.691778
315.67,315.84,315.58,79,315.83,2023-04-05T20:00:00Z,14603,315.733276
313.64,314.2,312.88,935,314.19,2023-04-06T13:00:00Z,118770,313.318799
314.48,315.22,313.59,1250,313.635,2023-04-06T14:00:00Z,130524,314.693059
316.97,317.01,314.45,1181,314.57,2023-04-06T15:00:00Z,100617,315.953892
317.08,317.84,317.01,890,317.06,2023-04-06T16:00:00Z,97494,317.394855
318.02,318.11,316.9,847,317.1,2023-04-06T17:00:00Z,65439,317.651571
318.01,318.54,317.93,1086,318.08,2023-04-06T18:00:00Z,112093,318.238078
318.11,318.44,317.67,1652,318.055,2023-04-06T19:00:00Z,156629,318.063829
317.86,318.09,317.84,22,318.09,2023-04-06T20:00:00Z,7240,317.894475
315.66,315.72,315.49,14,315.52,2023-04-10T12:00:00Z,2647,315.587864
313.63,315.45,313.25,1133,315.45,2023-04-10T13:00:00Z,118613,314.156648
314.455,315.01,313.34,1301,313.505,2023-04-10T14:00:00Z,144637,314.301611
315.25,316.14,314.5,916,314.5,2023-04-10T15:00:00Z,110837,315.676919
316.71,316.84,314.355,959,315.225,2023-04-10T16:00:00Z,104845,315.484933
316.97,317.27,316.62,857,316.77,2023-04-10T17:00:00Z,64615,316.933765
317.74,317.77,316.79,571,316.98,2023-04-10T18:00:00Z,49390,317.365396
317.77,317.87,317.21,1175,317.79,2023-04-10T19:00:00Z,121984,317.495464
317.95,318.11,317.95,17,318.0,2023-04-10T20:00:00Z,7502,318.056667
317.44,317.79,317.44,15,317.58,2023-04-11T12:00:00Z,5654,317.629592
316.63,317.8,316.26,646,317.38,2023-04-11T13:00:00Z,75204,317.031038
315.58,316.87,315.44,1195,316.59,2023-04-11T14:00:00Z,76919,316.104705
315.9,316.29,315.36,1285,315.575,2023-04-11T15:00:00Z,78870,315.81864
316.35,316.51,315.58,941,315.94,2023-04-11T16:00:00Z,53592,316.07864
316.95,317.0,315.92,893,316.395,2023-04-11T17:00:00Z,69011,316.469254
317.1,317.2,316.53,771,316.995,2023-04-11T18:00:00Z,47996,316.92696
315.79,317.2,315.48,1694,317.1,2023-04-11T19:00:00Z,150331,316.06592
316.03,316.06,315.83,24,315.84,2023-04-11T20:00:00Z,10270,315.981471
318.38,319.67,315.75,86,315.75,2023-04-12T12:00:00Z,18250,318.833221
315.665,318.58,314.925,1485,318.3,2023-04-12T13:00:00Z,207515,316.927745
314.305,317.16,314.28,1832,315.52,2023-04-12T14:00:00Z,160663,315.929216
315.88,315.9,313.55,1077,314.26,2023-04-12T15:00:00Z,98426,314.552848
316.145,316.19,315.59,542,315.74,2023-04-12T16:00:00Z,55063,315.90829
315.68,316.62,315.425,739,316.13,2023-04-12T17:00:00Z,51367,316.033742
314.15,316.16,313.66,1670,315.56,2023-04-12T18:00:00Z,129797,314.752108
312.95,314.47,312.57,1983,314.02,2023-04-12T19:00:00Z,196824,313.273033
312.98,313.06,312.9,25,313.03,2023-04-12T20:00:00Z,7059,312.973957
314.73,314.74,314.03,36,314.22,2023-04-13T12:00:00Z,7900,314.419182
315.76,316.09,314.27,1016,314.98,2023-04-13T13:00:00Z,125144,315.489342
316.765,317.48,315.52,1564,315.885,2023-04-13T14:00:00Z,133606,316.971017
317.55,317.61,316.82,1026,316.835,2023-04-13T15:00:00Z,78214,317.188654
317.695,317.93,317.41,1010,317.565,2023-04-13T16:00:00Z,66827,317.697689
318.78,318.85,317.31,1004,317.725,2023-04-13T17:00:00Z,88833,318.267434
319.14,319.38,318.64,1095,318.8,2023-04-13T18:00:00Z,118932,319.087192
319.24,319.65,318.95,2159,319.2,2023-04-13T19:00:00Z,225937,319.197899
318.72,319.15,318.72,18,319.15,2023-04-13T20:00:00Z,7300,318.967808
317.0,318.03,316.78,24,318.02,2023-04-14T12:00:00Z,5447,317.203924
319.99,320.26,317.08,930,317.09,2023-04-14T13:00:00Z,104756,318.757311
317.67,320.33,317.01,1558,319.7,2023-04-14T14:00:00Z,170310,318.210069
317.27,318.31,316.88,1212,317.615,2023-04-14T15:00:00Z,132511,317.669955
315.87,317.315,315.64,845,317.315,2023-04-14T16:00:00Z,99290,316.457273
316.875,316.955,315.74,1021,315.875,2023-04-14T17:00:00Z,101297,316.382956
318.22,318.36,316.545,1187,316.86,2023-04-14T18:00:00Z,123687,317.686025
318.59,318.825,317.02,1991,318.2,2023-04-14T19:00:00Z,197136,318.212932
319.0,319.22,318.54,50,318.54,2023-04-14T20:00:00Z,12081,318.949255
318.46,318.53,318.2,10,318.42,2023-04-17T12:00:00Z,2015,318.455789
318.12,319.185,317.69,928,318.52,2023-04-17T13:00:00Z,99225,318.282621
317.595,318.84,316.94,1020,318.22,2023-04-17T14:00:00Z,96338,317.885833
316.79,317.9,316.45,1213,317.73,2023-04-17T15:00:00Z,78695,317.08505
316.895,316.94,316.15,1007,316.73,2023-04-17T16:00:00Z,68285,316.560897
316.58,317.33,316.55,553,316.9,2023-04-17T17:00:00Z,50399,316.978398
317.675,317.79,316.44,591,316.585,2023-04-17T18:00:00Z,51929,316.990865
318.77,318.81,317.74,1620,317.76,2023-04-17T19:00:00Z,207591,318.437531
318.85,318.9,318.77,7,318.81,2023-04-17T20:00:00Z,3500,318.833429
321.22,321.43,321.11,31,321.11,2023-04-18T12:00:00Z,5842,321.271311
320.31,321.36,320.105,827,321.17,2023-04-18T13:00:00Z,82848,320.821569
318.55,320.34,318.09,1420,320.29,2023-04-18T14:00:00Z,165961,318.978964
318.34,319.0,317.96,677,318.72,2023-04-18T15:00:00Z,56113,318.58847
318.57,319.16,318.225,511,318.26,2023-04-18T16:00:00Z,38494,318.732416
318.53,319.05,318.32,473,318.56,2023-04-18T17:00:00Z,54354,318.76082
318.13,318.96,317.65,790,318.505,2023-04-18T18:00:00Z,77995,318.388963
318.85,319.11,318.1,1611,318.105,2023-04-18T19:00:00Z,138205,318.695393
318.84,318.84,318.05,26,318.19,2023-04-18T20:00:00Z,10770,318.44047
316.28,316.56,316.05,23,316.56,2023-04-19T12:00:00Z,3354,316.246659
316.645,317.5,316.22,729,316.38,2023-04-19T13:00:00Z,75275,316.881272
317.66,317.89,316.56,772,316.64,2023-04-19T14:00:00Z,78249,317.211646
318.49,318.59,317.66,672,317.76,2023-04-19T15:00:00Z,67326,318.133114
318.97,319.285,318.295,841,318.56,2023-04-19T16:00:00Z,92168,318.889171
319.34,319.39,318.82,577,318.94,2023-04-19T17:00:00Z,55392,319.158834
319.32,319.64,318.82,812,319.36,2023-04-19T18:00:00Z,79351,319.17197
318.77,319.54,318.415,1005,319.32,2023-04-19T19:00:00Z,87040,318.953208
318.36,318.74,318.15,63,318.37,2023-04-19T20:00:00Z,9924,318.412533
316.13,316.22,316.13,7,316.19,2023-04-20T12:00:00Z,1825,316.163529
317.28,317.46,315.59,1293,316.1,2023-04-20T13:00:00Z,142287,316.843341
317.6,318.215,317.07,1348,317.22,2023-04-20T14:00:00Z,121452,317.656137
317.79,318.07,316.68,1007,317.6,2023-04-20T15:00:00Z,88368,317.484685
318.64,318.67,317.21,825,317.8,2023-04-20T16:00:00Z,65556,317.949033
318.525,319.26,318.495,810,318.73,2023-04-20T17:00:00Z,81885,318.908241
316.62,318.55,316.08,1697,318.53,2023-04-20T18:00:00Z,199672,316.955958
316.29,316.8,314.975,2253,316.675,2023-04-20T19:00:00Z,262312,315.782848
316.7,316.75,316.46,32,316.46,2023-04-20T20:00:00Z,11912,316.631797
315.79,315.8,315.42,8,315.65,2023-04-21T12:00:00Z,1040,315.596
314.48,316.3,314.415,846,315.86,2023-04-21T13:00:00Z,81755,315.63931
315.41,316.47,314.13,1111,314.4,2023-04-21T14:00:00Z,115060,315.40811
316.5,316.81,315.5,1008,315.55,2023-04-21T15:00:00Z,102213,316.011135
316.31,316.665,315.97,608,316.51,2023-04-21T16:00:00Z,36672,316.312847
316.92,317.03,316.03,795,316.21,2023-04-21T17:00:00Z,59759,316.577691
316.56,317.39,316.38,756,316.945,2023-04-21T18:00:00Z,53772,316.940571
316.66,316.72,315.86,1307,316.58,2023-04-21T19:00:00Z,119658,316.310682
316.4,316.71,316.34,10,316.71,2023-04-21T20:00:00Z,4250,316.503529
316.76,316.84,316.51,4,316.51,2023-04-24T12:00:00Z,1136,316.745398
316.89,317.72,315.83,693,316.59,2023-04-24T13:00:00Z,70132,316.869811
315.15,316.97,314.71,1254,316.85,2023-04-24T14:00:00Z,130164,315.937083
314.015,315.26,313.74,1108,315.18,2023-04-24T15:00:00Z,118531,314.560051
314.78,314.85,313.825,826,314.12,2023-04-24T16:00:00Z,88685,314.456581
315.61,315.73,314.59,579,314.85,2023-04-24T17:00:00Z,59854,314.989632
315.78,316.14,315.26,727,315.67,2023-04-24T18:00:00Z,71091,315.729086
315.91,316.075,315.47,1359,315.86,2023-04-24T19:00:00Z,127411,315.79192
316.07,316.12,315.88,13,316.06,2023-04-24T20:00:00Z,6355,316.02354
314.51,314.76,314.47,6,314.76,2023-04-25T12:00:00Z,726,314.583648
314.12,314.97,313.81,690,314.59,2023-04-25T13:00:00Z,63643,314.335648
313.4,314.63,312.91,1035,314.07,2023-04-25T14:00:00Z,108811,313.4796
312.69,313.94,312.62,902,313.485,2023-04-25T15:00:00Z,74298,313.288457
312.33,312.75,311.9,991,312.64,2023-04-25T16:00:00Z,94811,312.326424
311.29,312.76,311.08,1016,312.37,2023-04-25T17:00:00Z,107901,311.677906
310.76,311.48,310.535,964,311.25,2023-04-25T18:00:00Z,105053,310.980821
309.92,311.29,309.92,1599,310.74,2023-04-25T19:00:00Z,194541,310.569086
312.61,312.93,310.33,161,310.33,2023-04-25T20:00:00Z,29643,312.290866
313.29,313.48,312.71,18,312.84,2023-04-26T12:00:00Z,4680,313.184033
313.69,313.745,312.24,1001,313.29,2023-04-26T13:00:00Z,102030,313.123372
313.19,313.83,312.15,1367,313.66,2023-04-26T14:00:00Z,125316,312.934804
314.33,314.55,313.3,1302,313.3,2023-04-26T15:00:00Z,121171,314.068197
313.47,314.935,313.36,782,314.37,2023-04-26T16:00:00Z,85553,314.154669
312.66,313.83,312.39,821,313.585,2023-04-26T17:00:00Z,63767,313.244975
311.85,312.81,311.71,1371,312.715,2023-04-26T18:00:00Z,146358,312.282172
311.88,312.38,311.34,1719,311.87,2023-04-26T19:00:00Z,182036,311.822031
313.74,313.9,311.88,100,311.96,2023-04-26T20:00:00Z,21621,313.304185
315.33,315.33,314.78,8,315.01,2023-04-27T12:00:00Z,1574,315.079647
315.305,316.22,315.05,1167,315.61,2023-04-27T13:00:00Z,139281,315.561879
316.83,317.585,315.155,1808,315.255,2023-04-27T14:00:00Z,173866,316.724084
318.0,318.31,316.79,1525,316.87,2023-04-27T15:00:00Z,143984,317.799048
318.925,318.96,318.04,926,318.06,2023-04-27T16:00:00Z,82060,318.519465
319.63,319.985,318.72,1389,319.01,2023-04-27T17:00:00Z,185765,319.589414
320.48,320.48,319.63,1256,319.645,2023-04-27T18:00:00Z,155339,320.062361
320.37,320.85,320.2,2712,320.445,2023-04-27T19:00:00Z,291248,320.524407
321.05,322.71,320.16,113,320.28,2023-04-27T20:00:00Z,22582,321.503733
319.9,320.1,319.3,12,319.51,2023-04-28T12:00:00Z,3510,319.840494
319.9,320.66,318.98,1079,319.8,2023-04-28T13:00:00Z,134617,319.836107
319.81,321.86,319.38,1979,319.73,2023-04-28T14:00:00Z,237245,320.836592
320.93,321.01,319.24,1455,319.82,2023-04-28T15:00:00Z,160166,320.064093
321.63,321.71,320.485,1013,321.0,2023-04-28T16:00:00Z,144523,321.136157
321.45,321.82,321.015,965,321.67,2023-04-28T17:00:00Z,172925,321.403344
321.68,321.86,321.15,1130,321.44,2023-04-28T18:00:00Z,75746,321.446316
322.61,322.615,321.43,2403,321.625,2023-04-28T19:00:00Z,246825,322.001775
322.71,322.88,322.62,73,322.8,2023-04-28T20:00:00Z,13229,322.720076
322.18,322.27,321.84,8,321.84,2023-05-01T12:00:00Z,875,322.122326
322.36,322.75,321.78,585,322.13,2023-05-01T13:00:00Z,61593,322.270633
322.655,322.7,321.58,1044,322.22,2023-05-01T14:00:00Z,126008,322.07884
322.0,322.85,321.11,1061,322.74,2023-05-01T15:00:00Z,115142,321.764357
323.2,323.29,321.95,737,321.975,2023-05-01T16:00:00Z,75986,322.606138
323.32,323.58,323.0,673,323.15,2023-05-01T17:00:00Z,55318,323.245514
322.455,323.315,321.76,623,323.25,2023-05-01T18:00:00Z,88438,322.564474
322.205,322.545,321.74,1365,322.54,2023-05-01T19:00:00Z,165510,322.333514
321.77,322.4,321.77,58,322.4,2023-05-01T20:00:00Z,13417,322.080687
322.17,322.17,321.96,9,321.97,2023-05-02T12:00:00Z,1856,322.030286
321.73,322.42,321.41,650,322.07,2023-05-02T13:00:00Z,73886,321.862212
318.32,322.0,318.24,1626,321.91,2023-05-02T14:00:00Z,192125,319.753532
317.93,318.8,317.69,1026,318.39,2023-05-02T15:00:00Z,119610,318.158469
319.07,319.22,317.71,870,317.88,2023-05-02T16:00:00Z,75701,318.537609
319.845,320.27,318.96,748,319.12,2023-05-02T17:00:00Z,64314,319.560062
319.82,319.87,319.01,824,319.81,2023-05-02T18:00:00Z,65005,319.456645
319.26,320.225,319.05,2066,319.84,2023-05-02T19:00:00Z,197217,319.520565
318.98,319.46,318.9,123,319.46,2023-05-02T20:00:00Z,23142,319.163789
320.6,320.76,319.51,396,319.75,2023-05-03T13:00:00Z,37152,320.078448
319.765,320.77,319.62,635,320.525,2023-05-03T14:00:00Z,64545,320.110438
320.07,320.145,319.26,474,319.72,2023-05-03T15:00:00Z,43329,319.652557
320.34,320.36,319.555,285,320.115,2023-05-03T16:00:00Z,25440,319.962634
320.355,320.56,319.92,404,320.37,2023-05-03T17:00:00Z,56951,320.301158
320.8,322.38,319.09,913,320.275,2023-05-03T18:00:00Z,91397,320.875886
317.355,321.58,317.2,1723,320.89,2023-05-03T19:00:00Z,147484,317.98008
316.95,318.06,316.9,71,317.52,2023-05-03T20:00:00Z,23061,317.661446
317.14,317.25,317.02,6,317.02,2023-05-04T12:00:00Z,2599,317.15304
316.05,317.5,315.76,743,317.25,2023-05-04T13:00:00Z,66130,316.433015
316.13,316.67,315.15,1130,315.99,2023-05-04T14:00:00Z,97323,315.933483
316.29,317.67,315.93,928,316.29,2023-05-04T15:00:00Z,83177,316.777631
317.24,317.27,315.82,748,316.36,2023-05-04T16:00:00Z,51732,316.514085
317.535,318.21,317.06,926,317.25,2023-05-04T17:00:00Z,74584,317.542591
316.5,317.69,316.115,1001,317.55,2023-05-04T18:00:00Z,79536,316.725948
316.19,317.26,316.02,2812,316.575,2023-05-04T19:00:00Z,237580,316.511429
316.1,316.45,315.85,70,316.15,2023-05-04T20:00:00Z,11300,316.113717
317.92,318.48,317.26,40,317.29,2023-05-05T12:00:00Z,11979,317.997484
319.72,319.73,317.86,835,317.99,2023-05-05T13:00:00Z,117475,319.013855
321.31,321.77,319.75,1303,319.77,2023-05-05T14:00:00Z,160266,320.887939
321.35,321.685,320.93,753,321.345,2023-05-05T15:00:00Z,73962,321.335497
321.61,321.63,320.87,499,321.38,2023-05-05T16:00:00Z,49133,321.218739
322.4,322.45,321.585,642,321.605,2023-05-05T17:00:00Z,57452,322.124297
323.48,323.74,322.24,1066,322.45,2023-05-05T18:00:00Z,97323,322.910984
322.89,323.585,322.62,2164,323.38,2023-05-05T19:00:00Z,275382,323.082558
322.61,322.91,322.59,65,322.9,2023-05-05T20:00:00Z,25824,322.704319
322.28,322.79,322.18,11,322.79,2023-05-08T12:00:00Z,4630,322.47784
321.6,322.59,321.48,357,322.17,2023-05-08T13:00:00Z,35650,322.04655
322.14,322.32,321.34,541,321.62,2023-05-08T14:00:00Z,42971,321.856805
322.9,322.95,321.93,471,322.17,2023-05-08T15:00:00Z,49595,322.44456
323.03,323.09,322.59,315,322.95,2023-05-08T16:00:00Z,28147,322.832055
323.49,323.705,322.86,657,323.12,2023-05-08T17:00:00Z,46126,323.379962
323.85,324.03,322.155,662,323.54,2023-05-08T18:00:00Z,63770,322.98674
323.72,323.98,323.34,1021,323.95,2023-05-08T19:00:00Z,86694,323.660011
323.42,323.61,323.36,13,323.52,2023-05-08T20:00:00Z,5371,323.423919
321.91,321.96,321.87,7,321.96,2023-05-09T12:00:00Z,730,321.904933
322.66,322.71,321.78,391,321.9,2023-05-09T13:00:00Z,51967,322.148562
322.4,322.82,321.885,720,322.705,2023-05-09T14:00:00Z,68312,322.167282
321.595,322.445,321.5,547,322.38,2023-05-09T15:00:00Z,42764,321.976657
322.105,322.11,321.42,439,321.58,2023-05-09T16:00:00Z,39551,321.684896
322.06,322.195,321.805,334,322.1,2023-05-09T17:00:00Z,41355,322.032448
321.84,322.31,321.56,402,322.13,2023-05-09T18:00:00Z,31624,322.089285
321.56,321.96,321.35,1170,321.875,2023-05-09T19:00:00Z,150895,321.592618
321.51,321.64,321.51,30,321.51,2023-05-09T20:00:00Z,9310,321.591613
324.39,324.67,322.95,36,323.2,2023-05-10T12:00:00Z,11678,323.832746
324.38,325.3,323.07,890,324.56,2023-05-10T13:00:00Z,134672,324.263406
322.99,325.675,322.485,1431,324.48,2023-05-10T14:00:00Z,204219,324.314409
324.12,324.685,323.01,759,323.015,2023-05-10T15:00:00Z,86966,324.066285
323.295,324.17,323.095,520,324.07,2023-05-10T16:00:00Z,58457,323.684662
322.76,323.53,321.62,628,323.195,2023-05-10T17:00:00Z,72455,322.251091
324.76,324.77,322.95,465,322.95,2023-05-10T18:00:00Z,53670,323.905967
325.2,326.01,324.57,1761,324.73,2023-05-10T19:00:00Z,269884,325.389703
325.12,325.4,325.02,45,325.14,2023-05-10T20:00:00Z,8241,325.16757
325.95,326.24,325.95,6,326.06,2023-05-11T12:00:00Z,1972,326.149797
324.66,325.85,324.43,427,325.6,2023-05-11T13:00:00Z,67795,325.148959
325.47,325.5,324.14,572,324.83,2023-05-11T14:00:00Z,67904,325.006186
326.075,326.24,325.16,715,325.45,2023-05-11T15:00:00Z,77904,325.748858
326.34,326.48,325.535,528,326.08,2023-05-11T16:00:00Z,58289,325.949844
325.68,326.325,324.955,632,326.24,2023-05-11T17:00:00Z,52098,325.727895
326.65,326.745,325.53,489,325.72,2023-05-11T18:00:00Z,53722,326.149415
326.115,326.71,325.8,929,326.6,2023-05-11T19:00:00Z,94379,326.212826
326.23,326.23,325.94,20,326.14,2023-05-11T20:00:00Z,9300,326.077946
326.86,326.86,326.4,14,326.4,2023-05-12T12:00:00Z,4101,326.668404
326.39,327.15,326.03,460,326.64,2023-05-12T13:00:00Z,76761,326.632935
325.05,326.34,324.695,860,325.97,2023-05-12T14:00:00Z,113243,325.326377
325.21,325.68,324.35,556,324.995,2023-05-12T15:00:00Z,64467,324.914589
323.41,325.19,323.16,467,325.19,2023-05-12T16:00:00Z,59099,324.02714
323.175,324.375,323.07,538,323.31,2023-05-12T17:00:00Z,77446,323.680705
323.68,323.81,322.95,501,323.175,2023-05-12T18:00:00Z,93004,323.33161
325.06,325.105,323.68,1532,323.75,2023-05-12T19:00:00Z,203002,324.527501
324.45,324.9,324.45,44,324.88,2023-05-12T20:00:00Z,12721,324.698769
325.75,325.77,325.61,8,325.61,2023-05-15T12:00:00Z,2914,325.716341
324.56,325.81,324.54,828,325.66,2023-05-15T13:00:00Z,72486,325.211463
324.79,325.34,323.99,1042,324.57,2023-05-15T14:00:00Z,94993,324.557624
326.29,326.29,324.9,830,324.9,2023-05-15T15:00:00Z,88301,325.748668
326.39,326.42,325.74,526,326.255,2023-05-15T16:00:00Z,46419,326.047686
326.37,327.03,325.575,733,326.45,2023-05-15T17:00:00Z,62643,326.364621
326.31,326.69,326.19,967,326.39,2023-05-15T18:00:00Z,185189,326.355998
326.75,326.77,326.21,1140,326.305,2023-05-15T19:00:00Z,108584,326.572812
326.6,326.86,326.6,25,326.75,2023-05-15T20:00:00Z,10493,326.774065
326.09,326.69,325.99,15,326.69,2023-05-16T12:00:00Z,4642,326.191384
327.23,327.97,325.87,543,325.96,2023-05-16T13:00:00Z,58483,327.062174
328.07,328.38,326.44,1009,327.29,2023-05-16T14:00:00Z,76374,327.424908
328.67,328.74,327.645,810,328.08,2023-05-16T15:00:00Z,89583,328.202465
328.69,328.9,328.285,539,328.695,2023-05-16T16:00:00Z,76249,328.60455
328.65,328.89,328.17,411,328.77,2023-05-16T17:00:00Z,58040,328.541118
328.41,328.73,327.795,578,328.73,2023-05-16T18:00:00Z,63913,328.172353
327.16,328.585,327.15,1543,328.39,2023-05-16T19:00:00Z,168939,327.842127
327.71,327.75,327.05,45,327.24,2023-05-16T20:00:00Z,16788,327.453963
328.11,328.11,327.64,7,327.64,2023-05-17T12:00:00Z,1440,327.870704
327.15,328.585,327.08,470,328.01,2023-05-17T13:00:00Z,55542,327.962316
328.48,328.58,327.12,616,327.185,2023-05-17T14:00:00Z,68753,328.05392
328.97,329.1,327.795,574,328.67,2023-05-17T15:00:00Z,68507,328.581079
330.17,330.355,328.59,489,328.93,2023-05-17T16:00:00Z,50448,329.317122
331.685,331.685,330.24,595,330.24,2023-05-17T17:00:00Z,70364,330.912113
330.755,331.665,330.69,574,331.665,2023-05-17T18:00:00Z,72376,331.208126
331.2,331.56,330.525,1698,330.75,2023-05-17T19:00:00Z,173381,331.200733
331.13,331.38,331.08,54,331.1,2023-05-17T20:00:00Z,10245,331.199981
331.27,331.83,331.27,16,331.83,2023-05-18T12:00:00Z,4807,331.535519
332.95,333.05,331.27,647,331.34,2023-05-18T13:00:00Z,67207,332.530848
334.635,334.83,332.67,1153,332.9,2023-05-18T14:00:00Z,117837,334.045433
335.64,336.39,334.665,1090,334.67,2023-05-18T15:00:00Z,123676,335.564576
334.88,335.7,334.455,745,335.615,2023-05-18T16:00:00Z,92867,335.077964
334.29,335.95,334.19,621,334.88,2023-05-18T17:00:00Z,61869,335.149921
335.41,335.49,334.0,627,334.26,2023-05-18T18:00:00Z,57700,334.717602
337.255,337.49,335.225,2290,335.46,2023-05-18T19:00:00Z,243124,336.779431
337.73,337.73,337.21,34,337.21,2023-05-18T20:00:00Z,16639,337.331766
337.59,337.63,337.4,11,337.44,2023-05-19T12:00:00Z,3085,337.481828
337.21,338.165,336.975,644,337.87,2023-05-19T13:00:00Z,104296,337.42858
336.81,337.79,336.575,766,337.33,2023-05-19T14:00:00Z,95509,337.065723
336.42,337.43,335.62,676,337.035,2023-05-19T15:00:00Z,94547,336.503272
336.29,336.86,335.63,575,336.575,2023-05-19T16:00:00Z,61551,336.324605
336.02,336.91,336.02,522,336.33,2023-05-19T17:00:00Z,58958,336.450816
336.3,336.31,335.44,948,336.08,2023-05-19T18:00:00Z,111251,335.948762
336.44,336.67,335.94,1599,336.28,2023-05-19T19:00:00Z,166659,336.342676
336.08,336.46,335.88,15,336.45,2023-05-19T20:00:00Z,10400,336.281442
336.42,336.66,336.36,14,336.51,2023-05-22T12:00:00Z,3435,336.460917
338.23,338.61,336.245,783,336.53,2023-05-22T13:00:00Z,83577,337.700777
337.71,338.445,336.69,972,338.26,2023-05-22T14:00:00Z,102539,337.629202
337.44,338.14,337.09,498,337.86,2023-05-22T15:00:00Z,45449,337.694774
337.48,337.81,336.96,386,337.38,2023-05-22T16:00:00Z,37499,337.428868
337.64,338.06,336.93,395,337.48,2023-05-22T17:00:00Z,40722,337.551797
338.09,338.56,337.56,558,337.59,2023-05-22T18:00:00Z,48778,338.058357
337.575,338.18,337.18,1081,338.15,2023-05-22T19:00:00Z,94247,337.583476
337.91,337.94,337.63,65,337.66,2023-05-22T20:00:00Z,15074,337.824487
336.76,336.76,336.6,8,336.63,2023-05-23T12:00:00Z,711,336.663672
336.69,337.025,335.74,439,336.11,2023-05-23T13:00:00Z,52710,336.485317
336.23,336.945,335.99,610,336.89,2023-05-23T14:00:00Z,51681,336.535347
336.55,336.9,336.305,717,336.34,2023-05-23T15:00:00Z,64178,336.678916
335.035,336.82,334.59,800,336.76,2023-05-23T16:00:00Z,87240,335.731468
334.56,335.62,334.335,699,335.025,2023-05-23T17:00:00Z,84479,335.001237
333.75,334.97,333.02,1031,334.5,2023-05-23T18:00:00Z,98081,333.822908
333.32,334.1,333.025,1485,333.85,2023-05-23T19:00:00Z,167707,333.677596
333.49,333.55,333.25,58,333.34,2023-05-23T20:00:00Z,14136,333.396138
331.57,331.83,331.47,32,331.74,2023-05-24T12:00:00Z,5746,331.621904
331.4,332.185,330.92,1114,331.48,2023-05-24T13:00:00Z,141867,331.552887
329.905,331.54,329.64,1518,331.36,2023-05-24T14:00:00Z,242080,330.265475
330.275,331.17,329.585,1155,329.91,2023-05-24T15:00:00Z,196811,330.305842
330.37,330.91,329.79,507,330.285,2023-05-24T16:00:00Z,69455,330.31698
331.2,331.445,329.83,557,330.41,2023-05-24T17:00:00Z,84101,330.818893
330.67,331.315,330.43,625,331.315,2023-05-24T18:00:00Z,85288,330.819922
331.55,332.88,330.4,1532,330.66,2023-05-24T19:00:00Z,190741,331.812246
336.1,336.16,331.36,88,331.75,2023-05-24T20:00:00Z,20097,333.989061
339.24,339.46,338.94,11,338.94,2023-05-25T12:00:00Z,4000,339.211
337.285,339.5,336.74,582,339.48,2023-05-25T13:00:00Z,108093,337.677763
338.635,338.675,336.76,1000,337.3,2023-05-25T14:00:00Z,116020,337.670878
338.815,339.92,338.375,1088,338.68,2023-05-25T15:00:00Z,117095,339.106613
339.63,340.32,338.935,810,338.98,2023-05-25T16:00:00Z,104783,339.78515
340.02,340.31,339.46,731,339.675,2023-05-25T17:00:00Z,56636,339.892973
339.08,340.955,338.845,964,340.07,2023-05-25T18:00:00Z,97041,339.964085
339.68,340.83,339.0,1740,339.135,2023-05-25T19:00:00Z,246618,340.210996
339.91,340.03,339.71,59,339.79,2023-05-25T20:00:00Z,14052,339.900167
340.82,340.82,340.21,27,340.53,2023-05-26T12:00:00Z,6696,340.603771
343.07,343.31,340.72,959,340.87,2023-05-26T13:00:00Z,123890,342.05596
346.5,346.815,343.18,1665,343.18,2023-05-26T14:00:00Z,247475,345.277279
347.245,347.59,345.63,1332,346.51,2023-05-26T15:00:00Z,193637,346.761099
348.04,348.23,347.09,805,347.235,2023-05-26T16:00:00Z,83253,347.673536
347.99,348.45,347.655,758,348.11,2023-05-26T17:00:00Z,76390,348.098241
348.4,348.81,347.45,889,348.03,2023-05-26T18:00:00Z,116290,348.205771
348.42,349.23,348.25,1743,348.455,2023-05-26T19:00:00Z,192189,348.660414
349.19,349.19,348.42,19,348.42,2023-05-26T20:00:00Z,8386,348.705796
353.27,353.41,353.24,3,353.41,2023-05-30T12:00:00Z,300,353.306667
351.13,353.895,350.74,1465,353.14,2023-05-30T13:00:00Z,231174,352.239593
351.335,351.765,350.09,1708,350.98,2023-05-30T14:00:00Z,228729,350.918188
351.52,352.11,350.52,1499,351.335,2023-05-30T15:00:00Z,269868,351.425489
351.165,351.55,349.915,616,351.34,2023-05-30T16:00:00Z,79476,350.779601
348.84,351.19,348.74,613,351.185,2023-05-30T17:00:00Z,77642,349.90648
350.61,351.075,348.57,914,348.94,2023-05-30T18:00:00Z,102168,349.910852
349.9,350.71,349.36,1352,350.57,2023-05-30T19:00:00Z,161334,350.106504
350.25,350.3,350.07,29,350.07,2023-05-30T20:00:00Z,8337,350.193587
348.13,348.45,348.13,5,348.43,2023-05-31T12:00:00Z,1871,348.293634
349.52,350.57,348.21,893,348.21,2023-05-31T13:00:00Z,138183,349.286541
347.95,349.81,347.07,1508,349.53,2023-05-31T14:00:00Z,234039,348.180537
347.36,347.96,346.54,980,347.95,2023-05-31T15:00:00Z,135990,347.178355
347.1,347.89,346.54,607,347.54,2023-05-31T16:00:00Z,116892,347.165863
348.745,349.2,346.975,667,347.05,2023-05-31T17:00:00Z,120811,348.053011
348.3,349.115,347.885,609,348.825,2023-05-31T18:00:00Z,139006,348.524809
347.58,349.0,347.52,1516,348.225,2023-05-31T19:00:00Z,140068,348.083224
347.43,347.67,347.22,28,347.6,2023-05-31T20:00:00Z,13617,347.448843
347.55,348.14,347.55,9,348.14,2023-06-01T12:00:00Z,3733,347.671622
348.04,348.34,346.68,376,347.51,2023-06-01T13:00:00Z,37342,347.637169
349.19,349.8,347.21,669,348.16,2023-06-01T14:00:00Z,75187,348.717156
350.78,350.8,348.96,697,349.255,2023-06-01T15:00:00Z,64607,350.033124
351.74,351.84,350.92,494,350.92,2023-06-01T16:00:00Z,64666,351.319876
352.34,352.34,351.435,331,351.775,2023-06-01T17:00:00Z,34096,351.867617
352.78,352.915,352.09,470,352.29,2023-06-01T18:00:00Z,45603,352.502133
352.0,353.305,351.09,1308,352.8,2023-06-01T19:00:00Z,183958,351.858195
352.55,352.58,352.11,22,352.13,2023-06-01T20:00:00Z,9183,352.37174
352.94,353.37,352.7,11,353.37,2023-06-02T12:00:00Z,2588,353.063906
352.37,355.8,352.21,937,353.16,2023-06-02T13:00:00Z,98603,354.456976
354.83,354.895,352.05,1051,352.27,2023-06-02T14:00:00Z,93116,353.385278
354.86,355.235,354.24,656,354.88,2023-06-02T15:00:00Z,47613,354.817122
355.02,355.35,354.07,491,354.93,2023-06-02T16:00:00Z,35942,354.705688
354.75,355.27,354.62,524,355.015,2023-06-02T17:00:00Z,31558,354.877055
354.76,355.1,354.06,496,354.765,2023-06-02T18:00:00Z,35308,354.487916
354.48,355.19,354.355,1398,354.95,2023-06-02T19:00:00Z,143286,354.665454
354.78,354.92,354.72,68,354.72,2023-06-02T20:00:00Z,14520,354.793463
354.03,354.03,354.03,1,354.03,2023-06-05T12:00:00Z,400,354.03
355.16,356.43,354.22,602,354.41,2023-06-05T13:00:00Z,79290,355.302888
356.64,356.87,355.06,783,355.39,2023-06-05T14:00:00Z,98782,355.802322
356.915,357.31,356.355,499,356.835,2023-06-05T15:00:00Z,36716,356.924069
357.34,357.4,356.38,329,356.95,2023-06-05T16:00:00Z,36579,356.778199
356.04,357.49,355.46,449,357.47,2023-06-05T17:00:00Z,54462,356.454364
355.405,356.1,353.99,671,356.015,2023-06-05T18:00:00Z,100806,355.046097
354.895,355.475,353.86,1267,355.415,2023-06-05T19:00:00Z,131552,354.879327
354.85,355.0,354.85,28,354.89,2023-06-05T20:00:00Z,6500,354.95323
354.65,354.65,354.57,2,354.57,2023-06-06T12:00:00Z,900,354.641111
353.92,354.77,352.97,871,354.68,2023-06-06T13:00:00Z,83412,353.724038
355.05,355.41,353.45,1390,353.965,2023-06-06T14:00:00Z,109807,354.483916
355.58,355.59,353.91,724,354.97,2023-06-06T15:00:00Z,82531,354.897051
353.6,355.71,353.52,746,355.56,2023-06-06T16:00:00Z,47737,354.743056
354.09,354.77,353.625,848,353.625,2023-06-06T17:00:00Z,53035,354.383908
354.87,354.96,353.93,508,354.09,2023-06-06T18:00:00Z,42918,354.503071
354.97,355.33,354.32,1445,354.98,2023-06-06T19:00:00Z,150391,354.963059
355.11,355.15,354.87,51,354.87,2023-06-06T20:00:00Z,11387,355.056358
355.2,355.44,355.2,3,355.32,2023-06-07T12:00:00Z,2181,355.310041
356.01,357.06,355.18,518,355.32,2023-06-07T13:00:00Z,60484,356.498577
352.25,356.23,351.64,989,355.82,2023-06-07T14:00:00Z,159905,353.403444
351.19,353.035,351.125,888,352.265,2023-06-07T15:00:00Z,140615,352.134526
350.31,351.84,349.87,1010,351.225,2023-06-07T16:00:00Z,159965,350.585104
349.85,350.68,349.03,1040,350.245,2023-06-07T17:00:00Z,146726,349.62678
349.76,350.65,349.06,1321,349.9,2023-06-07T18:00:00Z,159386,349.887535
348.79,350.03,348.2,2426,349.775,2023-06-07T19:00:00Z,317573,348.894332
348.47,348.74,348.42,67,348.74,2023-06-07T20:00:00Z,15796,348.559476
349.73,349.78,348.36,14,348.36,2023-06-08T12:00:00Z,2503,349.367391
350.03,350.52,348.95,644,349.33,2023-06-08T13:00:00Z,79034,349.756028
352.01,352.01,349.8,811,350.125,2023-06-08T14:00:00Z,97317,350.996132
352.93,353.385,351.945,597,352.03,2023-06-08T15:00:00Z,83444,352.688303
352.5,353.6,352.36,494,352.99,2023-06-08T16:00:00Z,64388,352.80417
351.72,352.88,351.14,498,352.58,2023-06-08T17:00:00Z,107249,351.936813
352.71,352.79,351.52,434,351.73,2023-06-08T18:00:00Z,55558,352.176852
353.17,353.37,352.58,1226,352.69,2023-06-08T19:00:00Z,117390,352.995029
353.52,353.7,352.95,34,352.95,2023-06-08T20:00:00Z,14294,353.334162
354.44,354.44,354.21,12,354.26,2023-06-09T12:00:00Z,2224,354.289324
356.76,357.165,354.18,551,354.18,2023-06-09T13:00:00Z,68750,355.887063
355.34,357.625,354.62,1314,356.915,2023-06-09T14:00:00Z,157547,356.443317
353.9,356.575,353.9,769,355.33,2023-06-09T15:00:00Z,128434,355.094583
354.4,354.54,353.08,381,353.89,2023-06-09T16:00:00Z,34856,353.768345
355.69,355.87,354.335,489,354.405,2023-06-09T17:00:00Z,55469,355.192714
355.13,355.91,354.62,647,355.79,2023-06-09T18:00:00Z,49333,355.277301
354.475,355.21,354.07,1274,355.14,2023-06-09T19:00:00Z,137931,354.461437
354.73,354.74,354.48,9,354.48,2023-06-09T20:00:00Z,6450,354.6625
355.94,356.48,355.65,546,356.21,2023-06-12T13:00:00Z,65616,356.11742
356.03,356.79,355.2,1099,355.96,2023-06-12T14:00:00Z,101159,355.802518
357.165,357.31,355.71,672,356.08,2023-06-12T15:00:00Z,40715,356.633524
357.37,357.49,356.83,351,357.25,2023-06-12T16:00:00Z,35848,357.189406
358.29,358.33,357.28,445,357.35,2023-06-12T17:00:00Z,30166,357.776167
359.215,359.28,358.07,475,358.35,2023-06-12T18:00:00Z,38752,358.43767
360.51,360.575,359.06,1756,359.195,2023-06-12T19:00:00Z,179019,359.988319
361.08,361.08,360.39,19,360.39,2023-06-12T20:00:00Z,5042,360.65663
363.53,363.53,362.35,44,362.92,2023-06-13T12:00:00Z,8117,362.986025
361.37,364.58,361.32,693,363.87,2023-06-13T13:00:00Z,91633,362.817119
362.09,362.3,360.13,807,361.5,2023-06-13T14:00:00Z,88625,361.127007
362.21,363.61,361.72,560,361.99,2023-06-13T15:00:00Z,62608,362.810458
363.37,363.37,361.9,466,362.06,2023-06-13T16:00:00Z,66162,362.742929
363.13,363.67,362.5,502,363.43,2023-06-13T17:00:00Z,40754,363.138762
362.54,363.24,361.29,603,363.105,2023-06-13T18:00:00Z,54955,362.135308
363.31,363.405,362.41,1089,362.58,2023-06-13T19:00:00Z,98046,362.950781
363.57,363.57,363.16,44,363.28,2023-06-13T20:00:00Z,15318,363.304025
363.67,364.09,363.67,3,364.09,2023-06-14T12:00:00Z,468,363.973333
363.87,363.87,362.305,355,363.4,2023-06-14T13:00:00Z,37036,363.208362
364.66,365.27,363.575,500,363.915,2023-06-14T14:00:00Z,56277,364.705572
365.09,366.12,364.26,524,364.66,2023-06-14T15:00:00Z,75183,365.46126
365.28,365.51,364.57,324,365.04,2023-06-14T16:00:00Z,35425,365.124264
364.31,365.28,363.88,472,365.27,2023-06-14T17:00:00Z,39583,364.362859
364.14,365.01,360.42,1116,363.49,2023-06-14T18:00:00Z,234954,362.651075
365.89,366.15,363.43,955,364.39,2023-06-14T19:00:00Z,149248,364.925502
366.86,366.87,365.88,36,365.88,2023-06-14T20:00:00Z,9292,366.475148
364.22,364.22,362.94,17,363.51,2023-06-15T12:00:00Z,5162,363.686409
366.03,366.565,364.0,537,364.04,2023-06-15T13:00:00Z,64582,365.352622
367.37,367.98,365.985,702,366.045,2023-06-15T14:00:00Z,81117,366.99584
368.59,368.99,367.05,807,367.42,2023-06-15T15:00:00Z,112792,368.101281
368.4,368.84,367.85,453,368.55,2023-06-15T16:00:00Z,74381,368.411094
369.635,369.83,367.53,580,368.39,2023-06-15T17:00:00Z,64541,368.730429
371.41,371.765,368.95,1202,369.66,2023-06-15T18:00:00Z,112016,370.071886
370.26,371.63,369.875,1336,371.495,2023-06-15T19:00:00Z,194087,370.55801
370.02,370.43,369.71,30,370.3,2023-06-15T20:00:00Z,15112,370.141066
371.67,371.92,371.67,2,371.92,2023-06-16T12:00:00Z,700,371.741429
369.99,372.81,369.45,774,371.59,2023-06-16T13:00:00Z,216888,371.822681
370.37,371.33,369.675,830,370.27,2023-06-16T14:00:00Z,93345,370.444828
370.19,371.32,369.135,560,370.35,2023-06-16T15:00:00Z,49394,370.019133
371.0,371.3,370.0,497,370.275,2023-06-16T16:00:00Z,55400,370.706815
370.28,371.11,369.825,271,371.015,2023-06-16T17:00:00Z,38094,370.599933
368.865,370.16,368.865,484,370.15,2023-06-16T18:00:00Z,90907,369.609045
367.78,369.105,367.48,1941,368.91,2023-06-16T19:00:00Z,274499,368.240034
368.59,368.71,368.32,39,368.32,2023-06-16T20:00:00Z,20336,368.547208
366.58,366.58,366.27,10,366.27,2023-06-20T12:00:00Z,2694,366.475068
366.335,368.31,365.82,570,366.67,2023-06-20T13:00:00Z,54527,367.168016
364.405,366.83,363.95,984,366.2,2023-06-20T14:00:00Z,110989,365.007428
364.895,365.53,364.435,525,364.435,2023-06-20T15:00:00Z,49001,365.014822
367.19,367.315,364.77,495,364.885,2023-06-20T16:00:00Z,43801,366.288845
366.54,367.63,366.43,485,367.08,2023-06-20T17:00:00Z,31416,367.112402
366.85,367.305,366.405,426,366.495,2023-06-20T18:00:00Z,45525,366.733222
366.95,367.685,366.4,1230,366.88,2023-06-20T19:00:00Z,100803,366.998309
366.85,366.93,366.54,23,366.64,2023-06-20T20:00:00Z,4447,366.722038
365.74,365.74,365.67,3,365.67,2023-06-21T12:00:00Z,518,365.702819
363.94,366.13,363.74,231,365.78,2023-06-21T13:00:00Z,19681,365.104068
362.27,364.21,361.86,768,363.9,2023-06-21T14:00:00Z,66981,362.969865
361.63,362.93,360.99,562,362.3,2023-06-21T15:00:00Z,62990,361.853941
362.39,363.1,361.565,406,361.75,2023-06-21T16:00:00Z,42762,362.532628
363.11,363.12,361.995,410,362.32,2023-06-21T17:00:00Z,34858,362.443117
364.06,364.45,362.93,660,363.18,2023-06-21T18:00:00Z,62944,363.789135
361.96,364.035,361.74,1368,364.035,2023-06-21T19:00:00Z,168524,362.564505
361.84,362.39,361.83,37,362.14,2023-06-21T20:00:00Z,19085,361.944855
361.13,361.54,360.89,8,360.92,2023-06-22T12:00:00Z,2190,361.43748
363.0,363.4,360.27,471,361.18,2023-06-22T13:00:00Z,57995,361.597066
363.0,364.61,362.53,926,363.35,2023-06-22T14:00:00Z,76457,363.605114
364.89,365.375,363.25,626,363.25,2023-06-22T15:00:00Z,53424,364.52009
364.06,364.845,363.82,326,364.845,2023-06-22T16:00:00Z,30863,364.328796
364.665,364.82,363.25,410,364.12,2023-06-22T17:00:00Z,31309,363.880267
365.61,365.65,364.455,564,364.85,2023-06-22T18:00:00Z,39029,364.930345
366.22,366.31,364.65,1416,365.44,2023-06-22T19:00:00Z,156425,365.671008
366.79,366.79,366.1,9,366.1,2023-06-22T20:00:00Z,2590,366.377753
362.1,363.77,361.9,19,363.77,2023-06-23T12:00:00Z,3319,362.61571
361.78,363.3,360.86,731,362.14,2023-06-23T13:00:00Z,81508,361.913079
362.34,363.2,361.25,852,361.61,2023-06-23T14:00:00Z,63138,362.220095
362.51,362.79,361.395,734,362.38,2023-06-23T15:00:00Z,56656,362.20955
364.01,364.165,362.54,243,362.54,2023-06-23T16:00:00Z,28181,363.518745
364.275,364.76,363.84,311,364.05,2023-06-23T17:00:00Z,25095,364.393302
362.54,364.31,362.345,606,364.27,2023-06-23T18:00:00Z,47505,363.441835
362.53,363.175,361.93,1681,362.44,2023-06-23T19:00:00Z,141718,362.709898
362.49,362.72,362.43,21,362.54,2023-06-23T20:00:00Z,6802,362.573676
362.63,362.71,362.48,5,362.71,2023-06-26T12:00:00Z,420,362.6325
364.53,364.53,361.815,297,362.61,2023-06-26T13:00:00Z,44763,363.433099
362.94,364.83,361.98,774,364.53,2023-06-26T14:00:00Z,83802,363.550477
361.54,363.18,360.68,408,363.18,2023-06-26T15:00:00Z,43166,361.499261
359.105,361.49,358.28,965,361.49,2023-06-26T16:00:00Z,158544,359.089441
358.79,359.47,358.46,645,359.135,2023-06-26T17:00:00Z,97030,359.072453
359.53,359.92,358.66,459,358.77,2023-06-26T18:00:00Z,46319,359.400285
357.73,359.93,357.61,1449,359.6,2023-06-26T19:00:00Z,191693,358.460924
358.08,358.5,358.07,22,358.08,2023-06-26T20:00:00Z,8211,358.229755
359.05,359.19,359.0,10,359.19,2023-06-27T12:00:00Z,2110,359.071202
360.28,360.46,358.82,581,359.34,2023-06-27T13:00:00Z,62399,359.84704
359.64,360.63,358.62,572,360.17,2023-06-27T14:00:00Z,69069,359.620811
361.4,361.51,358.66,503,359.71,2023-06-27T15:00:00Z,60008,360.197373
362.475,362.815,361.29,604,361.35,2023-06-27T16:00:00Z,96440,362.177233
363.92,363.92,362.12,570,362.425,2023-06-27T17:00:00Z,79186,363.033119
363.69,364.41,363.67,746,363.955,2023-06-27T18:00:00Z,84299,364.058875
363.86,364.54,363.655,1228,363.825,2023-06-27T19:00:00Z,154460,364.044262
363.41,363.81,363.3,50,363.81,2023-06-27T20:00:00Z,13841,363.493748
362.35,362.35,362.34,2,362.34,2023-06-28T12:00:00Z,200,362.345
363.42,363.83,361.99,479,362.19,2023-06-28T13:00:00Z,60929,362.824543
365.5,366.17,362.38,797,363.41,2023-06-28T14:00:00Z,85132,365.214681
365.62,365.86,364.06,499,365.65,2023-06-28T15:00:00Z,51473,365.067365
363.39,366.46,362.7,466,365.42,2023-06-28T16:00:00Z,48868,364.504489
363.75,364.485,362.91,715,363.42,2023-06-28T17:00:00Z,62806,363.896933
364.205,364.78,363.73,507,363.86,2023-06-28T18:00:00Z,33728,364.3196
364.55,364.55,362.875,964,364.24,2023-06-28T19:00:00Z,104709,363.778085
365.02,365.4,364.72,47,364.72,2023-06-28T20:00:00Z,11084,365.225967
364.74,366.18,364.64,29,366.13,2023-06-29T12:00:00Z,6602,365.401174
363.795,364.825,363.36,748,364.79,2023-06-29T13:00:00Z,73580,364.088002
363.15,364.54,362.2,1195,363.845,2023-06-29T14:00:00Z,112811,363.188863
364.375,364.67,362.99,1028,363.14,2023-06-29T15:00:00Z,200685,364.074336
363.5,364.74,363.28,616,364.345,2023-06-29T16:00:00Z,137625,364.097044
362.87,363.825,362.79,499,363.41,2023-06-29T17:00:00Z,89858,363.301572
363.3,363.3,362.325,426,362.79,2023-06-29T18:00:00Z,62984,362.728332
363.84,363.94,362.865,938,363.32,2023-06-29T19:00:00Z,104204,363.373628
364.05,364.14,363.85,62,363.85,2023-06-29T20:00:00Z,9345,364.043857
367.21,367.48,366.39,38,366.39,2023-06-30T12:00:00Z,10093,367.097241
369.08,369.39,367.2,527,367.23,2023-06-30T13:00:00Z,94089,368.570551
369.47,370.48,369.07,1491,369.16,2023-06-30T14:00:00Z,275797,369.665881
368.98,370.04,368.31,1123,369.465,2023-06-30T15:00:00Z,182776,369.06957
370.05,370.1,368.805,701,368.98,2023-06-30T16:00:00Z,116484,369.547304
370.0,370.13,369.62,476,369.99,2023-06-30T17:00:00Z,48861,369.897131
369.81,370.2,369.57,752,369.985,2023-06-30T18:00:00Z,73185,369.885767
369.54,370.29,369.42,1342,369.86,2023-06-30T19:00:00Z,182254,369.93818
369.06,369.48,369.01,38,369.46,2023-06-30T20:00:00Z,13876,369.2266
369.97,369.97,369.96,5,369.96,2023-07-03T12:00:00Z,241,369.965
370.44,370.9,369.73,216,370.02,2023-07-03T13:00:00Z,21423,370.203837
369.16,370.83,369.1,485,370.58,2023-07-03T14:00:00Z,43389,369.892218
369.32,369.58,368.98,338,369.14,2023-07-03T15:00:00Z,25249,369.269858
370.33,370.37,369.2,752,369.25,2023-07-03T16:00:00Z,82846,369.936542
370.23,370.23,370.23,1,370.23,2023-07-03T17:00:00Z,100,370.23
368.36,368.37,368.31,5,368.32,2023-07-05T12:00:00Z,1300,368.334615
370.65,371.13,368.37,456,368.37,2023-07-05T13:00:00Z,66078,370.378991
371.55,371.995,370.465,729,370.67,2023-07-05T14:00:00Z,61533,371.414662
370.19,371.6,370.0,439,371.6,2023-07-05T15:00:00Z,49639,370.731025
370.38,370.59,369.79,287,370.03,2023-07-05T16:00:00Z,29756,370.11418
370.485,370.755,370.18,310,370.38,2023-07-05T17:00:00Z,28451,370.51619
370.67,370.86,369.45,473,370.56,2023-07-05T18:00:00Z,57702,370.051116
370.27,371.02,370.22,573,370.645,2023-07-05T19:00:00Z,57729,370.644995
370.17,370.35,370.11,66,370.33,2023-07-05T20:00:00Z,7750,370.206599
366.44,367.78,365.85,63,367.78,2023-07-06T12:00:00Z,11989,366.578113
365.54,366.94,364.94,1066,366.39,2023-07-06T13:00:00Z,152189,366.056619
364.83,366.0,364.52,768,365.44,2023-07-06T14:00:00Z,73267,365.287504
365.68,366.05,364.58,885,364.88,2023-07-06T15:00:00Z,101575,365.26117
367.035,367.08,365.68,461,365.68,2023-07-06T16:00:00Z,49896,366.45372
367.555,367.555,366.495,336,366.935,2023-07-06T17:00:00Z,28059,367.114474
367.84,367.9,366.99,514,367.58,2023-07-06T18:00:00Z,48673,367.519
367.495,367.89,367.175,996,367.79,2023-07-06T19:00:00Z,98895,367.501586
367.1,367.6,367.04,25,367.46,2023-07-06T20:00:00Z,13448,367.447223
367.3,369.2,366.91,52,368.26,2023-07-07T12:00:00Z,10301,368.250332
368.425,368.51,366.45,875,367.15,2023-07-07T13:00:00Z,99001,367.337519
367.57,368.535,366.245,854,368.37,2023-07-07T14:00:00Z,123912,367.332479
368.58,368.595,367.56,374,367.59,2023-07-07T15:00:00Z,60991,368.017748
369.84,369.93,368.61,565,368.64,2023-07-07T16:00:00Z,83077,369.479996
369.73,370.44,369.505,633,369.86,2023-07-07T17:00:00Z,94031,370.129806
369.07,369.78,368.92,327,369.73,2023-07-07T18:00:00Z,40670,369.470253
366.22,369.105,366.04,1123,369.105,2023-07-07T19:00:00Z,140078,367.0987
366.54,366.72,366.45,62,366.49,2023-07-07T20:00:00Z,12438,366.608603
365.84,366.16,365.6,21,366.13,2023-07-10T12:00:00Z,4607,365.905531
364.645,367.0,363.94,677,366.21,2023-07-10T13:00:00Z,98381,365.472471
365.42,366.72,364.57,993,364.57,2023-07-10T14:00:00Z,127987,365.684729
364.68,366.085,364.51,465,365.32,2023-07-10T15:00:00Z,43988,365.278995
365.48,365.635,363.47,441,364.625,2023-07-10T16:00:00Z,43563,364.244311
365.49,366.2,365.32,257,365.56,2023-07-10T17:00:00Z,17225,365.615514
366.41,366.475,365.155,390,365.52,2023-07-10T18:00:00Z,25034,365.991969
366.39,366.45,365.58,816,366.45,2023-07-10T19:00:00Z,88655,365.937351
366.49,367.07,366.47,102,366.47,2023-07-10T20:00:00Z,16838,366.713625
367.41,367.64,367.33,14,367.37,2023-07-11T12:00:00Z,3583,367.403593
365.99,367.5,365.43,520,367.24,2023-07-11T13:00:00Z,55847,366.247607
366.62,367.01,364.66,756,365.895,2023-07-11T14:00:00Z,56067,365.89327
367.615,367.62,365.905,601,366.675,2023-07-11T15:00:00Z,44127,366.728943
367.12,367.92,366.33,451,367.67,2023-07-11T16:00:00Z,29029,367.286319
366.83,367.33,366.19,400,367.245,2023-07-11T17:00:00Z,23984,366.652511
367.065,367.08,365.815,518,366.86,2023-07-11T18:00:00Z,42666,366.34036
368.18,368.57,366.745,1321,367.01,2023-07-11T19:00:00Z,121444,367.614271
368.3,368.3,368.08,26,368.08,2023-07-11T20:00:00Z,13701,368.178175
371.67,372.13,370.7,60,370.71,2023-07-12T12:00:00Z,12663,371.501453
373.105,373.27,371.55,535,371.64,2023-07-12T13:00:00Z,68389,372.551118
373.02,374.17,372.78,1213,373.145,2023-07-12T14:00:00Z,109499,373.600961
370.705,373.445,370.33,942,373.06,2023-07-12T15:00:00Z,103223,371.969892
372.025,372.43,370.5,736,370.72,2023-07-12T16:00:00Z,84382,371.457367
372.935,373.09,371.7,639,372.045,2023-07-12T17:00:00Z,57849,372.668879
372.9,373.46,372.615,821,372.835,2023-07-12T18:00:00Z,81287,373.027666
372.75,373.185,372.15,1245,372.895,2023-07-12T19:00:00Z,154072,372.808347
373.03,373.2,372.99,53,373.05,2023-07-12T20:00:00Z,10655,373.085018
375.45,375.64,375.09,32,375.55,2023-07-13T12:00:00Z,6816,375.40257
376.65,377.09,375.4,480,375.56,2023-07-13T13:00:00Z,56422,376.45697
376.85,376.85,375.65,693,376.72,2023-07-13T14:00:00Z,55825,376.301373
377.35,377.41,376.22,555,376.82,2023-07-13T15:00:00Z,38540,376.826344
377.815,378.05,377.22,525,377.32,2023-07-13T16:00:00Z,51381,377.6803
377.975,378.26,377.49,555,377.795,2023-07-13T17:00:00Z,39263,378.024136
378.55,378.64,377.94,584,378.0,2023-07-13T18:00:00Z,47817,378.366522
379.2,379.985,378.515,1222,378.515,2023-07-13T19:00:00Z,159225,379.384239
378.98,379.26,378.88,52,379.24,2023-07-13T20:00:00Z,16036,379.103731
379.44,379.61,379.25,5,379.61,2023-07-14T12:00:00Z,1110,379.305455
381.55,381.74,379.17,545,379.28,2023-07-14T13:00:00Z,59406,380.876633
381.14,382.86,380.385,1136,381.32,2023-07-14T14:00:00Z,130989,381.63053
381.88,382.16,381.08,449,381.145,2023-07-14T15:00:00Z,48944,381.526672
380.63,381.77,380.42,349,381.76,2023-07-14T16:00:00Z,25132,381.010937
380.04,380.63,379.69,291,380.63,2023-07-14T17:00:00Z,30253,380.071655
379.0,380.54,378.98,413,380.07,2023-07-14T18:00:00Z,50660,379.68856
379.14,379.14,378.245,816,378.87,2023-07-14T19:00:00Z,102206,378.630196
378.94,379.21,378.88,19,379.16,2023-07-14T20:00:00Z,6553,379.053999
379.06,379.15,378.97,8,379.15,2023-07-17T12:00:00Z,1285,379.007725
380.06,381.08,379.22,514,379.28,2023-07-17T13:00:00Z,58309,379.979432
380.43,380.8,379.82,756,380.095,2023-07-17T14:00:00Z,76898,380.336948
381.625,381.68,380.12,355,380.55,2023-07-17T15:00:00Z,32210,380.849431
381.39,381.675,380.585,349,381.675,2023-07-17T16:00:00Z,28600,381.117839
382.005,382.005,381.08,374,381.39,2023-07-17T17:00:00Z,24994,381.562109
382.115,382.38,381.725,365,381.96,2023-07-17T18:00:00Z,33207,382.088463
382.46,383.45,382.115,1001,382.19,2023-07-17T19:00:00Z,119960,382.764247
382.17,382.32,382.08,21,382.32,2023-07-17T20:00:00Z,5268,382.211057
381.72,381.93,381.65,18,381.93,2023-07-18T12:00:00Z,7390,381.821746
380.87,382.01,380.01,706,381.95,2023-07-18T13:00:00Z,85906,380.887278
381.33,381.59,380.47,1170,381.15,2023-07-18T14:00:00Z,129424,381.019491
383.55,383.705,381.065,1154,381.36,2023-07-18T15:00:00Z,123434,382.383391
384.17,384.65,383.23,912,383.58,2023-07-18T16:00:00Z,93222,383.993609
385.23,385.255,384.305,433,384.305,2023-07-18T17:00:00Z,40172,384.83945
386.5,386.69,385.23,842,385.3,2023-07-18T18:00:00Z,94305,386.123312
385.84,387.08,385.72,1127,386.505,2023-07-18T19:00:00Z,155601,386.257509
385.3,385.72,385.17,24,385.71,2023-07-18T20:00:00Z,7549,385.415918
386.64,386.85,386.54,13,386.54,2023-07-19T12:00:00Z,3039,386.695172
386.555,387.35,385.975,386,386.59,2023-07-19T13:00:00Z,43620,386.740696
386.52,387.5,385.825,630,386.55,2023-07-19T14:00:00Z,63470,386.501366
387.02,387.65,386.365,415,386.565,2023-07-19T15:00:00Z,40285,387.229179
385.79,387.96,385.265,456,387.12,2023-07-19T16:00:00Z,62899,386.35322
385.16,385.81,384.7,312,385.81,2023-07-19T17:00:00Z,34990,385.160617
385.315,385.315,384.34,561,385.17,2023-07-19T18:00:00Z,58438,384.773206
385.32,386.42,385.3,1054,385.31,2023-07-19T19:00:00Z,115935,385.750368
385.04,385.57,384.88,38,385.57,2023-07-19T20:00:00Z,7703,385.115608
382.75,383.04,382.36,26,383.04,2023-07-20T12:00:00Z,10174,382.655654
383.3,384.06,382.05,893,382.48,2023-07-20T13:00:00Z,111355,383.408483
380.0,383.34,379.37,1523,383.34,2023-07-20T14:00:00Z,194502,380.643266
380.54,381.44,379.95,706,380.01,2023-07-20T15:00:00Z,105298,380.74348
379.31,381.36,379.05,800,380.535,2023-07-20T16:00:00Z,136662,379.865338
379.31,379.715,378.93,717,379.23,2023-07-20T17:00:00Z,105131,379.286352
377.185,379.135,377.15,712,379.135,2023-07-20T18:00:00Z,109679,377.943392
376.65,377.43,375.77,1843,377.19,2023-07-20T19:00:00Z,291663,376.6412
377.0,377.07,376.78,91,376.83,2023-07-20T20:00:00Z,54235,376.907751
379.42,379.42,379.15,20,379.25,2023-07-21T12:00:00Z,6601,379.294161
377.64,379.855,377.615,663,379.39,2023-07-21T13:00:00Z,109159,378.889362
376.63,378.14,375.86,919,377.55,2023-07-21T14:00:00Z,123868,376.861693
377.1,378.05,376.475,540,376.63,2023-07-21T15:00:00Z,56549,377.357016
376.385,377.4,376.015,507,377.16,2023-07-21T16:00:00Z,57106,376.679576
378.13,378.27,376.5,546,376.54,2023-07-21T17:00:00Z,40597,377.468307
376.49,378.24,376.47,697,378.24,2023-07-21T18:00:00Z,72011,377.095599
375.76,376.485,375.2,1639,376.45,2023-07-21T19:00:00Z,245661,375.677504
375.97,376.02,375.63,57,375.73,2023-07-21T20:00:00Z,19084,375.848694
376.39,376.65,376.38,9,376.65,2023-07-24T12:00:00Z,1116,376.450909
374.85,377.55,374.37,389,376.55,2023-07-24T13:00:00Z,45537,375.949042
376.175,376.96,374.67,670,374.9,2023-07-24T14:00:00Z,73457,375.943171
376.16,376.94,375.18,529,376.26,2023-07-24T15:00:00Z,42761,376.050262
375.86,376.65,375.565,368,376.19,2023-07-24T16:00:00Z,25238,376.080505
376.75,376.835,375.74,281,375.825,2023-07-24T17:00:00Z,20634,376.252765
376.28,377.06,375.72,309,376.765,2023-07-24T18:00:00Z,43014,376.539517
376.22,376.43,375.35,654,376.31,2023-07-24T19:00:00Z,60325,375.850695
376.45,376.51,376.22,54,376.25,2023-07-24T20:00:00Z,12758,376.348165
377.52,377.52,377.4,5,377.43,2023-07-25T12:00:00Z,1958,377.439625
378.7,378.82,376.84,455,377.08,2023-07-25T13:00:00Z,78011,377.979502
377.55,378.9,377.325,657,378.77,2023-07-25T14:00:00Z,54682,378.051669
378.87,379.24,377.5,462,377.5,2023-07-25T15:00:00Z,37128,378.552231
379.515,379.52,378.59,372,378.76,2023-07-25T16:00:00Z,24153,378.940234
379.33,379.82,379.24,450,379.52,2023-07-25T17:00:00Z,33236,379.56982
379.395,380.45,379.25,697,379.34,2023-07-25T18:00:00Z,57462,379.858019
378.87,380.07,378.835,1073,379.35,2023-07-25T19:00:00Z,105468,379.462891
380.13,380.17,377.8,53,378.0,2023-07-25T20:00:00Z,16265,379.168182
378.06,378.21,378.06,4,378.13,2023-07-26T12:00:00Z,1705,378.164985
377.875,378.13,376.46,522,378.04,2023-07-26T13:00:00Z,71643,377.101503
375.81,377.99,375.62,632,377.9,2023-07-26T14:00:00Z,56082,377.237322
376.885,377.065,375.21,456,375.73,2023-07-26T15:00:00Z,48512,376.092771
376.005,377.09,375.85,212,376.83,2023-07-26T16:00:00Z,30904,376.47272
376.24,376.41,375.885,378,376.025,2023-07-26T17:00:00Z,30779,376.213797
377.72,379.12,375.93,486,375.93,2023-07-26T18:00:00Z,76607,377.735356
377.54,378.19,375.415,1363,378.05,2023-07-26T19:00:00Z,150011,377.046828
377.82,379.46,377.82,23,377.99,2023-07-26T20:00:00Z,4763,378.455277
382.55,383.22,382.5,14,382.97,2023-07-27T12:00:00Z,3050,382.888216
383.97,384.58,382.83,577,382.84,2023-07-27T13:00:00Z,103159,383.91468
381.47,384.22,381.32,666,383.82,2023-07-27T14:00:00Z,92291,382.726838
381.97,383.21,381.585,462,381.585,2023-07-27T15:00:00Z,51683,382.466682
382.83,383.55,381.99,300,381.99,2023-07-27T16:00:00Z,27471,383.175025
380.33,383.35,380.05,538,383.08,2023-07-27T17:00:00Z,59433,381.045106
376.24,380.67,376.23,963,380.3,2023-07-27T18:00:00Z,135035,377.823395
376.63,377.69,375.32,1779,376.22,2023-07-27T19:00:00Z,230109,376.493211
377.11,377.17,376.93,28,377.09,2023-07-27T20:00:00Z,7245,377.064243
380.46,380.91,380.46,6,380.81,2023-07-28T12:00:00Z,1710,380.698772
381.99,382.65,380.22,643,381.23,2023-07-28T13:00:00Z,85005,381.368767
382.61,383.065,381.8,830,382.03,2023-07-28T14:00:00Z,110744,382.480963
384.45,384.48,382.595,616,382.68,2023-07-28T15:00:00Z,61794,383.660742
383.535,384.45,383.425,772,384.445,2023-07-28T16:00:00Z,149049,384.040215
383.055,383.51,381.655,536,383.51,2023-07-28T17:00:00Z,53137,382.740888
383.75,384.15,382.77,593,383.07,2023-07-28T18:00:00Z,57346,383.46594
383.41,384.13,383.08,1350,383.795,2023-07-28T19:00:00Z,225433,383.476755
383.34,383.38,383.14,36,383.25,2023-07-28T20:00:00Z,14734,383.244924
384.48,384.56,384.01,15,384.01,2023-07-31T12:00:00Z,7195,384.406284
383.01,384.78,382.51,560,384.27,2023-07-31T13:00:00Z,68779,383.776531
383.81,384.115,382.53,1139,382.875,2023-07-31T14:00:00Z,157047,383.602665
383.45,384.255,382.86,822,383.81,2023-07-31T15:00:00Z,111516,383.532323
382.995,383.81,382.94,626,383.49,2023-07-31T16:00:00Z,69901,383.447156
383.21,383.615,382.565,590,382.99,2023-07-31T17:00:00Z,83314,383.268164
383.575,383.71,382.87,518,383.29,2023-07-31T18:00:00Z,57309,383.214419
383.81,383.83,382.39,1092,383.57,2023-07-31T19:00:00Z,116887,383.150883
384.01,384.07,383.73,38,383.74,2023-07-31T20:00:00Z,13932,383.951387
381.79,381.81,381.46,12,381.47,2023-08-01T12:00:00Z,4143,381.588041
381.9,382.57,381.56,783,382.08,2023-08-01T13:00:00Z,96476,382.121011
382.79,383.28,380.73,1253,381.81,2023-08-01T14:00:00Z,119260,381.824523
382.81,383.08,382.28,561,382.89,2023-08-01T15:00:00Z,48694,382.737689
383.05,383.05,381.92,443,382.87,2023-08-01T16:00:00Z,42995,382.619638
383.1,383.43,382.295,603,383.03,2023-08-01T17:00:00Z,45144,382.877019
383.17,383.485,382.9,781,383.085,2023-08-01T18:00:00Z,58263,383.187844
382.84,383.54,382.735,1314,383.175,2023-08-01T19:00:00Z,101721,383.062512
382.63,382.97,382.45,40,382.73,2023-08-01T20:00:00Z,14855,382.683091
379.65,379.93,379.22,23,379.79,2023-08-02T12:00:00Z,6106,379.462236
377.68,379.48,377.21,1720,379.48,2023-08-02T13:00:00Z,209416,378.116386
375.03,377.83,374.98,1351,377.7,2023-08-02T14:00:00Z,145921,376.228961
373.975,375.79,373.975,817,375.015,2023-08-02T15:00:00Z,137691,375.046122
374.735,374.81,373.14,961,373.945,2023-08-02T16:00:00Z,154115,373.717421
374.485,375.435,374.29,960,374.72,2023-08-02T17:00:00Z,83432,375.034727
374.92,375.53,374.425,704,374.44,2023-08-02T18:00:00Z,45107,374.956556
374.46,375.32,373.57,1760,374.94,2023-08-02T19:00:00Z,263118,374.223341
374.02,374.55,373.95,38,374.38,2023-08-02T20:00:00Z,12157,374.329297
372.36,373.01,372.23,42,372.85,2023-08-03T12:00:00Z,7492,372.630493
373.94,374.35,371.88,989,372.37,2023-08-03T13:00:00Z,124045,372.772961
373.56,374.52,371.92,1434,373.8,2023-08-03T14:00:00Z,157998,373.146127
374.22,375.02,373.35,671,373.545,2023-08-03T15:00:00Z,61196,374.155081
375.67,375.895,373.97,755,374.06,2023-08-03T16:00:00Z,66079,375.175369
374.17,375.69,374.17,587,375.585,2023-08-03T17:00:00Z,61884,375.066462
374.81,374.91,373.98,555,374.31,2023-08-03T18:00:00Z,49870,374.480266
373.86,374.815,373.37,1147,374.81,2023-08-03T19:00:00Z,112232,374.035991
374.16,376.35,373.62,102,373.62,2023-08-03T20:00:00Z,23959,375.128201
375.95,376.17,373.21,33,375.12,2023-08-04T12:00:00Z,8205,375.13701
374.35,377.46,374.03,1050,375.79,2023-08-04T13:00:00Z,117306,376.322617
375.9,376.085,372.905,587,374.19,2023-08-04T14:00:00Z,54944,374.722528
377.16,377.335,375.88,405,375.88,2023-08-04T15:00:00Z,37546,376.549346
377.75,378.085,376.675,635,377.21,2023-08-04T16:00:00Z,64719,377.581044
376.055,377.795,375.87,606,377.78,2023-08-04T17:00:00Z,53309,376.599676
372.45,376.045,372.105,1745,376.045,2023-08-04T18:00:00Z,182583,373.747994
371.97,373.255,371.55,1337,372.395,2023-08-04T19:00:00Z,150411,372.28481
372.27,372.44,372.05,53,372.06,2023-08-04T20:00:00Z,9626,372.278011
374.12,374.12,373.47,25,373.48,2023-08-07T12:00:00Z,3538,373.900879
372.82,374.72,372.53,506,374.05,2023-08-07T13:00:00Z,58903,373.677472
373.01,374.095,372.06,763,372.725,2023-08-07T14:00:00Z,62068,373.299867
373.43,373.515,371.56,791,372.91,2023-08-07T15:00:00Z,80331,372.533787
373.63,373.73,372.96,558,373.51,2023-08-07T16:00:00Z,45466,373.360098
374.16,374.19,373.34,1070,373.73,2023-08-07T17:00:00Z,54436,373.726609
374.15,374.495,373.66,730,374.21,2023-08-07T18:00:00Z,50778,374.186621
375.24,375.29,373.965,1014,374.4,2023-08-07T19:00:00Z,112978,374.834051
375.29,375.29,375.1,4,375.1,2023-08-07T20:00:00Z,1740,375.13908
372.58,372.93,372.16,38,372.32,2023-08-08T12:00:00Z,7571,372.602555
370.52,372.68,370.15,691,372.47,2023-08-08T13:00:00Z,85320,371.402508
369.105,370.91,369.1,835,370.475,2023-08-08T14:00:00Z,106188,370.02287
369.29,370.02,368.85,641,369.135,2023-08-08T15:00:00Z,82219,369.354791
370.095,370.54,369.08,512,369.16,2023-08-08T16:00:00Z,42733,369.993755
370.65,370.85,369.91,308,370.18,2023-08-08T17:00:00Z,25295,370.374878
371.64,371.81,370.435,520,370.68,2023-08-08T18:00:00Z,35585,371.101251
371.93,372.42,371.11,1015,371.63,2023-08-08T19:00:00Z,100885,371.865137
371.99,372.09,371.87,42,372.05,2023-08-08T20:00:00Z,12372,371.931052
372.62,373.07,372.54,9,372.8,2023-08-09T12:00:00Z,1310,372.683981
370.35,372.54,369.965,460,372.5,2023-08-09T13:00:00Z,46914,371.132106
368.745,370.82,368.62,1160,370.34,2023-08-09T14:00:00Z,134276,369.905438
367.725,369.03,367.16,818,368.48,2023-08-09T15:00:00Z,124006,367.777304
368.13,368.83,367.555,544,367.555,2023-08-09T16:00:00Z,85682,368.180554
369.5,369.92,367.97,513,368.125,2023-08-09T17:00:00Z,53505,369.490279
370.1,370.97,369.42,674,369.51,2023-08-09T18:00:00Z,114955,370.441201
367.87,370.25,367.65,1396,370.145,2023-08-09T19:00:00Z,168782,368.632273
368.38,368.5,368.06,68,368.06,2023-08-09T20:00:00Z,29865,368.339279
371.5,372.14,369.65,104,370.5,2023-08-10T12:00:00Z,17877,370.994413
373.92,373.96,370.4,602,371.72,2023-08-10T13:00:00Z,73320,371.977777
371.72,374.35,371.19,1084,373.995,2023-08-10T14:00:00Z,147726,373.00699
369.46,371.605,368.88,771,371.605,2023-08-10T15:00:00Z,78206,370.421035
368.89,370.52,368.49,521,369.44,2023-08-10T16:00:00Z,58744,369.50086
367.2,369.345,367.035,608,368.79,2023-08-10T17:00:00Z,51868,368.193656
369.62,369.65,367.19,586,367.2,2023-08-10T18:00:00Z,70844,368.621377
368.55,369.7,367.95,1648,369.395,2023-08-10T19:00:00Z,181918,368.679394
369.0,369.0,368.41,22,368.45,2023-08-10T20:00:00Z,14802,368.6025
366.21,367.89,365.96,40,367.89,2023-08-11T12:00:00Z,6070,366.683422
365.46,366.56,365.06,432,366.25,2023-08-11T13:00:00Z,51130,365.818358
366.205,368.0,365.71,789,365.71,2023-08-11T14:00:00Z,70888,366.894302
365.79,366.525,364.77,598,366.41,2023-08-11T15:00:00Z,61999,365.29024
365.335,366.595,365.105,484,365.79,2023-08-11T16:00:00Z,40739,365.845449
365.91,366.38,365.11,470,365.355,2023-08-11T17:00:00Z,73523,365.935134
366.9,367.09,365.79,578,365.795,2023-08-11T18:00:00Z,65164,366.499695
366.09,366.865,365.77,1138,366.77,2023-08-11T19:00:00Z,116610,366.368062
366.37,366.51,366.32,23,366.38,2023-08-11T20:00:00Z,12363,366.377926
365.85,365.85,365.48,20,365.55,2023-08-14T12:00:00Z,3270,365.612416
366.69,366.79,364.725,485,365.87,2023-08-14T13:00:00Z,40894,365.886581
369.33,369.82,366.34,735,366.64,2023-08-14T14:00:00Z,94979,368.273869
368.98,369.74,368.64,487,369.31,2023-08-14T15:00:00Z,43503,369.090507
369.01,369.16,368.05,276,368.975,2023-08-14T16:00:00Z,19999,368.587362
369.2,369.74,368.805,579,369.2,2023-08-14T17:00:00Z,51250,369.245091
369.07,369.26,368.535,691,369.245,2023-08-14T18:00:00Z,53436,368.88609
370.45,370.47,368.84,1180,368.93,2023-08-14T19:00:00Z,96785,369.790019
370.49,370.55,370.27,55,370.41,2023-08-14T20:00:00Z,14150,370.388133
368.58,368.66,367.63,23,368.47,2023-08-15T12:00:00Z,3901,368.274262
368.34,370.14,368.2,396,368.55,2023-08-15T13:00:00Z,42630,369.16202
367.23,368.17,366.56,673,368.0,2023-08-15T14:00:00Z,93687,367.278107
368.64,368.64,367.305,594,367.305,2023-08-15T15:00:00Z,65070,368.150833
367.81,368.865,367.56,484,368.72,2023-08-15T16:00:00Z,39592,368.134324
367.74,368.32,367.33,552,367.71,2023-08-15T17:00:00Z,30445,367.720724
367.795,368.12,367.3,306,367.7,2023-08-15T18:00:00Z,24967,367.723983
366.425,367.87,365.765,1414,367.72,2023-08-15T19:00:00Z,213146,366.419213
366.61,366.68,366.23,40,366.46,2023-08-15T20:00:00Z,15964,366.521903
365.57,366.34,365.56,29,366.02,2023-08-16T12:00:00Z,6913,365.895182
366.5,367.03,365.24,363,365.72,2023-08-16T13:00:00Z,49101,366.144708
366.96,367.27,365.66,484,366.385,2023-08-16T14:00:00Z,66559,366.660309
364.96,367.15,364.795,424,366.94,2023-08-16T15:00:00Z,45329,365.825034
364.32,365.335,364.16,545,364.875,2023-08-16T16:00:00Z,75261,364.555614
365.07,365.465,363.68,528,364.305,2023-08-16T17:00:00Z,42826,364.400045
364.695,365.965,363.61,590,364.81,2023-08-16T18:00:00Z,85132,365.148101
362.56,364.64,362.465,1053,364.64,2023-08-16T19:00:00Z,145247,363.043573
362.41,362.56,362.07,99,362.46,2023-08-16T20:00:00Z,16165,362.339303
364.36,364.42,363.86,9,363.86,2023-08-17T12:00:00Z,1945,364.163745
362.38,364.4,361.89,548,364.4,2023-08-17T13:00:00Z,68930,362.899149
361.545,362.685,360.67,1040,362.365,2023-08-17T14:00:00Z,157041,361.525292
361.77,361.79,360.71,760,361.49,2023-08-17T15:00:00Z,89331,361.223103
362.93,362.93,361.2,486,361.77,2023-08-17T16:00:00Z,53513,362.247442
361.22,363.01,360.75,558,363.01,2023-08-17T17:00:00Z,66151,361.460883
359.64,361.245,359.28,918,361.125,2023-08-17T18:00:00Z,116063,360.217273
358.53,359.8,358.21,1970,359.52,2023-08-17T19:00:00Z,294365,358.903903
357.81,358.64,357.81,67,358.64,2023-08-17T20:00:00Z,21156,358.368665
355.68,355.68,355.25,35,355.56,2023-08-18T12:00:00Z,11745,355.50814
355.5,356.76,354.94,775,355.6,2023-08-18T13:00:00Z,128458,355.86363
356.45,356.89,354.75,1516,355.52,2023-08-18T14:00:00Z,167254,356.006816
357.85,357.9,355.745,843,356.495,2023-08-18T15:00:00Z,97268,356.821647
357.295,358.115,357.05,591,357.87,2023-08-18T16:00:00Z,60940,357.593652
357.62,357.695,356.21,466,357.305,2023-08-18T17:00:00Z,53353,357.119175
358.06,358.81,357.43,645,357.65,2023-08-18T18:00:00Z,70219,358.171318
358.13,359.355,357.5,1325,358.04,2023-08-18T19:00:00Z,173997,358.202436
358.03,358.6,357.95,54,358.6,2023-08-18T20:00:00Z,14732,358.200137
360.23,360.23,360.23,1,360.23,2023-08-21T12:00:00Z,100,360.23
362.12,362.12,359.6,660,359.64,2023-08-21T13:00:00Z,67932,361.032331
360.21,362.57,359.93,1161,362.195,2023-08-21T14:00:00Z,118104,361.202863
359.67,360.755,359.18,446,360.2,2023-08-21T15:00:00Z,43865,359.819397
361.83,361.83,359.69,529,359.75,2023-08-21T16:00:00Z,44058,360.946182
362.83,363.34,361.64,459,361.86,2023-08-21T17:00:00Z,43162,362.57922
363.8,364.04,362.78,517,362.92,2023-08-21T18:00:00Z,50647,363.448392
364.04,364.585,363.75,1167,363.85,2023-08-21T19:00:00Z,152345,364.165291
363.58,363.8,363.42,36,363.8,2023-08-21T20:00:00Z,12933,363.548823
366.57,367.08,366.51,20,366.83,2023-08-22T12:00:00Z,3998,366.748698
364.34,366.59,364.25,717,366.52,2023-08-22T13:00:00Z,97374,365.155442
365.45,365.66,363.63,985,364.45,2023-08-22T14:00:00Z,91953,364.58766
363.94,365.6,363.71,534,365.6,2023-08-22T15:00:00Z,40338,364.754793
363.66,364.2,362.75,590,363.86,2023-08-22T16:00:00Z,70121,363.523381
363.365,363.79,362.71,533,363.655,2023-08-22T17:00:00Z,50417,363.121415
363.71,364.04,363.0,794,363.31,2023-08-22T18:00:00Z,76792,363.487203
363.38,364.545,362.72,1042,363.7,2023-08-22T19:00:00Z,108583,363.453708
363.46,363.46,363.36,3,363.36,2023-08-22T20:00:00Z,1225,363.427347
363.98,364.36,363.81,18,364.07,2023-08-23T12:00:00Z,5870,364.100256
366.59,366.79,364.09,535,364.09,2023-08-23T13:00:00Z,72646,365.339547
368.71,368.78,366.37,635,366.69,2023-08-23T14:00:00Z,100135,367.744038
369.215,369.33,368.39,575,368.69,2023-08-23T15:00:00Z,110549,368.875379
368.68,369.225,368.47,388,369.165,2023-08-23T16:00:00Z,46055,368.787949
370.075,370.21,368.57,668,368.63,2023-08-23T17:00:00Z,73209,369.750063
369.365,370.08,368.9,616,370.03,2023-08-23T18:00:00Z,43318,369.500306
369.16,369.945,368.85,1746,369.24,2023-08-23T19:00:00Z,177168,369.43588
372.67,372.76,369.15,119,369.2,2023-08-23T20:00:00Z,43314,371.573827
372.7,373.06,372.41,103,372.89,2023-08-24T12:00:00Z,19289,372.709156
369.89,373.24,369.05,948,372.74,2023-08-24T13:00:00Z,113855,370.558184
365.49,370.18,365.31,2071,370.07,2023-08-24T14:00:00Z,239853,367.155224
363.395,365.265,363.205,779,365.21,2023-08-24T15:00:00Z,85795,364.620432
364.51,365.47,363.44,1346,363.44,2023-08-24T16:00:00Z,99766,364.434495
363.96,364.8,363.645,1245,364.51,2023-08-24T17:00:00Z,73574,364.173149
363.58,364.64,362.985,563,364.05,2023-08-24T18:00:00Z,66530,363.813971
361.03,363.72,361.03,2297,363.565,2023-08-24T19:00:00Z,255582,362.071701
360.4,361.2,360.14,53,361.19,2023-08-24T20:00:00Z,12501,360.63446
362.07,362.57,362.07,18,362.26,2023-08-25T12:00:00Z,2844,362.289676
363.34,363.49,361.67,625,362.04,2023-08-25T13:00:00Z,98661,362.684815
358.81,365.705,358.64,1568,363.33,2023-08-25T14:00:00Z,195726,362.028861
359.9,361.92,358.59,867,358.76,2023-08-25T15:00:00Z,122487,360.34749
361.74,362.1,359.815,873,359.815,2023-08-25T16:00:00Z,131223,361.069935
361.62,362.18,360.68,678,361.71,2023-08-25T17:00:00Z,71870,361.394618
364.44,364.46,361.62,805,361.675,2023-08-25T18:00:00Z,101056,363.39313
364.12,365.22,363.82,1439,364.485,2023-08-25T19:00:00Z,166526,364.523244
363.9,364.39,363.89,14,364.17,2023-08-25T20:00:00Z,4329,364.023445
366.72,366.72,366.08,51,366.1,2023-08-28T12:00:00Z,8034,366.368326
366.0,367.7,364.82,487,366.84,2023-08-28T13:00:00Z,76680,366.400754
365.34,366.91,364.65,577,366.0,2023-08-28T14:00:00Z,67215,365.828086
364.84,365.59,364.275,474,365.45,2023-08-28T15:00:00Z,56338,365.136847
366.44,366.44,364.5,423,364.89,2023-08-28T16:00:00Z,46539,365.291534
364.85,367.165,364.63,794,366.395,2023-08-28T17:00:00Z,86022,366.108443
365.85,365.965,364.82,696,364.83,2023-08-28T18:00:00Z,62762,365.297364
366.81,367.28,365.365,1416,365.775,2023-08-28T19:00:00Z,149169,366.327621
367.03,367.05,366.75,16,366.75,2023-08-28T20:00:00Z,5141,367.002959
368.41,368.87,366.18,546,366.27,2023-08-29T13:00:00Z,66478,367.537207
371.98,372.61,368.78,1271,368.9,2023-08-29T14:00:00Z,197472,371.265301
373.6,374.01,372.025,650,372.065,2023-08-29T15:00:00Z,90946,373.225343
373.85,374.14,373.24,450,373.57,2023-08-29T16:00:00Z,52645,373.591172
373.7,374.4,373.37,543,373.75,2023-08-29T17:00:00Z,56452,373.862531
374.465,374.66,373.605,1412,373.705,2023-08-29T18:00:00Z,125460,374.246904
374.68,375.12,374.14,1831,374.435,2023-08-29T19:00:00Z,264467,374.688734
375.0,375.05,374.83,34,374.83,2023-08-29T20:00:00Z,10223,374.966311
374.99,375.69,374.88,60,375.47,2023-08-30T12:00:00Z,13854,375.295057
376.03,376.25,374.14,472,374.82,2023-08-30T13:00:00Z,90649,375.022955
376.22,377.07,373.88,769,375.955,2023-08-30T14:00:00Z,80814,375.388261
376.72,376.82,375.28,632,376.22,2023-08-30T15:00:00Z,73889,376.27762
377.11,377.41,376.59,439,376.91,2023-08-30T16:00:00Z,47663,376.996265
376.485,377.23,376.09,512,377.1,2023-08-30T17:00:00Z,56654,376.872255
377.11,377.12,375.71,628,376.465,2023-08-30T18:00:00Z,64370,376.326478
376.89,377.35,376.42,1422,377.12,2023-08-30T19:00:00Z,154126,376.783017
377.19,377.21,376.82,17,376.82,2023-08-30T20:00:00Z,2967,377.040683
377.22,377.94,377.1,37,377.82,2023-08-31T12:00:00Z,6837,377.400103
378.63,378.73,376.72,376,377.33,2023-08-31T13:00:00Z,51471,377.830851
378.92,379.71,378.06,507,378.81,2023-08-31T14:00:00Z,55735,379.077616
378.71,379.305,378.175,413,379.04,2023-08-31T15:00:00Z,53363,378.701783
377.71,379.1,377.0,348,378.65,2023-08-31T16:00:00Z,36930,377.93959
378.5,378.93,377.63,435,377.75,2023-08-31T17:00:00Z,32829,378.475443
378.43,379.41,378.34,424,378.505,2023-08-31T18:00:00Z,59502,378.759076
377.92,379.31,377.89,858,378.53,2023-08-31T19:00:00Z,123420,378.616599
378.03,378.28,377.99,31,378.04,2023-08-31T20:00:00Z,9128,378.073509
380.28,380.8,380.11,28,380.35,2023-09-01T12:00:00Z,4659,380.294358
378.58,381.05,377.18,937,380.6,2023-09-01T13:00:00Z,156667,378.726244
377.05,379.37,376.77,762,378.54,2023-09-01T14:00:00Z,82249,378.159039
376.285,377.735,376.135,499,376.99,2023-09-01T15:00:00Z,59394,376.847182
377.51,377.65,376.12,480,376.27,2023-09-01T16:00:00Z,55872,376.711815
377.25,377.64,376.68,320,377.64,2023-09-01T17:00:00Z,32193,377.105468
376.935,377.38,376.2,523,377.245,2023-09-01T18:00:00Z,50664,376.769569
377.66,377.82,376.84,834,376.96,2023-09-01T19:00:00Z,70322,377.404081
377.55,377.64,377.42,27,377.54,2023-09-01T20:00:00Z,7507,377.550702
376.87,376.94,376.39,8,376.39,2023-09-05T12:00:00Z,823,376.84
376.305,377.245,375.94,452,376.7,2023-09-05T13:00:00Z,62639,376.598729
377.71,378.17,375.905,763,376.17,2023-09-05T14:00:00Z,77852,377.074804
377.74,379.02,377.31,559,377.71,2023-09-05T15:00:00Z,59116,378.176355
378.495,378.72,377.67,363,377.68,2023-09-05T16:00:00Z,31815,378.355358
378.42,378.585,377.8,439,378.395,2023-09-05T17:00:00Z,37903,378.164348
379.28,379.29,378.35,434,378.56,2023-09-05T18:00:00Z,34783,378.822428
378.02,379.06,377.98,1079,379.06,2023-09-05T19:00:00Z,109685,378.342849
377.61,378.13,377.61,18,378.05,2023-09-05T20:00:00Z,6073,378.002222
377.23,377.25,376.68,12,377.03,2023-09-06T12:00:00Z,2266,377.048222
376.92,377.575,376.34,483,377.13,2023-09-06T13:00:00Z,69602,376.904279
374.25,376.68,374.25,951,376.61,2023-09-06T14:00:00Z,119008,375.125053
374.22,374.82,373.625,648,374.26,2023-09-06T15:00:00Z,65275,374.324507
372.93,374.55,372.76,741,374.19,2023-09-06T16:00:00Z,88035,373.286933
373.835,374.24,372.73,613,373.09,2023-09-06T17:00:00Z,64837,373.704723
374.22,374.58,373.56,842,373.84,2023-09-06T18:00:00Z,83711,374.059076
374.83,374.87,373.685,1331,374.215,2023-09-06T19:00:00Z,156451,374.313068
374.52,374.72,374.49,13,374.72,2023-09-06T20:00:00Z,4859,374.57961
370.33,371.83,370.01,84,371.83,2023-09-07T12:00:00Z,14465,370.557986
369.98,371.12,369.19,824,370.17,2023-09-07T13:00:00Z,115320,370.026888
370.995,372.08,369.28,985,369.94,2023-09-07T14:00:00Z,110710,370.78819
370.31,371.91,370.16,509,371.16,2023-09-07T15:00:00Z,83761,370.885352
371.15,371.93,370.4,370,370.4,2023-09-07T16:00:00Z,44530,371.296916
372.17,372.295,371.03,554,371.13,2023-09-07T17:00:00Z,45666,371.79919
372.325,372.52,371.33,871,372.135,2023-09-07T18:00:00Z,80493,371.902961
372.1,372.79,371.66,1245,372.39,2023-09-07T19:00:00Z,140090,372.17003
372.18,372.18,371.75,30,371.8,2023-09-07T20:00:00Z,15760,371.920382
372.04,372.36,372.04,25,372.11,2023-09-08T12:00:00Z,4639,372.22722
373.3,374.35,371.93,449,371.97,2023-09-08T13:00:00Z,39716,373.416653
372.62,374.83,372.62,799,373.55,2023-09-08T14:00:00Z,95794,373.911483
373.57,374.31,372.41,396,372.46,2023-09-08T15:00:00Z,54972,373.521796
373.31,374.19,372.75,373,373.63,2023-09-08T16:00:00Z,34652,373.458922
373.385,373.5,372.74,266,373.21,2023-09-08T17:00:00Z,16068,373.187211
372.01,373.67,371.94,616,373.32,2023-09-08T18:00:00Z,44017,372.572979
372.66,372.665,371.625,1057,371.96,2023-09-08T19:00:00Z,111004,372.154741
373.06,373.25,372.58,39,372.59,2023-09-08T20:00:00Z,15455,372.905856
375.68,375.68,375.55,7,375.55,2023-09-11T12:00:00Z,1471,375.615714
374.28,376.28,374.0,750,375.86,2023-09-11T13:00:00Z,83286,375.079214
374.14,374.9,373.66,782,374.3,2023-09-11T14:00:00Z,66619,374.25317
374.355,375.19,373.935,705,374.18,2023-09-11T15:00:00Z,64208,374.371987
375.085,375.15,374.26,336,374.41,2023-09-11T16:00:00Z,20357,374.765161
376.75,376.81,374.85,654,375.04,2023-09-11T17:00:00Z,54032,376.065624
376.95,377.12,376.42,479,376.83,2023-09-11T18:00:00Z,35954,376.804665
377.005,377.475,376.67,1027,376.93,2023-09-11T19:00:00Z,127052,377.078379
376.88,377.08,376.88,25,377.02,2023-09-11T20:00:00Z,5932,376.981415
375.73,376.26,375.67,23,375.89,2023-09-12T12:00:00Z,7013,375.9132
376.47,376.61,375.01,422,375.61,2023-09-12T13:00:00Z,58869,375.726914
373.955,376.5,373.92,675,376.46,2023-09-12T14:00:00Z,63838,375.065114
374.19,374.44,373.31,597,373.955,2023-09-12T15:00:00Z,61636,373.989879
374.22,374.72,374.05,341,374.18,2023-09-12T16:00:00Z,31163,374.495298
373.93,375.62,373.625,499,374.34,2023-09-12T17:00:00Z,71961,374.471664
373.005,373.97,372.89,654,373.72,2023-09-12T18:00:00Z,81183,373.442036
372.81,373.17,372.52,1716,372.86,2023-09-12T19:00:00Z,187365,372.826512
372.92,373.01,372.73,15,372.73,2023-09-12T20:00:00Z,8936,372.898738
372.94,373.18,370.86,88,372.84,2023-09-13T12:00:00Z,20278,371.981228
374.12,374.425,372.44,436,372.81,2023-09-13T13:00:00Z,68086,373.703614
374.28,374.665,371.9,1009,374.11,2023-09-13T14:00:00Z,159449,373.382558
374.88,375.43,373.96,461,374.55,2023-09-13T15:00:00Z,41456,374.766626
375.125,375.51,374.32,384,374.63,2023-09-13T16:00:00Z,34444,374.982734
375.505,375.83,375.0,503,375.26,2023-09-13T17:00:00Z,62032,375.317142
374.25,375.605,373.56,537,375.535,2023-09-13T18:00:00Z,56097,374.562825
374.23,374.41,373.17,1162,374.15,2023-09-13T19:00:00Z,139606,373.941795
374.64,374.64,374.42,14,374.53,2023-09-13T20:00:00Z,7100,374.501127
375.03,376.39,374.01,542,376.14,2023-09-14T13:00:00Z,60909,375.373709
376.83,377.145,373.955,571,375.165,2023-09-14T14:00:00Z,68432,375.861135
377.44,377.72,376.2,635,376.87,2023-09-14T15:00:00Z,82617,377.107078
377.97,378.11,376.8,593,377.44,2023-09-14T16:00:00Z,57016,377.342395
377.45,378.07,377.45,432,377.89,2023-09-14T17:00:00Z,33251,377.810104
377.595,377.63,376.9,441,377.41,2023-09-14T18:00:00Z,46633,377.325241
377.25,378.26,377.125,1347,377.63,2023-09-14T19:00:00Z,154565,377.430501
377.62,377.79,377.37,17,377.37,2023-09-14T20:00:00Z,5736,377.625674
376.29,376.63,376.2,33,376.63,2023-09-15T12:00:00Z,5247,376.362729
373.5,376.37,373.05,859,376.15,2023-09-15T13:00:00Z,114828,374.829337
371.47,374.04,371.47,910,373.75,2023-09-15T14:00:00Z,114798,372.900275
371.69,372.06,371.19,688,371.47,2023-09-15T15:00:00Z,73260,371.653754
372.315,372.49,371.485,505,371.72,2023-09-15T16:00:00Z,48285,371.964802
370.71,372.41,370.06,559,372.41,2023-09-15T17:00:00Z,60784,370.805134
370.32,370.74,369.9,830,370.695,2023-09-15T18:00:00Z,102919,370.233952
370.61,371.19,369.94,1746,370.12,2023-09-15T19:00:00Z,225300,370.651293
370.69,370.85,370.56,37,370.78,2023-09-15T20:00:00Z,17089,370.649066
369.28,369.6,369.28,12,369.28,2023-09-18T12:00:00Z,2078,369.483905
370.55,371.2,369.04,533,369.44,2023-09-18T13:00:00Z,113369,370.155289
370.325,371.31,369.515,528,370.275,2023-09-18T14:00:00Z,59101,370.292584
371.41,371.54,370.09,440,370.4,2023-09-18T15:00:00Z,47169,370.85161
371.21,371.76,370.995,450,371.49,2023-09-18T16:00:00Z,75244,371.157691
371.215,371.64,370.965,281,371.25,2023-09-18T17:00:00Z,27287,371.264476
370.24,371.54,369.86,442,371.215,2023-09-18T18:00:00Z,46781,370.865299
370.7,370.76,370.02,1486,370.19,2023-09-18T19:00:00Z,194127,370.39323
370.96,371.01,370.83,7,370.83,2023-09-18T20:00:00Z,3025,370.974667
370.04,370.69,370.04,32,370.69,2023-09-19T12:00:00Z,5958,370.209103
368.16,370.1,368.16,529,370.1,2023-09-19T13:00:00Z,80058,369.047817
366.94,368.42,366.83,652,368.07,2023-09-19T14:00:00Z,87968,367.648183
367.82,367.86,366.95,463,367.0,2023-09-19T15:00:00Z,54789,367.46381
368.13,368.13,367.13,229,367.6,2023-09-19T16:00:00Z,23229,367.523917
369.78,369.93,368.03,498,368.15,2023-09-19T17:00:00Z,71567,369.255279
369.25,370.595,369.21,591,369.845,2023-09-19T18:00:00Z,61567,369.882319
369.86,370.18,368.95,752,369.155,2023-09-19T19:00:00Z,96375,369.685727
370.0,370.08,369.9,9,369.92,2023-09-19T20:00:00Z,5100,369.963725
371.16,371.16,370.54,7,370.57,2023-09-20T12:00:00Z,1188,370.812341
370.735,371.26,369.895,633,371.18,2023-09-20T13:00:00Z,60155,370.668538
369.565,370.92,369.46,530,370.77,2023-09-20T14:00:00Z,84123,369.994656
369.84,369.84,368.815,623,369.57,2023-09-20T15:00:00Z,74780,369.218036
370.08,370.08,369.56,359,369.89,2023-09-20T16:00:00Z,46198,369.859765
369.73,370.1,369.23,483,370.06,2023-09-20T17:00:00Z,42302,369.6359
368.27,370.28,367.81,1129,369.03,2023-09-20T18:00:00Z,160861,368.787703
364.55,368.475,364.5,2091,368.06,2023-09-20T19:00:00Z,287691,365.654883
364.06,364.6,364.01,77,364.6,2023-09-20T20:00:00Z,20304,364.276328
360.0,360.55,359.92,9,360.55,2023-09-21T12:00:00Z,1781,360.297059
359.54,361.59,359.445,1818,360.83,2023-09-21T13:00:00Z,178723,360.763331
360.225,361.55,359.21,1697,359.67,2023-09-21T14:00:00Z,158900,360.372054
359.8,360.69,359.64,1193,360.25,2023-09-21T15:00:00Z,105396,360.065169
359.865,360.44,359.26,955,359.84,2023-09-21T16:00:00Z,109753,359.798965
360.58,361.11,359.82,725,359.875,2023-09-21T17:00:00Z,75866,360.543838
359.28,360.55,359.21,805,360.53,2023-09-21T18:00:00Z,110415,359.695089
357.78,359.62,357.71,2731,359.27,2023-09-21T19:00:00Z,309788,358.484797
357.54,357.83,357.35,52,357.75,2023-09-21T20:00:00Z,21530,357.681222
360.07,360.37,359.63,11,359.63,2023-09-22T12:00:00Z,4313,359.88565
359.92,360.12,358.445,937,360.12,2023-09-22T13:00:00Z,88997,359.289267
361.35,361.495,359.07,1667,359.94,2023-09-22T14:00:00Z,188176,360.346149
360.605,361.78,360.595,788,361.43,2023-09-22T15:00:00Z,95528,361.197671
361.31,361.66,360.49,683,360.565,2023-09-22T16:00:00Z,60883,361.237147
359.22,361.28,358.95,745,361.28,2023-09-22T17:00:00Z,99230,359.837559
358.4,359.21,357.945,689,359.16,2023-09-22T18:00:00Z,67275,358.447215
357.925,360.6,357.63,2021,358.57,2023-09-22T19:00:00Z,258927,358.751729
358.13,358.46,358.03,64,358.29,2023-09-22T20:00:00Z,43270,358.101306
356.92,357.34,356.81,22,356.81,2023-09-25T12:00:00Z,3803,357.137344
358.215,358.55,355.945,836,356.58,2023-09-25T13:00:00Z,126041,357.176231
356.88,358.315,356.8,809,358.3,2023-09-25T14:00:00Z,76253,357.560698
358.76,359.26,356.78,556,356.78,2023-09-25T15:00:00Z,69346,358.487268
358.31,359.6,357.94,352,358.79,2023-09-25T16:00:00Z,41115,358.753046
358.64,359.21,358.06,239,358.285,2023-09-25T17:00:00Z,25263,358.662335
358.18,359.135,358.04,381,358.94,2023-09-25T18:00:00Z,32521,358.661144
359.68,359.68,357.39,858,358.09,2023-09-25T19:00:00Z,106854,358.67112
360.02,360.06,359.6,35,359.76,2023-09-25T20:00:00Z,14720,359.901905
357.46,357.97,357.46,35,357.97,2023-09-26T12:00:00Z,5817,357.671885
355.71,357.485,355.61,690,357.48,2023-09-26T13:00:00Z,97106,356.820562
355.655,356.545,354.685,1165,355.68,2023-09-26T14:00:00Z,138538,355.622385
355.0,355.88,354.64,1160,355.7,2023-09-26T15:00:00Z,118237,355.140955
355.53,355.95,354.61,785,354.94,2023-09-26T16:00:00Z,74888,355.379926
354.955,356.015,354.16,1097,355.5,2023-09-26T17:00:00Z,118716,355.157288
354.09,354.91,353.87,660,354.91,2023-09-26T18:00:00Z,57755,354.424698
354.23,354.455,353.22,1666,354.205,2023-09-26T19:00:00Z,232266,353.925243
354.59,354.88,354.2,33,354.32,2023-09-26T20:00:00Z,11092,354.5447
355.64,356.57,355.29,503,355.38,2023-09-27T13:00:00Z,54670,355.773439
353.86,355.815,353.68,1098,355.675,2023-09-27T14:00:00Z,112895,354.984977
353.645,355.12,353.44,650,353.8,2023-09-27T15:00:00Z,71753,354.326401
353.08,353.695,352.74,749,353.54,2023-09-27T16:00:00Z,91528,353.187632
352.19,353.7,351.36,795,353.12,2023-09-27T17:00:00Z,89405,352.372357
355.01,355.38,351.585,1174,352.135,2023-09-27T18:00:00Z,133270,353.749296
355.14,356.96,354.135,1345,354.88,2023-09-27T19:00:00Z,191636,355.338829
355.93,355.94,355.15,55,355.15,2023-09-27T20:00:00Z,20044,355.553119
353.93,356.06,353.83,77,355.06,2023-09-28T12:00:00Z,14396,354.894571
355.38,355.39,353.29,607,354.47,2023-09-28T13:00:00Z,71272,354.146739
356.16,356.35,353.8,806,355.66,2023-09-28T14:00:00Z,90770,355.249151
359.29,359.31,355.65,1154,356.2,2023-09-28T15:00:00Z,115996,357.97384
358.77,360.14,358.62,641,359.33,2023-09-28T16:00:00Z,84958,359.416499
357.74,359.18,357.38,513,358.79,2023-09-28T17:00:00Z,47933,358.197673
357.705,358.64,356.95,662,357.775,2023-09-28T18:00:00Z,83879,357.891144
358.03,359.37,357.63,1179,357.695,2023-09-28T19:00:00Z,138538,358.339744
358.59,358.64,357.94,17,357.94,2023-09-28T20:00:00Z,8285,358.185
361.5,361.66,360.54,65,360.54,2023-09-29T12:00:00Z,10878,361.417773
362.3,362.5,361.01,712,361.54,2023-09-29T13:00:00Z,117541,361.736801
361.33,362.915,360.83,1094,362.4,2023-09-29T14:00:00Z,153216,361.702208
360.15,361.76,359.32,1147,361.4,2023-09-29T15:00:00Z,197953,360.5633
358.95,360.61,358.845,874,360.04,2023-09-29T16:00:00Z,111491,359.924026
357.2,359.01,357.2,1240,359.01,2023-09-29T17:00:00Z,111708,358.126492
359.23,359.23,357.05,1534,357.215,2023-09-29T18:00:00Z,94363,358.153372
358.39,359.76,357.695,1274,359.2,2023-09-29T19:00:00Z,138128,358.618692
359.07,359.22,358.39,20,358.39,2023-09-29T20:00:00Z,11884,359.006864
358.05,358.55,358.05,15,358.22,2023-10-02T12:00:00Z,5211,358.267357
359.68,360.61,357.5,673,357.85,2023-10-02T13:00:00Z,90002,359.440008
360.04,361.36,359.35,1380,359.48,2023-10-02T14:00:00Z,167425,360.319393
359.63,362.635,359.42,1316,360.2,2023-10-02T15:00:00Z,188507,361.023566
359.0,359.99,358.74,806,359.61,2023-10-02T16:00:00Z,89599,359.346647
359.43,359.9,358.42,641,358.93,2023-10-02T17:00:00Z,64249,359.281864
359.045,360.48,358.36,561,359.445,2023-10-02T18:00:00Z,65846,359.256807
361.23,361.25,358.425,1001,359.02,2023-10-02T19:00:00Z,135534,360.11664
361.48,361.64,361.44,28,361.46,2023-10-02T20:00:00Z,11472,361.525922
358.1,359.15,358.06,39,359.14,2023-10-03T12:00:00Z,6117,358.288174
360.48,360.96,358.22,479,358.32,2023-10-03T13:00:00Z,54106,359.512905
355.67,360.36,355.48,1598,360.36,2023-10-03T14:00:00Z,228508,357.094681
355.12,355.75,354.73,912,355.57,2023-10-03T15:00:00Z,102470,355.269526
356.02,356.275,355.09,644,355.205,2023-10-03T16:00:00Z,70477,355.829867
354.41,356.5,354.23,546,356.335,2023-10-03T17:00:00Z,71291,355.086428
354.29,354.85,353.78,888,354.36,2023-10-03T18:00:00Z,144202,354.327617
354.89,354.95,353.275,1576,354.26,2023-10-03T19:00:00Z,234971,354.180119
354.79,355.19,354.79,39,355.06,2023-10-03T20:00:00Z,12407,355.046593
356.62,356.86,355.9,43,355.9,2023-10-04T12:00:00Z,6626,356.494032
356.96,357.65,355.72,604,356.4,2023-10-04T13:00:00Z,72540,356.907704
356.35,358.06,355.325,935,356.75,2023-10-04T14:00:00Z,94959,356.550163
359.165,359.205,355.97,552,356.26,2023-10-04T15:00:00Z,71449,357.902299
358.72,359.105,358.29,386,359.07,2023-10-04T16:00:00Z,41862,358.695765
357.38,358.71,357.25,543,358.68,2023-10-04T17:00:00Z,62648,357.91462
358.565,358.6,357.08,513,357.31,2023-10-04T18:00:00Z,52301,357.808997
359.72,360.61,358.49,1513,358.61,2023-10-04T19:00:00Z,226154,359.99371
359.43,359.74,359.38,61,359.41,2023-10-04T20:00:00Z,26540,359.501557
359.3,360.08,358.66,49,360.02,2023-10-05T12:00:00Z,6772,359.271514
358.0,360.12,357.64,426,359.53,2023-10-05T13:00:00Z,48737,358.652888
355.52,358.01,355.16,789,358.005,2023-10-05T14:00:00Z,94017,356.379113
356.325,356.98,355.21,532,355.53,2023-10-05T15:00:00Z,65054,356.075373
357.18,357.87,356.215,553,356.435,2023-10-05T16:00:00Z,59133,357.129348
358.23,358.61,356.485,706,357.205,2023-10-05T17:00:00Z,79455,357.574593
359.495,359.65,358.34,946,358.475,2023-10-05T18:00:00Z,133271,358.859911
358.51,359.61,358.41,1062,359.51,2023-10-05T19:00:00Z,127125,358.873878
358.46,358.77,358.38,10,358.77,2023-10-05T20:00:00Z,3856,358.593126
354.45,359.35,353.81,151,359.35,2023-10-06T12:00:00Z,38312,354.830168
356.13,357.13,354.14,844,354.39,2023-10-06T13:00:00Z,101329,356.118201
359.24,359.6,355.02,1025,356.19,2023-10-06T14:00:00Z,152326,357.982209
363.09,363.13,359.21,1333,359.26,2023-10-06T15:00:00Z,189924,361.086268
363.05,363.56,362.48,1506,363.155,2023-10-06T16:00:00Z,189867,363.158008
364.32,364.37,362.93,1380,363.15,2023-10-06T17:00:00Z,204515,364.046786
365.23,365.91,364.0,1468,364.28,2023-10-06T18:00:00Z,235818,365.054447
364.7,365.88,364.6,2263,365.27,2023-10-06T19:00:00Z,257252,365.137075
365.17,365.2,364.61,37,364.63,2023-10-06T20:00:00Z,15167,365.029867
361.78,362.11,361.39,25,362.11,2023-10-09T12:00:00Z,3708,361.693936
363.14,363.5,360.79,931,362.26,2023-10-09T13:00:00Z,129140,362.186717
361.9,363.61,361.51,759,363.4,2023-10-09T14:00:00Z,100079,362.545844
363.02,363.18,361.22,675,361.76,2023-10-09T15:00:00Z,87979,362.432871
363.395,364.29,363.06,493,363.21,2023-10-09T16:00:00Z,58241,363.572104
366.59,366.59,363.515,1087,363.54,2023-10-09T17:00:00Z,120544,364.953614
366.8,367.11,366.04,677,366.54,2023-10-09T18:00:00Z,69192,366.606806
366.56,367.04,366.0,1398,366.7,2023-10-09T19:00:00Z,228463,366.466275
366.62,366.79,366.62,16,366.65,2023-10-09T20:00:00Z,6362,366.721111
366.93,366.93,366.62,11,366.62,2023-10-10T12:00:00Z,1423,366.739231
367.76,367.77,366.4,797,366.67,2023-10-10T13:00:00Z,86060,367.019658
369.72,369.89,367.86,902,368.07,2023-10-10T14:00:00Z,114671,369.055697
371.0,371.27,369.52,885,369.64,2023-10-10T15:00:00Z,116153,370.563062
370.65,371.08,370.5,665,370.96,2023-10-10T16:00:00Z,90584,370.855714
369.05,370.69,368.22,775,370.69,2023-10-10T17:00:00Z,79171,368.994029
368.68,369.54,368.43,749,369.05,2023-10-10T18:00:00Z,75482,368.904135
368.515,369.26,368.39,1728,368.74,2023-10-10T19:00:00Z,184051,368.715419
368.77,368.93,368.76,20,368.76,2023-10-10T20:00:00Z,7314,368.82573
370.16,370.16,369.11,40,369.94,2023-10-11T12:00:00Z,6600,369.741491
370.02,371.39,369.755,1198,370.2,2023-10-11T13:00:00Z,108244,370.486302
370.7,370.88,369.35,1313,370.01,2023-10-11T14:00:00Z,134873,369.788733
369.67,371.3,369.14,866,370.72,2023-10-11T15:00:00Z,85627,370.045232
369.44,369.63,368.78,604,369.6,2023-10-11T16:00:00Z,59514,369.195169
368.93,369.43,368.24,418,369.41,2023-10-11T17:00:00Z,42766,368.76
369.86,370.31,368.91,607,368.96,2023-10-11T18:00:00Z,45280,369.635977
371.2,371.37,369.725,1089,369.9,2023-10-11T19:00:00Z,111462,370.774683
372.04,372.12,371.17,66,371.17,2023-10-11T20:00:00Z,22209,371.836523
371.89,372.3,371.01,69,372.15,2023-10-12T12:00:00Z,13040,371.690415
371.58,372.28,371.125,479,371.66,2023-10-12T13:00:00Z,84464,371.66521
372.695,373.33,371.35,772,371.6,2023-10-12T14:00:00Z,101797,372.433716
372.99,373.515,371.98,704,372.3,2023-10-12T15:00:00Z,65250,372.646606
372.78,373.5,372.56,526,372.98,2023-10-12T16:00:00Z,49033,373.054369
369.0,372.78,369.0,1199,372.71,2023-10-12T17:00:00Z,114932,370.284029
368.98,369.57,367.55,1161,369.015,2023-10-12T18:00:00Z,149930,368.60134
369.86,370.33,368.945,1508,368.995,2023-10-12T19:00:00Z,172210,369.777812
370.04,370.12,369.96,20,370.01,2023-10-12T20:00:00Z,6255,370.04129
370.16,370.33,369.02,48,369.04,2023-10-13T12:00:00Z,6829,369.892222
370.6,371.12,369.655,370,370.21,2023-10-13T13:00:00Z,43081,370.510325
367.14,370.45,366.85,1076,370.29,2023-10-13T14:00:00Z,99987,368.74254
365.25,367.29,365.01,906,367.13,2023-10-13T15:00:00Z,120731,366.232904
366.39,367.15,365.135,892,365.15,2023-10-13T16:00:00Z,126429,366.384273
365.155,366.365,363.9,841,366.225,2023-10-13T17:00:00Z,112500,364.91358
365.445,365.79,364.6,1287,365.19,2023-10-13T18:00:00Z,95619,365.178759
365.23,366.34,364.34,1762,365.52,2023-10-13T19:00:00Z,264153,365.198033
364.98,365.1,364.81,74,365.09,2023-10-13T20:00:00Z,16499,364.972722
366.56,366.68,365.64,13,365.64,2023-10-16T12:00:00Z,5510,366.455339
367.64,368.63,366.5,605,366.58,2023-10-16T13:00:00Z,87373,367.573149
369.835,370.18,367.45,1254,367.95,2023-10-16T14:00:00Z,145566,369.215191
368.9,370.08,368.795,558,370.08,2023-10-16T15:00:00Z,66000,369.382511
369.17,369.335,368.6,523,368.89,2023-10-16T16:00:00Z,59263,368.996538
369.82,370.085,367.54,623,369.28,2023-10-16T17:00:00Z,65672,369.078184
370.045,370.1,369.35,645,369.83,2023-10-16T18:00:00Z,57750,369.765353
369.4,370.455,369.27,1308,370.06,2023-10-16T19:00:00Z,207117,369.887301
369.6,369.73,369.29,42,369.32,2023-10-16T20:00:00Z,18539,369.542912
366.63,367.97,366.53,44,367.97,2023-10-17T12:00:00Z,8188,366.879734
364.45,366.43,363.69,860,366.43,2023-10-17T13:00:00Z,147793,364.959066
367.29,368.17,364.22,1345,364.34,2023-10-17T14:00:00Z,163988,366.676594
368.91,369.26,366.985,983,367.41,2023-10-17T15:00:00Z,115764,368.481833
369.05,369.91,368.855,689,369.06,2023-10-17T16:00:00Z,78760,369.384028
367.37,369.3,367.1,411,369.07,2023-10-17T17:00:00Z,55768,368.498633
367.19,368.23,366.81,666,367.32,2023-10-17T18:00:00Z,98369,367.706466
368.26,368.355,366.77,1171,367.09,2023-10-17T19:00:00Z,161184,367.714934
368.4,368.4,368.01,12,368.29,2023-10-17T20:00:00Z,5405,368.154598
365.62,365.96,365.62,3,365.96,2023-10-18T12:00:00Z,690,365.806232
366.5,367.31,365.59,385,366.01,2023-10-18T13:00:00Z,53710,366.217473
364.9,367.88,364.8,774,366.38,2023-10-18T14:00:00Z,105808,366.340293
365.64,366.25,364.91,460,364.91,2023-10-18T15:00:00Z,63094,365.691065
364.65,366.75,364.465,532,365.68,2023-10-18T16:00:00Z,81353,365.133225
365.28,366.53,364.1,699,364.45,2023-10-18T17:00:00Z,72370,365.191607
364.01,365.81,363.67,810,365.3,2023-10-18T18:00:00Z,100765,364.602151
363.04,364.01,362.07,1514,364.01,2023-10-18T19:00:00Z,251696,363.117208
364.03,364.29,363.26,52,363.26,2023-10-18T20:00:00Z,15436,363.938857
364.83,364.83,363.7,38,363.7,2023-10-19T12:00:00Z,4897,364.509492
364.1,365.315,363.27,519,364.83,2023-10-19T13:00:00Z,62828,364.092791
363.11,365.16,362.64,904,364.11,2023-10-19T14:00:00Z,97852,363.687569
363.56,364.185,361.91,682,363.1,2023-10-19T15:00:00Z,74965,363.25961
364.06,366.0,360.94,1164,363.37,2023-10-19T16:00:00Z,192467,363.416271
362.49,365.5,362.05,536,364.2,2023-10-19T17:00:00Z,54978,363.725006
360.13,363.06,359.98,768,362.385,2023-10-19T18:00:00Z,80343,361.248959
359.98,360.98,359.2,1005,360.29,2023-10-19T19:00:00Z,128960,360.203798
359.08,359.72,358.92,75,359.72,2023-10-19T20:00:00Z,18444,359.160894
358.64,358.64,358.45,7,358.62,2023-10-20T12:00:00Z,2063,358.617805
358.88,360.03,358.22,634,358.72,2023-10-20T13:00:00Z,111573,359.181536
355.16,359.27,355.15,1064,358.845,2023-10-20T14:00:00Z,129436,357.36372
356.155,356.47,354.63,1532,355.115,2023-10-20T15:00:00Z,196293,355.484055
357.31,357.41,355.26,909,356.13,2023-10-20T16:00:00Z,111250,356.048444
357.36,358.05,356.45,846,357.33,2023-10-20T17:00:00Z,99378,357.264404
355.7,357.47,355.32,930,357.405,2023-10-20T18:00:00Z,100065,356.176916
354.64,356.23,354.37,1902,355.73,2023-10-20T19:00:00Z,334148,355.103886
354.49,354.75,354.25,39,354.46,2023-10-20T20:00:00Z,20841,354.399941
353.3,353.74,353.25,30,353.54,2023-10-23T12:00:00Z,7347,353.448261
354.03,354.19,351.28,1061,353.55,2023-10-23T13:00:00Z,103865,352.941289
355.48,355.5,353.48,1221,354.005,2023-10-23T14:00:00Z,126185,354.753457
356.99,357.2,355.36,1195,355.62,2023-10-23T15:00:00Z,112403,356.269116
359.185,359.185,356.7,606,357.0,2023-10-23T16:00:00Z,64950,357.57381
357.92,359.2,357.55,788,359.195,2023-10-23T17:00:00Z,84840,358.167817
357.52,358.43,357.05,1194,357.85,2023-10-23T18:00:00Z,141547,357.65765
355.79,357.98,355.525,1976,357.525,2023-10-23T19:00:00Z,286080,356.100798
356.72,356.72,355.94,16,355.94,2023-10-23T20:00:00Z,5429,356.434186
357.77,358.11,357.77,10,358.06,2023-10-24T12:00:00Z,2626,357.895
358.6,358.9,357.14,783,358.06,2023-10-24T13:00:00Z,109822,357.991691
359.2,359.89,357.55,766,358.79,2023-10-24T14:00:00Z,75298,358.748532
358.54,359.5,357.57,878,359.175,2023-10-24T15:00:00Z,90731,358.332
356.22,358.72,355.84,728,358.55,2023-10-24T16:00:00Z,74264,356.890881
357.34,357.73,356.11,577,356.18,2023-10-24T17:00:00Z,52630,356.972007
358.77,358.9,357.3,406,357.41,2023-10-24T18:00:00Z,43247,358.19382
359.09,359.505,358.56,1217,358.68,2023-10-24T19:00:00Z,160172,359.246751
358.47,361.55,358.47,79,359.38,2023-10-24T20:00:00Z,19038,359.386018
357.29,357.64,356.99,25,357.54,2023-10-25T12:00:00Z,4052,357.343797
354.47,357.0,353.44,1013,357.0,2023-10-25T13:00:00Z,138390,354.880951
353.87,355.16,353.24,1301,354.15,2023-10-25T14:00:00Z,166082,354.190317
352.75,355.28,352.75,686,353.9,2023-10-25T15:00:00Z,72631,354.170235
352.14,353.165,351.87,619,352.59,2023-10-25T16:00:00Z,51992,352.55148
350.5,352.355,349.82,749,352.08,2023-10-25T17:00:00Z,87629,350.633683
350.36,351.08,349.76,902,350.505,2023-10-25T18:00:00Z,95697,350.49163
350.39,350.98,349.82,1919,350.355,2023-10-25T19:00:00Z,335892,350.337841
350.09,351.32,349.88,68,350.72,2023-10-25T20:00:00Z,15280,350.591977
348.75,348.83,347.09,51,347.12,2023-10-26T12:00:00Z,8809,348.165301
346.97,350.04,346.63,906,348.99,2023-10-26T13:00:00Z,117109,348.503249
347.48,348.24,345.49,1426,346.87,2023-10-26T14:00:00Z,159021,346.607867
345.43,347.495,344.49,1104,347.44,2023-10-26T15:00:00Z,127529,345.715536
342.645,345.56,342.47,962,345.32,2023-10-26T16:00:00Z,138105,343.430644
344.39,344.46,342.36,1208,342.57,2023-10-26T17:00:00Z,156732,343.550716
346.64,346.64,344.16,1139,344.4,2023-10-26T18:00:00Z,142753,345.435581
343.62,346.99,343.34,1747,346.61,2023-10-26T19:00:00Z,273740,344.659084
343.96,345.09,343.57,88,344.79,2023-10-26T20:00:00Z,20003,344.436647
346.81,346.99,345.86,31,346.02,2023-10-27T12:00:00Z,5249,346.395707
346.92,347.54,346.065,651,346.64,2023-10-27T13:00:00Z,145930,346.757145
347.1,347.91,345.66,1421,346.88,2023-10-27T14:00:00Z,164734,346.840981
347.735,348.78,346.9,651,347.21,2023-10-27T15:00:00Z,79792,347.969903
346.29,348.225,346.15,909,348.01,2023-10-27T16:00:00Z,112984,347.235095
344.93,346.52,344.61,1065,346.33,2023-10-27T17:00:00Z,144332,345.335467
344.48,345.72,344.15,916,344.8,2023-10-27T18:00:00Z,101969,344.856461
345.46,345.55,344.105,1455,344.44,2023-10-27T19:00:00Z,160249,344.864516
345.58,345.7,345.43,22,345.67,2023-10-27T20:00:00Z,12452,345.525173
347.44,347.94,347.44,10,347.94,2023-10-30T12:00:00Z,2254,347.555582
349.9,350.52,347.2,773,347.75,2023-10-30T13:00:00Z,131656,349.717608
347.28,350.04,346.49,1234,349.915,2023-10-30T14:00:00Z,188277,347.981643
348.6,348.64,346.89,818,347.45,2023-10-30T15:00:00Z,140184,347.798177
346.91,348.65,346.55,576,348.515,2023-10-30T16:00:00Z,55706,347.762807
349.3,349.36,346.795,685,347.06,2023-10-30T17:00:00Z,75254,348.40171
349.515,349.86,348.73,905,349.305,2023-10-30T18:00:00Z,128799,349.280739
349.16,350.44,349.02,1217,349.775,2023-10-30T19:00:00Z,162972,349.529508
348.92,349.11,348.87,35,349.07,2023-10-30T20:00:00Z,15107,348.955318
349.14,349.54,348.96,23,349.45,2023-10-31T12:00:00Z,4220,349.265874
347.37,349.48,346.63,680,349.39,2023-10-31T13:00:00Z,97568,348.139726
349.12,349.53,346.88,750,347.32,2023-10-31T14:00:00Z,89563,348.574797
349.1,349.58,348.0,516,349.2,2023-10-31T15:00:00Z,62574,348.676078
349.65,349.72,348.07,712,349.115,2023-10-31T16:00:00Z,75701,348.907975
350.76,350.76,349.15,604,349.68,2023-10-31T17:00:00Z,64029,349.910517
350.8,350.92,349.795,870,350.7,2023-10-31T18:00:00Z,85180,350.388539
350.98,351.24,350.44,1700,350.89,2023-10-31T19:00:00Z,194539,350.865847
349.93,350.89,349.84,30,350.88,2023-10-31T20:00:00Z,10315,350.392301
351.12,351.43,350.32,31,350.37,2023-11-01T12:00:00Z,8336,351.138056
352.46,353.2,350.83,400,350.83,2023-11-01T13:00:00Z,66888,352.575439
354.21,354.83,351.98,1089,352.545,2023-11-01T14:00:00Z,153893,353.855938
353.88,354.63,353.115,796,354.19,2023-11-01T15:00:00Z,81441,353.743817
353.31,353.99,352.75,734,353.68,2023-11-01T16:00:00Z,68715,353.417789
353.74,354.03,353.02,1044,353.3,2023-11-01T17:00:00Z,92978,353.57561
355.08,355.37,352.66,1261,354.11,2023-11-01T18:00:00Z,162513,353.799599
357.08,357.525,355.19,2112,355.19,2023-11-01T19:00:00Z,257499,356.932629
357.37,357.45,356.85,26,357.24,2023-11-01T20:00:00Z,12277,357.133357
362.14,362.31,361.11,74,361.11,2023-11-02T12:00:00Z,19368,361.826184
361.46,362.285,361.06,1031,362.06,2023-11-02T13:00:00Z,156047,361.608346
362.445,362.61,360.36,1342,361.52,2023-11-02T14:00:00Z,180568,361.519545
362.01,362.74,361.77,918,362.5,2023-11-02T15:00:00Z,114727,362.242
362.33,362.69,361.68,596,362.03,2023-11-02T16:00:00Z,66061,362.146536
363.275,363.425,362.12,1176,362.215,2023-11-02T17:00:00Z,131437,362.941467
363.435,363.595,362.9,743,363.26,2023-11-02T18:00:00Z,77732,363.256112
363.47,363.67,363.155,2041,363.39,2023-11-02T19:00:00Z,274525,363.401877
362.69,363.46,362.0,66,363.39,2023-11-02T20:00:00Z,22651,362.864106
364.62,364.98,363.78,89,363.78,2023-11-03T12:00:00Z,17398,364.513171
366.57,366.86,364.19,681,364.38,2023-11-03T13:00:00Z,105920,365.583553
366.22,367.36,364.825,1291,366.59,2023-11-03T14:00:00Z,209891,365.894737
366.97,367.26,365.61,824,366.32,2023-11-03T15:00:00Z,96569,366.493146
368.04,368.19,366.83,832,366.98,2023-11-03T16:00:00Z,89345,367.819039
368.16,368.4,367.3,673,368.0,2023-11-03T17:00:00Z,66920,367.730686
368.69,368.76,367.63,730,368.11,2023-11-03T18:00:00Z,64539,368.409822
367.78,369.02,367.715,2333,368.68,2023-11-03T19:00:00Z,261852,368.109146
368.04,368.04,367.86,15,367.86,2023-11-03T20:00:00Z,8266,367.967334
368.61,368.61,368.18,14,368.18,2023-11-06T13:00:00Z,2011,368.419481
368.71,369.72,368.4,627,368.57,2023-11-06T14:00:00Z,70658,368.958879
368.89,369.445,368.045,844,368.88,2023-11-06T15:00:00Z,88445,368.592253
368.97,369.375,368.27,631,369.0,2023-11-06T16:00:00Z,68944,368.901692
368.52,368.99,367.97,573,368.955,2023-11-06T17:00:00Z,53513,368.433031
367.665,368.54,366.91,922,368.53,2023-11-06T18:00:00Z,91753,367.531543
368.55,368.66,367.025,674,367.67,2023-11-06T19:00:00Z,80192,367.821605
369.25,369.25,368.28,1277,368.57,2023-11-06T20:00:00Z,137558,368.671527
368.98,369.2,368.86,21,369.2,2023-11-06T21:00:00Z,7627,369.037799
369.57,369.57,369.1,5,369.1,2023-11-07T13:00:00Z,2450,369.34
370.855,370.91,369.1,532,370.03,2023-11-07T14:00:00Z,81911,369.929817
372.95,373.16,370.23,1166,370.81,2023-11-07T15:00:00Z,128960,371.68415
372.69,373.34,372.27,956,372.98,2023-11-07T16:00:00Z,95033,372.855067
372.6,372.72,371.64,772,372.47,2023-11-07T17:00:00Z,70412,372.213982
373.3,373.47,372.5,722,372.64,2023-11-07T18:00:00Z,85735,373.215804
372.935,373.57,372.85,745,373.33,2023-11-07T19:00:00Z,61470,373.191592
372.7,373.47,372.205,1830,372.95,2023-11-07T20:00:00Z,240130,372.817215
372.72,372.79,372.62,32,372.68,2023-11-07T21:00:00Z,8890,372.675183
372.73,372.73,372.73,2,372.73,2023-11-08T13:00:00Z,349,372.73
373.1,373.76,372.86,663,372.9,2023-11-08T14:00:00Z,104182,373.301012
372.08,373.1,371.79,909,373.05,2023-11-08T15:00:00Z,118350,372.28609
371.94,372.56,371.69,560,371.95,2023-11-08T16:00:00Z,62574,372.175979
371.64,371.9,370.63,676,371.81,2023-11-08T17:00:00Z,56562,371.360497
372.32,372.54,371.46,537,371.66,2023-11-08T18:00:00Z,85176,372.203456
372.26,373.02,372.23,601,372.33,2023-11-08T19:00:00Z,70650,372.634258
372.99,373.21,372.25,1387,372.3,2023-11-08T20:00:00Z,157183,372.837578
372.49,372.89,372.49,23,372.89,2023-11-08T21:00:00Z,7329,372.720981
373.59,373.6,373.1,8,373.1,2023-11-09T13:00:00Z,2394,373.52925
374.04,374.04,372.75,555,373.68,2023-11-09T14:00:00Z,67938,373.232988
373.19,374.28,372.26,885,374.11,2023-11-09T15:00:00Z,93365,372.87979
374.55,374.795,373.22,962,373.26,2023-11-09T16:00:00Z,74502,374.018758
373.94,374.58,373.11,718,374.58,2023-11-09T17:00:00Z,64485,373.741705
372.16,373.95,371.255,1019,373.94,2023-11-09T18:00:00Z,100458,372.357179
370.14,371.94,370.025,942,371.79,2023-11-09T19:00:00Z,92825,370.929169
370.05,370.43,369.6,1697,370.11,2023-11-09T20:00:00Z,231231,369.945507
369.97,370.15,369.97,13,370.12,2023-11-09T21:00:00Z,9770,370.064084
371.52,371.6,370.99,4,370.99,2023-11-10T13:00:00Z,1335,371.181873
373.02,373.27,371.3,856,371.46,2023-11-10T14:00:00Z,90199,372.386235
372.91,373.02,371.71,835,372.975,2023-11-10T15:00:00Z,99193,372.327493
374.81,374.81,372.94,737,372.94,2023-11-10T16:00:00Z,97620,374.362182
376.52,376.91,374.72,1163,374.8,2023-11-10T17:00:00Z,108234,376.05641
377.41,377.64,376.065,1116,376.51,2023-11-10T18:00:00Z,110839,376.9128
377.635,377.92,377.305,823,377.43,2023-11-10T19:00:00Z,92913,377.633328
378.38,378.53,377.6,2517,377.68,2023-11-10T20:00:00Z,379665,378.226815
377.96,378.68,377.96,18,378.51,2023-11-10T21:00:00Z,6578,378.405651
375.84,377.0,375.27,976,376.86,2023-11-13T14:00:00Z,101478,376.014816
376.95,377.25,375.6,1123,375.75,2023-11-13T15:00:00Z,133449,376.513235
377.81,378.24,376.86,833,377.005,2023-11-13T16:00:00Z,85384,377.613906
377.49,377.89,377.075,802,377.86,2023-11-13T17:00:00Z,76494,377.409088
377.53,378.06,377.01,594,377.49,2023-11-13T18:00:00Z,78973,377.421049
377.81,378.22,377.33,745,377.51,2023-11-13T19:00:00Z,104796,378.007981
377.21,378.05,377.12,1460,377.795,2023-11-13T20:00:00Z,230687,377.423166
377.28,377.37,377.28,11,377.32,2023-11-13T21:00:00Z,5104,377.311983
383.66,384.25,378.41,101,378.41,2023-11-14T13:00:00Z,29563,383.193786
384.895,385.01,383.2,1070,383.59,2023-11-14T14:00:00Z,158490,384.129524
385.0,385.865,384.57,1460,385.02,2023-11-14T15:00:00Z,193363,385.149691
384.39,385.62,384.25,1146,385.15,2023-11-14T16:00:00Z,146128,384.904446
385.27,385.27,384.19,906,384.4,2023-11-14T17:00:00Z,86953,384.648039
384.64,385.5,384.64,882,385.23,2023-11-14T18:00:00Z,77418,385.097698
385.56,385.66,383.93,1089,384.59,2023-11-14T19:00:00Z,118914,384.770366
385.26,386.25,384.91,2566,385.52,2023-11-14T20:00:00Z,356151,385.484699
385.85,385.88,385.67,16,385.78,2023-11-14T21:00:00Z,11537,385.761792
387.42,389.28,386.96,42,389.1,2023-11-15T13:00:00Z,9334,387.494456
386.32,387.6,386.0,642,387.52,2023-11-15T14:00:00Z,71052,386.851803
387.36,387.73,386.14,988,386.305,2023-11-15T15:00:00Z,102829,386.869019
385.81,387.51,385.73,1119,387.4,2023-11-15T16:00:00Z,164483,386.617865
385.65,386.27,385.51,1046,385.85,2023-11-15T17:00:00Z,162233,385.885681
386.07,386.07,384.24,1029,385.61,2023-11-15T18:00:00Z,127302,385.128477
386.1,386.515,385.36,826,386.1,2023-11-15T19:00:00Z,72387,386.041538
385.66,386.19,385.25,1593,386.09,2023-11-15T20:00:00Z,232371,385.63611
384.54,385.53,384.3,57,385.53,2023-11-15T21:00:00Z,30901,384.568333
385.39,385.4,384.73,13,384.91,2023-11-16T13:00:00Z,5033,385.122803
385.78,385.98,384.225,657,384.9,2023-11-16T14:00:00Z,78656,385.03081
384.515,386.17,384.01,947,385.81,2023-11-16T15:00:00Z,117368,385.265806
384.54,384.84,383.57,697,384.43,2023-11-16T16:00:00Z,85526,384.239837
385.64,386.09,384.5,764,384.505,2023-11-16T17:00:00Z,71037,385.424052
384.69,385.65,384.425,597,385.64,2023-11-16T18:00:00Z,41842,385.106929
385.515,385.86,384.64,731,384.74,2023-11-16T19:00:00Z,52062,385.207574
385.98,386.19,385.26,1308,385.5,2023-11-16T20:00:00Z,139885,385.830372
385.99,386.06,385.7,27,386.01,2023-11-16T21:00:00Z,13760,385.876065
385.83,386.41,385.83,6,386.41,2023-11-17T13:00:00Z,2200,386.242727
385.41,385.62,384.48,610,385.6,2023-11-17T14:00:00Z,91047,385.154362
385.21,385.49,384.34,706,385.395,2023-11-17T15:00:00Z,61924,385.062897
385.59,385.6,384.31,487,385.11,2023-11-17T16:00:00Z,46778,385.046659
385.88,386.0,385.26,764,385.575,2023-11-17T17:00:00Z,35961,385.61709
386.345,386.58,385.8,1288,386.01,2023-11-17T18:00:00Z,60299,386.275818
386.37,387.06,386.04,694,386.36,2023-11-17T19:00:00Z,52455,386.437681
386.03,386.75,385.43,989,386.41,2023-11-17T20:00:00Z,115799,385.974464
385.64,386.04,385.64,24,386.03,2023-11-17T21:00:00Z,12341,385.81524
386.42,386.42,386.03,2,386.03,2023-11-20T13:00:00Z,900,386.073333
388.3,388.48,386.1,611,386.66,2023-11-20T14:00:00Z,69293,387.634126
388.59,388.61,387.1,963,388.395,2023-11-20T15:00:00Z,88673,387.886517
388.92,389.09,388.59,915,388.59,2023-11-20T16:00:00Z,90890,388.843432
388.87,389.35,388.69,634,388.87,2023-11-20T17:00:00Z,56168,389.029287
390.29,390.42,388.905,1016,388.905,2023-11-20T18:00:00Z,99000,390.008762
390.9,390.95,390.04,694,390.36,2023-11-20T19:00:00Z,68095,390.507879
390.76,391.41,390.44,1727,390.85,2023-11-20T20:00:00Z,231864,390.84594
390.67,390.71,390.55,11,390.7,2023-11-20T21:00:00Z,3832,390.621181
388.41,389.21,388.28,592,388.87,2023-11-21T14:00:00Z,85263,388.732299
387.42,388.81,386.72,878,388.39,2023-11-21T15:00:00Z,110147,387.482933
387.77,387.8,386.96,767,387.33,2023-11-21T16:00:00Z,113373,387.337354
388.39,388.45,387.62,632,387.8,2023-11-21T17:00:00Z,49646,387.917975
388.12,388.4,387.36,623,388.4,2023-11-21T18:00:00Z,37300,387.846244
388.37,388.48,387.73,446,388.15,2023-11-21T19:00:00Z,51609,388.098179
388.44,388.7,388.06,1360,388.4,2023-11-21T20:00:00Z,264494,388.368793
388.09,388.92,386.59,53,388.36,2023-11-21T21:00:00Z,16717,388.245226
390.57,393.04,389.74,968,390.675,2023-11-22T14:00:00Z,128895,391.377312
389.93,391.26,389.11,1013,390.48,2023-11-22T15:00:00Z,99427,390.10052
390.95,390.95,389.79,546,389.79,2023-11-22T16:00:00Z,59996,390.446125
390.65,391.3,390.335,525,390.95,2023-11-22T17:00:00Z,68000,390.867502
391.08,391.41,390.57,450,390.68,2023-11-22T18:00:00Z,31513,391.07057
390.25,391.3,389.25,796,391.07,2023-11-22T19:00:00Z,81503,390.154133
390.04,390.42,389.99,1176,390.245,2023-11-22T20:00:00Z,138379,390.139776
389.92,390.14,389.85,14,390.08,2023-11-22T21:00:00Z,5120,390.025586
390.19,390.19,389.66,4,389.66,2023-11-24T13:00:00Z,1701,389.700588
389.54,390.23,389.0,494,389.96,2023-11-24T14:00:00Z,60486,389.498012
389.01,389.84,388.54,857,389.635,2023-11-24T15:00:00Z,123202,389.082431
389.35,389.54,388.86,644,389.04,2023-11-24T16:00:00Z,79673,389.201023
389.5,389.5,389.075,1017,389.36,2023-11-24T17:00:00Z,134048,389.348584
389.12,389.18,389.12,3,389.18,2023-11-27T13:00:00Z,1700,389.128235
389.165,389.91,388.34,940,389.11,2023-11-27T14:00:00Z,79100,389.063535
390.05,390.2,388.98,965,389.25,2023-11-27T15:00:00Z,151818,389.624983
390.325,390.565,389.16,842,389.91,2023-11-27T16:00:00Z,106968,389.684347
390.745,390.81,390.205,772,390.34,2023-11-27T17:00:00Z,92211,390.447982
390.3,391.11,390.085,1023,390.755,2023-11-27T18:00:00Z,80878,390.691254
389.595,390.36,388.97,1059,390.3,2023-11-27T19:00:00Z,59279,389.69801
389.13,390.12,388.985,1834,389.585,2023-11-27T20:00:00Z,291291,389.510577
389.12,389.12,389.08,4,389.08,2023-11-27T21:00:00Z,1800,389.097778
388.48,388.48,388.44,2,388.44,2023-11-28T13:00:00Z,1260,388.465397
388.235,389.18,388.06,422,388.44,2023-11-28T14:00:00Z,45979,388.514117
389.32,390.18,388.23,905,388.23,2023-11-28T15:00:00Z,103909,389.182901
390.36,390.74,389.08,449,389.36,2023-11-28T16:00:00Z,52458,389.885449
389.54,390.45,389.28,446,390.41,2023-11-28T17:00:00Z,32511,389.867384
389.19,389.62,388.31,619,389.62,2023-11-28T18:00:00Z,72515,388.936146
389.48,389.7,388.73,307,389.14,2023-11-28T19:00:00Z,24762,389.140543
390.15,390.31,388.83,895,389.53,2023-11-28T20:00:00Z,104705,389.810709
390.3,390.44,390.22,10,390.32,2023-11-28T21:00:00Z,3060,390.299412
392.69,392.71,392.57,11,392.6,2023-11-29T13:00:00Z,1880,392.647105
393.82,394.11,392.68,617,392.68,2023-11-29T14:00:00Z,70992,393.622579
392.025,394.02,391.18,1055,393.89,2023-11-29T15:00:00Z,110295,392.12416
390.76,392.04,389.91,713,391.97,2023-11-29T16:00:00Z,63512,390.67925
391.34,391.45,390.44,481,390.705,2023-11-29T17:00:00Z,43226,391.168317
390.95,391.53,390.57,619,391.44,2023-11-29T18:00:00Z,61761,391.005281
390.71,391.175,390.01,688,390.945,2023-11-29T19:00:00Z,59291,390.69017
389.78,390.72,389.47,1311,390.705,2023-11-29T20:00:00Z,133198,389.812987
390.23,390.43,389.84,18,389.92,2023-11-29T21:00:00Z,9202,390.070265
390.65,391.27,390.64,24,391.12,2023-11-30T13:00:00Z,5697,390.959722
388.69,390.53,388.07,565,390.19,2023-11-30T14:00:00Z,61242,389.156609
387.36,389.29,386.48,925,388.75,2023-11-30T15:00:00Z,171405,388.183931
386.07,387.63,386.07,985,387.355,2023-11-30T16:00:00Z,92035,386.801
387.02,387.16,385.99,796,386.04,2023-11-30T17:00:00Z,94797,386.616933
386.3,386.955,385.83,723,386.85,2023-11-30T18:00:00Z,72645,386.415656
387.495,387.56,386.29,1046,386.29,2023-11-30T19:00:00Z,77453,386.926767
388.94,389.09,386.17,2048,387.515,2023-11-30T20:00:00Z,268123,388.042565
388.32,388.76,388.31,31,388.76,2023-11-30T21:00:00Z,10336,388.576912
387.73,388.01,387.73,4,388.01,2023-12-01T13:00:00Z,475,387.895053
387.24,387.95,386.34,557,387.74,2023-12-01T14:00:00Z,65942,387.237174
387.2,388.35,386.13,835,387.66,2023-12-01T15:00:00Z,65783,387.048969
389.19,389.76,386.59,1178,387.17,2023-12-01T16:00:00Z,117058,388.535646
390.31,390.51,388.9,726,389.205,2023-12-01T17:00:00Z,64858,389.640901
389.27,390.36,389.055,776,390.3,2023-12-01T18:00:00Z,67187,389.709164
390.12,390.12,389.12,1066,389.29,2023-12-01T19:00:00Z,77505,389.662693
389.95,390.245,389.43,2069,390.13,2023-12-01T20:00:00Z,227432,389.883702
390.16,390.17,389.65,27,389.85,2023-12-01T21:00:00Z,12401,389.864332
387.27,387.52,387.19,8,387.48,2023-12-04T13:00:00Z,2205,387.377727
385.53,386.86,385.14,895,386.86,2023-12-04T14:00:00Z,96780,385.793974
383.065,386.255,382.66,1666,385.52,2023-12-04T15:00:00Z,174794,383.998863
385.19,385.26,382.855,780,383.06,2023-12-04T16:00:00Z,84325,383.723648
386.11,386.17,385.02,995,385.19,2023-12-04T17:00:00Z,82718,385.545477
385.1,386.07,384.97,836,386.07,2023-12-04T18:00:00Z,74149,385.378287
385.19,385.55,384.455,772,385.105,2023-12-04T19:00:00Z,75756,385.158979
386.26,386.59,384.78,1667,385.18,2023-12-04T20:00:00Z,233877,386.039159
385.9,386.1,385.85,16,386.09,2023-12-04T21:00:00Z,9774,385.950517
384.57,384.81,384.57,4,384.81,2023-12-05T13:00:00Z,1118,384.637273
385.86,386.15,383.98,579,384.45,2023-12-05T14:00:00Z,71561,385.186526
388.275,388.48,385.97,1676,385.97,2023-12-05T15:00:00Z,193828,387.480134
386.23,388.47,385.45,1101,388.28,2023-12-05T16:00:00Z,104928,386.954815
386.385,386.93,385.31,780,386.535,2023-12-05T17:00:00Z,69530,386.241498
386.33,386.81,385.955,743,386.41,2023-12-05T18:00:00Z,66345,386.351412
387.01,387.12,386.03,767,386.37,2023-12-05T19:00:00Z,79074,386.593746
387.31,387.31,386.62,1488,387.005,2023-12-05T20:00:00Z,190608,387.029117
386.94,387.55,386.94,18,387.35,2023-12-05T21:00:00Z,6468,387.346957
389.58,389.58,388.9,5,389.12,2023-12-06T13:00:00Z,2500,389.2624
388.255,390.34,388.02,736,390.11,2023-12-06T14:00:00Z,88503,388.754679
387.86,388.77,386.54,1191,388.245,2023-12-06T15:00:00Z,134586,387.614169
387.49,388.28,386.3,838,387.93,2023-12-06T16:00:00Z,77525,387.169855
386.31,387.68,386.275,692,387.49,2023-12-06T17:00:00Z,36403,387.098261
386.73,386.75,385.77,834,386.3,2023-12-06T18:00:00Z,61485,386.324761
386.31,386.81,386.15,689,386.735,2023-12-06T19:00:00Z,52681,386.49983
385.02,386.37,384.71,1748,386.245,2023-12-06T20:00:00Z,227803,385.207258
384.98,385.11,384.91,49,385.08,2023-12-06T21:00:00Z,17317,385.029482
387.56,387.56,386.05,12,386.05,2023-12-07T13:00:00Z,2830,386.869738
387.59,389.21,387.01,687,387.96,2023-12-07T14:00:00Z,117202,387.858674
389.57,389.825,387.42,789,387.485,2023-12-07T15:00:00Z,102296,388.976298
390.26,390.31,388.06,631,389.64,2023-12-07T16:00:00Z,98711,389.012069
390.53,391.06,389.91,770,390.315,2023-12-07T17:00:00Z,97690,390.620918
390.54,390.85,390.09,485,390.47,2023-12-07T18:00:00Z,44729,390.42561
390.23,391.27,390.23,771,390.48,2023-12-07T19:00:00Z,73835,390.753302
390.56,390.92,390.2,2028,390.2,2023-12-07T20:00:00Z,250823,390.585426
390.1,390.4,389.99,29,390.35,2023-12-07T21:00:00Z,13845,390.292748
389.09,389.39,387.28,70,389.23,2023-12-08T13:00:00Z,14626,388.662624
389.65,390.35,388.53,1215,388.91,2023-12-08T14:00:00Z,147895,389.496643
392.3,392.5,389.79,1273,389.79,2023-12-08T15:00:00Z,144182,391.352475
390.38,392.46,390.01,884,392.34,2023-12-08T16:00:00Z,100900,390.882937
391.38,391.43,389.53,647,390.49,2023-12-08T17:00:00Z,59784,390.800988
391.84,391.85,391.24,490,391.42,2023-12-08T18:00:00Z,47584,391.580389
392.49,392.62,391.75,806,391.87,2023-12-08T19:00:00Z,71394,392.261171
392.15,392.6,391.92,2346,392.5,2023-12-08T20:00:00Z,229710,392.277659
391.98,392.02,391.92,8,392.0,2023-12-08T21:00:00Z,3469,391.970404
391.69,391.69,391.53,3,391.53,2023-12-11T13:00:00Z,1200,391.606667
393.68,393.77,391.58,1013,391.78,2023-12-11T14:00:00Z,95334,392.899198
394.15,394.65,393.12,1442,393.76,2023-12-11T15:00:00Z,139486,393.837297
393.79,394.32,392.82,1151,394.12,2023-12-11T16:00:00Z,106872,393.498519
394.77,394.77,393.42,717,393.77,2023-12-11T17:00:00Z,67670,394.270727
395.52,395.745,394.39,993,394.71,2023-12-11T18:00:00Z,79286,395.269755
395.25,395.79,395.115,1123,395.52,2023-12-11T19:00:00Z,84059,395.407526
395.62,395.67,394.97,1965,395.24,2023-12-11T20:00:00Z,157663,395.413893
395.81,395.83,395.52,8,395.7,2023-12-11T21:00:00Z,3301,395.672906
395.73,396.14,395.63,5,396.14,2023-12-12T13:00:00Z,558,395.792
396.06,396.08,394.42,548,395.99,2023-12-12T14:00:00Z,58829,395.238987
396.865,396.865,395.86,895,396.13,2023-12-12T15:00:00Z,77172,396.2763
396.57,397.32,396.51,657,396.845,2023-12-12T16:00:00Z,68416,396.917338
396.88,397.0,396.11,434,396.57,2023-12-12T17:00:00Z,32731,396.672518
397.69,397.7,396.74,728,396.83,2023-12-12T18:00:00Z,109410,397.360307
398.09,398.1,397.485,653,397.61,2023-12-12T19:00:00Z,58310,397.75368
398.78,398.79,397.965,2037,398.075,2023-12-12T20:00:00Z,215563,398.421664
399.3,399.3,399.12,15,399.15,2023-12-12T21:00:00Z,6807,399.180588
400.16,400.16,399.64,50,399.65,2023-12-13T13:00:00Z,11079,399.943554
399.69,400.78,399.4,684,400.24,2023-12-13T14:00:00Z,67553,400.131986
400.105,400.55,399.5,843,399.61,2023-12-13T15:00:00Z,75199,400.045118
399.45,400.37,399.39,738,400.105,2023-12-13T16:00:00Z,69104,399.80814
399.265,399.67,399.16,534,399.45,2023-12-13T17:00:00Z,47486,399.354179
399.28,399.44,398.86,689,399.22,2023-12-13T18:00:00Z,64244,399.162079
403.53,403.98,399.67,1981,399.75,2023-12-13T19:00:00Z,222503,402.003671
403.79,404.33,401.4,2872,403.58,2023-12-13T20:00:00Z,296405,402.986532
403.53,403.86,403.23,49,403.71,2023-12-13T21:00:00Z,21492,403.544337
405.79,405.79,404.77,30,404.82,2023-12-14T13:00:00Z,3202,405.181034
405.55,406.29,404.86,1275,405.72,2023-12-14T14:00:00Z,125972,405.611896
404.76,405.61,403.65,1905,405.6,2023-12-14T15:00:00Z,189646,404.603227
404.0,404.86,403.12,1631,404.75,2023-12-14T16:00:00Z,164324,403.77689
402.95,404.93,402.95,1267,404.0,2023-12-14T17:00:00Z,108983,404.268215
401.3,402.92,400.365,1502,402.92,2023-12-14T18:00:00Z,176956,401.899034
402.95,403.04,401.3,1237,401.3,2023-12-14T19:00:00Z,130446,402.27371
403.4,403.41,402.75,2375,402.95,2023-12-14T20:00:00Z,291292,403.070649
403.11,403.12,403.08,7,403.08,2023-12-14T21:00:00Z,2400,403.10625
404.07,404.39,403.52,47,404.39,2023-12-15T13:00:00Z,16353,404.116516
404.94,405.57,403.48,1051,404.43,2023-12-15T14:00:00Z,150776,404.689267
405.88,406.26,404.76,2004,405.05,2023-12-15T15:00:00Z,193944,405.662595
405.95,406.53,405.395,1179,405.9,2023-12-15T16:00:00Z,112995,406.017746
404.54,406.145,404.46,1010,406.02,2023-12-15T17:00:00Z,137483,405.647656
404.01,405.46,403.59,1229,404.47,2023-12-15T18:00:00Z,113874,404.49781
404.76,405.16,403.77,1129,403.985,2023-12-15T19:00:00Z,127339,404.553939
404.935,406.09,404.66,2375,404.82,2023-12-15T20:00:00Z,288315,405.358188
404.89,405.19,404.89,29,405.16,2023-12-15T21:00:00Z,17506,405.050908
404.64,404.95,404.64,12,404.87,2023-12-18T13:00:00Z,2879,404.755
405.7,405.76,404.65,800,404.77,2023-12-18T14:00:00Z,74204,405.24454
405.5,406.33,405.39,1072,405.72,2023-12-18T15:00:00Z,97833,405.906448
406.28,406.54,405.185,927,405.45,2023-12-18T16:00:00Z,119981,406.155339
406.98,407.09,406.35,576,406.35,2023-12-18T17:00:00Z,48648,406.878759
407.51,407.575,406.73,536,406.995,2023-12-18T18:00:00Z,46959,407.281506
407.68,407.98,407.38,797,407.54,2023-12-18T19:00:00Z,79123,407.704043
407.15,407.945,407.105,1823,407.655,2023-12-18T20:00:00Z,227763,407.465563
406.75,406.89,406.55,34,406.89,2023-12-18T21:00:00Z,15269,406.775207
408.19,408.51,407.39,1076,407.61,2023-12-19T14:00:00Z,107850,408.050541
408.6,408.86,407.56,1234,408.19,2023-12-19T15:00:00Z,112445,408.235487
408.195,408.93,408.195,770,408.66,2023-12-19T16:00:00Z,57662,408.650725
408.48,408.7,407.875,895,408.2,2023-12-19T17:00:00Z,71563,408.404358
408.49,408.75,407.84,832,408.49,2023-12-19T18:00:00Z,63692,408.340755
408.66,408.84,408.46,625,408.51,2023-12-19T19:00:00Z,42758,408.684244
409.175,409.25,408.3,1304,408.67,2023-12-19T20:00:00Z,147237,408.812294
409.14,409.31,409.06,8,409.31,2023-12-19T21:00:00Z,4000,409.16075
408.3,408.36,408.15,13,408.15,2023-12-20T13:00:00Z,1681,408.205728
409.13,409.27,407.98,584,408.29,2023-12-20T14:00:00Z,52309,408.739354
409.95,410.46,409.01,1380,409.14,2023-12-20T15:00:00Z,131954,409.81675
409.65,410.0,409.39,899,409.96,2023-12-20T16:00:00Z,56592,409.689148
410.135,410.21,409.23,679,409.705,2023-12-20T17:00:00Z,48863,409.842349
409.58,410.25,409.44,499,410.15,2023-12-20T18:00:00Z,45590,409.887122
404.91,409.63,404.755,1507,409.6,2023-12-20T19:00:00Z,152375,407.178192
403.06,405.54,402.92,3644,404.82,2023-12-20T20:00:00Z,674591,403.930729
403.67,403.67,402.91,33,403.06,2023-12-20T21:00:00Z,10479,403.234895
407.43,407.9,405.9,65,405.9,2023-12-21T13:00:00Z,13515,407.285792
406.39,407.92,406.135,1080,407.43,2023-12-21T14:00:00Z,112083,407.001081
405.81,407.25,405.15,1201,406.41,2023-12-21T15:00:00Z,122906,406.1507
406.01,407.005,405.58,765,405.83,2023-12-21T16:00:00Z,73035,406.317651
404.89,405.945,404.78,1047,405.91,2023-12-21T17:00:00Z,102371,405.255126
406.04,406.05,404.47,1101,404.99,2023-12-21T18:00:00Z,97573,405.525688
406.16,406.72,405.71,1073,405.97,2023-12-21T19:00:00Z,86801,406.151805
407.79,408.13,405.9,2450,406.08,2023-12-21T20:00:00Z,275195,407.625109
407.85,407.85,407.56,5,407.56,2023-12-21T21:00:00Z,933,407.772882
409.07,409.07,407.47,35,407.77,2023-12-22T13:00:00Z,7877,408.569723
409.54,409.96,408.82,805,409.04,2023-12-22T14:00:00Z,91517,409.346987
408.88,409.79,408.88,1071,409.55,2023-12-22T15:00:00Z,105455,409.451656
408.8,409.285,408.24,656,408.84,2023-12-22T16:00:00Z,67544,408.7632
409.15,409.19,408.31,462,408.78,2023-12-22T17:00:00Z,34508,408.804915
409.04,409.45,408.99,445,409.2,2023-12-22T18:00:00Z,26692,409.273413
408.64,409.09,406.56,1111,409.02,2023-12-22T19:00:00Z,123780,407.747557
408.48,408.73,407.99,1350,408.72,2023-12-22T20:00:00Z,171908,408.374636
408.06,408.59,408.04,11,408.59,2023-12-22T21:00:00Z,6810,408.229412
409.05,409.18,409.05,8,409.18,2023-12-26T13:00:00Z,974,409.084091
409.99,410.24,409.18,600,409.25,2023-12-26T14:00:00Z,39554,409.751625
409.96,410.39,409.62,431,409.965,2023-12-26T15:00:00Z,47104,410.078874
410.24,410.26,409.59,240,409.95,2023-12-26T16:00:00Z,26040,409.961712
410.075,410.32,409.84,272,409.99,2023-12-26T17:00:00Z,23717,410.083925
410.06,410.42,410.0,296,410.0,2023-12-26T18:00:00Z,27007,410.229353
410.655,410.69,410.045,324,410.045,2023-12-26T19:00:00Z,24715,410.38549
410.9,411.56,410.57,1712,410.72,2023-12-26T20:00:00Z,246651,410.917818
410.95,410.97,410.95,4,410.96,2023-12-26T21:00:00Z,2430,410.96
411.49,411.63,411.04,322,411.04,2023-12-27T14:00:00Z,28910,411.330385
410.6,411.7,410.13,658,411.445,2023-12-27T15:00:00Z,67161,410.74124
410.88,411.07,410.33,392,410.63,2023-12-27T16:00:00Z,50926,410.800733
410.57,411.045,410.365,534,410.86,2023-12-27T17:00:00Z,53729,410.792583
411.29,411.78,410.64,660,410.64,2023-12-27T18:00:00Z,111543,411.286784
410.71,411.25,410.27,683,411.04,2023-12-27T19:00:00Z,114635,410.782131
411.46,411.51,410.57,1333,410.71,2023-12-27T20:00:00Z,157903,410.966695
411.71,411.71,411.71,1,411.71,2023-12-27T21:00:00Z,800,411.71
412.08,412.89,411.865,385,412.69,2023-12-28T14:00:00Z,54281,412.09675
412.17,412.53,411.54,644,412.085,2023-12-28T15:00:00Z,74129,412.08681
411.755,412.16,411.6,691,412.16,2023-12-28T16:00:00Z,88750,411.880374
412.17,412.25,411.715,814,411.745,2023-12-28T17:00:00Z,81541,412.025618
411.84,412.27,411.29,841,412.16,2023-12-28T18:00:00Z,50880,411.864393
411.84,412.18,411.74,676,411.89,2023-12-28T19:00:00Z,74487,411.976576
411.26,411.85,410.94,1243,411.83,2023-12-28T20:00:00Z,168986,411.348016
411.21,411.44,411.21,9,411.44,2023-12-28T21:00:00Z,3900,411.307564
411.18,411.3,411.18,3,411.18,2023-12-29T13:00:00Z,898,411.208463
411.385,411.64,410.9,367,411.28,2023-12-29T14:00:00Z,60894,411.390733
409.46,411.57,409.08,1150,411.315,2023-12-29T15:00:00Z,122814,410.278806
408.49,409.69,407.58,1470,409.52,2023-12-29T16:00:00Z,137589,408.246998
408.9,408.94,407.74,798,408.57,2023-12-29T17:00:00Z,86404,408.252733
409.58,409.91,408.79,788,408.85,2023-12-29T18:00:00Z,61666,409.333213
410.04,410.11,409.43,1000,409.63,2023-12-29T19:00:00Z,75259,409.72759
409.46,410.22,408.76,2023,410.045,2023-12-29T20:00:00Z,269803,409.5243
409.25,409.45,409.25,6,409.39,2023-12-29T21:00:00Z,3101,409.359677
405.63,405.7,405.14,18,405.48,2024-01-02T13:00:00Z,4414,405.46881
403.52,406.19,402.51,1497,405.43,2024-01-02T14:00:00Z,148961,403.979451
402.385,404.13,401.78,1998,403.575,2024-01-02T15:00:00Z,199349,402.674242
403.95,404.15,402.34,2017,402.34,2024-01-02T16:00:00Z,191488,403.473519
402.63,404.18,402.53,1141,403.97,2024-01-02T17:00:00Z,100683,403.525421
402.0,403.1,401.86,1035,402.55,2024-01-02T18:00:00Z,105688,402.641241
400.96,402.25,400.96,1217,401.99,2024-01-02T19:00:00Z,124267,401.6765
402.6,402.68,400.26,2945,401.065,2024-01-02T20:00:00Z,411752,401.635699
402.76,402.93,402.76,18,402.79,2024-01-02T21:00:00Z,10358,402.839417
400.13,400.8,400.13,6,400.61,2024-01-03T13:00:00Z,1900,400.44
400.03,400.74,399.3,1367,399.79,2024-01-03T14:00:00Z,157796,400.049022
399.65,400.92,398.4,1710,400.04,2024-01-03T15:00:00Z,190695,399.232918
398.79,400.115,398.79,843,399.65,2024-01-03T16:00:00Z,110608,399.342025
399.82,399.86,398.55,896,398.8,2024-01-03T17:00:00Z,74170,399.124809
399.33,400.145,399.09,752,399.785,2024-01-03T18:00:00Z,66585,399.641017
399.5,400.43,398.13,1187,399.33,2024-01-03T19:00:00Z,117140,399.542461
398.27,399.585,397.95,1596,399.585,2024-01-03T20:00:00Z,190938,398.588607
398.2,398.25,398.17,13,398.25,2024-01-03T21:00:00Z,4003,398.20825
396.7,397.51,396.55,30,397.51,2024-01-04T13:00:00Z,4659,396.808262
396.61,397.51,396.21,573,396.66,2024-01-04T14:00:00Z,62978,396.902278
398.22,398.55,396.29,1002,396.63,2024-01-04T15:00:00Z,98889,397.894496
398.2,399.56,397.97,823,398.265,2024-01-04T16:00:00Z,79346,398.967305
397.75,398.23,397.175,868,398.14,2024-01-04T17:00:00Z,71015,397.794771
397.76,398.3,397.47,506,397.715,2024-01-04T18:00:00Z,52215,397.928784
397.3,397.95,396.82,759,397.77,2024-01-04T19:00:00Z,89399,397.271813
396.34,397.82,396.07,1653,397.305,2024-01-04T20:00:00Z,251538,396.710636
396.44,396.44,396.12,26,396.24,2024-01-04T21:00:00Z,12124,396.290656
395.38,395.47,393.84,38,395.47,2024-01-05T13:00:00Z,7809,394.446517
397.0,397.52,395.58,870,395.58,2024-01-05T14:00:00Z,95484,396.969293
399.19,399.3,397.31,1659,397.31,2024-01-05T15:00:00Z,174276,398.78432
398.05,399.5,397.55,1068,399.25,2024-01-05T16:00:00Z,95369,398.484607
396.96,398.01,396.45,856,398.01,2024-01-05T17:00:00Z,74130,396.989817
397.38,397.78,396.04,712,396.92,2024-01-05T18:00:00Z,70033,396.99186
395.745,397.87,395.73,928,397.48,2024-01-05T19:00:00Z,90098,396.933717
396.71,396.98,395.36,1808,395.78,2024-01-05T20:00:00Z,187559,396.336438
396.86,396.86,396.63,14,396.73,2024-01-05T21:00:00Z,8653,396.712199
397.52,397.52,397.52,1,397.52,2024-01-08T13:00:00Z,100,397.52
400.86,400.915,397.41,890,397.41,2024-01-08T14:00:00Z,148551,399.460922
401.465,401.8,400.46,988,400.8,2024-01-08T15:00:00Z,91610,401.112099
401.98,401.98,401.15,795,401.52,2024-01-08T16:00:00Z,69881,401.51361
402.835,402.96,401.89,672,401.96,2024-01-08T17:00:00Z,55690,402.343662
403.48,403.54,402.67,1012,402.91,2024-01-08T18:00:00Z,93559,402.966554
404.515,404.77,403.27,1719,403.46,2024-01-08T19:00:00Z,172700,403.962358
405.0,405.235,404.255,3079,404.45,2024-01-08T20:00:00Z,516933,404.893952
404.74,405.02,404.74,35,405.02,2024-01-08T21:00:00Z,11301,404.920768
401.77,402.69,401.73,83,402.62,2024-01-09T13:00:00Z,13860,402.024355
402.76,402.99,401.73,1182,401.95,2024-01-09T14:00:00Z,125975,402.301153
403.47,403.87,402.255,1419,402.745,2024-01-09T15:00:00Z,127980,403.3311
405.8,405.8,403.55,932,403.55,2024-01-09T16:00:00Z,109226,404.607416
406.1,406.18,405.4,532,405.825,2024-01-09T17:00:00Z,40249,405.704527
405.96,406.65,405.03,757,406.15,2024-01-09T18:00:00Z,83353,405.69711
405.695,406.36,405.19,780,406.05,2024-01-09T19:00:00Z,64574,405.730125
405.78,406.01,404.61,1749,405.69,2024-01-09T20:00:00Z,183019,405.498193
405.7,405.85,405.7,10,405.83,2024-01-09T21:00:00Z,4758,405.763742
405.49,405.63,405.49,4,405.63,2024-01-10T13:00:00Z,1000,405.573
405.99,406.87,405.47,636,405.88,2024-01-10T14:00:00Z,82846,406.334707
407.34,407.36,405.17,1304,406.05,2024-01-10T15:00:00Z,109544,406.369235
407.0,407.44,406.45,555,407.37,2024-01-10T16:00:00Z,43524,406.850122
407.8,407.85,406.86,478,407.005,2024-01-10T17:00:00Z,37800,407.350668
408.11,408.28,407.23,646,407.72,2024-01-10T18:00:00Z,59302,407.895668
409.43,409.44,408.07,984,408.14,2024-01-10T19:00:00Z,89397,408.893381
408.48,409.51,407.395,1756,409.5,2024-01-10T20:00:00Z,183900,408.405431
408.91,408.91,408.53,10,408.7,2024-01-10T21:00:00Z,4309,408.641536
407.88,409.45,407.75,60,409.25,2024-01-11T13:00:00Z,10619,408.679678
409.13,411.14,407.93,934,407.93,2024-01-11T14:00:00Z,90016,409.653212
406.76,409.13,406.04,1769,409.13,2024-01-11T15:00:00Z,181286,407.087387
404.72,406.92,404.28,1811,406.8,2024-01-11T16:00:00Z,172445,405.348754
406.29,406.75,404.78,942,404.78,2024-01-11T17:00:00Z,131046,405.640804
408.58,408.6,406.28,954,406.31,2024-01-11T18:00:00Z,92202,407.448861
409.555,409.75,408.14,991,408.82,2024-01-11T19:00:00Z,99139,408.953606
409.35,409.65,408.38,1534,409.65,2024-01-11T20:00:00Z,169007,409.109292
409.18,409.41,409.18,26,409.38,2024-01-11T21:00:00Z,11001,409.314199
409.25,409.63,408.94,27,409.14,2024-01-12T13:00:00Z,4948,409.308118
409.88,411.22,409.27,747,409.29,2024-01-12T14:00:00Z,138880,410.331635
408.92,410.32,408.18,1093,409.945,2024-01-12T15:00:00Z,177830,409.18651
408.515,410.09,408.4,679,408.84,2024-01-12T16:00:00Z,67815,409.309295
409.14,409.375,408.3,456,408.49,2024-01-12T17:00:00Z,50124,408.870935
409.78,409.83,409.215,493,409.29,2024-01-12T18:00:00Z,35998,409.511589
409.08,410.03,408.91,506,409.78,2024-01-12T19:00:00Z,41248,409.499084
409.48,409.75,408.635,1150,409.04,2024-01-12T20:00:00Z,118684,409.394927
409.06,409.46,409.06,17,409.46,2024-01-12T21:00:00Z,8408,409.391912
407.97,408.53,407.49,17,407.49,2024-01-16T13:00:00Z,3061,408.104939
408.27,408.94,406.92,947,407.7,2024-01-16T14:00:00Z,82184,407.947726
410.6,411.11,407.735,1372,408.245,2024-01-16T15:00:00Z,127434,409.730676
409.11,410.86,408.83,1149,410.84,2024-01-16T16:00:00Z,120086,409.890415
407.86,409.34,407.77,614,409.1,2024-01-16T17:00:00Z,63680,408.541917
407.995,409.08,407.72,646,407.81,2024-01-16T18:00:00Z,64012,408.405732
408.61,408.65,407.04,651,408.13,2024-01-16T19:00:00Z,60931,407.963454
409.52,409.58,408.43,1651,408.605,2024-01-16T20:00:00Z,162125,408.923497
409.61,409.61,409.39,27,409.54,2024-01-16T21:00:00Z,9592,409.502459
405.96,406.76,405.8,27,406.63,2024-01-17T13:00:00Z,3616,406.054525
403.31,406.58,403.31,1148,406.09,2024-01-17T14:00:00Z,112019,404.54367
404.88,405.26,402.96,1436,403.34,2024-01-17T15:00:00Z,155411,404.26861
405.84,406.54,404.88,843,404.88,2024-01-17T16:00:00Z,96542,405.836478
405.81,406.1,404.96,670,405.84,2024-01-17T17:00:00Z,71947,405.579032
404.64,406.14,404.02,766,405.8,2024-01-17T18:00:00Z,83249,404.783986
406.225,406.57,404.54,873,404.63,2024-01-17T19:00:00Z,82540,405.547454
407.26,407.57,405.495,1726,406.245,2024-01-17T20:00:00Z,223659,406.878146
407.04,407.19,406.9,31,407.19,2024-01-17T21:00:00Z,13860,407.042373
410.27,411.41,410.09,30,411.05,2024-01-18T13:00:00Z,7874,410.561681
411.14,411.83,410.3,1046,410.3,2024-01-18T14:00:00Z,126800,411.284735
411.895,412.43,410.22,1554,411.22,2024-01-18T15:00:00Z,188141,411.329353
412.38,412.98,411.19,1330,411.88,2024-01-18T16:00:00Z,140913,412.298815
410.52,412.47,410.36,1297,412.47,2024-01-18T17:00:00Z,104030,411.033524
410.97,411.045,409.17,1197,410.52,2024-01-18T18:00:00Z,107393,410.105028
412.92,413.17,410.95,1405,411.01,2024-01-18T19:00:00Z,125579,412.361933
413.14,413.57,412.62,2789,412.99,2024-01-18T20:00:00Z,284195,413.150427
413.32,413.36,412.81,21,412.96,2024-01-18T21:00:00Z,10062,413.063192
415.98,416.39,415.98,9,416.39,2024-01-19T13:00:00Z,2150,416.1
415.59,416.06,414.645,1037,415.68,2024-01-19T14:00:00Z,124933,415.292684
416.08,416.43,414.71,1538,416.01,2024-01-19T15:00:00Z,137338,415.635427
416.98,417.09,415.79,1222,415.91,2024-01-19T16:00:00Z,118646,416.58938
418.38,418.4,416.3,1520,417.05,2024-01-19T17:00:00Z,147896,417.499943
420.09,420.09,417.95,1483,418.34,2024-01-19T18:00:00Z,154330,419.203726
420.915,421.09,419.905,1724,420.11,2024-01-19T19:00:00Z,192965,420.538122
421.24,421.33,420.58,2705,420.87,2024-01-19T20:00:00Z,311382,421.042009
421.88,421.91,421.26,46,421.27,2024-01-19T21:00:00Z,19481,421.653943
423.36,424.16,423.27,13,424.12,2024-01-22T13:00:00Z,5084,423.636673
423.54,424.69,422.51,969,423.26,2024-01-22T14:00:00Z,95465,423.538607
421.46,423.82,421.24,1494,423.72,2024-01-22T15:00:00Z,179534,422.472037
422.95,423.005,421.27,883,421.47,2024-01-22T16:00:00Z,77853,422.294344
422.275,422.995,421.82,820,422.915,2024-01-22T17:00:00Z,52824,422.335108
422.22,422.32,421.16,665,422.255,2024-01-22T18:00:00Z,50745,421.741311
421.95,422.39,421.305,468,422.31,2024-01-22T19:00:00Z,36247,421.833841
421.75,422.44,421.59,1233,421.98,2024-01-22T20:00:00Z,163738,421.812795
421.66,421.72,421.37,19,421.63,2024-01-22T21:00:00Z,5757,421.501251
422.68,423.35,422.35,14,422.35,2024-01-23T13:00:00Z,4952,422.967613
422.115,422.48,420.59,782,422.42,2024-01-23T14:00:00Z,127367,421.587403
421.58,422.34,421.06,705,422.29,2024-01-23T15:00:00Z,116216,421.626145
421.96,422.25,421.03,798,421.61,2024-01-23T16:00:00Z,57051,421.595225
422.53,422.53,421.36,345,421.965,2024-01-23T17:00:00Z,29997,421.844256
422.29,422.57,421.82,649,422.57,2024-01-23T18:00:00Z,55711,422.211318
422.61,422.74,421.92,722,422.36,2024-01-23T19:00:00Z,53841,422.227621
423.39,423.635,422.54,1811,422.635,2024-01-23T20:00:00Z,215733,423.252193
424.13,424.13,423.11,26,423.62,2024-01-23T21:00:00Z,8181,423.649506
426.87,427.45,426.12,621,426.83,2024-01-24T14:00:00Z,96044,426.79057
428.49,429.15,426.18,1037,426.94,2024-01-24T15:00:00Z,129767,428.092635
428.81,428.9,427.37,935,428.62,2024-01-24T16:00:00Z,80876,428.056219
429.65,429.84,428.53,713,428.84,2024-01-24T17:00:00Z,71102,429.139877
428.04,429.545,427.64,1085,429.54,2024-01-24T18:00:00Z,97168,428.499873
426.76,428.08,426.03,1098,428.0,2024-01-24T19:00:00Z,127056,426.994994
425.85,427.21,425.34,1440,426.67,2024-01-24T20:00:00Z,165874,426.052358
425.83,425.84,424.51,34,425.84,2024-01-24T21:00:00Z,8897,425.31
427.95,427.96,427.03,28,427.03,2024-01-25T13:00:00Z,5463,427.639806
426.97,428.41,426.89,896,428.04,2024-01-25T14:00:00Z,98455,427.493225
428.06,428.69,426.61,868,427.1,2024-01-25T15:00:00Z,106242,427.853816
428.38,429.03,427.45,545,427.98,2024-01-25T16:00:00Z,57041,428.262885
426.6,428.52,426.27,567,428.43,2024-01-25T17:00:00Z,66043,427.09272
424.84,427.33,424.72,755,426.62,2024-01-25T18:00:00Z,95379,426.187996
425.62,425.62,423.98,838,424.77,2024-01-25T19:00:00Z,110253,424.675703
426.3,426.325,425.165,1475,425.56,2024-01-25T20:00:00Z,175028,425.771117
425.19,426.03,425.08,48,426.03,2024-01-25T21:00:00Z,15764,425.415502
425.53,425.53,424.12,21,424.91,2024-01-26T13:00:00Z,3775,424.824286
424.27,424.75,423.49,514,424.56,2024-01-26T14:00:00Z,54600,424.117022
426.04,426.04,423.2,744,424.2,2024-01-26T15:00:00Z,128164,424.776972
425.71,426.15,424.94,508,426.12,2024-01-26T16:00:00Z,46759,425.624521
423.8,426.19,423.46,646,425.72,2024-01-26T17:00:00Z,74421,424.888619
423.53,424.25,423.21,390,423.56,2024-01-26T18:00:00Z,36177,423.670946
424.63,424.825,423.465,529,423.56,2024-01-26T19:00:00Z,49492,424.081756
423.72,424.67,423.49,1181,424.62,2024-01-26T20:00:00Z,151335,423.88598
423.1,423.78,423.1,29,423.78,2024-01-26T21:00:00Z,13642,423.355857
424.28,424.3,424.11,10,424.27,2024-01-29T13:00:00Z,1621,424.270667
424.55,425.1,423.88,420,424.19,2024-01-29T14:00:00Z,41972,424.679822
423.95,424.76,423.76,895,424.41,2024-01-29T15:00:00Z,84871,424.162866
425.05,425.06,423.63,384,423.88,2024-01-29T16:00:00Z,33587,424.295027
425.39,425.74,424.965,549,425.08,2024-01-29T17:00:00Z,52523,425.337198
425.23,425.61,425.11,377,425.505,2024-01-29T18:00:00Z,22499,425.358249
426.13,426.33,425.18,467,425.21,2024-01-29T19:00:00Z,35040,425.957308
428.15,428.35,426.26,2245,426.26,2024-01-29T20:00:00Z,291677,427.760793
428.02,428.18,427.72,43,428.13,2024-01-29T21:00:00Z,19089,427.972639
427.2,427.2,427.09,3,427.09,2024-01-30T13:00:00Z,254,427.134
427.3,427.65,426.86,480,427.32,2024-01-30T14:00:00Z,61704,427.361063
426.645,427.32,426.12,932,427.31,2024-01-30T15:00:00Z,98307,426.725641
426.56,426.91,426.3,627,426.64,2024-01-30T16:00:00Z,46772,426.613988
424.96,426.745,424.78,662,426.62,2024-01-30T17:00:00Z,67279,425.675193
424.89,425.615,424.63,632,424.955,2024-01-30T18:00:00Z,52999,425.094231
425.42,425.645,424.39,589,424.92,2024-01-30T19:00:00Z,46250,425.112437
425.26,425.83,425.06,1795,425.4,2024-01-30T20:00:00Z,146562,425.354422
422.63,425.39,422.63,102,425.27,2024-01-30T21:00:00Z,25866,424.014932
421.12,421.86,421.03,19,421.45,2024-01-31T13:00:00Z,5076,421.451453
420.2,421.5,419.67,826,420.97,2024-01-31T14:00:00Z,110777,420.499801
418.51,420.42,418.09,1479,420.01,2024-01-31T15:00:00Z,151263,418.984141
419.45,419.69,418.5,863,418.5,2024-01-31T16:00:00Z,92446,419.223068
420.17,420.17,419.28,630,419.45,2024-01-31T17:00:00Z,54699,419.795447
420.53,420.92,420.085,936,420.145,2024-01-31T18:00:00Z,78241,420.475309
420.36,422.86,418.71,1061,420.53,2024-01-31T19:00:00Z,117947,420.674258
416.95,420.47,416.81,1848,420.39,2024-01-31T20:00:00Z,225247,417.797364
417.49,417.49,416.68,28,416.69,2024-01-31T21:00:00Z,6648,417.080767
419.65,419.95,419.59,11,419.68,2024-02-01T13:00:00Z,4400,419.710909
418.69,419.76,418.34,601,419.76,2024-02-01T14:00:00Z,70553,418.991796
418.05,420.32,417.96,1614,418.615,2024-02-01T15:00:00Z,151807,419.459201
419.21,419.48,417.81,954,418.025,2024-02-01T16:00:00Z,98023,418.578869
420.54,421.35,419.215,789,419.25,2024-02-01T17:00:00Z,71294,420.278809
420.45,421.05,419.42,654,420.69,2024-02-01T18:00:00Z,74986,420.273651
421.87,421.96,420.48,712,420.57,2024-02-01T19:00:00Z,87758,421.233811
422.07,422.365,421.2,1443,421.88,2024-02-01T20:00:00Z,177473,421.849582
426.36,426.84,422.24,77,422.74,2024-02-01T21:00:00Z,19732,425.041634
423.53,425.26,423.39,39,424.77,2024-02-02T13:00:00Z,9473,424.39665
425.79,426.59,422.84,1347,423.71,2024-02-02T14:00:00Z,152489,424.794607
426.93,427.54,424.82,1129,425.93,2024-02-02T15:00:00Z,120211,426.231811
428.49,428.84,426.23,901,426.96,2024-02-02T16:00:00Z,103307,427.871257
428.68,429.79,427.6,1073,428.67,2024-02-02T17:00:00Z,106147,428.628821
429.08,429.34,428.05,597,428.81,2024-02-02T18:00:00Z,44700,428.864447
429.92,430.24,429.2,947,429.2,2024-02-02T19:00:00Z,90197,429.828895
429.145,430.215,429.14,1724,429.96,2024-02-02T20:00:00Z,209370,429.634568
428.2,429.07,428.2,36,428.78,2024-02-02T21:00:00Z,17461,428.679972
428.69,428.73,428.5,14,428.7,2024-02-05T13:00:00Z,2296,428.599331
428.67,429.39,427.97,1023,428.61,2024-02-05T14:00:00Z,87670,428.824277
425.96,428.46,425.06,1092,428.33,2024-02-05T15:00:00Z,119312,426.74959
427.51,427.61,425.78,837,425.925,2024-02-05T16:00:00Z,91481,426.694218
428.41,428.98,427.44,841,427.5,2024-02-05T17:00:00Z,71945,428.274858
428.46,428.98,428.0,514,428.42,2024-02-05T18:00:00Z,48157,428.438606
429.35,429.59,428.16,616,428.46,2024-02-05T19:00:00Z,61978,428.895992
428.42,429.36,427.88,1266,429.36,2024-02-05T20:00:00Z,142125,428.706707
428.47,428.58,428.17,36,428.28,2024-02-05T21:00:00Z,12900,428.418353
429.57,429.65,429.3,14,429.41,2024-02-06T13:00:00Z,1650,429.519471
427.535,430.155,427.535,784,429.67,2024-02-06T14:00:00Z,88664,428.856429
427.1,427.57,426.13,1198,427.34,2024-02-06T15:00:00Z,141964,426.964664
425.9,427.68,425.66,706,427.04,2024-02-06T16:00:00Z,90425,426.620456
425.95,426.53,425.25,1000,425.89,2024-02-06T17:00:00Z,73927,425.899052
426.905,426.94,425.88,1021,425.97,2024-02-06T18:00:00Z,92456,426.383477
427.0,427.07,425.29,700,426.9,2024-02-06T19:00:00Z,56108,426.071929
427.67,427.68,426.17,1386,427.025,2024-02-06T20:00:00Z,138269,427.000127
427.2,427.37,427.15,27,427.37,2024-02-06T21:00:00Z,12255,427.267705
429.61,429.71,429.29,14,429.29,2024-02-07T13:00:00Z,3999,429.527067
429.78,430.485,429.09,779,429.74,2024-02-07T14:00:00Z,84306,429.801036
431.82,432.81,429.26,1741,429.77,2024-02-07T15:00:00Z,206383,431.270293
432.12,432.3,431.09,863,431.81,2024-02-07T16:00:00Z,94114,431.773667
431.52,432.305,430.565,732,432.105,2024-02-07T17:00:00Z,71658,431.488617
432.28,432.42,430.87,548,431.39,2024-02-07T18:00:00Z,65183,431.985921
432.29,432.49,431.79,533,432.27,2024-02-07T19:00:00Z,49436,432.151444
432.03,432.62,431.78,1288,432.32,2024-02-07T20:00:00Z,148673,432.09451
432.14,432.34,431.89,27,431.97,2024-02-07T21:00:00Z,9355,432.145407
431.72,431.8,431.27,10,431.27,2024-02-08T13:00:00Z,2356,431.602174
432.485,432.485,431.45,513,431.78,2024-02-08T14:00:00Z,61014,432.023995
433.37,433.43,431.85,880,432.51,2024-02-08T15:00:00Z,73405,432.558532
433.32,433.48,432.74,629,433.32,2024-02-08T16:00:00Z,51089,433.124387
432.57,433.54,432.44,542,433.31,2024-02-08T17:00:00Z,37098,433.016308
432.9,433.365,432.49,607,432.59,2024-02-08T18:00:00Z,55864,433.008139
432.725,433.06,431.92,718,432.98,2024-02-08T19:00:00Z,48240,432.493269
432.79,433.12,432.42,1142,432.81,2024-02-08T20:00:00Z,116161,432.77978
432.78,432.78,432.59,26,432.59,2024-02-08T21:00:00Z,6738,432.668983
434.51,434.98,434.25,23,434.72,2024-02-09T13:00:00Z,6618,434.55133
434.77,434.77,433.18,644,434.41,2024-02-09T14:00:00Z,72754,433.87803
435.98,436.06,434.29,1157,434.8,2024-02-09T15:00:00Z,134436,435.246161
436.0,436.29,435.37,717,435.97,2024-02-09T16:00:00Z,78891,435.969871
436.72,436.73,435.62,704,435.96,2024-02-09T17:00:00Z,57285,436.02595
437.05,437.21,436.63,727,436.71,2024-02-09T18:00:00Z,62993,436.896243
437.54,437.83,436.86,611,437.04,2024-02-09T19:00:00Z,52644,437.325898
437.03,437.46,436.89,1203,437.46,2024-02-09T20:00:00Z,136051,437.097011
437.01,437.01,436.84,27,437.0,2024-02-09T21:00:00Z,16653,436.922516
436.95,437.08,436.94,8,437.08,2024-02-12T13:00:00Z,3970,437.003077
437.19,437.44,436.385,617,436.9,2024-02-12T14:00:00Z,89171,436.943547
438.13,438.22,436.59,834,437.23,2024-02-12T15:00:00Z,111660,437.134666
438.62,439.13,437.76,642,438.18,2024-02-12T16:00:00Z,61522,438.399785
438.73,438.82,437.855,660,438.52,2024-02-12T17:00:00Z,75658,438.270828
436.77,438.85,436.02,738,438.71,2024-02-12T18:00:00Z,77269,437.115485
435.04,436.76,434.67,666,436.62,2024-02-12T19:00:00Z,79687,435.522762
435.39,435.82,435.025,1097,435.06,2024-02-12T20:00:00Z,131274,435.432972
434.29,435.32,434.05,102,435.32,2024-02-12T21:00:00Z,33294,434.689952
428.13,432.54,427.58,162,432.54,2024-02-13T13:00:00Z,33301,428.553689
428.41,428.655,426.35,1176,427.93,2024-02-13T14:00:00Z,130232,427.667792
429.69,431.26,427.4,1445,428.41,2024-02-13T15:00:00Z,195642,429.881516
429.57,430.84,429.45,756,429.71,2024-02-13T16:00:00Z,85115,430.226441
428.43,429.68,428.19,664,429.52,2024-02-13T17:00:00Z,97110,429.106875
427.94,428.98,427.85,515,428.405,2024-02-13T18:00:00Z,51673,428.370775
426.06,428.0,425.9,1034,428.0,2024-02-13T19:00:00Z,131027,426.943046
428.49,428.54,425.35,2532,426.11,2024-02-13T20:00:00Z,290982,426.81198
429.05,429.05,428.34,42,428.54,2024-02-13T21:00:00Z,22543,428.650699
431.04,431.34,430.93,21,431.03,2024-02-14T13:00:00Z,7062,431.072596
431.28,431.94,430.21,713,430.83,2024-02-14T14:00:00Z,86836,431.015955
430.23,432.605,430.215,981,431.34,2024-02-14T15:00:00Z,95575,431.622522
429.81,430.75,429.22,849,430.0,2024-02-14T16:00:00Z,114538,429.894007
430.97,431.17,428.895,708,429.81,2024-02-14T17:00:00Z,52712,430.1301
431.165,431.82,430.16,771,430.85,2024-02-14T18:00:00Z,65542,431.019621
431.385,431.445,429.91,925,431.17,2024-02-14T19:00:00Z,85264,430.869683
433.26,433.65,431.16,1903,431.46,2024-02-14T20:00:00Z,226964,432.812388
433.35,433.36,433.02,15,433.23,2024-02-14T21:00:00Z,7694,433.218412
434.16,434.75,433.99,27,434.07,2024-02-15T13:00:00Z,5692,434.371981
432.18,434.255,432.07,688,434.0,2024-02-15T14:00:00Z,68169,433.112051
432.89,433.295,431.8,1265,432.34,2024-02-15T15:00:00Z,134627,432.64308
432.67,433.07,431.35,890,432.94,2024-02-15T16:00:00Z,87787,432.349931
433.07,433.78,432.38,754,432.7,2024-02-15T17:00:00Z,59634,433.23053
434.47,434.95,433.035,705,433.035,2024-02-15T18:00:00Z,71357,434.201243
434.36,434.85,433.745,708,434.475,2024-02-15T19:00:00Z,109159,434.373985
434.48,434.61,433.555,1168,434.27,2024-02-15T20:00:00Z,145041,434.299554
435.39,435.75,434.69,40,434.69,2024-02-15T21:00:00Z,12657,435.338033
435.21,435.24,434.57,39,435.24,2024-02-16T13:00:00Z,7764,434.993597
431.22,435.39,430.73,891,435.26,2024-02-16T14:00:00Z,112723,433.640607
432.03,432.29,429.9,1380,431.05,2024-02-16T15:00:00Z,150085,431.220724
433.74,434.07,432.0,1458,432.06,2024-02-16T16:00:00Z,99405,433.217444
433.095,433.905,433.06,624,433.64,2024-02-16T17:00:00Z,54733,433.48168
433.68,433.68,431.94,857,433.13,2024-02-16T18:00:00Z,83756,432.646542
431.64,434.31,431.255,911,433.715,2024-02-16T19:00:00Z,90268,433.051355
430.58,431.77,430.0,1409,431.61,2024-02-16T20:00:00Z,154385,430.923409
429.98,430.56,429.83,110,430.56,2024-02-16T21:00:00Z,40432,430.108397
428.98,429.39,428.8,31,428.8,2024-02-20T13:00:00Z,1830,429.066423
426.16,430.01,425.69,722,428.63,2024-02-20T14:00:00Z,73253,427.385782
426.38,426.49,424.23,1247,426.085,2024-02-20T15:00:00Z,123642,425.343582
424.88,427.0,424.79,925,426.46,2024-02-20T16:00:00Z,92152,426.125813
424.78,424.96,423.55,814,424.68,2024-02-20T17:00:00Z,67879,424.288024
425.41,425.42,424.12,661,424.85,2024-02-20T18:00:00Z,61176,424.693581
426.3,426.42,424.84,836,425.45,2024-02-20T19:00:00Z,63044,425.723607
427.31,427.31,425.4,1409,426.39,2024-02-20T20:00:00Z,142160,426.413228
426.55,427.24,426.43,23,427.21,2024-02-20T21:00:00Z,9305,426.742128
424.68,424.68,424.68,1,424.68,2024-02-21T13:00:00Z,100,424.68
423.95,424.95,423.47,677,424.91,2024-02-21T14:00:00Z,59502,424.205574
423.92,425.26,423.6,772,424.06,2024-02-21T15:00:00Z,47955,424.393034
424.84,425.07,423.92,716,423.92,2024-02-21T16:00:00Z,51931,424.543279
424.27,424.86,423.2,702,424.86,2024-02-21T17:00:00Z,59889,423.588259
423.57,424.3,423.025,685,424.18,2024-02-21T18:00:00Z,45486,423.813769
422.45,424.325,421.67,884,423.41,2024-02-21T19:00:00Z,70772,422.843627
425.5,425.69,421.88,1288,422.26,2024-02-21T20:00:00Z,135113,424.522412
429.04,429.17,423.02,74,425.38,2024-02-21T21:00:00Z,11034,427.248765
434.51,434.63,434.2,12,434.26,2024-02-22T13:00:00Z,2698,434.467628
435.1,436.27,433.74,1194,434.4,2024-02-22T14:00:00Z,129438,434.810188
434.915,436.38,434.52,1943,435.27,2024-02-22T15:00:00Z,209229,435.416894
435.81,436.53,434.74,909,434.95,2024-02-22T16:00:00Z,73356,435.925241
437.455,437.455,435.5,700,435.82,2024-02-22T17:00:00Z,52342,436.581455
438.31,438.345,437.095,723,437.46,2024-02-22T18:00:00Z,78359,437.650887
438.23,439.12,437.88,1156,438.29,2024-02-22T19:00:00Z,125958,438.608933
438.2,439.06,438.04,2218,438.18,2024-02-22T20:00:00Z,338991,438.482785
437.57,438.09,437.3,46,438.09,2024-02-22T21:00:00Z,17414,437.712812
438.82,439.04,438.57,6,439.04,2024-02-23T13:00:00Z,2139,438.90957
439.03,440.57,438.62,760,438.92,2024-02-23T14:00:00Z,76017,439.948434
437.54,439.32,437.51,1004,439.06,2024-02-23T15:00:00Z,97831,438.555061
438.0,438.01,435.84,1063,437.55,2024-02-23T16:00:00Z,85609,436.854986
438.15,438.57,437.11,621,438.0,2024-02-23T17:00:00Z,56774,437.963651
437.95,438.56,437.81,606,438.13,2024-02-23T18:00:00Z,56881,438.214849
437.45,437.98,436.84,686,437.92,2024-02-23T19:00:00Z,48676,437.411508
436.77,437.58,436.25,1769,437.57,2024-02-23T20:00:00Z,152164,437.050808
436.31,436.57,436.08,21,436.57,2024-02-23T21:00:00Z,11075,436.252851
437.65,437.65,437.65,1,437.65,2024-02-26T13:00:00Z,400,437.65
436.81,438.37,436.37,462,437.51,2024-02-26T14:00:00Z,51623,437.415282
437.565,438.15,436.43,664,436.61,2024-02-26T15:00:00Z,53829,437.607947
438.46,438.555,437.0,500,437.62,2024-02-26T16:00:00Z,47743,437.85305
437.83,438.58,437.59,511,438.13,2024-02-26T17:00:00Z,34771,438.000685
437.52,438.22,436.735,619,437.8,2024-02-26T18:00:00Z,51757,437.33553
437.58,438.16,437.335,438,437.52,2024-02-26T19:00:00Z,40044,437.737573
436.63,437.98,436.55,1080,437.56,2024-02-26T20:00:00Z,132580,437.010267
436.0,436.39,436.0,16,436.28,2024-02-26T21:00:00Z,5021,436.279084
437.88,437.88,437.16,11,437.16,2024-02-27T13:00:00Z,2575,437.595353
436.935,437.82,435.835,592,437.51,2024-02-27T14:00:00Z,52293,436.831276
437.53,437.955,436.78,896,436.96,2024-02-27T15:00:00Z,118654,437.395918
437.235,437.56,436.405,839,437.56,2024-02-27T16:00:00Z,102662,436.975425
435.4,437.46,435.39,784,437.26,2024-02-27T17:00:00Z,93704,436.79336
436.51,436.52,435.07,873,435.35,2024-02-27T18:00:00Z,49729,435.921774
437.87,437.92,436.52,743,436.58,2024-02-27T19:00:00Z,64931,437.216719
437.6,437.95,437.27,1257,437.865,2024-02-27T20:00:00Z,196907,437.629105
437.75,437.76,437.46,17,437.63,2024-02-27T21:00:00Z,9170,437.638747
435.85,436.28,435.38,47,435.61,2024-02-28T13:00:00Z,10284,435.790223
434.84,435.91,434.36,506,435.91,2024-02-28T14:00:00Z,58761,435.128203
435.56,435.57,434.38,842,434.71,2024-02-28T15:00:00Z,68592,435.090299
436.34,436.66,435.56,651,435.56,2024-02-28T16:00:00Z,63146,436.23428
435.25,436.43,434.8,699,436.29,2024-02-28T17:00:00Z,61977,435.453855
435.975,436.2,434.735,646,435.23,2024-02-28T18:00:00Z,67223,435.619222
435.18,436.16,434.52,593,436.08,2024-02-28T19:00:00Z,47185,435.191936
435.27,435.565,434.68,1176,435.235,2024-02-28T20:00:00Z,133988,435.165634
433.89,435.23,433.62,36,435.23,2024-02-28T21:00:00Z,12818,434.200812
437.75,438.1,435.65,37,435.65,2024-02-29T13:00:00Z,10942,437.425231
438.75,439.22,437.75,1193,437.86,2024-02-29T14:00:00Z,170799,438.626568
437.52,439.16,437.04,1316,438.89,2024-02-29T15:00:00Z,111341,438.086231
437.155,437.81,435.06,1142,437.59,2024-02-29T16:00:00Z,131513,436.844236
437.98,438.01,436.77,761,437.02,2024-02-29T17:00:00Z,111691,437.216472
438.38,438.62,437.93,677,438.0,2024-02-29T18:00:00Z,74405,438.326693
438.355,438.85,437.66,748,438.37,2024-02-29T19:00:00Z,96024,438.314169
439.11,440.085,438.01,1306,438.4,2024-02-29T20:00:00Z,186163,439.34356
439.21,439.33,438.42,41,438.95,2024-02-29T21:00:00Z,10395,438.949754
439.74,439.98,439.6,5,439.98,2024-03-01T13:00:00Z,751,439.833333
440.73,441.06,439.61,422,439.61,2024-03-01T14:00:00Z,44711,440.560679
442.17,442.405,440.63,708,441.14,2024-03-01T15:00:00Z,62018,441.703166
443.32,443.52,442.19,648,442.19,2024-03-01T16:00:00Z,63509,443.016366
444.47,444.575,442.94,600,443.15,2024-03-01T17:00:00Z,58466,443.968376
445.915,445.945,444.455,816,444.505,2024-03-01T18:00:00Z,71058,445.268321
446.41,446.55,445.625,1086,445.89,2024-03-01T19:00:00Z,113957,446.104943
445.645,446.39,445.335,1621,446.39,2024-03-01T20:00:00Z,212494,445.733457
445.32,445.5,445.22,31,445.44,2024-03-01T21:00:00Z,17088,445.409456
445.66,445.89,445.66,12,445.81,2024-03-04T13:00:00Z,3106,445.786452
444.82,445.65,444.63,555,445.59,2024-03-04T14:00:00Z,47716,445.116367
445.435,445.69,444.44,919,444.84,2024-03-04T15:00:00Z,93137,445.03556
445.32,445.52,444.56,554,445.475,2024-03-04T16:00:00Z,49485,445.098826
445.01,445.59,444.775,472,445.17,2024-03-04T17:00:00Z,42815,445.172087
444.98,445.185,444.215,459,445.06,2024-03-04T18:00:00Z,46457,444.672631
445.82,445.99,444.67,673,444.97,2024-03-04T19:00:00Z,53583,445.412298
444.04,446.0,443.8,1202,445.68,2024-03-04T20:00:00Z,119968,444.52041
443.47,443.82,443.42,24,443.82,2024-03-04T21:00:00Z,12121,443.601096
440.92,441.41,440.92,14,441.39,2024-03-05T13:00:00Z,4067,441.196329
438.64,441.05,438.42,721,440.94,2024-03-05T14:00:00Z,69349,439.491181
436.255,439.73,435.67,1254,438.88,2024-03-05T15:00:00Z,136670,437.381647
436.21,436.88,435.495,892,436.22,2024-03-05T16:00:00Z,108819,436.109011
436.56,437.17,436.225,580,436.23,2024-03-05T17:00:00Z,68553,436.627516
434.83,436.595,434.76,680,436.595,2024-03-05T18:00:00Z,73640,435.576124
434.24,435.56,434.115,920,434.78,2024-03-05T19:00:00Z,109324,434.725368
435.97,436.14,433.65,1937,434.235,2024-03-05T20:00:00Z,301819,434.885532
437.34,437.4,436.03,34,436.03,2024-03-05T21:00:00Z,12752,436.835605
440.07,440.07,439.21,11,439.36,2024-03-06T13:00:00Z,3553,439.634398
438.98,440.73,438.69,534,439.85,2024-03-06T14:00:00Z,81529,439.573474
439.63,439.85,436.91,787,438.43,2024-03-06T15:00:00Z,77965,438.35675
440.805,440.89,439.34,718,439.685,2024-03-06T16:00:00Z,68992,440.14564
440.93,441.945,440.67,544,441.0,2024-03-06T17:00:00Z,58537,441.290465
439.79,441.67,438.55,614,440.995,2024-03-06T18:00:00Z,55374,439.995259
438.49,439.79,437.92,705,439.21,2024-03-06T19:00:00Z,62532,438.951752
438.86,439.24,437.435,1309,438.32,2024-03-06T20:00:00Z,120566,438.542565
438.78,438.9,438.51,26,438.66,2024-03-06T21:00:00Z,6731,438.695909
441.59,441.87,441.4,18,441.4,2024-03-07T13:00:00Z,3606,441.599286
442.56,443.38,440.89,363,441.58,2024-03-07T14:00:00Z,39065,442.43263
443.975,444.78,442.34,680,442.66,2024-03-07T15:00:00Z,81371,443.660658
445.23,445.4,443.94,479,443.995,2024-03-07T16:00:00Z,59591,444.70309
445.395,445.93,444.96,704,445.34,2024-03-07T17:00:00Z,77526,445.454515
446.52,446.69,445.07,638,445.51,2024-03-07T18:00:00Z,71755,446.039109
445.83,446.65,445.81,721,446.32,2024-03-07T19:00:00Z,63199,446.358182
445.53,446.235,445.095,1391,445.85,2024-03-07T20:00:00Z,221146,445.767693
444.1,445.49,441.92,144,445.48,2024-03-07T21:00:00Z,21071,443.74979
446.78,446.97,444.92,41,444.92,2024-03-08T13:00:00Z,8854,446.509246
447.44,447.48,445.295,541,446.77,2024-03-08T14:00:00Z,49549,446.28355
447.26,448.61,446.57,1067,447.49,2024-03-08T15:00:00Z,86422,447.68843
442.34,447.34,441.7,1421,447.33,2024-03-08T16:00:00Z,182252,443.762314
439.73,443.09,439.35,776,442.04,2024-03-08T17:00:00Z,89643,441.627202
439.14,440.61,438.35,951,439.44,2024-03-08T18:00:00Z,106218,439.363026
441.64,442.27,439.06,994,439.06,2024-03-08T19:00:00Z,120557,441.062805
439.17,442.11,439.06,1559,441.64,2024-03-08T20:00:00Z,212762,439.651188
439.4,439.93,439.23,47,439.23,2024-03-08T21:00:00Z,12094,439.675157
436.58,436.9,436.58,3,436.9,2024-03-11T12:00:00Z,350,436.793333
435.77,438.09,435.77,694,437.13,2024-03-11T13:00:00Z,82575,437.200931
437.99,438.57,435.46,1052,435.73,2024-03-11T14:00:00Z,95554,436.837077
438.06,438.49,436.145,950,438.08,2024-03-11T15:00:00Z,68192,437.303
437.92,438.07,436.88,534,438.07,2024-03-11T16:00:00Z,43080,437.564414
437.46,438.19,436.68,592,437.8,2024-03-11T17:00:00Z,40019,437.319211
437.97,438.47,437.18,777,437.5,2024-03-11T18:00:00Z,64578,437.889802
437.36,438.09,436.835,1399,438.09,2024-03-11T19:00:00Z,118177,437.30163
437.98,438.35,437.31,18,437.51,2024-03-11T20:00:00Z,3102,437.77
440.83,440.83,440.83,2,440.83,2024-03-12T12:00:00Z,200,440.83
439.26,440.295,436.54,339,439.75,2024-03-12T13:00:00Z,47935,438.441359
442.14,442.89,438.91,699,439.36,2024-03-12T14:00:00Z,71778,441.240579
442.32,443.165,441.65,492,442.4,2024-03-12T15:00:00Z,39361,442.483055
440.81,442.415,440.16,464,442.38,2024-03-12T16:00:00Z,40699,441.165915
441.98,442.05,440.17,541,440.86,2024-03-12T17:00:00Z,59051,441.401051
443.1,443.37,441.81,440,441.81,2024-03-12T18:00:00Z,41327,442.734018
443.65,444.01,442.725,1251,443.14,2024-03-12T19:00:00Z,188267,443.6608
443.76,443.82,443.43,30,443.63,2024-03-12T20:00:00Z,9188,443.615411
442.32,442.65,442.32,13,442.65,2024-03-13T12:00:00Z,4416,442.474955
440.51,442.93,440.445,632,442.72,2024-03-13T13:00:00Z,90108,441.372136
440.3,441.575,439.78,592,440.37,2024-03-13T14:00:00Z,60215,440.646468
440.41,441.07,439.25,568,440.36,2024-03-13T15:00:00Z,45024,440.308681
440.76,440.97,439.99,402,440.43,2024-03-13T16:00:00Z,43307,440.507333
441.59,441.78,440.81,717,440.9,2024-03-13T17:00:00Z,71704,441.279476
441.38,441.95,441.12,959,441.58,2024-03-13T18:00:00Z,61677,441.53434
440.21,441.6,439.26,1365,441.4,2024-03-13T19:00:00Z,156946,440.382294
440.82,440.82,440.11,31,440.15,2024-03-13T20:00:00Z,9070,440.519664
441.41,441.77,440.96,40,441.6,2024-03-14T12:00:00Z,7785,441.380525
438.3,441.995,438.05,465,441.29,2024-03-14T13:00:00Z,73460,440.112372
439.72,440.65,437.4,677,438.115,2024-03-14T14:00:00Z,64894,439.564295
439.82,440.53,438.95,405,439.89,2024-03-14T15:00:00Z,28655,439.696814
438.57,439.99,438.43,403,439.85,2024-03-14T16:00:00Z,40175,439.022618
439.49,439.54,437.67,438,438.54,2024-03-14T17:00:00Z,49655,438.594086
438.58,440.39,438.58,792,439.575,2024-03-14T18:00:00Z,116681,439.536909
439.13,439.13,436.415,1445,438.44,2024-03-14T19:00:00Z,164762,437.843955
439.0,439.68,438.67,50,439.06,2024-03-14T20:00:00Z,11864,439.092134
438.87,438.9,438.26,22,438.88,2024-03-15T12:00:00Z,3845,438.602517
434.88,438.48,434.36,873,438.48,2024-03-15T13:00:00Z,105648,435.703749
435.53,436.53,433.31,922,434.83,2024-03-15T14:00:00Z,76381,435.137989
434.12,435.65,433.79,742,435.65,2024-03-15T15:00:00Z,53265,434.623057
432.87,434.3,432.76,848,434.04,2024-03-15T16:00:00Z,82940,433.680632
434.55,434.59,432.805,767,432.96,2024-03-15T17:00:00Z,62726,433.803584
434.56,434.97,433.62,714,434.54,2024-03-15T18:00:00Z,67142,434.324587
433.95,435.06,433.58,1635,434.58,2024-03-15T19:00:00Z,142001,434.093574
434.02,434.39,434.02,63,434.24,2024-03-15T20:00:00Z,24179,434.191728
438.41,438.62,438.41,9,438.51,2024-03-18T12:00:00Z,1820,438.483533
438.86,440.5,438.52,581,438.61,2024-03-18T13:00:00Z,63544,439.644216
440.48,441.04,438.82,989,439.04,2024-03-18T14:00:00Z,120822,440.327528
439.02,440.6,438.63,764,440.6,2024-03-18T15:00:00Z,67654,439.520739
437.98,439.42,437.89,482,438.96,2024-03-18T16:00:00Z,52769,438.917391
438.57,438.94,437.66,363,437.88,2024-03-18T17:00:00Z,34385,438.251849
438.72,439.405,438.11,473,438.4,2024-03-18T18:00:00Z,43210,438.784156
437.43,439.065,437.245,1517,438.48,2024-03-18T19:00:00Z,165611,437.98232
437.38,437.71,437.05,30,437.22,2024-03-18T20:00:00Z,7022,437.373499
434.83,434.83,434.02,18,434.02,2024-03-19T12:00:00Z,1845,434.575294
434.31,435.63,433.425,567,435.18,2024-03-19T13:00:00Z,66160,434.267691
434.835,435.52,433.71,836,434.26,2024-03-19T14:00:00Z,78683,434.700711
435.82,436.045,434.62,573,434.8,2024-03-19T15:00:00Z,46992,435.351743
437.88,438.48,435.655,655,435.87,2024-03-19T16:00:00Z,54908,437.25397
438.33,438.89,437.64,439,438.27,2024-03-19T17:00:00Z,40113,438.188305
438.37,438.97,437.87,505,438.33,2024-03-19T18:00:00Z,33656,438.494115
438.62,438.88,437.26,1479,438.39,2024-03-19T19:00:00Z,166989,438.387085
438.88,438.89,438.43,20,438.84,2024-03-19T20:00:00Z,4638,438.698398
439.07,439.2,439.07,3,439.2,2024-03-20T12:00:00Z,725,439.162857
438.39,440.15,438.07,340,439.26,2024-03-20T13:00:00Z,30208,438.87845
438.37,439.47,438.23,655,438.4,2024-03-20T14:00:00Z,55378,438.838701
438.9,439.18,438.31,677,438.48,2024-03-20T15:00:00Z,29231,438.835725
439.13,439.13,438.29,564,438.84,2024-03-20T16:00:00Z,34502,438.718318
438.7,439.06,438.1,392,438.99,2024-03-20T17:00:00Z,20650,438.49907
442.16,443.01,439.03,977,439.59,2024-03-20T18:00:00Z,121035,440.870714
443.88,444.1,442.11,1361,442.4,2024-03-20T19:00:00Z,145902,443.40405
445.11,445.14,444.09,33,444.09,2024-03-20T20:00:00Z,7964,444.93307
448.2,448.43,447.97,7,448.43,2024-03-21T12:00:00Z,1900,448.137895
447.865,449.31,447.43,709,448.07,2024-03-21T13:00:00Z,78037,448.421417
447.82,448.7,447.315,974,447.82,2024-03-21T14:00:00Z,113194,447.815691
448.72,449.155,447.3,527,448.03,2024-03-21T15:00:00Z,47699,448.216247
448.93,449.3,448.61,475,448.67,2024-03-21T16:00:00Z,37122,448.936463
447.22,448.75,447.075,509,448.75,2024-03-21T17:00:00Z,54058,447.955325
446.09,447.32,445.73,937,447.19,2024-03-21T18:00:00Z,62150,446.600633
445.79,446.83,445.69,1270,446.09,2024-03-21T19:00:00Z,111035,446.262906
446.23,446.34,445.82,10,446.02,2024-03-21T20:00:00Z,5673,445.994675
445.14,445.14,444.8,4,444.8,2024-03-22T12:00:00Z,900,445.061111
445.15,445.53,444.57,374,445.3,2024-03-22T13:00:00Z,29268,445.110416
444.76,446.015,444.6,466,445.29,2024-03-22T14:00:00Z,36327,445.168815
445.7,445.945,444.75,532,444.75,2024-03-22T15:00:00Z,33321,445.560041
446.3,446.415,445.19,401,445.93,2024-03-22T16:00:00Z,28029,445.86856
447.35,447.47,446.41,479,446.46,2024-03-22T17:00:00Z,42442,446.86189
446.72,447.45,446.41,512,447.23,2024-03-22T18:00:00Z,39962,446.890405
446.18,446.98,445.65,1268,446.63,2024-03-22T19:00:00Z,109810,446.431
445.86,446.29,445.85,13,446.29,2024-03-22T20:00:00Z,6696,445.977717
443.86,444.19,443.79,8,444.13,2024-03-25T12:00:00Z,2231,443.963232
444.04,444.245,442.59,438,443.74,2024-03-25T13:00:00Z,41276,443.587903
445.05,445.5,443.81,661,444.075,2024-03-25T14:00:00Z,68118,444.773026
445.44,445.8,444.93,384,445.2,2024-03-25T15:00:00Z,43617,445.375511
445.24,445.47,444.83,292,445.47,2024-03-25T16:00:00Z,22039,445.155772
445.62,445.91,444.94,345,445.25,2024-03-25T17:00:00Z,23749,445.400019
446.165,446.26,445.7,359,445.82,2024-03-25T18:00:00Z,27600,445.997562
444.76,446.165,444.7,921,446.165,2024-03-25T19:00:00Z,81805,445.265241
444.86,444.87,444.78,10,444.87,2024-03-25T20:00:00Z,6960,444.824655
446.36,446.93,446.1,22,446.93,2024-03-26T12:00:00Z,3295,446.296771
446.8,446.9,445.915,453,446.18,2024-03-26T13:00:00Z,46501,446.402871
446.08,447.19,445.43,750,446.81,2024-03-26T14:00:00Z,52474,446.154226
446.58,446.58,445.86,424,446.16,2024-03-26T15:00:00Z,39903,446.266718
445.65,446.67,445.5,495,446.64,2024-03-26T16:00:00Z,29685,446.03409
445.565,445.97,445.38,528,445.63,2024-03-26T17:00:00Z,40718,445.690759
445.95,446.12,445.555,474,445.565,2024-03-26T18:00:00Z,22800,445.833982
443.32,445.82,443.12,1083,445.82,2024-03-26T19:00:00Z,121082,443.972762
444.1,444.1,443.64,2,443.64,2024-03-26T20:00:00Z,1300,443.923077
445.77,445.77,445.66,2,445.66,2024-03-27T12:00:00Z,400,445.715
443.64,446.46,443.53,365,446.08,2024-03-27T13:00:00Z,38420,445.038517
443.03,443.76,442.05,614,443.715,2024-03-27T14:00:00Z,64462,442.86114
442.35,443.11,442.23,460,443.02,2024-03-27T15:00:00Z,38342,442.702788
443.42,443.65,442.26,562,442.265,2024-03-27T16:00:00Z,37054,443.076619
443.13,443.42,442.63,433,443.4,2024-03-27T17:00:00Z,38322,443.083156
442.87,443.83,442.71,475,443.08,2024-03-27T18:00:00Z,106055,443.191287
444.93,444.95,442.275,1491,442.82,2024-03-27T19:00:00Z,232916,444.001493
445.15,445.28,444.81,45,444.82,2024-03-27T20:00:00Z,13627,445.107913
444.46,445.21,444.26,8,445.21,2024-03-28T12:00:00Z,1689,444.630572
445.02,445.51,443.84,613,444.88,2024-03-28T13:00:00Z,89117,444.981092
444.84,445.59,444.165,669,445.04,2024-03-28T14:00:00Z,83793,444.760029
445.05,445.07,444.38,710,444.92,2024-03-28T15:00:00Z,84198,444.758314
444.33,444.95,444.02,454,444.95,2024-03-28T16:00:00Z,33799,444.287626
444.21,444.34,443.81,379,444.28,2024-03-28T17:00:00Z,32681,444.066596
444.84,444.98,443.66,495,444.09,2024-03-28T18:00:00Z,48897,444.264233
444.09,445.14,444.08,1159,444.89,2024-03-28T19:00:00Z,140708,444.673088
443.93,444.24,443.71,38,443.71,2024-03-28T20:00:00Z,11962,444.088285
445.18,445.47,445.12,10,445.23,2024-04-01T12:00:00Z,2346,445.294688
447.01,447.49,444.55,691,445.15,2024-04-01T13:00:00Z,65529,446.76355
444.61,447.42,444.26,977,446.725,2024-04-01T14:00:00Z,84514,445.791257
443.24,444.72,443.215,656,444.59,2024-04-01T15:00:00Z,44369,443.962068
444.27,444.81,443.11,580,443.28,2024-04-01T16:00:00Z,45388,444.283418
444.185,444.36,443.32,515,444.31,2024-04-01T17:00:00Z,43709,443.932226
444.24,444.62,443.93,414,444.19,2024-04-01T18:00:00Z,39048,444.33839
445.0,445.37,444.06,929,444.085,2024-04-01T19:00:00Z,76168,444.760899
444.98,445.17,444.96,10,445.02,2024-04-01T20:00:00Z,2255,445.007727
441.27,443.06,441.17,36,442.82,2024-04-02T12:00:00Z,5951,441.876783
439.17,440.84,438.605,1112,440.81,2024-04-02T13:00:00Z,131585,439.334547
438.41,439.76,438.045,1130,439.31,2024-04-02T14:00:00Z,85946,438.735797
438.725,440.02,438.37,638,438.37,2024-04-02T15:00:00Z,60600,439.163615
440.1,440.11,438.75,647,438.76,2024-04-02T16:00:00Z,53907,439.318076
439.85,440.34,439.69,750,440.15,2024-04-02T17:00:00Z,65392,439.927192
439.835,440.27,439.63,636,439.83,2024-04-02T18:00:00Z,52497,439.951518
441.12,441.39,439.79,1634,439.83,2024-04-02T19:00:00Z,161937,440.900679
441.36,441.36,441.19,28,441.19,2024-04-02T20:00:00Z,9297,441.266087
439.55,439.62,439.38,4,439.62,2024-04-03T12:00:00Z,1000,439.492
439.7,439.97,438.87,333,439.35,2024-04-03T13:00:00Z,36833,439.502231
443.47,443.51,439.85,553,439.85,2024-04-03T14:00:00Z,44269,442.39992
442.88,444.0,442.79,597,443.59,2024-04-03T15:00:00Z,39875,443.617913
443.09,443.68,442.2,469,442.66,2024-04-03T16:00:00Z,43749,442.924188
443.17,443.5,442.96,208,443.21,2024-04-03T17:00:00Z,23665,443.219135
442.73,443.49,442.625,323,443.165,2024-04-03T18:00:00Z,33001,443.056161
442.09,442.7,440.6,968,442.68,2024-04-03T19:00:00Z,106810,441.823203
442.45,442.65,442.31,34,442.31,2024-04-03T20:00:00Z,8741,442.549079
446.27,446.27,444.39,20,444.39,2024-04-04T12:00:00Z,4850,445.165773
445.69,446.905,445.55,441,446.33,2024-04-04T13:00:00Z,53291,446.249644
445.395,446.04,445.07,466,445.83,2024-04-04T14:00:00Z,54443,445.497897
446.17,446.17,444.95,469,445.4,2024-04-04T15:00:00Z,41330,445.505957
446.685,446.91,446.15,514,446.15,2024-04-04T16:00:00Z,54482,446.649888
445.27,446.695,445.13,564,446.66,2024-04-04T17:00:00Z,65002,446.055868
438.66,445.2,438.48,1108,445.2,2024-04-04T18:00:00Z,153191,441.475911
435.26,438.605,435.115,2095,438.52,2024-04-04T19:00:00Z,359670,436.502777
435.16,435.78,434.83,34,435.57,2024-04-04T20:00:00Z,9351,435.523068
436.86,437.42,435.44,45,437.03,2024-04-05T12:00:00Z,6429,436.622583
438.47,438.98,436.04,622,436.79,2024-04-05T13:00:00Z,62705,437.788766
440.91,440.92,437.73,1026,438.49,2024-04-05T14:00:00Z,79006,439.001735
441.97,442.14,439.06,1029,440.88,2024-04-05T15:00:00Z,112357,440.631411
443.02,443.09,441.44,842,441.965,2024-04-05T16:00:00Z,97093,442.100822
440.33,443.13,440.14,944,443.05,2024-04-05T17:00:00Z,95178,441.723532
440.12,441.58,439.47,818,440.275,2024-04-05T18:00:00Z,81899,440.574526
440.52,441.36,439.975,1630,440.13,2024-04-05T19:00:00Z,215635,440.713581
440.6,440.6,440.26,20,440.4,2024-04-05T20:00:00Z,5584,440.349298
441.98,442.09,441.24,9,441.24,2024-04-08T12:00:00Z,2500,441.635918
440.76,442.24,439.2,248,442.21,2024-04-08T13:00:00Z,27596,440.516012
442.25,442.49,440.31,404,440.73,2024-04-08T14:00:00Z,39151,441.579466
440.67,442.35,440.25,368,442.28,2024-04-08T15:00:00Z,31590,441.269742
441.11,441.11,439.69,423,440.59,2024-04-08T16:00:00Z,49822,440.495964
440.87,441.1,440.25,358,441.1,2024-04-08T17:00:00Z,43682,440.694741
441.04,441.27,440.48,260,440.95,2024-04-08T18:00:00Z,24367,440.882594
440.6,441.39,440.34,1018,441.125,2024-04-08T19:00:00Z,99745,440.658945
440.94,441.04,440.85,11,440.89,2024-04-08T20:00:00Z,3840,440.935018
442.27,442.27,442.02,2,442.02,2024-04-09T12:00:00Z,200,442.145
441.89,443.18,441.66,560,442.67,2024-04-09T13:00:00Z,54450,442.581303
438.84,442.42,437.45,560,441.79,2024-04-09T14:00:00Z,68495,439.515334
439.91,440.08,438.56,475,438.62,2024-04-09T15:00:00Z,50183,439.356231
439.83,440.8,439.73,362,440.28,2024-04-09T16:00:00Z,36731,440.360204
439.7,440.65,439.67,330,439.91,2024-04-09T17:00:00Z,25774,440.180982
439.6,440.3,439.33,387,439.695,2024-04-09T18:00:00Z,49391,439.715359
442.26,442.32,438.745,1125,439.53,2024-04-09T19:00:00Z,148636,441.385968
442.77,443.25,442.28,43,442.28,2024-04-09T20:00:00Z,13667,442.890815
436.24,442.93,435.11,190,442.92,2024-04-10T12:00:00Z,30126,436.720156
437.935,438.64,435.21,815,435.84,2024-04-10T13:00:00Z,157680,437.26169
437.45,439.24,437.07,729,437.84,2024-04-10T14:00:00Z,89551,438.069041
437.13,438.01,436.73,366,437.46,2024-04-10T15:00:00Z,36496,437.243504
438.355,438.39,436.74,564,437.01,2024-04-10T16:00:00Z,55443,437.431704
437.67,438.955,436.41,953,438.315,2024-04-10T17:00:00Z,96555,437.585775
436.82,438.32,436.77,627,437.685,2024-04-10T18:00:00Z,63979,437.65023
438.34,438.985,436.55,1434,436.76,2024-04-10T19:00:00Z,195745,438.376778
437.97,437.97,437.42,24,437.86,2024-04-10T20:00:00Z,3847,437.685432
439.57,439.57,439.57,1,439.57,2024-04-11T12:00:00Z,200,439.57
440.07,440.45,439.44,302,440.19,2024-04-11T13:00:00Z,35193,439.965298
439.595,440.19,438.08,669,440.13,2024-04-11T14:00:00Z,65109,439.348243
441.51,441.6,439.595,564,439.62,2024-04-11T15:00:00Z,54623,440.350618
441.26,441.62,440.815,423,441.46,2024-04-11T16:00:00Z,59233,441.299806
444.325,444.48,441.0,693,441.33,2024-04-11T17:00:00Z,96289,443.482952
445.32,446.135,444.285,801,444.285,2024-04-11T18:00:00Z,135188,445.518365
445.475,446.3,445.37,1104,445.37,2024-04-11T19:00:00Z,171897,445.815082
445.55,445.67,445.38,22,445.53,2024-04-11T20:00:00Z,7565,445.502145
441.98,442.24,440.74,539,441.33,2024-04-12T13:00:00Z,63110,441.515785
438.78,442.02,438.68,887,441.805,2024-04-12T14:00:00Z,118239,440.257193
440.3,441.0,438.73,703,438.775,2024-04-12T15:00:00Z,80511,439.980477
437.82,440.21,437.54,958,440.21,2024-04-12T16:00:00Z,118428,438.32274
437.85,438.6,437.0,581,437.82,2024-04-12T17:00:00Z,89309,437.807302
437.24,438.51,437.23,465,437.68,2024-04-12T18:00:00Z,51057,437.89884
438.19,438.705,437.02,1325,437.13,2024-04-12T19:00:00Z,149989,437.852747
438.52,438.57,438.44,24,438.45,2024-04-12T20:00:00Z,7821,438.485613
441.97,442.24,440.86,33,440.86,2024-04-15T12:00:00Z,5640,441.906719
441.31,442.38,440.27,532,442.15,2024-04-15T13:00:00Z,70319,441.18668
438.12,441.78,438.12,746,441.49,2024-04-15T14:00:00Z,66905,439.364481
439.06,439.38,437.85,620,438.08,2024-04-15T15:00:00Z,51837,438.594004
436.73,439.465,436.13,462,439.04,2024-04-15T16:00:00Z,39199,437.230065
432.215,437.12,431.07,1000,436.41,2024-04-15T17:00:00Z,114872,432.956177
431.34,432.52,430.87,665,432.115,2024-04-15T18:00:00Z,82448,431.656461
430.97,431.66,430.24,1474,431.17,2024-04-15T19:00:00Z,159886,431.119266
431.02,431.02,430.37,16,430.76,2024-04-15T20:00:00Z,4800,430.624583
431.88,431.88,431.12,7,431.12,2024-04-16T12:00:00Z,1300,431.723077
431.62,431.895,429.82,480,431.46,2024-04-16T13:00:00Z,57907,431.106276
430.65,432.4,430.19,840,431.6,2024-04-16T14:00:00Z,102958,431.258246
431.52,432.52,430.51,701,430.77,2024-04-16T15:00:00Z,60310,431.548539
431.96,432.37,430.78,399,431.37,2024-04-16T16:00:00Z,40403,431.665143
431.475,432.35,429.78,598,431.97,2024-04-16T17:00:00Z,76137,431.133146
432.89,433.655,430.39,902,431.29,2024-04-16T18:00:00Z,80988,431.838781
431.07,432.98,431.01,1154,432.88,2024-04-16T19:00:00Z,129162,431.861644
431.36,431.38,431.05,12,431.08,2024-04-16T20:00:00Z,3475,431.143797
431.54,433.24,431.12,355,432.55,2024-04-17T13:00:00Z,41322,432.419087
429.28,431.54,428.595,543,431.485,2024-04-17T14:00:00Z,60516,430.102991
428.04,430.51,427.56,621,429.32,2024-04-17T15:00:00Z,77954,428.710645
425.76,428.08,424.91,692,427.99,2024-04-17T16:00:00Z,83345,426.441428
427.71,427.9,425.53,716,425.57,2024-04-17T17:00:00Z,82054,426.881677
426.99,429.18,426.75,455,427.935,2024-04-17T18:00:00Z,38584,427.70097
425.76,427.2,425.69,1043,426.62,2024-04-17T19:00:00Z,133972,426.355543
426.06,426.16,425.8,40,425.89,2024-04-17T20:00:00Z,7697,425.99937
426.77,427.09,426.37,23,426.86,2024-04-18T12:00:00Z,3674,426.729738
424.96,426.98,423.55,559,426.73,2024-04-18T13:00:00Z,97442,425.080117
427.25,427.83,424.42,769,424.73,2024-04-18T14:00:00Z,81462,426.413171
426.96,428.22,426.78,554,427.34,2024-04-18T15:00:00Z,56726,427.462831
424.935,427.38,424.83,545,427.07,2024-04-18T16:00:00Z,56523,426.487502
423.83,425.22,423.35,603,424.93,2024-04-18T17:00:00Z,47838,424.144115
423.075,424.57,422.89,575,423.76,2024-04-18T18:00:00Z,44129,423.703076
423.385,424.51,423.02,1446,423.13,2024-04-18T19:00:00Z,158371,423.590214
422.8,424.18,422.71,46,423.71,2024-04-18T20:00:00Z,9178,423.498667
422.85,423.49,422.84,17,423.19,2024-04-19T12:00:00Z,2558,423.147454
421.13,422.68,420.65,681,422.56,2024-04-19T13:00:00Z,117272,421.426182
419.74,421.57,418.575,1029,421.24,2024-04-19T14:00:00Z,172425,419.870495
417.35,419.6,417.31,750,419.51,2024-04-19T15:00:00Z,65712,418.481945
417.07,417.87,415.29,996,417.415,2024-04-19T16:00:00Z,89481,416.228115
417.36,418.52,416.57,639,417.31,2024-04-19T17:00:00Z,60868,417.290019
414.13,417.21,413.5,836,417.21,2024-04-19T18:00:00Z,105158,415.059109
414.71,415.235,413.12,1802,413.98,2024-04-19T19:00:00Z,265948,414.159242
414.59,414.64,414.21,27,414.53,2024-04-19T20:00:00Z,6655,414.461439
417.49,417.61,416.79,8,416.79,2024-04-22T12:00:00Z,1547,417.40757
417.295,418.27,416.73,626,417.51,2024-04-22T13:00:00Z,116550,417.537855
414.79,417.865,414.36,623,417.35,2024-04-22T14:00:00Z,65765,415.69492
416.43,416.455,414.0,511,414.775,2024-04-22T15:00:00Z,59734,415.450292
416.75,417.445,416.07,346,416.48,2024-04-22T16:00:00Z,36803,416.698925
419.905,420.285,416.875,427,417.07,2024-04-22T17:00:00Z,55793,419.016608
420.265,421.18,419.66,667,419.89,2024-04-22T18:00:00Z,90979,420.418219
418.88,420.45,418.29,918,420.27,2024-04-22T19:00:00Z,113489,419.084305
418.6,418.6,418.27,15,418.27,2024-04-22T20:00:00Z,3519,418.374303
420.64,420.64,420.06,12,420.06,2024-04-23T12:00:00Z,1872,420.391279
422.56,423.145,420.42,504,420.42,2024-04-23T13:00:00Z,132939,421.389293
424.76,424.77,421.985,435,422.485,2024-04-23T14:00:00Z,75169,423.974033
424.025,425.0,423.56,267,424.8,2024-04-23T15:00:00Z,30386,424.439357
424.715,425.26,424.045,131,424.045,2024-04-23T16:00:00Z,19696,424.90968
425.775,425.8,424.435,205,424.75,2024-04-23T17:00:00Z,39206,425.1087
426.035,426.155,425.6,205,425.76,2024-04-23T18:00:00Z,35500,425.898037
425.105,425.96,424.79,748,425.81,2024-04-23T19:00:00Z,87846,425.222165
426.27,426.3,425.19,54,425.19,2024-04-23T20:00:00Z,10845,425.823591
427.61,428.35,427.61,8,428.35,2024-04-24T12:00:00Z,2010,427.909196
428.28,429.65,427.17,591,427.17,2024-04-24T13:00:00Z,59997,428.561525
427.26,429.185,426.9,640,428.26,2024-04-24T14:00:00Z,59613,427.90213
425.32,427.345,425.05,441,427.265,2024-04-24T15:00:00Z,40857,426.231643
425.56,425.74,424.23,430,425.17,2024-04-24T16:00:00Z,38502,424.961683
427.185,427.56,425.28,467,425.56,2024-04-24T17:00:00Z,76955,426.199724
425.34,427.365,425.29,396,427.365,2024-04-24T18:00:00Z,34363,426.012255
426.54,427.05,425.18,771,425.295,2024-04-24T19:00:00Z,82979,426.619166
423.0,426.75,422.28,158,426.74,2024-04-24T20:00:00Z,28872,423.604465
419.83,421.16,419.68,44,421.02,2024-04-25T12:00:00Z,5646,420.325236
419.26,420.05,418.18,660,419.91,2024-04-25T13:00:00Z,107486,418.976166
419.29,421.49,418.75,790,419.28,2024-04-25T14:00:00Z,110375,420.339681
420.81,420.81,419.195,508,419.195,2024-04-25T15:00:00Z,52409,419.969383
422.74,422.91,420.36,496,420.685,2024-04-25T16:00:00Z,53477,421.565862
424.47,424.72,421.99,810,422.79,2024-04-25T17:00:00Z,115665,423.902087
423.36,424.79,422.65,616,424.51,2024-04-25T18:00:00Z,71574,423.926036
424.46,425.29,423.405,979,423.47,2024-04-25T19:00:00Z,131349,424.330002
430.2,430.61,425.25,142,425.25,2024-04-25T20:00:00Z,23090,429.366686
428.28,430.39,427.63,43,427.93,2024-04-26T12:00:00Z,4778,428.64019
429.8,430.195,426.99,751,428.48,2024-04-26T13:00:00Z,151664,428.699142
431.32,431.53,429.42,625,429.84,2024-04-26T14:00:00Z,66058,430.619233
431.23,432.145,430.64,544,431.52,2024-04-26T15:00:00Z,59933,431.340569
431.94,432.05,430.93,215,431.155,2024-04-26T16:00:00Z,21786,431.396638
431.94,432.52,431.635,430,432.22,2024-04-26T17:00:00Z,56834,432.077915
431.71,431.97,430.985,405,431.97,2024-04-26T18:00:00Z,31193,431.409106
431.085,432.23,430.995,1046,431.65,2024-04-26T19:00:00Z,219052,431.392042
431.01,431.22,430.89,15,431.17,2024-04-26T20:00:00Z,7776,431.130083
431.7,433.72,430.92,355,433.02,2024-04-29T13:00:00Z,66702,432.706566
432.34,432.94,431.77,505,431.77,2024-04-29T14:00:00Z,50668,432.344529
432.235,432.365,431.27,408,432.27,2024-04-29T15:00:00Z,39036,431.923332
432.48,432.88,432.21,318,432.315,2024-04-29T16:00:00Z,21764,432.563912
433.0,433.26,432.035,307,432.5,2024-04-29T17:00:00Z,27299,432.8106
432.23,432.77,431.43,392,432.7,2024-04-29T18:00:00Z,23562,432.173552
432.83,432.83,430.04,841,432.215,2024-04-29T19:00:00Z,94709,431.76556
433.04,433.28,432.9,44,433.28,2024-04-29T20:00:00Z,9846,433.063819
431.06,432.26,430.17,39,432.26,2024-04-30T12:00:00Z,5006,430.732043
431.97,432.26,430.61,257,430.61,2024-04-30T13:00:00Z,39487,431.471548
431.17,432.53,430.94,226,432.02,2024-04-30T14:00:00Z,27625,431.581805
429.36,431.02,428.68,355,431.02,2024-04-30T15:00:00Z,44553,429.812738
428.07,429.65,427.48,273,429.44,2024-04-30T16:00:00Z,38198,428.43606
428.48,428.74,427.43,136,427.99,2024-04-30T17:00:00Z,20492,428.058871
427.45,428.91,427.16,207,428.6,2024-04-30T18:00:00Z,35285,428.175608
424.63,427.96,424.555,935,427.365,2024-04-30T19:00:00Z,100366,426.518649
423.38,425.86,422.52,179,424.59,2024-04-30T20:00:00Z,30041,424.371238
423.04,423.4,422.15,24,422.15,2024-05-01T12:00:00Z,4198,422.931102
422.44,423.44,422.43,502,423.09,2024-05-01T13:00:00Z,63588,422.854007
422.86,423.17,421.44,304,422.64,2024-05-01T14:00:00Z,31610,422.326076
421.2,422.83,420.99,303,422.75,2024-05-01T15:00:00Z,29820,421.828994
421.495,422.23,420.73,150,420.97,2024-05-01T16:00:00Z,18109,421.539661
422.29,422.435,421.02,171,421.495,2024-05-01T17:00:00Z,27760,421.679771
429.02,429.02,422.32,672,422.83,2024-05-01T18:00:00Z,83308,426.082415
421.3,430.04,421.3,1396,429.93,2024-05-01T19:00:00Z,193863,424.535211
422.58,422.6,421.84,33,422.37,2024-05-01T20:00:00Z,6611,422.338722
425.64,426.13,425.1,20,425.24,2024-05-02T12:00:00Z,2671,425.671606
423.28,425.68,422.95,460,425.14,2024-05-02T13:00:00Z,58963,424.299556
424.04,424.27,420.63,610,423.1,2024-05-02T14:00:00Z,71818,422.934775
424.81,425.05,423.3,449,424.045,2024-05-02T15:00:00Z,36286,424.280459
424.03,424.89,423.24,236,424.85,2024-05-02T16:00:00Z,22183,424.145729
425.66,426.06,424.15,411,424.15,2024-05-02T17:00:00Z,42127,425.396808
427.22,427.39,425.66,317,425.68,2024-05-02T18:00:00Z,26580,426.647293
426.92,427.79,426.05,843,427.29,2024-05-02T19:00:00Z,78653,426.762777
429.07,429.36,426.95,46,426.95,2024-05-02T20:00:00Z,8046,428.389158
433.5,434.4,432.32,80,432.32,2024-05-03T12:00:00Z,8622,433.444641
435.42,435.835,433.535,861,433.85,2024-05-03T13:00:00Z,59846,434.558265
433.83,436.29,432.88,734,435.95,2024-05-03T14:00:00Z,95245,434.230976
435.05,435.46,433.02,253,433.7,2024-05-03T15:00:00Z,25407,434.475627
434.58,435.57,434.58,188,435.18,2024-05-03T16:00:00Z,26090,435.163127
435.145,435.46,434.71,149,434.73,2024-05-03T17:00:00Z,14681,435.168594
435.685,436.0,435.25,157,435.25,2024-05-03T18:00:00Z,17865,435.798021
435.435,436.0,435.23,1127,435.52,2024-05-03T19:00:00Z,216164,435.467963
435.98,436.06,435.7,20,435.7,2024-05-03T20:00:00Z,8900,435.918539
436.95,437.1,436.84,7,436.95,2024-05-06T12:00:00Z,1898,436.996891
438.16,438.16,436.53,422,436.95,2024-05-06T13:00:00Z,44929,437.611674
437.86,438.29,437.48,554,438.2,2024-05-06T14:00:00Z,76080,437.915426
438.175,438.46,437.41,328,437.915,2024-05-06T15:00:00Z,33146,438.082507
438.29,438.29,437.28,284,438.21,2024-05-06T16:00:00Z,33557,437.876593
438.655,438.69,437.795,457,438.36,2024-05-06T17:00:00Z,64885,438.253876
439.035,439.27,438.56,574,438.645,2024-05-06T18:00:00Z,66108,438.901095
440.26,440.31,438.72,715,439.035,2024-05-06T19:00:00Z,98199,439.597741
439.99,440.25,439.89,51,440.25,2024-05-06T20:00:00Z,12589,440.099375
440.15,440.15,439.6,3,439.6,2024-05-07T12:00:00Z,605,439.935537
440.25,441.25,440.16,441,440.27,2024-05-07T13:00:00Z,51428,440.695307
441.535,441.595,440.06,406,440.3,2024-05-07T14:00:00Z,55959,440.568787
441.55,441.89,441.25,368,441.67,2024-05-07T15:00:00Z,48242,441.625295
441.38,441.93,441.11,511,441.68,2024-05-07T16:00:00Z,43912,441.526815
440.11,441.94,440.09,353,441.45,2024-05-07T17:00:00Z,38064,441.282102
440.22,440.72,439.61,432,440.26,2024-05-07T18:00:00Z,55589,440.133026
440.26,440.85,440.04,528,440.28,2024-05-07T19:00:00Z,86474,440.516729
440.68,440.73,440.6,13,440.6,2024-05-07T20:00:00Z,6800,440.699118
437.77,438.24,437.52,12,438.24,2024-05-08T12:00:00Z,1552,437.797947
439.62,439.83,437.67,313,437.8,2024-05-08T13:00:00Z,36875,438.565609
441.04,441.445,439.32,300,439.715,2024-05-08T14:00:00Z,45924,440.396815
439.815,441.29,439.66,285,441.01,2024-05-08T15:00:00Z,27253,440.161391
439.6,440.1,439.6,94,439.84,2024-05-08T16:00:00Z,11118,439.850657
439.93,439.98,439.065,190,439.6,2024-05-08T17:00:00Z,26781,439.506601
439.775,440.27,439.72,209,439.95,2024-05-08T18:00:00Z,19977,440.023032
440.135,440.48,439.48,603,439.48,2024-05-08T19:00:00Z,94570,440.189712
439.55,439.97,439.55,13,439.97,2024-05-08T20:00:00Z,3711,439.82081
440.34,440.56,440.34,9,440.46,2024-05-09T12:00:00Z,1219,440.462937
439.62,440.83,438.595,328,440.83,2024-05-09T13:00:00Z,39234,439.4893
440.86,441.19,439.15,379,439.595,2024-05-09T14:00:00Z,54001,440.187602
440.21,441.55,440.05,324,441.065,2024-05-09T15:00:00Z,37021,441.043589
440.96,441.05,440.055,168,440.11,2024-05-09T16:00:00Z,19124,440.611753
440.78,441.45,440.4,386,440.82,2024-05-09T17:00:00Z,40738,440.948851
441.43,441.585,440.46,209,440.75,2024-05-09T18:00:00Z,18215,441.056358
441.07,441.45,440.605,696,441.32,2024-05-09T19:00:00Z,149741,440.968645
441.4,441.48,441.01,15,441.01,2024-05-09T20:00:00Z,6577,441.217623
441.97,442.92,441.97,10,442.92,2024-05-10T12:00:00Z,1456,442.361985
443.995,444.28,442.03,368,442.03,2024-05-10T13:00:00Z,45564,443.707457
441.22,443.78,440.71,587,443.67,2024-05-10T14:00:00Z,55434,441.877641
441.68,441.78,440.88,236,441.24,2024-05-10T15:00:00Z,34456,441.390151
441.8,442.02,440.99,218,441.525,2024-05-10T16:00:00Z,54440,441.576541
442.005,442.015,440.97,148,441.83,2024-05-10T17:00:00Z,25513,441.589809
442.07,442.25,441.6,234,441.995,2024-05-10T18:00:00Z,22815,441.929238
442.1,442.415,441.775,472,441.84,2024-05-10T19:00:00Z,91846,442.125538
441.81,441.95,441.81,10,441.94,2024-05-10T20:00:00Z,5352,441.893094
443.84,443.84,443.41,8,443.41,2024-05-13T12:00:00Z,2331,443.660309
442.965,444.03,442.1,312,443.62,2024-05-13T13:00:00Z,45387,442.884838
443.01,443.48,442.73,340,442.875,2024-05-13T14:00:00Z,36424,443.023709
443.09,443.405,442.3,193,443.03,2024-05-13T15:00:00Z,26222,442.963027
443.09,443.44,443.09,125,443.1,2024-05-13T16:00:00Z,8255,443.223806
442.89,443.09,442.02,223,443.055,2024-05-13T17:00:00Z,22426,442.656873
442.92,442.93,442.435,125,442.69,2024-05-13T18:00:00Z,13388,442.722582
443.21,443.21,442.635,272,442.87,2024-05-13T19:00:00Z,30963,443.013236
442.84,443.23,442.84,15,443.17,2024-05-13T20:00:00Z,5812,443.003805
442.49,442.6,440.97,19,441.08,2024-05-14T12:00:00Z,3460,442.089613
443.045,443.87,442.11,527,442.13,2024-05-14T13:00:00Z,106365,443.030371
444.115,444.925,442.81,307,443.0,2024-05-14T14:00:00Z,57434,443.716383
443.785,444.855,443.59,214,444.135,2024-05-14T15:00:00Z,35987,444.294094
443.6,444.025,443.275,130,443.765,2024-05-14T16:00:00Z,11716,443.594895
443.995,444.215,443.26,275,443.71,2024-05-14T17:00:00Z,40200,443.759275
445.88,446.01,444.12,429,444.12,2024-05-14T18:00:00Z,73955,445.270263
445.97,446.445,445.645,1135,445.95,2024-05-14T19:00:00Z,188140,446.194044
445.88,446.03,445.86,34,446.0,2024-05-14T20:00:00Z,17824,445.965333
448.36,449.17,447.64,62,449.1,2024-05-15T12:00:00Z,9065,448.454287
447.75,448.88,446.94,242,448.14,2024-05-15T13:00:00Z,36091,447.939681
449.83,449.92,447.78,467,447.78,2024-05-15T14:00:00Z,65066,449.077083
450.465,450.67,449.93,489,449.93,2024-05-15T15:00:00Z,46990,450.411485
451.235,451.26,450.105,358,450.42,2024-05-15T16:00:00Z,38818,450.727294
452.56,452.57,451.35,419,451.35,2024-05-15T17:00:00Z,53667,451.806401
452.63,453.015,452.3,636,452.49,2024-05-15T18:00:00Z,61100,452.681689
452.87,453.15,452.415,1316,452.625,2024-05-15T19:00:00Z,200081,452.772022
452.83,452.83,452.27,41,452.61,2024-05-15T20:00:00Z,17095,452.513068
453.11,453.87,452.94,21,453.87,2024-05-16T12:00:00Z,4193,453.102718
453.53,453.56,452.59,257,452.97,2024-05-16T13:00:00Z,39656,453.027362
454.24,454.285,452.69,222,453.435,2024-05-16T14:00:00Z,36664,453.477167
454.205,454.665,453.92,198,454.51,2024-05-16T15:00:00Z,34896,454.315589
454.01,454.06,453.48,132,454.06,2024-05-16T16:00:00Z,22083,453.785416
453.465,454.155,452.575,206,454.025,2024-05-16T17:00:00Z,36012,453.41294
453.06,453.44,452.335,247,453.44,2024-05-16T18:00:00Z,46678,452.872263
451.96,453.2,451.815,520,453.09,2024-05-16T19:00:00Z,135519,452.441964
451.64,451.96,451.64,18,451.95,2024-05-16T20:00:00Z,7178,451.848383
452.83,452.84,452.68,6,452.72,2024-05-17T12:00:00Z,970,452.791856
451.83,452.7,451.375,282,452.59,2024-05-17T13:00:00Z,34986,452.082663
452.445,452.68,451.45,239,451.84,2024-05-17T14:00:00Z,36552,452.225903
452.195,452.435,451.41,251,452.435,2024-05-17T15:00:00Z,25242,451.884142
451.785,452.28,451.14,259,452.075,2024-05-17T16:00:00Z,55279,451.577725
451.195,451.775,451.11,205,451.775,2024-05-17T17:00:00Z,19725,451.447128
451.245,451.34,449.58,340,451.07,2024-05-17T18:00:00Z,39312,450.513455
451.83,451.83,451.19,695,451.235,2024-05-17T19:00:00Z,99616,451.541207
451.63,451.63,451.37,17,451.5,2024-05-17T20:00:00Z,10318,451.466275
452.11,452.64,452.11,6,452.64,2024-05-20T12:00:00Z,1900,452.57
454.48,454.615,451.84,439,452.18,2024-05-20T13:00:00Z,49834,453.496609
454.25,455.0,454.13,546,454.515,2024-05-20T14:00:00Z,49290,454.462343
454.38,454.77,454.09,311,454.39,2024-05-20T15:00:00Z,21443,454.331722
455.55,455.55,454.385,283,454.51,2024-05-20T16:00:00Z,19768,454.892836
454.385,455.5,454.225,236,455.41,2024-05-20T17:00:00Z,39668,454.530103
454.45,454.86,453.49,154,454.365,2024-05-20T18:00:00Z,18222,454.325517
454.94,455.17,454.28,559,454.53,2024-05-20T19:00:00Z,87297,454.629787
454.5,455.08,454.33,20,454.97,2024-05-20T20:00:00Z,6017,454.619692
454.0,454.03,453.86,3,454.03,2024-05-21T12:00:00Z,1300,453.972308
453.52,453.87,452.87,523,453.48,2024-05-21T13:00:00Z,53601,453.292257
454.72,454.785,453.48,378,453.58,2024-05-21T14:00:00Z,32640,454.1286
454.49,454.88,454.31,398,454.705,2024-05-21T15:00:00Z,28860,454.612683
454.51,455.09,454.32,192,454.45,2024-05-21T16:00:00Z,15354,454.832745
455.14,455.14,454.24,200,454.45,2024-05-21T17:00:00Z,25115,454.684366
455.0,455.25,454.72,308,455.22,2024-05-21T18:00:00Z,40680,454.972169
455.83,455.96,454.945,672,455.055,2024-05-21T19:00:00Z,94987,455.49388
455.65,455.72,455.63,4,455.63,2024-05-21T20:00:00Z,2600,455.658461
455.9,455.9,455.54,11,455.69,2024-05-22T12:00:00Z,3961,455.788606
456.45,456.6,455.635,336,455.9,2024-05-22T13:00:00Z,56675,456.236193
456.37,456.61,456.0,262,456.525,2024-05-22T14:00:00Z,27957,456.24703
456.375,456.82,455.99,275,456.26,2024-05-22T15:00:00Z,26044,456.494479
455.97,456.645,455.695,167,456.28,2024-05-22T16:00:00Z,16102,456.269676
455.11,456.48,454.67,375,455.965,2024-05-22T17:00:00Z,52775,455.676199
454.155,455.13,453.22,567,454.71,2024-05-22T18:00:00Z,98178,454.191123
455.68,455.68,453.42,741,454.16,2024-05-22T19:00:00Z,73356,454.863915
456.36,457.63,455.3,65,456.05,2024-05-22T20:00:00Z,10522,456.29228
461.21,461.27,460.87,9,460.89,2024-05-23T12:00:00Z,2003,461.1585
457.47,461.02,457.11,407,461.02,2024-05-23T13:00:00Z,61811,459.237081
456.32,458.9,456.24,370,457.4,2024-05-23T14:00:00Z,60591,457.957755
459.05,459.19,456.48,427,456.48,2024-05-23T15:00:00Z,50986,458.78644
457.42,459.34,457.37,243,458.89,2024-05-23T16:00:00Z,31613,458.375851
454.365,457.555,454.04,410,457.26,2024-05-23T17:00:00Z,54825,456.389434
452.15,454.23,452.02,658,454.07,2024-05-23T18:00:00Z,67975,453.113153
453.76,454.07,451.89,791,452.46,2024-05-23T19:00:00Z,76692,453.137278
453.54,453.72,453.29,19,453.64,2024-05-23T20:00:00Z,10630,453.495
455.02,455.77,454.615,224,455.32,2024-05-24T13:00:00Z,22153,455.194985
457.625,457.645,455.32,331,455.32,2024-05-24T14:00:00Z,40242,456.378499
458.52,459.06,457.62,342,457.62,2024-05-24T15:00:00Z,53571,458.574211
458.23,458.93,458.22,249,458.48,2024-05-24T16:00:00Z,30309,458.497631
458.64,458.8,457.98,233,458.27,2024-05-24T17:00:00Z,25831,458.322371
457.95,459.185,457.885,186,458.8,2024-05-24T18:00:00Z,28857,458.328095
457.98,458.085,457.12,512,457.81,2024-05-24T19:00:00Z,83308,457.775456
457.98,458.11,457.81,38,458.11,2024-05-24T20:00:00Z,21646,457.914187
458.77,458.77,458.77,1,458.77,2024-05-28T12:00:00Z,300,458.77
457.76,459.215,457.25,242,459.215,2024-05-28T13:00:00Z,27444,458.131913
459.31,459.31,457.305,394,457.78,2024-05-28T14:00:00Z,63956,458.432159
459.3,459.5,458.61,288,459.19,2024-05-28T15:00:00Z,49360,458.97173
459.145,459.64,458.915,211,459.27,2024-05-28T16:00:00Z,39675,459.155463
458.75,459.69,458.52,231,459.23,2024-05-28T17:00:00Z,33313,459.078768
457.855,459.23,456.73,530,458.65,2024-05-28T18:00:00Z,111592,457.395753
459.69,459.71,457.79,1011,457.9,2024-05-28T19:00:00Z,206388,458.562065
459.75,460.2,459.68,33,459.9,2024-05-28T20:00:00Z,18249,459.884942
455.86,455.86,455.83,3,455.85,2024-05-29T12:00:00Z,763,455.845727
457.11,457.47,455.34,458,455.46,2024-05-29T13:00:00Z,51132,456.219722
457.945,458.19,456.64,423,457.04,2024-05-29T14:00:00Z,37300,457.655523
457.385,457.98,456.96,377,457.95,2024-05-29T15:00:00Z,68337,457.310145
458.1,458.18,456.855,229,457.49,2024-05-29T16:00:00Z,27230,457.621879
457.71,457.86,456.84,262,457.79,2024-05-29T17:00:00Z,28963,457.372467
456.93,457.8,456.71,265,457.655,2024-05-29T18:00:00Z,31571,457.242171
456.49,457.81,455.96,1056,456.91,2024-05-29T19:00:00Z,215603,456.439455
455.0,456.41,454.9,67,456.41,2024-05-29T20:00:00Z,24643,455.969134
455.45,455.66,455.41,5,455.66,2024-05-30T12:00:00Z,874,455.51375
454.845,455.57,454.39,180,455.49,2024-05-30T13:00:00Z,36655,454.82144
452.94,455.19,452.695,283,454.97,2024-05-30T14:00:00Z,44859,453.923491
453.15,453.755,452.17,248,452.9,2024-05-30T15:00:00Z,33884,453.108816
453.74,454.01,453.18,281,453.27,2024-05-30T16:00:00Z,37317,453.712278
453.91,454.58,453.715,215,453.795,2024-05-30T17:00:00Z,31116,454.169723
453.225,454.025,452.905,191,453.805,2024-05-30T18:00:00Z,31374,453.327894
451.46,453.24,450.26,842,452.995,2024-05-30T19:00:00Z,104871,451.679351
451.03,451.55,450.45,53,451.4,2024-05-30T20:00:00Z,12099,450.876317
453.04,453.38,452.0,51,452.0,2024-05-31T12:00:00Z,9157,452.799445
450.35,452.74,450.02,320,452.74,2024-05-31T13:00:00Z,41996,451.600355
446.49,450.39,445.94,858,450.12,2024-05-31T14:00:00Z,99940,447.399962
444.51,446.58,444.41,573,446.47,2024-05-31T15:00:00Z,59065,445.411415
444.35,444.77,443.09,427,444.37,2024-05-31T16:00:00Z,54326,444.046342
445.49,446.05,444.325,520,444.325,2024-05-31T17:00:00Z,83425,445.394604
445.77,446.05,444.76,440,445.49,2024-05-31T18:00:00Z,50837,445.258179
451.6,451.74,445.46,1507,445.695,2024-05-31T19:00:00Z,260877,449.197425
451.22,452.3,451.11,58,451.46,2024-05-31T20:00:00Z,13204,451.420995
453.86,453.98,453.8,5,453.98,2024-06-03T12:00:00Z,646,453.848333
453.76,455.55,453.17,746,454.26,2024-06-03T13:00:00Z,79601,454.570254
451.65,454.79,451.16,948,453.98,2024-06-03T14:00:00Z,65378,453.110812
451.855,452.63,451.0,283,451.59,2024-06-03T15:00:00Z,25937,451.924618
449.29,452.29,448.85,304,452.29,2024-06-03T16:00:00Z,26535,449.832963
450.77,451.31,447.92,349,448.99,2024-06-03T17:00:00Z,39296,450.05377
450.92,451.47,450.11,372,450.97,2024-06-03T18:00:00Z,45768,450.732652
453.11,453.11,450.74,693,450.74,2024-06-03T19:00:00Z,61286,451.843842
453.43,453.58,453.05,38,453.3,2024-06-03T20:00:00Z,10420,453.179769
451.8,453.05,451.52,281,452.26,2024-06-04T13:00:00Z,27768,452.337216
451.97,453.375,451.17,704,452.56,2024-06-04T14:00:00Z,62287,452.403724
451.54,452.66,451.38,383,451.955,2024-06-04T15:00:00Z,21594,451.904583
452.725,453.125,451.2,402,451.54,2024-06-04T16:00:00Z,65882,451.860235
452.56,452.97,451.85,215,452.39,2024-06-04T17:00:00Z,11108,452.561253
454.58,455.53,452.54,341,452.57,2024-06-04T18:00:00Z,27212,454.583546
454.25,454.59,452.71,774,454.59,2024-06-04T19:00:00Z,78751,453.992964
454.53,454.54,454.01,17,454.02,2024-06-04T20:00:00Z,4959,454.321066
457.26,457.26,456.75,2,456.75,2024-06-05T12:00:00Z,475,457.072105
458.14,458.17,457.19,330,457.52,2024-06-05T13:00:00Z,29239,457.595101
459.57,460.08,456.96,454,458.08,2024-06-05T14:00:00Z,46590,458.813144
460.77,461.26,459.75,484,459.85,2024-06-05T15:00:00Z,58150,460.692513
461.775,461.775,460.56,338,460.71,2024-06-05T16:00:00Z,39766,461.117447
462.165,462.22,461.15,328,461.63,2024-06-05T17:00:00Z,46960,461.814692
462.57,462.705,461.805,384,462.215,2024-06-05T18:00:00Z,107749,462.428203
463.59,463.61,462.19,1344,462.4,2024-06-05T19:00:00Z,255578,463.197648
463.74,463.82,462.98,35,463.48,2024-06-05T20:00:00Z,16534,463.30353
463.68,463.73,463.68,3,463.71,2024-06-06T12:00:00Z,515,463.714951
462.53,464.5,462.53,414,464.0,2024-06-06T13:00:00Z,79866,463.738676
463.77,464.3,462.51,578,462.51,2024-06-06T14:00:00Z,52832,463.664701
463.21,464.07,463.04,173,463.55,2024-06-06T15:00:00Z,15464,463.442014
462.97,463.525,462.72,243,463.3,2024-06-06T16:00:00Z,21684,463.09136
463.55,463.94,462.98,263,462.98,2024-06-06T17:00:00Z,36841,463.616388
463.42,463.65,462.25,354,463.49,2024-06-06T18:00:00Z,59050,463.077294
463.41,463.59,462.79,598,463.46,2024-06-06T19:00:00Z,88014,463.276626
463.37,463.44,462.91,23,463.16,2024-06-06T20:00:00Z,10419,463.162524
461.65,463.01,460.58,60,462.04,2024-06-07T12:00:00Z,8710,461.661239
462.8,463.45,461.88,242,462.32,2024-06-07T13:00:00Z,20845,462.54006
463.76,464.79,462.57,337,462.79,2024-06-07T14:00:00Z,31354,463.720888
464.025,464.1,462.5,307,463.875,2024-06-07T15:00:00Z,21986,463.33301
465.385,465.435,463.775,349,464.02,2024-06-07T16:00:00Z,32024,464.508361
464.77,465.69,464.77,293,465.38,2024-06-07T17:00:00Z,23388,465.169264
463.355,464.775,461.985,458,464.775,2024-06-07T18:00:00Z,37063,463.067254
462.98,463.36,461.99,890,463.08,2024-06-07T19:00:00Z,72894,462.947447
462.76,462.96,462.47,25,462.95,2024-06-07T20:00:00Z,6030,462.673
461.96,462.8,461.96,9,462.79,2024-06-10T12:00:00Z,2095,462.448766
461.96,462.61,461.61,294,461.65,2024-06-10T13:00:00Z,26419,461.967399
463.69,463.69,461.9,404,461.94,2024-06-10T14:00:00Z,40427,462.62199
464.29,464.8,463.66,292,463.85,2024-06-10T15:00:00Z,33025,464.273061
464.625,464.99,464.23,214,464.315,2024-06-10T16:00:00Z,19165,464.579471
464.585,464.86,463.37,277,464.38,2024-06-10T17:00:00Z,33995,464.18906
463.94,464.56,462.92,435,464.445,2024-06-10T18:00:00Z,64390,463.746364
464.87,465.17,463.9,966,463.9,2024-06-10T19:00:00Z,161969,464.62682
464.61,464.61,464.12,38,464.4,2024-06-10T20:00:00Z,14699,464.325029
463.39,463.55,463.39,4,463.5,2024-06-11T12:00:00Z,523,463.483581
462.955,464.3,462.11,447,463.34,2024-06-11T13:00:00Z,47990,463.237697
465.365,465.44,462.87,756,462.87,2024-06-11T14:00:00Z,61690,464.222546
464.04,465.47,463.75,619,465.46,2024-06-11T15:00:00Z,79665,464.743227
464.455,464.86,463.99,404,464.03,2024-06-11T16:00:00Z,37558,464.457071
466.15,466.15,464.38,422,464.38,2024-06-11T17:00:00Z,40022,465.374593
467.2,467.7,465.89,398,466.11,2024-06-11T18:00:00Z,50308,466.890587
468.11,468.11,466.74,863,467.28,2024-06-11T19:00:00Z,90958,467.367007
468.12,468.28,467.75,27,467.79,2024-06-11T20:00:00Z,9591,467.922875
472.49,473.23,471.73,41,473.23,2024-06-12T12:00:00Z,6654,472.315486
474.085,474.43,471.32,459,472.41,2024-06-12T13:00:00Z,105949,473.380096
474.22,475.39,473.855,599,474.13,2024-06-12T14:00:00Z,185668,474.512849
474.705,475.19,474.36,276,474.495,2024-06-12T15:00:00Z,43954,474.821843
474.56,474.84,474.26,258,474.66,2024-06-12T16:00:00Z,33099,474.50739
474.73,475.17,474.19,204,474.57,2024-06-12T17:00:00Z,35959,474.588806
474.8,475.3,473.22,407,473.22,2024-06-12T18:00:00Z,31804,474.475624
474.08,476.355,472.88,817,474.82,2024-06-12T19:00:00Z,91846,474.404667
476.84,476.84,475.55,9,475.55,2024-06-12T20:00:00Z,1900,476.060526
477.34,478.87,477.34,41,477.82,2024-06-13T12:00:00Z,6312,478.22371
477.59,478.33,477.28,623,477.41,2024-06-13T13:00:00Z,92477,477.963931
475.83,477.995,475.275,517,477.92,2024-06-13T14:00:00Z,56702,476.573188
476.63,477.0,475.55,309,475.95,2024-06-13T15:00:00Z,20942,476.441932
475.46,476.35,474.56,426,476.35,2024-06-13T16:00:00Z,45040,475.311249
476.06,476.45,475.53,286,475.74,2024-06-13T17:00:00Z,27400,476.132307
476.85,476.96,475.74,309,476.04,2024-06-13T18:00:00Z,25626,476.634529
476.66,477.62,476.53,894,476.74,2024-06-13T19:00:00Z,120165,477.11972
476.97,477.35,476.78,9,476.78,2024-06-13T20:00:00Z,1614,477.058748
476.22,476.22,476.22,1,476.22,2024-06-14T12:00:00Z,200,476.22
478.0,478.06,476.05,256,476.06,2024-06-14T13:00:00Z,28397,477.317029
477.8,478.19,476.54,527,477.8,2024-06-14T14:00:00Z,63856,477.382791
477.42,477.825,476.23,248,477.825,2024-06-14T15:00:00Z,22090,477.332177
477.8,478.02,477.21,181,477.45,2024-06-14T16:00:00Z,21529,477.65246
478.51,478.79,477.87,200,477.87,2024-06-14T17:00:00Z,19372,478.428904
478.69,478.855,477.83,243,478.31,2024-06-14T18:00:00Z,20377,478.392897
479.19,479.21,478.2,688,478.835,2024-06-14T19:00:00Z,79432,478.76513
479.3,479.3,479.12,14,479.18,2024-06-14T20:00:00Z,7352,479.187891
479.24,479.48,479.24,3,479.45,2024-06-17T12:00:00Z,600,479.39
479.29,479.8,478.34,395,479.39,2024-06-17T13:00:00Z,35858,479.136795
479.85,480.09,478.91,474,479.41,2024-06-17T14:00:00Z,54384,479.618106
480.795,481.03,480.01,422,480.01,2024-06-17T15:00:00Z,47528,480.592595
482.87,483.18,480.71,298,480.91,2024-06-17T16:00:00Z,40592,482.080688
485.925,486.035,482.88,443,482.88,2024-06-17T17:00:00Z,52065,484.542839
486.08,486.75,485.64,509,486.0,2024-06-17T18:00:00Z,68103,486.183394
485.04,486.61,484.84,782,485.76,2024-06-17T19:00:00Z,143570,485.480271
484.61,484.94,484.32,32,484.94,2024-06-17T20:00:00Z,11840,484.517108
484.97,485.65,484.44,276,485.2,2024-06-18T13:00:00Z,31615,485.109816
484.23,485.49,484.15,438,484.77,2024-06-18T14:00:00Z,57737,484.797896
484.855,484.855,483.44,304,484.405,2024-06-18T15:00:00Z,54838,484.129984
485.39,485.39,484.515,188,484.84,2024-06-18T16:00:00Z,22067,484.907227
485.21,485.83,484.9,191,485.37,2024-06-18T17:00:00Z,21645,485.271899
485.19,485.23,484.29,327,484.99,2024-06-18T18:00:00Z,26905,484.863453
485.24,485.39,484.71,743,485.14,2024-06-18T19:00:00Z,114126,485.095153
485.28,485.36,485.01,39,485.19,2024-06-18T20:00:00Z,13057,485.177292
487.2,487.74,487.02,8,487.59,2024-06-20T12:00:00Z,1999,487.293277
486.03,486.97,485.32,315,486.97,2024-06-20T13:00:00Z,42797,486.21033
485.67,486.115,483.37,587,486.115,2024-06-20T14:00:00Z,97119,484.820874
484.69,486.01,484.46,330,485.72,2024-06-20T15:00:00Z,41986,485.211808
482.355,484.815,481.03,366,484.52,2024-06-20T16:00:00Z,55207,482.966484
481.43,481.91,479.74,295,481.91,2024-06-20T17:00:00Z,37967,480.866861
481.015,482.525,481.015,474,481.5,2024-06-20T18:00:00Z,73160,481.873115
481.44,482.17,479.705,714,480.91,2024-06-20T19:00:00Z,126036,481.147595
481.61,481.69,481.21,18,481.25,2024-06-20T20:00:00Z,7510,481.528077
481.49,481.49,481.46,5,481.49,2024-06-21T12:00:00Z,1215,481.475126
479.58,481.68,478.72,501,481.68,2024-06-21T13:00:00Z,44766,480.247718
480.93,480.93,479.46,398,480.0,2024-06-21T14:00:00Z,21515,480.095552
482.37,482.37,480.25,530,480.88,2024-06-21T15:00:00Z,45725,481.301455
480.93,482.48,480.57,479,482.24,2024-06-21T16:00:00Z,45878,481.65713
479.85,481.04,479.55,482,480.565,2024-06-21T17:00:00Z,35636,480.339346
480.31,480.76,479.8,332,479.91,2024-06-21T18:00:00Z,27853,480.186149
480.16,480.995,480.075,794,480.4,2024-06-21T19:00:00Z,113212,480.40467
480.84,480.89,480.33,29,480.45,2024-06-21T20:00:00Z,10583,480.737145
478.55,478.56,478.49,3,478.49,2024-06-24T12:00:00Z,900,478.533333
478.82,479.135,476.86,575,477.77,2024-06-24T13:00:00Z,66037,477.977506
477.755,479.8,475.93,359,479.44,2024-06-24T14:00:00Z,40131,477.672574
477.89,478.18,477.1,146,477.93,2024-06-24T15:00:00Z,15928,477.662207
476.33,478.11,476.33,60,477.96,2024-06-24T16:00:00Z,6796,477.478517
475.895,476.82,475.0,159,476.62,2024-06-24T17:00:00Z,23322,475.81377
475.775,475.965,474.56,400,475.26,2024-06-24T18:00:00Z,62567,475.043027
474.03,476.505,473.84,703,475.765,2024-06-24T19:00:00Z,114276,474.747027
474.0,474.37,473.55,53,473.92,2024-06-24T20:00:00Z,15191,474.067392
475.96,475.96,475.81,5,475.87,2024-06-25T12:00:00Z,740,475.878919
476.08,476.54,475.32,232,476.35,2024-06-25T13:00:00Z,19379,475.933054
476.98,477.74,476.1,357,476.1,2024-06-25T14:00:00Z,40787,477.088296
479.12,479.12,477.145,279,477.235,2024-06-25T15:00:00Z,37911,478.379555
477.04,479.2,476.885,276,479.01,2024-06-25T16:00:00Z,41392,478.401655
478.27,478.35,476.47,130,476.91,2024-06-25T17:00:00Z,11426,477.415635
478.93,479.29,478.31,298,478.37,2024-06-25T18:00:00Z,47316,478.905691
479.43,479.665,478.665,774,478.915,2024-06-25T19:00:00Z,114472,479.242968
479.35,479.47,479.16,37,479.47,2024-06-25T20:00:00Z,11949,479.257154
478.7,479.38,478.61,12,479.31,2024-06-26T12:00:00Z,3437,478.987606
479.31,480.22,478.04,119,478.29,2024-06-26T13:00:00Z,18411,479.466235
479.62,480.63,479.11,204,479.61,2024-06-26T14:00:00Z,26126,479.949248
480.63,480.74,478.31,130,479.74,2024-06-26T15:00:00Z,20548,479.523038
479.42,480.71,478.95,123,480.64,2024-06-26T16:00:00Z,14125,479.86477
479.825,479.85,478.94,118,479.32,2024-06-26T17:00:00Z,20838,479.499955
479.19,479.89,479.065,237,479.5,2024-06-26T18:00:00Z,48166,479.436575
480.41,480.9,478.66,804,479.0,2024-06-26T19:00:00Z,95826,479.802632
478.8,479.75,478.45,22,478.66,2024-06-26T20:00:00Z,4012,478.931474
480.43,480.43,479.98,5,479.98,2024-06-27T12:00:00Z,822,480.252927
481.76,482.62,480.14,480,480.42,2024-06-27T13:00:00Z,44310,481.543333
481.06,483.04,480.5,479,482.02,2024-06-27T14:00:00Z,28870,481.945103
480.11,481.25,479.33,642,480.925,2024-06-27T15:00:00Z,93401,480.12935
481.14,481.71,479.945,405,480.095,2024-06-27T16:00:00Z,90550,481.096866
481.23,481.99,480.99,472,481.23,2024-06-27T17:00:00Z,71656,481.580607
481.455,481.485,480.3,582,481.22,2024-06-27T18:00:00Z,114748,480.997651
481.58,481.82,480.44,516,481.4,2024-06-27T19:00:00Z,59129,481.385095
482.07,482.21,481.75,30,481.75,2024-06-27T20:00:00Z,7424,482.043887
483.39,483.39,483.39,1,483.39,2024-06-28T12:00:00Z,300,483.39
484.21,484.21,481.78,180,482.22,2024-06-28T13:00:00Z,26145,483.364991
484.08,487.16,483.865,434,484.48,2024-06-28T14:00:00Z,48236,485.660822
483.415,483.73,482.66,206,483.61,2024-06-28T15:00:00Z,24065,483.149454
481.65,483.03,480.435,257,482.985,2024-06-28T16:00:00Z,24362,481.849378
481.6,482.31,481.19,179,481.42,2024-06-28T17:00:00Z,15170,481.660009
481.085,482.29,480.82,103,481.59,2024-06-28T18:00:00Z,15909,481.383545
479.06,480.95,478.61,1280,480.92,2024-06-28T19:00:00Z,176741,479.747822
479.98,479.98,478.98,27,478.98,2024-06-28T20:00:00Z,7930,479.662525
480.2,480.29,480.0,10,480.29,2024-07-01T12:00:00Z,1741,480.167101
478.0,480.47,476.97,395,480.38,2024-07-01T13:00:00Z,30397,478.338897
478.55,479.48,476.29,403,478.39,2024-07-01T14:00:00Z,48392,478.100357
479.91,479.96,478.15,258,478.47,2024-07-01T15:00:00Z,16794,479.267305
481.1,481.4,479.795,256,480.06,2024-07-01T16:00:00Z,28285,480.698744
480.69,481.13,480.25,222,481.055,2024-07-01T17:00:00Z,11913,480.796718
481.1,481.92,480.37,127,480.53,2024-07-01T18:00:00Z,14335,481.186464
481.96,482.46,480.36,789,480.88,2024-07-01T19:00:00Z,91134,481.84119
481.9,482.16,481.79,14,482.04,2024-07-01T20:00:00Z,3559,482.056014
479.59,479.81,479.28,13,479.81,2024-07-02T12:00:00Z,2457,479.577184
482.29,483.15,479.89,152,479.89,2024-07-02T13:00:00Z,18876,482.096589
483.44,483.74,481.355,277,482.07,2024-07-02T14:00:00Z,26578,482.796747
483.07,484.41,482.87,275,483.555,2024-07-02T15:00:00Z,39168,483.837554
483.74,483.83,482.67,123,482.74,2024-07-02T16:00:00Z,12723,483.172506
485.78,485.955,484.04,232,484.04,2024-07-02T17:00:00Z,35402,485.034069
486.27,486.55,485.815,195,485.83,2024-07-02T18:00:00Z,51850,486.114237
487.01,487.03,485.82,910,486.25,2024-07-02T19:00:00Z,135332,486.551678
486.36,486.87,486.36,22,486.79,2024-07-02T20:00:00Z,9517,486.640567
486.12,486.58,486.04,9,486.47,2024-07-03T12:00:00Z,1404,486.254286
487.6,487.805,486.13,469,486.13,2024-07-03T13:00:00Z,35356,487.138637
488.54,488.72,486.85,457,488.06,2024-07-03T14:00:00Z,26612,487.766547
490.165,490.165,488.24,432,488.385,2024-07-03T15:00:00Z,48466,489.36788
490.99,491.14,489.915,903,490.155,2024-07-03T16:00:00Z,126129,490.726986
490.95,491.32,490.95,6,490.97,2024-07-03T17:00:00Z,1700,491.051176
491.78,492.14,491.78,7,492.13,2024-07-05T12:00:00Z,931,492.0
493.48,493.665,491.2,246,491.2,2024-07-05T13:00:00Z,16677,492.5094
493.835,494.51,492.47,544,493.64,2024-07-05T14:00:00Z,37270,493.537519
495.6,495.77,493.59,484,493.87,2024-07-05T15:00:00Z,55545,494.931724
495.35,496.025,495.11,361,495.605,2024-07-05T16:00:00Z,32486,495.542366
496.155,496.47,495.11,465,495.405,2024-07-05T17:00:00Z,58202,495.819716
495.96,496.27,495.51,596,496.27,2024-07-05T18:00:00Z,46453,495.94484
496.23,496.595,495.88,1208,495.88,2024-07-05T19:00:00Z,139990,496.309503
495.97,496.04,495.8,33,495.99,2024-07-05T20:00:00Z,15923,495.948244
496.51,496.54,496.51,3,496.53,2024-07-08T12:00:00Z,923,496.522589
496.59,496.95,495.87,225,496.57,2024-07-08T13:00:00Z,28533,496.427642
495.77,496.7,495.64,333,496.38,2024-07-08T14:00:00Z,38929,496.100024
497.39,497.43,495.88,326,495.99,2024-07-08T15:00:00Z,59836,496.967041
496.77,497.3,496.075,210,497.23,2024-07-08T16:00:00Z,40543,496.528814
497.13,497.41,496.48,170,496.51,2024-07-08T17:00:00Z,16064,496.9536
496.945,497.12,496.04,303,497.075,2024-07-08T18:00:00Z,45108,496.86302
497.22,497.85,496.265,505,496.76,2024-07-08T19:00:00Z,61454,496.831232
497.68,497.83,497.33,26,497.33,2024-07-08T20:00:00Z,11483,497.654167
498.46,498.58,498.46,2,498.58,2024-07-09T12:00:00Z,200,498.52
499.48,499.81,498.76,175,498.87,2024-07-09T13:00:00Z,19034,499.146391
498.73,499.99,497.885,353,499.56,2024-07-09T14:00:00Z,40663,498.948161
498.34,498.625,497.59,214,498.39,2024-07-09T15:00:00Z,33501,498.168752
497.6,498.69,496.98,428,498.485,2024-07-09T16:00:00Z,61576,497.696615
497.32,498.07,496.275,270,497.66,2024-07-09T17:00:00Z,42274,497.022717
497.59,497.75,496.97,198,496.98,2024-07-09T18:00:00Z,30905,497.306524
497.82,497.91,497.2,338,497.475,2024-07-09T19:00:00Z,52416,497.566189
497.58,497.58,497.58,1,497.58,2024-07-09T20:00:00Z,100,497.58
499.68,499.95,499.68,6,499.88,2024-07-10T12:00:00Z,520,499.776
499.77,500.16,498.94,395,499.75,2024-07-10T13:00:00Z,44425,499.687793
498.96,500.54,498.95,421,499.86,2024-07-10T14:00:00Z,66792,499.71133
499.84,499.965,498.41,294,498.96,2024-07-10T15:00:00Z,55112,499.147803
501.8,501.87,499.89,403,499.91,2024-07-10T16:00:00Z,84700,500.910053
502.43,502.575,501.695,314,501.8,2024-07-10T17:00:00Z,47331,502.110331
502.665,502.965,502.21,239,502.365,2024-07-10T18:00:00Z,39598,502.531673
503.03,503.47,502.0,914,502.565,2024-07-10T19:00:00Z,137808,502.948812
502.82,503.0,502.69,25,502.95,2024-07-10T20:00:00Z,9145,502.888118
503.0,505.16,502.64,100,504.12,2024-07-11T12:00:00Z,16027,503.748854
502.32,503.6,501.4,461,502.84,2024-07-11T13:00:00Z,51857,502.554143
496.12,502.45,496.05,971,502.245,2024-07-11T14:00:00Z,95692,499.040623
493.16,497.14,493.05,857,496.22,2024-07-11T15:00:00Z,96626,495.220923
492.38,494.55,492.215,661,493.175,2024-07-11T16:00:00Z,71350,493.52084
491.01,493.13,490.97,484,492.26,2024-07-11T17:00:00Z,45111,492.079708
492.8,492.93,490.775,678,491.05,2024-07-11T18:00:00Z,65909,492.263929
491.905,493.5,491.89,1368,492.87,2024-07-11T19:00:00Z,198481,492.493934
492.18,492.62,491.58,16,491.58,2024-07-11T20:00:00Z,3907,492.106154
492.63,492.84,491.79,7,491.79,2024-07-12T12:00:00Z,1575,492.53
494.89,494.92,492.08,325,492.62,2024-07-12T13:00:00Z,44377,493.326327
497.12,497.65,494.56,536,494.95,2024-07-12T14:00:00Z,95075,495.865652
496.12,497.8,496.12,281,497.06,2024-07-12T15:00:00Z,43447,497.309897
497.02,497.02,495.28,163,496.27,2024-07-12T16:00:00Z,28726,496.331414
498.76,499.585,496.96,278,496.96,2024-07-12T17:00:00Z,60516,498.497229
498.87,499.21,498.26,300,498.705,2024-07-12T18:00:00Z,49147,498.826314
494.84,498.935,494.11,1231,498.885,2024-07-12T19:00:00Z,163899,495.99878
494.79,495.02,494.53,39,494.77,2024-07-12T20:00:00Z,8633,494.714338
496.845,497.94,496.05,241,496.69,2024-07-15T13:00:00Z,24199,496.861167
499.38,499.6,497.12,242,497.12,2024-07-15T14:00:00Z,22164,498.460907
498.59,500.91,497.94,355,499.83,2024-07-15T15:00:00Z,23526,499.889905
497.51,498.69,496.44,212,498.69,2024-07-15T16:00:00Z,33935,497.568293
495.74,497.465,495.37,232,497.465,2024-07-15T17:00:00Z,22677,496.395418
496.62,497.08,495.335,139,495.435,2024-07-15T18:00:00Z,14091,496.367831
496.2,497.335,494.12,621,496.6,2024-07-15T19:00:00Z,88333,495.904542
496.9,497.0,496.24,34,496.31,2024-07-15T20:00:00Z,7777,496.567894
497.43,497.43,497.43,1,497.43,2024-07-16T12:00:00Z,100,497.43
495.99,498.36,495.74,350,497.1,2024-07-16T13:00:00Z,48625,497.187312
494.89,496.18,493.65,551,496.0,2024-07-16T14:00:00Z,57446,494.76622
495.13,496.535,494.59,353,495.06,2024-07-16T15:00:00Z,23194,495.550685
495.16,495.57,493.2,294,495.57,2024-07-16T16:00:00Z,22663,494.357541
494.74,494.97,493.94,323,494.93,2024-07-16T17:00:00Z,21049,494.48152
495.92,496.03,493.78,361,494.5,2024-07-16T18:00:00Z,31093,494.715955
496.38,496.69,495.41,668,496.02,2024-07-16T19:00:00Z,81734,496.124579
496.22,496.5,496.14,36,496.43,2024-07-16T20:00:00Z,13039,496.332859
487.125,488.77,487.04,872,488.73,2024-07-17T13:00:00Z,164702,487.89369
484.93,486.19,484.435,870,486.11,2024-07-17T14:00:00Z,135674,485.331315
484.085,485.36,483.31,410,484.89,2024-07-17T15:00:00Z,34051,484.323914
483.56,484.15,482.23,614,484.02,2024-07-17T16:00:00Z,84581,482.90061
482.79,483.88,482.42,377,483.31,2024-07-17T17:00:00Z,28437,483.162685
482.69,483.75,482.38,282,482.69,2024-07-17T18:00:00Z,25390,483.106853
481.825,483.63,481.715,1410,482.73,2024-07-17T19:00:00Z,237240,482.460515
482.23,482.46,481.26,49,481.76,2024-07-17T20:00:00Z,10550,481.996586
485.5,485.5,485.5,1,485.5,2024-07-18T12:00:00Z,200,485.5
483.61,485.88,482.64,625,485.88,2024-07-18T13:00:00Z,125074,484.431674
481.79,484.65,479.48,576,483.69,2024-07-18T14:00:00Z,92084,482.006012
477.17,482.08,476.93,668,481.65,2024-07-18T15:00:00Z,139102,478.463072
479.94,479.94,476.6,433,477.12,2024-07-18T16:00:00Z,46133,478.574686
478.82,480.75,478.69,264,479.835,2024-07-18T17:00:00Z,26304,479.729322
478.42,479.28,477.32,329,478.96,2024-07-18T18:00:00Z,33147,478.40891
479.44,481.1,476.305,1212,478.46,2024-07-18T19:00:00Z,120330,478.933139
480.47,480.52,479.24,26,479.24,2024-07-18T20:00:00Z,5108,480.222612
479.62,481.68,478.35,643,480.51,2024-07-19T13:00:00Z,113313,479.644333
478.27,480.195,477.03,539,479.2,2024-07-19T14:00:00Z,86314,478.062776
477.715,479.23,475.19,463,478.13,2024-07-19T15:00:00Z,67092,476.774484
475.76,478.0,474.75,473,478.0,2024-07-19T16:00:00Z,38100,476.014142
475.58,475.78,474.19,359,475.75,2024-07-19T17:00:00Z,41663,474.980585
475.565,476.13,474.41,339,475.37,2024-07-19T18:00:00Z,25613,475.183397
475.31,477.05,474.705,1085,475.555,2024-07-19T19:00:00Z,142586,475.275345
475.02,475.25,474.87,38,475.24,2024-07-19T20:00:00Z,12718,475.191829
480.28,480.5,480.28,3,480.42,2024-07-22T12:00:00Z,308,480.398701
481.34,482.815,479.68,550,480.27,2024-07-22T13:00:00Z,48959,481.232533
481.17,482.64,479.79,735,481.61,2024-07-22T14:00:00Z,46879,481.143373
479.19,482.19,477.865,580,481.27,2024-07-22T15:00:00Z,39569,479.429826
481.3,481.58,478.39,294,479.01,2024-07-22T16:00:00Z,18161,479.940028
482.36,482.63,481.32,391,481.425,2024-07-22T17:00:00Z,24205,482.032796
482.65,483.31,482.135,417,482.4,2024-07-22T18:00:00Z,23848,482.983193
482.2,483.08,481.92,1252,482.42,2024-07-22T19:00:00Z,157762,482.351678
481.73,482.67,481.6,30,482.65,2024-07-22T20:00:00Z,6620,482.052961
481.29,481.29,480.75,3,480.75,2024-07-23T12:00:00Z,600,481.03
482.54,483.22,481.01,325,481.76,2024-07-23T13:00:00Z,34517,482.356156
481.64,483.54,480.87,582,482.905,2024-07-23T14:00:00Z,43616,482.199798
483.58,484.41,481.91,261,481.91,2024-07-23T15:00:00Z,19042,483.437676
481.305,483.26,480.81,222,483.22,2024-07-23T16:00:00Z,18919,482.014103
481.98,482.12,480.54,236,481.23,2024-07-23T17:00:00Z,21294,481.431982
481.79,482.33,481.18,195,482.03,2024-07-23T18:00:00Z,18804,481.908972
480.78,482.33,480.17,718,481.83,2024-07-23T19:00:00Z,74479,481.084711
481.47,482.37,480.53,26,481.24,2024-07-23T20:00:00Z,4277,481.251015
473.46,473.95,473.37,9,473.95,2024-07-24T12:00:00Z,1400,473.554286
471.03,474.02,470.68,624,473.9,2024-07-24T13:00:00Z,63255,472.023572
468.98,471.05,468.485,480,470.71,2024-07-24T14:00:00Z,50850,469.847534
467.14,469.08,467.14,418,469.04,2024-07-24T15:00:00Z,35772,467.962793
466.23,467.26,465.96,715,467.07,2024-07-24T16:00:00Z,46640,466.694241
466.19,467.64,465.99,312,466.49,2024-07-24T17:00:00Z,40274,466.921089
464.49,466.45,463.91,461,466.32,2024-07-24T18:00:00Z,53442,464.925105
463.35,465.855,462.58,1314,464.555,2024-07-24T19:00:00Z,275290,463.736029
464.72,464.99,463.39,25,463.51,2024-07-24T20:00:00Z,3786,464.404798
464.05,464.05,461.5,12,461.5,2024-07-25T12:00:00Z,2669,463.49117
459.41,464.35,459.02,693,463.96,2024-07-25T13:00:00Z,56422,461.948683
463.285,463.65,455.64,1348,459.09,2024-07-25T14:00:00Z,199799,460.123946
464.19,465.19,462.04,576,463.64,2024-07-25T15:00:00Z,47178,463.537902
466.56,467.19,463.17,929,464.235,2024-07-25T16:00:00Z,57074,465.876109
465.465,467.82,464.6,442,466.645,2024-07-25T17:00:00Z,31203,466.132385
461.73,465.605,461.34,390,465.605,2024-07-25T18:00:00Z,31398,463.011964
458.22,464.32,458.055,1385,461.79,2024-07-25T19:00:00Z,173660,460.203451
458.17,458.47,457.13,21,458.32,2024-07-25T20:00:00Z,3949,457.861378
463.07,463.69,462.7,17,463.62,2024-07-26T12:00:00Z,2750,463.254359
461.84,463.14,460.46,295,462.94,2024-07-26T13:00:00Z,28516,461.822756
461.81,463.25,459.825,448,461.55,2024-07-26T14:00:00Z,54292,461.029446
463.37,463.395,461.135,203,461.72,2024-07-26T15:00:00Z,22228,462.341602
465.445,465.59,463.185,152,463.26,2024-07-26T16:00:00Z,15031,464.272251
463.26,465.91,462.55,334,465.49,2024-07-26T17:00:00Z,29143,463.882256
462.05,464.055,461.77,139,463.36,2024-07-26T18:00:00Z,9433,462.92538
463.07,463.31,461.29,839,461.83,2024-07-26T19:00:00Z,84418,462.4409
463.29,463.29,462.89,17,463.01,2024-07-26T20:00:00Z,3935,463.125128
466.63,467.46,466.63,3,467.46,2024-07-29T12:00:00Z,500,466.8
467.34,467.66,464.26,481,466.24,2024-07-29T13:00:00Z,65556,466.08589
464.13,467.89,464.13,326,467.7,2024-07-29T14:00:00Z,29214,466.391474
465.11,465.29,462.05,244,464.18,2024-07-29T15:00:00Z,22136,463.350604
466.145,466.94,465.31,187,465.31,2024-07-29T16:00:00Z,17601,466.278219
465.025,467.15,464.97,208,466.38,2024-07-29T17:00:00Z,21985,465.873938
464.23,464.71,463.435,192,464.55,2024-07-29T18:00:00Z,19154,464.085712
463.91,465.13,463.6,416,464.105,2024-07-29T19:00:00Z,33086,464.322912
463.94,464.06,463.36,26,464.02,2024-07-29T20:00:00Z,5686,463.745159
465.15,465.15,465.15,1,465.15,2024-07-30T12:00:00Z,200,465.15
464.27,466.41,463.94,254,465.35,2024-07-30T13:00:00Z,22140,465.383497
461.42,464.71,461.42,418,464.33,2024-07-30T14:00:00Z,26612,462.916569
457.34,461.31,457.145,450,461.23,2024-07-30T15:00:00Z,38239,458.957043
454.455,458.24,454.455,367,457.23,2024-07-30T16:00:00Z,20746,456.632926
457.43,457.66,454.2,680,454.5,2024-07-30T17:00:00Z,62111,456.157935
457.69,458.88,457.13,377,457.585,2024-07-30T18:00:00Z,28851,458.059798
457.46,459.215,456.675,1009,457.55,2024-07-30T19:00:00Z,91572,457.841012
455.87,456.05,452.37,77,454.93,2024-07-30T20:00:00Z,11766,454.070567
467.36,467.36,466.1,6,466.1,2024-07-31T12:00:00Z,1100,466.88
468.39,468.84,466.425,971,467.46,2024-07-31T13:00:00Z,110736,467.612803
469.74,470.8,468.46,595,468.46,2024-07-31T14:00:00Z,54778,469.616373
470.11,471.28,469.61,699,469.84,2024-07-31T15:00:00Z,44033,470.454201
469.21,470.75,469.21,259,470.21,2024-07-31T16:00:00Z,17266,469.8128
468.98,470.51,467.82,373,469.42,2024-07-31T17:00:00Z,24778,469.241885
472.48,472.72,468.64,549,469.355,2024-07-31T18:00:00Z,45397,471.018867
471.01,472.54,469.07,1320,472.23,2024-07-31T19:00:00Z,163846,471.027798
473.14,474.37,472.12,30,472.46,2024-07-31T20:00:00Z,3653,472.617639
473.94,473.94,473.88,2,473.88,2024-08-01T12:00:00Z,400,473.91
474.72,475.55,471.53,568,472.48,2024-08-01T13:00:00Z,57684,473.574313
467.3,474.71,467.09,1135,474.58,2024-08-01T14:00:00Z,68594,470.373535
462.99,467.285,462.92,933,467.285,2024-08-01T15:00:00Z,74510,465.007372
461.49,464.86,461.0,860,462.96,2024-08-01T16:00:00Z,69998,462.848856
459.62,461.54,457.18,732,461.19,2024-08-01T17:00:00Z,69286,459.034681
456.32,459.93,456.03,793,459.53,2024-08-01T18:00:00Z,64357,457.499086
459.56,460.61,456.36,1608,456.42,2024-08-01T19:00:00Z,182139,459.125144
457.6,459.96,455.76,43,459.49,2024-08-01T20:00:00Z,7561,458.477419
449.39,450.96,447.56,79,450.96,2024-08-02T12:00:00Z,10335,449.222139
449.26,453.44,448.335,1302,449.32,2024-08-02T13:00:00Z,89549,450.788707
445.415,449.98,444.52,1103,449.14,2024-08-02T14:00:00Z,149233,446.455583
449.41,450.31,444.99,1124,445.475,2024-08-02T15:00:00Z,130744,446.793667
447.54,450.28,447.01,716,449.74,2024-08-02T16:00:00Z,59413,449.063039
446.94,448.665,446.0,546,447.78,2024-08-02T17:00:00Z,45610,447.277803
447.43,449.32,446.17,469,447.04,2024-08-02T18:00:00Z,34098,447.858201
448.66,449.17,446.46,1302,447.355,2024-08-02T19:00:00Z,114875,448.11006
448.5,448.75,448.3,6,448.75,2024-08-02T20:00:00Z,701,448.445714
422.9,424.65,420.37,26,424.65,2024-08-05T12:00:00Z,2558,422.356346
432.66,434.0,423.5,1304,426.71,2024-08-05T13:00:00Z,107931,429.877859
433.735,438.02,431.95,1476,432.62,2024-08-05T14:00:00Z,142035,435.176534
437.95,439.81,432.75,1226,434.13,2024-08-05T15:00:00Z,103971,437.331476
436.53,442.21,436.24,709,438.26,2024-08-05T16:00:00Z,60862,439.717156
437.28,439.105,436.195,594,436.66,2024-08-05T17:00:00Z,59407,437.691061
433.05,437.14,432.75,706,437.14,2024-08-05T18:00:00Z,58444,434.519025
435.805,436.01,433.155,1706,433.2,2024-08-05T19:00:00Z,240102,434.85112
437.83,438.87,436.1,22,436.1,2024-08-05T20:00:00Z,4800,437.514792
437.58,437.8,437.58,3,437.8,2024-08-06T12:00:00Z,400,437.705714
438.365,439.44,434.86,719,437.54,2024-08-06T13:00:00Z,61576,437.17101
442.865,443.575,438.1,1078,438.15,2024-08-06T14:00:00Z,76895,440.808271
443.23,443.72,439.95,682,442.64,2024-08-06T15:00:00Z,45390,442.095053
445.74,446.14,443.115,723,443.78,2024-08-06T16:00:00Z,41211,444.227268
445.61,446.19,444.69,643,445.75,2024-08-06T17:00:00Z,37752,445.469489
445.02,447.01,444.78,628,445.535,2024-08-06T18:00:00Z,39518,446.041211
439.53,444.87,439.44,1767,444.87,2024-08-06T19:00:00Z,194081,441.564228
437.58,441.26,437.53,42,439.23,2024-08-06T20:00:00Z,6423,439.513859
446.02,446.02,445.58,3,445.58,2024-08-07T12:00:00Z,600,445.82
448.075,448.99,445.92,633,446.0,2024-08-07T13:00:00Z,81283,447.378607
447.93,448.795,445.42,595,448.43,2024-08-07T14:00:00Z,59718,447.407816
445.24,448.695,443.81,505,448.06,2024-08-07T15:00:00Z,38553,446.318406
442.36,445.14,441.8,502,444.93,2024-08-07T16:00:00Z,31133,443.677876
438.44,442.6,437.86,801,442.26,2024-08-07T17:00:00Z,61930,440.233433
436.09,438.69,435.61,670,438.47,2024-08-07T18:00:00Z,58044,436.885241
434.94,439.05,434.43,1391,436.11,2024-08-07T19:00:00Z,123967,436.663333
431.72,435.31,431.72,13,434.9,2024-08-07T20:00:00Z,2062,434.380822
439.76,440.24,438.66,14,438.66,2024-08-08T12:00:00Z,2540,439.427689
440.68,441.3,437.39,424,439.37,2024-08-08T13:00:00Z,41724,439.750576
445.23,446.05,440.61,503,440.61,2024-08-08T14:00:00Z,48003,443.077349
445.59,445.59,443.38,324,445.38,2024-08-08T15:00:00Z,23999,444.678131
445.22,446.75,444.33,375,445.55,2024-08-08T16:00:00Z,34922,445.951503
447.945,448.295,444.31,250,445.58,2024-08-08T17:00:00Z,21074,446.178774
447.61,448.89,447.07,209,447.86,2024-08-08T18:00:00Z,18266,448.1974
448.0,448.63,445.51,1014,447.43,2024-08-08T19:00:00Z,195061,447.463589
449.28,449.78,448.35,35,448.8,2024-08-08T20:00:00Z,5016,448.875328
445.77,445.77,445.77,3,445.77,2024-08-09T12:00:00Z,400,445.77
446.2,448.57,446.15,685,446.38,2024-08-09T13:00:00Z,103572,447.600782
448.48,449.47,445.67,622,445.92,2024-08-09T14:00:00Z,52426,447.146664
447.425,449.7,447.41,502,448.77,2024-08-09T15:00:00Z,31415,448.7145
448.48,448.48,446.95,334,447.48,2024-08-09T16:00:00Z,19958,447.768555
450.415,452.03,448.43,579,448.48,2024-08-09T17:00:00Z,34464,450.915067
450.225,450.82,449.48,441,450.6,2024-08-09T18:00:00Z,21112,450.074709
450.5,451.05,449.61,918,449.61,2024-08-09T19:00:00Z,105677,450.610012
450.22,450.73,450.22,24,450.33,2024-08-09T20:00:00Z,4793,450.593332
448.95,452.04,448.61,264,452.01,2024-08-12T13:00:00Z,26085,450.422757
453.02,453.8,449.12,401,449.26,2024-08-12T14:00:00Z,38030,452.060865
453.25,454.19,449.865,309,453.46,2024-08-12T15:00:00Z,27456,451.853606
451.5,453.43,451.22,339,453.275,2024-08-12T16:00:00Z,30685,452.666181
450.86,452.34,450.15,303,450.755,2024-08-12T17:00:00Z,15551,451.166618
451.5,451.5,450.53,206,451.03,2024-08-12T18:00:00Z,17294,450.894749
451.4,451.465,449.93,538,451.465,2024-08-12T19:00:00Z,44441,450.745118
451.0,451.66,450.9,18,451.53,2024-08-12T20:00:00Z,3028,451.193669
455.21,455.82,454.11,29,454.11,2024-08-13T12:00:00Z,4265,455.438094
457.49,457.96,455.32,503,455.32,2024-08-13T13:00:00Z,67275,456.882742
458.655,458.75,456.69,712,457.81,2024-08-13T14:00:00Z,50908,457.679999
459.73,460.05,458.52,551,458.725,2024-08-13T15:00:00Z,39579,459.335712
461.82,461.87,459.32,569,459.59,2024-08-13T16:00:00Z,47327,460.485643
461.51,462.14,460.22,457,461.83,2024-08-13T17:00:00Z,39391,461.458683
462.03,462.11,460.98,465,461.51,2024-08-13T18:00:00Z,32431,461.71805
462.58,462.83,460.91,1080,462.065,2024-08-13T19:00:00Z,182864,462.336355
462.33,463.0,462.22,24,462.51,2024-08-13T20:00:00Z,4777,462.615263
463.56,463.96,461.69,41,463.59,2024-08-14T12:00:00Z,5347,462.789207
460.85,464.4,460.51,757,463.66,2024-08-14T13:00:00Z,101881,462.768052
461.89,461.89,458.49,704,460.52,2024-08-14T14:00:00Z,87501,460.137987
464.95,464.995,461.62,446,461.84,2024-08-14T15:00:00Z,38889,462.834124
461.91,464.85,460.79,546,464.81,2024-08-14T16:00:00Z,55686,463.176465
462.08,462.58,461.63,270,461.755,2024-08-14T17:00:00Z,35447,461.900208
462.78,462.86,461.47,340,461.81,2024-08-14T18:00:00Z,18919,462.106077
462.82,463.62,461.26,1209,462.695,2024-08-14T19:00:00Z,69604,462.688368
463.74,464.08,463.05,10,463.05,2024-08-14T20:00:00Z,2100,463.699524
468.2,468.74,465.85,11,465.85,2024-08-15T12:00:00Z,2225,467.681665
471.38,471.38,468.03,552,468.66,2024-08-15T13:00:00Z,52428,469.757029
471.59,472.61,470.13,1071,471.385,2024-08-15T14:00:00Z,102014,471.373595
473.0,473.38,471.7,561,471.895,2024-08-15T15:00:00Z,40257,472.703939
473.225,473.96,472.685,557,473.035,2024-08-15T16:00:00Z,50148,473.40418
474.23,474.265,472.86,410,473.16,2024-08-15T17:00:00Z,23331,473.55033
474.37,474.52,474.0,573,474.33,2024-08-15T18:00:00Z,38699,474.318112
474.4,474.8,473.37,1321,474.29,2024-08-15T19:00:00Z,206958,474.145154
474.24,474.47,473.92,19,474.47,2024-08-15T20:00:00Z,5526,474.265455
471.92,472.05,471.92,5,472.05,2024-08-16T12:00:00Z,558,471.955455
472.56,473.24,471.92,928,472.19,2024-08-16T13:00:00Z,57968,472.654051
473.06,474.74,472.52,708,472.52,2024-08-16T14:00:00Z,54999,473.916733
474.57,474.57,472.5,494,473.085,2024-08-16T15:00:00Z,39094,473.385329
476.28,476.29,474.17,418,474.38,2024-08-16T16:00:00Z,24501,475.219303
475.6,476.27,475.12,155,476.27,2024-08-16T17:00:00Z,12133,475.805885
475.54,475.54,474.88,293,475.38,2024-08-16T18:00:00Z,10695,475.111787
475.06,475.54,474.29,753,475.45,2024-08-16T19:00:00Z,63407,474.965042
475.24,475.36,475.01,21,475.07,2024-08-16T20:00:00Z,4857,475.089804
474.75,475.9,473.99,374,475.9,2024-08-19T13:00:00Z,41338,475.048865
476.33,476.52,473.47,527,474.83,2024-08-19T14:00:00Z,37620,475.230871
475.96,476.88,475.705,357,476.41,2024-08-19T15:00:00Z,19304,476.470892
477.21,477.37,475.98,274,476.15,2024-08-19T16:00:00Z,14686,476.623801
477.93,477.93,476.89,397,477.19,2024-08-19T17:00:00Z,30197,477.496374
479.12,479.47,477.96,410,477.975,2024-08-19T18:00:00Z,34438,478.571308
481.19,481.3,478.93,581,479.01,2024-08-19T19:00:00Z,60143,480.447755
481.27,481.27,480.65,13,481.02,2024-08-19T20:00:00Z,2769,480.947463
482.79,482.91,480.24,524,480.79,2024-08-20T13:00:00Z,43183,481.750971
479.57,482.68,478.56,850,482.6,2024-08-20T14:00:00Z,59232,480.5518
481.15,481.17,479.28,437,479.55,2024-08-20T15:00:00Z,24690,480.125077
479.41,481.27,479.41,467,481.17,2024-08-20T16:00:00Z,50539,480.673401
480.14,480.22,478.71,241,479.25,2024-08-20T17:00:00Z,28563,479.689494
481.21,481.52,480.095,481,480.11,2024-08-20T18:00:00Z,57917,481.08273
480.18,481.295,480.06,789,481.11,2024-08-20T19:00:00Z,69063,480.679307
480.64,480.64,480.49,5,480.49,2024-08-20T20:00:00Z,977,480.566667
481.84,481.98,480.42,245,481.1,2024-08-21T13:00:00Z,22811,481.057125
480.92,484.36,480.2,575,482.07,2024-08-21T14:00:00Z,64892,482.443572
480.435,482.2,480.235,292,480.775,2024-08-21T15:00:00Z,31509,481.080582
481.39,481.415,479.39,108,479.64,2024-08-21T16:00:00Z,10078,480.399028
482.35,482.35,481.33,165,481.76,2024-08-21T17:00:00Z,19195,481.81214
482.62,483.54,482.1,380,482.34,2024-08-21T18:00:00Z,28510,482.614039
482.55,482.855,480.97,510,482.4,2024-08-21T19:00:00Z,47251,482.340944
482.91,482.91,482.27,22,482.63,2024-08-21T20:00:00Z,5569,482.531596
484.17,484.17,484.17,1,484.17,2024-08-22T12:00:00Z,200,484.17
484.35,485.5,483.66,426,484.94,2024-08-22T13:00:00Z,28708,484.713591
482.055,484.38,481.55,493,484.36,2024-08-22T14:00:00Z,43372,482.632857
478.04,482.695,476.81,701,482.16,2024-08-22T15:00:00Z,64742,479.049333
477.9,480.81,477.52,451,477.9,2024-08-22T16:00:00Z,47935,479.610541
475.43,478.6,475.12,488,477.82,2024-08-22T17:00:00Z,36292,476.966909
475.56,477.05,475.03,539,475.405,2024-08-22T18:00:00Z,52850,475.923646
474.92,476.84,473.87,1533,475.67,2024-08-22T19:00:00Z,313750,474.70832
475.46,475.67,474.75,32,474.75,2024-08-22T20:00:00Z,5739,475.351579
479.21,479.21,478.77,2,478.77,2024-08-23T12:00:00Z,200,478.99
479.07,479.7,478.11,460,479.51,2024-08-23T13:00:00Z,38479,478.80335
478.37,482.69,476.04,1661,479.53,2024-08-23T14:00:00Z,165047,480.34047
478.24,480.66,477.1,557,477.99,2024-08-23T15:00:00Z,50075,478.782421
477.44,478.0,475.32,448,477.99,2024-08-23T16:00:00Z,41882,476.926128
478.71,479.42,477.06,306,477.45,2024-08-23T17:00:00Z,21169,478.24813
478.82,479.405,478.445,252,478.73,2024-08-23T18:00:00Z,21173,479.019195
480.16,480.52,478.02,1009,478.5,2024-08-23T19:00:00Z,118819,479.892594
479.76,480.12,479.69,20,480.0,2024-08-23T20:00:00Z,4109,479.86561
478.49,480.34,478.25,524,479.52,2024-08-26T13:00:00Z,39143,479.041413
475.54,478.62,473.25,2553,478.5,2024-08-26T14:00:00Z,235465,475.163405
474.5,476.29,474.24,1460,475.53,2024-08-26T15:00:00Z,150562,475.438434
476.03,476.555,474.12,564,474.28,2024-08-26T16:00:00Z,38422,475.447219
473.91,476.06,473.7,541,476.0,2024-08-26T17:00:00Z,37824,475.124349
475.91,475.91,473.51,564,473.77,2024-08-26T18:00:00Z,47699,475.005045
475.36,476.04,474.5,1523,475.9,2024-08-26T19:00:00Z,130203,475.101564
474.48,475.12,474.46,16,475.12,2024-08-26T20:00:00Z,3501,474.762233
473.51,474.46,473.51,3,474.46,2024-08-27T12:00:00Z,400,474.1325
474.21,474.77,471.76,829,473.09,2024-08-27T13:00:00Z,62084,473.341502
477.22,477.3,474.04,1038,474.33,2024-08-27T14:00:00Z,75686,475.864996
475.77,477.82,475.17,867,477.28,2024-08-27T15:00:00Z,52886,476.500469
476.2,476.66,475.51,550,475.81,2024-08-27T16:00:00Z,24573,476.162924
477.69,477.71,476.08,589,476.26,2024-08-27T17:00:00Z,45979,476.934386
476.92,477.745,476.63,571,477.56,2024-08-27T18:00:00Z,29685,477.104427
476.88,477.24,476.35,879,476.82,2024-08-27T19:00:00Z,70549,476.747003
476.56,476.85,476.56,7,476.85,2024-08-27T20:00:00Z,1824,476.676527
476.74,476.74,476.74,2,476.74,2024-08-28T12:00:00Z,300,476.74
474.74,476.985,474.01,498,476.05,2024-08-28T13:00:00Z,32926,475.745444
472.215,475.46,472.215,1171,474.48,2024-08-28T14:00:00Z,67366,473.785331
471.53,472.05,469.33,1099,472.05,2024-08-28T15:00:00Z,93231,470.706634
472.14,472.21,469.93,497,471.37,2024-08-28T16:00:00Z,36806,471.310512
468.325,472.36,468.3,427,472.12,2024-08-28T17:00:00Z,44378,470.456003
471.52,471.65,467.93,677,468.38,2024-08-28T18:00:00Z,58724,469.031028
471.24,472.72,471.06,1016,471.55,2024-08-28T19:00:00Z,108305,471.794134
468.23,471.71,466.93,49,470.64,2024-08-28T20:00:00Z,7563,469.021621
472.11,472.93,472.1,4,472.93,2024-08-29T12:00:00Z,700,472.458571
476.765,476.86,472.79,746,472.79,2024-08-29T13:00:00Z,71208,475.096435
476.66,477.88,474.11,1161,476.98,2024-08-29T14:00:00Z,99634,476.128909
476.48,477.7,475.85,578,476.91,2024-08-29T15:00:00Z,32209,476.742892
477.025,477.82,476.41,453,476.48,2024-08-29T16:00:00Z,29682,477.166635
476.51,476.89,475.18,463,476.74,2024-08-29T17:00:00Z,34901,476.052455
470.87,476.45,469.6,992,476.45,2024-08-29T18:00:00Z,76847,472.527979
470.79,472.38,469.49,1577,470.33,2024-08-29T19:00:00Z,156206,470.815327
471.89,472.0,470.89,26,470.89,2024-08-29T20:00:00Z,3668,471.733374
474.41,475.37,474.41,3,475.37,2024-08-30T12:00:00Z,505,474.621485
475.84,475.99,474.095,306,474.57,2024-08-30T13:00:00Z,27021,475.001104
473.03,476.72,472.98,796,476.2,2024-08-30T14:00:00Z,65748,475.055645
472.695,473.72,471.64,706,472.62,2024-08-30T15:00:00Z,58755,472.757074
472.66,473.06,470.58,396,472.6,2024-08-30T16:00:00Z,40200,471.824538
472.24,473.54,472.24,228,472.73,2024-08-30T17:00:00Z,14256,472.954759
474.155,474.41,472.08,420,472.12,2024-08-30T18:00:00Z,27974,473.315387
476.43,476.87,473.51,1319,474.19,2024-08-30T19:00:00Z,186095,476.076983
476.0,476.31,476.0,3,476.31,2024-08-30T20:00:00Z,700,476.044286
474.08,474.08,474.08,2,474.08,2024-09-03T12:00:00Z,206,474.08
470.38,473.87,469.69,799,473.71,2024-09-03T13:00:00Z,83129,471.247261
465.53,470.94,465.53,1515,470.28,2024-09-03T14:00:00Z,141815,468.275796
465.185,467.25,465.16,826,465.55,2024-09-03T15:00:00Z,59018,466.392615
464.91,466.55,464.87,735,465.2,2024-09-03T16:00:00Z,55919,465.805779
464.24,465.89,464.17,649,465.19,2024-09-03T17:00:00Z,52165,464.996311
462.67,464.34,462.45,704,464.33,2024-09-03T18:00:00Z,55147,462.974439
461.85,463.26,459.48,1697,462.91,2024-09-03T19:00:00Z,193388,461.529873
461.29,462.12,460.95,14,461.94,2024-09-03T20:00:00Z,2993,461.463034
459.49,459.49,459.49,1,459.49,2024-09-04T12:00:00Z,109,459.49
460.95,461.39,458.26,662,459.38,2024-09-04T13:00:00Z,66891,460.122564
463.885,463.96,457.77,2059,460.77,2024-09-04T14:00:00Z,124413,461.137728
461.87,464.415,461.21,1010,463.9,2024-09-04T15:00:00Z,100726,462.507287
463.2,463.66,461.21,525,461.88,2024-09-04T16:00:00Z,32298,462.527675
461.73,463.235,461.64,382,463.235,2024-09-04T17:00:00Z,23048,462.38787
460.13,462.25,460.07,601,461.495,2024-09-04T18:00:00Z,42144,461.218966
460.6,461.89,459.46,831,459.83,2024-09-04T19:00:00Z,76296,460.769801
460.65,460.73,460.18,10,460.73,2024-09-04T20:00:00Z,1913,460.51044
462.85,463.17,458.98,663,459.21,2024-09-05T13:00:00Z,55732,461.134051
461.39,465.16,461.39,706,463.46,2024-09-05T14:00:00Z,59823,463.737777
458.31,461.49,458.16,726,461.43,2024-09-05T15:00:00Z,64850,459.517592
460.56,460.83,458.61,467,458.72,2024-09-05T16:00:00Z,35575,459.737352
462.04,462.04,459.23,476,460.15,2024-09-05T17:00:00Z,31396,460.445092
461.55,462.57,461.41,249,462.24,2024-09-05T18:00:00Z,15062,461.885796
461.13,461.61,459.44,867,461.45,2024-09-05T19:00:00Z,66315,460.518821
459.72,462.02,459.47,33,461.29,2024-09-05T20:00:00Z,4804,460.353778
460.2,460.33,458.44,14,459.95,2024-09-06T12:00:00Z,3300,459.856541
455.77,461.22,455.77,820,460.32,2024-09-06T13:00:00Z,70578,458.281804
450.53,456.87,450.02,1418,455.12,2024-09-06T14:00:00Z,109310,453.370257
449.32,453.4,448.615,1833,450.86,2024-09-06T15:00:00Z,132324,450.306781
448.7,449.8,448.2,868,448.96,2024-09-06T16:00:00Z,64155,448.979517
449.36,450.98,448.45,666,448.45,2024-09-06T17:00:00Z,50541,449.638735
449.42,449.69,448.25,559,449.32,2024-09-06T18:00:00Z,41055,448.901673
448.86,450.66,448.36,1514,449.525,2024-09-06T19:00:00Z,191672,449.365604
446.25,448.74,446.05,76,448.26,2024-09-06T20:00:00Z,10415,447.782234
454.43,454.635,452.4,944,452.53,2024-09-09T13:00:00Z,74413,453.560981
450.37,455.215,450.37,979,454.52,2024-09-09T14:00:00Z,74531,452.598242
453.27,453.27,449.96,393,450.285,2024-09-09T15:00:00Z,32944,451.514247
455.05,455.13,453.13,321,453.41,2024-09-09T16:00:00Z,30498,454.265135
453.145,455.41,453.145,286,455.19,2024-09-09T17:00:00Z,19688,454.636176
452.46,453.27,451.66,422,453.27,2024-09-09T18:00:00Z,29210,452.497407
454.51,454.65,451.99,715,452.3,2024-09-09T19:00:00Z,53926,453.585473
455.57,455.57,454.31,30,454.37,2024-09-09T20:00:00Z,6339,454.681736
456.36,456.36,456.36,1,456.36,2024-09-10T12:00:00Z,100,456.36
456.17,457.73,455.42,766,456.62,2024-09-10T13:00:00Z,42411,456.394003
455.48,457.52,454.38,970,456.42,2024-09-10T14:00:00Z,45090,455.796959
453.035,457.01,453.035,834,455.45,2024-09-10T15:00:00Z,30657,455.554378
454.59,455.22,452.29,447,452.78,2024-09-10T16:00:00Z,38059,453.850241
456.95,457.12,454.55,413,454.55,2024-09-10T17:00:00Z,49476,456.380316
457.86,458.35,457.31,517,457.33,2024-09-10T18:00:00Z,37747,457.856094
458.83,459.15,457.74,1043,457.81,2024-09-10T19:00:00Z,89723,458.640197
457.88,458.49,457.88,20,458.49,2024-09-10T20:00:00Z,3188,458.333576
459.01,459.01,456.44,7,456.44,2024-09-11T12:00:00Z,665,457.727126
457.23,460.37,456.77,482,459.47,2024-09-11T13:00:00Z,41221,458.268868
452.78,457.76,451.39,863,457.22,2024-09-11T14:00:00Z,70805,454.463539
456.75,457.82,451.95,824,452.4,2024-09-11T15:00:00Z,59437,455.28764
460.07,460.36,457.03,480,457.15,2024-09-11T16:00:00Z,38767,459.233373
463.015,463.84,460.02,453,460.02,2024-09-11T17:00:00Z,39129,461.591905
465.24,466.54,463.07,1086,463.1,2024-09-11T18:00:00Z,103911,465.07851
468.37,469.36,464.635,1260,465.05,2024-09-11T19:00:00Z,156533,467.957891
468.28,468.66,467.82,40,468.52,2024-09-11T20:00:00Z,8419,468.209123
469.54,470.05,468.64,20,469.84,2024-09-12T12:00:00Z,2827,469.22987
468.32,469.25,466.92,714,468.86,2024-09-12T13:00:00Z,49939,468.108468
469.12,471.2,467.84,1255,468.57,2024-09-12T14:00:00Z,84076,469.752575
468.75,471.73,468.405,634,468.93,2024-09-12T15:00:00Z,49810,469.632663
471.6,471.64,468.66,489,468.77,2024-09-12T16:00:00Z,39458,470.015692
473.61,473.71,471.39,740,471.84,2024-09-12T17:00:00Z,62588,472.45916
473.32,474.0,471.22,778,473.64,2024-09-12T18:00:00Z,56686,472.983316
473.18,473.58,472.35,1578,473.22,2024-09-12T19:00:00Z,219375,472.978913
472.99,473.22,472.19,27,473.2,2024-09-12T20:00:00Z,3944,472.632139
473.87,474.56,472.44,526,473.06,2024-09-13T13:00:00Z,50168,473.872967
474.69,475.34,473.05,579,474.29,2024-09-13T14:00:00Z,50129,474.314217
475.56,475.67,474.72,315,474.93,2024-09-13T15:00:00Z,20109,475.329691
475.665,476.02,474.26,339,475.5,2024-09-13T16:00:00Z,27371,475.075987
476.13,476.46,475.605,165,475.7,2024-09-13T17:00:00Z,12386,476.087425
474.86,476.39,474.68,281,476.045,2024-09-13T18:00:00Z,15629,475.393508
475.25,475.9,474.54,704,474.79,2024-09-13T19:00:00Z,49989,475.380922
474.87,475.31,474.85,14,475.01,2024-09-13T20:00:00Z,2720,475.066154
473.12,473.12,473.12,1,473.12,2024-09-16T12:00:00Z,200,473.12
473.11,473.79,470.62,415,472.99,2024-09-16T13:00:00Z,30362,472.04996
470.66,473.74,469.98,720,473.27,2024-09-16T14:00:00Z,61759,471.573185
471.37,472.36,470.005,552,470.73,2024-09-16T15:00:00Z,25095,471.450397
471.72,471.9,470.35,359,471.65,2024-09-16T16:00:00Z,25850,471.101958
472.81,473.19,471.49,443,471.9,2024-09-16T17:00:00Z,25170,472.237297
473.14,473.18,472.3,254,473.0,2024-09-16T18:00:00Z,13069,472.823999
473.095,473.48,472.46,607,473.1,2024-09-16T19:00:00Z,46493,473.149605
473.14,473.16,472.96,14,473.05,2024-09-16T20:00:00Z,2425,473.045294
476.45,476.64,475.93,8,475.93,2024-09-17T12:00:00Z,1000,476.381795
475.56,476.82,474.45,316,476.5,2024-09-17T13:00:00Z,29987,475.843054
475.33,477.44,475.08,595,475.45,2024-09-17T14:00:00Z,42292,476.278636
475.74,476.68,475.15,309,475.63,2024-09-17T15:00:00Z,22374,475.739944
472.44,475.99,471.78,565,475.76,2024-09-17T16:00:00Z,46196,473.569964
472.95,473.81,471.02,468,472.58,2024-09-17T17:00:00Z,28860,472.736775
472.51,473.43,471.88,363,473.15,2024-09-17T18:00:00Z,18319,472.885353
473.5,473.53,472.075,1320,472.52,2024-09-17T19:00:00Z,110653,472.938116
473.83,473.86,473.31,21,473.48,2024-09-17T20:00:00Z,5776,473.625439
474.0,474.82,473.27,566,474.62,2024-09-18T13:00:00Z,54648,473.921637
473.77,474.565,472.89,556,474.07,2024-09-18T14:00:00Z,47349,473.799801
471.8,474.13,471.335,348,473.85,2024-09-18T15:00:00Z,28642,472.602213
474.13,474.13,471.28,179,471.45,2024-09-18T16:00:00Z,12165,472.767896
474.03,474.66,473.38,638,474.08,2024-09-18T17:00:00Z,30550,473.914635
475.04,478.71,473.74,1188,474.325,2024-09-18T18:00:00Z,93129,476.418376
471.44,475.81,470.86,1332,474.38,2024-09-18T19:00:00Z,105038,472.44269
472.49,473.03,472.49,7,472.62,2024-09-18T20:00:00Z,1400,472.74
481.24,481.24,481.24,1,481.24,2024-09-19T12:00:00Z,300,481.24
481.56,483.04,480.6,833,482.02,2024-09-19T13:00:00Z,84280,481.930616
482.93,485.135,481.46,1390,481.64,2024-09-19T14:00:00Z,113097,483.284015
483.77,485.11,482.68,903,483.03,2024-09-19T15:00:00Z,76350,484.145467
485.13,485.5,483.7,715,483.76,2024-09-19T16:00:00Z,52966,484.926906
485.98,486.22,484.74,589,485.13,2024-09-19T17:00:00Z,46131,485.398343
484.93,486.16,484.16,668,486.015,2024-09-19T18:00:00Z,53873,484.907122
483.32,484.94,482.99,2344,484.94,2024-09-19T19:00:00Z,329062,483.818132
482.87,483.47,482.81,18,483.47,2024-09-19T20:00:00Z,4448,483.045198
483.18,483.38,483.18,2,483.38,2024-09-20T12:00:00Z,301,483.246445
481.61,483.37,481.56,541,482.18,2024-09-20T13:00:00Z,52015,482.754924
480.2,482.17,480.12,699,481.84,2024-09-20T14:00:00Z,46846,481.312177
481.04,481.325,478.365,782,480.14,2024-09-20T15:00:00Z,74723,479.94211
482.11,482.54,480.99,382,481.05,2024-09-20T16:00:00Z,30837,481.762642
481.55,482.39,481.42,331,482.25,2024-09-20T17:00:00Z,29542,481.813587
481.64,481.74,480.24,504,481.64,2024-09-20T18:00:00Z,37022,480.8487
482.31,483.67,481.35,2164,481.65,2024-09-20T19:00:00Z,114098,482.386483
482.06,482.51,481.7,29,482.51,2024-09-20T20:00:00Z,6968,481.934389
482.75,483.59,481.93,446,482.75,2024-09-23T13:00:00Z,37732,482.914583
483.45,484.11,482.255,425,482.74,2024-09-23T14:00:00Z,45679,483.354508
483.68,484.06,482.395,279,483.3,2024-09-23T15:00:00Z,19897,483.090491
482.38,483.63,482.03,217,483.46,2024-09-23T16:00:00Z,15603,482.729463
482.95,482.99,481.66,359,481.9,2024-09-23T17:00:00Z,23630,482.279274
483.19,483.19,482.68,338,482.96,2024-09-23T18:00:00Z,22436,482.866642
482.975,483.32,482.52,761,483.17,2024-09-23T19:00:00Z,52962,482.989421
482.57,483.13,482.57,14,483.04,2024-09-23T20:00:00Z,2852,482.88
483.25,484.735,483.25,381,484.12,2024-09-24T13:00:00Z,30160,483.710055
483.05,483.34,480.18,786,483.34,2024-09-24T14:00:00Z,59739,481.59305
485.65,486.29,482.955,561,483.08,2024-09-24T15:00:00Z,47238,484.205778
485.11,486.3,485.11,373,485.89,2024-09-24T16:00:00Z,27372,485.886166
485.2,485.8,484.845,352,484.9,2024-09-24T17:00:00Z,20667,485.415771
484.84,485.35,483.87,275,485.07,2024-09-24T18:00:00Z,19508,484.767038
485.48,485.48,484.66,1001,484.705,2024-09-24T19:00:00Z,99656,484.960875
485.72,485.75,485.24,18,485.31,2024-09-24T20:00:00Z,3641,485.485424
486.9,486.9,484.795,476,484.8,2024-09-25T13:00:00Z,43716,485.865336
486.86,487.75,486.28,646,487.09,2024-09-25T14:00:00Z,48208,487.083508
486.27,487.15,485.63,425,486.78,2024-09-25T15:00:00Z,35808,486.396667
485.48,486.47,485.45,973,486.21,2024-09-25T16:00:00Z,78575,486.007823
486.11,486.14,484.58,566,485.53,2024-09-25T17:00:00Z,41382,485.364676
485.82,486.23,485.24,446,486.22,2024-09-25T18:00:00Z,59053,485.826193
486.05,486.06,485.47,750,485.85,2024-09-25T19:00:00Z,70543,485.724829
487.03,487.06,486.54,54,486.54,2024-09-25T20:00:00Z,13328,486.839414
493.64,493.64,493.6,2,493.6,2024-09-26T12:00:00Z,350,493.611429
491.5,494.12,491.005,745,493.64,2024-09-26T13:00:00Z,74542,492.211616
486.47,491.66,486.31,859,491.46,2024-09-26T14:00:00Z,77007,489.588958
489.0,489.02,485.83,932,486.2,2024-09-26T15:00:00Z,65185,487.233624
487.35,488.995,486.78,629,488.98,2024-09-26T16:00:00Z,33388,487.663333
487.85,488.22,485.84,616,487.15,2024-09-26T17:00:00Z,48305,487.458972
489.385,489.66,487.97,697,488.01,2024-09-26T18:00:00Z,96215,489.1373
489.36,489.89,488.995,1041,489.375,2024-09-26T19:00:00Z,112044,489.510144
489.47,489.81,489.35,16,489.35,2024-09-26T20:00:00Z,3359,489.532727
490.03,490.03,490.03,1,490.03,2024-09-27T12:00:00Z,200,490.03
489.4,490.58,488.94,539,490.53,2024-09-27T13:00:00Z,34324,489.611806
488.745,490.34,487.93,819,489.39,2024-09-27T14:00:00Z,68993,489.006293
487.13,488.64,487.05,522,488.64,2024-09-27T15:00:00Z,62627,487.738343
487.74,487.77,486.51,251,487.02,2024-09-27T16:00:00Z,20706,487.129595
487.965,488.28,486.7,488,488.0,2024-09-27T17:00:00Z,85402,487.517126
487.44,488.29,485.61,475,488.15,2024-09-27T18:00:00Z,44776,487.113986
486.74,487.41,486.56,827,487.36,2024-09-27T19:00:00Z,70126,486.969596
486.03,486.46,486.0,25,486.46,2024-09-27T20:00:00Z,6446,486.322126
486.33,487.75,485.55,382,485.99,2024-09-30T13:00:00Z,60696,486.915623
485.83,486.59,484.73,465,486.33,2024-09-30T14:00:00Z,36590,485.700055
486.51,487.085,485.56,374,485.7,2024-09-30T15:00:00Z,24348,486.42904
486.67,487.49,486.46,226,486.46,2024-09-30T16:00:00Z,33137,486.82318
486.49,486.62,485.61,379,486.55,2024-09-30T17:00:00Z,25898,485.939321
485.04,486.42,483.01,771,486.29,2024-09-30T18:00:00Z,83239,484.544541
487.94,488.41,484.42,1024,484.42,2024-09-30T19:00:00Z,206220,487.625778
487.55,488.02,487.55,14,487.79,2024-09-30T20:00:00Z,3630,487.754298
488.42,488.42,488.42,1,488.42,2024-10-01T12:00:00Z,102,488.42
482.56,488.06,481.31,901,488.01,2024-10-01T13:00:00Z,109287,483.758363
479.91,483.58,478.64,2051,482.1,2024-10-01T14:00:00Z,142091,480.537373
480.1,481.09,477.41,993,479.93,2024-10-01T15:00:00Z,103915,478.779855
480.01,481.58,478.23,654,479.79,2024-10-01T16:00:00Z,67634,479.758415
481.67,481.67,478.08,822,480.1,2024-10-01T17:00:00Z,92149,479.253584
482.89,483.555,481.65,516,481.65,2024-10-01T18:00:00Z,40702,482.66622
481.21,483.19,480.615,950,482.89,2024-10-01T19:00:00Z,101705,481.607321
480.66,482.04,480.66,10,481.75,2024-10-01T20:00:00Z,1451,481.414138
481.51,481.51,480.95,4,480.95,2024-10-02T12:00:00Z,500,481.271044
479.64,480.89,477.78,460,480.5,2024-10-02T13:00:00Z,40396,479.422603
481.72,483.05,479.75,701,479.75,2024-10-02T14:00:00Z,43696,481.505671
483.155,483.84,481.63,385,481.63,2024-10-02T15:00:00Z,24907,483.080909
481.32,483.69,481.29,229,483.31,2024-10-02T16:00:00Z,17928,483.031912
482.78,482.78,481.08,216,481.38,2024-10-02T17:00:00Z,18093,481.788338
482.325,483.08,481.54,256,483.0,2024-10-02T18:00:00Z,20375,482.448813
481.96,483.07,481.86,447,482.32,2024-10-02T19:00:00Z,49411,482.363853
483.39,483.39,482.36,33,482.36,2024-10-02T20:00:00Z,7477,482.843883
480.95,480.95,480.46,2,480.46,2024-10-03T12:00:00Z,304,480.627632
482.505,482.93,479.39,495,479.78,2024-10-03T13:00:00Z,42651,481.325296
480.36,484.51,479.94,781,482.65,2024-10-03T14:00:00Z,61314,482.100865
482.69,483.2,480.21,336,480.31,2024-10-03T15:00:00Z,22311,481.73656
479.93,483.09,479.6,314,482.84,2024-10-03T16:00:00Z,31627,480.978754
480.71,481.4,479.02,285,479.74,2024-10-03T17:00:00Z,18459,480.280501
480.495,481.2,480.24,271,481.005,2024-10-03T18:00:00Z,19007,480.781532
481.57,481.97,479.825,721,480.45,2024-10-03T19:00:00Z,85874,481.062075
481.14,482.27,481.11,20,481.74,2024-10-03T20:00:00Z,3370,481.880445
487.79,487.79,484.33,36,485.47,2024-10-04T12:00:00Z,6096,485.713222
483.89,488.24,483.86,975,488.07,2024-10-04T13:00:00Z,79825,486.608109
484.995,485.0,482.49,1021,483.81,2024-10-04T14:00:00Z,86800,483.605962
485.21,485.84,482.91,419,485.06,2024-10-04T15:00:00Z,36047,484.275621
485.62,486.33,484.16,340,485.39,2024-10-04T16:00:00Z,29970,485.528468
484.775,486.06,484.06,412,485.58,2024-10-04T17:00:00Z,35709,485.283706
486.095,486.095,484.4,367,484.78,2024-10-04T18:00:00Z,26794,485.279801
487.37,487.88,485.775,953,486.07,2024-10-04T19:00:00Z,132135,487.231114
486.83,487.43,486.83,16,487.3,2024-10-04T20:00:00Z,2514,487.27
485.32,485.32,485.0,10,485.0,2024-10-07T12:00:00Z,800,485.045714
484.68,485.98,484.47,261,485.17,2024-10-07T13:00:00Z,16862,485.314115
486.07,486.54,484.81,490,484.94,2024-10-07T14:00:00Z,31480,485.753188
485.77,486.27,485.08,350,485.62,2024-10-07T15:00:00Z,23790,485.78491
485.19,486.08,484.88,269,485.615,2024-10-07T16:00:00Z,24328,485.442845
485.65,485.895,484.99,320,485.405,2024-10-07T17:00:00Z,38336,485.315461
481.35,485.73,481.35,544,485.73,2024-10-07T18:00:00Z,41987,483.645178
482.06,482.76,480.915,1084,481.35,2024-10-07T19:00:00Z,122081,481.866294
482.74,482.85,482.29,13,482.29,2024-10-07T20:00:00Z,3277,482.521901
485.8,485.8,483.88,396,484.25,2024-10-08T13:00:00Z,33730,484.490503
487.835,488.595,485.92,629,486.08,2024-10-08T14:00:00Z,76901,487.181494
488.055,488.27,487.2,366,487.89,2024-10-08T15:00:00Z,33168,487.758383
487.67,488.19,487.08,267,488.19,2024-10-08T16:00:00Z,30141,487.635726
487.67,487.67,486.135,251,487.55,2024-10-08T17:00:00Z,33289,486.88604
488.69,488.72,487.555,239,487.8,2024-10-08T18:00:00Z,21396,488.01428
489.205,489.96,488.26,1143,488.61,2024-10-08T19:00:00Z,172295,489.151489
489.15,489.15,488.86,19,488.97,2024-10-08T20:00:00Z,4923,488.977341
488.67,488.67,488.31,6,488.31,2024-10-09T12:00:00Z,568,488.454655
488.57,489.35,488.015,396,489.06,2024-10-09T13:00:00Z,39993,488.494229
490.9,490.91,488.56,687,488.81,2024-10-09T14:00:00Z,75162,490.026706
492.845,492.885,490.99,716,490.99,2024-10-09T15:00:00Z,74490,491.992608
491.74,492.83,491.05,390,492.83,2024-10-09T16:00:00Z,58552,492.03895
491.65,492.35,491.24,179,491.61,2024-10-09T17:00:00Z,14893,491.911226
492.51,493.22,491.58,344,491.72,2024-10-09T18:00:00Z,19811,492.29716
493.2,493.71,492.0,974,492.43,2024-10-09T19:00:00Z,129569,492.850868
492.45,493.1,492.21,39,493.1,2024-10-09T20:00:00Z,5923,492.625499
491.26,491.47,489.58,310,490.89,2024-10-10T13:00:00Z,28927,490.860454
491.55,492.34,491.01,415,491.4,2024-10-10T14:00:00Z,23393,491.675185
493.65,493.65,491.145,244,491.46,2024-10-10T15:00:00Z,22809,492.440548
492.55,494.39,492.47,352,493.63,2024-10-10T16:00:00Z,41030,493.69602
492.985,493.62,491.82,190,492.99,2024-10-10T17:00:00Z,19195,492.786641
492.37,492.86,491.26,239,492.86,2024-10-10T18:00:00Z,20758,492.16924
492.62,492.94,491.82,542,492.36,2024-10-10T19:00:00Z,55708,492.402491
492.85,492.87,492.39,20,492.64,2024-10-10T20:00:00Z,4998,492.663841
491.46,491.74,491.46,4,491.58,2024-10-11T12:00:00Z,700,491.564286
491.19,491.46,490.2,184,490.82,2024-10-11T13:00:00Z,14098,490.810461
492.835,494.07,490.655,516,490.86,2024-10-11T14:00:00Z,60840,493.30649
493.735,493.735,492.37,544,492.84,2024-10-11T15:00:00Z,39730,493.070424
493.1,493.795,492.27,376,493.71,2024-10-11T16:00:00Z,84085,493.477241
493.12,493.38,492.68,153,493.265,2024-10-11T17:00:00Z,13762,493.027646
493.67,493.85,492.85,269,493.02,2024-10-11T18:00:00Z,18411,493.46411
493.31,494.38,493.31,576,493.71,2024-10-11T19:00:00Z,41101,493.88274
492.55,493.34,492.35,50,493.31,2024-10-11T20:00:00Z,8355,492.779564
495.43,495.43,495.43,1,495.43,2024-10-14T12:00:00Z,400,495.43
498.595,498.595,495.65,341,495.65,2024-10-14T13:00:00Z,37156,497.28062
496.17,498.81,495.98,587,498.81,2024-10-14T14:00:00Z,56142,497.652418
496.57,496.67,495.35,480,495.71,2024-10-14T15:00:00Z,55821,495.875111
497.06,497.39,496.52,217,496.71,2024-10-14T16:00:00Z,19742,497.010586
497.25,497.505,496.87,248,497.08,2024-10-14T17:00:00Z,31805,497.193982
497.64,497.85,496.96,289,497.18,2024-10-14T18:00:00Z,29411,497.376552
497.5,498.56,497.285,833,497.47,2024-10-14T19:00:00Z,112103,497.795979
497.88,497.88,497.08,19,497.45,2024-10-14T20:00:00Z,5130,497.209804
497.72,497.72,497.37,2,497.37,2024-10-15T12:00:00Z,347,497.54853
497.66,498.41,497.28,285,498.18,2024-10-15T13:00:00Z,27411,497.841717
492.27,498.17,490.64,1308,497.84,2024-10-15T14:00:00Z,113825,493.730369
491.065,493.35,491.05,767,492.255,2024-10-15T15:00:00Z,77239,492.324695
491.64,492.575,490.83,482,491.12,2024-10-15T16:00:00Z,48911,491.696042
491.18,491.88,490.7,494,491.57,2024-10-15T17:00:00Z,27263,491.402597
490.47,491.855,490.43,475,491.08,2024-10-15T18:00:00Z,31467,491.202813
490.83,490.91,488.71,1351,490.55,2024-10-15T19:00:00Z,196648,490.210945
490.51,490.89,490.3,25,490.89,2024-10-15T20:00:00Z,5105,490.572627
488.08,491.64,487.81,483,491.41,2024-10-16T13:00:00Z,52304,489.226815
489.08,490.95,487.7,472,487.745,2024-10-16T14:00:00Z,47049,489.548885
489.155,490.5,489.06,268,489.225,2024-10-16T15:00:00Z,18282,489.813144
490.685,490.685,489.235,201,489.56,2024-10-16T16:00:00Z,15638,489.868121
490.66,490.775,489.96,219,490.61,2024-10-16T17:00:00Z,12129,490.445841
491.465,491.62,490.36,253,490.66,2024-10-16T18:00:00Z,22216,491.00494
490.9,491.42,490.66,518,491.2,2024-10-16T19:00:00Z,74241,491.002428
490.88,490.88,490.32,36,490.86,2024-10-16T20:00:00Z,7039,490.677914
493.07,496.83,492.44,718,496.17,2024-10-17T13:00:00Z,57381,494.607418
492.285,493.77,491.6,594,493.42,2024-10-17T14:00:00Z,48694,492.593089
494.71,494.72,491.66,644,492.43,2024-10-17T15:00:00Z,44960,493.287637
493.88,495.31,493.49,368,494.9,2024-10-17T16:00:00Z,30625,494.284737
494.25,494.66,493.73,248,493.73,2024-10-17T17:00:00Z,16794,494.285259
492.96,494.25,491.485,470,494.14,2024-10-17T18:00:00Z,30922,492.547127
491.37,493.08,491.31,1016,493.06,2024-10-17T19:00:00Z,83766,491.87567
491.95,492.55,491.32,30,491.32,2024-10-17T20:00:00Z,6253,492.092303
494.45,494.45,494.45,1,494.45,2024-10-18T12:00:00Z,150,494.45
494.33,495.06,493.36,602,494.99,2024-10-18T13:00:00Z,46972,494.302139
493.86,495.32,493.78,609,494.25,2024-10-18T14:00:00Z,40778,494.662821
494.16,495.54,493.91,427,493.91,2024-10-18T15:00:00Z,47081,494.509839
494.85,495.3,493.6,356,494.17,2024-10-18T16:00:00Z,31280,494.40574
494.59,495.41,494.445,418,494.825,2024-10-18T17:00:00Z,58913,494.869855
494.72,495.05,493.81,205,494.51,2024-10-18T18:00:00Z,20673,494.662688
494.51,494.8,493.91,546,494.64,2024-10-18T19:00:00Z,61284,494.407499
494.73,494.97,494.48,25,494.48,2024-10-18T20:00:00Z,5870,494.680903
492.44,492.44,492.44,2,492.44,2024-10-21T12:00:00Z,159,492.44
494.76,494.98,492.86,653,492.87,2024-10-21T13:00:00Z,34504,494.169168
493.31,496.19,492.36,588,494.9,2024-10-21T14:00:00Z,53373,494.580759
493.76,494.04,491.46,653,493.275,2024-10-21T15:00:00Z,43947,492.362803
494.21,494.36,493.355,310,493.88,2024-10-21T16:00:00Z,44095,493.87706
494.73,494.835,494.03,291,494.37,2024-10-21T17:00:00Z,38273,494.472396
493.89,494.825,493.83,203,494.72,2024-10-21T18:00:00Z,48963,494.544288
495.44,495.52,493.7,666,493.98,2024-10-21T19:00:00Z,93905,494.81123
495.86,495.88,495.41,15,495.43,2024-10-21T20:00:00Z,4653,495.525592
493.95,494.5,491.99,342,492.73,2024-10-22T13:00:00Z,29673,493.541262
494.835,495.47,493.84,612,494.25,2024-10-22T14:00:00Z,43436,494.69703
494.41,495.22,494.2,303,494.89,2024-10-22T15:00:00Z,20981,494.62365
495.1,495.1,493.4,283,494.34,2024-10-22T16:00:00Z,23669,494.056572
496.82,496.82,494.62,315,494.94,2024-10-22T17:00:00Z,24263,495.402751
495.48,497.425,495.48,583,496.815,2024-10-22T18:00:00Z,94851,496.680591
495.96,496.71,495.56,584,495.61,2024-10-22T19:00:00Z,39549,496.151729
494.07,494.08,494.07,2,494.08,2024-10-23T12:00:00Z,600,494.075
493.81,494.205,493.025,295,494.04,2024-10-23T13:00:00Z,29967,493.526777
492.63,494.05,491.45,735,493.53,2024-10-23T14:00:00Z,66882,492.698085
491.73,493.16,490.47,660,492.71,2024-10-23T15:00:00Z,38586,491.385192
489.14,491.55,488.835,402,491.525,2024-10-23T16:00:00Z,29898,489.988856
486.21,489.04,486.09,1048,489.04,2024-10-23T17:00:00Z,72174,487.419126
487.185,487.64,485.09,852,486.18,2024-10-23T18:00:00Z,96508,486.36756
488.46,488.59,486.62,1222,487.395,2024-10-23T19:00:00Z,136071,487.883376
489.25,489.25,488.27,10,488.27,2024-10-23T20:00:00Z,2105,489.057805
492.38,492.92,492.38,5,492.92,2024-10-24T12:00:00Z,1400,492.767857
491.23,492.55,490.34,431,492.49,2024-10-24T13:00:00Z,46720,491.253453
490.71,492.18,490.57,525,491.34,2024-10-24T14:00:00Z,40871,491.497203
491.0,491.93,489.55,423,490.88,2024-10-24T15:00:00Z,29183,490.980807
491.73,491.87,489.505,311,491.035,2024-10-24T16:00:00Z,26733,490.840795
491.4,492.43,491.4,267,491.64,2024-10-24T17:00:00Z,22062,491.970561
491.98,492.35,491.06,305,491.06,2024-10-24T18:00:00Z,30395,491.992555
492.3,492.97,491.44,994,491.75,2024-10-24T19:00:00Z,86779,492.432973
492.42,492.93,492.12,30,492.4,2024-10-24T20:00:00Z,4820,492.556714
495.02,495.02,494.95,6,494.96,2024-10-25T12:00:00Z,1030,494.987
498.93,499.07,495.14,667,495.25,2024-10-25T13:00:00Z,50723,497.008465
499.13,500.27,498.26,955,499.01,2024-10-25T14:00:00Z,80071,499.394882
498.29,499.56,497.98,610,499.16,2024-10-25T15:00:00Z,51454,498.723735
498.74,499.23,498.07,356,498.25,2024-10-25T16:00:00Z,52617,498.661445
495.62,498.735,495.065,935,498.605,2024-10-25T17:00:00Z,88053,496.904675
496.46,496.73,494.51,647,495.73,2024-10-25T18:00:00Z,51706,495.601186
495.25,496.385,495.0,1320,496.335,2024-10-25T19:00:00Z,106001,495.470555
494.75,495.43,494.75,12,495.43,2024-10-25T20:00:00Z,2047,495.08396
496.81,499.25,496.32,481,499.25,2024-10-28T13:00:00Z,30560,497.230336
497.33,498.21,496.92,465,497.0,2024-10-28T14:00:00Z,37522,497.56371
496.24,497.32,496.02,298,497.27,2024-10-28T15:00:00Z,22721,496.697929
496.21,497.07,495.865,190,496.01,2024-10-28T16:00:00Z,17516,496.457428
496.705,496.815,495.645,246,496.2,2024-10-28T17:00:00Z,19213,496.332987
496.02,496.84,495.68,234,496.67,2024-10-28T18:00:00Z,21741,496.38431
495.4,496.35,495.125,852,495.685,2024-10-28T19:00:00Z,135467,495.543542
495.66,495.89,495.42,26,495.42,2024-10-28T20:00:00Z,3708,495.692847
495.855,496.03,493.87,338,495.31,2024-10-29T13:00:00Z,28611,495.12093
497.78,497.93,495.53,557,495.855,2024-10-29T14:00:00Z,58910,496.880971
498.4,498.405,497.23,571,497.885,2024-10-29T15:00:00Z,42060,497.898035
499.005,499.24,497.65,470,498.39,2024-10-29T16:00:00Z,69718,498.44941
499.51,499.88,499.05,549,499.12,2024-10-29T17:00:00Z,39830,499.594656
500.11,500.59,499.31,512,499.59,2024-10-29T18:00:00Z,35516,500.007596
500.23,501.315,499.82,1002,500.15,2024-10-29T19:00:00Z,126372,500.525966
500.58,501.07,500.58,7,501.06,2024-10-29T20:00:00Z,1880,500.796383
499.95,500.78,499.83,14,500.78,2024-10-30T12:00:00Z,2359,500.217549
498.83,499.65,496.62,604,499.56,2024-10-30T13:00:00Z,58788,498.19849
499.23,500.25,498.49,574,498.72,2024-10-30T14:00:00Z,43606,499.435621
499.7,499.95,498.28,410,499.09,2024-10-30T15:00:00Z,45138,499.423453
499.17,499.87,498.89,333,499.53,2024-10-30T16:00:00Z,29606,499.409134
497.43,499.23,497.0,658,498.96,2024-10-30T17:00:00Z,57425,498.353695
497.99,498.41,497.47,355,497.475,2024-10-30T18:00:00Z,42972,498.118346
496.51,497.905,495.92,1110,497.84,2024-10-30T19:00:00Z,133645,496.860161
495.52,495.7,494.86,5,494.96,2024-10-30T20:00:00Z,1000,495.34
492.95,493.04,492.82,3,493.04,2024-10-31T12:00:00Z,600,492.951667
487.67,492.87,487.25,729,492.87,2024-10-31T13:00:00Z,75454,488.713248
485.8,488.41,485.37,769,487.52,2024-10-31T14:00:00Z,63533,486.977803
485.26,486.36,484.23,659,485.53,2024-10-31T15:00:00Z,60657,485.279602
485.695,486.06,484.8,434,485.21,2024-10-31T16:00:00Z,30743,485.550134
484.44,486.34,484.31,211,485.66,2024-10-31T17:00:00Z,26719,485.053796
484.725,484.8,483.84,295,484.28,2024-10-31T18:00:00Z,42635,484.231096
483.85,486.7,483.805,889,484.965,2024-10-31T19:00:00Z,123276,485.143456
484.5,485.48,484.02,19,484.02,2024-10-31T20:00:00Z,4117,484.875029
486.51,486.51,486.51,1,486.51,2024-11-01T12:00:00Z,100,486.51
487.9,488.08,485.46,529,485.99,2024-11-01T13:00:00Z,44927,486.664123
489.5,490.46,487.065,591,487.88,2024-11-01T14:00:00Z,58058,488.841817
489.31,490.72,489.0,260,489.53,2024-11-01T15:00:00Z,26734,489.60409
488.86,489.92,488.485,233,489.19,2024-11-01T16:00:00Z,23636,489.305466
487.69,489.88,487.68,395,488.96,2024-11-01T17:00:00Z,111795,488.826295
487.92,488.14,487.12,365,487.5,2024-11-01T18:00:00Z,46849,487.699933
487.41,488.65,486.8,1093,487.76,2024-11-01T19:00:00Z,125524,487.745757
487.81,488.26,487.51,23,487.76,2024-11-01T20:00:00Z,4321,487.885581
487.14,487.18,484.31,428,487.15,2024-11-04T14:00:00Z,32435,486.036158
488.39,488.85,486.855,606,487.065,2024-11-04T15:00:00Z,42628,487.887041
485.86,489.32,485.28,431,488.62,2024-11-04T16:00:00Z,36965,487.735247
487.01,487.45,484.73,403,485.93,2024-11-04T17:00:00Z,40864,485.873309
487.49,488.05,486.04,388,486.98,2024-11-04T18:00:00Z,25962,487.143359
487.38,487.97,486.98,673,487.52,2024-11-04T19:00:00Z,29120,487.603175
486.02,487.25,485.71,879,487.06,2024-11-04T20:00:00Z,123154,486.121621
486.56,486.57,485.71,26,486.01,2024-11-04T21:00:00Z,4355,486.324889
487.69,487.88,487.69,2,487.88,2024-11-05T13:00:00Z,300,487.816667
490.8,491.1,486.61,336,486.83,2024-11-05T14:00:00Z,28928,489.208097
489.99,491.49,489.8,709,490.94,2024-11-05T15:00:00Z,62369,490.857451
492.11,492.22,489.59,408,490.11,2024-11-05T16:00:00Z,26974,491.135248
492.335,492.85,491.93,396,492.07,2024-11-05T17:00:00Z,30571,492.542361
491.43,492.68,490.92,440,492.46,2024-11-05T18:00:00Z,32120,491.782938
491.085,491.95,490.77,270,491.47,2024-11-05T19:00:00Z,16508,491.456276
492.19,492.37,490.84,851,490.84,2024-11-05T20:00:00Z,71273,491.895256
493.09,493.09,492.35,8,492.35,2024-11-05T21:00:00Z,912,492.638889
500.27,503.39,499.64,1166,500.29,2024-11-06T14:00:00Z,100750,501.375279
501.38,503.73,500.13,1106,500.36,2024-11-06T15:00:00Z,91296,501.953933
503.13,503.36,500.81,537,501.41,2024-11-06T16:00:00Z,41047,502.558414
503.52,503.82,502.74,499,502.99,2024-11-06T17:00:00Z,32081,503.282894
504.74,505.04,503.53,570,503.53,2024-11-06T18:00:00Z,34487,504.473244
505.43,505.51,504.52,548,504.76,2024-11-06T19:00:00Z,43401,505.130823
505.6,506.4,505.185,1599,505.36,2024-11-06T20:00:00Z,219545,505.721148
505.5,505.85,505.47,7,505.85,2024-11-06T21:00:00Z,904,505.54166
507.52,507.8,507.52,4,507.76,2024-11-07T13:00:00Z,1200,507.7175
510.895,510.9,508.08,426,508.08,2024-11-07T14:00:00Z,58529,509.239064
511.95,512.18,510.46,761,510.88,2024-11-07T15:00:00Z,81787,511.158854
512.91,512.95,511.33,287,512.14,2024-11-07T16:00:00Z,29699,512.053668
512.835,512.955,512.085,357,512.67,2024-11-07T17:00:00Z,34860,512.584916
512.46,512.905,511.975,310,512.85,2024-11-07T18:00:00Z,28045,512.339719
513.765,513.765,512.14,549,512.165,2024-11-07T19:00:00Z,46716,512.83748
513.55,514.27,513.18,836,513.565,2024-11-07T20:00:00Z,105395,513.616685
513.76,514.24,513.32,47,513.62,2024-11-07T21:00:00Z,6415,513.918591
513.63,514.12,512.81,442,513.1,2024-11-08T14:00:00Z,35706,513.619856
513.355,514.0,512.42,978,513.595,2024-11-08T15:00:00Z,56050,513.124583
513.905,514.19,512.69,663,513.23,2024-11-08T16:00:00Z,58765,513.535407
513.8,514.03,513.31,388,513.76,2024-11-08T17:00:00Z,45253,513.608836
514.68,514.9,513.79,484,513.79,2024-11-08T18:00:00Z,41694,514.468963
514.2,514.86,514.2,362,514.68,2024-11-08T19:00:00Z,17184,514.566506
514.17,514.2,513.61,985,514.035,2024-11-08T20:00:00Z,85455,513.935365
514.04,514.31,513.98,21,514.31,2024-11-08T21:00:00Z,2679,514.109635
515.6,515.68,515.6,3,515.68,2024-11-11T13:00:00Z,700,515.66
512.71,515.73,512.55,733,515.72,2024-11-11T14:00:00Z,67798,513.931603
513.935,514.32,512.31,517,512.74,2024-11-11T15:00:00Z,43709,513.366807
513.5,514.085,513.14,253,513.88,2024-11-11T16:00:00Z,24639,513.611916
512.4,513.67,512.33,443,513.53,2024-11-11T17:00:00Z,33499,512.870308
512.87,513.23,511.0,505,512.19,2024-11-11T18:00:00Z,50264,511.852347
512.63,512.95,512.29,138,512.87,2024-11-11T19:00:00Z,17346,512.705508
513.91,513.91,512.665,602,512.665,2024-11-11T20:00:00Z,54025,513.393829
513.89,514.1,513.58,39,513.76,2024-11-11T21:00:00Z,7755,513.875
513.95,514.12,513.74,4,513.74,2024-11-12T13:00:00Z,800,514.00375
514.42,514.66,512.95,402,513.62,2024-11-12T14:00:00Z,23882,514.059855
512.93,514.31,512.93,659,514.31,2024-11-12T15:00:00Z,73539,513.627501
512.26,513.4,512.04,347,513.005,2024-11-12T16:00:00Z,34325,512.746186
510.11,512.6,510.11,424,512.245,2024-11-12T17:00:00Z,47919,511.979885
512.93,513.205,509.89,413,510.02,2024-11-12T18:00:00Z,43228,511.074378
512.995,513.57,512.77,498,512.84,2024-11-12T19:00:00Z,51268,513.053686
512.88,513.4,512.605,736,513.11,2024-11-12T20:00:00Z,97892,512.96387
513.06,513.23,513.0,8,513.0,2024-11-12T21:00:00Z,2260,513.101947
512.87,513.6,512.87,11,513.6,2024-11-13T13:00:00Z,1413,513.170365
511.92,513.0,511.59,496,512.6,2024-11-13T14:00:00Z,29455,512.415359
511.25,511.91,509.95,605,511.63,2024-11-13T15:00:00Z,58088,511.048444
512.58,512.73,510.82,259,511.4,2024-11-13T16:00:00Z,25911,512.030376
514.1,514.1,512.42,501,512.53,2024-11-13T17:00:00Z,66660,513.101376
514.71,514.91,513.61,429,514.03,2024-11-13T18:00:00Z,52535,514.077445
512.95,514.695,512.55,472,514.695,2024-11-13T19:00:00Z,45869,513.471745
512.27,513.77,511.45,847,512.82,2024-11-13T20:00:00Z,127551,512.468734
512.73,512.79,512.34,6,512.34,2024-11-13T21:00:00Z,1467,512.66617
511.79,512.28,511.79,7,512.28,2024-11-14T13:00:00Z,815,512.03625
510.77,512.66,510.19,574,511.84,2024-11-14T14:00:00Z,44230,511.331645
510.71,511.9,509.59,583,510.63,2024-11-14T15:00:00Z,56475,510.809344
510.93,511.86,510.69,201,511.04,2024-11-14T16:00:00Z,17087,511.171242
510.64,511.09,509.13,390,510.89,2024-11-14T17:00:00Z,34294,510.045346
509.28,511.42,509.13,280,510.45,2024-11-14T18:00:00Z,40150,510.247581
510.12,510.57,509.41,244,509.41,2024-11-14T19:00:00Z,21311,510.054164
508.76,510.12,507.81,815,510.12,2024-11-14T20:00:00Z,88324,508.715125
507.42,508.45,507.42,9,508.28,2024-11-14T21:00:00Z,2022,507.817554
504.29,504.29,504.29,1,504.29,2024-11-15T13:00:00Z,300,504.29
501.21,504.19,501.05,922,504.19,2024-11-15T14:00:00Z,71210,502.15977
498.29,501.39,497.81,1355,501.33,2024-11-15T15:00:00Z,108902,499.218254
496.67,498.92,496.35,1018,498.18,2024-11-15T16:00:00Z,86776,498.007848
496.37,497.04,495.49,976,496.62,2024-11-15T17:00:00Z,82494,496.414672
495.07,496.45,494.53,856,496.36,2024-11-15T18:00:00Z,60134,495.649679
495.77,496.6,494.865,910,495.26,2024-11-15T19:00:00Z,112723,495.54897
496.45,496.95,495.545,1464,495.75,2024-11-15T20:00:00Z,136857,496.412252
496.63,497.09,496.63,2,497.09,2024-11-15T21:00:00Z,700,496.892857
497.47,498.67,496.82,518,498.29,2024-11-18T14:00:00Z,51642,497.425876
501.0,501.45,497.41,868,497.44,2024-11-18T15:00:00Z,68334,499.955509
500.57,502.085,500.2,649,501.03,2024-11-18T16:00:00Z,62327,501.334474
500.645,500.82,499.645,505,500.68,2024-11-18T17:00:00Z,28404,500.284123
500.7,500.82,499.21,448,500.6,2024-11-18T18:00:00Z,37352,500.149784
500.14,500.66,499.04,477,500.66,2024-11-18T19:00:00Z,33805,499.690138
499.96,500.52,499.51,831,500.08,2024-11-18T20:00:00Z,82912,500.058092
500.0,500.38,499.82,30,500.07,2024-11-18T21:00:00Z,4633,499.995863
498.42,498.95,497.21,468,497.39,2024-11-19T14:00:00Z,42041,498.062461
500.25,500.63,497.52,571,498.06,2024-11-19T15:00:00Z,40973,499.254098
501.2,501.69,500.28,473,500.28,2024-11-19T16:00:00Z,55467,501.095108
501.53,501.88,500.405,318,500.99,2024-11-19T17:00:00Z,26905,501.247355
503.76,503.93,501.32,514,501.32,2024-11-19T18:00:00Z,60139,502.490645
502.71,503.91,502.04,641,503.79,2024-11-19T19:00:00Z,70358,502.887661
503.42,503.68,502.55,858,502.82,2024-11-19T20:00:00Z,100733,503.27501
503.31,503.88,503.31,46,503.61,2024-11-19T21:00:00Z,7544,503.646158
504.12,504.54,504.12,4,504.54,2024-11-20T13:00:00Z,920,504.33587
499.88,504.02,499.88,485,504.02,2024-11-20T14:00:00Z,44474,501.529665
500.38,500.57,496.57,1143,499.88,2024-11-20T15:00:00Z,92587,498.441304
501.69,502.045,498.365,598,500.31,2024-11-20T16:00:00Z,49916,500.267743
499.79,501.73,499.04,443,501.73,2024-11-20T17:00:00Z,32878,500.542258
499.26,500.14,498.6,295,499.725,2024-11-20T18:00:00Z,20703,499.513534
499.73,500.16,498.525,235,499.18,2024-11-20T19:00:00Z,14309,499.250611
503.08,503.46,499.45,919,499.55,2024-11-20T20:00:00Z,85428,502.179535
501.5,502.5,500.15,7,501.24,2024-11-20T21:00:00Z,1227,500.998333
501.12,506.91,500.62,699,506.2,2024-11-21T14:00:00Z,64927,503.214232
502.08,502.36,497.68,1385,500.81,2024-11-21T15:00:00Z,137455,499.807068
502.72,504.19,501.84,662,502.4,2024-11-21T16:00:00Z,46037,503.073211
504.63,505.75,502.01,378,502.86,2024-11-21T17:00:00Z,29703,504.224357
505.75,505.94,504.745,474,504.84,2024-11-21T18:00:00Z,22208,505.400676
505.43,506.0,504.28,345,506.0,2024-11-21T19:00:00Z,29114,505.193028
504.98,506.26,504.92,812,505.53,2024-11-21T20:00:00Z,76273,505.448176
504.63,505.09,504.23,30,505.09,2024-11-21T21:00:00Z,5832,504.63824
504.11,504.24,504.11,3,504.24,2024-11-22T13:00:00Z,500,504.16
505.88,506.33,504.09,393,504.34,2024-11-22T14:00:00Z,29303,505.218189
505.64,505.88,502.8,695,505.81,2024-11-22T15:00:00Z,47220,504.470446
504.935,505.76,503.38,482,505.745,2024-11-22T16:00:00Z,28922,504.568558
505.98,506.13,504.68,556,504.96,2024-11-22T17:00:00Z,28162,505.362837
505.765,506.52,505.22,495,505.81,2024-11-22T18:00:00Z,27929,505.923387
505.69,505.83,504.56,378,505.56,2024-11-22T19:00:00Z,18631,505.249605
505.79,506.11,504.74,881,505.38,2024-11-22T20:00:00Z,68770,505.474249
506.49,506.49,505.68,39,505.68,2024-11-22T21:00:00Z,8616,506.080449
509.83,510.06,508.67,15,508.67,2024-11-25T13:00:00Z,2672,509.691626
508.175,511.32,507.805,578,509.49,2024-11-25T14:00:00Z,54750,510.115718
507.05,508.42,506.45,688,507.59,2024-11-25T15:00:00Z,45576,507.426318
507.37,508.57,506.9,543,507.07,2024-11-25T16:00:00Z,34159,507.565529
505.91,507.19,504.34,541,507.19,2024-11-25T17:00:00Z,44679,505.685448
505.97,506.825,505.8,317,505.995,2024-11-25T18:00:00Z,27169,506.295968
506.19,506.48,505.46,146,505.92,2024-11-25T19:00:00Z,12819,505.973482
506.59,506.755,505.61,604,505.99,2024-11-25T20:00:00Z,63117,506.423619
507.08,507.36,506.44,38,506.58,2024-11-25T21:00:00Z,5727,506.950162
508.14,508.14,508.14,1,508.14,2024-11-26T13:00:00Z,165,508.14
508.88,510.12,507.84,324,508.36,2024-11-26T14:00:00Z,26004,509.140799
508.385,509.47,507.675,278,509.37,2024-11-26T15:00:00Z,22754,508.554079
508.73,509.075,507.75,403,508.69,2024-11-26T16:00:00Z,48556,508.489572
509.14,509.14,507.85,315,508.7,2024-11-26T17:00:00Z,34037,508.506298
508.815,509.04,508.27,185,509.01,2024-11-26T18:00:00Z,33490,508.802
507.78,509.095,507.24,325,508.71,2024-11-26T19:00:00Z,55848,508.034203
509.33,509.69,507.82,402,507.82,2024-11-26T20:00:00Z,57628,508.822472
509.58,509.64,509.32,27,509.36,2024-11-26T21:00:00Z,5870,509.468376
508.72,508.72,508.47,4,508.47,2024-11-27T13:00:00Z,1100,508.564545
506.36,508.55,505.95,415,508.52,2024-11-27T14:00:00Z,39004,506.844456
503.61,506.28,503.19,738,506.22,2024-11-27T15:00:00Z,52425,504.618844
502.92,503.92,502.43,450,503.575,2024-11-27T16:00:00Z,48485,503.1247
503.59,503.62,502.15,406,502.865,2024-11-27T17:00:00Z,33357,502.81593
505.195,505.34,503.5,391,503.5,2024-11-27T18:00:00Z,23388,504.699257
505.19,505.51,504.78,286,505.245,2024-11-27T19:00:00Z,39714,505.176573
505.27,505.64,504.33,571,505.155,2024-11-27T20:00:00Z,73087,505.143169
504.92,505.36,504.89,16,505.36,2024-11-27T21:00:00Z,3705,505.166471
505.81,505.81,505.6,2,505.6,2024-11-29T13:00:00Z,600,505.705
507.95,507.96,505.36,367,506.87,2024-11-29T14:00:00Z,40455,506.274927
508.88,509.5,507.86,430,507.95,2024-11-29T15:00:00Z,39151,508.734301
509.82,510.025,508.92,283,508.92,2024-11-29T16:00:00Z,17456,509.589284
509.74,510.21,509.43,751,509.64,2024-11-29T17:00:00Z,73540,509.804832
509.5,509.62,509.49,13,509.6,2024-11-29T18:00:00Z,1781,509.540845
510.51,510.56,510.17,6,510.56,2024-12-02T13:00:00Z,879,510.406667
513.66,514.07,510.64,686,510.84,2024-12-02T14:00:00Z,43064,513.128456
513.78,514.83,513.49,786,513.77,2024-12-02T15:00:00Z,53290,514.240054
515.495,515.7,513.77,630,513.84,2024-12-02T16:00:00Z,44240,514.783954
515.52,516.235,515.475,451,515.62,2024-12-02T17:00:00Z,45821,515.827198
515.13,515.565,514.87,359,515.46,2024-12-02T18:00:00Z,21653,515.223727
515.33,515.34,514.38,370,514.95,2024-12-02T19:00:00Z,22007,514.962955
515.29,515.83,514.96,1000,515.235,2024-12-02T20:00:00Z,93425,515.41011
515.38,515.77,515.37,15,515.41,2024-12-02T21:00:00Z,3396,515.521343
515.51,515.51,515.51,1,515.51,2024-12-03T13:00:00Z,112,515.51
514.89,515.17,513.5,411,513.94,2024-12-03T14:00:00Z,42661,514.585359
515.15,515.72,514.21,527,515.03,2024-12-03T15:00:00Z,33223,514.881914
515.13,516.23,514.89,327,515.08,2024-12-03T16:00:00Z,25663,515.532418
515.98,515.98,514.79,412,515.13,2024-12-03T17:00:00Z,19458,515.31361
515.77,516.06,515.36,322,515.81,2024-12-03T18:00:00Z,31026,515.85218
516.35,516.445,515.6,277,515.69,2024-12-03T19:00:00Z,22149,515.979996
516.95,517.14,515.92,696,516.305,2024-12-03T20:00:00Z,62296,516.640691
518.05,518.05,516.79,39,516.81,2024-12-03T21:00:00Z,7110,517.451159
520.99,521.06,520.55,12,520.78,2024-12-04T13:00:00Z,2301,520.83158
520.3,521.14,519.6,491,520.9,2024-12-04T14:00:00Z,51325,520.279003
521.86,522.08,519.69,658,519.97,2024-12-04T15:00:00Z,45338,521.129056
521.675,522.23,521.1,566,521.9,2024-12-04T16:00:00Z,52798,521.586284
521.895,522.04,521.295,514,521.675,2024-12-04T17:00:00Z,41103,521.684596
521.99,522.13,520.88,230,521.83,2024-12-04T18:00:00Z,28617,521.546586
522.61,522.7,521.5,272,521.5,2024-12-04T19:00:00Z,25546,522.371868
523.24,523.51,522.51,1345,522.56,2024-12-04T20:00:00Z,139376,523.158286
522.78,523.14,522.75,43,523.14,2024-12-04T21:00:00Z,8151,522.916241
522.64,523.56,522.4,240,523.33,2024-12-05T14:00:00Z,20220,523.073241
522.54,523.22,522.14,325,522.8,2024-12-05T15:00:00Z,25333,522.672852
523.17,523.345,522.465,205,522.465,2024-12-05T16:00:00Z,19133,522.806921
523.84,523.98,523.03,175,523.17,2024-12-05T17:00:00Z,20332,523.488098
522.35,523.86,522.0,331,523.86,2024-12-05T18:00:00Z,38925,523.113196
522.27,522.73,521.79,340,522.155,2024-12-05T19:00:00Z,66766,522.040136
521.89,522.69,521.49,613,522.21,2024-12-05T20:00:00Z,54648,522.010717
521.41,521.54,521.04,49,521.51,2024-12-05T21:00:00Z,9568,521.40548
522.54,523.29,522.49,5,523.29,2024-12-06T13:00:00Z,1076,522.882937
525.27,525.385,522.535,429,522.77,2024-12-06T14:00:00Z,35797,524.119286
525.49,526.12,524.915,577,525.3,2024-12-06T15:00:00Z,45490,525.552551
525.56,525.94,524.42,465,525.58,2024-12-06T16:00:00Z,33084,525.445733
525.46,525.935,524.99,366,525.39,2024-12-06T17:00:00Z,25654,525.598334
526.47,526.71,525.48,433,525.48,2024-12-06T18:00:00Z,24489,526.312544
525.925,526.47,525.425,435,526.46,2024-12-06T19:00:00Z,34603,525.928447
526.51,526.62,525.78,1163,525.89,2024-12-06T20:00:00Z,150989,526.425272
525.87,526.25,525.81,18,526.18,2024-12-06T21:00:00Z,2829,526.057692
525.595,526.31,524.84,579,525.7,2024-12-09T14:00:00Z,46137,525.638641
522.93,525.95,522.9,905,525.745,2024-12-09T15:00:00Z,74371,524.273357
523.16,523.43,521.23,820,522.89,2024-12-09T16:00:00Z,64836,522.642428
522.58,523.26,522.485,373,523.04,2024-12-09T17:00:00Z,24197,522.873264
523.47,523.915,522.11,344,522.405,2024-12-09T18:00:00Z,33428,523.062899
522.15,523.4,521.455,489,523.4,2024-12-09T19:00:00Z,46962,522.468015
522.39,522.45,521.36,1052,522.09,2024-12-09T20:00:00Z,95352,521.891502
522.05,522.33,521.85,35,522.1,2024-12-09T21:00:00Z,6857,522.074934
523.97,524.92,522.94,643,523.53,2024-12-10T14:00:00Z,53787,523.557356
522.94,525.27,522.74,735,524.07,2024-12-10T15:00:00Z,61324,524.382211
522.36,523.13,521.56,503,522.665,2024-12-10T16:00:00Z,41743,522.482868
522.18,522.74,521.42,382,522.23,2024-12-10T17:00:00Z,36896,522.273467
521.55,522.37,521.55,511,521.97,2024-12-10T18:00:00Z,30586,522.012559
520.62,521.74,520.35,524,521.58,2024-12-10T19:00:00Z,33360,521.179638
520.55,520.56,519.24,1107,520.53,2024-12-10T20:00:00Z,106134,520.157078
521.1,521.1,520.63,37,520.66,2024-12-10T21:00:00Z,4535,520.903632
523.57,523.62,522.79,28,522.79,2024-12-11T13:00:00Z,5380,523.420337
527.5,527.58,523.53,543,523.56,2024-12-11T14:00:00Z,47207,526.011222
527.58,528.485,527.08,845,527.515,2024-12-11T15:00:00Z,87498,527.830707
529.11,529.31,527.54,594,527.58,2024-12-11T16:00:00Z,41197,528.791264
529.62,529.84,529.12,540,529.12,2024-12-11T17:00:00Z,38637,529.505194
529.93,530.35,529.66,589,529.72,2024-12-11T18:00:00Z,55934,530.046731
530.1,530.32,529.635,428,529.935,2024-12-11T19:00:00Z,32284,530.004784
529.95,530.57,529.835,1305,530.05,2024-12-11T20:00:00Z,150740,530.136261
529.15,529.7,529.08,35,529.7,2024-12-11T21:00:00Z,7818,529.49
527.12,527.55,526.65,53,526.65,2024-12-12T13:00:00Z,6326,527.130036
527.44,527.73,526.81,347,527.44,2024-12-12T14:00:00Z,27505,527.258972
528.225,528.52,526.11,490,527.42,2024-12-12T15:00:00Z,31679,527.478008
527.2,528.825,527.2,398,528.37,2024-12-12T16:00:00Z,37665,528.161515
528.81,528.81,527.12,333,527.13,2024-12-12T17:00:00Z,31025,527.985915
527.79,528.86,527.79,349,528.85,2024-12-12T18:00:00Z,21491,528.548202
527.39,528.13,527.02,354,527.82,2024-12-12T19:00:00Z,27453,527.634463
526.69,527.55,526.63,882,527.4,2024-12-12T20:00:00Z,78648,526.969208
526.12,527.07,525.91,12,526.23,2024-12-12T21:00:00Z,1937,526.363784
531.29,531.29,531.27,2,531.27,2024-12-13T13:00:00Z,500,531.274
532.46,533.06,530.12,645,530.86,2024-12-13T14:00:00Z,54198,531.741467
527.84,532.6,527.84,867,532.52,2024-12-13T15:00:00Z,62000,530.908433
528.13,529.45,527.31,732,527.83,2024-12-13T16:00:00Z,74901,528.194217
527.74,529.01,527.74,333,528.05,2024-12-13T17:00:00Z,13719,528.149383
529.875,529.875,527.735,137,527.735,2024-12-13T18:00:00Z,11564,528.79764
530.66,530.895,529.58,322,529.87,2024-12-13T19:00:00Z,31224,530.182792
530.44,531.1,529.975,829,530.58,2024-12-13T20:00:00Z,69076,530.60174
529.66,530.09,529.5,15,530.09,2024-12-13T21:00:00Z,4300,529.756047
534.68,534.76,532.93,355,532.93,2024-12-16T14:00:00Z,31703,533.84678
535.35,536.07,533.93,587,534.9,2024-12-16T15:00:00Z,42076,535.218702
536.85,536.85,535.43,545,535.43,2024-12-16T16:00:00Z,38284,536.115197
537.525,537.525,536.42,703,536.81,2024-12-16T17:00:00Z,31114,536.907961
538.37,538.48,537.48,452,537.545,2024-12-16T18:00:00Z,21337,538.002778
538.51,538.88,538.03,413,538.28,2024-12-16T19:00:00Z,29170,538.560134
538.19,539.13,537.83,859,538.57,2024-12-16T20:00:00Z,100182,538.220039
538.0,538.0,538.0,3,538.0,2024-12-16T21:00:00Z,719,538.0
536.59,536.59,536.59,1,536.59,2024-12-17T13:00:00Z,100,536.59
535.63,537.03,535.21,545,536.4,2024-12-17T14:00:00Z,38202,536.15546
535.65,535.8,534.15,806,535.7,2024-12-17T15:00:00Z,58326,535.065791
536.41,537.42,535.06,720,535.58,2024-12-17T16:00:00Z,46893,536.4326
536.435,536.79,535.39,772,536.35,2024-12-17T17:00:00Z,56882,536.082998
535.575,536.53,535.545,560,536.285,2024-12-17T18:00:00Z,45417,536.062707
535.03,535.575,534.695,650,535.575,2024-12-17T19:00:00Z,96474,535.1599
535.81,536.21,534.38,1179,534.975,2024-12-17T20:00:00Z,103682,535.384794
535.45,535.87,535.2,27,535.67,2024-12-17T21:00:00Z,4588,535.565134
535.51,535.64,533.5,582,535.3,2024-12-18T14:00:00Z,33839,534.723727
536.27,536.87,534.98,652,535.37,2024-12-18T15:00:00Z,48834,535.97381
535.765,536.6,534.575,965,536.115,2024-12-18T16:00:00Z,52050,535.946323
535.67,536.15,535.26,310,535.62,2024-12-18T17:00:00Z,16399,535.690724
535.57,535.955,535.095,288,535.65,2024-12-18T18:00:00Z,19961,535.551273
526.57,535.15,526.48,830,534.68,2024-12-18T19:00:00Z,73986,531.009007
516.6,526.935,515.05,3432,526.63,2024-12-18T20:00:00Z,432473,519.753085
515.83,515.91,512.45,48,514.94,2024-12-18T21:00:00Z,4023,514.779951
520.57,521.09,520.57,2,521.09,2024-12-19T13:00:00Z,200,520.83
518.94,521.63,518.28,1093,521.17,2024-12-19T14:00:00Z,102882,520.28929
518.25,520.11,516.17,882,519.15,2024-12-19T15:00:00Z,115182,518.134872
518.47,520.06,516.11,790,518.005,2024-12-19T16:00:00Z,71630,518.459055
517.57,518.6,515.45,707,518.52,2024-12-19T17:00:00Z,37599,516.683778
519.43,519.43,515.69,398,517.105,2024-12-19T18:00:00Z,31116,517.085589
516.24,519.43,516.24,632,519.35,2024-12-19T19:00:00Z,73756,517.105735
514.18,517.78,513.85,1760,516.25,2024-12-19T20:00:00Z,200373,515.210885
514.12,514.38,513.42,12,514.36,2024-12-19T21:00:00Z,1642,513.947134
509.42,509.99,509.42,3,509.95,2024-12-20T13:00:00Z,300,509.786667
510.92,512.83,509.43,677,510.21,2024-12-20T14:00:00Z,53403,511.088451
517.92,518.75,511.39,1316,511.45,2024-12-20T15:00:00Z,99768,515.791225
523.54,524.25,517.74,977,517.78,2024-12-20T16:00:00Z,95159,521.606619
523.47,524.815,522.96,579,523.32,2024-12-20T17:00:00Z,45770,523.821175
521.25,523.75,521.0,703,523.435,2024-12-20T18:00:00Z,75373,522.491992
522.1,523.37,520.87,575,521.13,2024-12-20T19:00:00Z,33717,522.122309
518.62,522.31,517.66,1661,522.09,2024-12-20T20:00:00Z,158790,519.06388
517.76,520.06,517.76,15,519.37,2024-12-20T21:00:00Z,3351,519.489699
519.79,520.73,517.95,951,518.45,2024-12-23T14:00:00Z,50298,519.773581
517.84,519.77,516.27,243,519.77,2024-12-23T15:00:00Z,14610,518.004021
524.47,524.47,524.47,1,524.47,2024-12-24T13:00:00Z,100,524.47
526.73,526.73,524.29,467,524.83,2024-12-24T14:00:00Z,39808,525.437605
528.095,528.23,526.585,1440,526.7,2024-12-24T15:00:00Z,121324,527.362671
528.22,528.93,527.885,1132,528.07,2024-12-24T16:00:00Z,92335,528.422683
530.01,530.01,527.73,1203,528.11,2024-12-24T17:00:00Z,145495,529.263676
529.96,529.96,529.96,4,529.96,2024-12-24T18:00:00Z,500,529.96
527.935,529.515,526.49,404,527.97,2024-12-26T14:00:00Z,29425,528.366705
529.68,529.68,527.75,365,528.57,2024-12-26T15:00:00Z,27257,528.655604
530.4,530.4,528.98,289,529.54,2024-12-26T16:00:00Z,35163,529.828279
529.545,531.0,529.01,352,530.45,2024-12-26T17:00:00Z,55133,529.982929
529.645,530.36,529.39,277,529.95,2024-12-26T18:00:00Z,23134,529.89279
530.49,530.49,529.445,116,529.73,2024-12-26T19:00:00Z,7825,529.93223
529.6,530.84,529.42,426,530.505,2024-12-26T20:00:00Z,51572,530.081206
529.13,529.49,529.02,6,529.49,2024-12-26T21:00:00Z,1358,529.10039
522.61,526.66,522.18,545,526.66,2024-12-27T14:00:00Z,64313,524.16579
520.27,522.76,518.05,811,522.55,2024-12-27T15:00:00Z,80532,519.909435
519.11,521.45,518.535,528,520.32,2024-12-27T16:00:00Z,76616,520.239569
519.685,519.685,517.905,509,519.08,2024-12-27T17:00:00Z,35846,518.719246
521.77,521.99,519.22,289,520.04,2024-12-27T18:00:00Z,21549,520.483556
522.54,522.855,520.965,615,521.73,2024-12-27T19:00:00Z,59748,521.646316
522.55,522.73,520.3,1184,522.47,2024-12-27T20:00:00Z,143707,522.000052
522.8,523.21,522.74,15,522.74,2024-12-27T21:00:00Z,3887,522.889814
514.89,514.89,514.89,1,514.89,2024-12-30T13:00:00Z,100,514.89
512.67,515.6,512.59,688,515.46,2024-12-30T14:00:00Z,75332,514.364798
514.68,515.37,511.92,1023,512.12,2024-12-30T15:00:00Z,67989,513.240233
516.5,516.78,514.19,504,514.31,2024-12-30T16:00:00Z,35657,515.542882
518.94,519.26,516.485,464,516.78,2024-12-30T17:00:00Z,41593,517.957596
518.61,519.3,517.51,300,518.88,2024-12-30T18:00:00Z,16546,518.655096
518.54,518.74,517.19,503,518.7,2024-12-30T19:00:00Z,34902,518.025081
515.57,518.61,515.5,1126,518.21,2024-12-30T20:00:00Z,120312,516.679514
514.56,514.56,514.56,1,514.56,2024-12-30T21:00:00Z,170,514.56
516.32,517.66,515.13,342,516.95,2024-12-31T14:00:00Z,21865,516.408294
515.16,517.05,514.07,446,516.14,2024-12-31T15:00:00Z,38083,515.624658
513.83,514.81,512.88,437,514.81,2024-12-31T16:00:00Z,30209,513.751614
513.475,514.04,510.99,512,513.86,2024-12-31T17:00:00Z,37421,511.992749
511.22,513.92,510.885,402,513.31,2024-12-31T18:00:00Z,24123,512.078375
512.18,512.48,510.26,628,511.16,2024-12-31T19:00:00Z,40288,511.386757
511.23,513.46,510.5,1292,512.23,2024-12-31T20:00:00Z,160161,511.430888
511.65,511.65,511.65,1,511.65,2024-12-31T21:00:00Z,300,511.65
515.39,515.73,510.09,732,514.23,2025-01-02T14:00:00Z,78413,513.357665
512.75,516.59,511.22,999,515.64,2025-01-02T15:00:00Z,66462,513.988338
513.68,514.57,510.53,740,512.49,2025-01-02T16:00:00Z,76465,512.23184
507.92,514.15,505.71,794,513.66,2025-01-02T17:00:00Z,74083,509.219892
507.305,508.0,506.04,386,507.895,2025-01-02T18:00:00Z,29363,506.841065
507.5,509.48,507.08,567,507.1,2025-01-02T19:00:00Z,48444,508.081709
510.33,510.725,507.76,972,507.76,2025-01-02T20:00:00Z,65120,509.916921
510.84,510.84,510.84,2,510.84,2025-01-02T21:00:00Z,302,510.84
515.35,516.55,513.01,506,513.295,2025-01-03T14:00:00Z,41728,514.87283
515.22,516.6,512.62,699,515.45,2025-01-03T15:00:00Z,54347,514.926438
517.6,517.875,514.43,414,515.36,2025-01-03T16:00:00Z,32570,516.419007
517.45,517.81,516.87,336,517.4,2025-01-03T17:00:00Z,29130,517.395533
518.26,518.88,517.15,399,517.47,2025-01-03T18:00:00Z,33483,518.109588
519.125,519.645,518.155,406,518.155,2025-01-03T19:00:00Z,41920,519.11791
518.54,518.99,517.88,1274,518.915,2025-01-03T20:00:00Z,246993,518.667428
518.05,518.33,518.05,4,518.22,2025-01-03T21:00:00Z,1077,518.204466
524.17,524.17,524.17,1,524.17,2025-01-06T13:00:00Z,300,524.17
525.9,526.62,523.93,676,524.35,2025-01-06T14:00:00Z,61612,525.461898
527.36,527.78,525.22,729,526.19,2025-01-06T15:00:00Z,69943,527.156466
527.17,527.9,526.75,296,527.5,2025-01-06T16:00:00Z,28016,527.3526
525.54,527.26,525.01,255,526.83,2025-01-06T17:00:00Z,19195,526.163141
523.58,525.48,523.54,665,525.48,2025-01-06T18:00:00Z,70716,524.841762
522.355,523.79,522.355,479,523.15,2025-01-06T19:00:00Z,43274,523.386724
524.55,524.61,522.05,1022,522.05,2025-01-06T20:00:00Z,124218,523.804428
525.22,525.22,524.69,36,525.0,2025-01-06T21:00:00Z,5733,525.074681
524.9,524.9,524.9,2,524.9,2025-01-07T13:00:00Z,200,524.9
523.62,525.98,523.32,542,525.56,2025-01-07T14:00:00Z,55430,524.736107
519.78,523.16,516.29,757,523.16,2025-01-07T15:00:00Z,65953,519.99256
517.03,520.3,516.93,419,519.69,2025-01-07T16:00:00Z,44796,519.193845
517.32,517.89,516.03,427,517.13,2025-01-07T17:00:00Z,31344,517.040943
517.16,518.935,516.92,419,517.17,2025-01-07T18:00:00Z,24061,517.955495
516.65,518.0,516.4,468,517.07,2025-01-07T19:00:00Z,32973,517.111383
515.25,516.68,513.31,1489,516.68,2025-01-07T20:00:00Z,177314,514.948098
515.65,515.99,515.48,24,515.48,2025-01-07T21:00:00Z,4990,515.69465
514.93,515.74,513.57,357,515.08,2025-01-08T14:00:00Z,29929,514.519218
515.06,516.18,512.17,643,515.29,2025-01-08T15:00:00Z,50396,514.309855
515.77,516.54,513.59,356,514.805,2025-01-08T16:00:00Z,19751,515.279381
513.16,515.775,510.57,445,515.72,2025-01-08T17:00:00Z,28551,513.299051
514.37,516.24,513.2,407,513.2,2025-01-08T18:00:00Z,35017,514.905277
514.69,516.85,513.74,424,514.25,2025-01-08T19:00:00Z,27037,515.123252
515.19,515.68,513.91,1009,514.78,2025-01-08T20:00:00Z,80649,514.966671
514.5,515.96,514.3,100,515.75,2025-01-08T21:00:00Z,18035,514.973519
508.7,513.7,508.7,15,513.7,2025-01-10T13:00:00Z,1350,512.7
508.36,511.525,507.24,745,511.51,2025-01-10T14:00:00Z,64635,508.601193
507.47,509.75,504.0,903,507.71,2025-01-10T15:00:00Z,62711,506.410558
504.445,506.365,504.35,463,506.29,2025-01-10T16:00:00Z,23989,505.756281
507.78,507.85,504.33,566,504.49,2025-01-10T17:00:00Z,45273,505.714024
510.95,511.03,507.23,537,507.69,2025-01-10T18:00:00Z,33885,509.343233
508.895,510.96,508.01,469,510.96,2025-01-10T19:00:00Z,31611,509.379702
507.18,509.12,506.48,1247,508.89,2025-01-10T20:00:00Z,117661,507.499199
506.88,507.51,506.88,15,507.21,2025-01-10T21:00:00Z,3000,507.208405
502.22,502.22,502.22,1,502.22,2025-01-13T13:00:00Z,250,502.22
502.07,503.06,499.71,1001,501.82,2025-01-13T14:00:00Z,68954,501.015596
502.08,503.88,500.09,855,501.8,2025-01-13T15:00:00Z,82345,502.230573
500.56,502.57,500.33,528,502.19,2025-01-13T16:00:00Z,37719,501.651782
504.24,504.265,500.18,459,500.48,2025-01-13T17:00:00Z,31013,502.060897
504.23,504.69,503.4,301,504.2,2025-01-13T18:00:00Z,23185,504.035877
504.505,505.04,502.92,355,504.28,2025-01-13T19:00:00Z,24579,504.160405
505.52,505.99,503.82,1219,504.5,2025-01-13T20:00:00Z,90972,504.883386
506.55,506.55,505.85,12,505.85,2025-01-13T21:00:00Z,2333,506.137276
508.81,508.81,508.81,1,508.81,2025-01-14T13:00:00Z,300,508.81
506.64,510.15,506.285,762,508.56,2025-01-14T14:00:00Z,62822,508.697218
505.52,509.59,505.52,874,506.65,2025-01-14T15:00:00Z,52053,507.223111
502.95,505.93,502.7,792,505.61,2025-01-14T16:00:00Z,34762,504.45919
503.83,504.19,502.12,638,502.73,2025-01-14T17:00:00Z,63930,503.417593
506.95,507.17,503.59,418,503.645,2025-01-14T18:00:00Z,37950,505.564859
503.66,507.26,503.58,777,506.69,2025-01-14T19:00:00Z,44406,506.420595
505.13,505.15,501.64,1399,503.68,2025-01-14T20:00:00Z,129674,503.727799
506.55,506.55,505.21,43,505.21,2025-01-14T21:00:00Z,5360,506.209804
514.885,515.23,511.84,1173,513.04,2025-01-15T14:00:00Z,78878,513.696175
514.725,516.69,514.725,825,515.0,2025-01-15T15:00:00Z,66836,516.013074
513.47,515.81,512.98,388,515.0,2025-01-15T16:00:00Z,33834,514.442791
514.75,515.68,513.39,553,513.41,2025-01-15T17:00:00Z,35518,514.648121
516.05,516.38,514.86,276,514.86,2025-01-15T18:00:00Z,17059,515.899975
517.01,517.37,516.13,816,516.18,2025-01-15T19:00:00Z,66996,516.715128
516.56,517.825,516.47,1699,517.05,2025-01-15T20:00:00Z,218999,516.870456
516.16,516.6,515.93,31,516.6,2025-01-15T21:00:00Z,5870,516.11223
517.52,517.52,517.52,1,517.52,2025-01-16T13:00:00Z,110,517.52
516.1,519.0,516.07,697,518.2,2025-01-16T14:00:00Z,44597,517.55501
517.335,517.335,515.35,1033,515.64,2025-01-16T15:00:00Z,72103,516.469108
516.78,518.48,514.78,1075,517.245,2025-01-16T16:00:00Z,68978,516.625228
516.51,517.34,516.17,408,516.72,2025-01-16T17:00:00Z,19395,516.632983
514.15,517.05,513.57,577,516.6,2025-01-16T18:00:00Z,22815,514.871574
516.14,516.22,513.87,559,514.005,2025-01-16T19:00:00Z,28886,515.021175
513.1,516.515,513.01,1052,516.105,2025-01-16T20:00:00Z,67346,514.388838
512.03,512.88,511.63,35,512.58,2025-01-16T21:00:00Z,8694,512.384154
519.62,519.76,516.3,15,516.3,2025-01-17T13:00:00Z,1695,519.105611
519.59,523.01,519.11,1012,520.46,2025-01-17T14:00:00Z,86507,520.692524
521.585,521.585,518.92,822,519.55,2025-01-17T15:00:00Z,76418,520.578784
521.37,522.54,521.215,776,521.605,2025-01-17T16:00:00Z,57189,521.788013
522.33,522.4,520.83,795,521.16,2025-01-17T17:00:00Z,77315,521.881305
522.475,523.41,522.02,555,522.35,2025-01-17T18:00:00Z,39681,522.646065
522.23,522.74,521.99,487,522.525,2025-01-17T19:00:00Z,27414,522.35212
521.77,522.63,521.27,1394,522.23,2025-01-17T20:00:00Z,172812,521.792747
521.36,521.59,521.12,46,521.41,2025-01-17T21:00:00Z,9302,521.34975
524.77,524.77,524.77,4,524.77,2025-01-21T13:00:00Z,380,524.77
522.67,524.66,521.23,819,524.58,2025-01-21T14:00:00Z,61915,522.708404
522.69,523.02,520.205,700,521.98,2025-01-21T15:00:00Z,43683,521.677789
523.72,523.75,521.94,516,522.315,2025-01-21T16:00:00Z,35114,522.681942
525.245,525.26,523.14,464,523.56,2025-01-21T17:00:00Z,35459,524.164647
525.53,525.95,524.86,588,525.205,2025-01-21T18:00:00Z,48722,525.376728
524.88,525.735,524.36,470,525.51,2025-01-21T19:00:00Z,24523,525.224594
524.68,525.58,524.285,848,524.77,2025-01-21T20:00:00Z,73387,524.77519
526.02,526.07,525.57,19,525.57,2025-01-21T21:00:00Z,2489,525.917236
529.9,529.92,529.9,2,529.92,2025-01-22T13:00:00Z,600,529.91
531.84,532.195,529.21,581,529.92,2025-01-22T14:00:00Z,80397,530.648382
531.45,532.53,531.0,861,531.89,2025-01-22T15:00:00Z,78461,531.985257
533.36,533.44,531.33,946,531.43,2025-01-22T16:00:00Z,111592,532.759999
532.99,533.8,532.73,861,533.435,2025-01-22T17:00:00Z,82128,533.395131
532.25,533.02,531.85,364,532.98,2025-01-22T18:00:00Z,30575,532.369423
532.48,532.65,531.86,332,532.17,2025-01-22T19:00:00Z,20278,532.165693
531.515,532.53,531.145,1659,532.53,2025-01-22T20:00:00Z,173814,531.765334
531.04,531.66,530.94,31,531.66,2025-01-22T21:00:00Z,6511,531.192017
529.3,529.32,529.3,2,529.32,2025-01-23T13:00:00Z,600,529.31
529.32,529.63,528.51,552,528.94,2025-01-23T14:00:00Z,34552,529.101739
530.055,530.27,528.56,856,529.31,2025-01-23T15:00:00Z,44566,529.426882
530.4,530.85,529.43,806,530.08,2025-01-23T16:00:00Z,46368,530.178648
530.19,530.36,529.355,635,530.36,2025-01-23T17:00:00Z,34196,529.951324
530.7,531.21,530.09,623,530.15,2025-01-23T18:00:00Z,30005,530.746987
530.68,530.74,529.96,726,530.64,2025-01-23T19:00:00Z,30081,530.481281
532.595,532.64,530.41,1171,530.46,2025-01-23T20:00:00Z,102602,531.648131
532.03,532.77,532.03,56,532.65,2025-01-23T21:00:00Z,10573,532.406133
532.06,532.06,532.06,1,532.06,2025-01-24T13:00:00Z,100,532.06
533.42,533.7,531.9,631,532.22,2025-01-24T14:00:00Z,54529,532.742581
531.66,533.51,531.45,507,533.51,2025-01-24T15:00:00Z,35304,532.095778
531.48,532.73,531.25,509,531.81,2025-01-24T16:00:00Z,36713,531.765405
530.43,532.07,530.4,424,531.54,2025-01-24T17:00:00Z,36608,531.360132
528.8,530.77,528.56,894,530.34,2025-01-24T18:00:00Z,48175,529.871983
528.71,529.36,528.175,856,528.91,2025-01-24T19:00:00Z,105524,528.754963
529.62,529.895,528.49,1034,528.695,2025-01-24T20:00:00Z,87330,529.334654
529.48,529.87,529.4,14,529.76,2025-01-24T21:00:00Z,2184,529.538744
512.14,512.22,510.14,19,510.15,2025-01-27T13:00:00Z,2152,511.417619
515.965,516.1,510.56,1956,510.915,2025-01-27T14:00:00Z,220704,514.331659
515.43,517.87,513.48,1473,515.87,2025-01-27T15:00:00Z,93125,515.860655
512.845,515.8,512.46,1113,515.38,2025-01-27T16:00:00Z,65391,513.821971
511.34,514.095,511.285,787,512.84,2025-01-27T17:00:00Z,50776,512.83702
511.5,512.97,511.37,629,511.38,2025-01-27T18:00:00Z,47149,512.05278
511.03,514.08,510.18,1248,511.565,2025-01-27T19:00:00Z,84049,512.325727
514.05,514.18,511.0,1953,511.04,2025-01-27T20:00:00Z,180235,513.294087
515.46,515.48,514.27,12,514.27,2025-01-27T21:00:00Z,2702,515.227982
515.11,515.11,515.11,1,515.11,2025-01-28T13:00:00Z,140,515.11
514.78,515.5,511.8,821,514.51,2025-01-28T14:00:00Z,74660,513.177551
518.91,519.54,515.03,1029,515.03,2025-01-28T15:00:00Z,69844,517.613933
519.27,519.41,517.36,656,518.93,2025-01-28T16:00:00Z,45495,518.402337
521.03,521.44,519.39,763,519.39,2025-01-28T17:00:00Z,42409,520.755507
520.95,521.91,520.54,527,521.08,2025-01-28T18:00:00Z,32672,521.205377
522.74,522.99,520.39,673,520.92,2025-01-28T19:00:00Z,57579,521.901603
521.81,522.92,521.395,1597,522.63,2025-01-28T20:00:00Z,177092,522.162456
521.5,521.57,521.5,7,521.52,2025-01-28T21:00:00Z,1600,521.54
520.55,522.49,520.0,315,522.49,2025-01-29T14:00:00Z,30118,521.049377
520.27,521.6,519.155,368,520.61,2025-01-29T15:00:00Z,31055,520.535653
519.67,520.63,519.35,282,520.16,2025-01-29T16:00:00Z,27696,519.899939
519.76,521.16,519.76,126,520.44,2025-01-29T17:00:00Z,8846,520.524483
519.33,520.295,517.04,429,519.85,2025-01-29T18:00:00Z,37957,518.924996
521.17,521.8,517.4,964,519.01,2025-01-29T19:00:00Z,88728,519.236011
520.625,522.295,519.31,619,521.25,2025-01-29T20:00:00Z,39779,520.728988
521.59,521.59,519.0,11,519.73,2025-01-29T21:00:00Z,3180,520.551384
523.02,523.26,523.02,2,523.26,2025-01-30T13:00:00Z,200,523.14
524.2,526.025,522.52,463,523.775,2025-01-30T14:00:00Z,39605,524.135833
519.4,523.76,519.35,739,523.76,2025-01-30T15:00:00Z,46778,521.61474
522.71,523.09,518.385,658,519.285,2025-01-30T16:00:00Z,55782,520.538229
521.37,522.37,520.31,461,522.37,2025-01-30T17:00:00Z,32072,521.349665
522.65,522.69,520.86,277,521.28,2025-01-30T18:00:00Z,23368,522.018128
523.84,523.975,522.39,221,522.635,2025-01-30T19:00:00Z,13144,523.229643
523.06,524.92,520.78,1435,524.0,2025-01-30T20:00:00Z,140739,523.114582
523.41,524.8,523.41,10,523.85,2025-01-30T21:00:00Z,1525,524.032309
529.21,529.21,526.72,704,526.75,2025-01-31T14:00:00Z,51324,527.798516
530.855,531.3,529.16,1188,529.16,2025-01-31T15:00:00Z,71367,530.281853
530.07,531.5,529.68,847,530.94,2025-01-31T16:00:00Z,55286,530.724212
530.38,530.81,529.21,551,530.08,2025-01-31T17:00:00Z,35279,530.220769
526.46,530.55,525.79,897,530.25,2025-01-31T18:00:00Z,67476,527.623734
524.15,527.05,522.41,1008,526.405,2025-01-31T19:00:00Z,85779,524.335121
522.3,523.83,521.21,1836,523.69,2025-01-31T20:00:00Z,165288,522.391361
513.7,513.7,513.7,2,513.7,2025-02-03T13:00:00Z,390,513.7
513.56,515.49,512.54,982,513.29,2025-02-03T14:00:00Z,81787,513.635644
518.38,519.08,511.1,990,513.15,2025-02-03T15:00:00Z,76643,515.075557
517.67,519.6,516.66,832,518.3,2025-02-03T16:00:00Z,52332,518.579078
518.18,519.14,516.67,696,517.48,2025-02-03T17:00:00Z,43751,517.712217
519.59,519.595,517.0,396,517.86,2025-02-03T18:00:00Z,27760,518.342605
519.885,520.775,519.21,905,519.69,2025-02-03T19:00:00Z,59896,520.221938
517.97,520.465,517.97,1352,520.09,2025-02-03T20:00:00Z,114589,518.86634
521.88,521.9,518.33,3,518.33,2025-02-03T21:00:00Z,500,520.468
521.94,522.28,518.29,723,518.63,2025-02-04T14:00:00Z,44701,520.482145
523.74,524.69,522.12,919,522.12,2025-02-04T15:00:00Z,70645,523.729015
524.23,525.05,523.68,444,524.2,2025-02-04T16:00:00Z,22881,524.367731
523.4,524.25,521.74,608,524.15,2025-02-04T17:00:00Z,33742,522.701878
523.43,523.92,522.17,494,523.42,2025-02-04T18:00:00Z,27055,523.277785
523.78,524.7,523.27,608,523.27,2025-02-04T19:00:00Z,34702,524.17414
524.46,524.95,523.555,1430,523.82,2025-02-04T20:00:00Z,116906,524.514029
522.45,523.23,522.45,4,523.23,2025-02-04T21:00:00Z,660,522.976061
522.095,522.7,521.23,615,521.51,2025-02-05T14:00:00Z,39637,522.104356
522.79,523.08,520.67,684,522.44,2025-02-05T15:00:00Z,34872,521.954826
525.64,525.74,522.25,415,522.74,2025-02-05T16:00:00Z,25257,523.861619
525.43,526.36,525.0,351,525.8,2025-02-05T17:00:00Z,22048,525.825303
525.6,525.75,524.79,263,525.6,2025-02-05T18:00:00Z,16498,525.353595
525.57,526.2,525.49,230,525.65,2025-02-05T19:00:00Z,20236,525.859061
526.83,527.01,525.16,1135,525.6,2025-02-05T20:00:00Z,71815,526.246301
526.87,526.87,526.7,4,526.87,2025-02-05T21:00:00Z,900,526.827778
527.47,528.34,526.46,500,527.4,2025-02-06T14:00:00Z,34772,527.198787
527.2,528.885,526.64,551,527.5,2025-02-06T15:00:00Z,34991,527.832267
527.09,528.16,526.84,253,527.19,2025-02-06T16:00:00Z,15609,527.547873
528.195,528.315,526.73,366,527.07,2025-02-06T17:00:00Z,20583,527.654325
528.3,528.78,527.965,493,528.24,2025-02-06T18:00:00Z,23021,528.399873
526.47,528.48,525.87,446,528.085,2025-02-06T19:00:00Z,23946,527.034667
529.54,529.78,526.39,966,526.67,2025-02-06T20:00:00Z,75653,528.849717
529.05,529.07,527.98,11,529.07,2025-02-06T21:00:00Z,4040,528.859901
530.19,530.19,530.19,1,530.19,2025-02-07T13:00:00Z,100,530.19
530.48,532.0,530.18,317,530.18,2025-02-07T14:00:00Z,36057,531.434107
526.1,530.43,523.705,626,530.43,2025-02-07T15:00:00Z,44510,526.800835
523.88,526.99,523.595,315,525.65,2025-02-07T16:00:00Z,21857,524.954147
524.76,525.04,522.95,250,523.86,2025-02-07T17:00:00Z,15678,524.028966
523.82,526.36,523.82,197,524.6,2025-02-07T18:00:00Z,14246,525.344606
523.805,524.13,522.61,305,523.92,2025-02-07T19:00:00Z,18367,523.252272
522.975,523.73,522.36,1114,523.03,2025-02-07T20:00:00Z,94812,522.996368
522.67,523.2,522.67,18,523.14,2025-02-07T21:00:00Z,3704,523.000209
527.47,527.47,527.47,1,527.47,2025-02-10T13:00:00Z,350,527.47
527.92,528.31,526.78,688,527.28,2025-02-10T14:00:00Z,57622,527.530117
529.7,530.325,527.77,860,527.96,2025-02-10T15:00:00Z,65480,529.492209
529.76,530.065,529.02,527,529.95,2025-02-10T16:00:00Z,31216,529.544658
529.74,529.74,528.535,293,529.66,2025-02-10T17:00:00Z,18210,529.064162
529.96,530.14,529.57,163,529.66,2025-02-10T18:00:00Z,15384,529.796581
529.6,529.99,529.2,361,529.89,2025-02-10T19:00:00Z,25260,529.758334
529.22,529.89,528.95,865,529.43,2025-02-10T20:00:00Z,74554,529.37421
529.04,529.15,528.77,8,529.15,2025-02-10T21:00:00Z,1825,528.961507
527.62,528.16,525.61,447,525.61,2025-02-11T14:00:00Z,30960,527.610052
529.18,529.835,527.45,672,527.45,2025-02-11T15:00:00Z,42272,528.743048
527.99,529.34,527.84,522,529.25,2025-02-11T16:00:00Z,26803,528.94065
527.4,528.02,526.215,354,527.9,2025-02-11T17:00:00Z,21117,527.189908
528.24,528.97,526.91,459,527.3,2025-02-11T18:00:00Z,27435,528.019766
528.81,529.11,528.08,468,528.3,2025-02-11T19:00:00Z,30001,528.524031
527.9,529.15,527.39,1023,529.06,2025-02-11T20:00:00Z,84492,527.96348
528.01,528.05,527.73,9,527.98,2025-02-11T21:00:00Z,1710,527.946875
522.21,522.27,521.61,13,522.22,2025-02-12T13:00:00Z,2560,521.926857
525.2,525.78,521.5,524,521.69,2025-02-12T14:00:00Z,35495,523.996771
526.55,527.2,523.08,835,525.265,2025-02-12T15:00:00Z,45124,525.281611
527.78,527.79,524.73,377,526.5,2025-02-12T16:00:00Z,20533,525.846106
528.72,528.89,527.24,496,527.74,2025-02-12T17:00:00Z,26583,527.920544
528.085,528.6,527.59,284,528.59,2025-02-12T18:00:00Z,14243,528.221621
528.88,529.185,527.43,555,528.02,2025-02-12T19:00:00Z,36774,528.477808
528.29,529.1,527.695,736,528.98,2025-02-12T20:00:00Z,53972,528.342894
528.39,528.39,528.39,1,528.39,2025-02-12T21:00:00Z,400,528.39
531.175,531.81,529.22,411,529.98,2025-02-13T14:00:00Z,32971,530.568334
533.96,534.57,530.685,877,531.22,2025-02-13T15:00:00Z,59443,532.996091
532.34,534.23,531.89,474,533.91,2025-02-13T16:00:00Z,31656,533.345911
532.18,533.13,531.92,427,532.23,2025-02-13T17:00:00Z,25638,532.662456
533.02,533.08,530.67,767,532.07,2025-02-13T18:00:00Z,46551,531.966221
534.58,534.975,532.97,978,533.06,2025-02-13T19:00:00Z,47646,534.015788
535.88,536.2,534.54,1426,534.54,2025-02-13T20:00:00Z,142132,535.562618
535.43,535.63,535.3,18,535.63,2025-02-13T21:00:00Z,2103,535.39775
536.565,536.88,535.73,519,536.29,2025-02-14T14:00:00Z,36198,536.319446
537.42,537.585,535.895,695,536.59,2025-02-14T15:00:00Z,44000,536.821947
536.89,537.58,536.0,305,537.58,2025-02-14T16:00:00Z,24135,536.938556
537.27,537.36,535.78,283,536.8,2025-02-14T17:00:00Z,17296,536.558367
537.96,538.23,536.99,669,537.34,2025-02-14T18:00:00Z,30677,537.648367
537.65,538.4,537.25,368,537.84,2025-02-14T19:00:00Z,33025,537.853652
538.04,538.79,537.39,880,537.495,2025-02-14T20:00:00Z,79596,538.283377
538.52,538.53,538.01,12,538.05,2025-02-14T21:00:00Z,2425,538.366522
540.9,540.9,540.81,2,540.81,2025-02-18T13:00:00Z,600,540.855
538.51,541.06,537.61,378,541.02,2025-02-18T14:00:00Z,20709,538.944704
537.86,538.53,536.695,789,538.24,2025-02-18T15:00:00Z,39586,537.463545
538.45,538.69,537.595,665,537.975,2025-02-18T16:00:00Z,58106,538.183432
538.21,538.4,537.575,237,537.9,2025-02-18T17:00:00Z,14152,538.054897
537.33,538.44,536.87,387,538.2,2025-02-18T18:00:00Z,26647,537.440547
537.84,537.97,536.12,476,537.335,2025-02-18T19:00:00Z,36005,536.827701
539.29,539.29,537.42,1165,537.815,2025-02-18T20:00:00Z,118605,538.394945
538.81,539.49,538.81,34,539.49,2025-02-18T21:00:00Z,7293,539.204716
537.825,538.9,537.41,492,538.55,2025-02-19T14:00:00Z,42312,538.338148
537.5,538.53,536.54,653,537.53,2025-02-19T15:00:00Z,38439,537.532822
539.26,539.35,537.78,478,537.78,2025-02-19T16:00:00Z,42349,538.677138
539.48,539.76,538.685,533,539.35,2025-02-19T17:00:00Z,58463,539.28317
539.19,539.955,538.38,557,539.47,2025-02-19T18:00:00Z,35637,539.411177
540.65,540.76,539.25,475,539.25,2025-02-19T19:00:00Z,36337,540.256298
539.59,540.655,538.545,1173,540.51,2025-02-19T20:00:00Z,100667,539.589767
538.84,539.08,538.84,29,539.07,2025-02-19T21:00:00Z,4238,538.952332
533.94,539.03,533.65,604,538.75,2025-02-20T14:00:00Z,43490,536.719444
533.23,536.125,532.58,982,533.81,2025-02-20T15:00:00Z,81565,534.605247
534.38,535.46,533.64,723,533.64,2025-02-20T16:00:00Z,57924,534.625645
534.7,535.99,534.335,395,534.35,2025-02-20T17:00:00Z,25084,535.38903
535.29,535.48,534.38,353,534.54,2025-02-20T18:00:00Z,25591,534.937088
536.47,536.68,535.07,426,535.23,2025-02-20T19:00:00Z,35881,536.012027
537.14,537.21,535.715,1313,536.545,2025-02-20T20:00:00Z,156628,536.64835
537.03,537.11,536.72,24,537.11,2025-02-20T21:00:00Z,5900,536.99678
539.35,539.72,539.35,3,539.46,2025-02-21T13:00:00Z,700,539.524286
536.24,539.18,535.99,535,539.18,2025-02-21T14:00:00Z,39290,536.951501
533.94,536.535,532.5,1115,535.76,2025-02-21T15:00:00Z,92095,534.596418
533.48,534.485,532.99,594,534.06,2025-02-21T16:00:00Z,70364,533.963602
530.13,533.82,529.95,806,533.53,2025-02-21T17:00:00Z,72725,531.713756
528.31,530.18,528.13,1144,530.17,2025-02-21T18:00:00Z,107342,529.326492
526.28,528.56,525.81,1026,528.3,2025-02-21T19:00:00Z,109715,527.060474
526.125,527.0,525.73,2033,526.49,2025-02-21T20:00:00Z,231911,526.276107
525.76,526.47,525.75,31,526.32,2025-02-21T21:00:00Z,6288,526.178496
528.62,528.62,528.62,3,528.62,2025-02-24T13:00:00Z,260,528.62
523.22,528.88,523.22,765,527.5,2025-02-24T14:00:00Z,69001,526.219735
521.565,523.75,520.26,1382,523.33,2025-02-24T15:00:00Z,123797,521.954213
523.62,524.745,521.37,931,521.565,2025-02-24T16:00:00Z,82485,523.157223
524.24,525.64,523.545,551,523.545,2025-02-24T17:00:00Z,51355,524.574569
524.41,525.56,524.11,318,524.27,2025-02-24T18:00:00Z,23692,524.892362
522.98,525.04,522.75,439,524.41,2025-02-24T19:00:00Z,33902,523.959039
519.82,523.43,519.555,1408,522.935,2025-02-24T20:00:00Z,181785,520.712621
519.91,520.42,519.62,22,519.71,2025-02-24T21:00:00Z,5368,519.946731
515.95,519.29,514.82,1059,519.14,2025-02-25T14:00:00Z,50090,517.286581
512.2,515.56,510.41,3212,515.56,2025-02-25T15:00:00Z,146069,512.538082
513.94,514.5,509.61,1381,512.165,2025-02-25T16:00:00Z,126718,511.624883
515.02,515.125,512.4,926,513.775,2025-02-25T17:00:00Z,68325,513.963112
514.52,516.46,513.76,815,515.06,2025-02-25T18:00:00Z,53705,515.22574
514.56,514.81,512.73,770,514.53,2025-02-25T19:00:00Z,49289,513.885803
513.34,516.01,512.65,1497,514.61,2025-02-25T20:00:00Z,155480,513.914263
514.21,514.21,514.21,1,514.21,2025-02-25T21:00:00Z,300,514.21
517.12,517.26,514.46,739,515.52,2025-02-26T14:00:00Z,68913,515.870243
518.335,518.73,516.23,892,517.065,2025-02-26T15:00:00Z,70225,517.461179
518.25,519.655,518.25,714,518.46,2025-02-26T16:00:00Z,49060,518.839948
515.87,519.55,515.385,588,518.095,2025-02-26T17:00:00Z,43717,517.376891
512.3,516.04,511.86,748,516.04,2025-02-26T18:00:00Z,53947,514.426667
511.94,513.95,511.37,677,511.97,2025-02-26T19:00:00Z,65678,512.555978
514.49,515.2,511.8,1263,511.985,2025-02-26T20:00:00Z,87587,513.895422
515.06,517.34,514.59,45,514.59,2025-02-26T21:00:00Z,8203,515.519663
517.38,518.0,517.38,4,517.66,2025-02-27T13:00:00Z,380,517.68
510.04,519.02,509.8,1479,518.19,2025-02-27T14:00:00Z,139789,516.585552
510.31,513.82,507.41,1769,509.8,2025-02-27T15:00:00Z,148829,510.54357
509.9,513.62,509.83,709,510.26,2025-02-27T16:00:00Z,56956,511.778582
510.66,511.72,508.93,934,510.125,2025-02-27T17:00:00Z,60065,510.481788
511.09,512.57,510.62,693,510.81,2025-02-27T18:00:00Z,42347,511.848153
505.84,510.98,504.95,1332,510.7,2025-02-27T19:00:00Z,90015,506.706971
500.33,505.875,500.07,2911,505.8,2025-02-27T20:00:00Z,304439,501.952179
500.98,501.27,500.28,11,500.28,2025-02-27T21:00:00Z,2422,501.035
499.8,499.8,499.8,7,499.8,2025-02-28T13:00:00Z,1200,499.8
500.24,501.25,496.95,1070,499.86,2025-02-28T14:00:00Z,82082,499.499528
504.21,504.63,499.36,1184,500.16,2025-02-28T15:00:00Z,77382,502.523452
502.75,504.61,500.97,1102,504.44,2025-02-28T16:00:00Z,56429,503.127174
498.86,503.83,498.86,1007,502.73,2025-02-28T17:00:00Z,60670,501.144004
499.04,501.69,497.67,1216,498.79,2025-02-28T18:00:00Z,91385,499.313005
502.87,503.24,499.26,857,499.26,2025-02-28T19:00:00Z,55633,501.433769
508.08,508.77,502.42,2500,503.13,2025-02-28T20:00:00Z,312663,506.999547
511.46,511.46,511.46,1,511.46,2025-03-03T13:00:00Z,100,511.46
506.42,512.91,505.91,905,511.325,2025-03-03T14:00:00Z,50117,509.453634
506.69,509.74,504.55,1336,505.35,2025-03-03T15:00:00Z,75517,507.098528
508.37,509.735,506.11,1165,506.84,2025-03-03T16:00:00Z,79674,507.648643
506.51,509.11,505.86,930,508.15,2025-03-03T17:00:00Z,53344,507.98611
503.97,506.62,501.82,1645,506.355,2025-03-03T18:00:00Z,111998,503.512203
500.685,505.69,500.68,1359,503.8,2025-03-03T19:00:00Z,87193,503.738752
497.35,500.26,493.59,3607,500.26,2025-03-03T20:00:00Z,311836,496.882489
491.54,496.2,491.48,1373,495.13,2025-03-04T14:00:00Z,116135,493.919833
490.7,492.21,487.76,1743,491.16,2025-03-04T15:00:00Z,144529,490.334619
493.09,494.04,488.605,1317,490.555,2025-03-04T16:00:00Z,104311,490.631238
493.795,496.34,492.385,1366,493.175,2025-03-04T17:00:00Z,100042,494.243412
498.03,498.56,493.56,1173,493.93,2025-03-04T18:00:00Z,89610,496.250527
500.955,501.2,498.07,1533,498.08,2025-03-04T19:00:00Z,127550,499.831758
495.49,503.73,493.78,2638,500.975,2025-03-04T20:00:00Z,235394,498.885245
495.63,495.63,495.63,1,495.63,2025-03-04T21:00:00Z,300,495.63
493.94,497.06,492.57,795,495.86,2025-03-05T14:00:00Z,59336,495.070044
495.54,498.04,493.55,848,495.13,2025-03-05T15:00:00Z,70459,495.871046
494.31,495.35,491.41,808,495.35,2025-03-05T16:00:00Z,67658,493.019377
499.86,499.97,494.15,750,494.205,2025-03-05T17:00:00Z,52104,497.259794
500.46,500.51,496.965,1003,499.9,2025-03-05T18:00:00Z,83661,499.119588
502.02,503.22,499.77,1082,500.32,2025-03-05T19:00:00Z,83137,501.782062
502.06,503.59,500.64,1999,501.73,2025-03-05T20:00:00Z,155394,502.274182
500.69,500.69,500.69,1,500.69,2025-03-05T21:00:00Z,100,500.69
493.115,494.385,491.95,823,493.28,2025-03-06T14:00:00Z,62215,493.055128
496.6,498.5,492.345,1253,492.47,2025-03-06T15:00:00Z,106750,496.707565
492.28,498.075,492.23,1170,496.885,2025-03-06T16:00:00Z,82325,495.56644
490.27,492.805,488.4,1286,492.08,2025-03-06T17:00:00Z,82545,490.345684
488.97,491.18,487.33,942,490.505,2025-03-06T18:00:00Z,65062,489.115726
487.24,491.1,486.3,1442,489.0,2025-03-06T19:00:00Z,133538,488.156709
488.35,489.75,487.08,2603,487.28,2025-03-06T20:00:00Z,292198,488.254847
490.15,490.15,490.15,2,490.15,2025-03-06T21:00:00Z,305,490.15
492.77,492.77,492.77,3,492.77,2025-03-07T13:00:00Z,200,492.77
489.82,492.0,487.01,1149,487.165,2025-03-07T14:00:00Z,93782,489.817684
486.86,490.87,483.67,1341,489.72,2025-03-07T15:00:00Z,93748,486.923899
482.14,487.04,480.57,1352,486.39,2025-03-07T16:00:00Z,81292,483.166656
485.38,488.065,480.82,1477,482.285,2025-03-07T17:00:00Z,97944,483.546895
490.4,490.51,485.07,953,485.07,2025-03-07T18:00:00Z,55776,488.424008
490.91,492.95,489.29,1165,490.325,2025-03-07T19:00:00Z,96435,491.228164
491.74,493.145,488.89,1879,490.775,2025-03-07T20:00:00Z,154525,491.709748
473.32,473.32,473.32,1,473.32,2025-03-11T12:00:00Z,500,473.32
474.86,476.63,471.55,995,472.33,2025-03-11T13:00:00Z,84053,474.268905
469.66,476.98,468.6,1721,474.24,2025-03-11T14:00:00Z,137819,472.080054
472.4,475.305,469.18,1592,469.18,2025-03-11T15:00:00Z,148076,473.228786
470.11,472.94,469.325,1493,472.28,2025-03-11T16:00:00Z,126416,471.144623
469.995,470.895,467.09,1565,469.88,2025-03-11T17:00:00Z,98841,468.812902
477.66,478.78,469.9,2070,469.9,2025-03-11T18:00:00Z,166692,475.652057
471.68,478.46,471.65,3292,477.625,2025-03-11T19:00:00Z,258489,474.718051
479.25,479.25,479.25,11,479.25,2025-03-12T12:00:00Z,1070,479.25
477.785,480.9,476.65,1164,479.15,2025-03-12T13:00:00Z,93198,478.98812
473.685,479.51,473.685,1128,477.18,2025-03-12T14:00:00Z,75716,476.38428
477.64,477.64,471.95,1242,474.025,2025-03-12T15:00:00Z,106483,474.81742
477.5,479.87,476.51,1175,477.415,2025-03-12T16:00:00Z,92042,477.993093
475.43,479.67,475.38,944,477.18,2025-03-12T17:00:00Z,54282,478.000884
478.73,479.27,475.18,967,475.18,2025-03-12T18:00:00Z,64973,477.441981
477.1,478.65,475.72,1666,478.65,2025-03-12T19:00:00Z,136256,477.183571
476.68,476.68,476.68,1,476.68,2025-03-12T20:00:00Z,100,476.68
475.59,475.59,475.59,1,475.59,2025-03-13T12:00:00Z,300,475.59
471.31,476.07,470.57,640,475.62,2025-03-13T13:00:00Z,51982,473.516817
472.435,475.79,470.26,1078,470.995,2025-03-13T14:00:00Z,77671,473.08074
469.47,473.8,469.24,642,473.06,2025-03-13T15:00:00Z,42428,471.151664
469.35,471.72,468.2,697,469.55,2025-03-13T16:00:00Z,44005,469.933027
466.945,469.76,466.445,693,469.33,2025-03-13T17:00:00Z,55927,467.320249
471.1,471.44,466.91,923,466.91,2025-03-13T18:00:00Z,76268,469.928104
468.365,471.92,466.8,1443,471.06,2025-03-13T19:00:00Z,153493,468.448898
469.93,469.98,469.93,2,469.98,2025-03-13T20:00:00Z,600,469.955
474.34,474.34,474.15,11,474.15,2025-03-14T12:00:00Z,1489,474.190169
475.64,477.45,473.61,824,473.93,2025-03-14T13:00:00Z,80557,476.174377
477.055,477.11,473.31,1059,475.25,2025-03-14T14:00:00Z,66403,474.973416
478.79,479.47,477.01,756,477.31,2025-03-14T15:00:00Z,57943,478.151195
479.29,479.58,477.21,467,478.875,2025-03-14T16:00:00Z,45745,478.362991
477.76,479.61,477.59,354,478.98,2025-03-14T17:00:00Z,24858,478.597251
478.85,479.5,477.36,541,477.82,2025-03-14T18:00:00Z,46675,478.504586
479.67,480.55,478.3,1509,478.85,2025-03-14T19:00:00Z,205069,479.783086
478.59,479.26,478.29,27,479.26,2025-03-14T20:00:00Z,6884,478.722545
481.79,483.12,479.22,901,479.38,2025-03-17T13:00:00Z,74419,482.000541
479.19,482.305,479.01,350,481.615,2025-03-17T14:00:00Z,26231,480.240057
479.02,480.21,477.97,378,479.18,2025-03-17T15:00:00Z,22341,479.003522
479.51,480.475,478.64,221,478.96,2025-03-17T16:00:00Z,16560,479.488833
482.36,482.7,479.48,400,479.48,2025-03-17T17:00:00Z,28127,481.422174
485.34,485.79,482.35,861,483.0,2025-03-17T18:00:00Z,72105,483.884105
482.71,485.51,482.64,1515,485.335,2025-03-17T19:00:00Z,234086,483.522731
474.12,479.23,473.65,861,479.205,2025-03-18T13:00:00Z,73129,476.064275
474.375,475.37,473.22,1015,474.03,2025-03-18T14:00:00Z,75645,474.399625
473.49,474.61,472.41,767,474.18,2025-03-18T15:00:00Z,63774,473.917798
475.64,475.94,473.605,720,473.64,2025-03-18T16:00:00Z,52124,474.815189
474.72,475.73,473.82,729,475.21,2025-03-18T17:00:00Z,58553,475.099169
475.81,476.56,473.71,673,474.975,2025-03-18T18:00:00Z,50906,475.043811
474.585,475.9,473.72,1519,475.685,2025-03-18T19:00:00Z,153849,474.748342
477.7,478.05,474.96,584,476.8,2025-03-19T13:00:00Z,46910,476.609847
477.435,479.4,476.965,570,478.04,2025-03-19T14:00:00Z,41462,478.392771
479.84,480.305,477.09,401,477.09,2025-03-19T15:00:00Z,27251,479.369597
478.86,480.27,478.475,421,480.06,2025-03-19T16:00:00Z,30869,479.236934
477.4,479.11,476.985,740,478.835,2025-03-19T17:00:00Z,53078,477.672477
482.44,482.58,476.665,1172,477.01,2025-03-19T18:00:00Z,113965,479.934984
480.83,485.33,480.415,1652,482.41,2025-03-19T19:00:00Z,194060,481.959999
481.28,481.28,481.28,1,481.28,2025-03-19T20:00:00Z,300,481.28
480.56,480.56,476.28,640,476.88,2025-03-20T13:00:00Z,70075,479.012222
483.075,484.51,480.34,1230,480.36,2025-03-20T14:00:00Z,91016,482.850198
481.82,483.35,481.54,790,483.05,2025-03-20T15:00:00Z,52440,482.655805
479.06,482.61,478.845,696,481.65,2025-03-20T16:00:00Z,46935,480.407695
478.49,480.67,478.1,855,479.295,2025-03-20T17:00:00Z,46454,479.332665
477.75,479.65,477.27,1043,478.53,2025-03-20T18:00:00Z,85959,478.520447
479.31,480.16,477.725,1477,477.725,2025-03-20T19:00:00Z,99962,479.115694
479.65,479.65,479.65,1,479.65,2025-03-20T20:00:00Z,300,479.65
475.69,475.95,472.95,708,474.05,2025-03-21T13:00:00Z,50724,474.620294
477.35,477.35,474.33,946,475.26,2025-03-21T14:00:00Z,103587,475.734242
475.38,477.66,474.72,606,477.54,2025-03-21T15:00:00Z,42998,476.337152
479.61,479.71,474.65,685,475.255,2025-03-21T16:00:00Z,57039,477.292908
478.8,479.82,477.53,615,479.57,2025-03-21T17:00:00Z,59314,478.812365
478.815,479.47,478.37,325,479.03,2025-03-21T18:00:00Z,19588,478.897577
481.18,481.595,477.73,1207,478.58,2025-03-21T19:00:00Z,95352,479.985593
481.23,481.64,480.81,44,480.93,2025-03-21T20:00:00Z,14743,481.022489
488.15,488.21,488.02,10,488.21,2025-03-24T12:00:00Z,1545,488.129592
489.18,489.72,487.17,1098,488.17,2025-03-24T13:00:00Z,84856,488.398713
489.82,490.18,488.15,667,489.24,2025-03-24T14:00:00Z,48869,489.424082
490.1,490.505,489.51,604,489.88,2025-03-24T15:00:00Z,58401,489.93821
489.63,490.72,489.35,507,490.055,2025-03-24T16:00:00Z,43089,490.13928
489.73,489.98,489.08,503,489.78,2025-03-24T17:00:00Z,36625,489.639288
490.38,490.44,489.09,818,489.72,2025-03-24T18:00:00Z,61875,489.91993
490.49,491.415,490.28,1595,490.38,2025-03-24T19:00:00Z,286087,490.747086
490.44,490.7,490.29,54,490.59,2025-03-24T20:00:00Z,13646,490.496914
491.57,492.05,490.47,594,491.67,2025-03-25T13:00:00Z,40223,491.337955
493.165,493.475,490.67,1014,491.69,2025-03-25T14:00:00Z,54520,492.492746
492.385,493.54,492.15,551,493.18,2025-03-25T15:00:00Z,49821,492.94372
492.4,492.78,491.78,432,492.43,2025-03-25T16:00:00Z,23232,492.379758
491.67,493.235,491.48,542,492.58,2025-03-25T17:00:00Z,37150,492.423554
492.05,492.67,491.46,384,491.64,2025-03-25T18:00:00Z,37909,491.937327
493.53,493.54,491.92,1026,491.92,2025-03-25T19:00:00Z,89828,492.96377
494.08,494.21,493.57,43,493.57,2025-03-25T20:00:00Z,7655,493.928883
489.35,493.11,489.19,858,492.39,2025-03-26T13:00:00Z,105006,492.331534
488.875,490.22,487.29,1573,489.26,2025-03-26T14:00:00Z,109675,489.024417
486.38,489.46,486.0,1078,488.76,2025-03-26T15:00:00Z,69127,488.266644
485.0,486.975,484.8,710,486.28,2025-03-26T16:00:00Z,51559,486.133389
483.75,485.5,483.6,624,485.11,2025-03-26T17:00:00Z,61069,484.272408
483.0,485.27,482.96,728,483.75,2025-03-26T18:00:00Z,59793,484.307975
484.54,484.84,482.85,1331,483.18,2025-03-26T19:00:00Z,124239,484.162079
483.8,484.58,483.8,16,484.43,2025-03-26T20:00:00Z,3501,484.355143
483.4,483.4,483.4,1,483.4,2025-03-27T12:00:00Z,300,483.4
483.57,483.76,480.29,797,482.7,2025-03-27T13:00:00Z,68192,481.904596
486.33,486.525,482.43,954,484.03,2025-03-27T14:00:00Z,97503,484.743539
482.98,486.425,482.89,751,486.275,2025-03-27T15:00:00Z,59846,484.633507
482.07,485.37,482.04,442,482.98,2025-03-27T16:00:00Z,48656,483.66081
482.15,483.38,481.845,367,482.095,2025-03-27T17:00:00Z,31562,482.595564
482.85,484.31,482.04,289,482.04,2025-03-27T18:00:00Z,27360,483.466226
481.51,484.89,481.22,1232,482.74,2025-03-27T19:00:00Z,93488,482.568875
482.02,482.02,481.6,17,481.86,2025-03-27T20:00:00Z,5000,481.755434
478.46,480.43,478.18,688,479.41,2025-03-28T13:00:00Z,62092,479.264432
472.41,478.59,471.91,1302,478.47,2025-03-28T14:00:00Z,137589,473.943631
471.015,473.06,470.98,760,472.365,2025-03-28T15:00:00Z,65737,472.005378
469.76,471.88,469.62,591,471.215,2025-03-28T16:00:00Z,77903,470.349846
469.37,469.87,468.51,672,469.71,2025-03-28T17:00:00Z,68665,469.160382
469.45,470.36,468.66,866,469.55,2025-03-28T18:00:00Z,76395,469.319032
468.96,470.0,468.06,1981,469.38,2025-03-28T19:00:00Z,183068,468.946456
466.98,468.83,466.98,83,468.68,2025-03-28T20:00:00Z,19540,468.005039
463.16,463.16,463.16,2,463.16,2025-03-31T12:00:00Z,197,463.16
460.15,463.24,457.355,1741,463.18,2025-03-31T13:00:00Z,170113,459.426729
461.27,461.9,459.27,1314,459.96,2025-03-31T14:00:00Z,95538,460.971219
463.235,464.25,460.755,1256,461.33,2025-03-31T15:00:00Z,104404,462.3098
463.22,464.77,462.2,687,463.5,2025-03-31T16:00:00Z,48182,463.599996
463.325,465.23,463.03,527,463.28,2025-03-31T17:00:00Z,39113,463.742242
466.4,467.88,463.25,1232,463.32,2025-03-31T18:00:00Z,110729,466.506441
468.92,469.85,466.63,2080,466.63,2025-03-31T19:00:00Z,260802,468.58137
468.01,468.2,468.01,2,468.2,2025-03-31T20:00:00Z,600,468.105
467.8,469.25,466.34,727,467.71,2025-04-01T13:00:00Z,52344,467.946112
470.58,470.58,464.43,1395,467.79,2025-04-01T14:00:00Z,107111,467.115275
472.01,472.67,470.36,814,470.46,2025-04-01T15:00:00Z,67122,471.533603
472.11,473.53,470.13,746,472.225,2025-04-01T16:00:00Z,64314,471.806311
470.31,472.03,470.31,651,471.9,2025-04-01T17:00:00Z,56600,470.951965
468.71,470.47,467.44,896,470.47,2025-04-01T18:00:00Z,78063,468.481769
472.62,473.14,468.68,1212,468.76,2025-04-01T19:00:00Z,104856,471.230997
472.01,472.79,472.01,20,472.63,2025-04-01T20:00:00Z,4146,472.560955
467.8,467.8,467.8,3,467.8,2025-04-02T12:00:00Z,250,467.8
470.95,472.12,465.91,1076,466.3,2025-04-02T13:00:00Z,129317,469.39072
473.35,473.48,470.23,989,470.73,2025-04-02T14:00:00Z,86318,471.774736
474.13,475.28,472.21,833,473.06,2025-04-02T15:00:00Z,72239,474.03843
477.8,478.04,474.1,968,474.135,2025-04-02T16:00:00Z,78798,476.513064
476.02,479.5,475.49,846,477.75,2025-04-02T17:00:00Z,85176,477.901072
472.785,476.45,472.75,819,475.84,2025-04-02T18:00:00Z,71408,474.608256
476.12,477.18,473.06,1314,473.06,2025-04-02T19:00:00Z,137977,475.716399
468.0,482.75,467.5,24,476.2,2025-04-02T20:00:00Z,2803,478.984503
457.9,459.3,457.9,5,459.3,2025-04-03T12:00:00Z,1250,458.663636
458.045,460.015,456.15,1568,456.41,2025-04-03T13:00:00Z,161540,458.053219
452.67,457.99,452.58,1691,457.94,2025-04-03T14:00:00Z,159708,455.338329
455.54,456.72,451.62,1546,453.0,2025-04-03T15:00:00Z,131475,454.532234
455.3,457.89,454.98,1320,455.745,2025-04-03T16:00:00Z,128366,456.299939
453.79,456.24,453.79,814,455.28,2025-04-03T17:00:00Z,79423,454.875205
454.615,454.95,452.41,1025,453.75,2025-04-03T18:00:00Z,110119,453.633366
450.7,454.88,450.16,2869,454.21,2025-04-03T19:00:00Z,357021,451.311274
449.3,451.1,449.3,4,450.66,2025-04-03T20:00:00Z,600,450.62
438.67,439.66,436.73,10,436.73,2025-04-04T12:00:00Z,1300,439.060577
439.11,440.59,434.5,1568,440.59,2025-04-04T13:00:00Z,185468,437.54966
431.01,439.08,426.17,1864,439.08,2025-04-04T14:00:00Z,210962,432.560018
431.45,437.85,430.69,1601,430.89,2025-04-04T15:00:00Z,162314,434.483646
428.505,433.77,427.52,1183,431.75,2025-04-04T16:00:00Z,129621,429.330455
431.2,431.21,425.345,1717,428.4,2025-04-04T17:00:00Z,214551,429.028595
425.33,432.265,423.64,1610,431.275,2025-04-04T18:00:00Z,149224,426.635524
423.48,431.29,423.16,3444,425.37,2025-04-04T19:00:00Z,408430,426.109906
414.11,414.11,411.18,7,411.18,2025-04-07T12:00:00Z,1240,413.1
416.695,417.43,402.51,2001,413.68,2025-04-07T13:00:00Z,180781,408.717337
426.63,443.13,414.49,5800,416.79,2025-04-07T14:00:00Z,818207,426.732016
420.07,429.5,414.21,1951,426.545,2025-04-07T15:00:00Z,206902,420.667128
416.57,422.35,415.76,1078,419.35,2025-04-07T16:00:00Z,93960,418.395255
429.395,429.43,416.715,998,416.84,2025-04-07T17:00:00Z,85289,424.304867
423.0,429.97,422.54,784,429.06,2025-04-07T18:00:00Z,69019,426.694646
423.79,425.98,420.29,1762,422.97,2025-04-07T19:00:00Z,228962,423.077871
434.36,434.36,434.36,3,434.36,2025-04-08T12:00:00Z,300,434.36
440.61,440.91,436.12,1335,437.21,2025-04-08T13:00:00Z,157448,438.471644
437.42,442.93,437.42,1314,440.445,2025-04-08T14:00:00Z,143606,441.000073
435.98,438.79,433.56,989,437.28,2025-04-08T15:00:00Z,140088,436.059549
426.78,436.13,426.36,1297,435.31,2025-04-08T16:00:00Z,174659,430.880925
426.58,428.71,422.38,1224,426.72,2025-04-08T17:00:00Z,141060,425.143294
421.29,426.89,421.12,931,426.34,2025-04-08T18:00:00Z,96377,423.725682
416.36,421.5,409.815,3600,421.5,2025-04-08T19:00:00Z,508277,414.599313
415.87,415.87,415.87,1,415.87,2025-04-08T20:00:00Z,300,415.87
414.01,414.01,409.35,16,410.49,2025-04-09T12:00:00Z,3450,411.978361
421.62,423.97,415.38,1213,416.78,2025-04-09T13:00:00Z,142557,419.74249
415.84,424.51,415.84,1780,421.71,2025-04-09T14:00:00Z,193522,420.764933
418.19,421.425,415.66,924,415.86,2025-04-09T15:00:00Z,92530,418.907062
423.32,424.41,417.46,602,417.95,2025-04-09T16:00:00Z,62005,421.706994
454.585,456.02,420.695,4197,423.69,2025-04-09T17:00:00Z,501943,441.052654
453.57,461.285,452.65,2273,456.48,2025-04-09T18:00:00Z,227549,456.803288
464.74,467.79,451.88,3186,452.56,2025-04-09T19:00:00Z,434226,463.296617
467.05,467.05,465.08,10,465.08,2025-04-09T20:00:00Z,631,466.078333
452.59,456.6,452.59,2,456.6,2025-04-10T12:00:00Z,276,454.042899
450.54,455.465,450.54,1058,454.51,2025-04-10T13:00:00Z,138148,452.857952
448.65,453.66,448.49,1974,451.19,2025-04-10T14:00:00Z,211686,451.023842
441.39,450.89,440.87,1305,448.51,2025-04-10T15:00:00Z,199631,446.218068
441.99,442.42,432.72,1699,441.28,2025-04-10T16:00:00Z,262043,439.096028
445.665,446.9,435.85,1789,441.78,2025-04-10T17:00:00Z,309885,441.741595
447.94,450.725,442.0,2079,445.69,2025-04-10T18:00:00Z,305750,447.063765
446.23,450.275,440.46,1875,447.4,2025-04-10T19:00:00Z,219036,445.430109
447.75,447.95,447.75,2,447.95,2025-04-10T20:00:00Z,1100,447.822727
448.52,450.28,443.34,698,445.51,2025-04-11T13:00:00Z,55653,446.944309
444.96,449.68,441.57,1010,447.8,2025-04-11T14:00:00Z,80793,445.580777
447.91,448.26,442.825,677,445.78,2025-04-11T15:00:00Z,29565,445.077306
452.43,453.61,447.54,841,448.31,2025-04-11T16:00:00Z,63703,450.815683
454.39,455.61,449.27,1069,452.83,2025-04-11T17:00:00Z,87617,452.763258
452.71,454.65,452.03,600,454.56,2025-04-11T18:00:00Z,26186,453.668458
454.27,455.47,452.55,1816,452.55,2025-04-11T19:00:00Z,192089,454.435468
454.17,454.2,454.17,5,454.2,2025-04-11T20:00:00Z,1000,454.181
460.08,464.77,458.77,907,464.59,2025-04-14T13:00:00Z,95053,461.694866
462.26,463.45,459.74,614,460.045,2025-04-14T14:00:00Z,52996,461.816881
455.2,462.255,454.185,836,462.255,2025-04-14T15:00:00Z,78592,458.460274
455.41,456.26,452.75,482,454.64,2025-04-14T16:00:00Z,40792,455.198989
457.61,457.61,453.69,581,453.69,2025-04-14T17:00:00Z,55072,455.638967
459.41,459.87,457.46,441,457.485,2025-04-14T18:00:00Z,39296,458.79547
457.27,461.11,456.94,1238,459.58,2025-04-14T19:00:00Z,106306,458.87699
454.02,454.02,454.0,33,454.01,2025-04-14T20:00:00Z,19201,454.007215
460.675,461.71,458.25,556,458.25,2025-04-15T13:00:00Z,48786,460.316215
459.38,462.35,457.45,889,460.79,2025-04-15T14:00:00Z,65076,459.588358
460.02,461.17,458.66,433,460.04,2025-04-15T15:00:00Z,29307,459.675704
458.25,460.94,457.64,340,460.09,2025-04-15T16:00:00Z,26403,459.517797
457.8,459.02,456.96,437,458.075,2025-04-15T17:00:00Z,28009,457.879617
458.34,458.63,456.34,317,458.08,2025-04-15T18:00:00Z,17761,457.591206
458.12,458.925,457.08,587,458.28,2025-04-15T19:00:00Z,51684,458.062983
447.74,451.21,447.74,691,448.91,2025-04-16T13:00:00Z,65558,449.412035
450.09,450.96,447.46,1060,447.48,2025-04-16T14:00:00Z,79100,449.280521
448.97,452.51,448.85,1066,450.045,2025-04-16T15:00:00Z,102210,450.75927
448.47,449.68,448.22,630,449.2,2025-04-16T16:00:00Z,42055,448.944581
442.04,449.18,441.97,1153,447.97,2025-04-16T17:00:00Z,125899,445.073464
440.08,444.24,440.0,1525,442.02,2025-04-16T18:00:00Z,121863,442.092725
444.32,444.5,437.76,3079,440.065,2025-04-16T19:00:00Z,381479,440.789252
444.16,444.17,444.16,2,444.17,2025-04-16T20:00:00Z,600,444.165
446.43,447.27,444.2,535,447.18,2025-04-17T13:00:00Z,56851,445.745551
442.4,446.67,441.36,1315,446.35,2025-04-17T14:00:00Z,116633,443.659831
443.3,445.73,442.29,1143,442.39,2025-04-17T15:00:00Z,103090,444.082144
446.07,446.57,442.82,1050,443.185,2025-04-17T16:00:00Z,84960,445.040002
445.98,446.73,443.96,821,446.13,2025-04-17T17:00:00Z,60653,445.391999
445.2,447.73,445.2,990,445.97,2025-04-17T18:00:00Z,65398,446.695854
444.03,445.38,443.08,1736,445.19,2025-04-17T19:00:00Z,199906,444.32757
444.76,444.76,444.39,2,444.39,2025-04-17T20:00:00Z,418,444.49445
435.2,439.055,435.15,741,437.55,2025-04-21T13:00:00Z,60512,437.814633
433.45,434.925,432.74,854,434.865,2025-04-21T14:00:00Z,84185,433.505158
430.185,433.85,430.065,544,433.57,2025-04-21T15:00:00Z,53401,431.483087
430.09,432.04,430.08,841,430.38,2025-04-21T16:00:00Z,78358,431.042461
428.03,430.425,428.0,530,430.22,2025-04-21T17:00:00Z,43059,429.028227
428.16,429.79,427.98,828,428.33,2025-04-21T18:00:00Z,80496,428.741882
433.16,433.94,428.115,1976,428.115,2025-04-21T19:00:00Z,197851,431.793128
433.13,433.23,433.13,3,433.23,2025-04-21T20:00:00Z,900,433.17
441.16,441.29,437.76,1274,438.95,2025-04-22T13:00:00Z,126932,439.780691
443.48,443.675,441.12,1158,441.42,2025-04-22T14:00:00Z,109386,442.116027
444.42,444.57,442.18,1211,443.37,2025-04-22T15:00:00Z,117603,443.574721
446.055,447.44,444.56,1270,444.56,2025-04-22T16:00:00Z,126063,446.197441
440.61,447.02,440.365,1134,446.05,2025-04-22T17:00:00Z,136429,442.55583
444.47,444.8,440.54,1098,440.57,2025-04-22T18:00:00Z,107768,443.283899
444.35,444.99,441.085,1958,444.42,2025-04-22T19:00:00Z,241066,443.554118
458.37,458.37,458.34,2,458.34,2025-04-23T12:00:00Z,486,458.351481
460.94,462.22,457.44,1274,457.87,2025-04-23T13:00:00Z,123077,459.87222
460.88,463.2,458.89,1023,461.405,2025-04-23T14:00:00Z,152472,461.994737
456.4,461.78,454.99,806,460.925,2025-04-23T15:00:00Z,77973,458.16816
457.505,457.74,453.535,606,456.4,2025-04-23T16:00:00Z,51911,455.762983
457.63,458.55,455.71,276,456.29,2025-04-23T17:00:00Z,19475,457.503807
456.8,458.31,455.93,238,457.53,2025-04-23T18:00:00Z,26385,457.869786
454.23,456.725,452.94,1098,456.28,2025-04-23T19:00:00Z,118958,454.782066
456.87,456.87,455.83,2,455.83,2025-04-23T20:00:00Z,200,456.35
455.73,456.15,455.56,6,455.56,2025-04-24T12:00:00Z,2650,455.8404
460.85,460.925,455.94,922,456.48,2025-04-24T13:00:00Z,84377,458.183239
462.825,463.8,460.74,1494,460.74,2025-04-24T14:00:00Z,141347,462.125822
463.36,464.6,462.44,718,462.86,2025-04-24T15:00:00Z,54526,463.55052
465.78,466.18,462.88,827,463.46,2025-04-24T16:00:00Z,84339,464.765831
465.75,466.05,464.47,508,465.78,2025-04-24T17:00:00Z,44063,465.323763
466.57,467.32,465.77,614,465.8,2025-04-24T18:00:00Z,57620,466.498349
467.24,467.63,464.82,1663,466.44,2025-04-24T19:00:00Z,206737,466.722703
468.5,468.98,467.4,6,467.4,2025-04-24T20:00:00Z,1700,468.334118
466.09,468.465,465.45,810,466.15,2025-04-25T13:00:00Z,89316,467.002477
467.7,469.36,465.46,1195,466.85,2025-04-25T14:00:00Z,110165,467.653247
468.59,469.06,467.3,476,467.77,2025-04-25T15:00:00Z,32974,468.316659
470.94,470.985,468.185,488,468.51,2025-04-25T16:00:00Z,43861,469.507431
469.98,473.02,468.77,1436,470.96,2025-04-25T17:00:00Z,133309,471.222145
471.8,472.43,469.72,804,469.99,2025-04-25T18:00:00Z,78094,471.342587
472.485,472.875,470.52,1788,471.74,2025-04-25T19:00:00Z,183815,472.082456
473.1,473.23,472.62,6,473.1,2025-04-25T20:00:00Z,1600,472.979375
470.97,474.78,470.75,841,473.04,2025-04-28T13:00:00Z,106806,473.210613
470.99,472.72,470.29,771,471.085,2025-04-28T14:00:00Z,59860,471.74989
468.125,471.77,467.28,840,471.38,2025-04-28T15:00:00Z,74473,469.417745
467.42,468.34,466.22,719,468.165,2025-04-28T16:00:00Z,59183,467.39085
468.72,468.92,466.19,774,467.42,2025-04-28T17:00:00Z,58435,467.022919
470.17,470.39,468.49,589,468.78,2025-04-28T18:00:00Z,48550,469.320452
472.48,473.71,470.09,1480,470.16,2025-04-28T19:00:00Z,154767,472.338018
471.35,472.27,471.35,14,472.27,2025-04-28T20:00:00Z,3241,471.743134
472.03,472.88,469.23,574,469.56,2025-04-29T13:00:00Z,52244,471.278359
474.105,474.44,471.2,774,471.71,2025-04-29T14:00:00Z,60296,473.0273
472.88,474.595,472.01,542,474.315,2025-04-29T15:00:00Z,41824,473.677422
471.94,474.42,471.42,542,472.96,2025-04-29T16:00:00Z,42155,473.353432
475.63,475.91,471.715,639,471.89,2025-04-29T17:00:00Z,53381,474.268937
475.41,476.39,475.26,770,475.71,2025-04-29T18:00:00Z,68510,475.939061
475.38,476.235,474.68,1003,475.37,2025-04-29T19:00:00Z,80378,475.636371
474.26,475.81,474.26,9,475.81,2025-04-29T20:00:00Z,1900,474.952632
462.82,467.19,462.52,425,466.09,2025-04-30T13:00:00Z,37845,464.330575
468.36,468.5,462.47,935,462.63,2025-04-30T14:00:00Z,83696,466.018348
469.71,470.83,467.94,484,468.03,2025-04-30T15:00:00Z,46335,469.282294
470.41,471.29,468.64,362,470.7,2025-04-30T16:00:00Z,36333,470.323002
471.51,472.18,468.02,332,470.71,2025-04-30T17:00:00Z,29698,470.399604
471.6,473.85,470.81,496,471.31,2025-04-30T18:00:00Z,56702,471.873265
475.23,477.06,471.21,1143,471.765,2025-04-30T19:00:00Z,128787,474.632961
480.91,480.91,475.14,44,475.14,2025-04-30T20:00:00Z,14449,477.685198
481.07,483.885,480.85,780,483.39,2025-05-01T13:00:00Z,77192,482.617775
485.88,485.905,481.27,1008,481.57,2025-05-01T14:00:00Z,79657,483.468152
483.18,487.11,482.6,908,485.96,2025-05-01T15:00:00Z,75984,485.668941
482.77,484.12,482.17,472,483.3,2025-05-01T16:00:00Z,25784,483.204641
483.82,484.815,482.8,514,482.8,2025-05-01T17:00:00Z,55322,484.314603
484.47,485.28,483.675,369,483.675,2025-05-01T18:00:00Z,23833,484.695769
481.16,484.69,480.75,1286,484.245,2025-05-01T19:00:00Z,135681,481.975028
479.14,479.65,479.14,18,479.17,2025-05-01T20:00:00Z,2099,479.295745
486.62,486.62,484.3,9,484.3,2025-05-02T12:00:00Z,730,486.04
486.09,487.6,484.86,748,486.62,2025-05-02T13:00:00Z,74634,486.304916
488.29,488.62,485.95,928,486.075,2025-05-02T14:00:00Z,77855,487.524423
489.0,489.21,487.43,546,488.345,2025-05-02T15:00:00Z,40727,488.344677
490.035,490.65,488.95,712,488.95,2025-05-02T16:00:00Z,68170,490.083841
489.67,490.37,489.0,462,489.98,2025-05-02T17:00:00Z,37940,489.583671
489.56,490.905,489.12,674,489.7,2025-05-02T18:00:00Z,49523,490.151983
488.865,489.96,487.97,1533,489.53,2025-05-02T19:00:00Z,187637,488.988862
489.23,489.37,489.23,3,489.23,2025-05-02T20:00:00Z,900,489.276667
484.54,484.54,484.54,1,484.54,2025-05-05T12:00:00Z,100,484.54
485.83,486.12,484.1,771,484.665,2025-05-05T13:00:00Z,61116,485.314922
486.95,487.15,484.71,995,485.89,2025-05-05T14:00:00Z,72239,486.149241
486.67,487.37,486.0,331,486.865,2025-05-05T15:00:00Z,31018,486.713745
487.61,487.91,486.725,342,486.9,2025-05-05T16:00:00Z,21623,487.35536
487.95,488.14,486.98,378,487.68,2025-05-05T17:00:00Z,30087,487.616051
488.06,488.91,487.895,303,487.91,2025-05-05T18:00:00Z,29462,488.405236
485.95,488.09,485.6,1049,488.05,2025-05-05T19:00:00Z,91104,486.409633
485.28,485.93,484.57,20,485.93,2025-05-05T20:00:00Z,4117,485.237543
478.65,481.18,478.53,558,480.67,2025-05-06T13:00:00Z,57809,480.108802
482.21,482.9,478.25,635,478.66,2025-05-06T14:00:00Z,60876,481.481241
481.91,483.25,481.85,386,482.22,2025-05-06T15:00:00Z,30900,482.611699
481.13,484.8,481.13,541,482.04,2025-05-06T16:00:00Z,50292,482.853828
480.88,482.26,480.62,184,481.3,2025-05-06T17:00:00Z,14010,481.376054
483.27,483.28,480.78,451,480.78,2025-05-06T18:00:00Z,59213,482.328678
481.34,483.74,481.34,1015,483.305,2025-05-06T19:00:00Z,108407,482.286731
480.73,481.57,480.73,8,481.04,2025-05-06T20:00:00Z,1823,481.213315
482.98,482.98,482.98,7,482.98,2025-05-07T12:00:00Z,465,482.98
482.96,483.16,481.28,691,482.44,2025-05-07T13:00:00Z,53747,482.161814
480.76,483.99,480.46,732,482.66,2025-05-07T14:00:00Z,54452,482.078469
480.83,481.05,479.45,974,480.74,2025-05-07T15:00:00Z,58610,480.233141
482.04,482.075,479.98,509,480.7,2025-05-07T16:00:00Z,27863,480.873736
480.0,482.54,479.87,524,481.98,2025-05-07T17:00:00Z,31265,481.252509
481.74,482.135,476.95,1324,480.86,2025-05-07T18:00:00Z,93970,479.422708
483.29,485.66,478.91,1727,481.36,2025-05-07T19:00:00Z,143976,482.693513
483.32,484.24,483.32,4,484.24,2025-05-07T20:00:00Z,466,484.01
488.85,488.85,488.1,6,488.47,2025-05-08T12:00:00Z,520,488.5675
486.78,488.79,486.075,733,488.79,2025-05-08T13:00:00Z,56540,487.420716
485.06,487.56,484.28,1496,486.78,2025-05-08T14:00:00Z,96821,486.024187
491.12,492.15,484.57,1368,484.92,2025-05-08T15:00:00Z,143053,489.940568
492.475,492.7,491.06,1051,491.21,2025-05-08T16:00:00Z,138332,491.95543
490.7,492.475,490.6,545,492.475,2025-05-08T17:00:00Z,46294,491.612512
491.5,492.22,490.27,660,490.5,2025-05-08T18:00:00Z,53257,491.606787
488.16,492.54,488.01,1559,491.03,2025-05-08T19:00:00Z,144602,489.693126
488.21,488.77,488.04,25,488.61,2025-05-08T20:00:00Z,5457,488.534782
490.25,490.51,490.25,8,490.51,2025-05-09T12:00:00Z,1145,490.471277
490.89,491.52,489.86,561,490.29,2025-05-09T13:00:00Z,48083,490.588757
488.14,491.38,486.255,1023,490.73,2025-05-09T14:00:00Z,76947,488.587913
488.78,488.95,487.3,658,487.95,2025-05-09T15:00:00Z,45472,488.235028
486.87,488.94,486.65,479,488.94,2025-05-09T16:00:00Z,25596,487.539172
488.5,488.6,486.47,767,486.94,2025-05-09T17:00:00Z,55019,487.409753
488.18,488.6,487.43,561,488.54,2025-05-09T18:00:00Z,35243,488.041779
488.01,489.12,487.87,1313,488.225,2025-05-09T19:00:00Z,106423,488.337401
487.72,488.32,487.72,12,487.81,2025-05-09T20:00:00Z,2666,488.054615
507.98,507.98,507.03,3,507.03,2025-05-12T12:00:00Z,510,507.663333
503.66,507.21,502.94,1279,506.97,2025-05-12T13:00:00Z,133364,504.547322
503.41,505.27,501.56,1455,503.94,2025-05-12T14:00:00Z,95900,503.650513
503.29,504.25,503.06,1175,503.39,2025-05-12T15:00:00Z,72536,503.638739
506.07,506.13,503.22,745,503.24,2025-05-12T16:00:00Z,38223,505.037427
506.84,507.3,505.905,704,506.08,2025-05-12T17:00:00Z,45931,506.528726
506.5,507.48,506.43,536,506.88,2025-05-12T18:00:00Z,35805,506.986336
507.8,507.88,505.615,2162,506.465,2025-05-12T19:00:00Z,188279,506.866497
507.99,508.75,507.55,37,508.46,2025-05-12T20:00:00Z,6195,508.074287
508.58,509.87,508.58,13,509.44,2025-05-13T12:00:00Z,921,509.42
512.095,512.21,508.54,1045,509.11,2025-05-13T13:00:00Z,91495,510.384593
515.07,515.27,511.96,1751,512.08,2025-05-13T14:00:00Z,142429,513.694145
515.88,516.32,514.68,1226,514.955,2025-05-13T15:00:00Z,92366,515.577596
516.765,517.13,515.2,1031,515.91,2025-05-13T16:00:00Z,78916,516.328368
516.16,517.37,516.16,1245,516.85,2025-05-13T17:00:00Z,92466,516.750601
516.86,516.9,515.8,796,516.13,2025-05-13T18:00:00Z,46078,516.225108
515.53,517.28,515.37,1630,516.93,2025-05-13T19:00:00Z,92960,516.51225
515.45,515.56,515.12,27,515.56,2025-05-13T20:00:00Z,3742,515.291889
517.14,517.78,517.09,12,517.78,2025-05-14T12:00:00Z,1311,517.351
516.99,518.9,515.8,1146,516.9,2025-05-14T13:00:00Z,92051,517.286292
517.78,518.0,516.36,2036,517.17,2025-05-14T14:00:00Z,142214,517.210865
518.27,518.49,516.2,1771,517.825,2025-05-14T15:00:00Z,98695,517.627704
518.0,519.21,517.9,1236,518.13,2025-05-14T16:00:00Z,57702,518.371323
517.95,518.03,515.92,1452,518.03,2025-05-14T17:00:00Z,61641,517.084599
518.01,518.77,517.27,1085,517.94,2025-05-14T18:00:00Z,49622,517.92892
518.68,518.905,517.14,2976,517.96,2025-05-14T19:00:00Z,211063,518.061524
518.91,518.91,518.35,25,518.56,2025-05-14T20:00:00Z,6354,518.755435
516.1,516.95,515.71,106,516.1,2025-05-15T12:00:00Z,9287,516.35117
516.46,517.33,515.17,1068,516.37,2025-05-15T13:00:00Z,63303,516.378623
517.22,517.42,515.46,1235,516.46,2025-05-15T14:00:00Z,65655,516.547858
519.5,519.9,517.095,1184,517.22,2025-05-15T15:00:00Z,67765,518.720682
520.9,520.99,519.35,1161,519.59,2025-05-15T16:00:00Z,62391,520.044545
520.6,521.87,520.51,976,520.98,2025-05-15T17:00:00Z,56919,521.11293
518.63,520.585,518.32,1211,520.585,2025-05-15T18:00:00Z,69604,519.249397
519.18,519.38,516.69,1819,518.65,2025-05-15T19:00:00Z,172502,518.375202
518.96,519.85,518.94,54,518.94,2025-05-15T20:00:00Z,6149,519.188452
520.9,520.9,520.9,3,520.9,2025-05-16T12:00:00Z,280,520.9
519.83,521.35,518.82,913,520.55,2025-05-16T13:00:00Z,77595,519.834423
518.795,520.33,517.15,1194,519.45,2025-05-16T14:00:00Z,87963,519.110722
519.28,519.88,518.45,553,518.955,2025-05-16T15:00:00Z,36366,519.116686
519.78,520.23,519.17,649,519.17,2025-05-16T16:00:00Z,56190,519.842416
520.01,520.86,519.5,444,519.595,2025-05-16T17:00:00Z,34595,520.260653
520.835,521.25,519.93,434,520.055,2025-05-16T18:00:00Z,31918,520.555834
521.53,521.64,520.5,1580,520.85,2025-05-16T19:00:00Z,127544,521.233495
521.26,521.53,521.15,11,521.15,2025-05-16T20:00:00Z,2120,521.369904
514.19,514.19,514.19,8,514.19,2025-05-19T12:00:00Z,545,514.19
518.03,518.4,513.45,889,513.47,2025-05-19T13:00:00Z,96550,516.612412
518.87,520.55,517.81,998,518.0,2025-05-19T14:00:00Z,93462,519.221888
519.94,520.84,518.65,687,518.91,2025-05-19T15:00:00Z,63687,519.625884
521.48,521.54,519.775,554,519.82,2025-05-19T16:00:00Z,47318,520.50503
521.49,522.51,521.36,874,521.405,2025-05-19T17:00:00Z,70276,521.97734
521.42,521.62,520.29,752,521.445,2025-05-19T18:00:00Z,57750,520.937919
522.0,522.26,520.12,1405,521.41,2025-05-19T19:00:00Z,127120,521.23079
521.86,521.86,521.01,37,521.75,2025-05-19T20:00:00Z,4990,521.460827
520.06,520.77,520.06,3,520.77,2025-05-20T12:00:00Z,500,520.224
519.06,520.37,518.12,999,520.11,2025-05-20T13:00:00Z,82234,519.396864
519.31,520.31,518.315,1265,519.075,2025-05-20T14:00:00Z,74125,519.334931
520.01,520.2,518.86,660,519.235,2025-05-20T15:00:00Z,39498,519.474483
520.65,520.86,519.32,732,519.99,2025-05-20T16:00:00Z,51664,520.156683
519.88,520.9,519.46,683,520.505,2025-05-20T17:00:00Z,49021,520.259021
517.85,520.1,517.77,998,519.865,2025-05-20T18:00:00Z,59688,518.642
520.28,520.35,516.84,2755,517.85,2025-05-20T19:00:00Z,230843,518.812399
519.48,519.98,519.34,24,519.98,2025-05-20T20:00:00Z,3644,519.6807
518.46,519.2,516.09,1310,516.63,2025-05-21T13:00:00Z,133255,517.959971
520.565,520.565,518.35,1612,518.72,2025-05-21T14:00:00Z,127829,519.266533
521.98,522.43,520.36,1365,520.57,2025-05-21T15:00:00Z,99026,521.631825
521.94,522.99,521.93,915,521.96,2025-05-21T16:00:00Z,79168,522.415004
515.93,522.0,513.39,2831,521.97,2025-05-21T17:00:00Z,232396,517.360706
513.85,516.28,513.61,1989,516.21,2025-05-21T18:00:00Z,158497,515.246725
513.04,514.77,511.24,2891,513.83,2025-05-21T19:00:00Z,271376,513.318358
512.84,513.05,512.3,30,513.05,2025-05-21T20:00:00Z,4957,512.72064
513.71,513.71,513.45,5,513.45,2025-05-22T12:00:00Z,561,513.518
516.58,516.58,512.325,1341,514.71,2025-05-22T13:00:00Z,108909,514.08905
515.16,517.52,513.69,1486,516.66,2025-05-22T14:00:00Z,125014,515.658049
516.08,516.27,514.4,1313,515.18,2025-05-22T15:00:00Z,85720,515.414468
514.79,517.39,514.67,1103,516.17,2025-05-22T16:00:00Z,55974,516.128747
516.58,516.95,514.37,890,514.935,2025-05-22T17:00:00Z,62357,515.814671
517.03,517.24,516.1,849,516.59,2025-05-22T18:00:00Z,56791,516.673159
514.07,517.71,513.6,1422,516.915,2025-05-22T19:00:00Z,126408,515.359587
514.6,514.6,513.92,10,514.11,2025-05-22T20:00:00Z,2600,514.255385
505.03,505.21,503.8,7,504.14,2025-05-23T12:00:00Z,1456,504.29345
507.05,508.61,504.5,1536,504.5,2025-05-23T13:00:00Z,148352,506.966929
507.655,509.63,507.07,2066,507.28,2025-05-23T14:00:00Z,188315,508.387305
508.305,510.0,507.1,1229,507.73,2025-05-23T15:00:00Z,111798,508.660445
509.405,509.95,507.9,1189,508.335,2025-05-23T16:00:00Z,114620,508.901491
511.08,511.54,509.17,972,509.265,2025-05-23T17:00:00Z,86770,510.611337
510.78,511.83,510.0,1355,511.08,2025-05-23T18:00:00Z,108017,510.977834
509.3,511.49,508.83,1890,510.58,2025-05-23T19:00:00Z,169184,510.038571
508.53,508.69,508.28,12,508.69,2025-05-23T20:00:00Z,2583,508.4936
516.42,517.03,516.42,8,517.03,2025-05-27T12:00:00Z,718,516.821809
517.02,517.4,514.63,1376,517.4,2025-05-27T13:00:00Z,113705,515.999631
518.49,519.26,517.045,1541,517.045,2025-05-27T14:00:00Z,105541,518.615428
519.57,519.69,518.485,800,518.485,2025-05-27T15:00:00Z,56182,519.205456
520.36,520.985,519.51,904,519.57,2025-05-27T16:00:00Z,74016,520.178997
521.4,521.48,520.32,788,520.35,2025-05-27T17:00:00Z,64618,520.866113
520.61,521.71,520.6,800,521.39,2025-05-27T18:00:00Z,62604,521.135783
521.21,521.21,520.01,2100,520.51,2025-05-27T19:00:00Z,277451,520.753681
521.44,521.44,520.75,28,520.9,2025-05-27T20:00:00Z,6214,521.08851
522.24,522.9,522.24,4,522.9,2025-05-28T12:00:00Z,350,522.57
521.24,523.64,521.03,758,522.35,2025-05-28T13:00:00Z,79056,522.476933
520.425,521.7,520.31,966,521.25,2025-05-28T14:00:00Z,72663,521.063912
520.52,521.46,520.48,746,520.535,2025-05-28T15:00:00Z,45378,520.958625
521.26,521.5,520.535,516,520.535,2025-05-28T16:00:00Z,23384,521.217199
521.39,521.82,521.05,548,521.235,2025-05-28T17:00:00Z,35058,521.410443
521.31,522.11,519.74,915,521.33,2025-05-28T18:00:00Z,77421,521.207127
519.15,522.375,518.41,2149,521.26,2025-05-28T19:00:00Z,207966,520.447854
522.29,522.29,518.92,23,518.94,2025-05-28T20:00:00Z,2662,520.39875
525.97,525.97,525.97,2,525.97,2025-05-29T12:00:00Z,300,525.97
522.58,526.48,521.82,1346,525.71,2025-05-29T13:00:00Z,126746,523.57948
522.52,522.94,519.31,2130,522.64,2025-05-29T14:00:00Z,192101,520.958105
518.4,522.53,517.94,1287,522.505,2025-05-29T15:00:00Z,113435,521.15308
521.06,521.4,517.38,1207,518.37,2025-05-29T16:00:00Z,107097,519.601063
519.06,521.56,518.92,1003,521.14,2025-05-29T17:00:00Z,82465,520.11231
518.7,519.76,517.71,1070,519.09,2025-05-29T18:00:00Z,80218,518.936674
520.1,520.91,518.28,1960,518.73,2025-05-29T19:00:00Z,150573,519.476633
519.36,519.95,519.36,14,519.95,2025-05-29T20:00:00Z,1565,519.779286
518.87,518.87,517.45,4,517.45,2025-05-30T12:00:00Z,320,518.16
516.42,519.52,515.97,958,518.22,2025-05-30T13:00:00Z,94016,517.760988
518.795,519.83,516.7,1724,516.95,2025-05-30T14:00:00Z,153154,518.770491
518.12,519.345,517.22,1301,518.81,2025-05-30T15:00:00Z,115861,518.40539
512.805,518.315,512.0,1106,518.07,2025-05-30T16:00:00Z,104896,514.624233
514.41,515.31,512.445,1161,512.735,2025-05-30T17:00:00Z,96938,513.961851
517.41,517.5,514.61,1125,514.61,2025-05-30T18:00:00Z,86919,516.592887
519.21,520.67,517.38,2072,517.45,2025-05-30T19:00:00Z,165437,519.205566
519.01,519.77,518.37,46,519.68,2025-05-30T20:00:00Z,5061,519.184932
516.99,517.24,516.99,8,517.14,2025-06-02T12:00:00Z,1672,517.086037
517.87,521.35,516.75,1400,516.75,2025-06-02T13:00:00Z,120687,519.581286
519.88,520.34,516.06,2094,517.34,2025-06-02T14:00:00Z,185849,518.512909
520.825,521.01,518.91,1139,519.91,2025-06-02T15:00:00Z,94726,519.846483
521.14,521.16,520.15,692,520.835,2025-06-02T16:00:00Z,55416,520.636988
521.15,521.715,520.58,717,521.15,2025-06-02T17:00:00Z,53432,521.191125
522.76,522.97,520.64,1044,520.985,2025-06-02T18:00:00Z,69245,521.889534
523.22,523.45,522.33,1757,522.825,2025-06-02T19:00:00Z,152469,522.901387
523.7,524.16,523.3,40,523.3,2025-06-02T20:00:00Z,6608,523.749942
524.71,525.01,522.735,1103,523.54,2025-06-03T13:00:00Z,93264,523.961716
526.355,526.355,523.865,1494,524.78,2025-06-03T14:00:00Z,100309,525.220422
526.915,527.0,526.18,1129,526.395,2025-06-03T15:00:00Z,83148,526.580629
528.23,528.44,526.71,1167,526.89,2025-06-03T16:00:00Z,102114,527.551908
527.805,528.71,527.8,998,528.24,2025-06-03T17:00:00Z,84837,528.261832
527.6,527.745,525.81,1337,527.73,2025-06-03T18:00:00Z,99303,526.888076
527.34,527.88,526.49,2005,527.605,2025-06-03T19:00:00Z,164660,527.410024
527.26,527.26,526.53,37,526.91,2025-06-03T20:00:00Z,4631,526.790098
527.25,527.25,527.25,1,527.25,2025-06-04T12:00:00Z,100,527.25
528.615,529.61,527.52,994,527.52,2025-06-04T13:00:00Z,91875,528.814446
528.87,528.87,526.07,1235,528.35,2025-06-04T14:00:00Z,86143,527.670096
528.68,529.41,528.27,577,528.905,2025-06-04T15:00:00Z,53903,528.925057
528.69,528.73,527.62,385,528.705,2025-06-04T16:00:00Z,29545,528.262106
529.5,529.52,528.68,311,528.7,2025-06-04T17:00:00Z,27230,529.16485
529.3,529.83,529.19,575,529.5,2025-06-04T18:00:00Z,66176,529.526468
528.76,529.7,528.585,1152,529.375,2025-06-04T19:00:00Z,125917,529.153172
528.78,528.94,528.48,41,528.76,2025-06-04T20:00:00Z,6934,528.711146
529.65,531.42,528.84,15,528.84,2025-06-05T12:00:00Z,1350,530.365
528.04,530.835,527.27,1237,530.19,2025-06-05T13:00:00Z,105162,529.051119
531.38,531.74,527.57,1818,528.105,2025-06-05T14:00:00Z,153984,529.54292
532.79,533.02,530.99,1509,531.31,2025-06-05T15:00:00Z,91971,532.242296
527.135,532.76,526.87,1045,532.76,2025-06-05T16:00:00Z,75576,530.155829
528.15,529.6,526.51,1106,527.08,2025-06-05T17:00:00Z,88653,528.676213
527.14,528.38,525.28,1562,528.17,2025-06-05T18:00:00Z,102903,527.327017
524.835,527.34,522.75,3038,527.11,2025-06-05T19:00:00Z,269493,525.152978
524.17,525.27,523.13,13,524.67,2025-06-05T20:00:00Z,1630,523.869375
528.99,528.99,527.0,8,527.0,2025-06-06T12:00:00Z,538,527.995
531.0,531.59,529.32,1932,529.33,2025-06-06T13:00:00Z,129363,530.585983
530.58,531.21,529.24,1597,531.13,2025-06-06T14:00:00Z,105117,530.540426
530.36,531.69,528.71,1355,530.59,2025-06-06T15:00:00Z,106226,530.370285
529.02,530.905,528.24,778,530.36,2025-06-06T16:00:00Z,42627,529.608593
530.615,530.685,528.59,735,529.0,2025-06-06T17:00:00Z,48750,529.543869
531.04,531.8,530.665,1152,530.665,2025-06-06T18:00:00Z,56342,531.258756
529.79,531.14,529.77,1668,530.91,2025-06-06T19:00:00Z,166528,530.276432
530.31,530.42,529.67,46,529.77,2025-06-06T20:00:00Z,8051,529.975336
530.24,530.47,530.24,2,530.47,2025-06-09T12:00:00Z,600,530.355
530.065,530.585,529.17,739,530.19,2025-06-09T13:00:00Z,54646,529.974363
531.17,532.295,530.01,1119,530.01,2025-06-09T14:00:00Z,71095,531.412729
531.08,531.795,530.63,659,531.25,2025-06-09T15:00:00Z,49369,531.236607
531.895,532.23,530.66,601,531.18,2025-06-09T16:00:00Z,48303,531.55244
531.89,532.15,531.11,511,531.935,2025-06-09T17:00:00Z,45777,531.837504
531.91,532.08,531.3,425,531.795,2025-06-09T18:00:00Z,30814,531.775468
530.6,531.955,530.6,973,531.825,2025-06-09T19:00:00Z,103103,531.289483
530.57,530.68,530.23,37,530.68,2025-06-09T20:00:00Z,5905,530.423131
531.64,532.52,530.87,687,531.47,2025-06-10T13:00:00Z,73178,531.660023
531.6,532.44,531.5,958,531.65,2025-06-10T14:00:00Z,73896,531.964105
532.055,532.16,529.02,883,531.47,2025-06-10T15:00:00Z,70794,531.242031
532.91,533.06,532.05,617,532.055,2025-06-10T16:00:00Z,54347,532.673103
532.045,533.38,531.92,781,532.91,2025-06-10T17:00:00Z,76029,532.702947
533.92,534.31,530.96,675,531.89,2025-06-10T18:00:00Z,56830,532.229551
534.26,534.88,532.94,1436,533.93,2025-06-10T19:00:00Z,125715,534.132324
534.0,534.29,533.6,46,534.0,2025-06-10T20:00:00Z,6757,533.878027
535.85,536.64,535.85,2,536.64,2025-06-11T12:00:00Z,200,536.245
534.65,535.78,533.35,751,535.58,2025-06-11T13:00:00Z,51419,534.803237
536.56,536.66,534.78,1151,534.88,2025-06-11T14:00:00Z,77886,535.629568
535.115,536.75,534.8,1190,536.54,2025-06-11T15:00:00Z,74193,535.923264
534.655,535.33,533.27,1262,535.095,2025-06-11T16:00:00Z,60157,534.446326
533.04,535.54,533.04,739,534.635,2025-06-11T17:00:00Z,42254,534.609036
531.82,533.45,530.14,2180,533.04,2025-06-11T18:00:00Z,130667,532.086156
532.52,532.52,530.99,2539,531.73,2025-06-11T19:00:00Z,144143,531.892638
532.9,532.9,532.27,19,532.32,2025-06-11T20:00:00Z,3089,532.484483
531.41,531.41,531.41,2,531.41,2025-06-12T12:00:00Z,130,531.41
531.79,532.5,530.89,488,531.12,2025-06-12T13:00:00Z,33862,531.85317
533.61,533.91,531.62,1056,531.93,2025-06-12T14:00:00Z,50575,533.026599
533.31,534.59,532.37,973,533.81,2025-06-12T15:00:00Z,37076,533.420174
533.32,534.395,533.02,1104,533.43,2025-06-12T16:00:00Z,59636,533.786024
533.7,534.35,533.29,564,533.345,2025-06-12T17:00:00Z,21406,533.949953
533.64,533.97,532.88,643,533.72,2025-06-12T18:00:00Z,23454,533.482408
533.63,534.04,532.63,875,533.63,2025-06-12T19:00:00Z,52068,533.358558
533.08,533.81,533.07,44,533.47,2025-06-12T20:00:00Z,6402,533.496978
528.74,530.37,526.57,1193,526.57,2025-06-13T13:00:00Z,92610,529.40844
529.2,529.75,526.21,1400,529.58,2025-06-13T14:00:00Z,108165,528.561216
531.41,531.57,529.09,848,529.235,2025-06-13T15:00:00Z,63857,530.604424
531.35,531.775,530.53,801,531.4,2025-06-13T16:00:00Z,62357,531.256542
530.22,531.345,529.42,740,531.215,2025-06-13T17:00:00Z,57998,530.269475
527.115,530.62,525.815,1279,530.17,2025-06-13T18:00:00Z,86243,527.905972
526.925,527.8,525.75,1955,527.31,2025-06-13T19:00:00Z,206527,526.763918
526.84,526.84,526.84,3,526.84,2025-06-13T20:00:00Z,330,526.84
531.06,531.07,531.06,6,531.07,2025-06-16T12:00:00Z,440,531.065
533.71,534.08,530.56,815,531.18,2025-06-16T13:00:00Z,53416,532.594647
534.43,535.005,533.62,1061,533.92,2025-06-16T14:00:00Z,84711,534.439994
534.18,535.34,533.85,729,534.48,2025-06-16T15:00:00Z,43993,534.651026
533.78,534.74,533.53,656,534.22,2025-06-16T16:00:00Z,37871,534.220781
533.835,534.98,533.64,490,533.99,2025-06-16T17:00:00Z,37794,534.466035
534.105,534.34,533.34,528,533.97,2025-06-16T18:00:00Z,34274,533.905683
534.22,534.36,533.46,1606,534.07,2025-06-16T19:00:00Z,145007,533.837541
534.17,534.51,534.16,31,534.29,2025-06-16T20:00:00Z,4519,534.198043
531.46,531.47,531.46,4,531.47,2025-06-17T12:00:00Z,320,531.465
532.38,532.73,530.87,848,531.41,2025-06-17T13:00:00Z,59714,532.003998
532.08,533.25,531.9,839,532.725,2025-06-17T14:00:00Z,57577,532.613243
532.51,533.28,531.92,828,531.92,2025-06-17T15:00:00Z,52365,532.630068
530.94,533.24,530.74,692,532.5,2025-06-17T16:00:00Z,37370,532.344511
529.43,531.44,528.71,834,530.91,2025-06-17T17:00:00Z,53235,530.529485
529.56,529.585,527.96,1085,529.06,2025-06-17T18:00:00Z,86291,528.756074
529.0,530.05,528.81,1430,529.58,2025-06-17T19:00:00Z,116874,529.301755
528.87,528.87,528.87,1,528.87,2025-06-17T20:00:00Z,207,528.87
530.39,530.825,528.55,726,530.53,2025-06-18T13:00:00Z,58378,529.892369
532.14,532.53,529.82,1482,530.36,2025-06-18T14:00:00Z,125977,531.797762
531.1,532.22,531.04,555,532.14,2025-06-18T15:00:00Z,47024,531.666929
530.96,531.7,530.84,305,531.12,2025-06-18T16:00:00Z,22691,531.23316
530.93,531.1,528.84,767,530.795,2025-06-18T17:00:00Z,71603,530.469922
528.25,531.93,527.69,759,531.51,2025-06-18T18:00:00Z,62466,530.389901
529.05,530.43,527.71,1358,528.01,2025-06-18T19:00:00Z,111909,529.259367
529.34,529.4,529.21,17,529.36,2025-06-18T20:00:00Z,3025,529.30837
530.84,533.51,530.84,537,532.37,2025-06-20T13:00:00Z,46880,532.367664
526.195,531.09,525.67,896,530.76,2025-06-20T14:00:00Z,59807,528.99313
526.865,528.54,525.16,677,525.82,2025-06-20T15:00:00Z,53889,526.786876
527.49,528.13,526.63,561,526.79,2025-06-20T16:00:00Z,51071,527.492196
526.62,528.33,524.95,426,527.66,2025-06-20T17:00:00Z,35822,526.729875
525.93,528.085,525.88,461,526.58,2025-06-20T18:00:00Z,40911,527.05371
526.74,527.08,525.84,987,525.94,2025-06-20T19:00:00Z,109281,526.374453
527.49,528.0,527.18,47,527.93,2025-06-20T20:00:00Z,4992,527.459325
526.86,526.86,526.86,1,526.86,2025-06-23T12:00:00Z,100,526.86
528.19,528.2,524.165,663,527.02,2025-06-23T13:00:00Z,43262,526.678262
528.81,530.34,528.29,1329,528.475,2025-06-23T14:00:00Z,89820,529.492641
528.49,530.05,528.23,746,528.83,2025-06-23T15:00:00Z,61109,529.091825
526.11,528.59,523.77,1176,528.475,2025-06-23T16:00:00Z,78609,526.772038
531.1,531.84,525.7,1553,526.06,2025-06-23T17:00:00Z,119926,529.577326
530.745,531.9,530.45,701,531.2,2025-06-23T18:00:00Z,54152,531.314115
531.675,532.15,530.5,1355,530.72,2025-06-23T19:00:00Z,114834,531.414533
531.68,531.79,531.23,63,531.4,2025-06-23T20:00:00Z,18040,531.624103
536.82,536.83,536.82,3,536.83,2025-06-24T12:00:00Z,750,536.826
536.975,538.03,536.47,833,536.9,2025-06-24T13:00:00Z,61764,537.36512
537.32,538.19,536.44,1054,536.955,2025-06-24T14:00:00Z,81583,537.616703
538.685,539.2,537.595,785,537.595,2025-06-24T15:00:00Z,69254,538.606064
539.445,540.0,538.61,672,538.71,2025-06-24T16:00:00Z,56487,539.237557
540.02,540.18,539.12,460,539.56,2025-06-24T17:00:00Z,41487,539.744383
540.18,540.295,539.77,566,539.985,2025-06-24T18:00:00Z,60915,540.102226
539.79,540.67,539.79,1470,540.17,2025-06-24T19:00:00Z,183114,540.094113
540.0,540.0,539.5,30,539.66,2025-06-24T20:00:00Z,6067,539.61945
541.88,541.88,541.88,3,541.88,2025-06-25T12:00:00Z,249,541.88
542.7,543.28,541.855,1153,542.28,2025-06-25T13:00:00Z,85103,542.713218
542.07,542.625,541.3,1121,542.625,2025-06-25T14:00:00Z,69682,541.970935
540.76,541.915,540.46,813,541.88,2025-06-25T15:00:00Z,71174,541.171067
540.68,541.0,540.035,591,540.785,2025-06-25T16:00:00Z,52601,540.504446
539.91,541.08,539.71,624,540.675,2025-06-25T17:00:00Z,56789,540.485096
540.09,540.45,539.72,494,539.95,2025-06-25T18:00:00Z,45899,540.062545
541.12,541.175,540.08,973,540.08,2025-06-25T19:00:00Z,78421,540.718828
541.25,541.4,540.96,39,540.96,2025-06-25T20:00:00Z,6985,541.23275
543.11,543.72,543.11,4,543.72,2025-06-26T12:00:00Z,600,543.608333
543.11,543.66,541.59,655,543.28,2025-06-26T13:00:00Z,52835,542.528555
543.69,544.34,543.12,792,543.255,2025-06-26T14:00:00Z,65496,543.645727
544.75,544.86,543.33,524,543.78,2025-06-26T15:00:00Z,43805,544.229334
544.56,545.2,544.415,305,544.72,2025-06-26T16:00:00Z,22537,544.849861
545.57,545.635,544.46,360,544.505,2025-06-26T17:00:00Z,27707,545.235818
546.05,546.46,545.3,676,545.42,2025-06-26T18:00:00Z,43477,546.024
546.28,546.66,545.77,1192,546.07,2025-06-26T19:00:00Z,106139,546.229623
546.24,546.26,545.58,33,546.18,2025-06-26T20:00:00Z,7842,545.938349
548.11,548.7,548.11,3,548.7,2025-06-27T12:00:00Z,460,548.2575
548.575,548.675,546.955,579,547.08,2025-06-27T13:00:00Z,57772,547.920848
548.54,549.92,548.31,959,548.77,2025-06-27T14:00:00Z,98655,549.213031
549.76,549.91,548.195,392,548.195,2025-06-27T15:00:00Z,43939,549.23147
549.29,549.635,548.755,383,549.605,2025-06-27T16:00:00Z,59650,549.278735
547.94,549.365,547.02,381,549.275,2025-06-27T17:00:00Z,41721,548.297055
544.68,548.005,544.595,468,547.835,2025-06-27T18:00:00Z,54015,546.908393
548.205,548.345,544.83,1306,545.16,2025-06-27T19:00:00Z,119182,546.759571
548.05,548.09,547.7,73,547.7,2025-06-27T20:00:00Z,10136,547.949413
550.96,551.49,550.96,9,551.49,2025-06-30T12:00:00Z,1016,551.251821
550.09,551.59,549.01,1020,551.24,2025-06-30T13:00:00Z,76251,550.123789
549.97,550.69,549.74,1363,550.06,2025-06-30T14:00:00Z,87236,550.171758
550.52,550.885,549.61,860,549.97,2025-06-30T15:00:00Z,54398,550.204866
550.465,551.08,550.32,1019,550.555,2025-06-30T16:00:00Z,69632,550.752118
549.93,550.64,549.34,750,550.57,2025-06-30T17:00:00Z,54679,550.123801
550.67,550.72,549.04,1329,549.99,2025-06-30T18:00:00Z,99540,549.947125
551.6,552.78,550.685,2785,550.7,2025-06-30T19:00:00Z,209530,551.713039
551.32,551.78,550.91,35,551.78,2025-06-30T20:00:00Z,7678,551.342955
549.62,549.62,549.62,1,549.62,2025-07-01T12:00:00Z,300,549.62
549.925,550.45,549.23,904,549.73,2025-07-01T13:00:00Z,62074,549.938324
546.87,550.68,546.61,2038,549.78,2025-07-01T14:00:00Z,154606,548.38436
546.2,547.6,544.76,1763,546.95,2025-07-01T15:00:00Z,151089,546.115283
547.36,548.1,545.66,984,546.24,2025-07-01T16:00:00Z,76076,546.865583
548.225,548.65,547.245,736,547.245,2025-07-01T17:00:00Z,57421,547.872237
547.3,548.48,547.28,968,548.235,2025-07-01T18:00:00Z,73901,547.961699
546.98,548.4,545.95,2009,547.19,2025-07-01T19:00:00Z,171159,547.256379
546.89,546.89,546.5,66,546.71,2025-07-01T20:00:00Z,17483,546.716521
545.13,545.13,545.13,1,545.13,2025-07-02T12:00:00Z,100,545.13
547.37,547.93,545.94,1061,545.94,2025-07-02T13:00:00Z,85979,547.253236
549.87,550.38,547.42,1353,547.42,2025-07-02T14:00:00Z,96629,549.155155
550.25,550.745,549.63,1018,550.03,2025-07-02T15:00:00Z,74090,550.149381
550.62,550.73,549.91,641,550.175,2025-07-02T16:00:00Z,42707,550.34416
550.31,550.78,549.93,583,550.6,2025-07-02T17:00:00Z,38620,550.283297
550.37,550.575,550.03,487,550.26,2025-07-02T18:00:00Z,33495,550.379969
550.815,550.98,550.08,1837,550.365,2025-07-02T19:00:00Z,142043,550.531441
551.05,551.05,550.45,26,550.68,2025-07-02T20:00:00Z,3669,550.607522
554.76,554.93,553.205,1326,553.35,2025-07-03T13:00:00Z,119580,554.139095
555.87,556.33,554.85,1466,554.85,2025-07-03T14:00:00Z,108792,555.868674
556.71,557.19,555.91,1179,555.91,2025-07-03T15:00:00Z,80239,556.481946
556.21,557.04,555.62,1674,556.89,2025-07-03T16:00:00Z,170613,556.458657
555.87,556.06,555.81,8,556.06,2025-07-03T17:00:00Z,800,555.88375
554.03,554.03,554.03,1,554.03,2025-07-07T12:00:00Z,100,554.03
553.58,554.33,552.535,886,553.58,2025-07-07T13:00:00Z,70738,553.606308
552.35,553.97,552.09,846,553.51,2025-07-07T14:00:00Z,62300,553.082275
553.13,553.29,552.2,691,552.425,2025-07-07T15:00:00Z,55751,552.711741
551.69,553.8,550.87,1107,553.15,2025-07-07T16:00:00Z,101925,552.430594
551.73,553.06,551.23,685,551.72,2025-07-07T17:00:00Z,54667,551.886886
551.88,551.945,549.66,870,551.725,2025-07-07T18:00:00Z,68974,550.951209
552.23,552.23,551.065,1269,551.83,2025-07-07T19:00:00Z,120825,551.634722
550.76,552.02,550.76,71,552.02,2025-07-07T20:00:00Z,8385,551.432163
553.21,553.26,553.14,9,553.26,2025-07-08T12:00:00Z,1300,553.192727
552.215,553.69,552.12,764,553.39,2025-07-08T13:00:00Z,62826,552.853704
552.32,553.48,551.115,1630,552.075,2025-07-08T14:00:00Z,121845,552.19979
552.66,552.84,551.51,740,552.39,2025-07-08T15:00:00Z,51607,552.314464
552.91,554.0,552.31,709,552.69,2025-07-08T16:00:00Z,55934,553.146608
553.365,553.415,551.97,475,552.89,2025-07-08T17:00:00Z,34651,552.76193
552.52,553.5,552.3,615,553.295,2025-07-08T18:00:00Z,43998,552.934086
552.415,552.53,551.85,1300,552.43,2025-07-08T19:00:00Z,131597,552.27975
552.69,552.69,552.22,52,552.43,2025-07-08T20:00:00Z,11875,552.509546
553.4,553.67,553.4,14,553.43,2025-07-09T12:00:00Z,1567,553.546339
557.04,557.26,553.79,1204,553.8,2025-07-09T13:00:00Z,109632,556.376205
553.75,557.59,553.37,1289,557.17,2025-07-09T14:00:00Z,110801,556.339303
553.77,554.72,553.11,753,553.48,2025-07-09T15:00:00Z,58600,553.964296
554.61,555.2,553.73,734,553.94,2025-07-09T16:00:00Z,63204,554.536457
554.63,555.0,554.11,703,554.575,2025-07-09T17:00:00Z,47447,554.569984
555.75,555.92,554.595,843,554.595,2025-07-09T18:00:00Z,75331,555.379214
556.23,556.37,555.56,1590,555.75,2025-07-09T19:00:00Z,138207,555.95726
556.01,556.42,555.81,81,556.28,2025-07-09T20:00:00Z,7895,556.198688
556.22,556.22,556.22,1,556.22,2025-07-10T12:00:00Z,100,556.22
554.14,557.25,553.665,764,556.36,2025-07-10T13:00:00Z,52625,555.422803
554.125,554.8,552.79,1333,554.005,2025-07-10T14:00:00Z,94232,553.764285
555.53,555.66,553.72,528,554.23,2025-07-10T15:00:00Z,38990,554.773164
554.95,555.67,554.25,504,555.615,2025-07-10T16:00:00Z,40950,555.059955
556.05,556.07,554.9,446,554.94,2025-07-10T17:00:00Z,30648,555.418913
555.99,556.27,555.715,411,555.88,2025-07-10T18:00:00Z,28795,555.999976
555.37,556.145,554.98,856,555.985,2025-07-10T19:00:00Z,69697,555.690161
555.66,555.66,555.11,44,555.37,2025-07-10T20:00:00Z,8336,555.365639
552.96,553.33,552.83,11,553.33,2025-07-11T12:00:00Z,990,553.008
554.43,554.49,552.1,716,553.1,2025-07-11T13:00:00Z,44253,553.342362
554.55,555.43,553.97,701,554.47,2025-07-11T14:00:00Z,71411,554.856304
554.63,555.48,553.12,549,554.54,2025-07-11T15:00:00Z,54994,554.451905
555.41,555.48,554.37,471,554.73,2025-07-11T16:00:00Z,35836,554.892143
555.25,555.77,554.38,595,555.41,2025-07-11T17:00:00Z,47620,555.277519
554.71,555.72,554.61,735,555.24,2025-07-11T18:00:00Z,61849,555.317905
554.26,555.19,553.53,1425,554.675,2025-07-11T19:00:00Z,144580,554.50251
553.89,554.22,553.69,69,554.22,2025-07-11T20:00:00Z,13783,553.978529
552.72,552.72,552.72,5,552.72,2025-07-14T12:00:00Z,600,552.72
553.29,554.76,551.65,1510,552.72,2025-07-14T13:00:00Z,107934,553.457369
555.12,555.15,553.15,1713,553.36,2025-07-14T14:00:00Z,95592,554.130212
555.58,555.91,555.085,1603,555.11,2025-07-14T15:00:00Z,76464,555.477996
556.15,556.32,555.37,1131,555.52,2025-07-14T16:00:00Z,91085,555.760596
556.5,556.92,556.16,1256,556.175,2025-07-14T17:00:00Z,98789,556.563132
556.61,556.77,556.28,794,556.405,2025-07-14T18:00:00Z,41229,556.523801
556.115,556.75,555.77,2183,556.62,2025-07-14T19:00:00Z,162137,556.218507
555.95,556.1,555.95,48,556.01,2025-07-14T20:00:00Z,14008,556.031961
560.24,560.36,559.23,16,559.23,2025-07-15T12:00:00Z,2362,559.998459
558.81,560.735,558.54,539,560.25,2025-07-15T13:00:00Z,42348,559.626201
557.89,560.16,557.77,739,558.82,2025-07-15T14:00:00Z,69618,559.262971
559.255,559.76,557.925,898,558.085,2025-07-15T15:00:00Z,101205,558.928062
557.87,559.46,557.545,517,559.245,2025-07-15T16:00:00Z,48580,558.954164
559.49,559.49,557.625,683,558.01,2025-07-15T17:00:00Z,52650,558.719318
557.85,559.72,557.85,625,559.505,2025-07-15T18:00:00Z,41568,559.149369
556.72,558.335,556.68,1412,557.83,2025-07-15T19:00:00Z,157721,557.481645
555.88,556.82,555.75,146,556.82,2025-07-15T20:00:00Z,32813,556.274936
557.22,557.38,556.2,16,556.2,2025-07-16T12:00:00Z,1738,557.12
554.63,557.395,554.58,443,557.17,2025-07-16T13:00:00Z,35009,555.866886
555.32,556.25,554.38,825,554.715,2025-07-16T14:00:00Z,61381,555.290963
554.99,556.53,551.63,1656,555.32,2025-07-16T15:00:00Z,118604,554.163525
556.64,556.65,554.4,888,555.05,2025-07-16T16:00:00Z,58424,555.28419
556.23,557.06,556.07,553,556.495,2025-07-16T17:00:00Z,34204,556.603161
557.13,557.16,555.92,385,556.105,2025-07-16T18:00:00Z,19628,556.694918
557.35,557.89,556.94,748,557.195,2025-07-16T19:00:00Z,71165,557.404691
557.07,557.35,556.92,45,557.25,2025-07-16T20:00:00Z,10116,557.05892
558.76,558.76,558.15,7,558.18,2025-07-17T12:00:00Z,580,558.3125
559.13,559.41,557.27,922,559.29,2025-07-17T13:00:00Z,67699,558.321927
560.265,560.34,558.59,1297,559.215,2025-07-17T14:00:00Z,99229,559.531273
561.57,561.64,560.33,1088,560.33,2025-07-17T15:00:00Z,86051,561.035488
561.77,562.18,561.49,1142,561.565,2025-07-17T16:00:00Z,83299,561.742382
562.22,562.22,561.41,877,561.75,2025-07-17T17:00:00Z,64379,561.846513
561.675,562.3,561.35,961,562.3,2025-07-17T18:00:00Z,69251,561.761196
561.73,562.235,561.515,2247,561.7,2025-07-17T19:00:00Z,212709,561.876457
561.98,561.99,561.44,35,561.95,2025-07-17T20:00:00Z,6273,561.690384
562.39,562.39,562.06,3,562.06,2025-07-18T12:00:00Z,301,562.17
562.09,563.5,561.96,566,562.56,2025-07-18T13:00:00Z,43922,562.665641
560.8,562.66,560.34,1099,562.56,2025-07-18T14:00:00Z,110450,561.021537
561.8,561.88,560.38,470,560.835,2025-07-18T15:00:00Z,44334,561.125928
560.39,561.81,560.12,695,561.79,2025-07-18T16:00:00Z,60521,560.870469
560.67,561.2,560.04,662,560.52,2025-07-18T17:00:00Z,58677,560.615596
560.735,561.27,560.51,288,560.64,2025-07-18T18:00:00Z,22595,560.889585
561.245,561.35,560.62,1172,560.765,2025-07-18T19:00:00Z,116200,561.063918
561.18,561.26,561.13,22,561.26,2025-07-18T20:00:00Z,4783,561.19281
561.81,561.83,561.81,11,561.83,2025-07-21T12:00:00Z,1733,561.82
564.82,565.35,561.5,994,561.52,2025-07-21T13:00:00Z,80516,563.959647
565.37,566.06,565.055,1164,565.12,2025-07-21T14:00:00Z,102069,565.553221
565.19,565.62,565.03,751,565.425,2025-07-21T15:00:00Z,82937,565.311665
565.63,565.755,564.55,1048,565.15,2025-07-21T16:00:00Z,108003,565.173018
565.78,566.03,565.62,1141,565.64,2025-07-21T17:00:00Z,78922,565.847689
565.3,565.91,565.18,1113,565.76,2025-07-21T18:00:00Z,66934,565.593082
564.23,565.32,563.81,2898,565.28,2025-07-21T19:00:00Z,234241,564.533393
564.24,564.39,564.12,35,564.17,2025-07-21T20:00:00Z,7338,564.25404
564.06,564.06,564.05,3,564.05,2025-07-22T12:00:00Z,300,564.055238
559.33,564.34,558.7,1346,564.11,2025-07-22T13:00:00Z,102712,561.331895
561.345,561.41,558.61,900,559.15,2025-07-22T14:00:00Z,76742,560.439467
560.875,561.54,560.705,465,561.315,2025-07-22T15:00:00Z,43329,561.181533
560.7,561.34,559.84,411,560.9,2025-07-22T16:00:00Z,37087,560.60158
561.19,561.76,560.68,331,560.77,2025-07-22T17:00:00Z,27507,561.316915
562.0,562.02,560.14,434,561.165,2025-07-22T18:00:00Z,49911,561.281273
561.22,562.11,561.22,913,562.07,2025-07-22T19:00:00Z,115629,561.67423
560.55,561.22,560.47,39,561.22,2025-07-22T20:00:00Z,7960,560.722182
562.04,562.05,562.04,11,562.05,2025-07-23T12:00:00Z,885,562.045
559.99,562.36,559.95,623,561.95,2025-07-23T13:00:00Z,55309,560.997473
560.855,560.9,559.59,671,559.97,2025-07-23T14:00:00Z,48540,560.210737
562.31,563.04,560.38,792,560.89,2025-07-23T15:00:00Z,43797,561.436435
561.555,562.305,560.75,741,562.15,2025-07-23T16:00:00Z,46094,561.808627
562.405,562.48,561.22,564,561.535,2025-07-23T17:00:00Z,42112,561.919735
563.16,563.78,562.39,693,562.4,2025-07-23T18:00:00Z,60334,562.944835
563.8,563.8,562.545,1404,563.28,2025-07-23T19:00:00Z,110332,563.09936
565.75,565.85,564.4,57,564.4,2025-07-23T20:00:00Z,8199,565.194195
564.7,565.53,564.7,10,565.53,2025-07-24T12:00:00Z,1895,564.7875
564.85,565.715,563.88,1001,564.65,2025-07-24T13:00:00Z,64365,564.747631
565.04,565.29,563.33,819,564.81,2025-07-24T14:00:00Z,55909,564.272887
565.45,565.69,565.0,658,565.08,2025-07-24T15:00:00Z,59545,565.25208
565.04,565.355,564.37,457,565.355,2025-07-24T16:00:00Z,51585,564.827413
565.32,566.215,564.94,409,564.985,2025-07-24T17:00:00Z,50554,565.633993
565.72,566.19,565.29,544,565.32,2025-07-24T18:00:00Z,51295,565.77291
565.11,566.24,564.985,1763,565.715,2025-07-24T19:00:00Z,140978,565.669469
565.58,565.62,564.9,56,565.01,2025-07-24T20:00:00Z,8147,565.217193
565.18,565.37,565.0,10,565.01,2025-07-25T12:00:00Z,1031,565.198571
565.65,566.05,564.37,930,565.25,2025-07-25T13:00:00Z,72641,565.132198
566.025,566.3,565.58,651,565.75,2025-07-25T14:00:00Z,85065,565.965086
566.4,566.53,565.73,526,565.98,2025-07-25T15:00:00Z,33553,566.115997
567.1,567.67,566.32,1060,566.42,2025-07-25T16:00:00Z,103292,567.050932
566.86,567.2,566.68,572,567.085,2025-07-25T17:00:00Z,42546,566.979723
566.91,567.28,566.56,540,566.83,2025-07-25T18:00:00Z,35136,567.037841
566.45,567.19,566.075,1531,566.91,2025-07-25T19:00:00Z,135743,566.632699
566.85,566.94,566.25,41,566.25,2025-07-25T20:00:00Z,6115,566.597926
568.87,568.87,567.635,1067,568.54,2025-07-28T13:00:00Z,81514,568.396725
568.235,569.02,567.86,1120,568.9,2025-07-28T14:00:00Z,98400,568.540179
568.24,568.37,567.0,769,568.21,2025-07-28T15:00:00Z,61607,568.071763
568.09,568.55,567.79,739,568.18,2025-07-28T16:00:00Z,59510,568.13278
567.45,568.09,567.45,554,568.025,2025-07-28T17:00:00Z,33671,567.835964
567.48,567.65,567.01,751,567.48,2025-07-28T18:00:00Z,52088,567.400737
568.215,568.275,567.18,1461,567.41,2025-07-28T19:00:00Z,172635,567.811727
568.62,568.65,568.21,58,568.3,2025-07-28T20:00:00Z,12615,568.38691
570.33,570.58,570.33,4,570.57,2025-07-29T12:00:00Z,401,570.515
570.68,572.09,569.81,925,570.38,2025-07-29T13:00:00Z,67712,571.01317
569.08,570.71,568.89,1305,570.71,2025-07-29T14:00:00Z,119291,569.877495
568.51,569.45,567.01,1390,569.115,2025-07-29T15:00:00Z,171477,568.405148
568.56,568.68,567.265,570,568.51,2025-07-29T16:00:00Z,53848,568.059264
568.22,568.91,567.5,699,568.52,2025-07-29T17:00:00Z,51820,568.343451
567.91,568.51,567.74,485,568.14,2025-07-29T18:00:00Z,37935,568.216768
567.3,568.065,566.56,1670,567.895,2025-07-29T19:00:00Z,169966,567.222378
567.13,567.39,567.13,17,567.37,2025-07-29T20:00:00Z,2927,567.270935
568.49,568.49,568.23,2,568.23,2025-07-30T12:00:00Z,600,568.36
567.98,569.05,567.27,745,568.01,2025-07-30T13:00:00Z,74588,568.18064
569.015,569.44,567.7,627,567.99,2025-07-30T14:00:00Z,50820,568.563926
569.16,569.19,567.95,401,569.05,2025-07-30T15:00:00Z,38875,568.468964
569.29,569.575,568.95,231,569.205,2025-07-30T16:00:00Z,18679,569.243094
569.57,569.68,569.09,485,569.29,2025-07-30T17:00:00Z,40007,569.310411
566.35,570.56,566.135,1310,569.65,2025-07-30T18:00:00Z,94107,569.033063
568.17,568.23,565.135,1605,566.09,2025-07-30T19:00:00Z,151477,566.729527
572.32,572.98,569.87,103,570.11,2025-07-30T20:00:00Z,15344,571.362578
575.89,575.97,575.89,10,575.97,2025-07-31T12:00:00Z,1235,575.90978
572.67,575.8,571.22,1226,575.8,2025-07-31T13:00:00Z,92786,572.769831
569.61,573.36,569.54,906,572.72,2025-07-31T14:00:00Z,73275,571.900037
570.56,570.57,568.2,954,569.91,2025-07-31T15:00:00Z,76248,569.564123
570.19,571.315,570.04,606,570.69,2025-07-31T16:00:00Z,48098,570.817065
565.83,570.23,565.485,735,570.23,2025-07-31T17:00:00Z,64435,567.758955
566.505,567.59,563.88,816,566.0,2025-07-31T18:00:00Z,64122,566.098282
565.0,567.14,564.02,1304,566.55,2025-07-31T19:00:00Z,124559,565.496219
564.7,566.15,564.5,67,565.16,2025-07-31T20:00:00Z,13473,565.165048
559.09,560.33,559.04,26,560.33,2025-08-01T12:00:00Z,3038,559.597151
553.815,558.965,553.35,1795,558.9,2025-08-01T13:00:00Z,126290,555.507054
555.05,557.25,551.98,1570,553.71,2025-08-01T14:00:00Z,116749,555.093303
556.95,557.13,554.29,1061,554.965,2025-08-01T15:00:00Z,77144,555.301813
553.85,557.7,553.71,1068,556.81,2025-08-01T16:00:00Z,73612,556.333475
552.84,554.29,552.62,1073,554.08,2025-08-01T17:00:00Z,84954,553.469308
553.65,555.35,551.73,921,553.075,2025-08-01T18:00:00Z,74328,553.549956
553.875,555.345,552.96,1785,553.485,2025-08-01T19:00:00Z,177591,554.070135
553.72,554.11,553.72,38,553.91,2025-08-01T20:00:00Z,7160,553.877034
558.56,558.56,558.56,2,558.56,2025-08-04T12:00:00Z,240,558.56
562.77,563.0,558.52,1555,558.74,2025-08-04T13:00:00Z,128341,561.3663
561.98,563.11,561.53,1773,562.93,2025-08-04T14:00:00Z,159602,562.372575
562.96,563.185,561.4,1161,562.0,2025-08-04T15:00:00Z,109323,562.136149
563.35,563.57,562.87,819,563.01,2025-08-04T16:00:00Z,72995,563.237434
563.335,563.68,562.78,539,563.345,2025-08-04T17:00:00Z,41691,563.437102
563.12,563.69,563.07,504,563.29,2025-08-04T18:00:00Z,36943,563.348278
564.11,564.305,563.0,1668,563.335,2025-08-04T19:00:00Z,198128,563.730605
565.28,565.4,563.82,45,564.13,2025-08-04T20:00:00Z,7048,564.706355
565.68,566.12,565.68,25,565.86,2025-08-05T12:00:00Z,2852,565.856724
566.05,566.56,564.38,1033,565.53,2025-08-05T13:00:00Z,76061,565.522078
561.37,565.59,560.36,1318,565.295,2025-08-05T14:00:00Z,88656,563.008999
560.65,562.23,559.79,1027,561.33,2025-08-05T15:00:00Z,73150,561.20376
561.33,562.35,560.38,662,560.765,2025-08-05T16:00:00Z,55079,561.423067
562.77,563.03,561.04,553,561.275,2025-08-05T17:00:00Z,43419,562.145222
560.52,562.935,559.865,818,562.78,2025-08-05T18:00:00Z,68580,561.499831
560.22,561.24,559.91,1358,560.5,2025-08-05T19:00:00Z,122929,560.469353
559.45,560.54,559.19,19,560.19,2025-08-05T20:00:00Z,4600,559.917127
561.23,561.23,561.23,1,561.23,2025-08-06T12:00:00Z,100,561.23
561.86,562.85,560.64,778,561.37,2025-08-06T13:00:00Z,61119,561.905637
563.8,563.88,561.12,1024,561.92,2025-08-06T14:00:00Z,83840,562.882458
565.9,566.08,563.3,940,563.9,2025-08-06T15:00:00Z,85749,564.774466
566.01,566.33,565.53,581,565.95,2025-08-06T16:00:00Z,50213,566.027286
566.03,566.595,565.75,578,565.98,2025-08-06T17:00:00Z,35175,566.137324
567.065,567.535,566.035,604,566.06,2025-08-06T18:00:00Z,55661,567.038297
567.31,567.75,566.92,1602,567.035,2025-08-06T19:00:00Z,183667,567.280076
566.96,567.19,566.75,22,566.98,2025-08-06T20:00:00Z,3916,566.966574
571.7,571.9,571.22,17,571.22,2025-08-07T12:00:00Z,1878,571.636538
572.9,572.99,570.91,949,572.04,2025-08-07T13:00:00Z,73927,571.97364
570.11,573.265,569.835,1129,573.03,2025-08-07T14:00:00Z,87825,571.330529
569.24,570.58,568.71,615,570.11,2025-08-07T15:00:00Z,39043,569.771473
568.33,569.45,566.75,555,569.16,2025-08-07T16:00:00Z,41450,568.54592
567.36,568.79,566.4,596,568.42,2025-08-07T17:00:00Z,32098,567.496039
567.07,567.42,565.14,1058,567.345,2025-08-07T18:00:00Z,63414,565.944961
569.22,569.245,566.41,1055,567.075,2025-08-07T19:00:00Z,100160,567.839369
569.35,569.93,569.24,33,569.66,2025-08-07T20:00:00Z,6707,569.599526
570.33,570.33,570.24,3,570.24,2025-08-08T12:00:00Z,500,570.294
572.805,572.97,570.19,1024,570.51,2025-08-08T13:00:00Z,87794,571.839803
573.065,574.235,572.49,1415,572.935,2025-08-08T14:00:00Z,93761,573.370252
573.66,573.74,572.215,859,573.12,2025-08-08T15:00:00Z,56339,573.234505
573.65,574.32,573.625,531,573.7,2025-08-08T16:00:00Z,39055,573.944036
574.26,574.275,573.255,556,573.57,2025-08-08T17:00:00Z,37756,573.815284
574.465,574.75,574.02,716,574.21,2025-08-08T18:00:00Z,44874,574.497461
574.595,574.68,573.685,1371,574.465,2025-08-08T19:00:00Z,169255,574.247259
575.66,575.66,574.59,50,574.71,2025-08-08T20:00:00Z,8478,575.146311
575.3,575.37,573.91,684,574.74,2025-08-11T13:00:00Z,49980,574.657879
575.09,575.89,574.81,711,575.36,2025-08-11T14:00:00Z,56418,575.383547
575.76,575.79,574.7,496,574.995,2025-08-11T15:00:00Z,37101,575.194088
575.18,576.74,575.18,467,575.84,2025-08-11T16:00:00Z,36877,575.979126
574.26,575.54,574.04,488,575.24,2025-08-11T17:00:00Z,31712,574.972419
573.99,574.32,573.26,501,574.32,2025-08-11T18:00:00Z,46063,573.951531
572.76,574.06,571.63,1005,573.955,2025-08-11T19:00:00Z,137571,572.730183
572.4,572.83,572.4,48,572.82,2025-08-11T20:00:00Z,6392,572.686642
576.11,577.15,573.35,39,573.35,2025-08-12T12:00:00Z,4124,576.535535
573.26,576.88,573.22,966,575.41,2025-08-12T13:00:00Z,68139,575.208482
576.19,576.29,572.495,1260,572.965,2025-08-12T14:00:00Z,84684,574.823456
578.41,578.41,576.195,913,576.21,2025-08-12T15:00:00Z,72307,577.568071
579.17,579.38,577.955,495,578.315,2025-08-12T16:00:00Z,57638,578.315501
579.51,579.55,578.89,695,579.145,2025-08-12T17:00:00Z,61965,579.265801
579.34,579.95,579.31,747,579.54,2025-08-12T18:00:00Z,50991,579.535306
580.03,580.34,579.24,1631,579.35,2025-08-12T19:00:00Z,160883,579.915427
580.44,580.44,579.89,38,580.09,2025-08-12T20:00:00Z,7236,580.012978
582.15,582.45,581.85,13,581.85,2025-08-13T12:00:00Z,1721,582.127857
582.17,583.3,581.86,603,582.82,2025-08-13T13:00:00Z,49749,582.70975
580.71,582.06,580.085,1134,582.05,2025-08-13T14:00:00Z,100561,581.10078
579.87,580.725,579.08,1100,580.7,2025-08-13T15:00:00Z,96531,580.058315
579.18,580.21,579.0,515,579.91,2025-08-13T16:00:00Z,44457,579.709857
580.25,580.41,579.215,552,579.215,2025-08-13T17:00:00Z,51941,579.728064
580.12,580.55,579.08,674,580.23,2025-08-13T18:00:00Z,52390,579.990589
580.43,580.625,579.59,1048,580.11,2025-08-13T19:00:00Z,122359,580.236573
579.91,580.58,579.83,59,580.5,2025-08-13T20:00:00Z,7588,580.231523
577.67,578.42,577.3,34,578.31,2025-08-14T12:00:00Z,3689,577.856939
580.2,580.79,577.47,1256,577.5,2025-08-14T13:00:00Z,98775,579.513374
580.67,581.87,579.49,1101,580.16,2025-08-14T14:00:00Z,100525,580.793498
580.1,580.71,578.46,934,580.71,2025-08-14T15:00:00Z,75197,579.724678
580.485,580.54,578.51,901,580.11,2025-08-14T16:00:00Z,70370,579.562158
580.9,581.2,580.31,671,580.48,2025-08-14T17:00:00Z,60791,580.676017
579.81,580.8,579.2,787,580.8,2025-08-14T18:00:00Z,47051,579.793542
579.87,580.745,579.78,1748,579.89,2025-08-14T19:00:00Z,155989,580.285796
578.99,579.68,578.76,47,579.55,2025-08-14T20:00:00Z,9188,579.131901
579.72,579.72,579.72,1,579.72,2025-08-15T12:00:00Z,191,579.72
577.27,580.09,576.48,1185,579.62,2025-08-15T13:00:00Z,114332,578.003538
577.11,579.07,576.57,1045,576.86,2025-08-15T14:00:00Z,92569,578.209427
577.05,577.94,575.59,1022,577.175,2025-08-15T15:00:00Z,103478,577.084603
577.57,577.735,576.24,795,576.78,2025-08-15T16:00:00Z,84761,576.887117
578.08,578.16,576.83,655,577.58,2025-08-15T17:00:00Z,69079,577.39013
577.32,578.24,577.03,691,578.05,2025-08-15T18:00:00Z,55511,577.624934
577.23,577.79,576.55,1308,577.375,2025-08-15T19:00:00Z,165065,577.300571
577.03,577.23,576.63,30,577.03,2025-08-15T20:00:00Z,5335,577.029891
576.46,576.46,576.16,6,576.27,2025-08-18T12:00:00Z,1006,576.325025
575.95,577.6,575.75,809,576.81,2025-08-18T13:00:00Z,75134,576.757555
576.35,577.72,575.25,1108,575.97,2025-08-18T14:00:00Z,101981,576.580665
575.91,576.76,575.49,686,576.65,2025-08-18T15:00:00Z,58295,576.073081
575.67,576.67,575.36,703,575.91,2025-08-18T16:00:00Z,59886,576.12613
576.19,577.16,575.635,810,575.64,2025-08-18T17:00:00Z,54586,576.339296
577.065,577.23,575.99,806,576.24,2025-08-18T18:00:00Z,62885,576.572315
577.18,577.57,576.88,975,577.07,2025-08-18T19:00:00Z,96559,577.195638
577.07,577.22,576.94,22,577.08,2025-08-18T20:00:00Z,3514,577.074347
576.06,576.06,576.06,2,576.06,2025-08-19T12:00:00Z,400,576.06
574.32,576.425,573.48,1282,575.94,2025-08-19T13:00:00Z,114558,574.570443
571.03,575.52,571.03,1382,574.31,2025-08-19T14:00:00Z,124754,573.403887
571.45,572.13,570.4,862,571.14,2025-08-19T15:00:00Z,66347,571.45833
569.64,571.9,569.385,823,571.51,2025-08-19T16:00:00Z,69520,570.605509
570.17,570.41,568.735,791,569.64,2025-08-19T17:00:00Z,76478,569.568224
569.12,570.17,568.7,772,570.17,2025-08-19T18:00:00Z,51140,569.328108
569.285,569.43,568.26,1507,568.99,2025-08-19T19:00:00Z,177897,568.977831
569.24,569.64,569.17,17,569.4,2025-08-19T20:00:00Z,3614,569.446313
568.32,568.33,567.78,13,568.06,2025-08-20T12:00:00Z,1400,568.22375
562.2,568.32,561.58,2033,567.93,2025-08-20T13:00:00Z,182024,565.00729
559.36,563.155,558.9,2417,562.07,2025-08-20T14:00:00Z,185177,560.687933
562.14,564.37,559.27,2112,559.27,2025-08-20T15:00:00Z,206997,562.305219
563.63,565.31,562.12,1397,562.16,2025-08-20T16:00:00Z,132600,564.236723
564.13,565.59,563.505,969,563.58,2025-08-20T17:00:00Z,85842,564.476945
563.88,564.73,562.68,1029,564.35,2025-08-20T18:00:00Z,85910,563.660182
565.84,566.82,563.95,1602,563.95,2025-08-20T19:00:00Z,153995,565.880645
565.61,565.96,565.48,38,565.96,2025-08-20T20:00:00Z,8836,565.681818
564.5,564.5,563.87,19,563.87,2025-08-21T12:00:00Z,1380,564.083333
562.83,564.99,562.32,1135,563.36,2025-08-21T13:00:00Z,110319,563.882876
565.18,566.445,562.04,1673,562.51,2025-08-21T14:00:00Z,150187,565.023514
562.97,565.58,562.88,1293,565.25,2025-08-21T15:00:00Z,99091,564.29213
561.995,563.24,561.81,779,563.01,2025-08-21T16:00:00Z,69289,562.729046
563.17,563.425,561.0,864,561.99,2025-08-21T17:00:00Z,78374,562.251353
563.5,563.65,562.46,662,563.19,2025-08-21T18:00:00Z,56825,563.106133
563.39,564.2,562.99,1257,563.44,2025-08-21T19:00:00Z,147625,563.428726
563.49,563.49,562.95,38,563.19,2025-08-21T20:00:00Z,7900,563.297077
564.62,566.54,563.34,1315,564.13,2025-08-22T13:00:00Z,102888,565.210111
572.91,573.8,564.8,1927,564.8,2025-08-22T14:00:00Z,191037,571.593224
571.99,573.985,571.99,1270,572.935,2025-08-22T15:00:00Z,82085,573.218296
570.92,572.57,570.59,950,572.06,2025-08-22T16:00:00Z,72566,571.623959
572.9,573.345,571.08,899,571.08,2025-08-22T17:00:00Z,60655,572.371501
572.49,573.185,572.455,608,573.015,2025-08-22T18:00:00Z,48459,572.825927
572.11,572.585,571.15,1676,572.515,2025-08-22T19:00:00Z,161627,571.975077
572.29,572.45,571.76,26,572.03,2025-08-22T20:00:00Z,5369,572.200369
569.99,569.99,569.99,5,569.99,2025-08-25T12:00:00Z,360,569.99
570.91,570.915,569.2,864,570.06,2025-08-25T13:00:00Z,78249,570.04962
572.2,572.27,570.76,811,570.96,2025-08-25T14:00:00Z,67071,571.60904
572.94,573.27,572.06,667,572.17,2025-08-25T15:00:00Z,56245,572.684071
572.85,573.22,572.68,398,572.915,2025-08-25T16:00:00Z,34665,572.960697
572.34,572.835,571.95,478,572.8,2025-08-25T17:00:00Z,38238,572.427347
571.755,572.49,571.67,636,572.37,2025-08-25T18:00:00Z,48309,572.113564
570.275,572.25,570.21,1415,571.78,2025-08-25T19:00:00Z,164808,571.307564
570.53,570.88,570.17,38,570.17,2025-08-25T20:00:00Z,5843,570.640933
570.33,570.84,568.84,742,569.82,2025-08-26T13:00:00Z,60590,570.158769
571.07,571.81,570.26,733,570.41,2025-08-26T14:00:00Z,48101,571.066921
571.0,571.4,570.39,526,571.06,2025-08-26T15:00:00Z,39183,570.948277
571.48,571.82,571.09,357,571.09,2025-08-26T16:00:00Z,23471,571.438009
570.655,571.57,570.09,418,571.42,2025-08-26T17:00:00Z,32757,571.066428
571.715,571.91,570.55,527,570.55,2025-08-26T18:00:00Z,53476,571.11287
572.65,572.9,571.345,1115,571.715,2025-08-26T19:00:00Z,122711,572.14381
573.14,573.19,572.66,39,572.67,2025-08-26T20:00:00Z,6803,573.002617
572.5,572.5,572.46,3,572.46,2025-08-27T12:00:00Z,600,572.478182
571.46,572.2,570.38,930,571.99,2025-08-27T13:00:00Z,94535,571.376077
573.075,573.39,571.35,917,571.38,2025-08-27T14:00:00Z,72046,572.666649
573.61,573.74,572.45,617,573.135,2025-08-27T15:00:00Z,47648,573.105722
573.12,573.595,571.68,627,573.565,2025-08-27T16:00:00Z,45156,572.760004
573.61,573.61,572.75,421,573.09,2025-08-27T17:00:00Z,29495,573.140187
573.66,574.39,573.46,621,573.535,2025-08-27T18:00:00Z,46669,573.930862
573.55,574.14,572.01,1493,573.685,2025-08-27T19:00:00Z,134722,573.42979
571.22,573.64,569.03,77,573.6,2025-08-27T20:00:00Z,13899,571.857682
573.81,573.81,573.81,2,573.81,2025-08-28T12:00:00Z,150,573.81
573.21,576.51,572.47,1330,574.08,2025-08-28T13:00:00Z,127192,574.915288
575.84,576.21,573.01,1407,573.57,2025-08-28T14:00:00Z,132002,574.600982
575.225,576.74,574.81,953,575.91,2025-08-28T15:00:00Z,89156,575.711867
576.27,577.03,575.11,1022,575.2,2025-08-28T16:00:00Z,92766,576.372604
577.1,577.23,576.06,989,576.27,2025-08-28T17:00:00Z,95592,576.873665
577.63,577.725,577.0,862,577.08,2025-08-28T18:00:00Z,74509,577.359127
577.05,577.98,577.05,2461,577.645,2025-08-28T19:00:00Z,328020,577.445874
577.03,577.03,576.81,57,576.94,2025-08-28T20:00:00Z,6108,576.931594
574.66,574.66,574.65,6,574.65,2025-08-29T12:00:00Z,475,574.655
571.4,574.985,571.22,1021,574.76,2025-08-29T13:00:00Z,107461,572.924334
569.4,572.215,569.095,1443,571.25,2025-08-29T14:00:00Z,115676,570.422144
569.3,570.93,569.27,3040,569.345,2025-08-29T15:00:00Z,173851,569.970783
570.43,570.73,569.325,5634,569.325,2025-08-29T16:00:00Z,294787,570.091345
569.97,570.39,568.55,6085,570.39,2025-08-29T17:00:00Z,314891,569.555388
569.92,570.15,569.49,8121,569.96,2025-08-29T18:00:00Z,404399,569.792559
570.31,570.835,569.22,15324,569.97,2025-08-29T19:00:00Z,860039,569.989405
570.04,570.53,569.83,79,570.52,2025-08-29T20:00:00Z,8914,570.068917
561.83,562.76,561.83,18,562.64,2025-09-02T12:00:00Z,2604,562.111304
564.48,565.19,559.54,1610,561.57,2025-09-02T13:00:00Z,124423,562.734292
562.85,565.67,562.27,1220,564.74,2025-09-02T14:00:00Z,98875,564.114978
559.96,563.22,559.6,952,562.945,2025-09-02T15:00:00Z,86052,561.134351
561.98,562.06,559.88,798,560.36,2025-09-02T16:00:00Z,70200,560.681707
563.53,564.33,561.53,840,561.99,2025-09-02T17:00:00Z,73928,563.061396
563.54,564.49,562.75,708,563.45,2025-09-02T18:00:00Z,65769,563.478784
565.69,565.93,563.49,1496,563.77,2025-09-02T19:00:00Z,164497,565.117961
568.01,568.11,565.51,147,565.53,2025-09-02T20:00:00Z,17973,567.391627
569.3,569.44,569.29,5,569.34,2025-09-03T12:00:00Z,855,569.328679
568.25,569.73,568.01,615,569.41,2025-09-03T13:00:00Z,57640,568.712375
571.325,571.69,568.19,1097,568.34,2025-09-03T14:00:00Z,102536,570.109102
569.03,571.49,568.85,799,571.31,2025-09-03T15:00:00Z,72443,570.222109
568.99,570.21,568.57,546,569.01,2025-09-03T16:00:00Z,53912,569.190345
567.945,570.13,567.56,729,568.97,2025-09-03T17:00:00Z,61698,568.776552
567.22,567.865,566.78,659,567.865,2025-09-03T18:00:00Z,53600,567.351817
569.99,570.03,567.045,1638,567.21,2025-09-03T19:00:00Z,183654,568.849906
570.15,570.32,569.99,81,570.06,2025-09-03T20:00:00Z,12250,570.174105
570.71,571.19,570.57,8,571.19,2025-09-04T12:00:00Z,1011,570.865556
570.705,572.31,570.24,1011,570.43,2025-09-04T13:00:00Z,97001,570.937103
571.73,571.83,569.08,1063,570.6,2025-09-04T14:00:00Z,99327,570.522195
572.17,572.49,571.09,811,571.79,2025-09-04T15:00:00Z,65109,571.951966
572.21,572.75,571.605,393,572.125,2025-09-04T16:00:00Z,31727,572.18334
573.22,573.68,572.39,761,572.42,2025-09-04T17:00:00Z,55660,573.04728
574.09,574.205,573.275,1013,573.28,2025-09-04T18:00:00Z,81426,573.820766
575.26,575.58,574.02,2084,574.12,2025-09-04T19:00:00Z,248338,574.930362
575.87,576.07,575.14,28,575.3,2025-09-04T20:00:00Z,5460,575.431234
580.4,580.4,578.55,7,578.66,2025-09-05T12:00:00Z,1000,579.151111
579.96,580.885,579.24,1029,580.52,2025-09-05T13:00:00Z,115745,580.007719
572.55,579.53,572.5,1473,579.41,2025-09-05T14:00:00Z,145151,575.803555
574.165,575.47,571.73,923,572.6,2025-09-05T15:00:00Z,91464,573.661496
575.12,575.23,573.765,586,574.255,2025-09-05T16:00:00Z,53664,574.468524
574.165,575.31,573.54,553,575.055,2025-09-05T17:00:00Z,42171,574.483696
575.0,575.255,574.0,576,574.16,2025-09-05T18:00:00Z,43674,574.752333
576.085,576.085,574.89,1331,575.165,2025-09-05T19:00:00Z,138237,575.472462
575.59,575.92,575.46,46,575.92,2025-09-05T20:00:00Z,8532,575.703282
579.85,580.555,578.07,1265,578.07,2025-09-08T13:00:00Z,105360,579.606967
580.16,580.83,578.91,1237,579.9,2025-09-08T14:00:00Z,114452,580.016094
580.48,580.725,579.47,1229,580.14,2025-09-08T15:00:00Z,115216,580.197201
579.0,580.48,578.55,909,580.48,2025-09-08T16:00:00Z,84050,579.497063
578.17,579.09,577.895,992,579.0,2025-09-08T17:00:00Z,74197,578.668391
578.57,579.18,578.165,840,578.3,2025-09-08T18:00:00Z,51053,578.723978
578.805,579.01,577.79,1455,578.6,2025-09-08T19:00:00Z,160722,578.534024
578.7,578.9,578.6,61,578.68,2025-09-08T20:00:00Z,19729,578.734871
579.83,580.0,579.83,6,580.0,2025-09-09T12:00:00Z,570,579.887447
579.03,580.1,578.855,720,579.24,2025-09-09T13:00:00Z,54340,579.555642
578.52,580.0,577.07,1483,579.35,2025-09-09T14:00:00Z,122071,578.521435
578.52,579.09,577.745,868,578.68,2025-09-09T15:00:00Z,79520,578.295013
579.37,579.6,578.405,1025,578.45,2025-09-09T16:00:00Z,90881,579.09593
579.74,580.15,579.365,750,579.4,2025-09-09T17:00:00Z,82661,579.780486
579.88,579.975,579.385,751,579.75,2025-09-09T18:00:00Z,77394,579.761109
580.48,580.93,579.68,2018,579.88,2025-09-09T19:00:00Z,207245,580.348276
580.95,581.57,580.11,196,580.41,2025-09-09T20:00:00Z,21138,580.807796
583.87,584.64,582.46,37,582.46,2025-09-10T12:00:00Z,3665,583.804837
581.97,583.99,581.38,1673,583.87,2025-09-10T13:00:00Z,149336,582.311992
582.95,583.43,581.91,1432,581.98,2025-09-10T14:00:00Z,125732,582.95187
582.53,583.19,581.87,1255,582.95,2025-09-10T15:00:00Z,117673,582.618801
581.85,582.47,581.26,852,582.47,2025-09-10T16:00:00Z,76324,581.815215
581.27,582.24,580.74,896,581.92,2025-09-10T17:00:00Z,75177,581.4232
580.42,581.26,579.79,1077,581.235,2025-09-10T18:00:00Z,104321,580.563635
580.75,581.14,578.57,1873,580.39,2025-09-10T19:00:00Z,187455,580.188424
580.48,580.94,580.48,54,580.66,2025-09-10T20:00:00Z,9067,580.705152
582.7,582.87,582.46,6,582.46,2025-09-11T12:00:00Z,510,582.676667
583.23,583.69,581.64,1236,582.66,2025-09-11T13:00:00Z,101997,582.635178
583.86,584.22,582.55,1469,583.295,2025-09-11T14:00:00Z,138073,583.442153
584.375,584.87,583.84,1180,583.84,2025-09-11T15:00:00Z,101345,584.389207
584.03,584.82,583.68,926,584.37,2025-09-11T16:00:00Z,84867,584.351163
584.58,584.6,583.75,1007,584.04,2025-09-11T17:00:00Z,82260,584.266841
584.6,584.79,584.15,894,584.585,2025-09-11T18:00:00Z,74550,584.463368
584.075,584.86,584.02,1958,584.58,2025-09-11T19:00:00Z,208680,584.527994
584.03,584.33,583.94,66,583.98,2025-09-11T20:00:00Z,19200,584.107135
584.71,584.82,584.71,5,584.82,2025-09-12T12:00:00Z,560,584.767727
585.2,585.54,584.12,847,585.17,2025-09-12T13:00:00Z,76043,584.786808
586.58,586.79,584.76,1496,585.07,2025-09-12T14:00:00Z,136432,585.840012
586.34,586.72,585.82,1042,586.64,2025-09-12T15:00:00Z,91141,586.242667
586.69,586.97,585.865,1302,586.12,2025-09-12T16:00:00Z,185034,586.598959
587.01,587.11,586.24,1253,586.69,2025-09-12T17:00:00Z,134605,586.613203
587.75,587.85,586.75,1287,587.02,2025-09-12T18:00:00Z,121346,587.19552
586.66,587.83,586.13,2058,587.74,2025-09-12T19:00:00Z,203716,586.971856
586.77,586.8,586.4,34,586.4,2025-09-12T20:00:00Z,8364,586.610145
588.03,588.23,587.64,5,588.23,2025-09-15T12:00:00Z,470,587.966667
590.44,590.45,588.31,1065,588.455,2025-09-15T13:00:00Z,77129,589.551648
590.385,590.53,589.76,1138,590.46,2025-09-15T14:00:00Z,76835,590.194035
590.94,591.09,589.98,1062,590.5,2025-09-15T15:00:00Z,72940,590.411988
590.7,591.18,590.52,766,590.925,2025-09-15T16:00:00Z,48812,590.83653
591.105,591.105,590.22,773,590.565,2025-09-15T17:00:00Z,47905,590.56842
590.63,591.14,590.1,795,591.08,2025-09-15T18:00:00Z,57721,590.715004
591.645,591.77,590.495,2013,590.675,2025-09-15T19:00:00Z,194958,591.160026
592.76,592.76,592.76,3,592.76,2025-09-16T12:00:00Z,300,592.76
591.34,592.95,591.03,1252,592.79,2025-09-16T13:00:00Z,96766,591.920557
591.365,591.89,591.0,1291,591.25,2025-09-16T14:00:00Z,96105,591.491284
590.73,591.46,590.59,977,591.415,2025-09-16T15:00:00Z,73009,591.007551
591.09,591.3,590.5,749,590.71,2025-09-16T16:00:00Z,59385,590.915136
591.325,591.63,591.07,739,591.13,2025-09-16T17:00:00Z,58881,591.320807
591.685,591.715,591.115,790,591.35,2025-09-16T18:00:00Z,55216,591.380575
591.15,592.04,591.02,1734,591.71,2025-09-16T19:00:00Z,155349,591.560115
591.46,591.6,591.26,32,591.45,2025-09-16T20:00:00Z,5870,591.4194
591.0,591.01,591.0,3,591.01,2025-09-17T12:00:00Z,660,591.005
589.99,591.54,589.68,1129,591.04,2025-09-17T13:00:00Z,86676,590.525961
588.65,590.015,588.41,1269,589.95,2025-09-17T14:00:00Z,96431,589.268924
588.375,589.16,588.16,1093,588.62,2025-09-17T15:00:00Z,90443,588.521982
587.87,588.59,587.525,1348,588.32,2025-09-17T16:00:00Z,96390,588.036733
589.22,589.29,587.87,1186,587.92,2025-09-17T17:00:00Z,80569,588.613253
588.06,591.075,584.41,2183,589.77,2025-09-17T18:00:00Z,211797,587.40239
590.06,591.72,587.795,2694,588.035,2025-09-17T19:00:00Z,248233,589.966395
590.3,590.96,590.06,37,590.06,2025-09-17T20:00:00Z,5261,590.670113
595.51,596.92,595.51,15,596.92,2025-09-18T12:00:00Z,1893,596.14303
595.31,595.7,593.03,1595,594.57,2025-09-18T13:00:00Z,114724,594.613953
596.16,597.97,595.27,1695,595.27,2025-09-18T14:00:00Z,134593,596.75292
596.395,598.1,596.01,1353,596.285,2025-09-18T15:00:00Z,111198,597.095785
597.45,597.59,595.91,1155,596.24,2025-09-18T16:00:00Z,86739,597.053739
596.27,597.685,595.935,970,597.46,2025-09-18T17:00:00Z,78175,596.792847
596.74,596.93,596.055,849,596.1,2025-09-18T18:00:00Z,69560,596.50423
595.37,596.76,595.33,2310,596.73,2025-09-18T19:00:00Z,238701,595.862239
595.84,595.84,595.06,48,595.29,2025-09-18T20:00:00Z,8830,595.430425
596.8,596.8,596.69,11,596.69,2025-09-19T12:00:00Z,700,596.7475
597.83,598.4,596.6,1068,596.76,2025-09-19T13:00:00Z,85228,597.406588
597.21,598.19,596.53,1385,597.84,2025-09-19T14:00:00Z,127071,597.56796
597.34,597.51,595.95,1116,597.245,2025-09-19T15:00:00Z,86335,596.69087
598.53,598.81,597.35,1271,597.39,2025-09-19T16:00:00Z,101053,598.176915
598.4,598.675,597.935,579,598.46,2025-09-19T17:00:00Z,49955,598.341817
598.55,598.63,598.095,647,598.27,2025-09-19T18:00:00Z,44936,598.35055
599.45,600.05,598.465,2276,598.55,2025-09-19T19:00:00Z,260243,599.271226
599.47,599.86,599.41,55,599.47,2025-09-19T20:00:00Z,15400,599.618033
596.71,596.71,596.71,1,596.71,2025-09-22T12:00:00Z,100,596.71
599.2,599.36,597.42,1111,597.42,2025-09-22T13:00:00Z,116489,598.60758
600.44,600.555,598.83,1778,599.25,2025-09-22T14:00:00Z,132433,599.669083
600.135,600.695,599.78,1155,600.44,2025-09-22T15:00:00Z,118375,600.230107
601.82,602.07,600.175,1719,600.2,2025-09-22T16:00:00Z,163499,601.268671
601.94,602.185,601.6,959,601.87,2025-09-22T17:00:00Z,81133,601.921519
602.51,602.62,601.89,769,601.935,2025-09-22T18:00:00Z,79632,602.301357
602.24,602.86,602.0,2029,602.55,2025-09-22T19:00:00Z,222706,602.413807
602.12,602.21,601.82,48,601.91,2025-09-22T20:00:00Z,15001,602.002341
602.48,602.48,602.1,10,602.1,2025-09-23T12:00:00Z,770,602.195
600.88,602.48,600.72,1017,602.41,2025-09-23T13:00:00Z,91898,601.435004
600.97,601.67,600.65,1422,600.72,2025-09-23T14:00:00Z,145538,601.097629
600.97,601.565,600.64,817,600.98,2025-09-23T15:00:00Z,86969,601.109158
600.57,601.14,600.265,820,601.065,2025-09-23T16:00:00Z,80885,600.786151
598.36,600.565,597.01,1499,600.53,2025-09-23T17:00:00Z,179455,599.203135
597.295,598.56,597.17,978,598.41,2025-09-23T18:00:00Z,104901,597.862025
598.16,598.45,597.245,1750,597.275,2025-09-23T19:00:00Z,173063,597.932422
598.21,598.77,598.08,44,598.36,2025-09-23T20:00:00Z,8591,598.388958
599.33,599.45,599.3,11,599.32,2025-09-24T12:00:00Z,1700,599.361472
598.05,599.775,597.24,1047,599.46,2025-09-24T13:00:00Z,90751,598.265596
597.36,598.45,597.3,1171,597.935,2025-09-24T14:00:00Z,104245,597.895028
594.6,597.71,594.58,1394,597.385,2025-09-24T15:00:00Z,119712,596.417533
594.66,595.2,593.39,1562,594.63,2025-09-24T16:00:00Z,160261,594.388648
595.35,596.45,594.69,998,594.695,2025-09-24T17:00:00Z,97831,595.584704
596.06,596.09,594.74,1075,595.32,2025-09-24T18:00:00Z,102931,595.303055
596.0,596.28,595.115,1739,596.035,2025-09-24T19:00:00Z,164907,595.774764
596.23,596.42,596.12,32,596.25,2025-09-24T20:00:00Z,8536,596.266249
591.93,593.23,591.71,24,593.23,2025-09-25T12:00:00Z,3390,592.210515
588.99,592.29,588.52,1569,591.72,2025-09-25T13:00:00Z,123866,589.970692
593.635,594.11,589.13,1782,589.57,2025-09-25T14:00:00Z,167019,592.858702
594.68,595.1,592.42,1409,593.62,2025-09-25T15:00:00Z,129371,593.785025
593.4,594.99,593.13,1158,594.69,2025-09-25T16:00:00Z,108422,594.099743
590.79,593.83,590.68,1218,593.37,2025-09-25T17:00:00Z,110361,592.309191
593.425,593.71,589.3,2102,590.77,2025-09-25T18:00:00Z,195790,591.594869
593.37,593.86,592.605,2007,593.325,2025-09-25T19:00:00Z,244715,593.247916
593.7,593.83,593.07,35,593.65,2025-09-25T20:00:00Z,7859,593.48368
595.62,596.36,595.37,19,595.37,2025-09-26T12:00:00Z,1415,595.729091
595.43,595.74,593.05,1062,595.07,2025-09-26T13:00:00Z,82582,594.990939
592.11,596.16,591.09,1731,595.62,2025-09-26T14:00:00Z,142580,593.114296
592.615,593.85,591.75,982,592.195,2025-09-26T15:00:00Z,88039,592.909524
595.29,595.3,592.39,984,592.52,2025-09-26T16:00:00Z,75660,594.180455
595.2,595.8,594.59,985,595.145,2025-09-26T17:00:00Z,85882,595.297484
596.02,596.18,594.76,1032,595.135,2025-09-26T18:00:00Z,81092,595.644993
596.015,596.26,595.42,2005,596.05,2025-09-26T19:00:00Z,207772,595.918317
596.42,596.52,596.11,30,596.13,2025-09-26T20:00:00Z,6343,596.338232
600.33,600.34,600.33,6,600.34,2025-09-29T12:00:00Z,490,600.3325
601.3,601.55,599.08,983,600.16,2025-09-29T13:00:00Z,97807,600.497337
600.9,601.96,600.69,1429,601.425,2025-09-29T14:00:00Z,125446,601.385224
599.01,601.22,598.66,1016,600.94,2025-09-29T15:00:00Z,98085,599.782458
598.76,599.475,598.45,718,599.11,2025-09-29T16:00:00Z,66746,598.962504
598.97,599.08,597.985,868,598.715,2025-09-29T17:00:00Z,84287,598.611947
598.91,599.53,598.78,789,598.985,2025-09-29T18:00:00Z,62223,599.114924
598.83,598.99,597.45,1898,598.905,2025-09-29T19:00:00Z,210539,598.476712
598.07,598.84,598.07,24,598.83,2025-09-29T20:00:00Z,4307,598.646207
598.8,598.8,598.3,15,598.35,2025-09-30T12:00:00Z,1685,598.57037
597.635,598.68,596.13,877,598.68,2025-09-30T13:00:00Z,78350,597.216371
598.91,599.18,596.74,1198,597.67,2025-09-30T14:00:00Z,90840,597.740402
598.15,599.39,596.885,949,598.94,2025-09-30T15:00:00Z,78692,598.096069
597.545,598.86,597.22,585,598.21,2025-09-30T16:00:00Z,45921,598.047125
597.19,597.87,596.35,582,597.475,2025-09-30T17:00:00Z,45265,597.066876
598.875,599.18,597.06,687,597.25,2025-09-30T18:00:00Z,57012,598.354312
600.33,600.705,598.515,1653,598.865,2025-09-30T19:00:00Z,173588,599.802007
599.05,600.34,598.89,30,600.3,2025-09-30T20:00:00Z,7657,599.64042
597.56,597.88,597.46,20,597.79,2025-10-01T12:00:00Z,2583,597.730224
597.39,599.045,596.37,945,597.75,2025-10-01T13:00:00Z,73130,597.763553
600.41,600.78,597.17,1182,597.17,2025-10-01T14:00:00Z,79311,599.777016
601.265,601.44,599.99,939,600.53,2025-10-01T15:00:00Z,79010,600.831952
601.84,601.87,601.23,791,601.345,2025-10-01T16:00:00Z,58053,601.512878
602.53,602.67,601.78,782,601.84,2025-10-01T17:00:00Z,64905,602.252711
603.51,603.73,602.4,680,602.525,2025-10-01T18:00:00Z,53077,603.261899
603.28,603.78,603.06,1930,603.495,2025-10-01T19:00:00Z,189701,603.519987
603.17,603.25,602.85,60,603.05,2025-10-01T20:00:00Z,10635,602.981965
606.71,606.81,606.71,9,606.72,2025-10-02T12:00:00Z,976,606.765556
604.61,607.35,603.55,1018,607.23,2025-10-02T13:00:00Z,68684,605.37329
603.59,605.275,603.57,1168,604.54,2025-10-02T14:00:00Z,98463,604.638502
605.0,605.07,603.0,737,603.59,2025-10-02T15:00:00Z,64287,604.016614
604.98,605.0,604.11,451,604.96,2025-10-02T16:00:00Z,41002,604.616156
605.21,605.7,604.585,605,604.935,2025-10-02T17:00:00Z,51785,605.16946
605.85,605.95,605.07,650,605.175,2025-10-02T18:00:00Z,59236,605.617555
605.77,606.14,605.295,1298,605.835,2025-10-02T19:00:00Z,138788,605.734596
605.63,606.08,605.6,45,605.78,2025-10-02T20:00:00Z,11565,605.947486
606.51,606.51,606.51,4,606.51,2025-10-03T12:00:00Z,370,606.51
605.85,607.3,605.73,723,606.32,2025-10-03T13:00:00Z,56367,606.646457
606.09,606.31,604.54,1034,605.52,2025-10-03T14:00:00Z,90634,605.485278
606.715,606.905,605.71,727,606.04,2025-10-03T15:00:00Z,65841,606.3444
606.12,607.01,605.88,603,606.74,2025-10-03T16:00:00Z,55258,606.571015
602.62,606.025,601.41,1062,606.025,2025-10-03T17:00:00Z,99500,603.951321
603.46,604.27,601.46,922,602.545,2025-10-03T18:00:00Z,94593,602.789848
603.09,603.94,602.775,1550,603.47,2025-10-03T19:00:00Z,186586,603.218307
602.85,603.35,602.65,42,603.32,2025-10-03T20:00:00Z,8714,602.819192
608.05,608.57,607.91,14,608.57,2025-10-06T12:00:00Z,1543,608.095684
607.07,608.595,606.115,1189,607.84,2025-10-06T13:00:00Z,85232,607.183412
606.915,607.69,606.215,1400,607.035,2025-10-06T14:00:00Z,91543,606.997404
608.305,608.46,606.76,887,606.98,2025-10-06T15:00:00Z,68083,607.569448
608.16,608.37,607.73,752,608.31,2025-10-06T16:00:00Z,68737,608.107613
608.81,608.86,607.735,742,608.175,2025-10-06T17:00:00Z,61511,608.431494
609.07,609.34,608.58,964,608.715,2025-10-06T18:00:00Z,93823,608.893005
607.68,609.015,607.63,2007,609.015,2025-10-06T19:00:00Z,215890,608.131716
607.71,607.82,607.53,91,607.68,2025-10-06T20:00:00Z,24959,607.634636
609.25,609.25,608.66,13,608.66,2025-10-07T12:00:00Z,635,608.913333
609.115,609.69,608.665,918,609.59,2025-10-07T13:00:00Z,69629,609.200497
607.83,609.51,607.58,1762,609.18,2025-10-07T14:00:00Z,124534,608.603245
604.2,607.9,603.03,1860,607.84,2025-10-07T15:00:00Z,142475,605.169342
603.92,605.58,603.42,1315,604.14,2025-10-07T16:00:00Z,97116,604.461981
603.76,604.95,603.76,676,604.005,2025-10-07T17:00:00Z,37034,604.338183
604.645,604.67,603.25,740,603.76,2025-10-07T18:00:00Z,47543,604.142424
604.47,605.09,604.06,1131,604.655,2025-10-07T19:00:00Z,93859,604.520304
604.76,604.89,604.58,44,604.64,2025-10-07T20:00:00Z,8546,604.693763
605.25,605.25,605.25,1,605.25,2025-10-08T12:00:00Z,100,605.25
607.56,607.8,605.3,872,605.48,2025-10-08T13:00:00Z,70997,606.737872
607.98,608.88,607.59,1511,607.71,2025-10-08T14:00:00Z,124850,608.311188
609.515,609.685,608.03,1108,608.13,2025-10-08T15:00:00Z,84171,609.000646
609.47,610.05,609.03,1024,609.525,2025-10-08T16:00:00Z,82378,609.517133
610.03,610.245,609.2,927,609.5,2025-10-08T17:00:00Z,58038,609.775858
609.96,610.58,609.85,1256,610.03,2025-10-08T18:00:00Z,76249,610.232139
611.45,611.74,609.93,2119,609.96,2025-10-08T19:00:00Z,273597,611.190212
611.95,612.11,611.39,62,611.42,2025-10-08T20:00:00Z,13625,611.601349
610.53,611.59,609.7,963,611.47,2025-10-09T13:00:00Z,84542,610.627524
609.59,610.51,608.27,1115,610.16,2025-10-09T14:00:00Z,99252,609.628395
610.02,610.175,608.38,737,609.755,2025-10-09T15:00:00Z,72466,609.388279
608.5,610.15,608.35,636,610.01,2025-10-09T16:00:00Z,55579,609.40807
608.83,609.14,607.5,672,608.42,2025-10-09T17:00:00Z,54920,608.352984
609.27,609.42,608.105,555,608.83,2025-10-09T18:00:00Z,45164,608.816877
610.74,610.74,609.21,1346,609.26,2025-10-09T19:00:00Z,132191,610.117728
610.43,610.78,610.3,23,610.71,2025-10-09T20:00:00Z,5454,610.499508
610.98,611.9,610.98,13,611.9,2025-10-10T12:00:00Z,1070,611.444806
612.5,613.12,611.09,886,611.34,2025-10-10T13:00:00Z,66576,612.305084
608.405,612.64,607.17,1250,612.57,2025-10-10T14:00:00Z,92317,611.559458
599.74,608.32,596.08,3097,608.32,2025-10-10T15:00:00Z,242319,601.258117
595.91,600.07,595.52,1572,599.33,2025-10-10T16:00:00Z,99705,598.101835
596.23,597.89,594.42,1654,595.49,2025-10-10T17:00:00Z,107682,596.127486
593.98,597.04,593.65,1357,596.03,2025-10-10T18:00:00Z,81619,595.436574
589.62,595.02,589.09,3373,594.32,2025-10-10T19:00:00Z,365413,591.422084
589.9,590.54,589.4,131,589.55,2025-10-10T20:00:00Z,17108,590.022678
598.65,599.87,598.65,14,599.14,2025-10-13T12:00:00Z,1591,599.178513
601.1,601.24,597.335,1575,600.0,2025-10-13T13:00:00Z,134100,599.326333
598.02,601.71,597.695,1847,601.14,2025-10-13T14:00:00Z,178812,600.321696
601.24,601.4,597.76,1123,598.06,2025-10-13T15:00:00Z,105191,600.08263
602.59,602.73,600.8,1445,601.34,2025-10-13T16:00:00Z,122892,601.676803
602.06,602.77,601.245,962,602.6,2025-10-13T17:00:00Z,84863,601.98291
601.45,602.95,601.21,1147,602.08,2025-10-13T18:00:00Z,88467,602.086165
602.08,602.61,601.09,1632,601.485,2025-10-13T19:00:00Z,171716,602.099233
601.64,602.02,601.51,88,602.02,2025-10-13T20:00:00Z,14072,601.826786
593.83,595.45,590.2,1359,595.45,2025-10-14T13:00:00Z,111136,592.650283
596.49,597.76,593.38,2344,593.805,2025-10-14T14:00:00Z,184755,595.874572
599.22,600.04,596.54,1591,596.655,2025-10-14T15:00:00Z,137556,598.045964
601.36,602.69,598.29,1399,599.405,2025-10-14T16:00:00Z,134533,600.923035
601.5,602.38,600.595,1172,601.0,2025-10-14T17:00:00Z,97356,601.80127
601.39,602.13,601.08,763,601.56,2025-10-14T18:00:00Z,53292,601.623366
598.08,602.1,596.53,1550,601.575,2025-10-14T19:00:00Z,148879,599.243591
598.0,598.31,596.81,53,598.04,2025-10-14T20:00:00Z,10274,597.528084
604.37,604.37,603.83,18,603.88,2025-10-15T12:00:00Z,1829,604.024311
604.28,604.46,601.6,1094,604.02,2025-10-15T13:00:00Z,81822,603.085039
606.31,606.65,604.315,1638,604.41,2025-10-15T14:00:00Z,117822,605.972648
602.36,606.58,601.04,1147,606.46,2025-10-15T15:00:00Z,104576,603.861043
601.61,603.76,601.51,688,602.52,2025-10-15T16:00:00Z,61261,602.746878
601.68,601.88,596.01,922,601.32,2025-10-15T17:00:00Z,81099,599.161556
602.84,602.94,600.745,669,601.79,2025-10-15T18:00:00Z,57097,601.909581
602.18,602.87,600.29,1254,602.87,2025-10-15T19:00:00Z,124402,601.773369
602.25,602.91,602.09,61,602.3,2025-10-15T20:00:00Z,9468,602.511302
605.07,605.07,605.07,1,605.07,2025-10-16T12:00:00Z,200,605.07
605.78,607.0,604.66,845,605.09,2025-10-16T13:00:00Z,65428,605.711985
606.6,608.285,604.54,1194,605.6,2025-10-16T14:00:00Z,102149,606.339745
603.34,607.12,602.9,1183,606.65,2025-10-16T15:00:00Z,93980,605.008065
602.42,603.88,597.82,1315,603.205,2025-10-16T16:00:00Z,124185,600.974609
600.43,603.16,599.995,996,602.28,2025-10-16T17:00:00Z,76537,601.390725
599.24,600.915,595.535,1205,600.75,2025-10-16T18:00:00Z,95742,597.818499
600.06,600.3,596.76,1376,599.29,2025-10-16T19:00:00Z,119836,598.87745
599.01,600.24,598.0,27,600.24,2025-10-16T20:00:00Z,4073,598.937587
598.97,598.97,598.96,4,598.96,2025-10-17T12:00:00Z,220,598.965
599.94,601.41,596.47,777,598.12,2025-10-17T13:00:00Z,62110,599.090618
598.58,603.22,598.22,1498,599.93,2025-10-17T14:00:00Z,118633,600.652992
600.53,601.17,596.56,960,598.545,2025-10-17T15:00:00Z,67080,599.081545
601.89,603.53,600.64,896,600.655,2025-10-17T16:00:00Z,76221,602.157807
602.65,602.91,600.17,797,601.81,2025-10-17T17:00:00Z,69014,601.500116
604.13,604.83,602.76,735,602.78,2025-10-17T18:00:00Z,59105,603.775459
603.84,605.5,603.76,1204,604.16,2025-10-17T19:00:00Z,116427,604.320285
604.97,605.05,603.67,61,603.67,2025-10-17T20:00:00Z,9352,604.384199
607.38,607.38,606.33,29,606.33,2025-10-20T12:00:00Z,2862,606.924
609.57,610.04,607.08,867,607.71,2025-10-20T13:00:00Z,69266,609.124278
611.82,611.99,609.42,1371,609.77,2025-10-20T14:00:00Z,96314,610.765141
611.83,612.56,611.27,1148,611.86,2025-10-20T15:00:00Z,83845,611.876431
611.84,612.12,611.285,645,611.88,2025-10-20T16:00:00Z,46796,611.683979
612.35,612.77,611.825,720,611.89,2025-10-20T17:00:00Z,47663,612.400668
612.16,612.765,611.74,787,612.34,2025-10-20T18:00:00Z,61793,612.274337
611.54,612.36,611.46,2221,612.165,2025-10-20T19:00:00Z,211705,611.988814
611.99,611.99,611.61,34,611.69,2025-10-20T20:00:00Z,7110,611.789209
611.55,611.82,611.55,13,611.57,2025-10-21T12:00:00Z,1376,611.714868
610.01,611.71,609.61,700,611.36,2025-10-21T13:00:00Z,59288,610.716633
611.61,611.66,609.365,1054,610.05,2025-10-21T14:00:00Z,74973,610.399256
612.13,612.22,610.47,662,611.605,2025-10-21T15:00:00Z,60204,611.391507
611.31,612.72,611.08,723,612.12,2025-10-21T16:00:00Z,60604,612.176085
611.84,611.93,610.37,766,611.16,2025-10-21T17:00:00Z,67998,611.150399
611.83,612.13,611.39,557,611.91,2025-10-21T18:00:00Z,40059,611.852894
611.3,612.43,611.3,1308,611.79,2025-10-21T19:00:00Z,116727,611.910017
610.82,610.95,609.94,68,610.95,2025-10-21T20:00:00Z,11125,610.396204
610.61,611.38,608.65,799,610.57,2025-10-22T13:00:00Z,57396,610.200931
608.58,611.15,605.65,1527,610.655,2025-10-22T14:00:00Z,128887,608.352964
606.86,609.02,604.54,938,608.65,2025-10-22T15:00:00Z,82789,606.924003
604.22,606.87,601.34,1032,606.85,2025-10-22T16:00:00Z,96319,604.586464
601.37,604.63,599.9,928,604.25,2025-10-22T17:00:00Z,79778,601.777264
603.45,603.495,600.305,1119,601.295,2025-10-22T18:00:00Z,89629,602.377154
605.45,605.81,602.69,1503,603.49,2025-10-22T19:00:00Z,133262,604.756809
605.35,605.69,605.04,16,605.54,2025-10-22T20:00:00Z,3295,605.252954
604.54,604.54,603.76,2,603.76,2025-10-23T12:00:00Z,400,604.345
608.31,608.79,604.01,613,604.33,2025-10-23T13:00:00Z,49553,606.711734
609.04,609.22,606.55,798,608.61,2025-10-23T14:00:00Z,69506,608.149707
609.18,609.66,607.46,558,609.07,2025-10-23T15:00:00Z,49928,608.714856
610.22,610.28,608.98,631,609.03,2025-10-23T16:00:00Z,58596,609.82774
611.23,611.27,609.19,718,610.26,2025-10-23T17:00:00Z,62790,610.406715
611.11,611.21,610.49,486,611.2,2025-10-23T18:00:00Z,37164,610.858002
610.46,611.31,610.1,1278,611.18,2025-10-23T19:00:00Z,109066,610.78156
611.07,611.58,610.51,81,610.64,2025-10-23T20:00:00Z,14859,611.080376
615.84,616.82,613.57,15,613.58,2025-10-24T12:00:00Z,1700,615.729091
616.95,617.48,615.22,819,616.07,2025-10-24T13:00:00Z,73126,616.640618
616.01,617.73,615.24,1336,617.09,2025-10-24T14:00:00Z,107643,616.850439
617.295,617.87,615.81,1140,616.025,2025-10-24T15:00:00Z,96906,617.117187
617.99,618.25,617.3,1000,617.495,2025-10-24T16:00:00Z,82125,617.719819
617.99,618.405,617.735,736,617.985,2025-10-24T17:00:00Z,53628,618.048829
617.85,618.1,617.52,869,617.96,2025-10-24T18:00:00Z,60789,617.853031
616.97,618.39,616.78,2116,617.87,2025-10-24T19:00:00Z,218130,617.731685
617.14,617.42,616.79,45,616.84,2025-10-24T20:00:00Z,10937,617.046977
624.85,624.85,624.85,1,624.85,2025-10-27T12:00:00Z,100,624.85
625.31,625.5,624.055,767,624.82,2025-10-27T13:00:00Z,66988,624.987176
625.45,626.3,624.71,1358,625.3,2025-10-27T14:00:00Z,103611,625.66788
626.39,626.75,625.49,1284,625.49,2025-10-27T15:00:00Z,101612,626.379039
626.86,626.97,626.345,983,626.345,2025-10-27T16:00:00Z,84457,626.710113
627.22,627.25,626.4,875,626.89,2025-10-27T17:00:00Z,59101,626.876559
627.57,627.675,627.04,952,627.195,2025-10-27T18:00:00Z,81530,627.313081
628.08,628.51,627.1,2723,627.585,2025-10-27T19:00:00Z,263689,627.817212
629.09,629.28,628.13,65,628.26,2025-10-27T20:00:00Z,12267,628.658321
629.24,629.6,629.24,7,629.29,2025-10-28T12:00:00Z,775,629.379355
630.65,631.3,629.41,925,629.41,2025-10-28T13:00:00Z,78224,630.609434
629.87,630.89,629.34,1192,630.73,2025-10-28T14:00:00Z,97441,630.269014
630.49,630.5,629.26,928,629.88,2025-10-28T15:00:00Z,95742,630.077389
631.67,632.55,630.555,1345,630.56,2025-10-28T16:00:00Z,150858,631.29331
632.78,632.85,631.6,1107,631.7,2025-10-28T17:00:00Z,112931,632.326093
633.78,633.78,632.61,1033,632.76,2025-10-28T18:00:00Z,139983,633.103749
632.91,634.645,632.875,1885,633.75,2025-10-28T19:00:00Z,212480,633.704017
633.23,633.35,632.73,87,632.94,2025-10-28T20:00:00Z,20628,633.005664
635.41,636.07,635.29,15,635.87,2025-10-29T12:00:00Z,2047,635.514012
636.8,636.8,635.35,1528,635.52,2025-10-29T13:00:00Z,130248,635.925881
635.45,636.96,635.03,2418,636.86,2025-10-29T14:00:00Z,205966,636.059143
634.875,635.825,634.42,1344,635.51,2025-10-29T15:00:00Z,150697,635.113267
635.27,635.54,634.05,1327,634.87,2025-10-29T16:00:00Z,128281,635.01059
635.18,635.58,634.48,927,635.28,2025-10-29T17:00:00Z,62486,635.126603
633.545,635.92,630.35,2055,635.42,2025-10-29T18:00:00Z,193367,633.218861
635.87,635.96,631.86,2469,633.61,2025-10-29T19:00:00Z,241372,634.256971
633.82,636.59,633.19,62,635.98,2025-10-29T20:00:00Z,12773,634.967098
631.58,635.05,631.58,9,635.05,2025-10-30T12:00:00Z,680,632.76
632.13,632.68,627.81,1142,631.31,2025-10-30T13:00:00Z,98929,630.433186
629.59,633.39,628.76,1137,632.16,2025-10-30T14:00:00Z,85863,630.711317
628.99,630.97,628.39,1104,629.62,2025-10-30T15:00:00Z,88774,629.815148
630.95,631.44,628.94,634,628.96,2025-10-30T16:00:00Z,49160,630.597195
630.76,630.94,629.27,563,630.91,2025-10-30T17:00:00Z,31659,630.294431
628.9,630.72,628.65,752,630.66,2025-10-30T18:00:00Z,58413,629.23049
625.99,628.99,625.99,1683,628.93,2025-10-30T19:00:00Z,183883,627.045732
632.39,632.39,625.72,63,625.99,2025-10-30T20:00:00Z,9345,628.845245
634.57,635.78,634.57,4,635.78,2025-10-31T12:00:00Z,650,635.011538
631.86,634.5,631.39,835,634.5,2025-10-31T13:00:00Z,68840,632.681625
633.39,633.73,630.85,1546,631.95,2025-10-31T14:00:00Z,130715,632.478384
630.62,633.75,630.55,1420,633.34,2025-10-31T15:00:00Z,127392,632.600076
628.15,630.63,627.75,1265,630.34,2025-10-31T16:00:00Z,108246,629.457644
628.08,628.9,626.7,1685,628.06,2025-10-31T17:00:00Z,125602,627.66642
629.71,629.89,628.185,1640,628.185,2025-10-31T18:00:00Z,119852,629.211974
629.26,632.22,629.25,2675,629.7,2025-10-31T19:00:00Z,284905,630.670344
629.01,629.19,628.63,61,628.99,2025-10-31T20:00:00Z,7431,628.909642
632.93,632.93,632.93,1,632.93,2025-11-03T13:00:00Z,100,632.93
632.66,635.78,632.39,1125,634.58,2025-11-03T14:00:00Z,55392,634.131313
631.63,633.19,629.895,1831,632.75,2025-11-03T15:00:00Z,105226,631.538393
632.305,632.505,630.51,1182,631.655,2025-11-03T16:00:00Z,58461,631.434751
633.07,633.255,631.5,1191,632.35,2025-11-03T17:00:00Z,46287,632.491994
632.555,633.41,632.48,1138,633.055,2025-11-03T18:00:00Z,47072,633.054016
632.29,632.81,631.13,1333,632.555,2025-11-03T19:00:00Z,55586,632.061701
632.14,632.45,631.2,1811,632.29,2025-11-03T20:00:00Z,99491,631.781313
632.25,633.29,631.89,34,631.97,2025-11-03T21:00:00Z,3432,632.560462
623.02,623.02,622.05,32,622.64,2025-11-04T13:00:00Z,2133,622.427641
626.59,626.66,621.41,1591,622.99,2025-11-04T14:00:00Z,96142,623.69243
624.43,626.94,623.82,1762,626.64,2025-11-04T15:00:00Z,99677,625.993953
623.57,625.2,622.89,1382,624.46,2025-11-04T16:00:00Z,74060,623.954798
621.785,623.62,620.89,1557,623.56,2025-11-04T17:00:00Z,86222,622.258634
621.52,621.86,619.915,1534,621.665,2025-11-04T18:00:00Z,84689,620.927578
619.93,621.94,619.25,1396,621.41,2025-11-04T19:00:00Z,75948,620.4626
619.16,620.8,618.46,2654,620.02,2025-11-04T20:00:00Z,232239,619.400529
619.09,619.43,618.04,47,619.3,2025-11-04T21:00:00Z,6923,618.942367
619.71,619.76,618.75,25,618.75,2025-11-05T13:00:00Z,2371,619.364057
622.04,622.09,617.27,1462,619.51,2025-11-05T14:00:00Z,102614,619.798675
622.84,623.15,620.38,1905,621.69,2025-11-05T15:00:00Z,120743,622.014712
624.105,624.41,621.38,1865,622.87,2025-11-05T16:00:00Z,115195,623.003578
625.0,625.4,623.315,1407,624.16,2025-11-05T17:00:00Z,79316,624.486407
626.29,626.47,624.845,1220,624.975,2025-11-05T18:00:00Z,65790,625.600447
626.24,626.55,625.36,1354,626.26,2025-11-05T19:00:00Z,85193,626.100371
623.38,626.59,623.14,2779,626.22,2025-11-05T20:00:00Z,199382,624.747756
623.11,623.74,622.28,150,623.3,2025-11-05T21:00:00Z,13228,623.108698
624.05,624.79,624.05,15,624.5,2025-11-06T13:00:00Z,1114,624.17645
617.905,624.06,617.83,1152,624.06,2025-11-06T14:00:00Z,65576,620.328933
612.81,618.675,612.56,3188,617.54,2025-11-06T15:00:00Z,179183,615.686559
610.87,614.45,610.41,2125,612.8,2025-11-06T16:00:00Z,112523,612.496023
613.69,614.115,610.6,1746,610.85,2025-11-06T17:00:00Z,82502,612.418186
613.53,614.48,611.1,1594,613.655,2025-11-06T18:00:00Z,73228,613.073738
615.27,616.13,613.3,1926,613.43,2025-11-06T19:00:00Z,86300,614.985094
611.69,615.54,610.965,3305,615.42,2025-11-06T20:00:00Z,204406,612.815482
612.98,613.01,611.51,61,611.51,2025-11-06T21:00:00Z,6901,612.325367
608.96,608.99,608.24,8,608.9,2025-11-07T13:00:00Z,455,608.775263
605.88,608.42,603.715,2317,608.18,2025-11-07T14:00:00Z,133939,605.660359
601.56,606.67,601.505,2698,606.06,2025-11-07T15:00:00Z,136212,603.99046
599.565,602.33,598.94,3012,601.43,2025-11-07T16:00:00Z,164339,600.856467
601.91,602.35,598.68,2649,599.6,2025-11-07T17:00:00Z,147640,600.692672
604.045,604.62,601.47,2756,602.0,2025-11-07T18:00:00Z,134952,603.109422
608.54,608.55,603.42,3009,603.77,2025-11-07T19:00:00Z,154394,606.293708
609.75,609.9,606.36,4097,608.43,2025-11-07T20:00:00Z,251496,608.370457
611.05,611.05,609.94,118,610.02,2025-11-07T21:00:00Z,14565,610.564392
619.06,619.39,618.62,34,618.94,2025-11-10T13:00:00Z,2753,618.976155
621.3,621.755,618.625,1881,619.05,2025-11-10T14:00:00Z,122065,620.544465
618.56,622.03,618.47,2614,621.325,2025-11-10T15:00:00Z,158267,620.973403
618.54,618.94,616.91,1284,618.55,2025-11-10T16:00:00Z,89544,617.98161
621.36,621.5,618.345,1157,618.52,2025-11-10T17:00:00Z,76746,619.787955
621.54,622.4,621.12,1050,621.36,2025-11-10T18:00:00Z,80255,621.774344
622.9,623.23,621.46,1208,621.57,2025-11-10T19:00:00Z,83141,622.456184
623.27,624.27,622.78,2922,622.915,2025-11-10T20:00:00Z,205066,623.444667
623.41,623.9,623.18,55,623.18,2025-11-10T21:00:00Z,8341,623.561603
620.2,621.0,619.87,26,620.39,2025-11-11T13:00:00Z,2593,620.358833
621.09,621.54,619.56,1081,620.23,2025-11-11T14:00:00Z,53188,620.717748
618.3,621.1,617.74,1256,620.97,2025-11-11T15:00:00Z,69823,619.155143
618.18,620.22,617.67,1153,618.44,2025-11-11T16:00:00Z,63926,618.802325
620.9,621.16,618.45,1076,618.51,2025-11-11T17:00:00Z,49201,619.948958
622.63,622.72,620.675,1147,620.87,2025-11-11T18:00:00Z,62537,621.643884
621.915,622.57,621.45,1155,622.57,2025-11-11T19:00:00Z,62211,621.980884
621.57,622.59,620.91,2334,621.96,2025-11-11T20:00:00Z,163463,621.653557
621.85,622.44,621.11,81,621.55,2025-11-11T21:00:00Z,8027,621.971473
625.54,625.54,625.21,16,625.21,2025-11-12T13:00:00Z,1825,625.405428
620.325,625.21,619.615,900,625.21,2025-11-12T14:00:00Z,63514,621.715749
619.39,621.94,618.84,1606,620.19,2025-11-12T15:00:00Z,116039,620.178511
618.9,620.66,617.835,1057,619.45,2025-11-12T16:00:00Z,73295,619.249976
620.69,621.14,618.6,1002,618.9,2025-11-12T17:00:00Z,60558,619.864418
620.79,621.37,620.12,1102,620.78,2025-11-12T18:00:00Z,72897,620.72758
620.08,621.04,619.37,959,620.94,2025-11-12T19:00:00Z,56766,620.162746
621.05,621.68,619.2,1998,619.945,2025-11-12T20:00:00Z,144941,620.587914
621.09,621.75,621.07,107,621.2,2025-11-12T21:00:00Z,22297,621.261877
618.95,620.41,618.6,20,620.41,2025-11-13T13:00:00Z,1490,619.086889
615.235,618.115,612.91,1000,617.78,2025-11-13T14:00:00Z,59795,614.92616
612.35,618.0,610.87,1705,615.295,2025-11-13T15:00:00Z,96334,614.093502
610.76,612.75,609.92,1452,612.175,2025-11-13T16:00:00Z,82065,611.113771
609.25,612.18,609.1,1641,610.64,2025-11-13T17:00:00Z,89375,610.753772
607.7,610.0,606.37,1746,609.37,2025-11-13T18:00:00Z,85090,607.977347
607.28,609.22,606.08,1663,607.81,2025-11-13T19:00:00Z,80539,607.762658
608.39,609.48,606.44,3458,607.34,2025-11-13T20:00:00Z,206452,608.161468
608.69,609.95,608.56,86,608.68,2025-11-13T21:00:00Z,7552,609.292211
599.81,600.17,598.37,46,600.08,2025-11-14T13:00:00Z,3166,599.408564
604.96,605.49,597.23,2150,599.22,2025-11-14T14:00:00Z,136015,601.751684
609.39,610.56,602.97,2268,605.255,2025-11-14T15:00:00Z,142595,606.591406
612.205,612.7,607.99,1872,609.95,2025-11-14T16:00:00Z,113026,610.865845
611.205,613.35,610.29,1718,612.245,2025-11-14T17:00:00Z,81905,612.224592
610.435,611.65,608.44,1884,611.18,2025-11-14T18:00:00Z,90345,610.000571
611.8,612.1,609.28,1407,610.4,2025-11-14T19:00:00Z,62454,611.004827
608.77,612.28,608.005,3098,611.9,2025-11-14T20:00:00Z,182617,609.202011
609.85,610.16,608.42,167,608.6,2025-11-14T21:00:00Z,31386,609.42773
609.4,609.4,609.4,2,609.4,2025-11-17T13:00:00Z,115,609.4
611.03,612.48,605.375,844,607.28,2025-11-17T14:00:00Z,39814,609.815013
608.13,611.52,607.76,1124,611.29,2025-11-17T15:00:00Z,61119,609.189735
611.03,611.14,605.08,1486,608.58,2025-11-17T16:00:00Z,87628,608.066757
606.36,611.01,606.36,1046,610.92,2025-11-17T17:00:00Z,62671,609.661923
603.885,607.57,603.65,1115,606.19,2025-11-17T18:00:00Z,69695,605.585247
600.46,604.17,600.44,1427,603.8,2025-11-17T19:00:00Z,75528,602.529229
603.58,603.72,599.91,3191,600.35,2025-11-17T20:00:00Z,217482,601.906169
604.06,604.28,603.82,26,604.1,2025-11-17T21:00:00Z,1593,604.071793
599.58,600.45,599.53,28,600.26,2025-11-18T13:00:00Z,1623,600.106013
594.8,602.01,594.8,1784,600.25,2025-11-18T14:00:00Z,106862,598.247663
593.42,596.88,592.73,2514,594.65,2025-11-18T15:00:00Z,164932,594.474379
598.04,598.95,591.38,2065,593.03,2025-11-18T16:00:00Z,145458,595.83683
600.325,601.08,594.21,2166,598.02,2025-11-18T17:00:00Z,164150,597.958981
599.4,601.53,598.97,1387,600.75,2025-11-18T18:00:00Z,99942,600.444712
601.01,601.745,598.79,1606,599.44,2025-11-18T19:00:00Z,100632,600.129233
596.27,601.39,596.19,4206,600.735,2025-11-18T20:00:00Z,300419,598.013353
595.07,595.85,595.07,36,595.37,2025-11-18T21:00:00Z,1123,595.509091
598.62,599.0,598.04,35,598.85,2025-11-19T13:00:00Z,3634,598.604029
603.85,604.03,596.4,1032,598.52,2025-11-19T14:00:00Z,69193,600.370237
600.875,606.065,600.44,2302,604.13,2025-11-19T15:00:00Z,164714,604.295221
599.68,601.23,598.05,1259,600.66,2025-11-19T16:00:00Z,83506,599.584066
597.71,599.68,594.6,1548,599.52,2025-11-19T17:00:00Z,100478,596.998239
598.92,599.46,596.53,1410,597.58,2025-11-19T18:00:00Z,89652,598.029362
598.2,599.21,596.13,1337,599.15,2025-11-19T19:00:00Z,72100,597.799941
599.79,602.27,597.93,2093,598.32,2025-11-19T20:00:00Z,129877,600.146622
605.53,605.59,599.71,196,599.72,2025-11-19T21:00:00Z,11305,602.919604
611.97,612.1,609.64,20,610.67,2025-11-20T13:00:00Z,2204,610.349562
613.13,613.56,610.23,1796,612.13,2025-11-20T14:00:00Z,108401,611.882464
610.48,614.005,610.35,1588,613.4,2025-11-20T15:00:00Z,111491,612.34454
595.81,610.49,594.85,2355,610.49,2025-11-20T16:00:00Z,169127,602.882219
592.07,597.79,589.84,3641,595.335,2025-11-20T17:00:00Z,210217,592.905172
589.14,596.72,588.14,2282,591.71,2025-11-20T18:00:00Z,144384,592.581726
592.03,592.07,587.39,2637,589.08,2025-11-20T19:00:00Z,159614,589.422023
585.82,591.89,584.85,3009,591.89,2025-11-20T20:00:00Z,214720,586.976969
584.37,585.66,584.37,45,585.33,2025-11-20T21:00:00Z,2261,585.004619
588.5,589.44,586.27,80,587.96,2025-11-21T13:00:00Z,7870,588.090534
586.8,589.7,585.04,1310,588.26,2025-11-21T14:00:00Z,86210,587.375404
583.045,588.05,580.82,2769,587.36,2025-11-21T15:00:00Z,180565,583.988548
591.53,591.59,581.12,2173,583.22,2025-11-21T16:00:00Z,156419,586.543592
590.97,592.54,589.98,1793,591.59,2025-11-21T17:00:00Z,129321,591.347437
594.06,596.01,587.58,1666,591.19,2025-11-21T18:00:00Z,113063,591.446267
593.65,596.92,592.96,1660,593.96,2025-11-21T19:00:00Z,103704,595.410541
590.25,594.51,589.44,2943,593.77,2025-11-21T20:00:00Z,289907,590.952827
591.0,591.0,589.99,33,590.1,2025-11-21T21:00:00Z,2107,590.443456
595.02,596.09,594.82,63,594.82,2025-11-24T13:00:00Z,7707,595.72355
598.53,600.055,595.1,1452,595.1,2025-11-24T14:00:00Z,117217,598.464843
601.465,602.36,598.71,1859,599.39,2025-11-24T15:00:00Z,123326,600.800478
603.07,604.14,601.54,2187,601.54,2025-11-24T16:00:00Z,138416,603.279607
604.94,605.36,602.68,1530,603.13,2025-11-24T17:00:00Z,96170,604.224555
605.08,605.64,604.77,1996,604.92,2025-11-24T18:00:00Z,110783,605.212291
604.72,605.88,604.27,1710,605.02,2025-11-24T19:00:00Z,82948,605.097451
605.34,606.66,604.74,4375,604.77,2025-11-24T20:00:00Z,283448,605.678201
606.2,606.2,605.2,53,605.2,2025-11-24T21:00:00Z,6847,605.785143
604.01,604.87,604.01,18,604.87,2025-11-25T13:00:00Z,1358,604.342805
602.52,604.04,597.43,1671,603.45,2025-11-25T14:00:00Z,110954,600.974016
602.59,603.88,598.66,1966,602.505,2025-11-25T15:00:00Z,116692,601.568658
604.53,604.82,601.54,1307,602.465,2025-11-25T16:00:00Z,59510,603.204489
606.645,608.41,604.51,1748,604.52,2025-11-25T17:00:00Z,88737,606.613571
607.55,608.14,606.55,1109,606.7,2025-11-25T18:00:00Z,59954,607.211951
607.3,607.76,605.5,1310,607.56,2025-11-25T19:00:00Z,63774,606.670793
608.915,610.255,607.38,4030,607.38,2025-11-25T20:00:00Z,255282,608.906097
608.53,609.32,608.53,76,608.78,2025-11-25T21:00:00Z,9093,608.86508
612.03,612.13,611.37,18,611.44,2025-11-26T13:00:00Z,1066,611.886375
611.03,613.87,610.98,1297,611.68,2025-11-26T14:00:00Z,92386,612.729575
613.57,613.64,610.47,1336,610.84,2025-11-26T15:00:00Z,96915,611.906736
615.71,616.18,613.54,1342,613.69,2025-11-26T16:00:00Z,94500,614.810896
615.26,616.04,614.69,972,615.745,2025-11-26T17:00:00Z,52446,615.382938
614.78,615.81,614.03,813,615.44,2025-11-26T18:00:00Z,43114,614.948857
615.15,615.705,614.36,815,614.81,2025-11-26T19:00:00Z,44822,615.088085
614.27,615.83,614.27,2295,615.17,2025-11-26T20:00:00Z,165182,614.973036
614.83,615.14,614.5,40,614.62,2025-11-26T21:00:00Z,5060,614.795591
616.79,617.24,616.79,4,617.24,2025-11-28T13:00:00Z,320,616.87375
616.26,617.56,615.45,1123,616.49,2025-11-28T14:00:00Z,72841,616.472513
617.3,617.525,615.94,1391,616.26,2025-11-28T15:00:00Z,94772,616.688125
617.7,617.92,616.3,1293,617.23,2025-11-28T16:00:00Z,81146,617.220365
619.1,619.21,616.91,2034,617.55,2025-11-28T17:00:00Z,141153,618.034532
618.92,619.26,618.84,68,618.99,2025-11-28T18:00:00Z,4997,618.991655
613.59,613.72,613.2,34,613.2,2025-12-01T13:00:00Z,1530,613.60237
616.17,616.59,612.57,1337,614.12,2025-12-01T14:00:00Z,92339,614.390191
617.49,617.55,614.05,1245,616.37,2025-12-01T15:00:00Z,83140,616.06002
617.79,618.29,615.33,904,617.38,2025-12-01T16:00:00Z,57971,616.924857
618.47,619.42,617.53,667,617.99,2025-12-01T17:00:00Z,38103,618.535525
619.31,619.34,618.275,666,618.275,2025-12-01T18:00:00Z,33985,618.819269
616.51,619.155,616.19,813,619.155,2025-12-01T19:00:00Z,47656,617.422913
617.25,617.65,616.35,1457,616.405,2025-12-01T20:00:00Z,122686,616.879416
617.28,617.33,616.81,69,617.18,2025-12-01T21:00:00Z,7086,617.102186
619.89,619.94,619.45,11,619.45,2025-12-02T13:00:00Z,1010,619.77
622.02,622.335,619.04,971,619.98,2025-12-02T14:00:00Z,63664,621.041052
623.22,623.75,620.415,1590,622.02,2025-12-02T15:00:00Z,97151,622.471657
619.855,623.56,617.625,1214,623.28,2025-12-02T16:00:00Z,81748,620.17898
619.84,622.56,619.84,1073,620.155,2025-12-02T17:00:00Z,58984,621.391298
621.5,621.71,619.61,936,619.61,2025-12-02T18:00:00Z,48883,620.996427
622.89,623.1,621.22,1096,621.46,2025-12-02T19:00:00Z,52173,622.055727
621.99,623.17,621.9,1888,622.96,2025-12-02T20:00:00Z,103505,622.469485
621.93,622.15,621.84,58,621.98,2025-12-02T21:00:00Z,8497,622.001506
623.5,623.8,623.28,34,623.6,2025-12-03T13:00:00Z,2895,623.490719
619.48,623.05,618.07,1018,623.04,2025-12-03T14:00:00Z,80770,619.54132
621.23,622.23,619.49,1303,619.49,2025-12-03T15:00:00Z,100501,621.271244
621.19,622.635,620.4,758,621.43,2025-12-03T16:00:00Z,46921,621.56929
622.69,623.025,621.08,664,621.195,2025-12-03T17:00:00Z,36273,622.306928
622.875,623.455,622.42,497,622.78,2025-12-03T18:00:00Z,30592,623.036598
623.815,623.91,622.79,675,622.79,2025-12-03T19:00:00Z,31955,623.358005
623.53,624.205,623.15,1705,623.835,2025-12-03T20:00:00Z,104983,623.70594
623.22,623.55,623.0,165,623.48,2025-12-03T21:00:00Z,18793,623.267954
622.91,623.71,622.91,7,623.25,2025-12-04T13:00:00Z,430,623.4275
621.14,625.43,620.93,850,623.17,2025-12-04T14:00:00Z,54379,622.721015
621.62,623.13,620.39,951,621.1,2025-12-04T15:00:00Z,62252,621.828755
623.25,623.435,620.11,1090,621.78,2025-12-04T16:00:00Z,60654,621.782935
622.65,623.46,621.935,749,623.2,2025-12-04T17:00:00Z,43134,622.652401
622.34,622.99,621.72,652,622.665,2025-12-04T18:00:00Z,36183,622.351926
621.97,622.46,619.66,806,622.32,2025-12-04T19:00:00Z,55696,621.419771
622.91,622.97,621.05,1523,621.93,2025-12-04T20:00:00Z,107996,622.025703
622.91,623.09,622.62,76,622.79,2025-12-04T21:00:00Z,12862,622.951914
622.8,624.81,622.16,17,624.81,2025-12-05T13:00:00Z,1421,623.291077
626.96,627.32,623.03,1191,623.03,2025-12-05T14:00:00Z,79642,626.074739
625.94,628.89,625.46,1871,627.09,2025-12-05T15:00:00Z,112420,627.766262
625.6,626.49,623.735,1379,625.92,2025-12-05T16:00:00Z,90633,625.2734
625.6,625.83,624.14,1241,625.51,2025-12-05T17:00:00Z,76616,625.085442
625.53,626.29,624.88,1978,625.59,2025-12-05T18:00:00Z,103502,625.585766
625.79,625.92,624.975,945,625.51,2025-12-05T19:00:00Z,58107,625.436476
625.52,625.83,624.34,1892,625.72,2025-12-05T20:00:00Z,141491,625.331688
625.76,625.86,625.6,67,625.76,2025-12-05T21:00:00Z,17604,625.734485
627.59,628.13,627.21,51,627.55,2025-12-08T13:00:00Z,3537,627.705602
626.02,628.8,625.51,1000,627.86,2025-12-08T14:00:00Z,53084,627.29896
624.01,626.84,623.775,1567,626.14,2025-12-08T15:00:00Z,105854,625.208841
623.53,624.24,623.24,964,623.76,2025-12-08T16:00:00Z,65235,623.694517
624.48,624.69,622.38,943,623.36,2025-12-08T17:00:00Z,61597,623.461999
622.33,624.83,621.73,1147,624.44,2025-12-08T18:00:00Z,76694,623.656692
622.38,623.06,621.81,812,622.37,2025-12-08T19:00:00Z,53465,622.408624
624.23,624.25,622.09,1775,622.39,2025-12-08T20:00:00Z,115376,623.059673
625.05,625.05,623.95,218,624.19,2025-12-08T21:00:00Z,38040,624.200719
623.02,624.06,622.81,26,624.06,2025-12-09T13:00:00Z,2690,623.45318
623.33,623.86,621.66,1035,622.8,2025-12-09T14:00:00Z,74317,622.922609
624.645,624.66,623.19,1054,623.19,2025-12-09T15:00:00Z,66262,623.923223
625.28,625.365,624.3,1325,624.695,2025-12-09T16:00:00Z,75021,624.938657
625.445,625.785,624.785,920,625.25,2025-12-09T17:00:00Z,46927,625.24334
625.55,625.86,624.845,879,625.39,2025-12-09T18:00:00Z,46822,625.445804
625.11,625.58,624.65,822,625.58,2025-12-09T19:00:00Z,42134,625.16646
625.105,625.545,624.775,1976,625.105,2025-12-09T20:00:00Z,126928,625.029382
624.5,624.97,624.5,30,624.97,2025-12-09T21:00:00Z,4048,624.662095
624.73,625.17,624.23,15,624.3,2025-12-10T13:00:00Z,942,624.643808
623.49,624.57,621.95,857,624.57,2025-12-10T14:00:00Z,70606,623.438854
621.85,623.98,621.57,1107,623.255,2025-12-10T15:00:00Z,60659,622.865994
623.94,624.08,621.05,1132,621.77,2025-12-10T16:00:00Z,62096,622.818471
624.29,624.67,623.14,626,623.91,2025-12-10T17:00:00Z,27321,623.779902
623.13,624.29,622.6,1064,624.255,2025-12-10T18:00:00Z,54127,623.390369
628.12,628.36,622.95,2348,623.14,2025-12-10T19:00:00Z,161476,625.372007
627.69,629.17,627.35,2267,628.4,2025-12-10T20:00:00Z,163526,628.142962
627.44,627.71,627.0,65,627.61,2025-12-10T21:00:00Z,7171,627.319426
623.95,624.74,623.62,35,624.73,2025-12-11T13:00:00Z,2786,624.022483
618.44,624.62,618.01,1368,624.13,2025-12-11T14:00:00Z,100904,621.110219
621.14,623.49,617.91,2236,618.22,2025-12-11T15:00:00Z,157338,621.17488
620.44,622.52,619.35,1394,621.05,2025-12-11T16:00:00Z,104090,620.804526
622.66,623.905,620.48,1323,620.48,2025-12-11T17:00:00Z,79071,622.466261
623.83,624.87,622.42,995,622.48,2025-12-11T18:00:00Z,52560,623.688285
625.01,625.765,623.7,1152,623.78,2025-12-11T19:00:00Z,72340,624.990623
625.61,625.71,624.36,2432,625.045,2025-12-11T20:00:00Z,158539,625.130316
628.84,628.84,625.55,47,625.56,2025-12-11T21:00:00Z,4330,627.139233
623.34,623.4,622.69,6,622.91,2025-12-12T13:00:00Z,290,623.095517
622.08,623.52,620.705,1157,623.44,2025-12-12T14:00:00Z,84263,622.092072
614.26,621.94,613.73,2288,621.82,2025-12-12T15:00:00Z,172370,617.7689
612.76,615.06,611.38,2812,614.25,2025-12-12T16:00:00Z,198395,612.989828
615.18,616.0,612.52,2466,612.7,2025-12-12T17:00:00Z,159552,614.737759
615.26,617.47,614.91,1618,615.21,2025-12-12T18:00:00Z,93530,616.260461
614.415,615.35,613.735,1412,615.25,2025-12-12T19:00:00Z,84876,614.416604
613.71,614.84,612.07,3157,614.44,2025-12-12T20:00:00Z,212411,613.43147
613.54,613.88,613.33,79,613.4,2025-12-12T21:00:00Z,13293,613.593494
617.63,617.64,617.08,7,617.08,2025-12-15T13:00:00Z,290,617.515417
613.945,618.32,613.68,752,617.84,2025-12-15T14:00:00Z,61169,615.167451
612.22,614.15,609.37,1400,614.03,2025-12-15T15:00:00Z,92753,612.099485
612.405,614.88,611.43,838,612.23,2025-12-15T16:00:00Z,57064,612.738636
611.67,612.93,610.525,525,612.34,2025-12-15T17:00:00Z,27339,611.875065
612.26,612.485,610.49,531,611.69,2025-12-15T18:00:00Z,26464,611.494271
612.12,612.82,611.05,512,612.14,2025-12-15T19:00:00Z,28758,611.918371
610.66,612.2,610.44,1124,612.01,2025-12-15T20:00:00Z,68655,611.168015
610.87,610.87,610.43,19,610.43,2025-12-15T21:00:00Z,1245,610.698924
608.82,611.63,608.48,25,609.36,2025-12-16T13:00:00Z,1707,609.384577
612.14,612.2,607.69,832,608.29,2025-12-16T14:00:00Z,63671,610.254416
610.46,612.46,606.985,1448,612.4,2025-12-16T15:00:00Z,93017,609.637221
610.71,610.91,607.89,1223,610.615,2025-12-16T16:00:00Z,77856,609.437191
607.55,611.17,607.44,1505,610.73,2025-12-16T17:00:00Z,83826,609.384247
610.3,611.1,606.95,1650,607.485,2025-12-16T18:00:00Z,94713,608.77085
610.5,611.21,608.21,2025,610.21,2025-12-16T19:00:00Z,113940,609.650795
611.855,613.5,610.31,3224,610.42,2025-12-16T20:00:00Z,242156,612.445967
610.96,611.76,610.35,116,611.76,2025-12-16T21:00:00Z,13672,611.086777
614.1,614.47,612.73,75,614.4,2025-12-17T13:00:00Z,6584,613.450784
611.06,613.66,609.03,1346,613.66,2025-12-17T14:00:00Z,90707,610.945609
604.51,611.34,604.02,1683,611.1,2025-12-17T15:00:00Z,117166,607.920415
604.04,605.97,602.815,1896,604.46,2025-12-17T16:00:00Z,141182,604.413049
603.68,605.15,602.79,1703,604.04,2025-12-17T17:00:00Z,109503,603.86325
602.06,605.01,601.595,1562,603.75,2025-12-17T18:00:00Z,92005,602.845668
602.55,602.81,601.31,2273,602.19,2025-12-17T19:00:00Z,134934,602.053069
600.38,602.745,600.29,3487,602.63,2025-12-17T20:00:00Z,274084,601.347612
602.26,602.69,601.5,99,601.67,2025-12-17T21:00:00Z,7367,602.090151
608.56,609.19,605.63,26,605.63,2025-12-18T13:00:00Z,1435,608.000775
609.54,610.91,606.94,1500,608.98,2025-12-18T14:00:00Z,90182,608.702566
611.76,612.74,607.28,2338,609.69,2025-12-18T15:00:00Z,124230,610.438562
612.41,612.91,611.33,1939,611.765,2025-12-18T16:00:00Z,94897,612.303537
611.53,612.17,607.575,2129,612.17,2025-12-18T17:00:00Z,126494,609.729968
611.23,612.69,610.69,1369,611.5,2025-12-18T18:00:00Z,67040,611.688729
608.23,611.17,607.775,1609,611.15,2025-12-18T19:00:00Z,83701,609.401931
609.15,611.28,607.72,2816,608.2,2025-12-18T20:00:00Z,192321,609.956355
608.36,609.02,608.02,43,609.02,2025-12-18T21:00:00Z,5466,608.299021
611.07,611.28,610.8,13,610.8,2025-12-19T13:00:00Z,865,610.979697
616.6,616.94,610.58,1302,610.58,2025-12-19T14:00:00Z,115715,614.858203
614.87,617.56,614.43,1350,616.765,2025-12-19T15:00:00Z,97212,615.867012
615.33,616.735,614.25,953,614.76,2025-12-19T16:00:00Z,61233,615.798683
617.055,617.48,615.44,939,615.44,2025-12-19T17:00:00Z,49619,616.761496
616.49,617.37,616.32,983,616.97,2025-12-19T18:00:00Z,54805,617.001136
616.885,617.375,616.46,968,616.46,2025-12-19T19:00:00Z,51305,617.016631
617.13,617.48,616.505,2659,616.88,2025-12-19T20:00:00Z,192569,616.988509
617.64,617.64,617.06,83,617.13,2025-12-19T21:00:00Z,15505,617.370225
620.29,620.7,620.29,11,620.62,2025-12-22T13:00:00Z,1040,620.463267
620.58,621.62,618.79,1058,620.72,2025-12-22T14:00:00Z,70664,620.154548
618.935,620.725,617.79,1594,620.555,2025-12-22T15:00:00Z,99806,619.149208
619.81,619.89,618.82,1264,618.88,2025-12-22T16:00:00Z,68900,619.433049
619.94,620.02,619.17,1206,619.88,2025-12-22T17:00:00Z,63565,619.524889
619.16,619.96,618.83,1101,619.94,2025-12-22T18:00:00Z,60253,619.221122
619.19,619.7,618.86,1174,619.21,2025-12-22T19:00:00Z,71628,619.238425
619.11,619.43,618.94,2722,619.19,2025-12-22T20:00:00Z,202722,619.217142
619.31,619.53,619.31,40,619.34,2025-12-22T21:00:00Z,4616,619.434768
617.96,618.19,617.43,25,618.02,2025-12-23T13:00:00Z,2060,618.004
619.32,620.7,617.5,1136,617.74,2025-12-23T14:00:00Z,80985,619.680905
620.23,620.46,617.815,2689,619.28,2025-12-23T15:00:00Z,144327,619.146347
621.235,621.31,620.15,1982,620.23,2025-12-23T16:00:00Z,113838,620.667708
620.775,621.325,620.73,1060,621.16,2025-12-23T17:00:00Z,69712,621.068243
621.245,621.4,620.74,1093,620.76,2025-12-23T18:00:00Z,60664,621.17398
621.8,621.87,621.24,988,621.265,2025-12-23T19:00:00Z,65288,621.560333
622.13,622.41,621.77,2447,621.795,2025-12-23T20:00:00Z,204041,622.074751
622.35,622.37,622.15,43,622.22,2025-12-23T21:00:00Z,7493,622.239091
622.77,622.86,622.29,7,622.29,2025-12-24T13:00:00Z,666,622.711827
622.255,622.765,621.795,627,621.99,2025-12-24T14:00:00Z,32688,622.214997
622.8,623.075,622.215,1121,622.3,2025-12-24T15:00:00Z,59090,622.577844
623.88,624.07,622.785,729,622.81,2025-12-24T16:00:00Z,39113,623.453137
623.96,624.28,623.66,1306,623.905,2025-12-24T17:00:00Z,77212,623.996936
623.14,623.88,623.09,23,623.88,2025-12-24T18:00:00Z,2980,623.642081
624.59,624.93,624.59,9,624.65,2025-12-26T13:00:00Z,1030,624.765742
624.235,625.44,623.87,824,624.59,2025-12-26T14:00:00Z,53432,624.739559
624.735,624.87,623.16,962,624.22,2025-12-26T15:00:00Z,70333,624.013228
624.11,624.99,623.77,796,624.755,2025-12-26T16:00:00Z,46506,624.31604
624.09,624.28,623.52,837,624.11,2025-12-26T17:00:00Z,47159,623.883702
624.49,624.51,623.64,789,624.055,2025-12-26T18:00:00Z,44853,624.136364
624.46,624.67,624.1,898,624.505,2025-12-26T19:00:00Z,48383,624.411073
623.87,624.49,623.68,2269,624.45,2025-12-26T20:00:00Z,230925,623.927039
623.61,623.99,623.61,25,623.99,2025-12-26T21:00:00Z,4610,623.816539
619.94,621.23,619.21,18,621.23,2025-12-29T13:00:00Z,1453,619.927863
620.45,622.69,619.14,1181,619.84,2025-12-29T14:00:00Z,75716,620.988189
620.03,621.66,619.05,1443,620.26,2025-12-29T15:00:00Z,78476,620.314161
619.84,620.345,619.49,840,620.02,2025-12-29T16:00:00Z,38137,619.897588
620.03,620.05,618.77,1142,619.84,2025-12-29T17:00:00Z,55608,619.444182
619.82,620.605,619.53,1365,619.92,2025-12-29T18:00:00Z,59110,619.990566
621.62,621.695,619.595,1034,619.835,2025-12-29T19:00:00Z,45739,620.500897
620.885,621.5,620.61,1719,621.44,2025-12-29T20:00:00Z,117474,620.987427
620.9,620.91,620.7,13,620.83,2025-12-29T21:00:00Z,3254,620.81089
619.93,620.45,619.91,11,620.45,2025-12-30T13:00:00Z,545,619.992637
621.33,621.72,619.48,827,620.28,2025-12-30T14:00:00Z,55452,620.544079
621.02,621.4,619.61,1321,621.4,2025-12-30T15:00:00Z,74130,620.303449
620.47,622.17,620.41,1187,621.08,2025-12-30T16:00:00Z,73940,621.24272
620.71,620.9,620.02,1008,620.44,2025-12-30T17:00:00Z,56556,620.493423
620.76,621.01,620.19,706,620.705,2025-12-30T18:00:00Z,35506,620.705631
620.3,620.98,620.16,1134,620.74,2025-12-30T19:00:00Z,52376,620.605384
619.42,620.425,619.225,1896,620.27,2025-12-30T20:00:00Z,140476,619.861066
619.58,619.64,619.32,11,619.38,2025-12-30T21:00:00Z,3300,619.498532
620.17,620.17,618.8,17,618.8,2025-12-31T13:00:00Z,1030,619.767964
617.98,620.38,617.45,828,620.38,2025-12-31T14:00:00Z,52022,618.328567
616.755,618.14,616.45,1300,617.91,2025-12-31T15:00:00Z,78563,617.484317
617.91,617.94,616.75,1086,616.77,2025-12-31T16:00:00Z,52139,617.244439
617.365,617.91,617.06,843,617.87,2025-12-31T17:00:00Z,38857,617.520486
618.14,618.465,617.18,958,617.37,2025-12-31T18:00:00Z,49553,617.909376
616.315,618.6,616.21,987,618.21,2025-12-31T19:00:00Z,45918,617.227578
614.25,616.3,614.05,2503,616.3,2025-12-31T20:00:00Z,208505,614.908432
613.79,614.65,613.79,39,614.56,2025-12-31T21:00:00Z,5993,614.172538
620.14,620.44,620.14,11,620.43,2026-01-02T13:00:00Z,565,620.319804
621.16,622.805,618.93,1087,620.4,2026-01-02T14:00:00Z,100987,620.718733
612.62,622.24,612.36,2387,621.23,2026-01-02T15:00:00Z,176542,617.105176
611.96,613.93,610.8,1865,612.5,2026-01-02T16:00:00Z,117476,612.437751
611.47,613.37,611.28,1352,611.95,2026-01-02T17:00:00Z,80387,612.403022
610.77,612.495,610.16,1180,611.7,2026-01-02T18:00:00Z,67615,611.409973
613.36,614.68,610.82,1628,610.92,2026-01-02T19:00:00Z,102065,613.145762
613.08,614.54,612.64,1837,613.35,2026-01-02T20:00:00Z,141788,613.344292
613.03,613.73,613.0,37,613.72,2026-01-02T21:00:00Z,7221,613.30509
618.06,618.06,617.07,7,617.22,2026-01-05T13:00:00Z,735,617.328696
617.94,619.96,616.84,1364,618.04,2026-01-05T14:00:00Z,118643,618.292494
619.805,620.36,617.505,1442,618.18,2026-01-05T15:00:00Z,98578,619.438639
619.635,620.76,619.465,1351,619.62,2026-01-05T16:00:00Z,84597,620.185869
618.9,619.99,618.44,1097,619.67,2026-01-05T17:00:00Z,67990,619.108998
618.565,618.98,617.225,1248,618.92,2026-01-05T18:00:00Z,85780,618.295586
617.725,618.68,617.05,980,618.585,2026-01-05T19:00:00Z,58863,617.846459
617.97,618.56,617.47,2141,617.68,2026-01-05T20:00:00Z,168546,617.931599
617.9,618.01,617.67,83,617.93,2026-01-05T21:00:00Z,10820,617.872613
618.5,619.16,618.5,6,619.16,2026-01-06T13:00:00Z,345,618.795385
621.94,622.15,618.45,1187,618.67,2026-01-06T14:00:00Z,100055,620.634635
620.46,622.57,620.21,1930,622.025,2026-01-06T15:00:00Z,149355,621.702267
620.68,620.91,619.29,1340,620.37,2026-01-06T16:00:00Z,107868,620.257547
622.24,622.77,620.18,1272,620.56,2026-01-06T17:00:00Z,98455,621.684746
623.2,623.23,621.84,1338,622.18,2026-01-06T18:00:00Z,93554,622.647947
623.29,623.6,622.96,1056,623.21,2026-01-06T19:00:00Z,73616,623.3617
623.46,624.02,623.155,2116,623.29,2026-01-06T20:00:00Z,241393,623.70484
623.9,623.9,623.52,60,623.52,2026-01-06T21:00:00Z,10751,623.693455
622.8,623.08,622.29,24,622.29,2026-01-07T13:00:00Z,1982,622.819218
624.62,625.15,622.35,1334,622.9,2026-01-07T14:00:00Z,98117,624.031575
625.77,625.9,623.53,1922,624.69,2026-01-07T15:00:00Z,143969,624.739334
627.28,627.32,625.15,1801,625.755,2026-01-07T16:00:00Z,124785,626.234959
627.33,627.9,627.13,1627,627.28,2026-01-07T17:00:00Z,111224,627.493223
626.98,627.51,626.34,1587,627.31,2026-01-07T18:00:00Z,99733,626.934563
625.73,627.005,625.47,1332,627.005,2026-01-07T19:00:00Z,89414,626.043531
624.11,625.97,623.67,3045,625.79,2026-01-07T20:00:00Z,238321,624.432794
624.05,624.1,623.79,62,624.07,2026-01-07T21:00:00Z,10889,623.942109
623.28,623.33,622.93,9,622.93,2026-01-08T13:00:00Z,560,623.121509
618.735,623.58,618.505,1384,623.4,2026-01-08T14:00:00Z,125233,620.336092
620.52,621.21,617.82,2124,618.5,2026-01-08T15:00:00Z,184579,619.809608
620.19,620.49,618.17,1468,620.49,2026-01-08T16:00:00Z,104766,619.588262
620.41,620.98,619.23,1184,620.21,2026-01-08T17:00:00Z,75788,620.087983
619.27,620.47,618.98,1206,620.32,2026-01-08T18:00:00Z,81560,619.743337
619.27,619.85,618.48,1167,619.27,2026-01-08T19:00:00Z,71405,619.195899
620.435,620.85,619.11,2357,619.21,2026-01-08T20:00:00Z,160338,620.333912
621.62,621.66,620.48,71,620.74,2026-01-08T21:00:00Z,9273,621.026264
623.41,623.53,621.84,37,621.84,2026-01-09T13:00:00Z,2925,623.166619
621.835,623.94,619.87,1115,623.75,2026-01-09T14:00:00Z,95993,621.752844
623.76,625.33,619.13,1862,621.89,2026-01-09T15:00:00Z,144814,622.766978
626.08,626.31,623.87,1327,623.87,2026-01-09T16:00:00Z,86924,625.269248
626.42,626.67,625.54,1051,626.06,2026-01-09T17:00:00Z,71971,626.191183
627.34,627.46,625.465,1138,626.4,2026-01-09T18:00:00Z,77584,626.42567
627.15,627.57,627.015,995,627.335,2026-01-09T19:00:00Z,53424,627.298281
626.655,627.88,626.63,3169,627.1,2026-01-09T20:00:00Z,227457,627.22679
626.64,626.84,626.48,93,626.55,2026-01-09T21:00:00Z,16762,626.686529
622.59,622.59,622.03,3,622.03,2026-01-12T13:00:00Z,470,622.412979
626.02,626.45,621.82,1079,622.29,2026-01-12T14:00:00Z,88388,624.926034
626.33,626.74,625.14,1963,625.995,2026-01-12T15:00:00Z,121364,625.8662
627.46,627.59,626.02,1383,626.21,2026-01-12T16:00:00Z,74178,626.863163
627.575,627.705,626.87,909,627.37,2026-01-12T17:00:00Z,52881,627.412779
627.81,628.275,627.55,683,627.58,2026-01-12T18:00:00Z,32061,627.971967
628.71,628.735,627.455,1043,627.78,2026-01-12T19:00:00Z,55683,628.33723
627.19,628.825,627.185,2211,628.685,2026-01-12T20:00:00Z,162768,627.731284
626.97,627.57,626.78,109,627.2,2026-01-12T21:00:00Z,14522,627.220132
627.53,629.45,625.84,73,625.84,2026-01-13T13:00:00Z,4905,628.446451
627.35,629.465,626.88,1154,627.71,2026-01-13T14:00:00Z,82913,627.841839
625.9,627.62,623.88,1493,627.185,2026-01-13T15:00:00Z,101525,625.524195
628.64,629.0,624.84,1302,625.92,2026-01-13T16:00:00Z,78931,627.092695
625.61,628.83,625.08,1272,628.555,2026-01-13T17:00:00Z,86442,627.259875
624.57,626.27,624.45,1016,625.28,2026-01-13T18:00:00Z,73777,625.354076
625.1,625.65,624.14,909,624.68,2026-01-13T19:00:00Z,50825,624.920455
626.105,626.27,623.7,1585,625.24,2026-01-13T20:00:00Z,109704,625.153101
625.91,626.63,625.91,109,626.26,2026-01-13T21:00:00Z,21383,626.401653
622.59,623.15,622.35,27,623.15,2026-01-14T13:00:00Z,1900,622.677457
618.47,623.43,618.47,1571,622.68,2026-01-14T14:00:00Z,110614,620.48875
616.27,620.965,615.79,2314,617.75,2026-01-14T15:00:00Z,157872,618.275842
615.525,618.58,615.05,1854,616.275,2026-01-14T16:00:00Z,118888,616.821623
615.245,616.55,614.87,1288,615.51,2026-01-14T17:00:00Z,87189,615.635257
616.83,616.97,614.64,1202,615.25,2026-01-14T18:00:00Z,68553,615.770682
616.4,617.195,616.135,1228,616.45,2026-01-14T19:00:00Z,67494,616.701143
619.55,619.76,615.53,3291,616.42,2026-01-14T20:00:00Z,227738,618.57925
618.84,620.08,618.16,76,619.74,2026-01-14T21:00:00Z,7535,619.505459
625.87,626.36,624.69,40,624.69,2026-01-15T13:00:00Z,3675,625.853124
625.2,627.25,624.66,1187,625.88,2026-01-15T14:00:00Z,93813,625.855542
625.7,626.6,623.88,1563,625.12,2026-01-15T15:00:00Z,114618,625.295142
626.675,626.88,625.56,1243,625.67,2026-01-15T16:00:00Z,79742,626.266538
624.97,626.955,624.94,948,626.61,2026-01-15T17:00:00Z,57885,625.997382
625.74,626.28,624.885,783,624.92,2026-01-15T18:00:00Z,48599,625.775569
622.7,625.545,622.4,1324,625.4,2026-01-15T19:00:00Z,92188,623.597619
621.66,622.93,620.92,2441,622.31,2026-01-15T20:00:00Z,221011,621.505683
621.35,621.83,621.16,105,621.75,2026-01-15T21:00:00Z,15449,621.454293
624.45,624.45,624.43,3,624.43,2026-01-16T13:00:00Z,370,624.447838
622.2,626.0,622.175,1075,624.65,2026-01-16T14:00:00Z,98481,624.45364
621.03,623.06,618.92,2435,622.13,2026-01-16T15:00:00Z,193734,620.98158
621.825,622.67,620.575,1490,621.095,2026-01-16T16:00:00Z,99245,621.694271
620.44,621.925,620.44,1064,621.695,2026-01-16T17:00:00Z,62675,621.403264
621.81,622.17,620.32,1158,620.4,2026-01-16T18:00:00Z,68769,621.653951
621.81,622.56,620.78,1245,621.8,2026-01-16T19:00:00Z,81317,621.754882
621.03,622.09,620.975,2535,621.745,2026-01-16T20:00:00Z,172842,621.503374
621.12,621.36,620.88,70,621.27,2026-01-16T21:00:00Z,14604,621.061331
610.03,611.0,609.63,23,611.0,2026-01-20T13:00:00Z,3225,610.365926
612.6,613.505,609.55,1283,610.5,2026-01-20T14:00:00Z,123971,612.019994
613.54,614.69,610.91,1692,612.28,2026-01-20T15:00:00Z,121795,612.630648
614.325,615.055,612.87,1280,613.5,2026-01-20T16:00:00Z,108077,613.828663
611.76,614.465,610.985,1312,614.24,2026-01-20T17:00:00Z,105871,612.599161
609.51,612.205,608.85,1589,611.8,2026-01-20T18:00:00Z,123462,610.443225
608.78,610.045,607.82,1323,609.66,2026-01-20T19:00:00Z,106812,608.892454
607.93,608.75,607.05,2677,608.75,2026-01-20T20:00:00Z,227203,607.808879
608.03,608.65,607.68,70,608.2,2026-01-20T21:00:00Z,10710,608.123376
607.65,607.65,606.22,15,607.06,2026-01-21T13:00:00Z,1338,606.818982
612.61,612.92,606.54,1391,607.29,2026-01-21T14:00:00Z,103265,609.783233
616.04,616.485,611.95,2131,612.775,2026-01-21T15:00:00Z,149748,614.385548
610.33,616.6,610.22,1719,616.1,2026-01-21T16:00:00Z,128470,613.693755
610.67,611.04,608.235,1362,610.33,2026-01-21T17:00:00Z,97256,609.650063
611.64,611.825,608.43,1320,610.65,2026-01-21T18:00:00Z,86356,610.207291
620.06,620.17,610.42,2199,611.62,2026-01-21T19:00:00Z,170826,615.94174
616.18,620.38,615.54,2585,620.26,2026-01-21T20:00:00Z,188377,617.310779
616.92,617.43,616.61,36,616.63,2026-01-21T21:00:00Z,7433,617.034403
622.53,622.53,621.66,19,621.66,2026-01-22T13:00:00Z,3164,622.069859
618.81,622.41,618.22,1061,622.4,2026-01-22T14:00:00Z,85897,620.188409
619.51,620.68,617.81,1266,618.575,2026-01-22T15:00:00Z,85733,619.106911
620.93,621.64,619.4,1140,619.46,2026-01-22T16:00:00Z,65533,620.699296
622.03,622.145,620.55,1081,620.88,2026-01-22T17:00:00Z,68151,621.357896
621.1,622.16,620.91,892,621.94,2026-01-22T18:00:00Z,55808,621.719519
620.31,622.02,620.12,983,621.09,2026-01-22T19:00:00Z,54308,621.3232
620.81,620.825,618.91,1968,620.105,2026-01-22T20:00:00Z,158731,619.974494
619.8,620.74,619.8,103,620.66,2026-01-22T21:00:00Z,17087,620.338985
618.78,620.18,618.78,11,620.09,2026-01-23T13:00:00Z,795,619.552365
620.87,620.87,618.58,988,618.72,2026-01-23T14:00:00Z,78343,619.78354
624.88,624.9,621.16,828,621.26,2026-01-23T15:00:00Z,67705,622.573612
624.11,625.37,623.41,563,624.97,2026-01-23T16:00:00Z,47854,624.488828
621.745,624.47,621.645,842,623.88,2026-01-23T17:00:00Z,61908,623.286757
622.62,623.45,621.69,716,621.69,2026-01-23T18:00:00Z,64212,622.676713
623.1,623.72,622.46,607,622.56,2026-01-23T19:00:00Z,44980,623.078597
622.78,623.25,621.8,1868,623.105,2026-01-23T20:00:00Z,149697,622.678049
621.79,622.68,621.32,114,622.67,2026-01-23T21:00:00Z,18155,622.310894
622.51,622.51,621.18,13,622.05,2026-01-26T13:00:00Z,1040,621.737083
625.32,625.595,622.21,604,622.64,2026-01-26T14:00:00Z,46267,623.742498
626.34,626.705,624.535,1105,625.22,2026-01-26T15:00:00Z,71395,625.698128
626.9,627.41,625.705,879,626.245,2026-01-26T16:00:00Z,51657,626.62487
626.57,627.58,626.36,794,626.88,2026-01-26T17:00:00Z,46196,627.031539
626.82,627.52,626.22,1326,626.53,2026-01-26T18:00:00Z,88335,626.756807
626.42,627.12,626.32,933,626.75,2026-01-26T19:00:00Z,56158,626.749301
625.44,626.68,625.43,1835,626.27,2026-01-26T20:00:00Z,147863,626.051176
626.0,626.05,625.31,71,625.39,2026-01-26T21:00:00Z,8730,625.675192
629.09,629.69,629.03,8,629.69,2026-01-27T13:00:00Z,484,629.276383
630.51,630.655,627.37,873,629.49,2026-01-27T14:00:00Z,64951,629.083352
631.18,631.61,629.89,1341,630.43,2026-01-27T15:00:00Z,83496,630.844363
631.2,631.83,631.05,1103,631.185,2026-01-27T16:00:00Z,71554,631.486195
630.755,631.49,630.54,885,631.18,2026-01-27T17:00:00Z,68322,631.056531
631.46,631.61,630.28,771,630.53,2026-01-27T18:00:00Z,44924,631.1183
631.52,631.68,631.08,1093,631.45,2026-01-27T19:00:00Z,64987,631.405176
631.055,632.04,630.925,2336,631.46,2026-01-27T20:00:00Z,196294,631.385764
632.03,632.04,630.81,104,630.96,2026-01-27T21:00:00Z,18386,631.458896
635.8,635.8,635.52,8,635.52,2026-01-28T13:00:00Z,680,635.639753
635.44,636.56,634.52,1037,635.8,2026-01-28T14:00:00Z,69118,635.685945
633.34,635.71,633.25,1384,635.425,2026-01-28T15:00:00Z,87911,634.696097
632.22,634.15,631.855,1033,633.35,2026-01-28T16:00:00Z,60474,633.15352
632.79,633.33,632.06,795,632.2,2026-01-28T17:00:00Z,49655,632.597567
633.43,633.72,632.41,1578,632.68,2026-01-28T18:00:00Z,94615,633.301861
633.23,634.42,632.19,1373,633.33,2026-01-28T19:00:00Z,93432,633.212892
632.99,634.47,632.66,1948,633.12,2026-01-28T20:00:00Z,126708,633.586088
635.87,636.22,630.09,238,633.13,2026-01-28T21:00:00Z,22653,633.864079
634.02,634.22,633.42,11,633.82,2026-01-29T13:00:00Z,1025,633.932284
626.19,633.89,626.18,1052,633.89,2026-01-29T14:00:00Z,75040,629.745526
619.33,626.255,618.38,2117,626.255,2026-01-29T15:00:00Z,172008,622.137148
622.47,623.21,618.4,2628,619.18,2026-01-29T16:00:00Z,252450,620.386381
623.64,626.5,622.49,1652,622.5,2026-01-29T17:00:00Z,104782,624.606963
625.68,626.85,623.7,1261,623.75,2026-01-29T18:00:00Z,75088,625.772339
625.86,627.06,625.2,1107,625.5,2026-01-29T19:00:00Z,58619,626.187531
629.36,629.975,625.7,2569,625.88,2026-01-29T20:00:00Z,167932,628.081333
629.24,630.17,628.79,69,629.63,2026-01-29T21:00:00Z,6638,629.262467
625.35,625.42,625.0,5,625.0,2026-01-30T13:00:00Z,280,625.169231
625.115,628.15,625.11,559,625.89,2026-01-30T14:00:00Z,35112,626.756645
625.89,628.1,624.29,1448,625.525,2026-01-30T15:00:00Z,102437,626.418146
623.83,626.44,623.54,1540,625.885,2026-01-30T16:00:00Z,101816,625.031159
621.995,624.64,621.995,1422,623.83,2026-01-30T17:00:00Z,95513,623.221741
623.62,624.16,619.37,1679,621.915,2026-01-30T18:00:00Z,114756,621.189603
621.33,624.34,621.33,1171,623.45,2026-01-30T19:00:00Z,82549,623.133829
621.71,623.07,619.39,2768,621.42,2026-01-30T20:00:00Z,220506,621.047998
620.98,622.39,620.75,80,622.39,2026-01-30T21:00:00Z,14201,621.197396
618.4,618.49,616.73,23,617.09,2026-02-02T13:00:00Z,1964,617.424893
623.71,624.85,618.3,1235,618.3,2026-02-02T14:00:00Z,100979,622.772656
625.9,627.55,623.36,1663,624.14,2026-02-02T15:00:00Z,125511,626.223493
627.17,627.38,625.005,1753,625.78,2026-02-02T16:00:00Z,118329,626.304795
627.895,628.29,627.05,1437,627.06,2026-02-02T17:00:00Z,78453,627.660612
628.33,628.49,627.28,1582,627.915,2026-02-02T18:00:00Z,65651,627.915563
626.05,628.38,625.935,1459,628.325,2026-02-02T19:00:00Z,86049,627.604335
626.25,627.32,625.5,3838,625.98,2026-02-02T20:00:00Z,295099,626.305506
626.75,627.07,625.8,65,626.3,2026-02-02T21:00:00Z,7940,626.548316
629.32,629.33,629.32,2,629.33,2026-02-03T13:00:00Z,90,629.324444
621.08,628.89,620.77,1238,628.89,2026-02-03T14:00:00Z,106891,624.521087
620.56,621.28,617.205,2320,620.87,2026-02-03T15:00:00Z,184140,619.472641
617.47,620.64,617.06,1269,620.62,2026-02-03T16:00:00Z,79243,618.450683
615.025,617.79,614.06,1910,617.57,2026-02-03T17:00:00Z,142421,615.839998
611.64,615.9,611.64,2193,615.0,2026-02-03T18:00:00Z,137112,613.404271
613.42,614.355,610.98,1888,611.57,2026-02-03T19:00:00Z,135834,612.508176
616.46,616.735,612.3,3239,613.295,2026-02-03T20:00:00Z,260191,615.349632
615.72,616.99,615.06,81,616.9,2026-02-03T21:00:00Z,10359,615.979667
614.42,615.04,614.41,16,615.04,2026-02-04T13:00:00Z,1466,614.745461
610.4,615.06,610.225,1249,614.16,2026-02-04T14:00:00Z,101638,612.543395
609.33,613.05,608.4,2319,610.2,2026-02-04T15:00:00Z,199487,610.466838
606.595,609.64,603.99,2088,609.4,2026-02-04T16:00:00Z,144950,606.785824
602.67,607.03,600.5,2018,606.49,2026-02-04T17:00:00Z,173579,603.689826
603.83,604.65,601.39,1766,602.665,2026-02-04T18:00:00Z,167429,602.742654
608.315,608.53,602.48,2317,603.93,2026-02-04T19:00:00Z,177449,605.621821
605.64,608.58,605.22,3313,608.29,2026-02-04T20:00:00Z,245140,606.781845
608.38,608.38,604.14,5,605.65,2026-02-04T21:00:00Z,940,605.663829
600.89,602.53,600.19,22,601.04,2026-02-05T13:00:00Z,1283,601.136711
600.24,604.73,597.35,1981,601.46,2026-02-05T14:00:00Z,139541,601.666628
596.82,600.635,595.0,2276,600.06,2026-02-05T15:00:00Z,179568,596.812744
601.56,602.25,594.79,1540,596.89,2026-02-05T16:00:00Z,117279,599.099068
600.595,603.025,599.09,1488,601.68,2026-02-05T17:00:00Z,111295,601.172044
598.59,601.72,597.61,1327,600.49,2026-02-05T18:00:00Z,94086,599.316921
598.76,601.795,597.91,1682,598.31,2026-02-05T19:00:00Z,119852,599.529837
597.06,601.05,595.31,2783,598.76,2026-02-05T20:00:00Z,212441,597.259556
591.78,596.84,591.78,79,596.18,2026-02-05T21:00:00Z,3701,593.704313
601.31,602.06,600.35,16,600.42,2026-02-06T13:00:00Z,1188,601.281379
602.49,605.47,598.88,1141,600.96,2026-02-06T14:00:00Z,96100,602.751114
603.47,605.05,600.0,1512,602.28,2026-02-06T15:00:00Z,104844,602.650828
606.02,607.185,603.225,1480,603.48,2026-02-06T16:00:00Z,115792,606.041596
608.24,608.56,605.71,1719,606.06,2026-02-06T17:00:00Z,141421,607.52451
608.06,608.98,607.82,1139,608.305,2026-02-06T18:00:00Z,74385,608.417553
607.75,608.62,607.63,870,608.07,2026-02-06T19:00:00Z,46846,608.179992
609.59,611.38,607.38,2963,607.7,2026-02-06T20:00:00Z,237659,609.7993
608.3,609.9,608.3,91,609.68,2026-02-06T21:00:00Z,11654,609.202737
608.16,609.74,608.16,17,609.02,2026-02-09T13:00:00Z,2400,608.570333
609.08,610.57,605.16,891,608.11,2026-02-09T14:00:00Z,97685,608.994577
613.63,614.0,608.71,1867,608.825,2026-02-09T15:00:00Z,122906,611.49143
615.48,615.87,613.53,1681,613.645,2026-02-09T16:00:00Z,103435,614.492299
614.69,616.18,614.66,1317,615.45,2026-02-09T17:00:00Z,68337,615.567268
615.05,615.47,613.735,1424,614.57,2026-02-09T18:00:00Z,86514,614.883726
615.77,616.44,614.97,1382,615.09,2026-02-09T19:00:00Z,85810,615.828868
614.33,616.095,614.23,2749,615.715,2026-02-09T20:00:00Z,190316,615.055721
614.96,615.16,614.45,97,614.45,2026-02-09T21:00:00Z,12819,614.792951
614.85,614.89,613.73,10,614.38,2026-02-10T13:00:00Z,510,614.479804
615.695,616.06,612.43,1511,615.15,2026-02-10T14:00:00Z,158072,614.401582
615.3,617.02,614.725,1630,615.73,2026-02-10T15:00:00Z,118274,615.942282
614.11,615.76,613.93,1136,615.265,2026-02-10T16:00:00Z,74325,614.731855
615.41,615.82,613.64,1211,614.11,2026-02-10T17:00:00Z,85912,614.918067
613.77,615.435,612.85,1425,615.435,2026-02-10T18:00:00Z,112524,613.842808
613.3,614.02,612.92,1284,613.87,2026-02-10T19:00:00Z,94441,613.412705
611.48,613.36,611.015,2432,613.19,2026-02-10T20:00:00Z,192135,612.137554
612.1,612.1,611.69,21,611.82,2026-02-10T21:00:00Z,2808,611.86536
616.96,616.96,612.06,42,612.06,2026-02-11T13:00:00Z,2819,615.151421
613.755,617.5,613.31,825,616.79,2026-02-11T14:00:00Z,66985,615.509639
612.16,614.54,607.72,1485,613.58,2026-02-11T15:00:00Z,127129,610.775106
610.66,612.9,610.57,1050,612.2,2026-02-11T16:00:00Z,85085,611.667145
612.695,614.05,609.76,1074,610.65,2026-02-11T17:00:00Z,97882,612.102866
613.535,613.84,611.18,860,612.61,2026-02-11T18:00:00Z,70976,612.496814
613.77,614.96,612.7,1259,613.575,2026-02-11T19:00:00Z,95256,614.019727
612.9,614.055,612.86,2178,613.71,2026-02-11T20:00:00Z,151071,613.500502
613.16,613.4,612.86,38,613.06,2026-02-11T21:00:00Z,5451,613.144636
616.14,616.49,614.15,20,614.73,2026-02-12T13:00:00Z,2743,616.004189
611.12,615.78,610.87,935,615.72,2026-02-12T14:00:00Z,72160,613.760908
606.6,612.5,606.565,1318,611.12,2026-02-12T15:00:00Z,105591,610.073692
603.385,607.095,601.84,1814,606.65,2026-02-12T16:00:00Z,153226,603.982286
602.12,604.88,602.11,1192,603.25,2026-02-12T17:00:00Z,80320,603.368993
604.08,604.6,601.675,1136,602.1,2026-02-12T18:00:00Z,73482,602.913255
603.87,604.93,602.635,1535,604.205,2026-02-12T19:00:00Z,93745,604.093875
600.56,604.15,599.58,2699,603.88,2026-02-12T20:00:00Z,242942,601.14526
602.2,602.3,600.35,87,600.35,2026-02-12T21:00:00Z,8549,601.541972
601.03,601.8,597.68,39,597.68,2026-02-13T13:00:00Z,4144,600.862958
599.27,602.93,596.57,1761,602.02,2026-02-13T14:00:00Z,128019,600.074773
602.08,604.84,599.41,1708,599.41,2026-02-13T15:00:00Z,117510,601.834504
604.13,605.0,600.91,1471,602.06,2026-02-13T16:00:00Z,120139,603.311091
605.04,606.39,603.785,1273,604.035,2026-02-13T17:00:00Z,124484,605.117431
605.14,606.42,604.22,1169,605.215,2026-02-13T18:00:00Z,86317,605.428344
603.08,605.79,602.94,942,605.205,2026-02-13T19:00:00Z,66617,604.815467
601.86,603.9,600.14,2700,603.14,2026-02-13T20:00:00Z,235957,601.602227
601.16,602.13,601.15,33,602.13,2026-02-13T21:00:00Z,9906,601.276035
598.53,598.53,596.49,7,596.49,2026-02-17T13:00:00Z,420,596.790476
594.22,602.0,594.06,1044,597.6,2026-02-17T14:00:00Z,88079,597.827058
596.86,597.945,593.44,1378,593.71,2026-02-17T15:00:00Z,101676,595.501857
600.89,601.6,596.88,1227,597.01,2026-02-17T16:00:00Z,90455,600.201436
599.5,600.95,597.26,946,600.9,2026-02-17T17:00:00Z,84903,599.642354
602.86,603.57,598.2,890,599.48,2026-02-17T18:00:00Z,72255,600.610811
602.09,603.93,602.06,1010,602.99,2026-02-17T19:00:00Z,89177,602.982189
601.23,602.81,600.3,1590,602.12,2026-02-17T20:00:00Z,112974,601.172128
600.85,601.85,600.77,44,601.33,2026-02-17T21:00:00Z,4376,601.236029
602.99,603.65,602.85,5,603.65,2026-02-18T13:00:00Z,520,603.387917
605.3,605.67,600.82,1074,602.64,2026-02-18T14:00:00Z,80874,602.692145
608.775,609.05,605.3,2267,605.3,2026-02-18T15:00:00Z,164075,607.642776
608.18,609.49,608.12,1735,608.78,2026-02-18T16:00:00Z,109457,608.948532
609.065,609.77,608.15,1881,608.17,2026-02-18T17:00:00Z,107409,608.962727
607.395,609.76,606.3,1576,609.07,2026-02-18T18:00:00Z,93827,608.004685
603.875,607.51,603.44,1845,607.28,2026-02-18T19:00:00Z,114891,605.630205
605.67,606.67,603.27,2993,603.92,2026-02-18T20:00:00Z,232892,605.244505
605.36,605.6,605.12,50,605.52,2026-02-18T21:00:00Z,11518,605.344554
603.29,603.92,602.01,6,602.01,2026-02-19T13:00:00Z,390,603.229444
603.88,604.78,601.14,828,603.32,2026-02-19T14:00:00Z,68816,602.852338
604.93,605.6,603.17,2128,603.51,2026-02-19T15:00:00Z,153290,604.282074
603.02,605.81,602.05,1421,604.94,2026-02-19T16:00:00Z,99568,604.155111
601.425,604.45,601.19,891,603.11,2026-02-19T17:00:00Z,65387,602.747518
602.96,603.15,600.78,1118,601.45,2026-02-19T18:00:00Z,80562,601.89747
601.6,603.11,600.82,1042,602.94,2026-02-19T19:00:00Z,74817,602.055108
603.4,603.52,601.46,1773,601.56,2026-02-19T20:00:00Z,128167,602.544999
602.86,603.67,602.8,27,603.56,2026-02-19T21:00:00Z,5460,603.309944
601.2,601.75,600.43,16,601.75,2026-02-20T13:00:00Z,2231,600.809179
604.43,605.87,599.39,1036,601.47,2026-02-20T14:00:00Z,75769,603.634758
609.79,609.99,603.64,2099,604.47,2026-02-20T15:00:00Z,158477,606.903987
609.29,610.31,606.28,1280,609.87,2026-02-20T16:00:00Z,81650,608.799311
607.865,609.6,604.12,1846,609.48,2026-02-20T17:00:00Z,143402,606.687957
609.29,609.86,605.34,1705,607.81,2026-02-20T18:00:00Z,128010,607.713933
607.5,609.76,607.43,1089,609.33,2026-02-20T19:00:00Z,64607,608.517351
608.87,608.87,607.32,2282,607.52,2026-02-20T20:00:00Z,147620,608.23464
608.84,609.06,608.66,38,608.8,2026-02-20T21:00:00Z,4850,608.864387
605.33,605.92,605.05,9,605.09,2026-02-23T13:00:00Z,842,605.506829
604.98,607.94,603.65,1049,605.67,2026-02-23T14:00:00Z,87873,605.759165
600.82,605.64,600.79,1647,604.87,2026-02-23T15:00:00Z,104629,603.458253
600.605,601.83,599.08,1476,600.98,2026-02-23T16:00:00Z,107572,600.484788
600.755,601.28,599.29,1412,600.635,2026-02-23T17:00:00Z,85616,600.484436
600.5,602.675,600.29,1605,600.87,2026-02-23T18:00:00Z,122282,601.914072
599.59,601.1,599.44,1525,600.45,2026-02-23T19:00:00Z,88042,600.229223
601.44,601.52,599.36,2665,599.5,2026-02-23T20:00:00Z,188019,600.380452
602.08,602.08,601.28,66,601.28,2026-02-23T21:00:00Z,10011,601.657908
604.39,604.39,603.15,7,603.15,2026-02-24T13:00:00Z,420,603.909524
604.11,606.21,599.81,1461,603.81,2026-02-24T14:00:00Z,125217,603.396298
606.525,607.78,602.825,2058,604.035,2026-02-24T15:00:00Z,122921,605.713158
607.75,608.19,606.37,1748,606.51,2026-02-24T16:00:00Z,105223,607.363969
608.18,608.87,607.62,2061,607.77,2026-02-24T17:00:00Z,82836,608.228096
607.83,608.99,607.38,2283,608.13,2026-02-24T18:00:00Z,81818,608.020987
607.61,608.215,606.885,1825,607.85,2026-02-24T19:00:00Z,101178,607.487124
607.905,608.82,606.97,2568,607.56,2026-02-24T20:00:00Z,188243,607.763908
607.52,607.96,607.31,98,607.96,2026-02-24T21:00:00Z,17214,607.584968
611.0,611.0,610.35,18,610.71,2026-02-25T13:00:00Z,1415,610.553666
615.52,615.64,610.46,1452,610.82,2026-02-25T14:00:00Z,112949,613.637351
614.385,615.89,613.7,2254,615.575,2026-02-25T15:00:00Z,142489,614.678012
614.895,615.21,614.08,1340,614.32,2026-02-25T16:00:00Z,77947,614.584579
615.75,615.78,614.76,1059,614.85,2026-02-25T17:00:00Z,55634,615.28756
615.73,615.81,615.325,909,615.745,2026-02-25T18:00:00Z,55373,615.599969
616.13,616.36,615.685,1080,615.685,2026-02-25T19:00:00Z,58992,616.167568
616.58,616.81,615.75,3842,616.135,2026-02-25T20:00:00Z,344421,616.355735
618.54,618.92,616.28,60,616.52,2026-02-25T21:00:00Z,14193,616.848225
616.64,617.31,616.15,10,616.15,2026-02-26T13:00:00Z,730,616.813292
611.98,616.94,611.75,2122,616.61,2026-02-26T14:00:00Z,170083,613.42922
607.21,612.36,604.0,4087,611.96,2026-02-26T15:00:00Z,305886,607.852603
606.42,609.35,606.195,2455,607.3,2026-02-26T16:00:00Z,172648,607.958365
605.72,607.48,605.205,1851,606.4,2026-02-26T17:00:00Z,124687,606.439507
607.32,608.03,604.61,2093,605.7,2026-02-26T18:00:00Z,135056,606.11097
608.88,609.65,607.12,2254,607.2,2026-02-26T19:00:00Z,154610,608.856349
609.25,609.51,607.91,3575,608.78,2026-02-26T20:00:00Z,238246,608.661273
607.9,609.42,607.9,151,609.1,2026-02-26T21:00:00Z,16233,608.714829
604.53,605.75,603.12,43,605.75,2026-02-27T13:00:00Z,2904,603.798362
604.66,605.88,602.2,1575,603.92,2026-02-27T14:00:00Z,109320,604.122149
607.14,607.9,604.32,2466,604.565,2026-02-27T15:00:00Z,146785,606.508082
606.71,607.93,605.87,1668,607.03,2026-02-27T16:00:00Z,98944,606.954507
606.17,608.205,605.09,1924,606.77,2026-02-27T17:00:00Z,126539,606.498581
605.06,606.36,604.49,1352,606.12,2026-02-27T18:00:00Z,85495,605.352844
604.93,606.46,604.43,1475,605.1,2026-02-27T19:00:00Z,97901,605.290322
607.335,607.995,604.895,3890,604.895,2026-02-27T20:00:00Z,271353,606.707107
606.45,607.2,606.29,35,607.12,2026-02-27T21:00:00Z,11886,607.135055
598.35,601.01,598.2,21,598.8,2026-03-02T13:00:00Z,1377,599.357509
604.16,605.0,598.03,1356,598.26,2026-03-02T14:00:00Z,99514,602.809783
605.655,606.47,602.86,1973,604.03,2026-03-02T15:00:00Z,146435,605.120782
608.315,608.55,603.98,2282,605.5,2026-03-02T16:00:00Z,160508,606.39602
609.11,609.35,607.715,2110,608.29,2026-03-02T17:00:00Z,137855,608.546055
606.88,609.28,606.77,2030,609.115,2026-03-02T18:00:00Z,125529,608.143628
609.5,609.9,606.74,2238,606.87,2026-03-02T19:00:00Z,137356,609.025818
608.03,609.65,606.26,4210,609.48,2026-03-02T20:00:00Z,332631,608.019223
607.29,607.99,607.28,30,607.99,2026-03-02T21:00:00Z,3670,607.939294
595.4,596.75,594.78,34,596.52,2026-03-03T13:00:00Z,3072,595.485267
595.18,599.33,594.74,1912,594.96,2026-03-03T14:00:00Z,145432,596.713196
594.23,596.91,591.94,3135,595.07,2026-03-03T15:00:00Z,227886,594.107581
599.59,600.9,593.94,2972,593.965,2026-03-03T16:00:00Z,210829,598.144502
598.89,600.51,598.0,2874,599.61,2026-03-03T17:00:00Z,217523,599.349131
602.61,603.485,598.85,3038,598.85,2026-03-03T18:00:00Z,223011,601.572021
602.37,603.93,600.54,2819,602.75,2026-03-03T19:00:00Z,244997,602.523373
601.66,603.17,600.77,3445,602.35,2026-03-03T20:00:00Z,250552,601.898122
600.74,601.65,600.3,62,601.65,2026-03-03T21:00:00Z,6943,601.0729
605.04,605.55,604.48,16,604.48,2026-03-04T13:00:00Z,1465,605.001092
605.74,606.9,603.52,1334,604.76,2026-03-04T14:00:00Z,89645,605.240894
610.7,611.14,605.17,3609,606.55,2026-03-04T15:00:00Z,215151,609.046842
611.16,611.735,608.9,2393,610.705,2026-03-04T16:00:00Z,147043,610.611481
611.77,612.01,610.255,1193,611.1,2026-03-04T17:00:00Z,69384,611.39918
612.3,612.805,611.07,1114,611.78,2026-03-04T18:00:00Z,64145,612.099967
612.16,612.84,612.0,1132,612.31,2026-03-04T19:00:00Z,63674,612.451126
610.58,612.35,610.435,1966,612.205,2026-03-04T20:00:00Z,170779,611.092007
610.97,611.17,610.15,22,610.62,2026-03-04T21:00:00Z,3304,610.552332
607.61,609.34,607.61,11,609.34,2026-03-05T13:00:00Z,770,608.296753
612.21,612.23,606.99,2019,607.78,2026-03-05T14:00:00Z,134780,610.263228
609.71,612.73,606.09,3980,612.21,2026-03-05T15:00:00Z,291860,609.644215
608.71,609.9,606.34,3467,609.69,2026-03-05T16:00:00Z,259300,607.768034
603.03,610.65,602.65,3354,608.87,2026-03-05T17:00:00Z,271787,606.287549
603.2,605.02,602.28,2753,602.89,2026-03-05T18:00:00Z,217945,603.499938
604.24,604.8,602.77,2774,603.24,2026-03-05T19:00:00Z,231079,603.836598
608.92,609.1,603.54,3626,604.23,2026-03-05T20:00:00Z,283377,607.312217
607.99,608.63,607.84,18,608.59,2026-03-05T21:00:00Z,2105,608.237767
599.41,604.33,599.22,70,604.01,2026-03-06T13:00:00Z,5555,602.775404
600.6,601.69,598.56,1549,599.07,2026-03-06T14:00:00Z,124007,600.196027
604.48,605.26,599.84,2191,600.675,2026-03-06T15:00:00Z,151642,602.639931
605.12,605.79,603.01,1287,604.57,2026-03-06T16:00:00Z,95728,604.461092
602.73,605.95,601.74,1095,605.015,2026-03-06T17:00:00Z,80762,603.686965
603.16,605.41,602.605,1188,602.615,2026-03-06T18:00:00Z,66532,603.939476
603.28,604.29,602.48,2107,603.12,2026-03-06T19:00:00Z,125339,603.432884
599.835,604.35,598.4,4706,603.235,2026-03-06T20:00:00Z,377411,600.397332
599.91,599.96,599.15,49,599.38,2026-03-06T21:00:00Z,6266,599.464337
592.73,594.52,592.73,5,594.52,2026-03-09T12:00:00Z,190,593.948571
592.735,596.38,591.355,1290,593.06,2026-03-09T13:00:00Z,79392,593.734685
597.055,597.735,591.63,2251,592.59,2026-03-09T14:00:00Z,170390,595.235596
599.29,599.6,597.07,1774,597.07,2026-03-09T15:00:00Z,109442,598.586123
600.93,601.82,599.04,1559,599.31,2026-03-09T16:00:00Z,89983,600.366974
598.53,600.9,597.65,1568,600.9,2026-03-09T17:00:00Z,98706,598.973053
599.53,600.795,598.55,1588,598.56,2026-03-09T18:00:00Z,89815,599.753651
607.76,609.23,599.25,5736,599.63,2026-03-09T19:00:00Z,394924,606.085889
607.24,607.83,606.01,9,607.75,2026-03-09T20:00:00Z,910,607.456818
607.32,607.89,606.47,11,606.48,2026-03-10T12:00:00Z,953,607.005467
607.27,609.895,606.81,1052,607.32,2026-03-10T13:00:00Z,71566,608.383815
611.65,611.65,605.5,2287,606.96,2026-03-10T14:00:00Z,154931,608.689137
611.68,612.35,610.68,2395,611.64,2026-03-10T15:00:00Z,175758,611.539837
611.75,612.08,610.0,1933,611.61,2026-03-10T16:00:00Z,116287,611.275479
612.13,613.25,610.58,2164,611.76,2026-03-10T17:00:00Z,126484,612.126167
608.73,612.37,607.8,2482,612.15,2026-03-10T18:00:00Z,175979,609.858038
607.61,609.78,606.575,3743,608.825,2026-03-10T19:00:00Z,275223,607.818197
608.57,608.57,607.74,42,607.74,2026-03-10T20:00:00Z,6836,607.869689
606.01,607.33,606.01,5,607.33,2026-03-11T12:00:00Z,730,607.121233
610.515,610.85,607.44,1131,607.44,2026-03-11T13:00:00Z,69154,609.8269
609.54,612.4,607.1,1553,610.515,2026-03-11T14:00:00Z,99376,609.710832
606.53,610.18,605.51,1621,609.69,2026-03-11T15:00:00Z,117892,607.21853
608.24,608.35,605.68,1282,606.61,2026-03-11T16:00:00Z,86413,606.754904
607.01,608.7,605.14,1333,608.33,2026-03-11T17:00:00Z,78962,607.485797
607.13,607.52,605.47,1596,607.09,2026-03-11T18:00:00Z,111567,606.60704
607.72,608.24,606.06,1941,607.195,2026-03-11T19:00:00Z,137284,607.20794
607.04,607.76,606.94,21,607.76,2026-03-11T20:00:00Z,2897,607.174948
603.93,604.31,603.59,5,604.31,2026-03-12T12:00:00Z,260,603.965385
599.8,604.1,599.26,1712,603.81,2026-03-12T13:00:00Z,128414,601.371732
598.92,602.0,597.89,2678,599.85,2026-03-12T14:00:00Z,197610,600.270019
600.09,601.1,597.545,1934,598.95,2026-03-12T15:00:00Z,124502,599.135682
600.02,601.59,598.305,1955,600.1,2026-03-12T16:00:00Z,122800,600.059172
599.07,601.46,598.14,1744,599.95,2026-03-12T17:00:00Z,101898,599.966109
598.46,600.18,598.34,1480,599.09,2026-03-12T18:00:00Z,89376,599.193289
597.31,599.46,597.065,3337,598.42,2026-03-12T19:00:00Z,251530,597.958762
597.22,597.61,597.22,14,597.57,2026-03-12T20:00:00Z,1055,597.518964
600.96,600.96,599.57,3,599.67,2026-03-13T12:00:00Z,205,600.437073
601.72,603.585,598.99,1743,599.99,2026-03-13T13:00:00Z,145866,601.642433
595.93,602.54,595.82,2050,602.105,2026-03-13T14:00:00Z,156200,599.513491
594.06,597.87,593.6,2528,595.96,2026-03-13T15:00:00Z,197588,595.69504
593.68,595.87,593.48,2521,594.05,2026-03-13T16:00:00Z,160449,594.776159
593.07,595.55,592.65,2887,593.84,2026-03-13T17:00:00Z,185173,594.15001
594.95,595.49,593.07,2816,593.16,2026-03-13T18:00:00Z,175304,594.288133
593.61,594.91,592.6,4157,594.87,2026-03-13T19:00:00Z,322992,593.526944
592.31,593.32,592.31,132,593.32,2026-03-13T20:00:00Z,8393,593.033289
600.27,600.75,600.26,14,600.26,2026-03-16T12:00:00Z,1017,600.319849
601.9,602.0,599.31,1249,600.38,2026-03-16T13:00:00Z,85569,600.870943
600.92,602.56,599.18,2438,601.85,2026-03-16T14:00:00Z,161515,601.083562
600.47,601.98,599.89,1734,600.95,2026-03-16T15:00:00Z,109613,601.189294
600.49,601.14,599.11,1868,600.35,2026-03-16T16:00:00Z,120398,600.250877
600.65,601.61,599.96,1655,600.485,2026-03-16T17:00:00Z,107060,600.965753
601.16,601.88,600.49,2401,600.66,2026-03-16T18:00:00Z,148911,601.397159
600.48,603.86,599.55,3726,601.235,2026-03-16T19:00:00Z,242684,600.839908
600.1,600.7,599.91,52,600.28,2026-03-16T20:00:00Z,6419,600.331293
601.41,601.41,600.21,3,600.21,2026-03-17T12:00:00Z,140,600.552857
605.36,605.88,602.19,1637,602.19,2026-03-17T13:00:00Z,105030,604.90313
604.92,605.38,603.1,2432,605.38,2026-03-17T14:00:00Z,138563,604.593496
602.92,605.25,601.99,2362,604.94,2026-03-17T15:00:00Z,121557,603.433975
603.09,603.78,601.92,1726,602.86,2026-03-17T16:00:00Z,97262,602.990446
603.97,604.14,603.05,1667,603.09,2026-03-17T17:00:00Z,90456,603.657907
603.2,604.5,602.925,2780,604.0,2026-03-17T18:00:00Z,154626,603.739914
603.51,603.75,602.71,3735,603.235,2026-03-17T19:00:00Z,246755,603.289897
603.69,603.75,603.46,7,603.46,2026-03-17T20:00:00Z,1180,603.672857
600.26,603.58,600.26,26,603.52,2026-03-18T12:00:00Z,1911,602.257579
602.305,603.09,600.36,883,600.36,2026-03-18T13:00:00Z,57188,602.085792
600.395,602.75,598.73,1823,602.485,2026-03-18T14:00:00Z,120382,600.005718
600.78,601.53,599.88,2207,600.4,2026-03-18T15:00:00Z,137292,600.805547
599.535,601.04,599.165,1305,600.79,2026-03-18T16:00:00Z,84319,600.102819
600.18,600.39,598.42,1450,599.53,2026-03-18T17:00:00Z,97317,599.406707
597.0,601.15,597.0,2530,600.31,2026-03-18T18:00:00Z,168170,599.050373
594.82,598.44,594.56,4280,596.92,2026-03-18T19:00:00Z,360696,595.925279
594.21,594.42,593.36,53,594.42,2026-03-18T20:00:00Z,6100,593.96763
589.96,591.47,589.96,6,590.92,2026-03-19T12:00:00Z,445,591.155714
591.24,591.73,587.12,2189,589.63,2026-03-19T13:00:00Z,130543,589.324352
591.07,592.35,589.06,3267,591.25,2026-03-19T14:00:00Z,190123,590.875285
590.67,593.1,588.8,2594,591.01,2026-03-19T15:00:00Z,164908,590.631838
590.22,591.78,589.5,2258,590.5,2026-03-19T16:00:00Z,141167,590.586113
590.18,590.82,588.39,2323,590.205,2026-03-19T17:00:00Z,165016,589.551954
591.41,591.79,589.34,2908,590.155,2026-03-19T18:00:00Z,191890,590.393363
593.0,595.75,591.43,5400,591.485,2026-03-19T19:00:00Z,404454,593.733413
594.0,594.2,592.84,54,593.39,2026-03-19T20:00:00Z,6933,593.842904
591.26,591.26,591.26,2,591.26,2026-03-20T12:00:00Z,95,591.26
586.53,591.96,586.2,1603,590.52,2026-03-20T13:00:00Z,132180,588.840835
585.95,587.285,584.98,2983,586.25,2026-03-20T14:00:00Z,238223,586.176565
586.91,587.59,585.11,2230,586.0,2026-03-20T15:00:00Z,157069,586.174475
585.92,587.93,585.08,2186,586.86,2026-03-20T16:00:00Z,159131,586.604154
584.5,586.42,583.38,2187,586.06,2026-03-20T17:00:00Z,145860,584.660586
581.55,584.7,581.09,3613,584.59,2026-03-20T18:00:00Z,288928,582.618856
582.085,582.13,578.6,8730,581.615,2026-03-20T19:00:00Z,767363,581.076634
584.27,584.4,582.07,98,582.07,2026-03-20T20:00:00Z,14702,583.169158
593.46,593.46,588.54,45,589.01,2026-03-23T12:00:00Z,6219,591.349613
593.03,594.01,589.075,1889,594.01,2026-03-23T13:00:00Z,144139,591.191978
593.29,595.02,591.33,3377,593.01,2026-03-23T14:00:00Z,225720,593.320087
587.905,595.05,587.5,2839,593.1,2026-03-23T15:00:00Z,200224,592.140392
587.44,589.69,585.97,2715,587.81,2026-03-23T16:00:00Z,193887,587.967622
589.9,589.935,586.15,1883,587.57,2026-03-23T17:00:00Z,131523,588.033697
590.955,591.49,588.74,1866,589.88,2026-03-23T18:00:00Z,129136,590.248968
588.21,591.005,588.21,3876,590.95,2026-03-23T19:00:00Z,299191,589.526939
588.35,588.53,587.79,18,588.04,2026-03-23T20:00:00Z,2499,588.254747
585.94,587.54,585.46,5,587.54,2026-03-24T12:00:00Z,274,585.911282
583.89,586.23,581.99,1089,585.01,2026-03-24T13:00:00Z,82563,583.70916
584.48,586.91,582.97,2465,583.9,2026-03-24T14:00:00Z,174155,584.503946
585.76,587.91,584.96,1676,584.96,2026-03-24T15:00:00Z,158444,586.622114
585.39,586.92,584.61,1505,585.89,2026-03-24T16:00:00Z,134890,585.776458
584.5,585.77,582.64,1641,585.49,2026-03-24T17:00:00Z,133272,583.6132
585.36,586.98,583.78,2047,584.545,2026-03-24T18:00:00Z,177856,585.275194
583.92,586.35,583.28,2799,585.36,2026-03-24T19:00:00Z,219982,584.607985
588.46,591.37,583.89,85,583.91,2026-03-24T20:00:00Z,6460,586.474338
590.0,590.01,588.12,29,589.32,2026-03-25T12:00:00Z,1830,589.109471
587.67,591.33,587.51,1065,589.86,2026-03-25T13:00:00Z,63015,589.415082
590.32,591.17,586.75,2637,587.65,2026-03-25T14:00:00Z,175617,589.654161
587.92,590.52,585.78,2982,590.37,2026-03-25T15:00:00Z,249111,588.383996
588.86,589.53,586.8,2002,587.84,2026-03-25T16:00:00Z,149698,588.240508
589.0,590.56,587.86,1944,588.895,2026-03-25T17:00:00Z,139734,588.981281
587.26,589.61,586.53,2570,589.05,2026-03-25T18:00:00Z,155973,588.577853
587.77,588.12,586.26,4302,587.22,2026-03-25T19:00:00Z,307923,587.275562
587.55,588.04,587.22,25,587.66,2026-03-25T20:00:00Z,3668,587.69959
581.34,582.24,581.32,10,581.32,2026-03-26T12:00:00Z,522,581.729697
584.025,584.37,580.48,1109,581.76,2026-03-26T13:00:00Z,77267,582.412463
581.37,584.56,579.8,4058,584.13,2026-03-26T14:00:00Z,371066,582.60898
581.06,581.96,580.1,2939,581.55,2026-03-26T15:00:00Z,283189,581.105139
578.83,581.28,578.19,3074,581.01,2026-03-26T16:00:00Z,297948,579.387573
575.54,579.29,575.33,3357,578.94,2026-03-26T17:00:00Z,309326,577.44784
576.07,576.45,575.17,3387,575.65,2026-03-26T18:00:00Z,305043,575.832437
573.68,576.16,573.45,6195,576.11,2026-03-26T19:00:00Z,653336,574.487693
574.5,576.96,573.32,188,573.91,2026-03-26T20:00:00Z,8697,574.514366
569.71,570.54,569.71,15,570.0,2026-03-27T12:00:00Z,1153,570.236142
566.77,570.92,566.41,1798,569.62,2026-03-27T13:00:00Z,164828,568.750149
567.38,568.45,565.69,2845,566.62,2026-03-27T14:00:00Z,225259,567.019006
568.31,569.71,566.1,3039,567.41,2026-03-27T15:00:00Z,257269,568.098533
566.45,568.45,565.79,2135,568.27,2026-03-27T16:00:00Z,199935,567.023417
563.78,567.58,563.37,2648,566.47,2026-03-27T17:00:00Z,228359,564.953469
563.2,564.51,562.93,2794,563.76,2026-03-27T18:00:00Z,235420,563.542216
562.5,563.7,561.58,5656,563.24,2026-03-27T19:00:00Z,483821,562.782496
561.78,562.41,561.78,10,562.41,2026-03-27T20:00:00Z,766,562.083914
567.16,567.5,565.77,17,565.77,2026-03-30T12:00:00Z,1014,566.558994
562.43,567.99,562.135,1659,567.13,2026-03-30T13:00:00Z,112553,564.925565
564.145,564.185,561.38,1813,562.41,2026-03-30T14:00:00Z,118172,562.926632
564.05,565.49,561.89,1976,564.16,2026-03-30T15:00:00Z,134374,564.007819
562.09,564.15,561.54,1842,564.125,2026-03-30T16:00:00Z,143248,562.432009
560.1,562.37,559.16,2093,562.09,2026-03-30T17:00:00Z,146297,560.550786
557.98,560.125,557.79,1885,560.125,2026-03-30T18:00:00Z,142818,559.145144
558.28,558.96,555.6,4432,557.89,2026-03-30T19:00:00Z,311319,557.35128
557.5,558.0,557.32,55,557.91,2026-03-30T20:00:00Z,5670,557.540266
564.27,564.87,562.8,26,564.42,2026-03-31T12:00:00Z,1692,563.735671
568.8,568.8,564.28,1476,564.32,2026-03-31T13:00:00Z,119404,566.397867
565.01,569.16,564.24,2863,568.83,2026-03-31T14:00:00Z,258705,567.464924
565.8,568.54,565.05,2228,565.06,2026-03-31T15:00:00Z,163079,566.683173
573.67,575.585,565.64,2316,565.66,2026-03-31T16:00:00Z,202871,571.216982
573.47,576.19,573.16,2621,573.78,2026-03-31T17:00:00Z,232113,574.962459
575.805,576.08,573.5,1959,573.67,2026-03-31T18:00:00Z,149348,575.166567
577.11,578.55,575.26,4827,575.8,2026-03-31T19:00:00Z,393052,577.002984
577.38,577.49,576.93,10,576.93,2026-03-31T20:00:00Z,1222,577.368579
580.76,583.99,580.76,23,583.42,2026-04-01T12:00:00Z,2040,582.754421
582.06,584.0,580.43,1652,580.56,2026-04-01T13:00:00Z,98739,582.131783
585.46,585.74,582.07,2413,582.18,2026-04-01T14:00:00Z,215615,583.880937
586.87,587.17,584.9,2010,585.52,2026-04-01T15:00:00Z,138590,586.009587
587.055,587.31,586.34,1689,586.89,2026-04-01T16:00:00Z,112979,586.890711
585.83,587.715,585.7,1598,587.03,2026-04-01T17:00:00Z,106310,587.039311
583.2,585.92,582.34,2712,585.79,2026-04-01T18:00:00Z,211586,583.64708
584.34,585.5,583.12,3650,583.23,2026-04-01T19:00:00Z,365450,584.441322
583.84,584.51,583.72,29,584.51,2026-04-01T20:00:00Z,4770,584.058295
572.1,572.1,572.0,6,572.01,2026-04-02T12:00:00Z,360,572.012222
577.15,577.38,571.94,1177,573.36,2026-04-02T13:00:00Z,102757,574.362016
583.885,586.05,576.26,2254,577.085,2026-04-02T14:00:00Z,208636,580.941349
582.93,584.645,581.82,1054,583.83,2026-04-02T15:00:00Z,58112,583.33119
582.535,583.84,580.98,925,582.81,2026-04-02T16:00:00Z,52089,582.337939
581.76,583.83,581.23,792,582.54,2026-04-02T17:00:00Z,36342,582.668674
582.89,583.51,581.94,781,581.945,2026-04-02T18:00:00Z,33543,582.692377
584.95,585.06,582.86,2151,583.0,2026-04-02T19:00:00Z,156379,584.216463
584.71,585.03,584.55,17,584.88,2026-04-02T20:00:00Z,1773,584.786053
587.1,587.1,587.1,1,587.1,2026-04-06T12:00:00Z,70,587.1
589.55,589.57,585.82,648,586.83,2026-04-06T13:00:00Z,38760,587.947872
587.15,590.58,586.13,1092,589.41,2026-04-06T14:00:00Z,87098,587.808969
587.55,587.88,585.91,862,587.19,2026-04-06T15:00:00Z,55482,586.929582
587.28,588.06,586.65,693,587.555,2026-04-06T16:00:00Z,43572,587.350545
586.14,587.73,584.69,1042,587.25,2026-04-06T17:00:00Z,77053,586.36052
588.2,588.47,585.71,796,586.07,2026-04-06T18:00:00Z,52118,587.23752
588.4,588.63,587.64,1555,588.25,2026-04-06T19:00:00Z,99495,588.1134
588.09,588.61,588.07,14,588.61,2026-04-06T20:00:00Z,3349,588.212845
584.85,584.87,584.28,13,584.28,2026-04-07T12:00:00Z,540,584.600625
582.69,586.91,582.69,1440,585.53,2026-04-07T13:00:00Z,73871,584.227741
580.03,583.17,579.755,1701,582.78,2026-04-07T14:00:00Z,110612,581.56218
582.35,582.975,578.43,1426,579.62,2026-04-07T15:00:00Z,84748,580.582994
584.67,585.58,582.445,1542,582.45,2026-04-07T16:00:00Z,96380,584.248921
585.18,586.99,583.91,1371,584.63,2026-04-07T17:00:00Z,84769,584.983859
582.14,585.5,581.69,1077,585.29,2026-04-07T18:00:00Z,63405,583.878447
588.88,588.97,581.82,2809,582.13,2026-04-07T19:00:00Z,222374,586.360864
588.7,589.34,588.56,23,588.87,2026-04-07T20:00:00Z,8550,588.739879
608.82,609.14,608.26,16,608.49,2026-04-08T12:00:00Z,1235,608.589025
606.04,609.85,605.46,2054,609.25,2026-04-08T13:00:00Z,136473,607.197925
603.685,606.23,602.29,1464,605.97,2026-04-08T14:00:00Z,106161,604.896947
605.78,605.97,603.46,895,603.92,2026-04-08T15:00:00Z,59657,604.704224
607.28,607.69,605.48,681,605.89,2026-04-08T16:00:00Z,38195,606.456039
606.205,607.63,605.52,815,607.35,2026-04-08T17:00:00Z,56614,606.290286
602.83,607.1,602.77,1288,606.02,2026-04-08T18:00:00Z,101508,605.23301
605.96,605.96,602.61,1983,602.75,2026-04-08T19:00:00Z,163126,604.589244
604.98,606.18,604.9,62,606.05,2026-04-08T20:00:00Z,9616,605.473641
604.62,604.93,604.62,4,604.82,2026-04-09T12:00:00Z,400,604.779
604.69,606.625,604.22,984,604.78,2026-04-09T13:00:00Z,54750,605.451185
604.97,605.33,603.05,1277,604.57,2026-04-09T14:00:00Z,79348,604.138022
608.57,608.74,604.39,1642,604.93,2026-04-09T15:00:00Z,91850,606.450836
608.64,610.31,607.93,1728,608.59,2026-04-09T16:00:00Z,104795,608.988951
609.34,610.15,608.53,1075,608.805,2026-04-09T17:00:00Z,75554,609.524059
608.39,609.51,607.57,961,609.45,2026-04-09T18:00:00Z,60376,608.26478
610.05,610.5,608.3,2489,608.42,2026-04-09T19:00:00Z,170196,609.897393
609.97,610.17,609.5,58,610.01,2026-04-09T20:00:00Z,13337,609.857886
611.95,611.98,610.68,6,610.68,2026-04-10T12:00:00Z,520,611.728936
611.755,613.09,611.34,1102,611.79,2026-04-10T13:00:00Z,60638,612.144636
612.71,613.17,610.67,2017,611.87,2026-04-10T14:00:00Z,111068,612.026541
610.565,613.67,610.16,1201,612.68,2026-04-10T15:00:00Z,73207,612.041794
610.59,611.495,609.585,1163,610.65,2026-04-10T16:00:00Z,61633,610.704228
610.78,610.835,609.64,1077,610.62,2026-04-10T17:00:00Z,48291,610.163966
610.52,610.96,610.01,1028,610.75,2026-04-10T18:00:00Z,52899,610.444571
611.15,611.48,610.465,2544,610.53,2026-04-10T19:00:00Z,156235,610.938898
611.65,611.74,611.03,26,611.08,2026-04-10T20:00:00Z,3998,611.393541
608.37,608.4,607.1,7,607.1,2026-04-13T12:00:00Z,696,607.869856
611.62,611.635,608.2,618,608.2,2026-04-13T13:00:00Z,69303,610.168204
612.69,612.78,610.325,844,611.715,2026-04-13T14:00:00Z,52759,611.643192
611.68,612.71,611.46,822,612.71,2026-04-13T15:00:00Z,55491,612.038129
614.18,614.71,611.1,1198,611.73,2026-04-13T16:00:00Z,66006,612.950241
614.005,614.79,613.87,742,614.17,2026-04-13T17:00:00Z,39919,614.33715
614.97,615.18,613.815,829,614.015,2026-04-13T18:00:00Z,54745,614.365784
617.325,617.6,614.68,2189,615.005,2026-04-13T19:00:00Z,205236,616.676677
618.14,618.14,617.23,60,617.38,2026-04-13T20:00:00Z,11065,617.486998
621.04,621.04,620.46,10,620.99,2026-04-14T12:00:00Z,1217,620.689264
621.755,622.72,620.24,1285,620.76,2026-04-14T13:00:00Z,104110,621.87092
623.825,624.09,621.57,1599,621.745,2026-04-14T14:00:00Z,125759,623.020413
625.43,626.0,622.76,1859,623.8,2026-04-14T15:00:00Z,150045,624.40222
626.33,626.96,625.385,1228,625.385,2026-04-14T16:00:00Z,114232,626.29185
627.45,627.69,626.35,1290,626.37,2026-04-14T17:00:00Z,99229,627.226568
626.4,627.56,625.72,1337,627.46,2026-04-14T18:00:00Z,155834,626.58119
628.58,628.58,626.385,3512,626.41,2026-04-14T19:00:00Z,341174,628.006663
628.31,628.52,627.86,58,628.52,2026-04-14T20:00:00Z,8468,628.219998
628.44,628.58,627.65,7,627.76,2026-04-15T12:00:00Z,660,628.210606
630.19,630.22,628.21,1182,628.38,2026-04-15T13:00:00Z,70885,629.387627
632.51,632.77,629.735,1989,630.28,2026-04-15T14:00:00Z,109515,631.248802
633.41,633.73,631.93,1817,632.48,2026-04-15T15:00:00Z,124895,632.991892
632.08,634.56,630.96,2192,633.265,2026-04-15T16:00:00Z,132344,633.070788
633.055,633.79,631.815,1163,631.995,2026-04-15T17:00:00Z,76654,632.865552
635.91,636.06,632.695,1648,632.93,2026-04-15T18:00:00Z,125310,634.604256
637.24,637.65,635.545,3485,635.795,2026-04-15T19:00:00Z,255608,636.950217
636.86,637.11,636.7,69,637.05,2026-04-15T20:00:00Z,13292,636.882822
638.38,638.66,638.3,12,638.53,2026-04-16T12:00:00Z,1158,638.406393
636.42,639.5,635.35,1049,638.73,2026-04-16T13:00:00Z,59770,637.175505
638.39,638.745,635.705,1446,636.33,2026-04-16T14:00:00Z,83485,637.167681
641.48,641.62,638.375,1428,638.4,2026-04-16T15:00:00Z,78017,640.110168
640.0,642.18,639.2,1024,641.53,2026-04-16T16:00:00Z,56150,641.099133
639.76,640.86,639.09,1006,640.07,2026-04-16T17:00:00Z,53822,640.065624
639.14,640.31,637.23,1436,639.805,2026-04-16T18:00:00Z,89795,638.728758
640.41,640.715,639.09,3201,639.21,2026-04-16T19:00:00Z,283781,640.281929
639.99,640.02,639.32,60,639.72,2026-04-16T20:00:00Z,10084,639.7346
646.19,646.43,642.67,27,642.67,2026-04-17T12:00:00Z,1202,644.949909
646.43,648.3,644.15,1798,646.16,2026-04-17T13:00:00Z,138477,645.744385
648.75,649.39,646.22,2775,646.49,2026-04-17T14:00:00Z,188832,647.76262
648.16,649.89,648.16,2019,648.675,2026-04-17T15:00:00Z,132955,649.046031
649.455,649.99,647.87,1860,648.14,2026-04-17T16:00:00Z,121261,649.195842
648.2,649.85,646.51,1347,649.46,2026-04-17T17:00:00Z,87627,648.351313
647.645,648.48,646.99,1266,648.235,2026-04-17T18:00:00Z,82730,647.877775
648.73,648.83,647.02,3393,647.66,2026-04-17T19:00:00Z,258567,648.344684
648.8,649.01,648.47,44,648.84,2026-04-17T20:00:00Z,8277,648.74468
646.98,647.01,646.98,2,647.01,2026-04-20T12:00:00Z,85,646.994118
647.65,648.745,646.12,847,647.01,2026-04-20T13:00:00Z,55437,647.22082
644.14,647.78,643.62,2007,647.7,2026-04-20T14:00:00Z,139380,645.777598
644.66,645.84,642.525,1666,644.16,2026-04-20T15:00:00Z,116402,643.976136
645.14,645.6,644.25,785,644.645,2026-04-20T16:00:00Z,40419,645.000602
645.85,646.28,644.9,1025,645.16,2026-04-20T17:00:00Z,48628,645.773559
646.43,646.79,645.73,1543,645.88,2026-04-20T18:00:00Z,115407,646.413554
646.775,646.92,645.92,1803,646.435,2026-04-20T19:00:00Z,167198,646.570869
647.37,648.19,646.69,83,646.71,2026-04-20T20:00:00Z,17764,647.006741
648.68,649.7,648.68,8,649.7,2026-04-21T12:00:00Z,671,649.050075
649.05,649.06,646.48,1017,648.58,2026-04-21T13:00:00Z,50102,647.80653
646.59,650.15,646.52,1923,649.21,2026-04-21T14:00:00Z,111743,648.728897
646.52,647.8,644.9,1804,646.84,2026-04-21T15:00:00Z,108040,646.513857
645.07,647.7,644.97,1288,646.75,2026-04-21T16:00:00Z,70397,646.325616
645.71,647.34,643.39,1519,645.05,2026-04-21T17:00:00Z,101421,645.071007
646.26,646.86,644.89,1072,645.73,2026-04-21T18:00:00Z,62318,645.846487
644.24,647.83,642.24,3317,646.42,2026-04-21T19:00:00Z,233441,644.893401
646.51,647.9,643.4,161,644.19,2026-04-21T20:00:00Z,41618,645.676463
648.81,650.13,648.81,11,649.73,2026-04-22T12:00:00Z,980,649.32732
649.755,650.4,648.6,848,648.95,2026-04-22T13:00:00Z,45014,649.461435
652.345,653.12,649.49,2462,649.75,2026-04-22T14:00:00Z,175423,651.529827
652.49,653.22,651.645,730,652.44,2026-04-22T15:00:00Z,39793,652.554115
652.16,653.095,652.12,830,652.68,2026-04-22T16:00:00Z,48909,652.646689
653.96,654.225,652.46,972,652.52,2026-04-22T17:00:00Z,57805,653.775398
653.38,654.03,652.92,945,653.79,2026-04-22T18:00:00Z,54920,653.485008
655.085,655.32,652.54,3318,653.4,2026-04-22T19:00:00Z,296123,654.736091
655.45,656.02,654.98,17,655.07,2026-04-22T20:00:00Z,2428,655.495716
653.16,653.2,653.15,4,653.15,2026-04-23T12:00:00Z,800,653.172903
653.58,655.46,652.51,831,653.51,2026-04-23T13:00:00Z,40371,654.051056
655.42,655.66,652.51,1148,653.565,2026-04-23T14:00:00Z,61486,653.959842
655.34,656.92,654.7,1296,655.58,2026-04-23T15:00:00Z,63846,655.98229
655.22,655.97,654.17,883,655.5,2026-04-23T16:00:00Z,58813,655.355205
650.28,655.44,645.57,2923,655.29,2026-04-23T17:00:00Z,184035,649.960153
649.76,652.685,649.54,1235,650.31,2026-04-23T18:00:00Z,84453,651.50414
651.4,651.83,649.47,1692,649.79,2026-04-23T19:00:00Z,129534,650.837355
651.73,652.82,651.31,33,651.48,2026-04-23T20:00:00Z,5571,652.265047
659.55,660.95,659.55,15,660.19,2026-04-24T12:00:00Z,1730,660.267039
658.07,659.82,656.54,969,659.31,2026-04-24T13:00:00Z,71541,658.37802
660.37,660.52,657.32,2090,657.91,2026-04-24T14:00:00Z,152224,658.914323
662.94,663.29,660.33,2242,660.5,2026-04-24T15:00:00Z,168355,661.542175
663.28,663.715,662.06,1621,662.94,2026-04-24T16:00:00Z,106683,662.996894
663.81,664.43,662.25,1121,663.38,2026-04-24T17:00:00Z,71448,663.190765
663.295,664.05,662.68,1190,663.87,2026-04-24T18:00:00Z,68892,663.267093
663.92,664.38,663.21,3861,663.39,2026-04-24T19:00:00Z,361714,663.908998
663.74,663.94,663.33,38,663.94,2026-04-24T20:00:00Z,6389,663.659436
