c,h,l,n,o,t,v,vw
22.68,24.48,22.55,573,23.4,2021-05-17T12:00:00Z,65848,23.480576
24.295,24.295,22.59,698,22.66,2021-05-17T16:00:00Z,76671,23.604184
25.79,26.67,23.02,1025,23.13,2021-05-18T12:00:00Z,123323,25.37578
25.545,26.74,24.97,908,25.79,2021-05-18T16:00:00Z,123254,25.826963
23.52,23.8,21.23,2268,21.95,2021-05-19T12:00:00Z,224157,22.836453
24.14,24.33,22.69,1466,23.49,2021-05-19T16:00:00Z,131594,23.488014
24.17,24.67,24.02,30,24.48,2021-05-19T20:00:00Z,1941,24.29
24.355,26.5,24.28,751,25.95,2021-05-20T12:00:00Z,78777,25.445473
24.12,24.66,23.17,691,24.205,2021-05-20T16:00:00Z,86628,24.071896
24.63,24.63,24.14,7,24.14,2021-05-20T20:00:00Z,630,24.313333
22.99,25.44,22.86,1229,24.43,2021-05-21T12:00:00Z,154493,23.797693
22.83,23.21,22.47,1041,22.78,2021-05-21T16:00:00Z,120445,22.814008
23.71,24.29,22.78,1129,23.36,2021-05-24T12:00:00Z,139462,23.512318
26.01,26.29,23.5,1864,23.72,2021-05-24T16:00:00Z,216846,25.090038
25.04,25.83,24.39,1546,25.14,2021-05-25T12:00:00Z,185579,25.093442
25.09,25.75,24.84,806,25.13,2021-05-25T16:00:00Z,88108,25.236942
27.99,28.35,26.11,2021,26.76,2021-05-26T12:00:00Z,222316,27.455067
27.6,28.61,27.24,1946,27.985,2021-05-26T16:00:00Z,178161,27.878402
27.59,27.65,27.59,6,27.61,2021-05-26T20:00:00Z,499,27.6225
28.15,29.59,27.83,1320,28.87,2021-05-27T12:00:00Z,170329,28.716676
28.41,28.5,27.31,916,27.9,2021-05-27T16:00:00Z,123889,27.719615
27.23,28.7,27.15,746,27.38,2021-05-28T12:00:00Z,87442,27.788342
27.14,27.91,26.75,523,27.14,2021-05-28T16:00:00Z,67932,27.303028
28.46,29.495,27.11,702,27.11,2021-06-01T12:00:00Z,102109,28.628495
29.16,29.83,28.37,409,28.5,2021-06-01T16:00:00Z,51003,29.224144
30.13,31.02,29.14,1151,30.25,2021-06-02T12:00:00Z,120443,30.044263
30.06,30.3,29.43,722,30.11,2021-06-02T16:00:00Z,60282,29.845657
28.61,30.45,28.32,514,30.39,2021-06-03T12:00:00Z,67930,29.259816
28.31,29.09,28.02,287,28.6,2021-06-03T16:00:00Z,45756,28.427966
28.47,28.47,28.47,1,28.47,2021-06-03T20:00:00Z,100,28.47
28.0,28.72,27.62,711,27.96,2021-06-04T12:00:00Z,85585,28.112404
29.15,29.15,28.01,569,28.05,2021-06-04T16:00:00Z,71463,28.754211
28.79,29.34,27.9,378,29.12,2021-06-07T12:00:00Z,43513,28.494774
28.81,29.12,28.39,327,28.7,2021-06-07T16:00:00Z,34866,28.797768
26.71,27.8,25.3,974,27.51,2021-06-08T12:00:00Z,99366,26.403821
28.06,28.38,26.64,719,26.74,2021-06-08T16:00:00Z,71881,27.493096
27.97,27.97,27.97,1,27.97,2021-06-08T20:00:00Z,100,27.97
30.49,31.11,28.37,604,28.61,2021-06-09T12:00:00Z,78206,29.835349
31.38,33.08,30.49,871,30.49,2021-06-09T16:00:00Z,108371,31.84418
31.21,31.43,31.06,15,31.36,2021-06-09T20:00:00Z,1350,31.238333
30.65,32.66,30.45,1256,31.755,2021-06-10T12:00:00Z,142123,31.511993
31.63,31.875,30.44,1100,30.655,2021-06-10T16:00:00Z,109797,31.347966
30.63,31.84,30.21,570,31.26,2021-06-11T12:00:00Z,66920,30.842351
31.025,31.38,30.59,430,30.6,2021-06-11T16:00:00Z,52359,31.034722
37.44,38.02,33.39,2054,34.06,2021-06-14T12:00:00Z,225709,36.332392
35.4,37.6,35.17,1240,37.52,2021-06-14T16:00:00Z,142017,36.220145
35.53,35.69,35.39,11,35.44,2021-06-14T20:00:00Z,925,35.5325
34.16,35.91,33.86,758,35.91,2021-06-15T12:00:00Z,82771,34.693001
35.03,36.66,34.08,931,34.15,2021-06-15T16:00:00Z,112494,35.40412
33.79,34.96,33.61,513,33.84,2021-06-16T12:00:00Z,54834,34.169218
34.17,34.64,33.28,700,33.79,2021-06-16T16:00:00Z,74567,33.973698
34.29,34.3,34.29,2,34.3,2021-06-16T20:00:00Z,200,34.295
35.13,35.91,33.95,963,33.95,2021-06-17T12:00:00Z,87195,34.944272
34.29,35.43,33.78,785,35.155,2021-06-17T16:00:00Z,79769,34.462951
32.89,34.22,32.48,520,33.67,2021-06-18T12:00:00Z,53306,33.128166
32.2,33.27,31.72,498,32.96,2021-06-18T16:00:00Z,56334,32.400381
31.08,31.86,30.3,712,30.36,2021-06-21T12:00:00Z,70505,31.087166
31.53,32.03,31.22,771,31.24,2021-06-21T16:00:00Z,95874,31.561481
30.93,31.17,28.45,1063,29.22,2021-06-22T12:00:00Z,112975,29.756157
32.23,32.49,30.97,609,30.99,2021-06-22T16:00:00Z,76621,32.008469
32.4,32.4,32.24,5,32.24,2021-06-22T20:00:00Z,450,32.29
33.04,34.61,32.63,741,33.82,2021-06-23T12:00:00Z,74513,33.576027
32.48,33.64,32.34,512,33.13,2021-06-23T16:00:00Z,53824,32.940912
32.5,32.5,32.43,2,32.43,2021-06-23T20:00:00Z,200,32.465
33.32,33.635,32.87,804,33.12,2021-06-24T12:00:00Z,68830,33.296727
33.99,34.1,33.02,915,33.17,2021-06-24T16:00:00Z,73007,33.599164
33.8,33.8,33.77,7,33.77,2021-06-24T20:00:00Z,400,33.785
32.91,33.59,32.53,531,33.37,2021-06-25T12:00:00Z,57612,33.082626
32.91,33.08,32.395,1256,32.94,2021-06-25T16:00:00Z,102795,32.752219
36.07,36.07,33.43,587,34.1,2021-06-28T12:00:00Z,62224,34.598452
36.16,36.57,35.475,800,35.99,2021-06-28T16:00:00Z,97183,36.137377
37.85,40.3,37.41,1247,38.04,2021-06-29T12:00:00Z,121836,39.051812
37.74,38.33,37.13,385,37.86,2021-06-29T16:00:00Z,39020,37.877022
37.7,37.87,37.7,3,37.87,2021-06-29T20:00:00Z,300,37.763333
37.17,37.65,35.83,567,36.61,2021-06-30T12:00:00Z,53714,36.870746
37.67,38.2,36.67,624,37.06,2021-06-30T16:00:00Z,54488,37.548553
36.47,37.57,35.94,479,37.23,2021-07-01T12:00:00Z,42499,36.583426
36.23,36.93,35.88,456,36.22,2021-07-01T16:00:00Z,43290,36.370463
36.33,37.03,35.92,293,36.35,2021-07-02T12:00:00Z,27564,36.456855
36.24,36.65,36.08,410,36.34,2021-07-02T16:00:00Z,37953,36.384418
35.61,37.2,35.56,413,36.935,2021-07-06T12:00:00Z,39648,36.44003
35.48,35.61,34.58,476,35.51,2021-07-06T16:00:00Z,48783,35.134241
35.565,36.765,35.015,542,35.76,2021-07-07T12:00:00Z,54883,35.747511
35.455,35.87,34.98,557,35.43,2021-07-07T16:00:00Z,44987,35.381949
33.9,34.1,32.4,429,33.55,2021-07-08T12:00:00Z,41714,33.441057
33.68,34.03,33.42,362,33.89,2021-07-08T16:00:00Z,32336,33.731561
34.11,34.11,33.67,3,33.67,2021-07-08T20:00:00Z,300,33.816667
33.85,34.44,33.16,437,34.27,2021-07-09T12:00:00Z,44252,33.717982
32.845,34.1,32.68,375,33.84,2021-07-09T16:00:00Z,34123,33.161327
31.44,33.07,31.06,331,33.035,2021-07-12T12:00:00Z,30377,31.661636
31.36,31.835,30.86,461,31.39,2021-07-12T16:00:00Z,41176,31.387552
31.36,31.45,30.49,295,31.45,2021-07-13T12:00:00Z,29187,31.018523
30.045,31.42,30.03,366,31.37,2021-07-13T16:00:00Z,30360,30.577941
28.955,30.67,28.955,256,30.3,2021-07-14T12:00:00Z,25209,29.825249
28.575,29.34,28.52,353,29.1,2021-07-14T16:00:00Z,31606,28.91868
28.835,29.31,27.43,293,27.57,2021-07-15T12:00:00Z,29006,28.647856
28.195,28.77,27.61,368,28.74,2021-07-15T16:00:00Z,34556,28.160341
28.49,28.67,27.68,211,28.4,2021-07-16T12:00:00Z,18421,28.179249
27.285,28.57,27.17,341,28.57,2021-07-16T16:00:00Z,36287,27.545851
26.62,26.86,25.6,387,25.89,2021-07-19T12:00:00Z,38125,26.355927
25.95,26.6,25.63,616,26.6,2021-07-19T16:00:00Z,50891,25.996052
25.58,25.61,23.97,634,25.34,2021-07-20T12:00:00Z,67852,24.650624
25.9,26.3,24.88,386,25.59,2021-07-20T16:00:00Z,36323,25.73492
28.78,29.75,27.65,855,27.96,2021-07-21T12:00:00Z,88055,29.00115
29.18,29.85,28.77,550,28.89,2021-07-21T16:00:00Z,58434,29.223155
29.1,29.3,27.73,463,29.3,2021-07-22T12:00:00Z,50874,28.301763
28.86,29.4,28.52,420,29.14,2021-07-22T16:00:00Z,45298,29.012089
27.68,29.73,27.435,595,28.8,2021-07-23T12:00:00Z,68310,28.382449
28.13,28.17,27.11,450,27.58,2021-07-23T16:00:00Z,49170,27.839086
33.38,34.22,31.81,1510,32.55,2021-07-26T12:00:00Z,150790,33.165422
34.0,34.7,33.22,1125,33.31,2021-07-26T16:00:00Z,116179,34.101233
32.39,32.95,32.39,3,32.95,2021-07-26T20:00:00Z,300,32.65
31.82,33.58,30.93,599,32.56,2021-07-27T12:00:00Z,59271,31.909121
31.535,31.76,30.66,386,31.76,2021-07-27T16:00:00Z,29950,31.22623
33.585,34.1,32.1,394,34.1,2021-07-28T12:00:00Z,52947,32.899223
32.985,33.81,32.22,428,33.58,2021-07-28T16:00:00Z,38772,33.143583
33.56,34.01,32.23,535,33.08,2021-07-29T12:00:00Z,48495,33.181431
31.9,33.63,31.9,431,33.5,2021-07-29T16:00:00Z,43614,32.528002
32.48,33.01,31.47,216,31.48,2021-07-30T12:00:00Z,19990,32.513276
32.92,32.95,31.89,396,32.45,2021-07-30T16:00:00Z,39813,32.35914
34.36,35.34,32.49,1043,33.005,2021-08-02T12:00:00Z,89732,33.652651
33.48,34.82,33.43,468,34.11,2021-08-02T16:00:00Z,45308,34.242974
31.55,32.975,31.08,422,32.805,2021-08-03T12:00:00Z,39307,31.678996
31.44,32.635,30.84,523,31.59,2021-08-03T16:00:00Z,49759,31.620148
32.99,33.7,31.87,490,31.87,2021-08-04T12:00:00Z,44777,32.981191
32.69,33.455,32.45,399,32.87,2021-08-04T16:00:00Z,39618,32.792742
32.77,33.19,30.95,305,31.77,2021-08-05T12:00:00Z,28199,32.226967
33.61,34.27,32.78,518,32.78,2021-08-05T16:00:00Z,57813,33.625917
34.59,34.75,32.85,481,33.49,2021-08-06T12:00:00Z,46921,33.800624
34.94,35.74,34.51,868,34.62,2021-08-06T16:00:00Z,88969,35.137434
38.4,39.94,36.56,2009,37.4,2021-08-09T12:00:00Z,146282,38.566939
37.81,39.75,37.6,1285,38.45,2021-08-09T16:00:00Z,106706,38.877447
37.37,38.89,36.64,635,38.17,2021-08-10T12:00:00Z,61456,37.687052
38.3,38.7,37.24,537,37.48,2021-08-10T16:00:00Z,50191,38.099617
38.2,40.79,37.91,987,39.36,2021-08-11T12:00:00Z,86092,39.341619
37.73,38.31,37.26,525,38.12,2021-08-11T16:00:00Z,49205,37.652258
36.78,36.78,34.78,506,35.58,2021-08-12T12:00:00Z,42739,35.763485
36.81,37.65,36.22,276,36.64,2021-08-12T16:00:00Z,28256,36.875759
36.18,38.68,35.95,427,38.09,2021-08-13T12:00:00Z,41890,37.266647
35.8,36.86,35.67,537,36.21,2021-08-13T16:00:00Z,54260,36.110597
35.6,36.11,34.62,450,36.11,2021-08-16T12:00:00Z,33592,35.41055
35.83,36.945,35.47,579,35.67,2021-08-16T16:00:00Z,55260,36.21353
35.56,35.56,35.56,1,35.56,2021-08-16T20:00:00Z,100,35.56
33.505,35.73,33.505,243,35.45,2021-08-17T12:00:00Z,22496,34.720269
32.78,33.73,32.46,375,33.35,2021-08-17T16:00:00Z,36404,33.036161
33.28,33.43,32.01,483,32.58,2021-08-18T12:00:00Z,45014,32.785156
31.83,33.83,31.8,519,33.29,2021-08-18T16:00:00Z,41849,32.87207
32.05,32.38,31.16,372,31.18,2021-08-19T12:00:00Z,38899,31.913709
32.09,32.68,30.89,796,32.0,2021-08-19T16:00:00Z,79964,31.920817
34.97,35.185,32.75,447,32.75,2021-08-20T12:00:00Z,42804,34.227208
34.32,35.26,33.96,474,34.98,2021-08-20T16:00:00Z,40347,34.5027
35.37,37.26,35.06,749,36.555,2021-08-23T12:00:00Z,72684,36.005902
35.73,35.85,35.2,444,35.41,2021-08-23T16:00:00Z,39698,35.533693
36.52,36.77,35.68,30,35.68,2021-08-23T20:00:00Z,2319,36.351818
36.36,37.08,34.89,864,36.24,2021-08-24T12:00:00Z,80136,36.025948
37.56,37.58,35.81,769,36.41,2021-08-24T16:00:00Z,68886,36.860258
38.39,38.72,36.71,362,36.79,2021-08-25T12:00:00Z,40850,37.809025
37.7,38.41,36.99,542,38.35,2021-08-25T16:00:00Z,51777,37.636052
37.68,37.68,37.63,3,37.63,2021-08-25T20:00:00Z,300,37.646667
36.89,38.02,36.62,481,37.42,2021-08-26T12:00:00Z,57824,37.345737
36.3,37.11,35.845,501,37.06,2021-08-26T16:00:00Z,43681,36.375336
38.73,39.33,36.36,781,36.47,2021-08-27T12:00:00Z,68683,38.316101
38.59,38.96,38.06,538,38.67,2021-08-27T16:00:00Z,55110,38.460426
37.5,38.39,36.78,278,38.39,2021-08-30T12:00:00Z,25127,37.244333
37.73,37.83,37.18,515,37.59,2021-08-30T16:00:00Z,50539,37.597951
37.05,37.93,36.59,309,37.81,2021-08-31T12:00:00Z,37768,37.060844
37.3,37.97,37.16,479,37.16,2021-08-31T16:00:00Z,43332,37.481896
37.0,37.25,36.99,10,37.25,2021-08-31T20:00:00Z,1635,37.081131
37.34,38.2,36.74,356,37.5,2021-09-01T12:00:00Z,37606,37.34997
36.49,38.67,36.31,1620,37.28,2021-09-01T16:00:00Z,190858,36.993006
36.595,38.26,36.33,1331,37.82,2021-09-02T12:00:00Z,160019,37.077536
35.95,37.08,35.95,1105,36.66,2021-09-02T16:00:00Z,150927,36.548187
36.5,37.3,36.23,969,36.6,2021-09-03T12:00:00Z,94213,36.739127
34.44,36.5,34.19,998,36.5,2021-09-03T16:00:00Z,143438,34.775163
31.93,34.69,30.97,1621,34.2,2021-09-07T12:00:00Z,164138,32.447918
32.105,32.5,31.46,623,31.9,2021-09-07T16:00:00Z,50784,32.094573
30.87,32.23,30.35,434,32.05,2021-09-08T12:00:00Z,39994,30.935307
30.36,30.98,30.32,319,30.9,2021-09-08T16:00:00Z,26194,30.562884
30.49,30.49,30.49,1,30.49,2021-09-08T20:00:00Z,100,30.49
31.36,31.96,30.89,346,31.12,2021-09-09T12:00:00Z,32195,31.407145
31.36,31.855,31.185,735,31.43,2021-09-09T16:00:00Z,76904,31.526114
30.73,31.67,30.08,395,31.35,2021-09-10T12:00:00Z,49594,30.549041
29.61,30.765,29.47,866,30.64,2021-09-10T16:00:00Z,92513,30.02328
29.8,30.45,28.915,531,29.305,2021-09-13T12:00:00Z,66304,29.520333
29.32,29.98,28.93,375,29.83,2021-09-13T16:00:00Z,42011,29.364125
29.77,30.27,29.26,347,30.06,2021-09-14T12:00:00Z,35371,29.730691
28.83,29.97,28.71,654,29.84,2021-09-14T16:00:00Z,104346,29.204404
30.3,30.3,29.15,464,29.47,2021-09-15T12:00:00Z,48171,29.706175
30.28,30.44,29.7,450,30.28,2021-09-15T16:00:00Z,43126,30.115255
30.15,30.27,29.3,221,30.13,2021-09-16T12:00:00Z,25180,29.838723
29.36,30.22,29.1,387,30.14,2021-09-16T16:00:00Z,52140,29.618987
29.0,29.7,28.865,261,29.39,2021-09-17T12:00:00Z,41299,29.142519
29.325,29.48,28.99,351,29.04,2021-09-17T16:00:00Z,30116,29.23991
28.0,28.295,27.03,480,27.22,2021-09-20T12:00:00Z,50229,27.955903
27.54,28.015,26.88,702,28.015,2021-09-20T16:00:00Z,75456,27.384766
27.37,27.84,26.97,347,27.555,2021-09-21T12:00:00Z,34501,27.359721
27.38,27.61,27.0,299,27.37,2021-09-21T16:00:00Z,32573,27.356988
28.6,28.6,27.16,862,27.3,2021-09-22T12:00:00Z,41599,28.208144
28.71,29.03,28.45,848,28.59,2021-09-22T16:00:00Z,45982,28.754578
28.74,29.23,28.56,212,28.825,2021-09-23T12:00:00Z,23020,28.9068
29.41,29.5,28.78,403,28.78,2021-09-23T16:00:00Z,41707,29.289822
28.03,28.21,27.18,640,27.24,2021-09-24T12:00:00Z,64605,27.725203
27.95,28.48,27.52,481,28.065,2021-09-24T16:00:00Z,57278,27.906109
27.65,28.43,27.49,521,27.91,2021-09-27T12:00:00Z,66508,27.803185
27.78,27.87,27.22,1555,27.57,2021-09-27T16:00:00Z,96551,27.538044
26.23,27.74,26.08,434,27.38,2021-09-28T12:00:00Z,43240,26.498667
25.77,26.38,25.71,507,26.21,2021-09-28T16:00:00Z,54809,26.055104
25.32,26.15,25.31,858,26.14,2021-09-29T12:00:00Z,79232,25.686279
24.85,25.7,24.825,1219,25.355,2021-09-29T16:00:00Z,89489,25.319887
25.58,26.21,25.325,700,25.47,2021-09-30T12:00:00Z,79727,25.82399
25.7,26.33,25.39,514,25.57,2021-09-30T16:00:00Z,54203,25.869609
26.17,27.26,25.775,706,27.18,2021-10-01T12:00:00Z,70899,26.349011
26.08,26.47,26.0,424,26.23,2021-10-01T16:00:00Z,50968,26.220756
24.73,25.93,24.365,331,25.85,2021-10-04T12:00:00Z,39062,24.925634
25.21,25.58,24.65,379,24.7,2021-10-04T16:00:00Z,42792,25.22797
25.69,26.56,25.24,402,25.44,2021-10-05T12:00:00Z,48742,26.107621
26.34,26.43,25.46,428,25.68,2021-10-05T16:00:00Z,55418,25.977599
27.55,28.03,26.61,844,27.44,2021-10-06T12:00:00Z,96504,27.279061
26.58,27.47,26.37,602,27.47,2021-10-06T16:00:00Z,67553,26.792837
26.245,26.64,25.6,365,26.42,2021-10-07T12:00:00Z,39955,26.086648
26.1,26.375,25.83,414,26.035,2021-10-07T16:00:00Z,45691,26.096975
26.02,26.71,25.76,330,26.44,2021-10-08T12:00:00Z,34626,26.143907
25.81,26.31,25.7,440,26.0,2021-10-08T16:00:00Z,49991,25.963436
28.33,28.47,26.07,611,26.22,2021-10-11T12:00:00Z,104853,27.611706
27.6,28.87,27.585,804,28.3,2021-10-11T16:00:00Z,95613,28.201578
25.88,27.5,25.63,486,27.45,2021-10-12T12:00:00Z,112224,26.06005
25.5,25.89,25.16,699,25.89,2021-10-12T16:00:00Z,72821,25.49735
25.65,25.92,24.63,599,25.45,2021-10-13T12:00:00Z,61109,25.296892
25.64,26.29,25.49,566,25.67,2021-10-13T16:00:00Z,65399,25.834128
26.1,26.17,25.43,509,26.045,2021-10-14T12:00:00Z,84832,25.742182
26.11,26.38,25.71,730,26.095,2021-10-14T16:00:00Z,107573,26.068433
26.87,28.56,26.68,1111,27.47,2021-10-15T12:00:00Z,185772,27.708434
27.86,28.34,26.745,1319,26.745,2021-10-15T16:00:00Z,156567,27.823157
30.815,30.89,27.79,1300,27.845,2021-10-18T12:00:00Z,136888,29.611285
29.8,30.96,29.34,1250,30.79,2021-10-18T16:00:00Z,123731,30.163326
29.89,29.89,29.89,1,29.89,2021-10-18T20:00:00Z,100,29.89
30.035,31.76,29.08,1767,30.75,2021-10-19T12:00:00Z,215000,30.29571
30.81,31.0,29.78,1115,30.02,2021-10-19T16:00:00Z,148696,30.623843
32.23,32.82,30.45,1078,30.99,2021-10-20T12:00:00Z,121920,31.98515
31.42,32.4,30.96,752,32.3,2021-10-20T16:00:00Z,78311,31.591879
29.74,32.02,29.65,969,31.3,2021-10-21T12:00:00Z,117454,30.514639
29.41,30.06,29.13,817,29.695,2021-10-21T16:00:00Z,122104,29.593171
28.14,29.42,27.875,610,29.02,2021-10-22T12:00:00Z,73325,28.548738
28.26,28.45,27.63,666,27.96,2021-10-22T16:00:00Z,116886,28.12209
30.22,30.385,28.92,1014,29.24,2021-10-25T12:00:00Z,171786,29.731947
29.58,30.28,29.34,386,30.26,2021-10-25T16:00:00Z,44365,29.691224
29.08,29.45,28.195,460,29.45,2021-10-26T12:00:00Z,117321,28.792096
28.44,29.07,28.28,361,28.95,2021-10-26T16:00:00Z,49898,28.614126
27.48,27.77,26.91,453,27.51,2021-10-27T12:00:00Z,43034,27.355745
26.63,27.525,26.46,599,27.47,2021-10-27T16:00:00Z,115459,27.130492
26.63,26.63,26.63,5,26.63,2021-10-27T20:00:00Z,300,26.63
27.22,28.0,27.03,400,27.53,2021-10-28T12:00:00Z,41416,27.565464
27.46,27.58,26.37,1025,27.3,2021-10-28T16:00:00Z,113475,27.083269
27.98,28.16,26.97,386,27.48,2021-10-29T12:00:00Z,46832,27.514831
27.22,28.2,26.82,719,28.02,2021-10-29T16:00:00Z,77560,27.274943
28.56,28.75,27.03,415,27.28,2021-11-01T12:00:00Z,46366,28.14096
28.1,28.6,27.57,539,28.58,2021-11-01T16:00:00Z,78944,28.000309
30.395,30.44,28.715,887,28.93,2021-11-02T12:00:00Z,118517,29.702047
31.88,31.97,29.99,1266,30.355,2021-11-02T16:00:00Z,166947,30.931827
31.5,31.52,29.83,756,31.05,2021-11-03T12:00:00Z,91206,30.770414
32.79,32.965,31.16,1003,31.51,2021-11-03T16:00:00Z,117372,32.084745
32.45,34.14,32.0,1377,32.74,2021-11-04T12:00:00Z,158514,33.077164
32.71,32.79,32.05,1021,32.39,2021-11-04T16:00:00Z,117682,32.444977
31.65,33.25,31.48,520,33.0,2021-11-05T12:00:00Z,54105,32.073159
31.46,31.95,31.24,630,31.6,2021-11-05T16:00:00Z,81760,31.592885
37.16,37.73,33.77,1302,33.925,2021-11-08T12:00:00Z,170547,35.718786
37.02,37.46,36.19,1672,37.2,2021-11-08T16:00:00Z,160276,36.791865
37.03,37.2,36.31,406,37.0,2021-11-08T20:00:00Z,41416,36.843321
38.52,42.78,37.13,2248,40.85,2021-11-09T12:00:00Z,254676,39.448392
38.53,39.0,37.21,1340,38.26,2021-11-09T16:00:00Z,112855,38.057686
38.53,39.85,38.33,582,38.57,2021-11-09T20:00:00Z,52480,39.062544
39.97,41.96,38.98,1490,41.96,2021-11-10T12:00:00Z,118523,40.204912
36.565,41.75,35.84,2099,40.07,2021-11-10T16:00:00Z,191868,39.347702
36.5,37.65,36.165,611,36.56,2021-11-10T20:00:00Z,53106,36.887515
38.12,39.19,37.41,654,37.43,2021-11-11T12:00:00Z,58225,38.259799
39.53,39.69,38.05,763,38.05,2021-11-11T16:00:00Z,58391,38.925216
39.47,39.62,39.3,267,39.44,2021-11-11T20:00:00Z,21499,39.48432
38.66,39.79,37.835,364,39.62,2021-11-12T12:00:00Z,36409,38.553105
41.86,41.97,38.52,857,38.59,2021-11-12T16:00:00Z,89468,40.620833
43.98,44.285,41.895,1086,41.895,2021-11-12T20:00:00Z,126766,43.487063
43.59,46.28,43.0,1224,45.87,2021-11-15T12:00:00Z,122725,44.693906
43.44,44.05,41.1,1379,43.52,2021-11-15T16:00:00Z,135004,42.550174
42.1,44.04,41.96,667,43.45,2021-11-15T20:00:00Z,91143,42.687115
36.62,39.0,35.21,1196,37.75,2021-11-16T12:00:00Z,219347,36.933582
38.09,39.29,36.45,1097,36.73,2021-11-16T16:00:00Z,105811,38.006443
37.46,38.0,36.26,538,38.0,2021-11-16T20:00:00Z,49471,37.027464
35.73,38.19,34.9,1248,37.71,2021-11-17T12:00:00Z,113632,36.270701
35.13,36.65,35.01,1409,35.75,2021-11-17T16:00:00Z,128306,35.889182
35.23,35.66,34.925,593,35.12,2021-11-17T20:00:00Z,51266,35.316388
32.61,35.17,31.835,693,34.48,2021-11-18T12:00:00Z,68546,33.374301
33.315,33.72,31.49,843,32.645,2021-11-18T16:00:00Z,97459,32.640725
33.62,34.01,32.75,449,33.265,2021-11-18T20:00:00Z,51284,33.560702
35.92,36.09,33.95,815,33.95,2021-11-19T12:00:00Z,97961,35.330078
36.4,36.61,35.6,977,35.91,2021-11-19T16:00:00Z,89299,36.124752
36.18,36.8,35.99,427,36.55,2021-11-19T20:00:00Z,44028,36.348851
33.2,36.93,33.06,610,36.64,2021-11-22T12:00:00Z,59469,34.571588
33.85,34.095,32.605,630,33.29,2021-11-22T16:00:00Z,61893,33.445529
33.45,34.115,33.45,272,33.9,2021-11-22T20:00:00Z,27997,33.799344
33.54,35.74,33.42,795,33.81,2021-11-23T12:00:00Z,99893,34.574688
35.48,35.7,33.53,975,33.55,2021-11-23T16:00:00Z,125111,34.95999
36.12,36.16,35.41,321,35.48,2021-11-23T20:00:00Z,40449,35.804017
35.81,36.23,33.67,523,34.36,2021-11-24T12:00:00Z,48031,35.147448
36.36,36.61,35.61,370,35.99,2021-11-24T16:00:00Z,32448,36.171941
36.99,37.12,36.31,220,36.31,2021-11-24T20:00:00Z,17748,36.945541
35.54,36.31,34.5,739,34.5,2021-11-26T12:00:00Z,78031,35.491335
35.08,35.65,34.4,756,35.51,2021-11-26T16:00:00Z,65908,35.113864
34.57,36.33,33.68,648,36.0,2021-11-29T12:00:00Z,46716,34.758803
37.14,38.05,34.3,1070,34.45,2021-11-29T16:00:00Z,88751,36.42263
37.61,37.625,36.91,497,37.2,2021-11-29T20:00:00Z,29931,37.382426
37.96,40.05,37.59,1234,38.08,2021-11-30T12:00:00Z,141369,38.681137
36.665,38.38,35.52,1781,37.92,2021-11-30T16:00:00Z,202510,36.829154
37.36,37.37,36.47,416,36.71,2021-11-30T20:00:00Z,47205,37.052974
39.8,39.96,38.3,787,38.74,2021-12-01T12:00:00Z,64306,39.127831
37.05,40.88,36.87,1225,39.73,2021-12-01T16:00:00Z,121462,39.102208
35.6,37.08,35.27,606,37.06,2021-12-01T20:00:00Z,48911,35.911089
34.25,36.5,33.16,991,34.84,2021-12-02T12:00:00Z,89592,34.759185
32.52,34.3,31.625,1191,34.15,2021-12-02T16:00:00Z,140512,32.941173
32.96,33.29,32.41,257,32.62,2021-12-02T20:00:00Z,29294,32.880984
29.565,34.06,29.12,987,33.56,2021-12-03T12:00:00Z,112812,30.429718
28.14,29.91,27.94,1286,29.63,2021-12-03T16:00:00Z,126232,28.931182
28.635,28.65,27.84,627,28.01,2021-12-03T20:00:00Z,51434,28.227524
27.13,27.64,25.0,1120,26.49,2021-12-06T12:00:00Z,116796,26.360708
28.08,29.34,26.85,1104,27.3,2021-12-06T16:00:00Z,94402,28.163916
28.14,28.41,27.8,273,28.145,2021-12-06T20:00:00Z,25536,28.153353
30.24,30.61,29.12,446,29.895,2021-12-07T12:00:00Z,40207,29.797229
29.94,30.44,29.34,453,30.35,2021-12-07T16:00:00Z,41809,29.81172
29.69,30.24,29.32,429,30.0,2021-12-07T20:00:00Z,40253,29.620336
29.265,30.09,28.83,411,29.6,2021-12-08T12:00:00Z,31688,29.335395
29.59,30.21,29.28,444,29.32,2021-12-08T16:00:00Z,40342,29.743655
29.36,29.79,29.29,304,29.57,2021-12-08T20:00:00Z,37356,29.464017
27.05,28.76,26.6,511,28.73,2021-12-09T12:00:00Z,64502,27.230017
26.6,27.39,26.4,675,27.0,2021-12-09T16:00:00Z,75654,26.867048
26.5,26.74,26.49,397,26.56,2021-12-09T20:00:00Z,41989,26.572758
25.7,27.51,25.64,448,27.35,2021-12-10T12:00:00Z,42841,26.237919
25.88,26.04,25.39,615,25.65,2021-12-10T16:00:00Z,62943,25.710368
26.0,26.11,25.78,226,25.83,2021-12-10T20:00:00Z,18907,25.932627
24.7,25.49,24.41,699,25.49,2021-12-13T12:00:00Z,84501,24.781622
24.38,24.88,23.96,1149,24.71,2021-12-13T16:00:00Z,124974,24.404151
24.36,24.9,24.31,422,24.4,2021-12-13T20:00:00Z,38828,24.531908
24.805,25.43,23.61,980,23.87,2021-12-14T12:00:00Z,125876,24.91139
24.66,24.91,24.16,1061,24.78,2021-12-14T16:00:00Z,109794,24.512324
24.96,25.315,24.63,516,24.66,2021-12-14T20:00:00Z,62922,25.069497
23.15,24.62,23.1,690,24.56,2021-12-15T12:00:00Z,61023,23.679684
24.97,25.23,23.05,1663,23.13,2021-12-15T16:00:00Z,112618,24.117053
25.875,26.51,25.0,1026,25.1,2021-12-15T20:00:00Z,96625,25.947527
24.88,26.13,24.64,326,25.74,2021-12-16T12:00:00Z,37930,25.183975
23.54,24.975,23.32,666,24.975,2021-12-16T16:00:00Z,80062,24.007638
23.87,24.1,23.41,311,23.5,2021-12-16T20:00:00Z,20861,23.810191
23.43,23.63,21.82,571,23.33,2021-12-17T12:00:00Z,67285,22.741903
22.95,24.03,22.92,628,23.42,2021-12-17T16:00:00Z,71211,23.482064
23.29,23.445,22.945,400,22.99,2021-12-17T20:00:00Z,43399,23.188051
22.185,23.03,21.99,645,22.19,2021-12-20T12:00:00Z,65840,22.550367
22.42,22.445,21.71,1243,22.215,2021-12-20T16:00:00Z,122632,22.136344
22.54,22.69,22.39,350,22.46,2021-12-20T20:00:00Z,31355,22.5422
23.12,23.78,23.06,227,23.5,2021-12-21T12:00:00Z,25860,23.36088
24.25,24.28,23.11,579,23.11,2021-12-21T16:00:00Z,65973,23.827579
24.05,24.28,23.77,287,24.24,2021-12-21T20:00:00Z,29452,23.96222
24.3,24.72,23.69,686,23.8,2021-12-22T12:00:00Z,67817,24.28575
23.735,24.8,23.32,857,24.32,2021-12-22T16:00:00Z,93611,24.07447
23.61,23.8,23.57,287,23.75,2021-12-22T20:00:00Z,21984,23.683912
23.73,23.74,23.0,225,23.41,2021-12-23T12:00:00Z,18812,23.279063
25.91,26.165,23.8,1107,23.85,2021-12-23T16:00:00Z,131631,25.237007
25.68,25.985,25.51,556,25.87,2021-12-23T20:00:00Z,59784,25.723009
25.73,26.77,25.54,459,25.83,2021-12-27T12:00:00Z,49715,26.122437
25.75,26.25,25.42,648,25.74,2021-12-27T16:00:00Z,68889,25.858076
25.85,25.85,25.46,268,25.71,2021-12-27T20:00:00Z,23631,25.606352
23.84,24.9,23.84,334,24.71,2021-12-28T12:00:00Z,30409,24.224267
23.475,23.875,23.29,506,23.85,2021-12-28T16:00:00Z,50646,23.495621
23.61,23.79,23.42,187,23.445,2021-12-28T20:00:00Z,20785,23.641639
23.275,23.83,22.57,279,23.14,2021-12-29T12:00:00Z,32256,22.958098
22.96,23.44,22.89,384,23.29,2021-12-29T16:00:00Z,38887,23.109144
22.99,22.99,22.675,319,22.99,2021-12-29T20:00:00Z,30298,22.859745
23.57,24.04,22.65,414,22.805,2021-12-30T12:00:00Z,39780,23.476653
24.07,24.37,23.49,773,23.59,2021-12-30T16:00:00Z,68865,23.885119
23.48,23.99,23.475,346,23.99,2021-12-30T20:00:00Z,31046,23.622664
23.4,23.94,23.3,241,23.52,2021-12-31T12:00:00Z,23686,23.618007
22.45,23.645,22.44,584,23.44,2021-12-31T16:00:00Z,65557,22.832328
22.32,22.65,22.32,326,22.47,2021-12-31T20:00:00Z,32347,22.416467
22.91,23.11,21.95,434,22.48,2022-01-03T12:00:00Z,49659,22.641428
22.98,23.11,22.51,418,23.01,2022-01-03T16:00:00Z,42283,22.830841
22.8,23.01,22.655,357,22.97,2022-01-03T20:00:00Z,37417,22.77136
23.47,24.56,23.295,384,23.295,2022-01-04T12:00:00Z,39834,23.875555
23.86,24.125,23.08,457,23.35,2022-01-04T16:00:00Z,50962,23.62543
24.37,24.47,24.02,307,24.02,2022-01-04T20:00:00Z,32045,24.346139
23.205,24.16,23.03,461,23.82,2022-01-05T12:00:00Z,49394,23.516241
21.82,23.2,21.765,882,23.19,2022-01-05T16:00:00Z,99136,22.586129
21.44,21.84,21.2,685,21.755,2022-01-05T20:00:00Z,64068,21.549112
20.9,21.55,19.6,511,21.15,2022-01-06T12:00:00Z,47882,20.569775
20.74,21.245,20.49,805,20.91,2022-01-06T16:00:00Z,76964,20.927476
20.48,20.96,20.39,346,20.77,2022-01-06T20:00:00Z,30339,20.542401
19.91,21.02,19.47,395,19.99,2022-01-07T12:00:00Z,35310,20.130373
20.27,20.39,19.56,568,19.83,2022-01-07T16:00:00Z,79576,19.959663
20.37,20.43,20.16,417,20.285,2022-01-07T20:00:00Z,70628,20.323118
19.44,19.805,18.81,455,19.31,2022-01-10T12:00:00Z,45167,19.263033
19.77,20.42,19.17,752,19.31,2022-01-10T16:00:00Z,56786,19.881327
20.09,20.14,19.67,295,19.88,2022-01-10T20:00:00Z,23519,19.967171
19.87,20.67,19.65,226,19.67,2022-01-11T12:00:00Z,22812,20.193929
20.9,21.32,19.91,644,19.91,2022-01-11T16:00:00Z,75457,20.863327
20.84,21.04,20.67,349,20.96,2022-01-11T20:00:00Z,36739,20.872994
20.975,22.09,20.92,483,21.83,2022-01-12T12:00:00Z,59586,21.554239
21.27,21.585,20.71,378,20.99,2022-01-12T16:00:00Z,46874,21.149476
21.11,21.33,21.08,264,21.19,2022-01-12T20:00:00Z,30160,21.219424
20.64,21.97,20.47,350,21.73,2022-01-13T12:00:00Z,43323,21.09885
20.56,20.95,20.07,271,20.64,2022-01-13T16:00:00Z,29213,20.455458
20.09,20.55,20.09,530,20.52,2022-01-13T20:00:00Z,58061,20.237168
20.15,20.75,19.72,203,19.72,2022-01-14T12:00:00Z,23076,20.291765
20.37,20.55,19.85,354,20.16,2022-01-14T16:00:00Z,35874,20.194682
20.69,20.82,20.41,294,20.41,2022-01-14T20:00:00Z,28786,20.713953
19.535,20.18,19.34,311,19.68,2022-01-18T12:00:00Z,28243,19.758759
19.22,19.57,18.82,444,19.53,2022-01-18T16:00:00Z,45684,19.098008
18.695,19.25,18.635,320,19.2,2022-01-18T20:00:00Z,29108,18.80025
18.55,19.27,18.4,334,19.02,2022-01-19T12:00:00Z,27550,18.847197
18.11,18.75,18.005,578,18.55,2022-01-19T16:00:00Z,40391,18.305318
17.48,18.07,17.4,484,18.005,2022-01-19T20:00:00Z,53163,17.621094
19.1,19.1,17.88,497,17.88,2022-01-20T12:00:00Z,35375,18.559506
18.2,19.07,18.17,387,19.01,2022-01-20T16:00:00Z,32165,18.633279
17.48,18.2,17.44,287,18.2,2022-01-20T20:00:00Z,26185,17.683929
16.3,16.915,15.51,774,16.3,2022-01-21T12:00:00Z,93224,16.070074
15.27,16.68,15.26,516,16.255,2022-01-21T16:00:00Z,51017,15.839051
15.0,15.375,14.91,534,15.18,2022-01-21T20:00:00Z,54631,15.118973
13.875,13.94,12.94,807,13.25,2022-01-24T12:00:00Z,94578,13.486672
14.75,15.02,13.01,1387,13.875,2022-01-24T16:00:00Z,141515,14.17418
15.12,15.15,14.62,408,14.71,2022-01-24T20:00:00Z,56611,14.919768
14.29,15.14,14.29,300,14.47,2022-01-25T12:00:00Z,36389,14.652535
15.135,15.185,14.05,588,14.275,2022-01-25T16:00:00Z,60582,14.66572
14.64,15.1,14.51,303,15.1,2022-01-25T20:00:00Z,33234,14.779935
15.27,15.94,15.07,600,15.78,2022-01-26T12:00:00Z,79013,15.491112
14.92,16.07,14.86,867,15.24,2022-01-26T16:00:00Z,95612,15.547896
14.35,14.81,14.07,558,14.81,2022-01-26T20:00:00Z,70517,14.363721
14.07,14.52,13.8,297,14.38,2022-01-27T12:00:00Z,31637,14.201412
13.72,14.155,13.23,731,14.1,2022-01-27T16:00:00Z,120710,13.628854
13.44,13.92,13.32,442,13.73,2022-01-27T20:00:00Z,49904,13.537517
14.05,14.05,13.22,423,13.4,2022-01-28T12:00:00Z,60798,13.53186
14.17,14.6,13.92,476,13.99,2022-01-28T16:00:00Z,59489,14.27441
14.69,14.77,14.15,326,14.2,2022-01-28T20:00:00Z,36316,14.512143
15.71,15.73,14.68,316,14.97,2022-01-31T12:00:00Z,46530,15.359522
15.78,16.17,15.45,328,15.725,2022-01-31T16:00:00Z,43949,15.825799
15.95,15.96,15.53,200,15.8,2022-01-31T20:00:00Z,23344,15.803263
16.54,16.66,15.72,285,16.6,2022-02-01T12:00:00Z,35315,16.17458
16.43,16.98,16.28,301,16.56,2022-02-01T16:00:00Z,42878,16.621958
16.68,16.72,16.4,139,16.47,2022-02-01T20:00:00Z,17399,16.616915
15.6,16.68,15.57,198,16.57,2022-02-02T12:00:00Z,26358,15.986712
15.49,15.79,15.07,315,15.6,2022-02-02T16:00:00Z,43232,15.516201
15.57,15.66,15.375,236,15.45,2022-02-02T20:00:00Z,31550,15.490182
15.49,15.65,14.74,214,14.895,2022-02-03T12:00:00Z,27532,15.233311
14.78,15.6,14.71,750,15.415,2022-02-03T16:00:00Z,82819,15.078162
14.78,14.88,14.65,265,14.82,2022-02-03T20:00:00Z,29891,14.766366
16.01,16.555,14.72,376,15.18,2022-02-04T12:00:00Z,47925,15.950915
16.73,16.88,15.88,818,15.99,2022-02-04T16:00:00Z,92106,16.472289
16.58,16.8,16.52,410,16.74,2022-02-04T20:00:00Z,39130,16.644144
18.1,18.52,17.58,670,17.7,2022-02-07T12:00:00Z,89496,18.067646
17.75,18.2,17.31,423,18.14,2022-02-07T16:00:00Z,54190,17.77995
17.7,17.94,17.58,234,17.81,2022-02-07T20:00:00Z,27550,17.72319
17.615,18.1,17.34,241,17.62,2022-02-08T12:00:00Z,29867,17.620722
17.81,18.17,17.23,672,17.61,2022-02-08T16:00:00Z,86128,17.686001
18.3,18.4,17.73,366,17.75,2022-02-08T20:00:00Z,37447,18.18905
18.82,18.92,18.25,433,18.7,2022-02-09T12:00:00Z,29876,18.631735
19.38,19.52,18.84,508,18.89,2022-02-09T16:00:00Z,52896,19.132352
19.66,19.67,19.32,336,19.4,2022-02-09T20:00:00Z,35250,19.537901
20.29,20.63,18.93,811,18.94,2022-02-10T12:00:00Z,80209,20.004355
19.32,20.81,19.28,656,20.17,2022-02-10T16:00:00Z,90993,20.220367
19.26,19.47,18.93,289,19.26,2022-02-10T20:00:00Z,34596,19.174058
19.745,20.05,19.03,301,19.28,2022-02-11T12:00:00Z,38941,19.555424
18.37,19.9,18.21,516,19.81,2022-02-11T16:00:00Z,71937,18.973373
18.38,18.54,18.11,363,18.46,2022-02-11T20:00:00Z,35723,18.343753
18.48,19.05,18.15,268,18.57,2022-02-14T12:00:00Z,27325,18.547035
18.15,19.04,17.68,777,18.5,2022-02-14T16:00:00Z,72828,18.247888
17.92,18.17,17.83,389,18.13,2022-02-14T20:00:00Z,40540,17.954856
19.52,19.64,18.9,525,19.03,2022-02-15T12:00:00Z,49075,19.34645
19.72,19.75,19.08,660,19.52,2022-02-15T16:00:00Z,57449,19.490138
19.73,19.84,19.48,494,19.79,2022-02-15T20:00:00Z,41443,19.694178
19.53,19.73,18.98,188,19.35,2022-02-16T12:00:00Z,19151,19.381113
19.62,19.72,18.98,322,19.5,2022-02-16T16:00:00Z,39677,19.304566
19.62,19.83,19.47,232,19.68,2022-02-16T20:00:00Z,25489,19.629682
18.515,19.29,18.49,251,19.2,2022-02-17T12:00:00Z,20955,18.95223
17.75,18.73,17.71,479,18.53,2022-02-17T16:00:00Z,42313,18.071817
17.76,17.8,17.6,166,17.73,2022-02-17T20:00:00Z,10470,17.710026
16.955,17.78,16.855,246,17.71,2022-02-18T12:00:00Z,20332,17.232324
17.37,17.55,16.74,647,16.94,2022-02-18T16:00:00Z,79341,17.119765
16.975,17.49,16.95,350,17.395,2022-02-18T20:00:00Z,34686,17.134487
16.41,16.97,15.91,264,16.11,2022-02-22T12:00:00Z,27040,16.524685
16.47,16.54,15.71,610,16.415,2022-02-22T16:00:00Z,65065,16.026341
15.97,16.63,15.89,354,16.48,2022-02-22T20:00:00Z,35556,16.117859
15.77,16.77,15.64,317,16.57,2022-02-23T12:00:00Z,37517,16.020753
15.25,16.08,15.14,529,15.73,2022-02-23T16:00:00Z,54720,15.55194
15.07,15.36,15.02,345,15.23,2022-02-23T20:00:00Z,38243,15.124283
15.12,15.3,13.7,802,13.76,2022-02-24T12:00:00Z,85764,14.513685
15.8,15.88,14.78,1096,15.16,2022-02-24T16:00:00Z,97795,15.271048
16.24,16.37,15.75,635,15.795,2022-02-24T20:00:00Z,70443,16.209678
16.02,16.65,15.6,532,16.47,2022-02-25T12:00:00Z,99235,15.962718
15.86,16.33,15.75,596,16.04,2022-02-25T16:00:00Z,66999,15.959903
16.2,16.245,15.81,364,15.86,2022-02-25T20:00:00Z,31815,16.034767
17.56,17.8,16.135,625,16.14,2022-02-28T12:00:00Z,73037,17.208321
16.94,17.755,16.65,876,17.59,2022-02-28T16:00:00Z,103293,17.186485
17.23,17.24,16.88,414,16.94,2022-02-28T20:00:00Z,43104,17.118184
17.3,18.22,17.27,606,18.18,2022-03-01T12:00:00Z,70522,17.780765
17.52,17.8,16.76,1251,17.24,2022-03-01T16:00:00Z,115416,17.266749
17.48,17.78,17.13,375,17.6,2022-03-01T20:00:00Z,41840,17.400139
16.99,17.8,16.83,412,17.4,2022-03-02T12:00:00Z,39855,17.266386
17.455,17.68,16.85,517,16.89,2022-03-02T16:00:00Z,51807,17.396155
17.73,17.825,17.5,201,17.5,2022-03-02T20:00:00Z,20980,17.735283
16.48,17.85,16.45,309,17.68,2022-03-03T12:00:00Z,29232,17.059579
16.23,16.8,16.19,683,16.49,2022-03-03T16:00:00Z,70557,16.521447
15.945,16.22,15.85,330,16.22,2022-03-03T20:00:00Z,33745,15.963715
15.3,16.28,15.3,401,15.82,2022-03-04T12:00:00Z,40448,15.789234
14.8,15.56,14.8,679,15.255,2022-03-04T16:00:00Z,68542,15.155266
14.915,14.98,14.72,702,14.8,2022-03-04T20:00:00Z,61447,14.867475
14.87,15.45,14.67,288,15.15,2022-03-07T12:00:00Z,28610,15.006176
14.98,15.71,14.84,919,14.895,2022-03-07T16:00:00Z,93662,15.337109
14.94,15.07,14.86,326,14.98,2022-03-07T20:00:00Z,31885,14.954011
15.28,15.29,14.48,406,14.85,2022-03-08T12:00:00Z,50676,14.794225
15.24,15.71,14.77,727,15.24,2022-03-08T16:00:00Z,71225,15.282785
15.09,15.51,15.06,441,15.31,2022-03-08T20:00:00Z,42596,15.188164
17.07,17.07,16.07,527,16.12,2022-03-09T12:00:00Z,56503,16.642828
16.86,17.17,16.48,766,17.07,2022-03-09T16:00:00Z,81694,16.862159
16.84,16.965,16.745,502,16.85,2022-03-09T20:00:00Z,55116,16.820332
16.005,16.66,15.87,375,16.22,2022-03-10T12:00:00Z,39819,16.220507
16.63,16.74,15.925,726,16.0,2022-03-10T16:00:00Z,65982,16.350307
16.49,16.65,16.37,399,16.65,2022-03-10T20:00:00Z,37564,16.478155
15.64,16.77,15.51,426,16.7,2022-03-11T12:00:00Z,53885,15.940152
15.29,15.52,15.13,457,15.47,2022-03-11T16:00:00Z,49917,15.280851
15.12,15.43,15.1,256,15.29,2022-03-11T20:00:00Z,26333,15.205908
14.57,15.2,14.48,840,15.0,2022-03-14T12:00:00Z,79225,14.774573
14.12,14.64,14.02,1000,14.56,2022-03-14T16:00:00Z,94311,14.264375
14.32,14.75,13.59,497,14.17,2022-03-15T12:00:00Z,45468,14.320313
14.91,14.96,14.36,510,14.36,2022-03-15T16:00:00Z,33412,14.714165
15.93,15.985,15.17,613,15.44,2022-03-16T12:00:00Z,49690,15.687341
16.4,16.42,15.13,1142,15.91,2022-03-16T16:00:00Z,96972,15.937394
17.69,17.78,16.39,812,16.39,2022-03-17T12:00:00Z,106078,17.289121
18.45,18.49,17.48,1076,17.74,2022-03-17T16:00:00Z,118425,18.077868
18.92,19.23,17.9,800,18.2,2022-03-18T12:00:00Z,77354,18.708636
19.54,19.78,18.935,1204,18.96,2022-03-18T16:00:00Z,113662,19.550653
20.09,20.41,19.03,938,19.5,2022-03-21T12:00:00Z,111615,19.618333
19.61,20.06,19.075,591,20.06,2022-03-21T16:00:00Z,66503,19.49024
20.725,21.39,20.29,962,20.42,2022-03-22T12:00:00Z,108779,21.011409
20.74,21.06,20.54,738,20.715,2022-03-22T16:00:00Z,79881,20.800751
21.38,21.38,19.96,824,20.48,2022-03-23T12:00:00Z,74450,20.643649
20.86,21.45,20.42,1142,21.34,2022-03-23T16:00:00Z,99034,20.851943
21.3,21.44,20.28,399,21.18,2022-03-24T12:00:00Z,39775,20.937768
21.56,21.58,21.08,491,21.28,2022-03-24T16:00:00Z,46591,21.376806
20.54,22.19,20.46,657,22.0,2022-03-25T12:00:00Z,67733,21.262603
20.76,20.87,20.33,719,20.52,2022-03-25T16:00:00Z,58890,20.623174
22.24,23.63,21.9,1422,22.1,2022-03-28T12:00:00Z,124807,23.009441
22.89,22.97,21.97,999,22.23,2022-03-28T16:00:00Z,82839,22.576096
22.48,23.05,21.58,791,23.05,2022-03-29T12:00:00Z,68448,22.277675
22.99,23.07,22.39,1066,22.43,2022-03-29T16:00:00Z,66317,22.845967
22.51,22.97,22.075,383,22.53,2022-03-30T12:00:00Z,34997,22.562571
21.99,22.71,21.76,636,22.52,2022-03-30T16:00:00Z,63918,22.216187
21.76,22.85,21.46,485,22.15,2022-03-31T12:00:00Z,41315,22.05977
21.16,21.91,21.135,770,21.795,2022-03-31T16:00:00Z,68688,21.446969
20.93,21.34,20.32,711,20.49,2022-04-01T12:00:00Z,72153,20.874654
20.75,20.9,20.33,1002,20.88,2022-04-01T16:00:00Z,111107,20.620951
20.66,21.04,20.37,488,20.66,2022-04-04T12:00:00Z,48792,20.710623
20.71,20.905,20.45,815,20.67,2022-04-04T16:00:00Z,110763,20.745687
19.4,20.96,19.27,778,20.745,2022-04-05T12:00:00Z,85171,19.978414
19.24,19.52,19.16,1036,19.42,2022-04-05T16:00:00Z,85849,19.27965
17.73,18.61,17.57,1333,18.45,2022-04-06T12:00:00Z,123506,17.989925
17.67,18.19,17.39,1525,17.68,2022-04-06T16:00:00Z,151573,17.715975
16.98,17.97,16.79,648,17.59,2022-04-07T12:00:00Z,60842,17.274713
17.41,17.74,16.79,972,16.97,2022-04-07T16:00:00Z,102201,17.390913
17.05,17.51,16.79,659,17.12,2022-04-08T12:00:00Z,64863,17.209052
16.66,17.35,16.62,1123,17.07,2022-04-08T16:00:00Z,93287,16.911492
16.0,16.44,15.48,600,16.1,2022-04-11T12:00:00Z,58851,15.996062
15.9,16.28,15.855,596,16.02,2022-04-11T16:00:00Z,45383,16.030502
16.23,16.92,15.995,1044,16.29,2022-04-12T12:00:00Z,109853,16.442653
15.46,16.2,15.38,779,16.19,2022-04-12T16:00:00Z,69359,15.735134
15.985,16.09,15.41,486,15.42,2022-04-13T12:00:00Z,71953,15.831279
16.0,16.095,15.7,676,15.94,2022-04-13T16:00:00Z,74392,15.971319
15.07,16.07,15.02,708,15.96,2022-04-14T12:00:00Z,62765,15.267383
14.96,15.29,14.96,821,15.06,2022-04-14T16:00:00Z,64463,15.064553
14.395,14.98,14.31,716,14.72,2022-04-18T12:00:00Z,61379,14.639586
14.79,14.98,14.27,729,14.4,2022-04-18T16:00:00Z,62192,14.723118
14.895,15.2,14.31,609,14.76,2022-04-19T12:00:00Z,73475,14.904441
14.87,14.99,14.64,838,14.895,2022-04-19T16:00:00Z,79174,14.841507
14.135,15.09,14.11,470,14.94,2022-04-20T12:00:00Z,40539,14.383358
13.955,14.2,13.85,936,14.135,2022-04-20T16:00:00Z,77506,14.013484
13.45,14.71,13.44,1252,14.6,2022-04-21T12:00:00Z,106295,13.968421
12.765,13.495,12.76,2116,13.48,2022-04-21T16:00:00Z,182187,13.115291
12.15,13.06,12.14,697,12.65,2022-04-22T12:00:00Z,86576,12.667416
11.85,12.16,11.825,1123,12.14,2022-04-22T16:00:00Z,105500,11.964086
11.64,12.005,11.48,749,11.56,2022-04-25T12:00:00Z,64743,11.769663
11.995,12.11,11.58,1268,11.58,2022-04-25T16:00:00Z,120793,11.914191
11.185,12.04,11.175,676,12.04,2022-04-26T12:00:00Z,93525,11.415054
11.075,11.53,10.97,1562,11.18,2022-04-26T16:00:00Z,136755,11.163451
11.045,11.69,10.82,892,10.85,2022-04-27T12:00:00Z,121213,11.321679
10.995,11.3,10.91,1086,11.05,2022-04-27T16:00:00Z,63003,11.088146
10.515,11.23,10.35,593,11.11,2022-04-28T12:00:00Z,66193,10.655156
10.92,11.365,10.48,1279,10.53,2022-04-28T16:00:00Z,105207,11.076682
10.91,11.46,10.72,528,10.72,2022-04-29T12:00:00Z,52974,11.121101
10.13,10.87,10.115,864,10.87,2022-04-29T16:00:00Z,57571,10.40512
10.69,10.72,9.765,1059,10.07,2022-05-02T12:00:00Z,121152,10.358065
10.98,10.98,10.34,1809,10.67,2022-05-02T16:00:00Z,156490,10.691077
11.115,11.37,10.73,624,10.81,2022-05-03T12:00:00Z,64787,11.076026
10.84,11.19,10.75,1378,11.12,2022-05-03T16:00:00Z,81742,10.917418
10.49,10.88,10.29,542,10.88,2022-05-04T12:00:00Z,39349,10.472638
11.55,11.64,10.245,1644,10.475,2022-05-04T16:00:00Z,178339,11.019933
10.07,11.35,10.07,589,11.35,2022-05-05T12:00:00Z,72356,10.560718
10.185,10.45,9.915,590,10.07,2022-05-05T16:00:00Z,49125,10.100476
9.7,10.15,9.3,1188,10.15,2022-05-06T12:00:00Z,130175,9.701365
9.485,9.92,9.34,1369,9.71,2022-05-06T16:00:00Z,70847,9.521861
8.205,8.92,7.905,672,8.87,2022-05-09T12:00:00Z,74908,8.356972
7.665,8.375,7.535,1442,8.2,2022-05-09T16:00:00Z,138944,7.809924
7.385,8.48,7.29,975,8.25,2022-05-10T12:00:00Z,153348,7.71924
7.53,7.775,7.26,1333,7.385,2022-05-10T16:00:00Z,208102,7.550945
7.75,7.89,7.75,6,7.89,2022-05-10T20:00:00Z,500,7.81
7.405,7.93,7.09,722,7.095,2022-05-11T12:00:00Z,164947,7.50495
6.845,7.505,6.75,1530,7.455,2022-05-11T16:00:00Z,284681,6.961956
7.09,7.445,6.26,1625,6.475,2022-05-12T12:00:00Z,223791,6.830871
7.31,7.425,6.9,2208,7.06,2022-05-12T16:00:00Z,333778,7.173574
8.305,8.335,7.73,1247,8.01,2022-05-13T12:00:00Z,158822,8.114062
7.97,8.43,7.745,2425,8.3,2022-05-13T16:00:00Z,239354,8.030238
7.41,7.93,7.235,658,7.82,2022-05-16T12:00:00Z,63447,7.53607
7.18,7.51,7.18,697,7.4,2022-05-16T16:00:00Z,69978,7.285428
7.59,7.82,7.33,575,7.535,2022-05-17T12:00:00Z,75665,7.476431
7.62,7.73,7.395,1084,7.615,2022-05-17T16:00:00Z,119656,7.5961
6.98,7.55,6.95,1028,7.45,2022-05-18T12:00:00Z,123866,7.254267
6.93,7.03,6.8,1450,6.975,2022-05-18T16:00:00Z,150647,6.904001
7.47,7.53,6.95,818,6.95,2022-05-19T12:00:00Z,78355,7.241684
7.115,7.46,7.105,1124,7.45,2022-05-19T16:00:00Z,120206,7.195369
7.29,7.29,7.29,2,7.29,2022-05-19T20:00:00Z,165,7.29
6.745,7.3,6.715,865,7.27,2022-05-20T12:00:00Z,81111,6.932062
6.83,6.84,6.475,1474,6.74,2022-05-20T16:00:00Z,196798,6.698469
7.045,7.05,6.65,636,6.955,2022-05-23T12:00:00Z,104496,6.85719
6.87,7.12,6.77,867,7.03,2022-05-23T16:00:00Z,115663,6.916633
6.235,6.78,6.1,653,6.65,2022-05-24T12:00:00Z,74554,6.27927
6.255,6.41,6.08,1127,6.26,2022-05-24T16:00:00Z,114732,6.225803
6.34,6.48,6.19,288,6.21,2022-05-25T12:00:00Z,32998,6.348097
6.43,6.555,6.26,484,6.345,2022-05-25T16:00:00Z,78253,6.435304
6.73,6.73,5.98,553,6.09,2022-05-26T12:00:00Z,119813,6.504277
6.72,6.92,6.67,919,6.67,2022-05-26T16:00:00Z,126652,6.797778
7.12,7.295,6.76,1169,6.8,2022-05-27T12:00:00Z,129217,7.069106
7.24,7.265,7.005,1757,7.15,2022-05-27T16:00:00Z,234006,7.173031
7.505,7.76,7.05,1963,7.75,2022-05-31T12:00:00Z,232637,7.399018
7.205,7.665,7.11,1530,7.5,2022-05-31T16:00:00Z,176807,7.407758
6.58,7.24,6.575,988,7.24,2022-06-01T12:00:00Z,155382,6.964669
6.52,6.71,6.495,1790,6.57,2022-06-01T16:00:00Z,305918,6.607881
6.805,6.805,6.43,996,6.49,2022-06-02T12:00:00Z,106492,6.654587
6.85,7.055,6.78,1843,6.82,2022-06-02T16:00:00Z,287226,6.924445
6.305,6.58,6.185,954,6.56,2022-06-03T12:00:00Z,108401,6.282697
6.205,6.345,6.115,1844,6.315,2022-06-03T16:00:00Z,248725,6.20804
6.435,6.595,6.28,1057,6.515,2022-06-06T12:00:00Z,145535,6.445722
6.37,6.425,6.25,1113,6.425,2022-06-06T16:00:00Z,139805,6.329748
6.045,6.22,5.83,741,6.15,2022-06-07T12:00:00Z,79564,6.036457
6.16,6.195,5.935,1495,6.04,2022-06-07T16:00:00Z,191861,6.055543
6.21,6.42,6.12,327,6.19,2022-06-08T12:00:00Z,49351,6.282554
5.96,6.205,5.935,605,6.18,2022-06-08T16:00:00Z,72236,5.985851
5.54,5.88,5.52,648,5.88,2022-06-09T12:00:00Z,54712,5.63927
5.47,5.57,5.44,812,5.54,2022-06-09T16:00:00Z,96756,5.483929
5.32,5.46,5.16,736,5.26,2022-06-10T12:00:00Z,65821,5.260202
5.17,5.365,5.14,963,5.335,2022-06-10T16:00:00Z,91652,5.196599
4.725,4.75,4.38,1130,4.38,2022-06-13T12:00:00Z,125156,4.596416
4.64,4.85,4.595,1032,4.695,2022-06-13T16:00:00Z,114626,4.662066
4.955,4.96,4.445,552,4.705,2022-06-14T12:00:00Z,57493,4.748361
4.895,5.01,4.825,1245,4.945,2022-06-14T16:00:00Z,142945,4.912396
4.91,4.94,4.65,646,4.79,2022-06-15T12:00:00Z,81320,4.804357
4.835,4.99,4.6,1805,4.91,2022-06-15T16:00:00Z,297034,4.848357
4.535,4.68,4.37,724,4.67,2022-06-16T12:00:00Z,76913,4.483621
4.51,4.555,4.44,1120,4.54,2022-06-16T16:00:00Z,142181,4.509007
4.705,4.74,4.52,512,4.52,2022-06-17T12:00:00Z,58913,4.661992
4.63,4.76,4.6,927,4.655,2022-06-17T16:00:00Z,98563,4.66032
5.3,5.505,4.86,761,4.9,2022-06-21T12:00:00Z,103992,5.288834
5.065,5.37,5.06,816,5.285,2022-06-21T16:00:00Z,106983,5.169003
4.725,5.05,4.725,1138,4.94,2022-06-22T12:00:00Z,153716,4.91611
4.585,4.765,4.55,1569,4.75,2022-06-22T16:00:00Z,160145,4.638942
4.74,4.815,4.55,440,4.76,2022-06-23T12:00:00Z,53973,4.718559
4.935,4.965,4.6,1262,4.725,2022-06-23T16:00:00Z,230187,4.816253
5.115,5.4,5.02,998,5.02,2022-06-24T12:00:00Z,100254,5.241408
5.18,5.2,5.115,936,5.12,2022-06-24T16:00:00Z,106597,5.172442
4.87,5.2,4.67,1331,5.18,2022-06-27T12:00:00Z,197959,4.871089
4.88,4.925,4.76,1377,4.87,2022-06-27T16:00:00Z,118582,4.844681
4.825,5.1,4.825,465,4.99,2022-06-28T12:00:00Z,50710,4.9392
4.75,4.89,4.695,434,4.835,2022-06-28T16:00:00Z,54311,4.767704
4.41,4.64,4.35,751,4.64,2022-06-29T12:00:00Z,51865,4.454816
4.49,4.5,4.355,1058,4.42,2022-06-29T16:00:00Z,140061,4.439222
4.33,4.36,4.12,665,4.33,2022-06-30T12:00:00Z,89411,4.227276
4.195,4.39,4.165,875,4.335,2022-06-30T16:00:00Z,119279,4.251793
4.245,4.37,4.15,310,4.2,2022-07-01T12:00:00Z,44052,4.308736
4.26,4.285,4.19,520,4.26,2022-07-01T16:00:00Z,46679,4.239409
4.44,4.455,4.03,582,4.13,2022-07-05T12:00:00Z,83250,4.337561
4.72,4.745,4.395,938,4.42,2022-07-05T16:00:00Z,142138,4.638946
4.49,4.75,4.47,798,4.66,2022-07-06T12:00:00Z,62337,4.565165
4.53,4.64,4.49,701,4.495,2022-07-06T16:00:00Z,77472,4.588923
5.02,5.08,4.65,1056,4.65,2022-07-07T12:00:00Z,130953,4.850346
5.28,5.29,4.965,1613,5.025,2022-07-07T16:00:00Z,237111,5.179761
5.65,5.81,4.95,1730,5.07,2022-07-08T12:00:00Z,165445,5.516627
5.45,5.675,5.295,1532,5.67,2022-07-08T16:00:00Z,200950,5.450659
4.875,5.21,4.84,829,5.04,2022-07-11T12:00:00Z,120630,4.958289
4.86,5.005,4.83,887,4.86,2022-07-11T16:00:00Z,118460,4.907461
4.855,4.99,4.68,612,4.82,2022-07-12T12:00:00Z,62771,4.791489
4.83,4.885,4.76,827,4.865,2022-07-12T16:00:00Z,114094,4.837462
4.91,5.02,4.53,467,4.7,2022-07-13T12:00:00Z,66581,4.867176
4.91,5.02,4.83,598,4.92,2022-07-13T16:00:00Z,68090,4.934391
5.05,5.05,4.72,333,4.91,2022-07-14T12:00:00Z,46168,4.812549
5.32,5.33,5.005,557,5.06,2022-07-14T16:00:00Z,98235,5.180929
5.475,5.68,5.35,466,5.475,2022-07-15T12:00:00Z,61955,5.502632
5.545,5.61,5.385,691,5.43,2022-07-15T16:00:00Z,90092,5.537438
6.715,6.755,5.925,1549,5.925,2022-07-18T12:00:00Z,342844,6.544158
6.23,6.875,6.2,2410,6.73,2022-07-18T16:00:00Z,362045,6.473189
6.875,6.89,6.345,1006,6.595,2022-07-19T12:00:00Z,98416,6.616822
6.965,7.045,6.72,1443,6.88,2022-07-19T16:00:00Z,171733,6.926164
7.14,7.475,6.92,1497,7.24,2022-07-20T12:00:00Z,178562,7.219581
7.005,7.245,6.815,1181,7.115,2022-07-20T16:00:00Z,141895,6.998605
7.09,7.23,6.71,1316,6.76,2022-07-21T12:00:00Z,112532,6.958837
7.63,7.63,7.09,1698,7.09,2022-07-21T16:00:00Z,157930,7.454123
7.26,7.9,7.22,775,7.87,2022-07-22T12:00:00Z,73628,7.494852
7.11,7.27,7.075,730,7.27,2022-07-22T16:00:00Z,89017,7.143505
6.805,7.05,6.66,1050,6.79,2022-07-25T12:00:00Z,91644,6.881997
6.64,6.88,6.575,1068,6.8,2022-07-25T16:00:00Z,116934,6.702116
6.075,6.48,6.06,625,6.32,2022-07-26T12:00:00Z,51515,6.226547
6.21,6.24,6.02,698,6.08,2022-07-26T16:00:00Z,70193,6.151372
6.545,6.76,6.3,441,6.54,2022-07-27T12:00:00Z,45525,6.589103
7.14,7.32,6.49,943,6.545,2022-07-27T16:00:00Z,169363,7.01255
7.465,7.595,6.81,853,6.81,2022-07-28T12:00:00Z,109239,7.255773
7.4,7.5,7.185,927,7.48,2022-07-28T16:00:00Z,128852,7.339177
7.39,7.72,7.1,457,7.22,2022-07-29T12:00:00Z,59764,7.492129
7.315,7.425,7.225,1016,7.38,2022-07-29T16:00:00Z,170978,7.330519
7.28,7.525,6.985,699,7.16,2022-08-01T12:00:00Z,89949,7.323549
7.33,7.335,7.0,739,7.26,2022-08-01T16:00:00Z,107593,7.198538
7.7,7.735,7.18,712,7.2,2022-08-02T12:00:00Z,83441,7.45392
7.735,8.095,7.72,1335,7.725,2022-08-02T16:00:00Z,180990,7.85945
8.225,8.395,7.925,1038,7.97,2022-08-03T12:00:00Z,105245,8.211379
8.11,8.245,7.855,1201,8.225,2022-08-03T16:00:00Z,126647,8.055188
8.355,8.8,8.24,1277,8.4,2022-08-04T12:00:00Z,141155,8.519564
8.18,8.505,8.06,1019,8.375,2022-08-04T16:00:00Z,139451,8.171178
8.27,8.67,8.07,821,8.155,2022-08-05T12:00:00Z,91448,8.358775
8.26,8.345,8.105,1078,8.26,2022-08-05T16:00:00Z,139115,8.243044
8.87,9.11,8.66,625,8.76,2022-08-08T12:00:00Z,78531,8.890382
8.72,8.88,8.59,1109,8.87,2022-08-08T16:00:00Z,136679,8.680654
8.74,8.74,8.74,1,8.74,2022-08-08T20:00:00Z,100,8.74
8.145,8.49,7.8,1248,8.49,2022-08-09T12:00:00Z,115959,8.101622
8.145,8.23,8.005,823,8.125,2022-08-09T16:00:00Z,90729,8.142785
8.57,8.72,8.15,1168,8.705,2022-08-10T12:00:00Z,133340,8.400511
9.1,9.16,8.42,1458,8.585,2022-08-10T16:00:00Z,214214,8.947303
9.8,10.51,9.67,1865,9.87,2022-08-11T12:00:00Z,208812,10.13574
9.5,9.94,9.38,1364,9.8,2022-08-11T16:00:00Z,202084,9.608096
9.655,9.84,9.19,452,9.51,2022-08-12T12:00:00Z,66121,9.556528
9.93,10.045,9.67,858,9.68,2022-08-12T16:00:00Z,127834,9.919435
10.04,10.06,9.57,666,9.78,2022-08-15T12:00:00Z,77324,9.805261
9.75,10.215,9.745,569,10.03,2022-08-15T16:00:00Z,82906,9.907327
9.41,9.785,8.83,1292,9.53,2022-08-16T12:00:00Z,150538,9.263707
9.175,9.6,9.13,1577,9.42,2022-08-16T16:00:00Z,164671,9.283921
8.345,8.97,8.27,836,8.9,2022-08-17T12:00:00Z,111732,8.572643
8.345,8.815,8.21,1023,8.35,2022-08-17T16:00:00Z,116961,8.425867
8.44,8.64,8.275,519,8.64,2022-08-18T12:00:00Z,49328,8.405674
8.28,8.44,8.21,765,8.42,2022-08-18T16:00:00Z,71573,8.295027
7.38,7.79,7.3,940,7.6,2022-08-19T12:00:00Z,99210,7.50928
7.225,7.53,7.22,783,7.37,2022-08-19T16:00:00Z,96404,7.32275
7.15,7.2,6.815,712,6.87,2022-08-22T12:00:00Z,105691,7.03005
7.0,7.19,6.955,1008,7.17,2022-08-22T16:00:00Z,88935,7.023301
7.16,7.56,7.03,897,7.03,2022-08-23T12:00:00Z,118056,7.259036
7.105,7.26,7.08,1026,7.16,2022-08-23T16:00:00Z,126979,7.178212
7.505,7.52,7.165,327,7.255,2022-08-24T12:00:00Z,42695,7.337224
7.29,7.58,7.265,358,7.505,2022-08-24T16:00:00Z,51171,7.364099
7.2,7.53,7.12,313,7.42,2022-08-25T12:00:00Z,38966,7.325415
7.42,7.435,7.2,343,7.2,2022-08-25T16:00:00Z,46173,7.345963
6.89,7.55,6.8,539,7.49,2022-08-26T12:00:00Z,65139,7.143171
6.8,6.975,6.78,628,6.885,2022-08-26T16:00:00Z,94203,6.851348
6.98,7.18,6.61,821,6.61,2022-08-29T12:00:00Z,81956,7.047353
6.99,7.075,6.91,554,6.965,2022-08-29T16:00:00Z,72726,7.016854
6.83,7.205,6.68,763,7.03,2022-08-30T12:00:00Z,71403,6.914825
6.89,6.905,6.62,796,6.8,2022-08-30T16:00:00Z,80241,6.804508
7.06,7.25,6.855,686,7.05,2022-08-31T12:00:00Z,57702,7.025903
7.185,7.255,7.01,1326,7.06,2022-08-31T16:00:00Z,140785,7.144003
6.62,7.045,6.515,917,6.98,2022-09-01T12:00:00Z,92252,6.719548
6.85,6.855,6.595,1020,6.63,2022-09-01T16:00:00Z,76510,6.752058
6.89,7.0,6.63,1064,7.0,2022-09-02T12:00:00Z,105461,6.855198
6.625,6.87,6.55,1625,6.87,2022-09-02T16:00:00Z,162002,6.651872
6.7,6.765,6.28,1343,6.66,2022-09-06T12:00:00Z,107344,6.525991
6.39,6.865,6.39,1618,6.69,2022-09-06T16:00:00Z,158510,6.603136
6.35,6.55,6.15,468,6.38,2022-09-07T12:00:00Z,51638,6.29741
6.55,6.57,6.3,563,6.36,2022-09-07T16:00:00Z,69206,6.495863
7.13,7.18,6.43,753,6.43,2022-09-08T12:00:00Z,85160,6.818116
7.46,7.49,6.93,1133,7.12,2022-09-08T16:00:00Z,126408,7.271462
8.14,8.17,7.86,892,8.03,2022-09-09T12:00:00Z,92123,8.03695
8.25,8.32,8.08,1039,8.14,2022-09-09T16:00:00Z,124535,8.198631
8.18,8.65,8.15,557,8.525,2022-09-12T12:00:00Z,70382,8.414887
8.465,8.465,8.16,874,8.19,2022-09-12T16:00:00Z,90943,8.349191
7.755,8.14,7.65,488,7.7,2022-09-13T12:00:00Z,57028,7.886208
7.62,7.925,7.6,1579,7.735,2022-09-13T16:00:00Z,163159,7.780517
7.635,7.645,7.405,304,7.615,2022-09-14T12:00:00Z,37284,7.50471
7.555,7.665,7.49,1147,7.635,2022-09-14T16:00:00Z,156896,7.567046
7.595,7.96,7.35,539,7.4,2022-09-15T12:00:00Z,70897,7.731278
7.385,7.695,7.32,796,7.6,2022-09-15T16:00:00Z,72929,7.473064
6.915,7.165,6.885,486,7.16,2022-09-16T12:00:00Z,67649,7.032327
6.64,6.955,6.635,1517,6.935,2022-09-16T16:00:00Z,170167,6.724278
6.405,6.69,6.395,831,6.45,2022-09-19T12:00:00Z,90748,6.556592
6.52,6.53,6.365,1339,6.415,2022-09-19T16:00:00Z,175583,6.460642
6.49,6.49,6.325,310,6.45,2022-09-20T12:00:00Z,26081,6.406813
6.225,6.5,6.18,976,6.5,2022-09-20T16:00:00Z,100230,6.274317
6.48,6.69,6.16,343,6.25,2022-09-21T12:00:00Z,38703,6.490033
6.405,6.81,6.29,797,6.465,2022-09-21T16:00:00Z,113307,6.491019
6.15,6.4,6.09,762,6.395,2022-09-22T12:00:00Z,56433,6.215904
6.33,6.335,6.1,717,6.17,2022-09-22T16:00:00Z,72114,6.238005
6.12,6.17,5.93,516,5.97,2022-09-23T12:00:00Z,69367,6.041807
6.34,6.345,6.025,884,6.11,2022-09-23T16:00:00Z,85891,6.196998
6.69,6.96,6.55,577,6.55,2022-09-26T12:00:00Z,70729,6.718708
6.71,6.8,6.56,739,6.68,2022-09-26T16:00:00Z,101623,6.717183
6.705,7.14,6.705,1025,7.03,2022-09-27T12:00:00Z,165701,6.904606
6.81,6.865,6.56,1184,6.7,2022-09-27T16:00:00Z,121031,6.701847
7.245,7.27,6.785,1003,6.86,2022-09-28T12:00:00Z,126775,7.032052
7.33,7.4,7.17,1083,7.235,2022-09-28T16:00:00Z,126348,7.300294
7.04,7.08,6.7,637,7.08,2022-09-29T12:00:00Z,55834,6.867296
7.09,7.125,6.88,892,7.015,2022-09-29T16:00:00Z,118305,7.025136
7.29,7.635,6.9,733,6.96,2022-09-30T12:00:00Z,96948,7.256863
7.005,7.31,6.995,513,7.25,2022-09-30T16:00:00Z,75061,7.108086
7.0,7.185,6.86,256,7.07,2022-10-03T12:00:00Z,28226,7.033687
7.185,7.26,6.9,264,7.005,2022-10-03T16:00:00Z,33658,7.143406
7.57,7.755,7.475,392,7.555,2022-10-04T12:00:00Z,51616,7.631935
7.58,7.61,7.32,385,7.58,2022-10-04T16:00:00Z,51562,7.48808
7.48,7.48,7.48,1,7.48,2022-10-04T20:00:00Z,200,7.48
7.155,7.395,6.99,583,7.31,2022-10-05T12:00:00Z,58522,7.126716
7.245,7.35,7.11,874,7.175,2022-10-05T16:00:00Z,85841,7.230554
7.21,7.49,7.07,488,7.23,2022-10-06T12:00:00Z,50643,7.252957
7.15,7.29,7.11,356,7.175,2022-10-06T16:00:00Z,38160,7.209376
6.63,6.96,6.54,382,6.88,2022-10-07T12:00:00Z,46622,6.726361
6.565,6.67,6.445,568,6.615,2022-10-07T16:00:00Z,68254,6.565165
6.35,6.605,6.2,471,6.485,2022-10-10T12:00:00Z,44380,6.375755
6.38,6.42,6.225,406,6.35,2022-10-10T16:00:00Z,42653,6.338593
6.36,6.4,5.985,396,6.33,2022-10-11T12:00:00Z,38465,6.157657
6.18,6.45,6.07,549,6.32,2022-10-11T16:00:00Z,47883,6.185216
6.1,6.26,5.975,443,6.17,2022-10-12T12:00:00Z,44193,6.128482
6.125,6.15,6.025,390,6.095,2022-10-12T16:00:00Z,53563,6.097868
6.26,6.345,5.545,810,5.73,2022-10-13T12:00:00Z,120953,5.976479
6.4,6.425,6.125,557,6.27,2022-10-13T16:00:00Z,57871,6.328693
5.96,6.59,5.96,345,6.505,2022-10-14T12:00:00Z,44971,6.243594
5.755,6.02,5.735,476,5.955,2022-10-14T16:00:00Z,74341,5.811455
6.19,6.24,6.02,686,6.03,2022-10-17T12:00:00Z,100353,6.131267
6.03,6.22,6.025,623,6.175,2022-10-17T16:00:00Z,50831,6.085178
5.965,6.345,5.84,392,6.32,2022-10-18T12:00:00Z,49138,6.048846
5.86,6.05,5.845,315,5.965,2022-10-18T16:00:00Z,44254,5.917298
5.775,5.83,5.655,314,5.765,2022-10-19T12:00:00Z,41582,5.73356
5.67,5.735,5.61,401,5.735,2022-10-19T16:00:00Z,45942,5.650259
5.815,5.925,5.645,270,5.645,2022-10-20T12:00:00Z,36405,5.80658
5.575,5.81,5.57,516,5.81,2022-10-20T16:00:00Z,47234,5.636724
5.55,5.655,5.38,246,5.52,2022-10-21T12:00:00Z,26762,5.50058
5.82,5.84,5.585,301,5.585,2022-10-21T16:00:00Z,39957,5.698783
5.935,5.935,5.6,126,5.77,2022-10-24T12:00:00Z,16606,5.725779
6.045,6.135,5.845,399,5.925,2022-10-24T16:00:00Z,57422,5.993081
6.7,6.82,6.11,750,6.11,2022-10-25T12:00:00Z,143714,6.511184
7.015,7.045,6.605,1077,6.72,2022-10-25T16:00:00Z,127353,6.916276
7.45,7.65,6.85,907,6.86,2022-10-26T12:00:00Z,139497,7.390785
7.05,7.53,7.03,825,7.45,2022-10-26T16:00:00Z,115687,7.194691
6.885,7.34,6.885,433,7.23,2022-10-27T12:00:00Z,53125,7.064521
6.845,7.045,6.825,411,6.94,2022-10-27T16:00:00Z,57990,6.90515
6.68,7.065,6.63,362,6.815,2022-10-28T12:00:00Z,41203,6.809397
7.03,7.045,6.65,786,6.685,2022-10-28T16:00:00Z,159025,6.995919
7.05,7.12,6.8,252,6.96,2022-10-31T12:00:00Z,38663,6.938568
6.885,7.065,6.88,203,7.025,2022-10-31T16:00:00Z,24248,6.932085
6.68,7.04,6.64,215,7.0,2022-11-01T12:00:00Z,24116,6.832634
6.45,6.73,6.45,640,6.69,2022-11-01T16:00:00Z,82159,6.545992
6.22,6.485,6.22,230,6.47,2022-11-02T12:00:00Z,20947,6.319823
5.87,6.475,5.86,1206,6.225,2022-11-02T16:00:00Z,186817,6.128129
5.735,5.98,5.65,732,5.73,2022-11-03T12:00:00Z,81709,5.792291
5.515,5.78,5.505,732,5.72,2022-11-03T16:00:00Z,83477,5.59205
5.62,5.94,5.52,882,5.88,2022-11-04T12:00:00Z,140833,5.719728
5.805,5.805,5.49,908,5.64,2022-11-04T16:00:00Z,111846,5.665016
5.685,5.845,5.58,307,5.84,2022-11-07T12:00:00Z,31319,5.636876
5.77,5.86,5.6,498,5.705,2022-11-07T16:00:00Z,56403,5.712026
5.75,5.785,5.72,186,5.755,2022-11-07T20:00:00Z,21009,5.747567
5.115,5.35,4.965,561,5.35,2022-11-08T12:00:00Z,72361,5.032219
5.155,5.8,5.05,1333,5.115,2022-11-08T16:00:00Z,363667,5.23032
5.33,5.39,5.14,811,5.145,2022-11-08T20:00:00Z,113955,5.282889
4.925,5.19,4.87,1289,4.97,2022-11-09T12:00:00Z,206169,5.026594
4.91,5.08,4.83,1345,4.92,2022-11-09T16:00:00Z,154349,4.928372
4.89,4.95,4.87,520,4.92,2022-11-09T20:00:00Z,63355,4.90782
5.4,5.465,5.07,809,5.24,2022-11-10T12:00:00Z,162935,5.305276
5.23,5.555,5.175,957,5.4,2022-11-10T16:00:00Z,122788,5.322645
5.415,5.44,5.2,426,5.225,2022-11-10T20:00:00Z,61145,5.377844
5.13,5.29,4.95,612,5.08,2022-11-11T12:00:00Z,132097,5.130706
5.29,5.395,5.08,717,5.15,2022-11-11T16:00:00Z,84818,5.247515
5.35,5.37,5.2,250,5.28,2022-11-11T20:00:00Z,33862,5.335327
5.4,5.4,5.115,776,5.3,2022-11-14T12:00:00Z,96219,5.246085
5.235,5.41,5.21,777,5.385,2022-11-14T16:00:00Z,74971,5.311814
5.145,5.265,5.14,410,5.235,2022-11-14T20:00:00Z,35324,5.210086
5.4,5.47,5.34,465,5.34,2022-11-15T12:00:00Z,79774,5.425797
5.275,5.37,5.15,295,5.35,2022-11-15T16:00:00Z,38678,5.28388
5.22,5.29,5.205,177,5.28,2022-11-15T20:00:00Z,21176,5.229705
4.79,5.15,4.74,399,5.0,2022-11-16T12:00:00Z,91369,4.902112
4.68,4.86,4.67,631,4.785,2022-11-16T16:00:00Z,114496,4.766516
4.65,4.685,4.645,383,4.685,2022-11-16T20:00:00Z,53814,4.657015
4.585,4.695,4.525,604,4.685,2022-11-17T12:00:00Z,134884,4.590855
4.62,4.74,4.555,734,4.605,2022-11-17T16:00:00Z,92473,4.624161
4.61,4.635,4.555,260,4.625,2022-11-17T20:00:00Z,36223,4.601764
4.46,4.67,4.44,338,4.67,2022-11-18T12:00:00Z,35412,4.510867
4.45,4.555,4.42,627,4.46,2022-11-18T16:00:00Z,80256,4.470076
4.445,4.495,4.445,445,4.455,2022-11-18T20:00:00Z,104537,4.469325
4.19,4.41,4.135,1024,4.335,2022-11-21T12:00:00Z,182390,4.234072
4.04,4.195,4.005,1895,4.195,2022-11-21T16:00:00Z,402094,4.074051
3.975,4.045,3.97,794,4.035,2022-11-21T20:00:00Z,130216,4.001335
4.055,4.145,3.91,576,4.13,2022-11-22T12:00:00Z,151705,4.026731
3.91,4.07,3.91,836,4.06,2022-11-22T16:00:00Z,216865,3.975715
3.98,4.0,3.91,324,3.915,2022-11-22T20:00:00Z,118594,3.964248
4.235,4.28,4.02,932,4.12,2022-11-23T12:00:00Z,214837,4.167764
4.275,4.325,4.125,2513,4.24,2022-11-23T16:00:00Z,497510,4.227493
4.43,4.435,4.26,989,4.275,2022-11-23T20:00:00Z,164992,4.36643
4.385,4.455,4.25,1059,4.4,2022-11-25T12:00:00Z,206159,4.383204
4.44,4.44,4.315,1050,4.385,2022-11-25T16:00:00Z,209031,4.380282
4.235,4.425,4.19,1032,4.255,2022-11-28T12:00:00Z,219878,4.295596
4.225,4.29,4.2,2041,4.225,2022-11-28T16:00:00Z,360308,4.238286
4.26,4.26,4.205,539,4.235,2022-11-28T20:00:00Z,78834,4.234736
4.29,4.375,4.24,203,4.27,2022-11-29T12:00:00Z,41196,4.311798
4.21,4.3,4.2,468,4.29,2022-11-29T16:00:00Z,74862,4.257271
4.235,4.265,4.205,212,4.205,2022-11-29T20:00:00Z,31124,4.242601
4.31,4.38,4.26,159,4.34,2022-11-30T12:00:00Z,19385,4.324905
4.54,4.57,4.2,475,4.32,2022-11-30T16:00:00Z,76214,4.334341
4.64,4.665,4.53,324,4.53,2022-11-30T20:00:00Z,62884,4.620865
4.59,4.75,4.47,315,4.68,2022-12-01T12:00:00Z,31381,4.642041
4.575,4.63,4.545,234,4.6,2022-12-01T16:00:00Z,20415,4.583917
4.57,4.61,4.57,179,4.585,2022-12-01T20:00:00Z,19934,4.589852
4.715,4.715,4.47,127,4.49,2022-12-02T12:00:00Z,33466,4.58297
4.81,4.85,4.69,393,4.705,2022-12-02T16:00:00Z,67226,4.748645
4.965,4.965,4.82,197,4.83,2022-12-02T20:00:00Z,31592,4.921037
4.92,5.125,4.725,387,5.01,2022-12-05T12:00:00Z,82135,4.848694
4.625,4.97,4.585,1095,4.925,2022-12-05T16:00:00Z,137199,4.717237
4.665,4.695,4.59,504,4.625,2022-12-05T20:00:00Z,67614,4.652923
4.36,4.69,4.33,330,4.635,2022-12-06T12:00:00Z,63876,4.451408
4.35,4.47,4.27,319,4.34,2022-12-06T16:00:00Z,54326,4.35674
4.38,4.41,4.35,236,4.37,2022-12-06T20:00:00Z,47170,4.379659
4.21,4.38,4.17,342,4.345,2022-12-07T12:00:00Z,35248,4.242326
4.22,4.23,4.13,420,4.22,2022-12-07T16:00:00Z,49639,4.179998
4.22,4.25,4.21,93,4.24,2022-12-07T20:00:00Z,12789,4.23074
4.315,4.45,4.16,373,4.25,2022-12-08T12:00:00Z,49538,4.357593
4.31,4.42,4.23,725,4.31,2022-12-08T16:00:00Z,80484,4.301261
4.36,4.37,4.31,337,4.32,2022-12-08T20:00:00Z,31862,4.345713
4.27,4.34,4.235,122,4.325,2022-12-09T12:00:00Z,24469,4.281036
4.21,4.36,4.135,358,4.28,2022-12-09T16:00:00Z,61116,4.222317
4.2,4.23,4.175,167,4.21,2022-12-09T20:00:00Z,34258,4.194373
4.18,4.215,4.11,173,4.21,2022-12-12T12:00:00Z,39881,4.149144
4.13,4.25,4.08,195,4.2,2022-12-12T16:00:00Z,39280,4.186627
4.16,4.18,4.13,241,4.14,2022-12-12T20:00:00Z,41292,4.164698
4.265,4.635,4.265,225,4.52,2022-12-13T12:00:00Z,47210,4.474275
4.09,4.29,4.065,319,4.26,2022-12-13T16:00:00Z,53813,4.175429
4.08,4.095,4.05,215,4.065,2022-12-13T20:00:00Z,42925,4.073888
4.225,4.26,4.145,230,4.19,2022-12-14T12:00:00Z,28383,4.209941
4.11,4.27,4.04,411,4.21,2022-12-14T16:00:00Z,62255,4.185753
4.16,4.2,4.1,317,4.16,2022-12-14T20:00:00Z,40816,4.14677
3.92,4.03,3.885,299,4.03,2022-12-15T12:00:00Z,48653,3.948405
4.045,4.065,3.9,266,3.94,2022-12-15T16:00:00Z,51584,3.973511
4.025,4.055,4.0,293,4.04,2022-12-15T20:00:00Z,61266,4.021089
3.79,3.98,3.755,285,3.98,2022-12-16T12:00:00Z,52858,3.855569
3.78,3.805,3.67,746,3.795,2022-12-16T16:00:00Z,75100,3.730901
3.8,3.815,3.75,346,3.765,2022-12-16T20:00:00Z,51098,3.777291
3.73,3.8,3.61,250,3.76,2022-12-19T12:00:00Z,22037,3.70721
3.8,3.85,3.74,439,3.745,2022-12-19T16:00:00Z,53939,3.785837
3.82,3.82,3.76,207,3.8,2022-12-19T20:00:00Z,41109,3.790457
3.885,4.025,3.75,237,3.755,2022-12-20T12:00:00Z,21251,3.889343
3.83,3.935,3.81,408,3.87,2022-12-20T16:00:00Z,48536,3.880585
3.83,3.84,3.81,162,3.825,2022-12-20T20:00:00Z,31133,3.82918
3.87,3.9,3.715,106,3.855,2022-12-21T12:00:00Z,27321,3.832279
3.755,3.86,3.75,378,3.86,2022-12-21T16:00:00Z,46326,3.783555
3.83,3.83,3.745,159,3.76,2022-12-21T20:00:00Z,21256,3.798906
3.75,3.785,3.66,164,3.74,2022-12-22T12:00:00Z,40607,3.725095
3.725,3.76,3.66,296,3.74,2022-12-22T16:00:00Z,41096,3.713827
3.79,3.81,3.725,175,3.725,2022-12-22T20:00:00Z,23229,3.7796
3.74,3.8,3.645,370,3.8,2022-12-23T12:00:00Z,30020,3.726259
3.725,3.74,3.68,382,3.735,2022-12-23T16:00:00Z,39277,3.715856
3.67,3.73,3.65,242,3.73,2022-12-23T20:00:00Z,54950,3.678514
3.61,3.655,3.485,156,3.63,2022-12-27T12:00:00Z,20413,3.551713
3.45,3.61,3.43,232,3.605,2022-12-27T16:00:00Z,27275,3.496677
3.415,3.45,3.41,82,3.44,2022-12-27T20:00:00Z,13526,3.425259
3.31,3.465,3.31,90,3.365,2022-12-28T12:00:00Z,17039,3.412374
3.285,3.365,3.26,224,3.305,2022-12-28T16:00:00Z,26347,3.30388
3.295,3.3,3.265,168,3.28,2022-12-28T20:00:00Z,22019,3.28327
3.41,3.51,3.31,311,3.35,2022-12-29T12:00:00Z,35047,3.435843
3.385,3.42,3.345,521,3.41,2022-12-29T16:00:00Z,64877,3.38962
3.41,3.455,3.39,246,3.39,2022-12-29T20:00:00Z,30566,3.427933
3.385,3.405,3.29,150,3.36,2022-12-30T12:00:00Z,15595,3.358014
3.32,3.405,3.31,241,3.385,2022-12-30T16:00:00Z,23135,3.347637
3.38,3.42,3.325,196,3.325,2022-12-30T20:00:00Z,24497,3.387029
3.4,3.66,3.36,250,3.43,2023-01-03T12:00:00Z,29585,3.500647
3.375,3.44,3.3,332,3.44,2023-01-03T16:00:00Z,40116,3.348251
3.38,3.415,3.37,173,3.37,2023-01-03T20:00:00Z,27628,3.388204
3.73,3.745,3.39,267,3.42,2023-01-04T12:00:00Z,44376,3.561783
3.895,3.94,3.7,821,3.725,2023-01-04T16:00:00Z,145890,3.840141
3.895,3.91,3.825,516,3.895,2023-01-04T20:00:00Z,64057,3.86558
3.945,4.05,3.7,551,3.855,2023-01-05T12:00:00Z,73289,3.866492
4.195,4.27,3.94,829,3.95,2023-01-05T16:00:00Z,132866,4.101515
4.235,4.25,4.165,396,4.185,2023-01-05T20:00:00Z,61329,4.223885
4.18,4.215,3.97,341,4.09,2023-01-06T12:00:00Z,46094,4.094521
4.275,4.28,4.045,362,4.175,2023-01-06T16:00:00Z,52476,4.166448
4.285,4.335,4.25,222,4.275,2023-01-06T20:00:00Z,38576,4.285526
4.865,4.98,4.5,608,4.5,2023-01-09T12:00:00Z,67698,4.790525
4.875,5.23,4.845,812,4.865,2023-01-09T16:00:00Z,89756,5.057317
4.885,4.925,4.835,358,4.87,2023-01-09T20:00:00Z,49782,4.886146
5.02,5.17,4.7,743,4.84,2023-01-10T12:00:00Z,93380,4.961282
5.48,5.515,5.03,1039,5.05,2023-01-10T16:00:00Z,124788,5.318369
5.64,5.665,5.46,655,5.49,2023-01-10T20:00:00Z,69213,5.592355
5.245,5.88,5.23,954,5.53,2023-01-11T12:00:00Z,119054,5.558896
5.4,5.485,5.22,969,5.22,2023-01-11T16:00:00Z,89638,5.371059
5.36,5.47,5.355,479,5.4,2023-01-11T20:00:00Z,60446,5.394469
5.4,5.71,5.28,612,5.7,2023-01-12T12:00:00Z,68451,5.481446
6.0,6.12,5.37,1394,5.385,2023-01-12T16:00:00Z,164450,5.827779
6.13,6.16,6.015,925,6.045,2023-01-12T20:00:00Z,79847,6.110767
6.445,6.475,5.87,940,5.94,2023-01-13T12:00:00Z,110355,6.232155
6.035,6.49,5.87,788,6.485,2023-01-13T16:00:00Z,102607,6.03677
6.015,6.12,5.98,654,6.05,2023-01-13T20:00:00Z,139979,6.023541
6.075,6.62,6.0,1124,6.62,2023-01-17T12:00:00Z,169575,6.202214
6.315,6.345,5.895,860,6.08,2023-01-17T16:00:00Z,108459,6.063776
6.41,6.435,6.3,391,6.3,2023-01-17T20:00:00Z,42785,6.389902
5.995,6.62,5.95,658,6.43,2023-01-18T12:00:00Z,72942,6.309388
5.86,6.0,5.65,1007,5.95,2023-01-18T16:00:00Z,116653,5.820762
5.7,5.87,5.7,397,5.84,2023-01-18T20:00:00Z,48786,5.784678
5.575,5.865,5.555,525,5.635,2023-01-19T12:00:00Z,68763,5.667249
5.8,5.87,5.53,644,5.575,2023-01-19T16:00:00Z,42449,5.670231
5.775,5.855,5.765,224,5.815,2023-01-19T20:00:00Z,13831,5.791027
5.78,5.97,5.64,261,5.845,2023-01-20T12:00:00Z,22823,5.799
5.99,6.145,5.775,695,5.78,2023-01-20T16:00:00Z,78352,5.992935
6.185,6.22,5.995,460,6.0,2023-01-20T20:00:00Z,64645,6.151476
6.23,6.34,6.04,609,6.23,2023-01-23T12:00:00Z,87425,6.215622
6.41,6.625,6.235,561,6.24,2023-01-23T16:00:00Z,69873,6.423038
6.47,6.5,6.36,372,6.41,2023-01-23T20:00:00Z,55293,6.455726
6.5,6.61,6.27,351,6.32,2023-01-24T12:00:00Z,37878,6.408004
6.255,6.56,6.2,638,6.49,2023-01-24T16:00:00Z,82142,6.419245
6.12,6.285,6.115,394,6.27,2023-01-24T20:00:00Z,84299,6.150407
5.89,5.94,5.7,231,5.82,2023-01-25T12:00:00Z,31400,5.789084
6.185,6.205,5.8,397,5.88,2023-01-25T16:00:00Z,50300,5.997395
6.24,6.265,6.195,307,6.25,2023-01-25T20:00:00Z,33054,6.225325
6.12,6.57,6.1,294,6.48,2023-01-26T12:00:00Z,36265,6.305058
6.14,6.225,6.09,288,6.145,2023-01-26T16:00:00Z,31952,6.172086
6.12,6.155,6.105,266,6.135,2023-01-26T20:00:00Z,40939,6.131528
6.105,6.225,5.96,208,5.96,2023-01-27T12:00:00Z,38652,6.052377
6.28,6.28,6.09,215,6.11,2023-01-27T16:00:00Z,25738,6.206214
6.33,6.385,6.28,386,6.315,2023-01-27T20:00:00Z,62640,6.313607
6.31,6.83,6.16,505,6.25,2023-01-30T12:00:00Z,61415,6.466532
6.025,6.36,5.985,409,6.31,2023-01-30T16:00:00Z,50660,6.209328
5.92,6.07,5.92,505,6.025,2023-01-30T20:00:00Z,77397,5.969716
6.18,6.315,5.96,336,6.04,2023-01-31T12:00:00Z,53828,6.139123
6.28,6.32,6.11,340,6.215,2023-01-31T16:00:00Z,41391,6.228205
6.275,6.3,6.225,384,6.29,2023-01-31T20:00:00Z,57099,6.262893
6.08,6.34,6.08,164,6.23,2023-02-01T12:00:00Z,27983,6.258436
6.62,6.73,6.07,642,6.09,2023-02-01T16:00:00Z,91105,6.410456
6.87,6.95,6.63,700,6.63,2023-02-01T20:00:00Z,79528,6.81947
7.46,7.55,7.04,669,7.25,2023-02-02T12:00:00Z,113743,7.298398
7.285,7.775,7.28,845,7.46,2023-02-02T16:00:00Z,148009,7.554245
7.485,7.5,7.22,321,7.26,2023-02-02T20:00:00Z,44421,7.40513
7.51,7.765,7.09,529,7.11,2023-02-03T12:00:00Z,66481,7.390583
6.925,7.515,6.92,555,7.505,2023-02-03T16:00:00Z,68233,7.215339
6.83,6.935,6.8,334,6.91,2023-02-03T20:00:00Z,41459,6.850771
6.6,6.775,6.38,403,6.65,2023-02-06T12:00:00Z,67637,6.562619
6.7,6.8,6.58,432,6.625,2023-02-06T16:00:00Z,71331,6.682774
6.69,6.755,6.63,245,6.68,2023-02-06T20:00:00Z,27960,6.701629
6.215,6.68,6.21,513,6.68,2023-02-07T12:00:00Z,82752,6.4005
6.395,6.68,6.18,441,6.26,2023-02-07T16:00:00Z,87669,6.360053
6.595,6.62,6.37,442,6.435,2023-02-07T20:00:00Z,65257,6.506351
6.505,7.03,6.49,351,6.57,2023-02-08T12:00:00Z,56572,6.734403
6.63,6.83,6.44,422,6.47,2023-02-08T16:00:00Z,58083,6.662849
6.53,6.63,6.5,193,6.63,2023-02-08T20:00:00Z,25262,6.557689
6.23,6.65,6.16,342,6.605,2023-02-09T12:00:00Z,38023,6.324625
5.815,6.23,5.765,789,6.225,2023-02-09T16:00:00Z,106725,5.960099
5.64,5.795,5.63,663,5.795,2023-02-09T20:00:00Z,180126,5.680582
5.565,5.72,5.42,533,5.635,2023-02-10T12:00:00Z,39225,5.583323
5.575,5.62,5.45,533,5.575,2023-02-10T16:00:00Z,50995,5.53669
5.5,5.6,5.5,522,5.575,2023-02-10T20:00:00Z,67685,5.535704
5.37,5.435,5.18,345,5.325,2023-02-13T12:00:00Z,35894,5.353831
5.465,5.535,5.345,318,5.37,2023-02-13T16:00:00Z,23108,5.451241
5.46,5.49,5.44,155,5.46,2023-02-13T20:00:00Z,19516,5.458679
5.68,6.0,5.345,590,5.42,2023-02-14T12:00:00Z,108294,5.759743
5.83,5.885,5.575,580,5.735,2023-02-14T16:00:00Z,46181,5.739438
5.9,5.965,5.815,288,5.845,2023-02-14T20:00:00Z,28081,5.900056
6.33,6.39,5.97,675,5.97,2023-02-15T12:00:00Z,87425,6.205874
6.555,6.7,6.305,736,6.31,2023-02-15T16:00:00Z,61924,6.524454
6.665,6.785,6.565,938,6.565,2023-02-15T20:00:00Z,131617,6.677406
7.115,7.12,6.43,889,6.5,2023-02-16T12:00:00Z,118635,6.753031
6.82,7.25,6.8,641,7.14,2023-02-16T16:00:00Z,75130,6.971402
6.36,6.8,6.36,812,6.8,2023-02-16T20:00:00Z,114862,6.449336
6.295,6.5,6.17,442,6.32,2023-02-17T12:00:00Z,69957,6.317661
6.45,6.5,6.18,598,6.305,2023-02-17T16:00:00Z,71460,6.326922
6.58,6.69,6.51,578,6.555,2023-02-17T20:00:00Z,73160,6.58286
6.3,6.785,6.255,391,6.47,2023-02-21T12:00:00Z,52677,6.455468
6.31,6.47,6.185,476,6.32,2023-02-21T16:00:00Z,62759,6.321404
6.22,6.33,6.2,212,6.31,2023-02-21T20:00:00Z,27017,6.230725
6.19,6.44,6.0,531,6.215,2023-02-22T12:00:00Z,122491,6.153205
6.28,6.435,6.07,622,6.195,2023-02-22T16:00:00Z,64404,6.277624
6.355,6.39,6.265,211,6.275,2023-02-22T20:00:00Z,20016,6.337782
6.275,6.54,6.245,420,6.44,2023-02-23T12:00:00Z,113092,6.431139
6.38,6.4,6.16,603,6.27,2023-02-23T16:00:00Z,74139,6.270106
6.365,6.495,6.345,477,6.38,2023-02-23T20:00:00Z,65989,6.417836
5.925,6.2,5.895,419,6.145,2023-02-24T12:00:00Z,68487,6.055021
5.815,6.02,5.73,482,5.925,2023-02-24T16:00:00Z,60845,5.830724
5.865,5.865,5.79,422,5.815,2023-02-24T20:00:00Z,49997,5.823573
5.915,6.115,5.875,236,6.06,2023-02-27T12:00:00Z,42963,5.9761
5.91,6.04,5.895,308,5.945,2023-02-27T16:00:00Z,52562,5.956945
6.005,6.01,5.905,272,5.905,2023-02-27T20:00:00Z,38549,5.943868
6.24,6.24,5.95,129,6.01,2023-02-28T12:00:00Z,13493,6.137054
6.33,6.51,6.23,441,6.29,2023-02-28T16:00:00Z,50098,6.356932
6.255,6.35,6.215,301,6.34,2023-02-28T20:00:00Z,26985,6.268177
6.265,6.415,6.15,316,6.36,2023-03-01T12:00:00Z,32135,6.278666
6.09,6.35,6.07,337,6.215,2023-03-01T16:00:00Z,38760,6.18896
6.135,6.155,6.085,295,6.085,2023-03-01T20:00:00Z,31650,6.130912
5.975,6.0,5.78,417,5.95,2023-03-02T12:00:00Z,58233,5.892758
6.235,6.235,5.965,203,5.995,2023-03-02T16:00:00Z,30896,6.082832
6.185,6.26,6.17,138,6.23,2023-03-02T20:00:00Z,16693,6.209816
6.215,6.25,5.83,392,6.0,2023-03-03T12:00:00Z,64855,6.055007
6.355,6.47,6.165,534,6.215,2023-03-03T16:00:00Z,63114,6.342009
6.34,6.37,6.29,331,6.37,2023-03-03T20:00:00Z,38972,6.327973
6.75,6.8,6.195,326,6.38,2023-03-06T12:00:00Z,43147,6.490479
6.41,6.86,6.34,345,6.81,2023-03-06T16:00:00Z,40099,6.585229
6.36,6.46,6.36,296,6.425,2023-03-06T20:00:00Z,29472,6.388708
6.29,6.43,6.15,478,6.245,2023-03-07T12:00:00Z,41226,6.288906
6.195,6.525,6.19,381,6.285,2023-03-07T16:00:00Z,29569,6.314814
6.185,6.235,6.155,229,6.195,2023-03-07T20:00:00Z,34280,6.197949
6.29,6.365,6.08,304,6.13,2023-03-08T12:00:00Z,29306,6.226149
6.25,6.385,6.11,277,6.29,2023-03-08T16:00:00Z,31924,6.193509
6.3,6.31,6.19,200,6.245,2023-03-08T20:00:00Z,20046,6.273048
6.08,6.28,6.08,134,6.18,2023-03-09T12:00:00Z,15165,6.210055
5.62,6.08,5.6,404,6.08,2023-03-09T16:00:00Z,46567,5.817859
5.53,5.63,5.51,356,5.625,2023-03-09T20:00:00Z,31002,5.571649
5.54,5.54,5.165,443,5.47,2023-03-10T12:00:00Z,71944,5.343508
5.33,5.62,5.215,714,5.52,2023-03-10T16:00:00Z,81188,5.368816
5.285,5.37,5.26,439,5.335,2023-03-10T20:00:00Z,49498,5.290223
6.115,6.34,5.34,868,5.505,2023-03-13T12:00:00Z,121219,5.976492
6.27,6.34,5.99,1091,6.14,2023-03-13T16:00:00Z,127616,6.239288
7.215,7.235,6.62,961,6.8,2023-03-14T12:00:00Z,163020,6.897704
6.905,7.26,6.59,876,7.225,2023-03-14T16:00:00Z,138620,6.956404
6.77,7.06,6.65,422,6.77,2023-03-15T12:00:00Z,53655,6.84373
6.695,6.77,6.35,655,6.77,2023-03-15T16:00:00Z,114666,6.542194
6.85,6.94,6.645,488,6.72,2023-03-16T12:00:00Z,63669,6.777456
7.05,7.12,6.75,699,6.865,2023-03-16T16:00:00Z,50662,6.941357
7.75,7.94,7.19,1362,7.58,2023-03-17T12:00:00Z,226865,7.645489
8.085,8.45,7.68,1775,7.78,2023-03-17T16:00:00Z,273892,8.107429
8.33,8.65,8.03,1225,8.53,2023-03-20T12:00:00Z,174502,8.308467
8.57,8.75,8.24,1210,8.31,2023-03-20T16:00:00Z,154335,8.508008
9.05,9.05,8.385,692,8.47,2023-03-21T12:00:00Z,92917,8.715195
9.05,9.16,8.8,1415,9.025,2023-03-21T16:00:00Z,184733,9.054462
9.175,9.38,8.92,669,9.1,2023-03-22T12:00:00Z,60271,9.150151
8.09,9.28,8.045,1584,9.13,2023-03-22T16:00:00Z,257622,8.6936
9.48,9.69,8.25,1015,8.27,2023-03-23T12:00:00Z,192210,9.0675
9.465,9.57,9.08,979,9.465,2023-03-23T16:00:00Z,177770,9.34397
8.875,9.24,8.605,1266,9.21,2023-03-24T12:00:00Z,188206,8.8389
8.625,8.935,8.355,1596,8.895,2023-03-24T16:00:00Z,199457,8.613462
7.915,8.73,7.915,588,8.73,2023-03-27T12:00:00Z,160716,8.192841
8.035,8.33,7.935,745,7.955,2023-03-27T16:00:00Z,96364,8.140063
8.015,8.11,7.67,652,7.84,2023-03-28T12:00:00Z,68982,7.887264
8.11,8.3,7.885,928,8.06,2023-03-28T16:00:00Z,122100,8.045608
8.84,9.165,8.46,1628,8.54,2023-03-29T12:00:00Z,164478,8.885786
9.23,9.235,8.65,1672,8.86,2023-03-29T16:00:00Z,150016,9.009537
9.245,9.535,9.12,741,9.42,2023-03-30T12:00:00Z,80295,9.325869
9.15,9.345,9.05,664,9.24,2023-03-30T16:00:00Z,62161,9.166176
9.59,9.735,9.155,761,9.255,2023-03-31T12:00:00Z,69398,9.544409
9.97,10.1,9.62,1771,9.63,2023-03-31T16:00:00Z,211523,9.948075
9.46,9.935,9.245,908,9.77,2023-04-03T12:00:00Z,104802,9.634847
9.68,9.74,9.27,460,9.43,2023-04-03T16:00:00Z,49264,9.525897
9.45,9.905,9.24,397,9.79,2023-04-04T12:00:00Z,58611,9.604263
9.535,9.74,9.31,753,9.435,2023-04-04T16:00:00Z,117320,9.572369
9.36,9.74,9.11,653,9.605,2023-04-05T12:00:00Z,86262,9.32218
9.155,9.38,9.02,403,9.365,2023-04-05T16:00:00Z,68619,9.15939
9.3,9.345,8.765,365,8.95,2023-04-06T12:00:00Z,64717,9.049446
9.165,9.385,9.125,416,9.315,2023-04-06T16:00:00Z,50900,9.223499
9.595,9.8,8.95,542,9.175,2023-04-10T12:00:00Z,53229,9.315668
10.59,10.61,9.365,1724,9.6,2023-04-10T16:00:00Z,245073,10.146592
11.84,11.975,10.82,2692,11.01,2023-04-11T12:00:00Z,372760,11.479409
12.38,12.545,11.83,3517,11.835,2023-04-11T16:00:00Z,563808,12.291662
12.36,13.145,11.97,3311,12.56,2023-04-12T12:00:00Z,421035,12.513696
12.355,12.555,12.015,2753,12.39,2023-04-12T16:00:00Z,327724,12.267939
13.62,13.84,12.68,2966,12.725,2023-04-13T12:00:00Z,401644,13.312837
13.52,13.74,13.2,2432,13.62,2023-04-13T16:00:00Z,221990,13.479301
13.04,13.88,12.985,1699,13.74,2023-04-14T12:00:00Z,146842,13.433539
13.47,13.52,12.75,1379,12.96,2023-04-14T16:00:00Z,146294,13.275913
12.47,12.69,12.125,1420,12.44,2023-04-17T12:00:00Z,145151,12.427023
12.925,12.975,12.42,1643,12.47,2023-04-17T16:00:00Z,157573,12.785642
13.46,14.42,13.405,1182,13.68,2023-04-18T12:00:00Z,122811,13.934799
13.465,13.645,13.255,809,13.5,2023-04-18T16:00:00Z,62343,13.467322
12.23,12.895,12.16,707,12.55,2023-04-19T12:00:00Z,81603,12.530779
12.1,12.52,12.095,808,12.23,2023-04-19T16:00:00Z,101358,12.238708
11.44,12.08,11.42,890,11.56,2023-04-20T12:00:00Z,99183,11.763165
10.875,11.52,10.86,1691,11.445,2023-04-20T16:00:00Z,195728,11.126929
11.06,11.265,10.69,1119,11.265,2023-04-21T12:00:00Z,147338,10.931342
10.51,11.075,10.5,1041,11.075,2023-04-21T16:00:00Z,118456,10.67505
10.215,10.8,10.12,666,10.44,2023-04-24T12:00:00Z,123157,10.493965
10.395,10.47,10.205,701,10.27,2023-04-24T16:00:00Z,67707,10.368896
10.25,10.495,10.07,572,10.29,2023-04-25T12:00:00Z,73695,10.27431
10.71,11.11,10.23,1314,10.23,2023-04-25T16:00:00Z,225658,10.77422
12.0,12.07,11.37,1384,11.88,2023-04-26T12:00:00Z,179388,11.703469
10.905,12.015,10.88,1821,11.98,2023-04-26T16:00:00Z,227932,11.36658
11.07,11.405,10.755,934,11.15,2023-04-27T12:00:00Z,96247,11.117971
11.83,11.905,10.895,1741,11.07,2023-04-27T16:00:00Z,212744,11.582765
11.865,11.915,11.34,751,11.66,2023-04-28T12:00:00Z,93813,11.669048
11.95,12.1,11.68,826,11.885,2023-04-28T16:00:00Z,153660,11.863525
10.705,11.62,10.525,605,11.56,2023-05-01T12:00:00Z,73319,11.03215
10.51,10.995,10.37,966,10.725,2023-05-01T16:00:00Z,121982,10.661338
11.27,11.555,10.36,914,10.65,2023-05-02T12:00:00Z,147808,11.150655
11.78,11.965,11.14,1313,11.19,2023-05-02T16:00:00Z,152471,11.615678
11.0,11.5,10.66,987,11.32,2023-05-03T12:00:00Z,152979,11.011805
10.73,11.34,10.72,1393,11.005,2023-05-03T16:00:00Z,230395,10.985027
10.935,11.135,10.55,1140,10.8,2023-05-04T12:00:00Z,147089,10.814347
10.83,11.015,10.68,1763,10.935,2023-05-04T16:00:00Z,185759,10.827657
11.21,11.38,10.72,1358,10.82,2023-05-05T12:00:00Z,180460,11.04627
11.53,11.68,11.19,1354,11.19,2023-05-05T16:00:00Z,229877,11.498393
10.45,10.83,10.2,1509,10.83,2023-05-08T12:00:00Z,200302,10.390884
10.49,10.805,10.375,986,10.45,2023-05-08T16:00:00Z,126258,10.539776
11.165,11.445,10.635,1267,10.635,2023-05-09T12:00:00Z,258065,11.06123
11.435,11.56,11.165,1498,11.165,2023-05-09T16:00:00Z,219445,11.381105
12.685,12.88,11.69,1050,11.85,2023-05-10T12:00:00Z,196001,12.429908
12.28,12.89,11.73,1577,12.655,2023-05-10T16:00:00Z,245869,12.344916
11.22,12.095,11.05,890,11.94,2023-05-11T12:00:00Z,124662,11.599815
10.7,11.155,10.425,865,11.14,2023-05-11T16:00:00Z,150266,10.696905
10.49,10.82,10.355,644,10.675,2023-05-12T12:00:00Z,116023,10.514078
10.6,10.65,10.35,834,10.46,2023-05-12T16:00:00Z,104394,10.519834
10.93,11.23,10.7,731,10.85,2023-05-15T12:00:00Z,84094,10.948658
11.065,11.315,10.905,712,10.905,2023-05-15T16:00:00Z,77820,11.100825
10.67,10.975,10.55,496,10.81,2023-05-16T12:00:00Z,104945,10.796138
10.845,10.945,10.565,628,10.66,2023-05-16T16:00:00Z,80388,10.791851
11.175,11.28,10.65,601,10.67,2023-05-17T12:00:00Z,56870,11.013234
11.525,11.6,11.18,723,11.22,2023-05-17T16:00:00Z,81317,11.427825
11.29,11.81,11.255,581,11.26,2023-05-18T12:00:00Z,43390,11.499943
11.06,11.28,10.68,1152,11.265,2023-05-18T16:00:00Z,122021,11.027278
11.15,11.52,10.895,408,11.15,2023-05-19T12:00:00Z,55626,11.193265
11.09,11.215,11.02,388,11.12,2023-05-19T16:00:00Z,45103,11.11445
11.59,11.59,10.88,435,11.02,2023-05-22T12:00:00Z,58683,11.271454
12.195,12.2,11.59,1059,11.59,2023-05-22T16:00:00Z,122777,12.019506
11.93,12.585,11.785,1252,12.35,2023-05-23T12:00:00Z,134424,12.186449
11.28,11.97,11.255,956,11.95,2023-05-23T16:00:00Z,96109,11.441933
11.11,11.22,10.575,848,10.95,2023-05-24T12:00:00Z,125992,10.824882
11.29,11.44,10.955,612,11.16,2023-05-24T16:00:00Z,81820,11.222218
10.77,11.5,10.76,892,11.5,2023-05-25T12:00:00Z,79178,10.991062
11.085,11.2,10.68,957,10.78,2023-05-25T16:00:00Z,125592,10.940972
11.23,11.835,11.17,602,11.17,2023-05-26T12:00:00Z,79762,11.516697
10.91,11.275,10.77,642,11.205,2023-05-26T16:00:00Z,90598,10.979865
12.26,12.78,11.66,1813,11.71,2023-05-30T12:00:00Z,219382,12.367249
12.04,12.275,11.61,1052,12.275,2023-05-30T16:00:00Z,119153,11.933472
11.575,11.885,11.375,613,11.56,2023-05-31T12:00:00Z,76574,11.61297
11.99,12.035,11.58,749,11.58,2023-05-31T16:00:00Z,84555,11.889099
12.16,12.32,11.6,765,11.775,2023-06-01T12:00:00Z,72470,11.984409
12.4,12.69,12.0,871,12.1,2023-06-01T16:00:00Z,84834,12.41474
11.575,12.68,11.42,1551,12.68,2023-06-02T12:00:00Z,211919,11.740844
11.695,11.89,11.37,1425,11.62,2023-06-02T16:00:00Z,160397,11.643386
10.525,11.59,10.525,1110,11.28,2023-06-05T12:00:00Z,107099,11.062496
10.665,10.8,10.45,1248,10.52,2023-06-05T16:00:00Z,172671,10.644311
10.64,10.68,9.7,1240,10.07,2023-06-06T12:00:00Z,159481,10.283424
10.895,10.96,10.605,1139,10.64,2023-06-06T16:00:00Z,128498,10.838736
10.37,11.2,10.3,1757,10.795,2023-06-07T12:00:00Z,158982,10.709
10.44,10.57,10.33,1106,10.36,2023-06-07T16:00:00Z,92082,10.462008
10.65,10.845,10.435,612,10.495,2023-06-08T12:00:00Z,77300,10.70956
10.55,10.69,10.49,881,10.645,2023-06-08T16:00:00Z,67792,10.59495
10.26,10.61,10.26,346,10.56,2023-06-09T12:00:00Z,31846,10.428984
10.34,10.47,10.24,392,10.26,2023-06-09T16:00:00Z,34097,10.343548
10.23,10.32,10.02,876,10.21,2023-06-12T12:00:00Z,96835,10.210283
10.25,10.34,10.135,494,10.23,2023-06-12T16:00:00Z,55572,10.247531
10.135,10.685,10.11,795,10.56,2023-06-13T12:00:00Z,65658,10.317471
10.255,10.38,10.12,1642,10.13,2023-06-13T16:00:00Z,69710,10.282376
10.335,10.51,10.18,356,10.25,2023-06-14T12:00:00Z,32315,10.355306
10.17,10.41,10.03,898,10.325,2023-06-14T16:00:00Z,83566,10.199577
9.685,9.815,9.42,717,9.76,2023-06-15T12:00:00Z,79407,9.624918
9.96,10.12,9.695,866,9.72,2023-06-15T16:00:00Z,79980,9.95221
9.925,10.12,9.84,438,10.09,2023-06-16T12:00:00Z,32594,10.007131
10.4,10.47,10.05,1175,10.05,2023-06-16T16:00:00Z,132729,10.354765
10.57,10.89,10.12,680,10.57,2023-06-20T12:00:00Z,90268,10.454416
11.245,11.29,10.56,1346,10.605,2023-06-20T16:00:00Z,149970,11.02919
11.56,12.055,11.47,1949,11.705,2023-06-21T12:00:00Z,234938,11.738206
11.67,12.01,11.5,1996,11.53,2023-06-21T16:00:00Z,204435,11.735436
11.145,11.94,10.775,1020,11.71,2023-06-22T12:00:00Z,125617,11.197003
11.24,11.42,11.085,723,11.13,2023-06-22T16:00:00Z,74917,11.279042
11.89,11.9,10.95,1294,11.08,2023-06-23T12:00:00Z,98387,11.476237
11.6,12.1,11.575,1741,11.89,2023-06-23T16:00:00Z,162362,11.756332
11.45,12.17,11.3,864,11.495,2023-06-26T12:00:00Z,95135,11.794007
10.75,11.415,10.74,729,11.415,2023-06-26T16:00:00Z,82700,10.893953
11.07,11.53,10.885,1042,11.09,2023-06-27T12:00:00Z,143139,11.2465
11.65,11.71,11.035,1095,11.06,2023-06-27T16:00:00Z,145538,11.521794
11.895,11.925,11.27,793,11.405,2023-06-28T12:00:00Z,84431,11.539393
11.53,11.975,11.41,460,11.925,2023-06-28T16:00:00Z,51534,11.554965
11.545,12.37,11.545,836,11.89,2023-06-29T12:00:00Z,77006,11.962655
11.66,11.78,11.51,735,11.55,2023-06-29T16:00:00Z,91693,11.670298
11.37,12.39,11.21,1399,12.06,2023-06-30T12:00:00Z,151034,11.716083
11.81,11.89,11.22,1053,11.34,2023-06-30T16:00:00Z,212180,11.734329
13.36,13.45,11.91,1441,11.95,2023-07-03T12:00:00Z,134091,12.875104
13.37,13.435,13.18,746,13.39,2023-07-03T16:00:00Z,78284,13.367685
13.35,13.765,12.65,1304,12.8,2023-07-05T12:00:00Z,131481,13.167643
13.57,13.84,13.265,887,13.32,2023-07-05T16:00:00Z,73853,13.658925
13.46,13.86,12.8,1030,13.73,2023-07-06T12:00:00Z,98727,13.206801
13.53,13.55,13.055,1415,13.42,2023-07-06T16:00:00Z,137927,13.329506
15.3,15.41,13.5,1906,13.52,2023-07-07T12:00:00Z,226604,14.738582
15.5,15.545,15.1,2169,15.27,2023-07-07T16:00:00Z,341892,15.348694
16.03,16.145,15.125,2628,15.74,2023-07-10T12:00:00Z,170519,15.701362
16.87,16.91,15.71,2954,16.01,2023-07-10T16:00:00Z,175990,16.501154
17.35,17.415,16.33,1661,16.83,2023-07-11T12:00:00Z,176393,17.002271
17.5,17.645,17.0,1261,17.335,2023-07-11T16:00:00Z,141203,17.387433
17.49,18.63,17.45,2586,17.92,2023-07-12T12:00:00Z,226901,17.98026
17.635,17.8,17.25,2798,17.49,2023-07-12T16:00:00Z,166246,17.545799
19.53,19.72,17.825,1377,17.88,2023-07-13T12:00:00Z,164317,18.870708
20.315,20.52,19.41,2754,19.57,2023-07-13T16:00:00Z,300928,20.097582
19.65,20.63,19.4,2085,20.21,2023-07-14T12:00:00Z,225947,19.970255
19.14,19.86,18.785,1750,19.65,2023-07-14T16:00:00Z,214128,19.210749
18.93,20.27,18.75,1300,19.14,2023-07-17T12:00:00Z,151571,19.54595
18.5,19.21,18.225,1035,19.04,2023-07-17T16:00:00Z,110109,18.571709
18.7,18.85,17.84,852,18.09,2023-07-18T12:00:00Z,80789,18.362614
18.305,18.83,17.92,706,18.73,2023-07-18T16:00:00Z,70412,18.389212
18.74,19.4,18.28,965,18.66,2023-07-19T12:00:00Z,81533,18.708016
18.93,19.095,18.39,1266,18.79,2023-07-19T16:00:00Z,114585,18.776768
18.79,19.48,18.275,1289,19.11,2023-07-20T12:00:00Z,155852,19.001174
18.47,18.875,18.245,1479,18.775,2023-07-20T16:00:00Z,154892,18.625906
18.05,18.76,17.44,696,18.76,2023-07-21T12:00:00Z,100668,17.8679
18.38,18.83,17.83,1056,18.05,2023-07-21T16:00:00Z,101153,18.394037
17.39,18.02,16.84,844,17.62,2023-07-24T12:00:00Z,74876,17.318372
17.43,17.62,17.31,1017,17.41,2023-07-24T16:00:00Z,77880,17.478349
18.6,18.725,17.56,751,17.56,2023-07-25T12:00:00Z,88577,18.306411
17.93,18.825,17.93,780,18.56,2023-07-25T16:00:00Z,77159,18.265818
18.15,18.435,17.75,524,18.045,2023-07-26T12:00:00Z,42363,18.017362
18.43,18.58,18.07,853,18.17,2023-07-26T16:00:00Z,53141,18.347336
18.26,19.11,18.16,493,18.97,2023-07-27T12:00:00Z,50821,18.484436
17.59,18.56,17.445,834,18.24,2023-07-27T16:00:00Z,76076,17.856401
18.415,18.68,17.9,768,18.05,2023-07-28T12:00:00Z,58230,18.326055
18.37,18.58,18.22,594,18.43,2023-07-28T16:00:00Z,48292,18.409643
18.53,19.185,18.2,782,18.605,2023-07-31T12:00:00Z,86796,18.7538
18.53,18.705,18.26,527,18.55,2023-07-31T16:00:00Z,45117,18.451319
17.73,18.13,17.09,1460,18.13,2023-08-01T12:00:00Z,289213,17.445898
18.235,18.395,17.595,2074,17.715,2023-08-01T16:00:00Z,251899,18.043245
17.87,19.19,17.77,1533,18.175,2023-08-02T12:00:00Z,113288,18.402399
17.97,18.135,17.56,1133,17.815,2023-08-02T16:00:00Z,60666,17.868038
17.805,18.24,17.64,680,17.68,2023-08-03T12:00:00Z,70892,17.899805
17.8,18.595,17.76,688,17.79,2023-08-03T16:00:00Z,56932,18.112839
17.945,18.09,17.53,239,17.99,2023-08-04T12:00:00Z,20547,17.829004
17.1,18.1,17.085,728,17.95,2023-08-04T16:00:00Z,51368,17.411676
15.6,17.0,15.34,885,16.99,2023-08-07T12:00:00Z,70554,16.039278
16.31,16.375,15.535,601,15.62,2023-08-07T16:00:00Z,36187,16.13712
16.56,16.83,16.22,844,16.79,2023-08-08T12:00:00Z,74512,16.49655
17.105,17.35,16.55,892,16.55,2023-08-08T16:00:00Z,98867,17.083017
16.545,17.27,16.5,887,17.16,2023-08-09T12:00:00Z,80957,16.871949
16.32,16.83,16.31,1053,16.53,2023-08-09T16:00:00Z,81012,16.486156
15.465,16.61,15.31,1576,16.41,2023-08-10T12:00:00Z,148919,15.976233
14.99,15.635,14.845,1014,15.45,2023-08-10T16:00:00Z,98824,15.12782
15.15,15.7,14.64,1379,14.82,2023-08-11T12:00:00Z,130979,15.219789
15.22,15.405,14.91,1203,15.155,2023-08-11T16:00:00Z,98101,15.153549
14.81,15.15,14.37,894,15.15,2023-08-14T12:00:00Z,62851,14.727367
14.645,15.01,14.53,890,14.825,2023-08-14T16:00:00Z,99293,14.710022
14.18,14.81,14.16,683,14.49,2023-08-15T12:00:00Z,53481,14.388802
13.68,14.2,13.67,1171,14.19,2023-08-15T16:00:00Z,101731,13.869185
13.155,13.5,13.05,936,13.32,2023-08-16T12:00:00Z,70672,13.266132
13.1,13.49,12.945,933,13.12,2023-08-16T16:00:00Z,66166,13.207475
11.88,12.725,11.88,1276,12.68,2023-08-17T12:00:00Z,101627,12.334772
11.705,12.21,11.66,1574,11.87,2023-08-17T16:00:00Z,147631,11.894641
11.26,11.655,11.04,1076,11.125,2023-08-18T12:00:00Z,102654,11.304284
11.065,11.38,10.98,1331,11.27,2023-08-18T16:00:00Z,118606,11.135582
10.66,11.26,10.6,1424,11.11,2023-08-21T12:00:00Z,140489,10.951883
10.74,10.885,10.56,870,10.635,2023-08-21T16:00:00Z,70885,10.728685
10.56,10.98,10.485,1004,10.9,2023-08-22T12:00:00Z,111111,10.608588
10.55,10.9,10.495,1465,10.565,2023-08-22T16:00:00Z,190921,10.639512
10.94,11.06,10.49,1210,10.55,2023-08-23T12:00:00Z,130660,10.792546
11.125,11.295,10.91,1718,10.94,2023-08-23T16:00:00Z,157131,11.149301
10.23,11.04,10.205,767,11.035,2023-08-24T12:00:00Z,86770,10.558754
10.35,10.475,10.24,995,10.25,2023-08-24T16:00:00Z,78400,10.379
10.22,10.75,10.1,684,10.475,2023-08-25T12:00:00Z,91361,10.422318
10.36,10.49,10.23,616,10.23,2023-08-25T16:00:00Z,63300,10.357853
10.58,10.81,10.41,545,10.48,2023-08-28T12:00:00Z,46584,10.622357
10.48,10.74,10.39,625,10.62,2023-08-28T16:00:00Z,47811,10.552429
12.195,12.31,10.37,2305,10.37,2023-08-29T12:00:00Z,268201,11.791932
12.3,12.525,12.04,1945,12.195,2023-08-29T16:00:00Z,239411,12.259678
11.8,12.08,11.57,1979,11.99,2023-08-30T12:00:00Z,210887,11.835005
12.04,12.16,11.69,1266,11.825,2023-08-30T16:00:00Z,103324,11.963952
11.83,12.27,11.83,813,12.06,2023-08-31T12:00:00Z,77516,12.050016
11.33,11.84,11.25,1435,11.84,2023-08-31T16:00:00Z,112981,11.444716
10.98,11.525,10.76,1971,11.39,2023-09-01T12:00:00Z,110655,11.034392
11.02,11.17,10.87,976,10.9,2023-09-01T16:00:00Z,70820,11.017516
10.93,11.205,10.76,1062,10.905,2023-09-05T12:00:00Z,119153,10.90612
10.98,11.12,10.915,854,10.925,2023-09-05T16:00:00Z,147729,11.007135
11.21,11.505,10.94,1230,10.985,2023-09-06T12:00:00Z,116241,11.191305
11.235,11.61,10.98,811,11.14,2023-09-06T16:00:00Z,66587,11.289631
11.08,11.26,10.57,988,11.0,2023-09-07T12:00:00Z,63634,10.86339
11.38,11.52,11.08,973,11.08,2023-09-07T16:00:00Z,83841,11.376168
10.84,11.34,10.83,923,11.29,2023-09-08T12:00:00Z,87496,11.048246
10.93,10.985,10.77,1180,10.8,2023-09-08T16:00:00Z,154658,10.895628
10.19,10.98,10.14,1129,10.8,2023-09-11T12:00:00Z,136522,10.460606
10.13,10.365,10.1,1365,10.19,2023-09-11T16:00:00Z,100191,10.223348
10.645,11.175,10.43,1576,10.64,2023-09-12T12:00:00Z,129882,10.778473
10.54,10.87,10.42,1362,10.655,2023-09-12T16:00:00Z,140000,10.561087
10.6,10.7,10.24,1147,10.54,2023-09-13T12:00:00Z,90181,10.478599
10.29,10.695,10.225,980,10.58,2023-09-13T16:00:00Z,80903,10.384155
11.06,11.23,10.54,1231,10.56,2023-09-14T12:00:00Z,85154,10.922611
10.97,11.16,10.9,1322,11.085,2023-09-14T16:00:00Z,86846,10.994189
10.71,10.97,10.605,1233,10.96,2023-09-15T12:00:00Z,164651,10.770005
10.76,10.875,10.59,1546,10.71,2023-09-15T16:00:00Z,139044,10.745462
11.3,11.59,11.0,1418,11.22,2023-09-18T12:00:00Z,171692,11.296626
10.93,11.32,10.915,1587,11.32,2023-09-18T16:00:00Z,178489,11.040474
11.0,11.15,10.5,867,11.03,2023-09-19T12:00:00Z,86905,10.870255
10.43,11.065,10.41,771,10.99,2023-09-19T16:00:00Z,86062,10.629879
10.29,10.55,10.2,504,10.43,2023-09-20T12:00:00Z,57323,10.337095
10.01,10.49,9.99,840,10.32,2023-09-20T16:00:00Z,85666,10.180427
9.605,9.75,9.32,1156,9.68,2023-09-21T12:00:00Z,124844,9.547418
9.59,9.75,9.53,753,9.605,2023-09-21T16:00:00Z,66942,9.636911
9.45,9.74,9.42,533,9.65,2023-09-22T12:00:00Z,50195,9.51321
9.24,9.46,9.18,1119,9.46,2023-09-22T16:00:00Z,102721,9.293199
9.18,9.335,8.94,918,9.0,2023-09-25T12:00:00Z,69948,9.115814
9.25,9.355,9.17,904,9.195,2023-09-25T16:00:00Z,68356,9.264774
9.11,9.355,9.05,444,9.05,2023-09-26T12:00:00Z,55004,9.156194
9.05,9.18,9.0,657,9.1,2023-09-26T16:00:00Z,73641,9.076495
9.095,9.53,9.015,668,9.27,2023-09-27T12:00:00Z,57747,9.220871
9.01,9.15,8.83,803,9.025,2023-09-27T16:00:00Z,78817,9.017655
9.725,9.725,8.97,846,9.11,2023-09-28T12:00:00Z,125604,9.285316
9.435,9.9,9.4,1068,9.735,2023-09-28T16:00:00Z,113140,9.570195
9.35,9.615,9.22,873,9.57,2023-09-29T12:00:00Z,90197,9.431191
9.32,9.42,9.21,816,9.34,2023-09-29T16:00:00Z,100172,9.309488
10.23,10.95,10.07,2080,10.18,2023-10-02T12:00:00Z,257029,10.520949
9.88,10.21,9.81,1287,10.21,2023-10-02T16:00:00Z,120633,9.974235
9.02,9.88,8.96,1204,9.65,2023-10-03T12:00:00Z,100880,9.281226
8.775,9.09,8.67,1446,9.06,2023-10-03T16:00:00Z,157705,8.81575
8.915,8.965,8.615,731,8.96,2023-10-04T12:00:00Z,77697,8.776769
9.07,9.13,8.85,733,8.9,2023-10-04T16:00:00Z,95404,9.035356
8.88,9.355,8.8,560,9.175,2023-10-05T12:00:00Z,61292,9.012108
9.0,9.14,8.855,442,8.865,2023-10-05T16:00:00Z,48326,9.004951
9.58,9.6,8.79,593,8.8,2023-10-06T12:00:00Z,72129,9.129008
9.915,9.975,9.56,590,9.62,2023-10-06T16:00:00Z,71326,9.816675
10.0,10.165,9.51,562,9.51,2023-10-09T12:00:00Z,70142,9.910239
10.165,10.2,9.86,567,10.01,2023-10-09T16:00:00Z,67602,10.121436
10.27,10.575,9.97,952,10.125,2023-10-10T12:00:00Z,83322,10.335365
10.16,10.295,10.05,1015,10.24,2023-10-10T16:00:00Z,85838,10.154775
9.295,10.06,9.24,1316,9.97,2023-10-11T12:00:00Z,129124,9.602174
9.405,9.47,9.16,1240,9.3,2023-10-11T16:00:00Z,121582,9.314811
9.4,9.48,9.13,554,9.35,2023-10-12T12:00:00Z,75111,9.279661
9.19,9.47,9.145,587,9.43,2023-10-12T16:00:00Z,44492,9.258804
9.01,9.275,8.97,376,9.22,2023-10-13T12:00:00Z,35842,9.124461
9.14,9.265,9.04,697,9.04,2023-10-13T16:00:00Z,69245,9.194479
9.205,10.455,9.115,1497,10.035,2023-10-16T12:00:00Z,188090,9.613056
9.41,9.56,9.205,926,9.205,2023-10-16T16:00:00Z,108312,9.390868
9.655,9.93,9.12,700,9.225,2023-10-17T12:00:00Z,90541,9.580298
9.66,9.82,9.485,824,9.67,2023-10-17T16:00:00Z,116062,9.640522
8.895,9.615,8.89,805,9.53,2023-10-18T12:00:00Z,79860,9.139621
8.83,8.995,8.7,1316,8.905,2023-10-18T16:00:00Z,185979,8.797336
9.035,9.14,8.69,615,8.885,2023-10-19T12:00:00Z,80058,8.884395
8.815,9.18,8.75,749,8.995,2023-10-19T16:00:00Z,67544,8.906161
9.165,9.39,9.0,795,9.12,2023-10-20T12:00:00Z,98170,9.174524
8.87,9.15,8.82,1167,9.15,2023-10-20T16:00:00Z,198150,8.923781
9.77,9.97,8.98,1183,9.11,2023-10-23T12:00:00Z,228788,9.405596
9.69,10.03,9.6,1445,9.77,2023-10-23T16:00:00Z,153690,9.7845
10.57,11.37,10.3,2598,11.03,2023-10-24T12:00:00Z,326388,10.90488
10.66,10.73,10.36,1483,10.6,2023-10-24T16:00:00Z,196677,10.605881
11.12,11.26,10.635,1802,10.89,2023-10-25T12:00:00Z,176590,10.901296
10.56,11.265,10.47,1367,11.1,2023-10-25T16:00:00Z,131620,10.694516
10.0,10.45,9.87,983,10.225,2023-10-26T12:00:00Z,116226,10.183813
9.77,9.99,9.48,953,9.99,2023-10-26T16:00:00Z,107679,9.716563
9.895,10.16,9.57,960,10.035,2023-10-27T12:00:00Z,98638,9.857665
9.53,9.935,9.475,887,9.895,2023-10-27T16:00:00Z,136018,9.750708
9.745,10.265,9.71,836,9.92,2023-10-30T12:00:00Z,103725,9.984308
9.6,9.78,9.39,688,9.755,2023-10-30T16:00:00Z,88161,9.5743
9.73,9.83,9.275,684,9.57,2023-10-31T12:00:00Z,68576,9.574061
9.78,9.84,9.64,660,9.75,2023-10-31T16:00:00Z,74942,9.741196
9.75,10.02,9.66,818,10.005,2023-11-01T12:00:00Z,79465,9.830987
10.2,10.27,9.675,1943,9.72,2023-11-01T16:00:00Z,311819,10.098238
10.82,10.9,10.39,1126,10.47,2023-11-02T12:00:00Z,121186,10.691649
11.28,11.31,10.6,1752,10.76,2023-11-02T16:00:00Z,226027,11.068658
11.39,11.59,10.89,1471,11.09,2023-11-03T12:00:00Z,185074,11.257838
11.39,11.515,11.11,1017,11.4,2023-11-03T16:00:00Z,105576,11.348945
11.38,11.94,11.38,669,11.69,2023-11-06T12:00:00Z,87472,11.642287
11.06,11.45,10.73,1022,11.36,2023-11-06T16:00:00Z,113759,11.020855
11.01,11.135,11.005,623,11.075,2023-11-06T20:00:00Z,78367,11.036597
10.82,10.95,10.43,605,10.905,2023-11-07T12:00:00Z,53612,10.725026
10.965,11.035,10.465,1008,10.835,2023-11-07T16:00:00Z,130556,10.809559
11.065,11.165,10.925,504,11.0,2023-11-07T20:00:00Z,85851,11.009571
10.305,10.8,10.17,738,10.75,2023-11-08T12:00:00Z,75238,10.411794
10.305,10.45,10.065,1595,10.31,2023-11-08T16:00:00Z,161745,10.274277
10.27,10.38,10.23,633,10.32,2023-11-08T20:00:00Z,81419,10.300866
11.15,12.07,11.09,1441,11.095,2023-11-09T12:00:00Z,160320,11.627374
10.285,11.21,10.22,1416,11.16,2023-11-09T16:00:00Z,148629,10.640808
10.21,10.37,10.14,534,10.27,2023-11-09T20:00:00Z,71983,10.233464
9.85,10.48,9.7,1266,10.27,2023-11-10T12:00:00Z,126951,10.155916
10.23,10.34,9.85,1203,9.85,2023-11-10T16:00:00Z,111348,10.138835
10.35,10.375,10.15,468,10.23,2023-11-10T20:00:00Z,45648,10.290636
9.85,10.1,9.54,688,10.1,2023-11-13T12:00:00Z,87755,9.773682
9.84,10.1,9.82,819,9.88,2023-11-13T16:00:00Z,89200,9.957338
9.795,9.85,9.77,211,9.845,2023-11-13T20:00:00Z,26666,9.802297
9.82,10.22,9.74,919,10.01,2023-11-14T12:00:00Z,131888,10.007862
9.51,10.01,9.36,1261,9.81,2023-11-14T16:00:00Z,141425,9.676275
9.72,9.75,9.49,430,9.51,2023-11-14T20:00:00Z,59375,9.685359
10.315,10.325,9.695,1185,9.885,2023-11-15T12:00:00Z,179703,9.995831
10.7,10.815,10.075,1172,10.3,2023-11-15T16:00:00Z,142836,10.44127
10.68,10.8,10.65,576,10.7,2023-11-15T20:00:00Z,73165,10.696048
9.81,10.28,9.73,1031,10.17,2023-11-16T12:00:00Z,104961,10.021901
10.01,10.13,9.86,573,9.865,2023-11-16T16:00:00Z,54941,9.989501
10.16,10.17,9.94,323,10.01,2023-11-16T20:00:00Z,29007,10.117726
10.22,10.26,9.9,585,10.225,2023-11-17T12:00:00Z,56761,10.07507
10.43,10.515,10.105,957,10.235,2023-11-17T16:00:00Z,104124,10.343606
10.49,10.52,10.41,472,10.445,2023-11-17T20:00:00Z,61167,10.454814
11.135,11.155,10.61,819,10.61,2023-11-20T12:00:00Z,106798,10.969276
11.4,11.52,10.78,1185,11.115,2023-11-20T16:00:00Z,173884,11.210208
11.325,11.39,11.25,446,11.39,2023-11-20T20:00:00Z,58291,11.313379
11.085,11.18,10.72,709,11.025,2023-11-21T12:00:00Z,92173,10.899002
11.18,11.375,10.98,800,11.1,2023-11-21T16:00:00Z,94728,11.184368
11.16,11.23,11.135,348,11.185,2023-11-21T20:00:00Z,58059,11.174144
11.0,11.205,10.68,337,11.205,2023-11-22T12:00:00Z,31635,10.836725
11.55,11.55,10.94,664,11.015,2023-11-22T16:00:00Z,75608,11.202901
11.6,11.64,11.475,548,11.54,2023-11-22T20:00:00Z,85072,11.582059
12.1,12.21,11.42,753,11.66,2023-11-24T12:00:00Z,82605,11.920346
12.01,12.26,11.8,604,12.16,2023-11-24T16:00:00Z,80987,11.992951
11.78,12.04,11.39,581,11.51,2023-11-27T12:00:00Z,60006,11.740381
11.85,12.15,11.74,518,11.765,2023-11-27T16:00:00Z,61929,11.982239
11.83,11.99,11.82,244,11.845,2023-11-27T20:00:00Z,32455,11.868013
12.15,12.365,11.815,1064,12.13,2023-11-28T12:00:00Z,98137,12.147053
12.67,12.765,12.13,1224,12.135,2023-11-28T16:00:00Z,185755,12.469937
12.85,12.91,12.66,577,12.68,2023-11-28T20:00:00Z,86180,12.796774
13.085,13.145,12.67,1141,12.91,2023-11-29T12:00:00Z,141945,12.911556
13.15,13.27,12.67,811,13.095,2023-11-29T16:00:00Z,108896,12.994112
12.99,13.225,12.97,487,13.16,2023-11-29T20:00:00Z,70231,13.038424
12.755,13.13,12.65,469,12.99,2023-11-30T12:00:00Z,52749,12.956505
12.595,12.89,12.54,761,12.765,2023-11-30T16:00:00Z,60447,12.697809
12.54,12.69,12.515,363,12.605,2023-11-30T20:00:00Z,36095,12.562524
13.54,13.62,12.71,754,12.73,2023-12-01T12:00:00Z,68315,13.370162
13.75,13.815,13.45,1116,13.52,2023-12-01T16:00:00Z,110386,13.680943
13.75,13.81,13.645,704,13.775,2023-12-01T20:00:00Z,83526,13.744513
14.525,15.66,14.435,1777,15.175,2023-12-04T12:00:00Z,209826,15.192883
14.995,15.09,14.37,1811,14.515,2023-12-04T16:00:00Z,175077,14.806006
14.995,15.135,14.855,848,15.0,2023-12-04T20:00:00Z,121881,15.012387
15.725,15.885,14.86,1347,15.04,2023-12-05T12:00:00Z,131592,15.495025
15.21,15.985,15.09,2137,15.78,2023-12-05T16:00:00Z,262834,15.557585
15.14,15.27,15.07,678,15.215,2023-12-05T20:00:00Z,55253,15.182611
14.96,15.46,14.935,782,15.36,2023-12-06T12:00:00Z,77045,15.197695
14.865,15.39,14.695,1354,14.955,2023-12-06T16:00:00Z,106524,14.956867
14.765,14.91,14.71,924,14.86,2023-12-06T20:00:00Z,89424,14.777191
14.99,15.13,14.13,896,14.33,2023-12-07T12:00:00Z,82631,14.730819
14.845,15.115,14.775,1182,14.985,2023-12-07T16:00:00Z,97988,14.967506
14.89,14.945,14.82,607,14.835,2023-12-07T20:00:00Z,55133,14.889248
15.6,15.96,15.07,947,15.09,2023-12-08T12:00:00Z,90508,15.661191
15.72,15.915,15.43,1269,15.615,2023-12-08T16:00:00Z,97841,15.658081
15.82,15.85,15.65,645,15.73,2023-12-08T20:00:00Z,87869,15.781191
14.135,14.83,14.12,1357,14.8,2023-12-11T12:00:00Z,142414,14.341691
13.825,14.145,13.555,1683,14.12,2023-12-11T16:00:00Z,137119,13.826467
14.01,14.05,13.78,650,13.805,2023-12-11T20:00:00Z,59257,13.938994
14.06,14.26,13.835,918,14.185,2023-12-12T12:00:00Z,79106,14.045346
14.12,14.19,13.8,830,14.06,2023-12-12T16:00:00Z,77208,14.016323
14.07,14.2,14.07,450,14.13,2023-12-12T20:00:00Z,54824,14.132877
14.05,14.33,13.74,601,13.985,2023-12-13T12:00:00Z,53126,14.026146
14.97,15.06,14.06,1017,14.115,2023-12-13T16:00:00Z,119332,14.59574
15.24,15.25,14.82,908,15.01,2023-12-13T20:00:00Z,89577,15.096187
15.185,15.47,14.925,721,15.315,2023-12-14T12:00:00Z,67335,15.211383
15.75,15.805,15.17,1623,15.19,2023-12-14T16:00:00Z,125352,15.534296
15.76,15.84,15.66,753,15.735,2023-12-14T20:00:00Z,77083,15.747424
15.455,15.545,15.075,618,15.48,2023-12-15T12:00:00Z,80673,15.351962
15.625,15.74,15.37,780,15.465,2023-12-15T16:00:00Z,61398,15.558039
15.63,15.68,15.49,469,15.67,2023-12-15T20:00:00Z,47052,15.606324
15.72,16.31,15.18,661,15.18,2023-12-18T12:00:00Z,73582,15.932697
16.33,16.36,15.505,967,15.74,2023-12-18T16:00:00Z,113214,15.966563
16.39,16.43,16.275,547,16.325,2023-12-18T20:00:00Z,51422,16.385831
17.35,17.65,16.74,1336,17.07,2023-12-19T12:00:00Z,234880,17.16416
16.685,17.605,16.16,2133,17.43,2023-12-19T16:00:00Z,192141,16.708234
16.68,16.78,16.605,511,16.69,2023-12-19T20:00:00Z,72089,16.689157
17.55,17.955,17.21,939,17.52,2023-12-20T12:00:00Z,87573,17.565614
16.79,17.65,16.72,1154,17.58,2023-12-20T16:00:00Z,130117,17.338172
16.445,16.835,16.4,577,16.755,2023-12-20T20:00:00Z,66351,16.591548
16.735,16.94,16.29,854,16.87,2023-12-21T12:00:00Z,94415,16.646696
16.76,16.89,16.27,949,16.77,2023-12-21T16:00:00Z,128625,16.509337
16.76,16.88,16.68,485,16.775,2023-12-21T20:00:00Z,68949,16.795971
17.35,17.47,16.53,783,16.75,2023-12-22T12:00:00Z,70022,17.212453
17.785,18.38,17.28,1862,17.28,2023-12-22T16:00:00Z,171348,17.90588
17.78,18.005,17.78,897,17.78,2023-12-22T20:00:00Z,77154,17.848151
17.08,17.53,16.915,869,17.42,2023-12-26T12:00:00Z,118912,17.263457
17.13,17.4,16.88,1496,17.12,2023-12-26T16:00:00Z,130027,17.111463
17.35,17.4,17.115,524,17.145,2023-12-26T20:00:00Z,55873,17.313391
17.925,18.315,17.65,1065,17.68,2023-12-27T12:00:00Z,103614,17.975593
18.35,18.39,17.8,1291,17.905,2023-12-27T16:00:00Z,113505,18.17621
18.625,18.75,18.295,727,18.355,2023-12-27T20:00:00Z,73197,18.572228
17.845,18.365,17.665,1267,18.21,2023-12-28T12:00:00Z,152096,18.010405
17.53,18.09,17.345,1284,17.825,2023-12-28T16:00:00Z,159420,17.711139
17.6,17.73,17.43,493,17.545,2023-12-28T20:00:00Z,60341,17.581141
15.97,18.17,15.705,1205,17.87,2023-12-29T12:00:00Z,136424,16.933957
15.63,16.045,15.045,2157,15.975,2023-12-29T16:00:00Z,293976,15.482552
15.46,15.675,15.34,904,15.625,2023-12-29T20:00:00Z,97090,15.496231
16.02,17.11,15.8,1041,17.06,2024-01-02T12:00:00Z,124178,16.327355
15.47,16.29,15.415,1126,16.045,2024-01-02T16:00:00Z,96589,15.901747
15.41,15.51,15.32,604,15.49,2024-01-02T20:00:00Z,64413,15.395795
15.05,15.05,13.77,1153,13.95,2024-01-03T12:00:00Z,162497,14.34188
15.08,15.22,14.745,957,15.045,2024-01-03T16:00:00Z,112700,15.012296
15.03,15.175,14.9,361,15.06,2024-01-03T20:00:00Z,37562,15.05136
15.87,16.06,14.95,703,15.275,2024-01-04T12:00:00Z,83222,15.669801
15.79,15.965,15.5,863,15.9,2024-01-04T16:00:00Z,75707,15.739795
15.855,15.995,15.75,715,15.84,2024-01-04T20:00:00Z,90387,15.885047
14.875,15.51,14.77,760,15.51,2024-01-05T12:00:00Z,61329,15.108859
14.745,14.93,14.37,1215,14.89,2024-01-05T16:00:00Z,104397,14.682316
14.81,14.94,14.74,565,14.77,2024-01-05T20:00:00Z,58545,14.84227
14.87,15.43,14.23,976,15.08,2024-01-08T12:00:00Z,107584,14.761885
15.995,16.19,14.845,1371,14.91,2024-01-08T16:00:00Z,141358,15.596175
15.99,16.12,15.925,649,15.94,2024-01-08T20:00:00Z,63944,16.003178
15.895,16.165,15.54,713,15.9,2024-01-09T12:00:00Z,67106,15.814175
15.82,16.02,15.595,961,15.87,2024-01-09T16:00:00Z,88725,15.761684
15.725,15.855,15.675,409,15.835,2024-01-09T20:00:00Z,51143,15.744913
15.635,15.75,14.8,739,15.2,2024-01-10T12:00:00Z,72265,15.221513
15.82,16.3,15.315,1993,15.685,2024-01-10T16:00:00Z,194966,15.776247
15.55,15.84,15.4,1023,15.84,2024-01-10T20:00:00Z,118745,15.524967
14.12,17.01,13.95,1992,16.4,2024-01-11T12:00:00Z,297844,15.564014
13.47,14.14,12.85,2708,14.115,2024-01-11T16:00:00Z,294892,13.412431
13.08,13.555,13.08,959,13.46,2024-01-11T20:00:00Z,117540,13.194817
12.2,12.755,11.82,1903,12.755,2024-01-12T12:00:00Z,266373,12.212459
11.79,12.345,11.79,2125,12.195,2024-01-12T16:00:00Z,417057,12.184465
11.73,11.945,11.72,1291,11.755,2024-01-12T20:00:00Z,149683,11.777909
11.66,11.84,10.93,998,11.53,2024-01-16T12:00:00Z,118011,11.45304
11.375,11.625,11.25,1132,11.625,2024-01-16T16:00:00Z,85459,11.399764
11.28,11.5,11.23,506,11.365,2024-01-16T20:00:00Z,47036,11.301931
10.875,11.13,10.73,857,10.99,2024-01-17T12:00:00Z,87735,10.937573
10.825,10.93,10.65,819,10.875,2024-01-17T16:00:00Z,81536,10.785483
10.86,10.91,10.72,540,10.805,2024-01-17T20:00:00Z,52845,10.813129
10.73,11.15,10.63,1309,10.88,2024-01-18T12:00:00Z,140354,10.865394
10.27,10.755,10.24,1818,10.7,2024-01-18T16:00:00Z,124512,10.438389
10.335,10.4,10.27,623,10.31,2024-01-18T20:00:00Z,39285,10.342185
9.96,10.385,9.845,857,10.38,2024-01-19T12:00:00Z,78477,10.008248
10.24,10.345,9.65,1717,9.945,2024-01-19T16:00:00Z,169678,10.014535
10.28,10.32,10.185,907,10.245,2024-01-19T20:00:00Z,90311,10.25017
10.63,11.05,9.84,1163,10.01,2024-01-22T12:00:00Z,202907,10.605252
10.35,10.695,10.23,1382,10.63,2024-01-22T16:00:00Z,128786,10.484349
10.61,10.67,10.34,717,10.34,2024-01-22T20:00:00Z,68375,10.593903
10.355,10.485,9.93,863,10.24,2024-01-23T12:00:00Z,86890,10.192295
10.41,10.59,10.27,762,10.375,2024-01-23T16:00:00Z,60130,10.447798
10.38,10.5,10.345,423,10.38,2024-01-23T20:00:00Z,40626,10.418976
10.52,10.915,10.28,1060,10.63,2024-01-24T12:00:00Z,99208,10.524341
10.16,10.58,10.0,1205,10.56,2024-01-24T16:00:00Z,91977,10.221312
10.06,10.18,10.05,454,10.15,2024-01-24T20:00:00Z,34087,10.110733
10.2,10.46,10.01,554,10.13,2024-01-25T12:00:00Z,64322,10.251117
10.58,10.605,10.12,1070,10.15,2024-01-25T16:00:00Z,90080,10.410059
10.65,10.65,10.525,542,10.6,2024-01-25T20:00:00Z,50125,10.597068
11.26,11.385,10.92,731,11.22,2024-01-26T12:00:00Z,83800,11.167126
11.32,11.545,11.24,955,11.29,2024-01-26T16:00:00Z,94782,11.378279
11.36,11.38,11.245,545,11.31,2024-01-26T20:00:00Z,60359,11.334473
11.97,11.98,11.26,661,11.35,2024-01-29T12:00:00Z,67076,11.579635
11.25,12.13,11.25,1203,12.03,2024-01-29T16:00:00Z,125199,11.63865
11.565,11.57,11.255,341,11.255,2024-01-29T20:00:00Z,35931,11.5015
11.36,11.71,11.34,438,11.515,2024-01-30T12:00:00Z,35979,11.551701
11.375,11.42,11.2,654,11.37,2024-01-30T16:00:00Z,42612,11.320179
11.345,11.44,11.32,330,11.35,2024-01-30T20:00:00Z,23141,11.377244
11.22,11.32,10.9,382,11.035,2024-01-31T12:00:00Z,33081,11.161609
11.31,11.59,11.07,720,11.26,2024-01-31T16:00:00Z,72267,11.364137
10.895,11.35,10.89,496,11.35,2024-01-31T20:00:00Z,46790,11.026242
10.6,11.13,10.58,538,10.88,2024-02-01T12:00:00Z,48350,10.885079
11.36,11.435,10.565,1213,10.58,2024-02-01T16:00:00Z,82844,11.135116
11.31,11.37,11.225,370,11.37,2024-02-01T20:00:00Z,32617,11.296854
11.27,11.4,10.94,665,11.02,2024-02-02T12:00:00Z,80194,11.192879
11.25,11.39,11.03,804,11.345,2024-02-02T16:00:00Z,90407,11.17622
11.215,11.29,11.2,403,11.27,2024-02-02T20:00:00Z,57235,11.235697
10.5,11.24,10.4,729,11.17,2024-02-05T12:00:00Z,78886,10.665273
10.64,10.73,10.505,637,10.545,2024-02-05T16:00:00Z,59302,10.629326
10.34,10.63,10.34,359,10.63,2024-02-05T20:00:00Z,37411,10.383744
10.6,10.765,10.27,427,10.39,2024-02-06T12:00:00Z,37850,10.594402
10.74,10.83,10.46,558,10.585,2024-02-06T16:00:00Z,56437,10.642959
10.82,10.825,10.75,204,10.785,2024-02-06T20:00:00Z,22580,10.797214
10.585,10.88,10.45,563,10.725,2024-02-07T12:00:00Z,69318,10.687732
11.175,11.21,10.58,747,10.605,2024-02-07T16:00:00Z,70715,10.946987
11.315,11.395,11.19,364,11.19,2024-02-07T20:00:00Z,36598,11.311902
12.54,12.55,11.74,1210,11.83,2024-02-08T12:00:00Z,102721,12.156785
12.8,12.97,12.24,1182,12.555,2024-02-08T16:00:00Z,161866,12.633477
13.06,13.065,12.77,741,12.83,2024-02-08T20:00:00Z,86520,12.975049
13.93,14.145,13.58,1428,13.99,2024-02-09T12:00:00Z,146667,13.842575
14.39,14.77,13.775,1738,13.96,2024-02-09T16:00:00Z,152853,14.350515
14.55,14.61,14.38,829,14.435,2024-02-09T20:00:00Z,70535,14.516124
16.125,16.265,14.6,1288,14.6,2024-02-12T12:00:00Z,132232,15.78816
15.6,16.335,15.585,2702,16.13,2024-02-12T16:00:00Z,319849,15.911265
15.93,15.96,15.67,934,15.68,2024-02-12T20:00:00Z,109829,15.91008
15.13,15.49,14.1,594,14.48,2024-02-13T12:00:00Z,49334,15.048347
15.335,15.835,14.93,838,15.175,2024-02-13T16:00:00Z,52035,15.401403
15.44,15.44,15.015,756,15.345,2024-02-13T20:00:00Z,93822,15.195409
16.925,17.265,16.59,801,16.995,2024-02-14T12:00:00Z,88049,16.949408
17.38,17.39,16.715,1029,16.92,2024-02-14T16:00:00Z,80990,17.023305
17.62,17.62,17.365,749,17.405,2024-02-14T20:00:00Z,71769,17.534452
16.83,18.22,16.58,1841,17.9,2024-02-15T12:00:00Z,213380,17.47458
16.5,17.16,16.14,1974,16.84,2024-02-15T16:00:00Z,158654,16.648726
16.535,16.555,16.22,676,16.42,2024-02-15T20:00:00Z,58354,16.44839
16.81,17.05,15.94,996,16.67,2024-02-16T12:00:00Z,100234,16.462817
16.735,17.05,16.43,1298,16.75,2024-02-16T16:00:00Z,117570,16.753405
16.49,16.79,16.435,453,16.74,2024-02-16T20:00:00Z,46157,16.565147
15.71,16.66,15.49,1014,16.53,2024-02-20T12:00:00Z,91881,15.962607
15.94,16.005,15.19,1270,15.73,2024-02-20T16:00:00Z,83625,15.651568
16.05,16.06,15.88,501,15.93,2024-02-20T20:00:00Z,38041,15.983073
15.55,15.73,15.12,590,15.185,2024-02-21T12:00:00Z,50505,15.444407
15.5,15.84,15.455,854,15.52,2024-02-21T16:00:00Z,70411,15.617552
15.11,15.49,15.075,658,15.49,2024-02-21T20:00:00Z,69295,15.198957
15.61,15.81,14.94,885,15.15,2024-02-22T12:00:00Z,72339,15.550307
15.63,15.87,15.575,1177,15.64,2024-02-22T16:00:00Z,64284,15.719379
15.715,15.83,15.54,447,15.625,2024-02-22T20:00:00Z,34734,15.71041
14.7,15.22,14.55,911,15.15,2024-02-23T12:00:00Z,89449,14.804982
15.09,15.23,14.34,734,14.7,2024-02-23T16:00:00Z,67782,14.90074
14.84,15.12,14.7,392,15.12,2024-02-23T20:00:00Z,34491,14.815556
16.64,16.72,14.93,1660,14.93,2024-02-26T12:00:00Z,135795,16.237139
17.24,17.38,16.545,2140,16.65,2024-02-26T16:00:00Z,167625,17.009863
17.36,17.445,16.96,1203,17.24,2024-02-26T20:00:00Z,107696,17.259341
16.85,18.35,16.75,1531,18.09,2024-02-27T12:00:00Z,201930,17.632838
16.91,16.99,16.24,1969,16.85,2024-02-27T16:00:00Z,184809,16.639431
16.81,16.94,16.72,671,16.87,2024-02-27T20:00:00Z,84553,16.863369
16.32,17.58,16.14,1268,17.42,2024-02-28T12:00:00Z,151844,16.881419
15.81,17.07,15.275,2913,16.37,2024-02-28T16:00:00Z,482672,15.981807
15.66,15.84,15.43,1287,15.79,2024-02-28T20:00:00Z,177018,15.607589
14.12,15.81,13.94,1461,15.71,2024-02-29T12:00:00Z,170605,14.437958
13.835,14.25,13.715,1315,14.11,2024-02-29T16:00:00Z,114295,13.926549
14.11,14.195,13.83,758,13.83,2024-02-29T20:00:00Z,64703,14.080182
13.845,14.255,13.48,989,14.205,2024-03-01T12:00:00Z,94451,13.891404
14.365,14.46,13.88,1242,13.885,2024-03-01T16:00:00Z,131723,14.212047
14.43,14.44,14.225,621,14.36,2024-03-01T20:00:00Z,85844,14.370141
14.14,14.96,14.075,856,14.865,2024-03-04T12:00:00Z,139707,14.4671
13.6,14.245,13.13,1416,14.22,2024-03-04T16:00:00Z,158421,13.536741
13.47,13.785,13.44,489,13.65,2024-03-04T20:00:00Z,49245,13.556391
12.25,13.53,12.21,1225,13.03,2024-03-05T12:00:00Z,148530,12.804232
12.115,12.58,11.95,1020,12.3,2024-03-05T16:00:00Z,125381,12.218429
12.245,12.35,12.13,526,12.13,2024-03-05T20:00:00Z,69319,12.231356
12.42,12.91,11.995,970,12.82,2024-03-06T12:00:00Z,92108,12.492022
12.31,12.72,12.26,1818,12.42,2024-03-06T16:00:00Z,139426,12.452604
12.12,12.405,12.075,613,12.315,2024-03-06T20:00:00Z,61304,12.175541
11.97,12.34,11.76,1143,12.0,2024-03-07T12:00:00Z,97152,12.020411
11.97,12.17,11.86,1589,11.98,2024-03-07T16:00:00Z,150978,12.046634
11.97,11.985,11.885,702,11.97,2024-03-07T20:00:00Z,86094,11.935069
12.36,13.18,12.03,1715,12.06,2024-03-08T12:00:00Z,132377,12.69869
12.53,12.53,12.05,2108,12.4,2024-03-08T16:00:00Z,159604,12.252668
12.35,12.55,12.325,633,12.525,2024-03-08T20:00:00Z,103384,12.419522
11.98,12.87,11.92,2490,12.85,2024-03-11T12:00:00Z,257472,12.334034
11.78,12.23,11.73,1467,11.985,2024-03-11T16:00:00Z,135594,11.932964
11.615,11.905,11.3,1520,11.835,2024-03-12T12:00:00Z,132401,11.632892
11.61,11.725,11.33,1418,11.64,2024-03-12T16:00:00Z,118736,11.569991
11.92,12.19,11.74,1417,11.74,2024-03-13T12:00:00Z,129445,11.918503
11.73,12.0,11.66,1192,11.92,2024-03-13T16:00:00Z,135183,11.832313
10.78,11.53,10.74,1301,11.46,2024-03-14T12:00:00Z,103549,10.984845
10.935,10.94,10.6,1535,10.78,2024-03-14T16:00:00Z,132309,10.805369
11.245,11.295,10.665,782,10.665,2024-03-15T12:00:00Z,114718,11.084417
11.63,11.83,11.05,1963,11.275,2024-03-15T16:00:00Z,315105,11.478847
11.71,11.71,11.085,1370,11.405,2024-03-18T12:00:00Z,111594,11.403706
11.43,11.84,11.24,1481,11.73,2024-03-18T16:00:00Z,145606,11.516498
10.955,11.02,10.5,1120,10.95,2024-03-19T12:00:00Z,100542,10.728244
11.08,11.275,10.945,1333,10.945,2024-03-19T16:00:00Z,126681,11.126563
11.81,11.95,11.2,946,11.56,2024-03-20T12:00:00Z,100285,11.665693
12.405,12.42,11.6,1469,11.78,2024-03-20T16:00:00Z,204182,12.058898
12.245,12.61,12.14,1044,12.33,2024-03-21T12:00:00Z,108680,12.376071
11.98,12.39,11.94,1606,12.195,2024-03-21T16:00:00Z,153455,12.100596
11.58,11.79,11.33,700,11.69,2024-03-22T12:00:00Z,74522,11.493115
11.41,11.68,11.375,609,11.56,2024-03-22T16:00:00Z,53163,11.518501
12.2,12.34,11.52,1201,11.52,2024-03-25T12:00:00Z,107242,12.101116
12.425,12.55,12.025,1995,12.17,2024-03-25T16:00:00Z,181218,12.38183
12.465,12.57,11.95,955,12.425,2024-03-26T12:00:00Z,101785,12.240301
12.04,12.54,12.03,921,12.485,2024-03-26T16:00:00Z,89376,12.217759
12.02,12.475,11.72,1345,12.37,2024-03-27T12:00:00Z,130704,12.04363
12.24,12.35,11.99,1050,12.0,2024-03-27T16:00:00Z,104737,12.204002
12.7,13.12,12.37,1458,12.42,2024-03-28T12:00:00Z,176196,12.79878
12.225,12.725,12.155,909,12.71,2024-03-28T16:00:00Z,94402,12.328542
11.53,12.27,11.41,1385,11.99,2024-04-01T12:00:00Z,115633,11.835804
11.46,11.645,11.35,1232,11.5,2024-04-01T16:00:00Z,118637,11.483807
10.67,11.04,10.5,990,11.04,2024-04-02T12:00:00Z,100964,10.746377
10.615,10.73,10.52,1296,10.665,2024-04-02T16:00:00Z,116137,10.619127
10.45,10.72,10.42,1278,10.575,2024-04-03T12:00:00Z,111754,10.5808
10.31,10.59,10.26,1253,10.46,2024-04-03T16:00:00Z,126621,10.415953
10.5,10.81,10.34,1390,10.59,2024-04-04T12:00:00Z,142626,10.593762
10.2,10.59,10.11,1729,10.5,2024-04-04T16:00:00Z,167192,10.3529
10.325,10.44,9.9,1090,10.0,2024-04-05T12:00:00Z,161914,10.293073
10.19,10.445,10.17,1198,10.315,2024-04-05T16:00:00Z,176786,10.278993
10.15,10.75,9.875,1369,10.625,2024-04-08T12:00:00Z,139385,10.164885
10.05,10.295,9.975,1213,10.15,2024-04-08T16:00:00Z,128854,10.113744
10.025,10.225,9.81,1046,9.85,2024-04-09T12:00:00Z,93326,10.017017
9.995,10.095,9.92,1063,10.03,2024-04-09T16:00:00Z,141368,9.999953
9.87,10.11,9.61,1068,9.71,2024-04-10T12:00:00Z,130012,9.948688
9.87,9.995,9.73,1342,9.86,2024-04-10T16:00:00Z,153793,9.851188
9.815,9.915,9.68,578,9.77,2024-04-11T12:00:00Z,65713,9.801726
9.74,9.84,9.65,711,9.815,2024-04-11T16:00:00Z,86488,9.75814
9.31,9.66,9.26,724,9.615,2024-04-12T12:00:00Z,82291,9.404721
9.09,9.37,8.98,1667,9.31,2024-04-12T16:00:00Z,205543,9.111429
8.86,9.185,8.75,951,8.995,2024-04-15T12:00:00Z,93755,8.902044
8.565,8.895,8.5,1243,8.875,2024-04-15T16:00:00Z,130943,8.614965
7.975,8.39,7.965,1237,8.345,2024-04-16T12:00:00Z,162654,8.080841
8.065,8.25,7.895,1450,7.955,2024-04-16T16:00:00Z,124081,8.060423
8.11,8.36,7.98,1856,8.17,2024-04-17T12:00:00Z,157673,8.092055
7.96,8.23,7.95,2513,8.08,2024-04-17T16:00:00Z,330106,8.052588
8.34,8.42,7.81,1232,7.86,2024-04-18T12:00:00Z,134767,8.182798
8.3,8.39,8.185,1395,8.36,2024-04-18T16:00:00Z,195250,8.285063
8.965,9.04,8.485,1486,8.555,2024-04-19T12:00:00Z,149856,8.737674
9.125,9.145,8.8,1985,8.97,2024-04-19T16:00:00Z,266968,9.044803
10.21,10.32,9.59,1635,9.76,2024-04-22T12:00:00Z,231345,10.013914
11.26,11.26,10.21,1952,10.24,2024-04-22T16:00:00Z,232609,10.983662
11.6,12.13,11.045,1962,11.115,2024-04-23T12:00:00Z,269939,11.746896
11.845,12.16,11.6,1187,11.61,2024-04-23T16:00:00Z,106056,11.878816
12.015,12.65,11.725,2498,11.725,2024-04-24T12:00:00Z,322780,12.220956
11.875,12.35,11.765,1464,12.01,2024-04-24T16:00:00Z,157422,12.026818
11.63,11.75,10.89,1260,11.6,2024-04-25T12:00:00Z,235039,11.425721
12.1,12.125,11.6,1388,11.615,2024-04-25T16:00:00Z,214337,11.797048
12.035,12.42,11.87,1137,11.88,2024-04-26T12:00:00Z,109664,12.138316
11.925,12.25,11.82,1212,12.03,2024-04-26T16:00:00Z,95511,12.006009
11.605,11.605,10.99,831,11.31,2024-04-29T12:00:00Z,95127,11.261467
11.075,11.62,10.98,881,11.62,2024-04-29T16:00:00Z,79162,11.282319
10.45,10.85,10.4,1085,10.65,2024-04-30T12:00:00Z,130342,10.589548
10.105,10.475,10.0,1628,10.43,2024-04-30T16:00:00Z,213345,10.1557
9.675,10.18,9.66,1018,9.73,2024-05-01T12:00:00Z,145426,9.866579
9.8,10.6,9.66,1800,9.68,2024-05-01T16:00:00Z,226490,10.013281
10.12,10.43,9.81,1393,10.185,2024-05-02T12:00:00Z,170253,10.055742
10.29,10.29,9.93,1337,10.11,2024-05-02T16:00:00Z,146438,10.13987
10.43,11.08,10.365,907,10.61,2024-05-03T12:00:00Z,102531,10.719738
10.4,10.5,10.29,834,10.42,2024-05-03T16:00:00Z,85699,10.421017
11.145,11.155,10.59,1400,10.61,2024-05-06T12:00:00Z,190649,10.919833
10.77,11.14,10.65,1935,11.09,2024-05-06T16:00:00Z,204357,10.751551
10.425,10.62,10.32,980,10.595,2024-05-07T12:00:00Z,83637,10.424395
10.175,10.455,10.02,1243,10.425,2024-05-07T16:00:00Z,152176,10.154968
10.13,10.21,9.78,824,9.985,2024-05-08T12:00:00Z,93087,10.017678
10.36,10.36,10.075,1112,10.12,2024-05-08T16:00:00Z,99582,10.272441
10.385,10.44,10.1,462,10.24,2024-05-09T12:00:00Z,45248,10.248716
10.275,10.455,10.225,493,10.38,2024-05-09T16:00:00Z,43659,10.3013
9.59,10.35,9.59,817,10.345,2024-05-10T12:00:00Z,99250,9.90052
9.205,9.585,9.205,1075,9.585,2024-05-10T16:00:00Z,120262,9.305625
9.69,9.75,9.445,401,9.465,2024-05-13T12:00:00Z,62459,9.631982
9.51,9.725,9.445,363,9.695,2024-05-13T16:00:00Z,64521,9.555737
9.83,9.845,9.28,682,9.28,2024-05-14T12:00:00Z,72147,9.590587
9.775,9.845,9.68,670,9.81,2024-05-14T16:00:00Z,94479,9.781567
9.995,10.26,9.765,684,10.17,2024-05-15T12:00:00Z,92309,9.974367
10.38,10.395,9.93,750,9.995,2024-05-15T16:00:00Z,103596,10.156127
10.24,10.36,9.94,562,10.215,2024-05-16T12:00:00Z,49677,10.149351
10.0,10.19,9.96,532,10.185,2024-05-16T16:00:00Z,55203,10.026682
10.495,10.6,9.97,450,10.285,2024-05-17T12:00:00Z,46189,10.338357
10.05,10.54,10.03,493,10.51,2024-05-17T16:00:00Z,54510,10.176524
10.54,10.54,9.905,1114,10.12,2024-05-20T12:00:00Z,115280,10.134242
10.97,11.025,10.475,1317,10.53,2024-05-20T16:00:00Z,163384,10.763675
10.92,10.92,10.92,1,10.92,2024-05-20T20:00:00Z,100,10.92
10.75,11.28,10.735,606,11.03,2024-05-21T12:00:00Z,63914,11.039472
10.6,10.91,10.53,467,10.73,2024-05-21T16:00:00Z,45002,10.655332
11.17,11.19,10.57,521,10.62,2024-05-22T12:00:00Z,56630,10.918089
10.79,11.34,10.55,666,11.175,2024-05-22T16:00:00Z,59040,10.874559
10.27,10.925,10.12,581,10.925,2024-05-23T12:00:00Z,60545,10.287057
9.97,10.345,9.94,581,10.25,2024-05-23T16:00:00Z,48050,10.070456
10.41,10.53,9.98,506,10.07,2024-05-24T12:00:00Z,52521,10.21617
10.38,10.615,10.35,650,10.43,2024-05-24T16:00:00Z,68146,10.404281
10.86,10.88,10.23,686,10.47,2024-05-28T12:00:00Z,77809,10.536863
10.34,10.87,10.21,920,10.87,2024-05-28T16:00:00Z,92292,10.418277
10.14,10.42,10.13,734,10.265,2024-05-29T12:00:00Z,62733,10.243693
10.005,10.175,9.99,653,10.085,2024-05-29T16:00:00Z,71484,10.06209
10.045,10.46,9.985,486,10.135,2024-05-30T12:00:00Z,44568,10.191318
10.05,10.65,9.97,1015,10.045,2024-05-30T16:00:00Z,113087,10.293486
9.7,10.285,9.69,580,10.21,2024-05-31T12:00:00Z,60195,9.880464
9.74,9.8,9.54,568,9.715,2024-05-31T16:00:00Z,55133,9.664361
9.865,10.22,9.8,1064,10.075,2024-06-03T12:00:00Z,130398,10.013249
9.64,9.85,9.565,496,9.85,2024-06-03T16:00:00Z,59034,9.641283
9.92,9.99,9.53,791,9.76,2024-06-04T12:00:00Z,104948,9.73658
9.665,10.16,9.64,1080,9.94,2024-06-04T16:00:00Z,88859,9.881822
9.05,9.81,8.815,2024,9.79,2024-06-05T12:00:00Z,220180,9.062082
9.67,9.675,9.01,1247,9.03,2024-06-05T16:00:00Z,184189,9.426032
10.25,10.35,9.47,1934,9.515,2024-06-06T12:00:00Z,317411,9.862311
10.15,10.385,9.95,2200,10.225,2024-06-06T16:00:00Z,311214,10.184348
10.24,10.51,10.17,604,10.19,2024-06-07T12:00:00Z,71322,10.309571
9.71,10.33,9.71,999,10.235,2024-06-07T16:00:00Z,101989,9.875534
9.865,9.94,9.47,500,9.63,2024-06-10T12:00:00Z,41033,9.763655
9.89,9.995,9.8,626,9.87,2024-06-10T16:00:00Z,64064,9.915896
9.27,9.63,9.05,740,9.625,2024-06-11T12:00:00Z,60620,9.254328
9.985,10.02,9.305,1214,9.305,2024-06-11T16:00:00Z,96119,9.847008
10.76,10.8,10.21,965,10.36,2024-06-12T12:00:00Z,101154,10.488249
10.635,10.985,10.615,1281,10.79,2024-06-12T16:00:00Z,129339,10.758655
10.54,11.205,10.5,481,10.705,2024-06-13T12:00:00Z,52046,10.847062
10.985,11.015,10.505,805,10.56,2024-06-13T16:00:00Z,72821,10.830036
10.55,11.0,10.515,850,10.945,2024-06-14T12:00:00Z,106646,10.773041
10.53,10.58,10.275,1118,10.55,2024-06-14T16:00:00Z,121955,10.459204
10.425,10.555,10.185,811,10.415,2024-06-17T12:00:00Z,78265,10.365764
10.885,11.015,10.42,1139,10.42,2024-06-17T16:00:00Z,111889,10.789477
10.7,10.83,10.41,465,10.45,2024-06-18T12:00:00Z,47953,10.629157
10.67,10.82,10.615,720,10.69,2024-06-18T16:00:00Z,92145,10.692648
10.845,11.13,10.58,832,10.94,2024-06-20T12:00:00Z,78665,10.906534
10.42,10.85,10.34,1716,10.85,2024-06-20T16:00:00Z,165934,10.519705
9.76,10.1,9.68,759,10.1,2024-06-21T12:00:00Z,89433,9.918305
9.53,9.78,9.465,2049,9.765,2024-06-21T16:00:00Z,211845,9.603754
9.395,9.59,9.15,1201,9.17,2024-06-24T12:00:00Z,130869,9.440018
9.21,9.41,8.965,1323,9.4,2024-06-24T16:00:00Z,140877,9.182849
9.5,9.59,9.23,1156,9.31,2024-06-25T12:00:00Z,128333,9.393876
9.2,9.51,9.15,1745,9.49,2024-06-25T16:00:00Z,188669,9.249446
9.325,9.505,9.1,1159,9.1,2024-06-26T12:00:00Z,152491,9.363663
9.04,9.355,9.015,1580,9.3,2024-06-26T16:00:00Z,128042,9.136784
9.06,9.375,9.03,853,9.205,2024-06-27T12:00:00Z,95476,9.214363
9.12,9.21,9.06,1129,9.06,2024-06-27T16:00:00Z,118495,9.13116
9.06,9.195,8.96,1075,9.17,2024-06-28T12:00:00Z,123138,9.07983
9.12,9.195,8.99,2002,9.07,2024-06-28T16:00:00Z,246435,9.115771
9.68,9.76,9.375,1233,9.38,2024-07-01T12:00:00Z,145062,9.620689
9.94,10.035,9.525,1319,9.695,2024-07-01T16:00:00Z,157706,9.857332
9.82,9.975,9.77,535,9.89,2024-07-02T12:00:00Z,53321,9.870665
9.71,9.945,9.685,460,9.79,2024-07-02T16:00:00Z,46990,9.797391
9.465,9.695,9.36,604,9.47,2024-07-03T12:00:00Z,47628,9.513727
9.55,9.59,9.45,484,9.46,2024-07-03T16:00:00Z,40781,9.536579
9.52,9.535,9.06,766,9.11,2024-07-05T12:00:00Z,97297,9.264823
9.625,9.64,9.47,932,9.54,2024-07-05T16:00:00Z,97041,9.571606
9.44,10.05,9.435,719,9.76,2024-07-08T12:00:00Z,97421,9.716644
9.4,9.485,9.305,681,9.43,2024-07-08T16:00:00Z,50400,9.401175
9.24,9.47,9.11,551,9.465,2024-07-09T12:00:00Z,55298,9.268786
9.145,9.3,8.92,654,9.24,2024-07-09T16:00:00Z,73302,9.092064
9.26,9.33,9.12,475,9.215,2024-07-10T12:00:00Z,78934,9.206459
9.15,9.285,9.03,474,9.26,2024-07-10T16:00:00Z,57710,9.140564
9.285,9.69,9.25,976,9.49,2024-07-11T12:00:00Z,118558,9.531006
9.3,9.445,9.25,748,9.29,2024-07-11T16:00:00Z,110640,9.355386
9.645,9.71,9.39,536,9.435,2024-07-12T12:00:00Z,59818,9.571696
9.805,9.92,9.64,1481,9.645,2024-07-12T16:00:00Z,175540,9.821114
10.67,10.67,10.255,866,10.35,2024-07-15T12:00:00Z,123006,10.41218
11.49,11.67,10.66,1954,10.68,2024-07-15T16:00:00Z,233046,11.350548
11.885,11.93,11.255,1465,11.44,2024-07-16T12:00:00Z,184448,11.577877
12.695,12.865,11.73,2093,11.895,2024-07-16T16:00:00Z,282662,12.428778
12.075,13.08,11.98,2071,12.36,2024-07-17T12:00:00Z,283344,12.553034
12.41,12.51,11.775,2012,12.09,2024-07-17T16:00:00Z,286910,12.239648
11.44,12.82,11.35,1290,12.73,2024-07-18T12:00:00Z,192855,11.791855
10.935,11.61,10.87,1052,11.435,2024-07-18T16:00:00Z,157515,11.098005
11.56,11.565,10.9,545,10.95,2024-07-19T12:00:00Z,72451,11.413221
12.03,12.1,11.61,1201,11.61,2024-07-19T16:00:00Z,96896,11.948037
11.865,12.42,11.61,1316,12.265,2024-07-22T12:00:00Z,138154,11.899463
12.24,12.365,11.835,1308,11.88,2024-07-22T16:00:00Z,133859,12.23588
11.92,12.44,11.7,577,12.015,2024-07-23T12:00:00Z,52986,12.046044
11.57,11.97,11.47,742,11.905,2024-07-23T16:00:00Z,75084,11.631794
11.365,12.08,11.335,807,11.84,2024-07-24T12:00:00Z,86303,11.720973
11.33,11.93,11.2,1791,11.37,2024-07-24T16:00:00Z,234479,11.461161
11.08,11.255,10.65,1149,10.945,2024-07-25T12:00:00Z,128621,10.904881
10.74,11.245,10.73,1820,11.085,2024-07-25T16:00:00Z,189859,10.92448
11.32,11.73,11.03,1324,11.4,2024-07-26T12:00:00Z,198529,11.271702
11.2,11.36,10.99,1363,11.315,2024-07-26T16:00:00Z,208505,11.131798
10.965,11.91,10.86,1458,11.65,2024-07-29T12:00:00Z,138444,11.20057
10.625,10.96,10.585,1334,10.96,2024-07-29T16:00:00Z,123009,10.692259
10.37,10.75,10.285,575,10.67,2024-07-30T12:00:00Z,57468,10.507912
10.37,10.515,10.32,748,10.405,2024-07-30T16:00:00Z,78198,10.395791
10.545,10.69,10.495,692,10.6,2024-07-31T12:00:00Z,57893,10.591747
10.21,10.82,10.16,1589,10.555,2024-07-31T16:00:00Z,178318,10.403507
9.965,10.26,9.745,1342,10.02,2024-08-01T12:00:00Z,171112,9.972266
9.34,10.07,9.305,1576,9.95,2024-08-01T16:00:00Z,197223,9.504006
8.865,9.445,8.72,2295,9.24,2024-08-02T12:00:00Z,285343,9.102615
8.58,8.91,8.45,1625,8.9,2024-08-02T16:00:00Z,178438,8.610745
8.24,8.41,7.27,1666,7.29,2024-08-05T12:00:00Z,158093,8.025399
8.305,8.5,8.19,1489,8.26,2024-08-05T16:00:00Z,180316,8.299224
8.305,8.485,8.05,1103,8.47,2024-08-06T12:00:00Z,91727,8.277458
8.42,8.615,8.295,1107,8.295,2024-08-06T16:00:00Z,106275,8.455601
8.09,8.6,8.025,1317,8.6,2024-08-07T12:00:00Z,114075,8.232804
7.64,8.11,7.61,1670,8.105,2024-08-07T16:00:00Z,171093,7.820733
8.23,8.25,7.78,1246,7.94,2024-08-08T12:00:00Z,126562,8.063659
8.3,8.455,8.13,1240,8.23,2024-08-08T16:00:00Z,159293,8.311632
8.06,8.34,8.05,1200,8.27,2024-08-09T12:00:00Z,94836,8.180404
8.065,8.24,8.03,1311,8.06,2024-08-09T16:00:00Z,131474,8.110505
7.76,7.98,7.52,1620,7.84,2024-08-12T12:00:00Z,154705,7.748917
7.62,7.8,7.585,1037,7.775,2024-08-12T16:00:00Z,120028,7.660032
7.71,7.79,7.53,665,7.63,2024-08-13T12:00:00Z,78984,7.672518
7.85,7.995,7.675,1059,7.69,2024-08-13T16:00:00Z,142345,7.848173
7.73,7.96,7.65,1022,7.93,2024-08-14T12:00:00Z,67609,7.748143
7.65,7.72,7.57,932,7.72,2024-08-14T16:00:00Z,112031,7.648781
7.93,8.045,7.72,602,7.74,2024-08-15T12:00:00Z,63694,7.91913
7.67,8.02,7.65,858,7.92,2024-08-15T16:00:00Z,113547,7.787049
7.76,8.02,7.7,660,7.73,2024-08-16T12:00:00Z,74923,7.846641
8.0,8.135,7.73,1165,7.76,2024-08-16T16:00:00Z,215040,7.947716
7.88,8.17,7.81,1055,8.01,2024-08-19T12:00:00Z,141254,7.91206
8.05,8.05,7.84,785,7.86,2024-08-19T16:00:00Z,93467,7.990053
8.07,8.3,7.92,947,8.22,2024-08-20T12:00:00Z,101041,8.08702
8.05,8.125,7.87,723,8.04,2024-08-20T16:00:00Z,84846,8.011376
8.21,8.305,7.97,1085,8.11,2024-08-21T12:00:00Z,184486,8.166189
8.35,8.375,8.08,1090,8.205,2024-08-21T16:00:00Z,182293,8.258451
8.14,8.38,8.09,807,8.375,2024-08-22T12:00:00Z,105695,8.23236
8.06,8.24,8.02,827,8.13,2024-08-22T16:00:00Z,149028,8.112489
8.19,8.34,7.985,1012,8.12,2024-08-23T12:00:00Z,145522,8.206094
8.5,8.515,8.13,1563,8.185,2024-08-23T16:00:00Z,251102,8.370385
8.47,8.51,8.22,1210,8.51,2024-08-26T12:00:00Z,149838,8.347011
8.35,8.54,8.32,863,8.44,2024-08-26T16:00:00Z,153143,8.412836
7.865,8.275,7.805,954,8.21,2024-08-27T12:00:00Z,102260,7.945303
7.9,7.94,7.815,754,7.86,2024-08-27T16:00:00Z,120607,7.882328
7.69,7.87,7.57,860,7.81,2024-08-28T12:00:00Z,87314,7.711067
7.64,7.7,7.54,888,7.67,2024-08-28T16:00:00Z,107621,7.626222
7.93,8.02,7.73,1092,7.84,2024-08-29T12:00:00Z,125221,7.90092
7.68,7.98,7.62,1002,7.92,2024-08-29T16:00:00Z,158744,7.742261
7.59,7.76,7.56,832,7.7,2024-08-30T12:00:00Z,133218,7.639315
7.52,7.66,7.52,1161,7.59,2024-08-30T16:00:00Z,262911,7.57346
6.9,7.43,6.89,996,7.425,2024-09-03T12:00:00Z,167281,7.023573
6.775,6.92,6.71,1169,6.915,2024-09-03T16:00:00Z,202019,6.807313
6.98,7.05,6.64,553,6.675,2024-09-04T12:00:00Z,64280,6.897194
6.845,7.04,6.795,636,6.955,2024-09-04T16:00:00Z,88337,6.875604
6.66,6.93,6.63,1020,6.78,2024-09-05T12:00:00Z,139744,6.75667
6.7,6.79,6.65,819,6.675,2024-09-05T16:00:00Z,139753,6.70593
6.48,6.78,6.48,1113,6.78,2024-09-06T12:00:00Z,185222,6.56421
6.39,6.5,6.36,1069,6.48,2024-09-06T16:00:00Z,204183,6.425417
6.565,6.58,6.39,882,6.58,2024-09-09T12:00:00Z,116304,6.493789
6.82,6.845,6.56,991,6.57,2024-09-09T16:00:00Z,198905,6.736083
6.75,6.88,6.61,916,6.77,2024-09-10T12:00:00Z,87776,6.764362
7.24,7.28,6.74,907,6.75,2024-09-10T16:00:00Z,164212,7.0969
6.95,7.05,6.7,1134,6.97,2024-09-11T12:00:00Z,164095,6.827723
7.11,7.18,6.98,924,6.98,2024-09-11T16:00:00Z,143389,7.099766
7.07,7.16,6.98,743,7.11,2024-09-12T12:00:00Z,84672,7.062433
7.04,7.125,6.985,922,7.07,2024-09-12T16:00:00Z,119016,7.064067
7.27,7.295,6.95,807,7.095,2024-09-13T12:00:00Z,103228,7.130537
7.195,7.29,7.08,715,7.275,2024-09-13T16:00:00Z,110831,7.182872
7.05,7.075,6.84,787,6.97,2024-09-16T12:00:00Z,78180,6.991124
6.95,7.09,6.92,820,7.06,2024-09-16T16:00:00Z,117163,6.984263
7.15,7.275,7.01,749,7.12,2024-09-17T12:00:00Z,79872,7.123427
7.1,7.18,6.98,861,7.15,2024-09-17T16:00:00Z,142333,7.083115
7.09,7.195,7.02,832,7.09,2024-09-18T12:00:00Z,120507,7.106314
7.18,7.555,7.05,2465,7.08,2024-09-18T16:00:00Z,440720,7.213372
7.26,7.62,7.17,2548,7.6,2024-09-19T12:00:00Z,594691,7.278162
7.215,7.38,7.18,2535,7.255,2024-09-19T16:00:00Z,684230,7.278074
7.135,7.245,6.945,2073,7.2,2024-09-20T12:00:00Z,406823,7.092991
7.18,7.25,7.03,2481,7.14,2024-09-20T16:00:00Z,544519,7.138626
7.31,7.39,7.12,2810,7.175,2024-09-23T12:00:00Z,507764,7.289131
7.32,7.385,7.115,3459,7.315,2024-09-23T16:00:00Z,806805,7.283632
7.18,7.42,7.16,1172,7.36,2024-09-24T12:00:00Z,168695,7.243925
7.53,7.54,7.18,2169,7.18,2024-09-24T16:00:00Z,383465,7.412153
7.545,7.725,7.475,2229,7.525,2024-09-25T12:00:00Z,424661,7.611385
7.44,7.59,7.4,1523,7.545,2024-09-25T16:00:00Z,349771,7.471568
7.875,7.875,7.53,3450,7.67,2024-09-26T12:00:00Z,623543,7.72292
7.78,8.045,7.75,2098,7.885,2024-09-26T16:00:00Z,387076,7.857343
7.785,8.01,7.705,1310,7.99,2024-09-27T12:00:00Z,185885,7.869297
7.84,7.91,7.7,1679,7.78,2024-09-27T16:00:00Z,253960,7.81018
7.495,7.615,7.42,791,7.57,2024-09-30T12:00:00Z,126566,7.503333
7.415,7.57,7.35,1152,7.485,2024-09-30T16:00:00Z,265428,7.43618
7.125,7.45,7.0,993,7.4,2024-10-01T12:00:00Z,164262,7.105124
7.08,7.17,6.98,816,7.14,2024-10-01T16:00:00Z,184215,7.05848
7.26,7.275,7.02,945,7.06,2024-10-02T12:00:00Z,138944,7.125684
7.26,7.36,7.205,1315,7.26,2024-10-02T16:00:00Z,277333,7.296415
7.27,7.36,7.17,775,7.19,2024-10-03T12:00:00Z,154538,7.259515
7.43,7.44,7.17,1282,7.27,2024-10-03T16:00:00Z,325313,7.354424
7.64,7.695,7.46,988,7.51,2024-10-04T12:00:00Z,185838,7.606334
7.855,7.855,7.64,1097,7.645,2024-10-04T16:00:00Z,221042,7.772863
8.21,8.51,7.99,2296,8.08,2024-10-07T12:00:00Z,444575,8.264487
8.18,8.35,7.9,3092,8.205,2024-10-07T16:00:00Z,642813,8.12888
8.12,8.215,7.875,1475,8.02,2024-10-08T12:00:00Z,196639,8.066517
8.16,8.22,7.955,1566,8.115,2024-10-08T16:00:00Z,315653,8.082477
8.13,8.2,7.93,1461,8.15,2024-10-09T12:00:00Z,208480,8.057197
7.83,8.14,7.76,1991,8.14,2024-10-09T16:00:00Z,467573,7.90672
7.82,7.96,7.61,1073,7.96,2024-10-10T12:00:00Z,168290,7.76508
7.73,7.86,7.62,1591,7.82,2024-10-10T16:00:00Z,311676,7.740737
8.13,8.2,7.78,1245,7.78,2024-10-11T12:00:00Z,213851,8.088869
8.4,8.435,8.09,2160,8.125,2024-10-11T16:00:00Z,419241,8.291754
8.8,8.91,8.44,2795,8.67,2024-10-14T12:00:00Z,373813,8.727689
8.73,8.83,8.52,2758,8.8,2024-10-14T16:00:00Z,500396,8.678483
8.82,9.125,8.59,2201,8.72,2024-10-15T12:00:00Z,292807,8.836791
8.775,9.02,8.675,2302,8.835,2024-10-15T16:00:00Z,431860,8.847721
9.035,9.12,8.785,1012,9.05,2024-10-16T12:00:00Z,120164,8.977746
9.09,9.09,8.89,1176,9.04,2024-10-16T16:00:00Z,186490,9.013525
9.15,9.21,8.77,1531,8.91,2024-10-17T12:00:00Z,225852,9.017006
9.21,9.45,9.085,2348,9.135,2024-10-17T16:00:00Z,409022,9.242054
9.805,9.85,9.38,1605,9.425,2024-10-18T12:00:00Z,202019,9.663626
9.86,9.95,9.61,1715,9.8,2024-10-18T16:00:00Z,246738,9.843418
9.67,9.75,9.39,1167,9.75,2024-10-21T12:00:00Z,121800,9.566886
9.74,9.745,9.475,1136,9.68,2024-10-21T16:00:00Z,174252,9.654022
9.695,9.75,9.31,1376,9.56,2024-10-22T12:00:00Z,154529,9.598402
9.93,9.96,9.59,1470,9.68,2024-10-22T16:00:00Z,293287,9.79869
9.745,9.87,9.56,1495,9.69,2024-10-23T12:00:00Z,170005,9.734686
9.78,9.79,9.4,2031,9.75,2024-10-23T16:00:00Z,348369,9.631014
10.01,10.44,9.98,2590,10.0,2024-10-24T12:00:00Z,393993,10.20952
10.19,10.21,9.88,2584,10.03,2024-10-24T16:00:00Z,441520,10.079008
10.01,10.27,9.82,1775,10.18,2024-10-25T12:00:00Z,187947,10.089669
9.645,10.115,9.62,1992,10.02,2024-10-25T16:00:00Z,252597,9.812742
10.14,10.315,10.0,1469,10.01,2024-10-28T12:00:00Z,176170,10.181442
10.56,10.7,10.1,3224,10.145,2024-10-28T16:00:00Z,552616,10.525887
11.095,11.185,10.73,3224,10.84,2024-10-29T12:00:00Z,374057,10.937456
10.88,11.18,10.78,3769,11.09,2024-10-29T16:00:00Z,626996,10.9915
10.805,10.905,10.43,2074,10.54,2024-10-30T12:00:00Z,228667,10.731121
10.49,10.785,10.43,2745,10.785,2024-10-30T16:00:00Z,431033,10.567089
9.38,10.22,9.33,2102,9.965,2024-10-31T12:00:00Z,293045,9.629774
9.235,9.425,9.1,2630,9.37,2024-10-31T16:00:00Z,319437,9.243135
9.56,9.965,9.36,3120,9.47,2024-11-01T12:00:00Z,419819,9.742195
9.44,9.72,9.25,2606,9.56,2024-11-01T16:00:00Z,514252,9.445802
9.05,9.175,8.72,2434,9.175,2024-11-04T12:00:00Z,442881,8.916911
9.12,9.185,8.9,3320,9.075,2024-11-04T16:00:00Z,477617,9.0605
8.97,9.115,8.91,1147,9.11,2024-11-04T20:00:00Z,264038,8.994866
9.53,9.56,9.21,982,9.22,2024-11-05T12:00:00Z,98051,9.420457
9.53,9.7,9.485,1404,9.53,2024-11-05T16:00:00Z,199118,9.622792
9.715,9.83,9.47,988,9.49,2024-11-05T20:00:00Z,152303,9.726075
11.2,11.26,10.61,2608,10.78,2024-11-06T12:00:00Z,321094,10.902821
12.01,12.055,11.16,4208,11.205,2024-11-06T16:00:00Z,569350,11.657707
12.245,12.29,11.94,2035,12.01,2024-11-06T20:00:00Z,333259,12.146723
12.375,12.385,11.75,2753,11.86,2024-11-07T12:00:00Z,413323,11.995007
12.55,12.565,12.14,3362,12.375,2024-11-07T16:00:00Z,550913,12.409869
12.39,12.635,12.33,1372,12.55,2024-11-07T20:00:00Z,230856,12.473884
12.315,12.53,12.18,960,12.34,2024-11-08T12:00:00Z,104920,12.334404
12.535,12.59,12.025,2063,12.305,2024-11-08T16:00:00Z,309340,12.350757
12.8,12.84,12.525,1260,12.53,2024-11-08T20:00:00Z,322404,12.758673
14.78,15.445,13.86,4863,14.22,2024-11-11T12:00:00Z,779268,14.918222
15.14,15.87,14.73,7465,14.77,2024-11-11T16:00:00Z,1153854,15.315461
14.98,15.22,14.84,3006,15.11,2024-11-11T20:00:00Z,574777,15.015963
14.03,14.37,13.49,2652,14.08,2024-11-12T12:00:00Z,380584,14.030299
14.32,14.7,13.77,2687,14.04,2024-11-12T16:00:00Z,327936,14.249448
14.44,14.555,14.315,1005,14.32,2024-11-12T20:00:00Z,187000,14.464565
13.75,14.82,13.48,1905,14.185,2024-11-13T12:00:00Z,264739,14.314934
12.72,13.975,12.65,2324,13.74,2024-11-13T16:00:00Z,361786,13.428223
12.675,12.8,12.49,924,12.685,2024-11-13T20:00:00Z,136007,12.682461
11.78,13.045,11.78,1363,12.865,2024-11-14T12:00:00Z,147957,12.269879
12.015,12.12,11.76,2024,11.775,2024-11-14T16:00:00Z,222065,11.966808
11.865,12.01,11.77,943,12.01,2024-11-14T20:00:00Z,160762,11.864039
11.73,12.17,11.46,908,12.13,2024-11-15T12:00:00Z,112287,11.657752
12.17,12.21,11.655,1692,11.715,2024-11-15T16:00:00Z,179127,11.903462
12.38,12.395,12.155,1244,12.165,2024-11-15T20:00:00Z,188046,12.292998
12.53,12.62,12.08,1047,12.24,2024-11-18T12:00:00Z,132388,12.399521
12.165,12.65,11.9,2584,12.535,2024-11-18T16:00:00Z,462218,12.281838
12.16,12.27,12.03,1513,12.185,2024-11-18T20:00:00Z,290595,12.129066
12.23,12.32,11.93,985,12.12,2024-11-19T12:00:00Z,85911,12.12769
12.08,12.625,12.06,2807,12.25,2024-11-19T16:00:00Z,303860,12.317627
12.28,12.305,12.075,1555,12.095,2024-11-19T20:00:00Z,242919,12.239468
12.495,12.93,11.97,3625,12.69,2024-11-20T12:00:00Z,589888,12.436569
12.255,12.595,11.99,4712,12.49,2024-11-20T16:00:00Z,702862,12.234757
12.16,12.315,12.14,1139,12.255,2024-11-20T20:00:00Z,191335,12.191719
11.66,13.125,10.9,4499,12.81,2024-11-21T12:00:00Z,510116,11.686694
11.95,12.42,11.65,3797,11.665,2024-11-21T16:00:00Z,513880,12.140986
11.755,12.105,11.605,1794,11.985,2024-11-21T20:00:00Z,265143,11.807687
11.715,11.805,11.23,1466,11.56,2024-11-22T12:00:00Z,158072,11.494623
12.34,12.39,11.61,2622,11.7,2024-11-22T16:00:00Z,300320,12.040205
12.3,12.51,12.22,1256,12.34,2024-11-22T20:00:00Z,192079,12.375095
12.475,12.74,11.735,2174,12.44,2024-11-25T12:00:00Z,206832,12.108859
12.055,12.775,12.045,2096,12.495,2024-11-25T16:00:00Z,194756,12.385
12.06,12.185,11.99,964,12.055,2024-11-25T20:00:00Z,112233,12.079656
11.505,11.82,11.41,1225,11.58,2024-11-26T12:00:00Z,117412,11.641316
11.135,11.975,11.035,1970,11.515,2024-11-26T16:00:00Z,208223,11.493641
11.17,11.3,11.07,1478,11.135,2024-11-26T20:00:00Z,205986,11.195645
11.78,12.12,11.36,1417,11.475,2024-11-27T12:00:00Z,149121,11.800387
12.49,12.58,11.56,2432,11.705,2024-11-27T16:00:00Z,294019,12.194647
12.38,12.57,12.32,894,12.51,2024-11-27T20:00:00Z,139805,12.414667
13.165,13.315,12.43,1243,12.625,2024-11-29T12:00:00Z,141247,13.085451
12.645,13.33,12.64,1796,13.19,2024-11-29T16:00:00Z,229582,12.885112
12.575,12.75,12.26,1528,12.6,2024-12-02T12:00:00Z,138077,12.519208
12.215,12.615,12.035,2506,12.55,2024-12-02T16:00:00Z,284181,12.247539
12.12,12.34,12.1,1212,12.215,2024-12-02T20:00:00Z,188552,12.172743
12.275,12.39,11.71,1728,11.74,2024-12-03T12:00:00Z,215038,12.043996
12.17,12.405,11.95,1680,12.275,2024-12-03T16:00:00Z,182633,12.106672
12.14,12.24,12.045,1078,12.19,2024-12-03T20:00:00Z,118649,12.169809
12.355,12.645,11.97,1531,12.125,2024-12-04T12:00:00Z,140693,12.403174
12.8,12.84,12.11,2008,12.365,2024-12-04T16:00:00Z,227539,12.393419
12.95,13.02,12.72,1272,12.8,2024-12-04T20:00:00Z,183724,12.912347
12.705,14.11,12.68,3970,13.78,2024-12-05T12:00:00Z,572543,13.345451
12.535,13.045,12.465,2984,12.705,2024-12-05T16:00:00Z,284207,12.824695
12.31,12.52,12.275,1638,12.52,2024-12-05T20:00:00Z,181121,12.377203
13.27,13.28,12.55,1104,12.55,2024-12-06T12:00:00Z,117848,12.919104
13.08,13.59,13.06,1454,13.3,2024-12-06T16:00:00Z,136140,13.312652
12.95,13.095,12.95,1036,13.04,2024-12-06T20:00:00Z,131711,12.99015
11.62,12.125,11.445,4266,12.045,2024-12-09T12:00:00Z,620638,11.710682
11.305,11.83,11.3,4152,11.635,2024-12-09T16:00:00Z,772266,11.573133
11.2,11.305,11.02,3383,11.305,2024-12-09T20:00:00Z,2118780,11.174231
11.22,11.605,11.14,2525,11.49,2024-12-10T12:00:00Z,421292,11.331004
11.115,11.215,10.73,4009,11.215,2024-12-10T16:00:00Z,547428,10.948061
11.095,11.235,11.02,1171,11.115,2024-12-10T20:00:00Z,157933,11.112409
11.97,12.085,11.28,3716,11.32,2024-12-11T12:00:00Z,505953,11.841415
11.82,12.155,11.22,2772,11.99,2024-12-11T16:00:00Z,429613,11.702752
11.77,11.885,11.74,1270,11.82,2024-12-11T20:00:00Z,178247,11.799026
12.765,13.49,11.85,7182,13.36,2024-12-12T12:00:00Z,1305756,12.517944
12.465,13.21,12.425,6234,12.765,2024-12-12T16:00:00Z,979402,12.936662
12.32,12.54,12.28,2477,12.47,2024-12-12T20:00:00Z,339655,12.403218
12.76,13.42,12.42,3978,12.42,2024-12-13T12:00:00Z,546559,13.094574
12.945,13.68,12.76,5131,12.76,2024-12-13T16:00:00Z,575863,13.270138
13.0,13.03,12.81,1327,12.94,2024-12-13T20:00:00Z,239777,12.934682
13.83,13.98,13.07,2207,13.42,2024-12-16T12:00:00Z,247608,13.515452
14.53,14.54,13.74,4978,13.84,2024-12-16T16:00:00Z,629937,14.178335
14.04,14.53,13.635,2116,14.525,2024-12-16T20:00:00Z,335637,13.995033
14.065,14.68,13.84,2214,14.34,2024-12-17T12:00:00Z,248694,14.236351
14.305,14.475,13.805,3697,14.07,2024-12-17T16:00:00Z,364842,14.155943
13.95,14.345,13.95,1718,14.305,2024-12-17T20:00:00Z,206112,14.086036
13.52,13.88,13.28,1820,13.76,2024-12-18T12:00:00Z,191628,13.461393
12.74,13.98,12.68,3152,13.525,2024-12-18T16:00:00Z,393099,13.41785
12.26,12.775,11.66,3088,12.745,2024-12-18T20:00:00Z,468429,12.111317
11.76,12.705,11.565,2191,12.48,2024-12-19T12:00:00Z,284885,12.04491
11.315,11.755,11.13,3435,11.755,2024-12-19T16:00:00Z,395766,11.440113
11.185,11.42,11.155,1284,11.295,2024-12-19T20:00:00Z,209529,11.228511
11.37,11.445,10.795,1310,11.01,2024-12-20T12:00:00Z,163720,11.186398
11.61,11.69,11.27,2781,11.36,2024-12-20T16:00:00Z,304341,11.450958
11.565,11.625,11.44,1428,11.57,2024-12-20T20:00:00Z,252318,11.529016
10.85,11.45,10.85,661,11.38,2024-12-23T12:00:00Z,63490,11.064126
11.36,11.53,11.03,845,11.03,2024-12-24T12:00:00Z,94241,11.340796
11.67,11.73,11.365,792,11.365,2024-12-24T16:00:00Z,121457,11.603916
11.58,11.61,11.24,542,11.38,2024-12-26T12:00:00Z,56021,11.476418
11.605,11.735,11.52,692,11.565,2024-12-26T16:00:00Z,85959,11.627645
11.54,11.75,11.54,485,11.62,2024-12-26T20:00:00Z,62803,11.641309
11.02,11.58,10.895,923,11.54,2024-12-27T12:00:00Z,91325,11.209905
11.04,11.05,10.835,1489,11.03,2024-12-27T16:00:00Z,178487,10.944771
10.98,11.1,10.91,997,11.05,2024-12-27T20:00:00Z,156727,10.972044
10.24,10.73,10.02,1589,10.62,2024-12-30T12:00:00Z,269829,10.22645
10.6,10.7,10.15,2385,10.23,2024-12-30T16:00:00Z,347380,10.416666
10.48,10.73,10.47,1178,10.595,2024-12-30T20:00:00Z,160214,10.592197
10.39,10.85,10.385,760,10.69,2024-12-31T12:00:00Z,82596,10.586639
10.12,10.39,9.99,1657,10.375,2024-12-31T16:00:00Z,206083,10.190602
10.22,10.235,10.09,1000,10.09,2024-12-31T20:00:00Z,140312,10.18775
10.27,10.95,10.24,1261,10.47,2025-01-02T12:00:00Z,132983,10.607681
10.28,10.63,10.22,1849,10.28,2025-01-02T16:00:00Z,310757,10.333458
10.47,10.48,10.3,736,10.3,2025-01-02T20:00:00Z,142407,10.422446
11.925,11.94,10.49,2593,10.53,2025-01-03T12:00:00Z,345140,11.385346
12.1,12.21,11.82,3510,11.94,2025-01-03T16:00:00Z,451442,12.031648
12.33,12.39,12.035,1335,12.1,2025-01-03T20:00:00Z,270031,12.260321
12.88,12.95,12.34,1467,12.61,2025-01-06T12:00:00Z,196094,12.688833
12.75,13.01,12.65,2799,12.88,2025-01-06T16:00:00Z,344220,12.841228
12.88,12.895,12.715,1310,12.755,2025-01-06T20:00:00Z,165349,12.830479
12.51,12.985,12.02,1626,12.66,2025-01-07T12:00:00Z,236921,12.470916
12.515,12.795,12.325,2907,12.505,2025-01-07T16:00:00Z,295677,12.519576
12.405,12.51,12.315,1259,12.505,2025-01-07T20:00:00Z,198587,12.400673
11.835,12.08,11.6,1406,11.985,2025-01-08T12:00:00Z,151746,11.821553
12.065,12.12,11.5,1733,11.84,2025-01-08T16:00:00Z,212005,11.838777
12.01,12.085,11.975,710,12.075,2025-01-08T20:00:00Z,145920,12.025479
11.855,12.045,11.5,2212,11.76,2025-01-10T12:00:00Z,227127,11.807508
11.845,12.07,11.67,2352,11.86,2025-01-10T16:00:00Z,254505,11.848905
11.99,12.08,11.85,1118,11.86,2025-01-10T20:00:00Z,166768,11.985559
11.68,11.895,11.02,1667,11.32,2025-01-13T12:00:00Z,226802,11.483155
11.39,11.785,11.205,2034,11.68,2025-01-13T16:00:00Z,277031,11.50265
11.77,11.805,11.275,1174,11.37,2025-01-13T20:00:00Z,245153,11.67288
12.285,12.63,12.085,1451,12.25,2025-01-14T12:00:00Z,198508,12.36156
12.36,12.695,11.94,1788,12.25,2025-01-14T16:00:00Z,244145,12.4082
12.25,12.37,12.005,1696,12.355,2025-01-14T20:00:00Z,267918,12.181707
13.19,13.36,12.69,1967,12.73,2025-01-15T12:00:00Z,342776,13.14726
13.495,13.535,13.08,2690,13.23,2025-01-15T16:00:00Z,358208,13.304894
13.44,13.575,13.43,1044,13.5,2025-01-15T20:00:00Z,136019,13.484848
13.3,13.615,12.97,1214,13.33,2025-01-16T12:00:00Z,141009,13.225881
13.36,13.565,13.125,1948,13.315,2025-01-16T16:00:00Z,185238,13.343387
13.27,13.48,13.245,1130,13.365,2025-01-16T20:00:00Z,138360,13.313243
14.275,14.42,13.71,1952,13.85,2025-01-17T12:00:00Z,237786,14.106229
13.645,14.31,13.63,3060,14.275,2025-01-17T16:00:00Z,307684,13.960299
13.38,13.625,13.33,1184,13.615,2025-01-17T20:00:00Z,169508,13.418862
12.795,14.36,12.525,3432,14.05,2025-01-21T12:00:00Z,397632,13.068369
13.28,13.48,12.595,3404,12.795,2025-01-21T16:00:00Z,416340,13.130636
12.75,13.3,12.705,2253,13.28,2025-01-21T20:00:00Z,353784,12.909513
12.7,13.46,12.645,1702,13.0,2025-01-22T12:00:00Z,229561,12.902434
13.335,13.74,12.48,2311,12.68,2025-01-22T16:00:00Z,211873,13.090917
13.14,13.465,13.135,1102,13.325,2025-01-22T20:00:00Z,133843,13.212651
13.99,14.03,12.78,1746,12.805,2025-01-23T12:00:00Z,190914,13.634103
13.0,14.54,12.92,4209,13.98,2025-01-23T16:00:00Z,532213,13.905709
12.99,13.45,12.93,1703,13.0,2025-01-23T20:00:00Z,183112,13.173081
13.72,13.8,13.05,1427,13.17,2025-01-24T12:00:00Z,158829,13.449384
13.67,14.21,13.625,2984,13.73,2025-01-24T16:00:00Z,375189,13.946304
13.52,13.665,13.345,1917,13.66,2025-01-24T20:00:00Z,303544,13.472111
11.85,12.615,11.81,3040,12.615,2025-01-27T12:00:00Z,421095,12.12181
11.125,11.845,11.08,3987,11.84,2025-01-27T16:00:00Z,483957,11.355735
11.44,11.45,11.125,1854,11.125,2025-01-27T20:00:00Z,305419,11.319532
10.98,11.69,10.87,2060,11.67,2025-01-28T12:00:00Z,280891,11.208835
11.095,11.18,10.75,2868,10.97,2025-01-28T16:00:00Z,316321,10.979961
10.945,11.14,10.92,1090,11.1,2025-01-28T20:00:00Z,190803,11.026325
11.165,11.4,10.785,2779,10.85,2025-01-29T12:00:00Z,432967,11.103084
11.09,11.22,10.71,2338,11.175,2025-01-29T16:00:00Z,293252,11.000488
11.22,11.52,11.01,1374,11.1,2025-01-29T20:00:00Z,216695,11.249929
11.65,12.13,11.42,2231,11.48,2025-01-30T12:00:00Z,317830,11.826991
12.02,12.13,11.56,2310,11.68,2025-01-30T16:00:00Z,295321,11.899265
11.91,12.03,11.78,962,12.02,2025-01-30T20:00:00Z,168287,11.917791
12.235,12.26,11.775,1205,12.005,2025-01-31T12:00:00Z,150543,12.036946
11.94,12.455,11.73,1881,12.24,2025-01-31T16:00:00Z,217666,12.124352
11.87,11.92,11.69,1473,11.92,2025-01-31T20:00:00Z,172403,11.819464
11.755,11.855,10.67,2851,11.01,2025-02-03T12:00:00Z,383920,11.288745
12.16,12.205,11.54,1757,11.745,2025-02-03T16:00:00Z,201529,11.875007
11.97,12.23,11.97,748,12.17,2025-02-03T20:00:00Z,101565,12.071848
12.065,12.17,11.795,1350,11.93,2025-02-04T12:00:00Z,116789,11.926526
12.155,12.34,11.9,1986,12.055,2025-02-04T16:00:00Z,204350,12.105901
12.28,12.38,12.15,1261,12.15,2025-02-04T20:00:00Z,161359,12.285174
12.135,12.535,12.1,978,12.365,2025-02-05T12:00:00Z,79430,12.307379
11.94,12.3,11.87,2149,12.125,2025-02-05T16:00:00Z,262417,12.067515
11.74,11.96,11.705,1054,11.94,2025-02-05T20:00:00Z,200219,11.773468
11.72,12.04,11.5,1220,11.785,2025-02-06T12:00:00Z,112906,11.733965
11.34,11.755,11.32,1460,11.695,2025-02-06T16:00:00Z,141211,11.57543
11.605,11.65,11.33,681,11.33,2025-02-06T20:00:00Z,84590,11.562392
11.7,12.27,11.66,1705,11.89,2025-02-07T12:00:00Z,175071,12.02673
11.78,12.405,11.485,3462,11.695,2025-02-07T16:00:00Z,354109,11.969715
11.63,11.795,11.565,906,11.785,2025-02-07T20:00:00Z,101294,11.664671
11.52,11.88,11.5,1582,11.83,2025-02-10T12:00:00Z,159127,11.6446
11.605,11.8,11.415,1974,11.54,2025-02-10T16:00:00Z,213252,11.649279
11.65,11.68,11.57,721,11.6,2025-02-10T20:00:00Z,110195,11.63907
11.36,11.61,11.315,880,11.57,2025-02-11T12:00:00Z,109536,11.434847
11.145,11.44,11.035,1470,11.37,2025-02-11T16:00:00Z,191706,11.219611
11.13,11.225,11.07,1181,11.135,2025-02-11T20:00:00Z,214066,11.140426
11.035,11.115,10.9,1513,11.03,2025-02-12T12:00:00Z,197194,11.013558
11.11,11.315,10.96,2396,11.035,2025-02-12T16:00:00Z,334273,11.146074
11.16,11.21,11.105,1036,11.12,2025-02-12T20:00:00Z,180047,11.162322
11.84,11.875,10.875,3006,11.17,2025-02-13T12:00:00Z,535998,11.446708
11.95,12.15,11.6,3808,11.845,2025-02-13T16:00:00Z,569593,11.862712
12.21,12.3,11.93,1569,11.94,2025-02-13T20:00:00Z,339408,12.194274
12.265,12.475,12.14,1575,12.15,2025-02-14T12:00:00Z,193641,12.319071
12.26,12.42,12.03,2361,12.255,2025-02-14T16:00:00Z,293763,12.249334
12.26,12.35,12.225,998,12.265,2025-02-14T20:00:00Z,162141,12.289133
11.99,12.18,11.7,1219,12.18,2025-02-18T12:00:00Z,133095,11.882317
11.55,11.99,11.375,1895,11.99,2025-02-18T16:00:00Z,279131,11.628472
11.58,11.64,11.49,876,11.55,2025-02-18T20:00:00Z,131084,11.556945
11.74,11.895,11.63,1417,11.67,2025-02-19T12:00:00Z,137723,11.800835
11.725,11.99,11.57,1364,11.73,2025-02-19T16:00:00Z,146317,11.778149
11.57,11.71,11.525,795,11.71,2025-02-19T20:00:00Z,106356,11.587664
11.435,12.0,11.415,1689,11.78,2025-02-20T12:00:00Z,216626,11.659602
11.645,11.73,11.435,2417,11.435,2025-02-20T16:00:00Z,281871,11.593604
11.59,11.785,11.59,1070,11.645,2025-02-20T20:00:00Z,153345,11.649549
11.22,11.92,11.13,1590,11.79,2025-02-21T12:00:00Z,213135,11.473378
10.57,11.305,10.565,2530,11.225,2025-02-21T16:00:00Z,401144,10.910725
10.45,10.625,10.44,1485,10.57,2025-02-21T20:00:00Z,253328,10.512749
9.92,10.61,9.84,2747,10.515,2025-02-24T12:00:00Z,311413,10.148224
10.2,10.52,9.9,3867,9.93,2025-02-24T16:00:00Z,352530,10.273883
9.99,10.215,9.99,1299,10.205,2025-02-24T20:00:00Z,208619,10.086705
9.015,9.96,8.845,3898,9.44,2025-02-25T12:00:00Z,545575,9.214697
9.63,9.685,8.7,4952,9.01,2025-02-25T16:00:00Z,594700,9.132048
9.31,9.82,9.255,2121,9.645,2025-02-25T20:00:00Z,283219,9.520118
9.335,9.6,9.12,2171,9.19,2025-02-26T12:00:00Z,207178,9.381511
8.85,9.365,8.85,2516,9.35,2025-02-26T16:00:00Z,283890,9.076163
9.02,9.02,8.715,1348,8.805,2025-02-26T20:00:00Z,234368,8.826167
9.245,9.715,8.96,2538,9.37,2025-02-27T12:00:00Z,386430,9.313932
8.99,9.445,8.92,2953,9.24,2025-02-27T16:00:00Z,484951,9.194881
8.66,8.99,8.6,1950,8.99,2025-02-27T20:00:00Z,403297,8.735234
9.105,9.25,8.52,2606,8.63,2025-02-28T12:00:00Z,379463,8.969181
9.17,9.2,8.8,3070,9.1,2025-02-28T16:00:00Z,531251,9.002205
9.285,9.29,9.08,1252,9.16,2025-02-28T20:00:00Z,305600,9.199713
9.44,10.14,9.4,2996,10.025,2025-03-03T12:00:00Z,333276,9.724386
8.965,9.79,8.95,3702,9.485,2025-03-03T16:00:00Z,463333,9.308464
8.86,9.015,8.725,2166,8.95,2025-03-03T20:00:00Z,376372,8.836604
8.145,8.67,8.07,3886,8.6,2025-03-04T12:00:00Z,588937,8.324234
8.72,8.83,7.95,5487,8.12,2025-03-04T16:00:00Z,779624,8.431406
8.4,8.795,8.355,2784,8.73,2025-03-04T20:00:00Z,548283,8.564002
8.545,8.73,8.45,1897,8.575,2025-03-05T12:00:00Z,183135,8.557087
8.7,8.915,8.43,4182,8.53,2025-03-05T16:00:00Z,533941,8.709398
8.87,8.905,8.665,1885,8.69,2025-03-05T20:00:00Z,285490,8.767562
8.445,8.555,8.09,2918,8.36,2025-03-06T12:00:00Z,315373,8.349312
8.02,8.56,7.95,5516,8.435,2025-03-06T16:00:00Z,674262,8.122828
8.115,8.12,7.99,2080,8.01,2025-03-06T20:00:00Z,301162,8.067772
8.165,8.375,7.92,2245,8.035,2025-03-07T12:00:00Z,196985,8.212188
8.395,8.545,8.0,4701,8.16,2025-03-07T16:00:00Z,588282,8.320924
8.36,8.535,8.36,1762,8.4,2025-03-07T20:00:00Z,322768,8.435221
7.49,7.695,7.25,3328,7.615,2025-03-11T12:00:00Z,448508,7.485439
7.7,7.855,7.385,3363,7.48,2025-03-11T16:00:00Z,733786,7.655355
7.685,7.99,7.495,2915,7.79,2025-03-12T12:00:00Z,311004,7.688045
7.85,7.935,7.66,4619,7.67,2025-03-12T16:00:00Z,474102,7.836406
7.52,7.88,7.515,1915,7.8,2025-03-13T12:00:00Z,210749,7.684071
7.31,7.6,7.26,2983,7.52,2025-03-13T16:00:00Z,470532,7.46164
7.88,7.895,7.495,2387,7.55,2025-03-14T12:00:00Z,372039,7.676667
7.81,7.89,7.725,2630,7.89,2025-03-14T16:00:00Z,381746,7.798074
7.735,7.84,7.58,1917,7.71,2025-03-17T12:00:00Z,246838,7.724507
7.76,7.99,7.67,2787,7.73,2025-03-17T16:00:00Z,535936,7.840809
7.685,7.82,7.48,1486,7.61,2025-03-18T12:00:00Z,221211,7.657045
7.4,7.725,7.39,1824,7.66,2025-03-18T16:00:00Z,428256,7.527153
7.635,7.75,7.435,1305,7.46,2025-03-19T12:00:00Z,152044,7.627887
7.79,7.95,7.54,1772,7.62,2025-03-19T16:00:00Z,269478,7.736156
7.84,8.12,7.71,1708,7.71,2025-03-20T12:00:00Z,239058,7.960123
7.765,7.95,7.66,2058,7.82,2025-03-20T16:00:00Z,327682,7.805454
7.62,7.66,7.5,1521,7.58,2025-03-21T12:00:00Z,186782,7.587591
7.95,8.025,7.62,2419,7.63,2025-03-21T16:00:00Z,509032,7.852101
8.56,8.575,8.16,2813,8.19,2025-03-24T12:00:00Z,346437,8.420538
8.7,8.73,8.46,3759,8.57,2025-03-24T16:00:00Z,679818,8.597478
8.555,8.83,8.47,2245,8.75,2025-03-25T12:00:00Z,304662,8.641945
8.5,8.655,8.33,2756,8.555,2025-03-25T16:00:00Z,527485,8.458603
8.05,8.5,8.04,1664,8.5,2025-03-26T12:00:00Z,202663,8.165602
7.88,8.15,7.85,2130,8.04,2025-03-26T16:00:00Z,371399,7.943183
7.845,8.17,7.67,1906,7.86,2025-03-27T12:00:00Z,204759,7.945325
7.78,7.98,7.715,2088,7.84,2025-03-27T16:00:00Z,273789,7.800454
7.54,7.74,7.4,2191,7.69,2025-03-28T12:00:00Z,280384,7.526975
7.41,7.6,7.295,2082,7.52,2025-03-28T16:00:00Z,376842,7.411253
7.165,7.31,6.89,1674,7.1,2025-03-31T12:00:00Z,212654,7.098761
7.125,7.255,7.005,2419,7.125,2025-03-31T16:00:00Z,353565,7.0965
7.435,7.455,6.99,2231,7.18,2025-04-01T12:00:00Z,252760,7.252191
7.53,7.6,7.255,2221,7.44,2025-04-01T16:00:00Z,341274,7.459892
7.87,7.96,7.32,2475,7.33,2025-04-02T12:00:00Z,267053,7.731036
8.01,8.06,7.805,2206,7.86,2025-04-02T16:00:00Z,364233,7.935911
7.395,7.465,7.2,2363,7.325,2025-04-03T12:00:00Z,269500,7.323246
7.28,7.5,7.275,2296,7.38,2025-04-03T16:00:00Z,228308,7.359188
6.9,7.15,6.4,2950,7.04,2025-04-04T12:00:00Z,240232,6.810584
7.14,7.185,6.765,1900,6.865,2025-04-04T16:00:00Z,286674,7.022419
7.11,7.74,6.4,3382,6.53,2025-04-07T12:00:00Z,367524,7.015886
7.095,7.42,7.03,3475,7.08,2025-04-07T16:00:00Z,439785,7.212764
6.93,7.43,6.87,1899,7.4,2025-04-08T12:00:00Z,218793,7.067679
6.54,6.91,6.3,4117,6.91,2025-04-08T16:00:00Z,629671,6.532803
6.33,6.735,6.315,2749,6.45,2025-04-09T12:00:00Z,269901,6.557693
7.37,7.495,6.23,6175,6.32,2025-04-09T16:00:00Z,855113,6.987045
6.675,7.24,6.66,3276,7.19,2025-04-10T12:00:00Z,293785,6.903315
6.785,6.915,6.605,3720,6.665,2025-04-10T16:00:00Z,405401,6.763455
6.97,7.11,6.75,2601,6.9,2025-04-11T12:00:00Z,223224,6.970143
7.06,7.095,6.885,3466,6.985,2025-04-11T16:00:00Z,426277,7.017889
6.98,7.385,6.975,3538,7.29,2025-04-14T12:00:00Z,402118,7.212987
7.0,7.08,6.915,3764,6.98,2025-04-14T16:00:00Z,481472,7.002562
6.685,7.09,6.655,2479,6.98,2025-04-15T12:00:00Z,357636,6.804913
6.55,6.73,6.51,2986,6.69,2025-04-15T16:00:00Z,629320,6.588439
6.42,6.52,6.325,1753,6.45,2025-04-16T12:00:00Z,255811,6.404332
6.36,6.52,6.205,2955,6.395,2025-04-16T16:00:00Z,552718,6.310068
6.235,6.47,6.195,1408,6.42,2025-04-17T12:00:00Z,228603,6.281343
6.47,6.47,6.22,1686,6.24,2025-04-17T16:00:00Z,332614,6.376439
6.44,6.655,6.375,2044,6.51,2025-04-21T12:00:00Z,241008,6.534577
6.29,6.54,6.26,1918,6.45,2025-04-21T16:00:00Z,321948,6.333346
7.09,7.105,6.39,3123,6.4,2025-04-22T12:00:00Z,340931,6.903716
7.12,7.19,6.91,2965,7.14,2025-04-22T16:00:00Z,486589,7.079988
7.59,7.825,7.36,3768,7.36,2025-04-23T12:00:00Z,509234,7.622968
7.49,7.73,7.47,2830,7.61,2025-04-23T16:00:00Z,452747,7.579932
7.67,7.715,7.375,1448,7.45,2025-04-24T12:00:00Z,159707,7.555292
7.77,7.855,7.665,2278,7.68,2025-04-24T16:00:00Z,340905,7.758216
7.92,7.98,7.72,1614,7.88,2025-04-25T12:00:00Z,160053,7.862022
7.77,8.04,7.75,2150,7.93,2025-04-25T16:00:00Z,334580,7.90102
7.48,7.88,7.425,1940,7.84,2025-04-28T12:00:00Z,226326,7.661117
7.62,7.64,7.35,1601,7.49,2025-04-28T16:00:00Z,309334,7.472502
7.28,7.67,7.25,2215,7.66,2025-04-29T12:00:00Z,400696,7.381295
7.42,7.52,7.27,2467,7.275,2025-04-29T16:00:00Z,546651,7.402603
7.21,7.33,6.965,2668,7.32,2025-04-30T12:00:00Z,398410,7.123046
7.23,7.265,7.155,1900,7.21,2025-04-30T16:00:00Z,316381,7.207756
7.9,7.965,7.41,3880,7.51,2025-05-01T12:00:00Z,523385,7.70927
7.75,7.955,7.615,3358,7.89,2025-05-01T16:00:00Z,614005,7.779395
7.43,7.73,7.43,8,7.73,2025-05-01T20:00:00Z,1066,7.555233
8.74,8.75,7.73,6420,7.73,2025-05-02T12:00:00Z,934678,8.466796
8.38,8.81,8.305,4478,8.745,2025-05-02T16:00:00Z,684279,8.571129
7.81,8.22,7.675,3044,8.17,2025-05-05T12:00:00Z,416446,7.826262
7.89,8.05,7.805,2398,7.805,2025-05-05T16:00:00Z,339729,7.936402
7.765,7.88,7.66,1947,7.76,2025-05-06T12:00:00Z,245714,7.777942
7.86,7.96,7.745,1879,7.78,2025-05-06T16:00:00Z,281432,7.862699
7.89,8.1,7.81,2011,8.1,2025-05-07T12:00:00Z,320011,7.933914
7.835,7.89,7.685,2188,7.875,2025-05-07T16:00:00Z,355881,7.78576
8.57,8.685,8.08,2573,8.16,2025-05-08T12:00:00Z,311503,8.396622
8.43,8.635,8.35,3206,8.56,2025-05-08T16:00:00Z,653987,8.478714
8.405,8.89,8.39,3301,8.55,2025-05-09T12:00:00Z,483957,8.651365
8.48,8.49,8.27,1798,8.41,2025-05-09T16:00:00Z,345679,8.402263
8.63,9.12,8.6,2939,8.86,2025-05-12T12:00:00Z,363526,8.80811
8.7,8.79,8.48,2286,8.64,2025-05-12T16:00:00Z,383602,8.652677
8.815,9.065,8.645,3327,8.83,2025-05-13T12:00:00Z,351799,8.792068
9.045,9.08,8.785,3370,8.82,2025-05-13T16:00:00Z,475292,8.951877
9.03,9.06,8.8,2377,9.04,2025-05-14T12:00:00Z,346420,8.932511
8.91,9.03,8.83,1779,9.025,2025-05-14T16:00:00Z,399719,8.913144
8.725,8.8,8.395,1788,8.74,2025-05-15T12:00:00Z,267707,8.544346
8.7,8.79,8.585,2385,8.72,2025-05-15T16:00:00Z,456365,8.674292
9.35,9.37,8.72,3054,8.78,2025-05-16T12:00:00Z,483330,9.204084
9.145,9.465,9.14,4347,9.37,2025-05-16T16:00:00Z,808442,9.295169
9.0,9.055,8.69,1750,8.96,2025-05-19T12:00:00Z,246647,8.908176
8.96,9.04,8.86,2127,9.0,2025-05-19T16:00:00Z,302151,8.958589
8.84,9.02,8.66,1592,9.02,2025-05-20T12:00:00Z,187744,8.796709
8.93,8.985,8.7,1881,8.83,2025-05-20T16:00:00Z,328128,8.876206
9.2,9.24,8.75,2371,8.86,2025-05-21T12:00:00Z,389575,9.074323
8.83,9.315,8.725,3636,9.205,2025-05-21T16:00:00Z,562557,8.899224
8.97,9.52,8.84,2845,9.12,2025-05-22T12:00:00Z,435766,9.031369
8.93,9.09,8.865,2858,8.99,2025-05-22T16:00:00Z,440748,8.981424
8.5,8.74,8.49,2297,8.67,2025-05-23T12:00:00Z,284117,8.616897
8.54,8.8,8.48,1723,8.51,2025-05-23T16:00:00Z,342804,8.656612
8.935,9.0,8.68,2732,8.79,2025-05-27T12:00:00Z,460683,8.822646
9.13,9.19,8.9,2402,8.93,2025-05-27T16:00:00Z,468708,9.060897
8.44,9.13,8.405,2642,9.1,2025-05-28T12:00:00Z,462558,8.570878
8.38,8.56,8.365,1803,8.46,2025-05-28T16:00:00Z,491903,8.478894
8.28,8.59,8.205,1912,8.59,2025-05-29T12:00:00Z,323098,8.346858
8.175,8.315,8.09,1851,8.28,2025-05-29T16:00:00Z,421012,8.196025
8.2,8.26,7.93,3876,8.16,2025-05-30T12:00:00Z,639433,8.113623
8.055,8.235,7.98,2084,8.2,2025-05-30T16:00:00Z,439721,8.074951
8.34,8.375,7.98,2145,8.03,2025-06-02T12:00:00Z,301058,8.23512
8.48,8.485,8.37,1784,8.375,2025-06-02T16:00:00Z,413718,8.440828
8.835,8.865,8.495,2941,8.55,2025-06-03T12:00:00Z,583654,8.706297
9.02,9.09,8.775,2176,8.85,2025-06-03T16:00:00Z,632041,8.985731
9.32,9.375,8.91,2241,8.98,2025-06-04T12:00:00Z,375001,9.132631
9.48,9.64,9.31,2556,9.315,2025-06-04T16:00:00Z,615402,9.512594
9.5,9.675,9.2,2910,9.51,2025-06-05T12:00:00Z,630971,9.410489
8.98,9.52,8.885,2856,9.48,2025-06-05T16:00:00Z,891470,9.119132
10.075,10.19,9.22,3730,9.22,2025-06-06T12:00:00Z,807046,9.875204
9.83,10.155,9.82,3099,10.085,2025-06-06T16:00:00Z,800578,9.944189
9.685,10.33,9.545,4244,10.29,2025-06-09T12:00:00Z,676637,9.735448
10.11,10.13,9.67,2414,9.685,2025-06-09T16:00:00Z,523230,9.924541
10.275,10.31,9.97,1811,10.23,2025-06-10T12:00:00Z,435192,10.154961
10.45,10.495,10.065,2086,10.28,2025-06-10T16:00:00Z,662885,10.344819
10.74,10.785,10.27,1799,10.49,2025-06-11T12:00:00Z,351729,10.574731
10.545,10.86,10.4,2182,10.73,2025-06-11T16:00:00Z,532125,10.604909
10.37,10.485,10.135,1518,10.22,2025-06-12T12:00:00Z,306417,10.350837
10.2,10.635,10.19,1794,10.375,2025-06-12T16:00:00Z,387912,10.362285
9.89,10.2,9.77,2072,9.94,2025-06-13T12:00:00Z,390606,9.953988
9.72,9.93,9.51,2144,9.895,2025-06-13T16:00:00Z,471987,9.717142
9.73,9.73,9.73,6,9.73,2025-06-13T20:00:00Z,545,9.73
9.75,10.075,9.745,1653,9.94,2025-06-16T12:00:00Z,295856,9.884821
10.16,10.205,9.725,2123,9.74,2025-06-16T16:00:00Z,564793,10.034012
9.6,10.05,9.58,1570,9.97,2025-06-17T12:00:00Z,278616,9.748662
9.66,9.675,9.37,1957,9.62,2025-06-17T16:00:00Z,513634,9.550836
9.84,9.87,9.47,1339,9.66,2025-06-18T12:00:00Z,300061,9.676787
9.92,10.06,9.765,2366,9.845,2025-06-18T16:00:00Z,560509,9.92652
9.78,10.16,9.7,1378,10.13,2025-06-20T12:00:00Z,258844,9.869959
9.56,9.79,9.48,2035,9.78,2025-06-20T16:00:00Z,519639,9.585707
9.145,9.55,9.095,1300,9.3,2025-06-23T12:00:00Z,259590,9.341879
9.28,9.28,8.88,1723,9.155,2025-06-23T16:00:00Z,418434,9.112257
9.73,9.88,9.43,1244,9.48,2025-06-24T12:00:00Z,215017,9.725425
10.02,10.04,9.695,1800,9.735,2025-06-24T16:00:00Z,421176,9.922749
9.89,10.38,9.87,1435,10.17,2025-06-25T12:00:00Z,265566,10.093953
9.99,10.015,9.84,795,9.9,2025-06-25T16:00:00Z,198828,9.944936
9.855,10.01,9.72,1273,10.01,2025-06-26T12:00:00Z,256342,9.827872
10.51,10.64,9.8,4805,9.88,2025-06-26T16:00:00Z,1087748,10.369041
10.55,10.55,10.55,4,10.55,2025-06-26T20:00:00Z,347,10.55
10.46,10.655,10.34,1486,10.53,2025-06-27T12:00:00Z,296240,10.461197
10.54,10.89,10.29,3579,10.46,2025-06-27T16:00:00Z,709813,10.582426
11.22,11.23,10.655,3124,10.75,2025-06-30T12:00:00Z,604413,10.990662
11.29,11.435,11.13,2713,11.205,2025-06-30T16:00:00Z,517537,11.280771
11.39,11.545,11.05,2422,11.08,2025-07-01T12:00:00Z,657026,11.362184
11.27,11.605,11.23,2675,11.42,2025-07-01T16:00:00Z,740044,11.402
12.105,12.27,11.46,3382,11.53,2025-07-02T12:00:00Z,622268,12.011111
12.2,12.22,11.94,2410,12.1,2025-07-02T16:00:00Z,471255,12.118464
12.215,12.715,12.1,3337,12.32,2025-07-03T12:00:00Z,605112,12.358077
12.17,12.25,12.045,1899,12.205,2025-07-03T16:00:00Z,365467,12.136853
11.55,12.13,10.945,2914,12.07,2025-07-07T12:00:00Z,657550,11.384519
11.55,11.615,11.32,2755,11.56,2025-07-07T16:00:00Z,463605,11.499237
11.745,12.0,11.7,2311,11.7,2025-07-08T12:00:00Z,262036,11.876965
11.57,11.795,11.555,2163,11.755,2025-07-08T16:00:00Z,225712,11.663555
11.73,11.815,11.415,1784,11.69,2025-07-09T12:00:00Z,315814,11.61239
12.26,12.29,11.7,4019,11.725,2025-07-09T16:00:00Z,1083301,12.026642
12.46,12.495,11.96,1869,12.19,2025-07-10T12:00:00Z,430356,12.256671
12.59,12.765,12.45,2770,12.46,2025-07-10T16:00:00Z,515233,12.606592
12.635,13.09,12.625,2247,12.99,2025-07-11T12:00:00Z,378100,12.799703
12.42,12.74,12.34,2576,12.68,2025-07-11T16:00:00Z,511074,12.519061
12.3,13.645,12.28,4439,12.77,2025-07-14T12:00:00Z,706266,12.973522
12.5,12.595,12.27,3153,12.31,2025-07-14T16:00:00Z,456488,12.457377
12.08,12.4,12.045,1649,12.18,2025-07-15T12:00:00Z,239715,12.21986
12.1,12.285,11.905,2533,12.08,2025-07-15T16:00:00Z,408007,12.104722
12.73,12.87,12.32,3115,12.33,2025-07-16T12:00:00Z,587174,12.684406
12.57,12.785,12.515,1969,12.73,2025-07-16T16:00:00Z,446511,12.601845
13.43,13.45,12.345,2480,12.52,2025-07-17T12:00:00Z,461809,13.012959
13.3,13.48,13.015,1843,13.42,2025-07-17T16:00:00Z,330531,13.30706
13.66,14.1,13.44,3203,13.48,2025-07-18T12:00:00Z,524694,13.814054
13.85,13.86,13.25,2710,13.655,2025-07-18T16:00:00Z,482414,13.59935
14.825,15.34,14.02,6518,14.1,2025-07-21T12:00:00Z,1036781,14.984679
14.01,14.94,13.925,3571,14.855,2025-07-21T16:00:00Z,614716,14.32968
14.0,14.42,13.66,2505,14.37,2025-07-22T12:00:00Z,314429,14.041244
14.26,14.33,13.88,4616,14.01,2025-07-22T16:00:00Z,728388,14.170143
14.495,14.58,13.7,2814,14.03,2025-07-23T12:00:00Z,408538,14.094496
14.335,14.51,13.93,3710,14.49,2025-07-23T16:00:00Z,525495,14.201375
14.64,14.64,14.105,1875,14.35,2025-07-24T12:00:00Z,291116,14.431775
14.67,14.925,14.365,2634,14.635,2025-07-24T16:00:00Z,449218,14.693682
14.27,14.49,13.92,2565,14.475,2025-07-25T12:00:00Z,389208,14.137511
14.54,14.735,14.25,2142,14.275,2025-07-25T16:00:00Z,401087,14.60776
14.14,14.67,14.01,2395,14.67,2025-07-28T12:00:00Z,326288,14.199457
14.52,14.58,14.075,2265,14.13,2025-07-28T16:00:00Z,367153,14.418742
13.57,14.6,13.48,2683,14.515,2025-07-29T12:00:00Z,468271,13.903483
13.6,13.78,13.295,2225,13.565,2025-07-29T16:00:00Z,327759,13.575475
13.66,13.98,13.605,1310,13.835,2025-07-30T12:00:00Z,191685,13.735953
13.52,13.875,13.23,2561,13.62,2025-07-30T16:00:00Z,564293,13.539775
13.71,13.83,13.375,2237,13.68,2025-07-31T12:00:00Z,370605,13.636931
13.41,13.82,13.3,2689,13.71,2025-07-31T16:00:00Z,376317,13.531626
11.355,12.32,10.875,5706,12.3,2025-08-01T12:00:00Z,719028,11.306704
11.025,11.495,11.005,4807,11.35,2025-08-01T16:00:00Z,673202,11.171586
11.47,11.485,11.08,2256,11.32,2025-08-04T12:00:00Z,234172,11.295161
11.41,11.495,11.255,1805,11.46,2025-08-04T16:00:00Z,187097,11.379205
10.905,11.55,10.83,1984,11.43,2025-08-05T12:00:00Z,399328,11.022264
11.11,11.16,10.88,2230,10.91,2025-08-05T16:00:00Z,475477,11.010772
11.0,11.13,10.59,2426,11.13,2025-08-06T12:00:00Z,569410,10.784337
11.65,11.72,10.91,3627,11.0,2025-08-06T16:00:00Z,975206,11.408498
11.59,12.32,11.59,2700,11.87,2025-08-07T12:00:00Z,493916,11.841578
11.6,11.655,11.425,1790,11.58,2025-08-07T16:00:00Z,356596,11.561202
11.04,11.78,10.96,1406,11.58,2025-08-08T12:00:00Z,266995,11.208423
11.08,11.3,10.985,1921,11.04,2025-08-08T16:00:00Z,394099,11.09705
11.47,11.66,11.345,1471,11.44,2025-08-11T12:00:00Z,228016,11.470721
11.12,11.54,11.045,1075,11.455,2025-08-11T16:00:00Z,198178,11.181299
11.5,11.51,11.04,1358,11.06,2025-08-12T12:00:00Z,212472,11.406284
11.445,11.515,11.27,1165,11.505,2025-08-12T16:00:00Z,183187,11.411384
11.51,11.8,11.41,1448,11.63,2025-08-13T12:00:00Z,212624,11.580821
11.6,11.64,11.47,1102,11.51,2025-08-13T16:00:00Z,155871,11.550503
11.45,11.795,11.19,2546,11.42,2025-08-14T12:00:00Z,348171,11.560708
12.25,12.28,11.34,3163,11.475,2025-08-14T16:00:00Z,555142,11.94196
11.39,12.17,11.31,2561,12.16,2025-08-15T12:00:00Z,467784,11.502221
11.33,11.525,11.3,1981,11.42,2025-08-15T16:00:00Z,290068,11.386094
12.135,12.18,11.14,2504,11.17,2025-08-18T12:00:00Z,460089,11.741155
12.32,12.47,12.115,2408,12.135,2025-08-18T16:00:00Z,481777,12.267104
12.075,12.41,11.935,1847,12.35,2025-08-19T12:00:00Z,227316,12.183
11.96,12.08,11.79,3023,12.08,2025-08-19T16:00:00Z,365572,11.923422
11.91,12.18,11.23,2322,11.96,2025-08-20T12:00:00Z,421765,11.648165
12.53,12.55,11.88,3144,11.9,2025-08-20T16:00:00Z,524455,12.328432
12.315,12.515,12.19,2504,12.28,2025-08-21T12:00:00Z,296960,12.408561
12.27,12.42,12.12,3930,12.32,2025-08-21T16:00:00Z,484347,12.268482
13.31,13.39,12.045,3880,12.25,2025-08-22T12:00:00Z,557197,13.01109
13.22,13.51,13.13,4483,13.355,2025-08-22T16:00:00Z,789615,13.317827
13.11,13.155,12.405,3121,12.74,2025-08-25T12:00:00Z,364459,12.792837
13.28,13.37,13.08,3213,13.115,2025-08-25T16:00:00Z,464262,13.251672
13.46,13.52,12.89,2130,13.04,2025-08-26T12:00:00Z,390529,13.220205
13.68,13.73,13.345,2330,13.47,2025-08-26T16:00:00Z,363804,13.592036
13.74,13.96,13.42,1692,13.65,2025-08-27T12:00:00Z,269067,13.79097
13.535,13.89,13.53,1846,13.74,2025-08-27T16:00:00Z,352644,13.720426
14.04,14.07,13.66,1552,13.69,2025-08-28T12:00:00Z,285785,13.855829
13.79,14.17,13.79,2254,14.04,2025-08-28T16:00:00Z,422752,13.956331
13.56,13.98,13.445,1660,13.58,2025-08-29T12:00:00Z,303079,13.624572
13.765,13.885,13.55,2123,13.56,2025-08-29T16:00:00Z,387567,13.739987
13.61,14.28,12.975,3214,13.41,2025-09-02T12:00:00Z,420500,13.849877
14.09,14.135,13.57,3220,13.64,2025-09-02T16:00:00Z,419436,13.934468
13.74,14.46,13.74,2730,14.19,2025-09-03T12:00:00Z,354070,14.028978
13.47,13.8,13.32,3064,13.75,2025-09-03T16:00:00Z,466312,13.563625
13.395,13.47,12.9,2835,13.36,2025-09-04T12:00:00Z,498331,13.211795
13.165,13.47,13.095,3149,13.38,2025-09-04T16:00:00Z,584924,13.282774
12.99,13.86,12.67,3008,13.4,2025-09-05T12:00:00Z,411834,13.102761
13.3,13.3,12.94,2651,12.995,2025-09-05T16:00:00Z,451848,13.157426
13.31,13.48,12.99,1722,13.32,2025-09-08T12:00:00Z,247960,13.265814
13.45,13.58,13.195,3322,13.33,2025-09-08T16:00:00Z,605389,13.437472
14.54,14.55,13.66,4918,13.66,2025-09-09T12:00:00Z,1181937,14.15167
15.21,15.29,14.48,4681,14.57,2025-09-09T16:00:00Z,1019621,14.989063
15.86,16.24,15.2,4131,15.24,2025-09-10T12:00:00Z,640428,15.861575
16.39,16.42,15.685,5196,15.86,2025-09-10T16:00:00Z,1069835,16.16175
16.44,16.82,15.96,2925,16.47,2025-09-11T12:00:00Z,409259,16.476931
15.63,16.48,15.6,3023,16.45,2025-09-11T16:00:00Z,459356,16.004337
15.69,15.69,15.68,3,15.68,2025-09-11T20:00:00Z,667,15.682504
15.78,15.965,15.6,2097,15.83,2025-09-12T12:00:00Z,305992,15.772965
15.9,15.91,15.63,3374,15.78,2025-09-12T16:00:00Z,542481,15.783786
16.875,16.925,15.88,1983,15.98,2025-09-15T12:00:00Z,298840,16.456436
16.68,16.9,16.3,2775,16.85,2025-09-15T16:00:00Z,475352,16.550318
17.07,17.09,16.595,1931,16.76,2025-09-16T12:00:00Z,285038,16.838311
17.505,17.755,17.07,3825,17.09,2025-09-16T16:00:00Z,724426,17.39123
17.69,17.835,17.115,2388,17.33,2025-09-17T12:00:00Z,342986,17.568616
17.6,17.87,16.745,3393,17.7,2025-09-17T16:00:00Z,491116,17.487863
17.955,18.03,17.405,2618,17.96,2025-09-18T12:00:00Z,263018,17.731782
17.51,18.04,17.445,4552,17.955,2025-09-18T16:00:00Z,554229,17.72892
17.995,18.08,17.36,3522,17.42,2025-09-19T12:00:00Z,426135,17.872728
17.45,18.235,17.42,5095,18.0,2025-09-19T16:00:00Z,592219,17.81126
17.235,17.715,16.705,3396,17.13,2025-09-22T12:00:00Z,413495,17.319541
17.49,17.735,17.1,5460,17.225,2025-09-22T16:00:00Z,664259,17.458692
17.815,18.29,17.47,3658,17.71,2025-09-23T12:00:00Z,429272,17.981011
17.08,17.91,17.005,5099,17.835,2025-09-23T16:00:00Z,564759,17.401068
18.06,20.105,17.62,8256,17.72,2025-09-24T12:00:00Z,1193229,19.163855
17.98,18.47,17.845,5724,18.08,2025-09-24T16:00:00Z,636671,18.137339
17.19,17.5,16.65,5802,17.45,2025-09-25T12:00:00Z,632410,17.046449
16.74,17.23,16.43,4430,17.2,2025-09-25T16:00:00Z,465708,16.864605
16.99,17.955,16.485,4560,17.5,2025-09-26T12:00:00Z,631461,16.92716
17.7,17.7,16.97,4729,16.97,2025-09-26T16:00:00Z,594389,17.482586
19.29,19.48,18.07,2641,18.1,2025-09-29T12:00:00Z,428712,19.049974
19.77,20.0,19.18,3574,19.28,2025-09-29T16:00:00Z,464602,19.69638
19.21,19.77,19.13,2520,19.68,2025-09-30T12:00:00Z,348154,19.366174
19.015,19.355,18.77,3483,19.26,2025-09-30T16:00:00Z,391017,18.981638
18.975,19.57,18.925,3752,19.51,2025-10-01T12:00:00Z,452286,19.213939
18.95,19.21,18.525,4273,19.005,2025-10-01T16:00:00Z,486607,18.873101
19.425,19.64,18.91,1918,19.36,2025-10-02T12:00:00Z,242695,19.202664
19.25,19.645,19.07,2548,19.41,2025-10-02T16:00:00Z,296278,19.301883
20.555,20.56,18.97,4156,19.34,2025-10-03T12:00:00Z,632008,19.97436
19.43,20.78,19.415,5176,20.565,2025-10-03T16:00:00Z,587884,19.948165
21.915,22.075,20.11,4964,20.38,2025-10-06T12:00:00Z,655471,21.289756
21.58,21.955,20.905,5751,21.885,2025-10-06T16:00:00Z,716185,21.363802
21.56,21.56,21.56,1,21.56,2025-10-06T20:00:00Z,100,21.56
20.425,21.86,20.13,5004,21.82,2025-10-07T12:00:00Z,522676,21.005191
21.47,21.56,20.43,5023,20.44,2025-10-07T16:00:00Z,505805,21.077796
21.435,22.015,21.405,2778,21.68,2025-10-08T12:00:00Z,273623,21.635948
21.97,22.41,21.43,5456,21.435,2025-10-08T16:00:00Z,508983,22.024194
21.56,22.24,21.31,3526,22.02,2025-10-09T12:00:00Z,380986,21.726878
22.27,22.36,21.175,4377,21.53,2025-10-09T16:00:00Z,482444,21.7593
22.335,23.935,21.55,4829,22.84,2025-10-10T12:00:00Z,496725,22.915328
20.99,22.63,20.64,10103,22.28,2025-10-10T16:00:00Z,937945,21.497278
21.9,21.945,20.87,4960,21.63,2025-10-13T12:00:00Z,406991,21.415925
21.69,22.01,21.48,4753,21.86,2025-10-13T16:00:00Z,428707,21.768199
22.5,22.5,20.1,1366,20.98,2025-10-14T12:00:00Z,160812,21.445176
22.175,22.925,22.03,2652,22.545,2025-10-14T16:00:00Z,247947,22.495557
22.17,23.0,21.94,1815,22.8,2025-10-15T12:00:00Z,185965,22.569781
22.125,22.53,21.5,3153,22.15,2025-10-15T16:00:00Z,387911,22.127543
20.82,22.32,20.745,3186,22.32,2025-10-16T12:00:00Z,327731,21.299488
19.54,20.82,19.405,7594,20.805,2025-10-16T16:00:00Z,854029,20.181939
19.41,19.425,18.5,5240,18.98,2025-10-17T12:00:00Z,542809,19.010489
20.025,20.29,19.42,3721,19.42,2025-10-17T16:00:00Z,372813,19.951329
22.34,22.54,20.625,4830,21.05,2025-10-20T12:00:00Z,506707,21.972001
22.0,22.465,21.935,5073,22.37,2025-10-20T16:00:00Z,536087,22.184036
21.94,22.18,21.09,3500,21.595,2025-10-21T12:00:00Z,387553,21.556707
20.66,21.94,20.49,5684,21.94,2025-10-21T16:00:00Z,611280,21.00157
18.99,20.58,18.89,6546,20.305,2025-10-22T12:00:00Z,643341,19.618423
18.98,19.08,18.4,5054,18.97,2025-10-22T16:00:00Z,610898,18.779519
20.475,20.615,19.15,4080,19.15,2025-10-23T12:00:00Z,440976,19.889844
20.48,20.95,20.18,4853,20.48,2025-10-23T16:00:00Z,618115,20.578518
21.525,21.885,20.91,2650,21.24,2025-10-24T12:00:00Z,286584,21.395529
21.41,21.75,21.25,3668,21.55,2025-10-24T16:00:00Z,424885,21.461863
22.38,22.47,21.575,5013,22.29,2025-10-27T12:00:00Z,445298,22.116674
22.98,23.485,22.305,5467,22.375,2025-10-27T16:00:00Z,540492,22.900466
22.71,23.23,22.61,3828,22.71,2025-10-28T12:00:00Z,376061,22.881138
21.56,22.905,21.435,8692,22.7,2025-10-28T16:00:00Z,886748,22.146846
22.26,22.575,21.08,3127,21.87,2025-10-29T12:00:00Z,325196,22.023101
22.17,22.55,21.3,6761,22.26,2025-10-29T16:00:00Z,705649,22.155414
20.85,21.81,20.75,4845,21.39,2025-10-30T12:00:00Z,490205,21.333907
21.07,21.35,20.765,6062,20.83,2025-10-30T16:00:00Z,683691,21.079772
19.76,21.86,19.715,4834,21.75,2025-10-31T12:00:00Z,516622,20.381192
19.79,19.945,19.32,7208,19.74,2025-10-31T16:00:00Z,723846,19.624698
20.2,21.83,20.13,2611,20.29,2025-11-03T12:00:00Z,328727,21.053602
21.03,21.185,19.97,6540,20.19,2025-11-03T16:00:00Z,561255,20.514824
20.71,21.205,20.68,2150,21.05,2025-11-03T20:00:00Z,256900,20.911753
20.22,20.91,19.07,3140,19.73,2025-11-04T12:00:00Z,333963,20.350391
19.38,20.365,19.34,7641,20.24,2025-11-04T16:00:00Z,725773,19.791573
19.27,19.605,19.25,2251,19.41,2025-11-04T20:00:00Z,236693,19.451406
19.32,19.99,18.86,2438,19.92,2025-11-05T12:00:00Z,305127,19.154618
18.825,19.405,18.42,4958,19.325,2025-11-05T16:00:00Z,616237,18.85999
18.97,19.03,18.605,1876,18.855,2025-11-05T20:00:00Z,215684,18.825897
17.87,18.875,17.75,3137,18.805,2025-11-06T12:00:00Z,363489,18.103113
17.83,18.175,17.605,5118,17.89,2025-11-06T16:00:00Z,628547,17.877381
17.315,17.895,17.3,2076,17.86,2025-11-06T20:00:00Z,268873,17.489042
16.315,16.81,16.075,2216,16.58,2025-11-07T12:00:00Z,285369,16.421111
16.855,17.01,15.975,2871,16.305,2025-11-07T16:00:00Z,327156,16.38139
17.02,17.12,16.58,1318,16.86,2025-11-07T20:00:00Z,146559,16.88657
17.19,17.97,17.14,2314,17.76,2025-11-10T12:00:00Z,267061,17.604815
17.25,17.77,17.06,3695,17.18,2025-11-10T16:00:00Z,416699,17.475589
17.31,17.44,17.13,1057,17.25,2025-11-10T20:00:00Z,129581,17.294493
16.01,16.795,15.965,2442,16.79,2025-11-11T12:00:00Z,313663,16.260298
15.98,16.33,15.93,3807,16.015,2025-11-11T16:00:00Z,478156,16.162127
16.12,16.19,15.96,1861,15.98,2025-11-11T20:00:00Z,266775,16.092167
15.81,16.47,15.68,2925,16.47,2025-11-12T12:00:00Z,334397,16.016182
15.345,15.89,15.08,5448,15.81,2025-11-12T16:00:00Z,643335,15.38715
15.46,15.605,15.315,2091,15.335,2025-11-12T20:00:00Z,285133,15.44145
14.31,15.13,14.26,4563,15.13,2025-11-13T12:00:00Z,582216,14.66818
13.88,14.37,13.6,5901,14.31,2025-11-13T16:00:00Z,757603,13.91596
13.89,13.93,13.65,1894,13.85,2025-11-13T20:00:00Z,227946,13.808552
13.96,14.125,12.78,2691,13.03,2025-11-14T12:00:00Z,424342,13.60644
14.31,14.53,13.8,3779,13.96,2025-11-14T16:00:00Z,433612,14.247309
13.98,14.35,13.9,1939,14.33,2025-11-14T20:00:00Z,298398,14.094336
13.885,14.23,13.52,2828,13.765,2025-11-17T12:00:00Z,330293,13.928342
13.56,14.03,13.345,4710,13.92,2025-11-17T16:00:00Z,528514,13.713949
13.9,13.915,13.47,2040,13.53,2025-11-17T20:00:00Z,295618,13.763323
13.65,14.24,13.47,3334,13.65,2025-11-18T12:00:00Z,378158,13.725492
13.855,14.06,13.46,7192,13.65,2025-11-18T16:00:00Z,767265,13.843108
13.96,14.07,13.82,2263,13.865,2025-11-18T20:00:00Z,298165,13.962464
13.36,14.44,13.32,3477,13.945,2025-11-19T12:00:00Z,420442,13.903744
13.24,13.5,13.045,5805,13.36,2025-11-19T16:00:00Z,742350,13.264045
13.35,13.53,13.19,1511,13.21,2025-11-19T20:00:00Z,212985,13.361035
13.885,14.33,13.74,3570,14.11,2025-11-20T12:00:00Z,387169,14.016052
13.27,13.92,12.905,8312,13.87,2025-11-20T16:00:00Z,847101,13.307401
12.78,13.275,12.74,2550,13.26,2025-11-20T20:00:00Z,294695,12.944397
12.2,12.89,12.04,3233,12.465,2025-11-21T12:00:00Z,326098,12.490609
12.655,12.835,12.11,5282,12.24,2025-11-21T16:00:00Z,543914,12.549046
12.7,12.825,12.56,1807,12.66,2025-11-21T20:00:00Z,212305,12.691939
13.675,13.74,12.875,3349,13.05,2025-11-24T12:00:00Z,319632,13.436127
13.805,13.905,13.59,3210,13.69,2025-11-24T16:00:00Z,313318,13.761614
13.875,13.9,13.71,1463,13.81,2025-11-24T20:00:00Z,250397,13.80486
13.79,13.9,13.135,3859,13.63,2025-11-25T12:00:00Z,398161,13.570629
14.13,14.195,13.705,4141,13.77,2025-11-25T16:00:00Z,491311,13.922307
14.4,14.435,14.075,2148,14.145,2025-11-25T20:00:00Z,288778,14.285533
14.67,14.73,14.24,2071,14.59,2025-11-26T12:00:00Z,196601,14.567677
15.185,15.205,14.375,4436,14.675,2025-11-26T16:00:00Z,477509,14.811628
14.98,15.235,14.95,1813,15.225,2025-11-26T20:00:00Z,197965,15.041775
16.4,16.65,15.565,3783,15.68,2025-11-28T12:00:00Z,440140,16.305268
16.12,16.53,15.83,4266,16.39,2025-11-28T16:00:00Z,517559,16.238646
15.14,15.77,14.89,3200,15.31,2025-12-01T12:00:00Z,374614,15.348632
15.57,15.79,14.915,2977,15.125,2025-12-01T16:00:00Z,295606,15.464966
15.48,15.8,15.42,2031,15.57,2025-12-01T20:00:00Z,237196,15.57267
15.6,16.25,15.41,2681,15.835,2025-12-02T12:00:00Z,308622,15.799556
15.79,15.95,15.36,3846,15.59,2025-12-02T16:00:00Z,394903,15.616066
15.21,15.81,15.2,1248,15.8,2025-12-02T20:00:00Z,156363,15.42261
15.255,15.35,14.91,2093,15.24,2025-12-03T12:00:00Z,216585,15.141543
15.49,15.535,15.07,2820,15.26,2025-12-03T16:00:00Z,283775,15.310929
15.63,15.68,15.42,1172,15.5,2025-12-03T20:00:00Z,124051,15.546985
15.67,15.74,15.23,2082,15.36,2025-12-04T12:00:00Z,202684,15.526886
15.82,15.84,15.395,3531,15.67,2025-12-04T16:00:00Z,361464,15.633474
15.61,15.83,15.51,1200,15.81,2025-12-04T20:00:00Z,136607,15.687875
15.06,15.42,15.01,1984,15.34,2025-12-05T12:00:00Z,213575,15.20875
15.145,15.16,14.705,4356,15.075,2025-12-05T16:00:00Z,523369,14.974922
14.94,15.23,14.93,1272,15.15,2025-12-05T20:00:00Z,175731,15.04685
15.015,15.25,14.765,1347,15.14,2025-12-08T12:00:00Z,163466,15.007129
14.95,15.405,14.89,1928,15.01,2025-12-08T16:00:00Z,176032,15.120275
14.97,15.045,14.84,841,14.99,2025-12-08T20:00:00Z,78267,14.935508
15.39,15.405,14.41,1786,14.57,2025-12-09T12:00:00Z,188861,14.914929
15.88,15.96,15.365,3502,15.415,2025-12-09T16:00:00Z,411148,15.676218
15.52,15.885,15.43,1289,15.875,2025-12-09T20:00:00Z,144569,15.55128
15.245,15.4,15.14,1272,15.27,2025-12-10T12:00:00Z,108327,15.260728
15.52,15.81,15.11,3223,15.24,2025-12-10T16:00:00Z,307611,15.383965
15.48,15.81,15.315,2325,15.52,2025-12-10T20:00:00Z,229117,15.610371
14.855,15.34,14.67,2184,15.09,2025-12-11T12:00:00Z,234701,14.994371
15.185,15.25,14.7,3225,14.84,2025-12-11T16:00:00Z,341532,15.028645
15.76,15.79,15.12,1773,15.18,2025-12-11T20:00:00Z,235902,15.579033
15.25,16.27,15.165,2692,15.815,2025-12-12T12:00:00Z,332392,15.786241
15.47,15.775,15.03,3244,15.23,2025-12-12T16:00:00Z,396808,15.361053
15.31,15.485,15.195,1588,15.46,2025-12-12T20:00:00Z,257702,15.290045
14.025,15.245,13.82,3054,15.19,2025-12-15T12:00:00Z,352064,14.403048
13.825,14.285,13.665,3257,14.02,2025-12-15T16:00:00Z,359598,13.944587
13.7,13.89,13.575,2452,13.82,2025-12-15T20:00:00Z,277905,13.673396
13.49,13.85,13.205,2800,13.575,2025-12-16T12:00:00Z,252588,13.468415
13.38,13.505,13.075,4003,13.505,2025-12-16T16:00:00Z,333555,13.285714
13.38,13.61,13.38,1812,13.385,2025-12-16T20:00:00Z,195907,13.510349
13.43,13.99,13.385,2282,13.74,2025-12-17T12:00:00Z,251925,13.753266
13.065,13.61,12.95,3128,13.42,2025-12-17T16:00:00Z,311897,13.303516
12.95,13.125,12.835,1848,13.1,2025-12-17T20:00:00Z,244337,12.933057
13.38,13.715,13.125,2838,13.51,2025-12-18T12:00:00Z,297907,13.324413
13.235,13.56,13.16,4211,13.4,2025-12-18T16:00:00Z,461108,13.336182
13.37,13.48,13.215,1332,13.235,2025-12-18T20:00:00Z,166631,13.377384
13.82,14.04,13.69,1846,13.71,2025-12-19T12:00:00Z,221149,13.88784
14.27,14.325,13.79,2620,13.81,2025-12-19T16:00:00Z,338556,14.072846
14.53,14.54,14.255,1798,14.285,2025-12-19T20:00:00Z,280964,14.441317
14.73,15.06,14.585,1938,14.88,2025-12-22T12:00:00Z,219457,14.786404
14.525,14.84,14.465,2219,14.73,2025-12-22T16:00:00Z,227399,14.618692
14.42,14.62,14.295,1628,14.51,2025-12-22T20:00:00Z,241931,14.441682
13.905,14.225,13.84,1303,14.095,2025-12-23T12:00:00Z,137314,14.022838
13.745,14.09,13.71,2528,13.89,2025-12-23T16:00:00Z,322816,13.895564
13.69,13.83,13.635,1177,13.73,2025-12-23T20:00:00Z,136879,13.70439
13.695,13.775,13.55,876,13.725,2025-12-24T12:00:00Z,80648,13.672644
13.92,13.93,13.7,1273,13.7,2025-12-24T16:00:00Z,142266,13.814781
13.58,14.07,13.38,1160,14.07,2025-12-26T12:00:00Z,117510,13.500176
13.53,13.745,13.525,1361,13.585,2025-12-26T16:00:00Z,135756,13.640434
13.43,13.58,13.38,848,13.53,2025-12-26T20:00:00Z,128225,13.467945
13.275,13.63,13.26,712,13.26,2025-12-29T12:00:00Z,58382,13.405958
13.18,13.32,13.05,1154,13.28,2025-12-29T16:00:00Z,129587,13.190873
13.2,13.225,13.115,818,13.175,2025-12-29T20:00:00Z,104608,13.196077
13.38,13.48,13.18,940,13.32,2025-12-30T12:00:00Z,106589,13.315462
13.1,13.395,13.07,1164,13.395,2025-12-30T16:00:00Z,124496,13.207198
12.71,13.1,12.7,1286,13.1,2025-12-30T20:00:00Z,194267,12.846396
12.77,13.06,12.63,1314,12.84,2025-12-31T12:00:00Z,129530,12.799193
12.785,13.035,12.74,1714,12.76,2025-12-31T16:00:00Z,198112,12.898679
12.65,12.795,12.63,857,12.795,2025-12-31T20:00:00Z,90866,12.68549
13.97,14.06,12.65,2085,12.87,2026-01-02T12:00:00Z,220793,13.478022
14.19,14.385,13.81,2654,13.98,2026-01-02T16:00:00Z,265631,14.094067
14.18,14.36,14.05,1595,14.16,2026-01-02T20:00:00Z,216238,14.228058
14.665,14.82,14.44,1221,14.76,2026-01-05T12:00:00Z,146099,14.624317
14.7,14.81,14.365,1935,14.67,2026-01-05T16:00:00Z,225419,14.600842
14.85,14.95,14.66,1276,14.68,2026-01-05T20:00:00Z,140769,14.821435
14.72,15.205,14.635,1744,14.74,2026-01-06T12:00:00Z,164031,14.848823
14.77,14.815,14.385,2583,14.695,2026-01-06T16:00:00Z,255886,14.581339
14.98,15.025,14.785,1523,14.785,2026-01-06T20:00:00Z,169394,14.932546
15.29,15.3,14.61,1946,14.885,2026-01-07T12:00:00Z,223574,14.984651
15.065,15.34,14.88,3597,15.33,2026-01-07T16:00:00Z,396762,15.159827
15.26,15.285,14.96,1415,15.08,2026-01-07T20:00:00Z,190621,15.158221
15.215,15.465,14.85,2748,15.075,2026-01-08T12:00:00Z,276780,15.193817
15.075,15.485,15.045,3584,15.22,2026-01-08T16:00:00Z,260003,15.289537
15.135,15.26,14.97,1336,15.065,2026-01-08T20:00:00Z,146139,15.108991
15.685,16.075,15.295,2427,15.49,2026-01-09T12:00:00Z,299913,15.613706
15.29,15.775,15.25,3970,15.71,2026-01-09T16:00:00Z,350016,15.575803
15.33,15.375,15.205,1228,15.28,2026-01-09T20:00:00Z,136995,15.287434
15.29,15.55,15.0,1455,15.17,2026-01-12T12:00:00Z,154850,15.249686
16.22,16.22,15.25,2604,15.28,2026-01-12T16:00:00Z,339212,15.72324
16.45,16.46,16.085,2426,16.25,2026-01-12T20:00:00Z,306275,16.279222
16.77,16.95,16.465,1366,16.67,2026-01-13T12:00:00Z,156683,16.678628
16.535,16.77,16.155,3041,16.765,2026-01-13T16:00:00Z,318909,16.368762
16.76,16.815,16.49,2919,16.54,2026-01-13T20:00:00Z,463397,16.722604
17.515,17.52,16.76,7616,17.0,2026-01-14T12:00:00Z,726430,17.189682
17.93,17.94,17.17,4868,17.525,2026-01-14T16:00:00Z,599868,17.603658
17.31,17.905,17.25,1857,17.905,2026-01-14T20:00:00Z,206559,17.534818
16.985,17.22,16.515,2804,17.22,2026-01-15T12:00:00Z,258870,16.7487
17.09,17.325,16.905,3154,16.98,2026-01-15T16:00:00Z,250356,17.081221
16.56,17.115,16.55,1508,17.115,2026-01-15T20:00:00Z,158105,16.743742
18.455,18.88,17.28,8432,18.09,2026-01-16T12:00:00Z,1046317,18.332693
18.79,19.04,18.28,6041,18.47,2026-01-16T16:00:00Z,720320,18.660579
19.225,19.385,18.655,3995,18.79,2026-01-16T20:00:00Z,541461,19.098281
18.64,18.7,17.8,4923,18.1,2026-01-20T12:00:00Z,583118,18.180146
18.45,18.98,18.065,4836,18.64,2026-01-20T16:00:00Z,592447,18.615718
18.1,18.455,18.09,1791,18.41,2026-01-20T20:00:00Z,179074,18.266477
18.28,18.75,17.98,2997,18.22,2026-01-21T12:00:00Z,311488,18.294727
17.61,18.315,16.98,5101,18.26,2026-01-21T16:00:00Z,577554,17.384166
17.27,17.63,17.195,2096,17.61,2026-01-21T20:00:00Z,244719,17.362521
17.08,17.62,16.805,2708,17.53,2026-01-22T12:00:00Z,244089,17.124888
16.97,17.205,16.895,3075,17.08,2026-01-22T16:00:00Z,294062,17.030439
17.1,17.14,16.88,1313,16.965,2026-01-22T20:00:00Z,167765,17.004985
17.32,17.32,16.55,2439,16.98,2026-01-23T12:00:00Z,279399,16.850195
17.805,18.44,17.21,7174,17.295,2026-01-23T16:00:00Z,663407,17.865295
17.28,17.81,17.255,1729,17.81,2026-01-23T20:00:00Z,172005,17.460549
16.695,17.115,16.34,2389,17.115,2026-01-26T12:00:00Z,283800,16.667357
16.35,16.975,16.325,2675,16.685,2026-01-26T16:00:00Z,275740,16.666585
16.24,16.465,16.205,1628,16.3,2026-01-26T20:00:00Z,194668,16.300602
16.675,16.955,16.19,1705,16.315,2026-01-27T12:00:00Z,181069,16.546415
17.475,17.525,16.65,4046,16.7,2026-01-27T16:00:00Z,401678,17.106216
17.58,17.7,17.23,1433,17.465,2026-01-27T20:00:00Z,147179,17.464785
17.705,18.03,17.645,1606,17.925,2026-01-28T12:00:00Z,158249,17.810686
17.425,17.89,17.18,3604,17.72,2026-01-28T16:00:00Z,341267,17.612921
17.55,17.72,17.38,1431,17.425,2026-01-28T20:00:00Z,156214,17.526298
16.19,17.42,16.07,1875,17.42,2026-01-29T12:00:00Z,214613,16.553444
16.795,17.2,16.08,3727,16.21,2026-01-29T16:00:00Z,405755,16.765752
16.965,17.03,16.475,1428,16.785,2026-01-29T20:00:00Z,143770,16.78435
15.88,16.55,15.71,2736,16.4,2026-01-30T12:00:00Z,280111,15.960131
15.525,15.925,15.285,5332,15.885,2026-01-30T16:00:00Z,493987,15.618091
15.48,15.635,15.265,1615,15.525,2026-01-30T20:00:00Z,167125,15.453299
15.315,15.54,14.74,1641,14.83,2026-02-02T12:00:00Z,182965,15.334989
15.5,15.79,15.21,2149,15.275,2026-02-02T16:00:00Z,264881,15.497581
15.31,15.66,15.2,1653,15.52,2026-02-02T20:00:00Z,249403,15.37263
16.14,16.19,15.37,2227,15.56,2026-02-03T12:00:00Z,283872,15.716682
15.065,16.13,14.73,3999,16.12,2026-02-03T16:00:00Z,470938,15.311896
15.35,15.47,15.005,1446,15.045,2026-02-03T20:00:00Z,168932,15.224946
13.88,15.09,13.72,2577,15.09,2026-02-04T12:00:00Z,333141,14.124506
14.205,14.26,13.46,7077,13.88,2026-02-04T16:00:00Z,1083051,13.801719
14.22,14.27,14.03,2120,14.21,2026-02-04T20:00:00Z,289989,14.132071
13.185,14.17,12.705,3448,13.655,2026-02-05T12:00:00Z,410530,13.383488
12.43,13.615,12.405,6318,13.22,2026-02-05T16:00:00Z,691837,13.142401
12.06,12.52,11.825,3478,12.435,2026-02-05T20:00:00Z,356660,12.101954
13.89,14.12,12.84,3495,12.84,2026-02-06T12:00:00Z,371896,13.667809
14.39,14.455,13.855,4449,13.895,2026-02-06T16:00:00Z,432246,14.151182
14.43,14.565,14.235,2167,14.38,2026-02-06T20:00:00Z,264986,14.427513
14.74,14.75,13.83,2739,13.925,2026-02-09T12:00:00Z,291280,14.416753
15.03,15.075,14.61,3502,14.76,2026-02-09T16:00:00Z,441675,14.834333
14.99,15.115,14.93,1553,15.02,2026-02-09T20:00:00Z,191077,15.003661
15.25,15.295,14.52,1767,14.61,2026-02-10T12:00:00Z,191195,15.004406
15.0,15.315,14.83,2424,15.27,2026-02-10T16:00:00Z,302282,15.108379
14.81,14.965,14.715,1388,14.915,2026-02-10T20:00:00Z,182016,14.848026
14.835,15.09,14.41,3367,14.73,2026-02-11T12:00:00Z,387326,14.759454
14.685,15.095,14.28,4832,14.84,2026-02-11T16:00:00Z,594528,14.70891
14.8,14.82,14.545,1263,14.645,2026-02-11T20:00:00Z,168887,14.657538
14.91,15.16,14.76,2411,14.77,2026-02-12T12:00:00Z,274415,14.97152
14.215,14.94,13.94,6084,14.905,2026-02-12T16:00:00Z,788300,14.206806
14.2,14.35,14.07,1580,14.22,2026-02-12T20:00:00Z,208341,14.215194
15.27,15.62,14.025,3417,14.28,2026-02-13T12:00:00Z,373165,15.006397
15.19,15.55,15.15,3896,15.305,2026-02-13T16:00:00Z,474422,15.397276
15.23,15.3,15.1,1235,15.21,2026-02-13T20:00:00Z,135195,15.195509
14.515,15.01,14.085,2232,14.97,2026-02-17T12:00:00Z,248044,14.477504
14.895,15.02,14.175,3023,14.5,2026-02-17T16:00:00Z,288554,14.647264
14.67,14.9,14.56,1246,14.88,2026-02-17T20:00:00Z,129553,14.681564
15.445,15.74,15.07,2458,15.23,2026-02-18T12:00:00Z,357394,15.475463
15.35,16.06,15.265,3342,15.445,2026-02-18T16:00:00Z,451419,15.713268
15.5,15.585,15.105,1755,15.34,2026-02-18T20:00:00Z,249508,15.422111
15.72,15.78,15.125,2355,15.285,2026-02-19T12:00:00Z,267711,15.46955
15.795,15.945,15.43,2749,15.67,2026-02-19T16:00:00Z,268159,15.690504
16.23,16.24,15.77,1526,15.815,2026-02-19T20:00:00Z,153389,16.008267
16.525,17.185,16.04,2011,16.11,2026-02-20T12:00:00Z,213005,16.66295
15.435,16.69,15.42,2853,16.525,2026-02-20T16:00:00Z,297078,15.892274
15.68,15.83,15.415,1703,15.42,2026-02-20T20:00:00Z,174496,15.674092
15.66,15.98,15.13,2157,15.18,2026-02-23T12:00:00Z,253634,15.757816
15.79,15.845,15.3,2673,15.65,2026-02-23T16:00:00Z,304484,15.537928
15.67,15.785,15.525,1440,15.775,2026-02-23T20:00:00Z,172638,15.623418
16.19,16.59,15.4,2525,15.72,2026-02-24T12:00:00Z,320070,16.156002
16.565,16.78,16.13,3053,16.19,2026-02-24T16:00:00Z,317909,16.458736
16.48,16.65,16.475,1488,16.565,2026-02-24T20:00:00Z,187441,16.541386
16.82,17.215,16.74,2139,17.03,2026-02-25T12:00:00Z,217981,16.947864
17.3,17.405,16.815,3100,16.83,2026-02-25T16:00:00Z,323715,17.044627
17.09,17.34,17.02,1810,17.315,2026-02-25T20:00:00Z,200153,17.111036
16.93,17.21,16.56,1301,16.87,2026-02-26T12:00:00Z,140866,16.873844
16.84,17.16,16.61,2249,16.96,2026-02-26T16:00:00Z,197025,16.855792
17.09,17.1,16.815,1297,16.835,2026-02-26T20:00:00Z,144437,17.008167
16.62,16.94,16.48,1524,16.8,2026-02-27T12:00:00Z,125981,16.72283
15.83,16.62,15.795,2433,16.62,2026-02-27T16:00:00Z,284238,16.077746
16.31,16.345,15.785,1879,15.82,2026-02-27T20:00:00Z,196465,16.130261
16.78,16.8,15.555,1664,15.57,2026-03-02T12:00:00Z,196194,16.433406
16.16,16.895,15.965,3808,16.77,2026-03-02T16:00:00Z,459714,16.412396
16.42,16.475,16.05,2762,16.165,2026-03-02T20:00:00Z,371607,16.309732
15.375,16.28,15.15,1884,15.89,2026-03-03T12:00:00Z,238640,15.666548
15.45,15.965,15.21,4921,15.39,2026-03-03T16:00:00Z,722332,15.603385
15.29,15.585,15.16,2141,15.45,2026-03-03T20:00:00Z,351973,15.264102
16.965,17.015,15.52,2211,15.68,2026-03-04T12:00:00Z,221456,16.369803
16.695,16.96,16.155,3982,16.955,2026-03-04T16:00:00Z,369662,16.416625
16.53,16.725,16.42,1751,16.7,2026-03-04T20:00:00Z,218508,16.553485
15.92,16.605,15.91,1644,16.38,2026-03-05T12:00:00Z,181116,16.296161
15.33,15.965,15.05,3255,15.94,2026-03-05T16:00:00Z,351745,15.453348
15.61,15.72,15.25,1676,15.31,2026-03-05T20:00:00Z,213073,15.582522
14.33,15.09,14.235,1978,15.03,2026-03-06T12:00:00Z,245334,14.512795
14.255,14.505,14.1,3021,14.34,2026-03-06T16:00:00Z,313225,14.346997
14.165,14.295,13.95,2195,14.265,2026-03-06T20:00:00Z,267850,14.137385
13.995,14.215,13.57,2417,13.98,2026-03-09T12:00:00Z,247375,13.873584
14.69,14.78,13.915,3814,13.98,2026-03-09T16:00:00Z,412312,14.431679
15.0,15.36,14.72,2558,14.825,2026-03-10T12:00:00Z,295206,15.019914
14.64,14.98,14.54,3198,14.96,2026-03-10T16:00:00Z,314672,14.775269
14.58,15.255,14.47,3000,14.65,2026-03-11T12:00:00Z,366288,14.889036
14.82,14.82,14.36,3961,14.585,2026-03-11T16:00:00Z,438157,14.603498
14.285,14.455,13.935,1891,14.41,2026-03-12T12:00:00Z,205578,14.161606
14.51,14.75,14.11,3502,14.28,2026-03-12T16:00:00Z,364665,14.520128
14.735,15.55,14.735,2705,15.03,2026-03-13T12:00:00Z,404528,15.127243
14.02,14.77,14.01,3963,14.74,2026-03-13T16:00:00Z,547512,14.257699
14.385,14.83,14.18,2811,14.66,2026-03-16T12:00:00Z,341057,14.467344
14.4,14.595,14.3,5008,14.39,2026-03-16T16:00:00Z,646554,14.435075
14.41,14.505,14.185,2607,14.21,2026-03-17T12:00:00Z,276202,14.389594
14.67,14.985,14.39,5251,14.43,2026-03-17T16:00:00Z,565161,14.670373
13.99,14.665,13.96,2672,14.46,2026-03-18T12:00:00Z,289359,14.241869
14.1,14.285,13.935,3484,13.995,2026-03-18T16:00:00Z,308556,14.123194
14.01,14.075,13.27,1989,13.705,2026-03-19T12:00:00Z,216666,13.759022
14.16,14.34,13.805,4029,14.005,2026-03-19T16:00:00Z,435898,14.074328
13.78,14.1,13.645,1772,14.01,2026-03-20T12:00:00Z,209191,13.852861
13.4,13.86,13.015,3162,13.8,2026-03-20T16:00:00Z,388192,13.351836
14.19,14.575,13.49,3619,13.51,2026-03-23T12:00:00Z,399535,14.213211
14.35,14.53,13.985,3230,14.22,2026-03-23T16:00:00Z,386542,14.307772
14.12,14.7,14.025,2423,14.18,2026-03-24T12:00:00Z,255583,14.304272
14.31,14.6,14.06,4200,14.11,2026-03-24T16:00:00Z,457012,14.345795
14.68,15.24,14.605,2234,14.835,2026-03-25T12:00:00Z,260529,14.840022
15.16,15.2,14.475,5457,14.66,2026-03-25T16:00:00Z,642214,14.814587
14.06,14.835,13.915,3128,14.8,2026-03-26T12:00:00Z,348988,14.242503
14.005,14.105,13.645,4205,14.05,2026-03-26T16:00:00Z,501338,13.876417
13.045,13.67,12.76,2203,13.67,2026-03-27T12:00:00Z,326891,13.069954
12.79,13.085,12.665,3473,13.05,2026-03-27T16:00:00Z,485916,12.831779
12.34,13.06,12.03,3656,12.89,2026-03-30T12:00:00Z,430384,12.361419
11.84,12.315,11.515,3977,12.315,2026-03-30T16:00:00Z,524020,11.803683
11.62,12.16,11.52,2714,12.16,2026-03-31T12:00:00Z,389661,11.808896
12.36,12.48,11.61,3899,11.61,2026-03-31T16:00:00Z,517770,12.230051
12.8,12.84,12.5,2034,12.65,2026-04-01T12:00:00Z,231401,12.681281
12.54,12.86,12.42,3293,12.8,2026-04-01T16:00:00Z,444646,12.611857
12.765,12.995,11.95,2065,11.95,2026-04-02T12:00:00Z,253180,12.4966
12.87,12.915,12.58,3042,12.77,2026-04-02T16:00:00Z,363878,12.794359
13.61,13.665,12.975,1959,12.975,2026-04-06T12:00:00Z,190395,13.481519
13.51,13.705,13.345,2293,13.615,2026-04-06T16:00:00Z,211756,13.538502
13.725,13.835,13.245,2512,13.35,2026-04-07T12:00:00Z,299456,13.598272
14.19,14.2,13.715,4670,13.72,2026-04-07T16:00:00Z,492102,13.99005
15.9,15.96,15.34,3869,15.49,2026-04-08T12:00:00Z,533535,15.581047
16.1,16.31,15.755,6252,15.895,2026-04-08T16:00:00Z,980287,16.095384
16.12,16.12,16.12,1,16.12,2026-04-08T20:00:00Z,100,16.12
16.875,16.915,15.99,2764,15.99,2026-04-09T12:00:00Z,343640,16.600959
16.68,17.165,16.58,3436,16.87,2026-04-09T16:00:00Z,453768,16.810881
16.68,17.13,16.665,3118,16.785,2026-04-10T12:00:00Z,288836,16.967477
16.59,17.005,16.57,4055,16.68,2026-04-10T16:00:00Z,458202,16.760473
17.03,17.25,15.97,2109,16.08,2026-04-13T12:00:00Z,223667,16.937975
17.35,17.435,16.95,3777,17.04,2026-04-13T16:00:00Z,425037,17.252632
18.445,18.9,17.83,3344,18.02,2026-04-14T12:00:00Z,438626,18.565898
18.11,18.58,18.03,4302,18.445,2026-04-14T16:00:00Z,491998,18.270517
17.015,17.925,16.815,4885,17.765,2026-04-15T12:00:00Z,689638,17.374008
17.425,17.46,16.605,6900,17.015,2026-04-15T16:00:00Z,1087882,17.041458
16.645,17.675,16.3,4008,17.595,2026-04-16T12:00:00Z,514959,16.690748
16.91,16.945,16.165,5230,16.65,2026-04-16T16:00:00Z,617130,16.589364
18.175,18.235,17.0,2631,17.0,2026-04-17T12:00:00Z,291359,17.734619
18.11,18.475,17.665,4645,18.175,2026-04-17T16:00:00Z,472785,18.08047
17.755,18.515,17.655,4506,17.73,2026-04-20T12:00:00Z,607432,18.048147
18.11,18.48,17.585,4156,17.755,2026-04-20T16:00:00Z,579901,18.104279
17.7,18.3,17.565,2828,18.21,2026-04-21T12:00:00Z,241251,17.925016
17.41,17.85,17.355,4308,17.735,2026-04-21T16:00:00Z,432446,17.569744
18.53,18.645,18.11,2710,18.15,2026-04-22T12:00:00Z,332009,18.448429
18.45,18.665,18.195,4012,18.51,2026-04-22T16:00:00Z,528615,18.438896
18.68,18.985,18.27,2768,18.27,2026-04-23T12:00:00Z,302811,18.714929
18.23,18.77,17.79,4217,18.68,2026-04-23T16:00:00Z,425399,18.187836
18.69,19.07,18.265,2868,18.66,2026-04-24T12:00:00Z,325809,18.614409
18.58,18.845,18.315,3498,18.685,2026-04-24T16:00:00Z,487418,18.594119
18.16,18.885,18.015,2547,18.485,2026-04-27T12:00:00Z,298518,18.48825
18.28,18.74,18.145,2912,18.165,2026-04-27T16:00:00Z,340860,18.394066
16.88,17.55,16.5,3068,17.55,2026-04-28T12:00:00Z,406725,16.921314
16.58,16.92,16.505,4014,16.86,2026-04-28T16:00:00Z,582511,16.668821
15.42,16.565,15.31,2658,16.565,2026-04-29T12:00:00Z,374432,15.78612
15.99,16.01,15.36,5124,15.4,2026-04-29T16:00:00Z,662204,15.694402
16.985,17.205,16.215,4206,16.245,2026-04-30T12:00:00Z,526056,16.806232
17.195,17.28,16.76,4928,16.94,2026-04-30T16:00:00Z,569895,17.058101
17.22,17.22,17.19,7,17.19,2026-04-30T20:00:00Z,3013,17.211659
18.925,19.495,18.12,4548,18.12,2026-05-01T12:00:00Z,552109,18.992883
18.5,19.015,18.18,4165,18.94,2026-05-01T16:00:00Z,423717,18.60324
18.47,18.48,18.47,3,18.48,2026-05-01T20:00:00Z,600,18.478333
18.54,19.065,18.175,2790,18.62,2026-05-04T12:00:00Z,274977,18.519607
18.67,18.745,18.215,4377,18.56,2026-05-04T16:00:00Z,396770,18.513067
19.65,19.79,19.08,4036,19.2,2026-05-05T12:00:00Z,453909,19.557633
20.32,20.42,19.41,5847,19.65,2026-05-05T16:00:00Z,680617,19.834441
22.83,23.64,21.37,7557,21.39,2026-05-06T12:00:00Z,967953,22.777629
23.68,23.74,22.815,10120,22.83,2026-05-06T16:00:00Z,1197094,23.331886
23.42,24.09,22.93,5247,23.48,2026-05-07T12:00:00Z,700246,23.587096
24.12,24.14,22.89,8226,23.415,2026-05-07T16:00:00Z,956512,23.540226
24.11,24.11,24.11,1,24.11,2026-05-07T20:00:00Z,100,24.11
23.46,24.49,23.17,3812,24.42,2026-05-08T12:00:00Z,390584,23.505609
24.08,24.4,23.395,4780,23.485,2026-05-08T16:00:00Z,496713,23.993907
25.3,25.46,23.845,4326,23.845,2026-05-11T12:00:00Z,542204,25.031434
25.34,25.855,25.22,6032,25.29,2026-05-11T16:00:00Z,797684,25.508567
25.34,25.34,25.34,1,25.34,2026-05-11T20:00:00Z,100,25.34
23.485,25.01,23.455,3925,24.42,2026-05-12T12:00:00Z,491023,24.003004
24.51,24.825,23.41,4627,23.45,2026-05-12T16:00:00Z,488700,24.276742
24.67,24.805,24.1,2982,24.725,2026-05-13T12:00:00Z,356142,24.607302
24.91,25.29,24.675,4785,24.69,2026-05-13T16:00:00Z,460592,24.962636
24.9,24.975,23.9,2233,24.53,2026-05-14T12:00:00Z,232735,24.451008
24.62,25.19,24.39,4441,24.86,2026-05-14T16:00:00Z,493128,24.700738
23.33,23.81,23.23,445,23.71,2026-05-15T12:00:00Z,58755,23.407514
