c,h,l,n,o,t,v,vw
30.16,31.06,29.45,246,30.71,2021-05-17T12:00:00Z,22658,30.333937
31.05,31.06,29.67,465,30.17,2021-05-17T16:00:00Z,50100,30.597598
31.07,31.07,31.07,1,31.07,2021-05-17T20:00:00Z,100,31.07
31.29,32.03,31.06,136,31.83,2021-05-18T12:00:00Z,12632,31.661098
30.22,31.69,30.22,163,31.31,2021-05-18T16:00:00Z,14628,31.039623
30.11,30.38,30.11,2,30.38,2021-05-18T20:00:00Z,200,30.245
30.77,31.02,28.24,429,28.69,2021-05-19T12:00:00Z,41132,29.382894
32.05,32.13,30.65,396,30.76,2021-05-19T16:00:00Z,36129,31.491737
31.93,31.93,31.93,1,31.93,2021-05-19T20:00:00Z,100,31.93
34.41,34.49,32.26,377,32.26,2021-05-20T12:00:00Z,31618,33.668613
34.58,34.955,33.99,420,34.39,2021-05-20T16:00:00Z,40137,34.577159
34.6,34.82,34.6,10,34.82,2021-05-20T20:00:00Z,850,34.684286
33.84,35.31,33.84,210,35.31,2021-05-21T12:00:00Z,19031,34.57337
34.1,34.68,33.86,181,33.93,2021-05-21T16:00:00Z,17123,34.269255
36.26,36.48,35.09,152,35.2,2021-05-24T12:00:00Z,15733,35.98396
36.47,37.1,36.35,462,36.4,2021-05-24T16:00:00Z,54028,36.784796
37.01,37.72,36.33,251,37.44,2021-05-25T12:00:00Z,24152,37.108082
36.945,37.14,36.53,171,37.02,2021-05-25T16:00:00Z,16190,36.839821
36.98,36.98,36.98,1,36.98,2021-05-25T20:00:00Z,100,36.98
36.68,37.63,36.2,127,37.04,2021-05-26T12:00:00Z,11540,37.00607
37.115,37.125,36.5,129,36.71,2021-05-26T16:00:00Z,13486,36.860697
36.99,36.99,36.99,1,36.99,2021-05-26T20:00:00Z,100,36.99
38.01,38.23,36.75,146,36.8,2021-05-27T12:00:00Z,16850,37.590531
37.82,38.17,37.45,157,38.09,2021-05-27T16:00:00Z,13815,37.784168
37.9,37.97,37.9,4,37.97,2021-05-27T20:00:00Z,325,37.923333
39.13,39.26,37.95,180,38.17,2021-05-28T12:00:00Z,15422,38.621515
38.86,39.24,38.64,303,39.11,2021-05-28T16:00:00Z,24493,39.02105
38.52,40.51,37.94,198,39.41,2021-06-01T12:00:00Z,32102,38.713632
38.26,38.73,38.05,396,38.42,2021-06-01T16:00:00Z,41423,38.475593
38.19,38.19,38.19,1,38.19,2021-06-01T20:00:00Z,100,38.19
39.36,39.5,38.23,87,38.23,2021-06-02T12:00:00Z,9951,39.083816
39.21,39.44,38.65,101,39.44,2021-06-02T16:00:00Z,10332,38.951515
39.28,39.28,39.28,1,39.28,2021-06-02T20:00:00Z,185,39.28
37.715,38.26,36.64,104,37.81,2021-06-03T12:00:00Z,10349,37.351808
37.06,38.14,37.06,140,37.79,2021-06-03T16:00:00Z,14087,37.520566
39.28,39.75,37.7,176,37.93,2021-06-04T12:00:00Z,16596,39.186555
39.6,39.97,39.285,143,39.29,2021-06-04T16:00:00Z,17491,39.686619
39.71,39.71,39.71,1,39.71,2021-06-04T20:00:00Z,100,39.71
38.43,39.32,38.16,127,39.12,2021-06-07T12:00:00Z,11552,38.736421
38.91,39.07,38.55,173,38.62,2021-06-07T16:00:00Z,14224,38.783943
39.24,39.24,39.24,1,39.24,2021-06-07T20:00:00Z,100,39.24
37.96,39.9,37.3,122,39.7,2021-06-08T12:00:00Z,11048,38.852767
38.14,38.43,37.89,94,38.13,2021-06-08T16:00:00Z,8805,38.096098
38.02,38.88,37.74,56,38.58,2021-06-09T12:00:00Z,5241,38.295918
37.66,38.33,37.65,121,38.17,2021-06-09T16:00:00Z,14883,38.00802
37.54,37.54,37.54,1,37.54,2021-06-09T20:00:00Z,100,37.54
38.45,39.3,37.05,140,37.05,2021-06-10T12:00:00Z,14089,38.414781
39.02,39.205,38.32,174,38.47,2021-06-10T16:00:00Z,18057,38.874099
38.98,39.34,38.68,114,39.3,2021-06-11T12:00:00Z,10794,39.020619
39.49,39.49,38.94,242,39.01,2021-06-11T16:00:00Z,21756,39.22681
39.59,39.59,39.5,2,39.5,2021-06-11T20:00:00Z,200,39.545
40.1,40.1,39.22,120,39.81,2021-06-14T12:00:00Z,12217,39.645212
41.1,41.155,40.11,420,40.125,2021-06-14T16:00:00Z,45120,40.724596
41.28,41.28,41.18,2,41.18,2021-06-14T20:00:00Z,250,41.24
40.41,41.53,40.06,151,41.0,2021-06-15T12:00:00Z,15824,40.861812
40.0,40.76,39.76,235,40.61,2021-06-15T16:00:00Z,22898,40.294721
40.3,40.86,40.13,91,40.56,2021-06-16T12:00:00Z,8248,40.439416
39.13,40.32,38.08,464,40.32,2021-06-16T16:00:00Z,52757,38.810171
40.605,41.15,38.83,176,38.83,2021-06-17T12:00:00Z,16608,40.25224
40.3,40.66,39.03,231,40.46,2021-06-17T16:00:00Z,21915,39.996625
37.56,39.6,37.34,188,39.36,2021-06-18T12:00:00Z,18175,38.24997
37.36,37.97,36.78,429,37.63,2021-06-18T16:00:00Z,40442,37.580444
37.72,38.04,36.63,129,37.58,2021-06-21T12:00:00Z,14192,37.372196
38.125,38.125,37.59,154,37.76,2021-06-21T16:00:00Z,17074,37.877182
38.74,38.79,37.46,67,38.23,2021-06-22T12:00:00Z,7202,38.227826
38.47,38.74,37.785,75,38.74,2021-06-22T16:00:00Z,8404,38.342778
38.52,38.52,38.52,1,38.52,2021-06-22T20:00:00Z,100,38.52
39.52,39.56,38.74,84,38.74,2021-06-23T12:00:00Z,8459,39.185494
38.98,39.55,38.98,158,39.52,2021-06-23T16:00:00Z,16509,39.235248
40.98,41.0,39.73,163,39.73,2021-06-24T12:00:00Z,16026,40.656518
41.02,41.23,40.42,136,40.98,2021-06-24T16:00:00Z,12379,40.899135
41.47,41.645,40.945,39,41.15,2021-06-25T12:00:00Z,3929,41.320712
40.62,41.5,40.47,128,41.48,2021-06-25T16:00:00Z,11968,40.903718
43.55,43.55,41.24,231,41.24,2021-06-28T12:00:00Z,32844,42.590776
43.56,44.025,43.25,216,43.54,2021-06-28T16:00:00Z,23979,43.70967
43.56,43.56,43.56,1,43.56,2021-06-28T20:00:00Z,100,43.56
44.36,44.36,43.095,132,43.17,2021-06-29T12:00:00Z,12170,43.745594
44.6,44.62,44.11,215,44.35,2021-06-29T16:00:00Z,19260,44.33772
44.7,44.7,44.7,1,44.7,2021-06-29T20:00:00Z,100,44.7
44.12,44.48,43.73,144,44.48,2021-06-30T12:00:00Z,13211,44.01612
44.59,44.7,43.78,215,44.12,2021-06-30T16:00:00Z,21131,44.147446
42.76,44.3,42.15,65,44.3,2021-07-01T12:00:00Z,5341,42.790073
42.45,42.93,42.37,40,42.93,2021-07-01T16:00:00Z,3714,42.610188
43.12,43.67,42.63,68,43.45,2021-07-02T12:00:00Z,7476,43.200632
43.29,43.35,42.48,63,42.48,2021-07-02T16:00:00Z,6588,43.153972
43.24,43.24,43.24,1,43.24,2021-07-02T20:00:00Z,100,43.24
42.95,44.01,42.69,79,43.55,2021-07-06T12:00:00Z,8691,43.141087
43.09,43.09,41.41,46,42.79,2021-07-06T16:00:00Z,5536,42.032563
41.465,43.89,40.885,46,43.88,2021-07-07T12:00:00Z,15400,41.930779
41.28,41.505,41.01,18,41.26,2021-07-07T16:00:00Z,1531,41.311494
40.13,40.14,37.865,110,39.0,2021-07-08T12:00:00Z,11290,39.379131
39.78,40.27,39.11,332,40.18,2021-07-08T16:00:00Z,29983,39.634548
41.4,41.57,39.66,43,40.49,2021-07-09T12:00:00Z,7887,40.951654
41.76,41.92,41.44,55,41.44,2021-07-09T16:00:00Z,4828,41.774461
42.96,43.0,41.98,58,41.98,2021-07-12T12:00:00Z,6865,42.287002
43.24,43.29,42.52,88,42.93,2021-07-12T16:00:00Z,9325,42.89132
43.31,43.31,43.31,1,43.31,2021-07-12T20:00:00Z,100,43.31
42.88,42.88,42.88,2,42.88,2021-07-13T12:00:00Z,200,42.88
42.515,43.26,42.51,12,43.12,2021-07-13T16:00:00Z,1246,42.946667
41.94,44.74,41.88,109,43.87,2021-07-14T12:00:00Z,14465,43.431195
42.44,42.74,41.95,25,41.95,2021-07-14T16:00:00Z,3643,42.451571
40.03,41.21,39.83,43,40.49,2021-07-15T12:00:00Z,4483,40.496295
39.37,39.74,38.62,125,39.48,2021-07-15T16:00:00Z,10173,39.208298
38.37,40.26,38.07,28,40.11,2021-07-16T12:00:00Z,2656,38.513846
36.64,38.57,36.64,154,38.42,2021-07-16T16:00:00Z,12714,37.418651
36.67,36.83,34.88,73,35.09,2021-07-19T12:00:00Z,8896,35.634241
36.71,36.71,35.88,154,36.25,2021-07-19T16:00:00Z,14349,36.20224
37.13,37.13,37.13,1,37.13,2021-07-19T20:00:00Z,100,37.13
37.26,37.26,36.26,27,36.52,2021-07-20T12:00:00Z,4084,36.469005
38.41,39.005,38.23,14,38.23,2021-07-20T16:00:00Z,1432,38.793214
40.77,40.94,38.85,69,38.85,2021-07-21T12:00:00Z,10413,39.791964
41.68,41.72,40.76,72,40.76,2021-07-21T16:00:00Z,16904,41.175727
41.18,41.18,41.13,2,41.13,2021-07-21T20:00:00Z,250,41.15
40.51,41.34,40.16,58,41.06,2021-07-22T12:00:00Z,6198,40.737338
40.58,40.58,40.11,43,40.21,2021-07-22T16:00:00Z,6181,40.318539
41.37,41.45,40.345,39,41.01,2021-07-23T12:00:00Z,4479,41.086705
41.465,41.465,41.12,6,41.145,2021-07-23T16:00:00Z,1200,41.242917
41.165,41.695,41.03,14,41.26,2021-07-26T12:00:00Z,2900,41.483276
41.405,41.405,40.815,10,40.815,2021-07-26T16:00:00Z,954,41.17
37.74,40.28,37.62,74,40.28,2021-07-27T12:00:00Z,9004,38.713941
39.03,39.03,36.725,132,37.315,2021-07-27T16:00:00Z,12647,37.868139
41.0,41.0,39.05,30,39.05,2021-07-28T12:00:00Z,3163,40.085323
41.175,41.485,40.55,183,41.03,2021-07-28T16:00:00Z,38458,41.352367
42.91,43.155,41.98,22,41.98,2021-07-29T12:00:00Z,3300,42.50578
43.44,43.64,43.01,55,43.01,2021-07-29T16:00:00Z,9682,43.410088
43.16,43.16,43.16,1,43.16,2021-07-29T20:00:00Z,100,43.16
43.09,43.61,42.69,51,42.7,2021-07-30T12:00:00Z,4699,43.012556
44.28,44.34,43.1,320,43.14,2021-07-30T16:00:00Z,26712,43.911313
46.27,46.82,45.96,79,45.96,2021-08-02T12:00:00Z,8219,46.32828
45.19,46.195,44.93,142,45.735,2021-08-02T16:00:00Z,14262,45.771815
44.63,45.84,43.98,23,45.35,2021-08-03T12:00:00Z,3200,44.536875
45.82,45.94,45.44,24,45.44,2021-08-03T16:00:00Z,6369,45.744185
47.27,47.86,46.39,40,46.96,2021-08-04T12:00:00Z,4512,47.253975
47.59,48.11,47.26,131,47.26,2021-08-04T16:00:00Z,14510,47.661104
47.285,47.74,46.565,16,47.7,2021-08-05T12:00:00Z,1990,47.328392
46.97,47.33,46.62,16,47.33,2021-08-05T16:00:00Z,1600,46.87125
46.94,47.14,46.43,19,46.44,2021-08-06T12:00:00Z,2500,46.773213
46.61,47.185,46.44,116,47.13,2021-08-06T16:00:00Z,11087,46.691039
46.505,47.22,45.58,92,47.22,2021-08-09T12:00:00Z,8857,46.215511
46.105,46.95,46.07,52,46.95,2021-08-09T16:00:00Z,5495,46.445985
44.18,45.45,43.8,73,45.44,2021-08-10T12:00:00Z,15576,44.806101
44.375,44.895,44.195,74,44.195,2021-08-10T16:00:00Z,11335,44.509126
43.18,44.9,42.5,71,44.9,2021-08-11T12:00:00Z,10424,43.115603
44.11,44.11,42.965,16,42.965,2021-08-11T16:00:00Z,2340,43.51913
43.06,43.08,41.87,26,42.99,2021-08-12T12:00:00Z,5380,42.685242
42.96,42.96,42.28,78,42.84,2021-08-12T16:00:00Z,7479,42.574041
43.23,43.47,42.49,14,42.49,2021-08-13T12:00:00Z,2207,43.311135
43.455,43.455,43.05,13,43.245,2021-08-13T16:00:00Z,2117,43.18125
42.36,43.305,41.97,80,43.305,2021-08-16T12:00:00Z,8589,42.458185
42.96,42.96,42.205,64,42.32,2021-08-16T16:00:00Z,5800,42.513448
40.015,41.31,40.005,74,41.31,2021-08-17T12:00:00Z,6454,40.770656
40.29,40.335,39.545,50,39.905,2021-08-17T16:00:00Z,8091,40.034905
39.955,40.655,39.955,12,40.215,2021-08-18T12:00:00Z,2206,40.189318
38.62,40.25,38.62,29,39.71,2021-08-18T16:00:00Z,3274,39.6795
38.74,38.74,38.74,1,38.74,2021-08-18T20:00:00Z,100,38.74
40.06,40.16,37.195,47,38.16,2021-08-19T12:00:00Z,3584,38.661422
39.63,40.155,39.085,40,40.155,2021-08-19T16:00:00Z,4215,39.738573
39.26,40.59,39.26,86,40.07,2021-08-20T12:00:00Z,7886,40.154346
40.38,40.38,39.225,35,39.225,2021-08-20T16:00:00Z,3812,39.846279
43.42,43.42,41.96,76,42.0,2021-08-23T12:00:00Z,8932,42.484805
43.66,43.775,43.38,79,43.42,2021-08-23T16:00:00Z,8513,43.478895
43.53,44.04,43.48,71,43.75,2021-08-24T12:00:00Z,6103,43.82844
43.685,43.835,43.68,5,43.835,2021-08-24T16:00:00Z,622,43.770038
44.79,45.21,44.535,45,45.16,2021-08-25T12:00:00Z,11943,44.953971
44.81,45.52,44.685,61,44.8,2021-08-25T16:00:00Z,4711,44.948402
44.465,45.305,43.78,57,44.55,2021-08-26T12:00:00Z,6000,44.567585
44.71,45.055,44.4,75,44.685,2021-08-26T16:00:00Z,7472,44.862399
46.865,46.88,44.94,46,44.94,2021-08-27T12:00:00Z,4401,45.967785
47.3,47.315,46.825,39,46.98,2021-08-27T16:00:00Z,5444,47.03782
47.655,48.765,47.435,31,48.5,2021-08-30T12:00:00Z,3179,47.989394
47.7,47.99,47.5,63,47.66,2021-08-30T16:00:00Z,6457,47.768619
46.905,46.905,45.425,19,45.86,2021-08-31T12:00:00Z,2266,46.303857
46.76,47.145,46.76,2,47.145,2021-08-31T16:00:00Z,300,46.888333
46.45,46.86,46.45,13,46.845,2021-09-01T12:00:00Z,1867,46.707038
46.09,46.91,46.09,36,46.62,2021-09-01T16:00:00Z,4705,46.523901
46.435,46.675,45.76,17,45.87,2021-09-02T12:00:00Z,3900,46.501243
46.23,46.435,45.89,33,46.395,2021-09-02T16:00:00Z,3878,46.203326
46.39,46.39,46.39,1,46.39,2021-09-02T20:00:00Z,100,46.39
47.505,47.57,47.245,20,47.47,2021-09-03T12:00:00Z,3299,47.472251
47.4,47.575,47.265,26,47.265,2021-09-03T16:00:00Z,2640,47.407083
46.59,47.41,46.36,42,47.38,2021-09-07T12:00:00Z,6868,46.916355
46.72,46.885,46.595,16,46.595,2021-09-07T16:00:00Z,1816,46.714484
43.975,46.27,43.85,64,46.04,2021-09-08T12:00:00Z,8743,44.516109
44.785,44.785,43.81,34,43.81,2021-09-08T16:00:00Z,3624,44.449783
45.71,46.165,45.64,16,45.64,2021-09-09T12:00:00Z,1825,45.93291
45.49,46.215,45.365,120,45.99,2021-09-09T16:00:00Z,16171,45.510613
47.64,48.365,46.77,49,47.3,2021-09-10T12:00:00Z,6665,47.411359
46.58,48.37,46.52,71,47.55,2021-09-10T16:00:00Z,7873,47.621959
46.58,46.58,46.58,1,46.58,2021-09-10T20:00:00Z,150,46.58
46.885,47.61,46.01,46,47.61,2021-09-13T12:00:00Z,4240,46.673612
47.74,47.74,46.48,92,46.78,2021-09-13T16:00:00Z,9144,47.164132
48.69,48.69,47.23,30,48.36,2021-09-14T12:00:00Z,4437,48.153498
47.57,48.735,47.57,15,48.735,2021-09-14T16:00:00Z,1439,48.338487
47.465,47.71,47.2,24,47.28,2021-09-15T12:00:00Z,2239,47.501046
48.47,48.47,47.435,35,47.62,2021-09-15T16:00:00Z,17089,48.167561
47.595,47.925,47.25,10,47.44,2021-09-16T12:00:00Z,1213,47.514167
49.395,49.395,48.09,6,48.1,2021-09-16T16:00:00Z,1500,49.103333
46.59,48.07,46.22,62,47.98,2021-09-17T12:00:00Z,5552,46.787971
46.75,47.055,46.37,81,46.61,2021-09-17T16:00:00Z,6790,46.712804
42.545,43.865,42.545,68,43.74,2021-09-20T12:00:00Z,31260,43.262304
42.38,42.38,41.265,56,42.285,2021-09-20T16:00:00Z,9098,41.782202
44.09,44.17,42.735,19,44.17,2021-09-21T12:00:00Z,2762,43.692222
43.74,44.48,43.71,49,44.17,2021-09-21T16:00:00Z,6426,44.102466
45.78,45.89,44.04,60,44.63,2021-09-22T12:00:00Z,6485,45.119524
46.12,46.515,45.325,95,45.82,2021-09-22T16:00:00Z,9266,45.819478
47.99,48.275,46.78,27,46.865,2021-09-23T12:00:00Z,3010,47.619606
48.11,48.515,47.93,58,48.105,2021-09-23T16:00:00Z,5096,48.220783
47.775,47.775,46.87,14,46.87,2021-09-24T12:00:00Z,1380,47.508077
48.1,48.18,47.7,45,47.825,2021-09-24T16:00:00Z,3904,48.010228
47.625,48.145,47.175,8,47.175,2021-09-27T12:00:00Z,739,47.771667
47.645,47.86,47.555,7,47.86,2021-09-27T16:00:00Z,733,47.677011
42.505,45.61,42.505,89,45.0,2021-09-28T12:00:00Z,11615,43.598587
42.13,43.52,42.125,123,43.0,2021-09-28T16:00:00Z,27044,42.571173
42.01,42.06,41.99,7,41.99,2021-09-28T20:00:00Z,700,42.014286
40.515,42.63,40.3,81,42.32,2021-09-29T12:00:00Z,21431,41.086983
40.055,41.13,39.91,57,40.355,2021-09-29T16:00:00Z,16413,40.21393
40.445,41.6,40.335,54,40.99,2021-09-30T12:00:00Z,7977,41.109512
40.23,41.23,40.165,138,40.53,2021-09-30T16:00:00Z,11794,40.630113
39.38,40.385,38.275,52,40.385,2021-10-01T12:00:00Z,5063,39.002349
40.15,40.38,39.05,49,39.3,2021-10-01T16:00:00Z,3941,39.661717
36.85,39.23,36.69,37,39.23,2021-10-04T12:00:00Z,5348,37.362103
36.86,37.34,36.605,82,37.08,2021-10-04T16:00:00Z,8293,36.915071
38.865,39.09,37.335,83,37.51,2021-10-05T12:00:00Z,7332,38.563231
38.61,39.36,38.61,160,38.92,2021-10-05T16:00:00Z,12006,39.084181
38.26,38.39,37.305,52,37.475,2021-10-06T12:00:00Z,9361,37.740823
38.94,38.98,37.58,72,37.77,2021-10-06T16:00:00Z,5298,38.286489
41.88,41.92,41.165,46,41.165,2021-10-07T12:00:00Z,3064,41.595
40.36,41.935,40.29,193,41.935,2021-10-07T16:00:00Z,13236,41.167489
39.34,41.15,39.34,20,41.15,2021-10-08T12:00:00Z,2600,39.855208
39.35,39.74,39.13,59,39.5,2021-10-08T16:00:00Z,5398,39.489102
40.06,40.23,39.855,29,40.23,2021-10-11T12:00:00Z,6641,39.969392
38.57,40.01,38.57,47,40.01,2021-10-11T16:00:00Z,4785,39.362503
37.55,38.76,37.25,93,38.76,2021-10-12T12:00:00Z,8318,37.570959
37.03,37.8,36.5,323,37.71,2021-10-12T16:00:00Z,23552,36.934194
37.92,38.14,37.295,71,37.77,2021-10-13T12:00:00Z,5525,37.831106
37.59,37.92,37.46,61,37.92,2021-10-13T16:00:00Z,5433,37.664939
40.61,40.61,39.37,19,39.7,2021-10-14T12:00:00Z,8402,40.150161
40.97,40.97,40.64,35,40.75,2021-10-14T16:00:00Z,3627,40.73806
41.21,41.21,41.21,1,41.21,2021-10-14T20:00:00Z,100,41.21
41.465,42.22,41.465,20,41.83,2021-10-15T12:00:00Z,2662,41.791442
41.68,41.97,41.505,51,41.585,2021-10-15T16:00:00Z,5824,41.706922
42.395,42.425,40.8,17,40.8,2021-10-18T12:00:00Z,1869,42.035833
42.85,42.85,42.345,74,42.375,2021-10-18T16:00:00Z,8303,42.554841
44.39,44.425,43.11,143,43.265,2021-10-19T12:00:00Z,8507,43.715174
44.35,44.45,43.96,243,44.345,2021-10-19T16:00:00Z,11353,44.310318
44.55,44.72,44.02,71,44.06,2021-10-20T12:00:00Z,5603,44.412795
44.085,44.58,43.73,66,44.58,2021-10-20T16:00:00Z,6310,44.07432
44.46,44.59,43.885,39,43.885,2021-10-21T12:00:00Z,4197,44.368663
45.63,45.63,44.43,57,44.48,2021-10-21T16:00:00Z,5315,44.7319
44.115,46.13,43.915,17,44.86,2021-10-22T12:00:00Z,2605,45.350017
44.02,44.695,44.0,25,44.335,2021-10-22T16:00:00Z,2909,44.226676
45.2,45.21,44.46,11,44.64,2021-10-25T12:00:00Z,1306,44.83585
44.78,45.66,44.78,33,45.32,2021-10-25T16:00:00Z,2630,45.455906
46.085,46.085,45.765,10,45.955,2021-10-26T12:00:00Z,1122,45.93046
45.215,45.515,45.025,20,45.15,2021-10-26T16:00:00Z,2590,45.301343
44.45,44.45,44.45,1,44.45,2021-10-26T20:00:00Z,100,44.45
45.135,45.135,44.31,19,44.755,2021-10-27T12:00:00Z,2167,44.774794
44.055,45.56,44.055,36,45.38,2021-10-27T16:00:00Z,3159,44.811452
44.1,44.1,44.1,1,44.1,2021-10-27T20:00:00Z,100,44.1
46.56,46.94,45.64,41,45.99,2021-10-28T12:00:00Z,3202,46.492981
46.865,46.865,46.31,97,46.6,2021-10-28T16:00:00Z,7224,46.550699
47.08,47.08,47.08,1,47.08,2021-10-28T20:00:00Z,150,47.08
46.95,47.26,46.46,66,46.47,2021-10-29T12:00:00Z,4987,46.959618
47.62,47.62,46.94,141,46.98,2021-10-29T16:00:00Z,10590,47.363206
49.19,49.19,47.86,93,47.86,2021-11-01T12:00:00Z,6909,48.694474
49.87,49.87,48.855,193,49.195,2021-11-01T16:00:00Z,13980,49.220121
51.24,51.535,50.14,67,50.14,2021-11-02T12:00:00Z,6440,50.900884
51.81,51.81,50.87,156,51.19,2021-11-02T16:00:00Z,13007,51.367114
52.665,52.665,51.77,46,52.035,2021-11-03T12:00:00Z,4828,52.255093
53.665,53.8,52.245,92,52.49,2021-11-03T16:00:00Z,7429,53.001016
57.1,57.1,54.73,53,55.48,2021-11-04T12:00:00Z,6004,56.415336
59.14,59.78,57.29,125,57.29,2021-11-04T16:00:00Z,15965,58.630054
62.26,62.37,60.115,46,61.74,2021-11-05T12:00:00Z,4474,61.582568
60.78,61.95,59.68,43,61.95,2021-11-05T16:00:00Z,8037,60.461398
62.17,62.99,61.715,23,62.565,2021-11-08T12:00:00Z,4199,62.203141
64.55,64.55,62.405,11,62.43,2021-11-08T16:00:00Z,955,63.057764
63.5,64.12,63.13,30,64.12,2021-11-08T20:00:00Z,3951,63.554595
63.235,65.53,61.97,30,64.8,2021-11-09T12:00:00Z,5318,64.43387
62.63,63.8,61.84,50,63.53,2021-11-09T16:00:00Z,6144,62.99397
63.18,63.31,62.87,11,62.87,2021-11-09T20:00:00Z,1350,63.196364
61.88,61.88,59.63,5,59.63,2021-11-10T12:00:00Z,380,61.04
57.505,61.29,57.29,54,61.13,2021-11-10T16:00:00Z,7141,59.275075
58.11,58.11,57.64,10,58.085,2021-11-10T20:00:00Z,1546,57.760876
60.11,60.37,59.74,10,59.74,2021-11-11T12:00:00Z,2500,59.9992
61.84,61.99,60.81,24,60.875,2021-11-11T16:00:00Z,3500,61.398088
61.6,61.68,60.91,21,61.5,2021-11-11T20:00:00Z,1759,61.392353
62.0,62.11,61.81,4,62.11,2021-11-12T12:00:00Z,700,61.988571
63.58,63.665,63.23,13,63.23,2021-11-12T16:00:00Z,1005,63.514933
63.36,64.16,63.36,16,63.81,2021-11-15T12:00:00Z,2307,63.895294
63.0,63.52,61.73,100,63.395,2021-11-15T16:00:00Z,9465,62.518132
62.98,63.23,62.88,27,63.14,2021-11-15T20:00:00Z,2501,63.027273
63.68,63.68,63.21,4,63.67,2021-11-16T12:00:00Z,400,63.4725
65.98,65.98,63.875,35,63.875,2021-11-16T16:00:00Z,4068,64.742778
66.04,66.25,66.02,20,66.02,2021-11-16T20:00:00Z,1602,66.099231
64.97,65.88,64.88,7,64.88,2021-11-17T12:00:00Z,1958,65.062105
64.345,65.665,64.02,18,65.315,2021-11-17T16:00:00Z,2281,65.163627
65.02,65.02,64.59,3,64.59,2021-11-17T20:00:00Z,350,64.801429
66.435,68.66,66.36,34,67.76,2021-11-18T12:00:00Z,5887,67.704613
67.19,67.87,66.09,57,66.52,2021-11-18T16:00:00Z,5744,67.007647
67.87,67.87,67.15,55,67.2,2021-11-18T20:00:00Z,2971,67.579348
68.98,68.98,66.93,16,67.63,2021-11-19T12:00:00Z,1334,67.528
68.77,69.065,68.22,31,68.365,2021-11-19T16:00:00Z,2396,68.495283
68.51,68.56,68.31,22,68.52,2021-11-19T20:00:00Z,927,68.434606
72.0,72.17,69.34,31,69.34,2021-11-22T12:00:00Z,2596,70.361875
68.135,71.6,66.65,55,71.6,2021-11-22T16:00:00Z,13835,67.426675
65.3,68.28,65.3,28,68.28,2021-11-22T20:00:00Z,2039,66.268205
63.28,66.01,63.28,35,64.7,2021-11-23T12:00:00Z,3582,64.504379
62.13,63.27,61.52,16,61.67,2021-11-23T16:00:00Z,2674,62.415465
64.53,64.53,63.235,28,63.235,2021-11-23T20:00:00Z,2696,63.899315
64.07,64.07,61.67,22,62.61,2021-11-24T12:00:00Z,1592,62.631285
66.71,66.71,66.09,4,66.09,2021-11-24T20:00:00Z,1000,66.604
62.0,64.58,61.61,29,63.11,2021-11-26T12:00:00Z,7629,63.102304
61.0,62.095,59.935,71,61.555,2021-11-26T16:00:00Z,8024,60.852268
63.505,64.96,63.505,27,64.96,2021-11-29T12:00:00Z,2402,64.448424
67.56,67.665,64.585,37,64.585,2021-11-29T16:00:00Z,4947,66.984721
68.42,68.67,67.445,65,67.515,2021-11-29T20:00:00Z,7291,68.059356
65.06,68.94,65.0,39,67.14,2021-11-30T12:00:00Z,7998,67.968303
64.74,65.24,63.5,22,64.135,2021-11-30T16:00:00Z,4125,64.39677
64.44,65.17,64.44,7,65.0,2021-11-30T20:00:00Z,1514,64.996667
70.295,70.295,67.6,22,67.8,2021-12-01T12:00:00Z,3614,69.151749
67.77,70.655,67.21,65,70.34,2021-12-01T16:00:00Z,6284,69.187918
63.73,66.22,63.73,34,66.22,2021-12-01T20:00:00Z,6150,64.780599
61.29,64.42,59.895,93,60.76,2021-12-02T12:00:00Z,8042,62.761383
63.51,63.51,61.48,19,61.48,2021-12-02T16:00:00Z,2057,62.438279
63.2,64.34,62.95,22,64.21,2021-12-02T20:00:00Z,1670,63.827692
62.45,67.88,61.62,88,66.81,2021-12-03T12:00:00Z,7958,64.294087
61.63,62.84,61.06,17,62.19,2021-12-03T16:00:00Z,1632,61.814375
62.89,62.89,61.0,28,61.07,2021-12-03T20:00:00Z,1945,61.448968
59.86,61.25,57.01,73,61.25,2021-12-06T12:00:00Z,19578,58.800942
62.52,62.89,59.26,62,59.935,2021-12-06T16:00:00Z,9084,61.703308
62.62,63.05,62.41,5,63.05,2021-12-06T20:00:00Z,500,62.736
70.63,70.77,67.14,73,67.14,2021-12-07T12:00:00Z,13145,69.250805
71.82,72.42,70.965,62,71.095,2021-12-07T16:00:00Z,13120,71.870716
71.76,71.76,70.74,16,71.11,2021-12-07T20:00:00Z,1922,71.103893
69.975,71.48,68.69,41,71.48,2021-12-08T12:00:00Z,5504,69.660832
69.58,70.82,69.58,23,69.88,2021-12-08T16:00:00Z,10248,70.437615
70.575,70.79,70.39,10,70.575,2021-12-08T20:00:00Z,4603,70.50663
68.95,70.65,68.92,24,69.3,2021-12-09T12:00:00Z,2930,69.772414
66.78,68.975,66.78,28,68.725,2021-12-09T16:00:00Z,13803,67.97223
66.57,66.73,66.0,13,66.73,2021-12-09T20:00:00Z,5003,66.387387
66.05,70.23,66.05,27,69.07,2021-12-10T12:00:00Z,5133,68.255231
66.44,66.855,65.645,12,65.645,2021-12-10T16:00:00Z,3120,66.407404
67.67,67.67,67.67,1,67.67,2021-12-10T20:00:00Z,100,67.67
65.51,68.26,65.51,3,68.26,2021-12-13T12:00:00Z,500,66.964
63.74,65.26,63.05,63,65.26,2021-12-13T16:00:00Z,14485,64.330483
62.49,63.65,62.49,8,63.39,2021-12-13T20:00:00Z,700,63.293333
60.96,61.45,59.44,15,60.02,2021-12-14T12:00:00Z,3095,60.612265
60.58,60.58,59.0,18,59.82,2021-12-14T16:00:00Z,4034,59.781047
61.14,61.64,60.92,18,60.925,2021-12-14T20:00:00Z,2724,61.211296
60.84,61.48,60.0,25,61.48,2021-12-15T12:00:00Z,6911,60.448402
62.49,62.49,59.515,34,61.16,2021-12-15T16:00:00Z,4225,60.442765
68.29,68.29,65.16,71,65.16,2021-12-15T20:00:00Z,12111,66.388194
65.18,67.45,64.9,57,66.6,2021-12-16T12:00:00Z,14941,66.009669
58.66,64.38,58.24,146,64.35,2021-12-16T16:00:00Z,19272,60.218941
59.76,60.36,58.4,27,59.0,2021-12-16T20:00:00Z,3531,59.26697
60.94,61.05,57.02,57,57.35,2021-12-17T12:00:00Z,6400,58.551276
59.86,60.66,59.33,6,60.66,2021-12-17T16:00:00Z,600,59.9
58.63,60.2,58.63,8,60.2,2021-12-17T20:00:00Z,426,59.4675
57.63,58.33,56.16,22,56.16,2021-12-20T12:00:00Z,2883,57.218972
56.88,57.03,55.69,20,56.57,2021-12-20T16:00:00Z,2050,56.352778
57.74,57.74,57.03,15,57.03,2021-12-20T20:00:00Z,1750,57.379412
59.51,61.63,59.42,22,61.49,2021-12-21T12:00:00Z,3038,61.08195
63.06,63.1,59.715,86,59.715,2021-12-21T16:00:00Z,11108,61.897488
63.16,63.53,62.755,31,63.065,2021-12-21T20:00:00Z,2782,63.046553
62.32,63.05,61.66,25,62.44,2021-12-22T12:00:00Z,3364,62.289219
64.16,65.035,63.56,39,63.56,2021-12-22T16:00:00Z,4058,64.297726
65.24,65.24,64.55,3,64.55,2021-12-22T20:00:00Z,400,65.05
67.98,67.98,66.39,18,66.4,2021-12-23T12:00:00Z,1262,66.877727
68.48,68.51,67.785,26,68.035,2021-12-23T16:00:00Z,4438,67.999651
67.28,67.875,67.24,5,67.855,2021-12-23T20:00:00Z,500,67.625
71.505,71.505,68.27,35,68.27,2021-12-27T12:00:00Z,2963,69.804614
72.45,72.82,71.485,36,71.485,2021-12-27T16:00:00Z,3421,72.061417
72.41,72.41,72.345,7,72.345,2021-12-27T20:00:00Z,1640,72.357188
71.835,73.95,70.84,54,73.82,2021-12-28T12:00:00Z,7852,72.110557
69.73,71.325,69.675,33,71.325,2021-12-28T16:00:00Z,4706,70.39312
70.28,71.57,70.28,18,71.36,2021-12-28T20:00:00Z,1702,70.648235
70.04,71.9,69.65,32,70.58,2021-12-29T12:00:00Z,3954,70.440857
70.87,71.44,70.39,31,70.91,2021-12-29T16:00:00Z,3548,70.972344
71.05,71.05,70.75,9,70.79,2021-12-29T20:00:00Z,1318,70.889231
71.05,71.05,69.62,13,70.51,2021-12-30T12:00:00Z,1127,70.111818
70.73,71.075,70.535,36,70.785,2021-12-30T16:00:00Z,3259,70.776631
68.25,69.63,68.0,14,69.63,2021-12-30T20:00:00Z,1439,68.297054
68.86,70.07,68.86,7,68.86,2021-12-31T12:00:00Z,700,69.098571
68.65,68.85,68.27,9,68.32,2021-12-31T16:00:00Z,900,68.497778
67.85,68.58,67.85,17,68.58,2021-12-31T20:00:00Z,1531,68.214138
71.725,71.725,68.63,38,69.21,2022-01-03T12:00:00Z,6391,69.891593
72.02,72.02,70.61,21,71.42,2022-01-03T16:00:00Z,2176,71.466464
71.6,71.78,71.6,4,71.78,2022-01-03T20:00:00Z,900,71.702222
73.55,73.87,72.755,17,72.83,2022-01-04T12:00:00Z,1576,73.360714
69.94,69.94,66.78,12,66.78,2022-01-04T16:00:00Z,3574,68.530143
71.27,71.27,70.655,7,70.78,2022-01-04T20:00:00Z,517,70.93375
69.95,71.27,69.18,18,69.2,2022-01-05T12:00:00Z,2480,69.46
66.23,70.245,66.095,54,70.245,2022-01-05T16:00:00Z,5101,68.758825
64.41,65.66,64.005,21,65.46,2022-01-05T20:00:00Z,3933,64.561572
64.05,65.87,62.01,56,64.01,2022-01-06T12:00:00Z,6800,63.439486
65.91,65.96,64.155,61,65.39,2022-01-06T16:00:00Z,11752,65.066582
65.335,65.68,64.705,26,65.68,2022-01-06T20:00:00Z,2630,65.118654
59.675,65.66,59.49,52,65.4,2022-01-07T12:00:00Z,10236,62.657683
60.595,61.29,59.93,65,60.11,2022-01-07T16:00:00Z,12411,60.616249
59.59,60.84,59.59,22,60.84,2022-01-07T20:00:00Z,2228,60.1005
54.74,57.69,54.74,80,57.04,2022-01-10T12:00:00Z,8867,56.185183
57.6,58.13,53.86,94,54.41,2022-01-10T16:00:00Z,21088,54.901715
59.95,60.11,56.975,57,57.5,2022-01-10T20:00:00Z,7814,58.406268
59.29,60.42,57.96,47,59.055,2022-01-11T12:00:00Z,5812,58.996568
62.475,62.99,59.315,41,59.52,2022-01-11T16:00:00Z,7631,61.943765
63.01,63.41,62.27,17,63.19,2022-01-11T20:00:00Z,1610,62.990464
64.64,66.38,64.35,47,65.08,2022-01-12T12:00:00Z,7977,65.422154
64.09,64.82,63.0,39,64.1,2022-01-12T16:00:00Z,5860,64.17162
64.45,64.58,64.045,7,64.27,2022-01-12T20:00:00Z,700,64.347857
64.74,69.1,64.605,171,67.67,2022-01-13T12:00:00Z,20464,67.322314
61.755,65.77,61.755,55,65.09,2022-01-13T16:00:00Z,10958,63.546776
60.03,61.845,59.655,34,61.47,2022-01-13T20:00:00Z,8267,60.943437
61.45,63.13,58.69,67,58.69,2022-01-14T12:00:00Z,11465,61.623455
62.93,63.41,61.165,54,62.42,2022-01-14T16:00:00Z,11170,62.4799
64.3,64.3,63.52,33,63.52,2022-01-14T20:00:00Z,2621,63.747578
59.015,60.81,58.895,107,60.795,2022-01-18T12:00:00Z,16474,59.900531
58.0,59.8,56.895,170,58.97,2022-01-18T16:00:00Z,93484,57.790965
56.3,57.7,55.505,85,57.7,2022-01-18T20:00:00Z,7536,56.048797
54.63,58.07,54.63,64,57.29,2022-01-19T12:00:00Z,6265,57.159303
52.68,54.5,51.66,108,54.5,2022-01-19T16:00:00Z,22278,52.631635
50.8,52.64,50.76,87,52.59,2022-01-19T20:00:00Z,10341,51.739488
52.63,52.63,50.38,67,52.14,2022-01-20T12:00:00Z,7529,51.754435
50.18,52.905,50.045,104,52.71,2022-01-20T16:00:00Z,23474,51.926982
45.47,50.175,45.18,95,50.175,2022-01-20T20:00:00Z,15062,47.706973
47.365,48.11,44.15,81,44.89,2022-01-21T12:00:00Z,16004,45.854609
45.28,48.66,44.86,101,47.38,2022-01-21T16:00:00Z,21538,46.487295
43.59,44.92,43.51,88,44.75,2022-01-21T20:00:00Z,15189,44.013286
41.03,41.92,38.89,180,41.36,2022-01-24T12:00:00Z,28204,40.418436
41.65,42.775,36.9,219,40.4,2022-01-24T16:00:00Z,75728,39.717502
45.65,45.65,42.36,74,42.37,2022-01-24T20:00:00Z,11482,44.483097
40.96,41.88,39.695,116,41.09,2022-01-25T12:00:00Z,15971,41.131396
43.15,43.16,39.4,147,40.635,2022-01-25T16:00:00Z,41253,40.535729
39.13,42.68,39.01,41,42.61,2022-01-25T20:00:00Z,10342,41.689652
43.375,45.13,43.17,89,43.79,2022-01-26T12:00:00Z,19226,44.191034
42.56,46.85,42.56,369,44.11,2022-01-26T16:00:00Z,64198,44.997448
42.25,42.51,40.26,62,42.33,2022-01-26T20:00:00Z,8266,41.498931
39.445,43.185,38.7,128,43.185,2022-01-27T12:00:00Z,13324,41.206682
36.93,40.02,36.0,289,39.65,2022-01-27T16:00:00Z,56251,38.087548
36.92,37.25,36.02,103,36.93,2022-01-27T20:00:00Z,11053,36.392923
35.48,36.27,33.19,80,35.92,2022-01-28T12:00:00Z,12215,34.576869
35.39,37.15,34.88,69,35.935,2022-01-28T16:00:00Z,13050,36.151075
38.31,38.45,36.45,29,36.51,2022-01-28T20:00:00Z,6134,36.965083
42.045,42.155,38.58,41,39.45,2022-01-31T12:00:00Z,5013,40.011717
43.54,43.54,41.645,45,42.34,2022-01-31T16:00:00Z,11321,42.383532
44.69,44.69,42.67,19,43.67,2022-01-31T20:00:00Z,1802,43.558824
42.995,45.425,42.61,532,45.425,2022-02-01T12:00:00Z,56372,43.563211
44.41,45.33,44.16,32,44.585,2022-02-01T16:00:00Z,8107,44.739998
46.78,46.78,44.875,170,44.975,2022-02-01T20:00:00Z,28842,45.424142
48.14,49.425,47.125,852,48.94,2022-02-02T12:00:00Z,78049,48.178936
48.79,49.125,46.61,176,48.5,2022-02-02T16:00:00Z,20670,47.874995
47.26,49.485,46.64,619,48.81,2022-02-02T20:00:00Z,64550,48.987147
46.57,47.78,44.95,143,45.39,2022-02-03T12:00:00Z,17972,46.351045
44.24,46.6,43.685,97,46.43,2022-02-03T16:00:00Z,12194,45.006
45.2,45.2,42.205,63,44.21,2022-02-03T20:00:00Z,9000,43.205961
41.31,43.36,41.12,142,42.25,2022-02-04T12:00:00Z,15990,42.177786
43.59,43.72,40.65,180,41.255,2022-02-04T16:00:00Z,24783,42.548906
42.89,44.28,42.86,43,43.94,2022-02-04T20:00:00Z,5044,43.610763
44.145,45.505,43.68,57,43.68,2022-02-07T12:00:00Z,6068,44.851893
44.87,44.97,43.08,43,44.55,2022-02-07T16:00:00Z,8066,44.373304
43.26,45.11,42.94,44,44.81,2022-02-07T20:00:00Z,5107,43.90136
43.75,44.01,42.58,50,43.31,2022-02-08T12:00:00Z,6183,43.549801
45.44,46.18,44.23,53,44.23,2022-02-08T16:00:00Z,6227,45.174914
46.5,46.83,45.13,36,45.13,2022-02-08T20:00:00Z,3551,46.344846
48.365,48.71,46.745,123,48.62,2022-02-09T12:00:00Z,16193,47.73557
50.48,50.68,48.81,49,49.06,2022-02-09T16:00:00Z,8914,49.35497
51.06,51.22,50.35,34,50.35,2022-02-09T20:00:00Z,2434,50.942674
50.705,52.075,47.35,104,47.35,2022-02-10T12:00:00Z,10246,49.658021
47.52,51.15,47.38,88,50.56,2022-02-10T16:00:00Z,8001,49.610571
46.2,47.485,45.73,69,46.87,2022-02-10T20:00:00Z,5674,46.302522
45.305,47.56,45.21,147,46.78,2022-02-11T12:00:00Z,16816,46.077516
39.355,45.915,38.91,411,45.31,2022-02-11T16:00:00Z,103461,41.33833
39.49,40.425,38.425,144,39.76,2022-02-11T20:00:00Z,12476,39.392288
40.47,41.83,39.505,100,39.85,2022-02-14T12:00:00Z,11409,40.632778
39.31,41.08,37.995,163,40.16,2022-02-14T16:00:00Z,20291,39.457139
39.49,39.88,38.77,66,39.13,2022-02-14T20:00:00Z,6135,39.635081
43.38,43.38,42.05,68,42.05,2022-02-15T12:00:00Z,5363,42.621042
45.6,45.6,43.845,175,43.845,2022-02-15T16:00:00Z,16314,44.719334
45.98,46.235,45.43,95,45.555,2022-02-15T20:00:00Z,9053,45.747325
44.795,44.845,43.41,89,44.255,2022-02-16T12:00:00Z,4611,44.177208
45.75,46.16,43.16,173,44.635,2022-02-16T16:00:00Z,24370,44.585753
45.38,46.415,44.93,88,45.92,2022-02-16T20:00:00Z,8733,46.070491
41.805,44.34,41.71,125,44.06,2022-02-17T12:00:00Z,16001,42.598206
41.76,43.3,41.76,80,42.2,2022-02-17T16:00:00Z,16345,42.696956
40.8,41.75,40.68,144,41.75,2022-02-17T20:00:00Z,18332,41.055145
38.815,41.26,38.58,75,41.17,2022-02-18T12:00:00Z,7823,39.345229
40.945,40.945,37.81,271,38.56,2022-02-18T16:00:00Z,36632,38.549245
39.72,41.23,39.5,133,41.0,2022-02-18T20:00:00Z,13203,39.963316
39.62,41.0,38.15,146,38.15,2022-02-22T12:00:00Z,16835,40.028505
39.65,39.745,37.03,130,39.745,2022-02-22T16:00:00Z,23846,38.268569
39.5,40.365,38.34,91,40.32,2022-02-22T20:00:00Z,10028,39.614698
38.88,40.905,38.7,26,40.21,2022-02-23T12:00:00Z,2828,40.117143
36.885,39.66,36.73,88,38.425,2022-02-23T16:00:00Z,12526,38.05363
36.07,36.89,35.68,71,36.89,2022-02-23T20:00:00Z,7440,36.128333
34.59,35.14,31.68,286,32.31,2022-02-24T12:00:00Z,28593,33.320711
38.02,38.17,34.245,250,34.5,2022-02-24T16:00:00Z,25839,36.231067
39.31,40.0,37.935,135,37.935,2022-02-24T20:00:00Z,11443,39.070195
40.98,41.115,38.72,69,39.2,2022-02-25T12:00:00Z,12735,39.661953
40.38,41.605,40.19,48,40.43,2022-02-25T16:00:00Z,7425,40.887863
41.67,41.67,40.5,41,40.5,2022-02-25T20:00:00Z,6678,41.17077
41.37,41.37,39.98,37,40.18,2022-02-28T12:00:00Z,3907,40.705656
39.3,42.16,38.66,66,41.805,2022-02-28T16:00:00Z,6083,40.205172
40.98,40.98,38.88,65,39.25,2022-02-28T20:00:00Z,6142,39.855243
38.97,40.95,38.955,62,40.71,2022-03-01T12:00:00Z,5214,40.002075
36.63,39.575,36.155,196,39.17,2022-03-01T16:00:00Z,23112,37.359529
36.36,37.16,35.44,163,36.31,2022-03-01T20:00:00Z,12621,36.102607
37.91,38.905,36.86,152,37.49,2022-03-02T12:00:00Z,12816,38.067416
40.235,40.87,37.845,128,37.845,2022-03-02T16:00:00Z,15661,40.206593
39.6,40.63,39.6,35,40.56,2022-03-02T20:00:00Z,3040,40.28463
37.155,40.44,37.155,49,40.44,2022-03-03T12:00:00Z,9420,39.250112
37.92,39.1,37.095,158,37.095,2022-03-03T16:00:00Z,13230,37.986609
37.73,37.73,36.89,44,37.56,2022-03-03T20:00:00Z,3025,37.371326
35.2,37.34,35.2,167,36.91,2022-03-04T12:00:00Z,16276,36.120855
33.5,35.65,33.5,300,35.045,2022-03-04T16:00:00Z,20518,34.649163
34.685,34.69,33.44,199,33.47,2022-03-04T20:00:00Z,22567,33.885571
32.21,35.56,32.16,168,35.04,2022-03-07T12:00:00Z,15023,33.257385
30.335,32.81,30.335,132,32.45,2022-03-07T16:00:00Z,17358,31.490975
29.48,30.44,29.37,162,30.44,2022-03-07T20:00:00Z,18887,29.974773
29.945,30.09,28.525,136,29.85,2022-03-08T12:00:00Z,9458,29.374916
32.51,34.31,29.08,372,30.46,2022-03-08T16:00:00Z,43011,31.833448
30.64,33.275,30.64,134,32.44,2022-03-08T20:00:00Z,12829,31.842229
34.54,34.55,33.335,89,34.25,2022-03-09T12:00:00Z,7935,33.923092
35.215,35.33,33.82,123,34.46,2022-03-09T16:00:00Z,10743,34.842641
34.97,35.64,34.76,286,35.17,2022-03-09T20:00:00Z,15864,35.258972
31.055,33.33,31.055,81,33.33,2022-03-10T12:00:00Z,7474,32.200264
32.85,32.85,30.805,180,31.025,2022-03-10T16:00:00Z,30524,31.518318
32.705,33.06,32.16,234,32.61,2022-03-10T20:00:00Z,18494,32.659773
32.62,34.335,32.21,130,34.24,2022-03-11T12:00:00Z,10938,32.821099
31.85,32.69,31.305,110,32.69,2022-03-11T16:00:00Z,11317,31.828931
30.87,31.85,30.68,297,31.785,2022-03-11T20:00:00Z,27793,31.186258
28.71,30.78,28.5,180,30.43,2022-03-14T12:00:00Z,23220,29.700043
27.8,28.73,27.37,787,28.6,2022-03-14T16:00:00Z,61784,27.928044
28.09,28.09,28.09,1,28.09,2022-03-14T20:00:00Z,200,28.09
30.28,30.94,28.145,130,28.35,2022-03-15T12:00:00Z,10016,29.903495
31.465,31.65,30.055,151,30.3,2022-03-15T16:00:00Z,11276,31.025552
35.48,36.055,33.16,134,33.63,2022-03-16T12:00:00Z,25935,35.207916
36.35,36.35,32.34,459,35.47,2022-03-16T16:00:00Z,42183,35.170174
35.695,36.455,34.75,68,35.25,2022-03-17T12:00:00Z,8931,35.654142
36.975,37.0,35.665,202,35.84,2022-03-17T16:00:00Z,16729,36.469718
38.245,38.58,35.87,189,36.155,2022-03-18T12:00:00Z,21138,37.597234
39.14,39.61,38.145,116,38.145,2022-03-18T16:00:00Z,11299,39.095722
39.22,39.22,39.13,3,39.13,2022-03-18T20:00:00Z,300,39.183333
39.815,39.85,36.99,123,38.58,2022-03-21T12:00:00Z,9488,38.533599
38.8,39.505,37.04,122,39.505,2022-03-21T16:00:00Z,10635,38.100964
40.205,41.0,38.81,88,38.87,2022-03-22T12:00:00Z,7237,40.302375
39.56,40.195,39.12,55,39.985,2022-03-22T16:00:00Z,5457,39.724699
39.47,39.47,39.47,1,39.47,2022-03-22T20:00:00Z,100,39.47
39.42,39.55,37.0,71,37.995,2022-03-23T12:00:00Z,8546,38.543315
36.685,39.52,36.685,65,39.52,2022-03-23T16:00:00Z,7614,37.291714
40.725,41.055,37.49,372,37.82,2022-03-24T12:00:00Z,36292,40.515464
42.08,42.11,40.325,1119,40.665,2022-03-24T16:00:00Z,209178,41.332926
40.25,42.155,39.865,137,41.82,2022-03-25T12:00:00Z,14559,41.2241
41.88,41.96,40.46,114,40.55,2022-03-25T16:00:00Z,12354,41.344813
39.75,42.01,39.75,170,41.07,2022-03-28T12:00:00Z,9600,40.850449
42.675,42.675,39.665,140,39.94,2022-03-28T16:00:00Z,15091,41.349877
42.6,42.68,42.48,7,42.68,2022-03-28T20:00:00Z,627,42.558333
44.29,45.79,43.305,103,44.96,2022-03-29T12:00:00Z,10180,44.547443
45.65,45.945,43.515,410,44.095,2022-03-29T16:00:00Z,20726,45.444542
45.83,45.86,45.75,3,45.86,2022-03-29T20:00:00Z,400,45.82125
43.24,44.96,43.19,116,44.83,2022-03-30T12:00:00Z,7532,43.993356
41.305,43.995,40.73,143,43.395,2022-03-30T16:00:00Z,19301,41.733709
41.39,41.39,41.39,1,41.39,2022-03-30T20:00:00Z,100,41.39
40.41,41.73,40.04,126,41.15,2022-03-31T12:00:00Z,16453,40.779972
38.47,40.335,38.43,347,40.18,2022-03-31T16:00:00Z,37752,39.499742
39.0,39.0,38.82,7,38.82,2022-03-31T20:00:00Z,700,38.937143
35.465,39.205,35.465,105,39.205,2022-04-01T12:00:00Z,20319,36.183458
36.08,36.13,34.685,195,35.34,2022-04-01T16:00:00Z,17218,35.33301
36.14,36.19,36.09,3,36.19,2022-04-01T20:00:00Z,300,36.14
38.03,38.075,36.19,95,36.58,2022-04-04T12:00:00Z,9378,37.293423
38.01,38.04,36.73,125,37.99,2022-04-04T16:00:00Z,11151,37.543797
33.185,36.95,33.185,604,36.95,2022-04-05T12:00:00Z,74118,33.826578
32.77,33.9,32.56,769,33.305,2022-04-05T16:00:00Z,80448,33.109888
32.91,32.91,32.81,2,32.81,2022-04-05T20:00:00Z,200,32.86
30.6,30.65,29.6,432,30.525,2022-04-06T12:00:00Z,49370,30.163929
30.445,32.07,29.58,553,30.3,2022-04-06T16:00:00Z,88078,30.350771
30.41,30.5,30.4,4,30.45,2022-04-06T20:00:00Z,400,30.44
29.2,31.335,29.015,211,30.25,2022-04-07T12:00:00Z,18212,29.914057
30.46,31.31,28.705,347,29.265,2022-04-07T16:00:00Z,39062,30.25492
30.53,30.58,30.46,4,30.56,2022-04-07T20:00:00Z,400,30.5325
29.125,29.77,28.36,397,29.75,2022-04-08T12:00:00Z,27704,29.001648
28.18,29.56,28.18,627,29.15,2022-04-08T16:00:00Z,47377,28.614867
28.32,28.32,28.3,3,28.3,2022-04-08T20:00:00Z,300,28.313333
26.86,27.69,26.36,231,27.03,2022-04-11T12:00:00Z,16017,26.877662
26.455,27.24,26.36,717,26.84,2022-04-11T16:00:00Z,48112,26.735935
26.46,26.46,26.46,1,26.46,2022-04-11T20:00:00Z,100,26.46
27.57,28.8,26.86,241,28.54,2022-04-12T12:00:00Z,18623,27.809937
26.21,27.73,25.88,907,27.67,2022-04-12T16:00:00Z,55295,26.474805
26.39,26.39,26.16,6,26.16,2022-04-12T20:00:00Z,786,26.287143
28.13,28.53,26.5,205,26.5,2022-04-13T12:00:00Z,20880,27.66938
28.04,28.385,27.385,325,28.03,2022-04-13T16:00:00Z,31187,28.005237
28.01,28.01,28.01,1,28.01,2022-04-13T20:00:00Z,100,28.01
26.64,28.52,26.58,391,28.52,2022-04-14T12:00:00Z,28017,27.188465
25.57,26.89,25.545,382,26.52,2022-04-14T16:00:00Z,29888,26.141636
26.8,27.36,25.21,193,25.21,2022-04-18T12:00:00Z,20776,26.827673
26.92,27.64,26.06,391,26.77,2022-04-18T16:00:00Z,31627,26.943509
27.44,27.59,27.09,15,27.09,2022-04-18T20:00:00Z,2340,27.392069
28.7,28.77,26.5,455,26.66,2022-04-19T12:00:00Z,40293,28.065277
28.79,28.88,27.99,286,28.53,2022-04-19T16:00:00Z,23820,28.502216
28.05,28.34,28.05,14,28.34,2022-04-19T20:00:00Z,2400,28.139083
28.565,30.82,28.535,311,30.1,2022-04-20T12:00:00Z,29984,29.660039
28.44,29.19,28.27,352,28.59,2022-04-20T16:00:00Z,32835,28.698503
28.79,28.79,28.52,3,28.52,2022-04-20T20:00:00Z,350,28.704286
27.765,30.435,27.765,250,29.43,2022-04-21T12:00:00Z,22324,29.038117
26.2,27.93,25.82,637,27.785,2022-04-21T16:00:00Z,44638,26.807667
26.21,26.21,26.21,6,26.21,2022-04-21T20:00:00Z,355,26.21
25.27,26.51,25.27,180,26.055,2022-04-22T12:00:00Z,15729,25.755415
24.405,25.495,24.385,947,25.265,2022-04-22T16:00:00Z,78407,24.827159
24.16,24.45,24.16,14,24.45,2022-04-22T20:00:00Z,2006,24.302023
24.24,25.45,23.705,372,23.94,2022-04-25T12:00:00Z,37385,24.748155
25.76,25.76,24.05,628,24.05,2022-04-25T16:00:00Z,41745,24.945696
25.85,25.85,25.64,4,25.64,2022-04-25T20:00:00Z,600,25.745
22.76,24.64,22.66,270,24.64,2022-04-26T12:00:00Z,22754,23.128614
22.365,23.61,22.365,633,22.765,2022-04-26T16:00:00Z,78930,22.846533
21.29,22.31,21.22,34,22.31,2022-04-26T20:00:00Z,4496,21.442167
22.1,23.5,21.51,201,21.51,2022-04-27T12:00:00Z,19654,22.40347
21.96,22.9,21.77,285,22.02,2022-04-27T16:00:00Z,37037,22.188666
22.19,22.19,22.18,2,22.18,2022-04-27T20:00:00Z,200,22.185
23.24,23.91,22.43,415,23.405,2022-04-28T12:00:00Z,28723,23.087371
25.53,26.285,23.13,580,23.32,2022-04-28T16:00:00Z,51735,25.24583
24.94,25.4,24.53,23,24.97,2022-04-28T20:00:00Z,5349,24.938262
24.24,25.85,24.13,560,24.37,2022-04-29T12:00:00Z,56934,24.680595
22.115,24.22,22.11,725,24.22,2022-04-29T16:00:00Z,66746,23.067516
22.46,22.47,22.37,7,22.38,2022-04-29T20:00:00Z,1400,22.412143
23.17,23.68,22.215,406,22.45,2022-05-02T12:00:00Z,41854,23.001387
24.47,24.54,21.82,909,23.185,2022-05-02T16:00:00Z,88265,23.256075
24.48,24.48,24.36,6,24.45,2022-05-02T20:00:00Z,950,24.449474
24.96,25.18,23.87,366,24.3,2022-05-03T12:00:00Z,41328,24.582666
25.1,25.66,24.515,1223,25.155,2022-05-03T16:00:00Z,109808,25.067183
25.65,25.79,25.41,44,25.49,2022-05-03T20:00:00Z,4351,25.628909
23.75,25.47,23.3,297,25.47,2022-05-04T12:00:00Z,27376,24.135056
28.06,28.14,23.72,1003,23.775,2022-05-04T16:00:00Z,103494,26.39201
27.61,27.87,27.61,6,27.87,2022-05-04T20:00:00Z,850,27.698819
23.83,26.57,23.805,584,26.49,2022-05-05T12:00:00Z,86779,24.740247
23.905,24.87,22.755,761,23.805,2022-05-05T16:00:00Z,85018,23.557888
24.05,24.21,24.05,3,24.21,2022-05-05T20:00:00Z,700,24.137143
23.37,24.76,21.96,982,23.74,2022-05-06T12:00:00Z,125789,23.021143
23.31,24.62,22.58,589,23.38,2022-05-06T16:00:00Z,61645,23.529138
23.14,23.25,23.11,4,23.25,2022-05-06T20:00:00Z,1150,23.168696
20.41,22.395,20.04,513,21.81,2022-05-09T12:00:00Z,79196,20.910758
19.63,21.0,19.35,1061,20.38,2022-05-09T16:00:00Z,114877,19.968253
20.2,21.895,19.78,714,21.4,2022-05-10T12:00:00Z,113615,20.628253
21.11,22.13,20.005,1183,20.31,2022-05-10T16:00:00Z,159157,21.012235
21.18,21.93,19.87,272,21.84,2022-05-11T12:00:00Z,51155,21.030891
19.085,21.17,18.99,851,20.965,2022-05-11T16:00:00Z,78794,19.639366
19.4,19.4,19.36,8,19.36,2022-05-11T20:00:00Z,1252,19.373333
18.62,19.96,18.05,962,18.53,2022-05-12T12:00:00Z,85938,19.060618
19.44,19.61,17.965,590,18.59,2022-05-12T16:00:00Z,83150,18.655692
19.32,19.44,19.32,8,19.42,2022-05-12T20:00:00Z,1700,19.395882
22.33,22.33,20.54,413,20.58,2022-05-13T12:00:00Z,45114,21.689742
22.48,22.9,21.68,1484,22.315,2022-05-13T16:00:00Z,165361,22.423028
22.41,22.41,22.41,1,22.41,2022-05-13T20:00:00Z,300,22.41
22.04,22.5,21.24,582,21.83,2022-05-16T12:00:00Z,64919,21.723782
21.365,22.42,21.26,504,22.055,2022-05-16T16:00:00Z,53427,21.852909
21.42,21.42,21.42,1,21.42,2022-05-16T20:00:00Z,100,21.42
24.06,24.1,22.9,480,23.18,2022-05-17T12:00:00Z,54534,23.535779
24.61,24.71,23.325,815,24.04,2022-05-17T16:00:00Z,84940,24.175597
22.25,24.325,22.2,1001,23.34,2022-05-18T12:00:00Z,84018,23.55211
20.76,22.3,20.56,923,22.25,2022-05-18T16:00:00Z,97068,21.184749
20.4,20.84,20.37,17,20.84,2022-05-18T20:00:00Z,2729,20.565072
21.74,22.0,19.915,992,20.35,2022-05-19T12:00:00Z,122725,21.088378
20.465,21.74,20.465,451,21.72,2022-05-19T16:00:00Z,58597,21.056106
20.41,20.42,20.41,5,20.42,2022-05-19T20:00:00Z,1200,20.410833
19.23,21.6,19.1,575,21.6,2022-05-20T12:00:00Z,53228,20.176928
20.335,20.345,17.68,971,19.23,2022-05-20T16:00:00Z,130807,18.756831
20.25,20.29,20.09,20,20.26,2022-05-20T20:00:00Z,4144,20.222643
20.48,20.745,19.49,395,19.94,2022-05-23T12:00:00Z,46792,20.114043
20.625,20.69,19.86,372,20.44,2022-05-23T16:00:00Z,41139,20.33087
20.71,20.71,20.63,12,20.63,2022-05-23T20:00:00Z,3301,20.690909
19.07,19.76,18.48,223,19.7,2022-05-24T12:00:00Z,35066,18.952058
19.01,19.65,18.675,665,19.065,2022-05-24T16:00:00Z,69591,19.123315
19.15,19.21,19.11,8,19.16,2022-05-24T20:00:00Z,1427,19.180394
19.49,19.92,18.73,258,18.73,2022-05-25T12:00:00Z,34013,19.423249
20.195,20.65,19.13,525,19.47,2022-05-25T16:00:00Z,55664,19.934094
19.36,20.17,19.08,49,20.17,2022-05-25T20:00:00Z,10192,19.414653
22.105,22.21,19.525,347,19.99,2022-05-26T12:00:00Z,40496,21.45431
22.56,22.81,22.1,1077,22.1,2022-05-26T16:00:00Z,135957,22.575464
22.46,22.46,22.46,1,22.46,2022-05-26T20:00:00Z,100,22.46
24.69,24.7,23.67,409,23.67,2022-05-27T12:00:00Z,37128,24.353577
25.24,25.43,24.6,845,24.71,2022-05-27T16:00:00Z,94822,25.114707
25.25,25.31,25.25,2,25.31,2022-05-27T20:00:00Z,500,25.298
25.34,25.36,23.765,538,25.18,2022-05-31T12:00:00Z,56635,24.318016
24.875,25.57,24.41,448,25.32,2022-05-31T16:00:00Z,48355,25.036808
24.85,24.85,24.85,1,24.85,2022-05-31T20:00:00Z,200,24.85
23.19,25.55,23.175,232,25.33,2022-06-01T12:00:00Z,30432,24.004087
23.68,24.4,22.79,523,23.165,2022-06-01T16:00:00Z,58860,23.828431
23.61,23.71,23.61,2,23.71,2022-06-01T20:00:00Z,200,23.66
25.1,25.42,23.5,244,23.5,2022-06-02T12:00:00Z,33762,24.610237
26.255,26.255,25.07,466,25.14,2022-06-02T16:00:00Z,65015,25.780382
26.12,26.18,26.06,5,26.18,2022-06-02T20:00:00Z,905,26.104862
23.95,24.745,23.53,182,24.34,2022-06-03T12:00:00Z,26042,24.096824
23.88,24.58,23.73,253,23.92,2022-06-03T16:00:00Z,27040,23.999451
23.92,23.93,23.9,3,23.9,2022-06-03T20:00:00Z,600,23.913333
24.58,25.58,24.23,303,25.29,2022-06-06T12:00:00Z,39367,24.941754
23.83,24.57,23.51,978,24.57,2022-06-06T16:00:00Z,75448,23.846526
23.78,23.78,23.78,2,23.78,2022-06-06T20:00:00Z,600,23.78
23.73,24.39,23.07,283,23.07,2022-06-07T12:00:00Z,27056,23.748227
24.58,24.73,23.65,297,23.7,2022-06-07T16:00:00Z,26491,24.416659
24.45,24.55,24.45,13,24.55,2022-06-07T20:00:00Z,1896,24.491718
23.74,24.405,23.545,167,24.14,2022-06-08T12:00:00Z,17049,23.890175
22.89,23.53,22.45,622,23.5,2022-06-08T16:00:00Z,66161,22.820006
22.905,23.54,22.53,165,22.53,2022-06-09T12:00:00Z,14475,22.977403
21.05,23.115,21.05,308,22.925,2022-06-09T16:00:00Z,46402,21.988476
21.09,21.25,21.01,26,21.11,2022-06-09T20:00:00Z,5065,21.177917
19.125,20.48,18.66,650,20.32,2022-06-10T12:00:00Z,70349,19.22616
18.755,19.595,18.755,729,19.08,2022-06-10T16:00:00Z,95757,19.055738
18.82,18.83,18.8,9,18.8,2022-06-10T20:00:00Z,1300,18.814586
15.76,17.345,15.55,426,16.87,2022-06-13T12:00:00Z,66615,16.172074
15.495,16.665,15.34,1503,15.79,2022-06-13T16:00:00Z,158154,15.790918
15.91,16.165,15.46,402,16.14,2022-06-14T12:00:00Z,42773,15.828323
15.76,16.0,15.22,469,15.9,2022-06-14T16:00:00Z,40453,15.619383
16.33,16.69,16.1,271,16.43,2022-06-15T12:00:00Z,30745,16.344075
16.62,17.42,15.48,1945,16.38,2022-06-15T16:00:00Z,202169,16.651762
13.6,15.15,13.52,955,14.97,2022-06-16T12:00:00Z,156165,13.984241
13.5,13.77,13.0,1889,13.63,2022-06-16T16:00:00Z,223185,13.367601
13.39,14.01,12.795,628,13.7,2022-06-17T12:00:00Z,53825,13.460329
13.68,13.995,13.25,1024,13.29,2022-06-17T16:00:00Z,124166,13.716375
14.97,15.42,14.42,346,14.42,2022-06-21T12:00:00Z,53339,15.083819
14.81,15.135,14.75,695,14.895,2022-06-21T16:00:00Z,66236,14.897232
14.19,14.96,13.945,558,13.945,2022-06-22T12:00:00Z,47963,14.317926
14.31,14.775,14.05,365,14.27,2022-06-22T16:00:00Z,57350,14.464739
13.8,14.485,13.76,348,14.485,2022-06-23T12:00:00Z,32432,14.068194
14.02,14.075,13.36,338,13.805,2022-06-23T16:00:00Z,42074,13.670581
13.83,13.97,13.83,7,13.97,2022-06-23T20:00:00Z,1951,13.896667
15.56,15.81,14.585,828,14.71,2022-06-24T12:00:00Z,67676,15.24978
15.85,15.85,15.365,1026,15.54,2022-06-24T16:00:00Z,106961,15.578654
15.81,15.81,15.81,1,15.81,2022-06-24T20:00:00Z,100,15.81
16.26,16.43,15.425,291,16.37,2022-06-27T12:00:00Z,27464,15.933215
15.78,16.2,15.62,316,16.13,2022-06-27T16:00:00Z,40393,15.931142
14.79,16.57,14.75,370,16.355,2022-06-28T12:00:00Z,38029,15.551843
14.57,15.36,14.54,345,14.765,2022-06-28T16:00:00Z,45746,14.799253
13.36,14.01,13.18,541,14.01,2022-06-29T12:00:00Z,62745,13.512408
13.51,13.6,13.035,1068,13.38,2022-06-29T16:00:00Z,155872,13.261113
13.48,13.51,12.4,844,12.97,2022-06-30T12:00:00Z,478019,12.597739
13.015,13.82,12.82,227,13.47,2022-06-30T16:00:00Z,34126,13.225668
11.235,12.43,11.225,1521,12.43,2022-07-01T12:00:00Z,411453,11.563527
11.56,11.705,11.135,551,11.24,2022-07-01T16:00:00Z,97962,11.408699
11.69,11.69,11.59,19,11.59,2022-07-01T20:00:00Z,5956,11.652406
11.03,11.455,10.54,768,10.88,2022-07-05T12:00:00Z,148207,10.824867
11.85,11.85,10.985,885,11.02,2022-07-05T16:00:00Z,96315,11.490838
11.955,12.13,11.54,1211,11.93,2022-07-06T12:00:00Z,189580,11.883821
12.08,12.485,11.85,569,11.955,2022-07-06T16:00:00Z,125569,12.157072
13.5,13.5,12.99,1123,13.0,2022-07-07T12:00:00Z,100887,13.325811
13.72,13.875,13.505,2182,13.51,2022-07-07T16:00:00Z,225947,13.745429
13.93,14.14,12.965,952,13.09,2022-07-08T12:00:00Z,101220,13.548874
13.905,13.97,13.3,903,13.91,2022-07-08T16:00:00Z,203471,13.848803
13.94,13.94,13.94,2,13.94,2022-07-08T20:00:00Z,250,13.94
12.94,13.405,12.68,406,13.26,2022-07-11T12:00:00Z,86396,12.92579
12.89,13.42,12.8,374,12.91,2022-07-11T16:00:00Z,60554,13.058372
13.3,13.43,12.775,324,13.22,2022-07-12T12:00:00Z,76947,13.230495
12.99,13.415,12.75,235,13.335,2022-07-12T16:00:00Z,30764,13.070131
13.15,13.54,12.19,892,13.16,2022-07-13T12:00:00Z,94673,12.861706
13.32,13.5,13.165,267,13.165,2022-07-13T16:00:00Z,38245,13.382334
13.195,13.21,12.555,341,13.06,2022-07-14T12:00:00Z,43177,12.845044
14.085,14.245,13.045,1050,13.29,2022-07-14T16:00:00Z,176287,13.979362
14.66,14.8,14.05,673,14.23,2022-07-15T12:00:00Z,93935,14.514487
15.12,15.12,14.52,315,14.63,2022-07-15T16:00:00Z,55517,14.882338
16.17,16.17,15.225,2629,15.74,2022-07-18T12:00:00Z,676786,15.570961
14.91,16.175,14.65,1744,16.155,2022-07-18T16:00:00Z,242633,15.030933
16.57,16.62,15.52,1073,15.52,2022-07-19T12:00:00Z,93371,16.128243
16.98,17.16,16.4,1319,16.56,2022-07-19T16:00:00Z,178259,16.813723
17.12,17.12,17.12,1,17.12,2022-07-19T20:00:00Z,150,17.12
18.22,18.28,16.53,706,16.555,2022-07-20T12:00:00Z,83838,17.79731
18.22,18.415,17.48,608,18.215,2022-07-20T16:00:00Z,73125,17.989414
18.62,18.7,17.76,937,18.52,2022-07-21T12:00:00Z,90189,18.281396
19.08,19.11,18.46,437,18.6,2022-07-21T16:00:00Z,60670,18.813249
17.84,18.9,17.6,404,18.87,2022-07-22T12:00:00Z,58427,18.143921
17.62,17.89,17.165,770,17.865,2022-07-22T16:00:00Z,62792,17.484695
17.07,17.33,16.43,664,17.22,2022-07-25T12:00:00Z,99097,16.943228
17.28,17.29,16.76,980,17.03,2022-07-25T16:00:00Z,77091,17.013593
16.46,17.19,16.39,182,16.94,2022-07-26T12:00:00Z,28389,16.720661
16.43,16.78,16.255,234,16.44,2022-07-26T16:00:00Z,43474,16.483024
16.69,16.69,16.62,2,16.62,2022-07-26T20:00:00Z,250,16.662
17.72,17.975,17.215,559,17.37,2022-07-27T12:00:00Z,59648,17.755273
18.75,19.11,17.655,1395,17.73,2022-07-27T16:00:00Z,166239,18.235468
18.52,18.63,18.3,6,18.63,2022-07-27T20:00:00Z,831,18.511605
19.0,19.0,17.6,442,18.19,2022-07-28T12:00:00Z,84640,18.150555
19.38,19.49,18.66,413,18.915,2022-07-28T16:00:00Z,59134,19.130282
18.99,18.99,18.72,5,18.92,2022-07-28T20:00:00Z,600,18.880833
19.19,19.47,18.47,401,18.47,2022-07-29T12:00:00Z,57869,19.09645
19.85,19.955,19.195,954,19.195,2022-07-29T16:00:00Z,96919,19.626677
20.29,20.56,19.04,727,19.335,2022-08-01T12:00:00Z,127392,20.103749
19.995,20.29,19.55,488,20.285,2022-08-01T16:00:00Z,68054,19.895374
20.14,20.14,20.14,1,20.14,2022-08-01T20:00:00Z,150,20.14
20.12,20.19,19.16,286,19.42,2022-08-02T12:00:00Z,58154,19.630535
19.945,20.835,19.89,449,20.2,2022-08-02T16:00:00Z,78209,20.267621
19.62,19.62,19.62,2,19.62,2022-08-02T20:00:00Z,190,19.62
20.94,20.94,19.91,276,19.93,2022-08-03T12:00:00Z,35078,20.511315
21.58,21.7,20.79,410,20.885,2022-08-03T16:00:00Z,56267,21.326364
21.51,21.51,21.51,3,21.51,2022-08-03T20:00:00Z,201,21.51
21.97,22.05,21.22,264,21.7,2022-08-04T12:00:00Z,25116,21.639408
22.075,22.24,21.605,247,21.99,2022-08-04T16:00:00Z,39046,21.968188
20.835,22.1,20.66,259,22.1,2022-08-05T12:00:00Z,35129,21.444053
21.55,21.655,20.86,378,20.91,2022-08-05T16:00:00Z,80959,21.451984
20.08,21.83,19.69,388,21.83,2022-08-08T12:00:00Z,38136,20.502601
20.545,20.55,19.57,441,20.125,2022-08-08T16:00:00Z,45001,20.196489
17.34,19.44,17.3,381,19.44,2022-08-09T12:00:00Z,63885,18.246561
17.695,17.9,16.94,580,17.345,2022-08-09T16:00:00Z,87819,17.364474
17.68,17.7,17.63,9,17.7,2022-08-09T20:00:00Z,900,17.653333
19.795,19.845,18.41,429,18.51,2022-08-10T12:00:00Z,55598,18.927433
19.95,20.0,19.4,859,19.845,2022-08-10T16:00:00Z,92474,19.756463
19.96,19.96,19.92,14,19.92,2022-08-10T20:00:00Z,1300,19.950833
20.215,21.575,20.05,415,20.48,2022-08-11T12:00:00Z,56249,20.724601
19.76,20.515,19.7,494,20.165,2022-08-11T16:00:00Z,62461,20.050389
19.92,19.92,19.8,4,19.8,2022-08-11T20:00:00Z,400,19.8725
21.07,21.21,20.02,223,20.12,2022-08-12T12:00:00Z,27846,20.843681
21.59,21.71,21.1,427,21.1,2022-08-12T16:00:00Z,70754,21.502502
21.55,21.55,21.51,4,21.55,2022-08-12T20:00:00Z,400,21.5325
21.58,21.79,20.885,196,21.21,2022-08-15T12:00:00Z,22002,21.346853
21.72,21.935,21.35,150,21.55,2022-08-15T16:00:00Z,27576,21.722041
21.7,21.76,21.7,4,21.76,2022-08-15T20:00:00Z,400,21.72
21.35,21.585,20.435,189,21.48,2022-08-16T12:00:00Z,27474,20.98191
21.13,21.69,20.87,142,21.29,2022-08-16T16:00:00Z,21077,21.238671
21.02,21.06,20.98,22,21.06,2022-08-16T20:00:00Z,2200,21.018636
18.81,20.33,18.73,823,20.33,2022-08-17T12:00:00Z,69109,19.318147
19.54,20.065,18.755,857,18.87,2022-08-17T16:00:00Z,76668,19.437165
19.62,19.63,19.53,12,19.53,2022-08-17T20:00:00Z,1106,19.598182
21.215,21.31,19.5,333,19.69,2022-08-18T12:00:00Z,32858,20.709155
20.915,21.34,20.685,1324,21.225,2022-08-18T16:00:00Z,116144,21.040803
21.01,21.03,21.0,8,21.0,2022-08-18T20:00:00Z,800,21.02375
19.27,20.36,19.12,280,19.97,2022-08-19T12:00:00Z,30621,19.441599
19.17,19.465,18.91,525,19.25,2022-08-19T16:00:00Z,62891,19.15058
19.06,19.17,19.06,10,19.17,2022-08-19T20:00:00Z,1000,19.106
17.58,18.12,17.38,331,18.08,2022-08-22T12:00:00Z,209055,17.527384
16.975,17.64,16.775,640,17.56,2022-08-22T16:00:00Z,87837,17.07027
17.6,18.015,17.04,259,17.04,2022-08-23T12:00:00Z,34591,17.638765
17.35,17.67,17.29,256,17.57,2022-08-23T16:00:00Z,32521,17.509923
17.28,17.28,17.28,4,17.28,2022-08-23T20:00:00Z,431,17.28
17.47,17.55,16.795,173,17.53,2022-08-24T12:00:00Z,26257,17.180686
17.385,17.54,17.055,174,17.505,2022-08-24T16:00:00Z,23759,17.338051
17.3,17.45,17.21,12,17.29,2022-08-24T20:00:00Z,1300,17.329216
18.78,18.98,17.76,236,17.77,2022-08-25T12:00:00Z,186070,18.803159
19.32,19.33,18.61,294,18.75,2022-08-25T16:00:00Z,46714,18.895918
19.2,19.26,19.15,6,19.26,2022-08-25T20:00:00Z,650,19.179231
17.245,19.32,17.025,484,19.26,2022-08-26T12:00:00Z,72256,18.010475
15.96,17.105,15.96,658,17.09,2022-08-26T16:00:00Z,98593,16.486084
15.82,15.99,15.82,38,15.99,2022-08-26T20:00:00Z,4600,15.92093
15.175,16.03,14.96,448,15.52,2022-08-29T12:00:00Z,50405,15.404699
15.005,15.7,15.005,409,15.185,2022-08-29T16:00:00Z,52536,15.345129
15.14,15.14,15.06,19,15.09,2022-08-29T20:00:00Z,2615,15.078885
14.35,15.48,13.975,427,15.32,2022-08-30T12:00:00Z,60172,14.485652
14.53,14.555,13.97,362,14.335,2022-08-30T16:00:00Z,58356,14.245266
14.52,14.56,14.47,15,14.47,2022-08-30T20:00:00Z,2700,14.522963
14.05,14.67,13.685,870,14.56,2022-08-31T12:00:00Z,165412,14.243918
14.0,14.375,13.67,606,14.07,2022-08-31T16:00:00Z,104354,14.028345
14.02,14.07,14.01,16,14.02,2022-08-31T20:00:00Z,2701,14.019259
12.1,13.29,12.0,1180,13.29,2022-09-01T12:00:00Z,161442,12.317972
13.2,13.235,11.98,1229,12.1,2022-09-01T16:00:00Z,225341,12.382644
13.32,13.39,13.12,25,13.22,2022-09-01T20:00:00Z,4340,13.226046
13.89,14.11,13.21,711,13.45,2022-09-02T12:00:00Z,145879,13.729875
12.805,13.9,12.64,255,13.89,2022-09-02T16:00:00Z,53543,12.960178
12.91,12.91,12.85,20,12.86,2022-09-02T20:00:00Z,2903,12.885523
12.96,13.16,12.08,859,13.09,2022-09-06T12:00:00Z,170041,12.692244
12.43,12.945,12.29,408,12.945,2022-09-06T16:00:00Z,76003,12.485859
12.4,12.4,12.4,1,12.4,2022-09-06T20:00:00Z,200,12.4
12.79,12.86,12.2,525,12.3,2022-09-07T12:00:00Z,68845,12.506929
13.01,13.29,12.52,526,12.8,2022-09-07T16:00:00Z,80852,12.976261
13.6,13.76,12.41,720,13.08,2022-09-08T12:00:00Z,309900,13.434124
13.62,13.62,12.97,523,13.61,2022-09-08T16:00:00Z,125859,13.344533
13.7,13.74,13.64,16,13.64,2022-09-08T20:00:00Z,2651,13.722453
14.7,14.81,14.18,887,14.23,2022-09-09T12:00:00Z,188667,14.587288
14.66,14.77,14.5,436,14.76,2022-09-09T16:00:00Z,72990,14.646602
14.62,14.65,14.6,11,14.65,2022-09-09T20:00:00Z,1889,14.622222
14.45,15.035,14.34,877,14.97,2022-09-12T12:00:00Z,115033,14.798081
14.79,14.8,14.34,251,14.39,2022-09-12T16:00:00Z,66856,14.585065
14.89,14.89,14.78,9,14.78,2022-09-12T20:00:00Z,1350,14.865185
12.69,15.22,12.6,1026,15.13,2022-09-13T12:00:00Z,219688,13.083308
12.04,12.805,11.96,1629,12.705,2022-09-13T16:00:00Z,182106,12.283874
12.09,12.12,12.04,72,12.07,2022-09-13T20:00:00Z,6086,12.064927
12.49,12.67,11.91,901,11.91,2022-09-14T12:00:00Z,114262,12.23477
12.46,12.69,12.02,365,12.5,2022-09-14T16:00:00Z,56384,12.370286
12.58,12.6,12.49,24,12.49,2022-09-14T20:00:00Z,3178,12.558004
11.795,12.66,11.61,708,12.33,2022-09-15T12:00:00Z,113576,12.135406
11.9,12.39,11.645,349,11.915,2022-09-15T16:00:00Z,146026,12.111192
11.8,11.94,11.79,41,11.9,2022-09-15T20:00:00Z,5632,11.86523
11.565,12.03,11.2,728,11.56,2022-09-16T12:00:00Z,120781,11.566893
12.065,12.085,11.325,531,11.61,2022-09-16T16:00:00Z,135238,11.769999
12.1,12.1,12.04,31,12.07,2022-09-16T20:00:00Z,4726,12.064344
11.855,12.42,11.58,759,11.59,2022-09-19T12:00:00Z,126384,12.066607
12.25,12.345,11.8,379,11.845,2022-09-19T16:00:00Z,72589,12.045188
12.35,12.35,12.29,13,12.34,2022-09-19T20:00:00Z,2200,12.32
11.94,12.005,11.69,334,11.98,2022-09-20T12:00:00Z,77007,11.868609
11.675,12.005,11.47,431,11.99,2022-09-20T16:00:00Z,140618,11.773496
11.71,11.76,11.71,6,11.72,2022-09-20T20:00:00Z,1000,11.728
12.22,12.36,11.67,581,11.7,2022-09-21T12:00:00Z,76906,12.129941
11.39,12.91,11.39,1094,12.22,2022-09-21T16:00:00Z,186360,12.134976
10.35,11.48,10.31,996,11.3,2022-09-22T12:00:00Z,158455,10.69098
10.43,10.815,10.255,877,10.45,2022-09-22T16:00:00Z,160496,10.522455
10.42,10.46,10.39,12,10.45,2022-09-22T20:00:00Z,1900,10.41
9.63,10.13,9.55,1363,9.89,2022-09-23T12:00:00Z,243020,9.792679
9.95,10.015,9.46,1737,9.65,2022-09-23T16:00:00Z,284696,9.700392
10.03,10.05,9.94,40,9.94,2022-09-23T20:00:00Z,5270,10.019342
9.775,10.345,9.705,989,9.81,2022-09-26T12:00:00Z,293436,10.146912
9.545,9.875,9.52,305,9.745,2022-09-26T16:00:00Z,69564,9.678569
9.51,9.53,9.51,6,9.53,2022-09-26T20:00:00Z,1500,9.52
9.73,10.28,9.73,600,10.02,2022-09-27T12:00:00Z,143184,9.987434
9.82,9.89,9.395,632,9.72,2022-09-27T16:00:00Z,139598,9.628574
9.85,9.88,9.8,8,9.8,2022-09-27T20:00:00Z,1900,9.841579
10.15,10.15,9.28,1565,9.29,2022-09-28T12:00:00Z,297977,9.773011
10.23,10.34,9.94,929,10.17,2022-09-28T16:00:00Z,256184,10.175923
10.14,10.2,10.14,5,10.2,2022-09-28T20:00:00Z,1026,10.173
9.245,9.83,9.005,758,9.79,2022-09-29T12:00:00Z,176382,9.307143
9.235,9.295,8.8,1301,9.23,2022-09-29T16:00:00Z,267719,9.013196
9.15,9.22,9.12,30,9.16,2022-09-29T20:00:00Z,6770,9.17999
9.31,9.595,8.8,1342,9.11,2022-09-30T12:00:00Z,448941,9.364631
8.79,9.305,8.745,672,9.29,2022-09-30T16:00:00Z,135344,9.001453
8.81,8.84,8.81,24,8.83,2022-09-30T20:00:00Z,5555,8.825339
9.585,9.8,8.895,674,8.94,2022-10-03T12:00:00Z,187575,9.447907
9.72,9.975,9.59,590,9.68,2022-10-03T16:00:00Z,288438,9.808244
9.81,9.81,9.78,4,9.78,2022-10-03T20:00:00Z,1200,9.7925
11.075,11.085,10.54,717,10.7,2022-10-04T12:00:00Z,180331,10.90328
11.06,11.085,10.74,678,11.08,2022-10-04T16:00:00Z,107278,10.94071
10.81,10.83,10.22,507,10.76,2022-10-05T12:00:00Z,115812,10.52088
11.315,11.645,10.72,1091,10.79,2022-10-05T16:00:00Z,214075,11.398692
11.37,11.37,11.37,1,11.37,2022-10-05T20:00:00Z,300,11.37
11.32,11.91,11.05,1117,11.18,2022-10-06T12:00:00Z,200835,11.463448
11.15,11.545,11.125,234,11.26,2022-10-06T16:00:00Z,56563,11.281269
10.71,11.2,10.65,130,11.14,2022-10-06T20:00:00Z,31011,10.874599
9.515,10.73,9.36,1479,10.66,2022-10-07T12:00:00Z,336851,9.94599
9.16,9.555,9.0,1623,9.485,2022-10-07T16:00:00Z,303430,9.191235
9.14,9.19,9.1,18,9.18,2022-10-07T20:00:00Z,4863,9.143572
8.185,9.14,7.86,1995,8.92,2022-10-10T12:00:00Z,401743,8.290507
8.215,8.455,7.9,1113,8.175,2022-10-10T16:00:00Z,169481,8.178338
8.23,8.26,8.21,22,8.25,2022-10-10T20:00:00Z,7629,8.222503
7.755,8.08,7.34,1731,7.94,2022-10-11T12:00:00Z,302510,7.627855
7.52,8.02,7.22,1197,7.745,2022-10-11T16:00:00Z,179739,7.584933
7.63,7.63,7.53,25,7.54,2022-10-11T20:00:00Z,5172,7.547554
7.515,7.83,7.235,2345,7.8,2022-10-12T12:00:00Z,313642,7.45148
7.31,7.53,7.29,634,7.52,2022-10-12T16:00:00Z,92209,7.382418
7.31,7.32,7.27,14,7.32,2022-10-12T20:00:00Z,2424,7.296667
7.98,8.34,6.24,3667,7.37,2022-10-13T12:00:00Z,777195,6.822593
7.96,8.1,7.575,1077,7.98,2022-10-13T16:00:00Z,175289,7.879876
7.99,7.99,7.97,19,7.99,2022-10-13T20:00:00Z,3261,7.980966
7.15,8.35,7.15,2439,7.77,2022-10-14T12:00:00Z,435475,7.655983
6.91,7.265,6.875,678,7.185,2022-10-14T16:00:00Z,132935,7.09143
6.88,6.94,6.88,17,6.94,2022-10-14T20:00:00Z,3478,6.908686
7.41,7.66,7.16,1067,7.2,2022-10-17T12:00:00Z,183218,7.471136
7.355,7.42,7.27,379,7.41,2022-10-17T16:00:00Z,41549,7.347848
7.41,7.41,7.37,3,7.37,2022-10-17T20:00:00Z,900,7.374444
7.29,8.205,7.05,2360,7.89,2022-10-18T12:00:00Z,557263,7.77861
7.42,7.53,7.13,773,7.28,2022-10-18T16:00:00Z,178711,7.36511
7.72,7.72,7.56,27,7.58,2022-10-18T20:00:00Z,14735,7.610419
7.71,7.8,7.2,1371,7.45,2022-10-19T12:00:00Z,234079,7.476776
7.6,7.68,7.33,611,7.68,2022-10-19T16:00:00Z,93312,7.488958
7.55,7.59,7.55,8,7.59,2022-10-19T20:00:00Z,352,7.566
8.24,8.42,7.57,1765,7.64,2022-10-20T12:00:00Z,665193,8.177288
7.72,8.235,7.6,920,8.235,2022-10-20T16:00:00Z,204390,7.840727
7.72,7.75,7.67,19,7.73,2022-10-20T20:00:00Z,4584,7.712528
8.215,8.29,7.36,1095,7.53,2022-10-21T12:00:00Z,245040,7.936005
8.6,8.63,8.16,1505,8.28,2022-10-21T16:00:00Z,244015,8.440726
8.56,8.59,8.56,10,8.59,2022-10-21T20:00:00Z,3442,8.565667
8.66,8.81,8.08,1612,8.8,2022-10-24T12:00:00Z,304699,8.467908
8.69,8.795,8.46,926,8.655,2022-10-24T16:00:00Z,114739,8.646446
8.65,8.7,8.65,16,8.68,2022-10-24T20:00:00Z,4977,8.673909
9.36,9.46,8.6,1751,8.64,2022-10-25T12:00:00Z,212405,9.179272
9.27,9.385,9.09,694,9.35,2022-10-25T16:00:00Z,84890,9.228499
8.82,9.27,8.68,145,9.27,2022-10-25T20:00:00Z,29205,8.901562
9.5,9.66,8.57,2825,8.81,2022-10-26T12:00:00Z,282554,9.17798
8.98,9.58,8.87,563,9.55,2022-10-26T16:00:00Z,149771,9.154589
9.21,9.24,8.93,133,9.03,2022-10-26T20:00:00Z,22197,9.101913
8.74,9.41,8.62,2468,8.9,2022-10-27T12:00:00Z,355593,9.007811
8.52,8.9,8.495,655,8.735,2022-10-27T16:00:00Z,111949,8.714363
8.53,8.58,8.31,60,8.56,2022-10-27T20:00:00Z,10814,8.4779
9.28,9.44,8.32,2495,8.36,2022-10-28T12:00:00Z,260058,8.942347
9.515,9.555,9.295,748,9.295,2022-10-28T16:00:00Z,111948,9.430456
9.62,9.62,9.51,11,9.51,2022-10-28T20:00:00Z,1871,9.542072
8.97,9.42,8.77,996,9.42,2022-10-31T12:00:00Z,161072,9.079158
8.89,9.13,8.85,375,8.965,2022-10-31T16:00:00Z,73936,9.005177
9.2,9.51,9.0,826,9.29,2022-11-01T12:00:00Z,158536,9.246713
9.12,9.3,9.1,444,9.2,2022-11-01T16:00:00Z,93028,9.193258
9.09,9.14,8.91,95,9.05,2022-11-01T20:00:00Z,17791,9.013012
9.25,9.47,9.12,336,9.29,2022-11-02T12:00:00Z,86228,9.29487
8.23,9.77,8.215,1639,9.195,2022-11-02T16:00:00Z,350816,9.056362
8.21,8.22,8.04,82,8.21,2022-11-02T20:00:00Z,11710,8.16649
8.01,8.28,7.545,1034,7.91,2022-11-03T12:00:00Z,249587,7.872824
7.91,8.23,7.88,790,8.03,2022-11-03T16:00:00Z,164643,8.056941
7.9,7.92,7.88,8,7.88,2022-11-03T20:00:00Z,1800,7.901111
8.59,9.06,8.12,1639,8.23,2022-11-04T12:00:00Z,345411,8.713181
9.01,9.01,8.43,1266,8.58,2022-11-04T16:00:00Z,187871,8.698541
8.99,9.01,8.99,6,9.01,2022-11-04T20:00:00Z,1552,9.004667
9.14,9.28,8.89,1074,9.2,2022-11-07T12:00:00Z,152879,9.105741
9.495,9.56,9.09,726,9.15,2022-11-07T16:00:00Z,105609,9.296003
9.62,9.685,9.51,309,9.51,2022-11-07T20:00:00Z,41628,9.637176
10.33,10.335,9.9,1281,9.96,2022-11-08T12:00:00Z,239394,10.129249
9.92,10.54,9.64,905,10.32,2022-11-08T16:00:00Z,204288,10.137229
10.17,10.33,9.92,267,9.92,2022-11-08T20:00:00Z,62053,10.219078
9.54,10.05,9.37,646,10.01,2022-11-09T12:00:00Z,149966,9.663655
9.23,9.81,9.23,278,9.61,2022-11-09T16:00:00Z,62611,9.497765
9.22,9.38,9.185,240,9.27,2022-11-09T20:00:00Z,49514,9.26587
11.14,11.17,8.97,1400,9.25,2022-11-10T12:00:00Z,277459,10.743419
11.75,11.765,11.1,860,11.15,2022-11-10T16:00:00Z,190029,11.486746
12.18,12.18,11.71,1216,11.755,2022-11-10T20:00:00Z,166312,11.976962
12.83,12.9,11.85,2212,12.45,2022-11-11T12:00:00Z,280596,12.469717
13.4,13.405,12.5,1388,12.84,2022-11-11T16:00:00Z,157793,12.986698
13.18,13.4,12.955,1025,13.395,2022-11-11T20:00:00Z,135509,13.114883
13.32,13.46,12.76,825,13.03,2022-11-14T12:00:00Z,126726,13.14286
13.34,13.51,13.01,500,13.31,2022-11-14T16:00:00Z,92581,13.288068
12.91,13.38,12.75,282,13.345,2022-11-14T20:00:00Z,52379,12.944955
13.97,14.5,13.68,1691,13.7,2022-11-15T12:00:00Z,360197,14.202256
13.89,14.25,13.32,1977,13.94,2022-11-15T16:00:00Z,389848,13.819099
13.83,14.015,13.73,773,13.9,2022-11-15T20:00:00Z,80132,13.908312
12.21,13.87,12.21,1322,13.79,2022-11-16T12:00:00Z,302166,12.831376
12.265,12.58,12.125,605,12.315,2022-11-16T16:00:00Z,74972,12.345887
12.31,12.62,11.88,732,12.265,2022-11-16T20:00:00Z,103437,12.040002
12.03,12.37,11.21,1208,11.72,2022-11-17T12:00:00Z,244456,11.779895
12.315,12.555,11.915,568,12.03,2022-11-17T16:00:00Z,84862,12.303347
12.56,12.58,12.12,147,12.3,2022-11-17T20:00:00Z,19869,12.282048
12.33,13.04,12.275,886,13.03,2022-11-18T12:00:00Z,200042,12.650424
12.325,12.49,12.095,442,12.335,2022-11-18T16:00:00Z,109766,12.337238
12.54,12.625,12.4,108,12.4,2022-11-18T20:00:00Z,32685,12.519241
11.88,12.23,11.77,631,12.0,2022-11-21T12:00:00Z,147106,12.009777
11.98,12.035,11.775,231,11.895,2022-11-21T16:00:00Z,59854,11.924211
11.84,12.025,11.82,220,11.94,2022-11-21T20:00:00Z,38069,11.910468
12.4,12.47,11.9,399,12.03,2022-11-22T12:00:00Z,83592,12.157865
12.525,12.525,12.33,315,12.455,2022-11-22T16:00:00Z,82670,12.448073
12.85,12.935,12.51,242,12.51,2022-11-22T20:00:00Z,87051,12.768846
13.59,13.74,12.81,651,13.03,2022-11-23T12:00:00Z,126344,13.388849
13.3,13.68,12.995,614,13.63,2022-11-23T16:00:00Z,130199,13.311035
13.43,13.43,13.235,241,13.24,2022-11-23T20:00:00Z,59605,13.291503
13.12,13.32,12.99,436,13.26,2022-11-25T12:00:00Z,51114,13.157671
12.8,13.21,12.8,614,13.17,2022-11-25T16:00:00Z,159779,12.960928
12.27,12.705,12.23,545,12.43,2022-11-28T12:00:00Z,122483,12.399414
11.88,12.38,11.78,521,12.28,2022-11-28T16:00:00Z,106212,12.130164
11.84,11.84,11.615,215,11.78,2022-11-28T20:00:00Z,42826,11.690282
12.02,12.17,11.825,460,12.07,2022-11-29T12:00:00Z,143873,11.99816
11.735,12.02,11.5,958,12.015,2022-11-29T16:00:00Z,151855,11.764804
11.73,11.82,11.68,118,11.745,2022-11-29T20:00:00Z,31627,11.765492
11.71,12.05,11.55,406,11.91,2022-11-30T12:00:00Z,69933,11.759244
13.175,13.31,11.6,908,11.715,2022-11-30T16:00:00Z,199593,12.54773
13.89,13.89,13.15,741,13.2,2022-11-30T20:00:00Z,119864,13.478377
13.51,14.35,12.95,1404,13.99,2022-12-01T12:00:00Z,276366,13.711897
13.55,13.66,13.15,422,13.545,2022-12-01T16:00:00Z,94125,13.438942
13.34,13.67,13.3,86,13.61,2022-12-01T20:00:00Z,23134,13.520228
12.58,13.4,12.13,983,13.32,2022-12-02T12:00:00Z,257439,12.46946
12.86,12.87,12.36,255,12.52,2022-12-02T16:00:00Z,50602,12.579623
12.99,13.11,12.85,263,12.91,2022-12-02T20:00:00Z,36658,12.972843
12.92,12.94,12.57,389,12.9,2022-12-05T12:00:00Z,78515,12.771733
12.36,13.15,12.245,700,12.945,2022-12-05T16:00:00Z,182935,12.761075
12.57,12.6,12.32,272,12.395,2022-12-05T20:00:00Z,36184,12.439573
11.98,12.67,11.825,546,12.66,2022-12-06T12:00:00Z,131809,12.095157
11.6,12.15,11.48,722,11.95,2022-12-06T16:00:00Z,164835,11.919617
11.75,11.75,11.385,589,11.57,2022-12-06T20:00:00Z,78296,11.56683
11.745,11.9,11.29,885,11.31,2022-12-07T12:00:00Z,239650,11.539827
11.67,11.89,11.53,507,11.785,2022-12-07T16:00:00Z,116542,11.708429
11.68,11.75,11.63,134,11.695,2022-12-07T20:00:00Z,30535,11.71361
12.47,12.62,11.655,749,11.86,2022-12-08T12:00:00Z,185976,12.205272
12.53,12.7,12.315,683,12.52,2022-12-08T16:00:00Z,256181,12.486327
12.71,12.74,12.46,183,12.475,2022-12-08T20:00:00Z,69032,12.59073
12.92,12.92,12.09,758,12.36,2022-12-09T12:00:00Z,197230,12.588855
12.7,12.99,12.6,768,12.89,2022-12-09T16:00:00Z,122632,12.8313
12.3,12.77,12.275,410,12.73,2022-12-09T20:00:00Z,196880,12.374316
12.26,12.35,11.95,610,12.17,2022-12-12T12:00:00Z,153254,12.128218
12.69,12.69,12.25,328,12.29,2022-12-12T16:00:00Z,73490,12.449015
13.0,13.0,12.71,213,12.71,2022-12-12T20:00:00Z,48654,12.909221
14.0,15.45,13.25,3060,13.3,2022-12-13T12:00:00Z,781582,14.378618
13.49,14.15,13.17,1150,14.02,2022-12-13T16:00:00Z,218084,13.677275
13.67,13.77,13.27,421,13.43,2022-12-13T20:00:00Z,87859,13.583733
13.82,14.005,13.48,621,13.65,2022-12-14T12:00:00Z,144091,13.797975
12.8,13.92,12.56,844,13.84,2022-12-14T16:00:00Z,245774,13.385352
12.98,13.59,12.73,1348,12.93,2022-12-14T20:00:00Z,349608,13.056583
11.74,12.375,11.505,1387,12.32,2022-12-15T12:00:00Z,364242,11.747649
11.685,11.875,11.36,875,11.79,2022-12-15T16:00:00Z,246086,11.546228
11.365,11.76,11.34,370,11.72,2022-12-15T20:00:00Z,94858,11.603334
11.02,11.46,10.77,730,11.17,2022-12-16T12:00:00Z,229142,11.240968
11.035,11.13,10.78,564,11.055,2022-12-16T16:00:00Z,71810,10.946367
11.09,11.205,10.98,143,11.03,2022-12-16T20:00:00Z,14342,11.119298
10.63,11.24,10.58,688,11.23,2022-12-19T12:00:00Z,272998,10.72536
10.47,10.78,10.37,400,10.61,2022-12-19T16:00:00Z,115608,10.503743
10.64,10.685,10.35,259,10.45,2022-12-19T20:00:00Z,78782,10.493045
10.64,10.74,10.16,1279,10.43,2022-12-20T12:00:00Z,193315,10.398795
10.55,10.71,10.36,492,10.62,2022-12-20T16:00:00Z,70288,10.522869
10.42,10.61,10.42,162,10.52,2022-12-20T20:00:00Z,33662,10.497051
11.12,11.18,10.6,837,10.65,2022-12-21T12:00:00Z,190530,10.905345
11.1,11.26,11.02,452,11.16,2022-12-21T16:00:00Z,129522,11.113109
11.175,11.175,11.025,368,11.105,2022-12-21T20:00:00Z,138743,11.126248
9.675,10.85,9.56,929,10.85,2022-12-22T12:00:00Z,179510,9.941274
9.585,9.73,9.12,905,9.71,2022-12-22T16:00:00Z,278826,9.388851
9.74,9.885,9.58,491,9.62,2022-12-22T20:00:00Z,124224,9.71695
9.53,10.02,9.255,1023,9.86,2022-12-23T12:00:00Z,185706,9.564689
9.69,9.69,9.43,415,9.535,2022-12-23T16:00:00Z,53442,9.601639
9.74,9.78,9.6,223,9.695,2022-12-23T20:00:00Z,53493,9.684125
9.39,9.79,9.13,1906,9.76,2022-12-27T12:00:00Z,503439,9.311681
9.27,9.51,9.225,724,9.39,2022-12-27T16:00:00Z,70057,9.355633
9.23,9.42,9.23,260,9.27,2022-12-27T20:00:00Z,48400,9.292047
8.925,9.42,8.92,811,9.3,2022-12-28T12:00:00Z,247131,9.1804
8.85,9.08,8.785,776,8.9,2022-12-28T16:00:00Z,257596,8.872728
8.86,8.9,8.77,232,8.85,2022-12-28T20:00:00Z,30880,8.83061
9.73,9.81,9.15,1304,9.16,2022-12-29T12:00:00Z,380920,9.574271
9.67,9.805,9.61,414,9.735,2022-12-29T16:00:00Z,107088,9.705423
9.72,9.815,9.675,391,9.675,2022-12-29T20:00:00Z,162562,9.754689
9.4,9.5,9.06,805,9.32,2022-12-30T12:00:00Z,200938,9.259607
9.35,9.46,9.24,340,9.39,2022-12-30T16:00:00Z,85070,9.358323
9.69,9.7,9.38,322,9.385,2022-12-30T20:00:00Z,69217,9.548419
9.62,10.2,9.315,1059,9.99,2023-01-03T12:00:00Z,504938,9.915651
9.4,9.64,9.2,740,9.62,2023-01-03T16:00:00Z,169409,9.352981
9.32,9.51,9.32,281,9.41,2023-01-03T20:00:00Z,82576,9.38492
9.84,10.2,9.59,1445,9.7,2023-01-04T12:00:00Z,278236,9.87787
10.08,10.25,9.8,804,9.82,2023-01-04T16:00:00Z,143183,10.092147
10.08,10.18,9.87,317,10.11,2023-01-04T20:00:00Z,70675,10.017507
9.83,10.15,9.62,1213,10.14,2023-01-05T12:00:00Z,501728,9.778748
9.76,9.995,9.72,932,9.85,2023-01-05T16:00:00Z,271608,9.819699
9.55,9.76,9.535,205,9.73,2023-01-05T20:00:00Z,74017,9.598061
10.24,10.26,9.43,1368,9.48,2023-01-06T12:00:00Z,413866,9.859399
10.96,11.0,10.19,711,10.255,2023-01-06T16:00:00Z,193470,10.562249
10.875,11.055,10.85,697,10.965,2023-01-06T20:00:00Z,135976,10.95189
12.025,12.15,11.3,1486,11.36,2023-01-09T12:00:00Z,385242,11.742429
11.76,12.265,11.76,857,12.05,2023-01-09T16:00:00Z,234459,12.020875
11.53,11.82,11.41,544,11.755,2023-01-09T20:00:00Z,199638,11.705907
11.51,11.82,11.2,1883,11.29,2023-01-10T12:00:00Z,535738,11.484447
11.88,11.955,11.39,3101,11.505,2023-01-10T16:00:00Z,493391,11.655031
11.975,11.99,11.76,905,11.865,2023-01-10T20:00:00Z,122038,11.890958
11.75,12.09,11.665,2003,12.05,2023-01-11T12:00:00Z,403520,11.899009
12.15,12.2,11.745,461,11.745,2023-01-11T16:00:00Z,161713,12.064876
12.42,12.42,12.15,122,12.15,2023-01-11T20:00:00Z,75794,12.339491
12.45,12.98,11.82,2407,12.7,2023-01-12T12:00:00Z,666355,12.356592
12.92,13.07,12.2,1233,12.35,2023-01-12T16:00:00Z,324412,12.806504
12.84,12.925,12.65,234,12.925,2023-01-12T20:00:00Z,51626,12.787345
12.73,12.82,12.28,682,12.36,2023-01-13T12:00:00Z,182362,12.528393
12.805,12.89,12.5,548,12.74,2023-01-13T16:00:00Z,162800,12.708423
12.955,12.99,12.83,241,12.83,2023-01-13T20:00:00Z,66208,12.923244
12.96,13.425,12.7,747,12.74,2023-01-17T12:00:00Z,187865,13.103499
13.08,13.17,12.68,387,12.975,2023-01-17T16:00:00Z,117983,12.959197
13.07,13.165,13.01,64,13.165,2023-01-17T20:00:00Z,27530,13.058116
13.42,13.76,13.21,1219,13.24,2023-01-18T12:00:00Z,271504,13.525806
13.02,13.42,12.86,630,13.405,2023-01-18T16:00:00Z,261666,13.065172
12.83,13.06,12.81,460,13.01,2023-01-18T20:00:00Z,58532,12.942081
11.86,12.505,11.765,1279,12.35,2023-01-19T12:00:00Z,345548,12.143839
12.23,12.28,11.63,918,11.87,2023-01-19T16:00:00Z,241835,11.960667
11.75,12.24,11.74,220,12.22,2023-01-19T20:00:00Z,80386,11.866045
11.87,12.13,11.75,790,12.08,2023-01-20T12:00:00Z,219513,11.952107
12.57,12.58,11.9,536,11.9,2023-01-20T16:00:00Z,235504,12.26284
12.84,12.85,12.59,241,12.6,2023-01-20T20:00:00Z,81400,12.762104
14.09,14.17,13.09,1499,13.2,2023-01-23T12:00:00Z,417681,13.698337
14.45,14.9,14.1,1141,14.1,2023-01-23T16:00:00Z,256509,14.506721
14.77,14.8,14.365,472,14.42,2023-01-23T20:00:00Z,118488,14.675429
14.57,14.845,14.19,1600,14.42,2023-01-24T12:00:00Z,291582,14.423753
14.38,14.565,14.2,598,14.565,2023-01-24T16:00:00Z,135065,14.358753
14.6,14.73,14.18,158,14.365,2023-01-24T20:00:00Z,26788,14.369947
13.67,13.88,13.345,1408,13.87,2023-01-25T12:00:00Z,622439,13.563172
14.48,14.48,13.6,774,13.635,2023-01-25T16:00:00Z,282407,14.072788
14.31,14.62,14.31,365,14.455,2023-01-25T20:00:00Z,133190,14.507433
14.37,15.205,14.3,2297,14.9,2023-01-26T12:00:00Z,661130,14.78377
15.075,15.075,14.32,953,14.345,2023-01-26T16:00:00Z,289721,14.804481
14.59,15.295,14.59,401,15.075,2023-01-26T20:00:00Z,95932,15.131846
14.71,15.13,14.35,1689,14.49,2023-01-27T12:00:00Z,413597,14.772289
15.215,15.305,14.595,601,14.7,2023-01-27T16:00:00Z,137075,14.953338
14.88,15.35,14.88,245,15.205,2023-01-27T20:00:00Z,89853,15.108877
14.19,14.61,13.91,1420,14.38,2023-01-30T12:00:00Z,421472,14.344474
13.995,14.33,13.945,658,14.19,2023-01-30T16:00:00Z,153190,14.147443
13.8,14.01,13.74,276,14.01,2023-01-30T20:00:00Z,98736,13.852189
14.27,14.27,13.35,1215,13.35,2023-01-31T12:00:00Z,326772,13.876919
14.27,14.41,14.09,469,14.33,2023-01-31T16:00:00Z,160143,14.275208
14.66,14.66,14.155,192,14.28,2023-01-31T20:00:00Z,91708,14.371778
15.18,15.62,14.64,906,14.72,2023-02-01T12:00:00Z,215802,15.221538
16.39,16.6,15.11,857,15.15,2023-02-01T16:00:00Z,217990,15.549031
16.82,17.27,16.47,882,16.47,2023-02-01T20:00:00Z,122029,16.809747
17.39,17.72,16.98,1528,16.98,2023-02-02T12:00:00Z,337091,17.353931
17.39,18.385,17.24,1107,17.38,2023-02-02T16:00:00Z,283753,17.723509
17.94,17.975,17.26,409,17.375,2023-02-02T20:00:00Z,101145,17.767051
17.86,18.1,16.6,1242,17.57,2023-02-03T12:00:00Z,285727,17.303232
16.885,18.04,16.885,497,17.9,2023-02-03T16:00:00Z,204233,17.390771
16.895,16.98,16.76,232,16.855,2023-02-03T20:00:00Z,88039,16.871915
16.55,16.85,16.02,889,16.36,2023-02-06T12:00:00Z,247107,16.367405
16.15,16.815,16.02,240,16.56,2023-02-06T16:00:00Z,117357,16.322887
16.08,16.14,15.89,155,16.07,2023-02-06T20:00:00Z,82995,16.028012
16.26,16.595,16.13,555,16.33,2023-02-07T12:00:00Z,205163,16.309438
17.29,17.7,16.165,1316,16.34,2023-02-07T16:00:00Z,478784,16.810863
17.45,17.84,17.155,348,17.35,2023-02-07T20:00:00Z,102211,17.550416
17.03,17.67,16.9,743,17.46,2023-02-08T12:00:00Z,173067,17.29497
16.66,17.04,16.6,533,16.97,2023-02-08T16:00:00Z,129459,16.805433
16.49,16.65,16.35,311,16.63,2023-02-08T20:00:00Z,75940,16.511349
17.52,17.88,17.14,514,17.15,2023-02-09T12:00:00Z,123820,17.512054
16.74,17.605,16.67,387,17.595,2023-02-09T16:00:00Z,159891,17.246616
16.58,16.745,16.24,122,16.6,2023-02-09T20:00:00Z,43917,16.502718
15.72,16.2,15.4,750,15.86,2023-02-10T12:00:00Z,148881,15.834266
15.53,15.85,15.25,526,15.745,2023-02-10T16:00:00Z,109155,15.523639
15.72,15.82,15.585,230,15.62,2023-02-10T20:00:00Z,51900,15.734292
16.22,16.27,15.57,590,16.05,2023-02-13T12:00:00Z,210746,15.945783
16.36,16.61,16.225,533,16.25,2023-02-13T16:00:00Z,233572,16.353258
16.51,16.52,16.3,136,16.35,2023-02-13T20:00:00Z,47024,16.430278
16.545,17.405,15.68,1477,16.7,2023-02-14T12:00:00Z,277192,16.633442
17.34,17.395,16.34,1022,16.53,2023-02-14T16:00:00Z,203852,16.813064
17.345,17.52,17.195,266,17.335,2023-02-14T20:00:00Z,36928,17.352632
16.7,17.1,16.45,973,17.09,2023-02-15T12:00:00Z,181917,16.825928
17.33,17.49,16.69,728,16.69,2023-02-15T16:00:00Z,198352,17.124064
17.6,17.63,17.16,152,17.34,2023-02-15T20:00:00Z,30684,17.363997
16.88,17.35,16.41,980,17.35,2023-02-16T12:00:00Z,232856,16.821902
17.0,17.14,16.78,529,17.07,2023-02-16T16:00:00Z,107921,16.986168
16.26,16.99,16.195,484,16.99,2023-02-16T20:00:00Z,90509,16.483642
15.48,16.13,15.44,861,15.85,2023-02-17T12:00:00Z,167178,15.76918
15.54,15.61,15.055,918,15.45,2023-02-17T16:00:00Z,127490,15.30469
15.46,15.635,15.41,234,15.63,2023-02-17T20:00:00Z,57476,15.489996
14.79,15.26,14.66,663,14.88,2023-02-21T12:00:00Z,94473,14.898222
14.16,14.85,14.125,751,14.785,2023-02-21T16:00:00Z,123242,14.437428
14.03,14.27,13.91,350,14.18,2023-02-21T20:00:00Z,60339,14.018693
13.875,14.4,13.6,515,14.16,2023-02-22T12:00:00Z,110560,13.952336
13.64,14.21,13.64,817,13.88,2023-02-22T16:00:00Z,122220,13.934292
14.39,14.49,13.54,224,13.64,2023-02-22T20:00:00Z,44102,13.654901
14.56,15.3,14.53,1042,14.84,2023-02-23T12:00:00Z,162876,14.95617
15.05,15.17,14.3,784,14.6,2023-02-23T16:00:00Z,166765,14.615588
15.06,15.33,15.06,422,15.1,2023-02-23T20:00:00Z,108689,15.170333
14.03,14.73,13.97,1293,14.67,2023-02-24T12:00:00Z,404696,14.315731
14.43,14.46,13.97,669,14.005,2023-02-24T16:00:00Z,106007,14.20126
14.26,14.5,14.12,382,14.44,2023-02-24T20:00:00Z,98251,14.347278
14.675,15.0,14.58,575,14.63,2023-02-27T12:00:00Z,199595,14.879916
14.73,14.98,14.6,370,14.71,2023-02-27T16:00:00Z,77539,14.807822
14.56,14.68,14.51,141,14.68,2023-02-27T20:00:00Z,31413,14.577294
14.58,14.81,14.32,379,14.65,2023-02-28T12:00:00Z,65276,14.591082
15.0,15.265,14.665,504,14.69,2023-02-28T16:00:00Z,181823,15.087996
14.54,15.0,14.54,163,15.0,2023-02-28T20:00:00Z,43597,14.761347
14.9,15.21,14.58,579,14.93,2023-03-01T12:00:00Z,106289,14.88164
14.65,15.03,14.5,431,14.8,2023-03-01T16:00:00Z,111933,14.706264
14.79,14.79,14.63,178,14.66,2023-03-01T20:00:00Z,47740,14.692283
14.2,14.23,13.68,695,14.18,2023-03-02T12:00:00Z,139580,13.970619
14.79,14.8,13.955,528,14.195,2023-03-02T16:00:00Z,89579,14.380518
15.01,15.23,14.775,231,14.78,2023-03-02T20:00:00Z,54947,15.010649
14.78,15.13,14.66,873,15.05,2023-03-03T12:00:00Z,154728,14.933799
15.595,15.615,14.79,528,14.79,2023-03-03T16:00:00Z,91162,15.183032
15.73,15.76,15.625,301,15.63,2023-03-03T20:00:00Z,74534,15.694009
16.14,16.23,15.655,986,15.69,2023-03-06T12:00:00Z,352629,15.954099
15.29,16.19,15.22,517,16.125,2023-03-06T16:00:00Z,97781,15.687179
15.14,15.29,15.045,355,15.29,2023-03-06T20:00:00Z,61672,15.127485
14.77,15.39,14.55,621,15.27,2023-03-07T12:00:00Z,118247,15.104256
14.53,15.3,14.5,739,14.77,2023-03-07T16:00:00Z,190184,14.86335
14.67,14.74,14.53,181,14.53,2023-03-07T20:00:00Z,39560,14.65259
15.455,15.62,14.64,626,14.74,2023-03-08T12:00:00Z,134967,15.125249
15.57,15.72,15.35,549,15.45,2023-03-08T16:00:00Z,160418,15.532116
15.75,15.875,15.505,239,15.55,2023-03-08T20:00:00Z,49644,15.752395
16.19,16.53,15.43,1585,15.44,2023-03-09T12:00:00Z,261384,16.121996
15.23,16.35,15.175,635,16.165,2023-03-09T16:00:00Z,152434,15.645894
14.85,15.27,14.82,393,15.23,2023-03-09T20:00:00Z,107130,14.952262
14.82,15.4,14.07,1884,14.96,2023-03-10T12:00:00Z,403243,14.625415
14.17,15.235,13.82,1242,14.805,2023-03-10T16:00:00Z,268112,14.5334
14.07,14.31,13.91,352,14.19,2023-03-10T20:00:00Z,79001,14.102135
14.34,14.45,13.175,2756,14.25,2023-03-13T12:00:00Z,560373,13.800677
14.04,14.53,13.8,1055,14.365,2023-03-13T16:00:00Z,396983,14.192567
14.06,14.08,14.03,10,14.08,2023-03-13T20:00:00Z,1472,14.055385
15.485,15.505,14.16,1947,14.34,2023-03-14T12:00:00Z,350542,15.032125
15.27,15.53,14.54,892,15.47,2023-03-14T16:00:00Z,293955,14.957648
14.11,14.96,13.93,2017,14.55,2023-03-15T12:00:00Z,315826,14.369442
14.69,14.78,13.77,1089,14.12,2023-03-15T16:00:00Z,198056,14.25946
14.72,14.76,14.7,8,14.76,2023-03-15T20:00:00Z,1600,14.715
15.9,15.975,14.315,1375,14.79,2023-03-16T12:00:00Z,195569,15.274788
16.435,16.52,15.61,1321,15.9,2023-03-16T16:00:00Z,273363,16.091119
16.32,16.36,16.32,12,16.35,2023-03-16T20:00:00Z,7150,16.332028
16.14,16.885,15.87,1117,16.72,2023-03-17T12:00:00Z,183870,16.465587
16.11,16.38,15.84,606,16.11,2023-03-17T16:00:00Z,118514,16.157882
16.11,16.44,15.8,977,16.18,2023-03-20T12:00:00Z,122537,16.132443
16.615,16.79,16.0,410,16.11,2023-03-20T16:00:00Z,80533,16.453623
16.57,16.59,16.56,3,16.59,2023-03-20T20:00:00Z,600,16.573333
16.07,17.495,15.945,1316,17.07,2023-03-21T12:00:00Z,369005,16.80699
16.64,16.895,16.0,471,16.0,2023-03-21T16:00:00Z,80725,16.568333
16.75,16.75,16.67,12,16.67,2023-03-21T20:00:00Z,1494,16.707829
17.21,17.33,16.58,600,16.65,2023-03-22T12:00:00Z,99317,17.014244
16.24,18.0,16.22,866,17.2,2023-03-22T16:00:00Z,191401,17.288955
16.11,16.17,16.05,18,16.17,2023-03-22T20:00:00Z,3466,16.084412
18.07,18.17,16.82,1179,16.82,2023-03-23T12:00:00Z,190082,17.661804
17.51,18.09,16.645,896,18.06,2023-03-23T16:00:00Z,192586,17.496908
17.38,17.43,17.37,6,17.43,2023-03-23T20:00:00Z,1206,17.401559
16.43,17.21,16.04,1351,16.98,2023-03-24T12:00:00Z,229068,16.702563
16.555,16.59,16.12,373,16.46,2023-03-24T16:00:00Z,92731,16.409646
16.53,16.53,16.51,9,16.53,2023-03-24T20:00:00Z,1400,16.527857
15.875,16.9,15.825,1321,16.85,2023-03-27T12:00:00Z,211805,16.427295
15.94,16.43,15.84,708,15.855,2023-03-27T16:00:00Z,135758,16.129344
16.06,16.06,16.0,5,16.0,2023-03-27T20:00:00Z,780,16.022308
15.2,15.99,14.9,959,15.98,2023-03-28T12:00:00Z,165507,15.27493
15.6,15.61,14.95,418,15.21,2023-03-28T16:00:00Z,102668,15.30476
16.66,16.87,16.1,803,16.16,2023-03-29T12:00:00Z,193454,16.528441
17.105,17.45,16.64,764,16.71,2023-03-29T16:00:00Z,193398,17.012384
17.15,17.17,17.12,10,17.12,2023-03-29T20:00:00Z,1564,17.135857
17.99,18.285,17.63,3020,17.65,2023-03-30T12:00:00Z,545743,18.035463
17.95,18.04,17.59,947,17.95,2023-03-30T16:00:00Z,171492,17.886248
17.95,17.96,17.95,4,17.96,2023-03-30T20:00:00Z,700,17.958571
18.14,18.15,17.44,1049,17.84,2023-03-31T12:00:00Z,152984,17.849903
18.31,18.32,17.96,374,18.11,2023-03-31T16:00:00Z,87972,18.154496
18.28,18.28,18.28,3,18.28,2023-03-31T20:00:00Z,500,18.28
17.37,18.145,17.285,894,17.95,2023-04-03T12:00:00Z,207829,17.752926
17.785,17.82,17.145,506,17.42,2023-04-03T16:00:00Z,114797,17.471272
17.76,17.77,17.76,5,17.77,2023-04-03T20:00:00Z,600,17.765
17.08,18.0,17.03,919,17.98,2023-04-04T12:00:00Z,160941,17.435759
16.78,17.17,16.53,574,17.08,2023-04-04T16:00:00Z,110656,16.876449
15.66,16.54,15.495,1514,16.53,2023-04-05T12:00:00Z,262372,15.771017
15.895,15.925,15.38,803,15.7,2023-04-05T16:00:00Z,219293,15.634628
15.9,15.9,15.87,7,15.87,2023-04-05T20:00:00Z,1100,15.887727
15.875,15.93,15.1,1057,15.72,2023-04-06T12:00:00Z,221522,15.575807
15.65,15.985,15.62,387,15.93,2023-04-06T16:00:00Z,144963,15.880444
15.66,15.66,15.63,7,15.64,2023-04-06T20:00:00Z,962,15.649474
15.91,16.02,15.13,1145,15.53,2023-04-10T12:00:00Z,347498,15.745391
16.44,16.49,15.8,1021,15.9,2023-04-10T16:00:00Z,267599,16.269173
16.47,16.47,16.44,9,16.44,2023-04-10T20:00:00Z,1505,16.450071
16.45,16.78,16.25,889,16.55,2023-04-11T12:00:00Z,138267,16.50148
16.205,16.555,16.115,1262,16.48,2023-04-11T16:00:00Z,224775,16.337749
16.23,16.28,16.23,4,16.23,2023-04-11T20:00:00Z,750,16.248667
15.865,16.94,15.5,1516,16.15,2023-04-12T12:00:00Z,314274,16.154087
15.315,16.02,15.28,486,15.9,2023-04-12T16:00:00Z,124330,15.64559
15.3,15.31,15.3,3,15.31,2023-04-12T20:00:00Z,600,15.306667
15.67,15.67,15.05,954,15.36,2023-04-13T12:00:00Z,187628,15.365406
15.68,15.93,15.6,399,15.71,2023-04-13T16:00:00Z,109490,15.758749
15.61,15.66,15.61,8,15.66,2023-04-13T20:00:00Z,1200,15.640833
15.43,16.17,15.38,746,15.59,2023-04-14T12:00:00Z,167713,15.700676
15.58,15.625,15.08,396,15.37,2023-04-14T16:00:00Z,168133,15.431864
15.63,15.64,15.58,4,15.58,2023-04-14T20:00:00Z,550,15.615455
15.07,15.405,15.0,620,15.26,2023-04-17T12:00:00Z,90756,15.196127
15.59,15.615,14.95,321,15.03,2023-04-17T16:00:00Z,88792,15.332666
15.59,15.59,15.58,2,15.58,2023-04-17T20:00:00Z,300,15.586667
15.72,16.335,15.6,773,15.99,2023-04-18T12:00:00Z,160747,15.97281
15.8,15.85,15.41,295,15.75,2023-04-18T16:00:00Z,92195,15.665568
15.72,15.73,15.72,3,15.73,2023-04-18T20:00:00Z,400,15.725
15.1,15.31,14.98,688,15.21,2023-04-19T12:00:00Z,122680,15.148949
15.25,15.36,15.09,157,15.1,2023-04-19T16:00:00Z,44189,15.249471
15.18,15.21,15.17,5,15.21,2023-04-19T20:00:00Z,840,15.19
15.54,15.595,14.77,957,14.9,2023-04-20T12:00:00Z,191376,15.208927
15.23,15.88,14.985,483,15.515,2023-04-20T16:00:00Z,139147,15.463301
15.26,15.26,15.24,8,15.24,2023-04-20T20:00:00Z,1600,15.2425
14.79,15.2,14.48,1228,15.03,2023-04-21T12:00:00Z,340574,14.791397
14.86,15.01,14.69,598,14.79,2023-04-21T16:00:00Z,208035,14.854791
14.83,14.83,14.82,2,14.82,2023-04-21T20:00:00Z,400,14.825
14.41,15.04,14.395,584,14.8,2023-04-24T12:00:00Z,177391,14.81705
14.66,14.68,14.36,599,14.45,2023-04-24T16:00:00Z,115593,14.567931
13.7,14.48,13.69,1546,14.44,2023-04-25T12:00:00Z,371268,13.960984
13.18,13.705,13.18,558,13.67,2023-04-25T16:00:00Z,167151,13.3957
13.25,13.27,13.13,18,13.2,2023-04-25T20:00:00Z,2850,13.184561
13.68,13.78,13.22,1347,13.41,2023-04-26T12:00:00Z,385770,13.552702
13.38,13.775,13.18,569,13.71,2023-04-26T16:00:00Z,237496,13.566135
13.42,13.42,13.35,4,13.37,2023-04-26T20:00:00Z,500,13.372
13.06,13.47,12.535,1384,13.44,2023-04-27T12:00:00Z,292860,12.895443
13.54,13.59,13.03,466,13.04,2023-04-27T16:00:00Z,97777,13.392234
13.49,13.69,13.44,6,13.51,2023-04-27T20:00:00Z,900,13.545556
13.9,13.98,13.55,684,13.61,2023-04-28T12:00:00Z,132843,13.773612
14.24,14.265,13.8,493,13.9,2023-04-28T16:00:00Z,114329,14.119639
14.25,14.27,14.25,7,14.26,2023-04-28T20:00:00Z,1000,14.26
14.48,14.75,14.33,731,14.33,2023-05-01T12:00:00Z,146840,14.528447
14.66,14.77,14.515,286,14.515,2023-05-01T16:00:00Z,62887,14.687831
14.66,14.67,14.62,4,14.62,2023-05-01T20:00:00Z,700,14.65
14.15,14.9,13.915,633,14.62,2023-05-02T12:00:00Z,157080,14.330908
14.32,14.485,14.115,204,14.12,2023-05-02T16:00:00Z,59705,14.354718
13.96,14.255,13.82,470,14.2,2023-05-03T12:00:00Z,95042,14.048434
13.84,14.6,13.82,617,14.01,2023-05-03T16:00:00Z,150358,14.191609
13.82,13.86,13.8,4,13.8,2023-05-03T20:00:00Z,600,13.828333
13.45,13.65,13.22,574,13.62,2023-05-04T12:00:00Z,119203,13.401495
13.59,13.995,13.34,361,13.45,2023-05-04T16:00:00Z,78626,13.657934
14.175,14.215,13.35,1456,13.5,2023-05-05T12:00:00Z,338766,13.851085
14.47,14.67,14.07,652,14.165,2023-05-05T16:00:00Z,134367,14.398789
14.49,14.51,14.47,14,14.47,2023-05-05T20:00:00Z,1990,14.48799
14.59,14.64,14.07,470,14.48,2023-05-08T12:00:00Z,122561,14.29139
14.665,14.7,14.37,269,14.6,2023-05-08T16:00:00Z,55188,14.557579
13.835,14.28,13.8,1738,14.25,2023-05-09T12:00:00Z,826233,13.961458
13.94,14.05,13.76,294,13.83,2023-05-09T16:00:00Z,70855,13.884476
14.47,14.635,13.86,2084,13.86,2023-05-10T12:00:00Z,695741,14.380229
14.31,14.495,13.91,456,14.4,2023-05-10T16:00:00Z,224308,14.291619
13.87,14.5,13.65,1405,14.37,2023-05-11T12:00:00Z,262027,13.956375
14.07,14.115,13.785,402,13.79,2023-05-11T16:00:00Z,87228,13.966308
14.07,14.08,14.04,10,14.08,2023-05-11T20:00:00Z,915,14.06886
14.0,14.365,13.875,375,14.08,2023-05-12T12:00:00Z,76708,14.04217
14.0,14.02,13.6,507,14.02,2023-05-12T16:00:00Z,136686,13.772792
13.96,13.98,13.96,2,13.98,2023-05-12T20:00:00Z,400,13.97
14.61,14.61,14.0,431,14.11,2023-05-15T12:00:00Z,74677,14.213767
15.12,15.13,14.55,356,14.6,2023-05-15T16:00:00Z,86393,14.892145
15.15,15.15,15.09,9,15.09,2023-05-15T20:00:00Z,1300,15.123846
15.545,15.555,14.89,527,15.05,2023-05-16T12:00:00Z,98945,15.260155
15.035,15.565,15.03,505,15.55,2023-05-16T16:00:00Z,131906,15.367608
15.08,15.08,15.05,5,15.05,2023-05-16T20:00:00Z,500,15.068
15.885,15.95,15.155,520,15.32,2023-05-17T12:00:00Z,116703,15.556594
16.145,16.335,15.775,1018,15.895,2023-05-17T16:00:00Z,223735,16.167162
16.13,16.15,16.1,5,16.1,2023-05-17T20:00:00Z,800,16.129975
17.52,17.7,16.24,1864,16.5,2023-05-18T12:00:00Z,488608,17.02086
17.69,17.795,17.18,735,17.51,2023-05-18T16:00:00Z,168173,17.515135
17.28,17.63,17.09,1410,17.57,2023-05-19T12:00:00Z,239750,17.386429
17.38,17.43,17.15,265,17.285,2023-05-19T16:00:00Z,68866,17.328554
17.3,17.34,17.3,4,17.34,2023-05-19T20:00:00Z,800,17.315
17.42,17.53,16.9,815,16.97,2023-05-22T12:00:00Z,122736,17.251423
17.545,17.71,17.335,311,17.42,2023-05-22T16:00:00Z,75365,17.533822
17.6,17.6,17.57,6,17.57,2023-05-22T20:00:00Z,1200,17.593333
17.32,17.53,17.19,426,17.3,2023-05-23T12:00:00Z,79524,17.382882
16.9,17.355,16.815,417,17.355,2023-05-23T16:00:00Z,84001,17.070978
15.68,16.33,15.495,1185,16.31,2023-05-24T12:00:00Z,235880,15.84014
16.025,16.14,15.545,857,15.72,2023-05-24T16:00:00Z,199609,15.810194
17.2,17.22,15.93,10,15.93,2023-05-24T20:00:00Z,713,16.916858
18.7,18.73,17.65,1567,18.19,2023-05-25T12:00:00Z,252953,18.16445
19.18,19.37,18.66,1213,18.705,2023-05-25T16:00:00Z,264449,19.054516
19.37,19.51,19.13,27,19.13,2023-05-25T20:00:00Z,4300,19.352959
22.025,22.125,19.83,2084,20.13,2023-05-26T12:00:00Z,360354,21.336935
22.9,23.25,21.95,912,22.03,2023-05-26T16:00:00Z,162830,22.727501
22.96,22.96,22.85,8,22.89,2023-05-26T20:00:00Z,1023,22.906
23.75,24.82,23.02,1972,24.67,2023-05-30T12:00:00Z,335401,24.007731
22.88,23.735,22.595,556,23.7,2023-05-30T16:00:00Z,152186,23.055777
23.0,23.0,23.0,1,23.0,2023-05-30T20:00:00Z,100,23.0
21.385,22.635,21.12,1882,21.92,2023-05-31T12:00:00Z,353967,21.656492
21.13,22.02,21.09,523,21.41,2023-05-31T16:00:00Z,122979,21.476408
21.14,21.14,21.13,25,21.13,2023-05-31T20:00:00Z,3108,21.136207
22.07,22.08,20.87,979,21.32,2023-06-01T12:00:00Z,180682,21.415652
22.14,22.74,22.1,456,22.13,2023-06-01T16:00:00Z,105201,22.274179
22.11,22.11,22.11,1,22.11,2023-06-01T20:00:00Z,100,22.11
21.96,22.91,21.53,899,22.87,2023-06-02T12:00:00Z,164525,22.154609
22.02,22.21,21.84,451,21.97,2023-06-02T16:00:00Z,102327,22.000176
21.98,22.06,21.98,7,21.99,2023-06-02T20:00:00Z,700,22.005714
21.245,21.8,20.81,477,21.75,2023-06-05T12:00:00Z,54286,21.179135
20.985,21.405,20.66,436,21.2,2023-06-05T16:00:00Z,103622,20.974503
20.92,21.09,20.92,15,21.09,2023-06-05T20:00:00Z,1270,20.998
21.98,22.01,20.46,558,20.62,2023-06-06T12:00:00Z,78435,21.316371
21.72,22.04,21.21,323,21.955,2023-06-06T16:00:00Z,72477,21.642808
22.45,23.095,22.06,1033,22.2,2023-06-07T12:00:00Z,154380,22.415413
21.64,22.55,21.5,575,22.55,2023-06-07T16:00:00Z,89991,21.84581
22.28,22.36,21.46,437,21.8,2023-06-08T12:00:00Z,64943,21.847178
22.28,22.45,21.86,218,22.29,2023-06-08T16:00:00Z,38493,22.229193
22.3,23.475,22.3,942,22.97,2023-06-09T12:00:00Z,158462,23.103424
22.39,22.645,22.14,278,22.325,2023-06-09T16:00:00Z,45529,22.356698
24.0,24.11,23.05,861,23.17,2023-06-12T12:00:00Z,96990,23.466246
24.615,24.665,23.91,420,24.06,2023-06-12T16:00:00Z,85441,24.28328
24.63,24.63,24.63,1,24.63,2023-06-12T20:00:00Z,100,24.63
25.63,26.25,24.73,2519,25.4,2023-06-13T12:00:00Z,312788,25.593976
25.59,26.0,24.935,778,25.545,2023-06-13T16:00:00Z,130728,25.521822
26.06,26.3,25.06,884,25.6,2023-06-14T12:00:00Z,125012,25.723045
26.68,26.68,24.84,780,26.07,2023-06-14T16:00:00Z,125157,25.947469
26.165,26.225,25.47,679,25.94,2023-06-15T12:00:00Z,102537,25.754265
25.96,26.53,25.75,375,26.19,2023-06-15T16:00:00Z,77219,26.107417
25.43,26.77,25.365,1091,26.49,2023-06-16T12:00:00Z,144397,25.848758
25.16,25.95,25.135,413,25.52,2023-06-16T16:00:00Z,80293,25.477858
25.3,25.3,25.23,2,25.23,2023-06-16T20:00:00Z,200,25.265
24.305,25.545,23.98,505,24.88,2023-06-20T12:00:00Z,82577,24.375892
24.625,24.79,24.18,302,24.22,2023-06-20T16:00:00Z,62142,24.516862
22.87,24.305,22.73,763,24.21,2023-06-21T12:00:00Z,112010,23.41624
22.76,23.55,22.755,435,22.865,2023-06-21T16:00:00Z,68505,23.120976
22.73,22.75,22.73,7,22.75,2023-06-21T20:00:00Z,700,22.745714
23.28,23.37,22.25,578,22.44,2023-06-22T12:00:00Z,75813,22.792166
23.09,23.2,22.73,266,23.2,2023-06-22T16:00:00Z,42279,22.997825
23.22,23.22,23.22,2,23.22,2023-06-22T20:00:00Z,101,23.22
21.765,22.51,21.54,452,22.51,2023-06-23T12:00:00Z,59266,21.898476
21.87,22.21,21.67,400,21.77,2023-06-23T16:00:00Z,69702,21.952515
22.875,23.32,22.2,980,22.2,2023-06-26T12:00:00Z,215150,22.845402
22.06,22.88,22.06,746,22.88,2023-06-26T16:00:00Z,194630,22.405265
22.1,22.12,22.06,12,22.08,2023-06-26T20:00:00Z,1200,22.085
23.19,23.19,22.01,657,22.36,2023-06-27T12:00:00Z,85637,22.505468
24.42,24.49,23.195,643,23.22,2023-06-27T16:00:00Z,99377,23.969397
24.115,24.35,23.11,673,23.23,2023-06-28T12:00:00Z,124133,23.822058
23.74,24.41,23.4,720,24.08,2023-06-28T16:00:00Z,133838,23.794421
24.12,24.12,24.1,6,24.1,2023-06-28T20:00:00Z,700,24.112857
23.82,24.1,23.2,302,24.1,2023-06-29T12:00:00Z,41396,23.562206
23.8,24.035,23.33,199,23.795,2023-06-29T16:00:00Z,28564,23.699643
23.75,23.77,23.75,8,23.77,2023-06-29T20:00:00Z,800,23.765
24.615,24.95,24.07,714,24.08,2023-06-30T12:00:00Z,93789,24.638145
24.91,25.155,24.645,588,24.68,2023-06-30T16:00:00Z,133401,24.999996
24.82,24.82,24.82,1,24.82,2023-06-30T20:00:00Z,100,24.82
24.89,25.72,24.685,332,25.04,2023-07-03T12:00:00Z,50566,25.043488
25.44,25.53,24.955,126,24.955,2023-07-03T16:00:00Z,25356,25.370317
24.315,25.13,24.31,683,24.96,2023-07-05T12:00:00Z,71120,24.854661
23.85,24.47,23.85,413,24.35,2023-07-05T16:00:00Z,61684,24.160302
23.81,23.83,23.81,2,23.83,2023-07-05T20:00:00Z,200,23.82
22.31,22.91,22.04,967,22.72,2023-07-06T12:00:00Z,121524,22.418634
22.99,23.05,22.2,293,22.34,2023-07-06T16:00:00Z,54982,22.684274
22.81,22.86,22.78,10,22.78,2023-07-06T20:00:00Z,1000,22.83
23.735,23.74,22.67,382,22.68,2023-07-07T12:00:00Z,44898,23.304017
22.925,24.0,22.91,301,23.74,2023-07-07T16:00:00Z,40633,23.6163
24.0,24.06,23.105,495,23.24,2023-07-10T12:00:00Z,61329,23.598149
24.31,24.42,23.6,235,23.88,2023-07-10T16:00:00Z,48388,24.105335
23.615,24.93,23.29,701,24.88,2023-07-11T12:00:00Z,86197,24.151993
24.37,24.44,23.49,285,23.68,2023-07-11T16:00:00Z,51922,24.01321
24.44,24.44,24.39,9,24.39,2023-07-11T20:00:00Z,900,24.424444
25.08,25.71,25.0,1277,25.36,2023-07-12T12:00:00Z,137916,25.422449
25.695,25.845,25.12,399,25.13,2023-07-12T16:00:00Z,75218,25.613067
25.87,25.87,25.73,19,25.73,2023-07-12T20:00:00Z,1750,25.83
26.65,26.68,26.23,989,26.39,2023-07-13T12:00:00Z,173485,26.467532
27.3,27.44,26.595,384,26.635,2023-07-13T16:00:00Z,67876,27.17878
27.17,27.2,27.17,2,27.2,2023-07-13T20:00:00Z,200,27.185
27.47,28.005,27.12,964,27.45,2023-07-14T12:00:00Z,108847,27.506481
26.25,27.33,25.935,360,27.31,2023-07-14T16:00:00Z,56835,26.596678
26.29,26.29,26.26,5,26.26,2023-07-14T20:00:00Z,400,26.28
27.72,27.8,25.77,586,26.29,2023-07-17T12:00:00Z,69795,26.719667
28.06,28.515,27.45,531,27.72,2023-07-17T16:00:00Z,84675,27.927015
27.55,28.06,27.09,415,28.01,2023-07-18T12:00:00Z,49116,27.484212
28.25,28.54,27.35,400,27.56,2023-07-18T16:00:00Z,68122,27.936513
27.88,28.63,27.64,1014,28.24,2023-07-19T12:00:00Z,172928,27.959066
27.28,28.18,27.05,604,27.96,2023-07-19T16:00:00Z,107238,27.45001
25.29,26.28,24.93,2509,26.28,2023-07-20T12:00:00Z,378186,25.39382
24.26,25.5,23.88,1305,25.29,2023-07-20T16:00:00Z,209730,24.694664
25.02,25.47,24.5,945,24.64,2023-07-21T12:00:00Z,119758,24.902116
24.935,25.57,24.825,489,25.04,2023-07-21T16:00:00Z,114012,25.127676
24.97,24.97,24.97,1,24.97,2023-07-21T20:00:00Z,100,24.97
24.79,25.43,24.52,371,24.9,2023-07-24T12:00:00Z,51523,24.882273
24.86,25.1,24.69,136,24.93,2023-07-24T16:00:00Z,25272,24.85297
26.33,26.5,25.3,914,25.34,2023-07-25T12:00:00Z,131516,25.966675
26.16,26.58,26.135,579,26.285,2023-07-25T16:00:00Z,114426,26.293922
26.12,26.14,26.12,3,26.14,2023-07-25T20:00:00Z,250,26.13
24.71,25.41,24.215,712,25.41,2023-07-26T12:00:00Z,84491,24.701543
25.06,25.71,24.51,1394,24.7,2023-07-26T16:00:00Z,255462,25.002223
25.34,25.34,25.27,2,25.27,2023-07-26T20:00:00Z,200,25.305
27.48,27.68,26.63,1230,26.63,2023-07-27T12:00:00Z,151176,27.292005
26.44,28.01,26.0,914,27.5,2023-07-27T16:00:00Z,148365,26.945995
28.33,28.395,27.15,505,27.925,2023-07-28T12:00:00Z,50301,27.890066
28.15,28.38,27.5,404,28.33,2023-07-28T16:00:00Z,64339,28.09296
28.36,28.74,27.96,521,28.43,2023-07-31T12:00:00Z,67741,28.379001
28.43,28.55,28.1,389,28.395,2023-07-31T16:00:00Z,37282,28.356543
28.4,28.45,28.37,4,28.45,2023-07-31T20:00:00Z,304,28.406667
28.4,28.44,27.45,345,27.75,2023-08-01T12:00:00Z,40579,27.97101
28.53,28.705,28.29,247,28.39,2023-08-01T16:00:00Z,43030,28.568216
28.79,28.92,28.43,8,28.43,2023-08-01T20:00:00Z,515,28.781
25.05,27.86,25.05,1919,27.78,2023-08-02T12:00:00Z,345129,26.19295
25.29,25.86,24.8,728,25.05,2023-08-02T16:00:00Z,118395,25.358934
25.21,25.21,25.21,1,25.21,2023-08-02T20:00:00Z,100,25.21
24.93,25.08,24.095,753,24.27,2023-08-03T12:00:00Z,81672,24.526534
25.13,25.54,24.8,328,24.92,2023-08-03T16:00:00Z,54462,25.168154
24.66,25.04,24.62,8,25.04,2023-08-03T20:00:00Z,850,24.747059
25.44,25.59,24.08,851,24.56,2023-08-04T12:00:00Z,100133,24.777471
24.89,25.92,24.5,702,25.48,2023-08-04T16:00:00Z,119058,24.969811
24.92,25.04,24.87,11,24.87,2023-08-04T20:00:00Z,1019,24.965
25.48,25.77,24.99,492,25.28,2023-08-07T12:00:00Z,60694,25.371989
25.685,25.69,25.01,458,25.47,2023-08-07T16:00:00Z,73350,25.347555
25.67,25.68,25.62,7,25.63,2023-08-07T20:00:00Z,700,25.652857
23.59,24.74,23.43,1842,24.71,2023-08-08T12:00:00Z,235002,23.783246
24.43,24.54,23.56,697,23.56,2023-08-08T16:00:00Z,113854,23.968999
24.15,24.22,24.15,11,24.22,2023-08-08T20:00:00Z,818,24.16625
23.23,24.4,22.95,636,24.37,2023-08-09T12:00:00Z,70910,23.569536
23.04,23.88,23.035,560,23.23,2023-08-09T16:00:00Z,85329,23.401837
23.28,23.28,23.13,3,23.13,2023-08-09T20:00:00Z,350,23.232857
22.93,24.37,22.845,945,23.49,2023-08-10T12:00:00Z,116146,23.619302
22.77,23.16,22.33,883,22.93,2023-08-10T16:00:00Z,167053,22.812579
21.35,21.975,21.025,3227,21.935,2023-08-11T12:00:00Z,595168,21.596795
21.15,21.47,21.01,2122,21.375,2023-08-11T16:00:00Z,417598,21.180376
21.15,21.19,21.15,3,21.16,2023-08-11T20:00:00Z,300,21.166667
22.28,22.49,20.695,1059,21.26,2023-08-14T12:00:00Z,168688,21.842543
22.93,22.95,22.22,910,22.305,2023-08-14T16:00:00Z,170081,22.631203
23.03,23.03,22.94,6,22.94,2023-08-14T20:00:00Z,600,22.978333
22.27,22.81,21.885,653,22.59,2023-08-15T12:00:00Z,72994,22.251376
21.765,22.41,21.71,404,22.39,2023-08-15T16:00:00Z,76645,21.979532
21.78,21.8,21.77,3,21.8,2023-08-15T20:00:00Z,300,21.783333
20.92,21.87,20.92,703,21.87,2023-08-16T12:00:00Z,108142,21.487743
20.5,21.215,20.49,689,21.02,2023-08-16T16:00:00Z,110521,20.736947
20.5,20.63,20.5,17,20.6,2023-08-16T20:00:00Z,1750,20.582857
20.21,20.74,19.94,884,20.735,2023-08-17T12:00:00Z,156982,20.097681
19.89,20.52,19.715,576,20.17,2023-08-17T16:00:00Z,92590,20.085085
19.86,19.91,19.86,10,19.89,2023-08-17T20:00:00Z,801,19.891429
19.89,19.905,19.15,896,19.48,2023-08-18T12:00:00Z,131758,19.557556
20.17,20.42,19.705,1173,19.86,2023-08-18T16:00:00Z,113445,20.131989
20.23,20.23,20.2,2,20.2,2023-08-18T20:00:00Z,200,20.215
20.645,21.13,20.44,1362,20.79,2023-08-21T12:00:00Z,117736,20.758969
21.92,22.02,20.665,2262,20.665,2023-08-21T16:00:00Z,106550,21.676814
21.53,22.805,21.455,1942,22.68,2023-08-22T12:00:00Z,225172,22.302167
21.32,21.635,21.1,3508,21.53,2023-08-22T16:00:00Z,154100,21.322731
21.31,21.4,21.31,4,21.4,2023-08-22T20:00:00Z,400,21.37
22.54,22.57,20.77,946,20.84,2023-08-23T12:00:00Z,106830,21.913407
22.64,22.87,22.305,530,22.45,2023-08-23T16:00:00Z,126661,22.701524
23.73,23.84,23.52,25,23.84,2023-08-23T20:00:00Z,2211,23.688396
20.88,24.17,20.79,2733,24.17,2023-08-24T12:00:00Z,186870,22.20449
20.415,21.5,20.25,1213,20.92,2023-08-24T16:00:00Z,243399,20.796638
19.68,21.15,19.42,1254,20.39,2023-08-25T12:00:00Z,191500,20.103043
20.65,20.93,19.72,615,19.74,2023-08-25T16:00:00Z,122562,20.553169
20.925,21.585,20.78,830,20.81,2023-08-28T12:00:00Z,121686,21.14387
21.42,21.465,20.84,525,20.9,2023-08-28T16:00:00Z,102355,21.205728
22.85,22.98,20.98,876,21.24,2023-08-29T12:00:00Z,112227,22.223357
23.1,23.305,22.79,1695,22.82,2023-08-29T16:00:00Z,159793,23.146623
23.39,23.41,22.37,896,23.04,2023-08-30T12:00:00Z,133070,22.950433
23.375,23.69,23.16,355,23.54,2023-08-30T16:00:00Z,77043,23.45047
23.48,23.53,23.48,7,23.5,2023-08-30T20:00:00Z,609,23.513333
23.82,24.27,23.14,936,23.45,2023-08-31T12:00:00Z,130152,23.710723
23.86,24.125,23.46,708,23.85,2023-08-31T16:00:00Z,138524,23.894166
23.66,23.66,23.66,2,23.66,2023-08-31T20:00:00Z,109,23.66
23.7,24.5,23.53,1018,24.33,2023-09-01T12:00:00Z,133167,23.867334
24.02,24.16,23.565,367,23.61,2023-09-01T16:00:00Z,66976,23.973194
23.93,23.95,23.92,16,23.95,2023-09-01T20:00:00Z,1569,23.928387
24.09,24.36,23.4,567,23.65,2023-09-05T12:00:00Z,92661,23.834666
24.01,24.57,24.01,299,24.23,2023-09-05T16:00:00Z,69511,24.298644
23.88,24.03,23.88,13,24.03,2023-09-05T20:00:00Z,1203,23.944167
23.22,24.28,22.99,908,23.82,2023-09-06T12:00:00Z,138900,23.582435
23.47,23.49,22.69,496,23.04,2023-09-06T16:00:00Z,154109,23.220114
21.245,22.45,21.0,1337,22.44,2023-09-07T12:00:00Z,196736,21.590348
21.85,22.03,21.2,730,21.2,2023-09-07T16:00:00Z,177429,21.808117
21.89,21.89,21.83,3,21.83,2023-09-07T20:00:00Z,250,21.86
21.59,22.17,21.32,630,21.71,2023-09-08T12:00:00Z,111002,21.744469
21.49,21.75,21.225,401,21.61,2023-09-08T16:00:00Z,83895,21.420922
21.5,21.5,21.47,5,21.47,2023-09-08T20:00:00Z,310,21.49
20.695,22.3,20.61,1263,22.12,2023-09-11T12:00:00Z,168258,21.179305
21.44,21.54,20.68,636,20.7,2023-09-11T16:00:00Z,168797,21.26317
21.33,21.98,20.87,797,20.96,2023-09-12T12:00:00Z,132642,21.581176
20.91,21.65,20.9,581,21.36,2023-09-12T16:00:00Z,130616,21.141449
21.77,21.77,20.44,880,20.94,2023-09-13T12:00:00Z,135841,21.297546
21.235,21.82,20.995,796,21.82,2023-09-13T16:00:00Z,164860,21.342104
21.31,21.31,21.25,3,21.27,2023-09-13T20:00:00Z,300,21.276667
21.64,21.91,21.06,1006,21.72,2023-09-14T12:00:00Z,150932,21.50464
21.67,21.86,21.45,688,21.65,2023-09-14T16:00:00Z,135130,21.658683
21.59,21.59,21.59,1,21.59,2023-09-14T20:00:00Z,100,21.59
20.09,21.33,20.0,1893,21.29,2023-09-15T12:00:00Z,302467,20.412375
19.75,20.23,19.45,959,20.16,2023-09-15T16:00:00Z,209582,19.785314
19.76,19.79,19.67,48,19.74,2023-09-15T20:00:00Z,5100,19.72647
20.035,20.12,19.19,558,19.19,2023-09-18T12:00:00Z,106702,19.818064
19.96,20.16,19.69,339,20.05,2023-09-18T16:00:00Z,63875,19.913947
19.98,19.98,19.96,2,19.96,2023-09-18T20:00:00Z,400,19.97
19.39,19.81,19.09,786,19.81,2023-09-19T12:00:00Z,142738,19.358337
19.41,19.715,19.11,614,19.38,2023-09-19T16:00:00Z,166333,19.440122
19.58,19.88,19.3,582,19.56,2023-09-20T12:00:00Z,106393,19.576641
18.44,19.58,18.44,1633,19.57,2023-09-20T16:00:00Z,637401,19.099319
18.41,18.47,18.38,96,18.47,2023-09-20T20:00:00Z,6038,18.417494
17.76,18.13,17.42,1511,17.63,2023-09-21T12:00:00Z,341351,17.869136
17.41,18.01,17.39,1231,17.75,2023-09-21T16:00:00Z,294064,17.646058
17.33,17.4,17.33,9,17.4,2023-09-21T20:00:00Z,1401,17.37858
18.15,18.36,17.64,1241,17.79,2023-09-22T12:00:00Z,225123,18.04048
17.87,18.35,17.74,1799,18.155,2023-09-22T16:00:00Z,459250,18.096868
17.87,17.87,17.81,3,17.81,2023-09-22T20:00:00Z,600,17.84
18.07,18.24,17.34,1465,17.58,2023-09-25T12:00:00Z,245832,18.023736
18.235,18.275,17.78,531,18.04,2023-09-25T16:00:00Z,160667,18.0235
18.33,18.36,18.25,19,18.25,2023-09-25T20:00:00Z,2900,18.298966
17.5,18.07,17.45,1341,18.01,2023-09-26T12:00:00Z,343796,17.654568
17.26,17.62,16.99,1399,17.44,2023-09-26T16:00:00Z,325536,17.308947
17.26,17.26,17.18,3,17.18,2023-09-26T20:00:00Z,600,17.216667
17.29,17.805,17.27,1317,17.5,2023-09-27T12:00:00Z,322583,17.629188
17.69,18.06,16.895,1350,17.27,2023-09-27T16:00:00Z,400114,17.401395
17.67,17.68,17.67,2,17.68,2023-09-27T20:00:00Z,345,17.677101
19.12,19.12,17.35,1404,17.49,2023-09-28T12:00:00Z,348877,18.468891
18.62,19.205,18.43,1085,19.15,2023-09-28T16:00:00Z,261265,18.798847
18.62,18.66,18.6,4,18.66,2023-09-28T20:00:00Z,600,18.631667
19.09,19.65,18.93,1253,19.15,2023-09-29T12:00:00Z,202011,19.378235
18.86,19.22,18.67,718,19.075,2023-09-29T16:00:00Z,173754,18.920317
18.89,18.94,18.88,5,18.88,2023-09-29T20:00:00Z,1000,18.896
18.96,19.54,18.86,706,18.93,2023-10-02T12:00:00Z,155553,19.205328
19.11,19.11,18.435,588,18.985,2023-10-02T16:00:00Z,189843,18.842128
18.11,19.375,17.98,1103,18.72,2023-10-03T12:00:00Z,323991,18.485572
17.9,18.425,17.54,714,18.1,2023-10-03T16:00:00Z,185522,17.893762
18.61,18.61,17.8,1018,18.12,2023-10-04T12:00:00Z,240881,18.178702
18.665,18.8,18.07,668,18.58,2023-10-04T16:00:00Z,236852,18.527982
18.0,18.83,17.85,661,18.6,2023-10-05T12:00:00Z,159890,18.141729
18.37,18.65,18.06,683,18.07,2023-10-05T16:00:00Z,218229,18.434899
18.36,18.36,18.36,5,18.36,2023-10-05T20:00:00Z,861,18.36
19.455,19.47,17.69,1320,18.05,2023-10-06T12:00:00Z,373776,18.402498
19.49,19.78,19.25,848,19.47,2023-10-06T16:00:00Z,297243,19.501632
19.53,19.55,19.48,20,19.48,2023-10-06T20:00:00Z,3000,19.51322
18.725,19.05,18.45,1022,18.84,2023-10-09T12:00:00Z,188917,18.704345
19.37,19.51,18.72,457,18.77,2023-10-09T16:00:00Z,204279,19.134435
19.38,19.38,19.36,3,19.36,2023-10-09T20:00:00Z,400,19.37
20.54,20.6,19.31,820,19.31,2023-10-10T12:00:00Z,147495,19.950214
20.08,20.605,19.91,675,20.53,2023-10-10T16:00:00Z,186016,20.164549
20.18,20.66,20.01,998,20.31,2023-10-11T12:00:00Z,167890,20.279219
20.56,20.575,19.85,689,20.175,2023-10-11T16:00:00Z,150222,20.169323
21.39,21.54,20.45,1132,20.85,2023-10-12T12:00:00Z,152847,20.975988
20.685,21.54,20.1,787,21.4,2023-10-12T16:00:00Z,189916,20.78982
20.62,20.69,20.62,9,20.69,2023-10-12T20:00:00Z,1400,20.664175
19.35,20.87,19.21,1058,20.82,2023-10-13T12:00:00Z,286986,19.914921
18.98,19.695,18.86,1516,19.385,2023-10-13T16:00:00Z,426918,19.103041
19.615,19.95,19.1,766,19.1,2023-10-16T12:00:00Z,117016,19.643668
19.76,19.98,19.44,510,19.6,2023-10-16T16:00:00Z,125300,19.752029
19.6,19.63,17.925,1641,18.6,2023-10-17T12:00:00Z,297635,18.699012
19.31,19.75,19.0,714,19.61,2023-10-17T16:00:00Z,149900,19.264079
19.21,19.24,19.19,12,19.23,2023-10-17T20:00:00Z,1535,19.211429
18.4,18.77,18.0,1465,18.64,2023-10-18T12:00:00Z,288907,18.344286
18.28,18.69,18.0,848,18.42,2023-10-18T16:00:00Z,208738,18.305124
18.28,18.28,18.28,4,18.28,2023-10-18T20:00:00Z,800,18.28
18.09,18.925,17.82,1750,18.52,2023-10-19T12:00:00Z,295239,18.278076
17.45,18.48,17.245,1422,18.015,2023-10-19T16:00:00Z,498857,17.787074
16.99,17.785,16.69,1572,17.44,2023-10-20T12:00:00Z,346842,17.212004
16.66,17.29,16.57,1162,16.99,2023-10-20T16:00:00Z,404272,16.857693
16.84,16.865,15.85,1420,16.31,2023-10-23T12:00:00Z,366302,16.324009
16.38,17.25,16.365,1016,16.77,2023-10-23T16:00:00Z,299904,16.739093
16.5,16.5,16.44,2,16.44,2023-10-23T20:00:00Z,400,16.47
16.73,17.085,16.46,1132,16.79,2023-10-24T12:00:00Z,199345,16.737715
17.03,17.12,16.42,624,16.79,2023-10-24T16:00:00Z,185791,16.889122
16.69,17.05,16.69,11,17.05,2023-10-24T20:00:00Z,1804,16.862949
15.72,16.5,15.7,2208,16.48,2023-10-25T12:00:00Z,324389,16.024679
14.96,15.71,14.745,1690,15.7,2023-10-25T16:00:00Z,476343,15.092031
14.96,15.0,14.96,3,15.0,2023-10-25T20:00:00Z,300,14.973333
14.91,15.675,14.58,2059,14.59,2023-10-26T12:00:00Z,371224,15.216781
14.7,15.36,14.485,1103,14.87,2023-10-26T16:00:00Z,227382,14.785999
14.93,15.14,14.71,14,14.74,2023-10-26T20:00:00Z,2055,14.915122
15.39,15.56,14.99,1169,15.355,2023-10-27T12:00:00Z,222426,15.192188
15.14,15.46,14.93,840,15.46,2023-10-27T16:00:00Z,269677,15.07771
14.44,15.56,14.12,2267,15.56,2023-10-30T12:00:00Z,415700,14.595472
14.51,14.855,14.05,726,14.44,2023-10-30T16:00:00Z,205157,14.458834
14.49,14.52,14.45,6,14.52,2023-10-30T20:00:00Z,900,14.48
14.7,14.85,14.02,1359,14.63,2023-10-31T12:00:00Z,389880,14.25615
14.91,15.02,14.5,596,14.74,2023-10-31T16:00:00Z,145019,14.80156
14.55,14.77,14.54,12,14.77,2023-10-31T20:00:00Z,1615,14.613572
15.4,15.495,14.66,1324,14.67,2023-11-01T12:00:00Z,273071,15.16685
15.96,16.005,15.09,1093,15.4,2023-11-01T16:00:00Z,275470,15.638651
16.87,17.08,16.38,1567,16.71,2023-11-02T12:00:00Z,319456,16.864615
17.08,17.41,16.8,872,16.86,2023-11-02T16:00:00Z,177837,17.130004
16.8,17.06,16.8,25,17.06,2023-11-02T20:00:00Z,3228,16.936949
18.13,18.3,17.07,1616,17.12,2023-11-03T12:00:00Z,268484,17.90311
18.39,18.75,18.1,930,18.11,2023-11-03T16:00:00Z,208035,18.448159
18.13,18.625,17.91,732,18.59,2023-11-06T12:00:00Z,110013,18.187607
18.09,18.23,17.74,556,18.14,2023-11-06T16:00:00Z,100647,17.97502
18.28,18.3,18.05,196,18.125,2023-11-06T20:00:00Z,56435,18.1531
18.84,18.85,18.05,713,18.21,2023-11-07T12:00:00Z,110467,18.397359
18.63,18.845,18.39,363,18.845,2023-11-07T16:00:00Z,89694,18.610589
18.6,18.75,18.545,179,18.625,2023-11-07T20:00:00Z,49413,18.643461
18.46,18.96,18.42,596,18.68,2023-11-08T12:00:00Z,123015,18.643206
18.57,18.73,18.295,634,18.445,2023-11-08T16:00:00Z,111684,18.565168
18.68,18.74,18.53,239,18.58,2023-11-08T20:00:00Z,40374,18.646794
19.29,19.48,18.83,708,18.83,2023-11-09T12:00:00Z,116644,19.231112
18.56,19.68,18.54,938,19.28,2023-11-09T16:00:00Z,169708,19.217471
18.37,18.56,18.29,337,18.52,2023-11-09T20:00:00Z,98849,18.404454
19.485,19.49,18.68,852,18.73,2023-11-10T12:00:00Z,149575,19.243904
20.635,20.665,19.475,924,19.495,2023-11-10T16:00:00Z,179753,20.268325
20.62,20.775,20.55,385,20.635,2023-11-10T20:00:00Z,104995,20.642188
19.795,20.4,19.58,951,20.37,2023-11-13T12:00:00Z,151174,19.86525
20.08,20.19,19.775,524,19.815,2023-11-13T16:00:00Z,92909,19.94498
20.02,20.195,19.99,149,20.08,2023-11-13T20:00:00Z,56000,20.065922
22.11,22.33,20.07,1609,20.19,2023-11-14T12:00:00Z,224385,21.665344
22.11,22.17,21.86,507,22.115,2023-11-14T16:00:00Z,101638,22.017408
22.19,22.37,22.1,272,22.1,2023-11-14T20:00:00Z,74686,22.184034
23.06,23.135,22.18,1579,22.87,2023-11-15T12:00:00Z,215155,22.609057
22.675,23.18,22.26,736,23.07,2023-11-15T16:00:00Z,131535,22.681519
22.67,22.73,22.54,125,22.675,2023-11-15T20:00:00Z,34199,22.648682
22.37,22.8,22.17,770,22.25,2023-11-16T12:00:00Z,122064,22.449255
22.785,22.89,22.15,531,22.35,2023-11-16T16:00:00Z,100256,22.518826
22.34,22.87,22.33,263,22.805,2023-11-16T20:00:00Z,62429,22.766427
22.67,22.8,22.39,579,22.64,2023-11-17T12:00:00Z,71831,22.604747
23.12,23.285,22.47,385,22.665,2023-11-17T16:00:00Z,67559,22.953488
23.07,23.22,22.99,347,23.165,2023-11-17T20:00:00Z,69870,23.117065
23.62,23.68,23.07,971,23.19,2023-11-20T12:00:00Z,116894,23.420532
24.225,24.23,23.6,386,23.64,2023-11-20T16:00:00Z,64897,23.960647
24.18,24.42,24.13,572,24.225,2023-11-20T20:00:00Z,86592,24.236472
22.68,23.76,22.58,880,23.71,2023-11-21T12:00:00Z,127988,23.162629
22.82,22.84,22.45,517,22.725,2023-11-21T16:00:00Z,89678,22.6573
22.72,22.94,21.99,687,22.83,2023-11-21T20:00:00Z,131812,22.790969
23.16,24.09,22.82,1064,23.13,2023-11-22T12:00:00Z,156553,23.344064
23.105,23.465,22.87,483,23.13,2023-11-22T16:00:00Z,90646,23.219143
22.95,23.165,22.95,254,23.1,2023-11-22T20:00:00Z,51654,23.021377
23.02,23.12,22.75,454,22.85,2023-11-24T12:00:00Z,77343,22.99916
23.07,23.105,22.975,322,23.05,2023-11-24T16:00:00Z,51754,23.065613
23.19,23.25,22.6,361,23.02,2023-11-27T12:00:00Z,52988,22.928284
23.15,23.54,23.05,357,23.135,2023-11-27T16:00:00Z,69493,23.270365
22.93,23.22,22.93,170,23.15,2023-11-27T20:00:00Z,44474,22.996104
22.555,22.92,22.19,581,22.8,2023-11-28T12:00:00Z,81485,22.484228
22.29,22.87,21.98,670,22.535,2023-11-28T16:00:00Z,143623,22.53157
22.54,22.56,22.125,278,22.26,2023-11-28T20:00:00Z,51968,22.435766
24.05,24.28,23.21,1054,23.23,2023-11-29T12:00:00Z,176121,23.939233
23.43,24.05,23.29,551,24.035,2023-11-29T16:00:00Z,97695,23.571482
23.25,23.505,23.14,425,23.435,2023-11-29T20:00:00Z,83988,23.2464
22.555,23.66,22.26,797,23.58,2023-11-30T12:00:00Z,139641,22.884176
22.57,22.655,22.2,390,22.63,2023-11-30T16:00:00Z,80283,22.442132
22.64,22.8,22.27,513,22.575,2023-11-30T20:00:00Z,120698,22.690142
22.45,22.58,21.85,737,22.36,2023-12-01T12:00:00Z,101125,22.242698
23.03,23.19,22.32,476,22.35,2023-12-01T16:00:00Z,95265,22.88726
23.08,23.115,22.94,298,23.04,2023-12-01T20:00:00Z,49743,23.072497
21.34,22.84,21.3,1088,22.81,2023-12-04T12:00:00Z,159291,21.895775
22.02,22.225,21.29,527,21.38,2023-12-04T16:00:00Z,117888,21.837752
22.3,22.34,21.84,468,22.015,2023-12-04T20:00:00Z,81732,22.218129
21.93,22.05,21.35,652,21.77,2023-12-05T12:00:00Z,96482,21.764079
21.925,21.945,21.35,440,21.93,2023-12-05T16:00:00Z,79858,21.623577
21.9,21.99,21.84,438,21.93,2023-12-05T20:00:00Z,74966,21.888318
22.51,22.88,22.21,873,22.22,2023-12-06T12:00:00Z,129332,22.581579
21.655,22.535,21.65,536,22.52,2023-12-06T16:00:00Z,97829,22.081384
21.49,21.695,21.415,380,21.665,2023-12-06T20:00:00Z,63303,21.494507
22.65,22.7,21.71,861,21.74,2023-12-07T12:00:00Z,145939,22.333287
23.23,23.38,22.255,684,22.69,2023-12-07T16:00:00Z,113688,22.856667
23.19,23.36,23.075,584,23.16,2023-12-07T20:00:00Z,109114,23.208988
23.93,24.01,22.57,1188,23.07,2023-12-08T12:00:00Z,154224,23.434057
23.83,23.935,23.09,685,23.935,2023-12-08T16:00:00Z,125504,23.505238
23.72,23.88,23.64,370,23.865,2023-12-08T20:00:00Z,55604,23.742813
25.55,25.72,23.91,2073,24.11,2023-12-11T12:00:00Z,282325,24.993462
26.12,26.37,25.275,1046,25.55,2023-12-11T16:00:00Z,163021,25.867956
26.03,26.25,25.99,495,26.125,2023-12-11T20:00:00Z,101130,26.135387
26.54,26.64,25.6,1344,26.36,2023-12-12T12:00:00Z,155439,26.149819
26.705,26.72,26.12,578,26.58,2023-12-12T16:00:00Z,92969,26.466504
26.7,26.715,26.57,393,26.68,2023-12-12T20:00:00Z,64351,26.641975
26.94,27.12,26.7,652,26.79,2023-12-13T12:00:00Z,83964,26.917315
28.12,28.17,26.43,1170,26.945,2023-12-13T16:00:00Z,174431,27.162054
27.93,28.4,27.225,1255,28.155,2023-12-13T20:00:00Z,213582,27.741784
30.45,30.45,28.38,1946,28.68,2023-12-14T12:00:00Z,279700,29.694399
30.25,30.455,29.21,1604,30.455,2023-12-14T16:00:00Z,203528,29.82183
29.99,30.29,29.99,368,30.23,2023-12-14T20:00:00Z,60760,30.188302
31.26,31.39,30.16,1431,30.78,2023-12-15T12:00:00Z,197128,30.82665
30.575,31.59,30.37,1336,31.245,2023-12-15T16:00:00Z,198882,30.918602
30.57,30.81,30.42,453,30.595,2023-12-15T20:00:00Z,71519,30.609956
29.78,30.75,29.67,1227,30.69,2023-12-18T12:00:00Z,154659,30.114728
30.355,30.47,29.47,769,29.705,2023-12-18T16:00:00Z,115579,30.080042
30.31,30.5,30.25,282,30.3,2023-12-18T20:00:00Z,44262,30.349266
30.495,30.975,30.2,791,30.36,2023-12-19T12:00:00Z,105377,30.544959
30.75,30.88,30.3,350,30.555,2023-12-19T16:00:00Z,44507,30.590983
30.77,30.8,30.54,227,30.75,2023-12-19T20:00:00Z,35723,30.682339
30.455,30.56,29.95,683,30.31,2023-12-20T12:00:00Z,94035,30.224201
28.72,30.61,28.625,897,30.45,2023-12-20T16:00:00Z,144152,29.685813
28.28,28.82,28.06,589,28.685,2023-12-20T20:00:00Z,123100,28.355017
29.65,30.1,29.23,1329,29.27,2023-12-21T12:00:00Z,156241,29.672139
29.745,30.18,29.45,835,29.765,2023-12-21T16:00:00Z,111532,29.763314
30.26,30.4,29.73,570,29.73,2023-12-21T20:00:00Z,85457,30.227569
30.65,31.07,30.24,986,30.45,2023-12-22T12:00:00Z,115619,30.780468
30.535,30.845,29.895,925,30.5,2023-12-22T16:00:00Z,200260,30.387441
30.53,30.61,30.335,202,30.61,2023-12-22T20:00:00Z,34164,30.46558
31.58,31.89,30.88,666,30.92,2023-12-26T12:00:00Z,81819,31.467063
32.225,32.23,31.55,366,31.6,2023-12-26T16:00:00Z,54390,31.99577
32.14,32.51,32.08,364,32.25,2023-12-26T20:00:00Z,72107,32.245169
32.01,32.8,31.87,832,32.54,2023-12-27T12:00:00Z,93390,32.360212
32.045,32.33,31.85,705,32.0,2023-12-27T16:00:00Z,82224,32.113369
32.38,32.38,32.065,331,32.065,2023-12-27T20:00:00Z,53550,32.203402
32.53,32.76,32.07,394,32.63,2023-12-28T12:00:00Z,46541,32.410214
32.34,32.58,32.24,264,32.52,2023-12-28T16:00:00Z,29150,32.431584
32.195,32.425,32.13,209,32.285,2023-12-28T20:00:00Z,34806,32.217461
31.44,32.33,31.25,450,32.24,2023-12-29T12:00:00Z,54664,31.91864
31.72,31.79,30.92,367,31.47,2023-12-29T16:00:00Z,44592,31.37647
31.395,31.73,31.26,174,31.675,2023-12-29T20:00:00Z,39226,31.459535
28.58,29.93,28.435,1421,29.74,2024-01-02T12:00:00Z,211418,28.962328
27.89,29.13,27.89,857,28.65,2024-01-02T16:00:00Z,140889,28.534695
28.025,28.05,27.26,849,27.92,2024-01-02T20:00:00Z,149554,27.675482
26.265,27.04,25.885,1567,26.73,2024-01-03T12:00:00Z,216597,26.495523
26.4,26.63,25.99,657,26.365,2024-01-03T16:00:00Z,114706,26.284832
26.29,26.46,26.045,1046,26.46,2024-01-03T20:00:00Z,182009,26.204593
25.91,26.05,24.81,1585,25.13,2024-01-04T12:00:00Z,228878,25.500401
25.68,26.315,25.48,758,25.93,2024-01-04T16:00:00Z,122198,25.875444
25.53,26.055,25.47,474,25.7,2024-01-04T20:00:00Z,100125,25.639574
26.465,26.58,24.8,1527,25.14,2024-01-05T12:00:00Z,224754,26.123058
25.725,26.62,25.69,843,26.47,2024-01-05T16:00:00Z,119619,26.044535
26.03,26.03,25.55,400,25.66,2024-01-05T20:00:00Z,72736,25.796527
28.03,28.1,26.49,1133,26.49,2024-01-08T12:00:00Z,158340,27.475925
28.52,28.66,27.85,925,28.035,2024-01-08T16:00:00Z,135007,28.297558
28.08,28.505,28.08,859,28.335,2024-01-08T20:00:00Z,143678,28.358003
27.81,28.13,27.37,944,27.95,2024-01-09T12:00:00Z,110994,27.773101
28.62,29.115,27.855,811,27.87,2024-01-09T16:00:00Z,132814,28.603221
28.49,28.745,28.12,398,28.71,2024-01-09T20:00:00Z,94556,28.433474
28.19,28.75,27.1,1100,28.71,2024-01-10T12:00:00Z,145116,27.777162
28.34,28.37,27.7,528,28.13,2024-01-10T16:00:00Z,73559,28.092876
28.15,28.42,27.81,228,28.37,2024-01-10T20:00:00Z,65335,28.118696
27.47,29.02,27.15,2426,28.72,2024-01-11T12:00:00Z,268855,27.948084
28.53,28.575,26.78,1811,27.56,2024-01-11T16:00:00Z,222060,27.372774
28.48,28.525,28.17,345,28.505,2024-01-11T20:00:00Z,71991,28.444106
27.81,28.96,27.63,861,28.52,2024-01-12T12:00:00Z,125815,28.322233
27.915,28.12,27.65,534,27.78,2024-01-12T16:00:00Z,66314,27.888516
28.07,28.15,27.85,333,27.915,2024-01-12T20:00:00Z,51483,28.061872
29.63,29.815,27.72,680,28.165,2024-01-16T12:00:00Z,79925,28.691806
28.89,29.705,28.48,1087,29.7,2024-01-16T16:00:00Z,141520,29.058556
29.2,29.245,28.89,371,28.98,2024-01-16T20:00:00Z,69362,29.113172
27.3,28.325,26.97,702,28.315,2024-01-17T12:00:00Z,114210,27.499471
28.08,28.27,27.16,761,27.41,2024-01-17T16:00:00Z,114894,27.647256
28.37,28.53,27.86,453,28.0,2024-01-17T20:00:00Z,97363,28.25381
30.86,31.105,30.33,2017,30.4,2024-01-18T12:00:00Z,268789,30.792568
31.09,31.285,29.83,1292,30.93,2024-01-18T16:00:00Z,215539,30.715598
31.23,31.305,30.98,502,31.03,2024-01-18T20:00:00Z,101033,31.185455
32.6,32.87,31.98,625,32.41,2024-01-19T12:00:00Z,73688,32.425661
34.75,34.82,32.49,1166,32.625,2024-01-19T16:00:00Z,163131,33.890877
34.92,34.985,34.64,562,34.77,2024-01-19T20:00:00Z,102830,34.843124
34.5,36.565,34.22,1970,36.13,2024-01-22T12:00:00Z,234578,35.376468
35.19,35.555,34.39,637,34.4,2024-01-22T16:00:00Z,72440,35.060613
35.26,35.54,35.1,278,35.195,2024-01-22T20:00:00Z,48183,35.345756
35.035,35.62,34.24,776,35.26,2024-01-23T12:00:00Z,101405,35.067567
35.75,35.755,34.99,657,35.05,2024-01-23T16:00:00Z,95855,35.434388
35.9,36.005,35.695,276,35.735,2024-01-23T20:00:00Z,43293,35.874534
38.26,38.55,36.27,1106,37.165,2024-01-24T12:00:00Z,155203,37.348603
37.77,38.91,37.3,1299,38.3,2024-01-24T16:00:00Z,212961,38.317287
37.48,37.93,37.04,627,37.71,2024-01-24T20:00:00Z,126067,37.465969
38.48,39.51,37.855,1685,38.39,2024-01-25T12:00:00Z,171202,38.79539
37.25,39.07,36.54,1497,38.455,2024-01-25T16:00:00Z,193294,37.622645
35.27,37.41,35.27,359,37.19,2024-01-25T20:00:00Z,54623,37.170508
35.49,35.5,34.09,1035,35.27,2024-01-26T12:00:00Z,136967,34.759426
34.43,35.54,33.725,686,35.51,2024-01-26T16:00:00Z,83773,34.419955
34.1,34.44,33.88,344,34.44,2024-01-26T20:00:00Z,77967,34.050654
33.9,34.43,33.52,725,34.235,2024-01-29T12:00:00Z,74382,33.965378
34.25,34.31,33.7,854,33.77,2024-01-29T16:00:00Z,116025,34.08212
35.01,35.12,34.25,524,34.25,2024-01-29T20:00:00Z,70283,34.826715
34.52,35.14,34.21,767,35.14,2024-01-30T12:00:00Z,75482,34.656568
33.42,34.63,33.06,564,34.505,2024-01-30T16:00:00Z,79363,33.789995
33.7,33.7,32.61,302,33.51,2024-01-30T20:00:00Z,51840,33.535056
31.68,32.36,31.215,809,32.2,2024-01-31T12:00:00Z,93307,31.846339
32.8,33.84,31.7,1436,31.71,2024-01-31T16:00:00Z,187620,32.588868
31.96,32.94,31.66,1103,32.88,2024-01-31T20:00:00Z,165902,32.175169
31.29,32.36,31.25,814,32.29,2024-02-01T12:00:00Z,98719,31.803645
32.41,32.46,31.2,950,31.26,2024-02-01T16:00:00Z,126187,31.994716
32.97,32.97,32.32,274,32.425,2024-02-01T20:00:00Z,46061,32.467047
32.81,33.45,32.19,987,33.24,2024-02-02T12:00:00Z,108471,32.908257
33.72,33.87,32.62,748,32.77,2024-02-02T16:00:00Z,98318,33.406892
33.68,33.91,33.555,238,33.71,2024-02-02T20:00:00Z,32700,33.718544
33.84,35.2,33.43,1350,34.25,2024-02-05T12:00:00Z,162292,34.428123
35.38,35.59,33.78,743,33.855,2024-02-05T16:00:00Z,84971,34.762802
35.13,35.39,34.79,189,35.39,2024-02-05T20:00:00Z,30208,35.091803
33.815,35.43,33.55,788,35.2,2024-02-06T12:00:00Z,85623,34.105947
33.81,33.9,32.67,830,33.79,2024-02-06T16:00:00Z,123832,33.275072
33.77,33.99,33.295,261,33.835,2024-02-06T20:00:00Z,50972,33.738362
34.87,35.41,33.49,712,34.34,2024-02-07T12:00:00Z,78049,34.469402
35.375,35.415,34.41,770,34.87,2024-02-07T16:00:00Z,87409,34.916552
35.49,35.49,35.22,300,35.28,2024-02-07T20:00:00Z,43069,35.348875
37.5,37.64,35.57,1012,35.65,2024-02-08T12:00:00Z,113901,36.641309
37.525,37.94,37.06,737,37.41,2024-02-08T16:00:00Z,95452,37.517084
37.07,37.565,37.07,319,37.55,2024-02-08T20:00:00Z,50634,37.332025
38.82,38.95,37.2,1516,37.82,2024-02-09T12:00:00Z,167084,38.129652
39.29,39.52,38.34,795,38.87,2024-02-09T16:00:00Z,91941,38.932235
39.34,39.44,39.0,368,39.255,2024-02-09T20:00:00Z,51267,39.254678
40.93,40.94,39.26,1099,39.48,2024-02-12T12:00:00Z,123052,39.890818
39.17,41.32,38.65,1570,40.97,2024-02-12T16:00:00Z,223185,40.074056
39.17,39.59,39.09,252,39.19,2024-02-12T20:00:00Z,45525,39.242625
37.28,38.19,35.16,3186,37.94,2024-02-13T12:00:00Z,292191,36.547226
36.0,37.95,35.99,1300,37.33,2024-02-13T16:00:00Z,189599,37.015733
37.09,37.09,35.52,719,36.03,2024-02-13T20:00:00Z,101176,36.15213
38.19,39.245,37.84,872,38.08,2024-02-14T12:00:00Z,90860,38.457601
38.815,38.92,37.615,890,38.13,2024-02-14T16:00:00Z,130214,38.218775
38.95,39.25,38.74,320,38.87,2024-02-14T20:00:00Z,52396,39.067577
39.2,40.21,38.78,1030,39.85,2024-02-15T12:00:00Z,108167,39.304407
39.52,39.94,38.53,841,39.225,2024-02-15T16:00:00Z,117113,39.410373
40.06,40.06,38.91,359,39.42,2024-02-15T20:00:00Z,60243,39.134411
39.11,40.775,37.98,1903,40.49,2024-02-16T12:00:00Z,213380,39.211358
38.95,40.11,38.71,1210,39.17,2024-02-16T16:00:00Z,162104,39.60237
38.29,38.99,38.19,435,38.885,2024-02-16T20:00:00Z,86095,38.484516
35.83,37.6,34.88,1362,37.16,2024-02-20T12:00:00Z,146896,35.814779
36.25,36.36,34.67,1257,35.865,2024-02-20T16:00:00Z,133270,35.429829
36.4,36.47,35.87,652,36.28,2024-02-20T20:00:00Z,97477,36.26267
34.99,35.585,34.74,827,34.98,2024-02-21T12:00:00Z,91402,35.157544
34.93,35.6,34.7,1162,34.965,2024-02-21T16:00:00Z,164939,35.115597
38.67,38.67,34.59,677,34.905,2024-02-21T20:00:00Z,122325,35.493139
40.8,41.275,39.915,1949,40.45,2024-02-22T12:00:00Z,233572,40.571761
41.64,41.99,40.74,1267,40.8,2024-02-22T16:00:00Z,172626,41.479162
41.27,42.04,41.27,682,41.58,2024-02-22T20:00:00Z,108399,41.695715
40.24,42.67,40.2,1514,41.6,2024-02-23T12:00:00Z,151071,41.385552
40.58,41.0,39.41,899,40.25,2024-02-23T16:00:00Z,96638,40.183109
40.11,40.6,39.83,236,40.6,2024-02-23T20:00:00Z,37596,40.175452
41.39,41.63,40.4,680,40.5,2024-02-26T12:00:00Z,57656,41.060846
41.54,41.78,41.09,607,41.43,2024-02-26T16:00:00Z,80318,41.438102
41.23,41.76,41.21,207,41.43,2024-02-26T20:00:00Z,31161,41.35596
42.0,42.145,40.79,520,41.76,2024-02-27T12:00:00Z,42702,41.538208
41.41,42.045,41.0,398,42.005,2024-02-27T16:00:00Z,52048,41.501488
41.11,41.52,41.055,187,41.435,2024-02-27T20:00:00Z,38009,41.200662
39.77,39.84,39.16,419,39.74,2024-02-28T12:00:00Z,36808,39.525525
39.845,40.45,39.53,832,39.82,2024-02-28T16:00:00Z,115957,39.931884
39.21,40.015,39.21,296,39.85,2024-02-28T20:00:00Z,40599,39.793573
41.76,41.95,40.06,734,40.06,2024-02-29T12:00:00Z,68843,41.500725
42.51,42.78,40.79,1018,41.6,2024-02-29T16:00:00Z,129708,42.052349
42.825,43.12,42.42,716,42.57,2024-02-29T20:00:00Z,123088,42.840007
46.38,46.38,43.96,1264,44.07,2024-03-01T12:00:00Z,109030,45.103241
48.76,48.95,46.36,1366,46.4,2024-03-01T16:00:00Z,170016,47.729471
48.34,48.72,47.82,581,48.72,2024-03-01T20:00:00Z,88943,48.153499
50.37,50.84,49.05,1061,49.93,2024-03-04T12:00:00Z,98539,49.932034
51.19,51.39,49.85,1060,50.47,2024-03-04T16:00:00Z,115733,50.726519
49.46,51.39,49.46,505,51.175,2024-03-04T20:00:00Z,64662,50.166632
47.15,49.0,46.57,896,48.025,2024-03-05T12:00:00Z,81939,47.747985
45.53,47.51,45.475,879,47.125,2024-03-05T16:00:00Z,103492,46.400989
46.85,46.86,45.295,580,45.55,2024-03-05T20:00:00Z,76115,46.210704
50.51,50.62,48.75,1078,49.77,2024-03-06T12:00:00Z,168799,49.879033
49.78,51.8,49.63,1380,50.58,2024-03-06T16:00:00Z,299151,50.868906
50.21,50.27,49.25,773,49.8,2024-03-06T20:00:00Z,149114,50.040335
54.3,54.64,52.17,1058,52.22,2024-03-07T12:00:00Z,98695,53.444952
55.44,56.04,54.31,1305,54.39,2024-03-07T16:00:00Z,137396,55.428169
53.66,55.78,52.89,686,55.325,2024-03-07T20:00:00Z,96814,55.338163
56.28,56.97,55.2,1337,56.05,2024-03-08T12:00:00Z,219263,55.802614
50.68,55.995,48.82,2381,55.87,2024-03-08T16:00:00Z,275249,51.399306
48.79,51.09,48.79,933,50.705,2024-03-08T20:00:00Z,130075,49.238876
46.84,47.78,45.1,2002,46.51,2024-03-11T12:00:00Z,272595,46.297801
46.695,47.06,46.0,910,46.85,2024-03-11T16:00:00Z,108208,46.550302
48.68,49.25,46.07,1197,48.52,2024-03-12T12:00:00Z,142269,47.933436
49.655,49.67,47.38,970,48.76,2024-03-12T16:00:00Z,102818,48.716848
45.8,47.97,45.1,1714,47.87,2024-03-13T12:00:00Z,106886,46.740334
45.95,46.77,45.37,1194,45.8,2024-03-13T16:00:00Z,114500,46.033815
44.26,46.28,43.58,819,45.59,2024-03-14T12:00:00Z,70281,44.541442
43.51,44.32,42.19,1205,44.3,2024-03-14T16:00:00Z,146830,43.40353
43.09,44.1,41.67,1316,41.84,2024-03-15T12:00:00Z,140851,42.79142
42.67,43.535,42.585,1601,43.045,2024-03-15T16:00:00Z,188884,43.063985
43.18,45.26,42.72,1514,44.74,2024-03-18T12:00:00Z,129482,44.330665
42.51,43.44,42.36,741,43.19,2024-03-18T16:00:00Z,145508,43.0523
39.84,41.18,38.945,1754,40.83,2024-03-19T12:00:00Z,153793,39.833355
41.32,41.86,39.88,1823,39.955,2024-03-19T16:00:00Z,191085,41.223183
41.36,41.81,40.91,474,41.64,2024-03-20T12:00:00Z,36756,41.362652
43.455,43.79,40.67,1702,41.33,2024-03-20T16:00:00Z,182848,42.875831
48.42,48.75,46.66,921,47.7,2024-03-21T12:00:00Z,96128,47.71749
46.3,48.75,46.1,1158,48.445,2024-03-21T16:00:00Z,131544,47.185545
46.36,46.62,45.31,892,45.71,2024-03-22T12:00:00Z,76707,45.950318
46.47,47.5,46.025,1287,46.38,2024-03-22T16:00:00Z,144085,46.742299
46.5,47.14,44.17,825,44.75,2024-03-25T12:00:00Z,73646,45.767186
45.865,47.055,45.85,619,46.46,2024-03-25T16:00:00Z,64150,46.454875
46.225,47.33,45.67,797,47.11,2024-03-26T12:00:00Z,71546,46.483233
44.94,46.33,44.91,730,46.33,2024-03-26T16:00:00Z,78019,45.407261
45.17,46.35,43.935,573,45.86,2024-03-27T12:00:00Z,44616,45.390621
46.54,46.54,45.09,773,45.09,2024-03-27T16:00:00Z,91797,46.017007
47.04,47.265,45.91,468,46.27,2024-03-28T12:00:00Z,46220,46.638055
46.53,46.98,46.05,594,46.98,2024-03-28T16:00:00Z,77653,46.564237
47.78,49.98,46.84,1249,46.84,2024-04-01T12:00:00Z,127714,48.730226
48.035,48.66,47.47,657,47.74,2024-04-01T16:00:00Z,87616,47.976283
44.48,45.97,44.4,801,45.76,2024-04-02T12:00:00Z,129408,44.956736
45.835,46.13,44.44,780,44.505,2024-04-02T16:00:00Z,88561,45.406106
45.57,45.57,45.51,3,45.51,2024-04-02T20:00:00Z,300,45.546667
46.51,47.13,44.28,774,44.54,2024-04-03T12:00:00Z,124338,46.578931
46.24,46.94,45.46,790,46.52,2024-04-03T16:00:00Z,110233,46.32079
47.3,48.47,46.6,829,48.13,2024-04-04T12:00:00Z,89995,47.244995
42.235,47.59,42.015,2401,47.35,2024-04-04T16:00:00Z,361082,43.733651
42.15,42.15,42.15,1,42.15,2024-04-04T20:00:00Z,100,42.15
44.13,44.205,41.98,1527,42.84,2024-04-05T12:00:00Z,124238,43.288738
43.73,44.51,43.13,2647,44.13,2024-04-05T16:00:00Z,373138,43.802825
44.035,45.17,43.5,791,44.54,2024-04-08T12:00:00Z,82908,44.429331
44.0,44.33,43.55,950,43.96,2024-04-08T16:00:00Z,108060,44.051813
44.39,45.84,43.19,1420,45.4,2024-04-09T12:00:00Z,149601,44.301707
45.4,45.4,44.07,989,44.34,2024-04-09T16:00:00Z,113067,44.733925
43.04,44.76,42.885,1275,43.03,2024-04-10T12:00:00Z,183132,43.868293
42.985,43.37,42.2,1620,43.08,2024-04-10T16:00:00Z,220056,42.766679
44.02,44.075,42.705,712,43.69,2024-04-11T12:00:00Z,71195,43.567054
45.8,46.03,43.63,2050,44.065,2024-04-11T16:00:00Z,478556,45.143285
42.405,43.545,41.79,1949,43.52,2024-04-12T12:00:00Z,307410,42.6821
41.355,42.38,41.04,2161,42.375,2024-04-12T16:00:00Z,317033,41.583039
42.28,43.38,41.64,892,42.96,2024-04-15T12:00:00Z,116743,42.378161
39.77,42.46,39.105,1677,42.25,2024-04-15T16:00:00Z,275692,39.897688
39.67,39.77,39.55,20,39.77,2024-04-15T20:00:00Z,1800,39.614118
40.48,40.86,39.21,786,39.74,2024-04-16T12:00:00Z,67682,39.937287
40.56,41.15,40.0,1487,40.42,2024-04-16T16:00:00Z,181617,40.653494
38.35,40.8,38.14,995,40.61,2024-04-17T12:00:00Z,159245,39.088197
36.845,38.25,36.66,2106,38.14,2024-04-17T16:00:00Z,301858,37.424981
37.03,37.03,36.83,23,36.91,2024-04-17T20:00:00Z,2298,36.887727
36.3,36.76,34.535,1849,36.07,2024-04-18T12:00:00Z,266604,35.962959
34.85,36.48,34.65,1848,36.48,2024-04-18T16:00:00Z,328776,35.2576
34.68,34.68,34.63,7,34.63,2024-04-18T20:00:00Z,573,34.646
32.43,34.56,32.395,1791,33.75,2024-04-19T12:00:00Z,315150,33.415625
30.71,32.61,30.21,2756,32.44,2024-04-19T16:00:00Z,376753,31.428462
30.76,30.76,30.58,33,30.75,2024-04-19T20:00:00Z,2404,30.642381
31.31,32.09,30.5,1274,31.59,2024-04-22T12:00:00Z,141717,31.193748
32.21,32.825,31.275,1226,31.32,2024-04-22T16:00:00Z,156916,32.065579
32.01,32.01,32.01,1,32.01,2024-04-22T20:00:00Z,100,32.01
33.995,34.46,32.6,1254,32.84,2024-04-23T12:00:00Z,142667,33.632147
34.18,34.65,33.91,790,34.04,2024-04-23T16:00:00Z,103871,34.253774
35.4,35.4,34.35,7,34.35,2024-04-23T20:00:00Z,700,35.012857
34.98,37.45,34.98,2239,36.57,2024-04-24T12:00:00Z,263570,36.521032
35.515,35.9,34.63,1030,35.08,2024-04-24T16:00:00Z,121731,35.274763
34.94,35.38,34.92,12,35.34,2024-04-24T20:00:00Z,1000,35.147778
36.31,37.27,34.69,1106,35.02,2024-04-25T12:00:00Z,152555,36.377437
37.455,38.14,36.27,1102,36.31,2024-04-25T16:00:00Z,217266,37.463934
37.81,37.81,37.74,2,37.74,2024-04-25T20:00:00Z,200,37.775
39.47,39.76,37.02,1147,37.3,2024-04-26T12:00:00Z,170859,38.827256
39.76,40.2,39.285,1006,39.39,2024-04-26T16:00:00Z,195055,39.807581
39.79,39.8,39.76,5,39.78,2024-04-26T20:00:00Z,500,39.78
40.03,40.205,38.73,512,39.59,2024-04-29T12:00:00Z,69653,39.463233
40.66,40.82,39.81,877,40.09,2024-04-29T16:00:00Z,112644,40.375157
40.9,40.9,40.88,5,40.88,2024-04-29T20:00:00Z,400,40.89
39.82,41.39,39.42,541,40.05,2024-04-30T12:00:00Z,67609,40.411041
38.21,39.9,38.21,926,39.78,2024-04-30T16:00:00Z,109832,38.966486
36.71,38.41,36.71,24,38.41,2024-04-30T20:00:00Z,2100,37.573333
33.91,36.6,33.905,1292,35.97,2024-05-01T12:00:00Z,155135,35.18016
34.275,38.04,33.665,2342,33.75,2024-05-01T16:00:00Z,314279,35.448434
35.94,36.28,34.13,448,36.02,2024-05-02T12:00:00Z,49720,35.322231
36.535,36.87,35.22,586,35.78,2024-05-02T16:00:00Z,68730,36.180885
36.97,36.97,36.56,5,36.56,2024-05-02T20:00:00Z,500,36.72
39.11,39.54,38.28,1051,38.8,2024-05-03T12:00:00Z,137229,38.922162
38.95,39.215,38.545,750,39.06,2024-05-03T16:00:00Z,199274,38.973409
40.935,40.98,39.53,749,39.965,2024-05-06T12:00:00Z,167562,40.715941
41.365,41.365,40.495,861,40.885,2024-05-06T16:00:00Z,112115,41.037938
41.03,41.37,40.99,13,41.35,2024-05-06T20:00:00Z,1200,41.144545
41.71,41.77,40.78,423,41.47,2024-05-07T12:00:00Z,41539,41.470132
40.37,41.85,40.3,1021,41.73,2024-05-07T16:00:00Z,123482,40.858113
40.25,40.32,40.25,14,40.32,2024-05-07T20:00:00Z,1100,40.2975
39.255,40.46,39.06,2411,39.075,2024-05-08T12:00:00Z,292224,39.894841
40.4,40.48,39.15,1026,39.25,2024-05-08T16:00:00Z,106626,39.6612
40.01,40.18,39.92,17,40.18,2024-05-08T20:00:00Z,1504,40.06
39.84,40.67,39.32,685,40.67,2024-05-09T12:00:00Z,73868,39.945525
39.93,40.3,39.72,615,39.76,2024-05-09T16:00:00Z,70391,40.018783
40.01,40.01,39.96,2,39.96,2024-05-09T20:00:00Z,200,39.985
41.005,42.23,40.53,882,41.43,2024-05-10T12:00:00Z,147566,41.440244
41.03,41.13,40.69,976,40.935,2024-05-10T16:00:00Z,244298,40.943084
40.92,40.95,40.92,3,40.95,2024-05-10T20:00:00Z,300,40.93
41.78,42.06,41.12,455,41.52,2024-05-13T12:00:00Z,53489,41.67468
41.29,41.925,41.08,418,41.775,2024-05-13T16:00:00Z,53724,41.40536
41.28,41.33,41.28,2,41.33,2024-05-13T20:00:00Z,200,41.305
42.65,42.85,41.085,478,41.105,2024-05-14T12:00:00Z,53319,42.143286
43.33,43.405,42.34,611,42.595,2024-05-14T16:00:00Z,96053,42.923579
43.12,43.22,43.12,4,43.22,2024-05-14T20:00:00Z,400,43.175
45.525,45.69,44.01,878,45.03,2024-05-15T12:00:00Z,137667,44.886633
46.995,47.07,45.325,1173,45.4,2024-05-15T16:00:00Z,158626,46.495665
46.98,46.98,46.79,20,46.97,2024-05-15T20:00:00Z,1800,46.89625
47.94,48.0,46.69,788,47.015,2024-05-16T12:00:00Z,90147,47.387956
46.22,47.85,46.215,996,47.84,2024-05-16T16:00:00Z,130469,47.100519
46.28,47.32,45.94,247,46.96,2024-05-17T12:00:00Z,19606,46.52108
45.44,46.31,44.4,828,46.26,2024-05-17T16:00:00Z,120428,45.299074
45.45,45.45,45.45,1,45.45,2024-05-17T20:00:00Z,100,45.45
48.215,48.52,45.82,1245,45.91,2024-05-20T12:00:00Z,135889,47.424728
48.42,49.295,47.83,940,48.3,2024-05-20T16:00:00Z,138391,48.630146
47.69,48.025,46.43,670,46.5,2024-05-21T12:00:00Z,69723,47.190207
47.93,48.13,47.6,516,47.61,2024-05-21T16:00:00Z,63779,47.943298
47.95,47.95,47.95,1,47.95,2024-05-21T20:00:00Z,100,47.95
49.87,49.95,48.6,481,49.24,2024-05-22T12:00:00Z,48530,49.453807
49.535,49.995,48.14,867,49.845,2024-05-22T16:00:00Z,124777,49.107581
50.96,53.5,49.04,2083,53.06,2024-05-23T12:00:00Z,231871,50.915619
48.835,51.23,47.56,2511,50.93,2024-05-23T16:00:00Z,327637,49.234358
48.78,48.82,48.75,6,48.75,2024-05-23T20:00:00Z,400,48.783333
51.64,52.04,49.35,1200,49.94,2024-05-24T12:00:00Z,253115,51.388577
51.54,51.89,50.9,1207,51.61,2024-05-24T16:00:00Z,180608,51.531772
54.235,54.32,51.81,691,53.37,2024-05-28T12:00:00Z,103227,53.356115
54.18,54.86,52.66,1119,54.36,2024-05-28T16:00:00Z,152654,54.127736
53.96,54.08,53.96,3,54.08,2024-05-28T20:00:00Z,300,54.006667
51.5,51.86,50.765,605,51.2,2024-05-29T12:00:00Z,102079,51.293946
50.785,51.84,50.7,782,51.33,2024-05-29T16:00:00Z,107672,51.277523
50.065,51.22,49.45,672,50.73,2024-05-30T12:00:00Z,69378,50.411802
49.83,51.18,48.99,790,50.09,2024-05-30T16:00:00Z,84670,50.228001
48.96,49.8,48.96,4,49.8,2024-05-30T20:00:00Z,400,49.5875
45.325,50.6,45.24,892,49.67,2024-05-31T12:00:00Z,109047,47.088157
48.56,48.56,44.43,1302,45.29,2024-05-31T16:00:00Z,190880,46.89656
48.28,48.65,48.28,7,48.55,2024-05-31T20:00:00Z,700,48.467143
47.94,50.91,46.99,1167,50.91,2024-06-03T12:00:00Z,148079,48.977795
48.68,48.68,46.16,702,47.96,2024-06-03T16:00:00Z,87277,47.542412
48.52,48.52,48.52,1,48.52,2024-06-03T20:00:00Z,100,48.52
46.82,48.575,46.7,750,48.48,2024-06-04T12:00:00Z,92811,47.2595
47.59,48.185,46.45,635,46.71,2024-06-04T16:00:00Z,73210,47.31416
47.42,47.59,47.42,3,47.59,2024-06-04T20:00:00Z,300,47.533333
52.29,52.31,49.37,1076,49.37,2024-06-05T12:00:00Z,163871,51.098783
53.78,53.855,52.13,1657,52.3,2024-06-05T16:00:00Z,227237,53.181759
53.59,53.71,53.59,2,53.71,2024-06-05T20:00:00Z,200,53.65
52.45,54.43,51.29,1155,54.31,2024-06-06T12:00:00Z,99233,52.770957
52.41,52.98,51.6,770,52.42,2024-06-06T16:00:00Z,122006,52.52421
52.69,52.69,52.69,1,52.69,2024-06-06T20:00:00Z,100,52.69
51.94,52.87,51.455,471,51.685,2024-06-07T12:00:00Z,64463,52.132872
51.92,52.83,50.845,979,51.91,2024-06-07T16:00:00Z,141266,51.848378
51.67,51.76,51.62,7,51.76,2024-06-07T20:00:00Z,700,51.682857
53.835,54.27,50.47,532,50.68,2024-06-10T12:00:00Z,67089,53.185629
54.145,54.545,53.2,579,53.815,2024-06-10T16:00:00Z,77921,54.103293
52.31,53.7,51.74,374,53.43,2024-06-11T12:00:00Z,35562,52.76832
54.21,54.455,52.47,376,52.47,2024-06-11T16:00:00Z,39662,53.804513
58.88,59.42,56.89,1158,56.9,2024-06-12T12:00:00Z,133532,58.45052
58.81,59.26,57.23,1084,58.83,2024-06-12T16:00:00Z,152060,58.633315
60.66,60.85,58.66,34,58.66,2024-06-12T20:00:00Z,2871,59.805926
60.38,61.44,58.3,907,60.34,2024-06-13T12:00:00Z,93292,60.04186
60.815,61.18,59.325,783,60.315,2024-06-13T16:00:00Z,92920,60.516421
60.19,60.86,60.11,26,60.84,2024-06-13T20:00:00Z,2121,60.323684
59.02,59.66,58.355,275,59.01,2024-06-14T12:00:00Z,30416,59.079796
60.0,60.5,58.835,749,59.03,2024-06-14T16:00:00Z,110355,59.945068
60.3,61.3,58.97,729,60.93,2024-06-17T12:00:00Z,67876,60.227054
62.805,63.14,60.14,1323,60.285,2024-06-17T16:00:00Z,140161,62.327856
62.68,62.68,62.55,7,62.63,2024-06-17T20:00:00Z,519,62.626
65.37,65.485,63.18,1137,63.41,2024-06-18T12:00:00Z,203702,64.449677
65.21,66.165,64.86,829,65.375,2024-06-18T16:00:00Z,86693,65.383855
65.01,65.06,65.01,4,65.05,2024-06-18T20:00:00Z,400,65.035
63.47,65.82,62.545,566,65.53,2024-06-20T12:00:00Z,56397,64.128184
59.91,63.38,58.87,954,63.245,2024-06-20T16:00:00Z,84292,60.432346
60.13,60.13,56.1,774,58.06,2024-06-21T12:00:00Z,77417,58.04471
58.015,60.15,57.725,749,59.88,2024-06-21T16:00:00Z,75289,58.262846
58.08,58.09,58.08,7,58.09,2024-06-21T20:00:00Z,700,58.085714
55.4,57.48,54.47,834,56.35,2024-06-24T12:00:00Z,71249,55.53681
53.12,55.65,53.035,988,55.44,2024-06-24T16:00:00Z,99191,53.937212
55.07,55.15,52.46,472,54.12,2024-06-25T12:00:00Z,53831,53.811091
55.445,55.445,53.705,329,55.13,2024-06-25T16:00:00Z,37504,54.659
55.49,55.49,55.49,3,55.49,2024-06-25T20:00:00Z,300,55.49
54.63,56.22,53.4,528,56.12,2024-06-26T12:00:00Z,52533,54.792034
54.69,54.815,52.85,591,54.49,2024-06-26T16:00:00Z,66919,53.870207
53.26,55.5,52.94,553,54.29,2024-06-27T12:00:00Z,43959,54.152331
53.84,54.475,53.035,688,53.11,2024-06-27T16:00:00Z,96819,53.820445
56.815,58.575,54.565,1027,54.88,2024-06-28T12:00:00Z,122292,57.348366
55.3,56.94,54.11,727,56.87,2024-06-28T16:00:00Z,97788,55.372575
55.81,55.81,55.34,10,55.37,2024-06-28T20:00:00Z,1000,55.608
54.28,55.415,52.25,588,55.09,2024-07-01T12:00:00Z,68056,53.576423
55.43,55.49,54.15,529,54.435,2024-07-01T16:00:00Z,61237,54.867334
55.62,56.86,54.61,353,54.61,2024-07-02T12:00:00Z,43711,55.584188
57.67,57.73,55.525,1203,55.575,2024-07-02T16:00:00Z,190482,57.306034
57.6,57.65,57.6,3,57.65,2024-07-02T20:00:00Z,300,57.626667
60.41,60.515,57.275,485,58.18,2024-07-03T12:00:00Z,46316,59.326377
60.55,61.505,59.5,255,60.47,2024-07-03T16:00:00Z,30989,60.356415
61.37,62.32,59.84,422,61.88,2024-07-05T12:00:00Z,33800,60.768922
60.81,62.0,60.745,567,61.27,2024-07-05T16:00:00Z,54071,61.246035
63.79,64.29,62.23,762,62.27,2024-07-08T12:00:00Z,76354,63.46806
64.34,64.49,63.19,589,63.745,2024-07-08T16:00:00Z,116912,64.154178
63.96,66.0,63.195,382,65.2,2024-07-09T12:00:00Z,53422,64.574527
64.11,64.375,62.465,564,63.975,2024-07-09T16:00:00Z,63004,63.682486
64.13,64.13,64.0,4,64.07,2024-07-09T20:00:00Z,400,64.0575
67.095,67.435,65.15,897,65.97,2024-07-10T12:00:00Z,99388,66.579851
68.64,68.955,66.985,1149,67.09,2024-07-10T16:00:00Z,136294,68.238376
62.145,70.12,61.985,3843,70.12,2024-07-11T12:00:00Z,236844,65.288723
61.815,63.74,61.23,1934,62.075,2024-07-11T16:00:00Z,240142,62.342225
61.69,61.74,61.69,4,61.74,2024-07-11T20:00:00Z,346,61.713333
65.29,66.37,61.68,729,63.04,2024-07-12T12:00:00Z,80838,64.504642
63.965,67.27,63.5,1159,65.245,2024-07-12T16:00:00Z,159401,65.327591
64.03,64.03,64.03,1,64.03,2024-07-12T20:00:00Z,100,64.03
65.57,66.76,63.79,761,65.11,2024-07-15T12:00:00Z,74675,65.354349
64.2,65.68,63.1,604,65.555,2024-07-15T16:00:00Z,54913,64.262331
64.84,64.84,64.29,12,64.29,2024-07-15T20:00:00Z,1163,64.652727
64.45,65.38,62.31,721,64.86,2024-07-16T12:00:00Z,56459,63.95736
65.36,65.57,63.555,710,64.67,2024-07-16T16:00:00Z,78234,64.754019
55.945,59.25,55.25,4001,59.24,2024-07-17T12:00:00Z,497886,56.959151
51.42,55.9,51.23,4408,55.83,2024-07-17T16:00:00Z,797912,53.215512
51.37,51.5,51.37,47,51.43,2024-07-17T20:00:00Z,3863,51.414848
49.58,54.155,49.13,2705,54.155,2024-07-18T12:00:00Z,245476,51.497558
51.785,52.65,49.28,2399,49.48,2024-07-18T16:00:00Z,256783,50.789542
52.19,52.19,51.95,11,51.95,2024-07-18T20:00:00Z,682,52.045
48.98,51.57,47.82,1805,51.57,2024-07-19T12:00:00Z,157129,49.488599
47.0,49.06,46.75,2323,48.97,2024-07-19T16:00:00Z,240674,47.505006
46.93,47.07,46.83,14,47.07,2024-07-19T20:00:00Z,1320,46.92
50.28,51.385,48.85,1051,50.04,2024-07-22T12:00:00Z,99281,50.201346
52.89,52.925,49.97,1000,50.275,2024-07-22T16:00:00Z,144929,52.205456
52.34,52.34,52.34,1,52.34,2024-07-22T20:00:00Z,100,52.34
50.97,51.99,50.36,733,50.84,2024-07-23T12:00:00Z,62134,51.058984
50.47,51.28,50.01,743,50.99,2024-07-23T16:00:00Z,88938,50.590446
45.255,48.67,45.25,1641,47.94,2024-07-24T12:00:00Z,158717,46.306875
42.505,45.41,42.255,2728,45.245,2024-07-24T16:00:00Z,355226,43.801222
42.8,42.8,42.8,1,42.8,2024-07-24T20:00:00Z,100,42.8
41.72,42.04,37.42,6055,41.515,2024-07-25T12:00:00Z,732821,39.968292
39.59,43.69,39.44,2735,41.79,2024-07-25T16:00:00Z,309623,41.678244
39.9,39.9,39.33,72,39.6,2024-07-25T20:00:00Z,6454,39.56871
41.71,42.71,40.72,1455,42.67,2024-07-26T12:00:00Z,139613,41.350291
41.975,43.0,40.885,1452,41.735,2024-07-26T16:00:00Z,187581,41.949269
42.0,42.18,41.89,6,41.89,2024-07-26T20:00:00Z,600,42.061667
42.755,45.0,41.28,2430,43.3,2024-07-29T12:00:00Z,210216,43.415855
41.75,43.3,41.625,1740,42.81,2024-07-29T16:00:00Z,164239,42.333176
41.72,41.73,41.68,30,41.68,2024-07-29T20:00:00Z,2003,41.696667
38.2,42.64,38.02,2022,42.34,2024-07-30T12:00:00Z,181172,39.602959
37.095,38.97,36.8,2918,38.235,2024-07-30T16:00:00Z,354037,37.761364
38.71,39.1,36.23,42,37.32,2024-07-30T20:00:00Z,3363,37.446786
42.735,42.95,41.425,2150,42.2,2024-07-31T12:00:00Z,250597,42.344396
44.58,44.75,41.85,2411,42.99,2024-07-31T16:00:00Z,272108,43.892659
37.52,43.39,37.42,4324,42.03,2024-08-01T12:00:00Z,421254,40.138939
35.0,38.22,33.435,6975,37.525,2024-08-01T16:00:00Z,875832,35.189486
34.43,35.24,33.95,38,34.49,2024-08-01T20:00:00Z,3145,34.440345
30.635,31.58,28.17,7465,30.77,2024-08-02T12:00:00Z,720580,29.858727
29.33,30.8,28.415,4957,30.73,2024-08-02T16:00:00Z,506518,29.151973
29.84,30.02,29.31,68,29.33,2024-08-02T20:00:00Z,5618,29.6744
28.38,28.91,22.7,6728,23.07,2024-08-05T12:00:00Z,795494,26.814668
27.9,30.15,27.0,5636,28.48,2024-08-05T16:00:00Z,563108,28.234381
28.67,28.71,27.99,15,27.99,2024-08-05T20:00:00Z,2572,28.456585
29.365,29.87,27.22,4070,28.68,2024-08-06T12:00:00Z,389279,28.835268
28.615,30.79,28.565,4086,29.39,2024-08-06T16:00:00Z,404119,29.743263
27.48,29.93,27.3,134,28.67,2024-08-06T20:00:00Z,24608,28.961314
29.73,31.9,29.4,3165,31.32,2024-08-07T12:00:00Z,285289,30.605654
26.07,29.75,25.95,4461,29.67,2024-08-07T16:00:00Z,423106,27.435962
25.73,26.44,25.66,71,26.02,2024-08-07T20:00:00Z,8360,26.062546
30.36,30.48,26.89,4372,28.55,2024-08-08T12:00:00Z,425690,29.09772
31.495,31.595,29.87,4460,30.3,2024-08-08T16:00:00Z,475646,30.929046
31.88,31.88,31.39,55,31.56,2024-08-08T20:00:00Z,9078,31.629599
30.05,31.55,29.6,2922,30.71,2024-08-09T12:00:00Z,231869,30.557547
30.98,31.78,29.94,2930,30.1,2024-08-09T16:00:00Z,296903,31.045116
31.16,31.17,30.93,22,30.97,2024-08-09T20:00:00Z,1951,31.031039
32.01,32.59,30.24,3803,31.1,2024-08-12T12:00:00Z,351691,31.490145
31.48,32.055,30.95,2370,32.005,2024-08-12T16:00:00Z,219247,31.345786
31.32,31.54,31.23,20,31.54,2024-08-12T20:00:00Z,3965,31.432497
34.22,34.27,32.19,3085,32.71,2024-08-13T12:00:00Z,268281,33.297752
35.31,35.42,34.03,3984,34.12,2024-08-13T16:00:00Z,374087,34.881407
35.32,35.39,35.26,17,35.26,2024-08-13T20:00:00Z,2063,35.32659
35.89,36.61,33.28,4125,34.87,2024-08-14T12:00:00Z,375271,34.706005
34.99,36.0,34.235,2598,35.88,2024-08-14T16:00:00Z,243441,34.889071
35.02,35.08,34.98,16,35.01,2024-08-14T20:00:00Z,1289,35.035176
39.51,39.67,35.73,3776,35.73,2024-08-15T12:00:00Z,312088,38.218876
40.06,40.46,39.36,3494,39.49,2024-08-15T16:00:00Z,337527,39.995591
40.03,40.03,40.0,5,40.01,2024-08-15T20:00:00Z,1000,40.013
39.23,40.22,38.1,3392,38.48,2024-08-16T12:00:00Z,326059,39.202802
39.71,40.095,39.15,2121,39.19,2024-08-16T16:00:00Z,189350,39.654225
39.62,39.75,39.62,15,39.75,2024-08-16T20:00:00Z,2170,39.680668
39.21,39.71,37.9,2831,39.3,2024-08-19T12:00:00Z,263349,38.835777
41.7,41.72,38.99,2184,39.17,2024-08-19T16:00:00Z,219781,40.722225
41.64,41.67,41.52,12,41.61,2024-08-19T20:00:00Z,1870,41.609011
40.4,41.9,39.19,2758,41.02,2024-08-20T12:00:00Z,230241,40.549343
40.07,40.95,39.1,2282,40.43,2024-08-20T16:00:00Z,234433,40.096059
39.92,40.09,39.86,38,40.09,2024-08-20T20:00:00Z,3939,39.946831
40.88,42.05,40.43,2303,40.73,2024-08-21T12:00:00Z,217546,41.149691
41.78,42.36,40.34,2433,40.86,2024-08-21T16:00:00Z,246864,41.416941
41.76,41.94,41.76,18,41.78,2024-08-21T20:00:00Z,2490,41.801633
39.23,42.85,38.48,3556,42.37,2024-08-22T12:00:00Z,304880,40.503222
37.525,40.49,37.12,5101,39.2,2024-08-22T16:00:00Z,489403,38.402252
39.81,41.21,38.6,2237,39.16,2024-08-23T12:00:00Z,212703,40.003157
40.4,40.47,38.94,1924,39.76,2024-08-23T16:00:00Z,202855,40.009565
40.4,40.44,40.26,16,40.26,2024-08-23T20:00:00Z,1639,40.37625
37.31,40.28,37.02,3412,39.73,2024-08-26T12:00:00Z,383417,38.360048
37.38,38.27,36.93,3766,37.26,2024-08-26T16:00:00Z,376149,37.544081
37.4,37.54,37.4,25,37.52,2024-08-26T20:00:00Z,3103,37.483929
37.98,38.47,35.53,2963,36.65,2024-08-27T12:00:00Z,295171,36.994202
38.56,38.95,37.8,1845,37.975,2024-08-27T16:00:00Z,149258,38.43439
38.61,38.61,38.51,16,38.51,2024-08-27T20:00:00Z,2047,38.573668
36.62,38.83,35.3,3765,38.08,2024-08-28T12:00:00Z,444582,36.96609
36.52,37.16,35.38,4192,36.55,2024-08-28T16:00:00Z,439387,36.412533
38.53,38.8,36.76,3121,36.76,2024-08-29T12:00:00Z,408500,38.174841
36.22,38.92,35.66,3904,38.51,2024-08-29T16:00:00Z,464074,37.075573
36.36,36.36,36.2,4,36.2,2024-08-29T20:00:00Z,600,36.29
37.69,39.19,37.24,2429,38.69,2024-08-30T12:00:00Z,295057,38.274662
38.92,38.95,37.06,4165,37.69,2024-08-30T16:00:00Z,455102,38.02144
38.64,38.81,38.62,10,38.81,2024-08-30T20:00:00Z,1318,38.692865
32.0,36.72,32.0,4444,36.7,2024-09-03T12:00:00Z,538066,33.515214
30.06,32.405,29.41,5206,32.005,2024-09-03T16:00:00Z,674183,30.804299
29.84,30.14,29.61,56,30.03,2024-09-03T20:00:00Z,6917,29.913855
30.5,31.67,28.75,3149,29.06,2024-09-04T12:00:00Z,314271,30.239747
30.275,31.37,29.69,1908,30.48,2024-09-04T16:00:00Z,175610,30.505916
30.07,30.21,30.07,15,30.13,2024-09-04T20:00:00Z,2092,30.15002
29.32,31.2,28.87,3949,29.63,2024-09-05T12:00:00Z,448102,30.060299
29.75,30.41,29.16,4493,29.31,2024-09-05T16:00:00Z,456771,29.821964
25.7,29.36,25.58,6455,28.9,2024-09-06T12:00:00Z,756445,26.989219
25.95,26.61,25.5,5870,25.65,2024-09-06T16:00:00Z,578851,25.921895
25.61,25.93,25.59,39,25.86,2024-09-06T20:00:00Z,3747,25.709086
27.17,27.71,26.17,2706,27.17,2024-09-09T12:00:00Z,297134,26.941305
27.475,27.5,26.73,2268,27.19,2024-09-09T16:00:00Z,270816,27.212182
27.58,27.61,27.4,19,27.49,2024-09-09T20:00:00Z,3798,27.526746
26.4,27.77,26.4,3229,27.53,2024-09-10T12:00:00Z,344546,27.043869
28.35,28.39,26.25,3077,26.37,2024-09-10T16:00:00Z,351255,27.547889
28.18,28.27,28.12,19,28.27,2024-09-10T20:00:00Z,2187,28.186459
28.78,29.5,27.09,5112,27.7,2024-09-11T12:00:00Z,582270,28.23449
32.21,32.42,28.74,6152,28.85,2024-09-11T16:00:00Z,729470,30.877057
31.95,32.2,31.95,83,32.2,2024-09-11T20:00:00Z,9454,32.080124
31.245,32.53,30.36,4558,31.87,2024-09-12T12:00:00Z,479173,31.514792
31.83,32.68,31.22,3952,31.22,2024-09-12T16:00:00Z,361123,31.940785
31.82,31.96,31.69,34,31.82,2024-09-12T20:00:00Z,6128,31.83918
33.16,33.47,32.36,2771,32.56,2024-09-13T12:00:00Z,315831,33.06945
33.43,33.715,32.89,2958,33.2,2024-09-13T16:00:00Z,299371,33.412627
33.34,33.37,33.34,2,33.37,2024-09-13T20:00:00Z,500,33.352
31.31,32.63,30.94,2393,32.01,2024-09-16T12:00:00Z,253775,31.657362
32.13,32.2,30.84,2785,31.36,2024-09-16T16:00:00Z,274716,31.712304
32.11,32.34,32.05,16,32.05,2024-09-16T20:00:00Z,3129,32.176207
33.26,33.54,32.01,2077,33.17,2024-09-17T12:00:00Z,230450,32.961849
32.215,33.37,31.36,3056,33.28,2024-09-17T16:00:00Z,425930,32.120816
31.4,32.76,31.32,1726,32.54,2024-09-18T12:00:00Z,187946,32.111907
31.115,33.99,31.07,7076,31.35,2024-09-18T16:00:00Z,898266,32.320312
31.5,31.62,31.09,49,31.09,2024-09-18T20:00:00Z,6582,31.421101
35.25,35.635,33.88,4166,34.68,2024-09-19T12:00:00Z,460980,34.856204
35.07,36.43,34.85,4421,35.27,2024-09-19T16:00:00Z,661371,35.701171
34.99,35.21,34.99,43,35.02,2024-09-19T20:00:00Z,5613,35.045112
32.88,34.31,32.05,4210,34.07,2024-09-20T12:00:00Z,396854,33.084246
33.54,33.82,32.38,4099,32.92,2024-09-20T16:00:00Z,443914,33.22818
33.58,33.58,33.55,22,33.57,2024-09-20T20:00:00Z,2237,33.575105
33.69,34.35,33.2,2702,33.99,2024-09-23T12:00:00Z,223538,33.679596
33.935,33.975,33.4,2253,33.74,2024-09-23T16:00:00Z,208358,33.774665
33.77,33.85,33.77,7,33.85,2024-09-23T20:00:00Z,844,33.81875
35.34,35.68,33.58,4292,34.82,2024-09-24T12:00:00Z,477228,34.610601
35.11,35.67,34.74,3146,35.37,2024-09-24T16:00:00Z,358570,35.234487
35.13,35.18,35.13,3,35.18,2024-09-24T20:00:00Z,542,35.1669
35.64,36.45,34.67,2574,34.67,2024-09-25T12:00:00Z,234637,35.857252
35.75,35.77,35.1,1792,35.63,2024-09-25T16:00:00Z,184283,35.494522
37.4,37.4,36.38,27,36.38,2024-09-25T20:00:00Z,5493,36.802036
38.74,40.5,36.71,5988,40.08,2024-09-26T12:00:00Z,693046,38.844628
39.61,40.22,37.73,4886,38.72,2024-09-26T16:00:00Z,618248,39.328377
39.34,39.54,39.33,10,39.54,2024-09-26T20:00:00Z,2154,39.423447
37.82,40.09,37.66,3168,40.09,2024-09-27T12:00:00Z,313084,38.588265
37.63,38.35,37.115,4227,37.85,2024-09-27T16:00:00Z,392283,37.752435
37.47,37.65,37.47,19,37.65,2024-09-27T20:00:00Z,2826,37.60305
36.14,37.4,35.785,1927,36.24,2024-09-30T12:00:00Z,198517,36.513748
36.635,36.68,35.08,2890,36.15,2024-09-30T16:00:00Z,327357,35.845905
36.57,36.57,36.5,16,36.51,2024-09-30T20:00:00Z,1341,36.531722
33.36,36.96,32.78,5996,36.51,2024-10-01T12:00:00Z,651165,34.056468
33.56,34.6,32.75,5333,33.34,2024-10-01T16:00:00Z,666954,33.581443
33.6,33.82,33.55,11,33.55,2024-10-01T20:00:00Z,1553,33.65733
35.77,35.96,33.19,3298,33.845,2024-10-02T12:00:00Z,366825,35.049116
34.93,36.04,34.87,2234,35.77,2024-10-02T16:00:00Z,322921,35.458707
35.59,35.64,34.76,36,34.77,2024-10-02T20:00:00Z,4959,35.334576
35.48,36.6,33.99,2389,34.2,2024-10-03T12:00:00Z,248539,35.403674
35.245,35.61,34.32,2490,35.49,2024-10-03T16:00:00Z,247206,34.897806
36.55,37.48,35.46,4448,36.31,2024-10-04T12:00:00Z,460475,36.376877
36.715,36.715,35.88,3691,36.59,2024-10-04T16:00:00Z,454186,36.388797
36.55,36.69,36.55,20,36.68,2024-10-04T20:00:00Z,1871,36.61165
36.61,36.86,35.85,2349,35.91,2024-10-07T12:00:00Z,210401,36.383988
36.37,37.225,35.57,4143,36.59,2024-10-07T16:00:00Z,429556,36.382383
37.43,37.6,35.68,2455,36.43,2024-10-08T12:00:00Z,240116,36.704943
37.43,37.83,36.64,2215,37.43,2024-10-08T16:00:00Z,251253,37.423872
37.27,37.28,37.26,17,37.26,2024-10-08T20:00:00Z,1728,37.273287
38.59,38.66,36.55,2657,37.33,2024-10-09T12:00:00Z,266893,37.687428
38.605,38.75,37.65,3185,38.57,2024-10-09T16:00:00Z,371326,38.337933
38.45,38.55,38.43,10,38.55,2024-10-09T20:00:00Z,1599,38.452564
38.32,38.32,36.37,3014,37.03,2024-10-10T12:00:00Z,284617,37.36748
37.775,38.41,37.06,3249,38.32,2024-10-10T16:00:00Z,318362,37.617608
38.9,38.91,36.89,2348,37.27,2024-10-11T12:00:00Z,215150,38.311354
38.67,39.05,38.5,2233,38.87,2024-10-11T16:00:00Z,258005,38.836274
38.49,38.61,38.45,20,38.61,2024-10-11T20:00:00Z,2464,38.52331
40.275,40.87,39.35,2929,39.44,2024-10-14T12:00:00Z,323399,40.246933
40.8,41.06,40.15,2822,40.27,2024-10-14T16:00:00Z,370724,40.759009
40.8,40.91,40.76,7,40.76,2024-10-14T20:00:00Z,1030,40.85
35.66,41.14,35.33,5970,40.5,2024-10-15T12:00:00Z,642842,37.506491
34.465,36.06,33.64,5577,35.7,2024-10-15T16:00:00Z,627251,34.775208
34.58,34.58,34.42,26,34.56,2024-10-15T20:00:00Z,2255,34.534341
34.64,35.68,34.0,3188,35.68,2024-10-16T12:00:00Z,343862,34.724204
34.455,34.9,34.225,2084,34.645,2024-10-16T16:00:00Z,243755,34.567799
34.51,34.51,34.39,9,34.41,2024-10-16T20:00:00Z,1102,34.440907
36.915,37.35,35.79,3705,37.33,2024-10-17T12:00:00Z,434408,36.521274
35.23,37.03,35.22,4131,36.92,2024-10-17T16:00:00Z,503192,36.258735
35.33,35.46,35.2,22,35.23,2024-10-17T20:00:00Z,2522,35.320091
35.31,36.24,35.24,2275,36.24,2024-10-18T12:00:00Z,213851,35.653836
35.27,35.36,34.85,2036,35.3,2024-10-18T16:00:00Z,206968,35.158699
35.25,35.28,35.24,20,35.26,2024-10-18T20:00:00Z,1954,35.255828
34.35,35.38,33.74,2635,34.895,2024-10-21T12:00:00Z,268522,34.596482
35.11,35.11,33.99,2691,34.41,2024-10-21T16:00:00Z,266121,34.591606
35.18,35.24,35.08,26,35.08,2024-10-21T20:00:00Z,4631,35.157333
34.14,34.6,33.87,1634,34.47,2024-10-22T12:00:00Z,146177,34.226487
34.69,35.03,33.885,3435,34.13,2024-10-22T16:00:00Z,295183,34.627678
34.94,34.94,34.29,13,34.53,2024-10-22T20:00:00Z,2700,34.589615
34.455,34.87,33.82,1777,34.41,2024-10-23T12:00:00Z,182275,34.38193
33.805,34.41,32.3,5126,34.4,2024-10-23T16:00:00Z,592512,33.240788
34.27,34.27,33.98,15,33.98,2024-10-23T20:00:00Z,3410,34.099527
34.03,34.73,33.71,3522,34.65,2024-10-24T12:00:00Z,306494,34.170115
34.265,34.43,33.54,2533,34.03,2024-10-24T16:00:00Z,268183,34.113366
34.28,34.37,34.28,13,34.32,2024-10-24T20:00:00Z,950,34.319398
36.59,36.86,35.185,4279,35.185,2024-10-25T12:00:00Z,402009,36.411011
35.3,36.81,35.27,4437,36.56,2024-10-25T16:00:00Z,561627,35.921176
35.31,35.45,35.31,15,35.44,2024-10-25T20:00:00Z,2610,35.357921
35.6,36.08,34.765,1642,35.17,2024-10-28T12:00:00Z,139088,35.600414
35.37,35.96,35.27,1626,35.61,2024-10-28T16:00:00Z,179778,35.495568
35.48,35.5,35.36,21,35.36,2024-10-28T20:00:00Z,3656,35.443117
36.78,36.78,34.95,2037,35.46,2024-10-29T12:00:00Z,236525,36.065588
37.945,38.44,36.7,4048,36.83,2024-10-29T16:00:00Z,567081,37.730319
36.4,37.28,36.4,17,37.28,2024-10-29T20:00:00Z,3343,36.670062
34.73,35.68,34.23,3749,34.98,2024-10-30T12:00:00Z,401521,34.972329
33.95,34.94,33.92,3780,34.7,2024-10-30T16:00:00Z,575389,34.388854
33.81,34.02,33.81,5,34.02,2024-10-30T20:00:00Z,1043,33.924192
29.76,33.0,29.49,6125,33.0,2024-10-31T12:00:00Z,932077,30.486674
29.99,30.39,29.24,6043,29.78,2024-10-31T16:00:00Z,774162,29.78347
30.3,30.6,29.92,18,29.92,2024-10-31T20:00:00Z,3400,30.290882
31.45,31.8,30.39,2854,30.99,2024-11-01T12:00:00Z,350010,31.262457
30.895,31.68,30.64,2385,31.44,2024-11-01T16:00:00Z,299504,31.150646
30.91,31.06,30.88,12,30.88,2024-11-01T20:00:00Z,2000,30.942
31.18,31.45,30.05,1214,30.58,2024-11-04T12:00:00Z,119271,30.848065
30.84,31.67,30.5,1781,31.25,2024-11-04T16:00:00Z,186986,31.03383
30.12,30.835,30.1,1645,30.79,2024-11-04T20:00:00Z,158030,30.463218
30.95,31.49,30.29,1585,30.32,2024-11-05T12:00:00Z,142792,31.071827
30.85,31.45,30.79,2126,30.93,2024-11-05T16:00:00Z,212414,31.124545
31.29,31.43,30.74,1306,30.79,2024-11-05T20:00:00Z,130987,31.211789
33.0,33.87,32.4,2532,33.3,2024-11-06T12:00:00Z,251795,33.108018
34.205,34.25,32.83,3070,33.02,2024-11-06T16:00:00Z,399556,33.72505
34.32,34.88,34.03,2146,34.18,2024-11-06T20:00:00Z,338345,34.225962
36.085,36.36,35.49,2070,35.69,2024-11-07T12:00:00Z,179316,35.973037
36.26,36.26,35.7,3127,36.115,2024-11-07T16:00:00Z,368813,36.05698
36.14,36.365,36.1,1459,36.18,2024-11-07T20:00:00Z,169370,36.237919
35.46,36.25,34.85,1605,35.565,2024-11-08T12:00:00Z,127773,35.470308
35.15,35.545,35.0,1951,35.43,2024-11-08T16:00:00Z,191978,35.255203
35.39,35.45,35.0,1123,35.12,2024-11-08T20:00:00Z,108984,35.256051
32.9,34.36,31.92,4566,34.345,2024-11-11T12:00:00Z,488994,32.974895
32.07,32.89,31.49,3309,32.89,2024-11-11T16:00:00Z,420193,31.911464
32.77,32.8,32.09,1803,32.09,2024-11-11T20:00:00Z,223502,32.570494
31.63,32.55,31.6,1830,32.43,2024-11-12T12:00:00Z,193051,32.121673
31.395,31.67,30.38,3453,31.62,2024-11-12T16:00:00Z,382136,31.077497
31.67,31.7,31.34,1515,31.4,2024-11-12T20:00:00Z,218997,31.594373
30.02,31.21,29.77,3512,30.84,2024-11-13T12:00:00Z,420678,30.295683
29.9,30.31,29.54,5927,30.01,2024-11-13T16:00:00Z,591400,29.917177
29.72,30.065,29.47,2689,29.86,2024-11-13T20:00:00Z,288135,29.736912
30.2,30.82,29.94,2299,30.56,2024-11-14T12:00:00Z,247565,30.38102
29.89,30.38,29.49,3635,30.3,2024-11-14T16:00:00Z,395320,29.93336
29.615,29.91,29.39,2401,29.9,2024-11-14T20:00:00Z,282619,29.557494
27.46,28.48,27.29,4072,28.01,2024-11-15T12:00:00Z,466047,27.814109
26.67,27.48,26.44,7213,27.45,2024-11-15T16:00:00Z,1154428,26.901623
26.84,26.85,26.47,3227,26.67,2024-11-15T20:00:00Z,616986,26.618457
27.38,27.56,26.31,2725,26.695,2024-11-18T12:00:00Z,353167,27.004268
27.55,27.82,27.18,2832,27.41,2024-11-18T16:00:00Z,323055,27.492765
27.73,27.82,27.47,1808,27.53,2024-11-18T20:00:00Z,186853,27.648649
27.57,27.7,27.09,1500,27.36,2024-11-19T12:00:00Z,138698,27.396488
27.77,28.02,27.12,2890,27.53,2024-11-19T16:00:00Z,229786,27.572458
27.83,27.87,27.68,1638,27.73,2024-11-19T20:00:00Z,123463,27.788208
26.83,27.49,26.07,3167,27.35,2024-11-20T12:00:00Z,365591,26.614687
26.25,26.95,26.0,4253,26.87,2024-11-20T16:00:00Z,748766,26.343721
26.79,27.35,26.1,2604,26.22,2024-11-20T20:00:00Z,424761,26.845531
27.56,28.57,26.47,2699,28.08,2024-11-21T12:00:00Z,328000,27.324169
28.6,28.91,27.42,5000,27.55,2024-11-21T16:00:00Z,605347,28.270337
28.29,28.88,28.26,2667,28.61,2024-11-21T20:00:00Z,359168,28.540415
28.32,28.69,27.88,1912,28.24,2024-11-22T12:00:00Z,190143,28.24079
28.4,28.54,27.85,2989,28.37,2024-11-22T16:00:00Z,300566,28.232556
28.5,28.53,28.12,1483,28.39,2024-11-22T20:00:00Z,237400,28.398889
29.45,29.83,28.75,2266,29.58,2024-11-25T12:00:00Z,356926,29.327701
29.45,30.085,29.01,2455,29.47,2024-11-25T16:00:00Z,497055,29.604723
29.43,29.56,29.2,1445,29.4,2024-11-25T20:00:00Z,262550,29.323407
28.45,30.2,28.45,1654,30.04,2024-11-26T12:00:00Z,188418,28.984887
27.61,28.58,27.56,2890,28.47,2024-11-26T16:00:00Z,532487,27.975868
28.13,28.27,27.47,1357,27.63,2024-11-26T20:00:00Z,256062,27.813627
26.13,27.76,25.84,2762,27.76,2024-11-27T12:00:00Z,415184,26.441967
26.85,26.91,25.6,4218,26.12,2024-11-27T16:00:00Z,821188,26.077287
26.92,27.02,26.58,1377,26.86,2024-11-27T20:00:00Z,210800,26.873898
28.71,28.91,27.28,1611,27.4,2024-11-29T12:00:00Z,236125,28.526262
28.07,29.04,28.025,1843,28.7,2024-11-29T16:00:00Z,383521,28.36256
29.59,29.85,28.16,2184,28.16,2024-12-02T12:00:00Z,236670,29.402125
30.245,30.8,29.62,3030,29.62,2024-12-02T16:00:00Z,677989,30.338528
30.23,30.53,29.99,1226,30.2,2024-12-02T20:00:00Z,332573,30.338757
29.86,30.56,29.4,1415,30.52,2024-12-03T12:00:00Z,118025,29.81758
29.66,30.16,29.475,1751,29.905,2024-12-03T16:00:00Z,190454,29.717221
30.45,30.45,29.46,1182,29.715,2024-12-03T20:00:00Z,139054,29.650647
30.78,31.54,30.24,2295,31.12,2024-12-04T12:00:00Z,263729,30.754555
30.82,31.06,30.69,2248,30.76,2024-12-04T16:00:00Z,379650,30.908762
30.76,30.97,30.72,1153,30.8,2024-12-04T20:00:00Z,220337,30.857584
29.83,30.86,29.5,1509,30.74,2024-12-05T12:00:00Z,175895,30.044236
29.06,30.01,28.88,1529,29.82,2024-12-05T16:00:00Z,232379,29.339152
29.16,29.235,28.89,1481,29.1,2024-12-05T20:00:00Z,152355,29.032356
29.77,29.84,28.9,1248,29.12,2024-12-06T12:00:00Z,125053,29.502454
29.67,29.83,29.24,1547,29.78,2024-12-06T16:00:00Z,175760,29.545993
29.59,29.7,29.45,1035,29.64,2024-12-06T20:00:00Z,161622,29.607505
29.76,30.3,28.64,1768,29.0,2024-12-09T12:00:00Z,186033,29.74994
29.16,29.89,28.92,1466,29.76,2024-12-09T16:00:00Z,219479,29.383545
29.24,29.275,28.95,814,29.155,2024-12-09T20:00:00Z,107763,29.137389
28.06,29.51,28.04,1827,29.39,2024-12-10T12:00:00Z,183761,28.459468
27.21,28.12,27.02,2627,28.07,2024-12-10T16:00:00Z,524527,27.343271
27.095,27.24,26.565,1786,27.24,2024-12-10T20:00:00Z,492244,26.888244
28.01,28.98,27.79,2052,28.31,2024-12-11T12:00:00Z,229519,28.413246
29.22,29.3,28.02,2038,28.02,2024-12-11T16:00:00Z,455313,28.869358
29.14,29.62,28.99,1369,29.23,2024-12-11T20:00:00Z,327075,29.341502
28.29,28.81,27.8,1237,28.385,2024-12-12T12:00:00Z,98964,28.280364
28.475,28.55,27.74,1576,28.32,2024-12-12T16:00:00Z,194463,28.119411
28.8,28.83,28.18,2944,28.505,2024-12-12T20:00:00Z,146358,28.423854
29.62,31.305,29.61,4384,30.26,2024-12-13T12:00:00Z,513776,30.739006
30.85,30.9,29.49,3152,29.62,2024-12-13T16:00:00Z,650805,30.22822
30.59,31.17,30.59,2228,30.83,2024-12-13T20:00:00Z,449859,30.847702
31.68,32.4,30.39,2360,31.14,2024-12-16T12:00:00Z,237132,31.782125
32.66,32.94,31.61,2966,31.63,2024-12-16T16:00:00Z,463363,32.438722
32.48,32.86,32.465,1513,32.72,2024-12-16T20:00:00Z,296929,32.654337
30.86,32.06,30.67,2146,31.84,2024-12-17T12:00:00Z,210072,31.153655
30.78,31.605,30.555,2292,30.82,2024-12-17T16:00:00Z,270366,30.977542
31.15,31.19,30.62,1321,30.765,2024-12-17T20:00:00Z,196818,30.953792
32.11,32.47,31.37,1343,32.0,2024-12-18T12:00:00Z,110968,32.032398
29.7,32.36,29.7,2498,32.07,2024-12-18T16:00:00Z,299583,31.421538
27.19,29.85,26.16,3780,29.73,2024-12-18T20:00:00Z,742294,28.202361
26.89,28.3,26.38,3338,28.13,2024-12-19T12:00:00Z,467196,27.102504
26.48,27.46,26.45,1915,26.85,2024-12-19T16:00:00Z,267348,26.773233
26.48,26.8,26.07,1353,26.49,2024-12-19T20:00:00Z,217881,26.296561
27.32,27.51,24.93,3094,24.93,2024-12-20T12:00:00Z,451725,26.625165
27.98,28.35,27.27,3010,27.32,2024-12-20T16:00:00Z,592151,28.009296
27.29,28.02,27.15,2373,27.97,2024-12-20T20:00:00Z,492165,27.407566
28.5,29.18,27.59,1354,28.06,2024-12-23T12:00:00Z,191970,28.634884
30.25,30.48,29.68,1331,30.18,2024-12-24T12:00:00Z,119395,30.09987
30.62,30.62,29.97,1509,30.24,2024-12-24T16:00:00Z,233368,30.308866
30.85,30.85,29.76,1700,29.88,2024-12-26T12:00:00Z,186921,30.376801
30.89,31.1,30.62,1294,30.83,2024-12-26T16:00:00Z,172032,30.854975
30.4,30.95,30.4,913,30.87,2024-12-26T20:00:00Z,125303,30.756747
29.145,30.24,28.6,2341,30.24,2024-12-27T12:00:00Z,203899,29.264677
29.92,29.94,28.87,1387,29.19,2024-12-27T16:00:00Z,174138,29.323335
29.72,29.85,29.24,1013,29.85,2024-12-27T20:00:00Z,165026,29.60753
27.96,28.3,27.32,2761,28.2,2024-12-30T12:00:00Z,306526,27.721401
28.42,28.77,27.73,2625,27.93,2024-12-30T16:00:00Z,383701,28.279001
27.8,28.39,27.8,999,28.33,2024-12-30T20:00:00Z,288742,28.060608
27.98,28.54,27.59,1267,28.32,2024-12-31T12:00:00Z,153473,28.095451
27.35,28.005,26.93,2502,28.005,2024-12-31T16:00:00Z,356569,27.329821
27.3,27.66,27.16,1096,27.325,2024-12-31T20:00:00Z,218466,27.390368
28.33,29.04,27.68,3091,28.1,2025-01-02T12:00:00Z,368654,28.442806
27.42,28.68,27.04,5237,28.32,2025-01-02T16:00:00Z,839821,27.705355
27.77,27.97,27.33,1665,27.34,2025-01-02T20:00:00Z,310495,27.740051
28.91,28.98,28.17,2121,28.36,2025-01-03T12:00:00Z,264854,28.689437
29.98,30.1,28.84,2554,28.93,2025-01-03T16:00:00Z,610130,29.533196
29.66,30.02,29.66,1470,29.95,2025-01-03T20:00:00Z,414367,29.868141
33.14,33.63,31.64,4236,31.64,2025-01-06T12:00:00Z,530850,33.166466
32.33,33.54,32.32,3559,33.16,2025-01-06T16:00:00Z,794258,33.205144
32.52,32.81,32.24,1514,32.3,2025-01-06T20:00:00Z,408029,32.584255
32.69,33.72,31.37,3075,33.36,2025-01-07T12:00:00Z,449824,32.629552
31.875,32.99,31.71,1679,32.7,2025-01-07T16:00:00Z,185675,32.321511
31.35,31.82,30.61,1666,31.82,2025-01-07T20:00:00Z,290807,31.144578
30.29,31.0,29.42,2100,30.74,2025-01-08T12:00:00Z,220133,30.072961
29.97,30.57,29.18,2041,30.29,2025-01-08T16:00:00Z,276859,29.893205
29.86,30.23,29.75,901,29.97,2025-01-08T20:00:00Z,123164,30.053859
28.11,29.09,27.47,3095,29.06,2025-01-10T12:00:00Z,398117,28.091462
28.36,28.68,27.45,3224,28.13,2025-01-10T16:00:00Z,838327,27.985201
28.0,28.48,27.83,956,28.35,2025-01-10T20:00:00Z,184226,28.037685
26.98,27.57,26.26,2351,26.62,2025-01-13T12:00:00Z,254574,27.032435
27.57,27.68,26.75,2090,27.02,2025-01-13T16:00:00Z,288808,27.18147
27.88,27.88,27.43,1110,27.595,2025-01-13T20:00:00Z,155251,27.635098
27.79,28.95,27.75,2909,28.08,2025-01-14T12:00:00Z,326361,28.346697
27.69,28.32,27.18,2748,27.78,2025-01-14T16:00:00Z,370937,27.74643
28.44,28.48,27.335,1492,27.725,2025-01-14T20:00:00Z,289595,27.889971
30.01,30.44,29.12,2103,29.12,2025-01-15T12:00:00Z,229464,30.085418
30.11,30.3,29.48,2323,30.04,2025-01-15T16:00:00Z,483459,29.930395
29.92,30.33,29.9,868,30.12,2025-01-15T20:00:00Z,184704,30.109765
31.22,31.66,30.2,2702,31.49,2025-01-16T12:00:00Z,279133,30.768914
31.03,31.72,30.63,2511,31.22,2025-01-16T16:00:00Z,414396,31.265661
30.0,31.14,29.87,1551,30.98,2025-01-16T20:00:00Z,294051,30.455483
32.2,32.2,31.49,2326,31.77,2025-01-17T12:00:00Z,268228,31.885976
32.32,32.52,31.93,2098,32.18,2025-01-17T16:00:00Z,492800,32.279585
32.4,32.7,32.09,1141,32.29,2025-01-17T20:00:00Z,321767,32.496699
33.12,33.44,32.5,1778,33.38,2025-01-21T12:00:00Z,193230,33.044901
34.25,34.52,32.91,2813,33.09,2025-01-21T16:00:00Z,422340,34.044245
33.73,34.36,33.66,1057,34.23,2025-01-21T20:00:00Z,188349,34.039709
35.39,35.93,34.42,1709,34.78,2025-01-22T12:00:00Z,157649,35.51048
35.54,36.15,35.31,2096,35.38,2025-01-22T16:00:00Z,340919,35.834068
35.05,35.53,35.05,1062,35.53,2025-01-22T20:00:00Z,133724,35.290004
33.82,33.88,33.02,1585,33.65,2025-01-23T12:00:00Z,134418,33.355155
34.25,34.39,33.68,1902,33.79,2025-01-23T16:00:00Z,181113,34.132703
34.3,34.9,34.15,1383,34.16,2025-01-23T20:00:00Z,124352,34.465615
33.6,34.935,33.59,1974,34.26,2025-01-24T12:00:00Z,185658,33.959047
32.63,33.845,32.33,2702,33.58,2025-01-24T16:00:00Z,472994,32.963279
32.66,32.87,32.52,1911,32.62,2025-01-24T20:00:00Z,291093,32.697968
26.64,28.67,26.63,5685,28.37,2025-01-27T12:00:00Z,851223,27.291649
24.11,26.73,23.84,9057,26.69,2025-01-27T16:00:00Z,1477864,25.201976
25.55,25.74,24.12,1878,24.12,2025-01-27T20:00:00Z,330785,24.75826
24.52,25.68,23.75,3609,25.67,2025-01-28T12:00:00Z,462552,24.435513
25.68,25.77,24.07,2365,24.53,2025-01-28T16:00:00Z,364428,25.00777
25.51,25.8,25.3,1450,25.69,2025-01-28T20:00:00Z,181313,25.550051
25.48,26.28,25.24,2267,26.24,2025-01-29T12:00:00Z,229160,25.785595
25.59,25.86,24.86,4799,25.47,2025-01-29T16:00:00Z,774848,25.337249
26.3,26.36,25.23,2251,25.58,2025-01-29T20:00:00Z,318328,25.564956
26.28,26.96,26.14,2361,26.72,2025-01-30T12:00:00Z,308223,26.587919
27.31,27.37,26.19,2827,26.27,2025-01-30T16:00:00Z,521016,26.964869
27.25,27.66,26.67,1874,27.34,2025-01-30T20:00:00Z,346552,27.267489
28.99,29.13,27.34,3058,27.81,2025-01-31T12:00:00Z,384211,28.525961
27.54,29.24,27.12,4514,28.975,2025-01-31T16:00:00Z,823626,28.40173
26.95,27.52,26.71,2850,27.52,2025-01-31T20:00:00Z,555201,26.992361
26.2,26.46,24.315,3404,24.86,2025-02-03T12:00:00Z,520500,25.225732
26.09,26.335,25.46,3807,26.095,2025-02-03T16:00:00Z,656210,25.86782
26.21,26.21,25.4,1041,26.12,2025-02-03T20:00:00Z,215447,25.725122
26.15,26.59,25.2,1987,25.86,2025-02-04T12:00:00Z,221855,26.038281
26.07,26.53,25.83,1527,26.185,2025-02-04T16:00:00Z,261949,26.146179
26.31,27.2,25.98,1070,26.08,2025-02-04T20:00:00Z,135116,26.201323
26.61,26.73,25.54,2648,26.02,2025-02-05T12:00:00Z,264984,26.179363
27.51,27.7,26.55,3070,26.62,2025-02-05T16:00:00Z,528860,27.376561
27.12,27.94,27.12,1754,27.52,2025-02-05T20:00:00Z,347577,27.687224
27.1,27.79,26.75,2367,27.1,2025-02-06T12:00:00Z,237136,27.272215
26.875,27.52,26.78,1762,27.115,2025-02-06T16:00:00Z,227539,27.141434
27.74,27.92,26.865,1100,26.89,2025-02-06T20:00:00Z,161109,27.396039
26.66,28.27,26.27,3452,27.76,2025-02-07T12:00:00Z,496998,26.958327
26.21,26.73,25.8,4118,26.69,2025-02-07T16:00:00Z,682261,26.207238
26.27,26.435,25.93,1334,26.19,2025-02-07T20:00:00Z,197023,26.194849
27.015,27.46,26.9,1654,26.94,2025-02-10T12:00:00Z,223850,27.215201
27.38,27.55,26.92,1650,27.06,2025-02-10T16:00:00Z,316437,27.356267
27.33,27.52,27.23,1078,27.33,2025-02-10T20:00:00Z,225225,27.412104
27.74,27.845,26.58,1802,27.02,2025-02-11T12:00:00Z,243553,27.511926
27.67,27.89,27.15,1146,27.73,2025-02-11T16:00:00Z,152643,27.607905
27.3,27.7,27.3,918,27.7,2025-02-11T20:00:00Z,167571,27.436237
26.7,27.81,25.95,2602,27.72,2025-02-12T12:00:00Z,341262,26.614249
27.315,27.39,26.34,2675,26.66,2025-02-12T16:00:00Z,428760,26.993979
27.48,27.53,27.28,1280,27.345,2025-02-12T20:00:00Z,244825,27.421417
28.23,28.39,27.29,2273,27.38,2025-02-13T12:00:00Z,292429,28.069265
28.24,28.45,27.75,2461,28.27,2025-02-13T16:00:00Z,477748,28.140928
28.29,28.545,28.22,1473,28.22,2025-02-13T20:00:00Z,331741,28.410051
28.61,28.74,28.17,1466,28.3,2025-02-14T12:00:00Z,143293,28.467013
28.335,28.81,28.105,1256,28.62,2025-02-14T16:00:00Z,153922,28.453066
28.56,28.635,28.27,928,28.325,2025-02-14T20:00:00Z,171034,28.525244
29.5,29.97,28.72,2239,29.29,2025-02-18T12:00:00Z,235208,29.357862
30.13,30.19,29.46,2050,29.5,2025-02-18T16:00:00Z,422933,29.827235
29.965,30.22,29.795,1263,30.135,2025-02-18T20:00:00Z,312534,29.976848
30.66,30.9,29.79,2086,30.17,2025-02-19T12:00:00Z,283442,30.316015
31.79,31.88,30.66,2658,30.67,2025-02-19T16:00:00Z,566094,31.320783
31.46,31.785,31.16,1537,31.77,2025-02-19T20:00:00Z,312679,31.464982
30.73,32.63,30.7,2421,31.94,2025-02-20T12:00:00Z,261625,31.530513
31.61,31.66,30.73,1655,30.77,2025-02-20T16:00:00Z,198154,31.228839
31.68,31.715,31.27,1200,31.63,2025-02-20T20:00:00Z,247658,31.56993
30.4,32.0,30.3,1397,31.89,2025-02-21T12:00:00Z,149619,31.265853
28.56,30.52,28.4,2998,30.5,2025-02-21T16:00:00Z,521018,29.167936
28.88,28.985,28.5,2382,28.565,2025-02-21T20:00:00Z,489582,28.814719
27.59,29.29,27.1,2640,29.25,2025-02-24T12:00:00Z,375407,28.080909
27.63,28.63,27.505,1347,27.505,2025-02-24T16:00:00Z,198361,28.128303
26.87,27.68,26.66,1844,27.68,2025-02-24T20:00:00Z,634065,27.109754
25.66,27.04,25.02,3764,26.81,2025-02-25T12:00:00Z,656390,25.758952
25.27,26.02,25.03,3401,25.69,2025-02-25T16:00:00Z,628644,25.378235
25.32,25.655,24.82,2014,25.27,2025-02-25T20:00:00Z,454807,25.130381
26.415,26.47,25.74,2471,25.93,2025-02-26T12:00:00Z,332910,26.209843
25.75,27.0,25.53,3869,26.48,2025-02-26T16:00:00Z,906826,26.479842
26.89,27.07,25.66,1873,25.75,2025-02-26T20:00:00Z,346087,26.180651
24.44,27.22,24.12,4815,27.21,2025-02-27T12:00:00Z,724877,25.190547
23.4,24.87,23.24,5308,24.43,2025-02-27T16:00:00Z,1355243,24.193755
22.05,23.46,21.74,4052,23.4,2025-02-27T20:00:00Z,1212779,22.376754
22.825,23.21,21.025,4331,21.98,2025-02-28T12:00:00Z,717370,22.243807
22.13,22.89,21.28,3561,22.81,2025-02-28T16:00:00Z,664669,21.9808
22.74,22.77,21.95,2075,22.115,2025-02-28T20:00:00Z,421019,22.359435
22.75,23.73,21.71,4728,23.48,2025-03-03T12:00:00Z,935452,22.501235
21.04,23.07,21.02,6742,22.76,2025-03-03T16:00:00Z,1506426,21.982415
20.85,21.04,19.71,4931,21.04,2025-03-03T20:00:00Z,1392111,20.200317
19.67,20.95,19.0,7258,19.74,2025-03-04T12:00:00Z,1715729,19.712864
21.73,21.73,19.27,8013,19.65,2025-03-04T16:00:00Z,1845503,20.608646
21.2,22.25,20.315,2904,21.68,2025-03-04T20:00:00Z,881680,21.328706
20.82,21.4,20.37,5690,21.4,2025-03-05T12:00:00Z,875381,20.821811
21.81,21.98,20.12,9412,20.82,2025-03-05T16:00:00Z,1664402,21.121907
21.25,22.15,21.21,3723,21.79,2025-03-05T20:00:00Z,941574,21.973598
20.48,21.015,19.27,5287,20.11,2025-03-06T12:00:00Z,921845,20.246219
19.2,20.74,19.02,7234,20.57,2025-03-06T16:00:00Z,1945742,19.579032
19.92,20.05,19.12,2753,19.19,2025-03-06T20:00:00Z,753582,19.346671
19.58,20.44,18.925,4116,19.84,2025-03-07T12:00:00Z,813623,19.587055
20.54,20.94,18.76,5333,19.55,2025-03-07T16:00:00Z,1846884,19.82589
20.81,21.08,20.38,1508,20.49,2025-03-07T20:00:00Z,655196,20.751329
17.17,18.45,16.525,8317,18.45,2025-03-11T12:00:00Z,2324568,17.336713
17.345,18.485,16.6,7854,17.18,2025-03-11T16:00:00Z,2966844,17.420888
17.29,17.39,17.23,21,17.34,2025-03-11T20:00:00Z,4024,17.327137
18.69,19.1,17.91,7893,18.05,2025-03-12T12:00:00Z,1807973,18.490267
18.38,18.94,18.125,7552,18.65,2025-03-12T16:00:00Z,2311599,18.588294
18.45,18.58,18.29,35,18.36,2025-03-12T20:00:00Z,9025,18.471988
18.22,19.26,18.15,6421,18.26,2025-03-13T12:00:00Z,1300994,18.641542
18.115,18.6,17.58,6156,18.24,2025-03-13T16:00:00Z,1765735,18.136194
18.25,18.34,18.12,10,18.12,2025-03-13T20:00:00Z,990,18.263333
19.64,19.79,19.0,4862,19.05,2025-03-14T12:00:00Z,1027732,19.420196
19.775,19.92,19.45,4579,19.645,2025-03-14T16:00:00Z,1699912,19.678738
19.61,19.76,19.6,19,19.73,2025-03-14T20:00:00Z,3799,19.685668
20.24,20.59,19.5,4044,19.81,2025-03-17T12:00:00Z,720514,20.232597
20.755,21.27,20.0,3849,20.22,2025-03-17T16:00:00Z,1217713,20.830754
20.68,20.75,20.68,11,20.75,2025-03-17T20:00:00Z,1945,20.714211
19.61,20.53,19.52,4475,20.53,2025-03-18T12:00:00Z,731001,19.859312
19.915,20.39,19.58,4513,19.59,2025-03-18T16:00:00Z,1006283,20.010627
19.98,20.02,19.9,7,19.98,2025-03-18T20:00:00Z,1100,19.954545
20.34,20.39,19.46,3006,19.96,2025-03-19T12:00:00Z,448236,19.929067
20.4,21.36,19.88,5682,20.35,2025-03-19T16:00:00Z,1512659,20.57246
20.4,20.46,20.4,13,20.43,2025-03-19T20:00:00Z,3800,20.426579
20.38,20.55,19.59,3147,19.91,2025-03-20T12:00:00Z,615120,20.274164
19.905,20.54,19.64,3721,20.35,2025-03-20T16:00:00Z,1084190,19.907797
20.13,20.15,20.05,10,20.05,2025-03-20T20:00:00Z,4000,20.10925
18.67,19.45,18.37,4386,19.41,2025-03-21T12:00:00Z,836313,18.722125
19.25,19.48,18.61,3289,18.67,2025-03-21T16:00:00Z,820975,19.204774
19.32,19.32,19.24,14,19.28,2025-03-21T20:00:00Z,3700,19.283514
21.12,21.36,20.22,8212,20.26,2025-03-24T12:00:00Z,1816967,20.98973
20.965,21.35,20.87,6580,21.11,2025-03-24T16:00:00Z,2018538,21.094337
20.97,21.01,20.97,24,21.0,2025-03-24T20:00:00Z,5116,20.98025
20.71,21.05,20.48,4445,21.0,2025-03-25T12:00:00Z,541624,20.726656
20.555,20.82,20.35,4020,20.72,2025-03-25T16:00:00Z,743268,20.533179
20.54,20.55,20.54,3,20.55,2025-03-25T20:00:00Z,1000,20.545
19.025,20.51,18.95,5793,20.41,2025-03-26T12:00:00Z,709216,19.539734
18.79,19.03,18.2,6504,19.0,2025-03-26T16:00:00Z,1019946,18.595477
18.7,18.75,18.7,7,18.75,2025-03-26T20:00:00Z,1411,18.725536
17.57,18.48,17.37,6637,18.32,2025-03-27T12:00:00Z,951658,17.924163
17.71,18.16,17.395,4507,17.56,2025-03-27T16:00:00Z,998153,17.711528
17.82,17.82,17.69,5,17.69,2025-03-27T20:00:00Z,1058,17.770953
16.08,17.58,16.08,7731,17.54,2025-03-28T12:00:00Z,1627145,16.692592
16.02,16.34,15.745,6052,16.08,2025-03-28T16:00:00Z,1327657,15.958217
15.83,16.01,15.83,12,15.95,2025-03-28T20:00:00Z,3422,15.878516
14.94,15.23,14.41,6570,14.91,2025-03-31T12:00:00Z,1290647,14.920656
15.86,15.97,14.85,5717,14.96,2025-03-31T16:00:00Z,915451,15.465596
15.8,15.88,15.76,7,15.87,2025-03-31T20:00:00Z,2100,15.827619
15.87,15.92,14.83,6845,15.66,2025-04-01T12:00:00Z,1022938,15.437436
15.95,15.98,15.04,6825,15.83,2025-04-01T16:00:00Z,1276205,15.512505
15.97,15.97,15.93,7,15.96,2025-04-01T20:00:00Z,2100,15.950952
16.05,16.19,15.04,8219,15.39,2025-04-02T12:00:00Z,1446812,15.717732
16.28,16.88,15.84,7906,16.06,2025-04-02T16:00:00Z,1827541,16.319186
14.75,17.14,14.7,866,16.2,2025-04-02T20:00:00Z,127299,15.889973
12.13,14.13,12.1,12423,13.99,2025-04-03T12:00:00Z,3055352,13.018747
11.405,12.385,11.4,12993,12.11,2025-04-03T16:00:00Z,3357510,11.802308
11.51,11.54,11.28,102,11.47,2025-04-03T20:00:00Z,20154,11.442738
9.07,10.42,8.19,20153,9.87,2025-04-04T12:00:00Z,4596379,9.309777
8.725,9.43,8.64,22328,9.09,2025-04-04T16:00:00Z,3831934,8.980407
8.66,8.74,8.57,98,8.73,2025-04-04T20:00:00Z,17699,8.661854
8.84,10.86,7.23,30545,7.82,2025-04-07T12:00:00Z,9461049,8.933668
9.33,9.75,8.5,17626,8.8,2025-04-07T16:00:00Z,5651402,9.141112
9.5,9.71,9.35,66,9.35,2025-04-07T20:00:00Z,6391,9.628182
10.24,10.835,9.95,10816,10.27,2025-04-08T12:00:00Z,4700175,10.434654
8.255,10.35,7.605,21849,10.23,2025-04-08T16:00:00Z,5458020,8.996356
8.33,8.38,8.17,129,8.23,2025-04-08T20:00:00Z,34017,8.277395
8.54,8.93,7.8,19429,7.83,2025-04-09T12:00:00Z,4651099,8.598583
12.845,13.1,8.5,34125,8.54,2025-04-09T16:00:00Z,13067930,11.093156
12.81,12.89,12.49,214,12.89,2025-04-09T20:00:00Z,17110,12.703828
9.3,11.75,9.18,21154,11.59,2025-04-10T12:00:00Z,6165057,10.205289
9.635,9.96,8.355,19444,9.29,2025-04-10T16:00:00Z,7908365,9.165263
9.74,9.74,9.57,199,9.61,2025-04-10T20:00:00Z,22549,9.661992
9.61,9.9,8.91,12773,9.77,2025-04-11T12:00:00Z,3537265,9.363917
10.255,10.385,9.51,8868,9.61,2025-04-11T16:00:00Z,4288532,10.055344
10.24,10.31,10.21,183,10.24,2025-04-11T20:00:00Z,36634,10.260955
10.12,11.23,10.01,13426,10.83,2025-04-14T12:00:00Z,3492144,10.723393
10.45,10.865,9.975,9603,10.11,2025-04-14T16:00:00Z,3321984,10.409325
10.37,10.49,10.18,537,10.46,2025-04-14T20:00:00Z,48141,10.35046
10.75,11.02,10.25,7498,10.36,2025-04-15T12:00:00Z,2414912,10.711242
10.57,10.9,10.42,4961,10.75,2025-04-15T16:00:00Z,1255815,10.591008
10.55,10.61,10.52,103,10.57,2025-04-15T20:00:00Z,7708,10.573651
9.425,9.75,9.11,8561,9.53,2025-04-16T12:00:00Z,1832255,9.487643
9.345,9.485,8.33,13247,9.43,2025-04-16T16:00:00Z,4021544,8.975825
9.21,9.39,9.21,250,9.29,2025-04-16T20:00:00Z,17999,9.328243
8.98,9.78,8.92,7959,9.63,2025-04-17T12:00:00Z,1804421,9.194039
9.19,9.43,8.9,7465,8.99,2025-04-17T16:00:00Z,2060168,9.189276
9.23,9.25,9.18,57,9.21,2025-04-17T20:00:00Z,13533,9.21568
8.155,8.715,8.15,6509,8.59,2025-04-21T12:00:00Z,1640223,8.410981
8.7,8.735,8.16,5127,8.16,2025-04-21T16:00:00Z,1273906,8.359415
8.71,8.71,8.66,121,8.67,2025-04-21T20:00:00Z,17939,8.686039
9.135,9.31,8.85,4175,8.88,2025-04-22T12:00:00Z,1927893,9.138218
9.19,9.395,8.865,4563,9.15,2025-04-22T16:00:00Z,2009299,9.125081
9.13,9.22,9.11,70,9.2,2025-04-22T20:00:00Z,10216,9.166283
10.42,10.9,10.17,11694,10.18,2025-04-23T12:00:00Z,4169072,10.620174
10.245,10.705,10.12,7473,10.43,2025-04-23T16:00:00Z,2584706,10.422777
10.61,10.73,10.32,204,10.32,2025-04-23T20:00:00Z,50827,10.548199
11.63,11.75,10.73,8915,10.73,2025-04-24T12:00:00Z,3773348,11.40802
12.03,12.085,11.63,5757,11.67,2025-04-24T16:00:00Z,3017346,11.919058
11.86,12.08,11.82,70,12.08,2025-04-24T20:00:00Z,31063,11.960476
11.94,12.06,11.48,5306,11.6,2025-04-25T12:00:00Z,1376641,11.804037
12.33,12.58,11.89,4515,11.92,2025-04-25T16:00:00Z,1951415,12.276701
12.33,12.36,12.32,220,12.34,2025-04-25T20:00:00Z,19178,12.335027
11.73,12.525,11.53,4985,12.12,2025-04-28T12:00:00Z,1826522,12.047995
12.255,12.31,11.45,2972,11.725,2025-04-28T16:00:00Z,1262704,11.796099
11.98,12.23,11.98,40,12.23,2025-04-28T20:00:00Z,15663,12.076246
11.89,12.13,11.63,4211,12.0,2025-04-29T12:00:00Z,1348735,11.912131
11.86,12.27,11.68,2746,11.89,2025-04-29T16:00:00Z,1305487,12.025254
11.75,11.99,11.67,1489,11.87,2025-04-29T20:00:00Z,95696,11.801347
11.53,11.72,10.75,8367,11.7,2025-04-30T12:00:00Z,1983642,11.187551
12.11,12.21,11.23,4423,11.53,2025-04-30T16:00:00Z,1377846,11.722835
12.22,12.35,11.82,258,12.16,2025-04-30T20:00:00Z,52364,12.141303
12.39,12.8,12.13,4044,12.65,2025-05-01T12:00:00Z,1907755,12.447176
12.06,12.665,12.05,2089,12.4,2025-05-01T16:00:00Z,1450438,12.377019
12.01,12.09,11.9,177,12.07,2025-05-01T20:00:00Z,26519,12.010554
13.45,13.47,12.42,3776,12.44,2025-05-02T12:00:00Z,2215712,13.167545
13.32,13.68,13.22,3617,13.45,2025-05-02T16:00:00Z,2277263,13.439042
13.33,13.36,13.29,61,13.33,2025-05-02T20:00:00Z,15923,13.304895
13.06,13.33,12.87,2797,12.91,2025-05-05T12:00:00Z,1145243,13.100373
13.0,13.395,12.99,1826,13.06,2025-05-05T16:00:00Z,952443,13.172381
13.01,13.06,12.97,188,12.99,2025-05-05T20:00:00Z,32452,13.003441
12.63,12.69,12.12,2465,12.53,2025-05-06T12:00:00Z,1086598,12.461171
12.61,12.93,12.42,2067,12.64,2025-05-06T16:00:00Z,1162578,12.665942
12.55,12.9,12.53,136,12.78,2025-05-06T20:00:00Z,18012,12.726518
12.73,12.84,12.42,2563,12.84,2025-05-07T12:00:00Z,1225606,12.568173
13.28,13.39,12.23,4443,12.72,2025-05-07T16:00:00Z,2733551,12.834331
13.16,13.35,13.1,83,13.3,2025-05-07T20:00:00Z,13910,13.197955
14.02,14.21,13.39,4440,13.89,2025-05-08T12:00:00Z,2245720,13.751939
13.67,14.34,13.655,2671,14.01,2025-05-08T16:00:00Z,1580099,14.061563
13.79,13.82,13.72,51,13.72,2025-05-08T20:00:00Z,6776,13.789796
13.97,14.46,13.85,3364,14.08,2025-05-09T12:00:00Z,1345810,14.155307
14.1,14.21,13.74,1546,13.97,2025-05-09T16:00:00Z,796403,14.004905
14.08,14.11,14.08,34,14.11,2025-05-09T20:00:00Z,5714,14.096405
17.0,17.16,16.5,6052,16.89,2025-05-12T12:00:00Z,2021859,16.824599
17.15,17.465,16.85,3317,17.0,2025-05-12T16:00:00Z,1595632,17.134714
17.15,17.18,17.06,137,17.13,2025-05-12T20:00:00Z,18933,17.103568
18.725,18.81,17.14,5580,17.15,2025-05-13T12:00:00Z,2152619,18.098044
18.61,18.85,18.39,2415,18.7,2025-05-13T16:00:00Z,1468314,18.655439
18.5,18.57,18.45,119,18.56,2025-05-13T20:00:00Z,15521,18.499826
18.74,19.355,18.43,5359,19.11,2025-05-14T12:00:00Z,1909757,18.844596
18.83,19.05,18.52,2875,18.74,2025-05-14T16:00:00Z,1460629,18.744799
18.83,18.86,18.8,65,18.8,2025-05-14T20:00:00Z,9333,18.828515
18.45,18.55,17.82,3665,18.25,2025-05-15T12:00:00Z,1048931,18.21257
18.445,18.89,18.06,2002,18.455,2025-05-15T16:00:00Z,971980,18.479288
18.36,18.52,18.36,27,18.52,2025-05-15T20:00:00Z,5620,18.406385
18.13,18.7,17.775,2323,18.64,2025-05-16T12:00:00Z,567832,18.131253
18.395,18.415,18.03,1293,18.11,2025-05-16T16:00:00Z,496068,18.266705
18.14,18.4,18.08,161,18.4,2025-05-16T20:00:00Z,18623,18.215257
17.83,18.055,17.01,3805,17.11,2025-05-19T12:00:00Z,1066374,17.590484
18.08,18.2,17.77,1963,17.85,2025-05-19T16:00:00Z,712391,17.957378
18.1,18.1,18.01,199,18.06,2025-05-19T20:00:00Z,32987,18.04866
17.8,17.84,17.44,1948,17.82,2025-05-20T12:00:00Z,596701,17.687549
17.99,18.0,17.44,1069,17.81,2025-05-20T16:00:00Z,498331,17.782301
17.92,18.02,17.92,90,17.99,2025-05-20T20:00:00Z,19870,17.965245
18.47,18.535,17.53,2149,17.67,2025-05-21T12:00:00Z,564251,18.0274
16.975,18.58,16.66,3368,18.46,2025-05-21T16:00:00Z,1067768,17.371444
16.91,16.98,16.85,166,16.94,2025-05-21T20:00:00Z,16681,16.915394
16.845,17.42,16.65,3780,16.9,2025-05-22T12:00:00Z,1281385,16.902607
16.51,17.1,16.48,2240,16.85,2025-05-22T16:00:00Z,1103535,16.858669
16.57,16.57,16.48,156,16.48,2025-05-22T20:00:00Z,14982,16.534175
15.36,15.635,14.89,5940,15.1,2025-05-23T12:00:00Z,1782854,15.292016
15.715,15.995,15.34,2656,15.36,2025-05-23T16:00:00Z,1145056,15.748023
15.62,15.7,15.57,77,15.7,2025-05-23T20:00:00Z,13620,15.651857
17.29,17.395,16.36,4080,16.83,2025-05-27T12:00:00Z,1390427,17.002687
17.31,17.5,17.06,2688,17.295,2025-05-27T16:00:00Z,1165634,17.325486
17.32,17.33,17.26,49,17.31,2025-05-27T20:00:00Z,5773,17.29868
17.185,17.58,17.01,2148,17.54,2025-05-28T12:00:00Z,694168,17.29976
17.04,17.55,16.9,2147,17.205,2025-05-28T16:00:00Z,1361192,17.304868
17.7,17.7,16.95,286,16.99,2025-05-28T20:00:00Z,30800,17.307802
17.13,18.23,17.02,4689,18.15,2025-05-29T12:00:00Z,1636586,17.510869
17.19,17.45,16.9,3099,17.14,2025-05-29T16:00:00Z,1690638,17.13678
17.21,17.26,17.01,20,17.12,2025-05-29T20:00:00Z,5342,17.104231
16.23,17.2,15.98,4744,17.17,2025-05-30T12:00:00Z,1957363,16.413761
16.16,16.36,15.245,4017,16.22,2025-05-30T16:00:00Z,1953565,15.847794
16.16,16.21,16.07,84,16.12,2025-05-30T20:00:00Z,7413,16.136596
16.545,16.65,15.78,2588,15.86,2025-06-02T12:00:00Z,842419,16.3609
16.9,17.09,16.48,2036,16.55,2025-06-02T16:00:00Z,1057504,16.829974
17.0,17.03,16.91,73,16.91,2025-06-02T20:00:00Z,15708,16.978794
18.0,18.045,16.58,3491,16.93,2025-06-03T12:00:00Z,1534928,17.534407
18.31,18.38,17.87,2686,18.01,2025-06-03T16:00:00Z,1522993,18.169759
18.19,18.37,18.14,207,18.28,2025-06-03T20:00:00Z,18152,18.223074
18.97,19.205,18.22,4758,18.77,2025-06-04T12:00:00Z,1402162,18.860382
19.085,19.26,18.84,2263,18.98,2025-06-04T16:00:00Z,1224074,19.096793
19.0,19.06,18.99,84,19.05,2025-06-04T20:00:00Z,7477,19.035753
19.93,19.98,18.88,5774,19.26,2025-06-05T12:00:00Z,1846163,19.402304
18.84,19.97,18.44,4860,19.94,2025-06-05T16:00:00Z,1809156,19.206259
18.45,19.01,18.32,165,18.88,2025-06-05T20:00:00Z,19194,18.489252
19.75,19.94,18.86,4877,18.94,2025-06-06T12:00:00Z,1552205,19.638667
19.18,19.83,19.15,4119,19.74,2025-06-06T16:00:00Z,1672841,19.440497
19.29,19.29,19.16,40,19.16,2025-06-06T20:00:00Z,2771,19.223307
20.5,21.05,19.51,5376,19.56,2025-06-09T12:00:00Z,1930936,20.541754
20.57,20.85,20.35,3426,20.495,2025-06-09T16:00:00Z,1452161,20.645266
20.52,20.58,20.52,55,20.58,2025-06-09T20:00:00Z,3169,20.542223
21.61,21.61,20.7,3752,20.87,2025-06-10T12:00:00Z,1251699,21.280741
21.905,22.1,21.55,3188,21.6,2025-06-10T16:00:00Z,1570438,21.843188
21.86,21.91,21.86,14,21.87,2025-06-10T20:00:00Z,1764,21.882667
22.06,22.75,21.73,5296,21.83,2025-06-11T12:00:00Z,1526395,22.310762
21.66,22.13,20.99,4727,22.06,2025-06-11T16:00:00Z,1412394,21.510138
21.67,21.81,21.64,103,21.64,2025-06-11T20:00:00Z,12255,21.716211
21.745,22.06,20.86,3466,20.89,2025-06-12T12:00:00Z,873069,21.679977
21.73,22.02,21.51,2270,21.75,2025-06-12T16:00:00Z,702899,21.756084
21.72,21.84,21.69,68,21.76,2025-06-12T20:00:00Z,12261,21.778273
20.945,21.01,20.05,4800,20.52,2025-06-13T12:00:00Z,1257723,20.602656
20.04,21.05,19.84,5775,20.95,2025-06-13T16:00:00Z,2635565,20.334788
20.02,20.09,19.95,350,20.08,2025-06-13T20:00:00Z,59251,20.020256
21.85,22.21,20.77,4876,20.82,2025-06-16T12:00:00Z,1526496,21.708354
21.94,22.13,21.75,2929,21.87,2025-06-16T16:00:00Z,1213116,21.93985
21.96,21.97,21.91,119,21.94,2025-06-16T20:00:00Z,15435,21.940426
22.01,22.53,21.5,4732,21.71,2025-06-17T12:00:00Z,1468309,22.095652
21.39,22.2,21.34,6330,22.01,2025-06-17T16:00:00Z,1950890,21.637838
21.35,21.45,21.34,161,21.45,2025-06-17T20:00:00Z,20048,21.367918
21.92,22.37,21.44,3159,21.77,2025-06-18T12:00:00Z,918176,22.004725
21.6,22.1,21.23,8542,21.91,2025-06-18T16:00:00Z,1127285,21.6767
21.69,21.7,21.64,52,21.67,2025-06-18T20:00:00Z,6651,21.674307
21.05,22.32,20.38,6047,21.93,2025-06-20T12:00:00Z,1538828,21.380692
21.21,21.31,20.7,5474,21.045,2025-06-20T16:00:00Z,1369580,21.121511
21.3,21.32,21.19,149,21.21,2025-06-20T20:00:00Z,24873,21.260895
21.28,21.975,20.98,3647,21.03,2025-06-23T12:00:00Z,846713,21.529287
21.56,21.65,20.28,6459,21.29,2025-06-23T16:00:00Z,1709148,21.17783
21.57,21.65,21.47,140,21.55,2025-06-23T20:00:00Z,22353,21.562933
23.51,23.94,22.59,4642,22.7,2025-06-24T12:00:00Z,1453613,23.392452
23.98,24.03,23.52,3067,23.52,2025-06-24T16:00:00Z,1074752,23.859349
23.95,23.96,23.88,221,23.95,2025-06-24T20:00:00Z,24598,23.923174
24.105,24.57,23.89,3599,24.47,2025-06-25T12:00:00Z,968755,24.213738
24.59,24.595,24.05,3354,24.13,2025-06-25T16:00:00Z,780240,24.345164
24.9,25.05,24.75,280,24.88,2025-06-25T20:00:00Z,39777,24.858056
25.12,25.44,24.6,3124,25.36,2025-06-26T12:00:00Z,633466,25.080729
25.185,25.24,24.94,3102,25.11,2025-06-26T16:00:00Z,569469,25.116146
25.16,25.22,25.06,110,25.14,2025-06-26T20:00:00Z,14852,25.162049
25.45,25.83,25.08,3708,25.65,2025-06-27T12:00:00Z,967706,25.540137
25.09,25.46,24.3,5881,25.44,2025-06-27T16:00:00Z,1545201,24.935278
25.04,25.09,24.93,158,25.09,2025-06-27T20:00:00Z,26273,24.99467
25.33,25.66,24.68,3126,25.66,2025-06-30T12:00:00Z,916267,25.041369
25.01,25.37,24.74,2426,25.35,2025-06-30T16:00:00Z,793919,25.041331
24.95,24.97,24.9,42,24.93,2025-06-30T20:00:00Z,10352,24.924978
24.56,24.8,23.6,4161,24.58,2025-07-01T12:00:00Z,1182944,24.266111
24.685,25.17,24.46,3482,24.58,2025-07-01T16:00:00Z,1266810,24.855619
24.66,24.8,24.66,53,24.74,2025-07-01T20:00:00Z,6529,24.734406
26.04,26.17,24.03,4135,24.48,2025-07-02T12:00:00Z,1300713,25.423324
26.085,26.39,25.82,4142,26.02,2025-07-02T16:00:00Z,1246019,26.099607
26.08,26.11,25.99,122,26.08,2025-07-02T20:00:00Z,14327,26.050513
26.51,26.705,26.2,2886,26.3,2025-07-03T12:00:00Z,845157,26.484393
26.35,26.62,26.25,1751,26.515,2025-07-03T16:00:00Z,300869,26.433432
25.44,26.05,25.02,3347,25.88,2025-07-07T12:00:00Z,639672,25.524542
24.94,25.69,24.63,4422,25.46,2025-07-07T16:00:00Z,896351,25.099781
24.85,24.96,24.81,209,24.95,2025-07-07T20:00:00Z,29800,24.923292
26.48,27.02,25.36,3912,25.44,2025-07-08T12:00:00Z,1142692,26.267102
26.37,26.79,26.34,4111,26.47,2025-07-08T16:00:00Z,1046932,26.547112
26.43,26.46,26.35,110,26.4,2025-07-08T20:00:00Z,9052,26.4
26.235,27.405,25.9,4023,26.71,2025-07-09T12:00:00Z,1054507,26.661979
26.63,26.78,26.17,3224,26.215,2025-07-09T16:00:00Z,749006,26.536149
26.55,26.65,26.55,56,26.62,2025-07-09T20:00:00Z,7816,26.586877
27.6,27.725,26.66,3473,27.13,2025-07-10T12:00:00Z,799058,27.320145
27.42,27.66,27.2,2853,27.61,2025-07-10T16:00:00Z,642943,27.466616
27.37,27.42,27.36,27,27.39,2025-07-10T20:00:00Z,3303,27.384259
27.105,27.33,26.56,1815,26.82,2025-07-11T12:00:00Z,293129,26.986789
27.26,27.54,27.1,2687,27.13,2025-07-11T16:00:00Z,344829,27.308653
27.22,27.26,27.22,6,27.25,2025-07-11T20:00:00Z,1382,27.252333
26.42,26.8,25.33,3650,26.72,2025-07-14T12:00:00Z,717406,25.996769
26.48,26.765,26.29,4384,26.38,2025-07-14T16:00:00Z,563886,26.487535
26.43,26.43,26.43,2,26.43,2025-07-14T20:00:00Z,360,26.43
27.77,28.435,27.5,4327,27.8,2025-07-15T12:00:00Z,760755,27.926052
27.255,27.825,27.21,7919,27.74,2025-07-15T16:00:00Z,742622,27.526652
27.08,27.21,27.08,76,27.21,2025-07-15T20:00:00Z,6425,27.153223
25.88,26.76,24.92,4757,26.49,2025-07-16T12:00:00Z,793577,25.801638
27.015,27.04,25.73,7219,25.88,2025-07-16T16:00:00Z,790517,26.538024
26.9,26.96,26.9,55,26.94,2025-07-16T20:00:00Z,11295,26.91714
27.47,27.51,26.42,3475,26.85,2025-07-17T12:00:00Z,802892,27.109885
27.315,27.5,27.22,4424,27.46,2025-07-17T16:00:00Z,988787,27.34022
27.32,27.4,27.29,57,27.29,2025-07-17T20:00:00Z,4168,27.331368
27.49,27.89,26.76,2333,27.48,2025-07-18T12:00:00Z,529913,27.329932
27.335,27.5,27.05,1990,27.49,2025-07-18T16:00:00Z,470293,27.301577
27.32,27.4,27.32,4,27.4,2025-07-18T20:00:00Z,451,27.357295
27.97,28.49,27.38,3309,27.61,2025-07-21T12:00:00Z,784064,28.120466
27.45,28.13,27.45,2117,27.96,2025-07-21T16:00:00Z,709094,27.81272
27.11,27.42,27.1,18,27.42,2025-07-21T20:00:00Z,4000,27.25675
26.41,27.27,25.35,3308,26.73,2025-07-22T12:00:00Z,661902,26.196496
26.3,26.57,25.92,3505,26.42,2025-07-22T16:00:00Z,984711,26.290198
24.97,26.2,24.97,105,26.2,2025-07-22T20:00:00Z,11621,25.621491
25.67,25.8,24.855,3385,25.47,2025-07-23T12:00:00Z,757101,25.25064
25.8,25.91,25.39,5239,25.63,2025-07-23T16:00:00Z,867117,25.601989
26.19,26.27,25.75,498,25.82,2025-07-23T20:00:00Z,55632,26.140601
25.7,25.94,24.95,3041,25.89,2025-07-24T12:00:00Z,666650,25.457698
25.62,25.785,25.34,2306,25.685,2025-07-24T16:00:00Z,595307,25.588558
25.26,25.455,24.83,1775,25.25,2025-07-25T12:00:00Z,393957,25.179061
25.59,25.62,25.26,3612,25.3,2025-07-25T16:00:00Z,481543,25.513303
25.62,25.62,25.62,10,25.62,2025-07-25T20:00:00Z,1086,25.62
26.84,26.99,26.29,3645,26.29,2025-07-28T12:00:00Z,1059101,26.770386
26.97,26.99,26.75,3790,26.83,2025-07-28T16:00:00Z,1040152,26.903253
26.99,26.99,26.9,42,26.91,2025-07-28T20:00:00Z,2718,26.926786
27.13,28.145,26.5,3943,27.66,2025-07-29T12:00:00Z,1019546,27.568203
27.07,27.6,26.85,4334,27.14,2025-07-29T16:00:00Z,823661,27.236576
27.24,27.29,27.13,15,27.13,2025-07-29T20:00:00Z,2869,27.249434
27.82,28.12,27.48,3124,27.67,2025-07-30T12:00:00Z,846113,27.800253
27.64,28.11,26.94,6292,27.81,2025-07-30T16:00:00Z,1226325,27.590202
27.57,27.63,27.44,75,27.55,2025-07-30T20:00:00Z,8224,27.579767
25.97,27.04,25.52,4136,26.82,2025-07-31T12:00:00Z,837092,26.248221
25.0,26.17,24.2,4349,25.97,2025-07-31T16:00:00Z,916736,25.221605
24.94,25.06,24.76,57,25.01,2025-07-31T20:00:00Z,15246,24.958275
24.5,24.5,22.57,3966,23.74,2025-08-01T12:00:00Z,992973,23.451502
24.08,24.83,23.43,9096,24.5,2025-08-01T16:00:00Z,1352118,24.036506
24.01,24.12,23.95,27,24.1,2025-08-01T20:00:00Z,3432,24.029063
25.07,25.14,24.24,3464,24.71,2025-08-04T12:00:00Z,706354,24.762659
25.06,25.17,24.82,3390,25.1,2025-08-04T16:00:00Z,1071332,25.008128
25.19,25.19,25.08,24,25.08,2025-08-04T20:00:00Z,6701,25.153673
24.255,25.67,23.62,3517,25.63,2025-08-05T12:00:00Z,762340,24.605541
24.52,24.93,24.19,4498,24.24,2025-08-05T16:00:00Z,773712,24.599897
24.05,24.76,24.01,24,24.72,2025-08-05T20:00:00Z,2845,24.547022
23.66,24.06,22.95,4103,24.06,2025-08-06T12:00:00Z,995745,23.457882
23.95,24.11,23.4,5063,23.67,2025-08-06T16:00:00Z,929335,23.830411
24.04,24.09,23.92,44,23.98,2025-08-06T20:00:00Z,7976,23.988373
25.2,25.88,24.85,3687,25.18,2025-08-07T12:00:00Z,901170,25.348856
25.14,25.34,24.54,6418,25.23,2025-08-07T16:00:00Z,1156981,24.922356
25.1,25.2,25.07,15,25.2,2025-08-07T20:00:00Z,5100,25.097843
25.74,25.8,24.9,3260,25.36,2025-08-08T12:00:00Z,893068,25.547184
25.72,25.82,25.46,2692,25.75,2025-08-08T16:00:00Z,685825,25.660783
25.75,25.79,25.74,11,25.74,2025-08-08T20:00:00Z,788,25.759746
26.57,26.88,25.66,3346,25.66,2025-08-11T12:00:00Z,840164,26.582779
25.61,26.71,25.45,2198,26.575,2025-08-11T16:00:00Z,616377,26.000851
25.66,25.69,25.61,52,25.64,2025-08-11T20:00:00Z,12037,25.643518
27.68,27.79,25.7,5096,25.81,2025-08-12T12:00:00Z,1125340,27.035983
28.05,28.08,27.54,4900,27.68,2025-08-12T16:00:00Z,1074079,27.841487
27.94,28.08,27.87,139,28.03,2025-08-12T20:00:00Z,13427,27.901684
28.76,29.28,28.32,3520,28.53,2025-08-13T12:00:00Z,790738,28.874126
29.26,29.32,28.6,3526,28.8,2025-08-13T16:00:00Z,796402,29.013509
29.08,29.27,29.05,46,29.27,2025-08-13T20:00:00Z,4125,29.085827
28.76,29.12,27.94,3612,29.09,2025-08-14T12:00:00Z,833294,28.529538
29.34,29.65,28.33,6376,28.76,2025-08-14T16:00:00Z,727758,29.030862
28.44,29.18,28.44,54,29.18,2025-08-14T20:00:00Z,5183,28.646487
27.46,28.65,27.18,3648,28.46,2025-08-15T12:00:00Z,791289,27.741325
27.31,27.56,27.08,4836,27.44,2025-08-15T16:00:00Z,722749,27.36442
27.34,27.4,27.27,27,27.33,2025-08-15T20:00:00Z,5648,27.33246
27.41,27.64,26.96,1902,27.03,2025-08-18T12:00:00Z,375488,27.41148
27.52,27.605,27.17,2575,27.425,2025-08-18T16:00:00Z,379296,27.451446
27.42,27.48,27.42,48,27.48,2025-08-18T20:00:00Z,8580,27.465251
26.82,27.85,26.61,2633,27.56,2025-08-19T12:00:00Z,634617,27.197864
26.25,26.93,26.1,4040,26.83,2025-08-19T16:00:00Z,788925,26.358537
26.24,26.28,26.24,16,26.28,2025-08-19T20:00:00Z,717,26.263333
24.62,26.23,23.66,5487,26.09,2025-08-20T12:00:00Z,1194585,24.622794
25.76,25.875,24.63,8087,24.63,2025-08-20T16:00:00Z,765823,25.294783
25.73,25.8,25.67,54,25.8,2025-08-20T20:00:00Z,6145,25.693664
25.22,25.89,24.91,3132,25.55,2025-08-21T12:00:00Z,656217,25.477009
25.33,25.44,24.98,4625,25.23,2025-08-21T16:00:00Z,590892,25.260274
25.34,25.42,25.33,147,25.34,2025-08-21T20:00:00Z,14337,25.365427
27.65,28.3,25.36,5598,25.43,2025-08-22T12:00:00Z,988235,27.571446
27.44,28.02,27.35,10089,27.67,2025-08-22T16:00:00Z,896372,27.651116
27.46,27.58,27.39,51,27.41,2025-08-22T20:00:00Z,6928,27.473176
27.49,27.57,26.82,2001,27.29,2025-08-25T12:00:00Z,313868,27.260313
27.24,27.57,27.23,2558,27.48,2025-08-25T16:00:00Z,280716,27.413115
27.34,27.34,27.22,79,27.29,2025-08-25T20:00:00Z,6936,27.264335
27.9,28.215,27.31,1647,27.4,2025-08-26T12:00:00Z,260611,27.939567
27.96,28.17,27.815,5952,27.94,2025-08-26T16:00:00Z,468304,27.994011
28.0,28.0,27.91,45,27.97,2025-08-26T20:00:00Z,5448,27.928864
27.99,28.07,27.295,1472,28.07,2025-08-27T12:00:00Z,232124,27.651014
28.13,28.22,27.7,2691,27.975,2025-08-27T16:00:00Z,333847,28.072003
27.42,27.72,27.15,5,27.15,2025-08-27T20:00:00Z,950,27.565263
28.37,29.1,28.0,2758,28.06,2025-08-28T12:00:00Z,433647,28.495351
28.51,28.8,28.34,4638,28.38,2025-08-28T16:00:00Z,565207,28.595971
28.19,28.19,28.19,1,28.19,2025-08-28T20:00:00Z,300,28.19
26.3,27.68,25.95,4028,27.37,2025-08-29T12:00:00Z,683582,26.505489
26.04,26.5,25.68,5981,26.31,2025-08-29T16:00:00Z,719850,25.971908
26.06,26.06,25.98,19,26.04,2025-08-29T20:00:00Z,5090,26.026982
24.04,24.9,23.79,4369,24.54,2025-09-02T12:00:00Z,813049,24.289181
25.26,25.275,23.97,6152,24.11,2025-09-02T16:00:00Z,788404,24.710327
25.21,25.43,25.21,12,25.27,2025-09-02T20:00:00Z,1874,25.299412
24.44,25.42,24.28,2955,25.39,2025-09-03T12:00:00Z,640839,24.874569
24.88,24.91,24.12,7040,24.44,2025-09-03T16:00:00Z,925182,24.464151
24.82,24.98,24.82,14,24.96,2025-09-03T20:00:00Z,2548,24.935531
25.08,25.17,23.99,3675,24.87,2025-09-04T12:00:00Z,848752,24.566319
25.635,25.72,25.02,5486,25.04,2025-09-04T16:00:00Z,729989,25.474163
25.65,25.81,25.47,9,25.58,2025-09-04T20:00:00Z,2309,25.636735
26.22,26.96,25.6,6120,26.32,2025-09-05T12:00:00Z,1183070,26.350622
26.515,26.59,25.9,5381,26.24,2025-09-05T16:00:00Z,1058890,26.32307
26.39,26.49,26.39,3,26.49,2025-09-05T20:00:00Z,900,26.453333
27.11,27.43,26.74,3227,26.74,2025-09-08T12:00:00Z,1060634,27.102839
27.1,27.14,26.7,3957,27.11,2025-09-08T16:00:00Z,600831,26.974428
27.05,27.07,27.05,11,27.07,2025-09-08T20:00:00Z,1600,27.052857
27.03,27.34,26.58,2353,27.26,2025-09-09T12:00:00Z,500852,26.988615
27.18,27.2,26.89,4117,27.03,2025-09-09T16:00:00Z,474821,27.056477
27.51,27.61,27.06,211,27.18,2025-09-09T20:00:00Z,26683,27.340247
28.69,28.8,28.03,4264,28.03,2025-09-10T12:00:00Z,987154,28.561362
28.58,28.82,28.07,4852,28.67,2025-09-10T16:00:00Z,813574,28.46337
28.3,28.53,28.3,19,28.52,2025-09-10T20:00:00Z,1768,28.391894
29.24,29.61,28.3,3208,28.64,2025-09-11T12:00:00Z,704956,29.261644
29.16,29.425,29.04,6502,29.24,2025-09-11T16:00:00Z,635633,29.210226
29.05,29.13,29.05,30,29.1,2025-09-11T20:00:00Z,4957,29.108503
29.245,29.51,28.79,2247,29.37,2025-09-12T12:00:00Z,490746,29.117643
29.26,29.54,29.145,2448,29.23,2025-09-12T16:00:00Z,527896,29.363589
29.22,29.22,29.22,1,29.22,2025-09-12T20:00:00Z,200,29.22
29.74,29.99,28.93,2334,28.99,2025-09-15T12:00:00Z,486933,29.573576
30.03,30.03,29.625,3434,29.745,2025-09-15T16:00:00Z,662720,29.857202
30.02,30.02,30.0,5,30.0,2025-09-15T20:00:00Z,1012,30.007
29.84,30.63,29.8,2316,30.45,2025-09-16T12:00:00Z,529386,30.21539
30.49,30.64,29.82,5883,29.855,2025-09-16T16:00:00Z,626999,30.323306
30.37,30.75,30.02,2216,30.18,2025-09-17T12:00:00Z,404808,30.387407
30.45,31.235,29.17,7048,30.355,2025-09-17T16:00:00Z,818739,30.410778
30.63,30.68,30.47,31,30.47,2025-09-17T20:00:00Z,4951,30.648701
33.93,34.135,32.44,5045,32.89,2025-09-18T12:00:00Z,1237782,33.427621
33.63,34.13,33.43,5280,33.92,2025-09-18T16:00:00Z,1100334,33.779577
33.46,33.61,33.46,7,33.61,2025-09-18T20:00:00Z,1300,33.517435
32.63,33.56,32.12,3652,33.28,2025-09-19T12:00:00Z,654750,32.662259
32.97,33.045,32.62,8281,32.65,2025-09-19T16:00:00Z,553731,32.873402
32.97,32.97,32.97,3,32.97,2025-09-19T20:00:00Z,510,32.97
34.03,34.22,32.69,2088,32.69,2025-09-22T12:00:00Z,433322,33.908738
34.44,34.735,34.03,4999,34.03,2025-09-22T16:00:00Z,577475,34.526802
34.34,34.4,34.34,9,34.4,2025-09-22T20:00:00Z,900,34.374895
34.945,35.28,34.41,2302,34.82,2025-09-23T12:00:00Z,367836,35.009719
34.32,35.0,33.67,6140,34.96,2025-09-23T16:00:00Z,763322,34.274961
34.42,34.82,34.42,4,34.82,2025-09-23T20:00:00Z,377,34.596667
33.39,34.42,33.36,2758,34.42,2025-09-24T12:00:00Z,480295,33.933383
34.15,34.33,32.82,7608,33.38,2025-09-24T16:00:00Z,806270,33.861426
33.96,34.05,31.36,4881,32.79,2025-09-25T12:00:00Z,846374,32.698837
33.82,34.03,32.59,8816,33.94,2025-09-25T16:00:00Z,912037,33.597564
33.83,33.88,33.83,3,33.88,2025-09-25T20:00:00Z,624,33.855
33.41,34.42,32.84,3717,33.9,2025-09-26T12:00:00Z,696991,33.374571
34.0,34.22,33.33,9068,33.42,2025-09-26T16:00:00Z,804196,33.929375
33.99,34.09,33.99,14,34.09,2025-09-26T20:00:00Z,1446,34.019304
34.76,35.48,34.68,2614,35.0,2025-09-29T12:00:00Z,400059,35.165219
34.01,34.83,33.99,2865,34.83,2025-09-29T16:00:00Z,452388,34.335257
33.86,33.94,33.86,5,33.94,2025-09-29T20:00:00Z,699,33.92786
34.17,34.85,33.83,1875,33.83,2025-09-30T12:00:00Z,305085,34.376581
34.87,34.95,33.58,7370,34.19,2025-09-30T16:00:00Z,613389,34.359495
34.6,34.6,34.6,1,34.6,2025-09-30T20:00:00Z,300,34.6
35.68,35.7,34.0,2900,34.32,2025-10-01T12:00:00Z,454444,35.075971
36.875,36.97,35.585,7033,35.68,2025-10-01T16:00:00Z,699376,36.281407
36.65,36.81,36.65,5,36.81,2025-10-01T20:00:00Z,700,36.715751
38.89,39.09,38.15,3158,38.64,2025-10-02T12:00:00Z,537220,38.607305
39.03,39.32,38.73,5336,38.87,2025-10-02T16:00:00Z,546687,39.061174
39.05,39.05,39.05,1,39.05,2025-10-02T20:00:00Z,100,39.05
39.53,40.05,38.99,2584,39.34,2025-10-03T12:00:00Z,333928,39.548835
38.23,39.66,37.64,9987,39.52,2025-10-03T16:00:00Z,683582,38.445007
42.95,43.36,41.57,5579,41.58,2025-10-06T12:00:00Z,893108,42.73334
41.66,43.105,41.66,7762,42.975,2025-10-06T16:00:00Z,629503,42.391968
39.41,43.08,38.86,5201,42.75,2025-10-07T12:00:00Z,805815,40.728632
38.84,39.91,38.72,10664,39.41,2025-10-07T16:00:00Z,855424,39.219542
39.09,39.09,38.83,11,38.9,2025-10-07T20:00:00Z,1264,38.939574
41.69,41.83,38.52,3864,38.94,2025-10-08T12:00:00Z,486241,40.309699
42.81,42.93,41.485,4877,41.68,2025-10-08T16:00:00Z,381941,42.207581
42.83,42.87,42.76,20,42.76,2025-10-08T20:00:00Z,1422,42.816583
42.1,42.91,41.35,3046,42.85,2025-10-09T12:00:00Z,365639,42.10777
42.22,42.25,41.01,6252,42.095,2025-10-09T16:00:00Z,555146,41.733874
37.66,42.83,36.14,10272,42.62,2025-10-10T12:00:00Z,1732329,38.769918
34.2,37.79,34.17,10169,37.52,2025-10-10T16:00:00Z,1340374,36.1832
33.58,34.99,33.29,142,34.3,2025-10-10T20:00:00Z,13886,34.568112
39.1,39.11,37.415,5495,37.52,2025-10-13T12:00:00Z,751680,38.349347
39.14,39.47,38.715,4848,39.09,2025-10-13T16:00:00Z,460368,39.091483
39.15,39.15,39.08,3,39.08,2025-10-13T20:00:00Z,333,39.103333
37.92,38.14,35.96,5243,36.53,2025-10-14T12:00:00Z,618080,37.073251
36.635,39.0,36.53,9137,37.93,2025-10-14T16:00:00Z,696003,37.775098
36.75,36.78,36.75,3,36.78,2025-10-14T20:00:00Z,500,36.757778
39.3,40.17,38.25,3989,39.33,2025-10-15T12:00:00Z,395047,39.413458
39.99,40.13,37.75,11660,39.25,2025-10-15T16:00:00Z,793640,39.48732
39.84,39.97,39.84,20,39.97,2025-10-15T20:00:00Z,1606,39.871047
40.82,41.9,40.42,3417,41.47,2025-10-16T12:00:00Z,326721,41.306254
40.59,41.16,39.29,8167,40.77,2025-10-16T16:00:00Z,615245,40.261381
40.23,40.42,40.23,14,40.42,2025-10-16T20:00:00Z,1492,40.35547
39.52,40.8,38.34,5288,39.54,2025-10-17T12:00:00Z,548590,39.496599
40.18,40.51,38.98,6985,39.54,2025-10-17T16:00:00Z,657204,39.868061
40.37,40.37,40.11,16,40.12,2025-10-17T20:00:00Z,2376,40.173861
42.5,43.02,41.01,3079,41.02,2025-10-20T12:00:00Z,356907,42.477376
42.11,42.74,42.11,6130,42.54,2025-10-20T16:00:00Z,458350,42.410237
42.16,42.22,42.15,67,42.19,2025-10-20T20:00:00Z,8638,42.180342
41.78,42.34,40.57,2769,42.26,2025-10-21T12:00:00Z,294520,41.311948
41.45,42.02,41.1,6015,41.77,2025-10-21T16:00:00Z,384328,41.593386
40.93,41.03,40.93,4,41.03,2025-10-21T20:00:00Z,600,40.990474
38.48,40.8,37.51,4982,40.13,2025-10-22T12:00:00Z,482136,38.990815
38.385,38.5,35.97,7596,38.48,2025-10-22T16:00:00Z,825434,37.486016
38.57,38.64,38.21,12,38.36,2025-10-22T20:00:00Z,1403,38.461985
40.92,41.055,36.94,3422,37.53,2025-10-23T12:00:00Z,395633,39.924878
41.17,41.46,40.59,4655,40.92,2025-10-23T16:00:00Z,481165,41.106617
41.6,41.78,41.15,42,41.15,2025-10-23T20:00:00Z,6335,41.508915
43.52,44.15,42.7,3379,42.7,2025-10-24T12:00:00Z,386868,43.507153
43.14,43.86,43.125,8756,43.525,2025-10-24T16:00:00Z,464399,43.577694
43.23,43.24,43.23,12,43.24,2025-10-24T20:00:00Z,1326,43.233637
46.68,47.145,45.18,3629,45.88,2025-10-27T12:00:00Z,423200,46.261398
46.82,46.99,46.17,4401,46.69,2025-10-27T16:00:00Z,363672,46.557703
47.09,47.09,47.09,1,47.09,2025-10-27T20:00:00Z,100,47.09
46.76,46.935,45.94,2465,46.52,2025-10-28T12:00:00Z,281306,46.469288
46.91,47.605,46.79,7025,46.79,2025-10-28T16:00:00Z,503060,47.223102
49.93,50.75,48.95,4304,49.39,2025-10-29T12:00:00Z,651915,50.037384
49.395,50.245,48.07,9900,49.825,2025-10-29T16:00:00Z,858583,49.411318
49.21,49.4,49.2,13,49.4,2025-10-29T20:00:00Z,1863,49.307565
47.89,49.96,47.47,4069,49.3,2025-10-30T12:00:00Z,499145,48.600878
47.32,48.88,47.28,10524,47.92,2025-10-30T16:00:00Z,434564,48.130735
48.2,48.2,47.61,10,47.67,2025-10-30T20:00:00Z,1720,47.748235
48.28,49.985,48.28,3648,48.74,2025-10-31T12:00:00Z,453679,49.087448
47.73,48.72,46.74,6551,48.12,2025-10-31T16:00:00Z,770230,47.812469
47.65,47.65,47.65,1,47.65,2025-10-31T20:00:00Z,200,47.65
49.065,50.185,48.04,2186,49.47,2025-11-03T12:00:00Z,256759,49.045108
48.77,49.155,48.36,2012,49.055,2025-11-03T16:00:00Z,286009,48.868617
48.62,48.845,48.38,4317,48.78,2025-11-03T20:00:00Z,132932,48.628031
45.74,46.86,44.17,2862,45.1,2025-11-04T12:00:00Z,282324,45.796661
43.86,46.0,43.63,3965,45.74,2025-11-04T16:00:00Z,407097,44.730499
42.59,44.16,42.52,4412,43.89,2025-11-04T20:00:00Z,291704,43.207586
46.115,46.13,42.49,3151,42.6,2025-11-05T12:00:00Z,473353,44.965025
48.0,48.075,45.42,2474,46.085,2025-11-05T16:00:00Z,303238,47.009168
46.68,48.42,46.6,6124,47.965,2025-11-05T20:00:00Z,252626,47.590453
42.84,47.62,42.8,2986,47.49,2025-11-06T12:00:00Z,308899,45.203341
44.51,44.69,42.215,3030,42.995,2025-11-06T16:00:00Z,338379,43.480902
43.17,44.56,42.85,2719,44.47,2025-11-06T20:00:00Z,209598,43.599436
38.21,41.69,38.21,6308,41.34,2025-11-07T12:00:00Z,824482,39.723504
40.67,40.71,37.05,7480,38.205,2025-11-07T16:00:00Z,1012004,38.632307
42.13,42.17,39.97,9206,40.685,2025-11-07T20:00:00Z,404118,40.757899
43.915,45.515,43.885,3293,45.08,2025-11-10T12:00:00Z,487841,44.677909
44.995,45.185,43.5,2263,43.9,2025-11-10T16:00:00Z,282248,44.506527
44.86,45.405,44.83,3766,44.995,2025-11-10T20:00:00Z,274818,45.182557
42.27,44.01,41.65,2917,43.66,2025-11-11T12:00:00Z,324755,42.863165
42.19,43.165,41.85,4418,42.27,2025-11-11T16:00:00Z,526875,42.441883
42.38,42.47,41.74,6913,42.195,2025-11-11T20:00:00Z,358869,41.93368
43.65,44.63,42.85,3432,43.83,2025-11-12T12:00:00Z,457500,43.796819
43.29,44.29,43.13,3551,43.605,2025-11-12T16:00:00Z,540959,43.651507
43.745,43.825,43.01,6108,43.24,2025-11-12T20:00:00Z,339130,43.567607
40.12,43.14,39.56,4995,43.11,2025-11-13T12:00:00Z,610041,41.203453
38.44,40.39,38.02,6116,40.11,2025-11-13T16:00:00Z,796060,39.160238
39.21,39.34,38.0,4916,38.43,2025-11-13T20:00:00Z,433777,38.859275
39.98,40.26,35.17,5733,35.95,2025-11-14T12:00:00Z,758178,37.768224
39.56,40.59,38.75,4840,40.02,2025-11-14T16:00:00Z,559965,39.73183
38.89,39.67,38.305,4789,39.58,2025-11-14T20:00:00Z,330804,38.774831
38.53,39.99,37.525,2504,38.87,2025-11-17T12:00:00Z,368632,39.025077
35.97,38.88,35.96,3717,38.53,2025-11-17T16:00:00Z,621622,37.531082
36.95,36.96,35.54,7056,35.905,2025-11-17T20:00:00Z,473404,36.076208
33.73,35.925,33.165,8770,35.39,2025-11-18T12:00:00Z,1313189,34.221534
35.275,35.85,33.23,12395,33.7,2025-11-18T16:00:00Z,2129366,34.932353
34.11,35.44,34.02,3697,35.27,2025-11-18T20:00:00Z,533681,34.6978
36.1,37.25,34.42,3829,34.84,2025-11-19T12:00:00Z,520408,36.27195
35.5,36.22,34.2,6695,36.03,2025-11-19T16:00:00Z,1125305,35.259875
38.37,38.37,35.39,6296,35.44,2025-11-19T20:00:00Z,439343,36.105159
38.13,39.185,37.89,5480,38.72,2025-11-20T12:00:00Z,813204,38.616643
32.83,38.14,31.805,21423,38.12,2025-11-20T16:00:00Z,3661569,34.047171
30.68,32.82,30.43,9148,32.82,2025-11-20T20:00:00Z,1101631,31.238606
29.06,31.59,28.125,10091,30.81,2025-11-21T12:00:00Z,1616325,29.578287
32.25,33.04,28.44,13016,29.03,2025-11-21T16:00:00Z,2306779,31.370007
31.82,32.79,31.61,8491,32.19,2025-11-21T20:00:00Z,546871,32.136774
35.055,35.16,32.46,5126,32.5,2025-11-24T12:00:00Z,749167,34.219821
35.55,36.15,35.09,3229,35.09,2025-11-24T16:00:00Z,494079,35.736959
36.08,36.31,35.58,6429,35.59,2025-11-24T20:00:00Z,456777,36.032892
33.95,35.29,32.05,6964,35.2,2025-11-25T12:00:00Z,1059356,33.439202
35.33,35.75,33.62,5588,33.935,2025-11-25T16:00:00Z,1146986,34.807005
35.96,36.45,35.33,2938,35.33,2025-11-25T20:00:00Z,432548,36.052824
38.72,38.73,36.75,4577,36.75,2025-11-26T12:00:00Z,734974,37.888559
39.78,39.79,38.725,4610,38.725,2025-11-26T16:00:00Z,859107,39.213398
39.12,40.14,39.07,6025,39.76,2025-11-26T20:00:00Z,494788,39.661316
40.545,40.7,39.27,3649,39.98,2025-11-28T12:00:00Z,588452,40.121548
41.28,41.3,40.4,5247,40.54,2025-11-28T16:00:00Z,923189,40.784055
41.29,41.44,39.07,3746,39.13,2025-12-01T12:00:00Z,608665,40.531129
41.37,42.35,40.89,3863,41.28,2025-12-01T16:00:00Z,899891,41.686455
41.71,41.79,41.245,4474,41.34,2025-12-01T20:00:00Z,403129,41.416488
43.92,44.6,42.345,5196,42.76,2025-12-02T12:00:00Z,748683,43.938709
44.2,44.25,42.04,5702,43.935,2025-12-02T16:00:00Z,908608,43.218362
43.8,44.305,43.725,4530,44.19,2025-12-02T20:00:00Z,358187,43.987935
44.625,45.25,43.16,4743,45.12,2025-12-03T12:00:00Z,667054,44.190465
45.905,45.985,44.26,3466,44.65,2025-12-03T16:00:00Z,595473,45.127995
46.21,46.67,45.89,6129,45.9,2025-12-03T20:00:00Z,438220,46.427795
45.31,46.07,44.78,3591,45.85,2025-12-04T12:00:00Z,545758,45.407742
45.21,46.08,44.79,2861,45.295,2025-12-04T16:00:00Z,482580,45.443083
45.13,45.36,44.445,4904,45.23,2025-12-04T20:00:00Z,311118,44.80787
46.785,48.045,45.51,2879,46.28,2025-12-05T12:00:00Z,397239,47.226678
47.125,47.47,46.44,2425,46.78,2025-12-05T16:00:00Z,343732,46.992835
46.48,47.12,46.31,3059,47.1,2025-12-05T20:00:00Z,268214,46.637366
47.105,48.6,47.07,2915,47.54,2025-12-08T12:00:00Z,378642,47.884151
47.255,48.24,46.735,3611,47.06,2025-12-08T16:00:00Z,562475,47.450001
48.3,48.6,47.1,4870,47.24,2025-12-08T20:00:00Z,167125,47.595195
47.7,47.715,46.475,1777,47.59,2025-12-09T12:00:00Z,224375,47.170341
47.645,48.02,47.36,1373,47.765,2025-12-09T16:00:00Z,204803,47.742691
47.6,47.94,47.525,4193,47.655,2025-12-09T20:00:00Z,200295,47.766555
47.47,48.16,47.02,1561,47.65,2025-12-10T12:00:00Z,158028,47.615078
49.75,49.78,47.1,3971,47.42,2025-12-10T16:00:00Z,476756,48.380615
49.25,50.08,48.88,5592,49.755,2025-12-10T20:00:00Z,346224,49.829931
46.37,48.35,44.68,2674,48.35,2025-12-11T12:00:00Z,350797,46.282155
48.09,48.24,45.71,1994,46.36,2025-12-11T16:00:00Z,261369,47.07572
49.62,49.64,48.075,8125,48.13,2025-12-11T20:00:00Z,199041,48.511301
43.09,47.355,42.94,4796,47.13,2025-12-12T12:00:00Z,762774,44.881115
42.365,44.1,41.855,5843,43.06,2025-12-12T16:00:00Z,698295,42.801856
41.88,42.49,41.06,7065,42.375,2025-12-12T20:00:00Z,280653,41.631293
41.8,43.4,40.8,3049,43.2,2025-12-15T12:00:00Z,407643,42.308947
41.69,42.74,41.37,2311,41.87,2025-12-15T16:00:00Z,345731,41.957337
41.09,41.79,40.895,4287,41.71,2025-12-15T20:00:00Z,337544,41.187241
40.51,41.73,39.24,3120,40.89,2025-12-16T12:00:00Z,502551,40.565797
39.93,40.69,39.515,2622,40.56,2025-12-16T16:00:00Z,412111,39.963063
40.16,40.83,39.87,2856,39.88,2025-12-16T20:00:00Z,214212,40.50764
37.175,41.8,37.02,3351,41.77,2025-12-17T12:00:00Z,466301,39.258005
36.125,37.935,35.7,4167,37.15,2025-12-17T16:00:00Z,664680,36.772583
36.82,37.23,35.71,6749,36.16,2025-12-17T20:00:00Z,293432,35.993102
39.195,40.4,38.11,3318,38.44,2025-12-18T12:00:00Z,499985,39.438142
38.57,39.78,38.3,2074,39.23,2025-12-18T16:00:00Z,321828,39.025899
38.33,39.35,38.33,4597,38.555,2025-12-18T20:00:00Z,203936,39.00092
41.24,42.19,39.09,2847,39.12,2025-12-19T12:00:00Z,382557,41.334548
42.05,42.29,41.02,2251,41.19,2025-12-19T16:00:00Z,339798,41.894947
42.09,42.355,41.725,4819,42.095,2025-12-19T20:00:00Z,352306,42.040441
43.28,44.55,42.73,2918,43.77,2025-12-22T12:00:00Z,401354,43.389049
43.31,43.56,43.08,1813,43.3,2025-12-22T16:00:00Z,334458,43.345861
43.27,43.44,42.825,3860,43.32,2025-12-22T20:00:00Z,222008,43.177679
43.245,43.58,42.23,1531,43.02,2025-12-23T12:00:00Z,208272,42.888205
43.67,43.765,43.1,1323,43.24,2025-12-23T16:00:00Z,186122,43.527593
43.73,43.81,43.64,3249,43.69,2025-12-23T20:00:00Z,229281,43.703215
44.035,44.29,43.59,1331,43.8,2025-12-24T12:00:00Z,225849,44.044829
44.19,44.355,43.945,4270,44.025,2025-12-24T16:00:00Z,303618,44.108517
44.54,44.93,43.81,1432,44.78,2025-12-26T12:00:00Z,192036,44.337103
44.47,44.65,44.16,1215,44.55,2025-12-26T16:00:00Z,213672,44.441318
44.11,44.44,44.11,3664,44.41,2025-12-26T20:00:00Z,191216,44.309988
43.015,44.31,42.37,2011,43.21,2025-12-29T12:00:00Z,261118,43.353585
43.6,43.69,42.77,1679,43.075,2025-12-29T16:00:00Z,251280,43.174898
43.9,43.965,43.595,4832,43.605,2025-12-29T20:00:00Z,191577,43.774267
44.43,44.45,43.77,1205,44.25,2025-12-30T12:00:00Z,170090,44.137203
43.82,44.75,43.79,1150,44.4,2025-12-30T16:00:00Z,182453,44.242956
43.61,43.865,43.53,6142,43.8,2025-12-30T20:00:00Z,167076,43.72682
43.01,44.135,42.85,1283,43.6,2025-12-31T12:00:00Z,156280,43.355328
42.625,43.29,42.52,1050,43.04,2025-12-31T16:00:00Z,152429,42.986506
41.98,42.63,41.92,5403,42.63,2025-12-31T20:00:00Z,264014,42.334362
46.07,48.085,44.85,6102,44.87,2026-01-02T12:00:00Z,880120,46.941668
47.44,47.64,45.72,4409,46.11,2026-01-02T16:00:00Z,705988,46.671971
47.27,48.015,47.2,5884,47.43,2026-01-02T20:00:00Z,820495,47.505007
50.7,51.22,49.19,5256,49.9,2026-01-05T12:00:00Z,662147,50.355275
48.99,50.94,48.64,4788,50.65,2026-01-05T16:00:00Z,758368,49.748246
49.64,49.68,48.86,9233,48.975,2026-01-05T20:00:00Z,424628,49.173383
52.74,53.88,50.6,4102,50.71,2026-01-06T12:00:00Z,554294,52.744043
53.615,53.72,52.475,3408,52.62,2026-01-06T16:00:00Z,577527,53.339299
53.66,54.29,53.36,1516,53.6,2026-01-06T20:00:00Z,167100,53.954832
52.18,52.74,50.87,3662,52.65,2026-01-07T12:00:00Z,440486,51.873112
51.855,52.35,51.53,2217,52.2,2026-01-07T16:00:00Z,293265,51.950454
52.13,52.33,51.48,9434,51.87,2026-01-07T20:00:00Z,317719,51.95676
48.925,51.9,48.17,4187,51.63,2026-01-08T12:00:00Z,500140,49.347079
49.495,49.77,48.14,3128,48.96,2026-01-08T16:00:00Z,413699,48.936084
49.89,49.89,49.14,10208,49.46,2026-01-08T20:00:00Z,333639,49.575269
53.25,53.25,50.345,4646,51.13,2026-01-09T12:00:00Z,590086,52.068023
54.095,54.18,53.09,2747,53.26,2026-01-09T16:00:00Z,396612,53.697847
53.84,54.75,53.84,17186,54.09,2026-01-09T20:00:00Z,448695,54.307149
54.36,54.63,52.16,2280,52.25,2026-01-12T12:00:00Z,263932,53.904708
55.055,55.13,54.125,2033,54.19,2026-01-12T16:00:00Z,234626,54.636227
54.48,55.11,54.48,6155,55.07,2026-01-12T20:00:00Z,176003,54.853831
56.33,56.655,54.61,2305,54.72,2026-01-13T12:00:00Z,260561,56.022219
56.42,57.63,55.9,3032,56.32,2026-01-13T16:00:00Z,367935,56.744656
56.14,56.375,55.575,5846,56.375,2026-01-13T20:00:00Z,188688,55.947167
53.91,55.255,53.43,2656,54.95,2026-01-14T12:00:00Z,257700,54.332532
53.67,54.55,53.01,2288,53.91,2026-01-14T16:00:00Z,241291,53.728305
55.44,55.58,53.185,4955,53.72,2026-01-14T20:00:00Z,181087,54.632748
60.6,61.64,59.74,3695,60.42,2026-01-15T12:00:00Z,411399,60.686758
59.85,61.215,59.585,3275,60.53,2026-01-15T16:00:00Z,373724,60.74315
58.3,60.01,58.025,6581,59.835,2026-01-15T20:00:00Z,404508,58.636883
60.85,62.16,59.5,2980,60.96,2026-01-16T12:00:00Z,334388,61.096429
60.8,61.27,60.35,2481,60.85,2026-01-16T16:00:00Z,260281,60.784752
60.65,61.15,60.65,6061,60.73,2026-01-16T20:00:00Z,187805,60.865726
60.56,60.79,57.13,3291,57.47,2026-01-20T12:00:00Z,435024,59.620125
58.35,61.005,57.235,3429,60.55,2026-01-20T16:00:00Z,456237,59.325427
58.37,58.49,57.625,5773,58.35,2026-01-20T20:00:00Z,333483,58.020453
63.79,64.12,59.48,3461,59.8,2026-01-21T12:00:00Z,553469,62.125247
64.995,65.015,60.39,4298,63.795,2026-01-21T16:00:00Z,698923,62.681333
63.77,65.1,63.455,6156,65.04,2026-01-21T20:00:00Z,453412,63.950978
63.64,66.95,63.05,4132,66.38,2026-01-22T12:00:00Z,604713,64.613668
63.665,64.68,63.49,2170,63.55,2026-01-22T16:00:00Z,251733,64.162746
62.95,63.91,62.86,10900,63.67,2026-01-22T20:00:00Z,309820,63.471367
62.61,63.345,60.41,2311,62.75,2026-01-23T12:00:00Z,283312,61.844513
60.98,62.905,60.175,2752,62.6,2026-01-23T16:00:00Z,345924,61.220355
61.53,61.62,60.22,12859,60.98,2026-01-23T20:00:00Z,337517,61.042195
61.04,61.89,59.65,2152,60.1,2026-01-26T12:00:00Z,327284,61.011031
60.955,61.555,60.605,1350,61.05,2026-01-26T16:00:00Z,164571,61.072675
60.685,61.05,60.595,4303,60.945,2026-01-26T20:00:00Z,205970,60.776146
65.49,65.5,62.56,3226,63.59,2026-01-27T12:00:00Z,425271,64.499672
65.35,65.98,65.29,2771,65.495,2026-01-27T16:00:00Z,348874,65.657333
66.41,66.41,64.66,23529,65.3,2026-01-27T20:00:00Z,380517,65.167865
68.12,71.02,68.0,3271,71.02,2026-01-28T12:00:00Z,420559,69.3794
69.775,70.53,68.15,2978,68.15,2026-01-28T16:00:00Z,388692,69.518651
71.08,71.08,69.58,6745,69.685,2026-01-28T20:00:00Z,303053,70.104683
63.655,71.96,63.22,5727,70.76,2026-01-29T12:00:00Z,661336,67.390854
68.445,69.09,62.67,4993,63.67,2026-01-29T16:00:00Z,594226,66.750761
70.48,70.5,68.225,3527,68.32,2026-01-29T20:00:00Z,145248,69.268116
67.315,69.855,66.125,3091,68.06,2026-01-30T12:00:00Z,405512,67.902133
62.725,67.545,62.57,4692,67.26,2026-01-30T16:00:00Z,635151,64.513656
61.7,62.985,60.29,7432,62.77,2026-01-30T20:00:00Z,431515,61.576138
65.295,66.025,59.325,3386,59.99,2026-02-02T12:00:00Z,379034,63.467705
65.145,66.9,64.8,2183,65.305,2026-02-02T16:00:00Z,195653,66.022852
65.77,65.87,64.38,15142,65.115,2026-02-02T20:00:00Z,289708,64.901926
63.435,67.575,60.55,4608,67.19,2026-02-03T12:00:00Z,492192,62.855474
59.0,63.425,57.03,4610,63.425,2026-02-03T16:00:00Z,515419,59.383853
59.87,61.8,57.975,17275,58.88,2026-02-03T20:00:00Z,330880,59.975456
54.7,61.01,54.565,6043,59.94,2026-02-04T12:00:00Z,733719,57.735553
54.905,55.01,49.34,11486,54.74,2026-02-04T16:00:00Z,1397401,51.8629
55.72,56.02,53.0,6850,54.93,2026-02-04T20:00:00Z,380476,53.905459
51.89,55.47,50.03,7054,52.21,2026-02-05T12:00:00Z,896537,52.313383
53.525,54.69,50.7,6777,51.9,2026-02-05T16:00:00Z,774525,53.449857
51.19,54.4,51.05,4532,53.42,2026-02-05T20:00:00Z,388078,53.079031
59.42,60.64,55.73,5397,56.44,2026-02-06T12:00:00Z,674698,58.545704
61.09,62.17,59.255,3973,59.445,2026-02-06T16:00:00Z,395875,61.084065
61.34,62.245,60.885,7611,61.035,2026-02-06T20:00:00Z,352687,61.90673
64.0,64.28,59.29,3063,60.67,2026-02-09T12:00:00Z,400451,62.301668
64.72,65.04,63.7,2540,64.025,2026-02-09T16:00:00Z,239104,64.503392
63.985,64.9,63.985,8174,64.69,2026-02-09T20:00:00Z,211836,64.289396
63.42,64.94,61.49,2525,64.37,2026-02-10T12:00:00Z,273662,63.317754
63.705,65.205,63.245,1373,63.375,2026-02-10T16:00:00Z,146336,64.136763
63.02,63.72,62.67,4170,63.72,2026-02-10T20:00:00Z,89804,63.165406
66.91,69.09,63.275,3634,64.0,2026-02-11T12:00:00Z,366196,66.224936
68.02,68.4,65.915,2944,67.015,2026-02-11T16:00:00Z,279595,67.363523
68.21,68.72,67.88,11592,68.0,2026-02-11T20:00:00Z,207665,68.332823
67.3,70.83,67.265,2620,70.15,2026-02-12T12:00:00Z,254226,69.330675
64.22,67.64,63.0,4184,67.3,2026-02-12T16:00:00Z,492830,64.367488
64.63,64.78,62.89,3122,64.35,2026-02-12T20:00:00Z,115487,63.30272
64.66,66.21,61.49,4725,63.67,2026-02-13T12:00:00Z,574197,64.169757
64.81,66.0,64.045,3845,64.7,2026-02-13T16:00:00Z,384417,65.264323
64.63,65.44,63.87,16773,64.93,2026-02-13T20:00:00Z,352089,64.338983
62.84,63.88,59.67,4302,61.6,2026-02-17T12:00:00Z,512013,61.439303
65.11,65.96,62.815,4233,62.815,2026-02-17T16:00:00Z,430367,64.51469
63.81,65.46,63.81,2798,65.14,2026-02-17T20:00:00Z,151200,64.486559
67.785,68.205,64.11,4027,66.11,2026-02-18T12:00:00Z,409860,66.462008
65.57,68.44,65.39,4488,67.8,2026-02-18T16:00:00Z,412422,67.456734
66.19,66.48,65.06,10102,65.57,2026-02-18T20:00:00Z,425447,65.902693
64.66,66.11,62.98,3168,66.11,2026-02-19T12:00:00Z,328677,64.425569
63.98,65.48,63.12,5667,64.61,2026-02-19T16:00:00Z,528322,64.075997
65.23,65.25,63.62,11009,64.02,2026-02-19T20:00:00Z,328499,64.420966
67.94,68.02,63.65,4244,64.01,2026-02-20T12:00:00Z,439372,66.283541
66.39,68.22,65.19,5949,67.93,2026-02-20T16:00:00Z,566234,66.648415
67.13,67.16,66.26,15585,66.335,2026-02-20T20:00:00Z,284954,66.756536
64.31,67.65,64.27,4039,65.36,2026-02-23T12:00:00Z,458634,66.576145
64.01,65.26,63.48,4914,64.29,2026-02-23T16:00:00Z,479659,64.246914
65.72,65.885,63.92,11192,64.02,2026-02-23T20:00:00Z,167000,65.070783
69.21,69.88,66.37,3915,68.78,2026-02-24T12:00:00Z,389775,68.714641
68.75,69.99,68.21,4590,69.29,2026-02-24T16:00:00Z,409237,69.339504
68.41,69.43,68.41,13499,68.74,2026-02-24T20:00:00Z,303210,68.885542
70.79,72.34,70.49,2602,70.59,2026-02-25T12:00:00Z,277743,71.492599
71.9,72.1,70.7,2314,70.87,2026-02-25T16:00:00Z,263520,71.549045
72.82,73.04,71.74,3481,71.94,2026-02-25T20:00:00Z,250757,71.904016
63.9,71.84,61.65,7624,71.72,2026-02-26T12:00:00Z,1168386,64.013522
64.575,65.125,62.55,3459,64.16,2026-02-26T16:00:00Z,375600,64.021182
65.17,65.35,63.75,11036,64.465,2026-02-26T20:00:00Z,349392,64.707238
63.095,63.75,60.68,4148,62.95,2026-02-27T12:00:00Z,481826,62.309959
61.6,63.25,61.08,3156,63.03,2026-02-27T16:00:00Z,418041,61.896047
62.765,62.9,61.39,14711,61.545,2026-02-27T20:00:00Z,496084,62.515057
60.53,61.81,58.05,4437,58.19,2026-03-02T12:00:00Z,624752,60.31541
62.43,62.78,60.1,4510,60.56,2026-03-02T16:00:00Z,703551,61.762298
62.14,62.81,61.42,4258,62.46,2026-03-02T20:00:00Z,421479,62.316106
52.87,56.84,51.39,8136,56.84,2026-03-03T12:00:00Z,1135113,53.210868
54.115,55.6,52.67,7998,52.83,2026-03-03T16:00:00Z,982228,54.525298
53.02,54.485,52.99,10097,54.12,2026-03-03T20:00:00Z,421670,53.731683
57.47,57.51,54.48,4979,55.18,2026-03-04T12:00:00Z,650754,55.882333
57.12,57.72,56.0,4354,57.48,2026-03-04T16:00:00Z,551826,56.984876
56.65,57.21,56.15,14248,57.105,2026-03-04T20:00:00Z,381926,56.629887
56.62,57.675,55.11,3361,56.35,2026-03-05T12:00:00Z,383444,56.422601
52.1,56.67,51.16,9475,56.61,2026-03-05T16:00:00Z,1231662,53.282577
54.86,54.86,52.0,12328,52.1,2026-03-05T20:00:00Z,643046,53.540703
52.51,53.2,49.71,4522,52.57,2026-03-06T12:00:00Z,587107,51.592888
50.265,53.35,50.24,5064,52.51,2026-03-06T16:00:00Z,710153,51.632204
48.13,50.75,46.8,6373,50.305,2026-03-06T20:00:00Z,927949,48.101405
49.0,49.065,44.53,7323,45.27,2026-03-09T12:00:00Z,974861,46.453807
53.425,53.78,48.975,13228,49.005,2026-03-09T16:00:00Z,1078513,51.38293
53.18,53.18,52.68,32,53.02,2026-03-09T20:00:00Z,2249,52.946522
57.09,57.35,52.33,6825,52.86,2026-03-10T12:00:00Z,1034831,55.611984
54.59,57.78,53.86,18962,57.085,2026-03-10T16:00:00Z,1609095,55.716118
55.08,55.25,54.52,71,54.64,2026-03-10T20:00:00Z,7647,55.098413
56.22,57.73,54.44,7173,54.8,2026-03-11T12:00:00Z,1031767,56.74273
56.11,56.99,55.49,10873,56.27,2026-03-11T16:00:00Z,865955,56.20127
56.11,56.13,56.05,26,56.09,2026-03-11T20:00:00Z,2385,56.108527
51.43,54.97,49.535,8641,54.97,2026-03-12T12:00:00Z,1094603,51.150948
50.33,52.015,49.89,15051,51.47,2026-03-12T16:00:00Z,992262,50.672336
50.48,50.48,50.16,28,50.33,2026-03-12T20:00:00Z,2385,50.383236
50.765,53.95,50.5,6535,51.72,2026-03-13T12:00:00Z,856219,52.130383
50.7,51.46,50.055,15317,50.77,2026-03-13T16:00:00Z,853216,50.683929
50.65,50.65,50.53,12,50.61,2026-03-13T20:00:00Z,842,50.589925
54.69,55.345,53.54,4951,53.56,2026-03-16T12:00:00Z,664149,54.741236
53.705,55.67,53.02,12277,54.8,2026-03-16T16:00:00Z,1011806,54.314359
53.77,53.8,53.54,16,53.71,2026-03-16T20:00:00Z,1250,53.714
53.76,55.44,53.475,4786,53.62,2026-03-17T12:00:00Z,621021,54.719543
54.96,55.0,53.3,8316,53.64,2026-03-17T16:00:00Z,485062,54.396592
55.07,55.1,54.95,51,54.95,2026-03-17T20:00:00Z,4193,55.017196
56.02,56.74,54.08,3858,56.74,2026-03-18T12:00:00Z,575881,55.540871
54.015,56.48,54.005,11243,55.97,2026-03-18T16:00:00Z,1070013,55.27163
53.72,54.7,53.23,35,54.7,2026-03-18T20:00:00Z,2906,54.152273
52.73,53.6,48.505,6624,51.05,2026-03-19T12:00:00Z,876240,51.566743
54.87,56.11,52.38,12747,52.65,2026-03-19T16:00:00Z,1179397,54.441654
55.27,55.28,54.95,71,55.04,2026-03-19T20:00:00Z,4378,55.136855
52.51,55.34,51.395,5988,53.79,2026-03-20T12:00:00Z,598768,52.798361
51.115,52.95,49.0,22910,52.505,2026-03-20T16:00:00Z,1318952,50.32866
51.54,51.54,50.93,92,51.0,2026-03-20T20:00:00Z,5160,51.162583
52.84,56.8,52.75,9169,53.32,2026-03-23T12:00:00Z,1053226,55.362194
53.005,54.43,52.31,16824,52.81,2026-03-23T16:00:00Z,903883,53.459675
53.03,53.06,52.84,59,52.94,2026-03-23T20:00:00Z,3514,52.91169
55.19,56.08,51.535,5665,52.79,2026-03-24T12:00:00Z,623200,54.043558
55.04,55.89,53.7,12013,55.19,2026-03-24T16:00:00Z,727461,54.932576
57.1,57.65,54.98,320,55.06,2026-03-24T20:00:00Z,31124,56.733324
57.12,58.19,55.6,5955,57.99,2026-03-25T12:00:00Z,587850,56.960932
57.08,57.98,56.46,10079,57.09,2026-03-25T16:00:00Z,617876,57.148487
56.93,57.22,56.93,29,57.17,2026-03-25T20:00:00Z,2212,57.096834
52.47,54.43,51.075,6547,53.97,2026-03-26T12:00:00Z,780264,52.486243
48.98,52.66,48.875,20250,52.43,2026-03-26T16:00:00Z,1429566,50.274631
49.85,50.75,48.98,143,49.1,2026-03-26T20:00:00Z,9797,49.765815
48.25,49.37,46.41,5417,47.55,2026-03-27T12:00:00Z,562411,47.802472
46.685,48.38,45.96,11886,48.305,2026-03-27T16:00:00Z,658732,46.597814
46.2,46.61,46.19,39,46.61,2026-03-27T20:00:00Z,3729,46.352253
42.54,48.285,41.71,8072,47.6,2026-03-30T12:00:00Z,1080517,43.860782
40.65,42.575,39.54,12407,42.57,2026-03-30T16:00:00Z,1078839,40.611698
40.34,40.64,40.33,24,40.64,2026-03-30T20:00:00Z,1897,40.426452
43.35,44.74,42.08,5762,42.08,2026-03-31T12:00:00Z,671532,43.926462
47.99,48.175,43.375,20842,43.375,2026-03-31T16:00:00Z,1446887,47.006574
47.84,47.99,47.84,13,47.89,2026-03-31T20:00:00Z,1231,47.958889
53.88,53.99,49.64,5885,50.78,2026-04-01T12:00:00Z,719354,52.5079
52.27,54.08,51.5,11674,53.84,2026-04-01T16:00:00Z,1052494,52.637662
52.22,52.31,52.07,59,52.31,2026-04-01T20:00:00Z,4622,52.148324
51.75,53.01,45.93,5172,45.93,2026-04-02T12:00:00Z,657583,50.171969
52.745,52.975,50.65,10304,51.85,2026-04-02T16:00:00Z,340706,52.108853
52.65,52.8,52.58,27,52.78,2026-04-02T20:00:00Z,2232,52.734445
54.515,55.585,52.88,4651,54.1,2026-04-06T12:00:00Z,568619,54.292291
54.8,54.84,53.18,9454,54.57,2026-04-06T16:00:00Z,466238,54.239245
53.88,55.635,52.13,4054,52.83,2026-04-07T12:00:00Z,490983,53.646905
56.54,56.595,53.42,10495,53.925,2026-04-07T16:00:00Z,852799,55.25572
56.91,57.17,56.54,63,56.75,2026-04-07T20:00:00Z,6213,56.836752
66.7,67.17,63.595,5565,65.78,2026-04-08T12:00:00Z,603269,65.911938
67.58,67.97,65.78,6085,66.73,2026-04-08T16:00:00Z,641921,67.036655
66.94,67.43,66.94,8,67.43,2026-04-08T20:00:00Z,890,67.25625
70.7,70.7,66.94,3349,66.94,2026-04-09T12:00:00Z,332767,69.554742
72.02,72.26,70.12,9090,70.7,2026-04-09T16:00:00Z,466250,71.33632
71.8,71.92,71.69,38,71.92,2026-04-09T20:00:00Z,2855,71.830894
76.13,78.3,73.45,7175,73.45,2026-04-10T12:00:00Z,791989,76.884371
76.415,77.835,75.84,13381,76.14,2026-04-10T16:00:00Z,730930,76.894681
76.8,76.91,76.55,21,76.61,2026-04-10T20:00:00Z,2103,76.702295
76.75,77.83,74.02,3824,74.09,2026-04-13T12:00:00Z,434889,76.807673
80.57,80.73,76.23,10766,76.83,2026-04-13T16:00:00Z,724058,78.93504
81.51,81.59,80.31,63,80.39,2026-04-13T20:00:00Z,4573,80.691667
82.875,83.9,80.735,3679,83.73,2026-04-14T12:00:00Z,431190,82.062539
85.4,85.56,82.67,11957,82.86,2026-04-14T16:00:00Z,574695,84.482165
85.31,85.31,85.31,5,85.31,2026-04-14T20:00:00Z,400,85.31
83.57,85.97,83.0,3566,84.75,2026-04-15T12:00:00Z,434501,84.26742
85.885,85.98,79.785,12490,83.58,2026-04-15T16:00:00Z,689525,83.086165
88.84,89.35,83.345,5181,84.67,2026-04-16T12:00:00Z,559382,86.760309
88.42,89.255,86.42,18577,88.83,2026-04-16T16:00:00Z,677889,87.983222
88.42,88.42,88.24,17,88.24,2026-04-16T20:00:00Z,1510,88.364545
92.92,95.62,90.17,3354,90.3,2026-04-17T12:00:00Z,302979,92.677028
94.72,94.74,92.63,4111,92.83,2026-04-17T16:00:00Z,224260,93.854412
93.98,96.785,92.04,3249,94.09,2026-04-20T12:00:00Z,289372,94.331259
95.94,96.24,93.41,5383,93.92,2026-04-20T16:00:00Z,263234,95.036098
95.86,95.86,95.86,1,95.86,2026-04-20T20:00:00Z,150,95.86
97.78,99.84,95.33,2257,98.6,2026-04-21T12:00:00Z,220012,98.177213
98.1,99.94,96.3,4850,98.03,2026-04-21T16:00:00Z,237663,98.015052
99.47,99.79,98.13,126,98.4,2026-04-21T20:00:00Z,7891,99.22425
102.8,103.6,99.68,2722,102.71,2026-04-22T12:00:00Z,218094,101.983671
105.69,106.045,102.89,6692,103.075,2026-04-22T16:00:00Z,293732,104.96654
108.92,109.31,105.52,10,105.52,2026-04-22T20:00:00Z,755,108.580769
115.15,116.5,107.57,3632,108.57,2026-04-23T12:00:00Z,337625,113.200814
112.69,116.745,107.56,7095,115.25,2026-04-23T16:00:00Z,500095,111.61075
115.69,116.0,114.65,33,114.65,2026-04-23T20:00:00Z,1574,115.321429
128.09,128.72,120.33,4341,126.71,2026-04-24T12:00:00Z,378164,125.382985
128.32,130.1,127.0,8829,128.06,2026-04-24T16:00:00Z,278718,128.254694
127.82,128.24,127.82,44,127.96,2026-04-24T20:00:00Z,2886,128.048637
119.93,130.36,117.88,4741,130.36,2026-04-27T12:00:00Z,449523,121.833034
123.35,123.6,118.73,14320,120.06,2026-04-27T16:00:00Z,290240,121.342405
122.28,123.3,122.28,22,123.29,2026-04-27T20:00:00Z,1175,122.739
106.1,115.56,104.01,6800,107.93,2026-04-28T12:00:00Z,704634,109.460961
109.59,112.43,105.86,19500,106.21,2026-04-28T16:00:00Z,431453,109.530449
111.86,113.53,110.89,19,110.89,2026-04-28T20:00:00Z,1543,111.68829
115.225,117.78,112.4,3588,115.21,2026-04-29T12:00:00Z,285522,115.215065
118.05,118.31,113.37,9999,115.27,2026-04-29T16:00:00Z,406917,116.228224
117.32,117.87,112.66,85,117.75,2026-04-29T20:00:00Z,4204,116.325862
123.59,125.54,117.51,4128,122.27,2026-04-30T12:00:00Z,342983,121.554722
126.93,127.425,123.19,16926,123.495,2026-04-30T16:00:00Z,295977,125.777568
125.31,127.56,125.31,36,126.81,2026-04-30T20:00:00Z,2843,126.889231
128.64,129.62,121.67,3206,123.38,2026-05-01T12:00:00Z,269211,126.844625
130.35,131.33,127.99,5484,128.85,2026-05-01T16:00:00Z,181192,129.733498
129.55,130.26,129.55,17,130.25,2026-05-01T20:00:00Z,1319,129.962727
127.3,133.6,125.83,3437,131.48,2026-05-04T12:00:00Z,247607,129.876877
127.465,128.975,123.91,17125,127.18,2026-05-04T16:00:00Z,257336,127.327708
126.44,127.01,126.21,42,127.01,2026-05-04T20:00:00Z,1693,126.477778
145.55,145.95,132.44,3324,132.44,2026-05-05T12:00:00Z,242170,140.261593
144.245,147.225,142.67,13990,145.37,2026-05-05T16:00:00Z,306316,145.049523
148.3,149.8,144.34,105,144.34,2026-05-05T20:00:00Z,5065,146.213235
160.24,162.19,149.195,6030,161.5,2026-05-06T12:00:00Z,391237,156.843992
165.75,166.0,159.56,8603,160.32,2026-05-06T16:00:00Z,169041,162.804022
164.51,167.9,164.51,56,165.52,2026-05-06T20:00:00Z,2951,165.992174
154.98,162.82,152.58,6589,160.89,2026-05-07T12:00:00Z,600142,158.367693
151.97,156.02,147.74,18899,155.2,2026-05-07T16:00:00Z,589892,151.645636
154.12,154.12,153.64,7,153.64,2026-05-07T20:00:00Z,435,153.805
170.03,171.17,160.28,2694,160.33,2026-05-08T12:00:00Z,208166,167.615037
177.445,177.5,169.48,15033,170.225,2026-05-08T16:00:00Z,294045,174.712417
177.32,177.8,177.32,29,177.8,2026-05-08T20:00:00Z,1042,177.542
188.585,189.32,178.04,5467,179.46,2026-05-11T12:00:00Z,428274,184.354135
190.36,191.24,185.22,5405,188.36,2026-05-11T16:00:00Z,367021,189.186458
154.43,182.17,154.13,8043,178.1,2026-05-12T12:00:00Z,734516,167.349634
172.54,172.72,150.65,19961,153.76,2026-05-12T16:00:00Z,925321,161.624848
179.85,184.74,172.405,5663,184.51,2026-05-13T12:00:00Z,627338,179.855719
184.355,188.43,179.64,14191,179.64,2026-05-13T16:00:00Z,384438,184.86359
187.56,189.45,178.57,3307,183.98,2026-05-14T12:00:00Z,264597,186.344647
186.17,189.485,181.32,9089,187.0,2026-05-14T16:00:00Z,242764,186.004385
163.02,168.97,163.02,1174,168.9,2026-05-15T12:00:00Z,94378,165.417684
