c,h,l,n,o,t,v,vw
10.96,11.2,10.68,144,10.7,2021-05-17T12:00:00Z,26924,10.904211
10.675,11.13,10.675,252,10.98,2021-05-17T16:00:00Z,41615,10.866576
10.68,10.68,10.68,1,10.68,2021-05-17T20:00:00Z,300,10.68
10.61,10.71,10.33,62,10.42,2021-05-18T12:00:00Z,13620,10.510169
10.89,10.895,10.46,56,10.585,2021-05-18T16:00:00Z,11320,10.701133
11.0,11.0,10.89,4,10.89,2021-05-18T20:00:00Z,600,10.921667
10.78,11.67,10.735,172,11.42,2021-05-19T12:00:00Z,38847,11.224782
10.35,10.79,10.27,163,10.78,2021-05-19T16:00:00Z,30741,10.499454
9.55,10.24,9.53,120,10.24,2021-05-20T12:00:00Z,21183,9.819335
9.47,9.69,9.365,154,9.57,2021-05-20T16:00:00Z,31277,9.512702
9.48,9.48,9.43,6,9.44,2021-05-20T20:00:00Z,1600,9.441875
9.66,9.68,9.28,135,9.28,2021-05-21T12:00:00Z,28310,9.507198
9.605,9.67,9.46,164,9.66,2021-05-21T16:00:00Z,23342,9.56951
9.57,9.58,9.57,2,9.58,2021-05-21T20:00:00Z,400,9.5725
9.06,9.39,8.95,61,9.39,2021-05-24T12:00:00Z,12438,9.058622
8.92,8.96,8.76,39,8.96,2021-05-24T16:00:00Z,10607,8.85733
8.92,8.92,8.92,3,8.92,2021-05-24T20:00:00Z,1000,8.92
8.86,8.95,8.645,102,8.74,2021-05-25T12:00:00Z,22077,8.814086
8.83,8.925,8.78,81,8.85,2021-05-25T16:00:00Z,33133,8.838499
8.88,8.985,8.67,93,8.82,2021-05-26T12:00:00Z,21904,8.855346
8.765,8.92,8.765,65,8.88,2021-05-26T16:00:00Z,15800,8.83109
8.77,8.77,8.77,1,8.77,2021-05-26T20:00:00Z,216,8.77
8.545,8.9,8.53,80,8.88,2021-05-27T12:00:00Z,7965,8.809642
8.67,8.68,8.535,30,8.555,2021-05-27T16:00:00Z,10037,8.612345
8.32,8.59,8.29,54,8.58,2021-05-28T12:00:00Z,14341,8.470808
8.39,8.42,8.3,81,8.32,2021-05-28T16:00:00Z,15756,8.364466
8.49,8.61,8.025,85,8.2,2021-06-01T12:00:00Z,22380,8.429764
8.515,8.565,8.415,45,8.465,2021-06-01T16:00:00Z,12896,8.457279
8.26,8.565,8.23,83,8.56,2021-06-02T12:00:00Z,15725,8.375243
8.32,8.43,8.26,85,8.26,2021-06-02T16:00:00Z,16520,8.357342
8.26,8.29,8.26,3,8.29,2021-06-02T20:00:00Z,808,8.271436
8.63,8.85,8.5,115,8.64,2021-06-03T12:00:00Z,18076,8.661776
8.72,8.735,8.54,77,8.645,2021-06-03T16:00:00Z,18247,8.663867
8.77,8.78,8.75,4,8.78,2021-06-03T20:00:00Z,1650,8.760909
8.22,8.65,8.11,217,8.65,2021-06-04T12:00:00Z,53786,8.194356
8.14,8.23,8.07,104,8.22,2021-06-04T16:00:00Z,33449,8.179363
8.12,8.13,8.12,42,8.12,2021-06-04T20:00:00Z,5400,8.122593
8.36,8.43,8.2,127,8.2,2021-06-07T12:00:00Z,27522,8.323735
8.28,8.36,8.26,59,8.35,2021-06-07T16:00:00Z,12255,8.312865
8.48,8.615,8.06,101,8.15,2021-06-08T12:00:00Z,23864,8.386971
8.445,8.51,8.39,68,8.455,2021-06-08T16:00:00Z,23041,8.456377
8.49,8.53,8.31,36,8.36,2021-06-09T12:00:00Z,4075,8.438037
8.55,8.56,8.42,97,8.46,2021-06-09T16:00:00Z,13841,8.498598
8.43,8.72,8.175,94,8.61,2021-06-10T12:00:00Z,28312,8.382717
8.25,8.37,8.21,34,8.37,2021-06-10T16:00:00Z,10138,8.268427
8.24,8.24,8.24,1,8.24,2021-06-10T20:00:00Z,500,8.24
8.25,8.32,8.21,41,8.22,2021-06-11T12:00:00Z,4826,8.266477
8.16,8.26,8.155,47,8.25,2021-06-11T16:00:00Z,9374,8.198128
8.14,8.14,8.14,2,8.14,2021-06-11T20:00:00Z,288,8.14
8.03,8.225,8.03,75,8.12,2021-06-14T12:00:00Z,16903,8.161623
7.96,8.02,7.83,52,8.02,2021-06-14T16:00:00Z,11635,7.938614
7.79,7.8,7.79,12,7.8,2021-06-14T20:00:00Z,1883,7.792655
7.92,8.01,7.74,90,7.8,2021-06-15T12:00:00Z,10965,7.894087
8.015,8.06,7.86,156,7.905,2021-06-15T16:00:00Z,32686,7.995565
7.97,7.97,7.97,1,7.97,2021-06-15T20:00:00Z,400,7.97
7.955,7.98,7.855,41,7.95,2021-06-16T12:00:00Z,10806,7.920031
8.175,8.39,7.995,208,8.04,2021-06-16T16:00:00Z,48026,8.199102
8.2,8.2,8.19,3,8.19,2021-06-16T20:00:00Z,600,8.193333
7.79,8.3,7.78,109,8.3,2021-06-17T12:00:00Z,14849,8.035753
7.925,8.2,7.88,51,7.94,2021-06-17T16:00:00Z,7711,7.986691
8.48,8.515,8.07,83,8.11,2021-06-18T12:00:00Z,9785,8.277105
8.5,8.63,8.41,116,8.48,2021-06-18T16:00:00Z,32146,8.457283
8.46,8.66,8.34,108,8.48,2021-06-21T12:00:00Z,14820,8.474759
8.34,8.47,8.34,159,8.44,2021-06-21T16:00:00Z,29937,8.378721
8.24,8.48,8.2,51,8.32,2021-06-22T12:00:00Z,12194,8.363224
8.24,8.41,8.23,75,8.24,2021-06-22T16:00:00Z,25954,8.277295
8.05,8.19,8.04,63,8.19,2021-06-23T12:00:00Z,10035,8.102453
8.155,8.17,8.05,58,8.05,2021-06-23T16:00:00Z,8594,8.137056
7.75,8.0,7.74,92,8.0,2021-06-24T12:00:00Z,17112,7.831145
7.725,7.83,7.69,48,7.735,2021-06-24T16:00:00Z,7068,7.739528
7.75,7.75,7.75,1,7.75,2021-06-24T20:00:00Z,300,7.75
7.64,7.71,7.61,83,7.71,2021-06-25T12:00:00Z,11915,7.676144
7.8,7.84,7.645,138,7.65,2021-06-25T16:00:00Z,22796,7.75987
7.24,7.7,7.24,57,7.7,2021-06-28T12:00:00Z,7559,7.44054
7.22,7.29,7.15,69,7.22,2021-06-28T16:00:00Z,13195,7.208989
7.12,7.33,7.12,133,7.28,2021-06-29T12:00:00Z,25836,7.2362
7.075,7.145,7.06,150,7.11,2021-06-29T16:00:00Z,27856,7.095921
7.14,7.19,7.06,79,7.1,2021-06-30T12:00:00Z,14331,7.138185
7.06,7.2,7.05,145,7.14,2021-06-30T16:00:00Z,21739,7.116934
7.08,7.08,7.08,2,7.08,2021-06-30T20:00:00Z,600,7.08
7.35,7.42,7.2,35,7.2,2021-07-01T12:00:00Z,3974,7.297703
7.395,7.42,7.33,58,7.36,2021-07-01T16:00:00Z,9989,7.384647
7.31,7.36,7.18,49,7.22,2021-07-02T12:00:00Z,5825,7.237167
7.26,7.4,7.25,17,7.34,2021-07-02T16:00:00Z,2700,7.305926
7.315,7.36,7.14,32,7.22,2021-07-06T12:00:00Z,3700,7.258243
7.3,7.53,7.3,74,7.325,2021-07-06T16:00:00Z,12075,7.364829
7.595,7.69,7.16,85,7.17,2021-07-07T12:00:00Z,24332,7.563761
7.595,7.62,7.535,58,7.535,2021-07-07T16:00:00Z,15116,7.589517
7.85,8.22,7.85,78,8.11,2021-07-08T12:00:00Z,20216,8.087638
7.96,7.985,7.79,77,7.79,2021-07-08T16:00:00Z,20000,7.964801
7.88,7.88,7.87,2,7.87,2021-07-08T20:00:00Z,600,7.878333
7.54,7.96,7.51,75,7.77,2021-07-09T12:00:00Z,11215,7.708277
7.475,7.55,7.45,85,7.54,2021-07-09T16:00:00Z,17611,7.481004
7.26,7.455,7.26,46,7.44,2021-07-12T12:00:00Z,12420,7.318349
7.21,7.3,7.21,22,7.28,2021-07-12T16:00:00Z,4600,7.246413
7.22,7.38,7.215,24,7.27,2021-07-13T12:00:00Z,5568,7.291096
7.31,7.36,7.26,19,7.26,2021-07-13T16:00:00Z,2776,7.311111
7.4,7.4,6.95,108,7.09,2021-07-14T12:00:00Z,22187,7.190731
7.415,7.415,7.27,112,7.35,2021-07-14T16:00:00Z,21353,7.325919
7.74,7.795,7.51,120,7.51,2021-07-15T12:00:00Z,16655,7.677421
7.88,8.01,7.76,164,7.76,2021-07-15T16:00:00Z,24664,7.894948
8.08,8.14,7.73,123,7.77,2021-07-16T12:00:00Z,16481,8.049501
8.395,8.425,8.04,180,8.07,2021-07-16T16:00:00Z,28630,8.270661
8.38,8.38,8.37,3,8.37,2021-07-16T20:00:00Z,1000,8.374
8.46,8.83,8.37,224,8.76,2021-07-19T12:00:00Z,41063,8.543799
8.385,8.61,8.385,223,8.47,2021-07-19T16:00:00Z,36146,8.513627
8.3,8.3,8.3,1,8.3,2021-07-19T20:00:00Z,400,8.3
8.09,8.56,8.065,123,8.435,2021-07-20T12:00:00Z,33062,8.307574
8.04,8.08,7.88,131,8.075,2021-07-20T16:00:00Z,30981,7.968129
7.52,7.97,7.52,87,7.95,2021-07-21T12:00:00Z,23722,7.646576
7.315,7.56,7.315,75,7.51,2021-07-21T16:00:00Z,39008,7.408788
7.43,7.43,7.34,7,7.34,2021-07-21T20:00:00Z,2300,7.382609
7.52,7.63,7.41,103,7.48,2021-07-22T12:00:00Z,19410,7.509834
7.52,7.6,7.51,62,7.6,2021-07-22T16:00:00Z,11286,7.52898
7.45,7.45,7.45,1,7.45,2021-07-22T20:00:00Z,300,7.45
7.37,7.58,7.325,70,7.41,2021-07-23T12:00:00Z,14785,7.466786
7.345,7.43,7.34,92,7.375,2021-07-23T16:00:00Z,23516,7.361386
7.385,7.42,7.3,22,7.4,2021-07-26T12:00:00Z,4671,7.385218
7.355,7.485,7.35,67,7.395,2021-07-26T16:00:00Z,30646,7.3888
7.34,7.35,7.34,3,7.35,2021-07-26T20:00:00Z,900,7.344444
8.03,8.04,7.565,48,7.565,2021-07-27T12:00:00Z,10355,7.784418
7.785,8.145,7.785,69,8.115,2021-07-27T16:00:00Z,25400,7.920494
7.435,7.76,7.435,45,7.67,2021-07-28T12:00:00Z,12750,7.62437
7.355,7.45,7.295,67,7.395,2021-07-28T16:00:00Z,14097,7.361598
7.03,7.29,6.98,177,7.29,2021-07-29T12:00:00Z,29776,7.058849
6.96,7.03,6.92,205,7.03,2021-07-29T16:00:00Z,34587,6.963592
7.05,7.05,7.05,1,7.05,2021-07-29T20:00:00Z,100,7.05
7.03,7.06,6.84,157,6.855,2021-07-30T12:00:00Z,26866,6.966319
6.83,7.01,6.81,232,7.01,2021-07-30T16:00:00Z,37009,6.885621
6.8,6.81,6.8,2,6.81,2021-07-30T20:00:00Z,200,6.805
6.52,6.63,6.43,106,6.63,2021-08-02T12:00:00Z,35817,6.521674
6.68,6.72,6.53,95,6.59,2021-08-02T16:00:00Z,24994,6.641871
6.69,6.69,6.69,1,6.69,2021-08-02T20:00:00Z,403,6.69
6.62,6.89,6.61,168,6.68,2021-08-03T12:00:00Z,35186,6.734853
6.56,6.66,6.56,156,6.62,2021-08-03T16:00:00Z,23495,6.610752
6.39,6.53,6.265,191,6.44,2021-08-04T12:00:00Z,61016,6.425183
6.34,6.4,6.26,81,6.4,2021-08-04T16:00:00Z,27431,6.317865
6.4,6.47,6.28,109,6.3,2021-08-05T12:00:00Z,31937,6.383261
6.405,6.455,6.36,118,6.39,2021-08-05T16:00:00Z,21638,6.414488
6.47,6.495,6.39,35,6.495,2021-08-06T12:00:00Z,11073,6.430366
6.46,6.475,6.38,48,6.38,2021-08-06T16:00:00Z,18735,6.458338
6.425,6.59,6.38,37,6.4,2021-08-09T12:00:00Z,11625,6.478067
6.53,6.53,6.43,30,6.43,2021-08-09T16:00:00Z,16647,6.505661
6.51,6.51,6.51,1,6.51,2021-08-09T20:00:00Z,500,6.51
6.79,6.88,6.465,67,6.465,2021-08-10T12:00:00Z,13991,6.797509
6.76,6.795,6.69,57,6.795,2021-08-10T16:00:00Z,11321,6.7523
6.98,7.04,6.66,143,6.66,2021-08-11T12:00:00Z,34266,6.87915
6.815,6.99,6.795,243,6.99,2021-08-11T16:00:00Z,52718,6.845337
6.98,7.2,6.97,73,7.05,2021-08-12T12:00:00Z,9300,7.052646
7.025,7.09,6.99,45,7.01,2021-08-12T16:00:00Z,8609,7.036385
6.93,7.06,6.9,63,7.04,2021-08-13T12:00:00Z,22838,6.932862
6.955,6.97,6.92,35,6.92,2021-08-13T16:00:00Z,8284,6.938512
7.04,7.125,6.915,63,6.97,2021-08-16T12:00:00Z,13090,7.062285
6.985,7.11,6.985,14,7.11,2021-08-16T16:00:00Z,4674,7.016878
7.41,7.45,7.24,45,7.29,2021-08-17T12:00:00Z,13200,7.37747
7.4,7.54,7.4,88,7.44,2021-08-17T16:00:00Z,27819,7.451084
7.45,7.45,7.44,2,7.44,2021-08-17T20:00:00Z,600,7.441667
7.48,7.49,7.31,70,7.44,2021-08-18T12:00:00Z,10200,7.411863
7.66,7.66,7.395,172,7.475,2021-08-18T16:00:00Z,28907,7.490149
7.66,7.66,7.66,1,7.66,2021-08-18T20:00:00Z,480,7.66
7.42,7.985,7.41,293,7.82,2021-08-19T12:00:00Z,89532,7.797867
7.53,7.66,7.4,200,7.42,2021-08-19T16:00:00Z,45702,7.485911
7.615,7.625,7.36,68,7.43,2021-08-20T12:00:00Z,12836,7.446992
7.36,7.64,7.36,185,7.595,2021-08-20T16:00:00Z,33551,7.443331
6.83,7.07,6.83,178,6.93,2021-08-23T12:00:00Z,28089,6.948341
6.76,6.835,6.74,156,6.79,2021-08-23T16:00:00Z,26121,6.781475
6.745,6.805,6.665,36,6.7,2021-08-24T12:00:00Z,6042,6.734542
6.75,6.77,6.71,83,6.715,2021-08-24T16:00:00Z,12903,6.739581
6.555,6.63,6.53,43,6.54,2021-08-25T12:00:00Z,9009,6.553068
6.59,6.6,6.46,62,6.59,2021-08-25T16:00:00Z,8264,6.554074
6.61,6.75,6.52,44,6.675,2021-08-26T12:00:00Z,6765,6.654403
6.6,6.62,6.57,26,6.57,2021-08-26T16:00:00Z,6100,6.592869
6.28,6.55,6.26,55,6.55,2021-08-27T12:00:00Z,7814,6.3386
6.21,6.28,6.185,64,6.28,2021-08-27T16:00:00Z,12530,6.219042
6.16,6.235,6.0,157,6.11,2021-08-30T12:00:00Z,25238,6.125326
6.165,6.19,6.12,251,6.165,2021-08-30T16:00:00Z,56495,6.146249
6.28,6.45,6.15,152,6.17,2021-08-31T12:00:00Z,29159,6.317843
6.29,6.305,6.22,171,6.27,2021-08-31T16:00:00Z,71577,6.27087
6.37,6.37,6.2,35,6.24,2021-09-01T12:00:00Z,5641,6.254412
6.405,6.405,6.25,41,6.32,2021-09-01T16:00:00Z,7600,6.352664
6.4,6.4,6.4,1,6.4,2021-09-01T20:00:00Z,100,6.4
6.3,6.41,6.29,39,6.32,2021-09-02T12:00:00Z,9464,6.320476
6.355,6.41,6.33,28,6.33,2021-09-02T16:00:00Z,5207,6.378336
6.21,6.34,6.165,15,6.34,2021-09-03T12:00:00Z,4800,6.263646
6.22,6.22,6.16,27,6.2,2021-09-03T16:00:00Z,4108,6.199625
6.3,6.36,6.24,44,6.26,2021-09-07T12:00:00Z,9149,6.288949
6.27,6.305,6.255,66,6.285,2021-09-07T16:00:00Z,20396,6.269003
6.65,6.67,6.39,67,6.39,2021-09-08T12:00:00Z,15842,6.472512
6.52,6.62,6.52,38,6.62,2021-09-08T16:00:00Z,10600,6.538915
6.52,6.52,6.52,1,6.52,2021-09-08T20:00:00Z,100,6.52
6.36,6.5,6.34,29,6.5,2021-09-09T12:00:00Z,4248,6.436566
6.43,6.45,6.335,43,6.365,2021-09-09T16:00:00Z,9681,6.371198
6.43,6.43,6.43,1,6.43,2021-09-09T20:00:00Z,600,6.43
6.14,6.25,6.0,318,6.22,2021-09-10T12:00:00Z,115065,6.144738
6.285,6.29,6.01,164,6.15,2021-09-10T16:00:00Z,32403,6.181235
6.27,6.28,6.27,3,6.28,2021-09-10T20:00:00Z,1071,6.275602
6.24,6.34,6.075,89,6.115,2021-09-13T12:00:00Z,26150,6.229275
6.12,6.29,6.115,164,6.2,2021-09-13T16:00:00Z,43976,6.194466
6.0,6.2,6.0,113,6.05,2021-09-14T12:00:00Z,24736,6.073847
6.115,6.15,5.98,177,5.98,2021-09-14T16:00:00Z,58227,6.084428
6.1,6.1,6.09,4,6.1,2021-09-14T20:00:00Z,1150,6.095652
6.15,6.24,6.08,25,6.08,2021-09-15T12:00:00Z,6867,6.154266
6.03,6.11,6.03,47,6.1,2021-09-15T16:00:00Z,8807,6.073966
6.11,6.19,6.07,181,6.14,2021-09-16T12:00:00Z,38934,6.132971
5.96,6.11,5.905,162,6.11,2021-09-16T16:00:00Z,24327,5.978286
5.97,5.97,5.97,1,5.97,2021-09-16T20:00:00Z,100,5.97
6.3,6.3,6.02,50,6.02,2021-09-17T12:00:00Z,10762,6.177638
6.24,6.29,6.2,66,6.25,2021-09-17T16:00:00Z,16313,6.246765
6.26,6.26,6.24,3,6.24,2021-09-17T20:00:00Z,1100,6.241818
6.8,6.8,6.58,314,6.73,2021-09-20T12:00:00Z,68182,6.679856
6.71,6.98,6.71,204,6.82,2021-09-20T16:00:00Z,34559,6.85544
6.7,6.7,6.7,2,6.7,2021-09-20T20:00:00Z,322,6.7
6.57,6.83,6.565,45,6.67,2021-09-21T12:00:00Z,11921,6.681424
6.62,6.62,6.52,76,6.55,2021-09-21T16:00:00Z,10001,6.570335
6.32,6.57,6.3,58,6.5,2021-09-22T12:00:00Z,13027,6.388818
6.24,6.385,6.2,75,6.27,2021-09-22T16:00:00Z,14829,6.260324
6.22,6.23,6.22,2,6.23,2021-09-22T20:00:00Z,1200,6.225
5.97,6.185,5.95,105,6.17,2021-09-23T12:00:00Z,18178,6.016316
5.985,6.015,5.93,162,5.965,2021-09-23T16:00:00Z,33801,5.975838
5.98,5.98,5.98,2,5.98,2021-09-23T20:00:00Z,600,5.98
6.06,6.15,6.02,45,6.15,2021-09-24T12:00:00Z,7697,6.082389
5.995,6.025,5.98,24,6.015,2021-09-24T16:00:00Z,7000,5.999786
6.01,6.01,6.01,1,6.01,2021-09-24T20:00:00Z,150,6.01
6.1,6.28,5.98,140,6.13,2021-09-27T12:00:00Z,33895,6.086718
6.065,6.11,6.005,22,6.11,2021-09-27T16:00:00Z,6772,6.038922
6.07,6.07,6.06,6,6.06,2021-09-27T20:00:00Z,2300,6.064783
6.645,6.695,6.29,108,6.43,2021-09-28T12:00:00Z,31706,6.501735
6.735,6.755,6.56,91,6.635,2021-09-28T16:00:00Z,20061,6.680385
6.76,6.76,6.76,1,6.76,2021-09-28T20:00:00Z,600,6.76
7.03,7.04,6.66,81,6.67,2021-09-29T12:00:00Z,24028,6.805589
7.065,7.09,6.91,119,7.015,2021-09-29T16:00:00Z,22339,7.006424
6.98,7.0,6.75,81,6.86,2021-09-30T12:00:00Z,18470,6.862125
7.055,7.055,6.86,133,6.98,2021-09-30T16:00:00Z,18818,6.954624
7.04,7.04,7.04,3,7.04,2021-09-30T20:00:00Z,1000,7.04
7.19,7.41,7.05,57,7.05,2021-10-01T12:00:00Z,9319,7.259844
7.06,7.24,7.05,39,7.24,2021-10-01T16:00:00Z,11968,7.117319
7.6,7.67,7.17,149,7.17,2021-10-04T12:00:00Z,48162,7.600319
7.625,7.68,7.545,63,7.585,2021-10-04T16:00:00Z,16501,7.623778
7.56,7.56,7.56,1,7.56,2021-10-04T20:00:00Z,500,7.56
7.23,7.48,7.155,57,7.47,2021-10-05T12:00:00Z,18416,7.273103
7.27,7.27,7.12,67,7.14,2021-10-05T16:00:00Z,50333,7.171977
7.37,7.58,7.32,69,7.54,2021-10-06T12:00:00Z,29258,7.462821
7.225,7.46,7.215,32,7.41,2021-10-06T16:00:00Z,12115,7.290043
7.18,7.18,7.18,1,7.18,2021-10-06T20:00:00Z,400,7.18
6.68,6.9,6.675,35,6.9,2021-10-07T12:00:00Z,8133,6.765123
6.955,6.955,6.725,53,6.725,2021-10-07T16:00:00Z,21686,6.835532
6.94,6.98,6.94,5,6.97,2021-10-07T20:00:00Z,2000,6.965
7.1,7.11,6.88,20,6.88,2021-10-08T12:00:00Z,5699,7.020169
7.125,7.13,7.04,26,7.1,2021-10-08T16:00:00Z,4644,7.08967
7.13,7.13,7.13,1,7.13,2021-10-08T20:00:00Z,100,7.13
6.985,7.17,6.94,37,7.17,2021-10-11T12:00:00Z,7956,7.015948
7.27,7.275,7.03,25,7.04,2021-10-11T16:00:00Z,3654,7.166428
7.47,7.52,7.125,64,7.155,2021-10-12T12:00:00Z,16375,7.354331
7.55,7.65,7.405,52,7.415,2021-10-12T16:00:00Z,26375,7.552242
7.63,7.63,7.63,1,7.63,2021-10-12T20:00:00Z,400,7.63
7.365,7.495,7.335,20,7.38,2021-10-13T12:00:00Z,5062,7.391764
7.425,7.46,7.4,35,7.43,2021-10-13T16:00:00Z,12643,7.430042
6.825,7.03,6.825,48,7.01,2021-10-14T12:00:00Z,15096,6.926897
6.76,6.835,6.755,108,6.815,2021-10-14T16:00:00Z,25677,6.793033
6.78,6.78,6.78,1,6.78,2021-10-14T20:00:00Z,600,6.78
6.68,6.71,6.545,93,6.63,2021-10-15T12:00:00Z,20455,6.632315
6.61,6.68,6.595,172,6.68,2021-10-15T16:00:00Z,31951,6.636226
6.56,6.795,6.56,56,6.78,2021-10-18T12:00:00Z,23518,6.649353
6.45,6.53,6.45,33,6.52,2021-10-18T16:00:00Z,12049,6.492747
6.23,6.475,6.23,48,6.475,2021-10-19T12:00:00Z,15728,6.384959
6.225,6.29,6.225,35,6.24,2021-10-19T16:00:00Z,6055,6.236393
6.21,6.25,6.18,57,6.23,2021-10-20T12:00:00Z,8651,6.220191
6.275,6.32,6.19,92,6.19,2021-10-20T16:00:00Z,9603,6.26817
6.2,6.38,6.2,23,6.38,2021-10-21T12:00:00Z,7787,6.267821
6.065,6.21,6.065,46,6.19,2021-10-21T16:00:00Z,11540,6.143699
6.2,6.2,6.2,3,6.2,2021-10-21T20:00:00Z,1000,6.2
6.23,6.28,5.97,60,6.155,2021-10-22T12:00:00Z,24548,6.122152
6.255,6.265,6.195,34,6.22,2021-10-22T16:00:00Z,18308,6.23809
6.1,6.18,6.09,44,6.18,2021-10-25T12:00:00Z,11891,6.118965
6.135,6.14,6.04,32,6.07,2021-10-25T16:00:00Z,23369,6.090753
6.09,6.09,6.09,1,6.09,2021-10-25T20:00:00Z,100,6.09
6.04,6.04,5.925,73,5.99,2021-10-26T12:00:00Z,12143,5.980956
6.125,6.175,6.05,132,6.06,2021-10-26T16:00:00Z,14159,6.094293
6.18,6.18,6.18,1,6.18,2021-10-26T20:00:00Z,600,6.18
6.1,6.23,6.065,32,6.225,2021-10-27T12:00:00Z,12159,6.163193
6.195,6.195,6.04,39,6.07,2021-10-27T16:00:00Z,20595,6.093185
5.89,6.025,5.815,63,6.02,2021-10-28T12:00:00Z,26240,5.879146
5.825,5.945,5.825,86,5.88,2021-10-28T16:00:00Z,30969,5.869803
5.9,5.9,5.9,1,5.9,2021-10-28T20:00:00Z,600,5.9
5.83,5.99,5.79,86,5.99,2021-10-29T12:00:00Z,11988,5.847987
5.74,5.83,5.74,236,5.83,2021-10-29T16:00:00Z,69057,5.774504
5.75,5.76,5.74,4,5.74,2021-10-29T20:00:00Z,1400,5.75
5.56,5.75,5.56,98,5.75,2021-11-01T12:00:00Z,24444,5.625326
5.47,5.595,5.47,130,5.56,2021-11-01T16:00:00Z,14877,5.543493
5.32,5.48,5.3,97,5.48,2021-11-02T12:00:00Z,20371,5.368779
5.27,5.36,5.27,127,5.33,2021-11-02T16:00:00Z,13923,5.296615
5.18,5.285,5.175,173,5.24,2021-11-03T12:00:00Z,26898,5.233992
5.07,5.215,5.06,294,5.19,2021-11-03T16:00:00Z,74681,5.102612
4.75,4.985,4.735,155,4.92,2021-11-04T12:00:00Z,33838,4.808697
4.575,4.74,4.5,295,4.74,2021-11-04T16:00:00Z,52467,4.615391
4.6,4.6,4.58,3,4.58,2021-11-04T20:00:00Z,1800,4.586667
4.325,4.475,4.31,215,4.425,2021-11-05T12:00:00Z,53683,4.378224
4.425,4.525,4.325,209,4.325,2021-11-05T16:00:00Z,82541,4.421911
4.43,4.44,4.43,2,4.44,2021-11-05T20:00:00Z,850,4.432941
4.345,4.345,4.25,41,4.33,2021-11-08T12:00:00Z,19594,4.31942
4.18,4.32,4.145,56,4.28,2021-11-08T16:00:00Z,44433,4.201065
4.22,4.245,4.18,27,4.185,2021-11-08T20:00:00Z,7734,4.204257
4.25,4.33,4.1,128,4.12,2021-11-09T12:00:00Z,93704,4.238814
4.275,4.33,4.19,66,4.245,2021-11-09T16:00:00Z,48916,4.257596
4.26,4.28,4.235,16,4.28,2021-11-09T20:00:00Z,20300,4.249507
4.39,4.49,4.305,66,4.465,2021-11-10T12:00:00Z,22382,4.409657
4.63,4.645,4.375,246,4.39,2021-11-10T16:00:00Z,58747,4.508686
4.58,4.62,4.55,33,4.59,2021-11-10T20:00:00Z,38005,4.573805
4.34,4.46,4.33,67,4.38,2021-11-11T12:00:00Z,24199,4.382601
4.325,4.385,4.28,246,4.355,2021-11-11T16:00:00Z,53049,4.340906
4.28,4.36,4.28,88,4.325,2021-11-11T20:00:00Z,33450,4.311629
4.225,4.335,4.225,71,4.26,2021-11-12T12:00:00Z,32668,4.269043
4.16,4.225,4.125,210,4.225,2021-11-12T16:00:00Z,37093,4.171547
4.185,4.2,4.155,60,4.17,2021-11-12T20:00:00Z,50932,4.187229
4.18,4.19,4.09,36,4.09,2021-11-15T12:00:00Z,12230,4.138198
4.21,4.31,4.18,176,4.18,2021-11-15T16:00:00Z,33750,4.243918
4.17,4.215,4.17,48,4.2,2021-11-15T20:00:00Z,13770,4.200652
4.15,4.26,4.15,84,4.23,2021-11-16T12:00:00Z,58098,4.198186
4.01,4.14,4.01,143,4.14,2021-11-16T16:00:00Z,43764,4.055558
4.0,4.025,3.985,78,4.025,2021-11-16T20:00:00Z,26640,4.004997
4.05,4.105,4.015,51,4.03,2021-11-17T12:00:00Z,11698,4.059234
4.09,4.14,4.02,154,4.05,2021-11-17T16:00:00Z,14882,4.073828
4.08,4.105,4.08,16,4.09,2021-11-17T20:00:00Z,5086,4.094227
3.97,3.995,3.825,88,3.865,2021-11-18T12:00:00Z,38977,3.934249
3.92,3.995,3.88,174,3.965,2021-11-18T16:00:00Z,23128,3.937191
3.88,3.93,3.88,55,3.93,2021-11-18T20:00:00Z,26227,3.89646
3.845,3.91,3.8,30,3.89,2021-11-19T12:00:00Z,20019,3.862268
3.8,3.855,3.785,8,3.85,2021-11-19T16:00:00Z,3600,3.805139
3.83,3.855,3.83,77,3.835,2021-11-19T20:00:00Z,12200,3.843238
3.66,3.76,3.625,44,3.76,2021-11-22T12:00:00Z,19830,3.648147
3.865,3.955,3.65,200,3.65,2021-11-22T16:00:00Z,30198,3.858974
4.04,4.04,3.835,22,3.835,2021-11-22T20:00:00Z,14250,3.907535
4.24,4.24,3.94,154,4.03,2021-11-23T12:00:00Z,52587,4.044711
4.13,4.25,4.12,240,4.225,2021-11-23T16:00:00Z,36504,4.174894
4.05,4.15,4.05,29,4.14,2021-11-23T20:00:00Z,8025,4.101371
4.1,4.25,4.07,65,4.195,2021-11-24T12:00:00Z,23207,4.141493
4.01,4.12,4.0,180,4.1,2021-11-24T16:00:00Z,30600,4.037282
3.91,4.0,3.91,19,4.0,2021-11-24T20:00:00Z,9900,3.964697
4.24,4.24,4.04,99,4.15,2021-11-26T12:00:00Z,27716,4.177869
4.245,4.33,4.2,51,4.235,2021-11-26T16:00:00Z,13800,4.252761
4.095,4.105,3.98,58,4.04,2021-11-29T12:00:00Z,38954,4.03232
3.81,4.0,3.8,95,4.0,2021-11-29T16:00:00Z,48993,3.862085
3.735,3.815,3.735,38,3.805,2021-11-29T20:00:00Z,43141,3.748141
3.95,3.96,3.71,85,3.8,2021-11-30T12:00:00Z,76340,3.773633
3.96,4.04,3.91,163,4.0,2021-11-30T16:00:00Z,53559,3.985618
3.89,3.965,3.89,13,3.925,2021-11-30T20:00:00Z,4100,3.909634
3.615,3.77,3.615,33,3.76,2021-12-01T12:00:00Z,28363,3.716906
3.78,3.845,3.575,78,3.6,2021-12-01T16:00:00Z,48934,3.679648
4.04,4.04,3.8,293,3.815,2021-12-01T20:00:00Z,60341,3.892967
4.17,4.25,3.97,128,4.17,2021-12-02T12:00:00Z,42042,4.128801
4.015,4.2,3.98,506,4.17,2021-12-02T16:00:00Z,103066,4.064487
4.04,4.065,3.95,120,4.03,2021-12-02T20:00:00Z,57590,4.01281
4.08,4.13,3.785,72,3.8,2021-12-03T12:00:00Z,65501,3.943787
4.15,4.18,4.04,41,4.08,2021-12-03T16:00:00Z,48893,4.113179
4.06,4.185,4.06,54,4.185,2021-12-03T20:00:00Z,38852,4.142939
4.26,4.45,4.07,104,4.1,2021-12-06T12:00:00Z,72807,4.268757
4.08,4.31,4.05,514,4.25,2021-12-06T16:00:00Z,114977,4.134391
4.08,4.09,4.04,49,4.07,2021-12-06T20:00:00Z,24205,4.074607
3.545,3.8,3.54,72,3.8,2021-12-07T12:00:00Z,68237,3.611128
3.485,3.54,3.445,103,3.54,2021-12-07T16:00:00Z,76498,3.474388
3.45,3.53,3.45,98,3.495,2021-12-07T20:00:00Z,79649,3.495521
3.55,3.625,3.52,121,3.57,2021-12-08T12:00:00Z,133772,3.568907
3.55,3.56,3.53,28,3.56,2021-12-08T16:00:00Z,26864,3.539993
3.53,3.54,3.505,26,3.54,2021-12-08T20:00:00Z,14037,3.514151
3.62,3.62,3.5,35,3.59,2021-12-09T12:00:00Z,38364,3.57476
3.73,3.74,3.56,38,3.59,2021-12-09T16:00:00Z,24517,3.661102
3.71,3.77,3.7,32,3.72,2021-12-09T20:00:00Z,16380,3.73408
3.73,3.77,3.525,60,3.55,2021-12-10T12:00:00Z,24679,3.635682
3.73,3.8,3.685,263,3.74,2021-12-10T16:00:00Z,36106,3.729487
3.67,3.745,3.67,36,3.73,2021-12-10T20:00:00Z,6914,3.688687
3.8,3.8,3.61,40,3.63,2021-12-13T12:00:00Z,37057,3.64077
3.89,3.92,3.8,145,3.8,2021-12-13T16:00:00Z,19135,3.850215
3.94,3.94,3.85,46,3.86,2021-12-13T20:00:00Z,6824,3.889478
4.1,4.11,3.945,30,4.09,2021-12-14T12:00:00Z,17988,4.030639
4.065,4.15,4.03,51,4.11,2021-12-14T16:00:00Z,57848,4.076247
4.005,4.055,3.975,32,4.055,2021-12-14T20:00:00Z,21574,4.023733
3.99,4.105,3.96,74,4.05,2021-12-15T12:00:00Z,40911,4.036499
3.91,4.145,3.91,53,4.02,2021-12-15T16:00:00Z,54663,4.047144
3.59,3.93,3.565,39,3.93,2021-12-15T20:00:00Z,49088,3.681587
3.75,3.75,3.51,70,3.51,2021-12-16T12:00:00Z,52843,3.658353
4.06,4.06,3.755,43,3.755,2021-12-16T16:00:00Z,40011,3.911664
4.03,4.08,3.995,20,4.065,2021-12-16T20:00:00Z,8753,4.042586
3.91,4.185,3.91,152,4.18,2021-12-17T12:00:00Z,61716,4.066842
3.98,4.05,3.865,63,3.925,2021-12-17T16:00:00Z,66707,3.985746
4.04,4.07,3.96,41,3.96,2021-12-17T20:00:00Z,30599,4.005334
4.17,4.235,4.06,33,4.23,2021-12-20T12:00:00Z,28081,4.156061
4.19,4.26,4.18,50,4.185,2021-12-20T16:00:00Z,54439,4.220309
4.03,4.18,4.03,22,4.18,2021-12-20T20:00:00Z,19308,4.136826
3.98,4.03,3.9,14,3.9,2021-12-21T12:00:00Z,9662,3.979053
3.755,3.975,3.735,59,3.975,2021-12-21T16:00:00Z,18104,3.843028
3.7,3.775,3.7,32,3.735,2021-12-21T20:00:00Z,14526,3.722144
3.7,3.78,3.7,40,3.78,2021-12-22T12:00:00Z,10922,3.739641
3.65,3.72,3.62,163,3.695,2021-12-22T16:00:00Z,32102,3.658368
3.62,3.66,3.62,73,3.65,2021-12-22T20:00:00Z,7327,3.641012
3.48,3.55,3.445,39,3.55,2021-12-23T12:00:00Z,27743,3.474885
3.44,3.47,3.435,24,3.465,2021-12-23T16:00:00Z,27915,3.449363
3.48,3.48,3.445,15,3.455,2021-12-23T20:00:00Z,2945,3.458739
3.28,3.375,3.265,49,3.375,2021-12-27T12:00:00Z,33133,3.298323
3.21,3.28,3.21,21,3.27,2021-12-27T16:00:00Z,26801,3.258872
3.21,3.24,3.2,28,3.24,2021-12-27T20:00:00Z,43876,3.22954
3.27,3.31,3.15,41,3.16,2021-12-28T12:00:00Z,55440,3.225259
3.295,3.34,3.26,47,3.26,2021-12-28T16:00:00Z,35537,3.300857
3.29,3.295,3.26,9,3.295,2021-12-28T20:00:00Z,2393,3.275039
3.3,3.33,3.24,31,3.31,2021-12-29T12:00:00Z,15597,3.294795
3.275,3.32,3.27,80,3.29,2021-12-29T16:00:00Z,8480,3.295739
3.29,3.29,3.27,34,3.28,2021-12-29T20:00:00Z,9300,3.278226
3.27,3.35,3.27,16,3.29,2021-12-30T12:00:00Z,13400,3.323134
3.3,3.305,3.295,7,3.295,2021-12-30T16:00:00Z,4300,3.300349
3.38,3.4,3.32,57,3.32,2021-12-30T20:00:00Z,8183,3.360185
3.4,3.41,3.36,41,3.4,2021-12-31T12:00:00Z,15281,3.397855
3.41,3.41,3.37,94,3.395,2021-12-31T16:00:00Z,11700,3.394957
3.43,3.43,3.39,45,3.395,2021-12-31T20:00:00Z,9186,3.409942
3.24,3.37,3.23,26,3.37,2022-01-03T12:00:00Z,24040,3.287622
3.26,3.28,3.235,17,3.235,2022-01-03T16:00:00Z,8500,3.258059
3.23,3.23,3.225,4,3.225,2022-01-03T20:00:00Z,1201,3.225417
3.375,3.375,3.14,31,3.18,2022-01-04T12:00:00Z,24516,3.185335
3.305,3.48,3.305,23,3.445,2022-01-04T16:00:00Z,37419,3.365429
3.27,3.275,3.27,4,3.275,2022-01-04T20:00:00Z,4979,3.273996
3.32,3.37,3.31,12,3.31,2022-01-05T12:00:00Z,17601,3.34392
3.485,3.485,3.3,57,3.305,2022-01-05T16:00:00Z,35438,3.36005
3.58,3.58,3.5,18,3.5,2022-01-05T20:00:00Z,13595,3.540045
3.52,3.7,3.475,59,3.58,2022-01-06T12:00:00Z,41237,3.593019
3.48,3.57,3.47,193,3.51,2022-01-06T16:00:00Z,19584,3.508672
3.51,3.54,3.46,82,3.46,2022-01-06T20:00:00Z,26920,3.51948
3.78,3.83,3.475,128,3.53,2022-01-07T12:00:00Z,49173,3.66651
3.75,3.79,3.71,51,3.78,2022-01-07T16:00:00Z,25081,3.760282
3.79,3.79,3.74,90,3.75,2022-01-07T20:00:00Z,61332,3.781915
4.13,4.14,3.94,122,3.95,2022-01-10T12:00:00Z,190033,4.060142
3.94,4.175,3.905,156,4.135,2022-01-10T16:00:00Z,156840,4.037066
3.79,3.97,3.79,69,3.935,2022-01-10T20:00:00Z,77670,3.865138
3.855,3.885,3.76,41,3.85,2022-01-11T12:00:00Z,38865,3.831199
3.59,3.78,3.58,69,3.775,2022-01-11T16:00:00Z,85070,3.6564
3.6,3.64,3.575,52,3.595,2022-01-11T20:00:00Z,54152,3.608134
3.55,3.57,3.42,152,3.48,2022-01-12T12:00:00Z,78360,3.480324
3.51,3.615,3.49,153,3.55,2022-01-12T16:00:00Z,51676,3.538872
3.52,3.54,3.505,30,3.54,2022-01-12T20:00:00Z,17700,3.531497
3.5,3.52,3.27,172,3.34,2022-01-13T12:00:00Z,168368,3.378255
3.64,3.67,3.42,139,3.485,2022-01-13T16:00:00Z,87634,3.53649
3.74,3.775,3.66,81,3.68,2022-01-13T20:00:00Z,79433,3.704808
3.64,3.84,3.55,105,3.84,2022-01-14T12:00:00Z,77757,3.680958
3.59,3.67,3.55,83,3.66,2022-01-14T16:00:00Z,58835,3.593206
3.48,3.58,3.48,43,3.56,2022-01-14T20:00:00Z,44443,3.519556
3.78,3.78,3.65,60,3.65,2022-01-18T12:00:00Z,35485,3.711112
3.825,3.88,3.72,241,3.78,2022-01-18T16:00:00Z,69262,3.824277
3.93,3.97,3.83,67,3.83,2022-01-18T20:00:00Z,97648,3.902712
4.03,4.05,3.785,358,3.825,2022-01-19T12:00:00Z,174936,3.897637
4.13,4.22,4.02,276,4.025,2022-01-19T16:00:00Z,317542,4.138824
4.31,4.31,4.14,123,4.18,2022-01-19T20:00:00Z,53778,4.217562
4.15,4.33,4.14,90,4.19,2022-01-20T12:00:00Z,50588,4.241964
4.355,4.365,4.09,215,4.13,2022-01-20T16:00:00Z,68751,4.204876
4.77,4.77,4.34,119,4.34,2022-01-20T20:00:00Z,150675,4.6045
4.56,4.925,4.47,204,4.79,2022-01-21T12:00:00Z,138287,4.717495
4.835,4.835,4.4,299,4.545,2022-01-21T16:00:00Z,118095,4.618105
4.94,4.94,4.78,77,4.855,2022-01-21T20:00:00Z,48013,4.8709
5.275,5.49,5.14,187,5.25,2022-01-24T12:00:00Z,107497,5.305493
5.125,5.74,5.05,174,5.285,2022-01-24T16:00:00Z,137462,5.43523
4.75,5.13,4.75,183,5.08,2022-01-24T20:00:00Z,77636,4.902871
5.25,5.35,5.06,210,5.14,2022-01-25T12:00:00Z,170890,5.259928
4.995,5.315,4.995,82,5.21,2022-01-25T16:00:00Z,44737,5.255038
5.44,5.44,5.015,153,5.015,2022-01-25T20:00:00Z,29300,5.18128
4.86,4.89,4.64,74,4.76,2022-01-26T12:00:00Z,35890,4.769521
4.91,4.96,4.4,182,4.775,2022-01-26T16:00:00Z,77300,4.688565
5.14,5.265,4.945,237,4.945,2022-01-26T20:00:00Z,104219,5.094437
5.35,5.43,5.0,150,5.07,2022-01-27T12:00:00Z,75024,5.359749
5.665,5.76,5.28,125,5.305,2022-01-27T16:00:00Z,85489,5.611432
5.65,5.75,5.58,39,5.655,2022-01-27T20:00:00Z,43758,5.664606
5.755,6.22,5.73,217,5.74,2022-01-28T12:00:00Z,72423,6.017551
5.86,6.0,5.58,111,5.75,2022-01-28T16:00:00Z,66112,5.791078
5.4,5.82,5.39,43,5.785,2022-01-28T20:00:00Z,32079,5.626551
4.86,5.38,4.85,149,5.235,2022-01-31T12:00:00Z,60747,4.995953
4.67,4.94,4.66,488,4.85,2022-01-31T16:00:00Z,105205,4.799573
4.51,4.81,4.51,85,4.67,2022-01-31T20:00:00Z,40823,4.663226
4.62,4.74,4.42,103,4.42,2022-02-01T12:00:00Z,66581,4.650155
4.55,4.6,4.45,43,4.53,2022-02-01T16:00:00Z,28922,4.534669
4.19,4.54,4.16,43,4.54,2022-02-01T20:00:00Z,35666,4.3787
4.13,4.26,4.04,229,4.115,2022-02-02T12:00:00Z,212232,4.152568
4.07,4.295,4.07,114,4.145,2022-02-02T16:00:00Z,113566,4.204655
4.21,4.28,4.03,76,4.07,2022-02-02T20:00:00Z,66653,4.099615
4.29,4.37,4.19,188,4.25,2022-02-03T12:00:00Z,121625,4.29214
4.47,4.53,4.27,390,4.285,2022-02-03T16:00:00Z,110738,4.418184
4.35,4.63,4.34,94,4.475,2022-02-03T20:00:00Z,64239,4.544751
4.735,4.77,4.515,145,4.65,2022-02-04T12:00:00Z,64445,4.646059
4.49,4.82,4.49,102,4.79,2022-02-04T16:00:00Z,64185,4.617778
4.54,4.55,4.4,75,4.46,2022-02-04T20:00:00Z,37021,4.48188
4.38,4.495,4.3,296,4.475,2022-02-07T12:00:00Z,251752,4.389406
4.36,4.53,4.355,55,4.385,2022-02-07T16:00:00Z,58881,4.45207
4.53,4.545,4.475,15,4.48,2022-02-07T20:00:00Z,12135,4.509038
4.41,4.59,4.395,122,4.58,2022-02-08T12:00:00Z,67232,4.495787
4.31,4.41,4.21,510,4.41,2022-02-08T16:00:00Z,209359,4.294245
4.18,4.34,4.15,136,4.34,2022-02-08T20:00:00Z,53106,4.225383
3.98,4.16,3.98,445,4.0,2022-02-09T12:00:00Z,437456,4.086592
3.82,3.98,3.8,556,3.97,2022-02-09T16:00:00Z,105086,3.879602
3.78,3.85,3.76,169,3.84,2022-02-09T20:00:00Z,135003,3.787695
3.81,4.01,3.69,348,4.01,2022-02-10T12:00:00Z,216662,3.794617
4.055,4.055,3.745,782,3.815,2022-02-10T16:00:00Z,378819,3.877614
4.12,4.17,4.03,141,4.055,2022-02-10T20:00:00Z,88980,4.114965
4.205,4.215,4.035,81,4.09,2022-02-11T12:00:00Z,47121,4.147617
4.75,4.77,4.14,220,4.195,2022-02-11T16:00:00Z,107613,4.431292
4.71,4.825,4.65,142,4.72,2022-02-11T20:00:00Z,179488,4.757602
4.595,4.69,4.44,72,4.68,2022-02-14T12:00:00Z,56506,4.617478
4.75,4.91,4.51,95,4.655,2022-02-14T16:00:00Z,76644,4.747079
4.71,4.82,4.67,51,4.77,2022-02-14T20:00:00Z,53691,4.707487
4.19,4.425,4.19,46,4.41,2022-02-15T12:00:00Z,16576,4.321287
4.005,4.22,4.0,158,4.2,2022-02-15T16:00:00Z,97181,4.133993
3.96,4.005,3.93,122,4.0,2022-02-15T20:00:00Z,103499,3.962651
4.05,4.17,4.05,106,4.1,2022-02-16T12:00:00Z,103914,4.104875
3.97,4.18,3.92,71,4.06,2022-02-16T16:00:00Z,58155,4.059632
3.99,3.99,3.905,33,3.95,2022-02-16T20:00:00Z,21610,3.942683
4.26,4.31,4.09,84,4.135,2022-02-17T12:00:00Z,57800,4.239073
4.31,4.31,4.15,71,4.265,2022-02-17T16:00:00Z,38113,4.214683
4.385,4.395,4.31,76,4.31,2022-02-17T20:00:00Z,39034,4.353753
4.6,4.61,4.37,95,4.37,2022-02-18T12:00:00Z,41869,4.496038
4.375,4.69,4.375,169,4.605,2022-02-18T16:00:00Z,57999,4.587391
4.51,4.515,4.345,213,4.365,2022-02-18T20:00:00Z,73212,4.468745
4.47,4.65,4.285,48,4.645,2022-02-22T12:00:00Z,21677,4.438463
4.505,4.82,4.48,206,4.505,2022-02-22T16:00:00Z,149206,4.697531
4.635,4.665,4.4,54,4.435,2022-02-22T20:00:00Z,32127,4.553397
4.61,4.61,4.315,63,4.4,2022-02-23T12:00:00Z,49668,4.512864
4.83,4.85,4.465,189,4.615,2022-02-23T16:00:00Z,141929,4.68374
4.94,4.97,4.825,110,4.825,2022-02-23T20:00:00Z,170159,4.933961
5.12,5.6,5.045,392,5.6,2022-02-24T12:00:00Z,279474,5.3283
4.63,5.18,4.62,290,5.14,2022-02-24T16:00:00Z,165914,4.942472
4.45,4.61,4.37,74,4.61,2022-02-24T20:00:00Z,50623,4.448591
4.28,4.565,4.25,141,4.355,2022-02-25T12:00:00Z,78498,4.413986
4.3,4.35,4.2,532,4.28,2022-02-25T16:00:00Z,87724,4.27084
4.19,4.32,4.19,153,4.31,2022-02-25T20:00:00Z,35257,4.232069
4.18,4.38,4.18,39,4.32,2022-02-28T12:00:00Z,36907,4.286534
4.4,4.48,4.155,107,4.225,2022-02-28T16:00:00Z,76622,4.389167
4.265,4.44,4.26,52,4.425,2022-02-28T20:00:00Z,59402,4.347165
4.46,4.465,4.23,101,4.305,2022-03-01T12:00:00Z,38349,4.39248
4.685,4.77,4.4,243,4.46,2022-03-01T16:00:00Z,132200,4.612882
4.69,4.825,4.65,41,4.7,2022-03-01T20:00:00Z,32310,4.693553
4.48,4.615,4.41,161,4.55,2022-03-02T12:00:00Z,73149,4.525312
4.22,4.44,4.165,130,4.42,2022-03-02T16:00:00Z,122821,4.251112
4.29,4.29,4.18,28,4.18,2022-03-02T20:00:00Z,10343,4.239942
4.56,4.56,4.325,44,4.325,2022-03-03T12:00:00Z,4285,4.48504
4.48,4.565,4.34,325,4.565,2022-03-03T16:00:00Z,82717,4.464889
4.45,4.585,4.45,82,4.49,2022-03-03T20:00:00Z,43410,4.509611
4.77,4.79,4.55,69,4.66,2022-03-04T12:00:00Z,76461,4.739899
5.005,5.005,4.725,108,4.82,2022-03-04T16:00:00Z,95967,4.863621
4.87,5.02,4.86,40,5.02,2022-03-04T20:00:00Z,31493,4.921638
5.21,5.225,4.8,103,4.82,2022-03-07T12:00:00Z,39160,5.035689
5.455,5.475,5.13,365,5.22,2022-03-07T16:00:00Z,102965,5.317176
5.6,5.6,5.47,45,5.5,2022-03-07T20:00:00Z,50416,5.536464
5.42,5.77,5.415,482,5.6,2022-03-08T12:00:00Z,568046,5.66909
4.935,5.655,4.68,296,5.4,2022-03-08T16:00:00Z,225205,5.09692
5.34,5.34,4.885,34,5.02,2022-03-08T20:00:00Z,38126,5.117913
4.74,4.91,4.715,40,4.74,2022-03-09T12:00:00Z,26550,4.77461
4.58,4.78,4.55,159,4.755,2022-03-09T16:00:00Z,223369,4.627409
4.64,4.655,4.515,50,4.595,2022-03-09T20:00:00Z,37194,4.57007
5.12,5.12,4.9,48,4.91,2022-03-10T12:00:00Z,27847,4.989309
4.91,5.16,4.905,72,5.135,2022-03-10T16:00:00Z,48624,5.039853
4.91,4.96,4.87,62,4.915,2022-03-10T20:00:00Z,21945,4.907203
4.93,5.0,4.71,125,4.71,2022-03-11T12:00:00Z,56755,4.867736
5.025,5.13,4.915,77,4.915,2022-03-11T16:00:00Z,33080,5.031169
5.25,5.25,5.07,68,5.07,2022-03-11T20:00:00Z,61577,5.151472
5.565,5.585,5.2,183,5.29,2022-03-14T12:00:00Z,166952,5.350318
5.675,5.79,5.565,153,5.59,2022-03-14T16:00:00Z,138185,5.702121
5.65,5.65,5.65,1,5.65,2022-03-14T20:00:00Z,100,5.65
5.17,5.655,5.055,167,5.57,2022-03-15T12:00:00Z,99448,5.221424
4.925,5.21,4.925,94,5.16,2022-03-15T16:00:00Z,92079,5.049445
4.33,4.67,4.225,242,4.615,2022-03-16T12:00:00Z,200009,4.390695
4.21,4.84,4.21,328,4.31,2022-03-16T16:00:00Z,174856,4.442587
4.14,4.17,4.12,16,4.17,2022-03-16T20:00:00Z,13313,4.158399
4.265,4.405,4.195,56,4.405,2022-03-17T12:00:00Z,39013,4.274688
4.13,4.27,4.13,71,4.255,2022-03-17T16:00:00Z,52569,4.170629
4.18,4.18,4.13,7,4.13,2022-03-17T20:00:00Z,3112,4.133213
3.96,4.215,3.935,79,4.19,2022-03-18T12:00:00Z,32638,4.001142
3.865,3.98,3.83,155,3.98,2022-03-18T16:00:00Z,80180,3.889698
3.81,4.08,3.795,400,3.91,2022-03-21T12:00:00Z,101506,3.971279
3.89,4.06,3.81,661,3.81,2022-03-21T16:00:00Z,274028,3.981378
3.765,3.92,3.69,203,3.9,2022-03-22T12:00:00Z,189705,3.769616
3.83,3.85,3.775,111,3.785,2022-03-22T16:00:00Z,45423,3.812615
3.805,4.08,3.805,112,3.93,2022-03-23T12:00:00Z,70310,3.962129
4.08,4.1,3.79,98,3.805,2022-03-23T16:00:00Z,81194,4.036641
4.09,4.11,4.09,11,4.11,2022-03-23T20:00:00Z,8900,4.097978
3.65,4.02,3.61,277,3.98,2022-03-24T12:00:00Z,123847,3.706616
3.505,3.7,3.5,153,3.67,2022-03-24T16:00:00Z,130519,3.610504
3.51,3.51,3.51,9,3.51,2022-03-24T20:00:00Z,5530,3.51
3.63,3.68,3.47,179,3.47,2022-03-25T12:00:00Z,32508,3.605299
3.515,3.64,3.5,280,3.62,2022-03-25T16:00:00Z,164124,3.562846
3.5,3.51,3.5,18,3.5,2022-03-25T20:00:00Z,8278,3.505489
35.9,36.125,34.91,27,34.91,2022-03-28T12:00:00Z,2407,35.552708
34.39,36.0,34.39,132,36.0,2022-03-28T16:00:00Z,12312,34.784377
33.15,33.765,32.2,31,32.68,2022-03-29T12:00:00Z,2453,33.073983
32.18,33.835,32.18,9,33.23,2022-03-29T16:00:00Z,1693,33.463719
33.73,33.73,32.5,16,32.71,2022-03-30T12:00:00Z,1411,33.247652
35.13,35.41,33.32,97,33.72,2022-03-30T16:00:00Z,16398,34.090429
35.885,36.15,34.88,51,35.095,2022-03-31T12:00:00Z,5869,35.625214
37.45,37.45,35.875,24,35.875,2022-03-31T16:00:00Z,2681,36.424583
40.085,40.22,36.63,56,36.63,2022-04-01T12:00:00Z,5614,38.675074
39.58,40.925,39.58,31,40.43,2022-04-01T16:00:00Z,3392,40.505433
37.73,39.59,37.57,13,39.43,2022-04-04T12:00:00Z,1400,38.609643
37.93,38.98,37.735,8,37.735,2022-04-04T16:00:00Z,1000,38.3115
41.88,42.22,38.64,48,38.64,2022-04-05T12:00:00Z,4929,40.979951
42.81,43.0,41.79,31,42.32,2022-04-05T16:00:00Z,7539,42.502421
42.6,42.78,42.6,4,42.78,2022-04-05T20:00:00Z,400,42.665
46.35,46.87,45.29,57,45.38,2022-04-06T12:00:00Z,5485,46.071608
45.76,46.61,44.0,98,46.36,2022-04-06T16:00:00Z,12133,45.348291
45.75,45.75,45.75,2,45.75,2022-04-06T20:00:00Z,176,45.75
47.43,47.43,44.61,62,45.895,2022-04-07T12:00:00Z,9780,45.806204
45.24,47.92,44.73,45,47.78,2022-04-07T16:00:00Z,6396,46.535041
48.0,48.88,46.76,101,46.76,2022-04-08T12:00:00Z,10393,48.018854
49.2,49.275,47.23,153,47.46,2022-04-08T16:00:00Z,24724,48.722017
48.97,49.01,48.97,3,49.01,2022-04-08T20:00:00Z,300,48.996667
51.5,52.18,50.22,49,51.21,2022-04-11T12:00:00Z,7390,51.362767
52.085,52.085,50.89,61,51.81,2022-04-11T16:00:00Z,10072,51.319133
52.06,52.18,52.06,2,52.18,2022-04-11T20:00:00Z,200,52.12
49.75,51.51,47.81,320,49.04,2022-04-12T12:00:00Z,37038,49.683869
52.855,53.315,49.85,118,50.34,2022-04-12T16:00:00Z,12875,52.209669
52.46,52.65,52.45,3,52.65,2022-04-12T20:00:00Z,300,52.52
48.755,51.59,48.24,38,51.59,2022-04-13T12:00:00Z,4885,49.552979
49.01,50.1,48.455,26,48.75,2022-04-13T16:00:00Z,3035,49.382
51.55,51.55,48.27,39,48.68,2022-04-14T12:00:00Z,4384,50.33538
53.075,53.075,51.46,15,51.46,2022-04-14T16:00:00Z,1869,52.0725
53.15,53.15,53.15,1,53.15,2022-04-14T20:00:00Z,100,53.15
51.055,53.54,50.04,49,53.54,2022-04-18T12:00:00Z,13940,50.96668
50.855,51.47,49.27,20,50.92,2022-04-18T16:00:00Z,5221,50.59997
47.395,51.0,47.03,194,51.0,2022-04-19T12:00:00Z,24152,48.868888
47.08,48.41,46.82,46,47.7,2022-04-19T16:00:00Z,8626,47.549365
47.6,47.69,47.6,2,47.69,2022-04-19T20:00:00Z,200,47.645
47.415,47.415,43.69,42,44.53,2022-04-20T12:00:00Z,6926,45.485534
46.7,47.78,46.3,33,47.145,2022-04-20T16:00:00Z,4887,46.979943
48.57,48.57,44.79,96,45.49,2022-04-21T12:00:00Z,11243,46.311362
51.31,51.96,48.43,160,48.65,2022-04-21T16:00:00Z,24108,50.675498
51.86,52.79,50.88,53,51.28,2022-04-22T12:00:00Z,6085,51.774256
54.78,54.78,52.85,42,52.85,2022-04-22T16:00:00Z,10726,53.70102
55.33,55.33,54.65,2,54.65,2022-04-22T20:00:00Z,200,54.99
55.34,56.36,53.87,335,56.09,2022-04-25T12:00:00Z,31978,54.985136
52.16,54.91,52.16,86,54.14,2022-04-25T16:00:00Z,10833,53.39777
51.92,51.92,51.92,1,51.92,2022-04-25T20:00:00Z,200,51.92
57.82,57.99,53.61,38,54.03,2022-04-26T12:00:00Z,5441,56.650663
58.38,58.38,56.59,24,57.67,2022-04-26T16:00:00Z,9754,57.287894
61.1,61.1,60.65,2,60.65,2022-04-26T20:00:00Z,1300,60.996154
59.07,60.94,56.0,26,60.61,2022-04-27T12:00:00Z,3828,59.552973
59.59,59.89,57.84,16,58.16,2022-04-27T16:00:00Z,2179,59.042662
55.9,57.605,54.3,27,54.52,2022-04-28T12:00:00Z,2934,55.593889
50.25,56.36,47.79,92,56.36,2022-04-28T16:00:00Z,14374,51.143416
50.41,51.74,50.41,8,51.0,2022-04-28T20:00:00Z,1000,51.123
52.37,52.37,49.37,55,52.28,2022-04-29T12:00:00Z,9185,51.148848
55.71,55.71,52.475,84,52.475,2022-04-29T16:00:00Z,19713,54.291907
55.51,55.51,55.5,2,55.5,2022-04-29T20:00:00Z,300,55.503333
54.69,56.23,53.295,30,56.23,2022-05-02T12:00:00Z,3347,54.250551
50.48,56.28,50.24,91,53.465,2022-05-02T16:00:00Z,15027,54.13887
49.74,51.66,49.17,78,50.7,2022-05-03T12:00:00Z,9038,50.508146
48.95,49.91,48.01,41,49.01,2022-05-03T16:00:00Z,4697,49.052722
48.06,48.11,47.94,5,48.02,2022-05-03T20:00:00Z,500,48.024
52.31,52.33,48.34,29,48.55,2022-05-04T12:00:00Z,3737,50.340377
43.32,51.73,43.18,121,51.38,2022-05-04T16:00:00Z,15051,46.641607
43.9,43.9,43.33,2,43.33,2022-05-04T20:00:00Z,200,43.615
49.86,49.86,45.88,252,45.88,2022-05-05T12:00:00Z,42636,48.517368
49.6,51.53,48.2,215,50.14,2022-05-05T16:00:00Z,50494,49.925914
49.69,53.7,47.78,127,51.06,2022-05-06T12:00:00Z,16514,50.148358
50.77,52.4,48.27,71,50.01,2022-05-06T16:00:00Z,15829,50.940833
57.28,58.07,52.69,266,54.24,2022-05-09T12:00:00Z,39533,56.143746
58.805,59.62,56.02,152,57.32,2022-05-09T16:00:00Z,33364,57.555974
57.86,58.33,52.25,78,53.2,2022-05-10T12:00:00Z,7351,55.522064
54.58,57.42,51.98,30,57.29,2022-05-10T16:00:00Z,3380,54.73
54.51,57.18,52.32,83,55.89,2022-05-11T12:00:00Z,8347,55.144231
59.88,59.88,54.24,112,54.46,2022-05-11T16:00:00Z,21489,57.251888
58.77,59.3,58.77,2,59.3,2022-05-11T20:00:00Z,300,58.946667
61.21,63.04,57.075,481,60.69,2022-05-12T12:00:00Z,40020,61.316172
60.0,63.1,59.52,117,61.05,2022-05-12T16:00:00Z,12632,60.48073
58.57,58.57,58.57,1,58.57,2022-05-12T20:00:00Z,200,58.57
49.9,56.14,49.9,116,54.85,2022-05-13T12:00:00Z,10160,52.369391
48.88,51.53,48.37,62,49.86,2022-05-13T16:00:00Z,5473,49.547519
50.31,52.12,49.62,34,50.26,2022-05-16T12:00:00Z,3783,51.225618
51.7,51.7,49.96,20,50.97,2022-05-16T16:00:00Z,2601,51.0825
45.285,47.36,45.15,327,47.0,2022-05-17T12:00:00Z,37496,45.990503
44.075,46.85,43.73,124,45.7,2022-05-17T16:00:00Z,15602,44.709323
43.85,43.85,43.85,1,43.85,2022-05-17T20:00:00Z,200,43.85
47.9,47.99,44.97,43,46.37,2022-05-18T12:00:00Z,6296,46.467688
50.7,51.12,48.13,232,48.22,2022-05-18T16:00:00Z,42865,50.393785
51.41,51.63,50.56,4,50.56,2022-05-18T20:00:00Z,700,51.135714
48.58,52.755,47.7,87,50.17,2022-05-19T12:00:00Z,8256,50.651322
51.32,51.4,48.41,139,48.5,2022-05-19T16:00:00Z,24665,50.761926
54.86,54.88,48.64,32,48.65,2022-05-20T12:00:00Z,2787,51.788921
53.12,58.51,53.12,74,55.61,2022-05-20T16:00:00Z,7444,56.965447
51.66,53.91,51.25,20,53.38,2022-05-23T12:00:00Z,2932,52.010357
51.04,52.45,51.04,22,52.45,2022-05-23T16:00:00Z,2734,51.7564
50.82,50.82,50.82,2,50.82,2022-05-23T20:00:00Z,305,50.82
54.89,56.36,53.36,113,53.37,2022-05-24T12:00:00Z,13134,55.281561
54.05,55.75,53.86,32,55.01,2022-05-24T16:00:00Z,4619,54.841751
53.96,55.16,52.59,38,55.16,2022-05-25T12:00:00Z,3941,53.987462
51.575,54.505,50.18,19,54.505,2022-05-25T16:00:00Z,2481,52.295888
46.78,53.05,46.52,80,52.79,2022-05-26T12:00:00Z,8393,48.634203
45.6,46.54,45.005,105,46.47,2022-05-26T16:00:00Z,16948,45.387027
45.73,45.73,45.73,1,45.73,2022-05-26T20:00:00Z,100,45.73
41.55,43.5,41.5,57,43.5,2022-05-27T12:00:00Z,6492,41.979146
40.17,41.47,39.95,56,41.185,2022-05-27T16:00:00Z,9229,40.633153
39.94,40.2,39.94,7,40.2,2022-05-27T20:00:00Z,1100,40.040909
41.26,42.35,40.41,28,40.5,2022-05-31T12:00:00Z,4029,41.674673
40.76,40.76,39.89,23,40.25,2022-05-31T16:00:00Z,3863,40.331452
40.67,40.76,40.67,2,40.76,2022-05-31T20:00:00Z,200,40.715
43.305,43.305,39.44,50,39.44,2022-06-01T12:00:00Z,6667,41.450289
41.57,43.935,41.55,26,43.585,2022-06-01T16:00:00Z,3807,42.791931
39.8,43.19,39.7,49,43.0,2022-06-02T12:00:00Z,5775,41.327558
38.06,39.47,38.06,68,39.44,2022-06-02T16:00:00Z,10632,38.999567
38.1,38.1,38.1,1,38.1,2022-06-02T20:00:00Z,200,38.1
41.34,41.74,40.24,72,40.56,2022-06-03T12:00:00Z,13447,41.207953
41.39,41.63,40.59,212,41.47,2022-06-03T16:00:00Z,43808,41.298354
41.23,41.24,41.23,3,41.24,2022-06-03T20:00:00Z,400,41.235
40.21,40.775,38.63,34,38.96,2022-06-06T12:00:00Z,4227,39.606926
41.95,41.95,40.38,21,40.38,2022-06-06T16:00:00Z,2619,41.282005
41.24,41.24,41.24,2,41.24,2022-06-06T20:00:00Z,200,41.24
41.89,43.23,40.59,54,43.1,2022-06-07T12:00:00Z,6057,41.772667
40.0,41.73,40.0,25,41.58,2022-06-07T16:00:00Z,2675,41.118047
41.85,41.99,40.73,26,40.9,2022-06-08T12:00:00Z,4361,41.616411
43.0,43.62,42.63,41,42.63,2022-06-08T16:00:00Z,10203,43.170075
42.89,43.01,42.89,4,43.0,2022-06-08T20:00:00Z,400,42.975
42.86,44.0,41.8,47,44.0,2022-06-09T12:00:00Z,8325,43.093994
46.31,46.31,42.71,51,42.94,2022-06-09T16:00:00Z,10065,44.618928
46.24,46.6,46.24,10,46.6,2022-06-09T20:00:00Z,1285,46.369644
51.12,51.7,47.73,133,48.66,2022-06-10T12:00:00Z,19932,50.565716
51.565,51.565,49.96,77,50.79,2022-06-10T16:00:00Z,15422,50.905461
51.24,51.45,51.23,5,51.45,2022-06-10T20:00:00Z,500,51.29
59.75,60.46,55.98,302,56.73,2022-06-13T12:00:00Z,37990,58.676722
60.56,60.68,57.12,94,59.68,2022-06-13T16:00:00Z,17312,59.137025
58.95,60.25,57.8,63,58.21,2022-06-14T12:00:00Z,8957,59.413333
59.55,61.19,58.39,60,59.125,2022-06-14T16:00:00Z,6872,59.62043
57.08,58.12,56.32,65,57.085,2022-06-15T12:00:00Z,5238,57.406463
56.38,60.26,54.1,42,57.08,2022-06-15T16:00:00Z,3923,56.259143
56.3,56.3,56.3,1,56.3,2022-06-15T20:00:00Z,179,56.3
66.39,66.58,61.43,254,61.43,2022-06-16T12:00:00Z,29620,63.896607
66.68,68.12,65.96,68,66.31,2022-06-16T16:00:00Z,23553,66.997638
67.28,70.15,64.25,49,65.55,2022-06-17T12:00:00Z,7765,66.693784
65.65,67.035,64.605,118,67.01,2022-06-17T16:00:00Z,16395,65.819923
59.53,60.84,57.71,194,59.85,2022-06-21T12:00:00Z,18622,58.696536
60.28,60.46,58.85,35,59.92,2022-06-21T16:00:00Z,4137,59.903077
60.22,60.42,60.22,3,60.42,2022-06-21T20:00:00Z,300,60.353333
62.42,63.72,60.73,36,63.51,2022-06-22T12:00:00Z,4404,62.033571
61.72,62.81,60.8,22,62.81,2022-06-22T16:00:00Z,3622,61.625971
64.41,64.41,61.43,184,61.43,2022-06-23T12:00:00Z,16813,63.018285
63.43,65.91,63.43,36,65.34,2022-06-23T16:00:00Z,3664,64.947778
56.83,60.73,55.17,369,60.48,2022-06-24T12:00:00Z,36815,56.353827
56.49,56.81,55.89,20,56.6,2022-06-24T16:00:00Z,1868,56.442667
53.72,56.255,53.23,26,54.78,2022-06-27T12:00:00Z,3437,54.64689
54.19,54.5,54.19,2,54.5,2022-06-27T16:00:00Z,200,54.345
58.62,58.62,52.66,80,54.59,2022-06-28T12:00:00Z,8124,55.06704
59.6,59.61,57.21,40,58.75,2022-06-28T16:00:00Z,4344,58.615581
64.57,65.23,61.9,76,61.9,2022-06-29T12:00:00Z,6255,63.731455
63.8,65.67,63.8,43,64.64,2022-06-29T16:00:00Z,4496,64.580481
64.07,69.19,64.02,54,66.92,2022-06-30T12:00:00Z,5110,67.63
66.64,66.98,62.75,27,62.75,2022-06-30T16:00:00Z,7200,64.657986
67.13,67.13,67.13,1,67.13,2022-06-30T20:00:00Z,100,67.13
75.42,75.42,68.69,193,69.81,2022-07-01T12:00:00Z,21056,73.066322
73.63,75.85,72.95,47,75.58,2022-07-01T16:00:00Z,8100,74.584421
77.04,80.0,74.44,349,78.88,2022-07-05T12:00:00Z,42204,76.689231
72.32,77.29,71.99,32,77.29,2022-07-05T16:00:00Z,3555,74.303195
71.49,73.25,70.35,60,71.7,2022-07-06T12:00:00Z,5961,71.736955
70.73,71.66,68.41,185,71.4,2022-07-06T16:00:00Z,18093,70.136843
62.28,65.09,62.28,62,65.09,2022-07-07T12:00:00Z,5360,63.11279
60.49,62.04,60.12,38,62.04,2022-07-07T16:00:00Z,3120,61.128457
59.65,64.18,59.65,47,62.92,2022-07-08T12:00:00Z,4405,62.15631
60.02,62.78,59.84,26,60.4,2022-07-08T16:00:00Z,2873,60.67463
60.05,60.05,60.05,1,60.05,2022-07-08T20:00:00Z,100,60.05
64.19,65.39,62.83,78,63.0,2022-07-11T12:00:00Z,7294,64.230663
64.55,64.55,62.14,20,63.67,2022-07-11T16:00:00Z,2271,63.082052
62.42,64.89,61.69,78,62.8,2022-07-12T12:00:00Z,7017,62.995308
63.98,65.06,61.96,70,62.17,2022-07-12T16:00:00Z,7431,63.839541
64.14,64.14,64.14,1,64.14,2022-07-12T20:00:00Z,100,64.14
63.04,68.31,61.27,260,68.29,2022-07-13T12:00:00Z,27764,65.260051
62.27,62.69,62.0,5,62.64,2022-07-13T16:00:00Z,500,62.446
63.19,65.81,63.19,111,63.27,2022-07-14T12:00:00Z,12035,64.795421
58.6,63.2,58.05,49,62.51,2022-07-14T16:00:00Z,7480,60.020075
56.11,58.81,55.56,103,55.56,2022-07-15T12:00:00Z,10627,57.124914
54.9,56.96,54.71,54,56.96,2022-07-15T16:00:00Z,4273,55.204872
54.5,54.54,54.5,3,54.52,2022-07-15T20:00:00Z,300,54.52
51.0,53.98,51.0,98,51.99,2022-07-18T12:00:00Z,8834,52.510732
55.06,55.95,51.04,152,51.04,2022-07-18T16:00:00Z,14868,54.115804
49.06,52.83,48.84,199,52.59,2022-07-19T12:00:00Z,18137,51.338503
47.51,49.465,46.89,247,49.1,2022-07-19T16:00:00Z,40285,47.84369
47.21,47.6,47.21,6,47.6,2022-07-19T20:00:00Z,600,47.425
44.27,48.69,44.01,44,48.28,2022-07-20T12:00:00Z,4209,45.772432
43.955,45.89,43.675,57,44.86,2022-07-20T16:00:00Z,15529,45.107258
44.66,44.66,44.66,1,44.66,2022-07-20T20:00:00Z,100,44.66
43.075,45.14,42.97,99,43.68,2022-07-21T12:00:00Z,8551,43.717459
41.915,43.18,41.915,44,42.96,2022-07-21T16:00:00Z,4946,42.643488
44.63,45.1,42.47,81,43.14,2022-07-22T12:00:00Z,7911,43.677467
45.39,46.14,44.45,48,44.48,2022-07-22T16:00:00Z,5821,45.654545
46.54,48.01,45.85,182,46.11,2022-07-25T12:00:00Z,16413,46.879246
46.02,47.3,46.015,21,46.48,2022-07-25T16:00:00Z,4612,46.528028
48.33,48.365,46.15,58,46.88,2022-07-26T12:00:00Z,6117,47.171638
48.31,48.695,47.21,187,48.3,2022-07-26T16:00:00Z,37467,47.712668
44.48,45.89,43.75,133,45.53,2022-07-27T12:00:00Z,7223,44.619024
41.34,44.57,40.45,135,44.455,2022-07-27T16:00:00Z,14787,42.309077
41.8,42.38,41.8,2,42.38,2022-07-27T20:00:00Z,200,42.09
41.06,43.32,40.9,487,41.55,2022-07-28T12:00:00Z,42544,42.442245
40.035,41.48,39.76,76,40.99,2022-07-28T16:00:00Z,9709,40.325947
40.92,41.13,40.03,21,40.03,2022-07-28T20:00:00Z,2000,40.925263
40.51,42.14,39.85,32,41.75,2022-07-29T12:00:00Z,4428,40.341512
38.84,40.32,38.76,136,40.28,2022-07-29T16:00:00Z,72514,39.128241
38.3,40.53,37.605,95,40.22,2022-08-01T12:00:00Z,8296,38.654419
38.73,39.6,38.3,21,38.56,2022-08-01T16:00:00Z,2119,38.856857
38.42,38.51,38.42,13,38.51,2022-08-01T20:00:00Z,1302,38.434655
39.16,40.38,38.77,56,39.87,2022-08-02T12:00:00Z,4127,39.773143
38.8,38.82,37.11,106,37.24,2022-08-02T16:00:00Z,11454,37.830194
36.99,38.74,36.99,25,38.45,2022-08-03T12:00:00Z,2041,38.264444
35.66,37.22,35.49,20,37.22,2022-08-03T16:00:00Z,1914,35.973947
35.71,35.71,35.59,4,35.7,2022-08-03T20:00:00Z,400,35.6575
35.76,36.11,34.92,50,35.85,2022-08-04T12:00:00Z,3566,35.48923
34.73,35.56,34.56,31,35.02,2022-08-04T16:00:00Z,2700,35.032535
36.95,37.12,34.92,40,35.78,2022-08-05T12:00:00Z,3319,36.155667
35.71,36.6,35.535,99,36.6,2022-08-05T16:00:00Z,10092,36.058008
35.77,35.77,35.77,1,35.77,2022-08-05T20:00:00Z,100,35.77
38.09,38.56,36.12,52,37.1,2022-08-08T12:00:00Z,4934,36.709022
37.41,38.91,37.35,38,37.975,2022-08-08T16:00:00Z,4253,38.272294
37.34,37.34,37.34,1,37.34,2022-08-08T20:00:00Z,100,37.34
43.17,43.31,40.01,157,40.16,2022-08-09T12:00:00Z,11240,41.424809
42.53,43.9,42.25,186,43.185,2022-08-09T16:00:00Z,16954,43.211548
37.3,40.76,37.3,79,38.93,2022-08-10T12:00:00Z,7253,39.628347
37.02,38.37,36.93,75,37.46,2022-08-10T16:00:00Z,7360,37.679911
37.04,37.05,37.02,6,37.02,2022-08-10T20:00:00Z,600,37.033333
36.54,36.54,34.14,51,36.06,2022-08-11T12:00:00Z,4199,35.410138
37.05,37.33,36.13,28,36.76,2022-08-11T16:00:00Z,2775,36.641111
37.12,37.28,37.12,5,37.28,2022-08-11T20:00:00Z,550,37.201818
35.22,36.48,34.915,17,36.45,2022-08-12T12:00:00Z,1817,35.650294
33.885,34.68,33.725,31,34.68,2022-08-12T16:00:00Z,2293,34.116053
33.97,34.0,33.89,10,33.99,2022-08-12T20:00:00Z,1000,33.957
34.085,34.94,33.53,47,34.5,2022-08-15T12:00:00Z,5018,34.408836
33.64,34.18,33.38,17,33.99,2022-08-15T16:00:00Z,1847,33.874118
33.65,33.65,33.56,7,33.56,2022-08-15T20:00:00Z,673,33.606667
34.23,35.16,34.23,11,34.45,2022-08-16T12:00:00Z,991,34.651111
34.62,34.95,33.87,31,34.31,2022-08-16T16:00:00Z,3961,34.543429
34.79,34.79,34.66,7,34.66,2022-08-16T20:00:00Z,600,34.734
38.48,38.48,36.09,108,36.09,2022-08-17T12:00:00Z,13370,37.50126
37.275,38.06,36.39,65,37.915,2022-08-17T16:00:00Z,7321,37.450093
33.94,37.29,33.94,103,36.95,2022-08-18T12:00:00Z,32246,34.5194
34.56,34.945,33.8,110,33.96,2022-08-18T16:00:00Z,18123,34.120951
34.36,34.38,34.36,4,34.38,2022-08-18T20:00:00Z,400,34.37
37.0,37.5,35.82,42,36.23,2022-08-19T12:00:00Z,3045,36.6444
37.46,37.73,37.08,28,37.25,2022-08-19T16:00:00Z,5251,37.458381
37.6,37.6,37.47,5,37.47,2022-08-19T20:00:00Z,500,37.53
40.595,40.965,39.6,50,39.84,2022-08-22T12:00:00Z,7865,40.399667
41.77,42.09,40.605,56,40.605,2022-08-22T16:00:00Z,5318,41.465128
40.44,41.39,39.35,46,41.39,2022-08-23T12:00:00Z,5845,40.614752
40.83,40.88,40.14,20,40.53,2022-08-23T16:00:00Z,2878,40.63139
41.05,41.05,41.05,1,41.05,2022-08-23T20:00:00Z,100,41.05
40.58,41.92,40.58,26,40.96,2022-08-24T12:00:00Z,2394,41.356176
40.72,41.29,40.5,18,40.69,2022-08-24T16:00:00Z,1780,40.726471
41.0,41.02,41.0,3,41.0,2022-08-24T20:00:00Z,300,41.006667
37.5,39.81,37.0,39,39.65,2022-08-25T12:00:00Z,4473,38.111667
36.39,37.93,36.39,38,37.54,2022-08-25T16:00:00Z,3896,37.31828
36.43,36.59,36.43,4,36.59,2022-08-25T20:00:00Z,400,36.5275
40.17,40.24,36.41,70,36.43,2022-08-26T12:00:00Z,7024,38.428914
42.435,42.435,40.37,94,40.37,2022-08-26T16:00:00Z,12806,41.422512
44.5,45.11,42.29,53,43.68,2022-08-29T12:00:00Z,8399,44.160221
44.36,44.67,43.5,51,44.67,2022-08-29T16:00:00Z,5765,44.024589
47.21,47.93,43.57,49,43.57,2022-08-30T12:00:00Z,5034,46.420761
46.55,48.045,46.55,35,46.79,2022-08-30T16:00:00Z,3394,47.173571
46.36,46.46,46.36,4,46.46,2022-08-30T20:00:00Z,400,46.415
48.29,48.99,45.74,105,45.74,2022-08-31T12:00:00Z,7635,47.210129
48.16,49.1,47.33,37,48.1,2022-08-31T16:00:00Z,2975,48.311702
48.1,48.1,48.1,1,48.1,2022-08-31T20:00:00Z,100,48.1
54.76,55.045,50.51,335,50.51,2022-09-01T12:00:00Z,34432,53.446413
51.085,54.92,51.085,75,54.66,2022-09-01T16:00:00Z,10081,53.218345
50.29,51.21,50.29,4,50.82,2022-09-01T20:00:00Z,400,50.7175
48.46,50.86,47.47,159,49.02,2022-09-02T12:00:00Z,25362,48.59021
52.48,53.07,48.145,129,48.17,2022-09-02T16:00:00Z,15572,51.882239
52.7,55.35,52.03,97,52.48,2022-09-06T12:00:00Z,8589,53.366205
54.09,54.37,51.84,50,51.96,2022-09-06T16:00:00Z,4870,53.706374
52.77,54.26,52.47,42,54.06,2022-09-07T12:00:00Z,6401,53.265994
50.81,53.43,50.205,43,52.34,2022-09-07T16:00:00Z,3834,51.241387
49.4,53.89,48.46,140,53.28,2022-09-08T12:00:00Z,21292,50.078916
49.46,51.6,49.275,95,49.275,2022-09-08T16:00:00Z,14608,50.603963
48.78,48.78,48.78,9,48.78,2022-09-08T20:00:00Z,900,48.78
45.16,46.73,44.72,70,46.71,2022-09-09T12:00:00Z,11954,45.227991
45.21,45.7,44.91,55,45.02,2022-09-09T16:00:00Z,8972,45.257299
45.33,45.33,45.27,3,45.27,2022-09-09T20:00:00Z,300,45.29
46.06,46.27,44.2,35,45.0,2022-09-12T12:00:00Z,5109,45.257634
44.865,46.09,44.865,91,46.09,2022-09-12T16:00:00Z,11406,45.487045
51.23,51.54,47.83,166,48.63,2022-09-13T12:00:00Z,24424,50.787437
53.145,53.45,50.88,142,51.31,2022-09-13T16:00:00Z,27984,51.741833
53.12,53.12,53.12,2,53.12,2022-09-13T20:00:00Z,200,53.12
51.14,53.55,50.68,79,52.0,2022-09-14T12:00:00Z,13682,51.9451
51.4,53.25,50.25,89,51.65,2022-09-14T16:00:00Z,15688,51.896217
51.21,51.21,51.21,1,51.21,2022-09-14T20:00:00Z,100,51.21
54.12,54.4,50.78,65,51.91,2022-09-15T12:00:00Z,12803,53.603742
53.72,54.705,51.7,138,53.6,2022-09-15T16:00:00Z,31250,53.671145
55.23,56.62,53.65,54,55.69,2022-09-16T12:00:00Z,8922,55.411696
52.91,55.93,52.805,64,55.27,2022-09-16T16:00:00Z,11519,53.85077
53.48,53.48,51.58,26,53.35,2022-09-19T12:00:00Z,3375,52.640156
52.18,54.01,51.67,31,53.97,2022-09-19T16:00:00Z,4653,52.791307
53.26,54.175,53.01,55,53.67,2022-09-20T12:00:00Z,10769,53.641507
54.345,55.27,53.14,56,53.14,2022-09-20T16:00:00Z,8574,54.549846
51.73,53.8,51.12,45,53.8,2022-09-21T12:00:00Z,7925,51.669211
55.25,55.35,48.79,401,51.88,2022-09-21T16:00:00Z,50122,51.973495
60.55,60.9,56.33,105,56.33,2022-09-22T12:00:00Z,15714,59.43551
60.53,61.21,58.75,101,60.59,2022-09-22T16:00:00Z,24456,60.230482
64.85,65.4,62.3,154,62.59,2022-09-23T12:00:00Z,16002,64.130137
63.07,66.01,62.91,141,65.15,2022-09-23T16:00:00Z,33585,64.672665
64.26,64.86,61.06,50,63.14,2022-09-26T12:00:00Z,5267,63.162657
65.9,65.9,63.69,63,64.53,2022-09-26T16:00:00Z,10384,64.906846
64.29,64.29,60.82,123,62.035,2022-09-27T12:00:00Z,9921,62.984824
63.57,66.52,63.4,83,65.0,2022-09-27T16:00:00Z,8923,64.664458
61.78,65.93,61.75,185,65.56,2022-09-28T12:00:00Z,23285,63.398993
61.21,62.58,60.43,92,61.67,2022-09-28T16:00:00Z,10391,61.708284
61.65,61.65,61.65,1,61.65,2022-09-28T20:00:00Z,100,61.65
66.98,68.55,64.4,160,64.4,2022-09-29T12:00:00Z,24358,67.745573
67.02,69.62,66.73,169,66.9,2022-09-29T16:00:00Z,26599,67.939514
66.24,69.33,64.56,128,69.33,2022-09-30T12:00:00Z,11017,67.005941
70.66,70.67,66.72,100,67.0,2022-09-30T16:00:00Z,13684,68.818503
63.48,69.45,62.24,98,66.83,2022-10-03T12:00:00Z,10440,64.622037
62.81,63.87,60.75,94,63.73,2022-10-03T16:00:00Z,11795,62.330576
62.23,62.23,62.23,1,62.23,2022-10-03T20:00:00Z,100,62.23
54.06,56.74,54.05,105,56.7,2022-10-04T12:00:00Z,14185,54.994883
54.19,56.16,54.02,73,54.04,2022-10-04T16:00:00Z,9829,54.569432
55.45,58.135,55.45,63,55.79,2022-10-05T12:00:00Z,5712,56.879214
52.85,55.585,51.36,142,55.48,2022-10-05T16:00:00Z,16141,53.147791
52.82,54.01,51.26,94,53.02,2022-10-06T12:00:00Z,14773,52.837527
53.56,53.775,51.93,99,53.06,2022-10-06T16:00:00Z,16446,53.043447
55.54,55.54,53.62,5,53.63,2022-10-06T20:00:00Z,500,54.434
61.63,62.075,57.35,105,57.35,2022-10-07T12:00:00Z,12076,60.449333
63.27,64.09,61.28,124,61.64,2022-10-07T16:00:00Z,22648,62.861554
69.75,71.93,65.21,187,65.21,2022-10-10T12:00:00Z,23104,69.406476
69.77,71.91,68.22,173,70.39,2022-10-10T16:00:00Z,23390,70.057212
73.59,76.97,72.7,213,73.89,2022-10-11T12:00:00Z,16171,74.990894
75.63,78.27,71.59,284,74.38,2022-10-11T16:00:00Z,30347,75.490119
75.68,78.51,74.92,130,75.87,2022-10-12T12:00:00Z,9678,76.504578
77.775,77.775,75.67,112,75.67,2022-10-12T16:00:00Z,10023,77.082785
77.76,77.85,77.76,2,77.85,2022-10-12T20:00:00Z,200,77.805
70.58,89.41,66.7,998,78.52,2022-10-13T12:00:00Z,81845,76.929075
70.6,74.74,69.25,158,70.05,2022-10-13T16:00:00Z,18949,71.420811
70.51,70.51,70.51,1,70.51,2022-10-13T20:00:00Z,100,70.51
77.53,77.88,68.21,345,68.21,2022-10-14T12:00:00Z,22863,75.42932
80.28,80.28,77.45,102,78.03,2022-10-14T16:00:00Z,8483,78.477044
73.99,76.43,71.55,88,73.2,2022-10-17T12:00:00Z,5766,73.883256
74.94,75.77,74.44,71,74.48,2022-10-17T16:00:00Z,6131,75.019961
75.46,77.83,66.9,66,67.495,2022-10-18T12:00:00Z,5498,72.521667
74.68,77.06,73.61,58,75.05,2022-10-18T16:00:00Z,5187,75.346763
71.64,76.19,70.65,118,75.04,2022-10-19T12:00:00Z,9915,73.595955
72.86,74.6,72.43,52,72.43,2022-10-19T16:00:00Z,4114,73.579292
66.4,72.52,64.62,189,71.42,2022-10-20T12:00:00Z,14919,67.519284
70.96,72.26,68.4,95,68.4,2022-10-20T16:00:00Z,10576,71.012881
66.54,72.38,66.4,296,72.035,2022-10-21T12:00:00Z,20365,69.750323
63.1,66.84,62.95,216,65.88,2022-10-21T16:00:00Z,21081,64.943125
63.5,63.5,63.13,6,63.13,2022-10-21T20:00:00Z,600,63.313333
62.72,67.02,62.08,301,63.345,2022-10-24T12:00:00Z,24917,64.17598
62.45,64.01,61.8,40,62.84,2022-10-24T16:00:00Z,3482,62.690667
57.22,61.94,57.22,88,61.93,2022-10-25T12:00:00Z,7300,58.990204
58.3,59.7,57.66,29,57.66,2022-10-25T16:00:00Z,2926,58.626208
59.88,59.88,59.69,2,59.69,2022-10-25T20:00:00Z,200,59.785
56.98,62.66,56.09,90,62.36,2022-10-26T12:00:00Z,8642,59.277429
60.07,60.53,56.49,35,56.49,2022-10-26T16:00:00Z,5623,59.817038
61.32,62.46,57.94,91,57.94,2022-10-27T12:00:00Z,7543,60.069245
63.31,63.35,60.87,107,61.06,2022-10-27T16:00:00Z,16710,62.132294
63.76,64.52,62.88,14,64.0,2022-10-27T20:00:00Z,1330,63.793846
57.57,62.59,57.07,127,62.43,2022-10-28T12:00:00Z,12128,60.141609
55.805,57.73,55.62,63,57.04,2022-10-28T16:00:00Z,5590,56.455874
55.42,55.42,55.42,1,55.42,2022-10-28T20:00:00Z,100,55.42
59.2,60.09,57.04,96,57.27,2022-10-31T12:00:00Z,8398,58.940291
59.47,59.58,58.3,28,59.2,2022-10-31T16:00:00Z,2654,59.031744
57.93,59.05,55.44,120,56.36,2022-11-01T12:00:00Z,9083,57.320108
58.05,58.05,56.86,25,56.86,2022-11-01T16:00:00Z,3960,57.883503
58.57,58.57,58.57,1,58.57,2022-11-01T20:00:00Z,100,58.57
57.32,57.55,56.08,10,56.97,2022-11-02T12:00:00Z,900,56.76125
63.56,63.56,54.02,464,57.97,2022-11-02T16:00:00Z,31451,58.357272
64.49,64.49,64.49,1,64.49,2022-11-02T20:00:00Z,100,64.49
65.17,68.35,63.385,109,67.17,2022-11-03T12:00:00Z,6821,66.089091
66.14,66.28,64.59,46,64.89,2022-11-03T16:00:00Z,4516,65.651045
61.02,61.53,56.6,396,58.56,2022-11-04T12:00:00Z,27378,59.008265
56.805,61.65,56.805,90,60.44,2022-11-04T16:00:00Z,8201,59.28126
56.83,56.83,56.68,5,56.81,2022-11-04T20:00:00Z,380,56.773333
56.13,57.27,55.36,111,55.36,2022-11-07T12:00:00Z,7685,56.424918
53.38,56.04,53.38,46,56.04,2022-11-07T16:00:00Z,6007,54.731131
53.13,53.39,52.75,10,53.39,2022-11-07T20:00:00Z,1000,52.9755
49.18,51.35,49.08,57,50.4,2022-11-08T12:00:00Z,6917,49.827843
51.83,52.7,48.07,63,49.135,2022-11-08T16:00:00Z,10372,50.253948
49.92,50.9,49.095,31,50.9,2022-11-08T20:00:00Z,4408,49.685562
53.25,53.88,51.98,95,52.23,2022-11-09T12:00:00Z,9499,52.827973
54.5,54.51,51.83,69,52.34,2022-11-09T16:00:00Z,14342,53.273567
54.5,54.55,53.86,28,53.86,2022-11-09T20:00:00Z,5671,54.311667
43.5,52.16,43.21,312,52.16,2022-11-10T12:00:00Z,25738,44.592282
39.54,43.2,39.54,97,43.045,2022-11-10T16:00:00Z,17432,41.144148
37.15,39.78,37.15,111,39.78,2022-11-10T20:00:00Z,13659,38.247404
35.09,38.15,35.0,322,37.03,2022-11-11T12:00:00Z,31793,35.93306
33.52,36.005,33.47,285,35.02,2022-11-11T16:00:00Z,43111,34.651563
34.0,34.6,33.505,38,33.52,2022-11-11T20:00:00Z,4896,34.136655
33.68,35.09,33.405,101,34.44,2022-11-14T12:00:00Z,11778,34.234952
33.76,34.5,33.305,129,33.76,2022-11-14T16:00:00Z,17846,33.683685
35.155,35.195,33.61,112,33.61,2022-11-14T20:00:00Z,12436,34.744043
31.59,31.85,30.6,143,30.99,2022-11-15T12:00:00Z,16645,31.243465
31.925,33.26,31.04,229,31.97,2022-11-15T16:00:00Z,63793,31.615914
32.045,32.2,31.795,47,31.84,2022-11-15T20:00:00Z,6389,31.964696
35.83,35.83,33.48,642,33.52,2022-11-16T12:00:00Z,155509,34.946166
35.88,36.09,35.25,140,35.78,2022-11-16T16:00:00Z,23778,35.682969
34.82,36.615,34.82,160,35.835,2022-11-16T20:00:00Z,16200,36.177212
36.36,38.83,35.39,432,37.25,2022-11-17T12:00:00Z,33820,37.390899
35.43,36.415,34.755,254,36.405,2022-11-17T16:00:00Z,20496,35.516219
35.27,36.03,35.145,166,35.48,2022-11-17T20:00:00Z,12059,35.511483
34.785,35.45,33.49,98,33.53,2022-11-18T12:00:00Z,7887,34.539753
35.26,36.12,35.05,69,35.45,2022-11-18T16:00:00Z,8966,35.341379
34.895,35.185,34.795,29,34.9,2022-11-18T20:00:00Z,2283,34.880625
36.69,37.03,35.79,40,35.87,2022-11-21T12:00:00Z,3041,36.297732
36.47,36.875,36.33,17,36.6,2022-11-21T16:00:00Z,1701,36.608235
36.75,36.775,36.365,138,36.485,2022-11-21T20:00:00Z,13384,36.616048
35.61,36.57,35.61,89,35.85,2022-11-22T12:00:00Z,7429,36.105046
34.91,35.22,34.79,47,35.175,2022-11-22T16:00:00Z,3658,34.994861
33.44,34.575,33.43,39,34.52,2022-11-22T20:00:00Z,2621,34.113864
31.73,33.71,31.435,486,33.65,2022-11-23T12:00:00Z,55605,31.980534
32.48,33.12,31.535,95,31.535,2022-11-23T16:00:00Z,17663,32.109283
32.12,32.65,32.12,17,32.65,2022-11-23T20:00:00Z,1580,32.376
33.05,33.24,32.67,66,32.82,2022-11-25T12:00:00Z,6467,32.970183
33.66,33.66,32.72,57,32.93,2022-11-25T16:00:00Z,5541,33.201346
34.78,35.18,33.88,105,34.7,2022-11-28T12:00:00Z,8302,34.815629
36.175,36.175,34.95,40,35.095,2022-11-28T16:00:00Z,5173,35.357121
36.27,36.695,36.19,28,36.23,2022-11-28T20:00:00Z,3106,36.5
35.65,36.04,35.5,15,35.98,2022-11-29T12:00:00Z,1092,35.7575
36.63,37.15,36.14,43,36.62,2022-11-29T16:00:00Z,4017,36.666953
36.6,36.645,36.29,49,36.52,2022-11-29T20:00:00Z,4875,36.496205
36.71,37.18,35.65,154,35.99,2022-11-30T12:00:00Z,11770,36.358824
32.215,36.66,31.72,203,36.23,2022-11-30T16:00:00Z,21456,33.386198
29.79,32.08,29.78,293,31.96,2022-11-30T20:00:00Z,34022,30.915093
31.01,31.91,29.46,301,29.47,2022-12-01T12:00:00Z,34644,30.980769
30.6,31.48,30.51,181,30.635,2022-12-01T16:00:00Z,31560,30.96719
30.735,30.75,30.34,43,30.48,2022-12-01T20:00:00Z,5671,30.601165
32.805,33.82,32.27,189,32.27,2022-12-02T12:00:00Z,13603,32.814
32.13,33.32,32.13,88,32.88,2022-12-02T16:00:00Z,11593,32.762144
31.93,32.14,31.775,63,32.08,2022-12-02T20:00:00Z,5962,31.940101
32.16,32.83,32.1,71,32.74,2022-12-05T12:00:00Z,8267,32.265315
33.435,33.58,31.475,52,31.525,2022-12-05T16:00:00Z,8227,32.205153
32.81,33.385,32.81,12,33.385,2022-12-05T20:00:00Z,1017,33.0775
34.4,34.77,33.0,13,33.0,2022-12-06T12:00:00Z,2212,34.174679
35.46,35.655,33.995,98,34.305,2022-12-06T16:00:00Z,9582,34.798512
35.03,35.92,35.03,41,35.295,2022-12-06T20:00:00Z,2965,35.571858
35.74,36.14,35.14,50,35.98,2022-12-07T12:00:00Z,3984,35.453542
35.205,35.57,34.875,20,35.57,2022-12-07T16:00:00Z,1900,35.212778
35.16,35.295,35.04,16,35.295,2022-12-07T20:00:00Z,2762,35.151517
32.83,35.34,32.5,363,34.72,2022-12-08T12:00:00Z,40844,33.844362
32.805,33.32,32.25,266,32.665,2022-12-08T16:00:00Z,28197,32.776946
32.31,32.89,32.16,124,32.87,2022-12-08T20:00:00Z,13048,32.452541
31.65,33.74,31.38,250,31.38,2022-12-09T12:00:00Z,23311,32.383776
32.14,32.47,31.49,319,31.635,2022-12-09T16:00:00Z,33644,31.869729
33.37,33.37,32.03,140,32.09,2022-12-09T20:00:00Z,12418,32.649871
33.33,34.17,33.23,197,33.67,2022-12-12T12:00:00Z,23412,33.581501
32.185,33.28,32.165,96,33.24,2022-12-12T16:00:00Z,10254,32.818271
31.34,32.1,31.25,45,32.1,2022-12-12T20:00:00Z,4675,31.640989
28.98,29.72,25.42,1105,29.72,2022-12-13T12:00:00Z,111394,28.013256
30.17,30.805,28.6,185,28.855,2022-12-13T16:00:00Z,17746,29.355277
29.8,30.61,29.57,80,30.41,2022-12-13T20:00:00Z,7579,29.952856
29.41,30.15,28.96,117,29.75,2022-12-14T12:00:00Z,12230,29.424184
31.48,32.13,29.2,289,29.39,2022-12-14T16:00:00Z,25949,30.22635
31.21,31.77,30.18,221,31.36,2022-12-14T20:00:00Z,24622,31.279032
34.375,34.86,32.77,903,33.1,2022-12-15T12:00:00Z,74452,33.741296
34.34,35.19,33.95,284,34.07,2022-12-15T16:00:00Z,32363,34.652547
35.07,35.25,34.19,135,34.3,2022-12-15T20:00:00Z,10540,34.746635
36.195,36.8,34.85,356,35.88,2022-12-16T12:00:00Z,38932,35.7211
36.565,36.955,35.89,48,36.165,2022-12-16T16:00:00Z,4759,36.643455
35.98,36.185,35.805,25,36.185,2022-12-16T20:00:00Z,2741,35.960531
37.555,37.565,35.83,122,35.92,2022-12-19T12:00:00Z,13424,36.769552
37.94,38.27,37.09,268,37.465,2022-12-19T16:00:00Z,35031,37.84836
37.55,38.36,37.33,182,37.99,2022-12-19T20:00:00Z,23054,38.080287
37.265,38.85,37.06,333,38.64,2022-12-20T12:00:00Z,40922,37.87431
37.775,38.1,37.15,18,37.15,2022-12-20T16:00:00Z,3923,37.732193
37.66,38.07,37.345,154,37.605,2022-12-20T20:00:00Z,21348,37.615187
35.555,37.36,35.36,285,37.17,2022-12-21T12:00:00Z,33028,36.487454
35.39,35.85,35.065,59,35.445,2022-12-21T16:00:00Z,6629,35.503399
35.54,35.815,35.31,38,35.79,2022-12-21T20:00:00Z,4635,35.43656
40.02,40.29,37.25,107,37.34,2022-12-22T12:00:00Z,13163,38.927927
40.215,41.78,39.73,376,40.0,2022-12-22T16:00:00Z,57080,41.070187
39.83,40.3,39.32,205,40.23,2022-12-22T20:00:00Z,26226,39.747381
40.615,41.85,39.27,391,40.35,2022-12-23T12:00:00Z,35280,40.541806
40.23,41.08,40.13,50,40.705,2022-12-23T16:00:00Z,6000,40.539086
39.85,40.29,39.72,33,40.005,2022-12-23T20:00:00Z,3712,39.950882
41.37,42.29,40.495,652,40.56,2022-12-27T12:00:00Z,76178,41.694605
41.755,41.975,40.795,238,41.225,2022-12-27T16:00:00Z,45296,41.734157
41.69,41.91,41.14,217,41.73,2022-12-27T20:00:00Z,35283,41.513078
43.3,43.33,41.15,262,42.49,2022-12-28T12:00:00Z,28484,41.995654
43.58,43.95,42.605,170,43.355,2022-12-28T16:00:00Z,17111,43.499521
43.53,43.955,43.395,64,43.54,2022-12-28T20:00:00Z,6099,43.718519
39.4,41.975,38.85,843,41.42,2022-12-29T12:00:00Z,123345,40.214365
39.56,39.89,38.9,174,39.36,2022-12-29T16:00:00Z,20052,39.297891
39.24,39.58,38.91,251,39.56,2022-12-29T20:00:00Z,40478,39.1675
40.69,41.94,40.265,309,41.22,2022-12-30T12:00:00Z,29752,41.036669
40.86,41.26,40.41,161,40.725,2022-12-30T16:00:00Z,18249,40.807517
39.51,40.81,39.51,76,40.81,2022-12-30T20:00:00Z,6014,40.361017
40.255,40.48,37.41,81,37.41,2023-01-03T12:00:00Z,9478,38.069333
40.69,41.49,40.38,213,40.38,2023-01-03T16:00:00Z,26084,40.852263
40.89,40.905,40.21,143,40.66,2023-01-03T20:00:00Z,18364,40.699169
39.0,39.58,37.43,198,38.5,2023-01-04T12:00:00Z,23734,38.223628
38.055,38.82,37.115,185,38.82,2023-01-04T16:00:00Z,31423,37.599401
37.65,38.535,37.42,41,37.665,2023-01-04T20:00:00Z,6837,37.839999
38.58,39.42,38.13,556,38.79,2023-01-05T12:00:00Z,85053,38.788738
38.8,39.0,37.985,207,38.52,2023-01-05T16:00:00Z,21142,38.506615
39.61,39.71,38.9,101,38.9,2023-01-05T20:00:00Z,12938,39.364458
36.74,39.57,36.73,411,39.48,2023-01-06T12:00:00Z,42860,37.999049
33.81,36.99,33.62,411,36.82,2023-01-06T16:00:00Z,43729,35.391337
34.13,34.25,33.38,227,33.75,2023-01-06T20:00:00Z,25980,33.851731
30.56,32.83,30.13,549,32.13,2023-01-09T12:00:00Z,86376,31.072839
31.3,31.3,29.8,472,30.57,2023-01-09T16:00:00Z,52762,30.332514
32.05,32.45,31.16,157,31.345,2023-01-09T20:00:00Z,20547,31.753089
32.08,32.95,31.25,340,32.56,2023-01-10T12:00:00Z,37179,32.099724
31.15,32.44,30.95,190,32.2,2023-01-10T16:00:00Z,17699,31.69609
30.84,31.43,30.805,119,31.125,2023-01-10T20:00:00Z,13639,31.080378
31.41,31.6,30.74,158,30.84,2023-01-11T12:00:00Z,16079,31.128717
30.39,31.39,30.26,195,31.39,2023-01-11T16:00:00Z,19101,30.58689
29.81,30.33,29.7,101,30.3,2023-01-11T20:00:00Z,12203,30.021695
29.81,31.04,29.0,680,29.31,2023-01-12T12:00:00Z,80402,29.856388
28.5,30.21,28.12,736,29.87,2023-01-12T16:00:00Z,88138,28.99874
28.715,29.18,28.51,212,28.51,2023-01-12T20:00:00Z,26799,28.818078
28.97,29.96,28.73,268,29.76,2023-01-13T12:00:00Z,30303,29.328837
28.78,29.46,28.6,254,28.92,2023-01-13T16:00:00Z,27173,28.955131
28.44,28.795,28.36,134,28.73,2023-01-13T20:00:00Z,14005,28.540038
28.45,28.75,27.42,1261,28.66,2023-01-17T12:00:00Z,227192,28.179236
28.2,29.055,27.96,509,28.485,2023-01-17T16:00:00Z,66023,28.550301
28.17,28.34,27.98,81,28.15,2023-01-17T20:00:00Z,7759,28.177886
27.47,27.64,26.76,598,27.33,2023-01-18T12:00:00Z,65392,27.052573
28.31,28.62,27.4,397,27.4,2023-01-18T16:00:00Z,83607,28.161091
28.76,28.76,28.215,105,28.33,2023-01-18T20:00:00Z,11318,28.496211
30.9,31.11,29.47,816,29.47,2023-01-19T12:00:00Z,87073,30.421079
30.155,31.41,29.94,605,30.87,2023-01-19T16:00:00Z,100126,30.931201
30.82,31.17,30.03,167,30.04,2023-01-19T20:00:00Z,13587,30.724944
30.74,31.105,30.21,332,30.39,2023-01-20T12:00:00Z,37517,30.550142
29.01,30.88,28.9,597,30.85,2023-01-20T16:00:00Z,61512,29.795965
28.25,28.97,28.19,276,28.97,2023-01-20T20:00:00Z,26518,28.486147
25.505,27.66,25.34,2228,27.55,2023-01-23T12:00:00Z,243114,25.936796
24.69,25.44,23.75,1492,25.44,2023-01-23T16:00:00Z,299084,24.480991
23.98,24.89,23.915,473,24.65,2023-01-23T20:00:00Z,52363,24.197895
24.26,24.95,23.88,860,24.84,2023-01-24T12:00:00Z,54573,24.515255
24.65,24.865,24.295,520,24.295,2023-01-24T16:00:00Z,61773,24.576058
24.13,24.945,23.99,143,24.625,2023-01-24T20:00:00Z,15582,24.668042
25.85,26.395,25.46,958,25.51,2023-01-25T12:00:00Z,80911,25.91822
24.47,25.935,24.44,848,25.91,2023-01-25T16:00:00Z,90198,25.243477
24.5,24.65,24.235,196,24.475,2023-01-25T20:00:00Z,30609,24.372757
24.65,24.75,23.23,823,23.56,2023-01-26T12:00:00Z,60612,24.064484
23.47,24.695,23.47,549,24.695,2023-01-26T16:00:00Z,46594,23.939593
23.79,23.8,23.1,287,23.485,2023-01-26T20:00:00Z,19166,23.347375
23.99,24.5,23.35,929,24.31,2023-01-27T12:00:00Z,98217,23.780168
23.22,24.18,23.09,498,24.06,2023-01-27T16:00:00Z,41632,23.471894
23.74,23.74,23.01,389,23.25,2023-01-27T20:00:00Z,30170,23.295511
24.81,25.29,24.19,1251,24.46,2023-01-30T12:00:00Z,162692,24.530779
25.155,25.23,24.6,344,24.85,2023-01-30T16:00:00Z,42116,24.997707
25.48,25.545,25.04,375,25.12,2023-01-30T20:00:00Z,51975,25.415667
24.64,26.23,24.57,840,26.09,2023-01-31T12:00:00Z,90065,25.276402
24.58,24.89,24.32,247,24.54,2023-01-31T16:00:00Z,25212,24.544104
23.89,24.82,23.62,233,24.54,2023-01-31T20:00:00Z,32306,24.406677
23.02,23.93,22.27,877,23.79,2023-02-01T12:00:00Z,76878,22.946503
21.005,23.13,20.7,639,23.07,2023-02-01T16:00:00Z,51318,22.290125
20.44,20.925,19.575,392,20.81,2023-02-01T20:00:00Z,59055,20.234302
19.755,20.04,19.23,354,20.04,2023-02-02T12:00:00Z,31505,19.728033
19.34,19.655,18.44,387,19.655,2023-02-02T16:00:00Z,43876,19.107819
19.66,19.765,18.915,254,19.695,2023-02-02T20:00:00Z,26271,19.282035
19.085,20.29,18.79,588,19.37,2023-02-03T12:00:00Z,64493,19.514001
20.025,20.06,18.85,529,19.015,2023-02-03T16:00:00Z,109979,19.486487
20.14,20.205,19.965,330,20.1,2023-02-03T20:00:00Z,47394,20.064876
20.46,21.1,20.145,247,20.7,2023-02-06T12:00:00Z,21529,20.829297
20.935,21.105,20.14,343,20.56,2023-02-06T16:00:00Z,101895,20.946532
21.025,21.295,20.885,152,20.885,2023-02-06T20:00:00Z,23553,21.046389
20.65,20.99,20.385,187,20.68,2023-02-07T12:00:00Z,23149,20.785871
19.435,20.73,18.915,466,20.72,2023-02-07T16:00:00Z,155922,19.876569
19.15,19.605,18.75,402,19.29,2023-02-07T20:00:00Z,136769,19.150555
19.6,19.785,19.01,454,19.14,2023-02-08T12:00:00Z,161752,19.422827
20.05,20.125,19.63,333,19.725,2023-02-08T16:00:00Z,84464,19.839335
20.21,20.345,20.06,128,20.195,2023-02-08T20:00:00Z,13392,20.216807
18.835,19.4,18.5,346,19.4,2023-02-09T12:00:00Z,38902,18.944059
19.9,20.01,18.805,346,18.805,2023-02-09T16:00:00Z,52118,19.336121
20.065,20.52,19.91,120,19.935,2023-02-09T20:00:00Z,11169,20.157824
21.17,21.56,20.61,435,20.99,2023-02-10T12:00:00Z,73568,21.090558
21.395,21.72,21.005,453,21.12,2023-02-10T16:00:00Z,78711,21.370234
21.12,21.345,21.005,234,21.275,2023-02-10T20:00:00Z,34057,21.134077
20.54,21.355,20.45,186,20.78,2023-02-13T12:00:00Z,18406,20.781659
20.3,20.495,20.0,337,20.48,2023-02-13T16:00:00Z,91892,20.373219
20.14,20.39,20.125,91,20.27,2023-02-13T20:00:00Z,10293,20.229908
20.05,21.07,19.06,955,19.97,2023-02-14T12:00:00Z,94173,20.118106
19.13,20.34,19.06,375,20.06,2023-02-14T16:00:00Z,34470,19.699738
19.34,19.34,18.9,332,19.13,2023-02-14T20:00:00Z,47228,19.015382
19.81,20.09,19.4,495,19.43,2023-02-15T12:00:00Z,57935,19.702205
19.14,19.84,18.93,223,19.84,2023-02-15T16:00:00Z,26239,19.357316
18.78,19.24,18.78,146,19.105,2023-02-15T20:00:00Z,23157,19.0019
19.6,20.07,19.1,604,19.1,2023-02-16T12:00:00Z,66720,19.713272
19.46,19.705,19.3,301,19.4,2023-02-16T16:00:00Z,48893,19.437665
20.31,20.325,19.495,330,19.5,2023-02-16T20:00:00Z,48338,20.139773
21.24,21.25,20.45,289,20.79,2023-02-17T12:00:00Z,32676,20.893639
21.15,21.75,21.08,220,21.27,2023-02-17T16:00:00Z,25970,21.47273
21.26,21.345,21.05,194,21.05,2023-02-17T20:00:00Z,28826,21.192778
22.28,22.37,21.5,506,22.12,2023-02-21T12:00:00Z,41462,22.018591
23.05,23.11,22.14,308,22.14,2023-02-21T16:00:00Z,42277,22.816594
23.19,23.435,22.92,148,23.045,2023-02-21T20:00:00Z,21797,23.26856
23.5,23.95,22.62,374,23.03,2023-02-22T12:00:00Z,42201,23.369361
23.83,23.83,22.99,225,23.48,2023-02-22T16:00:00Z,25761,23.354593
23.5,24.065,23.5,140,23.92,2023-02-22T20:00:00Z,18917,23.821738
22.3,22.39,21.0,1053,21.83,2023-02-23T12:00:00Z,125676,21.517882
21.445,22.77,21.26,372,22.34,2023-02-23T16:00:00Z,60049,22.102786
21.34,21.445,21.0,270,21.445,2023-02-23T20:00:00Z,38670,21.142634
22.88,22.95,21.86,627,22.0,2023-02-24T12:00:00Z,86438,22.618512
22.275,22.975,22.275,330,22.905,2023-02-24T16:00:00Z,62677,22.619277
22.45,22.735,22.225,315,22.32,2023-02-24T20:00:00Z,51231,22.535962
22.005,22.12,21.39,238,22.0,2023-02-27T12:00:00Z,26424,21.767797
21.83,22.065,21.44,173,21.85,2023-02-27T16:00:00Z,38396,21.735398
22.1,22.165,21.84,127,21.84,2023-02-27T20:00:00Z,15171,22.080408
21.97,22.45,21.73,145,21.82,2023-02-28T12:00:00Z,14634,22.054128
21.41,21.945,21.04,267,21.945,2023-02-28T16:00:00Z,62296,21.378082
22.09,22.1,21.38,194,21.42,2023-02-28T20:00:00Z,40041,21.740644
21.605,22.08,21.135,655,21.58,2023-03-01T12:00:00Z,118810,21.673958
21.97,22.155,21.4,308,21.665,2023-03-01T16:00:00Z,93457,21.884974
21.76,21.995,21.76,245,21.895,2023-03-01T20:00:00Z,33910,21.912585
22.69,23.46,22.6,482,22.72,2023-03-02T12:00:00Z,56273,22.96865
21.76,23.0,21.75,375,22.635,2023-03-02T16:00:00Z,54241,22.475047
21.42,21.785,21.095,209,21.785,2023-03-02T20:00:00Z,36160,21.365178
21.79,21.96,21.29,627,21.43,2023-03-03T12:00:00Z,74145,21.533323
20.58,21.78,20.58,403,21.77,2023-03-03T16:00:00Z,49338,21.260438
20.44,20.57,20.39,202,20.55,2023-03-03T20:00:00Z,21212,20.472247
19.905,20.52,19.75,405,20.52,2023-03-06T12:00:00Z,36987,20.196467
20.965,21.085,19.8,196,19.905,2023-03-06T16:00:00Z,25542,20.561951
21.17,21.305,21.02,84,21.09,2023-03-06T20:00:00Z,12534,21.20402
21.7,22.01,20.89,364,21.0,2023-03-07T12:00:00Z,31073,21.440006
22.04,22.09,20.94,303,21.73,2023-03-07T16:00:00Z,36865,21.497958
21.83,22.03,21.78,146,22.01,2023-03-07T20:00:00Z,20207,21.871056
20.7,21.89,20.45,641,21.74,2023-03-08T12:00:00Z,80108,21.133611
20.46,20.84,20.32,442,20.745,2023-03-08T16:00:00Z,119783,20.580897
20.15,20.6,20.075,154,20.52,2023-03-08T20:00:00Z,27242,20.24067
19.69,20.64,19.27,869,20.62,2023-03-09T12:00:00Z,131509,19.625866
20.9,20.97,19.46,580,19.68,2023-03-09T16:00:00Z,137485,20.60737
21.32,21.39,20.865,398,20.865,2023-03-09T20:00:00Z,60540,21.238636
21.445,22.515,20.55,1475,21.22,2023-03-10T12:00:00Z,114807,21.789107
22.38,22.87,20.84,669,21.495,2023-03-10T16:00:00Z,83813,21.847216
22.41,22.71,22.18,218,22.32,2023-03-10T20:00:00Z,28951,22.552166
22.05,23.945,21.88,991,23.41,2023-03-13T12:00:00Z,120046,22.74089
22.545,22.93,21.765,731,22.015,2023-03-13T16:00:00Z,103599,22.250664
20.225,22.61,20.225,610,22.61,2023-03-14T12:00:00Z,67291,20.668637
20.565,21.705,20.185,523,20.26,2023-03-14T16:00:00Z,180801,20.594897
20.63,20.64,20.58,4,20.64,2023-03-14T20:00:00Z,400,20.6075
22.12,22.355,21.14,388,21.32,2023-03-15T12:00:00Z,42160,21.954472
21.5,22.605,21.255,250,22.115,2023-03-15T16:00:00Z,35862,21.929349
21.3,21.33,21.29,7,21.33,2023-03-15T20:00:00Z,700,21.307143
19.62,21.755,19.49,591,21.2,2023-03-16T12:00:00Z,58697,20.564437
18.815,20.0,18.725,455,19.55,2023-03-16T16:00:00Z,53371,19.163805
18.93,18.93,18.92,5,18.93,2023-03-16T20:00:00Z,485,18.9275
19.15,19.43,18.375,476,18.59,2023-03-17T12:00:00Z,75540,18.97758
19.155,19.49,18.855,350,19.155,2023-03-17T16:00:00Z,75037,19.231874
19.15,19.56,18.785,275,18.85,2023-03-20T12:00:00Z,45294,19.119249
18.56,19.33,18.4,257,19.165,2023-03-20T16:00:00Z,36195,18.715158
19.04,19.06,17.37,552,17.85,2023-03-21T12:00:00Z,77274,18.035606
18.345,18.995,18.08,195,18.995,2023-03-21T16:00:00Z,36089,18.471859
18.31,18.31,18.31,1,18.31,2023-03-21T20:00:00Z,150,18.31
17.71,18.39,17.61,170,18.35,2023-03-22T12:00:00Z,20150,17.907649
18.81,18.81,16.86,620,17.79,2023-03-22T16:00:00Z,107064,17.632376
16.655,18.1,16.555,1156,18.1,2023-03-23T12:00:00Z,188870,16.927729
17.265,18.31,16.68,346,16.74,2023-03-23T16:00:00Z,91759,17.769234
18.355,18.74,17.61,654,17.83,2023-03-24T12:00:00Z,101683,18.290819
18.325,18.68,18.21,250,18.345,2023-03-24T16:00:00Z,46709,18.393211
19.0,19.0,17.88,237,17.99,2023-03-27T12:00:00Z,41126,18.50899
18.935,19.0,18.43,133,18.99,2023-03-27T16:00:00Z,19621,18.741364
19.835,20.19,18.91,418,18.91,2023-03-28T12:00:00Z,79821,19.759893
19.35,20.08,19.34,766,19.81,2023-03-28T16:00:00Z,78322,19.644102
17.99,18.74,17.8,427,18.64,2023-03-29T12:00:00Z,89302,18.179821
17.48,18.07,17.055,803,18.01,2023-03-29T16:00:00Z,160791,17.430138
16.58,16.95,16.325,1006,16.95,2023-03-30T12:00:00Z,175458,16.588873
16.64,16.96,16.54,250,16.67,2023-03-30T16:00:00Z,40410,16.689227
16.45,17.11,16.45,483,16.75,2023-03-31T12:00:00Z,63626,16.741155
16.33,16.62,16.28,332,16.46,2023-03-31T16:00:00Z,89020,16.493833
17.15,17.18,16.45,356,16.63,2023-04-03T12:00:00Z,51303,16.798468
16.75,17.34,16.725,179,17.17,2023-04-03T16:00:00Z,42268,16.935348
16.76,16.78,16.76,5,16.78,2023-04-03T20:00:00Z,1400,16.777857
17.39,17.43,16.57,250,16.58,2023-04-04T12:00:00Z,32369,17.043473
17.71,17.94,17.34,215,17.42,2023-04-04T16:00:00Z,31309,17.64734
18.99,19.115,17.98,942,17.98,2023-04-05T12:00:00Z,208772,18.833308
18.67,19.2,18.65,497,18.89,2023-04-05T16:00:00Z,169334,18.850641
18.68,18.68,18.68,1,18.68,2023-04-05T20:00:00Z,935,18.68
18.7,19.625,18.67,569,18.92,2023-04-06T12:00:00Z,108506,19.162467
18.96,18.99,18.565,260,18.635,2023-04-06T16:00:00Z,48420,18.806294
18.65,19.59,18.5,388,19.13,2023-04-10T12:00:00Z,67559,18.995512
18.0,18.76,17.93,320,18.7,2023-04-10T16:00:00Z,42268,18.168309
17.99,18.2,17.635,393,17.88,2023-04-11T12:00:00Z,55556,17.953305
18.27,18.34,17.88,250,17.945,2023-04-11T16:00:00Z,40565,18.126798
18.645,19.035,17.44,802,18.34,2023-04-12T12:00:00Z,89302,18.35626
19.275,19.285,18.45,284,18.66,2023-04-12T16:00:00Z,45291,18.97937
18.78,19.61,18.78,404,19.23,2023-04-13T12:00:00Z,92650,19.122935
18.82,18.88,18.5,133,18.75,2023-04-13T16:00:00Z,32435,18.686778
19.13,19.18,18.25,513,18.92,2023-04-14T12:00:00Z,108615,18.853286
18.93,19.515,18.85,273,19.14,2023-04-14T16:00:00Z,59609,19.167951
19.54,19.6,19.145,221,19.34,2023-04-17T12:00:00Z,32711,19.427532
18.93,19.69,18.9,208,19.6,2023-04-17T16:00:00Z,39188,19.249918
18.74,18.935,18.01,379,18.45,2023-04-18T12:00:00Z,55712,18.623383
18.645,19.11,18.59,153,18.74,2023-04-18T16:00:00Z,40351,18.841793
19.495,19.65,19.25,193,19.4,2023-04-19T12:00:00Z,26987,19.435049
19.31,19.53,19.17,172,19.43,2023-04-19T16:00:00Z,29171,19.29759
18.94,19.95,18.88,279,19.76,2023-04-20T12:00:00Z,38970,19.383591
19.38,19.63,18.51,204,19.04,2023-04-20T16:00:00Z,42895,19.168011
19.91,20.315,19.4,405,19.61,2023-04-21T12:00:00Z,59042,19.992018
19.825,20.05,19.64,161,19.915,2023-04-21T16:00:00Z,26097,19.839603
20.46,20.47,19.6,242,19.93,2023-04-24T12:00:00Z,32058,20.05626
20.1,20.5,20.05,218,20.43,2023-04-24T16:00:00Z,34141,20.194649
21.43,21.43,20.38,280,20.42,2023-04-25T12:00:00Z,40538,20.913158
22.16,22.16,21.47,217,21.47,2023-04-25T16:00:00Z,34955,21.841252
21.3,22.07,21.15,440,21.71,2023-04-26T12:00:00Z,81812,21.613503
21.75,22.13,21.12,179,21.26,2023-04-26T16:00:00Z,31102,21.661208
22.33,23.21,21.7,543,21.7,2023-04-27T12:00:00Z,105748,22.768881
21.55,22.34,21.47,270,22.34,2023-04-27T16:00:00Z,77484,21.904445
21.0,21.545,20.88,215,21.41,2023-04-28T12:00:00Z,34368,21.187732
20.44,21.15,20.42,219,21.0,2023-04-28T16:00:00Z,39757,20.680295
20.075,20.3,19.73,208,20.28,2023-05-01T12:00:00Z,28976,20.053293
19.84,20.1,19.7,186,20.1,2023-05-01T16:00:00Z,33581,19.837608
19.86,19.86,19.86,2,19.86,2023-05-01T20:00:00Z,111,19.86
20.545,20.85,19.535,658,19.89,2023-05-02T12:00:00Z,90631,20.326229
20.27,20.635,20.1,367,20.59,2023-05-02T16:00:00Z,54366,20.37092
20.77,20.77,20.53,4,20.6,2023-05-02T20:00:00Z,400,20.6175
20.84,21.005,20.4,403,20.53,2023-05-03T12:00:00Z,74908,20.605508
20.99,21.03,19.945,607,20.8,2023-05-03T16:00:00Z,105606,20.551616
21.695,21.915,21.28,351,21.35,2023-05-04T12:00:00Z,48480,21.619819
21.38,21.74,20.78,256,21.59,2023-05-04T16:00:00Z,42263,21.286808
20.5,21.625,20.4,466,21.34,2023-05-05T12:00:00Z,61686,20.96052
19.965,20.55,19.7,223,20.44,2023-05-05T16:00:00Z,38438,20.042806
19.95,20.0,19.95,3,20.0,2023-05-05T20:00:00Z,300,19.966667
19.825,20.52,19.825,222,20.01,2023-05-08T12:00:00Z,25851,20.182172
19.73,20.135,19.7,141,19.82,2023-05-08T16:00:00Z,19068,19.810427
20.85,20.9,20.26,532,20.32,2023-05-09T12:00:00Z,66421,20.660487
20.73,20.955,20.545,298,20.815,2023-05-09T16:00:00Z,24676,20.754862
19.91,20.83,19.68,483,20.81,2023-05-10T12:00:00Z,50764,20.011081
20.145,20.69,19.87,291,20.01,2023-05-10T16:00:00Z,33370,20.206892
20.775,21.07,19.9,401,20.08,2023-05-11T12:00:00Z,63569,20.715214
20.5,20.905,20.425,231,20.785,2023-05-11T16:00:00Z,43743,20.714983
20.6,20.775,20.105,225,20.48,2023-05-12T12:00:00Z,36137,20.426624
20.58,21.2,20.57,246,20.58,2023-05-12T16:00:00Z,36983,20.886079
19.735,20.615,19.72,340,20.42,2023-05-15T12:00:00Z,38601,20.28009
18.995,19.795,18.97,408,19.695,2023-05-15T16:00:00Z,58441,19.372504
18.94,18.94,18.94,1,18.94,2023-05-15T20:00:00Z,100,18.94
18.41,19.26,18.4,545,19.03,2023-05-16T12:00:00Z,53322,18.77452
19.07,19.07,18.43,290,18.43,2023-05-16T16:00:00Z,34478,18.702021
19.0,19.0,19.0,1,19.0,2023-05-16T20:00:00Z,100,19.0
17.95,18.94,17.94,316,18.72,2023-05-17T12:00:00Z,56767,18.389168
17.66,18.13,17.44,439,18.07,2023-05-17T16:00:00Z,76584,17.624235
17.65,17.7,17.63,8,17.7,2023-05-17T20:00:00Z,800,17.65375
16.14,17.54,15.97,984,17.3,2023-05-18T12:00:00Z,183232,16.637949
16.0,16.53,15.88,979,16.13,2023-05-18T16:00:00Z,138928,16.222149
16.02,16.02,16.02,1,16.02,2023-05-18T20:00:00Z,100,16.02
16.38,16.545,16.04,471,16.08,2023-05-19T12:00:00Z,70503,16.295968
16.265,16.47,16.19,384,16.33,2023-05-19T16:00:00Z,85733,16.311539
16.35,16.39,16.27,16,16.27,2023-05-19T20:00:00Z,1545,16.337333
16.24,16.7,16.12,320,16.66,2023-05-22T12:00:00Z,47320,16.318921
16.1,16.3,15.95,181,16.22,2023-05-22T16:00:00Z,32660,16.139695
16.24,16.38,16.12,400,16.32,2023-05-23T12:00:00Z,87007,16.266222
16.68,16.79,16.28,407,16.28,2023-05-23T16:00:00Z,93328,16.56117
17.9,18.055,17.27,646,17.32,2023-05-24T12:00:00Z,99860,17.722745
17.585,18.045,17.455,489,17.82,2023-05-24T16:00:00Z,92229,17.707706
15.97,17.36,15.97,52,17.36,2023-05-24T20:00:00Z,11281,16.165176
14.63,15.78,14.615,2169,15.16,2023-05-25T12:00:00Z,409822,15.072297
14.1,14.7,13.92,1423,14.615,2023-05-25T16:00:00Z,317009,14.312021
13.95,14.18,13.92,9,14.18,2023-05-25T20:00:00Z,2006,13.973467
12.03,13.65,11.95,1493,13.41,2023-05-26T12:00:00Z,328237,12.462036
11.37,12.06,11.13,921,12.03,2023-05-26T16:00:00Z,199399,11.562946
11.35,11.35,11.34,6,11.35,2023-05-26T20:00:00Z,2340,11.344304
10.92,11.31,10.45,1227,10.52,2023-05-30T12:00:00Z,209494,10.878104
11.385,11.52,10.96,316,10.99,2023-05-30T16:00:00Z,81432,11.307958
12.105,12.25,11.5,1710,11.86,2023-05-31T12:00:00Z,495957,11.80894
12.26,12.27,11.83,503,12.115,2023-05-31T16:00:00Z,127211,12.057371
11.7,12.415,11.7,724,12.11,2023-06-01T12:00:00Z,134989,12.072265
11.655,11.7,11.345,378,11.69,2023-06-01T16:00:00Z,76354,11.570164
11.795,11.975,11.29,861,11.31,2023-06-02T12:00:00Z,191051,11.735817
11.73,11.83,11.655,223,11.795,2023-06-02T16:00:00Z,71864,11.750277
12.155,12.395,11.85,442,12.01,2023-06-05T12:00:00Z,85697,12.183949
12.29,12.46,12.07,384,12.19,2023-06-05T16:00:00Z,111698,12.263213
11.72,12.6,11.7,449,12.39,2023-06-06T12:00:00Z,83489,12.047133
11.85,12.14,11.66,176,11.725,2023-06-06T16:00:00Z,38549,11.873391
11.45,11.68,11.125,763,11.6,2023-06-07T12:00:00Z,166202,11.441318
11.89,11.98,11.39,310,11.445,2023-06-07T16:00:00Z,72520,11.814929
11.5,12.0,11.5,431,11.89,2023-06-08T12:00:00Z,153312,11.721106
11.54,11.835,11.47,131,11.55,2023-06-08T16:00:00Z,30479,11.608584
11.54,11.57,11.54,3,11.57,2023-06-08T20:00:00Z,600,11.55
11.53,11.53,10.94,608,11.16,2023-06-09T12:00:00Z,114280,11.116541
11.5,11.63,11.37,229,11.56,2023-06-09T16:00:00Z,45924,11.50314
10.655,11.17,10.625,386,11.12,2023-06-12T12:00:00Z,83194,10.874537
10.365,10.73,10.34,682,10.645,2023-06-12T16:00:00Z,128534,10.557175
9.93,10.32,9.71,1160,10.06,2023-06-13T12:00:00Z,196676,10.050141
9.98,10.215,9.8,251,9.975,2023-06-13T16:00:00Z,76533,9.976964
9.77,10.16,9.695,446,9.95,2023-06-14T12:00:00Z,91110,9.942382
9.605,10.24,9.555,420,9.79,2023-06-14T16:00:00Z,185226,9.786407
9.72,10.04,9.7,455,9.95,2023-06-15T12:00:00Z,144831,9.849231
9.8,9.87,9.575,393,9.71,2023-06-15T16:00:00Z,129024,9.726443
9.935,10.015,9.49,821,9.61,2023-06-16T12:00:00Z,126723,9.835203
10.095,10.11,9.795,671,9.935,2023-06-16T16:00:00Z,86428,9.941752
10.45,10.58,9.95,483,10.21,2023-06-20T12:00:00Z,122526,10.347448
10.3,10.48,10.25,444,10.48,2023-06-20T16:00:00Z,125360,10.377342
10.92,10.97,10.27,785,10.3,2023-06-21T12:00:00Z,200489,10.601809
10.95,10.975,10.645,397,10.915,2023-06-21T16:00:00Z,102782,10.826202
10.74,11.23,10.685,419,11.14,2023-06-22T12:00:00Z,157691,10.888378
10.82,10.97,10.79,180,10.81,2023-06-22T16:00:00Z,58548,10.877134
11.43,11.505,11.09,768,11.09,2023-06-23T12:00:00Z,328242,11.321538
11.38,11.48,11.22,300,11.43,2023-06-23T16:00:00Z,58602,11.352286
10.86,11.2,10.63,1231,11.18,2023-06-26T12:00:00Z,463493,10.792858
11.285,11.285,10.97,1053,10.97,2023-06-26T16:00:00Z,235206,11.081937
10.74,11.31,10.72,350,11.15,2023-06-27T12:00:00Z,107256,10.939099
10.095,10.72,10.05,523,10.72,2023-06-27T16:00:00Z,109656,10.47415
10.22,10.635,10.13,362,10.605,2023-06-28T12:00:00Z,172578,10.270901
10.395,10.51,10.09,305,10.23,2023-06-28T16:00:00Z,159045,10.317924
10.27,10.27,10.27,1,10.27,2023-06-28T20:00:00Z,150,10.27
10.3,10.6,10.07,437,10.11,2023-06-29T12:00:00Z,86430,10.397173
10.335,10.55,10.24,248,10.275,2023-06-29T16:00:00Z,51419,10.372223
9.975,10.23,9.83,722,10.23,2023-06-30T12:00:00Z,370729,9.909919
9.86,9.975,9.755,154,9.975,2023-06-30T16:00:00Z,27796,9.828181
9.86,9.945,9.545,227,9.83,2023-07-03T12:00:00Z,46317,9.782468
9.65,9.87,9.65,56,9.87,2023-07-03T16:00:00Z,13899,9.699122
10.07,10.07,9.78,282,9.85,2023-07-05T12:00:00Z,82184,9.931143
10.26,10.26,10.03,260,10.06,2023-07-05T16:00:00Z,90040,10.137198
10.925,11.05,10.56,728,10.56,2023-07-06T12:00:00Z,102600,10.834877
10.64,10.945,10.62,211,10.92,2023-07-06T16:00:00Z,53641,10.74965
10.325,10.79,10.3,345,10.79,2023-07-07T12:00:00Z,49032,10.472959
10.66,10.66,10.15,249,10.3,2023-07-07T16:00:00Z,71021,10.373342
10.22,10.62,10.14,512,10.53,2023-07-10T12:00:00Z,79495,10.369691
10.01,10.35,9.98,448,10.26,2023-07-10T16:00:00Z,91170,10.100481
10.01,10.02,9.99,15,10.02,2023-07-10T20:00:00Z,6120,10.000982
10.345,10.43,9.77,784,9.79,2023-07-11T12:00:00Z,391929,10.186322
9.99,10.36,9.96,217,10.29,2023-07-11T16:00:00Z,37517,10.140374
9.98,9.99,9.98,4,9.99,2023-07-11T20:00:00Z,1100,9.980909
9.72,9.85,9.46,730,9.85,2023-07-12T12:00:00Z,152718,9.568733
9.465,9.695,9.4,421,9.695,2023-07-12T16:00:00Z,119653,9.522959
9.39,9.4,9.39,2,9.4,2023-07-12T20:00:00Z,4400,9.395
9.115,9.24,9.09,369,9.21,2023-07-13T12:00:00Z,79296,9.163408
8.87,9.125,8.815,387,9.125,2023-07-13T16:00:00Z,136957,8.952064
8.89,8.89,8.84,13,8.87,2023-07-13T20:00:00Z,8778,8.857822
8.81,8.92,8.64,501,8.82,2023-07-14T12:00:00Z,184434,8.786812
9.22,9.315,8.845,381,8.845,2023-07-14T16:00:00Z,103153,9.19026
9.16,9.21,9.16,12,9.21,2023-07-14T20:00:00Z,4575,9.184197
8.69,9.38,8.665,492,9.24,2023-07-17T12:00:00Z,156230,8.925305
8.575,8.78,8.415,702,8.695,2023-07-17T16:00:00Z,208975,8.626754
8.73,8.86,8.6,284,8.6,2023-07-18T12:00:00Z,60443,8.765277
8.51,8.77,8.425,258,8.76,2023-07-18T16:00:00Z,103012,8.539079
8.54,8.54,8.54,2,8.54,2023-07-18T20:00:00Z,200,8.54
8.59,8.705,8.41,380,8.5,2023-07-19T12:00:00Z,98136,8.594812
8.805,8.87,8.545,135,8.545,2023-07-19T16:00:00Z,55453,8.780739
9.485,9.58,9.15,1008,9.15,2023-07-20T12:00:00Z,342555,9.37636
9.795,9.91,9.42,465,9.46,2023-07-20T16:00:00Z,173366,9.645475
9.44,9.7,9.32,433,9.62,2023-07-21T12:00:00Z,105191,9.509524
9.525,9.56,9.26,508,9.47,2023-07-21T16:00:00Z,184806,9.434726
9.54,9.68,9.335,608,9.42,2023-07-24T12:00:00Z,340309,9.466387
9.54,9.63,9.46,196,9.54,2023-07-24T16:00:00Z,57862,9.547146
9.52,9.52,9.52,1,9.52,2023-07-24T20:00:00Z,1000,9.52
8.94,9.42,8.94,460,9.36,2023-07-25T12:00:00Z,163334,9.06202
9.045,9.055,8.895,203,9.045,2023-07-25T16:00:00Z,41412,8.998093
9.06,9.07,9.06,5,9.07,2023-07-25T20:00:00Z,2500,9.0656
9.55,9.71,9.31,645,9.32,2023-07-26T12:00:00Z,215847,9.493076
9.45,9.62,9.225,280,9.55,2023-07-26T16:00:00Z,145772,9.470557
9.35,9.36,9.35,4,9.36,2023-07-26T20:00:00Z,2490,9.351606
8.535,8.85,8.45,929,8.85,2023-07-27T12:00:00Z,295636,8.56785
8.905,9.075,8.32,1127,8.495,2023-07-27T16:00:00Z,526972,8.602862
8.65,8.83,8.65,32,8.83,2023-07-27T20:00:00Z,33535,8.754546
8.27,8.65,8.27,709,8.43,2023-07-28T12:00:00Z,390676,8.432858
8.35,8.545,8.25,199,8.29,2023-07-28T16:00:00Z,73360,8.351742
8.34,8.34,8.33,6,8.33,2023-07-28T20:00:00Z,1300,8.332308
8.27,8.395,8.17,420,8.24,2023-07-31T12:00:00Z,160803,8.238089
8.275,8.33,8.23,128,8.275,2023-07-31T16:00:00Z,45973,8.2795
8.27,8.3,8.26,19,8.28,2023-07-31T20:00:00Z,9054,8.282223
8.275,8.52,8.265,477,8.47,2023-08-01T12:00:00Z,177743,8.372172
8.225,8.305,8.185,467,8.275,2023-08-01T16:00:00Z,216280,8.231582
8.27,8.28,8.26,11,8.28,2023-08-01T20:00:00Z,4672,8.278022
9.205,9.205,8.43,963,8.46,2023-08-02T12:00:00Z,311725,8.741425
9.17,9.305,9.01,306,9.25,2023-08-02T16:00:00Z,136482,9.178792
9.18,9.18,9.18,2,9.18,2023-08-02T20:00:00Z,200,9.18
9.265,9.59,9.24,643,9.45,2023-08-03T12:00:00Z,209913,9.448223
9.25,9.33,9.09,303,9.3,2023-08-03T16:00:00Z,129154,9.217686
9.37,9.37,9.17,8,9.17,2023-08-03T20:00:00Z,2572,9.241654
9.1,9.61,9.06,503,9.45,2023-08-04T12:00:00Z,207541,9.348451
9.315,9.465,8.93,555,9.1,2023-08-04T16:00:00Z,255817,9.249308
9.34,9.34,9.27,15,9.31,2023-08-04T20:00:00Z,9412,9.322418
9.1,9.255,9.02,484,9.18,2023-08-07T12:00:00Z,128640,9.149384
9.025,9.28,9.02,134,9.115,2023-08-07T16:00:00Z,41990,9.145422
9.04,9.04,9.04,1,9.04,2023-08-07T20:00:00Z,100,9.04
9.76,9.805,9.33,410,9.38,2023-08-08T12:00:00Z,108870,9.579885
9.46,9.75,9.43,197,9.75,2023-08-08T16:00:00Z,86595,9.568913
9.92,10.0,9.39,573,9.4,2023-08-09T12:00:00Z,145184,9.711562
9.985,10.01,9.68,267,9.94,2023-08-09T16:00:00Z,93331,9.850349
10.06,10.1,9.44,1316,9.82,2023-08-10T12:00:00Z,454638,9.727572
10.115,10.3,9.96,385,10.075,2023-08-10T16:00:00Z,199340,10.166158
10.76,10.88,10.21,700,10.21,2023-08-11T12:00:00Z,164219,10.589636
10.85,10.915,10.735,595,10.74,2023-08-11T16:00:00Z,140818,10.838061
10.27,11.09,10.18,597,10.79,2023-08-14T12:00:00Z,202214,10.520388
9.935,10.3,9.93,326,10.28,2023-08-14T16:00:00Z,114821,10.094402
10.215,10.39,9.97,600,10.11,2023-08-15T12:00:00Z,254420,10.17557
10.41,10.465,10.175,153,10.175,2023-08-15T16:00:00Z,36119,10.319923
10.8,10.8,10.36,556,10.36,2023-08-16T12:00:00Z,151742,10.584948
11.05,11.06,10.71,289,10.855,2023-08-16T16:00:00Z,64595,10.927031
11.2,11.36,10.87,701,10.91,2023-08-17T12:00:00Z,357907,11.09344
11.36,11.47,11.04,272,11.23,2023-08-17T16:00:00Z,73721,11.249756
11.38,11.81,11.38,646,11.61,2023-08-18T12:00:00Z,191211,11.591371
11.23,11.485,11.09,226,11.39,2023-08-18T16:00:00Z,63314,11.297776
10.93,11.05,10.675,571,10.87,2023-08-21T12:00:00Z,132766,10.833894
10.265,10.85,10.19,266,10.85,2023-08-21T16:00:00Z,94945,10.452229
10.44,10.47,9.84,903,9.9,2023-08-22T12:00:00Z,258573,10.084243
10.535,10.615,10.42,550,10.42,2023-08-22T16:00:00Z,66623,10.533802
9.94,10.81,9.93,945,10.79,2023-08-23T12:00:00Z,131136,10.346271
9.885,10.035,9.76,865,9.94,2023-08-23T16:00:00Z,314282,9.878467
9.26,9.81,9.21,49,9.81,2023-08-23T20:00:00Z,4859,9.33
10.645,10.68,9.26,1125,9.26,2023-08-24T12:00:00Z,191916,9.952593
10.88,10.93,10.38,979,10.64,2023-08-24T16:00:00Z,491910,10.747427
10.91,10.91,10.91,4,10.91,2023-08-24T20:00:00Z,1200,10.91
11.24,11.39,10.46,1066,10.88,2023-08-25T12:00:00Z,455470,10.907141
10.745,11.25,10.6,326,11.25,2023-08-25T16:00:00Z,192702,10.84825
10.615,10.67,10.245,568,10.64,2023-08-28T12:00:00Z,169013,10.427107
10.335,10.63,10.3,259,10.59,2023-08-28T16:00:00Z,59984,10.448861
9.65,10.51,9.58,866,10.42,2023-08-29T12:00:00Z,197685,9.89137
9.52,9.665,9.425,1234,9.66,2023-08-29T16:00:00Z,180161,9.514327
9.35,9.805,9.35,558,9.61,2023-08-30T12:00:00Z,126447,9.572387
9.4,9.5,9.27,304,9.345,2023-08-30T16:00:00Z,134024,9.359274
9.205,9.52,9.05,585,9.39,2023-08-31T12:00:00Z,108327,9.271197
9.21,9.36,9.12,245,9.22,2023-08-31T16:00:00Z,60397,9.204547
9.27,9.345,8.98,557,9.22,2023-09-01T12:00:00Z,116854,9.187611
9.15,9.325,9.1,228,9.3,2023-09-01T16:00:00Z,82861,9.173079
9.19,9.19,9.19,1,9.19,2023-09-01T20:00:00Z,150,9.19
9.13,9.39,9.03,702,9.3,2023-09-05T12:00:00Z,357364,9.270031
9.16,9.16,8.95,217,9.14,2023-09-05T16:00:00Z,65089,9.038991
9.2,9.21,9.2,4,9.21,2023-09-05T20:00:00Z,2800,9.201072
9.49,9.55,9.075,690,9.24,2023-09-06T12:00:00Z,186503,9.372421
9.37,9.66,9.37,436,9.5,2023-09-06T16:00:00Z,258160,9.475861
10.25,10.36,9.8,1011,9.8,2023-09-07T12:00:00Z,363426,10.156322
10.025,10.27,9.95,246,10.27,2023-09-07T16:00:00Z,66787,10.07857
10.15,10.28,9.88,539,10.18,2023-09-08T12:00:00Z,163774,10.078272
10.2,10.32,10.08,290,10.16,2023-09-08T16:00:00Z,103737,10.196014
10.21,10.23,10.21,47,10.22,2023-09-08T20:00:00Z,19778,10.226916
10.57,10.61,9.81,1340,9.91,2023-09-11T12:00:00Z,444636,10.371908
10.21,10.57,10.18,281,10.56,2023-09-11T16:00:00Z,121750,10.341663
10.255,10.505,9.97,638,10.4,2023-09-12T12:00:00Z,125061,10.217765
10.48,10.48,10.125,353,10.26,2023-09-12T16:00:00Z,91090,10.301839
10.48,10.48,10.46,3,10.46,2023-09-12T20:00:00Z,684,10.470614
10.035,10.72,10.035,866,10.48,2023-09-13T12:00:00Z,422958,10.347798
10.31,10.43,10.0,354,10.02,2023-09-13T16:00:00Z,105635,10.212225
10.25,10.26,10.25,4,10.26,2023-09-13T20:00:00Z,2600,10.250385
10.14,10.41,9.98,827,10.07,2023-09-14T12:00:00Z,196581,10.182776
10.09,10.2,10.02,284,10.15,2023-09-14T16:00:00Z,82122,10.110997
10.12,10.14,10.12,3,10.14,2023-09-14T20:00:00Z,800,10.125
10.84,10.9,10.27,629,10.27,2023-09-15T12:00:00Z,131228,10.614095
11.015,11.14,10.78,381,10.81,2023-09-15T16:00:00Z,260219,10.991648
11.05,11.05,11.05,1,11.05,2023-09-15T20:00:00Z,100,11.05
10.82,11.36,10.795,481,11.28,2023-09-18T12:00:00Z,155070,10.960777
10.885,11.025,10.77,230,10.83,2023-09-18T16:00:00Z,71052,10.899698
11.02,11.18,10.65,503,10.65,2023-09-19T12:00:00Z,147373,11.017993
11.02,11.15,10.85,447,11.07,2023-09-19T16:00:00Z,238970,10.949698
10.94,11.07,10.735,295,10.93,2023-09-20T12:00:00Z,75247,10.927893
11.57,11.57,10.92,579,10.93,2023-09-20T16:00:00Z,320678,11.139719
11.99,12.22,11.775,666,12.1,2023-09-21T12:00:00Z,262464,11.907159
12.21,12.215,11.84,379,12.0,2023-09-21T16:00:00Z,180886,12.045997
11.7,12.05,11.55,589,11.93,2023-09-22T12:00:00Z,171183,11.71133
11.915,11.98,11.555,953,11.705,2023-09-22T16:00:00Z,323114,11.741411
11.77,12.21,11.65,1003,12.09,2023-09-25T12:00:00Z,495306,11.817421
11.655,11.96,11.63,476,11.775,2023-09-25T16:00:00Z,169210,11.790713
12.13,12.155,11.77,1835,11.79,2023-09-26T12:00:00Z,553616,12.014107
12.29,12.445,12.045,837,12.12,2023-09-26T16:00:00Z,254144,12.211056
12.2,12.29,11.895,1004,11.97,2023-09-27T12:00:00Z,323116,11.997466
11.99,12.49,11.71,640,12.3,2023-09-27T16:00:00Z,366091,12.270178
11.0,12.17,11.0,496,12.1,2023-09-28T12:00:00Z,296257,11.841002
11.32,11.47,10.95,407,10.98,2023-09-28T16:00:00Z,113583,11.230338
11.045,11.16,10.73,564,11.01,2023-09-29T12:00:00Z,138803,10.907116
11.195,11.31,10.99,614,11.075,2023-09-29T16:00:00Z,257838,11.176748
11.16,11.26,10.78,376,11.12,2023-10-02T12:00:00Z,144130,10.976261
11.06,11.45,11.06,288,11.14,2023-10-02T16:00:00Z,98526,11.24973
11.64,11.72,10.91,615,11.29,2023-10-03T12:00:00Z,337194,11.393284
11.77,11.955,11.47,255,11.65,2023-10-03T16:00:00Z,93207,11.768023
11.29,11.82,11.29,508,11.6,2023-10-04T12:00:00Z,192945,11.558819
11.26,11.63,11.17,459,11.34,2023-10-04T16:00:00Z,245353,11.307681
11.66,11.76,11.15,515,11.21,2023-10-05T12:00:00Z,131698,11.555499
11.44,11.66,11.29,416,11.66,2023-10-05T16:00:00Z,154851,11.417854
10.78,11.9,10.78,944,11.77,2023-10-06T12:00:00Z,426172,11.516522
10.74,10.87,10.565,778,10.75,2023-10-06T16:00:00Z,350643,10.698645
11.17,11.32,11.0,495,11.09,2023-10-09T12:00:00Z,203917,11.187565
10.81,11.165,10.73,317,11.15,2023-10-09T16:00:00Z,133783,10.89228
10.15,10.84,10.14,420,10.84,2023-10-10T12:00:00Z,181850,10.554459
10.405,10.5,10.13,369,10.17,2023-10-10T16:00:00Z,136682,10.370851
10.34,10.46,10.14,475,10.28,2023-10-11T12:00:00Z,150261,10.310588
10.175,10.53,10.155,180,10.38,2023-10-11T16:00:00Z,82060,10.34478
9.78,10.22,9.68,589,10.05,2023-10-12T12:00:00Z,179155,9.951907
10.11,10.39,9.68,380,9.74,2023-10-12T16:00:00Z,192939,10.07796
10.77,10.785,10.01,522,10.16,2023-10-13T12:00:00Z,151823,10.419106
10.945,11.0,10.6,499,10.775,2023-10-13T16:00:00Z,280481,10.898027
10.575,10.97,10.38,535,10.92,2023-10-16T12:00:00Z,243753,10.605425
10.485,10.68,10.36,244,10.59,2023-10-16T16:00:00Z,103882,10.486051
10.48,10.48,10.48,2,10.48,2023-10-16T20:00:00Z,900,10.48
10.57,11.47,10.56,929,10.61,2023-10-17T12:00:00Z,490834,11.026881
10.735,10.89,10.505,535,10.545,2023-10-17T16:00:00Z,251212,10.712132
10.77,10.77,10.72,3,10.72,2023-10-17T20:00:00Z,2300,10.722174
11.25,11.44,11.03,555,11.11,2023-10-18T12:00:00Z,169401,11.258213
11.305,11.46,11.09,375,11.23,2023-10-18T16:00:00Z,395227,11.302834
11.26,11.28,11.26,4,11.28,2023-10-18T20:00:00Z,2900,11.267586
11.38,11.58,10.92,605,11.16,2023-10-19T12:00:00Z,285757,11.327459
11.83,11.96,11.2,496,11.47,2023-10-19T16:00:00Z,373169,11.687622
12.14,12.34,11.6,780,11.89,2023-10-20T12:00:00Z,221512,11.90734
12.38,12.425,11.935,553,12.14,2023-10-20T16:00:00Z,248314,12.18742
12.265,12.98,12.2,823,12.6,2023-10-23T12:00:00Z,526274,12.646759
12.555,12.57,11.93,389,12.27,2023-10-23T16:00:00Z,171598,12.339397
12.31,12.5,12.04,728,12.26,2023-10-24T12:00:00Z,282403,12.28655
12.07,12.55,12.01,388,12.3,2023-10-24T16:00:00Z,118445,12.260018
13.02,13.03,12.45,788,12.56,2023-10-25T12:00:00Z,238141,12.768386
13.545,13.71,13.0,386,13.03,2023-10-25T16:00:00Z,133308,13.405568
13.555,13.89,12.9,1462,13.88,2023-10-26T12:00:00Z,644031,13.138186
13.785,13.97,13.2,653,13.6,2023-10-26T16:00:00Z,181478,13.626783
13.48,13.48,13.48,1,13.48,2023-10-26T20:00:00Z,100,13.48
13.12,13.49,12.98,588,13.23,2023-10-27T12:00:00Z,214977,13.310601
13.42,13.57,13.05,544,13.08,2023-10-27T16:00:00Z,162242,13.40142
14.0,14.28,13.04,849,13.04,2023-10-30T12:00:00Z,199794,13.848558
13.94,14.34,13.64,389,14.02,2023-10-30T16:00:00Z,111717,13.878715
13.75,14.41,13.63,602,13.95,2023-10-31T12:00:00Z,174635,14.119542
13.56,13.93,13.45,320,13.745,2023-10-31T16:00:00Z,136487,13.62271
13.09,13.51,13.03,882,13.5,2023-11-01T12:00:00Z,428219,13.375663
12.58,13.4,12.54,789,13.13,2023-11-01T16:00:00Z,218455,12.850722
11.89,12.245,11.73,650,12.02,2023-11-02T12:00:00Z,139460,11.925339
11.72,11.9,11.48,399,11.86,2023-11-02T16:00:00Z,72787,11.683179
11.89,11.89,11.89,4,11.89,2023-11-02T20:00:00Z,251,11.89
10.98,11.74,10.9,770,11.7,2023-11-03T12:00:00Z,144502,11.147031
10.81,11.02,10.585,487,11.02,2023-11-03T16:00:00Z,132703,10.791555
10.97,11.095,10.68,332,10.73,2023-11-06T12:00:00Z,55963,10.948965
11.0,11.21,10.93,248,10.98,2023-11-06T16:00:00Z,78599,11.082771
10.88,11.02,10.87,55,10.98,2023-11-06T20:00:00Z,19593,10.938059
10.565,11.04,10.545,494,10.98,2023-11-07T12:00:00Z,253281,10.801231
10.685,10.84,10.555,186,10.555,2023-11-07T16:00:00Z,69233,10.708389
10.7,10.73,10.61,81,10.73,2023-11-07T20:00:00Z,30923,10.665427
10.78,10.8,10.5,819,10.68,2023-11-08T12:00:00Z,691231,10.592995
10.72,10.85,10.63,344,10.79,2023-11-08T16:00:00Z,77792,10.727607
10.69,10.74,10.63,110,10.71,2023-11-08T20:00:00Z,23292,10.659247
10.31,10.59,10.21,401,10.59,2023-11-09T12:00:00Z,88904,10.352715
10.72,10.73,10.09,314,10.33,2023-11-09T16:00:00Z,75725,10.318737
10.835,10.89,10.74,189,10.76,2023-11-09T20:00:00Z,58882,10.832818
10.195,10.63,10.18,399,10.63,2023-11-10T12:00:00Z,105102,10.287351
9.52,10.195,9.48,961,10.19,2023-11-10T16:00:00Z,279329,9.78454
9.51,9.545,9.43,208,9.505,2023-11-10T20:00:00Z,60930,9.504439
9.89,9.975,9.63,283,9.64,2023-11-13T12:00:00Z,67935,9.85392
9.71,9.9,9.71,248,9.85,2023-11-13T16:00:00Z,58066,9.822832
9.78,9.8,9.715,55,9.77,2023-11-13T20:00:00Z,7451,9.778601
8.75,9.69,8.665,778,9.69,2023-11-14T12:00:00Z,136867,8.99731
8.75,8.88,8.74,332,8.77,2023-11-14T16:00:00Z,67212,8.79926
8.73,8.76,8.63,139,8.76,2023-11-14T20:00:00Z,45388,8.711846
8.4,8.725,8.36,575,8.47,2023-11-15T12:00:00Z,156018,8.546674
8.555,8.695,8.34,331,8.39,2023-11-15T16:00:00Z,130292,8.472281
8.67,8.69,8.51,88,8.535,2023-11-15T20:00:00Z,29306,8.554729
8.65,8.72,8.49,515,8.69,2023-11-16T12:00:00Z,190292,8.593595
8.49,8.72,8.45,236,8.68,2023-11-16T16:00:00Z,82446,8.586008
8.66,8.66,8.46,88,8.51,2023-11-16T20:00:00Z,39493,8.508328
8.54,8.65,8.47,225,8.55,2023-11-17T12:00:00Z,72885,8.562568
8.355,8.61,8.31,230,8.545,2023-11-17T16:00:00Z,102893,8.433274
8.37,8.415,8.33,65,8.37,2023-11-17T20:00:00Z,22994,8.37076
8.2,8.395,8.17,178,8.35,2023-11-20T12:00:00Z,58698,8.246296
7.99,8.2,7.97,261,8.19,2023-11-20T16:00:00Z,135929,8.090336
7.99,7.995,7.91,140,7.975,2023-11-20T20:00:00Z,36759,7.950364
8.5,8.51,8.14,502,8.15,2023-11-21T12:00:00Z,209414,8.330412
8.445,8.555,8.44,252,8.49,2023-11-21T16:00:00Z,115036,8.48705
8.5,8.76,8.4,157,8.435,2023-11-21T20:00:00Z,50602,8.458555
8.36,8.45,7.99,651,8.35,2023-11-22T12:00:00Z,219240,8.283762
8.345,8.42,8.2,164,8.335,2023-11-22T16:00:00Z,58132,8.286501
8.38,8.39,8.32,256,8.345,2023-11-22T20:00:00Z,42469,8.368374
8.41,8.46,8.34,205,8.42,2023-11-24T12:00:00Z,87814,8.358398
8.35,8.39,8.35,58,8.37,2023-11-24T16:00:00Z,16402,8.365645
8.32,8.52,8.3,228,8.39,2023-11-27T12:00:00Z,298520,8.342457
8.335,8.38,8.19,204,8.34,2023-11-27T16:00:00Z,62077,8.268606
8.41,8.41,8.305,64,8.34,2023-11-27T20:00:00Z,17058,8.344687
8.55,8.68,8.42,342,8.47,2023-11-28T12:00:00Z,91869,8.580245
8.64,8.75,8.44,250,8.55,2023-11-28T16:00:00Z,126400,8.587853
8.555,8.705,8.55,100,8.645,2023-11-28T20:00:00Z,32116,8.611776
7.97,8.3,7.89,470,8.3,2023-11-29T12:00:00Z,218166,8.026849
8.225,8.27,8.0,252,8.0,2023-11-29T16:00:00Z,148609,8.159297
8.27,8.31,8.195,186,8.225,2023-11-29T20:00:00Z,72530,8.280354
8.615,8.65,8.17,504,8.18,2023-11-30T12:00:00Z,243417,8.449386
8.53,8.645,8.5,448,8.51,2023-11-30T16:00:00Z,251785,8.572271
8.47,8.63,8.45,89,8.57,2023-11-30T20:00:00Z,24233,8.542948
8.59,8.81,8.55,441,8.62,2023-12-01T12:00:00Z,190052,8.656866
8.37,8.655,8.305,277,8.655,2023-12-01T16:00:00Z,182616,8.405745
8.34,8.41,8.33,82,8.355,2023-12-01T20:00:00Z,39857,8.344109
8.98,8.99,8.45,326,8.46,2023-12-04T12:00:00Z,213245,8.756072
8.72,8.97,8.67,246,8.97,2023-12-04T16:00:00Z,78237,8.77751
8.67,8.785,8.62,101,8.72,2023-12-04T20:00:00Z,25191,8.689903
8.79,9.01,8.72,478,8.86,2023-12-05T12:00:00Z,176798,8.845672
8.78,8.985,8.78,238,8.78,2023-12-05T16:00:00Z,169452,8.827983
8.78,8.81,8.76,98,8.795,2023-12-05T20:00:00Z,24197,8.786278
8.57,8.67,8.4,481,8.67,2023-12-06T12:00:00Z,156092,8.537177
8.895,8.895,8.525,208,8.545,2023-12-06T16:00:00Z,271254,8.618347
8.96,8.98,8.885,65,8.885,2023-12-06T20:00:00Z,21231,8.944872
8.48,8.89,8.46,590,8.87,2023-12-07T12:00:00Z,263524,8.620232
8.23,8.64,8.17,507,8.47,2023-12-07T16:00:00Z,257443,8.435812
8.34,8.34,8.185,183,8.25,2023-12-07T20:00:00Z,61775,8.235996
8.0,8.48,7.95,662,8.29,2023-12-08T12:00:00Z,189425,8.127758
8.01,8.29,7.99,227,7.99,2023-12-08T16:00:00Z,113233,8.113755
8.07,8.09,8.01,112,8.04,2023-12-08T20:00:00Z,61147,8.056968
7.44,7.98,7.39,650,7.98,2023-12-11T12:00:00Z,310935,7.572425
7.25,7.55,7.17,517,7.44,2023-12-11T16:00:00Z,210414,7.363659
7.27,7.275,7.2,283,7.25,2023-12-11T20:00:00Z,179153,7.246884
7.13,7.39,7.12,412,7.17,2023-12-12T12:00:00Z,150768,7.23104
7.09,7.25,7.09,382,7.12,2023-12-12T16:00:00Z,109289,7.166265
7.08,7.12,7.07,317,7.095,2023-12-12T20:00:00Z,90004,7.101143
7.03,7.09,6.975,292,7.06,2023-12-13T12:00:00Z,95093,7.02739
6.7,7.165,6.7,423,7.03,2023-12-13T16:00:00Z,186318,6.892806
6.75,6.94,6.64,521,6.705,2023-12-13T20:00:00Z,245738,6.788395
6.16,6.66,6.15,1228,6.59,2023-12-14T12:00:00Z,819333,6.276685
6.215,6.45,6.15,690,6.155,2023-12-14T16:00:00Z,401325,6.306443
6.24,6.25,6.2,269,6.21,2023-12-14T20:00:00Z,154121,6.217888
6.0,6.23,5.98,657,6.11,2023-12-15T12:00:00Z,325290,6.088681
6.14,6.18,5.94,468,5.99,2023-12-15T16:00:00Z,358854,6.044496
6.17,6.17,6.095,266,6.145,2023-12-15T20:00:00Z,154906,6.14213
6.31,6.32,6.11,413,6.12,2023-12-18T12:00:00Z,253868,6.245502
6.19,6.36,6.16,495,6.315,2023-12-18T16:00:00Z,209285,6.233022
6.22,6.22,6.16,203,6.19,2023-12-18T20:00:00Z,81553,6.184926
6.145,6.22,6.06,291,6.19,2023-12-19T12:00:00Z,155059,6.135212
6.105,6.19,6.08,273,6.15,2023-12-19T16:00:00Z,118434,6.13918
6.1,6.15,6.09,269,6.105,2023-12-19T20:00:00Z,71454,6.12166
6.17,6.265,6.15,292,6.19,2023-12-20T12:00:00Z,188888,6.218816
6.51,6.51,6.14,335,6.15,2023-12-20T16:00:00Z,189679,6.291775
6.54,6.64,6.49,226,6.52,2023-12-20T20:00:00Z,151710,6.576537
6.18,6.29,6.08,690,6.29,2023-12-21T12:00:00Z,393050,6.171204
6.16,6.22,6.05,493,6.15,2023-12-21T16:00:00Z,320843,6.146606
6.03,6.16,6.0,238,6.16,2023-12-21T20:00:00Z,240149,6.038715
5.96,6.04,5.88,425,5.99,2023-12-22T12:00:00Z,215115,5.930461
5.99,6.11,5.92,265,5.98,2023-12-22T16:00:00Z,91459,6.009122
5.99,6.015,5.97,122,5.97,2023-12-22T20:00:00Z,103005,5.993099
5.78,5.92,5.72,487,5.92,2023-12-26T12:00:00Z,240741,5.79061
5.65,5.78,5.65,228,5.78,2023-12-26T16:00:00Z,130606,5.690555
5.64,5.675,5.59,223,5.65,2023-12-26T20:00:00Z,150589,5.631663
5.695,5.71,5.56,350,5.6,2023-12-27T12:00:00Z,140066,5.648026
5.675,5.71,5.64,305,5.7,2023-12-27T16:00:00Z,187754,5.676424
5.64,5.685,5.62,135,5.68,2023-12-27T20:00:00Z,96668,5.650068
5.6,5.69,5.57,324,5.59,2023-12-28T12:00:00Z,134655,5.624335
5.64,5.65,5.59,279,5.61,2023-12-28T16:00:00Z,131262,5.620447
5.65,5.675,5.62,117,5.64,2023-12-28T20:00:00Z,31442,5.656994
5.8,5.83,5.645,246,5.66,2023-12-29T12:00:00Z,146484,5.758722
5.745,5.89,5.74,305,5.79,2023-12-29T16:00:00Z,178823,5.800809
5.8,5.825,5.745,138,5.745,2023-12-29T20:00:00Z,80208,5.802369
6.33,6.36,6.08,1017,6.11,2024-01-02T12:00:00Z,383143,6.276491
6.455,6.455,6.23,488,6.32,2024-01-02T16:00:00Z,339544,6.310731
6.4,6.575,6.4,177,6.455,2024-01-02T20:00:00Z,118212,6.469868
6.84,6.92,6.66,781,6.74,2024-01-03T12:00:00Z,542555,6.763794
6.8,6.9,6.75,587,6.81,2024-01-03T16:00:00Z,286869,6.817033
6.83,6.89,6.79,149,6.81,2024-01-03T20:00:00Z,69307,6.845204
6.925,7.23,6.89,662,7.13,2024-01-04T12:00:00Z,379140,7.033811
6.985,7.03,6.83,514,6.92,2024-01-04T16:00:00Z,327441,6.91211
7.035,7.04,6.885,198,6.98,2024-01-04T20:00:00Z,79289,6.955506
6.8,7.24,6.75,768,7.14,2024-01-05T12:00:00Z,438211,6.879375
7.0,7.0,6.74,306,6.77,2024-01-05T16:00:00Z,205248,6.88306
6.89,7.02,6.89,104,6.99,2024-01-05T20:00:00Z,68064,6.975951
6.36,6.82,6.34,484,6.82,2024-01-08T12:00:00Z,422161,6.587643
6.245,6.41,6.2,321,6.36,2024-01-08T16:00:00Z,217999,6.316726
6.32,6.33,6.24,75,6.255,2024-01-08T20:00:00Z,28260,6.27863
6.39,6.48,6.31,375,6.38,2024-01-09T12:00:00Z,161317,6.388151
6.2,6.38,6.1,440,6.375,2024-01-09T16:00:00Z,201797,6.222585
6.24,6.32,6.17,188,6.2,2024-01-09T20:00:00Z,88520,6.26107
6.32,6.55,6.19,517,6.19,2024-01-10T12:00:00Z,369151,6.380823
6.28,6.41,6.27,242,6.325,2024-01-10T16:00:00Z,124690,6.322014
6.305,6.38,6.26,68,6.26,2024-01-10T20:00:00Z,65954,6.339063
6.47,6.55,6.13,1102,6.18,2024-01-11T12:00:00Z,595367,6.395524
6.235,6.63,6.225,949,6.465,2024-01-11T16:00:00Z,676672,6.451747
6.25,6.315,6.235,212,6.265,2024-01-11T20:00:00Z,54228,6.270722
6.4,6.435,6.15,469,6.34,2024-01-12T12:00:00Z,215611,6.264467
6.365,6.42,6.33,579,6.4,2024-01-12T16:00:00Z,217085,6.377301
6.37,6.38,6.33,120,6.375,2024-01-12T20:00:00Z,113261,6.344809
5.97,6.42,5.95,583,6.38,2024-01-16T12:00:00Z,377813,6.195801
6.15,6.24,5.99,511,5.99,2024-01-16T16:00:00Z,303316,6.108746
6.08,6.15,6.07,126,6.14,2024-01-16T20:00:00Z,42640,6.104342
6.475,6.54,6.16,708,6.17,2024-01-17T12:00:00Z,554742,6.414788
6.31,6.49,6.28,394,6.45,2024-01-17T16:00:00Z,213389,6.411249
6.23,6.355,6.22,308,6.315,2024-01-17T20:00:00Z,117202,6.286164
5.7,5.82,5.66,1018,5.81,2024-01-18T12:00:00Z,692857,5.716052
5.66,5.94,5.62,945,5.695,2024-01-18T16:00:00Z,656061,5.766723
5.62,5.695,5.615,476,5.66,2024-01-18T20:00:00Z,329589,5.651554
5.39,5.51,5.335,454,5.42,2024-01-19T12:00:00Z,225009,5.408259
5.01,5.41,4.99,652,5.385,2024-01-19T16:00:00Z,435210,5.12258
4.97,5.01,4.96,184,5.005,2024-01-19T20:00:00Z,145644,4.980863
5.03,5.06,4.74,587,4.8,2024-01-22T12:00:00Z,360032,4.914289
4.93,5.045,4.88,529,5.04,2024-01-22T16:00:00Z,283519,4.955597
4.92,4.94,4.88,122,4.94,2024-01-22T20:00:00Z,96713,4.906468
4.95,5.06,4.88,382,4.9,2024-01-23T12:00:00Z,289828,4.965879
4.855,4.95,4.855,382,4.94,2024-01-23T16:00:00Z,145758,4.901537
4.93,4.93,4.815,196,4.855,2024-01-23T20:00:00Z,101042,4.83612
4.52,4.785,4.475,976,4.74,2024-01-24T12:00:00Z,698073,4.626062
4.58,4.65,4.425,954,4.505,2024-01-24T16:00:00Z,595837,4.515
4.59,4.68,4.555,353,4.6,2024-01-24T20:00:00Z,237006,4.621991
4.5,4.58,4.375,508,4.46,2024-01-25T12:00:00Z,433756,4.494799
4.65,4.745,4.43,570,4.505,2024-01-25T16:00:00Z,392089,4.563868
4.86,4.86,4.63,224,4.655,2024-01-25T20:00:00Z,115308,4.659916
4.88,5.05,4.85,807,4.91,2024-01-26T12:00:00Z,441891,4.959503
5.02,5.1,4.875,634,4.875,2024-01-26T16:00:00Z,499163,5.030985
5.04,5.075,5.01,220,5.01,2024-01-26T20:00:00Z,179980,5.054162
5.09,5.13,5.0,398,5.0,2024-01-29T12:00:00Z,246279,5.06965
5.025,5.1,5.02,356,5.1,2024-01-29T16:00:00Z,174849,5.056516
4.86,5.025,4.86,299,5.025,2024-01-29T20:00:00Z,175023,4.944374
4.99,5.02,4.905,532,4.92,2024-01-30T12:00:00Z,293821,4.953893
5.12,5.18,4.97,588,4.98,2024-01-30T16:00:00Z,358918,5.090419
5.24,5.24,5.08,213,5.13,2024-01-30T20:00:00Z,160576,5.122261
5.4,5.48,5.3,659,5.32,2024-01-31T12:00:00Z,543717,5.404126
5.23,5.4,5.07,1006,5.4,2024-01-31T16:00:00Z,1032580,5.274392
5.27,5.41,5.22,465,5.22,2024-01-31T20:00:00Z,326733,5.335294
5.48,5.485,5.22,549,5.26,2024-02-01T12:00:00Z,214403,5.392845
5.29,5.49,5.28,537,5.485,2024-02-01T16:00:00Z,396541,5.369055
5.21,5.3,5.21,200,5.28,2024-02-01T20:00:00Z,88947,5.267558
5.21,5.33,5.12,448,5.15,2024-02-02T12:00:00Z,302510,5.204309
5.09,5.25,5.06,502,5.225,2024-02-02T16:00:00Z,307084,5.143205
5.09,5.1,5.045,176,5.09,2024-02-02T20:00:00Z,101557,5.078299
5.06,5.12,4.85,626,4.95,2024-02-05T12:00:00Z,652412,4.936485
4.83,5.07,4.8,365,5.06,2024-02-05T16:00:00Z,274076,4.916677
4.87,4.91,4.835,186,4.835,2024-02-05T20:00:00Z,81241,4.871568
5.05,5.08,4.79,383,4.86,2024-02-06T12:00:00Z,213913,4.97551
5.05,5.21,5.04,400,5.06,2024-02-06T16:00:00Z,339755,5.119161
5.05,5.11,5.03,226,5.04,2024-02-06T20:00:00Z,156403,5.057515
4.9,5.1,4.82,466,5.03,2024-02-07T12:00:00Z,449236,4.953713
4.82,4.96,4.82,477,4.905,2024-02-07T16:00:00Z,514620,4.903295
4.73,4.845,4.73,195,4.825,2024-02-07T20:00:00Z,133582,4.822402
4.53,4.8,4.51,316,4.79,2024-02-08T12:00:00Z,202556,4.659595
4.53,4.59,4.48,325,4.54,2024-02-08T16:00:00Z,225022,4.526997
4.56,4.575,4.525,184,4.53,2024-02-08T20:00:00Z,106785,4.554678
4.37,4.57,4.36,355,4.52,2024-02-09T12:00:00Z,274280,4.465644
4.32,4.445,4.285,579,4.37,2024-02-09T16:00:00Z,482231,4.366424
4.31,4.35,4.3,167,4.34,2024-02-09T20:00:00Z,114140,4.32468
4.14,4.315,4.13,521,4.28,2024-02-12T12:00:00Z,437093,4.214751
4.33,4.38,4.1,791,4.135,2024-02-12T16:00:00Z,636455,4.195629
4.36,4.36,4.28,311,4.325,2024-02-12T20:00:00Z,200142,4.321164
4.53,4.77,4.44,890,4.46,2024-02-13T12:00:00Z,782654,4.627906
4.68,4.68,4.47,403,4.54,2024-02-13T16:00:00Z,391624,4.571477
4.56,4.73,4.56,379,4.675,2024-02-13T20:00:00Z,273310,4.6508
4.39,4.46,4.285,365,4.45,2024-02-14T12:00:00Z,178963,4.364333
4.34,4.49,4.33,479,4.43,2024-02-14T16:00:00Z,371970,4.388418
4.29,4.35,4.29,198,4.33,2024-02-14T20:00:00Z,103904,4.304146
4.295,4.35,4.19,505,4.23,2024-02-15T12:00:00Z,428797,4.292193
4.26,4.37,4.21,434,4.29,2024-02-15T16:00:00Z,287896,4.269029
4.19,4.315,4.18,123,4.26,2024-02-15T20:00:00Z,84501,4.294524
4.3,4.43,4.12,683,4.16,2024-02-16T12:00:00Z,604584,4.301617
4.33,4.35,4.195,560,4.295,2024-02-16T16:00:00Z,464387,4.251965
4.39,4.405,4.32,212,4.32,2024-02-16T20:00:00Z,178371,4.364692
4.68,4.79,4.48,982,4.48,2024-02-20T12:00:00Z,818154,4.678602
4.63,4.81,4.62,1052,4.68,2024-02-20T16:00:00Z,707913,4.724206
4.65,4.675,4.61,278,4.625,2024-02-20T20:00:00Z,190739,4.634958
4.79,4.83,4.72,631,4.76,2024-02-21T12:00:00Z,521546,4.775482
4.805,4.83,4.72,520,4.79,2024-02-21T16:00:00Z,519363,4.775924
4.27,4.84,4.27,442,4.8,2024-02-21T20:00:00Z,295938,4.691456
4.06,4.17,4.0,814,4.1,2024-02-22T12:00:00Z,698199,4.073665
3.94,4.055,3.9,661,4.055,2024-02-22T16:00:00Z,533184,3.970303
3.96,3.96,3.9,210,3.95,2024-02-22T20:00:00Z,174714,3.928529
4.08,4.08,3.86,484,3.92,2024-02-23T12:00:00Z,464640,3.950885
4.04,4.15,4.01,617,4.09,2024-02-23T16:00:00Z,522761,4.063437
4.1,4.11,4.04,180,4.04,2024-02-23T20:00:00Z,155788,4.08222
3.96,4.06,3.93,533,4.03,2024-02-26T12:00:00Z,357955,3.98047
3.94,3.99,3.92,476,3.96,2024-02-26T16:00:00Z,342712,3.952915
4.01,4.01,3.93,191,3.95,2024-02-26T20:00:00Z,161311,3.953042
3.9,4.015,3.9,588,3.91,2024-02-27T12:00:00Z,462193,3.946106
3.96,4.0,3.9,486,3.9,2024-02-27T16:00:00Z,422241,3.941492
3.985,3.99,3.95,154,3.96,2024-02-27T20:00:00Z,153566,3.96555
4.12,4.18,4.09,430,4.09,2024-02-28T12:00:00Z,323003,4.14136
4.13,4.14,4.07,421,4.1,2024-02-28T16:00:00Z,461129,4.103123
4.16,4.16,4.1,85,4.11,2024-02-28T20:00:00Z,53048,4.116072
3.92,4.15,3.9,658,4.15,2024-02-29T12:00:00Z,415156,3.948922
3.835,4.01,3.82,482,3.93,2024-02-29T16:00:00Z,399023,3.887726
3.78,3.85,3.775,273,3.835,2024-02-29T20:00:00Z,197587,3.812824
3.49,3.7,3.49,657,3.69,2024-03-01T12:00:00Z,685955,3.576168
3.28,3.49,3.265,643,3.49,2024-03-01T16:00:00Z,845944,3.384179
3.31,3.36,3.29,232,3.29,2024-03-01T20:00:00Z,195950,3.337958
3.17,3.27,3.15,688,3.18,2024-03-04T12:00:00Z,962655,3.190648
3.125,3.21,3.11,427,3.17,2024-03-04T16:00:00Z,527786,3.16402
3.24,3.24,3.11,231,3.125,2024-03-04T20:00:00Z,220995,3.205476
3.39,3.42,3.27,1104,3.29,2024-03-05T12:00:00Z,1206012,3.368006
3.5,3.5,3.37,522,3.39,2024-03-05T16:00:00Z,628529,3.415253
3.38,3.51,3.37,369,3.49,2024-03-05T20:00:00Z,313284,3.459683
3.14,3.275,3.14,779,3.25,2024-03-06T12:00:00Z,580205,3.196028
3.195,3.205,3.05,1028,3.135,2024-03-06T16:00:00Z,952870,3.115864
3.15,3.23,3.15,356,3.2,2024-03-06T20:00:00Z,203058,3.189492
2.91,3.07,2.89,595,3.06,2024-03-07T12:00:00Z,611139,2.968379
2.84,2.905,2.8,486,2.905,2024-03-07T16:00:00Z,463200,2.844247
2.92,2.98,2.82,273,2.855,2024-03-07T20:00:00Z,182363,2.849504
2.81,2.86,2.77,598,2.86,2024-03-08T12:00:00Z,623788,2.809775
3.09,3.175,2.82,2551,2.82,2024-03-08T16:00:00Z,2334117,3.040428
3.18,3.2,3.07,220,3.08,2024-03-08T20:00:00Z,203753,3.135805
3.3,3.42,3.24,1672,3.26,2024-03-11T12:00:00Z,1503359,3.330173
3.31,3.355,3.29,510,3.31,2024-03-11T16:00:00Z,741416,3.320699
3.29,3.3,3.29,5,3.3,2024-03-11T20:00:00Z,2100,3.29619
3.17,3.36,3.14,1469,3.22,2024-03-12T12:00:00Z,1389239,3.252057
3.1,3.26,3.1,577,3.17,2024-03-12T16:00:00Z,441684,3.196505
3.09,3.1,3.09,8,3.1,2024-03-12T20:00:00Z,3531,3.096324
3.35,3.39,3.13,814,3.13,2024-03-13T12:00:00Z,732608,3.278472
3.33,3.37,3.285,434,3.36,2024-03-13T16:00:00Z,360564,3.325834
3.33,3.34,3.33,3,3.34,2024-03-13T20:00:00Z,830,3.331205
3.46,3.51,3.31,856,3.31,2024-03-14T12:00:00Z,799296,3.43194
3.51,3.61,3.46,754,3.46,2024-03-14T16:00:00Z,723855,3.533491
3.51,3.52,3.51,10,3.51,2024-03-14T20:00:00Z,5205,3.51557
3.54,3.67,3.46,910,3.53,2024-03-15T12:00:00Z,741757,3.559027
3.58,3.585,3.51,626,3.54,2024-03-15T16:00:00Z,541567,3.545146
3.57,3.57,3.57,1,3.57,2024-03-15T20:00:00Z,501,3.57
3.54,3.58,3.37,852,3.4,2024-03-18T12:00:00Z,639450,3.477732
3.6,3.61,3.52,419,3.54,2024-03-18T16:00:00Z,522688,3.558463
3.59,3.59,3.57,7,3.58,2024-03-18T20:00:00Z,2540,3.579184
3.77,3.85,3.66,1078,3.68,2024-03-19T12:00:00Z,746837,3.783353
3.65,3.77,3.605,1014,3.77,2024-03-19T16:00:00Z,645547,3.661715
3.64,3.65,3.64,3,3.65,2024-03-19T20:00:00Z,1365,3.645385
3.65,3.69,3.59,336,3.59,2024-03-20T12:00:00Z,502836,3.658774
3.46,3.71,3.435,536,3.66,2024-03-20T16:00:00Z,492649,3.606832
3.32,3.41,3.31,34,3.41,2024-03-20T20:00:00Z,14764,3.343729
3.07,3.21,3.055,750,3.2,2024-03-21T12:00:00Z,407674,3.147887
3.23,3.25,3.05,419,3.08,2024-03-21T16:00:00Z,213860,3.166942
3.23,3.24,3.22,15,3.23,2024-03-21T20:00:00Z,8780,3.228724
3.235,3.31,3.22,363,3.3,2024-03-22T12:00:00Z,299808,3.259304
3.23,3.26,3.16,276,3.235,2024-03-22T16:00:00Z,212759,3.201363
3.24,3.24,3.23,4,3.23,2024-03-22T20:00:00Z,2800,3.2375
3.22,3.38,3.18,643,3.36,2024-03-25T12:00:00Z,405540,3.26868
3.27,3.27,3.19,544,3.23,2024-03-25T16:00:00Z,275716,3.233406
3.25,3.28,3.17,312,3.19,2024-03-26T12:00:00Z,256014,3.239152
3.335,3.34,3.24,324,3.24,2024-03-26T16:00:00Z,254667,3.278782
3.31,3.32,3.31,9,3.32,2024-03-26T20:00:00Z,3839,3.315542
3.32,3.405,3.235,477,3.27,2024-03-27T12:00:00Z,375882,3.321366
3.22,3.33,3.22,379,3.33,2024-03-27T16:00:00Z,292416,3.273813
3.21,3.21,3.21,19,3.21,2024-03-27T20:00:00Z,14410,3.21
3.18,3.26,3.17,337,3.23,2024-03-28T12:00:00Z,218795,3.2128
3.225,3.25,3.19,282,3.19,2024-03-28T16:00:00Z,194533,3.225468
3.24,3.24,3.24,2,3.24,2024-03-28T20:00:00Z,900,3.24
3.14,3.21,2.99,766,3.18,2024-04-01T12:00:00Z,500726,3.064164
3.12,3.15,3.075,341,3.14,2024-04-01T16:00:00Z,222471,3.123455
3.1,3.11,3.1,3,3.11,2024-04-01T20:00:00Z,400,3.103236
3.34,3.35,3.18,817,3.19,2024-04-02T12:00:00Z,565484,3.31272
3.26,3.35,3.245,635,3.35,2024-04-02T16:00:00Z,383135,3.304088
3.29,3.29,3.26,4,3.26,2024-04-02T20:00:00Z,2500,3.2736
3.21,3.39,3.17,578,3.3,2024-04-03T12:00:00Z,466300,3.239914
3.23,3.28,3.18,308,3.23,2024-04-03T16:00:00Z,317124,3.207676
3.22,3.22,3.22,2,3.22,2024-04-03T20:00:00Z,800,3.22
3.17,3.21,3.09,945,3.18,2024-04-04T12:00:00Z,476292,3.150661
3.52,3.525,3.14,901,3.16,2024-04-04T16:00:00Z,405247,3.34359
3.51,3.51,3.5,14,3.5,2024-04-04T20:00:00Z,3852,3.509732
3.36,3.54,3.35,1157,3.46,2024-04-05T12:00:00Z,694682,3.439997
3.39,3.44,3.33,819,3.36,2024-04-05T16:00:00Z,375031,3.385699
3.39,3.39,3.39,1,3.39,2024-04-05T20:00:00Z,100,3.39
3.37,3.41,3.28,746,3.39,2024-04-08T12:00:00Z,323991,3.345803
3.37,3.4,3.345,260,3.37,2024-04-08T16:00:00Z,108665,3.365674
3.36,3.36,3.36,2,3.36,2024-04-08T20:00:00Z,1600,3.36
3.33,3.43,3.23,752,3.32,2024-04-09T12:00:00Z,434138,3.349445
3.275,3.36,3.27,176,3.35,2024-04-09T16:00:00Z,128197,3.320824
3.43,3.48,3.24,1472,3.24,2024-04-10T12:00:00Z,721187,3.38426
3.435,3.49,3.41,839,3.43,2024-04-10T16:00:00Z,385351,3.450237
3.45,3.45,3.45,1,3.45,2024-04-10T20:00:00Z,800,3.45
3.36,3.5,3.36,808,3.5,2024-04-11T12:00:00Z,463395,3.404706
3.21,3.39,3.195,798,3.35,2024-04-11T16:00:00Z,571410,3.254611
3.21,3.21,3.21,5,3.21,2024-04-11T20:00:00Z,2137,3.21
3.45,3.49,3.29,526,3.29,2024-04-12T12:00:00Z,308407,3.420743
3.54,3.55,3.45,608,3.46,2024-04-12T16:00:00Z,577907,3.519153
3.53,3.53,3.52,5,3.52,2024-04-12T20:00:00Z,2752,3.52327
34.63,34.74,33.79,23,34.09,2024-04-15T12:00:00Z,2748,34.163557
36.62,37.17,34.28,53,34.39,2024-04-15T16:00:00Z,5524,36.321058
36.74,36.74,36.74,1,36.74,2024-04-15T20:00:00Z,100,36.74
35.73,36.75,35.725,21,36.75,2024-04-16T12:00:00Z,1881,36.34647
35.89,36.31,35.44,61,35.94,2024-04-16T16:00:00Z,5749,35.689599
35.78,35.78,35.78,1,35.78,2024-04-16T20:00:00Z,100,35.78
37.99,37.99,35.74,120,35.83,2024-04-17T12:00:00Z,14755,37.149104
39.24,39.28,37.9,313,38.05,2024-04-17T16:00:00Z,49282,38.595732
38.99,39.26,38.99,4,39.26,2024-04-17T20:00:00Z,400,39.125
39.78,41.62,39.28,345,39.74,2024-04-18T12:00:00Z,35899,40.344997
41.33,41.51,39.69,156,39.69,2024-04-18T16:00:00Z,20720,41.111872
41.6,41.6,41.6,2,41.6,2024-04-18T20:00:00Z,200,41.6
44.2,44.22,41.67,354,42.49,2024-04-19T12:00:00Z,54247,42.900288
46.2,46.81,43.985,547,44.165,2024-04-19T16:00:00Z,82400,45.64599
46.08,46.38,46.08,4,46.38,2024-04-19T20:00:00Z,400,46.245
45.35,46.55,44.23,171,44.98,2024-04-22T12:00:00Z,16904,45.302233
44.205,45.29,43.0,152,45.29,2024-04-22T16:00:00Z,16916,44.107945
41.445,43.4,40.89,239,43.08,2024-04-23T12:00:00Z,24311,42.066194
41.36,41.61,40.66,180,41.48,2024-04-23T16:00:00Z,18800,41.199276
40.12,40.12,40.12,1,40.12,2024-04-23T20:00:00Z,100,40.12
40.3,40.32,37.35,521,38.49,2024-04-24T12:00:00Z,44692,38.45914
39.65,40.76,39.19,220,40.31,2024-04-24T16:00:00Z,23349,39.948088
40.46,40.46,40.46,1,40.46,2024-04-24T20:00:00Z,100,40.46
38.865,40.46,37.77,131,39.86,2024-04-25T12:00:00Z,13662,39.24641
37.465,38.87,36.81,53,38.87,2024-04-25T16:00:00Z,6453,37.698074
37.15,37.4,37.15,5,37.4,2024-04-25T20:00:00Z,500,37.268
35.44,37.94,35.25,327,37.65,2024-04-26T12:00:00Z,33330,36.592386
35.14,35.64,34.73,108,35.54,2024-04-26T16:00:00Z,10014,35.149388
35.16,35.2,35.1,7,35.1,2024-04-26T20:00:00Z,700,35.158571
35.045,36.105,34.87,58,35.1,2024-04-29T12:00:00Z,5247,35.4053
34.435,34.93,34.41,61,34.835,2024-04-29T16:00:00Z,6125,34.748952
34.12,34.12,34.12,1,34.12,2024-04-29T20:00:00Z,100,34.12
35.215,35.215,33.91,29,34.73,2024-04-30T12:00:00Z,3402,34.458977
36.54,36.54,35.115,35,35.115,2024-04-30T16:00:00Z,3695,36.022107
37.72,37.82,36.02,11,36.02,2024-04-30T20:00:00Z,1100,37.186364
40.61,40.61,38.01,421,38.64,2024-05-01T12:00:00Z,42898,39.002227
40.36,40.89,36.81,303,40.865,2024-05-01T16:00:00Z,36048,39.149517
40.04,40.04,39.27,2,39.27,2024-05-01T20:00:00Z,200,39.655
38.17,40.48,37.8,337,38.2,2024-05-02T12:00:00Z,36119,38.839737
37.62,39.19,37.2,214,38.5,2024-05-02T16:00:00Z,24604,37.994309
37.17,37.17,37.17,1,37.17,2024-05-02T20:00:00Z,100,37.17
34.92,35.98,34.57,135,35.87,2024-05-03T12:00:00Z,14324,35.138496
35.105,35.47,35.025,98,35.1,2024-05-03T16:00:00Z,8929,35.216212
33.365,34.65,33.32,227,34.22,2024-05-06T12:00:00Z,33108,33.750111
32.97,33.74,32.97,368,33.375,2024-05-06T16:00:00Z,44465,33.336787
32.74,33.4,32.65,128,32.85,2024-05-07T12:00:00Z,17963,32.86283
33.765,33.84,32.58,156,32.66,2024-05-07T16:00:00Z,32750,33.352453
34.625,34.89,33.71,680,34.89,2024-05-08T12:00:00Z,70504,34.343505
33.75,34.795,33.68,761,34.62,2024-05-08T16:00:00Z,65280,34.203641
34.06,34.12,34.06,3,34.12,2024-05-08T20:00:00Z,300,34.08
34.355,34.67,33.64,244,33.64,2024-05-09T12:00:00Z,23479,34.17674
34.14,34.345,33.85,297,34.305,2024-05-09T16:00:00Z,28677,34.122447
34.06,34.06,34.06,2,34.06,2024-05-09T20:00:00Z,145,34.06
33.3,33.59,32.21,273,33.09,2024-05-10T12:00:00Z,42387,32.791924
33.23,33.52,33.11,101,33.52,2024-05-10T16:00:00Z,12755,33.308259
32.61,33.09,32.4,241,32.77,2024-05-13T12:00:00Z,26957,32.714002
33.02,33.13,32.5,170,32.635,2024-05-13T16:00:00Z,25538,32.929238
33.0,33.0,33.0,1,33.0,2024-05-13T20:00:00Z,200,33.0
32.0,33.19,31.77,338,33.19,2024-05-14T12:00:00Z,38975,32.361295
31.41,32.19,31.32,291,31.97,2024-05-14T16:00:00Z,35888,31.708947
31.45,31.45,31.42,2,31.42,2024-05-14T20:00:00Z,317,31.431073
29.835,30.93,29.71,141,30.39,2024-05-15T12:00:00Z,20355,30.179071
28.72,29.93,28.72,233,29.93,2024-05-15T16:00:00Z,30106,29.076358
28.75,28.81,28.73,7,28.73,2024-05-15T20:00:00Z,1100,28.751818
28.18,28.94,28.165,271,28.76,2024-05-16T12:00:00Z,35563,28.573968
29.23,29.24,28.25,427,28.25,2024-05-16T16:00:00Z,66678,28.766902
29.28,29.4,28.58,167,28.82,2024-05-17T12:00:00Z,14508,29.037786
29.77,30.43,29.2,301,29.2,2024-05-17T16:00:00Z,38934,29.811347
27.93,29.51,27.76,1392,29.44,2024-05-20T12:00:00Z,155416,28.495471
27.76,28.17,27.275,332,27.905,2024-05-20T16:00:00Z,42277,27.797317
28.22,28.92,28.04,246,28.81,2024-05-21T12:00:00Z,23890,28.506219
28.11,28.25,27.955,141,28.2,2024-05-21T16:00:00Z,14363,28.07168
26.97,27.65,26.915,289,27.29,2024-05-22T12:00:00Z,27237,27.290562
27.1,27.99,26.89,540,27.0,2024-05-22T16:00:00Z,50399,27.531213
26.47,27.06,26.14,21,27.06,2024-05-22T20:00:00Z,3041,26.468973
26.37,27.41,25.0,790,25.27,2024-05-23T12:00:00Z,96452,26.226881
27.54,28.22,26.23,1094,26.44,2024-05-23T16:00:00Z,134844,27.505459
25.98,27.25,25.765,892,27.01,2024-05-24T12:00:00Z,138747,26.161264
25.995,26.35,25.83,1289,25.99,2024-05-24T16:00:00Z,272030,26.004993
25.91,25.97,25.91,5,25.96,2024-05-24T20:00:00Z,1000,25.94
24.69,25.92,24.62,1102,25.13,2024-05-28T12:00:00Z,323135,25.100098
24.72,25.46,24.36,542,24.62,2024-05-28T16:00:00Z,84545,24.770391
24.69,24.76,24.69,2,24.76,2024-05-28T20:00:00Z,300,24.713333
25.9,26.31,25.74,538,25.9,2024-05-29T12:00:00Z,65812,25.991226
26.295,26.3,25.8,369,25.94,2024-05-29T16:00:00Z,53572,26.018826
26.45,26.45,26.25,17,26.25,2024-05-29T20:00:00Z,2900,26.325172
26.62,26.97,25.99,450,26.35,2024-05-30T12:00:00Z,47187,26.46972
26.77,27.18,26.09,560,26.62,2024-05-30T16:00:00Z,78896,26.594215
27.14,27.14,27.05,2,27.05,2024-05-30T20:00:00Z,400,27.095
29.21,29.255,26.31,1070,26.625,2024-05-31T12:00:00Z,137478,28.143397
27.47,29.725,27.47,1311,29.235,2024-05-31T16:00:00Z,186963,28.900382
27.5,27.5,27.47,5,27.47,2024-05-31T20:00:00Z,700,27.482857
27.83,28.39,26.17,819,26.17,2024-06-03T12:00:00Z,100271,27.546849
27.38,28.85,27.38,455,27.76,2024-06-03T16:00:00Z,50389,28.090206
28.47,28.51,27.54,636,27.56,2024-06-04T12:00:00Z,73548,28.163103
28.01,28.62,27.67,501,28.48,2024-06-04T16:00:00Z,57726,28.233594
25.265,26.83,25.24,898,26.58,2024-06-05T12:00:00Z,120641,25.87355
24.355,25.34,24.32,641,25.32,2024-06-05T16:00:00Z,91113,24.787013
24.34,24.43,24.34,5,24.41,2024-06-05T20:00:00Z,800,24.395
24.95,25.505,24.395,542,24.395,2024-06-06T12:00:00Z,64426,24.93284
24.98,25.345,24.73,259,25.0,2024-06-06T16:00:00Z,41189,25.024752
24.87,24.87,24.85,2,24.85,2024-06-06T20:00:00Z,400,24.86
25.21,25.5,24.77,545,25.48,2024-06-07T12:00:00Z,66914,25.130658
25.26,25.75,24.815,634,25.24,2024-06-07T16:00:00Z,110069,25.213963
25.31,25.34,25.31,6,25.33,2024-06-07T20:00:00Z,913,25.327778
24.33,25.91,24.1,479,25.85,2024-06-10T12:00:00Z,54028,24.717831
24.155,24.6,23.98,299,24.3,2024-06-10T16:00:00Z,44275,24.20694
24.21,24.23,24.2,4,24.23,2024-06-10T20:00:00Z,600,24.213333
25.11,25.2,24.33,435,24.47,2024-06-11T12:00:00Z,56283,24.754092
24.115,24.94,24.02,351,24.94,2024-06-11T16:00:00Z,58753,24.321746
24.11,24.11,24.1,3,24.11,2024-06-11T20:00:00Z,600,24.106667
22.14,22.945,21.83,634,22.81,2024-06-12T12:00:00Z,67198,22.155707
22.09,22.78,21.91,1084,22.09,2024-06-12T16:00:00Z,175988,22.290048
21.38,22.12,21.38,6,22.12,2024-06-12T20:00:00Z,920,21.773333
21.505,22.28,21.09,784,21.635,2024-06-13T12:00:00Z,127691,21.640326
21.345,21.93,21.205,489,21.56,2024-06-13T16:00:00Z,105585,21.501064
21.57,21.58,21.57,2,21.58,2024-06-13T20:00:00Z,400,21.575
21.99,22.21,21.72,595,21.99,2024-06-14T12:00:00Z,69333,21.953047
21.63,22.06,21.47,434,21.99,2024-06-14T16:00:00Z,88129,21.673619
21.59,21.6,21.59,2,21.6,2024-06-14T20:00:00Z,341,21.594135
21.6,22.02,21.22,383,21.27,2024-06-17T12:00:00Z,55088,21.671328
20.62,21.61,20.52,601,21.58,2024-06-17T16:00:00Z,93396,20.860464
20.67,20.7,20.65,14,20.69,2024-06-17T20:00:00Z,2420,20.675833
19.81,20.53,19.76,578,20.47,2024-06-18T12:00:00Z,92609,19.988467
19.865,19.965,19.54,491,19.8,2024-06-18T16:00:00Z,92838,19.790305
19.88,19.91,19.88,13,19.89,2024-06-18T20:00:00Z,1354,19.900866
20.42,20.715,19.69,524,19.69,2024-06-20T12:00:00Z,66997,20.199464
21.48,21.77,20.38,894,20.47,2024-06-20T16:00:00Z,191089,21.303024
21.41,21.46,21.38,22,21.44,2024-06-20T20:00:00Z,3192,21.425358
21.42,22.86,21.42,760,21.81,2024-06-21T12:00:00Z,126875,22.245477
22.145,22.26,21.42,497,21.49,2024-06-21T16:00:00Z,127576,22.042117
22.03,22.1,22.03,2,22.1,2024-06-21T20:00:00Z,400,22.065
23.14,23.53,22.39,875,22.77,2024-06-24T12:00:00Z,137951,23.052327
24.06,24.075,23.085,548,23.17,2024-06-24T16:00:00Z,95200,23.646378
24.08,24.11,24.03,4,24.04,2024-06-24T20:00:00Z,600,24.055
22.78,24.02,22.78,479,23.25,2024-06-25T12:00:00Z,69057,23.262073
22.68,23.435,22.64,254,22.75,2024-06-25T16:00:00Z,45980,22.897706
22.57,22.59,22.57,5,22.59,2024-06-25T20:00:00Z,500,22.586
23.01,23.45,22.35,373,22.74,2024-06-26T12:00:00Z,42692,22.93616
22.975,23.7,22.9,279,23.05,2024-06-26T16:00:00Z,61832,23.275449
23.45,23.53,23.45,2,23.53,2024-06-26T20:00:00Z,300,23.476667
23.59,23.72,22.63,563,23.115,2024-06-27T12:00:00Z,58948,23.20275
23.31,23.64,23.06,441,23.63,2024-06-27T16:00:00Z,79979,23.327811
23.14,23.3,23.14,11,23.28,2024-06-27T20:00:00Z,1201,23.219903
22.04,23.05,21.32,1124,22.945,2024-06-28T12:00:00Z,166560,21.972321
22.685,23.22,22.0,797,22.0,2024-06-28T16:00:00Z,146278,22.655768
22.59,22.6,22.57,6,22.57,2024-06-28T20:00:00Z,600,22.584374
23.09,23.96,22.655,717,22.76,2024-07-01T12:00:00Z,124354,23.466956
22.67,23.19,22.635,572,23.08,2024-07-01T16:00:00Z,106335,22.839106
22.64,22.65,22.55,5,22.55,2024-07-01T20:00:00Z,800,22.5975
22.42,23.11,22.04,305,23.11,2024-07-02T12:00:00Z,38418,22.574655
21.735,22.64,21.735,298,22.635,2024-07-02T16:00:00Z,73627,21.996232
21.73,21.73,21.73,2,21.73,2024-07-02T20:00:00Z,200,21.73
20.7,21.92,20.7,619,21.52,2024-07-03T12:00:00Z,79264,21.31089
20.68,21.07,20.32,217,20.715,2024-07-03T16:00:00Z,28821,20.684258
20.43,20.935,20.08,536,20.21,2024-07-05T12:00:00Z,82128,20.635949
20.595,20.61,20.2,429,20.43,2024-07-05T16:00:00Z,89238,20.461525
19.59,20.12,19.435,651,20.115,2024-07-08T12:00:00Z,83510,19.721998
19.415,19.82,19.365,354,19.58,2024-07-08T16:00:00Z,90279,19.506614
19.34,19.39,19.34,9,19.39,2024-07-08T20:00:00Z,1055,19.351
19.54,19.74,18.9,576,19.19,2024-07-09T12:00:00Z,85833,19.304619
19.46,19.96,19.4,340,19.54,2024-07-09T16:00:00Z,76962,19.623706
19.47,19.47,19.47,1,19.47,2024-07-09T20:00:00Z,200,19.47
18.58,19.185,18.48,651,18.92,2024-07-10T12:00:00Z,83520,18.768032
18.05,18.57,18.0,718,18.57,2024-07-10T16:00:00Z,135934,18.279583
19.81,19.85,17.77,2752,17.79,2024-07-11T12:00:00Z,381686,18.967564
19.92,20.07,19.4,1939,19.83,2024-07-11T16:00:00Z,358829,19.70156
19.93,19.93,19.91,7,19.91,2024-07-11T20:00:00Z,851,19.922481
18.66,19.965,18.44,805,19.62,2024-07-12T12:00:00Z,169420,19.116188
19.24,19.35,18.17,658,18.81,2024-07-12T16:00:00Z,204248,18.722093
18.74,19.285,18.38,575,18.75,2024-07-15T12:00:00Z,75118,18.739567
19.14,19.48,18.71,699,18.71,2024-07-15T16:00:00Z,140377,19.120863
18.93,19.11,18.93,9,19.11,2024-07-15T20:00:00Z,1000,18.992222
19.09,19.73,18.82,970,18.88,2024-07-16T12:00:00Z,122383,19.264424
18.81,19.34,18.75,415,19.06,2024-07-16T16:00:00Z,83678,19.080992
18.73,18.75,18.72,3,18.72,2024-07-16T20:00:00Z,600,18.733333
21.51,21.73,20.575,1358,20.83,2024-07-17T12:00:00Z,211106,21.097626
22.835,22.89,21.52,2095,21.57,2024-07-17T16:00:00Z,366881,22.26198
22.88,22.88,22.84,6,22.86,2024-07-17T20:00:00Z,1029,22.859571
23.54,23.82,21.6,2551,21.6,2024-07-18T12:00:00Z,356956,22.796284
22.65,23.76,22.24,1637,23.71,2024-07-18T16:00:00Z,255779,23.098474
22.31,22.5,22.28,19,22.49,2024-07-18T20:00:00Z,1693,22.421458
23.92,24.39,22.74,1167,22.86,2024-07-19T12:00:00Z,177760,23.712396
24.75,24.84,23.86,867,23.925,2024-07-19T16:00:00Z,182390,24.473018
24.69,24.85,24.67,13,24.76,2024-07-19T20:00:00Z,2134,24.76779
22.995,23.745,22.44,1459,23.05,2024-07-22T12:00:00Z,185160,23.018999
21.67,23.175,21.615,991,23.0,2024-07-22T16:00:00Z,138872,22.204555
22.11,22.11,21.59,2,21.59,2024-07-22T20:00:00Z,237,21.890591
22.385,22.69,21.99,535,22.48,2024-07-23T12:00:00Z,122770,22.356132
22.63,22.84,22.315,365,22.41,2024-07-23T16:00:00Z,86808,22.570532
24.995,25.0,23.53,1073,23.64,2024-07-24T12:00:00Z,152189,24.303403
26.26,26.35,24.9,963,24.97,2024-07-24T16:00:00Z,224387,25.728896
25.68,25.78,25.68,3,25.78,2024-07-24T20:00:00Z,300,25.746667
26.67,29.36,26.475,4897,26.78,2024-07-25T12:00:00Z,542466,27.703292
28.015,28.1,25.45,3174,26.63,2024-07-25T16:00:00Z,378788,26.529895
28.19,28.19,27.95,9,27.95,2024-07-25T20:00:00Z,1500,28.079333
26.545,27.21,26.12,1595,26.22,2024-07-26T12:00:00Z,161961,26.736522
26.305,27.105,25.6,1453,26.53,2024-07-26T16:00:00Z,156165,26.38715
26.29,26.29,26.18,9,26.29,2024-07-26T20:00:00Z,1308,26.231896
25.78,26.755,24.45,681,25.55,2024-07-29T12:00:00Z,77588,25.541173
26.48,26.54,25.52,457,25.76,2024-07-29T16:00:00Z,74078,26.096798
26.58,26.58,26.39,12,26.51,2024-07-29T20:00:00Z,1600,26.483051
28.715,28.86,25.97,1096,26.1,2024-07-30T12:00:00Z,128875,27.725415
29.425,29.62,28.24,1715,28.73,2024-07-30T16:00:00Z,220848,28.910726
28.0,29.87,28.0,4,29.87,2024-07-30T20:00:00Z,493,28.93047
24.91,26.015,24.82,1387,25.7,2024-07-31T12:00:00Z,158224,25.347355
23.5,25.645,23.39,2121,24.865,2024-07-31T16:00:00Z,253895,24.273578
22.81,23.53,22.81,6,23.53,2024-07-31T20:00:00Z,920,22.97
27.27,27.28,24.15,1252,24.83,2024-08-01T12:00:00Z,179160,25.535969
28.57,29.4,26.85,1778,27.15,2024-08-01T16:00:00Z,298614,28.385195
29.01,29.3,29.01,5,29.3,2024-08-01T20:00:00Z,800,29.1
32.1,34.2,31.34,3583,32.2,2024-08-02T12:00:00Z,351043,32.801011
33.21,33.96,31.99,4752,32.08,2024-08-02T16:00:00Z,392922,33.33437
32.58,33.04,32.49,14,33.04,2024-08-02T20:00:00Z,1980,32.699247
34.3,39.92,33.69,4192,39.92,2024-08-05T12:00:00Z,468741,36.146337
34.83,35.845,32.31,2980,34.21,2024-08-05T16:00:00Z,336578,34.684039
33.97,34.54,33.97,2,34.54,2024-08-05T20:00:00Z,200,34.255
33.13,35.72,32.37,1239,33.94,2024-08-06T12:00:00Z,98660,33.769494
33.93,33.99,31.19,2281,32.95,2024-08-06T16:00:00Z,201583,32.5029
35.08,35.08,32.48,23,33.97,2024-08-06T20:00:00Z,3968,33.444246
32.63,32.98,30.03,1228,30.61,2024-08-07T12:00:00Z,144208,31.535895
36.94,37.09,32.59,1557,32.76,2024-08-07T16:00:00Z,227226,35.39021
37.07,37.07,36.5,4,36.76,2024-08-07T20:00:00Z,400,36.73
30.89,35.82,30.72,2160,34.74,2024-08-08T12:00:00Z,257860,32.815968
29.22,31.57,29.15,2982,30.88,2024-08-08T16:00:00Z,309499,30.258537
28.91,29.27,28.91,11,29.27,2024-08-08T20:00:00Z,1800,29.021701
30.62,31.08,29.25,2647,29.99,2024-08-09T12:00:00Z,296495,30.271482
29.77,30.745,29.03,2075,30.6,2024-08-09T16:00:00Z,334242,29.695534
29.63,29.86,29.56,21,29.79,2024-08-09T20:00:00Z,3750,29.690103
28.79,30.45,28.23,1818,29.51,2024-08-12T12:00:00Z,225246,29.351314
29.32,29.79,28.735,1859,28.81,2024-08-12T16:00:00Z,250488,29.402096
26.79,28.62,26.7,1932,28.18,2024-08-13T12:00:00Z,260012,27.580107
25.72,26.92,25.64,1713,26.85,2024-08-13T16:00:00Z,240104,26.221478
25.66,25.76,25.65,21,25.73,2024-08-13T20:00:00Z,3820,25.706842
25.32,27.21,24.82,2289,25.05,2024-08-14T12:00:00Z,374755,26.272056
25.97,26.495,25.23,1380,25.3,2024-08-14T16:00:00Z,232768,26.102237
25.92,25.95,25.86,12,25.92,2024-08-14T20:00:00Z,2073,25.910674
22.58,24.56,22.5,1538,24.25,2024-08-15T12:00:00Z,261818,23.26312
22.2,22.71,21.92,1595,22.65,2024-08-15T16:00:00Z,315875,22.262788
22.23,22.27,22.23,2,22.27,2024-08-15T20:00:00Z,400,22.26
22.66,23.3,22.14,2117,22.93,2024-08-16T12:00:00Z,286603,22.689905
22.41,22.71,22.21,1105,22.71,2024-08-16T16:00:00Z,188405,22.460336
22.5,22.5,22.39,26,22.39,2024-08-16T20:00:00Z,3836,22.425327
22.69,23.45,22.42,2952,22.57,2024-08-19T12:00:00Z,567260,22.877386
21.305,22.83,21.27,2299,22.74,2024-08-19T16:00:00Z,573278,21.961629
21.35,21.35,21.3,10,21.35,2024-08-19T20:00:00Z,1477,21.331443
21.94,22.58,21.19,3820,21.65,2024-08-20T12:00:00Z,750398,22.024131
22.12,22.61,21.67,2510,21.95,2024-08-20T16:00:00Z,636345,22.097248
22.2,22.2,22.12,17,22.2,2024-08-20T20:00:00Z,2896,22.170281
21.67,21.9,21.03,3575,21.74,2024-08-21T12:00:00Z,761173,21.558385
21.18,21.96,20.87,3324,21.67,2024-08-21T16:00:00Z,668841,21.441726
21.17,21.17,21.17,2,21.17,2024-08-21T20:00:00Z,600,21.17
22.45,22.85,20.63,4381,20.9,2024-08-22T12:00:00Z,741439,21.901107
23.345,23.55,21.815,6695,22.48,2024-08-22T16:00:00Z,1423397,22.760437
23.06,23.22,23.06,6,23.22,2024-08-22T20:00:00Z,1580,23.116
21.91,22.66,21.04,6634,22.3,2024-08-23T12:00:00Z,894177,21.708638
21.54,22.46,21.48,6721,21.87,2024-08-23T16:00:00Z,879956,21.925447
21.55,21.6,21.49,12,21.6,2024-08-23T20:00:00Z,2751,21.558175
23.21,23.35,21.59,3655,21.92,2024-08-26T12:00:00Z,969244,22.619025
23.14,23.39,22.67,2500,23.24,2024-08-26T16:00:00Z,570113,23.055545
23.12,23.12,23.03,10,23.09,2024-08-26T20:00:00Z,1305,23.054167
22.77,24.31,22.47,3322,23.65,2024-08-27T12:00:00Z,784576,23.247189
22.4,22.87,22.17,1720,22.8,2024-08-27T16:00:00Z,453192,22.510037
22.37,22.38,22.37,3,22.38,2024-08-27T20:00:00Z,960,22.371667
23.55,24.3,22.25,3565,22.6,2024-08-28T12:00:00Z,939209,23.337837
23.625,24.27,23.23,3189,23.58,2024-08-28T16:00:00Z,786366,23.659628
24.62,25.5,23.51,42,23.53,2024-08-28T20:00:00Z,6865,24.417922
22.31,23.42,22.14,4373,23.19,2024-08-29T12:00:00Z,1403847,22.503993
23.835,24.18,22.05,6283,22.32,2024-08-29T16:00:00Z,2043955,23.137303
23.67,23.67,23.67,1,23.67,2024-08-29T20:00:00Z,107,23.67
22.83,23.14,21.85,2885,22.21,2024-08-30T12:00:00Z,877881,22.482823
22.04,23.25,22.02,2922,22.93,2024-08-30T16:00:00Z,710346,22.696453
22.16,22.19,22.12,14,22.14,2024-08-30T20:00:00Z,2241,22.152596
25.98,26.0,23.35,3160,23.35,2024-09-03T12:00:00Z,589838,25.253339
27.07,27.445,25.73,4346,25.97,2024-09-03T16:00:00Z,1198961,26.706473
27.25,27.51,27.05,28,27.06,2024-09-03T20:00:00Z,4827,27.285173
26.65,28.22,25.57,3306,28.0,2024-09-04T12:00:00Z,308250,26.671832
26.83,27.39,25.8,2807,26.64,2024-09-04T16:00:00Z,275545,26.543227
26.83,26.93,26.83,14,26.93,2024-09-04T20:00:00Z,2661,26.882756
27.7,28.06,26.03,3291,27.99,2024-09-05T12:00:00Z,525996,27.085294
27.29,27.825,26.7,3837,27.72,2024-09-05T16:00:00Z,799205,27.189264
27.94,27.94,27.29,8,27.29,2024-09-05T20:00:00Z,1554,27.664517
31.03,31.14,27.88,3986,27.895,2024-09-06T12:00:00Z,586272,30.009667
30.83,31.26,30.19,4258,31.04,2024-09-06T16:00:00Z,628032,30.812551
31.2,31.26,30.79,12,30.9,2024-09-06T20:00:00Z,1423,30.988358
29.38,30.55,28.695,2725,29.37,2024-09-09T12:00:00Z,359851,29.841856
28.97,29.87,28.95,2520,29.35,2024-09-09T16:00:00Z,415650,29.379547
30.13,30.13,28.67,1936,29.04,2024-09-10T12:00:00Z,230400,29.473937
28.04,30.29,28.025,2692,30.16,2024-09-10T16:00:00Z,458914,28.915761
28.22,28.25,28.17,10,28.18,2024-09-10T20:00:00Z,1900,28.215789
27.67,29.3,26.92,2902,27.51,2024-09-11T12:00:00Z,456832,28.169149
24.22,27.61,24.04,2717,27.59,2024-09-11T16:00:00Z,570380,25.664861
24.31,24.33,24.27,14,24.27,2024-09-11T20:00:00Z,1925,24.303425
24.95,25.61,23.97,2243,24.52,2024-09-12T12:00:00Z,432701,24.653878
24.58,24.97,23.88,2021,24.935,2024-09-12T16:00:00Z,542258,24.426441
24.46,24.55,24.41,11,24.55,2024-09-12T20:00:00Z,2400,24.4825
23.49,24.1,23.25,1510,24.08,2024-09-13T12:00:00Z,274456,23.563177
23.28,23.7,23.07,2006,23.5,2024-09-13T16:00:00Z,412200,23.319155
23.33,23.35,23.3,21,23.32,2024-09-13T20:00:00Z,3321,23.315689
24.79,24.97,23.85,1993,24.24,2024-09-16T12:00:00Z,316306,24.459111
24.2,25.09,24.14,1727,24.73,2024-09-16T16:00:00Z,326067,24.497124
24.19,24.19,24.12,2,24.12,2024-09-16T20:00:00Z,600,24.166667
23.35,24.29,23.14,1913,23.28,2024-09-17T12:00:00Z,391999,23.487758
24.115,24.75,23.27,3070,23.35,2024-09-17T16:00:00Z,804331,24.275669
24.03,24.12,23.99,23,24.12,2024-09-17T20:00:00Z,3750,24.03579
24.73,24.81,23.75,1629,23.88,2024-09-18T12:00:00Z,303586,24.299046
24.95,24.99,22.8,6451,24.8,2024-09-18T16:00:00Z,1638632,24.013124
24.76,24.96,24.65,24,24.96,2024-09-18T20:00:00Z,4244,24.741061
21.62,22.73,21.35,3110,22.1,2024-09-19T12:00:00Z,838376,21.901515
21.75,21.94,20.71,3565,21.63,2024-09-19T16:00:00Z,1171936,21.262734
21.81,21.81,21.75,13,21.77,2024-09-19T20:00:00Z,2367,21.769486
23.14,23.65,22.21,2837,22.46,2024-09-20T12:00:00Z,491027,23.070519
22.74,23.46,22.57,2105,23.16,2024-09-20T16:00:00Z,417412,23.043395
22.71,22.72,22.67,15,22.69,2024-09-20T20:00:00Z,2224,22.70156
22.61,22.97,22.22,2549,22.45,2024-09-23T12:00:00Z,356148,22.700176
22.485,22.83,22.44,2216,22.62,2024-09-23T16:00:00Z,358457,22.603993
22.55,22.55,22.55,1,22.55,2024-09-23T20:00:00Z,400,22.55
21.27,22.44,21.05,2417,21.64,2024-09-24T12:00:00Z,510208,21.797584
21.44,21.67,21.075,2074,21.275,2024-09-24T16:00:00Z,419226,21.339911
21.36,21.42,21.33,13,21.4,2024-09-24T20:00:00Z,2772,21.383333
21.12,21.69,20.62,3119,21.69,2024-09-25T12:00:00Z,519154,20.928948
21.03,21.44,21.02,3050,21.1,2024-09-25T16:00:00Z,668268,21.220015
20.15,20.52,20.12,10,20.52,2024-09-25T20:00:00Z,2593,20.29506
19.29,20.47,18.26,4708,18.74,2024-09-26T12:00:00Z,1245386,19.327258
18.77,19.88,18.43,2225,19.31,2024-09-26T16:00:00Z,710683,19.058131
18.88,18.88,18.78,5,18.78,2024-09-26T20:00:00Z,1100,18.819091
19.62,19.72,18.62,2180,18.69,2024-09-27T12:00:00Z,461939,19.326254
19.72,19.96,19.39,1880,19.67,2024-09-27T16:00:00Z,616135,19.661385
19.77,19.79,19.72,9,19.72,2024-09-27T20:00:00Z,1800,19.752222
20.52,20.74,19.86,3565,20.74,2024-09-30T12:00:00Z,729713,20.390733
20.265,21.08,20.24,4506,20.52,2024-09-30T16:00:00Z,1192678,20.681407
20.31,20.32,20.24,17,20.3,2024-09-30T20:00:00Z,4007,20.286345
22.08,22.39,20.13,5631,20.19,2024-10-01T12:00:00Z,1727209,21.840381
21.97,22.43,21.38,3989,22.09,2024-10-01T16:00:00Z,1007125,21.892657
21.88,21.89,21.8,3,21.8,2024-10-01T20:00:00Z,800,21.855
20.52,22.23,20.39,4151,21.87,2024-10-02T12:00:00Z,767262,20.81902
21.07,21.1,20.33,3871,20.52,2024-10-02T16:00:00Z,856449,20.75524
20.68,21.16,20.68,27,21.16,2024-10-02T20:00:00Z,4715,20.96395
20.72,21.64,20.07,3322,21.18,2024-10-03T12:00:00Z,882693,20.710621
20.84,21.42,20.67,3630,20.71,2024-10-03T16:00:00Z,969524,21.102957
21.02,21.02,20.91,16,20.93,2024-10-03T20:00:00Z,3200,20.949
20.14,20.76,19.47,2875,20.51,2024-10-04T12:00:00Z,463849,20.272382
20.04,20.54,20.02,3030,20.11,2024-10-04T16:00:00Z,562870,20.21659
20.08,20.08,20.0,25,20.04,2024-10-04T20:00:00Z,5680,20.050707
20.08,20.49,19.96,2401,20.45,2024-10-07T12:00:00Z,517629,20.190583
20.21,20.65,19.75,3135,20.09,2024-10-07T16:00:00Z,845104,20.15473
20.19,20.2,20.17,3,20.2,2024-10-07T20:00:00Z,750,20.180667
19.6,20.6,19.54,1900,20.19,2024-10-08T12:00:00Z,279122,19.810418
19.62,20.06,19.41,1681,19.63,2024-10-08T16:00:00Z,378026,19.657263
19.7,19.7,19.65,9,19.67,2024-10-08T20:00:00Z,1440,19.693611
19.04,20.07,18.98,2576,19.65,2024-10-09T12:00:00Z,485193,19.430215
19.02,19.51,18.94,2060,19.005,2024-10-09T16:00:00Z,449767,19.188767
19.06,19.08,19.03,5,19.03,2024-10-09T20:00:00Z,1500,19.058667
19.15,20.1,19.14,3115,19.77,2024-10-10T12:00:00Z,467844,19.4977
19.41,19.77,19.11,3401,19.16,2024-10-10T16:00:00Z,891719,19.495606
19.46,19.47,19.44,12,19.45,2024-10-10T20:00:00Z,2100,19.457554
18.85,19.89,18.84,2415,19.84,2024-10-11T12:00:00Z,344667,19.094095
18.96,19.05,18.78,1776,18.87,2024-10-11T16:00:00Z,453658,18.879446
19.03,19.06,18.99,19,18.99,2024-10-11T20:00:00Z,4035,19.030297
18.18,18.74,17.88,3097,18.74,2024-10-14T12:00:00Z,907140,18.170842
17.93,18.25,17.8,2175,18.18,2024-10-14T16:00:00Z,789400,17.954946
17.92,17.93,17.87,19,17.93,2024-10-14T20:00:00Z,3840,17.902626
20.18,20.35,17.78,4351,18.18,2024-10-15T12:00:00Z,873838,19.373953
20.71,21.08,20.0,2862,20.14,2024-10-15T16:00:00Z,965551,20.609969
20.69,20.69,20.69,1,20.69,2024-10-15T20:00:00Z,100,20.69
20.57,20.99,19.92,3349,20.25,2024-10-16T12:00:00Z,505034,20.521069
20.71,20.85,20.45,1379,20.53,2024-10-16T16:00:00Z,274810,20.629037
20.66,20.72,20.64,4,20.72,2024-10-16T20:00:00Z,1220,20.674426
19.24,19.91,18.75,3562,19.18,2024-10-17T12:00:00Z,562148,19.47076
20.23,20.23,19.17,1712,19.24,2024-10-17T16:00:00Z,315329,19.540983
20.13,20.26,20.09,16,20.19,2024-10-17T20:00:00Z,3140,20.15129
20.2,20.25,19.63,3184,19.8,2024-10-18T12:00:00Z,580527,19.982507
20.23,20.45,20.18,2427,20.23,2024-10-18T16:00:00Z,502150,20.298113
20.24,20.24,20.22,7,20.24,2024-10-18T20:00:00Z,2300,20.228696
20.76,21.12,20.17,1828,20.48,2024-10-21T12:00:00Z,615753,20.668327
20.33,20.97,20.33,1121,20.74,2024-10-21T16:00:00Z,425176,20.703162
20.28,20.33,20.28,2,20.33,2024-10-21T20:00:00Z,525,20.291905
20.88,21.07,20.64,2312,20.69,2024-10-22T12:00:00Z,908622,20.834067
20.58,21.04,20.38,1609,20.89,2024-10-22T16:00:00Z,806594,20.627435
20.41,20.7,20.41,10,20.7,2024-10-22T20:00:00Z,2200,20.601446
20.72,21.07,20.48,1983,20.75,2024-10-23T12:00:00Z,622328,20.73715
21.12,22.0,20.75,2533,20.75,2024-10-23T16:00:00Z,1319899,21.389282
20.68,21.04,20.68,14,21.04,2024-10-23T20:00:00Z,2881,20.831905
20.94,21.13,20.53,1673,20.65,2024-10-24T12:00:00Z,649870,20.844987
20.81,21.27,20.71,1201,20.96,2024-10-24T16:00:00Z,629445,20.947343
20.81,20.81,20.76,7,20.76,2024-10-24T20:00:00Z,1250,20.779167
19.42,20.26,19.26,3141,20.25,2024-10-25T12:00:00Z,611092,19.537837
20.19,20.2,19.29,2697,19.465,2024-10-25T16:00:00Z,835962,19.874406
20.16,20.16,20.11,20,20.11,2024-10-25T20:00:00Z,4336,20.132619
20.02,20.5,19.775,1960,20.22,2024-10-28T12:00:00Z,526018,19.971697
20.18,20.22,19.83,1367,20.02,2024-10-28T16:00:00Z,619037,20.086292
20.11,20.15,20.09,3,20.15,2024-10-28T20:00:00Z,900,20.125556
19.37,20.4,19.37,2173,20.1,2024-10-29T12:00:00Z,585118,19.714378
18.7,19.4,18.43,2386,19.35,2024-10-29T16:00:00Z,997714,18.977178
19.42,19.42,19.25,2,19.25,2024-10-29T20:00:00Z,200,19.335
20.29,20.55,19.82,2375,20.18,2024-10-30T12:00:00Z,408684,20.139942
20.69,20.7,20.19,1852,20.3,2024-10-30T16:00:00Z,592760,20.487921
23.24,23.41,21.27,3287,21.27,2024-10-31T12:00:00Z,705908,22.883497
23.12,23.55,22.84,2410,23.23,2024-10-31T16:00:00Z,627121,23.237717
22.67,22.88,22.67,9,22.84,2024-10-31T20:00:00Z,1417,22.816154
21.96,22.81,21.68,2595,22.64,2024-11-01T12:00:00Z,411089,22.108616
22.4,22.59,21.79,1713,21.97,2024-11-01T16:00:00Z,368403,22.202996
22.28,22.39,22.28,10,22.39,2024-11-01T20:00:00Z,2100,22.327143
22.19,23.04,22.0,877,22.67,2024-11-04T12:00:00Z,148390,22.433652
22.42,22.69,21.86,1229,22.14,2024-11-04T16:00:00Z,239737,22.300913
22.7,22.865,22.44,445,22.47,2024-11-04T20:00:00Z,124803,22.685745
22.36,22.84,21.95,1128,22.75,2024-11-05T12:00:00Z,219213,22.247261
22.42,22.45,21.98,1478,22.34,2024-11-05T16:00:00Z,440434,22.17972
21.92,22.49,21.92,551,22.49,2024-11-05T20:00:00Z,162593,22.16914
20.885,21.29,20.28,1846,20.65,2024-11-06T12:00:00Z,323896,20.809842
20.05,21.01,20.03,1941,20.88,2024-11-06T16:00:00Z,323610,20.415617
19.96,20.16,19.72,676,20.06,2024-11-06T20:00:00Z,131843,20.024934
18.94,19.31,18.8,1533,19.175,2024-11-07T12:00:00Z,348353,19.030281
18.85,19.18,18.85,1400,18.94,2024-11-07T16:00:00Z,357686,18.977874
18.89,18.94,18.8,734,18.89,2024-11-07T20:00:00Z,150338,18.862605
19.27,19.58,18.87,1147,19.22,2024-11-08T12:00:00Z,236182,19.304291
19.43,19.51,19.23,922,19.305,2024-11-08T16:00:00Z,270147,19.373562
19.3,19.51,19.275,487,19.47,2024-11-08T20:00:00Z,142420,19.406929
20.67,21.22,19.58,1668,19.59,2024-11-11T12:00:00Z,520996,20.773401
21.11,21.45,20.7,1353,20.71,2024-11-11T16:00:00Z,686105,21.193055
20.75,21.12,20.73,526,21.11,2024-11-11T20:00:00Z,230123,20.866487
21.49,21.49,20.89,1156,20.93,2024-11-12T12:00:00Z,269821,21.123193
21.62,22.27,21.44,1754,21.47,2024-11-12T16:00:00Z,543903,21.820554
21.42,21.64,21.42,697,21.61,2024-11-12T20:00:00Z,195301,21.515546
22.58,22.71,21.66,1446,22.19,2024-11-13T12:00:00Z,360783,22.33218
22.65,22.88,22.36,1595,22.55,2024-11-13T16:00:00Z,667521,22.642024
22.75,22.92,22.56,517,22.64,2024-11-13T20:00:00Z,212959,22.700132
22.42,22.6,21.92,1298,22.2,2024-11-14T12:00:00Z,267858,22.28566
22.62,22.92,22.24,1112,22.37,2024-11-14T16:00:00Z,370830,22.577357
23.04,23.12,22.62,936,22.62,2024-11-14T20:00:00Z,277965,22.886097
24.55,24.64,23.73,1773,23.73,2024-11-15T12:00:00Z,423280,24.261369
25.15,25.32,24.5,1767,24.53,2024-11-15T16:00:00Z,584177,24.936219
25.0,25.31,25.0,996,25.14,2024-11-15T20:00:00Z,270060,25.173333
24.41,25.46,24.28,1256,25.13,2024-11-18T12:00:00Z,265753,24.855638
24.29,24.64,24.03,1203,24.41,2024-11-18T16:00:00Z,304138,24.336909
24.13,24.35,24.03,595,24.3,2024-11-18T20:00:00Z,170186,24.196671
24.29,24.67,24.14,614,24.48,2024-11-19T12:00:00Z,99742,24.395237
24.07,24.64,23.87,1062,24.28,2024-11-19T16:00:00Z,195211,24.234703
24.0,24.16,24.0,358,24.12,2024-11-19T20:00:00Z,62267,24.082601
24.88,25.55,24.3,1126,24.445,2024-11-20T12:00:00Z,190711,25.043213
25.42,25.625,24.81,1226,24.92,2024-11-20T16:00:00Z,351504,25.264739
24.94,25.56,24.61,402,25.46,2024-11-20T20:00:00Z,146807,24.936396
24.27,25.23,23.34,1398,23.77,2024-11-21T12:00:00Z,281273,24.478807
23.32,24.365,23.05,2029,24.25,2024-11-21T16:00:00Z,514614,23.598596
23.56,23.6,23.085,557,23.3,2024-11-21T20:00:00Z,143967,23.356916
23.55,23.92,23.3,1198,23.63,2024-11-22T12:00:00Z,231637,23.615399
23.5,23.96,23.39,1385,23.53,2024-11-22T16:00:00Z,217686,23.648579
23.38,23.73,23.38,469,23.54,2024-11-22T20:00:00Z,108436,23.599154
22.68,23.23,22.33,587,22.54,2024-11-25T12:00:00Z,115762,22.809127
22.63,22.97,22.13,891,22.66,2024-11-25T16:00:00Z,214430,22.521911
22.61,22.83,22.49,423,22.65,2024-11-25T20:00:00Z,135676,22.726898
23.4,23.42,22.04,734,22.04,2024-11-26T12:00:00Z,83354,22.976073
24.08,24.1,23.31,980,23.41,2024-11-26T16:00:00Z,192847,23.802133
23.55,24.19,23.55,351,24.09,2024-11-26T20:00:00Z,114820,23.858017
25.33,25.61,24.0,1100,24.04,2024-11-27T12:00:00Z,170898,25.022598
24.75,25.82,24.69,1999,25.36,2024-11-27T16:00:00Z,620137,25.38607
24.66,24.96,24.61,532,24.74,2024-11-27T20:00:00Z,166321,24.761031
23.05,24.36,22.91,830,24.24,2024-11-29T12:00:00Z,104781,23.264138
23.66,23.67,22.78,1093,23.07,2024-11-29T16:00:00Z,210771,23.278561
22.4,23.52,22.19,816,23.44,2024-12-02T12:00:00Z,151798,22.51982
21.83,22.35,21.38,1494,22.35,2024-12-02T16:00:00Z,477099,21.764277
21.9,21.98,21.6,490,21.88,2024-12-02T20:00:00Z,192866,21.747396
22.07,22.4,21.6,513,21.64,2024-12-03T12:00:00Z,142863,22.126911
22.22,22.39,21.9,782,22.06,2024-12-03T16:00:00Z,304187,22.192146
21.88,22.405,21.88,290,22.22,2024-12-03T20:00:00Z,123682,22.265251
21.45,21.83,20.86,781,20.86,2024-12-04T12:00:00Z,227481,21.419914
21.39,21.5,21.21,982,21.45,2024-12-04T16:00:00Z,334522,21.323133
21.39,21.47,21.28,249,21.41,2024-12-04T20:00:00Z,123833,21.362658
22.04,22.29,21.36,507,21.49,2024-12-05T12:00:00Z,125427,21.89877
22.64,22.7,21.94,317,22.06,2024-12-05T16:00:00Z,145483,22.293085
22.55,22.72,22.48,134,22.52,2024-12-05T20:00:00Z,59643,22.616661
22.09,22.72,22.0,613,22.57,2024-12-06T12:00:00Z,195126,22.257854
22.13,22.47,22.01,537,22.075,2024-12-06T16:00:00Z,247531,22.223494
22.16,22.26,22.105,167,22.18,2024-12-06T20:00:00Z,73827,22.173475
22.055,22.86,21.66,750,22.59,2024-12-09T12:00:00Z,142081,22.076565
22.53,22.69,21.97,346,22.06,2024-12-09T16:00:00Z,121089,22.347985
22.43,22.67,22.43,145,22.5,2024-12-09T20:00:00Z,59265,22.559954
23.38,23.39,22.26,474,22.35,2024-12-10T12:00:00Z,158005,23.037977
24.01,24.17,23.34,810,23.37,2024-12-10T16:00:00Z,355386,23.903538
24.04,24.51,24.01,282,24.01,2024-12-10T20:00:00Z,173374,24.272849
23.31,23.45,22.44,448,23.11,2024-12-11T12:00:00Z,128102,22.92767
22.25,23.27,22.17,544,23.27,2024-12-11T16:00:00Z,202308,22.592851
22.4,22.42,21.87,250,22.28,2024-12-11T20:00:00Z,124683,22.176148
22.94,23.3,22.55,623,22.89,2024-12-12T12:00:00Z,209126,22.959457
22.8,23.36,22.745,497,22.95,2024-12-12T16:00:00Z,278299,23.033987
22.65,22.95,22.65,226,22.79,2024-12-12T20:00:00Z,137470,22.855463
21.88,21.88,20.54,795,21.36,2024-12-13T12:00:00Z,179105,21.086056
20.905,21.92,20.9,640,21.885,2024-12-13T16:00:00Z,181296,21.364115
20.94,21.09,20.65,196,20.9,2024-12-13T20:00:00Z,62313,20.905361
20.34,21.21,19.86,1017,20.73,2024-12-16T12:00:00Z,352789,20.322618
19.64,20.41,19.49,715,20.35,2024-12-16T16:00:00Z,245029,19.859547
19.77,19.79,19.54,295,19.62,2024-12-16T20:00:00Z,125656,19.643217
20.79,20.89,20.04,775,20.13,2024-12-17T12:00:00Z,325838,20.561848
20.835,20.96,20.3,747,20.78,2024-12-17T16:00:00Z,419538,20.623341
20.59,20.93,20.59,239,20.85,2024-12-17T20:00:00Z,176576,20.729956
19.99,20.45,19.74,479,20.2,2024-12-18T12:00:00Z,199065,19.998489
21.54,21.56,19.8,1085,20.02,2024-12-18T16:00:00Z,426901,20.52834
23.52,24.17,21.47,1991,21.54,2024-12-18T20:00:00Z,992258,22.576016
23.57,23.96,22.66,1402,22.77,2024-12-19T12:00:00Z,499528,23.415145
23.905,23.91,23.07,1223,23.58,2024-12-19T16:00:00Z,484191,23.582743
23.89,24.23,23.6,547,23.88,2024-12-19T20:00:00Z,259045,23.970444
23.095,25.29,22.93,1246,25.26,2024-12-20T12:00:00Z,326633,23.806636
22.52,23.15,22.135,1048,23.12,2024-12-20T16:00:00Z,188489,22.58136
23.08,23.25,22.47,414,22.53,2024-12-20T20:00:00Z,103725,22.881399
21.75,22.29,21.22,368,22.14,2024-12-23T12:00:00Z,105283,21.590324
20.35,20.74,20.3,595,20.35,2024-12-24T12:00:00Z,127910,20.440045
20.17,20.51,20.12,435,20.35,2024-12-24T16:00:00Z,129008,20.339661
19.94,20.65,19.94,421,20.57,2024-12-26T12:00:00Z,107023,20.266084
19.92,20.07,19.78,358,19.93,2024-12-26T16:00:00Z,119355,19.930458
20.2,20.21,19.87,210,19.94,2024-12-26T20:00:00Z,48119,20.012287
21.07,21.44,20.37,1572,20.37,2024-12-27T12:00:00Z,362858,21.062528
20.56,21.26,20.535,1150,21.09,2024-12-27T16:00:00Z,299878,21.000558
20.63,20.97,20.62,406,20.62,2024-12-27T20:00:00Z,118914,20.7976
21.94,22.36,21.46,1479,21.46,2024-12-30T12:00:00Z,545593,22.074519
21.6,22.09,21.36,1470,21.94,2024-12-30T16:00:00Z,778172,21.683546
21.99,22.09,21.63,366,21.65,2024-12-30T20:00:00Z,205278,21.826527
21.93,22.21,21.47,474,21.79,2024-12-31T12:00:00Z,164594,21.860782
22.43,22.74,21.9,943,21.9,2024-12-31T16:00:00Z,377299,22.359618
22.45,22.55,22.17,448,22.44,2024-12-31T20:00:00Z,241091,22.393099
21.65,22.06,21.03,1385,21.78,2025-01-02T12:00:00Z,666424,21.558604
22.47,22.67,21.32,2149,21.6,2025-01-02T16:00:00Z,1118004,22.119223
22.1,22.37,21.92,520,22.37,2025-01-02T20:00:00Z,285152,22.101747
21.15,21.77,21.13,1038,21.635,2025-01-03T12:00:00Z,424443,21.374124
20.32,21.235,20.22,1069,21.16,2025-01-03T16:00:00Z,474664,20.728906
20.52,20.56,20.29,363,20.36,2025-01-03T20:00:00Z,194900,20.401462
18.22,19.045,17.86,1768,19.045,2025-01-06T12:00:00Z,524613,18.163035
18.69,18.69,17.9,919,18.165,2025-01-06T16:00:00Z,343667,18.201487
18.48,18.78,18.425,347,18.75,2025-01-06T20:00:00Z,131868,18.605362
18.5,19.25,17.945,1225,18.16,2025-01-07T12:00:00Z,616743,18.621566
18.96,19.04,18.33,723,18.5,2025-01-07T16:00:00Z,334968,18.713553
19.21,19.69,18.96,480,18.96,2025-01-07T20:00:00Z,330681,19.345334
19.94,20.46,19.49,1344,19.625,2025-01-08T12:00:00Z,436871,20.062111
20.12,20.62,19.74,1264,19.94,2025-01-08T16:00:00Z,609579,20.171077
20.19,20.23,19.97,277,20.11,2025-01-08T20:00:00Z,148239,20.101127
21.4,21.81,20.33,1341,20.33,2025-01-10T12:00:00Z,463870,21.356149
21.22,21.83,21.0,958,21.39,2025-01-10T16:00:00Z,602676,21.440538
21.44,21.57,21.13,357,21.22,2025-01-10T20:00:00Z,213341,21.405796
22.23,22.79,21.78,984,22.54,2025-01-13T12:00:00Z,326599,22.214769
21.76,22.4,21.7,742,22.22,2025-01-13T16:00:00Z,351330,22.050516
21.46,21.89,21.46,275,21.8,2025-01-13T20:00:00Z,125466,21.752833
21.61,21.65,20.71,678,20.94,2025-01-14T12:00:00Z,199778,21.201759
21.69,22.07,21.18,779,21.62,2025-01-14T16:00:00Z,257219,21.67475
21.06,21.955,21.05,267,21.66,2025-01-14T20:00:00Z,92193,21.652976
19.89,20.45,19.62,1024,20.06,2025-01-15T12:00:00Z,251767,19.834757
19.855,20.31,19.73,755,19.88,2025-01-15T16:00:00Z,270791,20.000705
19.98,19.99,19.695,405,19.855,2025-01-15T20:00:00Z,155826,19.842264
19.13,19.81,18.91,798,19.32,2025-01-16T12:00:00Z,269499,19.442344
19.285,19.52,18.8,956,19.1,2025-01-16T16:00:00Z,411608,19.111263
19.91,19.97,19.2,379,19.31,2025-01-16T20:00:00Z,176300,19.571031
18.51,18.94,18.5,1070,18.71,2025-01-17T12:00:00Z,518703,18.698447
18.43,18.67,18.29,683,18.51,2025-01-17T16:00:00Z,363952,18.454376
18.33,18.56,18.18,371,18.46,2025-01-17T20:00:00Z,206623,18.303273
17.96,18.29,17.75,1049,17.75,2025-01-21T12:00:00Z,368362,18.01576
17.31,18.07,17.17,1284,17.99,2025-01-21T16:00:00Z,525401,17.506366
17.6,17.65,17.26,288,17.34,2025-01-21T20:00:00Z,179372,17.451188
16.75,17.21,16.47,900,17.06,2025-01-22T12:00:00Z,326278,16.661957
16.67,16.79,16.35,865,16.77,2025-01-22T16:00:00Z,394875,16.524631
16.88,16.9,16.72,328,16.73,2025-01-22T20:00:00Z,209704,16.786153
17.51,17.9,17.48,729,17.55,2025-01-23T12:00:00Z,268704,17.702878
17.32,17.59,17.24,729,17.51,2025-01-23T16:00:00Z,401296,17.399916
17.19,17.34,17.015,372,17.34,2025-01-23T20:00:00Z,195025,17.192379
17.63,17.65,17.0,1070,17.28,2025-01-24T12:00:00Z,382223,17.465762
18.11,18.26,17.52,993,17.65,2025-01-24T16:00:00Z,599254,17.898006
18.09,18.165,18.0,537,18.12,2025-01-24T20:00:00Z,288769,18.095078
21.44,21.44,20.29,3539,20.5,2025-01-27T12:00:00Z,1086354,21.050223
22.86,22.98,21.38,3869,21.43,2025-01-27T16:00:00Z,1268863,22.11885
21.75,22.83,21.75,1145,22.82,2025-01-27T20:00:00Z,335268,22.443677
22.77,23.45,21.73,2091,21.8,2025-01-28T12:00:00Z,539896,22.788044
21.72,23.15,21.65,1568,22.71,2025-01-28T16:00:00Z,566518,22.449282
22.0,22.07,21.62,624,21.715,2025-01-28T20:00:00Z,241259,21.865511
21.94,22.1,21.18,1029,21.24,2025-01-29T12:00:00Z,242984,21.629504
21.82,22.44,21.6,2003,21.92,2025-01-29T16:00:00Z,673403,22.02796
21.24,22.12,21.24,703,21.83,2025-01-29T20:00:00Z,263401,21.859629
21.16,21.35,20.68,1421,20.83,2025-01-30T12:00:00Z,315068,21.03106
20.36,21.3,20.32,1329,21.24,2025-01-30T16:00:00Z,384857,20.773373
20.45,20.9,20.07,945,20.36,2025-01-30T20:00:00Z,345058,20.558675
19.13,20.36,19.0,2133,20.03,2025-01-31T12:00:00Z,722582,19.556853
20.18,20.53,18.93,3549,19.14,2025-01-31T16:00:00Z,1537982,19.680165
20.62,20.82,20.22,1525,20.22,2025-01-31T20:00:00Z,704603,20.58888
21.24,22.67,21.0,2711,22.28,2025-02-03T12:00:00Z,766386,21.938389
21.29,21.81,21.12,2850,21.3,2025-02-03T16:00:00Z,1146352,21.492738
21.76,21.76,21.24,534,21.28,2025-02-03T20:00:00Z,307433,21.553092
21.21,22.02,20.83,1177,21.92,2025-02-04T12:00:00Z,299354,21.262692
21.29,21.49,20.89,1130,21.18,2025-02-04T16:00:00Z,413468,21.195415
21.11,21.355,21.04,492,21.28,2025-02-04T20:00:00Z,195241,21.230469
20.84,21.69,20.75,1122,21.265,2025-02-05T12:00:00Z,252987,21.217675
20.1,20.87,19.96,955,20.83,2025-02-05T16:00:00Z,317619,20.266062
20.05,20.16,19.77,356,20.09,2025-02-05T20:00:00Z,154100,19.965005
20.39,20.61,19.89,1208,20.31,2025-02-06T12:00:00Z,325506,20.289853
20.55,20.62,20.07,777,20.37,2025-02-06T16:00:00Z,296232,20.363233
19.84,20.55,19.83,319,20.53,2025-02-06T20:00:00Z,115776,20.196643
20.71,21.0,19.55,2458,19.85,2025-02-07T12:00:00Z,674463,20.506974
21.06,21.335,20.67,2707,20.69,2025-02-07T16:00:00Z,1029466,21.042694
20.945,21.24,20.87,550,21.06,2025-02-07T20:00:00Z,202217,21.06215
20.41,20.49,20.06,928,20.455,2025-02-10T12:00:00Z,186618,20.258544
20.12,20.47,19.99,925,20.38,2025-02-10T16:00:00Z,265598,20.186972
20.12,20.17,19.995,408,20.15,2025-02-10T20:00:00Z,122835,20.086244
19.905,20.69,19.78,1014,20.69,2025-02-11T12:00:00Z,268308,19.995333
19.92,20.28,19.74,934,19.86,2025-02-11T16:00:00Z,354857,19.976041
20.09,20.16,19.88,300,19.89,2025-02-11T20:00:00Z,131185,20.069524
20.62,21.17,19.83,1433,19.83,2025-02-12T12:00:00Z,370308,20.625433
20.17,20.88,20.12,1430,20.625,2025-02-12T16:00:00Z,649656,20.423942
20.03,20.19,20.01,508,20.14,2025-02-12T20:00:00Z,257480,20.082627
19.49,20.2,19.39,1661,20.11,2025-02-13T12:00:00Z,551603,19.608178
19.48,19.86,19.34,1772,19.48,2025-02-13T16:00:00Z,698033,19.585421
19.305,19.51,19.27,638,19.5,2025-02-13T20:00:00Z,297194,19.38041
19.25,19.53,19.16,974,19.41,2025-02-14T12:00:00Z,301351,19.354408
19.44,19.57,19.105,623,19.23,2025-02-14T16:00:00Z,216397,19.34126
19.29,19.47,19.24,323,19.47,2025-02-14T20:00:00Z,140591,19.311529
18.64,19.17,18.33,1089,18.81,2025-02-18T12:00:00Z,322140,18.756174
18.22,18.67,18.18,1300,18.64,2025-02-18T16:00:00Z,521205,18.424101
18.37,18.44,18.16,454,18.28,2025-02-18T20:00:00Z,273396,18.313284
17.91,18.44,17.76,1488,18.21,2025-02-19T12:00:00Z,468180,18.066913
17.215,17.915,17.17,1863,17.9,2025-02-19T16:00:00Z,747985,17.543397
17.55,17.6,17.23,706,17.23,2025-02-19T20:00:00Z,448376,17.411091
17.83,17.83,16.785,1559,17.31,2025-02-20T12:00:00Z,615376,17.362078
17.31,17.82,17.3,829,17.79,2025-02-20T16:00:00Z,525843,17.572365
17.3,17.525,17.275,387,17.32,2025-02-20T20:00:00Z,213591,17.36949
17.97,18.06,17.12,1132,17.2,2025-02-21T12:00:00Z,358100,17.577213
19.005,19.1,17.93,2219,17.95,2025-02-21T16:00:00Z,1272980,18.626318
18.86,19.05,18.78,1131,19.0,2025-02-21T20:00:00Z,557864,18.875027
19.67,20.0,18.58,2910,18.58,2025-02-24T12:00:00Z,1174665,19.456146
19.64,19.73,18.99,1516,19.65,2025-02-24T16:00:00Z,780771,19.317139
20.19,20.29,19.61,1117,19.61,2025-02-24T20:00:00Z,715559,19.911187
21.04,21.54,20.03,3420,20.19,2025-02-25T12:00:00Z,1234809,20.945619
21.34,21.53,20.77,3117,21.06,2025-02-25T16:00:00Z,1588243,21.215309
21.39,21.69,21.04,1255,21.36,2025-02-25T20:00:00Z,836178,21.377298
20.34,20.93,20.29,1410,20.73,2025-02-26T12:00:00Z,338253,20.508473
20.91,21.1,19.84,2758,20.3,2025-02-26T16:00:00Z,969843,20.433677
20.45,20.93,19.91,780,20.9,2025-02-26T20:00:00Z,242493,20.526919
21.89,22.11,19.83,2898,19.83,2025-02-27T12:00:00Z,837165,21.396105
22.7,22.83,21.54,3167,21.89,2025-02-27T16:00:00Z,1326033,22.061684
24.06,24.06,22.64,2469,22.69,2025-02-27T20:00:00Z,1199669,23.385941
22.75,24.75,22.32,3232,23.91,2025-02-28T12:00:00Z,818833,23.390516
23.5,24.49,22.67,4203,22.74,2025-02-28T16:00:00Z,1206336,23.579751
22.85,23.72,22.84,1594,23.52,2025-02-28T20:00:00Z,584360,23.310779
22.83,23.91,21.85,3274,21.85,2025-03-03T12:00:00Z,961140,23.087227
24.57,24.59,22.5,4337,22.83,2025-03-03T16:00:00Z,1779133,23.633828
25.29,25.91,24.56,3828,24.56,2025-03-03T20:00:00Z,1793682,25.475319
26.07,26.97,24.49,3966,25.92,2025-03-04T12:00:00Z,769896,25.910764
23.54,26.59,23.5,5162,26.12,2025-03-04T16:00:00Z,737513,25.020491
24.15,25.27,22.83,2448,23.6,2025-03-04T20:00:00Z,546147,24.080791
24.65,25.2,23.86,3438,23.95,2025-03-05T12:00:00Z,698284,24.659677
23.48,25.5,23.27,5458,24.67,2025-03-05T16:00:00Z,1536716,24.401251
23.93,23.93,23.06,1154,23.5,2025-03-05T20:00:00Z,362086,23.317817
24.87,26.15,24.28,3861,25.69,2025-03-06T12:00:00Z,544167,24.951406
26.19,26.41,24.57,5408,24.85,2025-03-06T16:00:00Z,1315767,25.760304
25.01,26.31,25.01,2173,26.22,2025-03-06T20:00:00Z,590245,26.031908
25.79,26.58,24.87,2224,25.38,2025-03-07T12:00:00Z,379565,25.60376
24.32,26.85,23.88,2815,25.82,2025-03-07T16:00:00Z,537512,25.566939
24.08,24.55,23.65,673,24.4,2025-03-07T20:00:00Z,154864,24.129162
28.44,29.45,26.57,3556,26.57,2025-03-11T12:00:00Z,536743,28.186447
28.21,29.345,26.45,3915,28.44,2025-03-11T16:00:00Z,634816,27.933001
28.3,28.4,28.22,4,28.22,2025-03-11T20:00:00Z,1000,28.364
26.0,27.26,25.33,1662,26.08,2025-03-12T12:00:00Z,460525,26.195412
26.47,26.88,25.58,1551,26.07,2025-03-12T16:00:00Z,399819,26.184643
26.3,26.55,26.22,8,26.55,2025-03-12T20:00:00Z,1560,26.329452
26.72,26.83,25.22,1768,26.49,2025-03-13T12:00:00Z,349631,26.102599
26.89,27.65,26.18,1374,26.69,2025-03-13T16:00:00Z,307096,26.864522
26.72,26.72,26.72,1,26.72,2025-03-13T20:00:00Z,100,26.72
24.63,25.56,24.4,1491,25.3,2025-03-14T12:00:00Z,237702,24.964893
24.395,24.89,24.2,1440,24.62,2025-03-14T16:00:00Z,319814,24.582264
24.58,24.61,24.46,10,24.46,2025-03-14T20:00:00Z,2200,24.541364
23.85,24.75,23.41,1381,24.44,2025-03-17T12:00:00Z,286985,23.83645
23.17,24.15,22.6,1422,23.85,2025-03-17T16:00:00Z,363697,23.163212
23.23,23.26,23.18,8,23.18,2025-03-17T20:00:00Z,2000,23.238
24.45,24.56,23.48,1385,23.49,2025-03-18T12:00:00Z,280951,24.225209
24.17,24.51,23.64,1314,24.51,2025-03-18T16:00:00Z,353346,24.069688
24.06,24.12,24.01,4,24.02,2025-03-18T20:00:00Z,1400,24.042857
23.65,24.7,23.58,835,24.31,2025-03-19T12:00:00Z,132669,24.077226
23.56,24.21,22.41,2164,23.61,2025-03-19T16:00:00Z,516518,23.331605
23.6,23.6,23.48,5,23.5,2025-03-19T20:00:00Z,1400,23.522143
23.605,24.52,23.38,890,24.46,2025-03-20T12:00:00Z,148204,23.758772
24.15,24.42,23.39,1085,23.59,2025-03-20T16:00:00Z,268110,24.110851
25.65,25.97,25.2,965,25.59,2025-03-21T12:00:00Z,205957,25.560708
24.92,25.72,24.66,1367,25.62,2025-03-21T16:00:00Z,420974,24.989632
24.85,24.94,24.85,9,24.94,2025-03-21T20:00:00Z,2080,24.898543
22.545,23.45,22.21,2382,23.44,2025-03-24T12:00:00Z,841088,22.711982
22.73,22.85,22.24,1422,22.49,2025-03-24T16:00:00Z,613300,22.537429
22.66,22.66,22.66,2,22.66,2025-03-24T20:00:00Z,570,22.66
22.75,22.97,22.43,930,22.44,2025-03-25T12:00:00Z,356928,22.712403
22.93,23.12,22.63,683,22.69,2025-03-25T16:00:00Z,307756,22.915095
22.85,22.95,22.85,3,22.95,2025-03-25T20:00:00Z,500,22.87
24.64,24.7,22.98,2282,23.06,2025-03-26T12:00:00Z,877578,23.999145
24.895,25.54,24.62,2632,24.65,2025-03-26T16:00:00Z,1123584,25.140829
25.02,25.02,24.95,3,24.96,2025-03-26T20:00:00Z,900,24.982222
26.51,26.79,25.4,3152,25.45,2025-03-27T12:00:00Z,949202,26.052561
26.34,26.77,25.72,2374,26.52,2025-03-27T16:00:00Z,998484,26.30006
26.31,26.41,26.31,8,26.35,2025-03-27T20:00:00Z,1850,26.385556
28.77,28.77,26.53,3154,26.56,2025-03-28T12:00:00Z,833407,27.813873
28.87,29.26,28.36,3001,28.78,2025-03-28T16:00:00Z,984251,28.914928
29.14,29.14,28.89,12,28.9,2025-03-28T20:00:00Z,3600,28.932778
30.75,31.78,30.32,3459,30.84,2025-03-31T12:00:00Z,719265,30.790507
29.08,30.93,28.94,2466,30.71,2025-03-31T16:00:00Z,715754,29.891522
29.12,31.03,29.01,3251,29.39,2025-04-01T12:00:00Z,639194,29.845834
28.96,30.65,28.92,3331,29.13,2025-04-01T16:00:00Z,872622,29.788832
28.77,30.59,28.54,2417,29.97,2025-04-02T12:00:00Z,443021,29.366213
28.38,29.17,27.3,2616,28.825,2025-04-02T16:00:00Z,582271,28.364475
30.28,30.31,26.82,77,27.36,2025-04-02T20:00:00Z,14735,27.658866
35.66,35.7,32.19,5271,32.47,2025-04-03T12:00:00Z,960144,33.813578
37.15,37.15,35.21,4044,35.7,2025-04-03T16:00:00Z,540789,36.226866
37.06,37.06,37.06,1,37.06,2025-04-03T20:00:00Z,100,37.06
44.34,47.37,40.06,9250,41.88,2025-04-04T12:00:00Z,1447803,43.601201
45.64,45.89,43.28,8212,44.33,2025-04-04T16:00:00Z,1225391,44.850774
45.8,45.8,45.8,1,45.8,2025-04-04T20:00:00Z,100,45.8
44.9,53.4,34.615,6496,50.28,2025-04-07T12:00:00Z,985643,46.097413
42.32,46.62,40.105,4157,45.01,2025-04-07T16:00:00Z,728779,43.676725
38.18,39.37,35.51,4125,38.41,2025-04-08T12:00:00Z,605957,37.371056
47.225,50.15,37.67,4997,38.24,2025-04-08T16:00:00Z,721935,44.027728
46.71,46.71,46.21,3,46.21,2025-04-08T20:00:00Z,400,46.465
45.46,49.71,43.31,5416,49.44,2025-04-09T12:00:00Z,730844,45.214092
20.66,45.645,19.11,7752,45.42,2025-04-09T16:00:00Z,1290813,27.309949
21.07,21.07,20.8,6,20.8,2025-04-09T20:00:00Z,1291,20.973414
26.07,26.29,22.18,6152,22.47,2025-04-10T12:00:00Z,1264737,24.566473
25.56,27.63,25.02,6669,26.12,2025-04-10T16:00:00Z,1343456,26.301353
25.67,27.44,24.8,4043,25.16,2025-04-11T12:00:00Z,738038,26.169604
23.83,25.875,23.51,3843,25.56,2025-04-11T16:00:00Z,581096,24.346735
23.83,23.9,23.78,31,23.83,2025-04-11T20:00:00Z,8000,23.867375
24.2,24.41,21.64,2179,22.5,2025-04-14T12:00:00Z,322852,22.882102
23.39,24.51,22.44,2704,24.27,2025-04-14T16:00:00Z,406253,23.3448
23.53,23.91,23.3,24,23.3,2025-04-14T20:00:00Z,4302,23.5855
22.75,23.8,22.17,1780,23.62,2025-04-15T12:00:00Z,411626,22.819492
23.11,23.49,22.4,1234,22.72,2025-04-15T16:00:00Z,285274,22.960895
23.18,23.18,23.08,15,23.17,2025-04-15T20:00:00Z,4311,23.101211
25.71,26.36,24.96,1900,25.58,2025-04-16T12:00:00Z,361172,25.476042
25.84,28.06,25.51,3587,25.63,2025-04-16T16:00:00Z,821677,26.61612
26.84,27.01,24.61,1686,24.76,2025-04-17T12:00:00Z,309585,26.293188
26.255,27.07,25.6,2049,26.82,2025-04-17T16:00:00Z,334780,26.371582
26.1,26.17,26.08,13,26.15,2025-04-17T20:00:00Z,3059,26.126638
29.26,29.28,27.68,1312,27.98,2025-04-21T12:00:00Z,174092,28.420313
27.69,29.23,27.55,1112,29.1,2025-04-21T16:00:00Z,199301,28.63664
27.75,27.75,27.71,5,27.71,2025-04-21T20:00:00Z,1300,27.717692
26.24,27.14,25.71,1608,27.04,2025-04-22T12:00:00Z,272276,26.318556
26.07,27.11,25.42,1962,26.18,2025-04-22T16:00:00Z,335538,26.270083
26.19,26.22,26.19,3,26.22,2025-04-22T20:00:00Z,555,26.203784
22.57,23.33,21.3,5818,23.33,2025-04-23T12:00:00Z,1205074,21.863623
23.06,23.46,21.8,1940,22.58,2025-04-23T16:00:00Z,384697,22.505301
22.14,22.9,22.14,6,22.9,2025-04-23T20:00:00Z,400,22.593175
19.96,21.97,19.725,2990,21.94,2025-04-24T12:00:00Z,629608,20.218186
19.04,19.97,19.0,1633,19.96,2025-04-24T16:00:00Z,290647,19.330629
19.35,19.36,19.1,36,19.11,2025-04-24T20:00:00Z,9300,19.154301
19.23,19.94,19.03,1466,19.75,2025-04-25T12:00:00Z,217343,19.453451
18.57,19.3,18.22,1695,19.24,2025-04-25T16:00:00Z,290089,18.670719
18.57,18.58,18.54,8,18.58,2025-04-25T20:00:00Z,1066,18.572761
19.51,19.82,18.33,2245,18.96,2025-04-28T12:00:00Z,634761,18.965064
18.725,19.93,18.65,1563,19.52,2025-04-28T16:00:00Z,385446,19.366627
19.14,19.14,18.74,5,18.82,2025-04-28T20:00:00Z,1000,18.965984
19.32,19.68,18.92,1058,19.14,2025-04-29T12:00:00Z,169448,19.256408
19.33,19.61,18.71,1151,19.255,2025-04-29T16:00:00Z,242685,19.091334
19.61,19.61,19.28,32,19.3,2025-04-29T20:00:00Z,7900,19.425795
19.89,21.13,19.6,2278,19.6,2025-04-30T12:00:00Z,607394,20.398393
18.91,20.34,18.76,1906,19.9,2025-04-30T16:00:00Z,526183,19.496197
18.63,19.32,18.63,32,18.91,2025-04-30T20:00:00Z,8466,19.040384
18.495,18.89,17.85,2637,18.1,2025-05-01T12:00:00Z,612156,18.419635
19.0,19.02,18.075,1559,18.47,2025-05-01T16:00:00Z,360907,18.374158
19.07,19.07,19.07,3,19.07,2025-05-01T20:00:00Z,287,19.07
16.835,18.46,16.81,4290,18.45,2025-05-02T12:00:00Z,1139956,17.20519
17.0,17.175,16.48,3657,16.83,2025-05-02T16:00:00Z,790423,16.792583
17.02,17.06,16.98,27,17.05,2025-05-02T20:00:00Z,8653,17.02613
17.36,17.6,17.03,1569,17.51,2025-05-05T12:00:00Z,347669,17.298013
17.45,17.45,16.92,1085,17.37,2025-05-05T16:00:00Z,222246,17.169632
17.44,17.48,17.39,18,17.41,2025-05-05T20:00:00Z,2800,17.431071
17.95,18.625,17.85,2644,18.07,2025-05-06T12:00:00Z,665415,18.24282
17.96,18.22,17.51,1830,17.91,2025-05-06T16:00:00Z,516536,17.846885
17.97,18.0,17.69,58,17.69,2025-05-06T20:00:00Z,24124,17.919436
17.8,18.23,17.7,1633,17.71,2025-05-07T12:00:00Z,376128,18.021617
17.0,18.5,16.88,2775,17.81,2025-05-07T16:00:00Z,635926,17.663387
17.17,17.23,16.93,39,16.95,2025-05-07T20:00:00Z,7487,17.075856
16.07,16.86,15.84,2287,16.26,2025-05-08T12:00:00Z,376449,16.418707
16.5,16.515,15.675,2189,16.07,2025-05-08T16:00:00Z,358522,16.011008
16.36,16.37,16.29,31,16.3,2025-05-08T20:00:00Z,14111,16.331061
16.15,16.31,15.575,1690,16.1,2025-05-09T12:00:00Z,533032,15.907707
15.99,16.42,15.88,812,16.14,2025-05-09T16:00:00Z,221643,16.085922
15.99,16.0,15.97,36,15.97,2025-05-09T20:00:00Z,3943,15.983224
12.71,13.285,12.57,6162,12.9,2025-05-12T12:00:00Z,1809044,12.918508
12.53,12.885,12.2,3035,12.72,2025-05-12T16:00:00Z,748135,12.538562
12.52,12.59,12.51,123,12.53,2025-05-12T20:00:00Z,10558,12.545756
11.39,12.56,11.34,4290,12.54,2025-05-13T12:00:00Z,1584400,11.812061
11.48,11.63,11.3,2942,11.39,2025-05-13T16:00:00Z,668906,11.449799
11.53,11.54,11.49,45,11.49,2025-05-13T20:00:00Z,6388,11.520664
11.4,11.58,11.03,2062,11.19,2025-05-14T12:00:00Z,789411,11.337684
11.335,11.52,11.19,1406,11.39,2025-05-14T16:00:00Z,624985,11.386065
11.31,11.36,11.3,64,11.36,2025-05-14T20:00:00Z,4618,11.329669
11.58,11.94,11.51,2861,11.69,2025-05-15T12:00:00Z,964950,11.722678
11.56,11.8,11.29,1673,11.57,2025-05-15T16:00:00Z,830159,11.53117
11.6,11.6,11.55,5,11.55,2025-05-15T20:00:00Z,1200,11.575833
11.785,12.01,11.44,1136,11.47,2025-05-16T12:00:00Z,486908,11.756641
11.615,11.845,11.6,896,11.795,2025-05-16T16:00:00Z,652213,11.67805
11.77,11.78,11.61,29,11.61,2025-05-16T20:00:00Z,4831,11.646
11.99,12.48,11.83,1806,12.43,2025-05-19T12:00:00Z,1006638,12.077939
11.83,12.01,11.73,654,11.96,2025-05-19T16:00:00Z,359844,11.897828
11.79,11.84,11.79,111,11.83,2025-05-19T20:00:00Z,11211,11.827243
11.99,12.24,11.98,1308,11.99,2025-05-20T12:00:00Z,551280,12.078246
11.87,12.23,11.86,2033,11.99,2025-05-20T16:00:00Z,1025738,12.030313
11.84,11.91,11.84,67,11.87,2025-05-20T20:00:00Z,14306,11.88236
11.56,12.18,11.52,1314,12.11,2025-05-21T12:00:00Z,1403519,11.852497
12.565,12.76,11.49,1580,11.56,2025-05-21T16:00:00Z,1598047,12.1662
12.57,12.62,12.54,39,12.54,2025-05-21T20:00:00Z,5039,12.586757
12.66,12.79,12.22,2358,12.59,2025-05-22T12:00:00Z,1673667,12.629586
12.9,12.91,12.45,1403,12.64,2025-05-22T16:00:00Z,1562977,12.61434
12.85,12.92,12.82,43,12.92,2025-05-22T20:00:00Z,6228,12.87661
13.8,14.18,13.59,3337,14.0,2025-05-23T12:00:00Z,1731586,13.849015
13.52,13.815,13.31,1678,13.8,2025-05-23T16:00:00Z,869696,13.508829
13.63,13.63,13.56,8,13.57,2025-05-23T20:00:00Z,2570,13.574
12.17,12.97,12.085,2010,12.58,2025-05-27T12:00:00Z,1045997,12.431223
12.145,12.355,11.98,887,12.17,2025-05-27T16:00:00Z,651066,12.097548
12.15,12.19,12.12,20,12.19,2025-05-27T20:00:00Z,3799,12.15809
12.24,12.36,11.97,1415,12.01,2025-05-28T12:00:00Z,975169,12.162563
12.34,12.43,11.975,1215,12.23,2025-05-28T16:00:00Z,853074,12.132034
11.89,12.39,11.89,28,12.37,2025-05-28T20:00:00Z,7333,12.123476
12.28,12.35,11.48,2071,11.56,2025-05-29T12:00:00Z,1828372,11.996555
12.215,12.42,12.055,983,12.29,2025-05-29T16:00:00Z,649056,12.278987
12.27,12.33,12.24,9,12.24,2025-05-29T20:00:00Z,3165,12.275687
12.92,13.09,12.25,3618,12.25,2025-05-30T12:00:00Z,2882629,12.784105
12.97,13.62,12.825,2715,12.92,2025-05-30T16:00:00Z,1879193,13.144419
12.95,13.02,12.91,35,12.97,2025-05-30T20:00:00Z,7507,12.978524
12.68,13.29,12.58,2765,13.23,2025-06-02T12:00:00Z,1650826,12.766808
12.36,12.71,12.23,2030,12.66,2025-06-02T16:00:00Z,1220433,12.454149
12.29,12.37,12.27,33,12.37,2025-06-02T20:00:00Z,11891,12.30444
11.58,12.59,11.54,2252,12.38,2025-06-03T12:00:00Z,1593975,11.909816
11.34,11.655,11.29,1672,11.58,2025-06-03T16:00:00Z,1394531,11.466699
11.4,11.44,11.31,91,11.36,2025-06-03T20:00:00Z,13583,11.377758
10.94,11.39,10.8,3723,11.07,2025-06-04T12:00:00Z,3501939,10.998522
10.86,11.01,10.75,1946,10.94,2025-06-04T16:00:00Z,2427329,10.849657
10.9,10.91,10.86,73,10.88,2025-06-04T20:00:00Z,11701,10.884792
10.39,10.99,10.35,3446,10.76,2025-06-05T12:00:00Z,2748974,10.725973
11.005,11.23,10.37,2738,10.39,2025-06-05T16:00:00Z,2158727,10.797375
11.23,11.24,10.92,71,10.97,2025-06-05T20:00:00Z,13106,11.139638
10.52,11.0,10.37,2250,10.95,2025-06-06T12:00:00Z,1854713,10.544732
10.8,10.81,10.43,896,10.495,2025-06-06T16:00:00Z,679977,10.625073
10.73,10.82,10.73,23,10.82,2025-06-06T20:00:00Z,3763,10.768475
10.08,10.63,9.76,5100,10.61,2025-06-09T12:00:00Z,4660172,10.043173
10.035,10.15,9.88,2057,10.08,2025-06-09T16:00:00Z,2067265,9.978085
10.04,10.04,9.99,45,10.02,2025-06-09T20:00:00Z,11782,10.02336
9.53,9.98,9.53,3472,9.9,2025-06-10T12:00:00Z,2676150,9.683544
9.38,9.55,9.295,2704,9.53,2025-06-10T16:00:00Z,2915856,9.415159
9.39,9.41,9.38,34,9.39,2025-06-10T20:00:00Z,9104,9.399168
9.32,9.48,9.03,2723,9.42,2025-06-11T12:00:00Z,2254353,9.216837
9.49,9.76,9.29,1779,9.32,2025-06-11T16:00:00Z,1195702,9.552864
9.47,9.48,9.43,59,9.47,2025-06-11T20:00:00Z,11693,9.457413
9.46,9.84,9.32,2220,9.84,2025-06-12T12:00:00Z,1993331,9.460576
9.455,9.55,9.33,2270,9.45,2025-06-12T16:00:00Z,2299943,9.446204
9.45,9.46,9.41,59,9.45,2025-06-12T20:00:00Z,12169,9.431418
9.8,10.195,9.775,2077,10.02,2025-06-13T12:00:00Z,1541431,9.949983
10.2,10.28,9.75,2409,9.8,2025-06-13T16:00:00Z,2061352,10.059844
10.19,10.22,10.17,151,10.19,2025-06-13T20:00:00Z,51911,10.198685
9.27,9.82,9.1,4057,9.82,2025-06-16T12:00:00Z,4526218,9.319539
9.24,9.32,9.14,2533,9.27,2025-06-16T16:00:00Z,2863331,9.229511
9.21,9.23,9.21,40,9.23,2025-06-16T20:00:00Z,15121,9.211102
9.2,9.395,8.985,2394,9.32,2025-06-17T12:00:00Z,2317743,9.152075
9.45,9.47,9.12,800,9.18,2025-06-17T16:00:00Z,786131,9.340719
9.46,9.48,9.43,58,9.45,2025-06-17T20:00:00Z,18299,9.453759
9.22,9.44,9.025,2182,9.29,2025-06-18T12:00:00Z,2128198,9.178164
9.36,9.53,9.15,1922,9.23,2025-06-18T16:00:00Z,2315659,9.291521
9.32,9.35,9.31,25,9.33,2025-06-18T20:00:00Z,8682,9.325543
9.61,9.9,9.07,2355,9.24,2025-06-20T12:00:00Z,1861852,9.419004
9.55,9.76,9.5,874,9.62,2025-06-20T16:00:00Z,857378,9.582909
9.5,9.54,9.5,21,9.54,2025-06-20T20:00:00Z,7382,9.509655
9.525,9.63,9.21,1229,9.6,2025-06-23T12:00:00Z,1125519,9.404199
9.38,9.96,9.34,1542,9.51,2025-06-23T16:00:00Z,1359869,9.539558
9.38,9.41,9.35,35,9.4,2025-06-23T20:00:00Z,11815,9.372395
8.455,8.86,8.27,2116,8.81,2025-06-24T12:00:00Z,1838525,8.46817
8.24,8.45,8.225,1172,8.45,2025-06-24T16:00:00Z,1283460,8.307659
8.24,8.26,8.24,21,8.25,2025-06-24T20:00:00Z,6969,8.255159
8.19,8.28,8.06,1004,8.09,2025-06-25T12:00:00Z,999982,8.185559
8.03,8.21,8.03,894,8.2,2025-06-25T16:00:00Z,1265444,8.131904
7.94,7.99,7.9,49,7.96,2025-06-25T20:00:00Z,16773,7.953939
7.87,8.045,7.76,1335,7.78,2025-06-26T12:00:00Z,1279917,7.875394
7.85,7.92,7.82,923,7.85,2025-06-26T16:00:00Z,1157923,7.87032
7.86,7.87,7.83,36,7.87,2025-06-26T20:00:00Z,22929,7.857635
7.76,7.885,7.65,1360,7.71,2025-06-27T12:00:00Z,1574863,7.729394
7.88,8.12,7.76,1444,7.77,2025-06-27T16:00:00Z,2180545,7.908344
7.89,7.92,7.88,81,7.9,2025-06-27T20:00:00Z,44555,7.90936
7.805,8.01,7.71,1553,7.71,2025-06-30T12:00:00Z,1813776,7.894411
7.9,7.99,7.79,1565,7.8,2025-06-30T16:00:00Z,1938960,7.88289
7.92,7.93,7.92,18,7.93,2025-06-30T20:00:00Z,9418,7.929515
8.045,8.36,7.98,2053,8.06,2025-07-01T12:00:00Z,1555674,8.133131
8.01,8.08,7.86,1638,8.04,2025-07-01T16:00:00Z,832050,7.939203
8.02,8.02,7.97,17,8.0,2025-07-01T20:00:00Z,6888,7.990901
7.575,8.23,7.54,1820,8.08,2025-07-02T12:00:00Z,1942273,7.760711
7.55,7.635,7.46,2778,7.575,2025-07-02T16:00:00Z,2727270,7.550212
7.55,7.58,7.55,37,7.55,2025-07-02T20:00:00Z,18633,7.558625
7.44,7.52,7.385,1957,7.52,2025-07-03T12:00:00Z,2187632,7.445938
7.48,7.5,7.405,585,7.435,2025-07-03T16:00:00Z,532233,7.451559
7.745,7.86,7.57,3074,7.6,2025-07-07T12:00:00Z,1985013,7.744985
7.88,7.97,7.67,3233,7.735,2025-07-07T16:00:00Z,2731924,7.832361
7.91,7.92,7.88,34,7.88,2025-07-07T20:00:00Z,23314,7.884305
7.4,7.74,7.23,1781,7.73,2025-07-08T12:00:00Z,2097074,7.450133
7.42,7.435,7.3,1563,7.39,2025-07-08T16:00:00Z,2012236,7.364276
7.41,7.42,7.41,9,7.42,2025-07-08T20:00:00Z,2511,7.418827
7.475,7.56,7.15,2330,7.33,2025-07-09T12:00:00Z,1836677,7.379212
7.36,7.49,7.315,2232,7.48,2025-07-09T16:00:00Z,1844914,7.3919
7.37,7.38,7.36,15,7.37,2025-07-09T20:00:00Z,3982,7.372445
7.085,7.345,7.06,2520,7.24,2025-07-10T12:00:00Z,2314080,7.166033
7.14,7.19,7.08,2145,7.09,2025-07-10T16:00:00Z,1823947,7.117419
7.14,7.14,7.13,27,7.13,2025-07-10T20:00:00Z,16937,7.138425
7.225,7.37,7.17,2838,7.3,2025-07-11T12:00:00Z,1897096,7.244298
7.19,7.22,7.115,2727,7.22,2025-07-11T16:00:00Z,1773040,7.176587
7.19,7.19,7.18,6,7.18,2025-07-11T20:00:00Z,3000,7.180333
7.415,7.695,7.31,1278,7.33,2025-07-14T12:00:00Z,1078906,7.508593
7.39,7.445,7.31,1079,7.42,2025-07-14T16:00:00Z,791691,7.37626
7.4,7.42,7.4,11,7.4,2025-07-14T20:00:00Z,4121,7.402427
7.03,7.105,6.85,1924,7.03,2025-07-15T12:00:00Z,2076602,6.999268
7.17,7.18,7.02,1516,7.04,2025-07-15T16:00:00Z,2078710,7.098002
7.22,7.22,7.17,42,7.17,2025-07-15T20:00:00Z,21574,7.20258
7.54,7.79,7.33,2014,7.38,2025-07-16T12:00:00Z,2757285,7.576808
7.24,7.585,7.235,2136,7.54,2025-07-16T16:00:00Z,2519470,7.409761
7.26,7.26,7.24,35,7.25,2025-07-16T20:00:00Z,19578,7.249769
7.12,7.39,7.115,1780,7.28,2025-07-17T12:00:00Z,3434295,7.205879
7.15,7.18,7.115,1480,7.125,2025-07-17T16:00:00Z,2861059,7.150503
7.15,7.16,7.14,25,7.16,2025-07-17T20:00:00Z,6955,7.147559
7.12,7.31,7.02,1733,7.12,2025-07-18T12:00:00Z,3331596,7.18029
7.15,7.23,7.11,1582,7.12,2025-07-18T16:00:00Z,2910388,7.173844
7.15,7.15,7.14,14,7.15,2025-07-18T20:00:00Z,5706,7.141141
6.995,7.14,6.86,1908,7.09,2025-07-21T12:00:00Z,3069713,6.951813
7.12,7.12,6.96,1045,7.0,2025-07-21T16:00:00Z,2266575,7.020121
7.22,7.22,7.22,5,7.22,2025-07-21T20:00:00Z,2350,7.22
7.4,7.675,7.18,1941,7.32,2025-07-22T12:00:00Z,4134921,7.465964
7.425,7.52,7.36,1302,7.4,2025-07-22T16:00:00Z,2316419,7.449037
7.8,7.8,7.6,84,7.61,2025-07-22T20:00:00Z,39105,7.700539
7.62,7.84,7.58,1449,7.67,2025-07-23T12:00:00Z,2927643,7.733236
7.6,7.68,7.55,868,7.62,2025-07-23T16:00:00Z,1863289,7.627436
7.45,7.58,7.43,74,7.58,2025-07-23T20:00:00Z,39804,7.477498
7.605,7.82,7.54,1231,7.54,2025-07-24T12:00:00Z,1900163,7.65609
7.63,7.71,7.59,996,7.61,2025-07-24T16:00:00Z,1431573,7.634225
7.59,7.61,7.59,4,7.61,2025-07-24T20:00:00Z,1300,7.591538
7.74,7.86,7.68,1058,7.75,2025-07-25T12:00:00Z,1878293,7.751294
7.63,7.74,7.63,1401,7.735,2025-07-25T16:00:00Z,1960801,7.66404
7.63,7.65,7.63,15,7.63,2025-07-25T20:00:00Z,10166,7.648731
7.265,7.42,7.225,2302,7.42,2025-07-28T12:00:00Z,2800011,7.288996
7.225,7.29,7.215,1637,7.265,2025-07-28T16:00:00Z,1966772,7.250052
7.21,7.25,7.21,33,7.23,2025-07-28T20:00:00Z,21387,7.225846
7.18,7.35,6.91,1894,7.04,2025-07-29T12:00:00Z,3465460,7.08414
7.2,7.26,7.07,1171,7.18,2025-07-29T16:00:00Z,2355149,7.148135
7.17,7.17,7.13,20,7.16,2025-07-29T20:00:00Z,13500,7.14403
7.005,7.09,6.925,1518,7.06,2025-07-30T12:00:00Z,2305387,7.005359
7.06,7.235,6.92,2589,7.015,2025-07-30T16:00:00Z,4472424,7.045824
7.06,7.08,7.03,73,7.07,2025-07-30T20:00:00Z,32747,7.056233
7.48,7.59,7.2,2050,7.25,2025-07-31T12:00:00Z,3197124,7.420506
7.73,7.91,7.43,2165,7.485,2025-07-31T16:00:00Z,3914727,7.672377
7.75,7.79,7.68,58,7.74,2025-07-31T20:00:00Z,44481,7.735539
7.89,8.485,7.89,3431,8.13,2025-08-01T12:00:00Z,4392839,8.201827
8.015,8.21,7.79,2612,7.88,2025-08-01T16:00:00Z,4179591,8.031671
8.04,8.05,8.01,36,8.02,2025-08-01T20:00:00Z,27213,8.03169
7.68,7.955,7.67,1626,7.82,2025-08-04T12:00:00Z,3160015,7.773327
7.68,7.76,7.65,1535,7.68,2025-08-04T16:00:00Z,3373969,7.689882
7.64,7.69,7.64,14,7.69,2025-08-04T20:00:00Z,9820,7.669112
7.94,8.12,7.505,1412,7.53,2025-08-05T12:00:00Z,2202102,7.842681
7.85,7.955,7.73,1961,7.93,2025-08-05T16:00:00Z,2758089,7.838944
7.98,8.02,7.78,66,7.85,2025-08-05T20:00:00Z,23253,7.919926
8.13,8.355,8.01,2378,8.01,2025-08-06T12:00:00Z,2632952,8.200456
8.03,8.215,7.985,2080,8.125,2025-08-06T16:00:00Z,2791864,8.077745
8.0,8.03,8.0,13,8.03,2025-08-06T20:00:00Z,6361,8.019505
7.61,7.73,7.4,1721,7.62,2025-08-07T12:00:00Z,2547037,7.578255
7.63,7.83,7.58,1698,7.615,2025-08-07T16:00:00Z,3264459,7.710699
7.6,7.65,7.6,20,7.65,2025-08-07T20:00:00Z,18100,7.645856
7.47,7.71,7.45,1067,7.57,2025-08-08T12:00:00Z,2229217,7.505265
7.46,7.54,7.43,884,7.46,2025-08-08T16:00:00Z,1932011,7.489171
7.44,7.46,7.43,60,7.46,2025-08-08T20:00:00Z,43144,7.441301
7.22,7.44,7.14,1756,7.44,2025-08-11T12:00:00Z,2754563,7.216968
7.5,7.545,7.19,1911,7.22,2025-08-11T16:00:00Z,3040798,7.363514
7.48,7.5,7.48,25,7.5,2025-08-11T20:00:00Z,16326,7.48941
6.9,7.47,6.86,2918,7.45,2025-08-12T12:00:00Z,3745446,7.085599
6.78,6.93,6.775,2246,6.895,2025-08-12T16:00:00Z,3071763,6.857164
6.81,6.82,6.78,60,6.78,2025-08-12T20:00:00Z,33011,6.817184
6.61,6.72,6.495,1500,6.66,2025-08-13T12:00:00Z,2093368,6.582071
6.49,6.65,6.47,1064,6.6,2025-08-13T16:00:00Z,1849320,6.562156
6.52,6.52,6.51,20,6.51,2025-08-13T20:00:00Z,10132,6.516429
6.605,6.79,6.53,2098,6.53,2025-08-14T12:00:00Z,2508686,6.65584
6.46,6.695,6.4,2135,6.61,2025-08-14T16:00:00Z,2751169,6.581073
6.66,6.66,6.48,99,6.48,2025-08-14T20:00:00Z,54941,6.628592
6.885,6.95,6.62,2604,6.66,2025-08-15T12:00:00Z,2971560,6.839724
6.92,6.975,6.87,2074,6.89,2025-08-15T16:00:00Z,2675218,6.916719
6.91,6.93,6.91,24,6.92,2025-08-15T20:00:00Z,12719,6.915165
6.9,7.01,6.85,917,7.01,2025-08-18T12:00:00Z,1657509,6.890644
6.87,6.96,6.845,1038,6.905,2025-08-18T16:00:00Z,1989634,6.897449
6.88,6.89,6.88,11,6.88,2025-08-18T20:00:00Z,4421,6.881818
7.045,7.09,6.79,1015,6.87,2025-08-19T12:00:00Z,1572897,6.957178
7.19,7.22,7.02,1189,7.04,2025-08-19T16:00:00Z,2074456,7.146541
7.19,7.19,7.16,24,7.17,2025-08-19T20:00:00Z,9540,7.174872
7.64,7.9,7.2,3006,7.24,2025-08-20T12:00:00Z,4757914,7.651288
7.33,7.64,7.3,1777,7.635,2025-08-20T16:00:00Z,3459968,7.500645
7.32,7.35,7.32,32,7.32,2025-08-20T20:00:00Z,12824,7.327829
7.48,7.55,7.29,1439,7.39,2025-08-21T12:00:00Z,2370187,7.404629
7.45,7.545,7.42,1193,7.48,2025-08-21T16:00:00Z,2481364,7.474143
7.44,7.45,7.42,26,7.45,2025-08-21T20:00:00Z,14906,7.432157
6.765,7.45,6.585,3439,7.43,2025-08-22T12:00:00Z,4169139,6.787564
6.83,6.85,6.665,2057,6.76,2025-08-22T16:00:00Z,2712809,6.749407
6.81,6.84,6.8,59,6.82,2025-08-22T20:00:00Z,31399,6.814652
6.82,6.98,6.795,718,6.88,2025-08-25T12:00:00Z,933627,6.848798
6.87,6.87,6.8,679,6.81,2025-08-25T16:00:00Z,1455809,6.827851
6.86,6.88,6.86,5,6.88,2025-08-25T20:00:00Z,2177,6.875747
6.71,6.86,6.635,936,6.84,2025-08-26T12:00:00Z,1410635,6.69689
6.685,6.73,6.645,1003,6.71,2025-08-26T16:00:00Z,1773633,6.685711
6.69,6.7,6.69,15,6.69,2025-08-26T20:00:00Z,8787,6.695078
6.69,6.85,6.68,1214,6.68,2025-08-27T12:00:00Z,1509100,6.761597
6.65,6.75,6.635,1570,6.69,2025-08-27T16:00:00Z,1719127,6.683972
6.8,6.92,6.67,107,6.67,2025-08-27T20:00:00Z,47198,6.810809
6.6,6.69,6.44,1562,6.67,2025-08-28T12:00:00Z,1910629,6.566942
6.56,6.605,6.51,1028,6.6,2025-08-28T16:00:00Z,1916252,6.554647
6.64,6.65,6.62,26,6.63,2025-08-28T20:00:00Z,10281,6.634641
7.085,7.165,6.76,2203,6.84,2025-08-29T12:00:00Z,2453854,7.037804
7.15,7.225,7.04,1987,7.085,2025-08-29T16:00:00Z,2100563,7.148559
7.14,7.15,7.14,7,7.15,2025-08-29T20:00:00Z,2866,7.147094
7.695,7.77,7.46,1982,7.55,2025-09-02T12:00:00Z,2280681,7.633917
7.365,7.72,7.355,2136,7.675,2025-09-02T16:00:00Z,2128916,7.534708
7.41,7.41,7.3,74,7.33,2025-09-02T20:00:00Z,24781,7.369511
7.6,7.64,7.31,757,7.33,2025-09-03T12:00:00Z,1121940,7.45642
7.46,7.69,7.46,1064,7.6,2025-09-03T16:00:00Z,1719309,7.596632
7.46,7.47,7.44,13,7.47,2025-09-03T20:00:00Z,8865,7.444734
7.425,7.74,7.385,1569,7.42,2025-09-04T12:00:00Z,1299408,7.543961
7.24,7.43,7.21,1302,7.425,2025-09-04T16:00:00Z,2182242,7.306805
7.22,7.26,7.15,43,7.16,2025-09-04T20:00:00Z,15147,7.207682
7.08,7.25,6.875,1823,7.04,2025-09-05T12:00:00Z,2684137,7.041918
6.99,7.17,6.98,995,7.08,2025-09-05T16:00:00Z,2002286,7.060914
7.03,7.03,7.0,11,7.0,2025-09-05T20:00:00Z,3999,7.01416
6.84,6.94,6.76,1625,6.94,2025-09-08T12:00:00Z,2593097,6.837615
6.85,6.95,6.835,1172,6.85,2025-09-08T16:00:00Z,2222321,6.889433
6.85,6.85,6.85,15,6.85,2025-09-08T20:00:00Z,4765,6.85
6.86,6.98,6.79,1886,6.81,2025-09-09T12:00:00Z,2018534,6.880038
6.83,6.905,6.825,1368,6.86,2025-09-09T16:00:00Z,1835374,6.861773
6.74,6.84,6.72,102,6.84,2025-09-09T20:00:00Z,34781,6.740684
6.44,6.61,6.425,1849,6.61,2025-09-10T12:00:00Z,2684771,6.47948
6.47,6.605,6.42,1750,6.445,2025-09-10T16:00:00Z,2807623,6.515787
6.53,6.53,6.48,17,6.48,2025-09-10T20:00:00Z,6768,6.510095
6.33,6.53,6.25,1271,6.46,2025-09-11T12:00:00Z,2118609,6.328152
6.345,6.375,6.285,934,6.33,2025-09-11T16:00:00Z,1894050,6.33
6.36,6.36,6.34,15,6.34,2025-09-11T20:00:00Z,5213,6.355191
6.335,6.425,6.28,1033,6.33,2025-09-12T12:00:00Z,1004191,6.361228
6.32,6.355,6.265,1228,6.335,2025-09-12T16:00:00Z,1540638,6.306658
6.31,6.33,6.31,16,6.33,2025-09-12T20:00:00Z,3708,6.317566
6.22,6.4,6.175,1280,6.38,2025-09-15T12:00:00Z,1402363,6.256505
6.165,6.245,6.16,707,6.225,2025-09-15T16:00:00Z,1413694,6.203663
6.18,6.18,6.17,15,6.17,2025-09-15T20:00:00Z,7728,6.173133
6.2,6.205,6.045,1188,6.08,2025-09-16T12:00:00Z,1945366,6.131256
6.065,6.205,6.035,1034,6.2,2025-09-16T16:00:00Z,1470313,6.114202
6.06,6.06,6.06,12,6.06,2025-09-16T20:00:00Z,4306,6.06
6.09,6.16,6.02,676,6.15,2025-09-17T12:00:00Z,1207598,6.07655
6.08,6.33,5.92,1541,6.095,2025-09-17T16:00:00Z,1886227,6.085072
6.05,6.06,6.04,14,6.06,2025-09-17T20:00:00Z,4921,6.043754
5.385,5.68,5.35,2010,5.59,2025-09-18T12:00:00Z,2294951,5.527545
5.43,5.48,5.345,830,5.385,2025-09-18T16:00:00Z,650392,5.404376
5.43,5.45,5.43,101,5.44,2025-09-18T20:00:00Z,43326,5.445154
5.605,5.685,5.47,1612,5.49,2025-09-19T12:00:00Z,1476985,5.605142
5.545,5.605,5.54,829,5.605,2025-09-19T16:00:00Z,1055842,5.571852
5.54,5.54,5.53,20,5.54,2025-09-19T20:00:00Z,10909,5.536053
5.37,5.6,5.34,1076,5.6,2025-09-22T12:00:00Z,1487646,5.386068
5.295,5.37,5.255,1770,5.37,2025-09-22T16:00:00Z,1992231,5.287749
5.3,5.32,5.3,34,5.31,2025-09-22T20:00:00Z,13340,5.309162
5.165,5.245,5.115,1546,5.19,2025-09-23T12:00:00Z,1550557,5.156357
5.265,5.36,5.155,3316,5.165,2025-09-23T16:00:00Z,2840940,5.270022
5.26,5.26,5.19,5,5.19,2025-09-23T20:00:00Z,1355,5.242893
5.415,5.42,5.25,1216,5.25,2025-09-24T12:00:00Z,1563439,5.316689
5.29,5.495,5.265,4612,5.415,2025-09-24T16:00:00Z,2373900,5.316167
5.29,5.29,5.28,8,5.29,2025-09-24T20:00:00Z,3396,5.287379
5.32,5.72,5.31,1463,5.5,2025-09-25T12:00:00Z,2318254,5.495672
5.345,5.52,5.315,1955,5.325,2025-09-25T16:00:00Z,2045641,5.370498
5.34,5.35,5.34,7,5.34,2025-09-25T20:00:00Z,1891,5.345359
5.41,5.5,5.26,1017,5.34,2025-09-26T12:00:00Z,1707775,5.412878
5.31,5.425,5.29,3697,5.41,2025-09-26T16:00:00Z,2688280,5.326224
5.31,5.31,5.3,60,5.31,2025-09-26T20:00:00Z,13706,5.309926
5.195,5.21,5.085,1094,5.16,2025-09-29T12:00:00Z,1469570,5.13901
5.31,5.32,5.19,2201,5.19,2025-09-29T16:00:00Z,1627656,5.248905
5.33,5.33,5.31,4,5.31,2025-09-29T20:00:00Z,633,5.323681
5.29,5.34,5.19,798,5.34,2025-09-30T12:00:00Z,1357688,5.251783
5.175,5.38,5.17,2523,5.29,2025-09-30T16:00:00Z,1908781,5.299584
5.23,5.23,5.2,9,5.2,2025-09-30T20:00:00Z,2032,5.221634
5.07,5.3,5.06,959,5.27,2025-10-01T12:00:00Z,1254318,5.144948
4.89,5.075,4.87,5023,5.07,2025-10-01T16:00:00Z,2315024,4.978165
4.91,4.91,4.9,5,4.9,2025-10-01T20:00:00Z,1248,4.901668
4.62,4.71,4.6,1189,4.66,2025-10-02T12:00:00Z,2217608,4.655126
4.59,4.645,4.565,2239,4.63,2025-10-02T16:00:00Z,2532303,4.601972
4.64,4.64,4.59,65,4.59,2025-10-02T20:00:00Z,37571,4.613909
4.555,4.605,4.49,1868,4.57,2025-10-03T12:00:00Z,1837458,4.551648
4.7,4.77,4.53,1658,4.55,2025-10-03T16:00:00Z,1972408,4.653029
4.73,4.74,4.69,55,4.69,2025-10-03T20:00:00Z,27324,4.717201
4.12,4.29,4.09,2211,4.29,2025-10-06T12:00:00Z,2898369,4.147977
4.27,4.27,4.105,1418,4.12,2025-10-06T16:00:00Z,2268942,4.180776
4.24,4.27,4.24,39,4.27,2025-10-06T20:00:00Z,10655,4.264091
4.505,4.565,4.14,1426,4.17,2025-10-07T12:00:00Z,3345294,4.325681
4.57,4.57,4.46,1308,4.51,2025-10-07T16:00:00Z,2620744,4.521628
4.53,4.56,4.53,53,4.56,2025-10-07T20:00:00Z,35060,4.545064
4.23,4.6,4.215,2314,4.57,2025-10-08T12:00:00Z,3366511,4.409699
4.095,4.25,4.095,3722,4.23,2025-10-08T16:00:00Z,2060962,4.176976
4.09,4.12,4.09,14,4.1,2025-10-08T20:00:00Z,14855,4.101241
4.155,4.23,4.1,1537,4.11,2025-10-09T12:00:00Z,2534961,4.169285
4.15,4.26,4.15,1498,4.17,2025-10-09T16:00:00Z,1753426,4.205874
4.6,4.76,4.11,1665,4.11,2025-10-10T12:00:00Z,3923485,4.303177
4.955,4.96,4.595,3705,4.62,2025-10-10T16:00:00Z,4136816,4.757097
5.1,5.1,4.85,152,4.91,2025-10-10T20:00:00Z,91102,4.930237
4.23,4.48,4.23,1851,4.46,2025-10-13T12:00:00Z,2927550,4.337902
4.22,4.28,4.18,1147,4.24,2025-10-13T16:00:00Z,2001737,4.234432
4.24,4.24,4.23,20,4.23,2025-10-13T20:00:00Z,25012,4.235897
4.35,4.56,4.33,1810,4.48,2025-10-14T12:00:00Z,3320767,4.434775
4.49,4.505,4.24,1068,4.35,2025-10-14T16:00:00Z,2212018,4.316971
4.43,4.5,4.42,72,4.47,2025-10-14T20:00:00Z,78518,4.465617
4.165,4.3,4.065,2811,4.18,2025-10-15T12:00:00Z,4522796,4.146862
4.075,4.355,4.065,3304,4.17,2025-10-15T16:00:00Z,4624003,4.149697
4.09,4.09,4.08,16,4.08,2025-10-15T20:00:00Z,10367,4.081166
4.0,4.03,3.89,1246,3.94,2025-10-16T12:00:00Z,3205241,3.948823
4.02,4.15,3.965,2242,4.0,2025-10-16T16:00:00Z,5148462,4.055564
4.06,4.07,4.03,32,4.03,2025-10-16T20:00:00Z,11384,4.031448
4.125,4.24,4.01,1870,4.12,2025-10-17T12:00:00Z,4390528,4.122911
4.065,4.18,4.03,1962,4.125,2025-10-17T16:00:00Z,3545388,4.09719
4.04,4.05,4.04,25,4.05,2025-10-17T20:00:00Z,17307,4.041416
3.82,3.97,3.78,1717,3.97,2025-10-20T12:00:00Z,2583304,3.835909
3.855,3.855,3.8,1197,3.82,2025-10-20T16:00:00Z,1373484,3.827227
3.85,3.86,3.85,2,3.86,2025-10-20T20:00:00Z,1400,3.850714
3.895,4.005,3.85,1320,3.85,2025-10-21T12:00:00Z,2857866,3.953664
3.93,3.95,3.875,1605,3.895,2025-10-21T16:00:00Z,2651289,3.915184
4.01,4.01,3.93,20,3.93,2025-10-21T20:00:00Z,25132,3.992478
4.215,4.3,3.995,1482,4.05,2025-10-22T12:00:00Z,2336178,4.151293
4.22,4.445,4.205,2469,4.21,2025-10-22T16:00:00Z,2462862,4.313942
4.2,4.22,4.17,16,4.22,2025-10-22T20:00:00Z,17398,4.196884
3.94,4.37,3.93,1088,4.33,2025-10-23T12:00:00Z,2223998,4.027035
3.91,3.97,3.885,1319,3.945,2025-10-23T16:00:00Z,2973237,3.91308
3.86,3.89,3.83,28,3.89,2025-10-23T20:00:00Z,14341,3.865559
3.695,3.78,3.64,1333,3.78,2025-10-24T12:00:00Z,1857361,3.689587
3.72,3.73,3.66,1743,3.69,2025-10-24T16:00:00Z,1483818,3.681767
3.71,3.72,3.71,27,3.72,2025-10-24T20:00:00Z,16333,3.710512
3.42,3.55,3.385,1160,3.5,2025-10-27T12:00:00Z,3510571,3.457104
3.41,3.46,3.395,1936,3.42,2025-10-27T16:00:00Z,3184723,3.434368
3.39,3.42,3.39,17,3.42,2025-10-27T20:00:00Z,12961,3.393661
3.415,3.47,3.41,762,3.43,2025-10-28T12:00:00Z,1468578,3.439428
3.4,3.415,3.355,1148,3.415,2025-10-28T16:00:00Z,3111306,3.383696
3.39,3.4,3.39,7,3.4,2025-10-28T20:00:00Z,9000,3.396778
3.19,3.25,3.13,1880,3.23,2025-10-29T12:00:00Z,2115219,3.177123
3.22,3.32,3.17,3666,3.19,2025-10-29T16:00:00Z,3385840,3.219607
3.23,3.24,3.2,15,3.21,2025-10-29T20:00:00Z,28961,3.213536
3.32,3.35,3.19,1388,3.25,2025-10-30T12:00:00Z,2362509,3.289923
3.36,3.36,3.26,1371,3.32,2025-10-30T16:00:00Z,3622154,3.296614
3.29,3.35,3.29,41,3.35,2025-10-30T20:00:00Z,37625,3.311042
3.28,3.285,3.175,952,3.25,2025-10-31T12:00:00Z,2153262,3.2278
3.33,3.4,3.26,1272,3.3,2025-10-31T16:00:00Z,2169810,3.333706
3.33,3.33,3.32,5,3.32,2025-10-31T20:00:00Z,2568,3.32338
3.23,3.315,3.16,631,3.21,2025-11-03T12:00:00Z,926738,3.254792
3.25,3.285,3.235,1027,3.24,2025-11-03T16:00:00Z,1933042,3.255452
3.26,3.285,3.26,166,3.26,2025-11-03T20:00:00Z,372179,3.266303
3.47,3.57,3.4,791,3.5,2025-11-04T12:00:00Z,1109360,3.464151
3.6,3.61,3.445,1726,3.465,2025-11-04T16:00:00Z,2706796,3.529474
3.68,3.71,3.575,633,3.595,2025-11-04T20:00:00Z,1057906,3.615025
3.38,3.68,3.38,1102,3.68,2025-11-05T12:00:00Z,1755389,3.456372
3.215,3.435,3.21,1190,3.38,2025-11-05T16:00:00Z,2270542,3.305436
3.32,3.33,3.18,784,3.215,2025-11-05T20:00:00Z,1602077,3.227419
3.6,3.6,3.27,1193,3.27,2025-11-06T12:00:00Z,2209213,3.459652
3.48,3.64,3.47,2296,3.59,2025-11-06T16:00:00Z,4063125,3.5573
3.57,3.595,3.475,829,3.475,2025-11-06T20:00:00Z,1331899,3.525606
3.98,3.985,3.7,1217,3.72,2025-11-07T12:00:00Z,2323166,3.871561
3.775,4.08,3.775,2490,3.98,2025-11-07T16:00:00Z,4187895,3.926758
3.65,3.835,3.65,1003,3.78,2025-11-07T20:00:00Z,1561492,3.778674
3.5,3.5,3.36,1334,3.4,2025-11-10T12:00:00Z,2128417,3.411972
3.4,3.535,3.39,1747,3.5,2025-11-10T16:00:00Z,2799438,3.455404
3.4,3.405,3.37,677,3.4,2025-11-10T20:00:00Z,1036752,3.384496
3.61,3.65,3.48,1082,3.48,2025-11-11T12:00:00Z,3241109,3.574117
3.61,3.63,3.54,1783,3.61,2025-11-11T16:00:00Z,4622807,3.589594
3.59,3.645,3.58,515,3.61,2025-11-11T20:00:00Z,1286670,3.629317
3.485,3.545,3.405,1076,3.46,2025-11-12T12:00:00Z,2601831,3.470395
3.515,3.52,3.43,2223,3.485,2025-11-12T16:00:00Z,5299725,3.482555
3.47,3.53,3.465,517,3.52,2025-11-12T20:00:00Z,1372529,3.494174
3.765,3.805,3.52,921,3.52,2025-11-13T12:00:00Z,1928952,3.687088
3.89,3.93,3.74,1480,3.77,2025-11-13T16:00:00Z,4335263,3.842275
3.85,3.93,3.82,570,3.9,2025-11-13T20:00:00Z,1790265,3.871818
3.77,4.23,3.73,1731,4.16,2025-11-14T12:00:00Z,3309225,3.917969
3.8,3.875,3.7,2528,3.75,2025-11-14T16:00:00Z,5491437,3.784841
3.86,3.92,3.795,585,3.8,2025-11-14T20:00:00Z,1897042,3.855156
3.91,4.005,3.75,784,3.93,2025-11-17T12:00:00Z,2015934,3.854433
4.15,4.16,3.87,2246,3.9,2025-11-17T16:00:00Z,4109008,4.002745
4.06,4.2,4.05,892,4.165,2025-11-17T20:00:00Z,1372092,4.153814
4.41,4.47,4.18,1161,4.23,2025-11-18T12:00:00Z,2846108,4.369907
4.245,4.47,4.19,3268,4.42,2025-11-18T16:00:00Z,7777069,4.271364
4.38,4.39,4.23,510,4.23,2025-11-18T20:00:00Z,2095771,4.298965
4.13,4.33,3.98,1021,4.28,2025-11-19T12:00:00Z,2947583,4.092328
4.21,4.365,4.115,2584,4.13,2025-11-19T16:00:00Z,6063998,4.227243
3.87,4.21,3.87,909,4.195,2025-11-19T20:00:00Z,1704859,4.133668
3.89,3.92,3.775,1599,3.83,2025-11-20T12:00:00Z,7900939,3.83104
4.5,4.62,3.89,3991,3.89,2025-11-20T16:00:00Z,18179983,4.294338
4.76,4.78,4.51,1078,4.51,2025-11-20T20:00:00Z,2765798,4.688659
5.0,5.14,4.62,2625,4.72,2025-11-21T12:00:00Z,6170341,4.939253
4.51,5.09,4.395,4087,5.0,2025-11-21T16:00:00Z,14022885,4.664874
4.57,4.605,4.43,1232,4.51,2025-11-21T20:00:00Z,3320374,4.506737
4.115,4.48,4.1,1281,4.45,2025-11-24T12:00:00Z,4427716,4.184761
4.035,4.11,3.96,1995,4.11,2025-11-24T16:00:00Z,6761900,4.012757
3.97,4.03,3.93,560,4.03,2025-11-24T20:00:00Z,1927846,3.978797
4.21,4.415,4.06,1400,4.06,2025-11-25T12:00:00Z,3783046,4.256229
4.06,4.24,4.01,1678,4.21,2025-11-25T16:00:00Z,4367333,4.116873
3.98,4.04,3.93,305,4.04,2025-11-25T20:00:00Z,828411,3.971744
3.68,3.89,3.68,909,3.89,2025-11-26T12:00:00Z,2024838,3.755894
3.57,3.68,3.57,1625,3.68,2025-11-26T16:00:00Z,3479686,3.624329
3.63,3.63,3.54,631,3.56,2025-11-26T20:00:00Z,1187778,3.584498
3.505,3.625,3.495,947,3.56,2025-11-28T12:00:00Z,1868457,3.542141
3.44,3.515,3.43,713,3.505,2025-11-28T16:00:00Z,1538223,3.486519
3.435,3.61,3.425,1391,3.61,2025-12-01T12:00:00Z,2821444,3.474608
3.43,3.465,3.35,2509,3.435,2025-12-01T16:00:00Z,6225575,3.405033
3.39,3.44,3.39,701,3.43,2025-12-01T20:00:00Z,2351454,3.423252
3.22,3.34,3.165,1394,3.3,2025-12-02T12:00:00Z,4995103,3.214487
3.2,3.37,3.2,2913,3.22,2025-12-02T16:00:00Z,8847971,3.270758
3.21,3.25,3.19,900,3.19,2025-12-02T20:00:00Z,1739752,3.200126
3.165,3.27,3.12,1488,3.13,2025-12-03T12:00:00Z,3808206,3.178472
3.07,3.19,3.065,2727,3.16,2025-12-03T16:00:00Z,9625768,3.12455
3.04,3.07,3.015,1946,3.07,2025-12-03T20:00:00Z,3676600,3.041754
3.1,3.135,3.065,1141,3.07,2025-12-04T12:00:00Z,3538729,3.099873
3.115,3.13,3.055,1778,3.105,2025-12-04T16:00:00Z,5926077,3.092263
3.11,3.16,3.1,505,3.11,2025-12-04T20:00:00Z,1930702,3.13303
3.01,3.09,2.92,1243,3.06,2025-12-05T12:00:00Z,3896020,2.973419
2.98,3.02,2.96,2383,3.0,2025-12-05T16:00:00Z,8662410,2.992617
3.02,3.035,2.98,834,2.98,2025-12-05T20:00:00Z,2223466,3.008041
2.98,2.985,2.89,1670,2.95,2025-12-08T12:00:00Z,4687853,2.938978
2.97,3.0,2.91,3362,2.99,2025-12-08T16:00:00Z,11154352,2.963981
2.9,2.98,2.89,796,2.97,2025-12-08T20:00:00Z,1543586,2.95926
2.945,3.015,2.94,1329,2.95,2025-12-09T12:00:00Z,3551315,2.969709
2.945,2.965,2.925,1794,2.94,2025-12-09T16:00:00Z,5933620,2.943021
2.94,2.955,2.93,429,2.945,2025-12-09T20:00:00Z,851987,2.94339
2.96,2.99,2.92,1257,2.95,2025-12-10T12:00:00Z,3877983,2.949194
2.82,2.975,2.82,2321,2.96,2025-12-10T16:00:00Z,6638955,2.916018
2.84,2.86,2.8,1323,2.82,2025-12-10T20:00:00Z,2863805,2.815687
3.01,3.105,2.91,1792,2.91,2025-12-11T12:00:00Z,6042354,3.011182
2.915,3.045,2.905,2690,3.01,2025-12-11T16:00:00Z,10179114,2.984348
2.82,2.915,2.82,830,2.915,2025-12-11T20:00:00Z,2767347,2.892947
3.21,3.22,2.97,2417,2.98,2025-12-12T12:00:00Z,7759037,3.109682
3.26,3.285,3.15,4437,3.215,2025-12-12T16:00:00Z,16458335,3.230737
3.28,3.33,3.245,1065,3.255,2025-12-12T20:00:00Z,4050084,3.293389
3.28,3.365,3.165,1829,3.19,2025-12-15T12:00:00Z,6580599,3.268766
3.29,3.31,3.21,2940,3.285,2025-12-15T16:00:00Z,13108681,3.272385
3.34,3.36,3.29,974,3.29,2025-12-15T20:00:00Z,3766953,3.315056
3.385,3.49,3.28,2404,3.36,2025-12-16T12:00:00Z,7145941,3.397388
3.43,3.47,3.37,4071,3.385,2025-12-16T16:00:00Z,12983112,3.429178
3.42,3.43,3.365,588,3.43,2025-12-16T20:00:00Z,1992668,3.395131
3.67,3.68,3.29,2257,3.29,2025-12-17T12:00:00Z,7862111,3.490116
3.755,3.795,3.6,4069,3.67,2025-12-17T16:00:00Z,14586320,3.70126
3.69,3.79,3.64,820,3.76,2025-12-17T20:00:00Z,2959587,3.772179
3.43,3.54,3.3,2813,3.53,2025-12-18T12:00:00Z,8534724,3.408495
3.5,3.525,3.37,2941,3.425,2025-12-18T16:00:00Z,11672799,3.442585
3.52,3.52,3.42,745,3.495,2025-12-18T20:00:00Z,2265367,3.442967
3.255,3.45,3.17,1989,3.45,2025-12-19T12:00:00Z,7002406,3.242257
3.18,3.27,3.16,2449,3.255,2025-12-19T16:00:00Z,8831610,3.198071
3.18,3.205,3.155,834,3.175,2025-12-19T20:00:00Z,2672050,3.178416
3.095,3.125,3.02,1496,3.05,2025-12-22T12:00:00Z,4293880,3.082104
3.085,3.105,3.07,1280,3.09,2025-12-22T16:00:00Z,5404436,3.086624
3.09,3.12,3.08,406,3.08,2025-12-22T20:00:00Z,1767209,3.092201
3.05,3.12,3.03,954,3.07,2025-12-23T12:00:00Z,3449180,3.073679
3.025,3.06,3.02,1607,3.055,2025-12-23T16:00:00Z,4980653,3.036522
3.01,3.025,3.01,261,3.025,2025-12-23T20:00:00Z,568433,3.019599
3.0,3.02,2.98,965,3.01,2025-12-24T12:00:00Z,2418455,2.997486
2.99,3.005,2.975,665,3.0,2025-12-24T16:00:00Z,1229330,2.995613
2.965,3.015,2.94,1098,2.94,2025-12-26T12:00:00Z,2946933,2.981649
2.97,2.99,2.96,1496,2.965,2025-12-26T16:00:00Z,3361592,2.972742
2.99,2.99,2.97,164,2.97,2025-12-26T20:00:00Z,170894,2.979397
3.065,3.11,2.98,1711,3.06,2025-12-29T12:00:00Z,3376994,3.050668
3.025,3.08,3.02,2760,3.065,2025-12-29T16:00:00Z,3791876,3.058409
3.01,3.03,3.01,2105,3.03,2025-12-29T20:00:00Z,895397,3.017255
2.98,3.02,2.975,729,2.99,2025-12-30T12:00:00Z,2530610,2.99338
3.01,3.01,2.96,1013,2.97,2025-12-30T16:00:00Z,3021850,2.989481
3.03,3.03,3.01,519,3.02,2025-12-30T20:00:00Z,1003354,3.019544
3.075,3.085,3.0,896,3.01,2025-12-31T12:00:00Z,2634125,3.059104
3.095,3.105,3.05,1598,3.07,2025-12-31T16:00:00Z,2761035,3.067956
3.14,3.14,3.1,659,3.1,2025-12-31T20:00:00Z,1229783,3.113267
2.835,2.93,2.695,2206,2.93,2026-01-02T12:00:00Z,6465238,2.777716
2.735,2.86,2.725,2814,2.835,2026-01-02T16:00:00Z,5800848,2.803304
2.75,2.75,2.71,709,2.735,2026-01-02T20:00:00Z,957168,2.729303
2.55,2.63,2.525,1219,2.6,2026-01-05T12:00:00Z,5943052,2.575792
2.645,2.665,2.54,2257,2.555,2026-01-05T16:00:00Z,7655954,2.608644
2.61,2.655,2.61,556,2.645,2026-01-05T20:00:00Z,2023540,2.640095
2.45,2.56,2.39,2450,2.55,2026-01-06T12:00:00Z,16009674,2.440562
2.4,2.46,2.395,2158,2.45,2026-01-06T16:00:00Z,13790189,2.417059
2.39,2.415,2.37,1224,2.395,2026-01-06T20:00:00Z,3453986,2.391744
2.46,2.515,2.435,2349,2.45,2026-01-07T12:00:00Z,9459437,2.472392
2.475,2.49,2.455,1160,2.46,2026-01-07T16:00:00Z,5859555,2.469664
2.46,2.485,2.455,431,2.47,2026-01-07T20:00:00Z,1804882,2.472368
2.615,2.645,2.485,2304,2.5,2026-01-08T12:00:00Z,11531242,2.591969
2.59,2.645,2.575,2658,2.615,2026-01-08T16:00:00Z,12366291,2.607821
2.58,2.6,2.58,640,2.59,2026-01-08T20:00:00Z,2864391,2.589389
2.4,2.545,2.4,1947,2.5,2026-01-09T12:00:00Z,9667684,2.437855
2.345,2.4,2.345,2502,2.395,2026-01-09T16:00:00Z,14008861,2.368837
2.355,2.355,2.315,1192,2.345,2026-01-09T20:00:00Z,3997393,2.3394
2.34,2.44,2.34,1578,2.44,2026-01-12T12:00:00Z,6329072,2.359605
2.305,2.345,2.305,1113,2.345,2026-01-12T16:00:00Z,3400707,2.332346
2.32,2.32,2.31,452,2.31,2026-01-12T20:00:00Z,1366607,2.311335
2.255,2.3,2.24,1712,2.3,2026-01-13T12:00:00Z,17250886,2.269188
2.245,2.27,2.205,2372,2.255,2026-01-13T16:00:00Z,14000791,2.241067
2.26,2.285,2.25,788,2.25,2026-01-13T20:00:00Z,1840682,2.268235
2.355,2.37,2.3,2534,2.3,2026-01-14T12:00:00Z,9470490,2.335934
2.365,2.39,2.325,3346,2.355,2026-01-14T16:00:00Z,12656178,2.360781
2.3,2.38,2.29,996,2.365,2026-01-14T20:00:00Z,4341468,2.336721
2.075,2.11,2.05,1688,2.09,2026-01-15T12:00:00Z,5285606,2.081825
2.11,2.115,2.055,4150,2.075,2026-01-15T16:00:00Z,8105988,2.080134
2.17,2.18,2.105,1637,2.115,2026-01-15T20:00:00Z,4476814,2.138025
2.08,2.125,2.04,2102,2.07,2026-01-16T12:00:00Z,6873876,2.089845
2.085,2.095,2.065,4551,2.08,2026-01-16T16:00:00Z,13580819,2.080873
2.085,2.085,2.07,1636,2.085,2026-01-16T20:00:00Z,3191087,2.079589
2.09,2.21,2.085,2474,2.19,2026-01-20T12:00:00Z,12998824,2.114905
2.165,2.205,2.075,4359,2.09,2026-01-20T16:00:00Z,20304067,2.13025
2.16,2.19,2.16,798,2.165,2026-01-20T20:00:00Z,2436979,2.177509
1.965,2.14,1.95,2736,2.14,2026-01-21T12:00:00Z,9217355,2.022293
1.92,2.08,1.92,3803,1.965,2026-01-21T16:00:00Z,13909371,2.009232
1.95,1.97,1.92,904,1.92,2026-01-21T20:00:00Z,2389084,1.946022
1.965,1.985,1.87,1360,1.88,2026-01-22T12:00:00Z,5808315,1.957768
1.965,1.965,1.94,1035,1.96,2026-01-22T16:00:00Z,5468679,1.948348
1.98,1.98,1.96,296,1.965,2026-01-22T20:00:00Z,1994887,1.967746
2.0,2.065,1.975,2296,2.01,2026-01-23T12:00:00Z,8703029,2.002733
2.045,2.075,1.99,2843,2.0,2026-01-23T16:00:00Z,15345745,2.037877
2.04,2.07,2.03,456,2.05,2026-01-23T20:00:00Z,3023214,2.056192
2.05,2.09,2.02,1658,2.08,2026-01-26T12:00:00Z,9636948,2.04925
2.05,2.06,2.035,2266,2.05,2026-01-26T16:00:00Z,14821588,2.049378
2.06,2.06,2.05,415,2.05,2026-01-26T20:00:00Z,812729,2.052138
1.9,1.995,1.9,1641,1.96,2026-01-27T12:00:00Z,7953282,1.926366
1.9,1.905,1.885,1490,1.9,2026-01-27T16:00:00Z,8476530,1.892864
1.85,1.92,1.85,578,1.905,2026-01-27T20:00:00Z,1925198,1.904449
1.82,1.825,1.74,2240,1.74,2026-01-28T12:00:00Z,11080847,1.799213
1.77,1.82,1.755,2958,1.82,2026-01-28T16:00:00Z,20739045,1.786738
1.74,1.775,1.74,1776,1.775,2026-01-28T20:00:00Z,5701434,1.75997
1.92,1.935,1.72,2282,1.75,2026-01-29T12:00:00Z,13703985,1.845664
1.8,1.945,1.79,3205,1.925,2026-01-29T16:00:00Z,14708755,1.840252
1.78,1.805,1.75,602,1.8,2026-01-29T20:00:00Z,2996562,1.792455
1.83,1.865,1.775,1828,1.82,2026-01-30T12:00:00Z,7479356,1.830827
1.94,1.95,1.83,3396,1.84,2026-01-30T16:00:00Z,18262718,1.902041
1.98,2.005,1.945,951,1.945,2026-01-30T20:00:00Z,4890334,1.979203
1.86,2.05,1.84,2527,2.03,2026-02-02T12:00:00Z,11257580,1.879024
1.865,1.875,1.81,2624,1.86,2026-02-02T16:00:00Z,16292486,1.834209
1.84,1.89,1.84,1351,1.865,2026-02-02T20:00:00Z,7203184,1.869973
1.91,1.99,1.77,3070,1.77,2026-02-03T12:00:00Z,11588199,1.945751
2.035,2.095,1.915,5291,1.915,2026-02-03T16:00:00Z,19734137,2.013632
2.01,2.07,1.97,1723,2.035,2026-02-03T20:00:00Z,5424161,2.035662
2.185,2.185,1.99,3035,2.02,2026-02-04T12:00:00Z,12751683,2.106782
2.18,2.355,2.175,5762,2.18,2026-02-04T16:00:00Z,31106953,2.26532
2.13,2.25,2.12,1456,2.175,2026-02-04T20:00:00Z,4865528,2.203933
2.29,2.365,2.145,2448,2.32,2026-02-05T12:00:00Z,9259254,2.285285
2.22,2.33,2.17,3496,2.29,2026-02-05T16:00:00Z,15783086,2.220994
2.32,2.32,2.19,713,2.22,2026-02-05T20:00:00Z,3811045,2.227576
1.98,2.12,1.94,1799,2.09,2026-02-06T12:00:00Z,5915750,2.018941
1.905,1.97,1.86,2317,1.97,2026-02-06T16:00:00Z,6409184,1.905196
1.88,1.91,1.855,1027,1.91,2026-02-06T20:00:00Z,1970894,1.876195
1.81,1.94,1.8,1841,1.91,2026-02-09T12:00:00Z,5706433,1.8416
1.78,1.815,1.775,2083,1.805,2026-02-09T16:00:00Z,8092032,1.791543
1.8,1.805,1.78,1060,1.785,2026-02-09T20:00:00Z,3025974,1.796801
1.82,1.875,1.79,2080,1.8,2026-02-10T12:00:00Z,9305004,1.826095
1.81,1.825,1.775,1991,1.82,2026-02-10T16:00:00Z,10169901,1.803731
1.83,1.84,1.82,395,1.82,2026-02-10T20:00:00Z,2026899,1.83642
1.725,1.83,1.66,3384,1.81,2026-02-11T12:00:00Z,18535660,1.753119
1.685,1.74,1.685,4212,1.72,2026-02-11T16:00:00Z,24773876,1.710968
1.69,1.695,1.67,1088,1.685,2026-02-11T20:00:00Z,6481895,1.681578
1.705,1.705,1.62,2501,1.64,2026-02-12T12:00:00Z,12902820,1.668488
1.785,1.815,1.7,5155,1.705,2026-02-12T16:00:00Z,28346160,1.776414
1.75,1.82,1.75,830,1.78,2026-02-12T20:00:00Z,3925801,1.796437
1.77,1.86,1.72,2876,1.8,2026-02-13T12:00:00Z,13455989,1.773894
1.765,1.78,1.73,2841,1.76,2026-02-13T16:00:00Z,21486665,1.752029
1.77,1.785,1.75,1069,1.76,2026-02-13T20:00:00Z,5499748,1.768194
1.82,1.905,1.79,2855,1.86,2026-02-17T12:00:00Z,14796442,1.86212
1.75,1.81,1.735,4242,1.81,2026-02-17T16:00:00Z,30044879,1.768473
1.78,1.785,1.75,764,1.75,2026-02-17T20:00:00Z,5734902,1.766991
1.68,1.78,1.675,2087,1.72,2026-02-18T12:00:00Z,10212778,1.702925
1.74,1.74,1.665,2702,1.685,2026-02-18T16:00:00Z,15067370,1.693782
1.72,1.755,1.715,1382,1.74,2026-02-18T20:00:00Z,5609267,1.745972
1.765,1.805,1.73,2050,1.73,2026-02-19T12:00:00Z,11380848,1.771238
1.785,1.8,1.745,2816,1.77,2026-02-19T16:00:00Z,20015791,1.779682
1.76,1.79,1.75,436,1.78,2026-02-19T20:00:00Z,2120842,1.777196
1.68,1.8,1.68,2991,1.78,2026-02-20T12:00:00Z,14809812,1.715401
1.72,1.755,1.675,4535,1.68,2026-02-20T16:00:00Z,27521846,1.714699
1.7,1.72,1.7,489,1.72,2026-02-20T20:00:00Z,2903382,1.715746
1.77,1.77,1.69,1131,1.75,2026-02-23T12:00:00Z,7249085,1.717728
1.78,1.79,1.75,2891,1.77,2026-02-23T16:00:00Z,17876509,1.769307
1.73,1.775,1.73,558,1.775,2026-02-23T20:00:00Z,2166179,1.762541
1.64,1.715,1.63,2956,1.66,2026-02-24T12:00:00Z,17943495,1.651401
1.655,1.665,1.625,3048,1.64,2026-02-24T16:00:00Z,18938433,1.642807
1.66,1.66,1.635,882,1.655,2026-02-24T20:00:00Z,4296528,1.648395
1.605,1.61,1.575,1861,1.61,2026-02-25T12:00:00Z,10905454,1.590663
1.575,1.605,1.575,1524,1.605,2026-02-25T16:00:00Z,8732233,1.594379
1.56,1.585,1.55,1017,1.575,2026-02-25T20:00:00Z,2899336,1.578493
1.755,1.81,1.57,3692,1.57,2026-02-26T12:00:00Z,20967597,1.742155
1.74,1.785,1.73,4547,1.75,2026-02-26T16:00:00Z,30970779,1.752081
1.73,1.76,1.725,1043,1.745,2026-02-26T20:00:00Z,6008720,1.745232
1.79,1.85,1.77,3677,1.8,2026-02-27T12:00:00Z,23014954,1.801204
1.825,1.84,1.79,3542,1.79,2026-02-27T16:00:00Z,29989261,1.81354
1.8,1.825,1.79,1064,1.825,2026-02-27T20:00:00Z,4699587,1.804988
1.855,1.93,1.825,3387,1.93,2026-03-02T12:00:00Z,25242097,1.86105
1.805,1.87,1.795,5777,1.86,2026-03-02T16:00:00Z,44681029,1.820496
1.81,1.835,1.795,1657,1.8,2026-03-02T20:00:00Z,13307114,1.816972
2.08,2.12,1.98,4992,1.98,2026-03-03T12:00:00Z,32040657,2.070853
2.04,2.085,2.0,8850,2.08,2026-03-03T16:00:00Z,60326794,2.031174
2.07,2.07,2.035,3731,2.045,2026-03-03T20:00:00Z,13225337,2.047161
1.91,2.02,1.91,4225,1.99,2026-03-04T12:00:00Z,24076635,1.961897
1.92,1.96,1.9,4167,1.9,2026-03-04T16:00:00Z,26328339,1.925025
1.93,1.95,1.915,825,1.92,2026-03-04T20:00:00Z,4047246,1.928128
38.75,39.815,38.035,1160,39.32,2026-03-05T12:00:00Z,151590,38.889762
41.84,42.5,38.76,1726,38.76,2026-03-05T16:00:00Z,195100,41.193301
39.95,41.89,39.95,264,41.84,2026-03-05T20:00:00Z,32337,40.808737
41.64,43.73,41.225,2333,41.54,2026-03-06T12:00:00Z,281213,42.544806
43.35,43.36,41.06,2425,41.71,2026-03-06T16:00:00Z,221882,42.181229
45.14,45.895,42.99,1565,43.24,2026-03-06T20:00:00Z,181200,44.988609
44.01,48.205,43.91,3634,47.3,2026-03-09T12:00:00Z,580523,46.61531
39.785,44.05,39.52,3587,44.05,2026-03-09T16:00:00Z,372046,42.767198
40.07,40.3,40.07,28,40.09,2026-03-09T20:00:00Z,2301,40.197914
37.12,40.7,36.84,1508,40.45,2026-03-10T12:00:00Z,277958,37.978008
38.9,39.47,36.56,1278,37.18,2026-03-10T16:00:00Z,242516,37.702096
38.46,38.84,38.39,16,38.84,2026-03-10T20:00:00Z,3522,38.496176
37.765,39.07,36.68,5446,38.97,2026-03-11T12:00:00Z,696462,37.389708
37.81,38.27,37.22,4881,37.75,2026-03-11T16:00:00Z,616391,37.789016
37.85,37.85,37.82,5,37.82,2026-03-11T20:00:00Z,300,37.833889
41.0,42.29,38.71,3551,38.71,2026-03-12T12:00:00Z,567864,40.963608
41.78,42.07,40.63,2151,41.01,2026-03-12T16:00:00Z,369623,41.365869
41.81,41.82,41.76,4,41.82,2026-03-12T20:00:00Z,762,41.799501
41.35,41.6,38.69,4225,40.73,2026-03-13T12:00:00Z,832665,40.306221
41.39,41.97,40.81,5271,41.42,2026-03-13T16:00:00Z,1204663,41.424106
41.62,41.62,41.57,2,41.57,2026-03-13T20:00:00Z,323,41.58904
38.16,39.05,37.62,3257,39.02,2026-03-16T12:00:00Z,680872,38.106523
38.91,39.5,37.4,3357,38.17,2026-03-16T16:00:00Z,608659,38.287386
38.87,39.04,38.82,33,38.92,2026-03-16T20:00:00Z,3616,38.942131
38.93,39.14,37.71,4382,38.9,2026-03-17T12:00:00Z,725876,38.248811
38.07,39.25,38.01,4402,38.95,2026-03-17T16:00:00Z,593987,38.515787
38.03,38.06,38.03,7,38.05,2026-03-17T20:00:00Z,716,38.047819
37.33,38.68,36.89,4686,36.89,2026-03-18T12:00:00Z,663460,37.81072
38.73,38.73,37.02,4234,37.33,2026-03-18T16:00:00Z,585617,37.830475
38.9,39.65,38.49,23,38.5,2026-03-18T20:00:00Z,3114,38.830745
39.64,42.71,39.02,7163,40.88,2026-03-19T12:00:00Z,899049,40.346935
38.1,39.9,37.24,8157,39.66,2026-03-19T16:00:00Z,980987,38.788176
37.81,38.03,37.81,15,38.03,2026-03-19T20:00:00Z,1416,37.901957
39.78,40.55,37.77,5432,38.88,2026-03-20T12:00:00Z,732687,39.672434
40.76,42.24,39.44,8138,39.78,2026-03-20T16:00:00Z,1005122,41.035136
40.46,40.88,40.39,19,40.74,2026-03-20T20:00:00Z,2952,40.649872
39.33,39.41,36.22,5514,39.17,2026-03-23T12:00:00Z,859730,37.324099
39.185,39.77,38.08,4717,39.305,2026-03-23T16:00:00Z,771831,38.874402
39.2,39.29,39.08,28,39.29,2026-03-23T20:00:00Z,4590,39.177981
37.31,40.47,36.705,4076,39.14,2026-03-24T12:00:00Z,582204,38.506079
37.425,38.405,36.825,2904,37.32,2026-03-24T16:00:00Z,408242,37.64229
36.06,37.39,35.77,252,37.39,2026-03-24T20:00:00Z,24665,36.338283
36.045,37.045,35.27,2693,35.49,2026-03-25T12:00:00Z,379569,36.218771
36.02,36.425,35.43,1447,36.045,2026-03-25T16:00:00Z,177684,36.016073
36.1,36.1,35.97,14,35.98,2026-03-25T20:00:00Z,2442,35.994429
38.95,39.95,37.7,7093,38.0,2026-03-26T12:00:00Z,1093838,38.901247
41.23,41.255,38.84,9138,38.99,2026-03-26T16:00:00Z,996126,40.283719
40.61,40.61,40.22,5,40.37,2026-03-26T20:00:00Z,600,40.366786
41.765,43.31,40.82,1901,42.39,2026-03-27T12:00:00Z,293795,42.000287
43.12,43.7,41.64,1317,41.695,2026-03-27T16:00:00Z,178159,43.009723
43.41,43.48,43.21,30,43.21,2026-03-27T20:00:00Z,5121,43.349081
46.92,47.71,41.605,7385,42.25,2026-03-30T12:00:00Z,1090652,45.903384
48.72,49.75,46.87,9171,46.87,2026-03-30T16:00:00Z,1252830,48.529189
48.97,49.06,48.58,26,48.59,2026-03-30T20:00:00Z,3650,48.950429
45.43,46.95,43.785,3809,46.74,2026-03-31T12:00:00Z,550713,44.885527
39.87,45.54,39.615,4724,45.495,2026-03-31T16:00:00Z,726446,41.371661
39.87,40.14,39.76,37,39.98,2026-03-31T20:00:00Z,4645,39.891795
34.945,38.43,34.885,3688,37.52,2026-04-01T12:00:00Z,585151,36.274875
36.275,36.905,34.785,2349,34.965,2026-04-01T16:00:00Z,304086,35.899957
36.23,36.34,36.23,23,36.34,2026-04-01T20:00:00Z,2340,36.286305
36.675,40.75,35.74,4756,40.7,2026-04-02T12:00:00Z,662006,37.82018
35.915,37.42,35.79,3556,36.66,2026-04-02T16:00:00Z,579157,36.572802
36.0,36.02,35.99,16,36.02,2026-04-02T20:00:00Z,1749,36.005386
34.76,35.835,34.02,2651,35.1,2026-04-06T12:00:00Z,400023,34.985867
34.55,35.69,34.54,2365,34.75,2026-04-06T16:00:00Z,360474,35.028959
34.59,34.63,34.59,13,34.63,2026-04-06T20:00:00Z,1910,34.5975
35.15,36.25,34.05,5096,35.58,2026-04-07T12:00:00Z,733250,35.349838
33.5,35.445,33.44,4830,35.14,2026-04-07T16:00:00Z,721675,34.446606
27.47,29.3,27.19,6509,27.85,2026-04-08T12:00:00Z,962092,27.91074
26.96,28.01,26.755,4620,27.48,2026-04-08T16:00:00Z,836877,27.322155
27.21,27.22,26.99,54,26.99,2026-04-08T20:00:00Z,8332,27.109474
25.7,27.24,25.7,4551,27.2,2026-04-09T12:00:00Z,781893,26.18853
25.19,25.94,25.1,4131,25.69,2026-04-09T16:00:00Z,808940,25.495251
25.25,25.31,25.24,26,25.3,2026-04-09T20:00:00Z,2170,25.280627
23.76,24.7,23.01,5588,24.7,2026-04-10T12:00:00Z,977401,23.496753
23.64,23.85,23.16,3251,23.75,2026-04-10T16:00:00Z,551806,23.482565
23.49,23.63,23.49,28,23.63,2026-04-10T20:00:00Z,4441,23.568966
23.56,24.38,23.22,3648,24.38,2026-04-13T12:00:00Z,710947,23.553407
22.405,23.72,22.32,3887,23.55,2026-04-13T16:00:00Z,788418,22.945444
22.12,22.44,22.11,43,22.41,2026-04-13T20:00:00Z,4794,22.279182
21.75,22.34,21.455,3660,21.52,2026-04-14T12:00:00Z,850209,22.010935
21.05,21.805,21.0,3134,21.74,2026-04-14T16:00:00Z,686750,21.312804
21.07,21.07,21.03,18,21.05,2026-04-14T20:00:00Z,2101,21.053743
21.48,21.64,20.93,4281,21.22,2026-04-15T12:00:00Z,1045189,21.341453
20.94,22.42,20.905,3943,21.49,2026-04-15T16:00:00Z,939871,21.671868
21.06,21.06,21.01,3,21.01,2026-04-15T20:00:00Z,213,21.035
20.21,21.54,20.08,4827,21.17,2026-04-16T12:00:00Z,1112397,20.887525
20.3,20.79,20.11,3583,20.21,2026-04-16T16:00:00Z,753700,20.429155
20.29,20.34,20.29,11,20.29,2026-04-16T20:00:00Z,1499,20.300714
19.29,19.92,18.67,5649,19.91,2026-04-17T12:00:00Z,1192687,19.279078
18.87,19.37,18.87,4002,19.3,2026-04-17T16:00:00Z,1101828,19.092625
18.88,18.92,18.88,3,18.9,2026-04-17T20:00:00Z,700,18.891429
19.01,19.4,18.47,3652,18.98,2026-04-20T12:00:00Z,1171266,18.953231
18.62,19.13,18.57,1944,19.02,2026-04-20T16:00:00Z,709372,18.814004
18.38,18.67,18.35,47,18.66,2026-04-20T20:00:00Z,9886,18.484207
18.26,18.75,17.88,3807,18.11,2026-04-21T12:00:00Z,904504,18.201339
18.21,18.56,17.85,3471,18.23,2026-04-21T16:00:00Z,1108861,18.205123
17.95,18.33,17.91,94,18.28,2026-04-21T20:00:00Z,27302,18.042547
17.33,17.925,17.19,3712,17.45,2026-04-22T12:00:00Z,1068226,17.473272
16.79,17.335,16.72,3899,17.3,2026-04-22T16:00:00Z,1563404,16.986652
16.16,16.78,16.16,62,16.78,2026-04-22T20:00:00Z,15489,16.331911
15.29,16.54,15.1,4813,16.47,2026-04-23T12:00:00Z,1672013,15.582276
15.69,16.52,15.06,5945,15.295,2026-04-23T16:00:00Z,2059912,15.82929
15.28,15.46,15.2,72,15.45,2026-04-23T20:00:00Z,20740,15.27764
13.575,14.65,13.5,6096,13.86,2026-04-24T12:00:00Z,2598079,13.969969
13.53,13.7,13.3,4158,13.575,2026-04-24T16:00:00Z,2144008,13.52424
13.51,13.59,13.51,72,13.52,2026-04-24T20:00:00Z,24225,13.547079
14.42,14.62,13.13,7752,13.13,2026-04-27T12:00:00Z,2996495,14.184951
14.045,14.52,14.03,3095,14.4,2026-04-27T16:00:00Z,1365048,14.246781
14.19,14.23,14.07,29,14.07,2026-04-27T20:00:00Z,5700,14.13807
16.015,16.27,14.94,7652,15.76,2026-04-28T12:00:00Z,2545371,15.654499
15.615,16.05,15.295,2845,16.005,2026-04-28T16:00:00Z,1025138,15.644948
15.28,15.58,15.07,94,15.57,2026-04-28T20:00:00Z,38979,15.284258
14.83,15.24,14.46,6306,14.82,2026-04-29T12:00:00Z,1962397,14.752482
14.415,15.09,14.38,2913,14.815,2026-04-29T16:00:00Z,1024389,14.739883
14.69,15.08,14.39,154,14.46,2026-04-29T20:00:00Z,21944,14.684877
13.75,14.48,13.52,6386,13.91,2026-04-30T12:00:00Z,3248188,14.025768
13.29,13.79,13.265,3600,13.74,2026-04-30T16:00:00Z,2493255,13.475552
13.44,13.5,13.22,113,13.33,2026-04-30T20:00:00Z,27148,13.35097
13.15,13.855,13.06,3794,13.65,2026-05-01T12:00:00Z,1503240,13.346185
12.99,13.23,12.875,2674,13.15,2026-05-01T16:00:00Z,1399399,13.043712
13.07,13.08,12.99,42,13.0,2026-05-01T20:00:00Z,8180,13.035073
13.285,13.44,12.65,3471,12.86,2026-05-04T12:00:00Z,1763896,13.009934
13.28,13.63,13.125,2413,13.295,2026-05-04T16:00:00Z,1589425,13.289693
13.36,13.4,13.3,37,13.3,2026-05-04T20:00:00Z,6867,13.353435
11.41,12.78,11.36,4253,12.75,2026-05-05T12:00:00Z,2503291,11.959019
11.505,11.67,11.21,3558,11.41,2026-05-05T16:00:00Z,2461970,11.403768
11.23,11.71,11.04,182,11.53,2026-05-05T20:00:00Z,32329,11.193939
10.245,11.135,10.05,7438,10.05,2026-05-06T12:00:00Z,4473575,10.46707
9.805,10.31,9.8,5292,10.255,2026-05-06T16:00:00Z,3356262,10.070968
9.9,9.92,9.68,183,9.82,2026-05-06T20:00:00Z,43142,9.781254
10.45,10.58,9.975,3147,10.12,2026-05-07T12:00:00Z,2693293,10.217211
10.62,10.86,10.38,5129,10.42,2026-05-07T16:00:00Z,3876471,10.650498
10.59,10.63,10.48,121,10.61,2026-05-07T20:00:00Z,32642,10.537167
9.355,10.06,9.28,5980,10.05,2026-05-08T12:00:00Z,3393153,9.521266
8.84,9.4,8.84,5202,9.35,2026-05-08T16:00:00Z,3954486,9.038191
8.88,8.88,8.82,149,8.85,2026-05-08T20:00:00Z,53669,8.844306
8.29,8.82,8.26,5347,8.62,2026-05-11T12:00:00Z,4226808,8.467475
8.2,8.455,8.16,4302,8.295,2026-05-11T16:00:00Z,4877411,8.248181
8.24,8.29,8.21,243,8.21,2026-05-11T20:00:00Z,65935,8.225587
9.74,9.76,8.56,7840,8.72,2026-05-12T12:00:00Z,6052481,9.124544
8.96,9.905,8.95,6295,9.74,2026-05-12T16:00:00Z,3772982,9.510389
9.02,9.06,8.97,95,8.97,2026-05-12T20:00:00Z,30425,9.006337
8.6,8.98,8.32,5600,8.33,2026-05-13T12:00:00Z,4134595,8.628933
8.34,8.605,8.14,3072,8.605,2026-05-13T16:00:00Z,2935482,8.304247
8.32,8.39,8.31,64,8.37,2026-05-13T20:00:00Z,29761,8.350333
8.24,8.625,8.12,4217,8.41,2026-05-14T12:00:00Z,3052051,8.259106
8.275,8.485,8.13,3106,8.23,2026-05-14T16:00:00Z,3738635,8.242469
8.26,8.36,8.12,76,8.27,2026-05-14T20:00:00Z,21822,8.243208
9.31,9.31,9.01,1200,9.04,2026-05-15T12:00:00Z,1080670,9.188955
