c,h,l,n,o,t,v,vw
177.18,184.19,177.16,154,184.19,2021-01-04T12:00:00Z,13033,180.83633
172.57,177.49,167.17,245,177.49,2021-01-04T16:00:00Z,26646,172.463788
173.66,174.62,171.8,63,172.11,2021-01-04T20:00:00Z,9404,173.493708
175.05,177.49,173.37,118,173.37,2021-01-05T12:00:00Z,12916,175.981329
177.41,178.54,174.25,137,175.04,2021-01-05T16:00:00Z,14088,175.805195
178.13,178.35,176.69,54,177.57,2021-01-05T20:00:00Z,6717,177.912191
176.03,177.08,168.29,150,169.45,2021-01-06T12:00:00Z,11179,171.817237
173.27,178.2,171.92,99,175.79,2021-01-06T16:00:00Z,10464,174.827755
172.34,174.23,170.47,102,172.25,2021-01-06T20:00:00Z,11327,171.693941
182.125,182.13,175.57,78,175.57,2021-01-07T12:00:00Z,6162,179.593448
182.77,183.04,181.17,26,182.06,2021-01-07T16:00:00Z,2209,182.30125
183.88,184.465,182.98,59,182.98,2021-01-07T20:00:00Z,4823,183.859734
187.48,188.57,184.64,91,187.6,2021-01-08T12:00:00Z,7099,187.023235
188.0,188.89,183.61,84,188.5,2021-01-08T16:00:00Z,8264,186.349267
191.28,191.3,188.35,76,188.39,2021-01-08T20:00:00Z,19733,189.849769
185.08,186.36,182.12,127,184.78,2021-01-11T12:00:00Z,9848,184.220951
183.84,186.9,182.4,119,185.3,2021-01-11T16:00:00Z,9912,184.712683
181.84,183.59,180.91,66,183.59,2021-01-11T20:00:00Z,6509,182.026685
181.44,183.98,180.19,64,182.01,2021-01-12T12:00:00Z,5429,182.355723
181.0,183.09,176.62,596,181.1,2021-01-12T16:00:00Z,91780,180.465549
181.22,182.29,180.725,274,181.02,2021-01-12T20:00:00Z,29769,181.339638
184.73,184.96,180.81,108,182.06,2021-01-13T12:00:00Z,11247,182.507135
185.47,186.0,183.79,85,184.89,2021-01-13T16:00:00Z,8634,185.040754
184.82,185.77,184.48,83,185.54,2021-01-13T20:00:00Z,6390,185.047414
187.26,187.26,185.19,65,185.73,2021-01-14T12:00:00Z,5789,185.701661
184.04,186.8,183.45,68,186.8,2021-01-14T16:00:00Z,6876,185.138263
181.76,183.03,181.13,82,182.86,2021-01-14T20:00:00Z,6938,182.013053
177.6,182.98,176.05,114,181.28,2021-01-15T12:00:00Z,12472,178.955893
178.94,180.88,175.69,83,177.86,2021-01-15T16:00:00Z,7259,179.351791
176.01,179.71,176.01,46,178.905,2021-01-15T20:00:00Z,4926,178.152581
180.94,182.69,180.36,125,182.09,2021-01-19T12:00:00Z,11580,181.385085
185.255,185.5,179.75,45,180.755,2021-01-19T16:00:00Z,4940,183.415019
185.805,185.89,185.16,41,185.64,2021-01-19T20:00:00Z,6228,185.484724
196.01,196.05,191.44,39,191.83,2021-01-20T12:00:00Z,3341,193.498029
198.93,198.93,195.51,25,195.525,2021-01-20T16:00:00Z,1884,197.230278
199.01,199.67,199.01,36,199.25,2021-01-20T20:00:00Z,3447,199.299285
101.27,101.27,99.28,79,100.66,2021-01-21T12:00:00Z,9491,99.9869
101.63,101.63,99.96,169,101.42,2021-01-21T16:00:00Z,29324,101.318448
101.71,102.09,101.48,271,101.65,2021-01-21T20:00:00Z,37716,101.710823
100.35,101.36,99.58,81,99.58,2021-01-22T12:00:00Z,7792,100.688735
101.33,101.33,100.26,58,100.68,2021-01-22T16:00:00Z,6337,100.808045
101.095,101.45,100.81,84,101.21,2021-01-22T20:00:00Z,7980,101.206893
100.48,105.01,100.46,189,103.845,2021-01-25T12:00:00Z,20278,103.536945
102.6,102.7,96.88,369,100.78,2021-01-25T16:00:00Z,48687,100.592706
103.09,103.35,101.33,164,102.44,2021-01-25T20:00:00Z,22633,102.441785
103.8,104.015,102.25,121,103.73,2021-01-26T12:00:00Z,13321,103.108135
103.56,104.5,102.9,55,104.48,2021-01-26T16:00:00Z,7666,103.504338
104.97,105.26,103.19,109,103.83,2021-01-26T20:00:00Z,13475,103.703363
100.97,101.11,96.41,364,101.09,2021-01-27T12:00:00Z,39058,98.578762
95.56,100.58,95.0,443,100.57,2021-01-27T16:00:00Z,56037,97.740452
94.05,95.71,91.57,754,95.0,2021-01-27T20:00:00Z,72652,94.367541
98.47,98.63,95.5,231,96.26,2021-01-28T12:00:00Z,25822,97.388031
99.68,100.86,98.62,60,98.94,2021-01-28T16:00:00Z,7823,99.680717
96.0,99.57,96.0,218,99.57,2021-01-28T20:00:00Z,28383,97.8417
94.86,95.645,92.46,243,95.0,2021-01-29T12:00:00Z,26832,94.163848
90.72,94.98,88.84,488,94.98,2021-01-29T16:00:00Z,57514,91.019025
90.04,92.84,90.04,466,91.06,2021-01-29T20:00:00Z,59888,91.623392
93.795,94.9,91.8,197,93.56,2021-02-01T12:00:00Z,22148,93.620237
97.57,97.97,93.38,268,93.85,2021-02-01T16:00:00Z,31462,97.072689
96.89,97.95,96.89,226,97.95,2021-02-01T20:00:00Z,25509,97.677497
101.29,101.67,99.84,211,99.89,2021-02-02T12:00:00Z,22392,100.829808
102.8,102.89,100.89,111,101.265,2021-02-02T16:00:00Z,15201,101.844088
102.2,102.82,101.86,214,102.82,2021-02-02T20:00:00Z,22465,102.452129
101.49,103.84,100.82,325,102.64,2021-02-03T12:00:00Z,38001,102.283598
102.2,103.05,101.38,290,101.5,2021-02-03T16:00:00Z,38387,102.543782
101.08,102.2,100.94,124,102.12,2021-02-03T20:00:00Z,18006,101.425767
101.94,102.56,101.09,104,102.22,2021-02-04T12:00:00Z,12072,101.638929
103.17,103.21,101.53,84,101.7,2021-02-04T16:00:00Z,10599,102.477238
104.61,104.61,103.18,67,103.36,2021-02-04T20:00:00Z,8066,103.674599
104.72,105.05,103.745,68,104.9,2021-02-05T12:00:00Z,8731,104.361502
105.23,106.07,104.16,90,104.8,2021-02-05T16:00:00Z,11181,105.522306
105.49,105.49,104.93,38,105.19,2021-02-05T20:00:00Z,5696,105.124702
106.93,107.47,106.41,108,107.03,2021-02-08T12:00:00Z,14924,106.773159
106.13,106.96,105.63,105,106.96,2021-02-08T16:00:00Z,13639,106.125912
107.28,107.38,106.33,161,106.36,2021-02-08T20:00:00Z,18246,106.746598
107.93,108.51,106.55,132,106.55,2021-02-09T12:00:00Z,14325,107.431336
107.9,107.9,106.87,65,107.86,2021-02-09T16:00:00Z,7682,107.447293
107.35,107.97,107.03,44,107.9,2021-02-09T20:00:00Z,8075,107.516579
105.59,109.02,103.53,438,108.915,2021-02-10T12:00:00Z,47850,105.920485
107.19,107.38,104.63,210,105.43,2021-02-10T16:00:00Z,25456,106.189614
106.28,107.59,105.97,171,107.42,2021-02-10T20:00:00Z,18796,106.600906
108.09,108.72,107.315,207,108.27,2021-02-11T12:00:00Z,21560,108.08569
107.36,108.64,106.165,257,107.79,2021-02-11T16:00:00Z,31208,107.36226
108.5,108.5,107.35,134,107.35,2021-02-11T20:00:00Z,13029,107.984407
108.25,108.49,106.51,130,107.46,2021-02-12T12:00:00Z,12060,107.506528
108.75,109.0,108.06,148,108.385,2021-02-12T16:00:00Z,14913,108.517349
110.14,110.2,108.58,195,108.69,2021-02-12T20:00:00Z,20643,109.494995
110.78,111.805,110.37,526,111.02,2021-02-16T12:00:00Z,81016,111.116396
109.52,110.92,108.14,452,110.92,2021-02-16T16:00:00Z,64386,109.661571
109.37,109.65,108.81,171,109.32,2021-02-16T20:00:00Z,23371,109.23666
106.59,107.32,104.96,389,106.24,2021-02-17T12:00:00Z,42289,105.989636
106.83,107.42,104.18,517,106.56,2021-02-17T16:00:00Z,75909,105.87398
107.68,107.88,106.7,174,106.74,2021-02-17T20:00:00Z,28221,107.509665
103.635,104.86,102.37,280,104.05,2021-02-18T12:00:00Z,33592,103.657991
106.44,106.44,103.18,336,103.455,2021-02-18T16:00:00Z,37142,104.808976
106.25,106.88,106.05,96,106.31,2021-02-18T20:00:00Z,8529,106.527831
107.16,107.47,106.14,197,107.25,2021-02-19T12:00:00Z,21995,106.826434
105.08,107.55,103.9,350,107.08,2021-02-19T16:00:00Z,36954,105.34726
104.77,105.47,104.49,114,105.29,2021-02-19T20:00:00Z,31804,104.985228
98.47,101.68,98.28,362,100.41,2021-02-22T12:00:00Z,36187,100.086445
99.13,100.32,98.01,394,98.4,2021-02-22T16:00:00Z,36716,99.283137
96.62,98.85,96.51,630,98.85,2021-02-22T20:00:00Z,61165,97.065695
93.44,93.9,86.47,1462,91.68,2021-02-23T12:00:00Z,135677,90.328429
94.38,94.39,89.39,698,93.49,2021-02-23T16:00:00Z,87586,92.19328
95.48,97.35,94.42,217,94.64,2021-02-23T20:00:00Z,26952,96.20293
94.275,94.32,90.975,273,93.29,2021-02-24T12:00:00Z,30209,93.003519
96.87,97.5,94.23,986,94.23,2021-02-24T16:00:00Z,121866,96.292771
98.78,98.82,96.71,297,97.11,2021-02-24T20:00:00Z,42538,97.629907
94.38,98.0,92.995,236,95.65,2021-02-25T12:00:00Z,22117,95.433792
89.59,95.35,87.31,820,94.45,2021-02-25T16:00:00Z,73732,90.733887
88.23,89.72,86.48,784,89.675,2021-02-25T20:00:00Z,73452,88.205228
90.43,91.42,86.39,714,90.4,2021-02-26T12:00:00Z,72077,88.872842
91.12,92.94,89.31,181,90.79,2021-02-26T16:00:00Z,23738,90.909173
89.03,92.48,88.66,72,91.3,2021-02-26T20:00:00Z,14014,91.169097
95.2,95.2,92.35,126,93.42,2021-03-01T12:00:00Z,13410,93.692365
97.12,97.12,95.03,199,95.05,2021-03-01T16:00:00Z,23222,95.8878
97.34,97.34,96.39,374,97.03,2021-03-01T20:00:00Z,41538,96.862812
94.8,97.5,94.06,121,97.35,2021-03-02T12:00:00Z,15714,95.332337
94.87,95.47,93.34,109,94.49,2021-03-02T16:00:00Z,16495,94.494751
92.18,95.005,92.11,42,94.87,2021-03-02T20:00:00Z,5801,93.02794
89.11,92.07,87.44,126,91.22,2021-03-03T12:00:00Z,12384,89.161059
86.08,90.17,84.3,424,89.225,2021-03-03T16:00:00Z,45458,86.034795
84.13,86.3,84.13,421,86.09,2021-03-03T20:00:00Z,44489,85.248123
85.11,85.92,80.9,646,84.28,2021-03-04T12:00:00Z,76462,83.583763
80.95,86.56,77.09,875,85.11,2021-03-04T16:00:00Z,97027,81.981648
79.68,81.26,78.98,246,81.26,2021-03-04T20:00:00Z,28827,79.911674
77.61,82.54,77.235,191,82.43,2021-03-05T12:00:00Z,26387,78.961651
83.95,83.95,75.08,297,77.24,2021-03-05T16:00:00Z,42964,79.542423
84.32,84.32,83.61,38,84.04,2021-03-05T20:00:00Z,6327,83.972228
83.69,84.845,81.21,224,81.93,2021-03-08T12:00:00Z,29767,83.045596
79.03,83.48,78.56,199,83.44,2021-03-08T16:00:00Z,24398,80.572615
77.34,78.49,76.34,92,78.49,2021-03-08T20:00:00Z,16377,77.692174
84.075,85.26,82.05,100,82.67,2021-03-09T12:00:00Z,11972,83.754089
86.63,86.965,83.93,164,84.21,2021-03-09T16:00:00Z,21557,85.707804
85.62,87.11,85.495,135,86.45,2021-03-09T20:00:00Z,18776,86.397442
86.03,89.34,85.25,265,87.2,2021-03-10T12:00:00Z,28930,87.419563
86.44,87.02,84.32,239,85.99,2021-03-10T16:00:00Z,23180,85.851789
85.52,86.415,84.88,141,86.415,2021-03-10T20:00:00Z,13000,85.453503
90.4,90.4,88.17,118,89.13,2021-03-11T12:00:00Z,15723,89.31016
91.23,92.165,90.48,235,90.5,2021-03-11T16:00:00Z,22716,91.414857
90.74,91.62,90.74,73,91.085,2021-03-11T20:00:00Z,8084,91.147809
85.23,87.67,85.22,169,87.17,2021-03-12T12:00:00Z,26725,86.79409
87.95,88.32,85.15,151,85.32,2021-03-12T16:00:00Z,18635,87.185153
88.53,88.65,87.36,125,87.94,2021-03-12T20:00:00Z,24254,88.338038
88.48,89.6,87.39,71,88.75,2021-03-15T12:00:00Z,8193,88.447668
91.5,91.5,88.62,122,88.78,2021-03-15T16:00:00Z,17459,89.97802
95.02,95.95,92.83,398,93.4,2021-03-16T12:00:00Z,65537,95.446501
92.93,95.26,91.67,426,95.02,2021-03-16T16:00:00Z,51661,93.912616
89.39,91.51,88.715,507,89.9,2021-03-17T12:00:00Z,69680,90.143887
93.99,95.68,88.765,742,89.13,2021-03-17T16:00:00Z,122239,92.405408
88.7,90.27,88.44,156,89.61,2021-03-18T12:00:00Z,25493,89.327575
85.3,90.21,84.98,649,89.01,2021-03-18T16:00:00Z,82817,87.433859
85.55,86.05,85.55,24,86.05,2021-03-18T20:00:00Z,2200,85.651
86.87,86.87,83.59,259,85.33,2021-03-19T12:00:00Z,31760,85.533696
86.66,87.53,86.27,165,86.78,2021-03-19T16:00:00Z,20105,86.864125
91.34,91.61,88.91,146,89.09,2021-03-22T12:00:00Z,30961,90.165261
91.14,92.8,91.085,396,91.415,2021-03-22T16:00:00Z,50864,91.711609
91.23,91.23,91.23,1,91.23,2021-03-22T20:00:00Z,100,91.23
91.99,93.13,90.92,237,91.65,2021-03-23T12:00:00Z,41433,92.294986
89.73,92.685,89.2,717,92.075,2021-03-23T16:00:00Z,136177,91.150652
90.24,90.24,90.24,1,90.24,2021-03-23T20:00:00Z,150,90.24
88.64,91.04,87.91,95,91.04,2021-03-24T12:00:00Z,11176,89.411279
85.475,89.33,85.395,98,88.81,2021-03-24T16:00:00Z,11686,87.435574
85.51,85.51,85.51,2,85.51,2021-03-24T20:00:00Z,200,85.51
83.6,86.13,81.7,417,83.82,2021-03-25T12:00:00Z,72866,83.195524
84.93,85.82,82.59,845,83.51,2021-03-25T16:00:00Z,182602,84.425841
85.21,85.25,85.21,6,85.25,2021-03-25T20:00:00Z,600,85.23
85.98,86.725,84.68,107,85.1,2021-03-26T12:00:00Z,17864,85.809748
88.85,88.85,83.925,445,85.73,2021-03-26T16:00:00Z,57138,85.86875
88.59,88.59,88.59,1,88.59,2021-03-26T20:00:00Z,100,88.59
87.74,88.61,85.94,146,88.29,2021-03-29T12:00:00Z,20583,87.22665
88.21,89.48,86.58,293,87.33,2021-03-29T16:00:00Z,38282,88.324359
86.59,87.76,85.0,239,86.96,2021-03-30T12:00:00Z,32030,86.431536
86.57,87.61,85.96,497,86.67,2021-03-30T16:00:00Z,47283,86.900739
87.21,87.21,87.21,1,87.21,2021-03-30T20:00:00Z,100,87.21
91.87,91.925,88.69,277,88.82,2021-03-31T12:00:00Z,30496,91.065184
91.21,92.58,90.92,571,91.98,2021-03-31T16:00:00Z,100279,92.002582
95.08,96.03,94.52,193,94.61,2021-04-01T12:00:00Z,32939,95.277782
95.965,95.995,94.79,733,95.08,2021-04-01T16:00:00Z,92980,95.465948
95.89,95.89,95.89,2,95.89,2021-04-01T20:00:00Z,102,95.89
100.8,101.15,98.06,110,98.31,2021-04-05T12:00:00Z,12226,99.323759
101.855,102.21,100.9,275,100.9,2021-04-05T16:00:00Z,26322,101.777181
101.56,101.56,101.56,1,101.56,2021-04-05T20:00:00Z,100,101.56
103.05,103.13,101.01,69,101.36,2021-04-06T12:00:00Z,7898,102.055149
101.41,102.995,100.88,300,102.995,2021-04-06T16:00:00Z,24730,101.789125
101.48,101.48,101.45,2,101.45,2021-04-06T20:00:00Z,200,101.465
102.05,102.73,100.24,608,101.03,2021-04-07T12:00:00Z,127943,102.010768
102.12,102.97,101.27,912,102.07,2021-04-07T16:00:00Z,141298,102.021039
104.76,105.32,104.21,86,104.78,2021-04-08T12:00:00Z,13674,104.702375
105.27,105.27,104.795,754,104.93,2021-04-08T16:00:00Z,54934,105.091155
105.79,105.79,103.49,114,104.09,2021-04-09T12:00:00Z,21098,104.360266
107.18,107.41,105.59,1150,105.83,2021-04-09T16:00:00Z,139665,106.281509
106.0,106.55,105.25,77,106.15,2021-04-12T12:00:00Z,9438,106.054362
106.74,107.13,105.87,214,106.21,2021-04-12T16:00:00Z,19892,106.466205
106.99,106.99,106.99,1,106.99,2021-04-12T20:00:00Z,150,106.99
108.71,109.86,108.17,116,108.17,2021-04-13T12:00:00Z,19183,109.171825
110.67,111.0,109.52,194,109.82,2021-04-13T16:00:00Z,17811,110.507737
108.955,110.77,107.9,123,110.77,2021-04-14T12:00:00Z,14996,109.341767
106.07,109.165,105.9,257,108.52,2021-04-14T16:00:00Z,23425,106.98638
106.92,106.92,106.92,2,106.92,2021-04-14T20:00:00Z,200,106.92
110.05,111.23,109.26,129,109.46,2021-04-15T12:00:00Z,17216,109.983202
111.31,111.75,110.07,250,110.11,2021-04-15T16:00:00Z,22979,111.167977
110.78,111.68,110.04,86,111.68,2021-04-16T12:00:00Z,11569,110.725693
111.79,111.96,111.045,104,111.41,2021-04-16T16:00:00Z,10569,111.688178
108.1,111.33,107.78,199,110.23,2021-04-19T12:00:00Z,20837,109.241511
108.4,108.6,106.76,274,108.17,2021-04-19T16:00:00Z,26150,107.954409
105.775,108.96,104.43,130,108.365,2021-04-20T12:00:00Z,19907,106.125341
106.07,106.66,104.75,484,105.79,2021-04-20T16:00:00Z,47677,105.869149
107.67,107.67,104.82,156,105.01,2021-04-21T12:00:00Z,25359,106.396625
109.08,109.22,107.42,201,107.675,2021-04-21T16:00:00Z,20623,108.264651
108.9,109.51,107.76,175,108.81,2021-04-22T12:00:00Z,25920,108.688283
105.12,109.57,103.96,518,108.99,2021-04-22T16:00:00Z,64301,106.217637
109.065,109.27,105.82,119,105.82,2021-04-23T12:00:00Z,14320,107.361578
109.16,110.24,108.985,330,109.265,2021-04-23T16:00:00Z,34409,109.663219
108.85,108.85,108.85,1,108.85,2021-04-23T20:00:00Z,150,108.85
110.15,110.58,108.57,106,109.16,2021-04-26T12:00:00Z,12661,109.808336
111.11,111.46,109.95,609,110.22,2021-04-26T16:00:00Z,54437,110.853843
110.9,110.9,110.9,1,110.9,2021-04-26T20:00:00Z,100,110.9
110.12,111.45,109.0,125,111.25,2021-04-27T12:00:00Z,20417,109.852491
109.86,110.35,109.48,254,110.04,2021-04-27T16:00:00Z,27319,109.98349
108.46,110.19,108.3,65,109.41,2021-04-28T12:00:00Z,8129,109.0872
108.29,110.2,108.07,224,108.21,2021-04-28T16:00:00Z,25027,109.038605
109.21,109.21,109.21,1,109.21,2021-04-28T20:00:00Z,100,109.21
107.44,112.19,107.35,87,111.79,2021-04-29T12:00:00Z,14039,109.448375
109.67,110.33,106.66,308,106.66,2021-04-29T16:00:00Z,39557,109.030019
109.36,109.36,109.36,1,109.36,2021-04-29T20:00:00Z,150,109.36
108.65,109.73,107.06,101,107.06,2021-04-30T12:00:00Z,13109,108.767096
107.03,108.83,106.78,352,108.61,2021-04-30T16:00:00Z,28560,107.443297
106.42,109.225,105.61,133,108.66,2021-05-03T12:00:00Z,14136,107.343852
105.72,106.39,105.5,147,106.22,2021-05-03T16:00:00Z,15210,105.971286
96.9,103.54,96.6,275,103.4,2021-05-04T12:00:00Z,44806,99.706716
99.935,99.935,96.85,406,97.22,2021-05-04T16:00:00Z,39893,98.376031
99.78,99.78,99.78,1,99.78,2021-05-04T20:00:00Z,100,99.78
101.93,102.81,100.06,650,102.13,2021-05-05T12:00:00Z,133533,101.665256
98.915,102.08,98.49,951,102.01,2021-05-05T16:00:00Z,194818,100.41003
100.27,100.56,97.27,143,98.82,2021-05-06T12:00:00Z,21855,98.540215
101.4,101.4,98.57,295,100.21,2021-05-06T16:00:00Z,24056,100.068502
105.43,106.01,102.81,694,104.03,2021-05-07T12:00:00Z,119496,104.797112
103.95,105.46,102.87,827,105.39,2021-05-07T16:00:00Z,122871,104.105115
99.52,102.65,98.23,713,102.65,2021-05-10T12:00:00Z,87045,99.553878
95.94,100.07,95.81,791,99.56,2021-05-10T16:00:00Z,89216,97.649725
94.75,95.06,90.17,779,90.18,2021-05-11T12:00:00Z,122169,93.065454
95.67,96.19,93.54,1224,94.71,2021-05-11T16:00:00Z,211267,95.179661
88.46,93.13,88.37,386,90.83,2021-05-12T12:00:00Z,52269,90.181488
88.15,90.02,87.33,968,88.58,2021-05-12T16:00:00Z,146150,88.553754
88.11,88.11,87.88,2,87.88,2021-05-12T20:00:00Z,250,88.018
89.6,92.61,89.32,1139,90.73,2021-05-13T12:00:00Z,238277,91.342033
90.13,91.54,88.16,357,90.32,2021-05-13T16:00:00Z,34965,90.46139
94.9,95.235,92.47,1016,93.04,2021-05-14T12:00:00Z,195396,94.091454
96.13,96.875,94.85,654,94.92,2021-05-14T16:00:00Z,72104,95.783245
92.84,94.98,92.8,269,94.52,2021-05-17T12:00:00Z,33541,93.976412
94.34,94.34,91.83,310,92.65,2021-05-17T16:00:00Z,31596,93.569236
94.93,96.25,94.37,230,95.29,2021-05-18T12:00:00Z,34399,95.231956
92.27,95.84,92.27,1227,94.81,2021-05-18T16:00:00Z,201340,94.531758
90.69,90.83,87.4,175,87.59,2021-05-19T12:00:00Z,26845,88.853561
92.9,92.98,90.28,224,90.78,2021-05-19T16:00:00Z,26961,91.60468
92.35,92.44,92.35,2,92.44,2021-05-19T20:00:00Z,200,92.395
98.145,98.45,93.83,335,93.99,2021-05-20T12:00:00Z,33397,96.528923
98.22,98.84,97.33,396,97.84,2021-05-20T16:00:00Z,35072,98.087263
96.8,99.77,96.8,176,99.53,2021-05-21T12:00:00Z,17929,98.416203
96.28,97.545,96.12,414,96.91,2021-05-21T16:00:00Z,39356,96.787187
96.55,96.55,96.55,1,96.55,2021-05-21T20:00:00Z,100,96.55
101.68,101.68,98.55,112,98.55,2021-05-24T12:00:00Z,16667,100.711202
101.21,102.29,101.19,490,101.84,2021-05-24T16:00:00Z,50017,101.799193
101.26,103.44,100.79,122,103.07,2021-05-25T12:00:00Z,15806,101.723798
101.73,101.79,100.94,212,101.4,2021-05-25T16:00:00Z,22243,101.395247
102.985,103.06,101.85,103,102.38,2021-05-26T12:00:00Z,12632,102.606145
102.595,103.15,102.2,166,102.96,2021-05-26T16:00:00Z,16040,102.615976
102.71,103.01,101.555,90,102.46,2021-05-27T12:00:00Z,9729,102.512743
102.13,102.735,101.52,141,102.735,2021-05-27T16:00:00Z,19022,101.847406
103.73,103.73,102.61,72,102.95,2021-05-28T12:00:00Z,8018,103.182035
102.46,104.06,102.33,303,103.77,2021-05-28T16:00:00Z,22237,103.159667
101.57,103.86,100.35,197,103.77,2021-06-01T12:00:00Z,17408,101.580951
101.53,102.45,101.38,126,101.59,2021-06-01T16:00:00Z,15380,101.840361
102.71,102.94,101.92,63,101.98,2021-06-02T12:00:00Z,9740,102.585878
102.15,102.56,100.57,215,102.49,2021-06-02T16:00:00Z,18135,101.475361
98.89,100.625,97.41,223,99.49,2021-06-03T12:00:00Z,23976,99.026867
98.88,100.24,98.77,122,99.43,2021-06-03T16:00:00Z,15240,99.556656
103.77,104.02,100.76,183,100.76,2021-06-04T12:00:00Z,21224,103.21503
104.0,104.36,103.67,199,103.695,2021-06-04T16:00:00Z,17733,104.042325
103.4,103.71,102.95,101,103.45,2021-06-07T12:00:00Z,10854,103.360692
104.88,104.93,103.52,143,103.79,2021-06-07T16:00:00Z,13066,104.283704
104.32,107.345,103.485,148,106.58,2021-06-08T12:00:00Z,18294,105.620502
105.045,105.52,104.56,68,104.7,2021-06-08T16:00:00Z,8867,104.998181
105.4,106.97,105.4,86,106.4,2021-06-09T12:00:00Z,9165,106.187776
105.15,106.435,105.0,62,105.58,2021-06-09T16:00:00Z,8358,105.660829
107.38,108.28,105.05,191,105.49,2021-06-10T12:00:00Z,24728,106.986844
108.41,108.47,107.45,155,107.59,2021-06-10T16:00:00Z,19271,107.947113
108.27,108.7,107.77,68,108.4,2021-06-11T12:00:00Z,7427,108.362254
109.16,109.16,108.11,395,108.41,2021-06-11T16:00:00Z,38728,108.818122
109.12,109.12,109.12,1,109.12,2021-06-11T20:00:00Z,100,109.12
110.23,110.3,108.88,121,109.51,2021-06-14T12:00:00Z,18233,109.677477
112.205,112.205,110.185,288,110.27,2021-06-14T16:00:00Z,28571,111.038154
112.08,112.08,112.08,1,112.08,2021-06-14T20:00:00Z,150,112.08
110.645,112.42,110.29,50,112.42,2021-06-15T12:00:00Z,4756,111.15523
109.87,110.945,109.53,183,110.945,2021-06-15T16:00:00Z,24291,110.079338
110.14,111.59,110.14,89,110.62,2021-06-16T12:00:00Z,15260,111.080473
108.88,110.4,105.53,918,110.0,2021-06-16T16:00:00Z,110606,108.601621
113.59,113.77,107.97,176,107.97,2021-06-17T12:00:00Z,22051,110.85166
113.32,114.03,111.15,241,112.495,2021-06-17T16:00:00Z,32847,113.161782
110.37,112.48,109.74,336,111.58,2021-06-18T12:00:00Z,41121,111.645799
110.24,111.98,110.0,271,110.56,2021-06-18T16:00:00Z,23571,111.009628
112.15,112.52,108.44,386,110.7,2021-06-21T12:00:00Z,44041,110.762038
112.54,112.71,111.78,321,112.15,2021-06-21T16:00:00Z,43307,112.256332
114.14,114.43,112.03,171,112.39,2021-06-22T12:00:00Z,17689,113.411302
115.585,116.03,114.29,203,114.29,2021-06-22T16:00:00Z,23391,115.222541
116.17,116.945,115.46,192,115.79,2021-06-23T12:00:00Z,23153,116.221412
115.7,116.38,114.93,258,116.23,2021-06-23T16:00:00Z,36415,115.794923
118.71,119.22,117.755,149,117.755,2021-06-24T12:00:00Z,20247,118.463244
117.89,119.29,117.4,204,118.9,2021-06-24T16:00:00Z,23679,118.096408
117.97,118.665,116.89,143,118.42,2021-06-25T12:00:00Z,16225,117.586198
117.485,117.93,117.0,205,117.87,2021-06-25T16:00:00Z,27244,117.348678
120.88,121.08,118.755,299,118.85,2021-06-28T12:00:00Z,40457,120.366823
121.73,121.86,120.35,417,120.68,2021-06-28T16:00:00Z,44204,121.308349
122.0,122.2,120.75,461,121.55,2021-06-29T12:00:00Z,59032,121.601238
122.99,123.045,121.83,400,122.04,2021-06-29T16:00:00Z,45239,122.647309
123.4,123.4,123.4,2,123.4,2021-06-29T20:00:00Z,300,123.4
122.78,123.24,122.04,310,122.815,2021-06-30T12:00:00Z,33086,122.707611
122.63,123.115,121.85,428,122.7,2021-06-30T16:00:00Z,45344,122.607082
121.82,123.11,120.65,195,121.775,2021-07-01T12:00:00Z,24103,122.054623
122.56,122.695,121.16,684,121.83,2021-07-01T16:00:00Z,85672,122.198027
125.7,125.7,124.54,167,124.6,2021-07-02T12:00:00Z,14749,124.976483
126.79,127.12,125.495,260,125.53,2021-07-02T16:00:00Z,24503,126.444859
126.95,128.64,126.55,213,127.54,2021-07-06T12:00:00Z,24098,127.789529
128.44,128.56,124.6,315,126.68,2021-07-06T16:00:00Z,29052,126.877711
129.4,131.22,127.2,303,130.49,2021-07-07T12:00:00Z,35935,129.474114
129.15,129.72,128.36,125,129.54,2021-07-07T16:00:00Z,15685,129.07755
125.76,126.03,122.4,608,122.68,2021-07-08T12:00:00Z,63457,124.098095
126.98,127.68,125.41,367,125.99,2021-07-08T16:00:00Z,34273,126.435824
129.06,129.25,125.78,308,126.35,2021-07-09T12:00:00Z,32061,127.571885
129.27,129.66,128.93,239,129.07,2021-07-09T16:00:00Z,32367,129.307824
129.98,131.07,129.15,192,130.98,2021-07-12T12:00:00Z,21662,130.19428
130.75,130.82,129.6,245,129.88,2021-07-12T16:00:00Z,23865,130.362751
133.865,133.91,130.09,215,130.31,2021-07-13T12:00:00Z,24094,132.164018
130.355,133.795,129.96,485,133.775,2021-07-13T16:00:00Z,43476,131.467599
130.65,134.0,130.65,252,133.3,2021-07-14T12:00:00Z,29484,133.054202
131.08,132.73,130.9,266,130.9,2021-07-14T16:00:00Z,39822,131.900828
128.13,131.52,127.68,452,131.4,2021-07-15T12:00:00Z,50801,129.792951
128.46,128.68,126.51,330,127.64,2021-07-15T16:00:00Z,40650,127.602745
127.18,130.64,126.28,394,129.69,2021-07-16T12:00:00Z,47994,128.682899
125.44,128.38,125.23,363,127.11,2021-07-16T16:00:00Z,49249,126.472276
122.06,122.92,119.73,849,121.43,2021-07-19T12:00:00Z,118290,121.340657
121.85,122.03,119.81,496,121.99,2021-07-19T16:00:00Z,69333,120.798643
122.67,122.67,122.67,2,122.67,2021-07-19T20:00:00Z,250,122.67
126.24,126.24,121.73,407,123.64,2021-07-20T12:00:00Z,51913,123.78282
126.77,128.26,126.37,227,126.42,2021-07-20T16:00:00Z,37911,127.268812
128.25,128.4,126.08,214,126.29,2021-07-21T12:00:00Z,26027,127.445122
129.3,129.41,127.23,285,128.22,2021-07-21T16:00:00Z,37911,128.490137
131.46,131.98,129.88,260,129.89,2021-07-22T12:00:00Z,29759,131.054207
132.08,132.14,130.16,211,131.55,2021-07-22T16:00:00Z,24883,131.460558
135.85,136.03,132.5,187,133.865,2021-07-23T12:00:00Z,19267,134.38897
136.7,137.08,135.61,391,135.95,2021-07-23T16:00:00Z,46032,136.631798
137.34,137.35,135.22,147,136.03,2021-07-26T12:00:00Z,16484,136.500296
137.1,137.53,136.29,296,137.39,2021-07-26T16:00:00Z,27712,136.921786
130.04,136.82,129.2,208,136.82,2021-07-27T12:00:00Z,33457,133.626687
132.52,132.52,127.92,569,129.09,2021-07-27T16:00:00Z,64734,130.787246
131.56,132.26,130.62,8,132.26,2021-07-27T20:00:00Z,679,131.296923
133.98,135.65,131.3,481,133.73,2021-07-28T12:00:00Z,52498,133.639387
134.35,134.915,132.1,320,134.29,2021-07-28T16:00:00Z,39794,133.711147
135.25,136.1,133.64,177,133.66,2021-07-29T12:00:00Z,16663,135.337758
134.93,135.98,134.745,226,135.35,2021-07-29T16:00:00Z,19318,135.318778
131.66,134.04,131.66,7,134.04,2021-07-29T20:00:00Z,700,132.288571
131.98,133.295,130.32,214,130.4,2021-07-30T12:00:00Z,24279,131.909031
132.45,133.28,132.07,133,132.07,2021-07-30T16:00:00Z,22097,132.47807
133.92,135.11,132.255,197,134.55,2021-08-02T12:00:00Z,17670,133.896322
132.55,134.155,132.1,218,133.82,2021-08-02T16:00:00Z,19988,133.232642
134.21,134.21,129.98,387,133.2,2021-08-03T12:00:00Z,43166,131.772441
135.07,135.1,133.33,174,134.34,2021-08-03T16:00:00Z,23383,134.340058
135.24,135.62,134.0,108,135.0,2021-08-04T12:00:00Z,13532,134.875304
135.86,136.66,135.21,183,135.34,2021-08-04T16:00:00Z,20363,135.967078
135.95,135.95,135.785,24,135.8,2021-08-04T20:00:00Z,2400,135.84625
137.73,138.28,135.93,226,136.61,2021-08-05T12:00:00Z,21969,137.206491
138.42,138.42,137.58,171,137.74,2021-08-05T16:00:00Z,17945,137.991688
136.53,137.71,135.17,238,136.9,2021-08-06T12:00:00Z,21634,136.685329
136.49,136.78,135.84,99,136.64,2021-08-06T16:00:00Z,9598,136.299237
136.3,136.3,136.3,1,136.3,2021-08-06T20:00:00Z,150,136.3
137.05,137.52,135.82,133,137.18,2021-08-09T12:00:00Z,12174,136.753086
137.12,137.74,136.71,170,137.25,2021-08-09T16:00:00Z,16476,137.203825
135.24,138.08,133.85,175,137.79,2021-08-10T12:00:00Z,16986,136.23968
134.98,135.98,134.475,183,135.24,2021-08-10T16:00:00Z,24266,134.958762
133.46,137.0,132.96,146,136.45,2021-08-11T12:00:00Z,17273,134.950393
134.25,134.635,133.39,131,133.39,2021-08-11T16:00:00Z,13326,134.151447
135.44,135.58,132.25,153,133.79,2021-08-12T12:00:00Z,15948,133.645879
135.92,136.16,134.82,83,135.34,2021-08-12T16:00:00Z,8531,135.702857
136.42,137.56,135.87,171,136.22,2021-08-13T12:00:00Z,14049,136.487056
137.19,137.19,136.465,83,136.59,2021-08-13T16:00:00Z,12033,136.833063
137.19,137.19,137.19,1,137.19,2021-08-13T20:00:00Z,150,137.19
133.46,136.6,131.73,300,136.08,2021-08-16T12:00:00Z,29121,133.884117
137.295,137.295,133.34,274,133.34,2021-08-16T16:00:00Z,30783,135.849777
132.12,135.25,132.12,405,134.27,2021-08-17T12:00:00Z,47168,133.768735
133.65,133.65,130.99,420,132.005,2021-08-17T16:00:00Z,53883,132.384393
132.9,132.9,132.9,1,132.9,2021-08-17T20:00:00Z,150,132.9
133.17,134.66,132.83,198,132.98,2021-08-18T12:00:00Z,26657,133.716767
129.65,134.48,129.52,479,133.38,2021-08-18T16:00:00Z,56525,132.342428
133.13,133.27,127.46,524,127.49,2021-08-19T12:00:00Z,51830,129.933782
131.73,133.52,129.99,412,133.42,2021-08-19T16:00:00Z,61024,132.065068
134.09,136.19,132.9,227,133.01,2021-08-20T12:00:00Z,27819,134.679736
135.96,136.26,134.06,210,134.14,2021-08-20T16:00:00Z,20496,135.490244
141.99,142.04,137.02,198,137.1,2021-08-23T12:00:00Z,19893,139.787902
141.76,142.66,141.67,193,141.99,2021-08-23T16:00:00Z,19578,142.154464
143.04,143.9,142.11,207,142.79,2021-08-24T12:00:00Z,18623,143.025651
143.2,143.7,142.64,99,143.35,2021-08-24T16:00:00Z,10131,143.144833
143.4,144.25,142.63,136,143.47,2021-08-25T12:00:00Z,15479,143.390984
143.48,143.94,142.96,129,143.21,2021-08-25T16:00:00Z,27832,143.687665
142.02,143.46,140.58,288,142.74,2021-08-26T12:00:00Z,39490,142.406213
140.96,143.07,140.73,240,142.56,2021-08-26T16:00:00Z,27342,141.956216
141.29,141.3,140.94,9,140.94,2021-08-26T20:00:00Z,998,141.225371
144.6,145.11,141.5,232,141.68,2021-08-27T12:00:00Z,25107,143.53546
145.2,145.6,144.56,272,144.88,2021-08-27T16:00:00Z,25480,145.192439
149.89,149.89,146.0,281,146.0,2021-08-30T12:00:00Z,20388,148.138709
150.01,150.49,149.09,205,149.76,2021-08-30T16:00:00Z,19351,149.85696
149.5,150.22,147.88,274,150.22,2021-08-31T12:00:00Z,22736,148.703235
149.56,150.09,148.99,280,149.35,2021-08-31T16:00:00Z,27075,149.497783
152.2,152.67,150.82,252,151.16,2021-09-01T12:00:00Z,26895,152.049082
150.24,152.47,150.08,210,152.36,2021-09-01T16:00:00Z,22286,151.330211
151.03,152.08,150.76,47,152.08,2021-09-02T12:00:00Z,4888,151.321559
149.92,150.84,148.67,428,150.83,2021-09-02T16:00:00Z,44445,149.738733
151.05,151.45,148.82,89,149.23,2021-09-03T12:00:00Z,14217,150.137818
151.43,151.8,150.835,192,150.835,2021-09-03T16:00:00Z,15409,151.413316
151.84,152.15,150.5,123,151.59,2021-09-07T12:00:00Z,26256,151.403319
152.09,152.81,151.96,121,152.03,2021-09-07T16:00:00Z,11175,152.441139
148.12,151.78,147.835,124,151.78,2021-09-08T12:00:00Z,21441,149.988015
150.235,150.575,147.78,121,147.8,2021-09-08T16:00:00Z,14628,149.85243
150.75,151.96,150.75,42,150.79,2021-09-09T12:00:00Z,4123,151.420367
148.7,151.04,148.65,97,150.74,2021-09-09T16:00:00Z,14546,149.440105
148.545,151.72,148.545,116,151.33,2021-09-10T12:00:00Z,16921,150.665036
145.3,150.075,145.22,158,148.63,2021-09-10T16:00:00Z,29289,146.580976
143.74,148.51,142.975,178,147.935,2021-09-13T12:00:00Z,23425,144.873121
145.15,145.48,142.84,159,144.855,2021-09-13T16:00:00Z,23858,144.19913
146.31,147.76,144.2,298,147.11,2021-09-14T12:00:00Z,30878,145.79564
143.65,146.24,142.87,297,146.24,2021-09-14T16:00:00Z,50631,143.846101
144.34,144.34,144.34,1,144.34,2021-09-14T20:00:00Z,100,144.34
143.2,145.25,141.83,500,145.02,2021-09-15T12:00:00Z,82317,143.146131
146.95,147.49,143.12,207,143.18,2021-09-15T16:00:00Z,23798,145.843354
144.23,146.18,143.37,285,145.7,2021-09-16T12:00:00Z,25247,144.45079
147.5,148.08,144.43,305,144.5,2021-09-16T16:00:00Z,33084,146.427634
141.96,146.55,141.425,615,146.55,2021-09-17T12:00:00Z,61897,143.91664
142.49,143.4,141.06,425,142.09,2021-09-17T16:00:00Z,49790,142.202858
132.12,137.32,132.06,583,135.21,2021-09-20T12:00:00Z,57258,134.366967
133.285,133.285,128.01,517,132.02,2021-09-20T16:00:00Z,68898,130.783942
135.83,136.59,132.6,432,135.34,2021-09-21T12:00:00Z,41051,134.434855
134.34,136.24,133.35,235,136.08,2021-09-21T16:00:00Z,29608,134.699941
137.92,138.33,133.64,278,135.05,2021-09-22T12:00:00Z,30331,135.967985
137.56,139.11,135.73,902,137.71,2021-09-22T16:00:00Z,111798,137.651301
141.7,142.26,138.47,443,139.18,2021-09-23T12:00:00Z,54024,140.549684
141.34,142.52,140.84,174,141.54,2021-09-23T16:00:00Z,21602,141.8389
140.06,140.27,138.33,407,138.67,2021-09-24T12:00:00Z,45759,139.25416
141.93,142.16,139.88,224,139.98,2021-09-24T16:00:00Z,24037,141.066212
141.85,141.85,141.85,1,141.85,2021-09-24T20:00:00Z,100,141.85
136.79,139.005,135.52,631,138.06,2021-09-27T12:00:00Z,82263,137.259004
138.3,139.33,136.4,287,137.22,2021-09-27T16:00:00Z,32238,138.333338
137.87,137.97,137.84,10,137.93,2021-09-27T20:00:00Z,1000,137.888
127.81,133.88,126.72,866,133.01,2021-09-28T12:00:00Z,88989,129.768657
126.66,129.62,126.1,788,127.43,2021-09-28T16:00:00Z,94698,127.553344
126.26,126.28,126.12,4,126.13,2021-09-28T20:00:00Z,400,126.1975
127.28,130.18,126.52,448,127.77,2021-09-29T12:00:00Z,56748,128.477332
125.94,128.84,125.44,506,127.55,2021-09-29T16:00:00Z,68521,127.15235
126.34,129.48,125.53,427,127.77,2021-09-30T12:00:00Z,51140,127.779156
125.03,128.18,124.56,770,126.33,2021-09-30T16:00:00Z,95746,125.853149
124.46,125.78,120.92,961,125.71,2021-10-01T12:00:00Z,121012,123.098915
126.48,127.87,123.66,631,124.86,2021-10-01T16:00:00Z,118612,126.28672
126.74,126.91,126.69,27,126.91,2021-10-01T20:00:00Z,2700,126.781296
117.79,125.48,116.95,919,124.88,2021-10-04T12:00:00Z,95029,119.871312
118.795,119.75,116.5,800,118.09,2021-10-04T16:00:00Z,88696,117.989943
119.39,119.47,119.26,4,119.26,2021-10-04T20:00:00Z,500,119.379
124.62,124.89,119.73,652,120.07,2021-10-05T12:00:00Z,76909,122.482465
123.54,125.925,123.54,382,124.51,2021-10-05T16:00:00Z,41227,125.038675
123.78,124.4,119.29,774,120.1,2021-10-06T12:00:00Z,98140,122.305298
126.24,126.24,121.45,807,123.71,2021-10-06T16:00:00Z,112127,124.029071
132.27,132.3,129.15,588,130.44,2021-10-07T12:00:00Z,68021,131.020191
129.37,132.26,128.99,328,132.26,2021-10-07T16:00:00Z,38006,130.83709
127.85,131.87,127.47,749,129.95,2021-10-08T12:00:00Z,94388,128.960324
127.45,128.88,127.01,550,127.8,2021-10-08T16:00:00Z,99486,127.952467
128.86,129.62,124.29,365,124.31,2021-10-11T12:00:00Z,64102,128.156638
124.825,128.8,124.815,453,128.8,2021-10-11T16:00:00Z,76896,126.866861
124.66,126.58,122.97,622,126.09,2021-10-12T12:00:00Z,118577,124.56715
123.44,125.32,122.64,438,124.79,2021-10-12T16:00:00Z,93501,123.78148
121.86,121.86,121.86,1,121.86,2021-10-12T20:00:00Z,150,121.86
125.14,126.52,123.61,410,123.89,2021-10-13T12:00:00Z,56763,125.044645
126.05,126.855,124.55,328,124.96,2021-10-13T16:00:00Z,46216,125.705988
126.26,126.29,126.01,51,126.22,2021-10-13T20:00:00Z,5000,126.215714
132.66,132.67,129.55,396,130.2,2021-10-14T12:00:00Z,45848,131.184219
133.17,133.39,132.61,345,132.72,2021-10-14T16:00:00Z,38006,133.003935
133.91,133.96,133.53,35,133.53,2021-10-14T20:00:00Z,3100,133.883793
134.01,135.31,133.65,332,134.56,2021-10-15T12:00:00Z,37502,134.285301
135.79,135.81,134.05,244,134.06,2021-10-15T16:00:00Z,26424,134.916416
135.88,135.93,135.8,37,135.82,2021-10-15T20:00:00Z,3493,135.852121
137.92,137.92,133.82,268,134.27,2021-10-18T12:00:00Z,45816,136.400434
139.94,139.96,137.62,198,137.62,2021-10-18T16:00:00Z,30525,138.917579
142.53,142.53,140.35,266,141.16,2021-10-19T12:00:00Z,40257,141.592914
142.9,142.95,141.99,149,142.46,2021-10-19T16:00:00Z,20743,142.563616
143.26,143.52,143.19,39,143.47,2021-10-19T20:00:00Z,3837,143.38
143.51,144.19,142.47,416,143.61,2021-10-20T12:00:00Z,55201,143.359589
142.245,143.345,140.79,356,143.345,2021-10-20T16:00:00Z,44094,141.983304
143.43,144.15,141.28,219,141.73,2021-10-21T12:00:00Z,30415,142.862514
145.18,145.18,142.99,705,143.47,2021-10-21T16:00:00Z,102220,143.996456
142.35,144.99,142.09,28,144.91,2021-10-21T20:00:00Z,2749,143.089815
140.57,144.61,139.36,720,143.28,2021-10-22T12:00:00Z,108508,141.360027
141.24,142.36,140.1,417,140.24,2021-10-22T16:00:00Z,51523,141.214655
140.74,140.74,140.74,1,140.74,2021-10-22T20:00:00Z,100,140.74
143.84,143.905,140.84,259,143.08,2021-10-25T12:00:00Z,32525,142.676037
145.29,146.68,143.93,312,143.93,2021-10-25T16:00:00Z,35720,145.281678
145.98,146.15,145.98,7,146.03,2021-10-25T20:00:00Z,700,146.071429
148.14,151.095,147.98,366,148.33,2021-10-26T12:00:00Z,39720,149.564555
146.95,148.37,145.7,387,148.15,2021-10-26T16:00:00Z,52955,147.206684
146.99,147.11,146.37,31,146.37,2021-10-26T20:00:00Z,3000,146.861724
149.58,150.17,147.38,473,147.43,2021-10-27T12:00:00Z,66770,148.968891
148.135,151.68,148.03,451,150.25,2021-10-27T16:00:00Z,63235,149.931514
151.76,152.71,149.63,349,150.25,2021-10-28T12:00:00Z,49002,151.582596
152.96,152.99,150.87,784,152.045,2021-10-28T16:00:00Z,117381,152.225302
150.33,151.41,149.68,18,151.41,2021-10-28T20:00:00Z,1765,150.249143
152.35,152.47,148.78,463,148.78,2021-10-29T12:00:00Z,60119,150.984632
155.38,155.38,152.22,363,152.22,2021-10-29T16:00:00Z,38409,153.82988
155.84,156.07,153.41,324,155.84,2021-11-01T12:00:00Z,31436,154.68908
156.85,156.85,153.83,297,155.79,2021-11-01T16:00:00Z,30735,155.241715
158.19,159.25,155.97,348,155.97,2021-11-02T12:00:00Z,39893,157.8427
158.88,159.27,157.22,205,157.84,2021-11-02T16:00:00Z,23629,158.218749
159.41,159.81,158.27,155,159.81,2021-11-03T12:00:00Z,21813,158.825416
163.835,164.16,158.97,593,159.365,2021-11-03T16:00:00Z,84707,161.21055
163.72,163.78,163.72,4,163.78,2021-11-03T20:00:00Z,400,163.755
168.92,169.92,164.77,587,165.91,2021-11-04T12:00:00Z,84001,167.742416
170.1,171.34,168.57,443,169.19,2021-11-04T16:00:00Z,69288,169.656967
170.03,170.03,170.0,4,170.0,2021-11-04T20:00:00Z,400,170.015
172.91,173.44,171.74,333,171.93,2021-11-05T12:00:00Z,49294,172.724247
170.42,173.2,168.945,364,173.2,2021-11-05T16:00:00Z,62089,170.558509
170.26,171.78,169.1,109,170.62,2021-11-08T12:00:00Z,15841,170.530259
171.12,171.44,169.405,72,170.17,2021-11-08T16:00:00Z,8266,170.4735
169.8,171.06,169.41,34,170.98,2021-11-08T20:00:00Z,4173,170.130644
167.49,171.59,165.7,497,171.41,2021-11-09T12:00:00Z,75270,167.816402
166.28,168.145,164.64,398,167.42,2021-11-09T16:00:00Z,64557,166.37136
166.24,166.48,165.55,100,165.95,2021-11-09T20:00:00Z,14932,166.07274
164.78,166.34,160.94,450,164.3,2021-11-10T12:00:00Z,74832,163.822315
157.72,165.57,156.73,702,165.04,2021-11-10T16:00:00Z,114845,160.503234
159.3,159.93,157.17,267,157.39,2021-11-10T20:00:00Z,38342,158.768871
161.99,162.91,161.15,179,162.71,2021-11-11T12:00:00Z,22796,162.055914
160.77,162.47,160.59,130,161.95,2021-11-11T16:00:00Z,18026,161.338891
160.49,160.73,160.11,49,160.49,2021-11-11T20:00:00Z,8111,160.369427
162.95,162.95,159.76,237,161.84,2021-11-12T12:00:00Z,34142,161.230463
164.85,165.57,163.115,362,163.14,2021-11-12T16:00:00Z,57949,164.766997
165.75,166.06,164.76,172,164.76,2021-11-12T20:00:00Z,31402,165.408918
164.78,167.26,164.09,331,166.8,2021-11-15T12:00:00Z,42111,165.672665
164.9,165.45,162.19,320,164.79,2021-11-15T16:00:00Z,43877,163.67402
165.46,165.51,164.42,113,165.22,2021-11-15T20:00:00Z,13960,164.914147
166.53,167.18,164.37,258,165.29,2021-11-16T12:00:00Z,31770,166.331101
168.99,169.39,166.94,173,166.94,2021-11-16T16:00:00Z,33288,168.733569
168.81,169.34,168.38,82,168.87,2021-11-16T20:00:00Z,16127,168.922176
169.51,170.28,167.84,203,168.67,2021-11-17T12:00:00Z,19188,169.072348
169.87,171.66,168.57,237,169.79,2021-11-17T16:00:00Z,41400,169.970425
169.01,169.85,168.87,69,169.64,2021-11-17T20:00:00Z,15480,169.405501
170.39,172.36,168.99,381,171.67,2021-11-18T12:00:00Z,48315,170.649253
173.15,174.41,170.16,254,170.5,2021-11-18T16:00:00Z,32444,172.878566
174.51,174.86,173.33,95,173.42,2021-11-18T20:00:00Z,11773,174.153638
176.91,178.51,175.35,376,176.58,2021-11-19T12:00:00Z,48038,177.331653
177.71,178.6,176.02,304,177.03,2021-11-19T16:00:00Z,44356,177.694104
177.21,177.43,176.75,140,177.39,2021-11-19T20:00:00Z,12332,177.11168
181.0,183.3,179.37,425,179.51,2021-11-22T12:00:00Z,44677,181.800798
176.91,181.095,173.375,892,181.07,2021-11-22T16:00:00Z,140830,176.402106
171.35,178.0,170.87,259,177.06,2021-11-22T20:00:00Z,34061,174.828698
164.13,172.09,164.1,644,169.39,2021-11-23T12:00:00Z,74832,168.001632
166.81,167.46,162.815,1058,164.58,2021-11-23T16:00:00Z,138052,165.200099
168.83,168.97,166.08,283,166.75,2021-11-23T20:00:00Z,39083,167.491324
166.75,167.45,162.4,1005,165.41,2021-11-24T12:00:00Z,107966,165.128539
169.22,169.61,165.69,797,166.55,2021-11-24T16:00:00Z,96303,168.295848
170.48,170.51,168.91,165,169.01,2021-11-24T20:00:00Z,22677,169.99496
162.92,168.64,162.35,849,165.58,2021-11-26T12:00:00Z,92433,164.952289
160.62,163.31,158.86,838,162.725,2021-11-26T16:00:00Z,89852,161.57593
167.07,168.4,165.46,660,166.34,2021-11-29T12:00:00Z,84545,167.004178
171.03,171.54,167.23,401,167.27,2021-11-29T16:00:00Z,47623,170.102443
170.86,172.15,170.79,246,170.94,2021-11-29T20:00:00Z,32227,171.423953
163.0,172.57,163.0,882,168.25,2021-11-30T12:00:00Z,107211,169.650942
163.16,165.425,160.72,1243,163.1,2021-11-30T16:00:00Z,103354,163.150365
163.22,163.7,162.05,315,163.05,2021-11-30T20:00:00Z,22793,162.909495
169.75,170.04,166.96,892,169.91,2021-12-01T12:00:00Z,90461,168.554391
162.75,171.62,162.2,1735,169.91,2021-12-01T16:00:00Z,190600,166.767793
155.48,162.83,154.55,1613,162.83,2021-12-01T20:00:00Z,158166,158.229129
155.39,159.18,151.8,975,154.71,2021-12-02T12:00:00Z,114603,155.316027
158.45,160.36,154.59,747,155.36,2021-12-02T16:00:00Z,91570,157.666637
158.2,160.51,157.21,229,158.97,2021-12-02T20:00:00Z,28956,158.630225
149.38,161.14,148.48,1272,160.28,2021-12-03T12:00:00Z,87926,152.833681
145.97,150.23,145.33,1291,149.275,2021-12-03T16:00:00Z,93640,147.707854
150.36,150.36,145.01,312,145.74,2021-12-03T20:00:00Z,32913,147.712013
150.54,152.02,145.68,1202,148.94,2021-12-06T12:00:00Z,119433,149.897784
153.63,155.195,148.61,283,150.63,2021-12-06T16:00:00Z,32873,152.443251
153.58,154.64,153.35,139,153.93,2021-12-06T20:00:00Z,15462,153.944838
166.13,166.9,161.74,209,161.74,2021-12-07T12:00:00Z,22643,164.276276
166.72,168.16,166.01,180,166.44,2021-12-07T16:00:00Z,19827,167.165331
167.54,167.61,165.335,82,166.66,2021-12-07T20:00:00Z,16662,166.739561
166.49,168.56,165.59,517,167.99,2021-12-08T12:00:00Z,86571,166.816909
168.73,169.31,165.71,349,166.41,2021-12-08T16:00:00Z,58800,168.02968
170.0,170.0,168.6,79,169.12,2021-12-08T20:00:00Z,9676,169.409143
167.07,170.37,165.63,349,168.48,2021-12-09T12:00:00Z,43377,168.375743
164.13,168.29,163.7,386,166.925,2021-12-09T16:00:00Z,46479,165.832124
162.53,164.79,162.12,274,164.19,2021-12-09T20:00:00Z,37740,163.212564
163.94,167.405,162.86,760,165.24,2021-12-10T12:00:00Z,93819,165.378514
164.88,166.04,161.85,509,163.83,2021-12-10T16:00:00Z,73121,164.393111
167.29,167.74,164.61,183,165.06,2021-12-10T20:00:00Z,22942,166.595544
163.65,167.64,163.3,392,167.56,2021-12-13T12:00:00Z,42017,165.230096
163.39,164.16,160.96,492,164.155,2021-12-13T16:00:00Z,60201,162.355155
159.87,163.9,159.865,153,163.5,2021-12-13T20:00:00Z,21828,161.65904
151.48,157.43,151.48,647,155.63,2021-12-14T12:00:00Z,82589,155.06464
153.355,153.66,150.0,385,151.6,2021-12-14T16:00:00Z,42185,151.41034
154.62,156.615,153.21,220,153.21,2021-12-14T20:00:00Z,25194,155.019453
153.06,155.36,152.13,423,155.13,2021-12-15T12:00:00Z,43781,153.636178
157.26,158.51,150.21,978,153.3,2021-12-15T16:00:00Z,108656,154.461966
166.3,166.3,157.97,594,157.97,2021-12-15T20:00:00Z,69646,163.275672
160.7,167.59,160.0,859,167.09,2021-12-16T12:00:00Z,101527,163.307937
152.3,161.1,151.04,930,161.1,2021-12-16T16:00:00Z,91350,155.486857
153.5,155.35,151.47,683,152.19,2021-12-16T20:00:00Z,104277,153.437254
154.15,154.37,147.0,581,148.46,2021-12-17T12:00:00Z,57618,149.965556
153.01,155.735,149.8,452,153.99,2021-12-17T16:00:00Z,56220,152.630521
150.955,154.45,150.44,229,153.17,2021-12-17T20:00:00Z,28255,151.550696
143.71,147.22,143.71,482,144.83,2021-12-20T12:00:00Z,48379,145.500858
145.37,146.02,142.63,491,143.58,2021-12-20T16:00:00Z,77567,144.133008
145.95,146.94,144.92,191,145.77,2021-12-20T20:00:00Z,27383,145.954032
147.71,151.08,145.74,482,150.2,2021-12-21T12:00:00Z,52283,148.194489
156.0,156.0,147.3,499,147.335,2021-12-21T16:00:00Z,63811,153.034364
156.23,156.26,154.37,223,155.96,2021-12-21T20:00:00Z,30849,155.331445
159.27,159.3,154.83,288,154.83,2021-12-22T12:00:00Z,37820,156.741216
160.16,160.73,158.01,266,159.56,2021-12-22T16:00:00Z,34104,159.480212
161.88,161.975,159.67,288,159.99,2021-12-22T20:00:00Z,31009,160.673873
165.34,165.34,162.0,357,162.32,2021-12-23T12:00:00Z,48606,163.883374
166.72,166.72,165.34,351,165.45,2021-12-23T16:00:00Z,44898,166.047247
165.65,167.17,165.51,283,166.68,2021-12-23T20:00:00Z,28794,166.42255
172.115,172.34,167.01,197,167.01,2021-12-27T12:00:00Z,23796,170.070109
172.845,173.29,171.4,187,172.34,2021-12-27T16:00:00Z,24315,172.407391
173.475,173.48,172.23,79,172.72,2021-12-27T20:00:00Z,12549,172.7366
172.86,174.95,171.29,680,174.19,2021-12-28T12:00:00Z,87137,173.294926
171.3,173.54,170.05,657,172.98,2021-12-28T16:00:00Z,78563,171.78224
170.75,172.33,170.725,186,171.33,2021-12-28T20:00:00Z,22502,171.423231
170.42,172.86,168.01,312,171.55,2021-12-29T12:00:00Z,42733,170.335662
171.54,171.54,168.93,157,170.935,2021-12-29T16:00:00Z,21499,170.015328
171.2,172.19,170.85,76,171.31,2021-12-29T20:00:00Z,10736,171.563241
172.455,173.65,170.1,198,171.31,2021-12-30T12:00:00Z,34994,172.696191
172.33,173.275,171.75,109,172.46,2021-12-30T16:00:00Z,12583,172.667604
168.84,172.1,168.79,209,172.1,2021-12-30T20:00:00Z,28455,170.173679
168.09,170.36,167.035,335,169.27,2021-12-31T12:00:00Z,35356,168.682373
167.22,168.17,166.82,233,168.085,2021-12-31T16:00:00Z,29475,167.609439
166.23,167.93,165.78,356,167.75,2021-12-31T20:00:00Z,34089,166.838048
169.48,170.85,165.19,477,168.08,2022-01-03T12:00:00Z,52943,167.83953
170.82,171.38,167.69,303,169.61,2022-01-03T16:00:00Z,36489,169.024366
171.47,171.47,170.07,174,170.87,2022-01-03T20:00:00Z,26435,170.836706
163.1,171.76,163.05,375,171.63,2022-01-04T12:00:00Z,43613,168.277728
162.98,163.77,160.54,711,162.63,2022-01-04T16:00:00Z,71337,162.087867
164.67,166.0,163.18,182,163.18,2022-01-04T20:00:00Z,27907,165.064238
161.51,163.63,159.48,569,162.19,2022-01-05T12:00:00Z,73638,161.405484
153.18,161.78,152.74,726,161.49,2022-01-05T16:00:00Z,77959,156.739789
149.83,153.19,149.02,673,153.19,2022-01-05T20:00:00Z,66048,151.280526
151.26,152.07,144.485,948,147.48,2022-01-06T12:00:00Z,114801,148.887657
150.66,152.73,149.37,987,151.36,2022-01-06T16:00:00Z,128064,150.671867
149.02,151.82,147.895,476,150.7,2022-01-06T20:00:00Z,62019,149.411472
143.24,150.78,142.025,706,147.96,2022-01-07T12:00:00Z,86556,146.597335
145.53,146.53,142.66,660,143.07,2022-01-07T16:00:00Z,74870,144.544904
144.0,146.43,143.855,358,145.82,2022-01-07T20:00:00Z,37840,144.97486
133.31,139.37,132.1,1000,138.94,2022-01-10T12:00:00Z,102082,135.33956
140.64,141.88,132.77,1216,133.23,2022-01-10T16:00:00Z,131619,137.307054
145.02,145.02,139.17,474,141.11,2022-01-10T20:00:00Z,55435,141.835367
143.51,146.26,141.14,1076,146.26,2022-01-11T12:00:00Z,141262,143.567869
150.24,150.97,143.51,1077,143.87,2022-01-11T16:00:00Z,134150,148.670836
150.69,151.02,149.49,268,150.41,2022-01-11T20:00:00Z,33538,150.4121
151.63,155.87,151.06,819,154.37,2022-01-12T12:00:00Z,96334,153.678003
152.77,154.24,149.95,741,151.84,2022-01-12T16:00:00Z,85486,152.228181
152.93,153.29,151.64,350,152.97,2022-01-12T20:00:00Z,43024,152.406373
74.54,77.435,73.92,504,77.19,2022-01-13T12:00:00Z,93536,75.930325
72.38,75.39,72.0,657,74.395,2022-01-13T16:00:00Z,138618,73.090815
70.53,72.25,70.055,500,72.25,2022-01-13T20:00:00Z,81484,71.098617
70.635,71.98,69.02,710,69.02,2022-01-14T12:00:00Z,118753,70.775214
70.8,71.52,69.375,524,70.98,2022-01-14T16:00:00Z,103965,70.49168
72.035,72.04,70.74,378,70.78,2022-01-14T20:00:00Z,82222,71.603817
68.12,69.695,67.55,1794,68.46,2022-01-18T12:00:00Z,203326,68.94886
68.12,68.73,66.83,586,68.08,2022-01-18T16:00:00Z,89736,67.636671
66.74,67.8,66.23,268,67.76,2022-01-18T20:00:00Z,44002,66.822286
66.42,68.6,65.91,566,67.285,2022-01-19T12:00:00Z,90891,67.369596
66.23,67.88,65.215,802,66.43,2022-01-19T16:00:00Z,165043,66.646431
64.26,66.61,64.215,378,66.15,2022-01-19T20:00:00Z,64225,65.169256
67.77,67.97,66.14,543,66.19,2022-01-20T12:00:00Z,90254,67.188292
64.92,68.13,64.8,913,67.92,2022-01-20T16:00:00Z,133201,66.637183
60.33,65.24,59.5,803,65.05,2022-01-20T20:00:00Z,128555,62.800329
60.835,61.495,57.97,1800,60.59,2022-01-21T12:00:00Z,285715,59.889856
57.645,62.0,57.645,1404,60.69,2022-01-21T16:00:00Z,200599,59.639406
56.56,58.48,56.56,1095,57.65,2022-01-21T20:00:00Z,194190,57.558313
52.63,54.68,51.37,2510,53.96,2022-01-24T12:00:00Z,330386,52.883407
53.5,54.49,48.2,3342,52.605,2022-01-24T16:00:00Z,627444,51.181899
57.58,57.735,53.04,1093,53.425,2022-01-24T20:00:00Z,196833,55.513702
53.07,55.13,52.055,1398,54.17,2022-01-25T12:00:00Z,200793,53.452747
56.235,56.26,51.81,1757,53.0,2022-01-25T16:00:00Z,273198,53.697763
50.8,56.19,50.8,921,56.19,2022-01-25T20:00:00Z,142434,54.453239
56.02,57.44,55.325,956,57.08,2022-01-26T12:00:00Z,160568,56.356503
54.58,58.82,53.84,2824,55.945,2022-01-26T16:00:00Z,389316,56.738919
53.25,54.56,51.4,2740,54.56,2022-01-26T20:00:00Z,337494,52.727091
54.97,56.19,53.655,1362,55.06,2022-01-27T12:00:00Z,212355,55.007103
51.77,55.56,51.3,1803,54.995,2022-01-27T16:00:00Z,263229,52.981305
52.84,52.84,51.05,1208,51.86,2022-01-27T20:00:00Z,164292,51.830173
53.21,53.21,50.115,1134,51.24,2022-01-28T12:00:00Z,165196,51.320034
53.92,55.04,52.26,4084,53.265,2022-01-28T16:00:00Z,503535,53.949374
56.37,56.45,53.845,1468,54.07,2022-01-28T20:00:00Z,190012,55.096039
59.685,59.8,56.23,1369,57.02,2022-01-31T12:00:00Z,183928,58.745006
60.855,61.0,59.1,1794,59.7,2022-01-31T16:00:00Z,233364,60.159875
61.42,62.0,59.7,1042,60.86,2022-01-31T20:00:00Z,137943,60.969629
61.355,62.48,59.775,776,62.36,2022-02-01T12:00:00Z,158899,60.871519
61.495,62.37,60.9,1074,61.4,2022-02-01T16:00:00Z,161637,61.594015
64.7,64.83,61.4,938,61.465,2022-02-01T20:00:00Z,122496,62.684819
63.98,65.33,63.32,1708,65.24,2022-02-02T12:00:00Z,231179,64.292574
64.3,64.65,62.36,1573,64.02,2022-02-02T16:00:00Z,235073,63.744507
61.2,65.0,60.89,671,64.2,2022-02-02T20:00:00Z,89259,64.365169
59.83,61.06,59.0,934,59.31,2022-02-03T12:00:00Z,155816,59.82142
57.9,60.5,57.54,1758,59.785,2022-02-03T16:00:00Z,239958,58.833889
60.29,60.31,56.14,1074,57.825,2022-02-03T20:00:00Z,145936,57.218604
56.66,58.54,55.94,1459,56.92,2022-02-04T12:00:00Z,300962,57.437968
59.66,59.78,56.04,1630,56.63,2022-02-04T16:00:00Z,243273,58.399626
58.32,60.4,58.25,797,59.745,2022-02-04T20:00:00Z,216732,59.592627
59.24,60.25,58.68,1913,59.56,2022-02-07T12:00:00Z,241330,59.424373
58.72,59.515,57.275,1776,59.23,2022-02-07T16:00:00Z,211115,58.285295
57.76,59.23,56.735,792,58.62,2022-02-07T20:00:00Z,96927,57.830255
57.845,58.08,56.23,1759,56.86,2022-02-08T12:00:00Z,224612,56.956429
58.3,59.63,57.89,1745,57.89,2022-02-08T16:00:00Z,209580,58.696463
59.44,59.805,58.03,839,58.165,2022-02-08T20:00:00Z,118340,59.131082
61.91,61.945,60.8,1170,61.61,2022-02-09T12:00:00Z,162307,61.40284
62.4,62.82,61.48,1237,61.97,2022-02-09T16:00:00Z,170380,62.142228
63.33,63.33,61.92,864,62.42,2022-02-09T20:00:00Z,117123,62.668459
61.565,62.9,59.22,2078,61.69,2022-02-10T12:00:00Z,274311,61.327378
59.0,62.25,58.87,2858,61.51,2022-02-10T16:00:00Z,376925,60.405165
58.7,59.67,57.81,1254,59.19,2022-02-10T20:00:00Z,148169,58.68952
57.78,59.545,57.44,3343,58.91,2022-02-11T12:00:00Z,427357,58.757822
53.57,58.415,52.885,2554,57.69,2022-02-11T16:00:00Z,378015,55.496171
53.45,54.43,52.56,1415,53.51,2022-02-11T20:00:00Z,245124,53.534877
53.59,54.3,52.61,1175,53.25,2022-02-14T12:00:00Z,170540,53.516445
53.2,54.94,51.7,1688,53.62,2022-02-14T16:00:00Z,258060,53.62984
53.45,53.86,52.53,621,53.275,2022-02-14T20:00:00Z,93831,53.366114
56.395,56.67,55.54,988,56.64,2022-02-15T12:00:00Z,160576,56.152698
56.835,56.92,55.35,1358,56.42,2022-02-15T16:00:00Z,218020,56.285747
57.09,57.44,56.44,844,56.88,2022-02-15T20:00:00Z,163102,56.959854
55.435,56.73,54.74,1568,56.73,2022-02-16T12:00:00Z,236913,55.363007
57.02,57.305,54.77,1713,55.5,2022-02-16T16:00:00Z,274758,55.967291
57.05,57.78,57.05,808,57.18,2022-02-16T20:00:00Z,156000,57.448037
54.45,56.04,54.02,1270,55.82,2022-02-17T12:00:00Z,148278,54.885326
53.02,55.04,53.0,1397,54.5,2022-02-17T16:00:00Z,232310,53.984894
52.125,53.08,51.98,1017,53.05,2022-02-17T20:00:00Z,158224,52.460408
50.9,52.78,50.715,1461,52.59,2022-02-18T12:00:00Z,198739,51.699645
51.51,51.78,49.34,2823,50.77,2022-02-18T16:00:00Z,441331,50.504085
50.34,51.94,49.935,1001,51.57,2022-02-18T20:00:00Z,149428,50.688281
49.72,51.49,48.86,1573,49.06,2022-02-22T12:00:00Z,228222,50.42341
49.57,49.9,47.22,3105,49.7,2022-02-22T16:00:00Z,508748,48.499643
48.87,50.445,48.31,1064,49.625,2022-02-22T20:00:00Z,151041,49.487493
47.93,50.6,47.695,1547,50.45,2022-02-23T12:00:00Z,235925,48.870014
45.98,48.85,45.755,2915,47.85,2022-02-23T16:00:00Z,495510,47.365201
45.1,46.04,45.0,1356,45.965,2022-02-23T20:00:00Z,223990,45.41686
44.54,44.98,40.62,4619,41.27,2022-02-24T12:00:00Z,649689,43.120414
47.76,48.025,44.08,3639,44.49,2022-02-24T16:00:00Z,566949,45.69955
48.97,49.84,47.61,1621,47.84,2022-02-24T20:00:00Z,269443,48.954172
50.66,50.99,48.285,1677,49.97,2022-02-25T12:00:00Z,230699,49.489058
51.155,51.895,50.285,2604,50.435,2022-02-25T16:00:00Z,455247,51.241808
52.04,52.1,50.86,647,51.17,2022-02-25T20:00:00Z,122549,51.64342
52.32,52.55,50.325,2265,50.42,2022-02-28T12:00:00Z,307758,51.219093
50.86,53.17,49.95,3635,52.4,2022-02-28T16:00:00Z,506738,51.649218
52.375,52.58,50.265,1018,50.86,2022-02-28T20:00:00Z,129972,51.223859
51.55,52.95,51.47,1485,51.91,2022-03-01T12:00:00Z,206073,52.179989
49.93,52.23,49.56,2932,51.55,2022-03-01T16:00:00Z,401574,50.558141
50.0,51.03,48.85,1261,49.92,2022-03-01T20:00:00Z,176146,49.737054
50.415,51.34,49.42,2212,50.755,2022-03-02T12:00:00Z,272037,50.545084
52.49,52.93,50.16,2543,50.45,2022-03-02T16:00:00Z,369887,52.086818
51.82,53.0,51.82,915,52.49,2022-03-02T20:00:00Z,140227,52.726014
50.41,53.84,50.41,2123,53.76,2022-03-03T12:00:00Z,359781,52.2879
50.46,52.225,50.22,3192,50.38,2022-03-03T16:00:00Z,439076,51.098712
50.48,50.48,49.41,1619,50.4,2022-03-03T20:00:00Z,382424,49.885199
47.5,49.69,47.46,2437,49.57,2022-03-04T12:00:00Z,376292,48.201196
47.14,49.135,47.005,4576,47.47,2022-03-04T16:00:00Z,780318,47.928514
48.05,48.24,47.12,1433,47.14,2022-03-04T20:00:00Z,253029,47.591633
45.23,48.54,45.01,1945,46.79,2022-03-07T12:00:00Z,302311,46.318582
43.74,46.06,43.62,3451,45.23,2022-03-07T16:00:00Z,515550,44.853865
42.25,43.84,42.23,1043,43.82,2022-03-07T20:00:00Z,211214,43.235045
42.565,43.2,40.82,1878,42.31,2022-03-08T12:00:00Z,288551,41.935596
43.515,46.0,40.77,3305,42.585,2022-03-08T16:00:00Z,647389,43.782426
41.58,44.52,41.51,1177,43.76,2022-03-08T20:00:00Z,182719,42.859113
45.98,46.13,44.36,1975,45.36,2022-03-09T12:00:00Z,265654,45.335442
46.49,46.765,45.16,3100,45.97,2022-03-09T16:00:00Z,476844,46.136677
47.06,47.22,46.34,890,46.57,2022-03-09T20:00:00Z,124852,46.7533
43.67,45.34,43.57,2320,44.89,2022-03-10T12:00:00Z,418965,44.608428
45.44,45.61,43.2,2816,43.63,2022-03-10T16:00:00Z,412613,44.209937
45.01,45.55,44.78,634,45.325,2022-03-10T20:00:00Z,85769,45.140043
44.98,46.95,44.34,1887,46.95,2022-03-11T12:00:00Z,343401,45.277651
43.45,45.01,43.3,2851,44.99,2022-03-11T16:00:00Z,449769,43.906786
42.42,43.59,42.11,1147,43.48,2022-03-11T20:00:00Z,200925,42.913078
41.23,43.13,41.09,2480,41.89,2022-03-14T12:00:00Z,427921,42.194127
39.79,41.2,39.57,4116,41.2,2022-03-14T16:00:00Z,782927,40.160945
42.4,43.13,40.25,3098,40.3,2022-03-15T12:00:00Z,517740,41.879616
43.585,43.88,41.81,2941,42.37,2022-03-15T16:00:00Z,481546,42.804376
43.49,43.58,43.41,34,43.48,2022-03-15T20:00:00Z,3200,43.492333
47.08,47.58,45.14,2991,45.22,2022-03-16T12:00:00Z,369174,46.779073
48.45,48.45,43.7,4642,47.05,2022-03-16T16:00:00Z,798118,46.096984
48.93,49.06,48.72,78,48.82,2022-03-16T20:00:00Z,19241,48.857084
48.12,49.065,47.07,2164,47.57,2022-03-17T12:00:00Z,287534,48.055451
50.16,50.16,47.94,2570,48.1,2022-03-17T16:00:00Z,387810,49.319945
49.46,49.98,49.37,20,49.98,2022-03-17T20:00:00Z,1650,49.521724
51.47,51.86,48.99,2437,49.52,2022-03-18T12:00:00Z,345097,51.045102
53.36,53.37,51.32,2654,51.47,2022-03-18T16:00:00Z,438752,52.502005
53.58,53.91,51.27,2580,52.97,2022-03-21T12:00:00Z,368646,52.684188
52.835,53.64,50.77,3198,53.64,2022-03-21T16:00:00Z,524139,51.966768
52.98,52.98,52.98,2,52.98,2022-03-21T20:00:00Z,600,52.98
55.61,56.27,52.88,2411,52.9,2022-03-22T12:00:00Z,414864,54.891084
55.91,56.33,55.04,2130,55.64,2022-03-22T16:00:00Z,331455,55.692157
55.95,55.95,55.95,2,55.95,2022-03-22T20:00:00Z,120,55.95
55.91,55.91,53.73,2185,54.565,2022-03-23T12:00:00Z,291329,54.728164
53.565,56.24,53.525,2345,55.92,2022-03-23T16:00:00Z,348570,54.458756
55.665,55.94,53.41,2269,54.33,2022-03-24T12:00:00Z,286089,54.592535
57.07,57.07,55.07,2017,55.55,2022-03-24T16:00:00Z,310909,56.111284
55.25,57.555,54.87,2056,57.52,2022-03-25T12:00:00Z,263504,56.308575
56.9,56.975,54.98,2180,55.2,2022-03-25T16:00:00Z,360052,56.212661
56.71,58.76,56.53,2364,56.94,2022-03-28T12:00:00Z,285341,57.710551
59.6,59.6,56.34,2233,56.68,2022-03-28T16:00:00Z,306914,58.300509
61.52,62.305,60.21,1570,61.52,2022-03-29T12:00:00Z,196045,61.122966
62.64,62.96,60.7,2762,61.45,2022-03-29T16:00:00Z,436612,62.136172
61.54,62.52,60.85,1771,61.52,2022-03-30T12:00:00Z,211158,61.680337
60.59,62.08,59.8,2389,61.5,2022-03-30T16:00:00Z,405018,60.837253
60.86,60.86,60.86,1,60.86,2022-03-30T20:00:00Z,150,60.86
60.22,60.83,59.29,1372,60.6,2022-03-31T12:00:00Z,177129,60.052742
58.02,60.425,58.02,2054,60.21,2022-03-31T16:00:00Z,307433,59.43511
58.22,58.22,58.22,1,58.22,2022-03-31T20:00:00Z,100,58.22
56.85,58.98,56.75,2008,58.98,2022-04-01T12:00:00Z,252097,57.779475
57.97,58.07,56.41,2630,56.84,2022-04-01T16:00:00Z,513141,57.260361
60.84,60.96,58.265,1652,58.49,2022-04-04T12:00:00Z,241854,60.121824
61.49,61.5,60.38,1636,60.84,2022-04-04T16:00:00Z,233762,60.998465
58.265,61.14,58.19,2671,60.93,2022-04-05T12:00:00Z,426212,59.317034
57.49,58.81,56.9,2490,58.19,2022-04-05T16:00:00Z,448493,57.756654
53.6,55.2,53.0,2553,54.63,2022-04-06T12:00:00Z,374130,53.544799
53.625,55.35,52.41,4092,53.54,2022-04-06T16:00:00Z,663713,53.727911
52.2,54.8,52.0,1878,53.31,2022-04-07T12:00:00Z,236390,53.269835
53.98,55.07,51.6,2396,52.25,2022-04-07T16:00:00Z,415840,53.691942
53.05,53.55,51.57,2339,53.19,2022-04-08T12:00:00Z,309661,52.600145
51.76,53.58,51.5,2211,53.01,2022-04-08T16:00:00Z,420178,52.433094
48.95,50.25,48.52,1772,49.64,2022-04-11T12:00:00Z,266733,49.221443
48.095,49.54,47.96,2354,48.93,2022-04-11T16:00:00Z,468958,48.729488
49.67,50.9,49.0,2393,49.99,2022-04-12T12:00:00Z,386271,49.963782
47.56,49.71,46.89,3332,49.68,2022-04-12T16:00:00Z,661293,47.990013
47.6,47.64,47.57,27,47.57,2022-04-12T20:00:00Z,2400,47.598696
49.655,49.89,47.38,1859,47.66,2022-04-13T12:00:00Z,320177,49.045088
50.37,50.81,49.42,1676,49.61,2022-04-13T16:00:00Z,340337,50.188484
48.255,50.62,48.185,2594,50.39,2022-04-14T12:00:00Z,294068,48.699452
46.92,48.53,46.84,2515,48.225,2022-04-14T16:00:00Z,416438,47.71344
46.91,46.94,46.81,61,46.89,2022-04-14T20:00:00Z,5833,46.863214
46.74,48.0,46.26,1268,46.52,2022-04-18T12:00:00Z,203012,47.188614
47.08,47.915,45.825,1930,46.72,2022-04-18T16:00:00Z,391352,46.879086
47.56,47.71,47.56,17,47.7,2022-04-18T20:00:00Z,1600,47.666
49.74,49.96,46.45,1899,46.76,2022-04-19T12:00:00Z,362921,48.803083
50.18,50.4,49.05,1569,49.74,2022-04-19T16:00:00Z,299515,49.767931
48.85,48.98,48.61,66,48.85,2022-04-19T20:00:00Z,6213,48.863559
48.35,50.73,48.11,1882,50.51,2022-04-20T12:00:00Z,264977,49.056907
47.91,49.1,47.45,2103,48.385,2022-04-20T16:00:00Z,417382,48.25256
47.56,50.755,47.5,2035,49.67,2022-04-21T12:00:00Z,325553,49.523223
45.145,47.69,44.61,2441,47.54,2022-04-21T16:00:00Z,536167,46.000608
44.99,45.03,44.96,12,45.03,2022-04-21T20:00:00Z,1200,44.998333
42.96,45.5,42.96,2493,44.995,2022-04-22T12:00:00Z,423236,44.049616
41.49,43.35,41.31,3940,42.94,2022-04-22T16:00:00Z,811229,42.275629
41.08,41.19,40.95,60,41.1,2022-04-22T20:00:00Z,5900,41.059655
40.61,42.44,40.32,2114,40.85,2022-04-25T12:00:00Z,360847,41.087281
43.12,43.13,40.37,2739,40.61,2022-04-25T16:00:00Z,564385,41.960937
43.0,43.05,42.94,41,43.05,2022-04-25T20:00:00Z,3950,42.998421
38.98,42.24,38.92,2856,42.21,2022-04-26T12:00:00Z,525861,39.984631
38.14,40.18,38.115,3269,39.03,2022-04-26T16:00:00Z,680942,39.012204
36.44,38.06,36.35,62,38.06,2022-04-26T20:00:00Z,5393,36.988218
38.74,40.22,37.37,3365,38.12,2022-04-27T12:00:00Z,604956,38.710089
37.97,39.99,37.8,3007,38.74,2022-04-27T16:00:00Z,734878,38.92696
39.58,39.58,38.25,16,38.39,2022-04-27T20:00:00Z,1729,38.857007
39.21,40.405,38.31,2273,39.835,2022-04-28T12:00:00Z,478696,39.140925
42.01,42.72,39.01,3538,39.28,2022-04-28T16:00:00Z,888753,41.652266
41.17,41.57,40.69,5,41.57,2022-04-28T20:00:00Z,376,41.204286
39.38,41.76,39.17,3501,40.34,2022-04-29T12:00:00Z,524084,40.459786
36.425,39.36,36.2,7144,39.36,2022-04-29T16:00:00Z,1464134,37.505894
36.71,37.94,35.425,1876,36.37,2022-05-02T12:00:00Z,368022,37.024015
38.2,38.27,35.13,1962,36.73,2022-05-02T16:00:00Z,468379,36.541994
38.01,38.2,37.8,34,38.2,2022-05-02T20:00:00Z,3128,38.010345
38.48,38.89,37.33,1763,38.18,2022-05-03T12:00:00Z,368303,38.333021
38.28,39.13,37.55,1896,38.47,2022-05-03T16:00:00Z,389246,38.306662
38.58,38.8,38.37,43,38.37,2022-05-03T20:00:00Z,8108,38.545465
37.19,38.54,36.53,1693,38.54,2022-05-04T12:00:00Z,290931,37.247866
42.2,42.43,37.04,5212,37.2,2022-05-04T16:00:00Z,1150460,39.89381
35.835,40.67,35.8,4243,40.67,2022-05-05T12:00:00Z,847206,37.416604
36.01,36.96,34.53,4705,35.71,2022-05-05T16:00:00Z,982523,35.653783
36.05,36.05,36.05,1,36.05,2022-05-05T20:00:00Z,400,36.05
34.71,36.53,33.1,3647,35.18,2022-05-06T12:00:00Z,706024,34.852891
34.585,36.04,33.515,2804,34.68,2022-05-06T16:00:00Z,563587,34.758529
34.36,34.37,34.2,38,34.2,2022-05-06T20:00:00Z,3600,34.242059
31.56,33.41,30.835,3253,32.54,2022-05-09T12:00:00Z,732156,31.852954
30.42,32.29,30.01,3170,31.52,2022-05-09T16:00:00Z,644694,31.036665
30.54,30.55,30.51,10,30.55,2022-05-09T20:00:00Z,1000,30.535
30.99,33.07,30.28,3329,32.725,2022-05-10T12:00:00Z,642414,31.693341
31.63,32.88,30.44,4055,30.93,2022-05-10T16:00:00Z,943657,31.859799
31.49,31.67,31.42,26,31.42,2022-05-10T20:00:00Z,2501,31.5448
31.11,32.57,30.085,3156,31.77,2022-05-11T12:00:00Z,608338,31.500628
28.72,31.29,28.475,4746,31.13,2022-05-11T16:00:00Z,1144421,29.492178
27.86,29.88,26.735,3760,27.4,2022-05-12T12:00:00Z,794810,28.360134
28.545,28.8,26.69,3594,27.82,2022-05-12T16:00:00Z,968366,27.682471
31.43,31.53,29.385,2417,29.865,2022-05-13T12:00:00Z,600648,30.870537
31.64,32.0,30.48,3553,31.46,2022-05-13T16:00:00Z,785077,31.464067
31.57,31.63,31.57,7,31.63,2022-05-13T20:00:00Z,410,31.604286
31.17,31.57,30.18,2031,30.995,2022-05-16T12:00:00Z,430400,30.752339
30.575,31.775,30.36,1981,31.23,2022-05-16T16:00:00Z,440268,31.010598
32.22,32.755,31.25,1822,32.45,2022-05-17T12:00:00Z,455539,31.988301
33.0,33.08,31.57,2377,32.24,2022-05-17T16:00:00Z,564704,32.470516
29.5,31.68,29.46,1844,31.44,2022-05-18T12:00:00Z,337217,30.591028
28.09,29.62,27.71,3718,29.49,2022-05-18T16:00:00Z,635271,28.473095
27.66,27.66,27.66,11,27.66,2022-05-18T20:00:00Z,353,27.66
28.68,29.02,27.05,2566,27.09,2022-05-19T12:00:00Z,483048,28.088186
27.62,28.86,27.44,2172,28.705,2022-05-19T16:00:00Z,570288,28.042729
26.635,28.82,26.47,1977,28.765,2022-05-20T12:00:00Z,427929,27.566875
27.36,27.4,24.95,4301,26.61,2022-05-20T16:00:00Z,885477,25.924946
28.37,28.53,26.96,2587,27.575,2022-05-23T12:00:00Z,511439,27.731945
28.7,28.81,27.9,1787,28.375,2022-05-23T16:00:00Z,419874,28.49626
26.385,27.32,25.43,2529,27.12,2022-05-24T12:00:00Z,437680,26.172141
26.79,27.25,25.9,2689,26.365,2022-05-24T16:00:00Z,748015,26.541059
27.39,27.87,26.455,2466,26.455,2022-05-25T12:00:00Z,849052,27.369761
27.96,28.59,26.81,3144,27.37,2022-05-25T16:00:00Z,757002,27.729557
29.99,30.025,27.72,2775,27.73,2022-05-26T12:00:00Z,756631,29.142788
30.365,30.78,29.88,3678,29.96,2022-05-26T16:00:00Z,829580,30.429461
32.66,32.7,31.305,3213,31.31,2022-05-27T12:00:00Z,744713,32.188855
33.31,33.31,32.43,2663,32.69,2022-05-27T16:00:00Z,657738,32.811414
33.55,33.64,31.75,3481,33.31,2022-05-31T12:00:00Z,834887,32.585854
33.06,34.0,32.7,3349,33.59,2022-05-31T16:00:00Z,698000,33.518122
31.97,34.42,31.9,2877,33.885,2022-06-01T12:00:00Z,596995,33.133379
32.29,33.15,31.55,3774,31.94,2022-06-01T16:00:00Z,1063492,32.430481
33.355,33.665,31.515,4261,31.92,2022-06-02T12:00:00Z,746178,32.63999
34.93,34.965,33.33,3259,33.42,2022-06-02T16:00:00Z,706033,34.35234
34.98,35.0,34.96,10,34.96,2022-06-02T20:00:00Z,1000,34.974
32.12,34.02,31.76,3570,34.02,2022-06-03T12:00:00Z,964889,32.462859
32.13,32.92,31.84,4368,32.11,2022-06-03T16:00:00Z,1123335,32.316359
33.025,34.12,32.75,3994,33.65,2022-06-06T12:00:00Z,1023599,33.687172
32.5,33.14,32.0,2898,32.99,2022-06-06T16:00:00Z,891086,32.509785
32.635,33.31,31.055,2675,31.41,2022-06-07T12:00:00Z,562594,32.426862
33.36,33.58,32.26,1969,32.63,2022-06-07T16:00:00Z,652297,32.993308
33.5,33.93,32.74,1860,33.07,2022-06-08T12:00:00Z,497958,33.576312
32.64,33.645,32.35,1424,33.49,2022-06-08T16:00:00Z,438014,32.789755
32.29,33.04,31.78,1867,32.04,2022-06-09T12:00:00Z,393095,32.388188
29.96,32.545,29.945,3312,32.29,2022-06-09T16:00:00Z,1190957,31.328016
26.99,29.3,26.68,3747,29.3,2022-06-10T12:00:00Z,813202,27.290442
26.76,27.75,26.76,4831,26.98,2022-06-10T16:00:00Z,1332068,27.136312
23.85,24.97,23.24,4507,24.57,2022-06-13T12:00:00Z,1444200,24.073842
23.11,24.66,22.825,6184,23.86,2022-06-13T16:00:00Z,2097842,23.581167
23.41,23.78,22.74,3695,23.65,2022-06-14T12:00:00Z,957259,23.292086
23.19,23.85,22.52,5194,23.41,2022-06-14T16:00:00Z,1431555,23.152684
24.335,24.58,23.84,2541,24.09,2022-06-15T12:00:00Z,523004,24.21738
24.895,25.915,23.355,7983,24.355,2022-06-15T16:00:00Z,2226723,24.731505
22.08,23.27,21.7,3314,23.27,2022-06-16T12:00:00Z,758279,22.316424
21.875,22.38,21.32,4710,22.1,2022-06-16T16:00:00Z,1145330,21.781645
22.37,22.99,21.67,3242,22.06,2022-06-17T12:00:00Z,735647,22.298706
22.71,23.275,22.17,2524,22.31,2022-06-17T16:00:00Z,781919,22.841155
22.81,22.81,22.81,9,22.81,2022-06-17T20:00:00Z,17231,22.81
24.54,24.97,23.79,2875,23.82,2022-06-21T12:00:00Z,803903,24.666218
24.37,24.78,24.3,2759,24.585,2022-06-21T16:00:00Z,952474,24.565037
24.44,25.445,23.57,3274,23.65,2022-06-22T12:00:00Z,868116,24.775787
24.3,25.27,24.15,2988,24.435,2022-06-22T16:00:00Z,1256381,24.803684
24.835,25.41,24.185,2653,24.935,2022-06-23T12:00:00Z,671184,24.888415
25.35,25.57,24.195,3400,24.815,2022-06-23T16:00:00Z,1147683,24.858768
27.185,27.625,26.06,4281,26.14,2022-06-24T12:00:00Z,897221,27.013071
28.005,28.005,27.05,1554,27.155,2022-06-24T16:00:00Z,394549,27.362616
27.86,28.485,27.17,3656,28.345,2022-06-27T12:00:00Z,936729,27.700371
27.34,27.89,27.0,2508,27.85,2022-06-27T16:00:00Z,1082029,27.404074
25.6,28.19,25.56,2807,27.47,2022-06-28T12:00:00Z,803333,26.833965
24.81,25.925,24.76,3431,25.58,2022-06-28T16:00:00Z,1124869,25.304987
24.92,25.27,24.1,2823,24.81,2022-06-29T12:00:00Z,846734,24.793757
24.9,25.13,24.37,2996,24.905,2022-06-29T16:00:00Z,1186919,24.760649
24.4,24.43,22.76,3905,24.05,2022-06-30T12:00:00Z,1049047,23.546905
23.915,24.88,23.52,4784,24.41,2022-06-30T16:00:00Z,1699469,24.205671
23.71,23.71,23.71,1,23.71,2022-06-30T20:00:00Z,1500,23.71
23.435,24.42,23.1,2439,23.75,2022-07-01T12:00:00Z,622220,23.680563
24.39,24.465,23.28,3227,23.36,2022-07-01T16:00:00Z,1006999,23.998569
24.15,24.395,23.005,3804,23.42,2022-07-05T12:00:00Z,1634377,23.806305
25.68,25.68,24.0,3924,24.175,2022-07-05T16:00:00Z,1987762,24.930145
25.535,26.13,25.3,2054,25.78,2022-07-06T12:00:00Z,756239,25.65285
26.08,26.71,25.45,3135,25.525,2022-07-06T16:00:00Z,1116568,26.088197
27.445,27.45,26.41,2140,26.41,2022-07-07T12:00:00Z,677044,27.100118
27.77,28.0,27.38,1966,27.46,2022-07-07T16:00:00Z,643956,27.714953
28.11,28.305,26.73,2263,27.23,2022-07-08T12:00:00Z,625406,27.585664
27.87,28.15,27.13,2798,28.12,2022-07-08T16:00:00Z,1003154,27.777565
26.28,27.25,25.86,1876,27.185,2022-07-11T12:00:00Z,732251,26.397798
26.05,26.88,25.88,1344,26.31,2022-07-11T16:00:00Z,633256,26.351246
26.12,26.96,25.56,1832,26.42,2022-07-12T12:00:00Z,681047,26.092833
25.35,26.4,24.925,2095,26.14,2022-07-12T16:00:00Z,964790,25.695189
25.3,25.3,25.3,1,25.3,2022-07-12T20:00:00Z,150,25.3
25.145,25.69,23.61,2351,24.23,2022-07-13T12:00:00Z,771593,24.802847
25.23,25.825,25.07,1723,25.15,2022-07-13T16:00:00Z,821929,25.449249
25.04,25.04,25.03,9,25.04,2022-07-13T20:00:00Z,1053,25.038
24.84,24.925,23.62,2442,24.46,2022-07-14T12:00:00Z,755142,24.15521
25.43,25.675,24.33,2362,24.85,2022-07-14T16:00:00Z,1083882,25.063466
26.52,26.755,25.825,3043,26.255,2022-07-15T12:00:00Z,900566,26.385957
26.795,26.83,26.31,2751,26.49,2022-07-15T16:00:00Z,918947,26.558686
27.965,27.995,27.4,1428,27.61,2022-07-18T12:00:00Z,408457,27.694636
26.11,27.99,25.845,2222,27.955,2022-07-18T16:00:00Z,952305,26.777236
27.92,27.995,26.73,1572,27.19,2022-07-19T12:00:00Z,598508,27.427473
28.545,28.615,27.72,2278,27.93,2022-07-19T16:00:00Z,744762,28.291777
30.09,30.17,28.44,2977,28.57,2022-07-20T12:00:00Z,752052,29.324989
29.875,30.25,29.145,2417,30.075,2022-07-20T16:00:00Z,893554,29.760188
30.0,30.0,29.94,3,29.94,2022-07-20T20:00:00Z,301,29.97
30.34,30.43,29.22,1789,29.75,2022-07-21T12:00:00Z,585749,29.873542
31.11,31.155,30.32,2595,30.32,2022-07-21T16:00:00Z,653696,30.807432
30.54,30.63,30.53,14,30.63,2022-07-21T20:00:00Z,1400,30.565
29.79,31.505,29.51,2159,30.85,2022-07-22T12:00:00Z,544128,30.490985
29.52,29.9,28.95,1927,29.845,2022-07-22T16:00:00Z,709772,29.355136
29.55,29.55,29.53,20,29.54,2022-07-22T20:00:00Z,2500,29.5448
29.145,29.63,28.61,1531,29.48,2022-07-25T12:00:00Z,421962,29.057916
29.02,29.4,28.44,1977,29.155,2022-07-25T16:00:00Z,521499,28.810646
28.82,28.87,28.82,16,28.87,2022-07-25T20:00:00Z,2900,28.834828
27.33,28.73,27.3,2280,28.73,2022-07-26T12:00:00Z,692345,27.787516
27.3,27.67,27.075,1860,27.34,2022-07-26T16:00:00Z,704116,27.374968
27.17,27.17,27.17,1,27.17,2022-07-26T20:00:00Z,150,27.17
29.53,29.59,28.44,1551,28.66,2022-07-27T12:00:00Z,372260,29.243996
30.74,31.24,29.305,3685,29.54,2022-07-27T16:00:00Z,1321118,30.314584
30.49,30.51,30.32,41,30.32,2022-07-27T20:00:00Z,4051,30.491899
31.09,31.31,29.52,2899,30.14,2022-07-28T12:00:00Z,814666,30.288677
31.65,31.81,30.79,1850,31.1,2022-07-28T16:00:00Z,655455,31.371975
32.93,33.0,32.54,23,32.57,2022-07-28T20:00:00Z,2012,32.86025
32.54,33.07,31.71,2075,32.155,2022-07-29T12:00:00Z,552265,32.53944
33.38,33.635,32.37,1871,32.555,2022-07-29T16:00:00Z,532461,33.172429
34.29,34.395,32.45,2129,32.785,2022-08-01T12:00:00Z,475237,33.757585
33.27,34.15,32.795,1240,34.15,2022-08-01T16:00:00Z,461967,33.335167
33.41,33.41,33.4,11,33.4,2022-08-01T20:00:00Z,1064,33.401
33.4,33.59,32.26,1299,32.49,2022-08-02T12:00:00Z,342044,33.01255
32.99,34.335,32.87,2066,33.46,2022-08-02T16:00:00Z,860598,33.652532
35.285,35.285,33.58,2804,33.59,2022-08-03T12:00:00Z,568027,34.627084
35.625,35.935,35.03,1548,35.24,2022-08-03T16:00:00Z,492417,35.622152
35.47,35.51,35.47,27,35.51,2022-08-03T20:00:00Z,2700,35.481481
35.755,36.2,34.98,1447,35.69,2022-08-04T12:00:00Z,384672,35.519665
36.12,36.26,35.45,1150,35.78,2022-08-04T16:00:00Z,412723,35.887188
34.46,35.96,34.16,2193,35.6,2022-08-05T12:00:00Z,475080,35.012075
35.28,35.41,34.46,1455,34.52,2022-08-05T16:00:00Z,534758,35.002578
35.19,35.19,35.19,4,35.19,2022-08-05T20:00:00Z,1100,35.19
35.52,36.805,35.05,2027,35.59,2022-08-08T12:00:00Z,373232,36.074126
34.93,35.55,34.455,1388,35.46,2022-08-08T16:00:00Z,420180,34.90527
35.08,35.08,35.02,16,35.02,2022-08-08T20:00:00Z,1900,35.036216
33.57,34.35,33.27,1703,34.21,2022-08-09T12:00:00Z,395914,33.729163
33.715,33.93,33.205,1449,33.56,2022-08-09T16:00:00Z,431436,33.576456
33.82,33.82,33.82,24,33.82,2022-08-09T20:00:00Z,4990,33.82
36.41,36.43,35.32,2018,35.64,2022-08-10T12:00:00Z,405649,35.983061
36.55,36.64,35.93,1650,36.4,2022-08-10T16:00:00Z,414247,36.325234
36.51,38.02,36.28,2007,37.36,2022-08-11T12:00:00Z,488197,37.162851
35.91,36.91,35.67,1705,36.63,2022-08-11T16:00:00Z,446856,36.166954
36.12,36.12,36.07,59,36.11,2022-08-11T20:00:00Z,7421,36.109712
37.02,37.28,36.25,1138,36.62,2022-08-12T12:00:00Z,253138,36.822385
38.01,38.045,37.0,1533,37.04,2022-08-12T16:00:00Z,331565,37.648437
38.65,38.7,37.675,1488,37.675,2022-08-15T12:00:00Z,320176,38.052314
38.87,39.07,38.505,892,38.645,2022-08-15T16:00:00Z,252987,38.784948
38.82,38.87,37.54,1666,38.555,2022-08-16T12:00:00Z,343609,38.14439
38.66,39.37,38.03,1387,38.82,2022-08-16T16:00:00Z,504811,38.660285
36.7,37.835,36.55,1604,37.52,2022-08-17T12:00:00Z,356580,37.162615
37.25,38.28,36.73,1389,36.73,2022-08-17T16:00:00Z,474989,37.473386
37.79,37.94,36.7,2161,37.25,2022-08-18T12:00:00Z,509353,37.196443
37.56,37.91,37.2,996,37.81,2022-08-18T16:00:00Z,310279,37.596655
35.4,36.67,35.23,2061,36.42,2022-08-19T12:00:00Z,500883,35.730033
35.38,35.735,35.07,1459,35.38,2022-08-19T16:00:00Z,443395,35.369994
35.25,35.34,35.23,91,35.34,2022-08-19T20:00:00Z,8819,35.281163
33.185,33.95,32.82,1708,33.825,2022-08-22T12:00:00Z,512443,33.311583
32.555,33.26,32.27,1363,33.195,2022-08-22T16:00:00Z,425585,32.680742
32.61,33.34,32.2,1872,32.45,2022-08-23T12:00:00Z,436915,32.798347
32.41,32.915,32.33,1211,32.62,2022-08-23T16:00:00Z,368878,32.591417
33.15,33.235,32.14,1086,32.375,2022-08-24T12:00:00Z,266541,32.714666
32.715,33.29,32.545,782,33.16,2022-08-24T16:00:00Z,287071,32.838417
32.78,32.81,32.78,16,32.81,2022-08-24T20:00:00Z,1600,32.794375
33.56,34.1,32.94,1449,33.25,2022-08-25T12:00:00Z,363105,33.551101
34.42,34.44,33.2,977,33.55,2022-08-25T16:00:00Z,325804,33.882055
34.29,34.34,34.29,28,34.31,2022-08-25T20:00:00Z,2800,34.308929
31.705,34.72,31.46,2079,33.95,2022-08-26T12:00:00Z,545237,33.210313
30.215,31.76,30.215,1114,31.66,2022-08-26T16:00:00Z,268939,31.016553
29.46,30.115,28.96,1951,29.31,2022-08-29T12:00:00Z,637954,29.488864
29.28,30.07,29.28,1403,29.48,2022-08-29T16:00:00Z,484561,29.69542
29.34,29.34,29.21,5,29.22,2022-08-29T20:00:00Z,800,29.301333
28.24,29.92,27.73,2625,29.73,2022-08-30T12:00:00Z,982646,28.498119
28.3,28.59,27.57,2424,28.24,2022-08-30T16:00:00Z,1066734,28.064089
28.555,29.38,27.95,2316,29.14,2022-08-31T12:00:00Z,819554,28.617782
27.81,28.615,27.78,2321,28.615,2022-08-31T16:00:00Z,1125941,28.152021
27.98,27.99,27.95,33,27.95,2022-08-31T20:00:00Z,5394,27.974674
26.18,27.4,26.07,3267,27.03,2022-09-01T12:00:00Z,1285697,26.621412
27.85,27.925,26.025,2454,26.22,2022-09-01T16:00:00Z,1303367,26.927836
28.74,29.025,27.75,3100,28.37,2022-09-02T12:00:00Z,1000349,28.416761
26.62,28.755,26.175,4552,28.73,2022-09-02T16:00:00Z,1791665,26.957111
26.74,27.24,25.485,1782,27.11,2022-09-06T12:00:00Z,584340,26.223524
26.04,26.82,25.685,1708,26.695,2022-09-06T16:00:00Z,825775,26.060381
26.855,26.95,25.79,1701,25.98,2022-09-07T12:00:00Z,600119,26.513837
27.62,27.89,26.575,1931,26.9,2022-09-07T16:00:00Z,871824,27.328673
27.995,28.4,26.655,2058,27.56,2022-09-08T12:00:00Z,618601,27.660436
28.02,28.02,26.79,1949,28.0,2022-09-08T16:00:00Z,934655,27.531053
29.61,29.77,28.675,1658,28.86,2022-09-09T12:00:00Z,526325,29.344046
29.86,30.005,29.3,1251,29.61,2022-09-09T16:00:00Z,521019,29.76283
30.37,31.03,30.1,1718,30.45,2022-09-12T12:00:00Z,541761,30.649796
30.92,30.93,30.2,1158,30.37,2022-09-12T16:00:00Z,431252,30.686384
26.96,31.69,26.86,3179,31.57,2022-09-13T12:00:00Z,819221,27.749558
25.84,27.39,25.56,2426,26.98,2022-09-13T16:00:00Z,714715,26.414928
26.38,26.65,25.64,3192,25.65,2022-09-14T12:00:00Z,813057,26.153449
26.5,26.61,25.64,1621,26.42,2022-09-14T16:00:00Z,525071,26.102021
26.52,26.52,26.44,15,26.5,2022-09-14T20:00:00Z,2140,26.479524
25.2,26.53,24.96,2551,26.16,2022-09-15T12:00:00Z,810097,25.637922
25.07,26.01,24.66,2130,25.195,2022-09-15T16:00:00Z,823335,25.266047
24.82,24.84,24.81,10,24.84,2022-09-15T20:00:00Z,1900,24.826316
24.18,24.505,23.68,2926,24.38,2022-09-16T12:00:00Z,725568,24.024158
24.59,24.72,23.68,1847,24.1,2022-09-16T16:00:00Z,644340,24.193923
24.64,24.64,24.61,16,24.61,2022-09-16T20:00:00Z,1470,24.635385
24.28,24.91,23.94,1239,23.94,2022-09-19T12:00:00Z,407492,24.515747
25.21,25.225,24.12,1145,24.34,2022-09-19T16:00:00Z,515701,24.702762
25.13,25.15,24.35,1528,24.79,2022-09-20T12:00:00Z,452180,24.645002
24.57,25.17,23.99,1797,25.17,2022-09-20T16:00:00Z,663013,24.510762
24.86,25.04,24.65,1048,24.69,2022-09-21T12:00:00Z,272201,24.833082
23.25,25.875,23.25,5486,24.8,2022-09-21T16:00:00Z,1888951,24.269115
22.41,23.45,22.1,2588,23.2,2022-09-22T12:00:00Z,774579,22.53163
22.38,23.11,22.155,1847,22.45,2022-09-22T16:00:00Z,666833,22.538621
21.235,21.91,21.095,2992,21.52,2022-09-23T12:00:00Z,804151,21.371641
21.32,21.355,20.45,3016,21.22,2022-09-23T16:00:00Z,1096836,20.970941
21.485,22.2,20.84,3529,21.0,2022-09-26T12:00:00Z,1019169,21.648042
20.94,21.515,20.88,2917,21.515,2022-09-26T16:00:00Z,942289,21.160444
20.94,20.95,20.93,58,20.94,2022-09-26T20:00:00Z,12000,20.938584
21.095,22.35,21.095,3404,21.94,2022-09-27T12:00:00Z,905069,21.747278
21.07,21.21,20.5,2509,21.08,2022-09-27T16:00:00Z,1001604,20.831465
21.84,21.86,20.45,4589,20.49,2022-09-28T12:00:00Z,1496897,21.268464
22.29,22.58,21.72,4458,21.86,2022-09-28T16:00:00Z,1563643,22.10912
20.58,21.54,20.02,4301,21.51,2022-09-29T12:00:00Z,1304309,20.474083
20.395,20.645,19.64,2626,20.56,2022-09-29T16:00:00Z,1043359,20.063369
20.505,21.08,19.92,3233,20.53,2022-09-30T12:00:00Z,862282,20.547824
19.39,20.56,19.28,3255,20.48,2022-09-30T16:00:00Z,964978,19.959145
19.52,19.55,19.45,38,19.45,2022-09-30T20:00:00Z,8472,19.507765
20.04,20.35,19.365,1901,19.54,2022-10-03T12:00:00Z,669836,20.004088
20.67,21.01,20.06,1733,20.11,2022-10-03T16:00:00Z,900441,20.625999
22.61,22.76,21.72,2259,21.9,2022-10-04T12:00:00Z,905223,22.486161
22.595,22.68,21.95,1347,22.62,2022-10-04T16:00:00Z,358295,22.407769
22.58,22.71,22.57,41,22.7,2022-10-04T20:00:00Z,8200,22.615488
21.51,22.02,21.02,2196,22.0,2022-10-05T12:00:00Z,740053,21.371525
22.56,23.0,21.35,2357,21.51,2022-10-05T16:00:00Z,728342,22.386856
22.265,23.055,21.94,2170,22.23,2022-10-06T12:00:00Z,936237,22.463933
22.02,22.58,21.92,1069,22.23,2022-10-06T16:00:00Z,503481,22.213451
20.005,21.96,19.87,5106,21.81,2022-10-07T12:00:00Z,1665019,20.337304
19.47,20.06,19.17,2391,19.98,2022-10-07T16:00:00Z,796514,19.612357
18.89,19.65,18.57,2758,19.29,2022-10-10T12:00:00Z,1092558,19.024858
18.855,19.28,18.3,1887,18.875,2022-10-10T16:00:00Z,496471,18.851331
18.92,18.92,18.91,15,18.91,2022-10-10T20:00:00Z,3100,18.917419
18.735,18.905,17.85,2677,18.58,2022-10-11T12:00:00Z,911863,18.335423
18.115,19.135,17.745,2204,18.7,2022-10-11T16:00:00Z,937062,18.475455
18.44,18.73,17.95,1476,18.61,2022-10-12T12:00:00Z,506844,18.273233
18.135,18.51,18.08,1095,18.49,2022-10-12T16:00:00Z,351063,18.251889
18.15,18.15,18.14,24,18.14,2022-10-12T20:00:00Z,4421,18.148139
18.945,19.45,16.335,4263,18.48,2022-10-13T12:00:00Z,1131127,17.380814
19.315,19.6,18.48,2298,18.94,2022-10-13T16:00:00Z,633240,19.030933
19.23,19.28,19.23,42,19.28,2022-10-13T20:00:00Z,4000,19.261579
18.03,20.21,17.96,2612,19.05,2022-10-14T12:00:00Z,733090,18.900706
17.57,18.19,17.465,1619,18.02,2022-10-14T16:00:00Z,527653,17.843976
19.345,19.44,18.18,2271,18.35,2022-10-17T12:00:00Z,829452,19.080453
19.345,19.495,19.17,1634,19.36,2022-10-17T16:00:00Z,537822,19.325698
19.45,19.45,19.39,6,19.39,2022-10-17T20:00:00Z,1100,19.409048
19.585,21.0,19.19,2830,20.55,2022-10-18T12:00:00Z,1077068,20.266574
19.795,20.08,19.19,2136,19.58,2022-10-18T16:00:00Z,700510,19.664182
20.51,20.51,20.18,4,20.18,2022-10-18T20:00:00Z,1510,20.434
19.87,20.215,19.3,2749,19.63,2022-10-19T12:00:00Z,683056,19.661125
19.55,19.77,19.02,1262,19.77,2022-10-19T16:00:00Z,359446,19.329075
19.5,19.73,19.42,32,19.59,2022-10-19T20:00:00Z,4455,19.512588
20.16,20.455,19.19,2278,19.57,2022-10-20T12:00:00Z,683114,20.025499
19.2,20.17,18.97,1941,20.17,2022-10-20T16:00:00Z,593177,19.388241
19.09,19.13,19.05,38,19.13,2022-10-20T20:00:00Z,8000,19.095
19.86,19.9,18.43,2261,18.67,2022-10-21T12:00:00Z,846687,19.317088
20.615,20.67,19.69,1609,19.87,2022-10-21T16:00:00Z,654298,20.223763
20.925,20.98,19.8,2466,20.93,2022-10-24T12:00:00Z,752286,20.543807
21.26,21.47,20.68,1394,20.91,2022-10-24T16:00:00Z,426791,21.121081
22.385,22.46,21.11,1379,21.15,2022-10-25T12:00:00Z,305116,21.975227
22.56,22.635,22.01,1065,22.41,2022-10-25T16:00:00Z,546424,22.383583
21.79,22.26,21.57,236,22.26,2022-10-25T20:00:00Z,31024,21.771862
22.29,22.5,20.94,3206,21.4,2022-10-26T12:00:00Z,1106875,21.563522
21.0,22.36,20.98,2773,22.3,2022-10-26T16:00:00Z,1131801,21.357498
20.15,21.12,20.025,5833,20.65,2022-10-27T12:00:00Z,2172431,20.504379
19.835,20.41,19.77,2051,20.16,2022-10-27T16:00:00Z,607853,20.04419
19.2,19.91,18.3,444,19.91,2022-10-27T20:00:00Z,40128,18.945305
21.04,21.25,19.2,3248,19.28,2022-10-28T12:00:00Z,1142322,20.61135
21.72,21.805,20.91,2109,21.04,2022-10-28T16:00:00Z,848577,21.476965
21.0,21.36,20.49,3237,21.35,2022-10-31T12:00:00Z,1391424,20.909812
20.92,21.3,20.77,733,20.975,2022-10-31T16:00:00Z,306263,21.041589
20.48,21.86,20.275,2298,21.74,2022-11-01T12:00:00Z,1037580,20.836047
20.28,20.715,20.22,1066,20.45,2022-11-01T16:00:00Z,613931,20.417417
20.24,20.24,20.08,42,20.22,2022-11-01T20:00:00Z,4200,20.148809
19.76,20.42,19.73,1506,20.42,2022-11-02T12:00:00Z,590556,20.004442
18.205,20.95,18.205,4404,19.78,2022-11-02T16:00:00Z,1421860,19.685882
18.22,18.28,18.22,31,18.28,2022-11-02T20:00:00Z,15627,18.251642
17.35,17.93,17.05,3451,17.7,2022-11-03T12:00:00Z,1315617,17.484692
17.14,17.81,17.105,1387,17.36,2022-11-03T16:00:00Z,468799,17.475535
17.14,17.2,17.13,43,17.2,2022-11-03T20:00:00Z,8800,17.155909
17.04,18.32,16.86,5969,17.56,2022-11-04T12:00:00Z,2386628,17.716292
17.94,17.95,16.85,2359,17.09,2022-11-04T16:00:00Z,1089642,17.279664
18.1,18.28,17.71,2552,18.07,2022-11-07T12:00:00Z,1085740,17.971796
18.425,18.575,17.72,1669,18.05,2022-11-07T16:00:00Z,914380,18.08557
18.52,18.64,18.44,458,18.455,2022-11-07T20:00:00Z,239646,18.52729
19.11,19.15,18.5,2265,18.82,2022-11-08T12:00:00Z,801437,18.801333
18.59,19.6,18.14,1821,19.11,2022-11-08T16:00:00Z,723783,19.065614
18.915,19.235,18.545,302,18.56,2022-11-08T20:00:00Z,102166,18.973092
18.205,18.91,18.09,2052,18.86,2022-11-09T12:00:00Z,584159,18.432635
17.63,18.58,17.6,1848,18.245,2022-11-09T16:00:00Z,329558,18.055224
17.64,17.89,17.54,572,17.675,2022-11-09T20:00:00Z,106573,17.67486
20.58,20.675,17.78,3741,17.81,2022-11-10T12:00:00Z,1254156,20.226933
20.95,20.955,20.4,3466,20.57,2022-11-10T16:00:00Z,708327,20.659815
21.46,21.53,20.9,1281,20.91,2022-11-10T20:00:00Z,533662,21.30142
22.14,22.3,21.12,2843,21.89,2022-11-11T12:00:00Z,647446,21.64786
22.805,22.83,21.52,3348,22.17,2022-11-11T16:00:00Z,1116125,22.354057
22.65,22.81,22.34,935,22.79,2022-11-11T20:00:00Z,370812,22.626322
22.375,22.48,21.82,1391,22.37,2022-11-14T12:00:00Z,372057,22.227723
22.715,22.955,22.0,2070,22.375,2022-11-14T16:00:00Z,469041,22.595698
22.2,22.875,22.0,857,22.715,2022-11-14T20:00:00Z,411370,22.401693
23.41,24.17,23.04,3296,23.04,2022-11-15T12:00:00Z,1078705,23.647959
23.055,23.745,22.19,3023,23.415,2022-11-15T16:00:00Z,1082177,23.132965
22.97,23.23,22.805,788,23.02,2022-11-15T20:00:00Z,127586,23.035665
21.88,22.99,21.84,1737,22.93,2022-11-16T12:00:00Z,559615,22.199494
22.175,22.53,21.87,2191,21.87,2022-11-16T16:00:00Z,661362,22.193654
22.025,22.19,21.85,480,22.16,2022-11-16T20:00:00Z,174759,21.987938
21.275,21.63,20.76,2562,21.39,2022-11-17T12:00:00Z,1106367,21.147827
21.695,22.2,21.22,1784,21.255,2022-11-17T16:00:00Z,864767,21.758009
21.86,21.865,21.37,466,21.69,2022-11-17T20:00:00Z,249844,21.616521
21.64,22.58,21.55,1791,22.54,2022-11-18T12:00:00Z,699604,21.985401
21.65,21.88,21.28,1586,21.675,2022-11-18T16:00:00Z,614136,21.551645
21.85,22.02,21.615,539,21.615,2022-11-18T20:00:00Z,272110,21.81607
21.24,21.8,21.1,1279,21.37,2022-11-21T12:00:00Z,441041,21.473972
21.18,21.4,20.98,1257,21.19,2022-11-21T16:00:00Z,459107,21.189082
21.175,21.29,21.11,206,21.185,2022-11-21T20:00:00Z,73030,21.187132
21.515,21.53,20.84,2428,21.35,2022-11-22T12:00:00Z,775298,21.150426
21.785,21.82,21.32,1474,21.53,2022-11-22T16:00:00Z,475090,21.57113
22.05,22.1,21.785,405,21.785,2022-11-22T20:00:00Z,110845,21.942617
22.77,22.83,22.02,1587,22.23,2022-11-23T12:00:00Z,678538,22.480925
22.735,22.81,22.02,1729,22.77,2022-11-23T16:00:00Z,752437,22.442668
22.715,22.85,22.575,303,22.685,2022-11-23T20:00:00Z,112684,22.698355
22.385,22.61,22.16,769,22.59,2022-11-25T12:00:00Z,247259,22.356202
22.235,22.47,22.19,503,22.375,2022-11-25T16:00:00Z,280857,22.292256
21.695,22.265,21.65,1523,21.78,2022-11-28T12:00:00Z,534551,21.936756
21.26,21.955,21.18,1612,21.67,2022-11-28T16:00:00Z,487854,21.607224
21.29,21.31,21.07,434,21.26,2022-11-28T20:00:00Z,88242,21.207233
21.19,21.5,21.0,1150,21.5,2022-11-29T12:00:00Z,386037,21.229082
20.72,21.17,20.48,1609,21.17,2022-11-29T16:00:00Z,540658,20.730642
20.785,20.825,20.675,411,20.76,2022-11-29T20:00:00Z,80382,20.739688
20.81,21.14,20.76,841,20.97,2022-11-30T12:00:00Z,198830,20.936808
22.805,22.995,20.65,1988,20.83,2022-11-30T16:00:00Z,725568,22.027216
23.635,23.635,22.765,1230,22.805,2022-11-30T20:00:00Z,315450,23.229245
23.76,24.15,23.01,1886,23.65,2022-12-01T12:00:00Z,498552,23.675591
23.775,23.855,23.25,1007,23.78,2022-12-01T16:00:00Z,235275,23.567914
23.61,23.925,23.61,361,23.825,2022-12-01T20:00:00Z,93717,23.755612
22.805,23.72,21.85,2338,23.67,2022-12-02T12:00:00Z,661553,22.648634
23.275,23.28,22.65,1449,22.815,2022-12-02T16:00:00Z,594059,22.975435
23.4,23.615,23.19,681,23.285,2022-12-02T20:00:00Z,373100,23.376576
22.905,23.2,22.55,1134,23.04,2022-12-05T12:00:00Z,311505,22.894602
21.995,23.07,21.875,1310,22.925,2022-12-05T16:00:00Z,399121,22.321217
22.2,22.23,21.92,317,22.04,2022-12-05T20:00:00Z,150011,22.089747
21.135,22.35,21.0,1616,22.28,2022-12-06T12:00:00Z,516887,21.491319
20.685,21.305,20.5,2135,21.095,2022-12-06T16:00:00Z,451094,20.938273
20.86,20.925,20.535,523,20.685,2022-12-06T20:00:00Z,141171,20.749119
20.79,21.02,20.2,2459,20.26,2022-12-07T12:00:00Z,979687,20.58084
20.515,20.935,20.29,1674,20.81,2022-12-07T16:00:00Z,550959,20.55023
20.585,20.625,20.385,570,20.505,2022-12-07T20:00:00Z,168349,20.536107
21.285,21.415,20.425,1941,20.8,2022-12-08T12:00:00Z,687701,20.946227
21.19,21.5,20.95,1278,21.285,2022-12-08T16:00:00Z,535201,21.18198
21.31,21.42,21.08,348,21.185,2022-12-08T20:00:00Z,95982,21.251005
21.62,21.62,20.775,1780,20.94,2022-12-09T12:00:00Z,489454,21.217764
21.375,21.69,21.2,1601,21.625,2022-12-09T16:00:00Z,412452,21.465658
20.89,21.435,20.875,400,21.36,2022-12-09T20:00:00Z,104362,21.079564
20.84,21.07,20.685,1136,20.915,2022-12-12T12:00:00Z,445827,20.85768
21.27,21.295,20.825,818,20.83,2022-12-12T16:00:00Z,201920,21.010314
21.64,21.65,21.28,494,21.295,2022-12-12T20:00:00Z,117836,21.436699
23.095,24.94,22.04,4641,22.1,2022-12-13T12:00:00Z,1712557,23.666379
22.28,23.33,21.74,2672,23.16,2022-12-13T16:00:00Z,650184,22.58218
22.33,22.565,21.96,791,22.245,2022-12-13T20:00:00Z,179249,22.285718
22.725,22.835,22.19,945,22.3,2022-12-14T12:00:00Z,258778,22.593171
21.67,22.97,21.12,2324,22.765,2022-12-14T16:00:00Z,568979,22.262298
21.83,22.625,21.49,1306,21.785,2022-12-14T20:00:00Z,386124,21.92522
19.955,21.02,19.9,2792,20.88,2022-12-15T12:00:00Z,903512,20.298875
19.755,20.05,19.35,2224,19.96,2022-12-15T16:00:00Z,701149,19.660245
19.63,19.845,19.475,745,19.745,2022-12-15T20:00:00Z,186563,19.663679
19.075,19.795,18.9,1288,19.34,2022-12-16T12:00:00Z,569304,19.330926
18.995,19.135,18.715,1010,19.135,2022-12-16T16:00:00Z,188581,18.898321
19.04,19.31,18.9,321,18.97,2022-12-16T20:00:00Z,107344,19.131852
18.52,19.3,18.5,706,19.29,2022-12-19T12:00:00Z,210313,18.814959
18.11,18.59,18.085,796,18.46,2022-12-19T16:00:00Z,300995,18.28439
18.285,18.34,17.985,407,18.08,2022-12-19T20:00:00Z,117078,18.102423
18.285,18.555,17.68,1277,17.96,2022-12-20T12:00:00Z,461326,18.082303
18.205,18.46,17.875,811,18.285,2022-12-20T16:00:00Z,232905,18.205859
18.2,18.335,18.13,223,18.215,2022-12-20T20:00:00Z,105126,18.241384
19.06,19.06,18.24,1503,18.45,2022-12-21T12:00:00Z,479045,18.618584
19.005,19.25,18.845,1030,19.08,2022-12-21T16:00:00Z,289938,19.03676
19.02,19.065,18.85,396,19.01,2022-12-21T20:00:00Z,112948,18.981436
17.25,18.7,17.21,1288,18.7,2022-12-22T12:00:00Z,494180,17.697252
17.16,17.365,16.585,2905,17.26,2022-12-22T16:00:00Z,1196665,16.900796
17.485,17.5,17.125,698,17.175,2022-12-22T20:00:00Z,253012,17.340183
17.31,17.9,16.83,1461,17.7,2022-12-23T12:00:00Z,415078,17.239716
17.555,17.615,17.125,592,17.285,2022-12-23T16:00:00Z,166555,17.414712
17.59,17.635,17.4,220,17.565,2022-12-23T20:00:00Z,87831,17.528359
17.07,17.68,16.72,1395,17.6,2022-12-27T12:00:00Z,564207,17.007656
16.855,17.19,16.75,629,17.1,2022-12-27T16:00:00Z,200322,16.996582
16.82,17.01,16.79,232,16.85,2022-12-27T20:00:00Z,85298,16.89775
16.42,17.19,16.4,1578,16.95,2022-12-28T12:00:00Z,739664,16.892283
16.3,16.705,16.165,1485,16.4,2022-12-28T16:00:00Z,551607,16.392235
16.14,16.295,16.1,318,16.295,2022-12-28T20:00:00Z,115251,16.169544
17.315,17.335,16.45,1863,16.45,2022-12-29T12:00:00Z,794684,17.017152
17.31,17.465,17.19,1566,17.325,2022-12-29T16:00:00Z,485202,17.33606
17.33,17.49,17.32,415,17.33,2022-12-29T20:00:00Z,150164,17.394348
16.855,17.035,16.5,2117,16.81,2022-12-30T12:00:00Z,573958,16.754095
16.725,16.965,16.595,1994,16.845,2022-12-30T16:00:00Z,501755,16.796631
17.4,17.41,16.725,798,16.725,2022-12-30T20:00:00Z,227322,17.088716
17.08,18.02,16.78,1622,17.71,2023-01-03T12:00:00Z,615250,17.391021
16.89,17.12,16.47,1572,17.085,2023-01-03T16:00:00Z,591511,16.718895
16.92,17.06,16.855,418,16.915,2023-01-03T20:00:00Z,193110,16.932847
17.005,17.39,16.55,1770,17.18,2023-01-04T12:00:00Z,559432,17.006131
17.155,17.49,16.725,4241,17.01,2023-01-04T16:00:00Z,848109,17.214339
17.09,17.275,16.755,1120,17.16,2023-01-04T20:00:00Z,235678,17.037834
16.435,17.2,16.32,2032,17.2,2023-01-05T12:00:00Z,865698,16.555754
16.615,16.765,16.35,1406,16.45,2023-01-05T16:00:00Z,482915,16.559303
16.41,16.605,16.28,1085,16.605,2023-01-05T20:00:00Z,226598,16.421332
17.08,17.13,16.05,2814,16.16,2023-01-06T12:00:00Z,1145076,16.568873
17.78,17.815,17.01,1659,17.12,2023-01-06T16:00:00Z,549828,17.351158
17.62,17.885,17.62,863,17.78,2023-01-06T20:00:00Z,247637,17.768002
18.725,18.86,17.83,2095,17.9,2023-01-09T12:00:00Z,810687,18.445273
18.205,18.95,18.19,1569,18.73,2023-01-09T16:00:00Z,484809,18.676923
17.97,18.265,17.9,309,18.2,2023-01-09T20:00:00Z,157938,18.072648
18.105,18.48,17.6,1988,17.66,2023-01-10T12:00:00Z,1009767,18.092501
18.315,18.425,17.88,776,18.115,2023-01-10T16:00:00Z,399093,18.160752
18.47,18.48,18.17,301,18.32,2023-01-10T20:00:00Z,141899,18.28797
18.66,19.0,18.52,1349,18.59,2023-01-11T12:00:00Z,510298,18.763283
19.125,19.24,18.67,1018,18.67,2023-01-11T16:00:00Z,373865,19.018057
19.38,19.43,19.145,495,19.155,2023-01-11T20:00:00Z,156165,19.289029
19.23,19.93,18.59,3370,19.55,2023-01-12T12:00:00Z,1454314,19.189033
19.725,19.92,18.995,1744,19.155,2023-01-12T16:00:00Z,943045,19.518382
19.67,19.735,19.46,388,19.73,2023-01-12T20:00:00Z,175316,19.61503
19.64,19.75,19.0,1930,19.05,2023-01-13T12:00:00Z,829637,19.393884
19.91,19.95,19.32,1444,19.665,2023-01-13T16:00:00Z,530862,19.630554
20.09,20.16,19.895,643,19.91,2023-01-13T20:00:00Z,213019,20.049798
20.125,20.51,19.78,1645,19.84,2023-01-17T12:00:00Z,549260,20.180302
20.2,20.33,19.84,1965,20.125,2023-01-17T16:00:00Z,732190,20.148207
20.2,20.29,20.085,458,20.225,2023-01-17T20:00:00Z,143109,20.196987
20.17,20.9,20.0,2001,20.41,2023-01-18T12:00:00Z,790154,20.527948
19.665,20.19,19.46,2089,20.15,2023-01-18T16:00:00Z,639990,19.728017
19.42,19.745,19.4,395,19.66,2023-01-18T20:00:00Z,139471,19.568385
18.725,19.27,18.64,1877,18.87,2023-01-19T12:00:00Z,635805,18.928278
19.19,19.31,18.58,1992,18.7,2023-01-19T16:00:00Z,453824,18.903404
19.01,19.235,18.805,736,19.21,2023-01-19T20:00:00Z,142276,18.970874
19.385,19.525,18.97,1142,19.23,2023-01-20T12:00:00Z,404683,19.261265
20.17,20.17,19.38,1181,19.38,2023-01-20T16:00:00Z,400671,19.784401
20.39,20.445,20.17,861,20.17,2023-01-20T20:00:00Z,260338,20.344785
21.43,21.48,20.39,1700,20.51,2023-01-23T12:00:00Z,734844,20.971101
21.52,22.0,21.37,1788,21.46,2023-01-23T16:00:00Z,755001,21.734451
21.72,21.775,21.415,439,21.53,2023-01-23T20:00:00Z,201736,21.637691
21.74,21.85,21.23,1489,21.48,2023-01-24T12:00:00Z,719380,21.516622
21.675,21.78,21.43,625,21.67,2023-01-24T16:00:00Z,236153,21.62793
21.99,22.13,21.35,349,21.67,2023-01-24T20:00:00Z,137773,21.736343
20.31,20.82,19.98,1967,20.78,2023-01-25T12:00:00Z,847042,20.260959
21.355,21.425,20.28,1147,20.29,2023-01-25T16:00:00Z,690038,20.89956
21.42,21.65,21.235,326,21.37,2023-01-25T20:00:00Z,164872,21.423253
21.7,22.515,21.62,2539,22.08,2023-01-26T12:00:00Z,1431664,22.076584
22.425,22.455,21.605,1200,21.665,2023-01-26T16:00:00Z,560944,22.055724
22.44,22.7,22.36,570,22.41,2023-01-26T20:00:00Z,199232,22.540023
22.78,23.17,22.28,1522,22.3,2023-01-27T12:00:00Z,573179,22.785788
23.66,23.67,22.67,897,22.775,2023-01-27T16:00:00Z,303625,23.272237
23.31,23.8,23.3,405,23.75,2023-01-27T20:00:00Z,261686,23.476175
22.255,22.9,21.98,1752,22.55,2023-01-30T12:00:00Z,707940,22.447367
22.04,22.46,21.98,976,22.21,2023-01-30T16:00:00Z,474582,22.226101
22.0,22.185,21.85,507,22.09,2023-01-30T20:00:00Z,243586,21.967825
22.42,22.51,21.65,965,21.73,2023-01-31T12:00:00Z,553846,22.166494
22.675,22.71,22.305,520,22.5,2023-01-31T16:00:00Z,331623,22.505574
22.71,22.91,22.455,394,22.72,2023-01-31T20:00:00Z,217291,22.668898
22.53,22.93,22.53,1052,22.87,2023-02-01T12:00:00Z,450822,22.770132
23.975,24.19,22.375,1815,22.505,2023-02-01T16:00:00Z,803658,23.080443
24.94,24.96,23.99,1048,24.04,2023-02-01T20:00:00Z,588944,24.504338
26.69,26.8,25.45,2850,25.48,2023-02-02T12:00:00Z,1119713,26.161094
26.18,27.425,26.15,1860,26.675,2023-02-02T16:00:00Z,818778,26.722493
25.96,27.25,25.52,860,26.185,2023-02-02T20:00:00Z,422847,26.490526
26.705,27.0,25.12,2798,26.24,2023-02-03T12:00:00Z,1132679,26.208571
25.475,27.135,25.4,2383,26.695,2023-02-03T16:00:00Z,1118183,26.274081
25.5,25.725,25.265,680,25.465,2023-02-03T20:00:00Z,224381,25.512643
25.13,25.32,24.53,1482,24.97,2023-02-06T12:00:00Z,529505,24.957073
24.97,25.44,24.82,762,25.115,2023-02-06T16:00:00Z,391967,25.084322
24.84,24.995,24.595,286,24.995,2023-02-06T20:00:00Z,183708,24.799617
24.895,25.15,24.67,1313,25.1,2023-02-07T12:00:00Z,422670,24.874046
25.99,26.41,24.555,2668,24.89,2023-02-07T16:00:00Z,1244998,25.447057
26.22,26.685,25.75,624,25.995,2023-02-07T20:00:00Z,321764,26.269789
25.43,26.29,25.36,1419,26.18,2023-02-08T12:00:00Z,635648,25.872723
25.16,25.48,24.84,1541,25.38,2023-02-08T16:00:00Z,703033,25.159127
25.07,25.145,24.815,364,25.145,2023-02-08T20:00:00Z,166080,24.976767
25.62,26.09,25.4,1177,25.71,2023-02-09T12:00:00Z,366025,25.727139
24.5,25.52,24.46,1651,25.52,2023-02-09T16:00:00Z,813987,24.98771
24.37,24.5,23.94,560,24.48,2023-02-09T20:00:00Z,321667,24.202446
23.72,24.23,23.465,1765,23.48,2023-02-10T12:00:00Z,670023,23.858517
23.64,23.94,23.225,1458,23.72,2023-02-10T16:00:00Z,641403,23.57898
23.76,23.915,23.53,517,23.725,2023-02-10T20:00:00Z,251592,23.754358
24.66,24.75,23.85,1180,24.24,2023-02-13T12:00:00Z,514120,24.378848
24.76,25.09,24.64,1119,24.685,2023-02-13T16:00:00Z,602498,24.879538
24.98,24.99,24.65,262,24.695,2023-02-13T20:00:00Z,203340,24.872087
24.66,25.76,24.065,3740,25.26,2023-02-14T12:00:00Z,1313503,24.957708
25.4,25.52,24.22,2107,24.67,2023-02-14T16:00:00Z,1317029,24.906726
25.41,25.68,25.26,596,25.425,2023-02-14T20:00:00Z,425274,25.501418
25.09,25.48,24.87,1321,25.22,2023-02-15T12:00:00Z,547567,25.178082
25.74,26.02,25.06,1039,25.06,2023-02-15T16:00:00Z,619404,25.611673
26.18,26.22,25.7,500,25.775,2023-02-15T20:00:00Z,292176,25.899343
25.58,25.78,24.69,2087,25.78,2023-02-16T12:00:00Z,804197,25.153594
25.64,25.83,25.345,865,25.61,2023-02-16T16:00:00Z,643214,25.600889
24.5,25.59,24.41,758,25.59,2023-02-16T20:00:00Z,395046,24.897418
23.625,24.215,23.5,1382,24.0,2023-02-17T12:00:00Z,591908,23.871413
24.005,24.065,23.3,1937,23.585,2023-02-17T16:00:00Z,935069,23.609021
24.0,24.12,23.83,778,24.06,2023-02-17T20:00:00Z,354304,23.97574
22.84,23.44,22.82,1227,23.3,2023-02-21T12:00:00Z,573113,23.084695
22.47,22.93,22.39,1106,22.865,2023-02-21T16:00:00Z,486619,22.644221
22.39,22.57,22.295,377,22.505,2023-02-21T20:00:00Z,211934,22.406208
22.325,22.75,21.99,1353,22.58,2023-02-22T12:00:00Z,756505,22.350437
22.13,22.84,22.12,1205,22.36,2023-02-22T16:00:00Z,627433,22.483556
22.76,22.76,22.06,403,22.135,2023-02-22T20:00:00Z,244486,22.20661
22.445,23.23,22.38,1400,22.95,2023-02-23T12:00:00Z,657392,22.861801
22.85,22.975,21.95,1307,22.44,2023-02-23T16:00:00Z,749560,22.313382
22.85,23.155,22.84,455,22.875,2023-02-23T20:00:00Z,336985,23.03576
21.42,22.35,21.35,1923,22.3,2023-02-24T12:00:00Z,700561,21.702097
21.81,21.865,21.36,1055,21.44,2023-02-24T16:00:00Z,603420,21.585803
21.78,21.88,21.47,995,21.825,2023-02-24T20:00:00Z,348281,21.61416
22.335,22.8,22.09,1308,22.11,2023-02-27T12:00:00Z,781998,22.467165
22.265,22.555,22.14,829,22.355,2023-02-27T16:00:00Z,626091,22.325976
22.29,22.3,22.1,401,22.245,2023-02-27T20:00:00Z,231242,22.199201
22.18,22.51,22.01,1083,22.51,2023-02-28T12:00:00Z,519622,22.247135
22.44,22.7,22.155,817,22.23,2023-02-28T16:00:00Z,593478,22.489002
22.02,22.445,21.93,471,22.44,2023-02-28T20:00:00Z,206700,22.226419
21.875,22.32,21.52,1270,22.31,2023-03-01T12:00:00Z,816381,21.887894
21.51,21.94,21.375,888,21.76,2023-03-01T16:00:00Z,553512,21.653468
21.71,21.72,21.47,277,21.505,2023-03-01T20:00:00Z,178791,21.577186
21.37,21.4,20.92,1439,21.19,2023-03-02T12:00:00Z,877981,21.173223
21.955,22.045,21.15,879,21.4,2023-03-02T16:00:00Z,786650,21.534417
22.1,22.29,21.87,514,21.95,2023-03-02T20:00:00Z,434297,22.131053
22.79,23.02,22.22,1420,22.22,2023-03-03T12:00:00Z,885269,22.725084
23.415,23.45,22.72,758,22.81,2023-03-03T16:00:00Z,539871,23.057746
23.5,23.525,23.335,576,23.435,2023-03-03T20:00:00Z,358691,23.423037
24.3,24.4,23.57,1469,23.6,2023-03-06T12:00:00Z,646846,23.996537
23.66,24.465,23.65,878,24.32,2023-03-06T16:00:00Z,468144,24.137082
23.56,23.735,23.5,276,23.67,2023-03-06T20:00:00Z,136234,23.572463
23.095,23.77,22.76,1261,23.76,2023-03-07T12:00:00Z,509459,23.335955
22.55,23.47,22.53,845,22.9,2023-03-07T16:00:00Z,506213,23.022617
22.7,22.75,22.57,266,22.62,2023-03-07T20:00:00Z,165820,22.658134
22.79,22.96,22.34,1601,22.69,2023-03-08T12:00:00Z,950316,22.746773
22.72,23.13,22.525,1007,22.78,2023-03-08T16:00:00Z,790523,22.8276
23.02,23.09,22.63,386,22.75,2023-03-08T20:00:00Z,297714,22.898755
23.43,23.71,22.59,1842,22.63,2023-03-09T12:00:00Z,1089314,23.383996
22.12,23.475,22.1,1569,23.4,2023-03-09T16:00:00Z,1207167,22.827748
21.69,22.16,21.595,914,22.155,2023-03-09T20:00:00Z,585039,21.831296
21.805,22.3,21.0,4551,21.76,2023-03-10T12:00:00Z,3078645,21.430436
21.08,22.16,20.625,2734,21.78,2023-03-10T16:00:00Z,1996220,21.470704
20.92,21.17,20.64,648,21.08,2023-03-10T20:00:00Z,407593,20.887343
21.89,22.03,20.14,7222,21.41,2023-03-13T12:00:00Z,3867304,21.313673
21.32,22.13,21.32,3624,21.9,2023-03-13T16:00:00Z,2428335,21.705343
21.4,21.4,21.34,7,21.34,2023-03-13T20:00:00Z,5246,21.354852
22.795,22.89,21.49,4208,21.75,2023-03-14T12:00:00Z,2190387,22.472077
22.78,22.865,21.93,2204,22.81,2023-03-14T16:00:00Z,1718248,22.427503
22.8,22.81,22.73,12,22.8,2023-03-14T20:00:00Z,8480,22.778729
22.41,22.7,21.61,4957,21.87,2023-03-15T12:00:00Z,1998139,22.204891
23.12,23.215,22.0,2567,22.44,2023-03-15T16:00:00Z,1740614,22.722445
23.21,23.21,23.12,26,23.13,2023-03-15T20:00:00Z,27038,23.158921
24.53,24.655,22.74,1825,23.26,2023-03-16T12:00:00Z,712524,23.627435
24.95,25.03,24.235,1262,24.59,2023-03-16T16:00:00Z,692255,24.665534
24.93,24.99,24.83,12,24.83,2023-03-16T20:00:00Z,14001,24.917571
24.375,25.49,24.1,2837,25.06,2023-03-17T12:00:00Z,1103010,24.803216
24.57,24.86,24.2,1539,24.37,2023-03-17T16:00:00Z,672542,24.531159
24.58,24.71,24.57,16,24.67,2023-03-17T20:00:00Z,15881,24.63431
24.37,24.855,23.89,2537,24.55,2023-03-20T12:00:00Z,878623,24.36158
24.82,24.885,24.1,1010,24.38,2023-03-20T16:00:00Z,561603,24.566772
24.81,24.84,24.79,4,24.84,2023-03-20T20:00:00Z,9350,24.81123
25.07,25.66,24.94,2307,25.34,2023-03-21T12:00:00Z,1203448,25.28712
25.85,26.0,25.02,950,25.07,2023-03-21T16:00:00Z,423150,25.484861
25.87,25.87,25.87,2,25.87,2023-03-21T20:00:00Z,408,25.87
26.08,26.14,25.5,1242,25.6,2023-03-22T12:00:00Z,586152,25.850045
24.65,26.93,24.65,4075,26.04,2023-03-22T16:00:00Z,1829012,26.019426
24.71,24.74,24.57,45,24.68,2023-03-22T20:00:00Z,32203,24.629978
26.36,26.59,25.3,2160,25.31,2023-03-23T12:00:00Z,715284,25.999084
25.57,26.42,24.895,1851,26.33,2023-03-23T16:00:00Z,987558,25.612231
25.76,25.78,25.45,14,25.46,2023-03-23T20:00:00Z,14009,25.502311
25.43,25.52,24.84,2459,25.15,2023-03-24T12:00:00Z,1319144,25.194097
25.83,25.84,24.99,1480,25.46,2023-03-24T16:00:00Z,1343388,25.497176
25.99,26.0,25.85,35,25.86,2023-03-24T20:00:00Z,20961,25.912256
25.15,26.25,25.12,2335,26.17,2023-03-27T12:00:00Z,1235572,25.864124
25.21,25.68,25.08,1007,25.14,2023-03-27T16:00:00Z,653675,25.36796
25.34,25.37,25.34,8,25.35,2023-03-27T20:00:00Z,2899,25.346548
24.72,25.25,24.39,1963,25.19,2023-03-28T12:00:00Z,918965,24.69355
24.87,24.87,24.29,1023,24.725,2023-03-28T16:00:00Z,810445,24.565821
24.94,24.95,24.9,8,24.94,2023-03-28T20:00:00Z,4120,24.936825
25.915,26.03,25.44,1847,25.48,2023-03-29T12:00:00Z,874653,25.813137
26.23,26.36,25.78,1488,25.945,2023-03-29T16:00:00Z,861112,26.062377
26.19,26.19,26.16,5,26.19,2023-03-29T20:00:00Z,6103,26.173287
26.9,27.07,26.6,1936,26.63,2023-03-30T12:00:00Z,949693,26.832313
26.93,26.965,26.49,949,26.82,2023-03-30T16:00:00Z,584631,26.789204
26.96,27.0,26.93,26,26.93,2023-03-30T20:00:00Z,23648,26.96349
27.72,27.72,26.81,2177,26.86,2023-03-31T12:00:00Z,900124,27.328348
28.26,28.31,27.69,1328,27.715,2023-03-31T16:00:00Z,803473,27.997858
28.29,28.29,28.2,13,28.22,2023-03-31T20:00:00Z,16643,28.247477
27.53,28.05,27.335,2186,27.69,2023-04-03T12:00:00Z,1005176,27.741718
28.06,28.11,27.365,937,27.515,2023-04-03T16:00:00Z,551861,27.748019
28.03,28.03,28.02,4,28.02,2023-04-03T20:00:00Z,7181,28.023342
27.83,28.44,27.67,1667,28.43,2023-04-04T12:00:00Z,789080,28.105507
27.75,27.92,27.425,915,27.81,2023-04-04T16:00:00Z,578967,27.692673
27.79,27.81,27.79,6,27.81,2023-04-04T20:00:00Z,4088,27.808262
26.67,27.84,26.5,2252,27.71,2023-04-05T12:00:00Z,1096062,27.015215
26.88,26.95,26.415,1372,26.69,2023-04-05T16:00:00Z,986063,26.725157
26.83,26.87,26.83,4,26.87,2023-04-05T20:00:00Z,3900,26.839231
27.145,27.17,26.11,1468,26.8,2023-04-06T12:00:00Z,534619,26.56983
27.43,27.55,27.14,916,27.21,2023-04-06T16:00:00Z,324700,27.372528
27.37,27.42,27.37,4,27.42,2023-04-06T20:00:00Z,1689,27.385733
26.69,27.06,26.17,1480,27.06,2023-04-10T12:00:00Z,458175,26.543529
27.335,27.36,26.465,869,26.69,2023-04-10T16:00:00Z,414372,27.012517
27.38,27.42,27.34,29,27.34,2023-04-10T20:00:00Z,18878,27.401281
26.795,27.38,26.7,938,27.21,2023-04-11T12:00:00Z,347689,27.02208
26.83,27.185,26.75,636,26.88,2023-04-11T16:00:00Z,331290,26.966523
26.85,26.85,26.85,3,26.85,2023-04-11T20:00:00Z,650,26.85
26.8,27.85,26.245,3252,26.88,2023-04-12T12:00:00Z,1047739,27.016005
26.09,27.025,26.0,1887,26.81,2023-04-12T16:00:00Z,880796,26.43749
26.08,26.13,26.07,34,26.12,2023-04-12T20:00:00Z,14244,26.100297
27.235,27.235,26.13,1531,26.13,2023-04-13T12:00:00Z,452165,26.85105
27.65,27.74,27.15,1099,27.23,2023-04-13T16:00:00Z,402719,27.536059
27.51,27.61,27.51,32,27.61,2023-04-13T20:00:00Z,13334,27.567904
27.12,27.92,26.98,2377,27.25,2023-04-14T12:00:00Z,768988,27.378274
27.46,27.52,26.71,1206,27.11,2023-04-14T16:00:00Z,524836,27.177984
27.63,27.64,27.48,32,27.48,2023-04-14T20:00:00Z,23173,27.530772
26.98,27.6,26.89,1219,27.43,2023-04-17T12:00:00Z,425771,27.25264
27.5,27.51,26.82,563,26.95,2023-04-17T16:00:00Z,254046,27.146675
27.49,27.52,27.49,14,27.5,2023-04-17T20:00:00Z,15551,27.501743
27.36,28.18,27.28,1108,28.05,2023-04-18T12:00:00Z,423107,27.719172
27.52,27.595,27.2,706,27.35,2023-04-18T16:00:00Z,263446,27.465413
27.39,27.44,26.77,1064,26.88,2023-04-19T12:00:00Z,504375,27.067244
27.475,27.725,27.36,812,27.42,2023-04-19T16:00:00Z,588950,27.559547
27.4,27.49,27.36,16,27.42,2023-04-19T20:00:00Z,24122,27.431369
27.2,27.31,26.56,1686,26.64,2023-04-20T12:00:00Z,592067,26.990268
26.82,27.57,26.485,1150,27.2,2023-04-20T16:00:00Z,576674,26.968366
26.9,26.93,26.85,15,26.86,2023-04-20T20:00:00Z,11046,26.889854
26.83,26.915,26.25,1080,26.45,2023-04-21T12:00:00Z,543231,26.628651
26.9,27.075,26.69,533,26.815,2023-04-21T16:00:00Z,339481,26.858615
26.83,26.91,26.83,19,26.87,2023-04-21T20:00:00Z,12156,26.865701
26.22,27.16,26.15,973,26.8,2023-04-24T12:00:00Z,433446,26.641877
26.69,26.76,26.18,747,26.21,2023-04-24T16:00:00Z,434505,26.583131
26.66,26.74,26.66,21,26.72,2023-04-24T20:00:00Z,21547,26.714095
25.875,26.44,25.85,1761,26.37,2023-04-25T12:00:00Z,612367,26.161578
25.18,25.88,25.17,2005,25.86,2023-04-25T16:00:00Z,663274,25.513372
25.8,25.91,25.58,185,25.74,2023-04-25T20:00:00Z,108881,25.78493
26.235,26.28,25.7,1378,25.71,2023-04-26T12:00:00Z,784629,25.960814
25.63,26.38,25.51,941,26.25,2023-04-26T16:00:00Z,545954,25.897089
26.11,26.13,25.65,64,25.66,2023-04-26T20:00:00Z,43399,25.972001
27.165,27.195,26.23,1753,26.38,2023-04-27T12:00:00Z,710777,26.687402
27.715,27.82,27.15,1679,27.15,2023-04-27T16:00:00Z,612249,27.490825
27.97,28.29,27.67,96,27.67,2023-04-27T20:00:00Z,61204,28.098755
27.835,28.09,27.35,1873,27.4,2023-04-28T12:00:00Z,1052476,27.695486
28.27,28.27,27.73,916,27.835,2023-04-28T16:00:00Z,423476,28.009918
28.29,28.31,28.25,10,28.28,2023-04-28T20:00:00Z,5316,28.295897
28.11,28.34,27.885,706,28.15,2023-05-01T12:00:00Z,292861,28.122404
28.16,28.52,28.045,600,28.11,2023-05-01T16:00:00Z,298754,28.287771
28.05,28.24,28.05,12,28.2,2023-05-01T20:00:00Z,9883,28.144295
27.03,28.215,26.96,1305,28.1,2023-05-02T12:00:00Z,683742,27.355963
27.39,27.64,26.98,780,27.05,2023-05-02T16:00:00Z,507593,27.396211
27.33,27.42,27.33,21,27.41,2023-05-02T20:00:00Z,11480,27.367175
27.58,27.77,27.365,1048,27.61,2023-05-03T12:00:00Z,343944,27.503819
26.88,28.17,26.84,1936,27.6,2023-05-03T16:00:00Z,808512,27.468594
26.78,27.06,26.78,32,26.87,2023-05-03T20:00:00Z,15668,26.96833
26.6,26.925,26.29,1590,26.81,2023-05-04T12:00:00Z,579014,26.611115
26.53,27.045,26.48,1146,26.595,2023-05-04T16:00:00Z,964783,26.711248
26.56,26.79,26.48,53,26.51,2023-05-04T20:00:00Z,25164,26.617535
27.795,27.955,26.83,1247,27.12,2023-05-05T12:00:00Z,612579,27.466692
28.23,28.455,27.74,586,27.77,2023-05-05T16:00:00Z,223902,28.211166
28.17,28.19,28.14,17,28.19,2023-05-05T20:00:00Z,16608,28.164155
28.22,28.25,27.83,699,28.19,2023-05-08T12:00:00Z,241482,28.034035
28.44,28.505,28.035,553,28.255,2023-05-08T16:00:00Z,322733,28.312169
28.37,28.4,28.35,9,28.38,2023-05-08T20:00:00Z,5377,28.3801
27.885,28.195,27.85,574,28.03,2023-05-09T12:00:00Z,161460,28.006615
27.885,28.06,27.81,501,27.88,2023-05-09T16:00:00Z,243910,27.924491
27.88,27.9,27.88,7,27.89,2023-05-09T20:00:00Z,3222,27.891638
28.55,28.91,27.84,2729,27.85,2023-05-10T12:00:00Z,1262161,28.58779
28.78,29.015,27.885,728,28.49,2023-05-10T16:00:00Z,441911,28.513662
28.78,28.85,28.78,9,28.84,2023-05-10T20:00:00Z,3786,28.826107
29.0,29.17,28.5,1175,28.87,2023-05-11T12:00:00Z,478729,28.805773
29.03,29.185,28.71,516,28.995,2023-05-11T16:00:00Z,462735,28.973537
29.04,29.06,28.98,20,29.02,2023-05-11T20:00:00Z,12336,29.048439
28.76,29.29,28.56,876,29.16,2023-05-12T12:00:00Z,286916,28.987355
28.72,28.77,28.17,1138,28.77,2023-05-12T16:00:00Z,802255,28.380427
28.56,28.68,28.56,28,28.68,2023-05-12T20:00:00Z,16013,28.620658
29.04,29.04,28.435,1154,28.93,2023-05-15T12:00:00Z,752441,28.773772
29.19,29.23,28.86,508,29.05,2023-05-15T16:00:00Z,518017,29.029197
29.14,29.18,29.12,24,29.16,2023-05-15T20:00:00Z,19559,29.168963
29.685,29.695,28.92,910,29.14,2023-05-16T12:00:00Z,639171,29.319399
29.27,29.73,29.27,630,29.63,2023-05-16T16:00:00Z,456520,29.571865
29.42,29.42,29.28,15,29.28,2023-05-16T20:00:00Z,9852,29.341662
29.71,29.78,29.27,623,29.46,2023-05-17T12:00:00Z,179097,29.512797
30.34,30.46,29.64,930,29.74,2023-05-17T16:00:00Z,557670,30.276267
30.31,30.37,30.31,11,30.33,2023-05-17T20:00:00Z,2099,30.335065
31.535,31.74,30.29,1478,30.58,2023-05-18T12:00:00Z,733670,31.251256
31.98,32.035,31.09,1155,31.525,2023-05-18T16:00:00Z,729661,31.475068
32.09,32.09,31.96,34,32.02,2023-05-18T20:00:00Z,15927,32.007682
31.74,32.23,31.5,1034,32.05,2023-05-19T12:00:00Z,514517,31.91269
31.75,31.86,31.45,640,31.8,2023-05-19T16:00:00Z,467362,31.677678
31.62,31.7,31.57,23,31.7,2023-05-19T20:00:00Z,9764,31.658983
32.01,32.35,31.67,1104,31.72,2023-05-22T12:00:00Z,461465,32.060359
32.08,32.32,31.87,914,31.99,2023-05-22T16:00:00Z,336340,32.076691
32.1,32.13,32.1,11,32.12,2023-05-22T20:00:00Z,6594,32.1154
31.755,31.88,31.5,1122,31.72,2023-05-23T12:00:00Z,369403,31.72696
30.825,31.805,30.73,1131,31.775,2023-05-23T16:00:00Z,894146,31.105358
30.85,30.88,30.8,20,30.86,2023-05-23T20:00:00Z,18404,30.837323
29.975,30.54,29.77,1399,30.44,2023-05-24T12:00:00Z,547805,30.103337
30.34,30.68,29.835,693,30.055,2023-05-24T16:00:00Z,342946,30.170747
31.51,31.51,30.27,66,30.36,2023-05-24T20:00:00Z,70309,31.155717
32.275,32.565,31.69,2321,32.19,2023-05-25T12:00:00Z,723830,32.084954
32.52,32.86,32.29,885,32.315,2023-05-25T16:00:00Z,439824,32.577691
32.56,32.63,32.52,68,32.54,2023-05-25T20:00:00Z,41575,32.576157
34.675,34.775,32.55,1994,32.92,2023-05-26T12:00:00Z,698209,33.815198
34.99,35.24,34.66,866,34.67,2023-05-26T16:00:00Z,412124,34.954372
35.2,35.24,35.01,31,35.01,2023-05-26T20:00:00Z,18388,35.115267
35.85,36.72,35.5,2253,36.46,2023-05-30T12:00:00Z,863476,36.035936
35.45,35.9,35.05,783,35.9,2023-05-30T16:00:00Z,476935,35.531619
35.57,35.57,35.49,19,35.53,2023-05-30T20:00:00Z,13452,35.536028
34.68,35.53,34.41,1109,35.05,2023-05-31T12:00:00Z,346102,34.949309
34.74,35.21,34.42,461,34.71,2023-05-31T16:00:00Z,248122,34.91354
34.67,34.74,34.63,23,34.73,2023-05-31T20:00:00Z,10981,34.693461
35.64,35.64,34.485,1032,34.84,2023-06-01T12:00:00Z,367329,35.015978
36.025,36.415,35.68,771,35.68,2023-06-01T16:00:00Z,327146,35.982896
36.19,36.21,36.03,23,36.03,2023-06-01T20:00:00Z,11630,36.153013
36.88,37.17,36.01,1977,36.63,2023-06-02T12:00:00Z,616485,36.592017
36.78,37.02,36.65,505,36.895,2023-06-02T16:00:00Z,237421,36.843373
36.84,36.89,36.82,33,36.85,2023-06-02T20:00:00Z,18823,36.85394
37.525,37.61,36.59,848,36.68,2023-06-05T12:00:00Z,255524,37.117841
36.89,37.7,36.58,777,37.55,2023-06-05T16:00:00Z,437257,37.124183
36.86,36.91,36.86,35,36.89,2023-06-05T20:00:00Z,12574,36.885466
37.095,37.095,36.305,672,36.76,2023-06-06T12:00:00Z,215367,36.728202
36.9,37.14,36.44,427,37.11,2023-06-06T16:00:00Z,209975,36.75148
36.92,36.95,36.86,13,36.89,2023-06-06T20:00:00Z,6475,36.898729
35.725,37.555,35.695,1087,37.06,2023-06-07T12:00:00Z,291483,36.642263
34.95,35.865,34.8,727,35.715,2023-06-07T16:00:00Z,297569,35.240777
34.87,34.97,34.86,38,34.97,2023-06-07T20:00:00Z,31543,34.902155
36.13,36.3,34.77,916,34.77,2023-06-08T12:00:00Z,310316,35.44927
36.205,36.35,35.66,533,36.125,2023-06-08T16:00:00Z,180857,36.043674
36.4,36.4,36.15,21,36.19,2023-06-08T20:00:00Z,13321,36.243448
36.505,37.61,36.38,1534,36.38,2023-06-09T12:00:00Z,447129,36.978644
36.64,37.045,36.2,593,36.465,2023-06-09T16:00:00Z,212078,36.652944
36.71,36.72,36.65,12,36.66,2023-06-09T20:00:00Z,5561,36.713363
37.46,37.5,36.85,625,37.21,2023-06-12T12:00:00Z,139676,37.136354
38.49,38.495,37.37,570,37.41,2023-06-12T16:00:00Z,215805,37.981097
38.67,38.67,38.46,79,38.46,2023-06-12T20:00:00Z,35485,38.629358
39.06,39.74,38.33,2892,38.72,2023-06-13T12:00:00Z,667592,38.965359
39.38,39.5,38.74,649,39.02,2023-06-13T16:00:00Z,312792,39.14462
39.45,39.45,39.33,17,39.33,2023-06-13T20:00:00Z,17647,39.385998
39.9,40.3,39.04,1150,39.55,2023-06-14T12:00:00Z,332047,39.763605
40.17,40.26,38.44,2110,39.96,2023-06-14T16:00:00Z,551547,39.528754
40.48,40.49,40.2,54,40.2,2023-06-14T20:00:00Z,22682,40.323205
41.02,41.17,39.22,1707,39.36,2023-06-15T12:00:00Z,703080,40.41563
41.59,42.07,40.7,1002,41.075,2023-06-15T16:00:00Z,393499,41.582024
41.51,41.6,41.46,24,41.57,2023-06-15T20:00:00Z,12909,41.536561
41.6,42.44,41.2,2330,41.88,2023-06-16T12:00:00Z,534831,41.647242
40.795,41.93,40.66,748,41.59,2023-06-16T16:00:00Z,214768,41.254791
40.96,41.05,40.91,25,40.91,2023-06-16T20:00:00Z,10152,40.99015
39.915,41.05,39.63,1134,40.41,2023-06-20T12:00:00Z,302061,40.161262
40.645,40.88,39.87,761,39.915,2023-06-20T16:00:00Z,233175,40.572833
40.56,40.56,40.49,11,40.49,2023-06-20T20:00:00Z,8804,40.550288
38.71,40.18,38.5,1564,40.08,2023-06-21T12:00:00Z,379881,39.15221
38.85,39.66,38.71,677,38.71,2023-06-21T16:00:00Z,261371,39.093373
38.8,38.9,38.8,5,38.9,2023-06-21T20:00:00Z,5400,38.871852
39.73,39.91,38.24,1293,38.55,2023-06-22T12:00:00Z,412339,39.19843
40.17,40.19,39.19,1017,39.72,2023-06-22T16:00:00Z,360966,39.769059
40.33,40.33,40.11,39,40.13,2023-06-22T20:00:00Z,20761,40.194378
38.94,39.49,38.395,1483,39.47,2023-06-23T12:00:00Z,429109,38.805498
38.91,39.7,38.725,901,38.95,2023-06-23T16:00:00Z,384193,39.189695
38.92,38.99,38.83,14,38.83,2023-06-23T20:00:00Z,12151,38.944354
38.59,39.65,38.34,1608,38.98,2023-06-26T12:00:00Z,435457,39.018554
37.37,38.57,37.34,1296,38.57,2023-06-26T16:00:00Z,416625,37.807864
37.49,37.53,37.48,37,37.5,2023-06-26T20:00:00Z,10550,37.509702
38.45,38.55,37.61,1076,37.66,2023-06-27T12:00:00Z,316902,37.993333
39.31,39.5,38.47,653,38.52,2023-06-27T16:00:00Z,199730,39.157852
39.12,39.21,39.1,65,39.2,2023-06-27T20:00:00Z,30841,39.147392
39.79,40.02,38.64,1836,38.87,2023-06-28T12:00:00Z,652026,39.405635
39.47,40.14,38.915,836,39.75,2023-06-28T16:00:00Z,309509,39.298498
39.63,39.79,39.63,28,39.79,2023-06-28T20:00:00Z,11772,39.70855
39.36,39.93,38.69,2155,39.93,2023-06-29T12:00:00Z,642197,39.208331
39.18,39.51,38.73,714,39.42,2023-06-29T16:00:00Z,227522,39.11307
39.28,39.31,39.24,47,39.24,2023-06-29T20:00:00Z,37353,39.286638
40.8,41.335,39.81,1881,39.81,2023-06-30T12:00:00Z,488077,40.827065
41.03,41.28,40.82,482,40.87,2023-06-30T16:00:00Z,212712,41.096514
40.88,41.01,40.85,35,41.01,2023-06-30T20:00:00Z,20863,40.921581
40.93,41.47,40.85,698,41.06,2023-07-03T12:00:00Z,235361,41.103831
41.21,41.3,40.935,115,40.945,2023-07-03T16:00:00Z,34019,41.176826
41.23,41.83,40.55,938,40.55,2023-07-05T12:00:00Z,319404,41.385368
41.27,41.51,40.98,492,41.19,2023-07-05T16:00:00Z,179693,41.25468
41.22,41.25,41.19,47,41.25,2023-07-05T20:00:00Z,21975,41.217368
39.65,40.45,39.29,1875,40.45,2023-07-06T12:00:00Z,473274,39.751398
40.275,40.42,39.68,1098,39.68,2023-07-06T16:00:00Z,367607,40.12513
40.16,40.31,40.16,3,40.31,2023-07-06T20:00:00Z,698,40.210143
40.64,40.86,39.865,2191,40.63,2023-07-07T12:00:00Z,327563,40.275423
39.85,41.24,39.795,696,40.67,2023-07-07T16:00:00Z,262989,40.576489
39.95,40.02,39.95,18,39.95,2023-07-07T20:00:00Z,13090,39.989158
39.33,40.07,39.11,1044,39.77,2023-07-10T12:00:00Z,349075,39.710735
39.865,39.92,38.95,638,39.27,2023-07-10T16:00:00Z,228239,39.450552
39.98,40.1,39.93,20,39.93,2023-07-10T20:00:00Z,9909,40.019785
40.28,40.32,39.3,1221,40.26,2023-07-11T12:00:00Z,267309,39.918478
40.485,40.6,39.68,554,40.325,2023-07-11T16:00:00Z,136462,40.183997
40.51,40.51,40.41,16,40.41,2023-07-11T20:00:00Z,7332,40.484276
41.26,42.435,40.86,2294,40.88,2023-07-12T12:00:00Z,525885,41.850602
41.96,42.19,41.22,853,41.355,2023-07-12T16:00:00Z,432782,41.814928
42.04,42.09,42.0,38,42.0,2023-07-12T20:00:00Z,21087,42.044471
43.48,43.49,42.68,1052,42.84,2023-07-13T12:00:00Z,246285,43.139072
44.115,44.355,43.43,415,43.46,2023-07-13T16:00:00Z,125152,43.822965
44.01,44.07,43.98,43,44.06,2023-07-13T20:00:00Z,18407,44.030651
45.0,45.35,44.08,1431,44.15,2023-07-14T12:00:00Z,377527,44.81854
44.05,44.95,43.75,743,44.95,2023-07-14T16:00:00Z,284340,44.2484
43.99,44.09,43.95,10,44.04,2023-07-14T20:00:00Z,3951,44.017848
44.93,44.93,43.89,947,43.97,2023-07-17T12:00:00Z,253373,44.440201
45.21,45.535,44.57,702,44.92,2023-07-17T16:00:00Z,278950,45.200232
45.1,45.15,45.05,28,45.15,2023-07-17T20:00:00Z,11255,45.10826
45.56,45.62,44.33,949,45.08,2023-07-18T12:00:00Z,372658,44.887016
46.365,46.8,45.46,883,45.54,2023-07-18T16:00:00Z,365781,46.161641
46.2,46.3,46.17,28,46.3,2023-07-18T20:00:00Z,14307,46.231352
46.84,47.0,46.37,1117,46.59,2023-07-19T12:00:00Z,380042,46.686313
46.23,47.125,45.825,889,46.84,2023-07-19T16:00:00Z,377465,46.438475
46.07,46.24,45.96,30,46.17,2023-07-19T20:00:00Z,16849,46.080854
44.41,45.67,44.0,1764,45.31,2023-07-20T12:00:00Z,704975,44.965935
43.075,44.71,42.7,1106,44.46,2023-07-20T16:00:00Z,437008,43.521676
43.15,43.18,43.09,60,43.09,2023-07-20T20:00:00Z,16354,43.126022
43.17,44.13,42.73,1722,43.56,2023-07-21T12:00:00Z,552543,43.417014
42.69,43.59,42.535,706,43.12,2023-07-21T16:00:00Z,248477,42.948765
42.77,42.78,42.71,36,42.75,2023-07-21T20:00:00Z,15442,42.741347
42.795,43.31,42.22,966,43.04,2023-07-24T12:00:00Z,230989,42.746558
42.85,43.11,42.56,358,42.84,2023-07-24T16:00:00Z,87274,42.82749
42.93,42.94,42.87,21,42.87,2023-07-24T20:00:00Z,11048,42.910256
43.73,43.835,43.04,953,43.35,2023-07-25T12:00:00Z,205647,43.430539
43.78,44.275,43.61,979,43.695,2023-07-25T16:00:00Z,249214,44.012741
44.2,44.23,43.39,110,43.39,2023-07-25T20:00:00Z,52258,44.01842
43.055,43.48,42.445,1176,43.3,2023-07-26T12:00:00Z,278264,43.004139
43.26,43.85,42.5,1442,43.02,2023-07-26T16:00:00Z,460638,43.116259
43.35,43.94,43.34,109,43.35,2023-07-26T20:00:00Z,43726,43.519707
44.74,45.66,44.52,1802,44.93,2023-07-27T12:00:00Z,530737,45.082646
42.925,45.275,42.45,2023,44.745,2023-07-27T16:00:00Z,518628,43.563875
43.05,43.07,42.92,9,42.92,2023-07-27T20:00:00Z,5977,43.049686
45.58,45.58,44.09,1409,44.09,2023-07-28T12:00:00Z,431819,44.797188
45.2,45.57,44.6,1215,45.55,2023-07-28T16:00:00Z,346607,45.213705
45.16,45.22,45.12,15,45.22,2023-07-28T20:00:00Z,10757,45.171879
45.16,45.7,44.88,1246,45.42,2023-07-31T12:00:00Z,425149,45.19204
45.33,45.33,44.82,627,45.235,2023-07-31T16:00:00Z,214510,45.135661
45.4,45.42,45.36,30,45.36,2023-07-31T20:00:00Z,13328,45.379923
45.0,45.1,44.23,1032,44.62,2023-08-01T12:00:00Z,240435,44.711465
44.94,45.22,44.64,495,44.99,2023-08-01T16:00:00Z,124181,44.9931
45.0,45.03,44.86,17,44.93,2023-08-01T20:00:00Z,11820,44.994621
41.82,43.95,41.82,2457,43.95,2023-08-02T12:00:00Z,636393,42.712909
41.98,42.38,41.54,2056,41.84,2023-08-02T16:00:00Z,604059,42.011357
41.87,42.08,41.82,31,41.99,2023-08-02T20:00:00Z,14552,42.00753
41.86,42.12,41.06,1540,41.28,2023-08-03T12:00:00Z,503378,41.613234
41.76,42.43,41.6,717,41.84,2023-08-03T16:00:00Z,277238,42.035382
41.87,42.51,41.66,175,41.66,2023-08-03T20:00:00Z,95656,42.167316
42.835,42.96,41.43,2726,42.15,2023-08-04T12:00:00Z,791425,42.303278
41.135,43.125,40.99,1108,42.85,2023-08-04T16:00:00Z,427664,41.98973
41.21,41.24,41.14,39,41.17,2023-08-04T20:00:00Z,17941,41.20143
41.52,42.02,40.94,1087,41.62,2023-08-07T12:00:00Z,239296,41.502574
42.165,42.195,41.42,658,41.61,2023-08-07T16:00:00Z,166952,41.887569
42.22,42.23,42.16,20,42.17,2023-08-07T20:00:00Z,12916,42.18773
40.125,41.39,40.01,1538,41.16,2023-08-08T12:00:00Z,360894,40.399
41.065,41.21,40.09,784,40.09,2023-08-08T16:00:00Z,220885,40.80259
41.05,41.1,41.03,10,41.08,2023-08-08T20:00:00Z,1759,41.048255
39.62,41.43,39.46,1447,41.32,2023-08-09T12:00:00Z,346975,40.237499
39.66,40.71,39.62,972,39.65,2023-08-09T16:00:00Z,286164,40.068886
39.87,39.91,39.8,71,39.8,2023-08-09T20:00:00Z,26627,39.859952
40.17,41.75,39.94,2592,40.52,2023-08-10T12:00:00Z,560636,40.903557
39.87,40.5,39.39,1385,40.14,2023-08-10T16:00:00Z,422539,39.92375
39.95,39.95,39.84,9,39.84,2023-08-10T20:00:00Z,4049,39.896225
38.96,39.67,38.6,1955,39.62,2023-08-11T12:00:00Z,414778,39.09446
39.07,39.385,38.74,683,38.975,2023-08-11T16:00:00Z,204115,39.078841
39.12,39.19,39.12,14,39.15,2023-08-11T20:00:00Z,6861,39.143212
39.96,40.235,38.61,1315,38.89,2023-08-14T12:00:00Z,274581,39.557843
40.435,40.435,39.67,418,39.965,2023-08-14T16:00:00Z,133621,40.153764
40.48,40.48,40.4,21,40.4,2023-08-14T20:00:00Z,11570,40.442814
39.81,40.33,39.15,1413,39.73,2023-08-15T12:00:00Z,334432,39.713264
39.11,39.89,38.88,887,39.86,2023-08-15T16:00:00Z,236791,39.29467
39.16,39.19,39.05,61,39.11,2023-08-15T20:00:00Z,26958,39.143698
38.645,39.375,38.56,894,38.97,2023-08-16T12:00:00Z,195797,39.025778
37.845,38.92,37.825,1206,38.63,2023-08-16T16:00:00Z,297847,38.334321
37.82,37.86,37.71,77,37.82,2023-08-16T20:00:00Z,21358,37.79211
37.57,38.41,37.22,963,38.19,2023-08-17T12:00:00Z,244094,37.630619
36.58,37.965,36.44,1600,37.58,2023-08-17T16:00:00Z,465085,37.092995
36.37,36.58,36.35,130,36.57,2023-08-17T20:00:00Z,65273,36.43155
36.32,36.35,35.385,2581,35.59,2023-08-18T12:00:00Z,704313,35.757524
36.41,36.805,35.845,1213,36.26,2023-08-18T16:00:00Z,274554,36.349939
36.37,36.54,36.37,71,36.47,2023-08-18T20:00:00Z,31004,36.434061
36.86,37.73,36.76,1272,36.8,2023-08-21T12:00:00Z,319808,37.182606
38.195,38.36,36.88,1374,36.94,2023-08-21T16:00:00Z,392384,37.974598
38.06,38.09,38.0,57,38.08,2023-08-21T20:00:00Z,31444,38.049031
38.16,39.17,38.06,1139,39.1,2023-08-22T12:00:00Z,297831,38.509131
37.985,38.355,37.77,1593,38.135,2023-08-22T16:00:00Z,621666,37.973344
37.99,38.02,37.96,34,37.98,2023-08-22T20:00:00Z,15852,37.984227
39.8,39.82,38.22,1210,38.22,2023-08-23T12:00:00Z,283471,39.009038
39.78,40.09,39.55,1037,39.78,2023-08-23T16:00:00Z,335913,39.865972
40.91,40.93,39.85,95,39.86,2023-08-23T20:00:00Z,40407,40.611889
37.88,41.09,37.825,2154,41.09,2023-08-24T12:00:00Z,516562,39.338534
37.145,38.53,37.1,952,37.89,2023-08-24T16:00:00Z,288263,37.788777
36.92,37.2,36.87,62,37.2,2023-08-24T20:00:00Z,20023,37.026882
36.755,38.51,36.35,2955,37.38,2023-08-25T12:00:00Z,862151,37.295587
38.03,38.37,36.73,1307,36.73,2023-08-25T16:00:00Z,386567,37.617872
37.99,38.13,37.97,19,38.13,2023-08-25T20:00:00Z,15555,38.035754
38.33,39.155,38.105,1669,38.47,2023-08-28T12:00:00Z,463018,38.534041
38.89,39.035,38.18,1042,38.295,2023-08-28T16:00:00Z,309815,38.635267
38.94,38.96,38.9,18,38.9,2023-08-28T20:00:00Z,7185,38.934139
41.03,41.15,38.7,2122,38.76,2023-08-29T12:00:00Z,669613,40.065549
41.43,41.515,40.94,876,41.045,2023-08-29T16:00:00Z,323315,41.212551
41.47,41.49,41.42,45,41.44,2023-08-29T20:00:00Z,22723,41.458767
42.025,42.155,41.1,2696,41.51,2023-08-30T12:00:00Z,567812,41.665301
42.09,42.27,41.715,911,42.095,2023-08-30T16:00:00Z,217224,42.037993
42.16,42.18,42.05,18,42.05,2023-08-30T20:00:00Z,9389,42.144561
42.635,42.97,41.98,2148,42.25,2023-08-31T12:00:00Z,496311,42.47805
42.38,42.885,42.11,1335,42.625,2023-08-31T16:00:00Z,452855,42.594328
42.42,42.46,42.41,5,42.42,2023-08-31T20:00:00Z,3400,42.433529
41.83,43.35,41.78,3061,42.73,2023-09-01T12:00:00Z,776768,42.403759
42.245,42.335,41.75,807,41.835,2023-09-01T16:00:00Z,204256,42.113537
42.23,42.28,42.23,4,42.27,2023-09-01T20:00:00Z,3620,42.244917
42.29,42.75,41.63,1330,41.89,2023-09-05T12:00:00Z,289428,42.040063
42.39,42.79,42.285,788,42.36,2023-09-05T16:00:00Z,193471,42.518562
42.3,42.4,42.27,6,42.4,2023-09-05T20:00:00Z,5390,42.336568
41.16,42.22,40.91,1327,42.06,2023-09-06T12:00:00Z,328026,41.466255
41.31,41.33,40.6,1246,41.1,2023-09-06T16:00:00Z,267383,41.000869
41.17,41.26,41.17,7,41.26,2023-09-06T20:00:00Z,1302,41.214487
39.75,40.4,39.385,1657,40.31,2023-09-07T12:00:00Z,363277,39.891779
40.37,40.575,39.74,659,39.74,2023-09-07T16:00:00Z,203554,40.296474
40.39,40.39,40.25,49,40.25,2023-09-07T20:00:00Z,13930,40.346678
40.81,41.21,40.3,1228,40.41,2023-09-08T12:00:00Z,282063,40.850301
40.51,41.01,40.17,819,40.84,2023-09-08T16:00:00Z,251361,40.524293
40.66,40.72,40.49,37,40.49,2023-09-08T20:00:00Z,13122,40.616163
41.06,41.695,40.85,1192,41.42,2023-09-11T12:00:00Z,266513,41.19926
41.9,42.08,41.03,805,41.145,2023-09-11T16:00:00Z,190398,41.781223
41.9,41.95,41.9,23,41.95,2023-09-11T20:00:00Z,9757,41.912981
40.97,41.79,40.68,1667,41.48,2023-09-12T12:00:00Z,325672,41.271148
40.52,41.44,40.41,1233,41.08,2023-09-12T16:00:00Z,391473,40.812959
40.59,40.59,40.51,47,40.51,2023-09-12T20:00:00Z,25488,40.567102
41.16,41.35,39.86,2362,40.51,2023-09-13T12:00:00Z,538299,40.81304
40.94,41.48,40.62,2329,41.105,2023-09-13T16:00:00Z,795015,41.107589
41.09,41.09,41.02,19,41.03,2023-09-13T20:00:00Z,9808,41.054518
41.94,42.075,40.8,1858,41.54,2023-09-14T12:00:00Z,380252,41.411401
41.92,42.235,41.76,886,41.98,2023-09-14T16:00:00Z,199396,41.987708
42.02,42.08,41.95,23,41.95,2023-09-14T20:00:00Z,11318,42.025967
40.04,41.58,39.88,1780,41.44,2023-09-15T12:00:00Z,420174,40.497043
39.71,40.31,39.45,1100,40.05,2023-09-15T16:00:00Z,308241,39.7612
39.71,39.75,39.66,16,39.73,2023-09-15T20:00:00Z,8108,39.704978
40.1,40.14,39.33,1327,39.51,2023-09-18T12:00:00Z,325358,39.777596
39.85,40.21,39.62,992,40.13,2023-09-18T16:00:00Z,236565,39.930446
39.96,39.98,39.89,10,39.89,2023-09-18T20:00:00Z,5824,39.954198
38.9,39.86,38.605,2199,39.85,2023-09-19T12:00:00Z,442966,38.983934
39.56,39.82,38.69,1398,38.9,2023-09-19T16:00:00Z,418093,39.423819
39.63,39.64,39.63,6,39.64,2023-09-19T20:00:00Z,9825,39.635092
39.44,39.9,39.08,1752,39.68,2023-09-20T12:00:00Z,476813,39.572598
37.74,39.56,37.71,3041,39.43,2023-09-20T16:00:00Z,684388,38.702585
37.62,37.73,37.57,98,37.73,2023-09-20T20:00:00Z,25965,37.642065
36.23,36.78,36.03,2248,36.27,2023-09-21T12:00:00Z,444421,36.414384
35.59,36.61,35.575,1909,36.21,2023-09-21T16:00:00Z,496634,35.974798
35.49,35.59,35.49,24,35.57,2023-09-21T20:00:00Z,12990,35.558503
36.42,36.76,35.79,2200,36.14,2023-09-22T12:00:00Z,426872,36.279091
35.6,36.71,35.525,2346,36.42,2023-09-22T16:00:00Z,642876,35.97546
35.67,35.79,35.67,25,35.73,2023-09-22T20:00:00Z,16809,35.737583
35.81,36.0,35.02,2059,35.26,2023-09-25T12:00:00Z,381572,35.588668
36.125,36.135,35.46,1160,35.85,2023-09-25T16:00:00Z,283991,35.814284
36.24,36.24,36.11,23,36.17,2023-09-25T20:00:00Z,8015,36.20042
34.69,35.65,34.6,2070,35.63,2023-09-26T12:00:00Z,539276,34.925001
34.49,35.02,34.18,1431,34.7,2023-09-26T16:00:00Z,399515,34.552617
34.59,34.61,34.59,4,34.61,2023-09-26T20:00:00Z,2780,34.602593
34.305,35.16,34.265,2285,34.75,2023-09-27T12:00:00Z,599619,34.714449
34.73,35.255,33.635,1845,34.26,2023-09-27T16:00:00Z,800589,34.31392
34.87,34.91,34.77,20,34.8,2023-09-27T20:00:00Z,10631,34.861237
35.92,35.92,34.15,3283,34.66,2023-09-28T12:00:00Z,743358,34.756188
35.55,36.15,35.23,1829,35.905,2023-09-28T16:00:00Z,650564,35.616191
35.71,35.71,35.55,15,35.55,2023-09-28T20:00:00Z,7252,35.604207
36.18,37.0,35.92,4118,36.07,2023-09-29T12:00:00Z,1121381,36.5384
35.63,36.31,35.23,2258,36.1,2023-09-29T16:00:00Z,729916,35.688466
35.83,35.87,35.54,37,35.54,2023-09-29T20:00:00Z,20063,35.760125
36.035,36.88,35.41,2686,35.69,2023-10-02T12:00:00Z,558758,36.160319
36.475,36.48,35.61,1839,36.01,2023-10-02T16:00:00Z,494627,35.948862
36.58,36.58,36.51,22,36.54,2023-10-02T20:00:00Z,12255,36.547731
34.625,36.36,34.5,2569,35.73,2023-10-03T12:00:00Z,749048,35.27691
34.54,35.0,34.05,1706,34.63,2023-10-03T16:00:00Z,462471,34.509694
34.51,34.61,34.51,20,34.58,2023-10-03T20:00:00Z,11773,34.581671
35.77,35.775,34.65,2143,34.92,2023-10-04T12:00:00Z,541999,35.111454
35.915,36.17,35.15,3009,35.76,2023-10-04T16:00:00Z,1045848,35.516566
35.84,35.89,35.81,27,35.83,2023-10-04T20:00:00Z,29950,35.837066
34.87,36.0,34.5,2580,35.94,2023-10-05T12:00:00Z,626993,35.165664
35.55,35.85,34.83,1526,34.89,2023-10-05T16:00:00Z,371446,35.498891
35.51,35.59,35.49,14,35.57,2023-10-05T20:00:00Z,12254,35.518221
36.885,36.89,34.13,4618,35.79,2023-10-06T12:00:00Z,1100499,35.476172
37.33,37.69,36.68,1703,36.92,2023-10-06T16:00:00Z,390796,37.224371
37.51,37.52,37.41,15,37.41,2023-10-06T20:00:00Z,9035,37.487913
36.845,37.015,36.15,1765,36.49,2023-10-09T12:00:00Z,379670,36.609539
37.895,38.08,36.85,1308,36.89,2023-10-09T16:00:00Z,332464,37.641223
37.98,37.98,37.94,10,37.94,2023-10-09T20:00:00Z,6780,37.967313
39.29,39.355,37.87,3260,37.96,2023-10-10T12:00:00Z,555519,38.557589
38.52,39.315,38.41,3414,39.285,2023-10-10T16:00:00Z,576415,38.738407
38.6,38.62,38.6,4,38.6,2023-10-10T20:00:00Z,5100,38.610196
38.835,39.39,38.67,1389,38.97,2023-10-11T12:00:00Z,265208,39.034319
39.34,39.395,38.4,1060,38.83,2023-10-11T16:00:00Z,257858,38.846292
39.58,39.6,39.33,72,39.33,2023-10-11T20:00:00Z,27312,39.527032
39.85,40.03,39.24,1816,39.8,2023-10-12T12:00:00Z,424869,39.639276
38.87,40.03,38.13,1621,39.87,2023-10-12T16:00:00Z,405906,38.942868
38.92,38.94,38.89,9,38.93,2023-10-12T20:00:00Z,4946,38.929306
37.405,39.26,37.34,2161,38.61,2023-10-13T12:00:00Z,662665,38.408927
37.38,38.0,36.99,1948,37.37,2023-10-13T16:00:00Z,551544,37.438025
37.31,37.37,37.31,16,37.37,2023-10-13T20:00:00Z,3672,37.318361
38.52,38.9,37.52,1365,37.52,2023-10-16T12:00:00Z,407012,38.363068
38.64,39.0,38.1,1196,38.52,2023-10-16T16:00:00Z,484797,38.692284
38.73,38.79,38.64,11,38.64,2023-10-16T20:00:00Z,2686,38.744243
38.49,38.61,36.85,2204,38.13,2023-10-17T12:00:00Z,430127,37.747016
38.29,38.81,37.825,1203,38.57,2023-10-17T16:00:00Z,251313,38.268946
38.31,38.33,38.21,14,38.33,2023-10-17T20:00:00Z,6765,38.257856
37.46,38.17,37.2,1917,37.79,2023-10-18T12:00:00Z,461760,37.564061
36.66,37.81,36.37,2209,37.465,2023-10-18T16:00:00Z,539961,37.138423
36.95,37.02,36.73,70,36.85,2023-10-18T20:00:00Z,42176,36.897628
36.775,37.305,36.28,2393,36.89,2023-10-19T12:00:00Z,788312,36.785794
35.69,37.51,35.45,3007,36.73,2023-10-19T16:00:00Z,884286,36.470218
35.42,35.5,35.38,40,35.48,2023-10-19T20:00:00Z,16088,35.417046
34.55,35.68,34.09,2226,35.4,2023-10-20T12:00:00Z,481191,34.870777
34.1,35.1,34.025,2055,34.54,2023-10-20T16:00:00Z,487129,34.554783
34.0,34.11,33.99,34,34.05,2023-10-20T20:00:00Z,9341,34.038976
34.74,34.805,33.06,1938,33.75,2023-10-23T12:00:00Z,473751,33.973028
34.39,35.405,34.33,1761,34.71,2023-10-23T16:00:00Z,523728,34.800012
34.61,34.62,34.45,8,34.45,2023-10-23T20:00:00Z,5589,34.593419
35.205,35.59,34.77,1889,35.11,2023-10-24T12:00:00Z,495429,35.10724
35.36,35.47,34.4,1459,35.215,2023-10-24T16:00:00Z,396770,35.065384
35.22,35.82,35.21,58,35.52,2023-10-24T20:00:00Z,24624,35.465746
33.46,34.75,33.46,3454,34.73,2023-10-25T12:00:00Z,841908,33.917558
32.76,33.59,32.58,2175,33.455,2023-10-25T16:00:00Z,531407,32.934333
32.72,33.05,32.62,31,32.81,2023-10-25T20:00:00Z,20795,32.818776
31.33,32.635,31.09,3552,31.91,2023-10-26T12:00:00Z,1015582,31.703663
30.83,31.78,30.48,2047,31.33,2023-10-26T16:00:00Z,707716,30.959411
30.95,31.23,30.82,69,31.02,2023-10-26T20:00:00Z,35492,31.029037
31.995,32.21,31.375,2805,31.58,2023-10-27T12:00:00Z,912961,31.816535
31.31,32.05,30.95,1968,32.02,2023-10-27T16:00:00Z,674090,31.264346
31.32,31.39,31.32,13,31.37,2023-10-27T20:00:00Z,7360,31.352603
32.135,32.69,31.575,2266,31.97,2023-10-30T12:00:00Z,667970,32.060299
32.32,32.65,31.62,1337,32.15,2023-10-30T16:00:00Z,445719,32.229969
32.24,32.31,32.24,8,32.31,2023-10-30T20:00:00Z,4653,32.263436
32.19,32.46,31.605,2193,32.4,2023-10-31T12:00:00Z,380648,32.040668
32.78,32.88,32.0,1547,32.28,2023-10-31T16:00:00Z,297853,32.565164
32.51,32.71,32.5,10,32.71,2023-10-31T20:00:00Z,4480,32.619966
33.63,33.87,32.48,2224,32.48,2023-11-01T12:00:00Z,415057,33.411466
34.52,34.625,33.25,4439,33.6,2023-11-01T16:00:00Z,968146,34.093422
34.59,34.6,34.43,39,34.5,2023-11-01T20:00:00Z,26465,34.521672
35.89,36.11,35.42,2924,35.61,2023-11-02T12:00:00Z,845324,35.777019
36.32,36.37,35.78,1022,35.9,2023-11-02T16:00:00Z,301099,36.209535
36.02,36.29,35.88,25,36.29,2023-11-02T20:00:00Z,11869,36.051969
37.4,37.47,36.45,1922,36.46,2023-11-03T12:00:00Z,361394,37.005336
37.64,37.97,37.31,1241,37.39,2023-11-03T16:00:00Z,258194,37.675504
37.68,37.68,37.58,9,37.58,2023-11-03T20:00:00Z,7020,37.634602
37.94,38.2,37.69,926,37.76,2023-11-06T12:00:00Z,208277,37.91266
37.835,38.08,37.34,961,37.965,2023-11-06T16:00:00Z,298847,37.756879
37.96,38.05,37.75,365,37.82,2023-11-06T20:00:00Z,82382,37.867307
39.17,39.24,37.98,1216,38.07,2023-11-07T12:00:00Z,442542,38.693326
39.17,39.37,38.78,907,39.175,2023-11-07T16:00:00Z,320549,39.12377
39.12,39.33,38.95,430,39.16,2023-11-07T20:00:00Z,140862,39.108458
38.9,39.415,38.8,1134,39.16,2023-11-08T12:00:00Z,287784,39.138374
38.94,39.18,38.44,1097,38.85,2023-11-08T16:00:00Z,359136,38.893863
39.02,39.24,38.95,301,38.95,2023-11-08T20:00:00Z,119234,39.091694
39.14,39.55,38.9,816,39.24,2023-11-09T12:00:00Z,198725,39.17652
38.25,39.71,38.21,1780,39.22,2023-11-09T16:00:00Z,477308,38.963883
38.21,38.33,38.07,509,38.22,2023-11-09T20:00:00Z,134743,38.18361
39.01,39.2,38.59,689,38.6,2023-11-10T12:00:00Z,219313,38.928754
40.545,40.62,39.13,1042,39.13,2023-11-10T16:00:00Z,356815,39.931167
40.71,40.86,40.55,454,40.555,2023-11-10T20:00:00Z,130059,40.730835
40.305,40.4,39.75,944,40.38,2023-11-13T12:00:00Z,274271,40.102307
40.58,40.72,40.32,735,40.44,2023-11-13T16:00:00Z,285864,40.476328
40.45,40.65,40.355,275,40.58,2023-11-13T20:00:00Z,67849,40.51933
42.88,43.15,40.74,2091,40.76,2023-11-14T12:00:00Z,398737,42.70211
43.075,43.085,42.53,835,42.89,2023-11-14T16:00:00Z,259362,42.873633
43.11,43.275,42.85,806,43.065,2023-11-14T20:00:00Z,227048,43.119976
43.625,44.18,43.19,1682,43.93,2023-11-15T12:00:00Z,429786,43.434279
43.25,43.69,42.61,904,43.64,2023-11-15T16:00:00Z,270561,43.146145
42.66,43.24,42.66,271,43.22,2023-11-15T20:00:00Z,93270,43.089322
42.65,43.19,42.49,996,42.79,2023-11-16T12:00:00Z,271689,42.831236
42.885,43.175,42.34,2303,42.65,2023-11-16T16:00:00Z,867622,42.849938
43.06,43.2,42.9,318,42.98,2023-11-16T20:00:00Z,111472,43.088941
42.92,43.27,42.615,575,43.27,2023-11-17T12:00:00Z,120016,42.843702
43.26,43.49,42.57,838,42.88,2023-11-17T16:00:00Z,295253,43.158135
43.03,43.39,42.94,632,43.22,2023-11-17T20:00:00Z,219052,43.101479
43.95,44.0,43.16,772,43.16,2023-11-20T12:00:00Z,226373,43.665145
44.76,44.76,44.01,971,44.01,2023-11-20T16:00:00Z,210557,44.37316
44.67,44.93,44.61,475,44.74,2023-11-20T20:00:00Z,127210,44.76135
43.53,44.14,43.3,819,44.13,2023-11-21T12:00:00Z,169473,43.763598
43.87,43.88,43.38,483,43.48,2023-11-21T16:00:00Z,151633,43.689887
43.84,43.98,43.47,133,43.88,2023-11-21T20:00:00Z,46158,43.840576
44.37,45.41,44.065,1438,44.5,2023-11-22T12:00:00Z,394296,44.683333
44.42,44.85,44.155,593,44.31,2023-11-22T16:00:00Z,113420,44.644506
44.37,44.5,44.37,213,44.445,2023-11-22T20:00:00Z,87563,44.439043
44.02,44.42,43.85,499,44.31,2023-11-24T12:00:00Z,106256,44.145452
44.19,44.19,44.01,458,44.05,2023-11-24T16:00:00Z,85390,44.094829
44.375,44.425,43.785,795,43.92,2023-11-27T12:00:00Z,190928,44.177725
44.215,44.72,43.99,510,44.34,2023-11-27T16:00:00Z,154616,44.339588
44.06,44.375,44.0,164,44.225,2023-11-27T20:00:00Z,45819,44.219428
44.105,44.395,43.67,2018,43.84,2023-11-28T12:00:00Z,668284,44.025458
44.16,44.595,43.785,873,44.115,2023-11-28T16:00:00Z,243413,44.1504
44.43,44.44,43.945,201,44.16,2023-11-28T20:00:00Z,71423,44.216701
45.0,45.72,44.74,1082,45.26,2023-11-29T12:00:00Z,307920,45.26801
44.545,45.02,44.29,686,44.98,2023-11-29T16:00:00Z,236867,44.601453
44.38,44.555,44.13,252,44.555,2023-11-29T20:00:00Z,105527,44.220487
43.37,44.82,43.07,1021,44.7,2023-11-30T12:00:00Z,333437,43.688399
43.405,43.44,42.86,654,43.39,2023-11-30T16:00:00Z,190622,43.147058
43.68,43.96,43.0,477,43.4,2023-11-30T20:00:00Z,203740,43.678933
43.33,43.7,42.93,771,43.46,2023-12-01T12:00:00Z,188657,43.284245
44.285,44.415,43.09,973,43.29,2023-12-01T16:00:00Z,259755,43.856317
44.31,44.325,44.065,206,44.31,2023-12-01T20:00:00Z,61885,44.24107
41.87,43.42,41.76,1405,43.42,2023-12-04T12:00:00Z,389407,42.432711
42.59,42.925,41.81,1169,41.86,2023-12-04T16:00:00Z,363477,42.451555
42.83,43.06,42.445,325,42.605,2023-12-04T20:00:00Z,131230,42.774296
43.63,43.68,42.21,1251,42.29,2023-12-05T12:00:00Z,389391,43.171515
43.19,43.7,42.63,790,43.64,2023-12-05T16:00:00Z,183979,43.04663
43.2,43.39,43.09,261,43.19,2023-12-05T20:00:00Z,96917,43.191406
43.44,44.31,43.025,2168,43.93,2023-12-06T12:00:00Z,634107,43.442539
42.95,43.6,42.775,526,43.54,2023-12-06T16:00:00Z,138660,43.107595
42.49,42.98,42.41,340,42.945,2023-12-06T20:00:00Z,112526,42.565303
43.985,44.04,42.89,1705,42.89,2023-12-07T12:00:00Z,532272,43.475357
44.2,44.535,43.48,1291,43.995,2023-12-07T16:00:00Z,338743,44.226727
44.14,44.41,44.09,209,44.21,2023-12-07T20:00:00Z,61390,44.323118
44.9,44.95,43.27,2310,43.86,2023-12-08T12:00:00Z,598197,44.145554
44.945,45.0,43.95,855,44.93,2023-12-08T16:00:00Z,260465,44.377205
44.78,44.98,44.75,273,44.94,2023-12-08T20:00:00Z,55608,44.858911
45.5,45.69,44.54,1505,44.64,2023-12-11T12:00:00Z,343448,45.216585
45.89,46.07,45.07,905,45.5,2023-12-11T16:00:00Z,194898,45.538589
46.06,46.07,45.78,242,45.89,2023-12-11T20:00:00Z,60951,45.951562
46.42,46.42,45.58,849,46.09,2023-12-12T12:00:00Z,348669,46.042199
46.85,46.86,46.17,409,46.45,2023-12-12T16:00:00Z,99144,46.463358
47.26,47.26,46.82,306,46.82,2023-12-12T20:00:00Z,101031,46.99882
47.56,47.795,47.3,966,47.4,2023-12-13T12:00:00Z,206932,47.588241
48.8,48.92,47.1,1981,47.565,2023-12-13T16:00:00Z,665894,47.946126
48.74,49.06,48.015,1052,48.77,2023-12-13T20:00:00Z,226408,48.604229
49.21,49.7,48.79,1554,49.33,2023-12-14T12:00:00Z,269234,49.277195
48.47,49.23,47.56,1367,49.16,2023-12-14T16:00:00Z,343390,48.427477
48.56,48.65,48.42,372,48.5,2023-12-14T20:00:00Z,108816,48.549009
49.525,49.69,48.85,848,48.86,2023-12-15T12:00:00Z,150291,49.310674
49.09,49.78,48.71,1145,49.55,2023-12-15T16:00:00Z,190851,49.257354
49.21,49.635,49.11,805,49.17,2023-12-15T20:00:00Z,280478,49.366292
49.69,50.0,49.38,823,49.49,2023-12-18T12:00:00Z,199519,49.759497
50.47,50.59,49.57,589,49.68,2023-12-18T16:00:00Z,182572,50.162425
50.11,50.58,50.08,264,50.45,2023-12-18T20:00:00Z,100686,50.411894
50.825,50.87,50.37,1103,50.46,2023-12-19T12:00:00Z,294953,50.596898
50.85,50.93,50.545,535,50.86,2023-12-19T16:00:00Z,131371,50.757177
51.0,51.06,50.72,203,50.84,2023-12-19T20:00:00Z,58071,50.893087
51.04,51.25,50.34,539,50.45,2023-12-20T12:00:00Z,118443,50.809239
49.18,51.17,49.13,1231,51.1,2023-12-20T16:00:00Z,328696,50.309147
48.69,49.41,48.46,1455,49.18,2023-12-20T20:00:00Z,498254,48.909273
49.42,50.25,49.21,1244,49.53,2023-12-21T12:00:00Z,324227,49.767429
49.55,49.85,48.97,1223,49.43,2023-12-21T16:00:00Z,329506,49.34703
50.17,50.25,49.48,394,49.5,2023-12-21T20:00:00Z,113922,50.061158
50.57,50.93,50.21,811,50.31,2023-12-22T12:00:00Z,227807,50.680147
50.44,50.73,49.64,765,50.5,2023-12-22T16:00:00Z,181060,50.303351
50.18,50.485,50.18,264,50.48,2023-12-22T20:00:00Z,70347,50.338153
50.915,51.07,50.62,826,50.66,2023-12-26T12:00:00Z,194230,50.89622
51.165,51.165,50.79,471,50.92,2023-12-26T16:00:00Z,92874,50.990424
51.27,51.5,51.16,213,51.2,2023-12-26T20:00:00Z,57387,51.326841
51.21,51.62,51.05,462,51.45,2023-12-27T12:00:00Z,115717,51.337828
51.23,51.65,51.1,702,51.19,2023-12-27T16:00:00Z,139289,51.323152
51.54,51.56,51.2,240,51.225,2023-12-27T20:00:00Z,65102,51.391685
51.735,52.01,51.5,571,51.91,2023-12-28T12:00:00Z,148723,51.672186
51.6,51.78,51.4,559,51.725,2023-12-28T16:00:00Z,156518,51.598137
51.39,51.595,51.28,261,51.575,2023-12-28T20:00:00Z,59089,51.437494
50.735,51.51,50.57,492,51.37,2023-12-29T12:00:00Z,97909,51.069976
50.905,50.93,50.0,1012,50.755,2023-12-29T16:00:00Z,219233,50.423692
50.65,50.96,50.46,326,50.925,2023-12-29T20:00:00Z,125232,50.713809
48.03,49.46,47.85,1458,49.2,2024-01-02T12:00:00Z,315691,48.533776
47.56,48.71,47.55,973,48.055,2024-01-02T16:00:00Z,223056,48.247842
48.23,48.24,47.27,396,47.57,2024-01-02T20:00:00Z,133627,47.692723
47.05,47.53,46.62,1235,47.37,2024-01-03T12:00:00Z,246244,47.093235
47.05,47.33,46.51,1088,47.16,2024-01-03T16:00:00Z,249567,46.961992
46.56,47.02,46.45,293,47.02,2024-01-03T20:00:00Z,85854,46.617343
46.48,46.585,45.78,1074,46.28,2024-01-04T12:00:00Z,196546,46.233937
46.15,46.97,46.0,797,46.49,2024-01-04T16:00:00Z,166447,46.44966
45.87,46.36,45.74,396,46.21,2024-01-04T20:00:00Z,104827,45.964618
46.75,46.85,44.95,1475,45.17,2024-01-05T12:00:00Z,353609,46.230745
45.63,46.91,45.615,1231,46.86,2024-01-05T16:00:00Z,263485,46.205583
45.97,46.04,45.48,392,45.635,2024-01-05T20:00:00Z,121778,45.725078
47.585,47.67,46.1,852,46.17,2024-01-08T12:00:00Z,242776,46.969106
48.72,48.73,47.46,736,47.62,2024-01-08T16:00:00Z,236912,48.038475
48.69,48.89,48.55,329,48.62,2024-01-08T20:00:00Z,113080,48.768572
48.225,48.385,47.61,859,47.96,2024-01-09T12:00:00Z,142146,48.016873
49.075,49.385,48.24,1017,48.24,2024-01-09T16:00:00Z,203115,48.943315
49.1,49.15,48.64,281,49.085,2024-01-09T20:00:00Z,96172,48.982794
49.64,49.64,48.85,1250,49.0,2024-01-10T12:00:00Z,300598,49.297207
50.395,50.395,49.32,561,49.645,2024-01-10T16:00:00Z,157205,49.793371
50.17,50.39,49.645,514,50.29,2024-01-10T20:00:00Z,157205,50.037676
49.33,50.96,49.045,2030,50.86,2024-01-11T12:00:00Z,433653,49.972072
50.37,50.435,48.41,1124,49.385,2024-01-11T16:00:00Z,375044,49.076637
50.27,50.38,49.94,280,50.38,2024-01-11T20:00:00Z,74607,50.160355
50.1,50.96,49.84,679,50.36,2024-01-12T12:00:00Z,137978,50.411332
50.19,50.56,49.9,928,50.08,2024-01-12T16:00:00Z,300897,50.285004
50.16,50.415,50.02,281,50.15,2024-01-12T20:00:00Z,113052,50.245079
50.72,50.895,49.33,864,49.87,2024-01-16T12:00:00Z,241449,50.146914
49.985,50.805,49.48,1103,50.8,2024-01-16T16:00:00Z,273798,50.198215
50.37,50.37,49.92,191,50.025,2024-01-16T20:00:00Z,37924,50.128943
48.55,49.36,47.9,1360,49.28,2024-01-17T12:00:00Z,412497,48.467718
49.12,49.21,48.32,894,48.62,2024-01-17T16:00:00Z,196361,48.808095
49.38,49.585,48.85,335,49.1,2024-01-17T20:00:00Z,92450,49.283577
51.1,51.29,50.45,1573,50.66,2024-01-18T12:00:00Z,319355,50.87893
51.505,51.54,50.11,1194,51.12,2024-01-18T16:00:00Z,346144,50.972083
51.68,51.68,51.35,308,51.45,2024-01-18T20:00:00Z,87731,51.530704
52.615,52.77,52.1,958,52.73,2024-01-19T12:00:00Z,196429,52.399836
54.45,54.52,52.55,1097,52.58,2024-01-19T16:00:00Z,267209,53.652737
54.77,54.77,54.35,382,54.43,2024-01-19T20:00:00Z,110185,54.494448
54.635,55.91,54.54,1697,55.49,2024-01-22T12:00:00Z,402580,55.263953
54.84,55.235,54.52,765,54.635,2024-01-22T16:00:00Z,147083,54.870738
54.67,54.99,54.62,247,54.815,2024-01-22T20:00:00Z,55492,54.799227
54.675,55.26,54.28,706,55.15,2024-01-23T12:00:00Z,162570,54.734409
55.1,55.125,54.47,562,54.65,2024-01-23T16:00:00Z,153608,54.776264
55.64,55.64,55.04,414,55.135,2024-01-23T20:00:00Z,108601,55.298806
57.36,57.61,56.435,1319,56.9,2024-01-24T12:00:00Z,208815,57.00767
56.67,57.87,56.385,1768,57.42,2024-01-24T16:00:00Z,361739,57.204824
56.27,56.84,55.82,810,56.64,2024-01-24T20:00:00Z,157508,56.371
57.13,57.375,56.43,1838,56.51,2024-01-25T12:00:00Z,386377,56.899492
56.055,57.51,55.53,1354,57.05,2024-01-25T16:00:00Z,285955,56.401216
56.04,56.47,55.97,354,56.14,2024-01-25T20:00:00Z,70016,56.230881
56.35,56.35,55.2,620,55.63,2024-01-26T12:00:00Z,104672,55.704628
55.71,56.34,55.2,875,56.33,2024-01-26T16:00:00Z,169514,55.757109
55.17,55.765,55.14,362,55.75,2024-01-26T20:00:00Z,77030,55.447319
55.48,55.905,55.405,770,55.6,2024-01-29T12:00:00Z,135356,55.635324
56.34,56.39,55.38,860,55.43,2024-01-29T16:00:00Z,241545,56.065399
57.07,57.17,56.35,491,56.35,2024-01-29T20:00:00Z,133525,56.968782
56.49,56.91,56.26,591,56.62,2024-01-30T12:00:00Z,121521,56.665447
55.98,56.62,55.61,668,56.48,2024-01-30T16:00:00Z,158151,56.168386
54.85,56.14,54.83,251,56.05,2024-01-30T20:00:00Z,84886,55.731734
53.26,54.5,53.09,737,54.45,2024-01-31T12:00:00Z,125762,53.781813
54.01,54.97,53.305,1704,53.305,2024-01-31T16:00:00Z,310324,53.930189
52.84,54.03,52.57,1190,54.0,2024-01-31T20:00:00Z,280559,52.979141
53.01,53.85,53.0,711,53.62,2024-02-01T12:00:00Z,142800,53.465999
54.425,54.45,52.92,936,52.98,2024-02-01T16:00:00Z,223327,53.837968
56.35,56.42,54.2,309,54.465,2024-02-01T20:00:00Z,96467,54.753354
56.4,56.66,54.87,2172,55.28,2024-02-02T12:00:00Z,370558,55.867849
57.55,57.67,56.135,1694,56.41,2024-02-02T16:00:00Z,374430,57.086276
57.16,57.67,57.01,586,57.53,2024-02-02T20:00:00Z,122018,57.420889
55.96,57.33,55.585,1256,57.0,2024-02-05T12:00:00Z,281035,56.600046
57.32,57.4,55.88,717,55.93,2024-02-05T16:00:00Z,233275,56.712901
56.99,57.315,56.73,269,57.315,2024-02-05T20:00:00Z,85295,57.005333
56.4,57.64,56.015,992,57.29,2024-02-06T12:00:00Z,218755,56.737573
56.36,56.6,55.66,935,56.395,2024-02-06T16:00:00Z,214665,56.06979
56.48,56.64,56.05,335,56.37,2024-02-06T20:00:00Z,82288,56.366528
58.27,58.65,57.18,854,57.29,2024-02-07T12:00:00Z,183249,57.908455
58.46,58.5,57.77,734,58.27,2024-02-07T16:00:00Z,179985,58.190873
58.44,58.55,58.23,206,58.45,2024-02-07T20:00:00Z,65158,58.366532
58.83,58.84,58.045,406,58.19,2024-02-08T12:00:00Z,85277,58.422337
58.555,58.89,58.22,1515,58.8,2024-02-08T16:00:00Z,387959,58.457514
58.55,58.71,58.44,234,58.57,2024-02-08T20:00:00Z,62185,58.57896
59.75,59.89,58.73,704,59.37,2024-02-09T12:00:00Z,125871,59.271204
60.45,60.59,59.66,653,59.915,2024-02-09T16:00:00Z,185587,60.092002
60.25,60.47,60.24,229,60.47,2024-02-09T20:00:00Z,100446,60.324643
60.715,60.745,60.0,543,60.18,2024-02-12T12:00:00Z,116245,60.313749
59.38,61.14,59.315,934,60.735,2024-02-12T16:00:00Z,255191,60.307971
59.1,59.745,59.08,298,59.405,2024-02-12T20:00:00Z,76788,59.557922
57.235,58.4,55.85,2358,58.4,2024-02-13T12:00:00Z,403047,56.649026
55.745,57.71,55.695,776,57.31,2024-02-13T16:00:00Z,158195,56.724185
56.93,56.96,55.44,702,55.77,2024-02-13T20:00:00Z,211154,56.360692
57.37,58.325,57.37,768,57.78,2024-02-14T12:00:00Z,130389,57.887986
57.87,58.02,56.88,839,57.29,2024-02-14T16:00:00Z,143008,57.421315
58.66,58.74,57.82,520,57.91,2024-02-14T20:00:00Z,139604,58.394661
58.33,59.23,57.9,1184,59.11,2024-02-15T12:00:00Z,226508,58.354912
58.98,59.21,57.75,977,58.38,2024-02-15T16:00:00Z,230457,58.612764
59.53,59.53,58.64,288,58.93,2024-02-15T20:00:00Z,107934,58.938335
58.02,59.33,57.11,1092,59.33,2024-02-16T12:00:00Z,204370,57.896901
57.84,58.92,57.65,1006,58.02,2024-02-16T16:00:00Z,196229,58.332521
57.2,57.9,57.16,354,57.84,2024-02-16T20:00:00Z,86578,57.436815
55.72,57.13,54.83,1550,56.62,2024-02-20T12:00:00Z,310531,55.784977
55.71,55.96,54.58,765,55.75,2024-02-20T16:00:00Z,201182,55.283982
55.82,56.09,55.31,444,55.72,2024-02-20T20:00:00Z,138174,55.729186
54.78,55.25,54.54,526,55.1,2024-02-21T12:00:00Z,97100,54.84817
54.155,55.16,53.82,862,54.83,2024-02-21T16:00:00Z,199119,54.468105
56.76,56.76,53.92,544,54.11,2024-02-21T20:00:00Z,134452,54.831901
58.95,59.53,58.5,1472,58.56,2024-02-22T12:00:00Z,334020,58.969435
60.25,60.57,58.91,787,58.96,2024-02-22T16:00:00Z,142917,59.829044
60.04,60.56,60.03,432,60.17,2024-02-22T20:00:00Z,111719,60.356932
59.95,61.19,59.9,1050,60.5,2024-02-23T12:00:00Z,183124,60.565088
59.91,60.37,59.22,941,59.96,2024-02-23T16:00:00Z,178525,59.852795
59.43,59.92,59.38,307,59.9,2024-02-23T20:00:00Z,82208,59.702188
59.98,60.27,59.44,619,59.87,2024-02-26T12:00:00Z,109393,59.886109
59.99,60.35,59.59,469,59.96,2024-02-26T16:00:00Z,160425,59.92075
59.42,60.07,59.38,120,59.9,2024-02-26T20:00:00Z,30240,59.703195
59.81,60.07,59.22,441,59.93,2024-02-27T12:00:00Z,79074,59.644669
60.05,60.05,58.9,776,59.88,2024-02-27T16:00:00Z,149738,59.461923
60.0,60.07,59.79,180,60.045,2024-02-27T20:00:00Z,44399,59.932108
59.07,59.31,58.59,799,59.12,2024-02-28T12:00:00Z,130896,58.966889
58.92,59.5,58.655,2298,59.08,2024-02-28T16:00:00Z,596808,59.07357
58.24,59.06,58.24,207,58.92,2024-02-28T20:00:00Z,64033,58.892112
59.82,60.5,58.43,1484,58.43,2024-02-29T12:00:00Z,252579,60.04491
60.01,60.35,58.795,1068,59.73,2024-02-29T16:00:00Z,254069,59.639726
60.47,60.83,59.97,575,60.16,2024-02-29T20:00:00Z,247146,60.578675
61.71,61.79,60.62,1090,60.7,2024-03-01T12:00:00Z,217480,61.242096
63.45,63.51,61.695,1320,61.695,2024-03-01T16:00:00Z,269179,62.574378
63.03,63.455,62.98,520,63.455,2024-03-01T20:00:00Z,103738,63.163457
63.02,63.16,62.6,821,63.11,2024-03-04T12:00:00Z,163595,62.871955
63.135,63.255,62.51,752,63.035,2024-03-04T16:00:00Z,167868,62.984327
62.17,63.27,62.17,666,63.125,2024-03-04T20:00:00Z,174632,62.802349
58.995,61.22,58.83,1123,61.22,2024-03-05T12:00:00Z,211032,59.977432
58.27,59.495,58.2,1050,59.095,2024-03-05T16:00:00Z,287078,58.811101
59.49,59.49,58.03,657,58.35,2024-03-05T20:00:00Z,142903,58.592262
60.47,60.93,59.35,1284,60.46,2024-03-06T12:00:00Z,235437,60.190439
59.95,61.42,59.75,1089,60.6,2024-03-06T16:00:00Z,252019,60.545428
60.1,60.26,59.6,561,59.94,2024-03-06T20:00:00Z,141719,59.976411
62.2,62.53,60.95,768,61.24,2024-03-07T12:00:00Z,131554,61.653366
62.985,63.3,62.17,911,62.22,2024-03-07T16:00:00Z,187282,62.86388
62.14,63.11,61.3,430,62.85,2024-03-07T20:00:00Z,137884,62.760668
63.57,64.09,62.48,1661,62.48,2024-03-08T12:00:00Z,266931,63.375902
61.14,63.575,59.8,3073,63.575,2024-03-08T16:00:00Z,757256,61.471518
60.2,61.35,60.055,572,61.18,2024-03-08T20:00:00Z,165574,60.416251
59.63,59.86,58.57,1732,59.16,2024-03-11T12:00:00Z,295166,59.167275
59.34,59.79,59.07,877,59.63,2024-03-11T16:00:00Z,174309,59.395937
59.61,59.68,59.33,11,59.42,2024-03-11T20:00:00Z,4600,59.446522
61.35,61.7,58.96,1328,60.29,2024-03-12T12:00:00Z,265030,60.389232
61.89,62.04,60.43,888,61.35,2024-03-12T16:00:00Z,198458,61.301703
61.9,61.94,61.87,10,61.94,2024-03-12T20:00:00Z,6400,61.901563
60.46,61.5,60.06,1090,61.46,2024-03-13T12:00:00Z,194807,60.6966
60.42,61.15,60.08,822,60.5,2024-03-13T16:00:00Z,206181,60.61322
60.46,60.46,60.39,11,60.43,2024-03-13T20:00:00Z,3598,60.426477
60.19,61.14,59.21,1327,61.14,2024-03-14T12:00:00Z,215600,60.141753
59.935,60.39,58.8,1602,60.22,2024-03-14T16:00:00Z,377811,59.738967
59.88,60.12,59.73,35,59.98,2024-03-14T20:00:00Z,23252,59.90019
57.79,59.75,57.5,1282,59.75,2024-03-15T12:00:00Z,233674,58.211953
57.79,58.2,57.29,895,57.81,2024-03-15T16:00:00Z,173208,57.781442
57.81,57.92,57.8,29,57.83,2024-03-15T20:00:00Z,15281,57.866448
59.97,60.8,59.82,848,59.89,2024-03-18T12:00:00Z,126475,60.283224
59.38,60.17,59.29,552,59.965,2024-03-18T16:00:00Z,123191,59.78433
59.37,59.49,59.27,9,59.34,2024-03-18T20:00:00Z,2602,59.372308
58.71,58.81,57.72,685,58.0,2024-03-19T12:00:00Z,102459,58.231179
59.77,59.935,58.64,726,58.69,2024-03-19T16:00:00Z,118100,59.578986
59.94,59.94,59.79,14,59.9,2024-03-19T20:00:00Z,4659,59.872701
59.68,60.21,59.38,481,60.04,2024-03-20T12:00:00Z,67897,59.667624
61.73,61.83,59.4,1587,59.66,2024-03-20T16:00:00Z,405456,60.701294
62.18,62.19,61.6,20,61.6,2024-03-20T20:00:00Z,12755,62.029166
63.7,63.93,63.1,1005,63.55,2024-03-21T12:00:00Z,159892,63.503954
62.47,63.93,62.44,728,63.71,2024-03-21T16:00:00Z,154403,62.995546
62.58,62.58,62.49,4,62.49,2024-03-21T20:00:00Z,1900,62.55
62.44,62.52,61.925,588,62.09,2024-03-22T12:00:00Z,74650,62.241933
62.66,63.14,62.2,764,62.54,2024-03-22T16:00:00Z,117405,62.750076
62.5,62.5,62.5,1,62.5,2024-03-22T20:00:00Z,200,62.5
62.34,62.44,61.07,730,61.6,2024-03-25T12:00:00Z,92986,61.835899
62.05,62.62,62.0,709,62.29,2024-03-25T16:00:00Z,122194,62.369614
62.68,62.98,62.27,808,62.84,2024-03-26T12:00:00Z,119190,62.644643
61.38,62.805,61.3,591,62.75,2024-03-26T16:00:00Z,132601,61.958515
61.65,61.7,61.65,2,61.7,2024-03-26T20:00:00Z,1125,61.655556
60.87,62.61,60.74,827,62.26,2024-03-27T12:00:00Z,137370,61.422969
61.95,61.95,60.86,736,60.97,2024-03-27T16:00:00Z,170307,61.458962
62.09,62.09,62.07,7,62.09,2024-03-27T20:00:00Z,749,62.084992
61.98,62.22,61.46,719,61.89,2024-03-28T12:00:00Z,90232,61.843205
61.55,61.99,61.4,807,61.85,2024-03-28T16:00:00Z,147657,61.708218
61.51,61.61,61.41,10,61.41,2024-03-28T20:00:00Z,4905,61.539388
61.19,62.98,61.19,860,61.94,2024-04-01T12:00:00Z,146495,62.137205
61.965,62.095,61.17,521,61.18,2024-04-01T16:00:00Z,122731,61.676587
59.315,60.8,59.01,900,60.8,2024-04-02T12:00:00Z,152818,59.506612
60.3,60.42,59.31,379,59.35,2024-04-02T16:00:00Z,107069,59.91584
60.42,60.42,60.36,21,60.37,2024-04-02T20:00:00Z,10315,60.403724
60.99,61.42,59.42,532,59.71,2024-04-03T12:00:00Z,107502,60.421733
60.68,61.32,60.14,572,60.93,2024-04-03T16:00:00Z,170487,60.73876
60.88,60.91,60.81,12,60.81,2024-04-03T20:00:00Z,4354,60.874584
62.22,62.6,61.49,554,61.49,2024-04-04T12:00:00Z,97041,62.123907
57.78,62.59,57.75,1965,62.3,2024-04-04T16:00:00Z,547969,59.709045
57.73,58.02,57.69,28,58.02,2024-04-04T20:00:00Z,13356,57.91646
60.445,60.53,57.95,1265,58.25,2024-04-05T12:00:00Z,206411,59.25179
59.89,60.91,59.44,1130,60.565,2024-04-05T16:00:00Z,289630,60.061557
59.8,59.8,59.77,6,59.77,2024-04-05T20:00:00Z,2041,59.780118
59.925,60.63,59.39,723,60.16,2024-04-08T12:00:00Z,114838,60.126875
59.87,60.2,59.47,547,59.92,2024-04-08T16:00:00Z,118895,59.868939
60.01,60.04,60.01,4,60.01,2024-04-08T20:00:00Z,1652,60.018172
59.58,60.91,58.62,1008,60.45,2024-04-09T12:00:00Z,221821,59.75139
60.54,60.55,59.11,571,59.54,2024-04-09T16:00:00Z,114659,59.938382
60.83,60.89,60.73,10,60.73,2024-04-09T20:00:00Z,2909,60.829643
58.36,59.26,57.69,2168,59.03,2024-04-10T12:00:00Z,376833,58.535134
58.855,59.17,58.11,1818,58.35,2024-04-10T16:00:00Z,481927,58.648673
58.67,58.73,58.53,14,58.73,2024-04-10T20:00:00Z,1284,58.625543
60.09,60.15,58.69,2731,59.55,2024-04-11T12:00:00Z,414413,59.376365
61.72,62.05,59.88,3753,60.14,2024-04-11T16:00:00Z,512049,61.229449
61.73,61.79,61.67,20,61.69,2024-04-11T20:00:00Z,7116,61.741464
59.505,60.33,58.88,986,59.82,2024-04-12T12:00:00Z,215136,59.665402
58.73,59.545,58.15,1124,59.45,2024-04-12T16:00:00Z,245435,58.593348
58.79,58.81,58.71,6,58.71,2024-04-12T20:00:00Z,3485,58.764863
58.98,60.2,58.55,899,59.65,2024-04-15T12:00:00Z,149742,59.246925
55.76,59.16,55.44,1644,58.99,2024-04-15T16:00:00Z,553957,56.607505
55.65,55.69,55.63,25,55.69,2024-04-15T20:00:00Z,5077,55.668938
55.88,56.31,55.27,1024,55.91,2024-04-16T12:00:00Z,177873,55.780578
55.81,56.8,55.25,1889,55.75,2024-04-16T16:00:00Z,349759,55.95771
55.89,55.89,55.76,9,55.78,2024-04-16T20:00:00Z,4419,55.811715
54.57,56.54,54.37,1209,56.33,2024-04-17T12:00:00Z,288781,55.800776
53.71,55.02,53.365,1657,54.51,2024-04-17T16:00:00Z,377378,54.067649
53.79,53.82,53.7,32,53.74,2024-04-17T20:00:00Z,9703,53.767873
54.08,54.5,52.8,1020,53.88,2024-04-18T12:00:00Z,236610,53.711737
52.74,54.23,52.52,1163,54.2,2024-04-18T16:00:00Z,269665,53.042933
52.74,52.96,52.51,16,52.8,2024-04-18T20:00:00Z,4931,52.735361
50.465,52.73,50.45,1579,52.62,2024-04-19T12:00:00Z,424815,51.654012
49.47,50.86,48.87,1977,50.45,2024-04-19T16:00:00Z,489798,49.624271
49.4,49.49,49.29,25,49.37,2024-04-19T20:00:00Z,10096,49.39739
50.05,50.74,49.2,1097,50.17,2024-04-22T12:00:00Z,217092,49.99339
50.93,51.765,49.94,940,50.09,2024-04-22T16:00:00Z,201220,51.01256
50.83,50.94,50.73,15,50.94,2024-04-22T20:00:00Z,5589,50.804058
52.79,53.15,51.39,851,51.47,2024-04-23T12:00:00Z,184678,52.523268
53.255,53.6,52.83,478,52.83,2024-04-23T16:00:00Z,99838,53.249682
53.71,53.71,53.16,34,53.16,2024-04-23T20:00:00Z,15703,53.477926
53.25,54.875,53.2,1299,54.3,2024-04-24T12:00:00Z,166462,54.123056
53.74,54.025,52.87,873,53.32,2024-04-24T16:00:00Z,204790,53.591768
52.25,53.74,52.14,97,53.74,2024-04-24T20:00:00Z,23733,52.679308
51.5,51.75,50.49,1099,51.4,2024-04-25T12:00:00Z,202401,51.171652
52.83,53.17,51.31,987,51.375,2024-04-25T16:00:00Z,202529,52.494061
55.07,55.07,53.18,64,53.18,2024-04-25T20:00:00Z,18025,54.766294
55.38,55.71,53.79,1019,54.72,2024-04-26T12:00:00Z,200573,54.853582
55.31,55.85,55.22,568,55.34,2024-04-26T16:00:00Z,139787,55.502549
55.33,55.37,55.33,6,55.34,2024-04-26T20:00:00Z,861,55.343979
55.79,56.31,55.255,617,56.08,2024-04-29T12:00:00Z,136014,55.709369
55.95,56.16,54.89,571,55.76,2024-04-29T16:00:00Z,122591,55.642112
56.01,56.08,56.01,2,56.08,2024-04-29T20:00:00Z,1600,56.058125
54.62,55.76,54.36,546,55.31,2024-04-30T12:00:00Z,114948,54.991024
52.745,54.73,52.745,660,54.58,2024-04-30T16:00:00Z,128517,53.816458
52.37,53.23,52.28,48,52.6,2024-04-30T20:00:00Z,10169,52.708061
51.5,52.28,51.46,928,52.13,2024-05-01T12:00:00Z,223274,51.886204
51.64,54.7,51.29,2143,51.4,2024-05-01T16:00:00Z,514897,52.998274
51.96,51.96,51.74,12,51.89,2024-05-01T20:00:00Z,3866,51.855263
52.73,53.19,51.23,1543,53.19,2024-05-02T12:00:00Z,239859,52.293016
53.52,53.83,52.15,733,52.75,2024-05-02T16:00:00Z,172240,53.232506
54.39,54.43,53.66,47,53.7,2024-05-02T20:00:00Z,19590,54.048833
56.7,57.055,55.58,1258,55.58,2024-05-03T12:00:00Z,258366,56.307445
56.71,56.94,56.35,546,56.58,2024-05-03T16:00:00Z,104578,56.696885
56.92,56.94,56.92,3,56.94,2024-05-03T20:00:00Z,2300,56.93
57.795,57.87,57.18,750,57.36,2024-05-06T12:00:00Z,100512,57.621236
58.575,58.575,57.39,849,57.74,2024-05-06T16:00:00Z,130438,57.929695
58.47,58.57,58.42,19,58.55,2024-05-06T20:00:00Z,5093,58.519685
59.11,59.165,58.45,564,58.46,2024-05-07T12:00:00Z,143387,58.703795
58.56,59.215,58.3,635,59.15,2024-05-07T16:00:00Z,283455,58.748994
58.55,58.55,58.55,1,58.55,2024-05-07T20:00:00Z,200,58.55
58.38,59.01,57.5,944,57.59,2024-05-08T12:00:00Z,122620,58.320545
58.475,58.61,58.03,593,58.37,2024-05-08T16:00:00Z,87494,58.365236
58.3,58.41,58.3,2,58.41,2024-05-08T20:00:00Z,250,58.344
58.43,58.985,57.76,402,58.59,2024-05-09T12:00:00Z,77468,58.352673
58.745,58.975,58.38,322,58.44,2024-05-09T16:00:00Z,65232,58.73404
58.92,58.95,58.75,5,58.76,2024-05-09T20:00:00Z,2401,58.867354
59.0,60.05,58.56,1312,59.35,2024-05-10T12:00:00Z,220983,59.272796
59.16,59.315,58.75,529,58.96,2024-05-10T16:00:00Z,125224,59.08405
59.07,59.08,59.07,3,59.08,2024-05-10T20:00:00Z,910,59.074444
59.565,59.94,59.175,363,59.87,2024-05-13T12:00:00Z,87057,59.492416
59.58,59.69,58.99,307,59.555,2024-05-13T16:00:00Z,98682,59.478209
59.47,59.59,59.47,23,59.59,2024-05-13T20:00:00Z,12467,59.525689
59.82,60.26,58.59,808,58.72,2024-05-14T12:00:00Z,179829,59.821499
60.72,60.88,59.64,347,59.76,2024-05-14T16:00:00Z,76760,60.419774
60.68,60.71,60.65,7,60.65,2024-05-14T20:00:00Z,3301,60.668182
62.54,62.57,61.1,1041,61.85,2024-05-15T12:00:00Z,169454,62.016403
63.46,63.6,62.4,936,62.46,2024-05-15T16:00:00Z,202792,63.198236
63.34,63.34,63.34,1,63.34,2024-05-15T20:00:00Z,500,63.34
64.025,64.195,63.33,707,63.9,2024-05-16T12:00:00Z,115112,63.759833
63.005,63.95,63.005,831,63.94,2024-05-16T16:00:00Z,176956,63.558925
62.93,63.02,62.93,22,63.01,2024-05-16T20:00:00Z,7487,62.97653
63.12,63.39,62.785,490,63.35,2024-05-17T12:00:00Z,112355,63.07645
62.97,63.18,62.07,510,63.08,2024-05-17T16:00:00Z,100980,62.6835
62.9,62.9,62.9,1,62.9,2024-05-17T20:00:00Z,1000,62.9
64.005,64.28,62.96,383,63.32,2024-05-20T12:00:00Z,65448,63.802047
64.195,64.525,63.69,720,64.06,2024-05-20T16:00:00Z,227344,64.224227
64.02,64.23,64.02,5,64.23,2024-05-20T20:00:00Z,2225,64.152584
64.045,64.205,63.36,419,63.85,2024-05-21T12:00:00Z,149161,63.912037
64.6,64.67,64.0,361,64.02,2024-05-21T16:00:00Z,116986,64.287779
64.56,64.58,64.53,3,64.58,2024-05-21T20:00:00Z,2900,64.571724
64.82,65.0,64.52,340,64.52,2024-05-22T12:00:00Z,68184,64.801506
64.5,64.92,63.45,704,64.8,2024-05-22T16:00:00Z,162402,64.11133
64.8,65.32,64.44,39,64.51,2024-05-22T20:00:00Z,13050,64.832868
65.9,66.85,64.655,862,66.79,2024-05-23T12:00:00Z,150243,65.536213
63.61,65.92,62.81,1018,65.81,2024-05-23T16:00:00Z,190579,63.997219
63.51,63.51,63.41,4,63.48,2024-05-23T20:00:00Z,2700,63.495926
65.61,65.8,63.965,666,63.99,2024-05-24T12:00:00Z,244598,65.126766
65.365,65.87,64.98,536,65.58,2024-05-24T16:00:00Z,132277,65.314836
65.34,65.42,65.31,8,65.42,2024-05-24T20:00:00Z,3804,65.33716
65.87,66.01,65.045,688,65.91,2024-05-28T12:00:00Z,147207,65.642197
66.08,66.08,64.84,981,65.88,2024-05-28T16:00:00Z,349212,65.720916
66.09,66.15,66.08,7,66.15,2024-05-28T20:00:00Z,4475,66.111537
65.06,65.395,64.21,592,64.51,2024-05-29T12:00:00Z,91776,64.90437
64.63,65.4,64.48,350,65.11,2024-05-29T16:00:00Z,69737,64.900611
64.0,64.57,64.0,7,64.57,2024-05-29T20:00:00Z,3350,64.231343
63.27,64.41,62.81,686,64.41,2024-05-30T12:00:00Z,123219,63.570273
62.585,63.83,61.99,720,63.285,2024-05-30T16:00:00Z,154776,62.913315
62.49,62.55,62.1,56,62.5,2024-05-30T20:00:00Z,14116,62.350827
59.57,63.22,59.53,909,62.35,2024-05-31T12:00:00Z,162388,61.088721
62.49,62.55,58.97,1453,59.53,2024-05-31T16:00:00Z,318017,60.269249
62.32,62.52,62.32,4,62.52,2024-05-31T20:00:00Z,2280,62.492727
62.63,64.08,62.26,775,63.46,2024-06-03T12:00:00Z,163280,63.282401
63.08,63.08,60.98,440,62.65,2024-06-03T16:00:00Z,80463,62.016809
63.24,63.24,63.13,3,63.17,2024-06-03T20:00:00Z,1600,63.190625
62.45,63.215,62.27,1182,62.57,2024-06-04T12:00:00Z,221578,62.743512
63.62,64.1,62.34,544,62.39,2024-06-04T16:00:00Z,91791,63.28486
63.69,63.69,63.54,5,63.54,2024-06-04T20:00:00Z,3011,63.623333
66.33,66.51,64.53,516,64.53,2024-06-05T12:00:00Z,97382,65.600695
67.465,67.465,66.25,1135,66.28,2024-06-05T16:00:00Z,186041,66.934278
67.52,67.52,67.19,11,67.22,2024-06-05T20:00:00Z,8550,67.405765
67.38,67.835,67.005,484,67.67,2024-06-06T12:00:00Z,94536,67.456584
67.38,67.54,66.9,290,67.32,2024-06-06T16:00:00Z,50270,67.303562
67.39,67.41,67.21,7,67.23,2024-06-06T20:00:00Z,2604,67.326154
67.485,67.86,66.18,423,67.67,2024-06-07T12:00:00Z,82673,67.156864
67.04,68.29,66.725,539,67.53,2024-06-07T16:00:00Z,101809,67.30751
66.9,67.11,66.9,5,67.11,2024-06-07T20:00:00Z,3755,66.918256
67.595,67.82,66.48,322,66.98,2024-06-10T12:00:00Z,68858,67.087084
67.885,68.035,67.07,277,67.645,2024-06-10T16:00:00Z,58992,67.631725
67.62,67.73,67.62,4,67.73,2024-06-10T20:00:00Z,1491,67.683716
67.54,68.12,66.66,296,67.26,2024-06-11T12:00:00Z,55036,67.575155
69.3,69.3,67.51,483,67.52,2024-06-11T16:00:00Z,97373,68.5626
69.24,69.35,69.13,5,69.13,2024-06-11T20:00:00Z,3700,69.278919
72.195,72.535,70.73,460,71.2,2024-06-12T12:00:00Z,87966,71.914312
72.0,72.955,71.39,1044,72.09,2024-06-12T16:00:00Z,268677,72.146176
72.94,72.94,71.68,11,71.92,2024-06-12T20:00:00Z,3895,72.135
73.035,74.1,72.59,392,73.59,2024-06-13T12:00:00Z,68569,73.266213
73.1,73.47,72.14,391,72.96,2024-06-13T16:00:00Z,71408,72.991176
73.23,73.52,73.23,6,73.52,2024-06-13T20:00:00Z,951,73.377826
73.36,73.74,72.78,363,72.85,2024-06-14T12:00:00Z,57024,73.307582
74.11,74.11,73.24,458,73.385,2024-06-14T16:00:00Z,86817,73.8063
74.29,74.29,74.21,2,74.21,2024-06-14T20:00:00Z,400,74.27
74.86,75.0,73.73,326,74.15,2024-06-17T12:00:00Z,58881,74.402624
76.835,77.72,74.88,716,74.925,2024-06-17T16:00:00Z,154139,76.621947
76.61,76.68,76.61,2,76.68,2024-06-17T20:00:00Z,1400,76.635
76.715,77.4,76.07,259,77.4,2024-06-18T12:00:00Z,48783,76.743499
76.895,77.2,76.465,281,76.72,2024-06-18T16:00:00Z,54546,76.823374
76.97,76.97,76.88,5,76.95,2024-06-18T20:00:00Z,2808,76.914031
76.54,77.87,76.04,611,77.87,2024-06-20T12:00:00Z,108681,76.939978
75.085,76.69,74.24,1384,76.495,2024-06-20T16:00:00Z,269541,75.078359
75.16,75.16,75.01,14,75.01,2024-06-20T20:00:00Z,2510,75.091975
75.45,75.45,73.75,848,75.09,2024-06-21T12:00:00Z,80145,74.555048
74.51,75.49,74.195,582,75.36,2024-06-21T16:00:00Z,103051,74.646631
74.61,74.61,74.61,1,74.61,2024-06-21T20:00:00Z,380,74.61
73.73,74.595,72.7,653,73.95,2024-06-24T12:00:00Z,68055,73.726455
71.855,73.8,71.81,875,73.72,2024-06-24T16:00:00Z,109022,72.444889
71.93,72.08,71.75,40,71.81,2024-06-24T20:00:00Z,9613,71.880904
74.18,74.18,72.39,414,72.73,2024-06-25T12:00:00Z,75532,73.297639
74.29,74.4,72.9,666,74.14,2024-06-25T16:00:00Z,95889,73.979686
74.27,74.31,74.19,5,74.31,2024-06-25T20:00:00Z,1788,74.248711
74.585,74.61,73.465,529,74.13,2024-06-26T12:00:00Z,93575,74.107992
74.45,74.68,73.625,614,74.455,2024-06-26T16:00:00Z,101433,74.09336
73.7,74.14,73.64,16,74.14,2024-06-26T20:00:00Z,4484,73.837114
74.33,75.595,73.96,827,74.01,2024-06-27T12:00:00Z,132426,75.006189
75.02,75.11,74.285,459,74.285,2024-06-27T16:00:00Z,72327,74.760836
75.2,75.27,75.19,10,75.19,2024-06-27T20:00:00Z,5052,75.213
75.72,77.5,74.95,840,76.17,2024-06-28T12:00:00Z,137291,76.301153
73.61,75.765,73.5,935,75.71,2024-06-28T16:00:00Z,154410,74.504763
74.07,74.1,74.01,5,74.1,2024-06-28T20:00:00Z,2101,74.057137
74.23,74.38,72.445,670,74.38,2024-07-01T12:00:00Z,115768,73.404417
75.01,75.25,74.07,527,74.185,2024-07-01T16:00:00Z,85619,74.67951
74.97,75.08,74.94,6,75.08,2024-07-01T20:00:00Z,2500,74.9976
75.57,76.21,73.83,577,73.83,2024-07-02T12:00:00Z,76558,75.309676
77.32,77.37,75.22,817,75.525,2024-07-02T16:00:00Z,173214,76.814933
77.12,77.33,77.11,7,77.33,2024-07-02T20:00:00Z,1854,77.189444
78.835,78.835,76.88,508,77.0,2024-07-03T12:00:00Z,81234,77.7986
79.155,79.25,78.72,242,78.88,2024-07-03T16:00:00Z,36527,79.068775
81.34,81.425,79.3,742,79.62,2024-07-05T12:00:00Z,152453,80.466994
81.64,81.84,81.19,321,81.38,2024-07-05T16:00:00Z,64540,81.599862
81.49,81.5,81.48,3,81.5,2024-07-05T20:00:00Z,1112,81.482806
82.19,82.245,81.28,424,81.8,2024-07-08T12:00:00Z,60663,81.774292
82.145,82.33,81.605,311,82.135,2024-07-08T16:00:00Z,57667,81.874155
82.35,82.35,82.33,2,82.33,2024-07-08T20:00:00Z,900,82.347778
82.64,83.39,82.395,715,82.93,2024-07-09T12:00:00Z,79961,82.901628
82.39,82.79,81.64,683,82.72,2024-07-09T16:00:00Z,149107,82.210593
82.33,82.35,82.33,2,82.35,2024-07-09T20:00:00Z,900,82.332222
83.38,83.71,82.68,517,83.4,2024-07-10T12:00:00Z,65698,83.282459
84.965,85.17,83.36,950,83.42,2024-07-10T16:00:00Z,139191,84.528057
84.94,84.94,84.81,4,84.91,2024-07-10T20:00:00Z,2300,84.886087
79.92,85.99,79.9,1414,84.81,2024-07-11T12:00:00Z,209292,82.723109
79.38,80.645,78.71,1249,79.91,2024-07-11T16:00:00Z,182594,79.702791
79.35,79.62,79.18,33,79.18,2024-07-11T20:00:00Z,8313,79.413859
81.235,82.07,78.97,737,78.97,2024-07-12T12:00:00Z,101142,80.888107
80.63,82.94,80.275,974,81.195,2024-07-12T16:00:00Z,205908,81.767318
80.59,80.71,80.54,6,80.71,2024-07-12T20:00:00Z,1360,80.606923
82.54,83.605,81.205,1012,81.52,2024-07-15T12:00:00Z,179956,82.693308
81.1,82.5,80.23,1477,82.5,2024-07-15T16:00:00Z,225656,81.377907
81.24,81.24,81.24,2,81.24,2024-07-15T20:00:00Z,103,81.24
80.75,82.28,79.995,871,81.82,2024-07-16T12:00:00Z,106618,80.995702
81.215,81.455,79.76,862,80.88,2024-07-16T16:00:00Z,142254,80.729109
81.35,81.4,81.18,9,81.3,2024-07-16T20:00:00Z,6400,81.2675
75.2,77.565,74.905,1409,77.52,2024-07-17T12:00:00Z,174325,76.133371
74.155,75.28,74.145,1509,75.255,2024-07-17T16:00:00Z,174221,74.716431
74.42,74.48,74.1,32,74.1,2024-07-17T20:00:00Z,8119,74.30681
72.035,75.96,71.83,1646,75.47,2024-07-18T12:00:00Z,271912,73.159279
73.075,73.77,71.555,1599,71.98,2024-07-18T16:00:00Z,175708,72.749127
73.67,73.67,73.03,16,73.03,2024-07-18T20:00:00Z,6291,73.40267
72.125,73.96,71.01,1512,73.29,2024-07-19T12:00:00Z,198631,72.596159
71.02,72.295,70.45,1415,72.09,2024-07-19T16:00:00Z,234549,71.010846
70.93,70.95,70.91,5,70.91,2024-07-19T20:00:00Z,531,70.926923
72.71,74.35,72.185,859,73.25,2024-07-22T12:00:00Z,130717,73.401183
74.205,74.615,72.44,799,72.67,2024-07-22T16:00:00Z,95962,73.959968
74.0,74.13,74.0,4,74.12,2024-07-22T20:00:00Z,2200,74.072727
74.62,75.1,73.46,732,73.66,2024-07-23T12:00:00Z,103880,74.205292
73.36,74.64,73.195,681,74.56,2024-07-23T16:00:00Z,92485,73.836804
73.72,74.05,73.38,20,73.46,2024-07-23T20:00:00Z,5871,73.649048
67.17,70.91,67.17,1415,70.91,2024-07-24T12:00:00Z,183368,68.30592
65.34,67.39,65.065,1912,67.15,2024-07-24T16:00:00Z,289088,66.214403
66.06,66.06,65.59,13,65.59,2024-07-24T20:00:00Z,3107,65.88234
65.29,66.18,62.13,2125,64.67,2024-07-25T12:00:00Z,343165,64.424973
63.25,67.3,63.25,1888,65.81,2024-07-25T16:00:00Z,398012,65.324188
63.2,63.31,62.83,55,63.19,2024-07-25T20:00:00Z,10303,63.058632
65.21,65.56,63.83,932,65.4,2024-07-26T12:00:00Z,119904,64.486706
65.12,66.29,64.42,1551,65.24,2024-07-26T16:00:00Z,298289,65.271024
65.13,65.23,65.11,10,65.11,2024-07-26T20:00:00Z,2805,65.164762
65.98,67.17,64.555,987,66.93,2024-07-29T12:00:00Z,118285,66.214019
65.5,66.78,65.3,831,66.02,2024-07-29T16:00:00Z,90915,65.976919
65.28,65.34,65.28,3,65.34,2024-07-29T20:00:00Z,561,65.292
62.645,66.55,62.62,1134,66.07,2024-07-30T12:00:00Z,156955,64.279907
62.715,63.485,61.35,1647,62.625,2024-07-30T16:00:00Z,259692,62.601857
62.14,62.22,60.84,82,61.74,2024-07-30T20:00:00Z,13896,61.540652
67.85,68.4,66.15,818,66.15,2024-07-31T12:00:00Z,128401,67.316606
68.27,69.0,66.76,2374,68.09,2024-07-31T16:00:00Z,528013,68.169893
69.13,69.67,68.73,33,68.83,2024-07-31T20:00:00Z,9898,69.078728
64.76,70.22,64.64,2027,69.07,2024-08-01T12:00:00Z,231841,67.562977
63.385,65.53,61.71,2607,64.715,2024-08-01T16:00:00Z,347175,63.078372
62.16,63.05,62.13,38,62.56,2024-08-01T20:00:00Z,6949,62.602141
59.0,60.68,57.0,1961,60.23,2024-08-02T12:00:00Z,256365,58.487639
58.7,59.38,57.6,1533,59.08,2024-08-02T16:00:00Z,238477,58.441468
58.43,58.77,58.29,46,58.74,2024-08-02T20:00:00Z,9525,58.646776
54.51,55.24,47.9,3158,47.9,2024-08-05T12:00:00Z,347631,52.863832
53.59,56.18,52.43,2347,54.48,2024-08-05T16:00:00Z,322208,53.954743
54.43,54.8,54.06,26,54.06,2024-08-05T20:00:00Z,7211,54.364573
56.32,56.55,53.21,1746,54.9,2024-08-06T12:00:00Z,249654,55.155063
54.97,57.75,54.955,2089,56.52,2024-08-06T16:00:00Z,312606,56.563295
54.22,55.79,54.21,41,54.96,2024-08-06T20:00:00Z,11414,54.915522
57.01,58.48,56.55,1068,57.15,2024-08-07T12:00:00Z,160835,57.8145
53.25,57.09,53.0,1649,57.02,2024-08-07T16:00:00Z,257121,54.443211
52.53,53.36,52.53,14,53.15,2024-08-07T20:00:00Z,4506,53.098222
57.01,57.29,53.77,1611,53.77,2024-08-08T12:00:00Z,233691,55.78021
58.05,58.315,56.635,1253,56.98,2024-08-08T16:00:00Z,222998,57.641406
58.5,58.51,58.16,13,58.46,2024-08-08T20:00:00Z,3574,58.366327
57.63,58.62,57.02,1112,57.18,2024-08-09T12:00:00Z,155221,57.867612
58.985,59.5,57.49,1293,57.73,2024-08-09T16:00:00Z,257234,58.802722
58.8,58.99,58.8,10,58.89,2024-08-09T20:00:00Z,2999,58.878716
59.96,60.375,58.17,1415,59.52,2024-08-12T12:00:00Z,177533,59.411415
59.17,60.08,58.7,1003,59.99,2024-08-12T16:00:00Z,131378,59.221256
59.18,59.36,59.11,10,59.36,2024-08-12T20:00:00Z,2314,59.238658
62.47,62.61,60.58,955,60.58,2024-08-13T12:00:00Z,108034,61.670183
63.57,63.7,62.37,1427,62.41,2024-08-13T16:00:00Z,271797,63.123438
63.5,63.78,63.46,25,63.47,2024-08-13T20:00:00Z,6895,63.656917
64.57,64.63,61.905,1180,63.55,2024-08-14T12:00:00Z,141537,63.229946
63.705,64.58,62.84,1020,64.58,2024-08-14T16:00:00Z,166143,63.606295
64.0,64.15,63.83,11,63.85,2024-08-14T20:00:00Z,2884,63.962012
67.92,68.0,65.5,1436,65.51,2024-08-15T12:00:00Z,161051,67.127328
68.4,68.625,67.75,1077,67.85,2024-08-15T16:00:00Z,133531,68.264369
68.37,68.41,68.25,11,68.39,2024-08-15T20:00:00Z,2628,68.319712
68.4,68.5,67.22,966,67.24,2024-08-16T12:00:00Z,128005,67.8438
68.62,69.25,68.31,858,68.33,2024-08-16T16:00:00Z,120940,68.723944
68.7,68.79,68.66,5,68.68,2024-08-16T20:00:00Z,1700,68.700588
69.02,69.45,67.89,1632,68.88,2024-08-19T12:00:00Z,215957,68.889578
71.33,71.345,68.97,1722,69.0,2024-08-19T16:00:00Z,203569,70.079065
71.23,71.3,71.2,5,71.3,2024-08-19T20:00:00Z,1336,71.246442
71.28,72.055,70.1,1909,71.28,2024-08-20T12:00:00Z,177786,70.994151
70.78,71.43,70.17,1476,71.3,2024-08-20T16:00:00Z,158049,70.952062
70.79,70.99,70.77,8,70.87,2024-08-20T20:00:00Z,2324,70.86525
70.99,72.65,70.8,1866,71.26,2024-08-21T12:00:00Z,264616,71.475342
71.92,72.33,70.465,1456,70.975,2024-08-21T16:00:00Z,120348,71.520345
71.98,72.0,71.67,28,71.95,2024-08-21T20:00:00Z,7436,71.825646
69.83,73.14,69.27,1762,72.62,2024-08-22T12:00:00Z,214499,71.300506
68.425,71.055,67.94,2061,69.8,2024-08-22T16:00:00Z,260052,69.091807
68.69,68.71,68.37,17,68.38,2024-08-22T20:00:00Z,3691,68.558903
69.76,71.71,68.82,1986,70.12,2024-08-23T12:00:00Z,203852,70.348173
70.55,70.74,68.51,1307,69.72,2024-08-23T16:00:00Z,150626,69.915636
70.49,70.62,70.49,7,70.53,2024-08-23T20:00:00Z,1772,70.542754
68.03,70.62,67.55,926,70.38,2024-08-26T12:00:00Z,124120,68.994871
68.145,68.95,67.63,676,67.99,2024-08-26T16:00:00Z,90204,68.406921
68.1,68.35,68.1,6,68.35,2024-08-26T20:00:00Z,1153,68.202865
68.62,69.47,66.87,848,68.21,2024-08-27T12:00:00Z,94103,68.160467
69.085,69.47,68.46,481,68.59,2024-08-27T16:00:00Z,62812,68.995074
68.98,69.12,68.98,8,69.12,2024-08-27T20:00:00Z,3608,69.003239
66.8,69.1,65.8,1203,68.85,2024-08-28T12:00:00Z,168862,67.216991
66.58,67.26,65.17,1251,66.695,2024-08-28T16:00:00Z,181503,66.425877
65.81,66.91,65.38,32,66.54,2024-08-28T20:00:00Z,5720,66.411123
68.7,69.42,67.16,1016,67.31,2024-08-29T12:00:00Z,134370,68.472983
66.35,69.37,65.8,1343,68.92,2024-08-29T16:00:00Z,169750,67.077173
66.92,66.92,66.66,3,66.66,2024-08-29T20:00:00Z,1000,66.784
67.12,68.79,66.65,1064,67.71,2024-08-30T12:00:00Z,166541,67.950174
68.73,68.86,66.2,1553,67.01,2024-08-30T16:00:00Z,220755,67.861709
68.51,68.77,68.51,7,68.61,2024-08-30T20:00:00Z,1380,68.636154
63.8,67.62,63.79,1461,67.62,2024-09-03T12:00:00Z,235010,65.043486
62.22,64.37,61.33,1956,63.885,2024-09-03T16:00:00Z,331360,62.789577
62.23,62.52,62.23,11,62.47,2024-09-03T20:00:00Z,2410,62.450739
62.27,63.36,60.65,1323,61.3,2024-09-04T12:00:00Z,156262,62.00404
61.82,63.05,61.365,836,62.21,2024-09-04T16:00:00Z,100604,62.096865
61.67,61.87,61.67,7,61.78,2024-09-04T20:00:00Z,1775,61.761671
60.89,63.69,60.75,1417,61.11,2024-09-05T12:00:00Z,181950,62.188583
62.0,62.58,61.01,1147,61.03,2024-09-05T16:00:00Z,176778,61.804816
61.62,62.33,61.37,16,62.33,2024-09-05T20:00:00Z,1965,61.788976
57.11,61.96,56.88,2541,60.12,2024-09-06T12:00:00Z,305799,58.918714
56.97,57.845,56.74,2066,57.04,2024-09-06T16:00:00Z,304586,57.164209
55.95,56.97,55.95,26,56.97,2024-09-06T20:00:00Z,4215,56.578387
58.7,59.4,57.38,1374,58.0,2024-09-09T12:00:00Z,162419,58.452379
59.15,59.47,58.04,1188,58.69,2024-09-09T16:00:00Z,177647,58.820064
59.43,59.51,59.08,9,59.08,2024-09-09T20:00:00Z,1861,59.348925
58.57,60.36,58.545,1198,59.78,2024-09-10T12:00:00Z,137830,59.646471
60.695,60.905,58.21,1045,58.46,2024-09-10T16:00:00Z,129590,59.976081
60.46,60.63,60.43,28,60.63,2024-09-10T20:00:00Z,13635,60.574553
60.1,61.42,57.78,1824,60.0,2024-09-11T12:00:00Z,187738,59.438062
64.55,64.92,60.05,1886,60.14,2024-09-11T16:00:00Z,257177,62.908324
64.5,64.59,64.41,7,64.41,2024-09-11T20:00:00Z,2064,64.502
64.63,65.895,63.89,1120,64.68,2024-09-12T12:00:00Z,125912,64.947037
66.53,66.86,64.68,1163,64.71,2024-09-12T16:00:00Z,161894,66.185844
66.59,66.59,66.59,2,66.59,2024-09-12T20:00:00Z,433,66.59
67.4,67.53,66.17,1068,66.55,2024-09-13T12:00:00Z,116219,66.964601
67.35,67.84,66.86,1180,67.48,2024-09-13T16:00:00Z,159422,67.363863
67.16,67.29,67.16,13,67.19,2024-09-13T20:00:00Z,2598,67.225236
65.69,66.67,65.07,1155,66.62,2024-09-16T12:00:00Z,125085,65.848549
66.375,66.55,65.29,622,65.75,2024-09-16T16:00:00Z,80256,66.156194
67.41,68.24,66.93,820,67.71,2024-09-17T12:00:00Z,86854,67.614923
66.54,67.59,65.5,1748,67.46,2024-09-17T16:00:00Z,329970,66.257909
66.66,66.68,66.63,7,66.67,2024-09-17T20:00:00Z,1900,66.659474
65.69,67.04,65.59,679,66.99,2024-09-18T12:00:00Z,73287,66.448429
65.63,68.74,65.39,3320,65.61,2024-09-18T16:00:00Z,374111,66.912201
70.81,71.35,69.45,1121,69.72,2024-09-19T12:00:00Z,170781,70.423427
70.66,71.78,70.46,943,70.81,2024-09-19T16:00:00Z,133842,71.108031
70.43,70.45,70.38,7,70.45,2024-09-19T20:00:00Z,2100,70.405002
69.535,70.56,68.34,1018,70.19,2024-09-20T12:00:00Z,114712,69.639929
70.05,70.64,69.15,1291,69.49,2024-09-20T16:00:00Z,318160,69.879461
69.79,70.15,69.79,6,70.15,2024-09-20T20:00:00Z,863,69.9
70.94,71.15,70.16,712,70.59,2024-09-23T12:00:00Z,74630,70.685838
70.655,70.91,70.1,448,70.91,2024-09-23T16:00:00Z,49677,70.532685
70.48,70.48,70.48,1,70.48,2024-09-23T20:00:00Z,400,70.48
71.81,72.08,69.44,1265,71.25,2024-09-24T12:00:00Z,117115,70.637228
71.665,72.08,71.01,762,71.83,2024-09-24T16:00:00Z,91166,71.641768
71.78,71.78,71.57,4,71.65,2024-09-24T20:00:00Z,1779,71.704907
71.78,72.47,71.19,782,71.22,2024-09-25T12:00:00Z,87709,71.91336
71.71,71.84,71.1,560,71.76,2024-09-25T16:00:00Z,73056,71.558792
72.13,72.13,71.97,14,71.97,2024-09-25T20:00:00Z,4484,71.999236
72.99,75.25,71.62,1602,74.52,2024-09-26T12:00:00Z,179394,73.013352
73.31,73.42,71.69,1239,72.97,2024-09-26T16:00:00Z,120419,72.821266
73.23,73.23,73.14,10,73.14,2024-09-26T20:00:00Z,2436,73.200654
72.08,73.65,72.04,859,73.39,2024-09-27T12:00:00Z,92515,72.903941
71.94,72.66,71.5,945,72.07,2024-09-27T16:00:00Z,126288,72.069
71.7,71.79,71.6,9,71.71,2024-09-27T20:00:00Z,3300,71.689091
71.8,72.35,70.94,918,71.23,2024-09-30T12:00:00Z,90612,71.709213
72.31,72.615,70.24,1464,71.78,2024-09-30T16:00:00Z,187757,71.608756
72.33,72.33,72.33,1,72.33,2024-09-30T20:00:00Z,100,72.33
68.81,72.54,67.7,1877,72.32,2024-10-01T12:00:00Z,194208,69.399232
69.38,70.435,68.01,2280,68.79,2024-10-01T16:00:00Z,410940,68.764187
69.74,69.74,69.45,6,69.45,2024-10-01T20:00:00Z,663,69.626667
70.01,70.52,67.89,1166,69.09,2024-10-02T12:00:00Z,124513,69.332084
69.66,70.465,69.29,565,70.365,2024-10-02T16:00:00Z,65187,69.872746
70.26,70.26,70.02,4,70.02,2024-10-02T20:00:00Z,1025,70.087317
70.04,70.795,68.76,893,69.2,2024-10-03T12:00:00Z,98825,69.785532
69.505,70.15,68.41,888,69.93,2024-10-03T16:00:00Z,103972,69.142154
69.51,69.61,69.49,9,69.61,2024-10-03T20:00:00Z,2610,69.566923
71.04,72.31,69.78,1233,70.36,2024-10-04T12:00:00Z,133299,70.847357
72.01,72.16,70.5,789,71.1,2024-10-04T16:00:00Z,92256,71.402554
71.96,71.96,71.96,1,71.96,2024-10-04T20:00:00Z,400,71.96
71.245,71.515,70.56,641,70.86,2024-10-07T12:00:00Z,61458,71.146347
69.545,71.335,69.13,1053,71.1,2024-10-07T16:00:00Z,128731,70.06476
69.75,69.78,69.65,20,69.65,2024-10-07T20:00:00Z,4180,69.736449
72.2,72.39,70.27,699,70.27,2024-10-08T12:00:00Z,91216,71.510867
72.66,72.965,71.36,543,72.01,2024-10-08T16:00:00Z,69480,72.342181
72.5,72.5,72.5,1,72.5,2024-10-08T20:00:00Z,400,72.5
74.26,74.265,72.08,1280,72.4,2024-10-09T12:00:00Z,143049,73.062231
74.43,74.63,73.35,1049,74.25,2024-10-09T16:00:00Z,131673,74.06385
74.1,74.17,74.08,6,74.17,2024-10-09T20:00:00Z,1357,74.123581
74.44,74.44,72.73,816,73.83,2024-10-10T12:00:00Z,102516,73.616595
74.1,74.92,73.51,895,74.54,2024-10-10T16:00:00Z,112806,74.176322
74.16,74.17,74.02,14,74.1,2024-10-10T20:00:00Z,3496,74.076955
74.55,74.66,72.9,876,73.5,2024-10-11T12:00:00Z,98714,73.78669
74.32,74.79,73.85,582,74.52,2024-10-11T16:00:00Z,70207,74.379015
73.93,74.15,73.93,7,74.15,2024-10-11T20:00:00Z,2080,74.074
75.84,76.76,75.05,1094,75.06,2024-10-14T12:00:00Z,110878,76.007839
76.21,76.69,75.77,834,75.87,2024-10-14T16:00:00Z,107996,76.214933
76.11,76.11,76.11,1,76.11,2024-10-14T20:00:00Z,400,76.11
73.32,76.61,73.01,1582,76.29,2024-10-15T12:00:00Z,156643,74.69548
73.18,73.925,72.15,1676,73.27,2024-10-15T16:00:00Z,213623,73.02998
73.09,73.16,73.0,5,73.16,2024-10-15T20:00:00Z,1162,73.091458
72.39,73.48,71.75,1045,73.48,2024-10-16T12:00:00Z,101627,72.447495
73.17,73.49,72.39,831,72.46,2024-10-16T16:00:00Z,97824,72.99943
74.87,75.6,73.41,1288,75.15,2024-10-17T12:00:00Z,124217,74.21462
73.32,75.1,73.27,1186,74.87,2024-10-17T16:00:00Z,151710,74.027969
73.77,73.79,73.43,10,73.43,2024-10-17T20:00:00Z,2496,73.631439
74.535,75.14,74.16,1177,74.72,2024-10-18T12:00:00Z,129385,74.68553
74.67,75.055,74.26,1035,74.48,2024-10-18T16:00:00Z,113929,74.684802
74.74,74.87,74.62,15,74.62,2024-10-18T20:00:00Z,3876,74.727171
74.3,75.42,73.2,1287,73.65,2024-10-21T12:00:00Z,136895,74.224949
75.08,75.08,74.07,1219,74.38,2024-10-21T16:00:00Z,173201,74.577366
75.34,75.34,75.01,5,75.02,2024-10-21T20:00:00Z,2025,75.089494
74.6,75.04,73.55,858,73.55,2024-10-22T12:00:00Z,96631,74.60622
75.295,75.95,74.05,1112,74.5,2024-10-22T16:00:00Z,115024,75.11102
75.0,75.0,75.0,1,75.0,2024-10-22T20:00:00Z,100,75.0
73.3,74.79,72.75,1396,74.5,2024-10-23T12:00:00Z,163950,73.69994
71.735,73.22,70.31,2187,73.21,2024-10-23T16:00:00Z,314197,71.410339
72.49,72.49,71.75,2,71.75,2024-10-23T20:00:00Z,600,71.996667
72.99,73.66,72.29,990,73.66,2024-10-24T12:00:00Z,119558,72.989968
73.5,73.79,72.29,1148,72.945,2024-10-24T16:00:00Z,183726,73.335552
73.6,73.77,73.6,11,73.61,2024-10-24T20:00:00Z,3133,73.647668
76.1,76.98,74.3,1571,74.3,2024-10-25T12:00:00Z,142238,76.162556
74.77,76.55,74.405,1572,76.04,2024-10-25T16:00:00Z,201619,75.236285
74.52,74.79,74.52,14,74.76,2024-10-25T20:00:00Z,2982,74.630321
75.12,76.59,75.045,939,75.95,2024-10-28T12:00:00Z,92975,75.565087
74.78,75.55,74.675,807,75.14,2024-10-28T16:00:00Z,86359,75.102678
74.96,74.98,74.84,18,74.91,2024-10-28T20:00:00Z,4176,74.912583
76.13,76.13,74.1,964,74.6,2024-10-29T12:00:00Z,114292,75.397286
76.905,77.44,75.79,1070,76.18,2024-10-29T16:00:00Z,138388,76.802027
77.4,77.59,77.21,6,77.59,2024-10-29T20:00:00Z,1901,77.377895
76.67,77.0,75.25,1014,77.0,2024-10-30T12:00:00Z,99578,76.273923
75.225,76.78,74.97,1189,76.61,2024-10-30T16:00:00Z,163293,75.79757
75.24,75.24,74.58,7,74.58,2024-10-30T20:00:00Z,613,74.766882
70.07,73.75,69.62,2092,73.56,2024-10-31T12:00:00Z,322936,70.919343
69.515,70.76,69.44,1911,70.04,2024-10-31T16:00:00Z,228471,70.007866
70.38,70.38,69.78,9,69.99,2024-10-31T20:00:00Z,1605,69.985
71.72,72.35,70.0,1242,70.69,2024-11-01T12:00:00Z,140183,71.323176
71.02,71.99,70.67,1200,71.66,2024-11-01T16:00:00Z,127809,71.267711
71.01,71.12,71.01,5,71.12,2024-11-01T20:00:00Z,1003,71.099
71.31,71.54,69.55,811,71.07,2024-11-04T12:00:00Z,77165,70.745307
70.865,71.755,69.7,1244,71.36,2024-11-04T16:00:00Z,151374,70.745865
70.54,70.84,70.145,563,70.84,2024-11-04T20:00:00Z,88266,70.409078
72.0,72.69,70.68,895,70.68,2024-11-05T12:00:00Z,95749,71.956447
72.495,73.22,71.8,1163,72.04,2024-11-05T16:00:00Z,133666,72.737187
73.05,73.11,72.325,388,72.34,2024-11-05T20:00:00Z,50658,72.762679
76.94,78.06,76.23,1178,76.5,2024-11-06T12:00:00Z,129858,77.124509
78.8,78.84,76.7,1290,77.0,2024-11-06T16:00:00Z,173229,77.841319
79.01,79.21,78.68,653,78.74,2024-11-06T20:00:00Z,86857,78.934594
81.88,81.94,79.63,736,80.0,2024-11-07T12:00:00Z,92719,81.067103
82.69,82.69,81.51,1066,81.99,2024-11-07T16:00:00Z,154817,82.050734
82.76,82.915,82.38,574,82.59,2024-11-07T20:00:00Z,80579,82.663646
82.385,82.73,81.93,602,82.01,2024-11-08T12:00:00Z,66149,82.360871
82.83,83.1,82.035,657,82.29,2024-11-08T16:00:00Z,77363,82.709592
82.67,82.77,82.495,251,82.73,2024-11-08T20:00:00Z,35809,82.642687
82.74,83.65,81.855,952,83.65,2024-11-11T12:00:00Z,105027,82.45035
81.985,82.74,81.2,799,82.64,2024-11-11T16:00:00Z,101798,82.016302
82.59,82.59,82.17,149,82.18,2024-11-11T20:00:00Z,19482,82.337354
82.135,82.91,82.1,615,82.41,2024-11-12T12:00:00Z,66600,82.553516
82.13,82.43,80.66,943,82.215,2024-11-12T16:00:00Z,140257,81.685797
82.25,82.39,81.95,213,82.17,2024-11-12T20:00:00Z,20801,82.158556
81.335,82.73,80.72,796,82.73,2024-11-13T12:00:00Z,92586,81.469819
82.2,83.06,81.11,935,81.385,2024-11-13T16:00:00Z,104454,82.240513
81.91,82.46,81.44,336,82.035,2024-11-13T20:00:00Z,51041,81.946032
81.11,81.98,80.48,552,81.61,2024-11-14T12:00:00Z,66703,81.203706
80.78,81.55,80.18,682,81.19,2024-11-14T16:00:00Z,79037,80.864384
79.73,80.645,79.62,345,80.62,2024-11-14T20:00:00Z,42312,80.077199
75.07,78.06,74.9,1676,78.05,2024-11-15T12:00:00Z,186927,76.035077
73.88,75.38,73.3,1733,74.935,2024-11-15T16:00:00Z,301395,74.116932
74.33,74.44,73.8,643,73.93,2024-11-15T20:00:00Z,81591,74.153779
76.23,76.4,74.34,752,74.95,2024-11-18T12:00:00Z,89171,75.294576
75.86,76.7,75.34,743,76.25,2024-11-18T16:00:00Z,111319,76.016518
75.76,76.0,75.56,239,75.88,2024-11-18T20:00:00Z,39571,75.754397
75.98,76.045,73.13,928,74.63,2024-11-19T12:00:00Z,135766,74.98439
77.005,77.54,75.85,1039,75.85,2024-11-19T16:00:00Z,129531,76.654995
77.5,77.51,76.87,318,76.97,2024-11-19T20:00:00Z,47681,77.24295
75.86,77.8,74.11,1107,77.8,2024-11-20T12:00:00Z,163987,75.543219
75.59,76.655,74.89,1002,75.75,2024-11-20T16:00:00Z,138153,75.805889
76.64,77.28,75.44,504,75.54,2024-11-20T20:00:00Z,73075,76.662993
76.7,78.83,74.58,1253,77.67,2024-11-21T12:00:00Z,130063,76.348841
78.22,78.43,76.48,1014,76.75,2024-11-21T16:00:00Z,121185,77.604632
77.75,78.545,77.61,309,78.295,2024-11-21T20:00:00Z,48950,78.214723
78.09,78.5,76.9,786,77.68,2024-11-22T12:00:00Z,86667,77.771925
78.245,78.535,77.15,729,78.195,2024-11-22T16:00:00Z,94026,77.997979
78.49,78.49,77.75,443,78.16,2024-11-22T20:00:00Z,64744,78.108011
78.83,80.84,78.57,891,79.86,2024-11-25T12:00:00Z,120223,79.464647
78.43,79.55,77.56,698,78.775,2024-11-25T16:00:00Z,90908,78.542754
79.0,79.0,78.18,266,78.38,2024-11-25T20:00:00Z,40206,78.525538
79.45,80.25,79.07,780,79.4,2024-11-26T12:00:00Z,101546,79.636266
79.21,79.75,78.905,557,79.465,2024-11-26T16:00:00Z,101603,79.278407
79.94,80.02,79.22,267,79.3,2024-11-26T20:00:00Z,52545,79.770543
77.16,79.22,76.925,1028,79.21,2024-11-27T12:00:00Z,172843,78.156769
77.815,78.025,76.35,954,77.095,2024-11-27T16:00:00Z,126873,77.121824
77.73,78.08,77.46,251,77.845,2024-11-27T20:00:00Z,40747,77.834005
79.47,79.78,77.885,443,78.17,2024-11-29T12:00:00Z,59601,78.856874
79.92,80.105,79.505,309,79.51,2024-11-29T16:00:00Z,52966,79.866013
81.62,82.28,80.23,806,80.23,2024-12-02T12:00:00Z,115457,81.546956
82.51,82.935,81.74,832,81.85,2024-12-02T16:00:00Z,149304,82.455069
82.6,82.72,82.32,254,82.44,2024-12-02T20:00:00Z,40653,82.540653
82.39,82.675,81.57,546,82.05,2024-12-03T12:00:00Z,100375,82.2587
82.95,83.02,82.205,727,82.36,2024-12-03T16:00:00Z,166303,82.586932
83.73,83.75,82.79,467,82.95,2024-12-03T20:00:00Z,160029,83.009379
85.63,85.69,84.57,628,85.0,2024-12-04T12:00:00Z,83502,85.196677
85.97,86.0,85.12,787,85.65,2024-12-04T16:00:00Z,113456,85.606312
86.03,86.34,85.93,324,85.93,2024-12-04T20:00:00Z,55485,86.226618
85.89,86.42,85.7,419,86.27,2024-12-05T12:00:00Z,60006,86.067205
85.77,86.635,85.535,679,85.825,2024-12-05T16:00:00Z,112216,86.282625
85.11,85.96,85.11,179,85.66,2024-12-05T20:00:00Z,22912,85.564785
87.32,87.58,85.77,589,86.0,2024-12-06T12:00:00Z,82488,86.810746
87.51,87.85,86.805,585,87.37,2024-12-06T16:00:00Z,95692,87.371323
87.43,87.815,87.38,228,87.465,2024-12-06T20:00:00Z,36738,87.699855
85.97,87.65,85.9,632,87.4,2024-12-09T12:00:00Z,74580,87.007619
85.57,86.455,85.11,809,85.955,2024-12-09T16:00:00Z,102602,85.784986
85.58,85.715,85.16,252,85.5,2024-12-09T20:00:00Z,31007,85.418996
85.91,87.11,85.85,716,86.19,2024-12-10T12:00:00Z,82589,86.498963
84.76,86.0,84.63,778,85.915,2024-12-10T16:00:00Z,104326,85.486464
85.01,85.01,84.1,311,84.725,2024-12-10T20:00:00Z,46213,84.479712
88.15,88.59,85.85,897,85.85,2024-12-11T12:00:00Z,221296,87.449739
89.31,89.495,88.115,839,88.15,2024-12-11T16:00:00Z,117306,89.07266
88.81,89.62,88.81,275,89.35,2024-12-11T20:00:00Z,36936,89.388098
88.34,88.55,87.29,881,88.01,2024-12-12T12:00:00Z,145853,87.939712
88.025,88.765,87.8,755,88.46,2024-12-12T16:00:00Z,124641,88.413764
87.77,88.0,87.47,303,87.97,2024-12-12T20:00:00Z,30454,87.798518
88.1,90.765,88.08,1116,89.78,2024-12-13T12:00:00Z,121085,89.643558
89.52,89.65,87.86,974,88.115,2024-12-13T16:00:00Z,131218,88.55447
89.41,89.695,89.25,332,89.555,2024-12-13T20:00:00Z,41187,89.448806
91.81,92.2,90.68,1319,90.73,2024-12-16T12:00:00Z,202361,91.40991
93.51,93.645,91.9,1243,91.9,2024-12-16T16:00:00Z,151345,92.718108
93.29,93.775,93.14,316,93.505,2024-12-16T20:00:00Z,38234,93.365809
91.95,92.65,91.18,705,92.26,2024-12-17T12:00:00Z,78402,91.837636
91.645,92.895,91.48,784,92.0,2024-12-17T16:00:00Z,95997,92.108643
91.89,92.23,91.3,389,91.625,2024-12-17T20:00:00Z,50693,91.748209
92.18,92.56,90.8,826,91.91,2024-12-18T12:00:00Z,92044,91.620479
87.27,92.43,87.2,981,92.255,2024-12-18T16:00:00Z,113379,91.072512
82.03,87.425,81.48,1067,87.33,2024-12-18T20:00:00Z,175269,83.994668
82.875,84.53,81.885,1142,84.235,2024-12-19T12:00:00Z,211535,82.927129
81.97,83.735,81.565,1094,82.8,2024-12-19T16:00:00Z,135156,82.503332
80.92,82.6,80.68,363,81.915,2024-12-19T20:00:00Z,47896,81.435636
82.575,82.93,77.84,1427,77.84,2024-12-20T12:00:00Z,183642,80.172326
84.52,85.855,82.475,1656,82.54,2024-12-20T16:00:00Z,211274,84.617304
82.87,84.65,82.5,568,84.565,2024-12-20T20:00:00Z,85601,83.381972
82.45,84.075,81.84,455,83.46,2024-12-23T12:00:00Z,62688,83.462093
87.545,87.565,85.68,615,85.86,2024-12-24T12:00:00Z,63193,86.678919
88.46,88.46,87.41,491,87.54,2024-12-24T16:00:00Z,53829,87.797137
88.295,88.3,86.67,600,87.54,2024-12-26T12:00:00Z,53494,87.586966
88.74,89.06,87.87,755,88.28,2024-12-26T16:00:00Z,68739,88.40204
88.0,88.88,88.0,350,88.75,2024-12-26T20:00:00Z,52024,88.654306
83.43,86.81,82.39,1209,86.81,2024-12-27T12:00:00Z,109119,84.142565
84.63,84.79,82.31,1185,83.47,2024-12-27T16:00:00Z,158930,83.416637
84.78,84.85,83.5,414,84.54,2024-12-27T20:00:00Z,49989,84.347899
80.79,81.26,79.56,595,81.26,2024-12-30T12:00:00Z,60540,80.204457
82.65,83.05,80.51,971,80.71,2024-12-30T16:00:00Z,78543,82.082266
80.95,82.75,80.85,247,82.56,2024-12-30T20:00:00Z,23082,81.74207
80.95,82.15,80.47,530,81.915,2024-12-31T12:00:00Z,71450,81.380865
79.55,80.97,78.685,1233,80.97,2024-12-31T16:00:00Z,122522,79.715783
79.35,80.07,78.81,306,79.5,2024-12-31T20:00:00Z,34047,79.468911
79.72,81.6,78.53,957,81.37,2025-01-02T12:00:00Z,92584,79.895901
77.41,80.62,76.59,1413,79.69,2025-01-02T16:00:00Z,146768,78.051209
78.91,78.91,77.47,321,77.47,2025-01-02T20:00:00Z,29109,78.459602
80.88,81.52,79.36,655,79.6,2025-01-03T12:00:00Z,69681,80.723072
82.65,82.9,80.5,802,80.895,2025-01-03T16:00:00Z,80721,81.956866
82.09,82.605,82.02,253,82.605,2025-01-03T20:00:00Z,27717,82.346711
86.57,86.77,84.91,612,85.0,2025-01-06T12:00:00Z,57753,85.879619
84.29,86.82,84.185,1003,86.555,2025-01-06T16:00:00Z,107656,85.450039
85.5,85.5,84.06,424,84.06,2025-01-06T20:00:00Z,51746,84.870058
82.83,85.73,81.235,538,85.7,2025-01-07T12:00:00Z,53446,83.343007
81.34,83.14,81.0,771,82.96,2025-01-07T16:00:00Z,67017,81.914188
80.95,81.3,79.765,436,81.235,2025-01-07T20:00:00Z,67437,80.6965
80.56,81.06,79.2,496,80.55,2025-01-08T12:00:00Z,44693,80.228338
80.35,81.41,78.48,984,80.55,2025-01-08T16:00:00Z,86572,80.117315
80.54,80.92,80.115,270,80.4,2025-01-08T20:00:00Z,28539,80.460287
76.51,78.81,75.385,919,78.81,2025-01-10T12:00:00Z,89933,76.925887
77.49,78.58,75.39,1040,76.57,2025-01-10T16:00:00Z,117641,76.652437
76.55,77.72,76.425,436,77.46,2025-01-10T20:00:00Z,53745,76.991976
74.4,75.22,73.34,719,74.78,2025-01-13T12:00:00Z,75673,74.134896
75.535,75.77,73.52,1021,74.42,2025-01-13T16:00:00Z,111350,74.800223
76.23,76.32,75.22,428,75.51,2025-01-13T20:00:00Z,50779,75.678524
75.955,78.035,75.945,688,77.63,2025-01-14T12:00:00Z,83677,77.000762
75.26,76.74,74.4,1088,75.935,2025-01-14T16:00:00Z,109340,75.550041
76.22,76.22,74.21,408,75.17,2025-01-14T20:00:00Z,48982,74.909551
80.08,80.96,78.62,653,79.27,2025-01-15T12:00:00Z,75220,79.955682
81.105,81.28,79.24,813,80.13,2025-01-15T16:00:00Z,77116,80.37533
80.69,81.425,80.6,280,81.105,2025-01-15T20:00:00Z,47038,81.149061
81.215,82.05,80.25,494,81.77,2025-01-16T12:00:00Z,51841,80.956488
80.65,81.75,79.45,803,81.19,2025-01-16T16:00:00Z,91878,80.537042
78.53,80.85,78.53,408,80.675,2025-01-16T20:00:00Z,49509,79.754789
83.06,83.72,81.39,563,81.39,2025-01-17T12:00:00Z,60520,82.586959
83.375,83.905,82.77,689,83.09,2025-01-17T16:00:00Z,82502,83.341904
82.97,83.55,82.91,228,83.345,2025-01-17T20:00:00Z,26182,83.205639
83.66,84.5,82.41,514,84.49,2025-01-21T12:00:00Z,43514,83.404561
84.61,85.14,83.195,674,83.37,2025-01-21T16:00:00Z,136328,84.746161
85.25,85.25,84.34,290,84.57,2025-01-21T20:00:00Z,37272,84.664325
87.77,88.3,86.71,644,87.0,2025-01-22T12:00:00Z,70536,87.721733
88.295,88.895,87.78,647,87.805,2025-01-22T16:00:00Z,63337,88.323968
87.55,88.26,87.48,478,88.25,2025-01-22T20:00:00Z,97278,87.942311
87.06,87.16,86.3,439,86.64,2025-01-23T12:00:00Z,45122,86.7376
87.39,87.635,86.65,635,87.025,2025-01-23T16:00:00Z,70031,87.114132
88.16,88.36,87.2,312,87.31,2025-01-23T20:00:00Z,46808,87.991088
87.72,88.78,87.64,503,88.38,2025-01-24T12:00:00Z,46765,88.222794
86.3,88.26,86.04,914,87.715,2025-01-24T16:00:00Z,208550,87.175628
86.85,86.87,86.19,341,86.24,2025-01-24T20:00:00Z,55127,86.469581
79.75,80.99,77.41,872,77.545,2025-01-27T12:00:00Z,117020,79.540588
77.595,79.86,77.185,1060,79.74,2025-01-27T16:00:00Z,219111,78.295584
79.69,79.69,77.555,461,77.555,2025-01-27T20:00:00Z,86329,78.221122
81.25,81.55,78.145,746,79.61,2025-01-28T12:00:00Z,98854,80.107222
83.065,83.16,80.55,863,81.37,2025-01-28T16:00:00Z,116451,81.928487
82.48,83.125,82.39,332,83.045,2025-01-28T20:00:00Z,49776,82.766415
81.81,83.0,81.31,495,82.71,2025-01-29T12:00:00Z,58751,82.10772
82.13,82.59,80.36,1126,81.835,2025-01-29T16:00:00Z,132011,81.500434
81.95,82.9,81.27,504,82.21,2025-01-29T20:00:00Z,56396,82.17995
81.375,84.585,81.375,1042,83.485,2025-01-30T12:00:00Z,123415,82.979362
83.52,83.55,80.9,887,81.29,2025-01-30T16:00:00Z,102142,82.271387
83.39,83.965,82.135,494,83.6,2025-01-30T20:00:00Z,67969,83.034393
86.79,86.975,84.86,752,84.86,2025-01-31T12:00:00Z,81784,86.094206
83.625,87.05,82.74,1304,86.79,2025-01-31T16:00:00Z,160049,85.063988
82.82,83.4,82.22,642,83.4,2025-01-31T20:00:00Z,101453,82.758636
80.96,81.2,77.375,2119,78.52,2025-02-03T12:00:00Z,231001,79.363984
81.585,81.96,79.97,1962,80.79,2025-02-03T16:00:00Z,206257,80.902138
80.69,81.8,80.64,620,81.62,2025-02-03T20:00:00Z,106739,81.145575
83.27,83.76,80.73,1009,80.875,2025-02-04T12:00:00Z,99729,82.414829
83.305,83.91,82.335,1286,83.29,2025-02-04T16:00:00Z,114101,83.136649
82.94,83.84,82.94,394,83.275,2025-02-04T20:00:00Z,50496,83.566432
82.81,82.94,81.68,1541,81.73,2025-02-05T12:00:00Z,195133,82.335075
84.13,84.51,82.5,981,82.79,2025-02-05T16:00:00Z,105203,83.857187
84.76,84.82,83.96,363,84.15,2025-02-05T20:00:00Z,53669,84.367888
84.885,85.73,84.505,1195,84.88,2025-02-06T12:00:00Z,141193,85.146859
84.55,85.66,84.23,1101,84.93,2025-02-06T16:00:00Z,119865,85.08842
84.92,86.13,84.47,538,84.57,2025-02-06T20:00:00Z,88981,85.436419
84.09,87.18,83.11,1339,85.88,2025-02-07T12:00:00Z,128832,85.326773
82.98,84.61,82.52,1754,84.2,2025-02-07T16:00:00Z,184854,83.396841
82.73,83.1,82.375,818,82.88,2025-02-07T20:00:00Z,139780,82.720449
85.88,86.2,84.48,1719,84.48,2025-02-10T12:00:00Z,186639,85.306662
85.845,86.11,85.34,762,86.0,2025-02-10T16:00:00Z,69974,85.794438
85.56,85.985,85.53,406,85.79,2025-02-10T20:00:00Z,64138,85.717202
85.72,85.915,84.0,697,84.21,2025-02-11T12:00:00Z,80479,85.247393
85.54,85.71,84.19,1158,85.65,2025-02-11T16:00:00Z,116837,85.071901
85.01,85.585,84.765,500,85.55,2025-02-11T20:00:00Z,64475,85.025995
84.35,85.6,81.85,1823,85.56,2025-02-12T12:00:00Z,170519,83.248448
85.47,85.595,83.41,1559,84.33,2025-02-12T16:00:00Z,171310,84.861923
85.19,85.57,84.92,615,85.505,2025-02-12T20:00:00Z,92809,85.308122
87.865,88.145,85.25,1267,85.26,2025-02-13T12:00:00Z,128889,86.917028
88.135,88.375,86.245,1408,87.885,2025-02-13T16:00:00Z,186749,87.637009
88.42,88.955,88.185,760,88.185,2025-02-13T20:00:00Z,91156,88.537714
89.49,89.55,88.6,822,88.78,2025-02-14T12:00:00Z,98271,88.98869
89.665,89.94,88.64,1167,89.505,2025-02-14T16:00:00Z,133312,89.336829
89.91,90.16,89.46,855,89.615,2025-02-14T20:00:00Z,108417,89.86823
89.76,91.13,89.06,875,91.13,2025-02-18T12:00:00Z,71104,89.778085
89.635,90.08,88.775,1189,89.715,2025-02-18T16:00:00Z,112711,89.599955
90.28,90.44,89.45,403,89.68,2025-02-18T20:00:00Z,64781,89.950098
89.39,90.14,88.93,884,89.8,2025-02-19T12:00:00Z,114391,89.538799
91.085,91.12,89.48,1348,89.51,2025-02-19T16:00:00Z,172073,90.42357
90.19,91.045,89.99,519,91.045,2025-02-19T20:00:00Z,88405,90.393169
87.21,90.15,86.9,1236,89.91,2025-02-20T12:00:00Z,158247,88.397351
88.91,89.02,87.365,1300,87.415,2025-02-20T16:00:00Z,141015,88.23569
89.12,89.28,88.51,494,88.885,2025-02-20T20:00:00Z,84866,88.945536
87.59,90.43,86.83,1501,90.2,2025-02-21T12:00:00Z,166042,88.539536
83.72,87.855,83.52,2721,87.67,2025-02-21T16:00:00Z,395661,85.224334
83.53,84.12,83.47,1287,83.77,2025-02-21T20:00:00Z,218661,83.79576
81.48,85.0,80.83,2180,84.67,2025-02-24T12:00:00Z,271325,82.138567
82.1,83.42,81.35,2035,81.39,2025-02-24T16:00:00Z,232433,82.621783
80.74,82.345,80.515,1024,82.23,2025-02-24T20:00:00Z,147028,81.346831
77.05,80.48,76.23,3461,80.48,2025-02-25T12:00:00Z,473211,77.855837
78.13,79.01,75.82,3810,77.055,2025-02-25T16:00:00Z,512388,77.498738
77.565,78.81,77.27,1037,78.16,2025-02-25T20:00:00Z,197847,78.012714
79.81,80.03,78.12,2177,79.11,2025-02-26T12:00:00Z,270491,79.237255
77.0,80.43,76.71,3345,79.88,2025-02-26T16:00:00Z,446622,78.724046
78.45,79.35,76.83,1067,76.95,2025-02-26T20:00:00Z,131134,77.803764
76.155,80.15,74.81,3419,79.9,2025-02-27T12:00:00Z,428228,77.091993
74.09,77.7,73.74,3372,76.08,2025-02-27T16:00:00Z,338181,76.014231
72.03,74.17,71.48,3184,74.165,2025-02-27T20:00:00Z,389762,72.501252
73.24,73.4,70.105,2203,71.85,2025-02-28T12:00:00Z,240444,71.880931
72.76,73.385,70.38,3209,73.295,2025-02-28T16:00:00Z,396648,71.962913
74.8,75.165,72.445,1649,72.665,2025-02-28T20:00:00Z,238073,73.88573
74.245,77.04,73.16,1763,76.55,2025-03-03T12:00:00Z,180447,74.945029
71.49,75.585,71.47,3484,74.4,2025-03-03T16:00:00Z,381153,73.623167
70.11,71.44,68.45,2528,71.44,2025-03-03T20:00:00Z,290003,69.716589
67.23,69.57,66.04,3489,68.6,2025-03-04T12:00:00Z,350404,67.666723
71.64,71.66,66.34,5563,67.185,2025-03-04T16:00:00Z,548748,69.02196
69.265,72.765,68.56,2724,71.575,2025-03-04T20:00:00Z,361164,70.746373
69.235,70.4,68.05,2265,70.1,2025-03-05T12:00:00Z,210146,69.388409
71.96,72.54,67.5,4420,69.205,2025-03-05T16:00:00Z,381354,70.220338
71.45,72.635,71.45,1477,71.895,2025-03-05T20:00:00Z,147946,72.118069
69.61,70.48,67.52,2565,68.31,2025-03-06T12:00:00Z,278933,69.001326
65.69,70.28,65.18,4117,69.66,2025-03-06T16:00:00Z,457015,66.985353
67.0,67.0,65.43,1357,65.67,2025-03-06T20:00:00Z,144627,66.034795
65.305,67.78,64.125,3404,66.19,2025-03-07T12:00:00Z,320891,65.953979
67.11,67.89,62.89,6617,65.295,2025-03-07T16:00:00Z,618171,65.170183
67.46,68.0,66.2,1136,67.1,2025-03-07T20:00:00Z,157987,67.290595
59.35,61.15,57.96,7159,59.59,2025-03-11T12:00:00Z,895209,59.666642
59.23,61.83,57.395,5251,59.37,2025-03-11T16:00:00Z,621737,59.690746
61.355,62.625,59.165,5395,60.77,2025-03-12T12:00:00Z,685452,60.913402
61.17,62.21,60.47,5447,61.35,2025-03-12T16:00:00Z,853894,61.435139
61.02,61.09,61.02,2,61.09,2025-03-12T20:00:00Z,600,61.066667
58.2,60.82,58.05,5991,60.42,2025-03-13T12:00:00Z,674772,59.449148
57.775,59.145,57.04,5353,58.25,2025-03-13T16:00:00Z,593690,57.907523
57.78,57.78,57.78,1,57.78,2025-03-13T20:00:00Z,400,57.78
61.65,61.86,59.53,5531,60.17,2025-03-14T12:00:00Z,860859,60.614831
61.91,62.23,60.98,3425,61.65,2025-03-14T16:00:00Z,432368,61.632577
61.54,61.79,61.48,31,61.79,2025-03-14T20:00:00Z,4746,61.612816
61.65,63.235,61.18,3766,61.51,2025-03-17T12:00:00Z,424811,62.216343
63.07,64.27,61.425,3350,61.5,2025-03-17T16:00:00Z,556199,63.125181
59.54,62.5,59.01,4944,62.5,2025-03-18T12:00:00Z,860421,59.973505
59.87,60.66,59.45,3026,59.47,2025-03-18T16:00:00Z,376567,59.976101
60.11,60.16,60.03,43,60.03,2025-03-18T20:00:00Z,4952,60.108179
61.85,62.03,59.95,2568,60.68,2025-03-19T12:00:00Z,336923,60.847698
62.18,63.9,60.64,4536,61.9,2025-03-19T16:00:00Z,642324,62.323185
62.52,63.63,60.43,4183,61.15,2025-03-20T12:00:00Z,418300,62.564365
61.575,63.0,60.8,3632,62.495,2025-03-20T16:00:00Z,426209,61.552461
61.7,61.71,61.59,10,61.62,2025-03-20T20:00:00Z,3050,61.675
60.04,61.0,59.09,3119,61.0,2025-03-21T12:00:00Z,358259,60.024809
62.25,62.41,59.74,2754,59.98,2025-03-21T16:00:00Z,441158,61.299853
62.27,62.41,62.13,38,62.13,2025-03-21T20:00:00Z,8194,62.274413
65.985,66.12,64.825,2632,65.08,2025-03-24T12:00:00Z,350915,65.639428
66.155,66.49,65.56,2326,65.99,2025-03-24T16:00:00Z,436313,65.982939
66.12,66.23,66.08,26,66.1,2025-03-24T20:00:00Z,13999,66.140542
66.84,67.37,66.1,2663,66.54,2025-03-25T12:00:00Z,384383,66.823071
67.29,67.33,66.47,1700,66.87,2025-03-25T16:00:00Z,359881,66.884183
67.63,67.63,67.32,22,67.32,2025-03-25T20:00:00Z,7844,67.484081
64.22,67.04,64.0,3917,67.0,2025-03-26T12:00:00Z,524270,65.438656
63.4,64.47,62.77,3840,64.2,2025-03-26T16:00:00Z,565936,63.425295
63.23,63.43,63.23,13,63.38,2025-03-26T20:00:00Z,3851,63.362368
62.79,64.18,61.75,3652,62.98,2025-03-27T12:00:00Z,432366,63.029805
62.28,63.79,62.11,4130,62.775,2025-03-27T16:00:00Z,630582,62.892218
62.47,62.47,62.29,22,62.34,2025-03-27T20:00:00Z,5220,62.392631
58.09,61.92,58.09,5436,61.87,2025-03-28T12:00:00Z,631277,59.538152
57.34,58.45,56.98,4785,58.1,2025-03-28T16:00:00Z,822114,57.474829
56.56,57.28,56.55,76,57.28,2025-03-28T20:00:00Z,18006,56.937348
55.19,55.58,53.055,6219,54.73,2025-03-31T12:00:00Z,711312,54.329926
57.28,57.625,54.8,3914,55.23,2025-03-31T16:00:00Z,562718,56.407808
57.0,57.1,56.86,37,57.1,2025-03-31T20:00:00Z,8891,56.988409
58.53,58.66,55.62,5187,56.42,2025-04-01T12:00:00Z,655763,57.225773
58.63,58.99,56.72,3390,58.485,2025-04-01T16:00:00Z,624456,57.945124
58.54,58.67,58.38,16,58.64,2025-04-01T20:00:00Z,3881,58.579986
59.23,59.605,56.09,4987,57.05,2025-04-02T12:00:00Z,634116,58.445522
59.95,61.19,58.65,5316,59.15,2025-04-02T16:00:00Z,986523,59.880084
54.57,56.76,54.57,177,56.76,2025-04-02T20:00:00Z,2490,55.1175
52.16,53.81,50.62,6684,53.04,2025-04-03T12:00:00Z,1073715,52.032339
50.27,53.03,50.115,4458,52.11,2025-04-03T16:00:00Z,1095772,51.513569
49.97,50.41,49.85,54,50.41,2025-04-03T20:00:00Z,5937,50.013051
43.79,46.89,42.05,9055,45.35,2025-04-04T12:00:00Z,1551250,44.767283
41.09,44.6,41.035,6644,43.86,2025-04-04T16:00:00Z,1081274,42.486459
40.79,40.79,40.79,1,40.79,2025-04-04T20:00:00Z,100,40.79
40.02,46.83,35.0,14739,37.59,2025-04-07T12:00:00Z,2446184,40.014999
41.16,43.03,38.81,11038,39.98,2025-04-07T16:00:00Z,1583819,40.966861
42.06,42.51,42.06,2,42.51,2025-04-07T20:00:00Z,200,42.285
44.69,46.8,43.83,7585,44.4,2025-04-08T12:00:00Z,1050230,45.481784
38.96,44.81,37.155,9808,44.58,2025-04-08T16:00:00Z,1426554,40.733926
39.5,41.3,36.8,7894,36.8,2025-04-09T12:00:00Z,1049546,39.965225
52.62,53.4,39.25,16169,39.49,2025-04-09T16:00:00Z,1846947,48.159738
53.23,53.23,52.67,4,52.67,2025-04-09T20:00:00Z,2600,52.973846
44.505,49.47,44.365,7827,49.47,2025-04-10T12:00:00Z,1067336,47.131813
46.16,47.7,41.58,9697,44.49,2025-04-10T16:00:00Z,1564266,44.730993
46.05,46.11,46.05,4,46.11,2025-04-10T20:00:00Z,320,46.09
46.79,47.41,44.63,4109,47.28,2025-04-11T12:00:00Z,580764,45.951748
48.59,49.05,46.52,6046,46.81,2025-04-11T16:00:00Z,1101920,48.236643
48.52,48.52,48.5,3,48.5,2025-04-11T20:00:00Z,300,48.51
48.76,52.02,48.57,4306,51.04,2025-04-14T12:00:00Z,519975,50.522927
49.53,50.81,48.08,4187,48.68,2025-04-14T16:00:00Z,474227,49.415886
50.44,51.2,48.86,4257,49.35,2025-04-15T12:00:00Z,551926,50.392632
49.785,50.78,49.2,2739,50.465,2025-04-15T16:00:00Z,453499,49.901517
49.59,49.9,49.54,8,49.74,2025-04-15T20:00:00Z,2200,49.72
46.84,48.0,46.27,4797,47.61,2025-04-16T12:00:00Z,534487,47.126305
45.32,47.08,43.16,8481,46.86,2025-04-16T16:00:00Z,1225665,44.80627
45.2,45.53,45.2,7,45.53,2025-04-16T20:00:00Z,980,45.312222
44.96,46.52,44.35,4178,46.49,2025-04-17T12:00:00Z,419512,45.166924
45.16,46.25,44.77,4371,45.0,2025-04-17T16:00:00Z,490165,45.459069
45.32,45.5,45.32,10,45.43,2025-04-17T20:00:00Z,3320,45.393636
40.91,43.6,40.89,3350,43.17,2025-04-21T12:00:00Z,392983,42.058929
41.93,42.055,40.24,4500,40.96,2025-04-21T16:00:00Z,746284,40.967529
41.8,41.86,41.7,18,41.79,2025-04-21T20:00:00Z,5260,41.776121
45.04,45.13,42.75,4678,42.83,2025-04-22T12:00:00Z,711049,44.401533
45.05,45.98,43.89,3293,45.08,2025-04-22T16:00:00Z,528668,44.966168
45.0,45.0,44.93,2,44.93,2025-04-22T20:00:00Z,600,44.941667
48.705,50.79,48.13,5141,48.7,2025-04-23T12:00:00Z,650565,49.784857
48.15,49.355,47.63,2902,48.74,2025-04-23T16:00:00Z,403291,48.606185
50.9,51.32,48.28,5045,48.28,2025-04-24T12:00:00Z,701459,50.520551
52.16,52.275,50.78,3300,50.995,2025-04-24T16:00:00Z,535890,51.676094
52.57,52.71,52.5,25,52.56,2025-04-24T20:00:00Z,2484,52.620283
52.53,52.85,51.48,2640,51.51,2025-04-25T12:00:00Z,376901,52.226039
53.88,54.06,52.47,3293,52.56,2025-04-25T16:00:00Z,665963,53.425365
54.07,54.08,53.92,27,53.99,2025-04-25T20:00:00Z,3286,54.009279
52.36,54.635,52.09,3966,53.75,2025-04-28T12:00:00Z,540057,53.382218
53.84,54.26,51.65,2461,52.34,2025-04-28T16:00:00Z,403331,52.815397
53.44,53.64,53.44,16,53.64,2025-04-28T20:00:00Z,3213,53.507869
53.96,54.55,52.72,3214,53.58,2025-04-29T12:00:00Z,401575,53.753775
54.84,55.17,53.4,2619,53.99,2025-04-29T16:00:00Z,469542,54.583252
54.27,54.98,54.27,26,54.87,2025-04-29T20:00:00Z,9544,54.717087
53.04,53.88,50.33,4813,53.79,2025-04-30T12:00:00Z,666349,51.934848
54.91,55.39,52.27,3940,53.14,2025-04-30T16:00:00Z,593330,53.679655
55.9,56.03,55.32,13,55.52,2025-04-30T20:00:00Z,3542,55.585189
57.495,58.875,56.71,4018,57.87,2025-05-01T12:00:00Z,613176,57.932324
56.79,58.22,56.665,3071,57.51,2025-05-01T16:00:00Z,507840,57.666468
56.11,56.75,55.99,41,56.75,2025-05-01T20:00:00Z,10366,56.192962
59.51,59.58,57.19,4139,57.19,2025-05-02T12:00:00Z,503325,58.922779
59.435,60.18,59.16,3645,59.535,2025-05-02T16:00:00Z,528667,59.741846
59.42,59.68,59.41,14,59.58,2025-05-02T20:00:00Z,3044,59.547945
58.71,58.9,57.57,3273,57.65,2025-05-05T12:00:00Z,363641,58.348391
58.38,59.5,58.23,2215,58.73,2025-05-05T16:00:00Z,330947,58.952671
58.12,58.38,58.03,20,58.37,2025-05-05T20:00:00Z,9056,58.163516
56.91,57.39,55.585,3647,56.56,2025-05-06T12:00:00Z,447401,56.619581
56.72,58.01,56.41,3669,56.95,2025-05-06T16:00:00Z,385536,57.113282
56.94,56.94,56.6,7,56.6,2025-05-06T20:00:00Z,820,56.85
56.515,57.78,56.02,3354,57.78,2025-05-07T12:00:00Z,380756,56.901905
57.41,58.25,55.1,4582,56.48,2025-05-07T16:00:00Z,640279,56.590106
57.36,57.55,57.36,13,57.52,2025-05-07T20:00:00Z,1760,57.510301
60.13,60.51,57.67,5420,59.67,2025-05-08T12:00:00Z,614793,58.904476
59.07,60.69,59.045,2742,60.145,2025-05-08T16:00:00Z,384470,60.080205
59.21,59.3,59.04,16,59.08,2025-05-08T20:00:00Z,2568,59.180872
59.3,60.26,58.345,2836,59.82,2025-05-09T12:00:00Z,465952,59.260363
58.96,59.41,58.38,1774,59.32,2025-05-09T16:00:00Z,366711,58.93779
59.04,59.04,58.89,12,59.03,2025-05-09T20:00:00Z,2793,58.969338
64.51,66.19,63.89,4211,65.95,2025-05-12T12:00:00Z,488763,64.814468
66.12,66.155,64.46,2688,64.52,2025-05-12T16:00:00Z,637004,65.628975
66.21,66.53,66.02,39,66.28,2025-05-12T20:00:00Z,7819,66.162069
69.26,69.44,66.04,4796,66.07,2025-05-13T12:00:00Z,657097,68.361184
69.145,69.85,69.0,3354,69.275,2025-05-13T16:00:00Z,552873,69.499209
69.04,69.1,68.93,32,69.0,2025-05-13T20:00:00Z,4194,69.019445
70.2,70.49,69.22,3638,69.93,2025-05-14T12:00:00Z,641942,69.984931
70.315,70.6,69.27,2214,70.19,2025-05-14T16:00:00Z,298944,70.074928
70.43,70.46,70.39,7,70.44,2025-05-14T20:00:00Z,1650,70.42625
70.66,70.86,68.93,3309,69.25,2025-05-15T12:00:00Z,461054,69.724627
70.575,71.67,69.5,3051,70.75,2025-05-15T16:00:00Z,516247,70.622459
70.41,70.81,70.41,41,70.46,2025-05-15T20:00:00Z,7257,70.570003
70.57,71.41,69.68,2637,71.17,2025-05-16T12:00:00Z,433620,70.593145
71.49,71.52,70.5,1610,70.52,2025-05-16T16:00:00Z,272950,71.113165
71.17,71.49,71.17,33,71.43,2025-05-16T20:00:00Z,4864,71.402292
70.725,71.16,68.13,1875,68.58,2025-05-19T12:00:00Z,269804,70.120325
71.69,71.85,70.72,1275,70.76,2025-05-19T16:00:00Z,208433,71.263729
71.54,71.54,71.26,20,71.37,2025-05-19T20:00:00Z,2790,71.377144
70.795,71.15,70.0,1606,71.08,2025-05-20T12:00:00Z,183506,70.558019
70.875,71.16,69.42,1970,70.79,2025-05-20T16:00:00Z,372733,70.307605
70.51,70.77,70.51,21,70.76,2025-05-20T20:00:00Z,4013,70.65576
71.56,71.74,69.2,2687,69.6,2025-05-21T12:00:00Z,283745,70.591105
67.92,71.985,67.225,3387,71.6,2025-05-21T16:00:00Z,694851,69.087196
67.91,67.91,67.81,10,67.83,2025-05-21T20:00:00Z,1650,67.846556
68.99,69.66,67.09,2859,67.57,2025-05-22T12:00:00Z,410145,68.622331
68.2,69.75,68.12,2280,69.17,2025-05-22T16:00:00Z,408572,69.127325
68.52,68.52,68.3,5,68.36,2025-05-22T20:00:00Z,1020,68.434
65.92,66.61,64.55,3430,64.55,2025-05-23T12:00:00Z,537882,65.7998
66.305,67.32,65.78,2363,65.94,2025-05-23T16:00:00Z,361279,66.694079
65.9,66.12,65.9,13,66.05,2025-05-23T20:00:00Z,1850,66.013007
70.29,70.36,68.4,1589,69.34,2025-05-27T12:00:00Z,252076,69.577392
70.93,71.12,70.34,1275,70.34,2025-05-27T16:00:00Z,324085,70.733078
71.04,71.04,70.91,21,70.97,2025-05-27T20:00:00Z,3162,70.970739
70.67,71.93,70.59,1722,71.31,2025-05-28T12:00:00Z,205494,71.076579
70.02,71.4,69.785,1608,70.725,2025-05-28T16:00:00Z,257622,70.760933
71.35,71.35,69.75,27,70.01,2025-05-28T20:00:00Z,5360,70.248782
69.75,73.17,69.59,4443,72.95,2025-05-29T12:00:00Z,420549,71.225124
70.39,71.08,69.38,2240,69.77,2025-05-29T16:00:00Z,382324,70.234246
70.1,70.1,70.05,2,70.05,2025-05-29T20:00:00Z,423,70.085461
69.64,70.46,68.68,2035,70.2,2025-05-30T12:00:00Z,228420,69.633533
69.96,70.6,67.09,2794,69.48,2025-05-30T16:00:00Z,425612,69.029235
69.95,70.29,69.85,18,70.29,2025-05-30T20:00:00Z,4682,69.911228
70.66,70.83,68.72,2818,68.92,2025-06-02T12:00:00Z,360786,69.956674
71.66,71.72,70.34,1627,70.66,2025-06-02T16:00:00Z,319435,71.124685
71.85,71.96,71.65,24,71.66,2025-06-02T20:00:00Z,3690,71.817634
73.13,73.15,71.37,1978,71.57,2025-06-03T12:00:00Z,309071,72.489366
73.3,73.865,72.665,1529,73.12,2025-06-03T16:00:00Z,348952,73.344529
73.27,73.27,72.96,15,73.12,2025-06-03T20:00:00Z,2720,73.093051
73.855,74.25,72.72,2311,73.85,2025-06-04T12:00:00Z,335978,73.71025
73.925,74.32,73.36,1346,73.86,2025-06-04T16:00:00Z,314138,74.018598
73.9,73.93,73.83,11,73.83,2025-06-04T20:00:00Z,1672,73.878961
75.54,75.64,73.28,2788,74.01,2025-06-05T12:00:00Z,354341,74.308674
72.2,75.55,71.31,3554,75.53,2025-06-05T16:00:00Z,522248,73.013638
71.55,72.12,71.55,13,71.67,2025-06-05T20:00:00Z,1556,71.812528
74.435,74.97,72.96,2927,73.07,2025-06-06T12:00:00Z,295686,74.437503
74.19,75.01,73.56,1613,74.44,2025-06-06T16:00:00Z,235306,74.432181
74.4,74.43,74.18,9,74.2,2025-06-06T20:00:00Z,1623,74.256623
74.73,75.225,73.86,2258,74.49,2025-06-09T12:00:00Z,304378,74.660976
74.51,75.19,74.5,1713,74.72,2025-06-09T16:00:00Z,318713,74.860578
74.51,74.51,74.34,14,74.5,2025-06-09T20:00:00Z,3112,74.469262
75.09,75.3,73.77,2127,74.95,2025-06-10T12:00:00Z,288001,74.900817
76.03,76.28,74.58,1753,75.1,2025-06-10T16:00:00Z,273526,75.583765
75.92,76.04,75.84,19,75.84,2025-06-10T20:00:00Z,3084,75.927938
76.39,77.32,75.57,3601,76.0,2025-06-11T12:00:00Z,441318,76.526004
75.22,76.56,74.22,5200,76.36,2025-06-11T16:00:00Z,629518,75.346984
75.18,75.19,75.16,4,75.16,2025-06-11T20:00:00Z,560,75.169346
75.56,76.1,74.5,2478,74.57,2025-06-12T12:00:00Z,260452,75.379594
75.69,76.03,75.27,2645,75.54,2025-06-12T16:00:00Z,298419,75.661372
75.43,75.7,75.43,23,75.7,2025-06-12T20:00:00Z,2457,75.541021
74.68,74.76,72.45,4465,73.0,2025-06-13T12:00:00Z,461071,73.648234
72.77,74.86,72.28,5946,74.68,2025-06-13T16:00:00Z,722233,73.29864
72.97,72.97,72.97,2,72.97,2025-06-13T20:00:00Z,557,72.97
75.79,76.23,74.23,2691,74.4,2025-06-16T12:00:00Z,325154,75.493956
75.8,76.11,75.41,1751,75.825,2025-06-16T16:00:00Z,246972,75.708153
75.82,75.82,75.82,2,75.82,2025-06-16T20:00:00Z,403,75.82
75.02,75.37,74.3,1593,74.86,2025-06-17T12:00:00Z,170746,74.907921
73.51,75.33,73.19,2504,75.14,2025-06-17T16:00:00Z,357590,74.189051
73.54,73.54,73.35,9,73.46,2025-06-17T20:00:00Z,1821,73.417582
74.36,74.95,73.28,2415,74.0,2025-06-18T12:00:00Z,225832,74.332748
73.475,74.76,72.86,3665,74.34,2025-06-18T16:00:00Z,388488,73.944337
73.6,73.62,73.58,10,73.58,2025-06-18T20:00:00Z,1100,73.606667
72.52,75.31,71.8,4668,73.95,2025-06-20T12:00:00Z,514025,73.36838
72.53,73.15,71.72,3572,72.53,2025-06-20T16:00:00Z,389172,72.479412
72.8,73.12,72.45,34,72.45,2025-06-20T20:00:00Z,6610,72.75541
73.42,74.16,71.64,2324,72.33,2025-06-23T12:00:00Z,275554,73.435687
74.725,74.91,71.43,3018,73.42,2025-06-23T16:00:00Z,402294,73.815359
74.81,74.81,74.57,12,74.59,2025-06-23T20:00:00Z,1741,74.665318
77.67,77.91,76.66,1882,77.08,2025-06-24T12:00:00Z,224526,77.314233
78.19,78.5,77.64,1182,77.64,2025-06-24T16:00:00Z,232526,78.149128
78.11,78.11,78.0,21,78.08,2025-06-24T20:00:00Z,4822,78.071355
78.405,79.42,78.16,1353,78.8,2025-06-25T12:00:00Z,159608,78.784279
78.445,78.5,77.8,941,78.41,2025-06-25T16:00:00Z,223580,78.236994
78.61,78.61,78.49,7,78.49,2025-06-25T20:00:00Z,941,78.555
79.98,80.06,78.64,1955,79.66,2025-06-26T12:00:00Z,301493,79.407136
80.605,80.85,79.88,1038,80.01,2025-06-26T16:00:00Z,206641,80.499869
80.62,80.66,80.37,21,80.55,2025-06-26T20:00:00Z,3199,80.525
82.15,82.23,80.845,1683,81.85,2025-06-27T12:00:00Z,217726,81.768462
81.405,82.11,79.86,1919,82.08,2025-06-27T16:00:00Z,368358,80.960596
81.42,81.42,81.3,25,81.41,2025-06-27T20:00:00Z,3796,81.341463
82.48,83.06,81.98,1469,83.05,2025-06-30T12:00:00Z,189332,82.370391
83.01,83.47,81.85,1510,82.505,2025-06-30T16:00:00Z,258721,82.710644
82.9,82.9,82.81,7,82.85,2025-06-30T20:00:00Z,2680,82.838806
80.53,82.51,79.81,2303,82.32,2025-07-01T12:00:00Z,309765,81.270321
80.855,81.59,80.26,1615,80.615,2025-07-01T16:00:00Z,289449,81.037719
80.82,80.87,80.69,19,80.87,2025-07-01T20:00:00Z,3896,80.764285
82.215,82.495,79.76,2024,80.41,2025-07-02T12:00:00Z,260797,81.50628
82.515,82.57,82.13,1029,82.28,2025-07-02T16:00:00Z,157880,82.349572
82.59,82.59,82.37,11,82.45,2025-07-02T20:00:00Z,1647,82.407553
85.08,85.27,82.65,1653,82.76,2025-07-03T12:00:00Z,212753,84.324099
84.67,85.2,84.525,324,85.16,2025-07-03T16:00:00Z,52234,84.907994
83.5,84.21,82.94,1450,83.96,2025-07-07T12:00:00Z,195421,83.481058
82.905,83.765,81.81,1756,83.45,2025-07-07T16:00:00Z,254197,82.773071
82.31,82.7,82.31,17,82.66,2025-07-07T20:00:00Z,3678,82.557744
83.18,83.68,82.49,1439,83.44,2025-07-08T12:00:00Z,180889,83.084031
83.04,83.77,82.8,1177,83.2,2025-07-08T16:00:00Z,197415,83.197194
83.13,83.13,83.0,9,83.0,2025-07-08T20:00:00Z,2218,83.023488
83.74,85.37,83.42,2411,83.48,2025-07-09T12:00:00Z,315625,84.472742
84.76,84.81,83.6,1446,83.78,2025-07-09T16:00:00Z,303897,84.193812
84.63,84.75,84.59,12,84.72,2025-07-09T20:00:00Z,2359,84.677956
84.43,85.21,83.16,2093,84.95,2025-07-10T12:00:00Z,285690,83.966442
84.345,84.75,83.84,1105,84.43,2025-07-10T16:00:00Z,215429,84.404688
84.27,84.32,84.27,3,84.32,2025-07-10T20:00:00Z,500,84.29
83.985,84.31,82.75,1749,83.33,2025-07-11T12:00:00Z,300943,83.700024
83.73,84.425,83.45,1331,83.97,2025-07-11T16:00:00Z,242876,84.039858
83.55,83.68,83.55,5,83.61,2025-07-11T20:00:00Z,2166,83.617867
84.32,84.47,82.565,1968,82.96,2025-07-14T12:00:00Z,284798,83.687826
84.605,84.93,84.23,920,84.23,2025-07-14T16:00:00Z,160959,84.649878
84.53,84.53,84.51,3,84.51,2025-07-14T20:00:00Z,842,84.521425
86.0,86.655,85.33,1666,86.07,2025-07-15T12:00:00Z,206496,86.035885
84.83,86.19,84.8,1259,85.96,2025-07-15T16:00:00Z,200374,85.529859
84.43,84.8,84.4,14,84.79,2025-07-15T20:00:00Z,3441,84.60775
84.09,85.225,82.47,2445,84.4,2025-07-16T12:00:00Z,284596,83.98827
85.085,85.335,83.8,940,84.13,2025-07-16T16:00:00Z,197794,84.891883
84.9,84.96,84.9,3,84.96,2025-07-16T20:00:00Z,517,84.9469
86.97,87.01,85.0,1716,85.3,2025-07-17T12:00:00Z,232203,86.095854
87.01,87.31,86.86,855,86.99,2025-07-17T16:00:00Z,151567,87.092309
86.91,86.91,86.91,5,86.91,2025-07-17T20:00:00Z,496,86.91
87.01,87.73,86.35,1745,87.27,2025-07-18T12:00:00Z,245653,87.092617
86.745,87.01,86.19,1694,87.0,2025-07-18T16:00:00Z,283943,86.58091
86.74,86.78,86.71,9,86.74,2025-07-18T20:00:00Z,4228,86.729087
88.55,88.96,86.82,1259,87.35,2025-07-21T12:00:00Z,175845,88.348958
88.005,88.95,87.935,1121,88.545,2025-07-21T16:00:00Z,174312,88.465066
88.11,88.16,88.11,2,88.16,2025-07-21T20:00:00Z,1000,88.115
86.53,88.155,85.47,2045,87.99,2025-07-22T12:00:00Z,282057,86.582979
86.685,87.09,86.06,924,86.54,2025-07-22T16:00:00Z,123184,86.699221
86.42,86.58,86.36,9,86.53,2025-07-22T20:00:00Z,2030,86.499253
87.13,87.52,85.9,1748,87.16,2025-07-23T12:00:00Z,243827,86.491693
87.795,87.835,86.44,1844,87.01,2025-07-23T16:00:00Z,261825,87.302576
88.69,88.74,88.3,24,88.5,2025-07-23T20:00:00Z,4551,88.562953
88.65,88.75,87.61,1544,88.57,2025-07-24T12:00:00Z,172954,88.334689
88.415,88.96,88.09,1198,88.42,2025-07-24T16:00:00Z,186645,88.682128
88.62,88.69,88.32,10,88.39,2025-07-24T20:00:00Z,4400,88.488385
88.96,89.015,87.99,1274,88.42,2025-07-25T12:00:00Z,159813,88.634214
88.99,89.57,88.8,1226,88.97,2025-07-25T16:00:00Z,185333,89.215076
89.18,89.18,88.94,12,88.94,2025-07-25T20:00:00Z,809,89.085634
89.815,90.18,89.18,1781,89.88,2025-07-28T12:00:00Z,239164,89.849917
89.815,89.96,89.25,1474,89.82,2025-07-28T16:00:00Z,282375,89.585495
89.94,89.94,89.83,3,89.83,2025-07-28T20:00:00Z,2000,89.8865
89.92,91.62,89.18,2034,91.07,2025-07-29T12:00:00Z,279052,90.394608
89.355,90.13,89.0,1493,89.91,2025-07-29T16:00:00Z,248168,89.603054
89.26,89.35,89.26,6,89.35,2025-07-29T20:00:00Z,625,89.302103
90.19,90.33,89.31,1286,89.92,2025-07-30T12:00:00Z,186210,89.87862
89.705,90.86,88.28,2321,90.19,2025-07-30T16:00:00Z,358054,89.684008
91.71,91.86,90.71,131,90.71,2025-07-30T20:00:00Z,12785,91.486886
90.85,93.41,89.76,1915,93.0,2025-07-31T12:00:00Z,229651,91.416192
88.41,91.185,87.66,1990,90.86,2025-07-31T16:00:00Z,293618,89.201048
88.03,88.91,87.52,25,88.91,2025-07-31T20:00:00Z,3352,88.457036
84.33,86.09,81.99,2883,85.79,2025-08-01T12:00:00Z,394091,83.707428
82.94,84.75,81.89,1872,84.39,2025-08-01T16:00:00Z,312612,82.978015
82.91,83.01,82.81,5,82.81,2025-08-01T20:00:00Z,1299,82.937202
87.0,87.07,84.62,1444,84.62,2025-08-04T12:00:00Z,188831,86.333663
87.495,87.55,86.855,1050,87.05,2025-08-04T16:00:00Z,176207,87.20089
88.0,88.06,87.44,21,87.54,2025-08-04T20:00:00Z,6187,87.692667
85.9,88.65,85.48,2479,88.47,2025-08-05T12:00:00Z,370377,87.161408
85.63,86.95,85.46,1665,85.985,2025-08-05T16:00:00Z,253693,86.116691
85.26,85.87,85.18,15,85.65,2025-08-05T20:00:00Z,3743,85.375313
88.205,88.3,85.76,1716,86.14,2025-08-06T12:00:00Z,225476,86.939095
88.84,89.06,87.97,1268,88.235,2025-08-06T16:00:00Z,239154,88.605783
88.68,88.83,88.58,5,88.83,2025-08-06T20:00:00Z,1325,88.776792
89.82,91.665,89.5,2386,90.66,2025-08-07T12:00:00Z,315254,90.674347
89.74,89.87,87.85,2217,89.74,2025-08-07T16:00:00Z,314025,88.947074
89.83,90.05,89.74,34,89.9,2025-08-07T20:00:00Z,3300,89.923448
91.775,92.01,89.98,1865,90.62,2025-08-08T12:00:00Z,212654,91.294356
92.2,92.26,91.555,1169,91.78,2025-08-08T16:00:00Z,149167,91.984743
92.6,92.64,92.39,28,92.39,2025-08-08T20:00:00Z,5497,92.519404
92.75,92.81,91.83,1053,92.46,2025-08-11T12:00:00Z,139528,92.416784
91.33,93.23,90.73,1018,92.82,2025-08-11T16:00:00Z,152471,92.10239
91.16,91.37,91.04,20,91.31,2025-08-11T20:00:00Z,5703,91.156036
93.95,93.96,91.17,1773,91.36,2025-08-12T12:00:00Z,200418,92.523392
94.725,94.875,93.71,1104,93.89,2025-08-12T16:00:00Z,156446,94.497242
94.72,94.72,94.7,5,94.7,2025-08-12T20:00:00Z,1732,94.70118
94.61,96.32,94.24,1644,95.5,2025-08-13T12:00:00Z,206998,95.200498
94.89,94.99,94.19,1336,94.58,2025-08-13T16:00:00Z,190956,94.658188
94.61,94.92,94.61,4,94.92,2025-08-13T20:00:00Z,2224,94.751835
94.78,95.57,93.14,2054,95.02,2025-08-14T12:00:00Z,238470,94.587445
94.72,95.25,93.96,1890,94.71,2025-08-14T16:00:00Z,261859,94.699942
94.13,94.51,94.08,37,94.46,2025-08-14T20:00:00Z,7471,94.255872
93.03,94.61,92.5,1792,94.54,2025-08-15T12:00:00Z,197470,93.508121
93.2,93.66,92.76,1349,93.07,2025-08-15T16:00:00Z,142415,93.275422
93.02,93.02,93.01,2,93.01,2025-08-15T20:00:00Z,480,93.01375
92.565,93.4,92.26,1026,92.61,2025-08-18T12:00:00Z,201036,92.785315
93.115,93.355,92.3,1166,92.59,2025-08-18T16:00:00Z,199876,92.884568
93.19,93.19,93.1,9,93.11,2025-08-18T20:00:00Z,4287,93.126324
90.34,92.9,89.885,1924,92.71,2025-08-19T12:00:00Z,262020,91.22354
89.33,90.56,88.83,1626,90.43,2025-08-19T16:00:00Z,214242,89.444157
89.37,89.49,89.3,17,89.36,2025-08-19T20:00:00Z,3922,89.399201
85.93,88.94,84.4,3677,88.81,2025-08-20T12:00:00Z,488245,85.946691
87.66,88.15,85.93,2773,85.95,2025-08-20T16:00:00Z,354252,87.068366
87.54,87.61,87.54,7,87.6,2025-08-20T20:00:00Z,2002,87.596
86.325,87.93,85.8,1920,87.1,2025-08-21T12:00:00Z,255761,86.964362
86.5,86.88,85.41,1632,86.3,2025-08-21T16:00:00Z,228019,86.325986
86.39,86.39,86.39,2,86.39,2025-08-21T20:00:00Z,800,86.39
90.43,91.305,86.4,2267,86.94,2025-08-22T12:00:00Z,337029,89.784616
90.495,91.04,89.77,1554,90.45,2025-08-22T16:00:00Z,207469,90.495337
90.55,90.56,90.23,13,90.4,2025-08-22T20:00:00Z,3254,90.413871
90.8,90.94,89.05,1571,89.51,2025-08-25T12:00:00Z,202775,90.025553
89.59,90.92,89.59,1178,90.85,2025-08-25T16:00:00Z,214604,90.381901
89.65,89.65,89.5,6,89.5,2025-08-25T20:00:00Z,1023,89.595
89.79,90.22,88.86,1728,89.31,2025-08-26T12:00:00Z,290100,89.758381
90.64,90.75,89.43,1625,89.88,2025-08-26T16:00:00Z,311451,90.173512
90.84,90.88,90.62,8,90.68,2025-08-26T20:00:00Z,3195,90.826501
91.1,91.13,89.54,1347,90.89,2025-08-27T12:00:00Z,211175,90.514977
91.08,91.44,90.14,1488,91.02,2025-08-27T16:00:00Z,271089,90.89343
89.51,91.05,89.14,20,91.05,2025-08-27T20:00:00Z,3450,90.008975
91.81,92.55,90.53,1998,90.99,2025-08-28T12:00:00Z,272112,91.669794
92.68,93.11,91.82,1325,91.82,2025-08-28T16:00:00Z,182553,92.750036
92.65,92.65,92.65,4,92.65,2025-08-28T20:00:00Z,645,92.65
88.84,91.56,88.68,2588,91.15,2025-08-29T12:00:00Z,329476,89.734308
89.285,89.57,88.49,2392,88.94,2025-08-29T16:00:00Z,363768,89.102456
89.11,89.46,89.08,10,89.46,2025-08-29T20:00:00Z,4374,89.132791
84.49,87.12,84.26,3013,86.15,2025-09-02T12:00:00Z,399149,85.685333
87.1,87.21,84.38,2700,84.64,2025-09-02T16:00:00Z,430112,86.037192
88.1,88.19,87.07,91,87.07,2025-09-02T20:00:00Z,16660,87.899542
88.675,89.87,88.15,1587,88.8,2025-09-03T12:00:00Z,228816,88.820638
89.05,89.19,87.6,1983,88.66,2025-09-03T16:00:00Z,299990,88.462968
89.11,89.24,89.01,31,89.22,2025-09-03T20:00:00Z,7223,89.099156
90.12,90.24,88.685,1413,89.62,2025-09-04T12:00:00Z,191596,89.592373
91.515,91.66,89.81,1351,90.065,2025-09-04T16:00:00Z,240852,90.853323
91.83,91.83,91.52,8,91.52,2025-09-04T20:00:00Z,1451,91.6747
90.91,94.235,89.71,2461,92.82,2025-09-05T12:00:00Z,344733,91.886012
91.79,91.83,90.655,1738,91.04,2025-09-05T16:00:00Z,290867,91.36518
91.59,91.67,91.59,2,91.67,2025-09-05T20:00:00Z,600,91.63
93.92,94.09,92.49,1663,92.57,2025-09-08T12:00:00Z,242441,93.675867
93.105,93.895,92.64,1285,93.89,2025-09-08T16:00:00Z,216338,93.082104
92.965,93.75,92.26,1806,93.65,2025-09-09T12:00:00Z,445306,92.969385
93.89,94.1,92.89,1572,92.92,2025-09-09T16:00:00Z,270971,93.622654
94.32,94.44,93.75,57,93.8,2025-09-09T20:00:00Z,9417,94.118671
94.935,95.9,94.35,2040,94.8,2025-09-10T12:00:00Z,274216,94.933627
94.015,94.86,92.95,1274,94.86,2025-09-10T16:00:00Z,213028,94.008349
93.97,94.03,93.97,5,94.03,2025-09-10T20:00:00Z,300,94.000732
95.75,95.97,94.09,1492,94.85,2025-09-11T12:00:00Z,194136,95.28097
95.54,95.945,95.4,1349,95.78,2025-09-11T16:00:00Z,200078,95.787247
95.56,95.67,95.53,8,95.55,2025-09-11T20:00:00Z,2605,95.562308
96.61,96.835,95.535,1659,95.98,2025-09-12T12:00:00Z,265190,96.259311
96.81,97.355,96.35,1521,96.57,2025-09-12T16:00:00Z,327031,96.874555
96.66,96.66,96.66,1,96.66,2025-09-12T20:00:00Z,300,96.66
98.96,98.96,97.23,1275,97.23,2025-09-15T12:00:00Z,172800,98.309048
99.21,99.24,98.45,1447,98.84,2025-09-15T16:00:00Z,218449,98.851193
99.01,99.02,99.01,2,99.02,2025-09-15T20:00:00Z,600,99.015
98.71,99.9,98.65,1142,99.72,2025-09-16T12:00:00Z,151343,99.120733
98.935,99.36,98.63,1076,98.71,2025-09-16T16:00:00Z,150186,99.062285
99.12,99.13,99.03,11,99.09,2025-09-16T20:00:00Z,1891,99.090266
97.56,99.09,97.41,1053,98.64,2025-09-17T12:00:00Z,130328,98.049619
98.31,99.16,95.55,3247,97.45,2025-09-17T16:00:00Z,448333,97.563353
98.58,98.69,98.54,5,98.54,2025-09-17T20:00:00Z,1087,98.598918
101.49,102.36,99.8,2104,101.45,2025-09-18T12:00:00Z,290734,101.268789
101.07,102.135,100.95,1106,101.5,2025-09-18T16:00:00Z,158852,101.557444
100.8,101.02,100.8,5,101.02,2025-09-18T20:00:00Z,1500,100.902
101.91,102.43,101.19,1444,101.48,2025-09-19T12:00:00Z,179539,101.810183
102.985,103.27,101.92,1763,101.92,2025-09-19T16:00:00Z,273375,102.639816
102.98,103.18,102.94,9,102.94,2025-09-19T20:00:00Z,2847,103.047857
103.66,103.96,101.86,1469,102.05,2025-09-22T12:00:00Z,236349,103.347495
104.76,105.06,103.66,1960,103.66,2025-09-22T16:00:00Z,331855,104.605544
104.64,104.7,104.59,9,104.7,2025-09-22T20:00:00Z,3182,104.659677
104.065,104.9,103.89,1457,104.7,2025-09-23T12:00:00Z,213167,104.202786
102.56,104.16,101.985,1992,104.09,2025-09-23T16:00:00Z,291420,103.024322
102.68,102.86,102.54,16,102.78,2025-09-23T20:00:00Z,5440,102.697451
100.64,103.31,100.64,1585,103.27,2025-09-24T12:00:00Z,220447,102.073437
101.36,101.6,99.995,1960,100.65,2025-09-24T16:00:00Z,289790,101.023594
101.49,101.52,101.47,5,101.51,2025-09-24T20:00:00Z,1808,101.503333
100.6,100.87,97.52,2246,99.57,2025-09-25T12:00:00Z,324447,99.24192
100.005,100.81,97.94,2091,100.59,2025-09-25T16:00:00Z,310890,99.740759
100.14,100.15,99.96,12,100.05,2025-09-25T20:00:00Z,2310,100.050031
99.54,101.52,98.79,1905,100.16,2025-09-26T12:00:00Z,280110,100.142568
101.235,101.36,99.36,1843,99.485,2025-09-26T16:00:00Z,328582,100.881332
101.38,101.38,101.24,9,101.24,2025-09-26T20:00:00Z,3096,101.330411
102.65,104.21,102.58,1570,103.02,2025-09-29T12:00:00Z,225270,103.49717
102.615,103.01,101.98,1602,102.83,2025-09-29T16:00:00Z,275535,102.559439
102.5,102.67,102.5,24,102.66,2025-09-29T20:00:00Z,6246,102.603683
102.315,102.86,101.22,1588,102.2,2025-09-30T12:00:00Z,209229,102.019653
103.4,103.56,101.335,1993,102.29,2025-09-30T16:00:00Z,330491,102.437346
102.78,103.18,102.78,9,103.13,2025-09-30T20:00:00Z,2639,103.018077
103.86,103.92,101.31,1794,102.18,2025-10-01T12:00:00Z,253750,102.755497
104.87,105.14,103.82,1960,103.89,2025-10-01T16:00:00Z,324617,104.654545
104.76,104.76,104.66,9,104.72,2025-10-01T20:00:00Z,4080,104.726173
105.755,106.95,104.675,1603,106.76,2025-10-02T12:00:00Z,232138,105.486246
106.15,106.33,105.22,1421,105.65,2025-10-02T16:00:00Z,267802,105.926977
106.15,106.25,106.15,5,106.19,2025-10-02T20:00:00Z,4020,106.206
106.56,106.86,105.44,1366,106.51,2025-10-03T12:00:00Z,196122,106.251082
104.7,106.7,103.805,2161,106.54,2025-10-03T16:00:00Z,328935,105.043614
104.52,104.79,104.46,13,104.71,2025-10-03T20:00:00Z,3470,104.551765
107.34,107.67,106.16,1427,106.95,2025-10-06T12:00:00Z,201778,106.839595
107.005,107.88,106.995,1686,107.34,2025-10-06T16:00:00Z,334424,107.419374
107.02,107.08,106.93,18,106.97,2025-10-06T20:00:00Z,3128,107.018549
105.1,108.12,104.565,1499,107.35,2025-10-07T12:00:00Z,213588,106.558736
105.29,105.85,104.65,1452,105.1,2025-10-07T16:00:00Z,215704,105.249634
105.4,105.51,105.38,23,105.51,2025-10-07T20:00:00Z,4969,105.443801
107.88,107.975,105.41,1125,105.63,2025-10-08T12:00:00Z,181210,107.067192
108.895,109.045,107.67,1317,107.9,2025-10-08T16:00:00Z,288207,108.296535
109.17,109.27,108.78,28,108.82,2025-10-08T20:00:00Z,10872,109.112422
108.05,108.98,107.15,1600,108.76,2025-10-09T12:00:00Z,234404,107.941284
108.465,108.465,106.775,1641,108.1,2025-10-09T16:00:00Z,245303,107.749177
108.26,108.49,108.25,7,108.45,2025-10-09T20:00:00Z,2180,108.390952
102.51,109.64,100.56,3386,108.89,2025-10-10T12:00:00Z,584487,104.7999
96.995,102.76,96.84,2643,102.5,2025-10-10T16:00:00Z,412403,99.79528
97.1,97.55,97.1,71,97.16,2025-10-10T20:00:00Z,8152,97.372499
102.84,103.025,100.9,1695,101.45,2025-10-13T12:00:00Z,230281,102.083521
103.22,103.67,102.59,2057,102.87,2025-10-13T16:00:00Z,313419,103.155417
103.03,103.03,103.01,2,103.01,2025-10-13T20:00:00Z,1300,103.017692
101.74,102.13,97.085,1938,99.89,2025-10-14T12:00:00Z,221374,99.710755
101.36,103.49,100.45,1309,101.73,2025-10-14T16:00:00Z,166164,102.465744
101.13,101.38,100.41,11,101.38,2025-10-14T20:00:00Z,2080,100.8305
103.31,105.5,102.65,1674,103.6,2025-10-15T12:00:00Z,194424,104.392133
103.205,103.98,100.045,3432,103.35,2025-10-15T16:00:00Z,414734,102.578862
103.25,103.51,103.2,29,103.51,2025-10-15T20:00:00Z,3185,103.314663
103.69,106.31,103.485,1217,104.94,2025-10-16T12:00:00Z,146278,105.0995
102.09,104.1,99.805,1553,103.55,2025-10-16T16:00:00Z,180509,101.952438
101.22,101.48,101.16,12,101.16,2025-10-16T20:00:00Z,2800,101.349259
102.23,103.605,100.14,1328,101.48,2025-10-17T12:00:00Z,163727,101.855376
103.92,104.77,102.04,1259,102.33,2025-10-17T16:00:00Z,164658,103.536773
104.49,104.5,104.2,9,104.2,2025-10-17T20:00:00Z,1458,104.47292
108.01,108.4,105.12,1417,105.2,2025-10-20T12:00:00Z,193821,107.267799
107.9,108.505,107.75,916,108.08,2025-10-20T16:00:00Z,131800,108.15672
108.19,108.19,107.89,16,107.89,2025-10-20T20:00:00Z,3646,107.949805
108.15,108.195,106.69,1276,108.01,2025-10-21T12:00:00Z,167594,107.48123
107.77,108.47,107.26,1263,108.125,2025-10-21T16:00:00Z,190507,107.958768
107.35,107.51,107.07,14,107.43,2025-10-21T20:00:00Z,2394,107.280731
105.46,107.71,104.1,1836,107.0,2025-10-22T12:00:00Z,215500,106.05982
104.57,105.41,101.75,2218,105.41,2025-10-22T16:00:00Z,260754,103.684267
104.55,104.63,104.35,7,104.35,2025-10-22T20:00:00Z,1750,104.497143
106.45,106.75,103.33,1705,103.73,2025-10-23T12:00:00Z,177783,105.641861
107.15,107.62,106.39,1827,106.48,2025-10-23T16:00:00Z,214522,107.153844
107.5,107.5,107.28,9,107.47,2025-10-23T20:00:00Z,1830,107.41766
110.72,110.98,108.7,1518,108.81,2025-10-24T12:00:00Z,177323,110.387903
110.515,111.26,110.42,1377,110.79,2025-10-24T16:00:00Z,179126,110.928788
110.59,110.6,110.46,17,110.51,2025-10-24T20:00:00Z,4143,110.555815
115.51,115.715,114.28,1303,114.65,2025-10-27T12:00:00Z,150638,115.082382
116.46,116.68,115.48,1544,115.51,2025-10-27T16:00:00Z,203005,116.020306
117.09,117.09,116.6,197,116.6,2025-10-27T20:00:00Z,5952,116.855428
117.75,118.18,116.92,1649,116.93,2025-10-28T12:00:00Z,190499,117.64234
119.09,120.06,117.76,2257,117.76,2025-10-28T16:00:00Z,318987,119.027943
119.21,119.22,119.02,13,119.02,2025-10-28T20:00:00Z,2817,119.086548
120.22,121.34,120.0,1353,120.76,2025-10-29T12:00:00Z,184223,120.64726
120.25,120.8,117.58,3558,120.145,2025-10-29T16:00:00Z,639524,119.314035
119.54,121.09,119.54,22,120.9,2025-10-29T20:00:00Z,7983,120.608101
116.73,120.25,116.11,1806,120.25,2025-10-30T12:00:00Z,205454,117.48737
115.265,118.2,115.155,2095,116.77,2025-10-30T16:00:00Z,213233,116.614679
118.55,118.55,116.3,26,116.33,2025-10-30T20:00:00Z,4100,116.737692
117.57,120.42,117.5,2829,120.01,2025-10-31T12:00:00Z,296708,118.599053
116.82,118.415,115.38,4080,117.5,2025-10-31T16:00:00Z,455756,116.974967
116.64,116.7,116.43,7,116.7,2025-10-31T20:00:00Z,1230,116.525
118.07,120.37,117.1,1350,119.13,2025-11-03T12:00:00Z,150375,118.515546
118.42,119.06,117.47,1842,118.09,2025-11-03T16:00:00Z,212826,118.372129
118.39,119.09,117.84,674,118.485,2025-11-03T20:00:00Z,65822,118.170134
113.94,115.38,112.3,1902,112.9,2025-11-04T12:00:00Z,216500,114.128727
111.47,114.43,111.11,2131,114.06,2025-11-04T16:00:00Z,255911,112.585828
110.51,111.93,110.41,1104,111.49,2025-11-04T20:00:00Z,85717,111.233465
112.97,113.125,109.94,2601,110.48,2025-11-05T12:00:00Z,274274,111.941059
114.815,114.98,112.18,2860,112.95,2025-11-05T16:00:00Z,363963,113.565243
113.1,114.99,112.87,1597,114.805,2025-11-05T20:00:00Z,168137,114.011454
107.49,114.21,107.34,2447,113.81,2025-11-06T12:00:00Z,272330,110.204932
108.84,109.25,106.15,2607,107.49,2025-11-06T16:00:00Z,304556,107.613445
107.55,108.92,106.47,1141,108.83,2025-11-06T20:00:00Z,108354,107.676914
101.41,105.15,101.41,3304,104.69,2025-11-07T12:00:00Z,382459,103.152343
105.11,105.12,99.97,6045,101.46,2025-11-07T16:00:00Z,732434,101.934738
106.4,106.41,103.96,2130,105.04,2025-11-07T20:00:00Z,239821,104.893704
110.285,112.08,110.19,2786,110.39,2025-11-10T12:00:00Z,287907,111.388669
112.52,112.71,109.45,2825,110.235,2025-11-10T16:00:00Z,351358,111.168653
112.87,113.24,112.48,1240,112.525,2025-11-10T20:00:00Z,156873,112.847488
110.04,111.75,109.71,1862,111.11,2025-11-11T12:00:00Z,219378,110.891843
111.95,112.405,109.62,2322,110.13,2025-11-11T16:00:00Z,270286,111.162076
111.96,112.31,111.435,1123,112.015,2025-11-11T20:00:00Z,93557,111.955468
110.58,113.81,110.31,1699,113.71,2025-11-12T12:00:00Z,196990,111.511748
110.95,111.65,109.74,2296,110.64,2025-11-12T16:00:00Z,254770,110.86179
111.7,111.825,110.5,1130,110.9,2025-11-12T20:00:00Z,103911,111.255756
106.76,111.05,105.945,2968,110.84,2025-11-13T12:00:00Z,334768,107.996536
104.075,106.99,103.4,5165,106.59,2025-11-13T16:00:00Z,587009,105.185879
104.42,105.34,103.57,2319,104.08,2025-11-13T20:00:00Z,278418,104.431807
105.065,105.64,98.78,3536,100.21,2025-11-14T12:00:00Z,424249,102.492692
106.35,107.04,104.35,3344,105.23,2025-11-14T16:00:00Z,430359,105.835805
105.07,106.5,104.375,1370,106.32,2025-11-14T20:00:00Z,156905,105.054461
104.44,106.6,102.91,1792,105.0,2025-11-17T12:00:00Z,228880,105.129753
100.4,105.925,100.39,3393,104.44,2025-11-17T16:00:00Z,456842,103.488879
102.17,102.38,100.11,1427,100.37,2025-11-17T20:00:00Z,171335,101.172682
96.77,101.23,96.42,2503,99.8,2025-11-18T12:00:00Z,352984,98.229715
100.69,101.04,95.8,4470,96.77,2025-11-18T16:00:00Z,687456,99.462913
97.95,100.905,97.86,1422,100.59,2025-11-18T20:00:00Z,185669,99.421737
100.46,103.105,98.26,2345,99.77,2025-11-19T12:00:00Z,286697,101.166228
99.2,100.72,97.435,3090,100.46,2025-11-19T16:00:00Z,403465,99.17627
102.86,102.99,99.06,1211,99.4,2025-11-19T20:00:00Z,127280,100.44596
52.645,53.52,52.6,2378,53.0,2025-11-20T12:00:00Z,363748,53.02099
48.055,52.665,46.98,5840,52.665,2025-11-20T16:00:00Z,890439,49.071465
46.16,48.0,46.16,1711,47.98,2025-11-20T20:00:00Z,239285,46.831516
45.78,47.36,45.26,4877,46.89,2025-11-21T12:00:00Z,601853,46.494041
48.295,49.09,45.29,4018,45.89,2025-11-21T16:00:00Z,511572,47.515663
47.69,48.505,47.3,1269,48.34,2025-11-21T20:00:00Z,171478,47.925012
50.19,50.415,48.56,2816,48.73,2025-11-24T12:00:00Z,432932,49.678253
50.975,51.26,50.23,2742,50.24,2025-11-24T16:00:00Z,511117,50.896124
51.31,51.445,50.985,1339,50.985,2025-11-24T20:00:00Z,232300,51.22649
50.39,51.19,49.09,3688,51.02,2025-11-25T12:00:00Z,605947,50.113693
51.61,51.865,50.15,2952,50.35,2025-11-25T16:00:00Z,480771,51.284962
51.95,52.36,51.65,1309,51.65,2025-11-25T20:00:00Z,271753,52.003078
53.18,53.26,52.39,2969,52.6,2025-11-26T12:00:00Z,456450,52.860823
53.58,53.85,53.18,3161,53.22,2025-11-26T16:00:00Z,514895,53.550703
53.47,53.75,53.38,1642,53.585,2025-11-26T20:00:00Z,236473,53.574618
54.11,54.18,53.625,1539,54.11,2025-11-28T12:00:00Z,284606,53.918758
54.55,54.65,53.85,1463,54.08,2025-11-28T16:00:00Z,215043,54.193008
54.13,54.16,52.82,1824,52.98,2025-12-01T12:00:00Z,297566,53.533473
53.85,54.64,53.56,1739,54.13,2025-12-01T16:00:00Z,362654,54.231342
54.04,54.17,53.82,822,53.88,2025-12-01T20:00:00Z,107669,54.014078
55.63,55.76,54.52,2074,54.67,2025-12-02T12:00:00Z,406656,55.219879
55.53,55.71,54.15,2558,55.64,2025-12-02T16:00:00Z,508115,55.019105
55.28,55.6,55.26,839,55.545,2025-12-02T20:00:00Z,158957,55.44029
55.1,55.8,54.24,2371,55.75,2025-12-03T12:00:00Z,415663,54.843535
55.77,55.795,54.84,1743,55.1,2025-12-03T16:00:00Z,370049,55.398838
55.58,55.88,55.57,818,55.78,2025-12-03T20:00:00Z,138937,55.774763
55.15,56.16,54.83,1843,55.7,2025-12-04T12:00:00Z,314945,55.289213
55.26,55.65,54.62,1822,55.195,2025-12-04T16:00:00Z,380136,55.291264
55.49,55.54,55.02,739,55.25,2025-12-04T20:00:00Z,114340,55.223268
56.29,57.065,55.24,2235,56.02,2025-12-05T12:00:00Z,362637,56.487678
56.23,56.43,55.69,1948,56.27,2025-12-05T16:00:00Z,381181,56.112894
56.22,56.26,55.84,945,56.22,2025-12-05T20:00:00Z,157665,56.108425
55.75,57.035,55.67,2571,56.66,2025-12-08T12:00:00Z,490451,56.34179
55.25,55.97,55.12,2281,55.705,2025-12-08T16:00:00Z,501472,55.572035
56.02,56.02,55.23,1044,55.32,2025-12-08T20:00:00Z,180323,55.499615
55.88,55.88,55.095,1733,55.69,2025-12-09T12:00:00Z,316842,55.518039
56.01,56.21,55.795,1388,55.9,2025-12-09T16:00:00Z,407812,56.035322
55.87,56.12,55.85,708,56.0,2025-12-09T20:00:00Z,132886,56.001723
55.135,56.05,55.05,1944,55.71,2025-12-10T12:00:00Z,364834,55.514115
56.82,56.85,54.89,2940,55.15,2025-12-10T16:00:00Z,612406,55.777783
56.67,57.09,56.43,1590,56.85,2025-12-10T20:00:00Z,283104,56.871452
54.88,55.98,53.98,3431,55.98,2025-12-11T12:00:00Z,570677,55.030004
56.03,56.14,54.42,2621,54.88,2025-12-11T16:00:00Z,516466,55.378021
56.89,57.02,55.76,1002,55.96,2025-12-11T20:00:00Z,152384,56.068111
53.01,55.54,52.88,3797,55.15,2025-12-12T12:00:00Z,1045638,54.42559
53.05,53.86,52.23,4747,52.96,2025-12-12T16:00:00Z,965630,52.972067
52.83,53.17,52.41,1720,53.06,2025-12-12T20:00:00Z,316562,52.775245
52.46,54.055,51.73,3148,53.7,2025-12-15T12:00:00Z,861007,52.748169
52.44,53.15,52.0,2069,52.47,2025-12-15T16:00:00Z,807373,52.446037
52.1,52.46,51.97,1044,52.415,2025-12-15T20:00:00Z,270526,52.203429
52.0,52.51,51.1,3256,51.87,2025-12-16T12:00:00Z,746963,51.769834
51.99,52.18,51.1,3846,52.04,2025-12-16T16:00:00Z,1401891,51.682731
52.03,52.75,51.95,1765,51.98,2025-12-16T20:00:00Z,419384,52.399555
50.43,53.1,50.31,3745,53.09,2025-12-17T12:00:00Z,849343,51.447922
49.945,50.83,49.62,4287,50.44,2025-12-17T16:00:00Z,1365541,50.202165
49.76,49.99,49.37,1959,49.96,2025-12-17T20:00:00Z,357075,49.711647
52.18,52.42,50.57,3436,50.67,2025-12-18T12:00:00Z,704595,51.581519
51.29,52.46,51.13,2897,52.18,2025-12-18T16:00:00Z,912054,51.806774
51.32,52.05,51.19,1410,51.3,2025-12-18T20:00:00Z,305756,51.708073
52.94,53.62,51.73,2511,51.75,2025-12-19T12:00:00Z,638509,52.988015
53.46,53.6,52.79,1401,52.91,2025-12-19T16:00:00Z,430423,53.33621
53.64,53.65,53.34,1395,53.46,2025-12-19T20:00:00Z,307051,53.492328
54.155,54.89,53.89,2832,54.56,2025-12-22T12:00:00Z,851537,54.35406
54.255,54.46,54.16,1112,54.22,2025-12-22T16:00:00Z,383724,54.306391
54.29,54.32,54.18,737,54.25,2025-12-22T20:00:00Z,119580,54.257499
54.52,54.635,53.76,2148,54.18,2025-12-23T12:00:00Z,550532,54.244176
54.92,54.93,54.485,1205,54.485,2025-12-23T16:00:00Z,423589,54.745076
54.98,55.07,54.91,1003,54.93,2025-12-23T20:00:00Z,219934,54.971296
55.06,55.13,54.78,1234,54.94,2025-12-24T12:00:00Z,307585,54.952715
55.12,55.44,55.06,1294,55.07,2025-12-24T16:00:00Z,333364,55.308609
55.535,55.745,55.135,1165,55.48,2025-12-26T12:00:00Z,263797,55.436135
55.48,55.6,55.215,1257,55.545,2025-12-26T16:00:00Z,337505,55.395716
55.25,55.46,55.25,899,55.44,2025-12-26T20:00:00Z,133641,55.338039
54.26,54.99,53.99,1838,54.53,2025-12-29T12:00:00Z,401993,54.488572
54.64,54.705,53.92,1305,54.28,2025-12-29T16:00:00Z,377528,54.244052
54.51,54.65,54.43,734,54.65,2025-12-29T20:00:00Z,132790,54.537203
54.55,54.71,54.1,1248,54.46,2025-12-30T12:00:00Z,306764,54.340856
54.33,54.8,54.25,1158,54.52,2025-12-30T16:00:00Z,407163,54.45968
54.14,54.365,54.05,677,54.32,2025-12-30T20:00:00Z,145844,54.227246
53.36,54.35,53.29,1874,53.84,2025-12-31T12:00:00Z,520750,53.66401
53.28,53.845,53.23,1852,53.365,2025-12-31T16:00:00Z,506800,53.521591
52.63,53.26,52.6,1715,53.26,2025-12-31T20:00:00Z,393919,52.956878
52.26,54.855,52.18,3824,54.27,2026-01-02T12:00:00Z,898147,53.594145
52.43,52.77,51.62,3371,52.265,2026-01-02T16:00:00Z,881129,52.175812
52.34,52.74,52.24,1203,52.43,2026-01-02T20:00:00Z,235683,52.459246
54.07,54.22,53.22,2772,53.45,2026-01-05T12:00:00Z,565892,53.785668
53.56,54.33,53.36,1848,54.07,2026-01-05T16:00:00Z,512178,53.867248
53.58,53.76,53.48,946,53.53,2026-01-05T20:00:00Z,194742,53.636602
54.25,54.785,53.66,3139,53.96,2026-01-06T12:00:00Z,548418,54.33052
54.97,55.05,53.93,2403,54.16,2026-01-06T16:00:00Z,602211,54.604875
55.14,55.16,54.93,1253,54.95,2026-01-06T20:00:00Z,324453,55.058989
55.61,55.64,54.68,3026,54.68,2026-01-07T12:00:00Z,513258,55.23333
55.61,56.18,55.45,2534,55.62,2026-01-07T16:00:00Z,622698,55.880237
55.18,55.67,55.05,1352,55.61,2026-01-07T20:00:00Z,229090,55.264861
54.2,54.99,53.5,4148,54.71,2026-01-08T12:00:00Z,680562,54.094591
53.88,54.32,53.59,2199,54.22,2026-01-08T16:00:00Z,473584,53.972487
54.34,54.53,53.85,1010,53.86,2026-01-08T20:00:00Z,186287,54.136402
55.03,55.42,53.79,3528,54.63,2026-01-09T12:00:00Z,815073,54.83508
55.92,56.01,55.05,1963,55.05,2026-01-09T16:00:00Z,400985,55.63526
55.76,56.085,55.74,859,55.88,2026-01-09T20:00:00Z,145250,55.945837
55.67,55.78,54.46,2724,54.65,2026-01-12T12:00:00Z,834766,55.38826
56.31,56.31,55.59,1863,55.67,2026-01-12T16:00:00Z,749271,56.011701
55.8,56.32,55.8,823,56.31,2026-01-12T20:00:00Z,252762,56.078929
55.565,56.5,55.01,3469,55.61,2026-01-13T12:00:00Z,1066226,55.70366
55.345,56.37,55.09,2718,55.55,2026-01-13T16:00:00Z,1058909,55.646978
55.54,55.7,54.96,1283,55.32,2026-01-13T20:00:00Z,346200,55.272665
52.965,54.89,52.83,4700,54.83,2026-01-14T12:00:00Z,1259603,53.795826
52.995,53.57,52.5,3682,52.98,2026-01-14T16:00:00Z,1260260,52.956543
53.7,53.96,52.78,1900,53.0,2026-01-14T20:00:00Z,555577,53.452361
55.4,55.82,54.935,4302,55.19,2026-01-15T12:00:00Z,1240934,55.381708
54.62,55.75,54.55,2327,55.43,2026-01-15T16:00:00Z,935648,55.296579
54.28,54.7,54.14,1343,54.61,2026-01-15T20:00:00Z,414306,54.371635
54.13,55.45,53.59,3660,55.09,2026-01-16T12:00:00Z,987050,54.491017
54.35,54.57,53.96,2785,54.13,2026-01-16T16:00:00Z,841893,54.294328
54.13,54.42,54.06,1170,54.34,2026-01-16T20:00:00Z,261146,54.300294
52.16,52.48,51.06,6236,51.53,2026-01-20T12:00:00Z,791814,51.823208
50.925,52.56,50.675,6619,52.18,2026-01-20T16:00:00Z,1058436,51.5808
50.74,50.925,50.48,2867,50.925,2026-01-20T20:00:00Z,370792,50.683568
52.72,52.82,50.16,4088,50.44,2026-01-21T12:00:00Z,885780,51.650899
53.71,53.76,50.76,6182,52.735,2026-01-21T16:00:00Z,1704513,52.01915
52.91,53.79,52.58,2174,53.74,2026-01-21T20:00:00Z,529125,53.044412
53.56,54.37,53.155,4041,54.15,2026-01-22T12:00:00Z,653719,53.664158
53.785,54.27,53.575,2309,53.575,2026-01-22T16:00:00Z,509112,54.050864
53.69,53.92,53.45,1367,53.75,2026-01-22T20:00:00Z,236007,53.736496
54.955,54.96,53.3,3140,53.69,2026-01-23T12:00:00Z,758125,54.091089
54.46,55.06,54.07,2967,54.96,2026-01-23T16:00:00Z,841246,54.639722
54.05,54.505,54.05,1085,54.47,2026-01-23T20:00:00Z,212547,54.339747
55.3,55.405,53.95,2754,54.09,2026-01-26T12:00:00Z,528772,54.926787
55.315,55.62,55.13,2229,55.31,2026-01-26T16:00:00Z,552914,55.430473
55.18,55.4,55.03,969,55.29,2026-01-26T20:00:00Z,180930,55.242738
56.56,56.69,55.57,2800,56.12,2026-01-27T12:00:00Z,566935,56.231217
56.67,56.74,56.34,1908,56.58,2026-01-27T16:00:00Z,589344,56.60573
56.77,56.81,56.5,1191,56.66,2026-01-27T20:00:00Z,256266,56.670938
57.16,58.04,57.11,2956,58.04,2026-01-28T12:00:00Z,499032,57.632553
57.115,57.42,56.74,3049,57.135,2026-01-28T16:00:00Z,659364,57.060511
57.81,57.9,56.38,1385,57.12,2026-01-28T20:00:00Z,246025,57.359489
53.335,57.38,53.06,5799,57.25,2026-01-29T12:00:00Z,926862,54.946008
55.1,55.42,53.08,5270,53.295,2026-01-29T16:00:00Z,825988,54.499459
56.03,56.26,55.05,1300,55.1,2026-01-29T20:00:00Z,246934,55.500728
55.09,55.7,54.64,3490,55.08,2026-01-30T12:00:00Z,505859,55.251239
53.86,55.23,53.34,4557,55.08,2026-01-30T16:00:00Z,660581,54.354695
53.79,54.33,53.33,1760,53.89,2026-01-30T20:00:00Z,294671,53.811913
55.03,55.47,52.65,4717,52.76,2026-02-02T12:00:00Z,700071,54.529756
55.07,55.71,54.79,2592,55.02,2026-02-02T16:00:00Z,576162,55.409644
55.25,55.4,54.94,1111,55.07,2026-02-02T20:00:00Z,175110,55.141816
53.645,56.08,52.7,5697,56.0,2026-02-03T12:00:00Z,858542,53.836403
51.71,53.63,51.09,8470,53.61,2026-02-03T16:00:00Z,1218603,52.165976
52.32,52.65,51.4,2887,51.69,2026-02-03T20:00:00Z,315778,52.030619
50.68,52.32,50.43,5997,52.32,2026-02-04T12:00:00Z,825893,51.245186
50.43,50.81,48.44,10315,50.695,2026-02-04T16:00:00Z,1600350,49.513732
49.765,50.51,49.65,2393,50.46,2026-02-04T20:00:00Z,386860,50.061557
47.55,49.52,47.095,6835,48.65,2026-02-05T12:00:00Z,1049545,48.120139
48.05,49.1,47.07,5631,47.6,2026-02-05T16:00:00Z,1070016,48.238526
46.46,48.6,46.46,2063,48.0,2026-02-05T20:00:00Z,397819,47.742055
49.13,49.61,48.0,6306,48.5,2026-02-06T12:00:00Z,1020432,48.898857
50.145,50.43,49.05,3985,49.1,2026-02-06T16:00:00Z,971123,50.055949
50.33,51.005,50.06,1915,50.11,2026-02-06T20:00:00Z,425644,50.604221
51.58,51.67,49.44,3935,50.36,2026-02-09T12:00:00Z,665268,50.544109
52.09,52.26,51.54,2354,51.575,2026-02-09T16:00:00Z,643783,51.954637
51.89,52.175,51.72,1123,52.09,2026-02-09T20:00:00Z,188920,51.930321
51.965,52.4,51.24,3200,51.7,2026-02-10T12:00:00Z,509807,51.926655
51.475,52.1,51.33,2345,51.97,2026-02-10T16:00:00Z,497275,51.670798
51.21,51.48,50.89,1315,51.45,2026-02-10T20:00:00Z,209083,51.178891
51.165,52.5,50.05,4280,51.19,2026-02-11T12:00:00Z,725794,51.379186
51.57,51.86,50.55,3305,51.22,2026-02-11T16:00:00Z,670597,51.247758
51.42,51.62,51.34,883,51.515,2026-02-11T20:00:00Z,158868,51.482206
49.75,52.2,49.74,3672,51.81,2026-02-12T12:00:00Z,627302,51.031974
49.05,49.87,48.49,7813,49.77,2026-02-12T16:00:00Z,1500830,48.982127
48.65,49.135,47.99,2250,49.105,2026-02-12T20:00:00Z,456973,48.496355
48.53,49.23,47.185,7094,47.86,2026-02-13T12:00:00Z,1002713,48.200407
48.765,49.59,48.26,4797,48.53,2026-02-13T16:00:00Z,976408,49.105417
48.34,48.97,48.06,1879,48.8,2026-02-13T20:00:00Z,312733,48.421877
47.29,48.54,46.42,5962,47.21,2026-02-17T12:00:00Z,838624,47.333211
48.52,48.96,47.29,4232,47.325,2026-02-17T16:00:00Z,847884,48.159151
48.29,48.7,48.1,1331,48.55,2026-02-17T20:00:00Z,196776,48.346758
50.12,50.19,48.22,3705,48.97,2026-02-18T12:00:00Z,606184,49.268847
48.93,50.36,48.84,3200,50.145,2026-02-18T16:00:00Z,800983,49.90065
49.25,49.625,48.8,1625,48.955,2026-02-18T20:00:00Z,311199,49.19673
49.19,49.36,48.26,3722,48.83,2026-02-19T12:00:00Z,602118,48.873837
48.35,49.39,48.17,4187,49.18,2026-02-19T16:00:00Z,945965,48.691017
48.65,48.85,48.335,1278,48.39,2026-02-19T20:00:00Z,211938,48.564019
50.33,50.36,47.78,4747,48.64,2026-02-20T12:00:00Z,672615,49.248366
49.755,50.44,48.94,4841,50.37,2026-02-20T16:00:00Z,860525,49.782371
50.07,50.14,49.72,1253,49.76,2026-02-20T20:00:00Z,154623,49.946557
48.11,49.87,48.08,3596,49.05,2026-02-23T12:00:00Z,618660,49.037
47.79,48.555,47.67,3624,48.11,2026-02-23T16:00:00Z,632529,48.067953
48.38,48.38,47.73,1601,47.78,2026-02-23T20:00:00Z,279926,47.982727
49.45,49.76,47.82,3857,48.56,2026-02-24T12:00:00Z,610955,49.03552
49.715,50.03,49.42,2843,49.46,2026-02-24T16:00:00Z,653445,49.756924
49.73,50.0,49.57,1014,49.715,2026-02-24T20:00:00Z,202307,49.72093
51.355,51.72,50.38,2398,50.46,2026-02-25T12:00:00Z,386648,51.304367
51.8,51.84,51.29,1627,51.36,2026-02-25T16:00:00Z,382015,51.587782
52.37,52.38,51.69,1105,51.78,2026-02-25T20:00:00Z,205622,51.841536
49.51,52.07,48.71,6114,51.84,2026-02-26T12:00:00Z,844354,49.947799
49.94,50.14,48.87,4673,49.6,2026-02-26T16:00:00Z,993643,49.543878
49.78,50.11,49.7,1588,49.92,2026-02-26T20:00:00Z,290309,49.880375
49.465,49.65,48.26,5139,49.12,2026-02-27T12:00:00Z,810818,49.014952
48.935,49.75,48.805,3534,49.445,2026-02-27T16:00:00Z,722069,49.232636
49.32,49.67,48.94,2331,48.94,2026-02-27T20:00:00Z,461828,49.337365
49.105,49.29,47.23,6297,47.36,2026-03-02T12:00:00Z,911970,48.703244
50.03,50.14,48.7,6217,49.1,2026-03-02T16:00:00Z,1430080,49.675101
49.52,50.08,49.255,2683,50.055,2026-03-02T20:00:00Z,485166,49.623099
46.275,47.55,45.72,10697,47.13,2026-03-03T12:00:00Z,1610264,46.538832
48.28,48.66,46.225,9711,46.26,2026-03-03T16:00:00Z,1409532,47.682212
47.87,48.46,47.79,1900,48.295,2026-03-03T20:00:00Z,244083,48.176758
50.26,50.36,48.38,6813,48.38,2026-03-04T12:00:00Z,1070420,49.478447
50.62,50.78,49.83,5746,50.26,2026-03-04T16:00:00Z,1135936,50.373555
50.32,50.65,50.1,1684,50.62,2026-03-04T20:00:00Z,322081,50.37589
50.0,50.75,49.11,4997,49.88,2026-03-05T12:00:00Z,823447,49.927616
48.665,50.23,48.18,7984,50.01,2026-03-05T16:00:00Z,1403932,49.024319
49.61,49.825,48.515,2879,48.65,2026-03-05T20:00:00Z,523220,49.295703
48.68,48.88,47.24,6917,48.57,2026-03-06T12:00:00Z,984416,48.029998
48.39,49.04,48.01,7718,48.69,2026-03-06T16:00:00Z,1404279,48.496509
47.57,48.64,47.185,3115,48.39,2026-03-06T20:00:00Z,507693,47.721207
47.415,47.48,45.5,9754,45.94,2026-03-09T12:00:00Z,1433747,46.479663
49.4,49.75,47.0,7493,47.4,2026-03-09T16:00:00Z,1350656,48.116307
49.24,49.54,49.05,6,49.39,2026-03-09T20:00:00Z,1503,49.378966
50.34,50.5,48.84,5617,49.28,2026-03-10T12:00:00Z,888742,49.738332
49.36,50.73,49.11,6972,50.31,2026-03-10T16:00:00Z,1117225,49.889878
49.56,49.64,49.41,15,49.41,2026-03-10T20:00:00Z,1956,49.5138
49.1,50.52,48.84,5372,49.17,2026-03-11T12:00:00Z,786226,49.65533
49.37,49.61,48.75,4000,49.09,2026-03-11T16:00:00Z,548516,49.192781
49.29,49.38,49.17,7,49.38,2026-03-11T20:00:00Z,1630,49.287097
47.49,48.6,46.87,7468,48.6,2026-03-12T12:00:00Z,1348530,47.493899
46.82,47.89,46.755,6397,47.51,2026-03-12T16:00:00Z,1393763,47.27641
46.92,46.92,46.64,28,46.81,2026-03-12T20:00:00Z,8400,46.834207
46.0,48.25,45.91,8375,47.46,2026-03-13T12:00:00Z,1504237,47.060309
45.915,46.45,45.67,6811,46.02,2026-03-13T16:00:00Z,1278034,46.052139
45.61,45.93,45.61,16,45.93,2026-03-13T20:00:00Z,5350,45.788462
47.5,47.975,47.18,4908,47.24,2026-03-16T12:00:00Z,837522,47.60404
47.5,48.27,47.18,5192,47.48,2026-03-16T16:00:00Z,991698,47.616562
47.41,47.49,47.35,10,47.45,2026-03-16T20:00:00Z,2701,47.424956
48.08,48.76,47.1,3484,47.1,2026-03-17T12:00:00Z,601143,48.343083
48.21,48.42,47.815,3444,48.06,2026-03-17T16:00:00Z,662024,48.148659
48.23,48.23,48.17,5,48.17,2026-03-17T20:00:00Z,2363,48.205652
47.53,48.76,47.05,4325,48.76,2026-03-18T12:00:00Z,793459,47.588409
46.1,47.61,46.06,5874,47.5,2026-03-18T16:00:00Z,1242413,46.999702
45.97,46.18,45.7,63,46.18,2026-03-18T20:00:00Z,12684,45.899136
45.1,45.69,44.3,6560,45.53,2026-03-19T12:00:00Z,1360886,45.037386
45.67,46.31,44.6,6601,45.12,2026-03-19T16:00:00Z,1739370,45.428264
45.91,45.94,45.67,22,45.67,2026-03-19T20:00:00Z,6730,45.89398
44.22,45.38,43.78,4511,45.02,2026-03-20T12:00:00Z,746773,44.242304
43.105,44.46,42.3,7191,44.23,2026-03-20T16:00:00Z,1243076,43.265277
43.58,43.61,43.04,48,43.1,2026-03-20T20:00:00Z,14231,43.285927
44.51,46.13,44.455,6224,44.68,2026-03-23T12:00:00Z,1036118,45.557822
44.615,45.33,44.145,5122,44.525,2026-03-23T16:00:00Z,917631,44.77819
44.67,44.67,44.52,8,44.62,2026-03-23T20:00:00Z,1535,44.615283
44.08,44.59,43.2,5618,44.59,2026-03-24T12:00:00Z,900140,43.885346
43.62,44.34,43.34,4451,44.05,2026-03-24T16:00:00Z,829882,43.805272
45.14,45.14,43.62,17,43.63,2026-03-24T20:00:00Z,6765,43.681743
44.42,45.23,43.95,3442,45.15,2026-03-25T12:00:00Z,557242,44.692698
44.4,45.02,44.07,2710,44.41,2026-03-25T16:00:00Z,409685,44.464202
44.32,44.5,44.32,13,44.41,2026-03-25T20:00:00Z,3345,44.404029
42.85,43.665,42.6,4414,42.93,2026-03-26T12:00:00Z,936375,43.095569
41.23,42.91,41.155,5450,42.87,2026-03-26T16:00:00Z,1286639,41.86622
41.58,41.89,41.13,77,41.2,2026-03-26T20:00:00Z,19911,41.37887
40.01,40.57,39.46,5678,40.49,2026-03-27T12:00:00Z,1013794,39.964543
38.765,40.03,38.57,4676,40.01,2026-03-27T16:00:00Z,996661,39.146325
38.54,38.77,38.52,30,38.76,2026-03-27T20:00:00Z,9561,38.681878
39.07,39.885,38.52,4326,39.49,2026-03-30T12:00:00Z,970676,38.983375
37.89,39.09,37.33,4991,39.09,2026-03-30T16:00:00Z,1101800,38.147757
37.72,37.89,37.66,28,37.89,2026-03-30T20:00:00Z,12388,37.715281
39.405,40.08,38.85,5002,39.08,2026-03-31T12:00:00Z,912437,39.610382
41.7,42.0,39.36,8598,39.37,2026-03-31T16:00:00Z,1996354,41.212413
41.7,41.81,41.66,10,41.71,2026-03-31T20:00:00Z,2248,41.69151
43.8,43.865,42.37,4301,43.19,2026-04-01T12:00:00Z,794167,43.168747
43.11,43.98,42.815,4122,43.815,2026-04-01T16:00:00Z,851885,43.439959
43.13,43.3,43.13,57,43.3,2026-04-01T20:00:00Z,36052,43.210832
42.89,43.55,40.45,4577,40.5,2026-04-02T12:00:00Z,816031,42.146476
43.315,43.35,42.45,2363,42.9,2026-04-02T16:00:00Z,418804,42.874109
43.27,43.38,43.27,5,43.3,2026-04-02T20:00:00Z,2300,43.308696
43.89,44.585,43.5,2572,43.83,2026-04-06T12:00:00Z,440862,43.933596
44.075,44.18,43.27,1828,43.91,2026-04-06T16:00:00Z,413458,43.845811
44.02,44.12,44.0,4,44.12,2026-04-06T20:00:00Z,1100,44.085455
42.72,43.765,41.865,4160,43.17,2026-04-07T12:00:00Z,894136,42.641834
44.205,44.205,42.58,4947,42.74,2026-04-07T16:00:00Z,1032115,43.365528
44.34,44.48,44.07,22,44.09,2026-04-07T20:00:00Z,5175,44.165306
47.99,48.94,47.16,4244,48.75,2026-04-08T12:00:00Z,805400,47.941793
48.025,48.42,47.26,3326,48.035,2026-04-08T16:00:00Z,747033,47.887492
47.85,48.08,47.85,12,48.05,2026-04-08T20:00:00Z,2769,47.981538
48.63,48.67,47.31,2715,47.77,2026-04-09T12:00:00Z,563473,47.945006
48.975,49.085,48.39,3148,48.64,2026-04-09T16:00:00Z,700775,48.77998
48.95,48.96,48.83,6,48.93,2026-04-09T20:00:00Z,3600,48.895556
49.045,49.8,48.95,3683,49.17,2026-04-10T12:00:00Z,718980,49.431045
49.175,49.29,48.83,2515,49.09,2026-04-10T16:00:00Z,619842,49.083198
49.35,49.35,49.13,14,49.13,2026-04-10T20:00:00Z,3989,49.233486
49.325,49.6,48.01,2602,48.01,2026-04-13T12:00:00Z,498642,49.126767
50.7,50.73,49.17,2588,49.345,2026-04-13T16:00:00Z,596910,50.046919
50.88,50.88,50.66,19,50.71,2026-04-13T20:00:00Z,7170,50.729625
52.68,52.815,51.395,3135,51.5,2026-04-14T12:00:00Z,654085,52.111036
53.385,53.42,52.65,3114,52.65,2026-04-14T16:00:00Z,738314,53.081134
53.39,53.39,53.26,14,53.34,2026-04-14T20:00:00Z,4697,53.325332
54.66,54.73,53.21,3347,53.39,2026-04-15T12:00:00Z,631125,54.135955
55.655,55.725,54.03,3999,54.62,2026-04-15T16:00:00Z,889476,54.987586
55.54,55.59,55.51,21,55.58,2026-04-15T20:00:00Z,3723,55.558167
56.72,56.765,55.1,3783,55.99,2026-04-16T12:00:00Z,722222,55.939121
56.43,56.915,55.62,3103,56.78,2026-04-16T16:00:00Z,693452,56.348625
56.32,56.32,56.17,34,56.25,2026-04-16T20:00:00Z,5138,56.228431
58.45,58.91,57.0,5054,57.0,2026-04-17T12:00:00Z,1013425,58.294716
58.6,58.94,58.02,3666,58.42,2026-04-17T16:00:00Z,830287,58.519196
58.63,58.64,58.53,12,58.6,2026-04-17T20:00:00Z,4351,58.593727
57.5,58.57,56.91,3996,57.82,2026-04-20T12:00:00Z,802418,57.932111
58.075,58.1,57.385,1837,57.48,2026-04-20T16:00:00Z,415567,57.873236
58.28,58.43,58.0,27,58.02,2026-04-20T20:00:00Z,5015,58.233734
57.98,58.97,57.54,3796,58.91,2026-04-21T12:00:00Z,579765,58.31766
57.38,58.31,56.82,3983,58.06,2026-04-21T16:00:00Z,736850,57.666738
57.98,58.2,57.17,22,57.36,2026-04-21T20:00:00Z,6933,57.762721
59.56,59.73,58.49,2258,58.67,2026-04-22T12:00:00Z,441111,59.193831
60.23,60.3,59.43,2171,59.635,2026-04-22T16:00:00Z,494837,59.857322
60.39,60.47,60.16,42,60.17,2026-04-22T20:00:00Z,8214,60.361166
60.3,60.7,59.47,2905,59.99,2026-04-23T12:00:00Z,548646,60.146035
59.215,60.45,57.59,5924,60.345,2026-04-23T16:00:00Z,954910,59.090397
59.41,59.58,59.41,10,59.54,2026-04-23T20:00:00Z,2126,59.537677
62.3,62.44,60.59,5447,61.55,2026-04-24T12:00:00Z,1022697,61.437073
62.57,62.71,62.08,3161,62.32,2026-04-24T16:00:00Z,660428,62.407157
62.53,62.59,62.42,12,62.59,2026-04-24T20:00:00Z,6333,62.511181
