c,h,l,n,o,t,v,vw
10.55,10.55,10.49,3,10.49,2021-01-04T13:00:00Z,300,10.53
10.91,10.915,10.55,30,10.55,2021-01-04T14:00:00Z,5504,10.809196
11.575,11.655,10.89,182,10.89,2021-01-04T15:00:00Z,41574,11.329764
12.13,12.145,11.505,154,11.59,2021-01-04T16:00:00Z,25600,11.832877
12.25,12.565,12.055,256,12.07,2021-01-04T17:00:00Z,47138,12.264154
11.94,12.32,11.835,274,12.265,2021-01-04T18:00:00Z,55904,12.02726
12.19,12.415,11.93,366,11.93,2021-01-04T19:00:00Z,119273,12.127043
12.06,12.465,11.96,428,12.2,2021-01-04T20:00:00Z,111556,12.185573
12.57,12.63,12.39,7,12.43,2021-01-05T13:00:00Z,700,12.498571
12.005,12.67,11.93,39,12.65,2021-01-05T14:00:00Z,18816,12.055308
12.32,12.355,11.855,104,11.97,2021-01-05T15:00:00Z,24004,12.178819
12.1,12.385,11.97,67,12.265,2021-01-05T16:00:00Z,14978,12.204656
11.805,12.065,11.805,82,12.065,2021-01-05T17:00:00Z,19073,11.885261
11.495,11.69,11.485,94,11.69,2021-01-05T18:00:00Z,39820,11.638076
11.595,11.595,11.315,144,11.415,2021-01-05T19:00:00Z,27059,11.431387
11.465,11.67,11.335,140,11.595,2021-01-05T20:00:00Z,32564,11.486873
10.985,11.315,10.945,59,11.315,2021-01-06T14:00:00Z,12695,11.05748
10.585,10.97,10.5,119,10.965,2021-01-06T15:00:00Z,29189,10.715563
10.555,10.57,10.46,115,10.545,2021-01-06T16:00:00Z,29480,10.504324
10.41,10.535,10.385,164,10.535,2021-01-06T17:00:00Z,34248,10.451488
10.455,10.495,10.39,148,10.415,2021-01-06T18:00:00Z,34033,10.428328
11.225,11.78,10.39,401,10.46,2021-01-06T19:00:00Z,75007,11.00201
11.37,11.61,11.01,364,11.31,2021-01-06T20:00:00Z,73670,11.359794
10.87,11.42,10.87,2,11.42,2021-01-06T21:00:00Z,200,11.145
10.45,10.615,10.425,105,10.615,2021-01-07T14:00:00Z,21542,10.457631
10.57,10.6,10.39,114,10.41,2021-01-07T15:00:00Z,20147,10.446237
10.65,10.695,10.54,33,10.595,2021-01-07T16:00:00Z,7295,10.619805
10.53,10.695,10.525,19,10.66,2021-01-07T17:00:00Z,5465,10.585704
10.67,10.67,10.55,22,10.55,2021-01-07T18:00:00Z,3817,10.641638
10.465,10.685,10.465,41,10.635,2021-01-07T19:00:00Z,10278,10.577185
10.35,10.515,10.35,170,10.475,2021-01-07T20:00:00Z,43708,10.409251
10.3,10.3,10.3,1,10.3,2021-01-07T21:00:00Z,100,10.3
10.31,10.31,10.29,3,10.29,2021-01-08T13:00:00Z,268,10.3
10.19,10.35,10.175,102,10.23,2021-01-08T14:00:00Z,19116,10.259207
10.25,10.41,10.11,79,10.18,2021-01-08T15:00:00Z,14290,10.23334
10.295,10.35,10.2,68,10.21,2021-01-08T16:00:00Z,18358,10.278663
10.24,10.33,10.18,28,10.265,2021-01-08T17:00:00Z,19500,10.251179
10.42,10.735,10.24,123,10.265,2021-01-08T18:00:00Z,24512,10.445042
10.275,10.39,10.23,72,10.39,2021-01-08T19:00:00Z,12318,10.298404
10.2,10.235,10.15,100,10.21,2021-01-08T20:00:00Z,25520,10.194747
10.76,10.76,10.76,1,10.76,2021-01-11T13:00:00Z,100,10.76
10.61,10.85,10.6,50,10.685,2021-01-11T14:00:00Z,12788,10.729317
10.68,10.745,10.545,55,10.615,2021-01-11T15:00:00Z,11724,10.663704
10.715,10.8,10.605,40,10.675,2021-01-11T16:00:00Z,12340,10.687167
10.77,10.785,10.68,44,10.715,2021-01-11T17:00:00Z,13608,10.708214
10.93,10.955,10.735,36,10.765,2021-01-11T18:00:00Z,11245,10.827956
10.855,11.095,10.825,81,10.94,2021-01-11T19:00:00Z,21891,10.937991
11.07,11.17,10.84,145,10.875,2021-01-11T20:00:00Z,44722,11.035208
10.71,10.71,10.67,3,10.69,2021-01-12T13:00:00Z,300,10.69
10.765,10.94,10.71,66,10.71,2021-01-12T14:00:00Z,9755,10.826525
10.705,10.845,10.62,70,10.78,2021-01-12T15:00:00Z,13575,10.689719
10.855,10.935,10.595,125,10.705,2021-01-12T16:00:00Z,17719,10.765404
10.955,11.22,10.835,265,10.845,2021-01-12T17:00:00Z,50031,11.073558
10.88,11.045,10.835,86,10.95,2021-01-12T18:00:00Z,12060,10.936688
10.73,10.86,10.715,102,10.835,2021-01-12T19:00:00Z,21558,10.791586
10.555,10.755,10.515,123,10.725,2021-01-12T20:00:00Z,25668,10.611066
10.75,10.77,10.75,3,10.77,2021-01-13T13:00:00Z,600,10.763333
10.54,10.56,10.475,44,10.56,2021-01-13T14:00:00Z,10270,10.526023
10.39,10.64,10.35,123,10.54,2021-01-13T15:00:00Z,27014,10.426538
10.365,10.455,10.325,92,10.38,2021-01-13T16:00:00Z,25841,10.364893
10.285,10.395,10.24,92,10.36,2021-01-13T17:00:00Z,20137,10.31174
10.27,10.315,10.255,84,10.285,2021-01-13T18:00:00Z,17337,10.291926
10.215,10.335,10.18,194,10.27,2021-01-13T19:00:00Z,46666,10.223889
10.27,10.315,10.195,218,10.215,2021-01-13T20:00:00Z,48929,10.251283
10.065,10.22,10.06,49,10.15,2021-01-14T14:00:00Z,16981,10.111744
10.11,10.13,10.0,112,10.075,2021-01-14T15:00:00Z,34548,10.067345
10.225,10.285,10.095,74,10.1,2021-01-14T16:00:00Z,16625,10.198205
10.165,10.275,10.14,85,10.215,2021-01-14T17:00:00Z,17448,10.192686
10.31,10.31,10.165,83,10.165,2021-01-14T18:00:00Z,12074,10.263697
10.345,10.385,10.275,113,10.325,2021-01-14T19:00:00Z,24301,10.321621
10.5,10.57,10.295,163,10.345,2021-01-14T20:00:00Z,59816,10.474444
10.49,10.49,10.48,2,10.48,2021-01-14T21:00:00Z,3200,10.485
10.59,10.59,10.57,2,10.57,2021-01-15T13:00:00Z,200,10.58
10.63,10.715,10.57,24,10.59,2021-01-15T14:00:00Z,5896,10.625796
10.845,11.26,10.655,369,10.655,2021-01-15T15:00:00Z,103619,10.969188
10.7,11.015,10.58,156,10.86,2021-01-15T16:00:00Z,37978,10.787312
10.645,10.765,10.59,41,10.695,2021-01-15T17:00:00Z,10275,10.67696
10.645,10.705,10.5,73,10.66,2021-01-15T18:00:00Z,22194,10.596386
10.85,10.86,10.595,82,10.625,2021-01-15T19:00:00Z,25480,10.771063
10.9,10.955,10.69,220,10.85,2021-01-15T20:00:00Z,61605,10.865101
10.53,10.53,10.53,1,10.53,2021-01-19T13:00:00Z,200,10.53
10.56,10.665,10.43,128,10.48,2021-01-19T14:00:00Z,29023,10.522402
10.515,10.725,10.45,105,10.555,2021-01-19T15:00:00Z,26585,10.60067
10.42,10.645,10.42,57,10.54,2021-01-19T16:00:00Z,12312,10.54873
10.36,10.455,10.36,38,10.455,2021-01-19T17:00:00Z,9872,10.418788
10.41,10.43,10.36,26,10.36,2021-01-19T18:00:00Z,6730,10.396744
10.425,10.45,10.345,46,10.42,2021-01-19T19:00:00Z,11173,10.412375
10.445,10.445,10.355,68,10.42,2021-01-19T20:00:00Z,30612,10.405652
10.44,10.44,10.44,1,10.44,2021-01-19T21:00:00Z,300,10.44
10.25,10.29,10.25,2,10.29,2021-01-20T13:00:00Z,200,10.27
10.43,10.45,10.23,66,10.25,2021-01-20T14:00:00Z,12126,10.362667
10.27,10.425,10.26,96,10.425,2021-01-20T15:00:00Z,21065,10.301557
10.285,10.41,10.285,148,10.305,2021-01-20T16:00:00Z,22261,10.351591
10.25,10.3,10.24,39,10.26,2021-01-20T17:00:00Z,11272,10.269542
10.275,10.28,10.225,19,10.235,2021-01-20T18:00:00Z,5342,10.237445
10.125,10.265,10.095,63,10.235,2021-01-20T19:00:00Z,24355,10.158625
10.15,10.185,10.06,188,10.12,2021-01-20T20:00:00Z,57000,10.109326
10.13,10.16,10.13,4,10.16,2021-01-20T21:00:00Z,3482,10.15757
10.15,10.15,10.15,1,10.15,2021-01-21T13:00:00Z,100,10.15
10.16,10.27,10.12,58,10.13,2021-01-21T14:00:00Z,16674,10.190829
10.1,10.15,10.055,87,10.145,2021-01-21T15:00:00Z,23134,10.10221
10.225,10.28,10.08,79,10.12,2021-01-21T16:00:00Z,22800,10.16999
10.265,10.385,10.23,45,10.26,2021-01-21T17:00:00Z,13748,10.294401
10.165,10.26,10.155,72,10.255,2021-01-21T18:00:00Z,13953,10.198654
10.1,10.18,10.1,105,10.165,2021-01-21T19:00:00Z,19284,10.132269
10.03,10.18,10.005,250,10.095,2021-01-21T20:00:00Z,90784,10.054405
10.07,10.07,10.03,2,10.03,2021-01-21T21:00:00Z,900,10.052222
10.55,10.55,10.53,4,10.55,2021-01-22T13:00:00Z,318,10.543333
10.225,10.44,10.225,35,10.44,2021-01-22T14:00:00Z,8949,10.320421
10.265,10.455,10.2,153,10.225,2021-01-22T15:00:00Z,56163,10.304611
10.125,10.325,10.125,157,10.27,2021-01-22T16:00:00Z,31404,10.231513
10.17,10.185,10.1,132,10.105,2021-01-22T17:00:00Z,27072,10.147797
10.165,10.255,10.105,79,10.175,2021-01-22T18:00:00Z,26448,10.173339
10.055,10.175,10.055,44,10.15,2021-01-22T19:00:00Z,13844,10.10477
10.2,10.2,10.04,110,10.05,2021-01-22T20:00:00Z,48099,10.092198
10.22,10.22,10.22,1,10.22,2021-01-22T21:00:00Z,300,10.22
10.46,10.55,10.29,87,10.35,2021-01-25T14:00:00Z,37345,10.432683
11.025,11.06,10.38,182,10.47,2021-01-25T15:00:00Z,66239,10.584306
10.765,11.48,10.765,402,11.01,2021-01-25T16:00:00Z,115060,11.145806
10.975,11.245,10.735,172,10.76,2021-01-25T17:00:00Z,57371,10.995146
10.885,11.04,10.775,78,10.97,2021-01-25T18:00:00Z,33238,10.861348
11.06,11.065,10.905,116,10.93,2021-01-25T19:00:00Z,29105,10.987974
10.84,11.05,10.77,222,11.045,2021-01-25T20:00:00Z,74642,10.939354
10.51,10.51,10.51,1,10.51,2021-01-26T13:00:00Z,100,10.51
10.47,10.56,10.465,45,10.51,2021-01-26T14:00:00Z,17150,10.509063
10.335,10.535,10.265,117,10.445,2021-01-26T15:00:00Z,66823,10.466796
10.555,10.575,10.285,183,10.295,2021-01-26T16:00:00Z,52029,10.409914
10.475,10.55,10.36,84,10.55,2021-01-26T17:00:00Z,19620,10.408336
10.49,10.49,10.385,41,10.485,2021-01-26T18:00:00Z,14048,10.439196
10.495,10.61,10.415,38,10.485,2021-01-26T19:00:00Z,12641,10.541832
10.555,10.68,10.4,183,10.485,2021-01-26T20:00:00Z,63668,10.527728
10.47,10.47,10.47,1,10.47,2021-01-26T21:00:00Z,1600,10.47
11.97,12.505,11.43,465,11.5,2021-01-27T14:00:00Z,119484,12.069347
11.74,12.11,11.55,470,12.11,2021-01-27T15:00:00Z,125895,11.764907
12.555,12.57,11.76,387,11.8,2021-01-27T16:00:00Z,100023,12.109523
12.125,12.625,12.025,307,12.59,2021-01-27T17:00:00Z,72589,12.224059
12.46,12.5,11.985,188,12.14,2021-01-27T18:00:00Z,47860,12.332256
13.28,13.43,12.33,421,12.445,2021-01-27T19:00:00Z,91528,13.018879
13.93,14.115,12.94,784,13.38,2021-01-27T20:00:00Z,195358,13.538888
14.72,16.35,14.61,26,14.61,2021-01-27T21:00:00Z,2056,15.446757
13.65,14.02,13.65,2,14.02,2021-01-28T13:00:00Z,600,13.835
13.475,13.475,12.7,390,12.94,2021-01-28T14:00:00Z,149606,13.018879
13.265,13.855,13.07,351,13.4,2021-01-28T15:00:00Z,109573,13.337441
12.89,13.205,12.4,217,13.11,2021-01-28T16:00:00Z,48997,12.618734
13.025,13.21,12.665,105,12.875,2021-01-28T17:00:00Z,28691,12.89158
12.86,13.22,12.86,48,12.88,2021-01-28T18:00:00Z,10802,13.051242
12.75,13.105,12.73,92,12.83,2021-01-28T19:00:00Z,18361,12.892333
13.32,13.33,12.715,272,12.75,2021-01-28T20:00:00Z,62195,13.008788
13.98,14.25,13.98,6,14.23,2021-01-29T13:00:00Z,1300,14.124615
13.475,14.3,13.455,685,13.84,2021-01-29T14:00:00Z,99699,13.979932
13.085,13.625,12.805,1071,13.465,2021-01-29T15:00:00Z,145616,13.163809
13.435,14.12,13.045,902,13.075,2021-01-29T16:00:00Z,121087,13.660681
15.135,15.295,13.435,998,13.435,2021-01-29T17:00:00Z,172568,14.536286
14.77,15.28,14.165,378,15.125,2021-01-29T18:00:00Z,96718,14.639839
14.365,14.87,14.025,253,14.8,2021-01-29T19:00:00Z,109692,14.46159
14.61,14.71,13.755,296,14.34,2021-01-29T20:00:00Z,69671,14.225997
14.71,14.71,14.61,3,14.61,2021-01-29T21:00:00Z,300,14.67
13.61,13.63,13.53,5,13.63,2021-02-01T13:00:00Z,1100,13.608182
14.6,14.76,13.595,180,13.635,2021-02-01T14:00:00Z,38427,14.05856
14.42,14.85,14.07,234,14.58,2021-02-01T15:00:00Z,49893,14.504143
13.86,14.55,13.695,249,14.515,2021-02-01T16:00:00Z,43668,13.974087
13.45,13.94,13.45,187,13.845,2021-02-01T17:00:00Z,34734,13.711772
13.545,13.67,13.45,237,13.47,2021-02-01T18:00:00Z,49196,13.562527
13.435,13.565,13.235,179,13.56,2021-02-01T19:00:00Z,32065,13.40818
13.285,13.505,13.155,168,13.395,2021-02-01T20:00:00Z,33586,13.362375
12.63,12.67,12.61,4,12.67,2021-02-02T13:00:00Z,757,12.646988
12.295,12.47,12.165,116,12.41,2021-02-02T14:00:00Z,34542,12.312231
11.98,12.27,11.93,181,12.23,2021-02-02T15:00:00Z,43901,12.06815
11.955,12.075,11.85,116,11.98,2021-02-02T16:00:00Z,39984,11.954371
11.665,11.965,11.64,160,11.965,2021-02-02T17:00:00Z,42875,11.788601
11.755,11.815,11.67,77,11.67,2021-02-02T18:00:00Z,18750,11.749367
11.58,11.725,11.53,124,11.725,2021-02-02T19:00:00Z,39919,11.616425
11.7,11.855,11.575,138,11.6,2021-02-02T20:00:00Z,35809,11.674991
11.28,11.45,11.2,96,11.34,2021-02-03T14:00:00Z,30352,11.32492
11.335,11.59,11.275,108,11.29,2021-02-03T15:00:00Z,37164,11.430315
11.005,11.34,11.0,114,11.325,2021-02-03T16:00:00Z,32677,11.155647
10.92,11.07,10.885,113,11.015,2021-02-03T17:00:00Z,37401,10.994371
10.935,10.99,10.885,42,10.92,2021-02-03T18:00:00Z,13178,10.932173
10.815,10.945,10.8,139,10.93,2021-02-03T19:00:00Z,48059,10.845531
10.825,10.955,10.8,124,10.825,2021-02-03T20:00:00Z,44686,10.860198
10.84,10.84,10.84,1,10.84,2021-02-03T21:00:00Z,500,10.84
10.48,10.48,10.48,22,10.48,2021-02-04T13:00:00Z,2650,10.48
10.32,10.46,10.25,139,10.455,2021-02-04T14:00:00Z,44364,10.338371
10.425,10.455,10.305,395,10.33,2021-02-04T15:00:00Z,194590,10.348421
10.315,10.435,10.31,271,10.425,2021-02-04T16:00:00Z,61205,10.381969
10.235,10.335,10.18,206,10.315,2021-02-04T17:00:00Z,73249,10.259627
10.295,10.3,10.18,122,10.265,2021-02-04T18:00:00Z,40795,10.250048
10.22,10.295,10.22,91,10.295,2021-02-04T19:00:00Z,37708,10.261526
10.125,10.24,10.125,209,10.22,2021-02-04T20:00:00Z,100565,10.1901
10.14,10.14,10.14,1,10.14,2021-02-04T21:00:00Z,100,10.14
10.13,10.13,10.13,1,10.13,2021-02-05T13:00:00Z,200,10.13
10.225,10.25,10.09,75,10.1,2021-02-05T14:00:00Z,27228,10.159088
10.12,10.38,10.105,252,10.23,2021-02-05T15:00:00Z,91466,10.238927
10.16,10.2,10.105,97,10.125,2021-02-05T16:00:00Z,26692,10.138955
10.09,10.17,10.06,125,10.16,2021-02-05T17:00:00Z,47625,10.099962
10.195,10.195,10.055,137,10.1,2021-02-05T18:00:00Z,43604,10.12219
10.105,10.22,10.105,136,10.205,2021-02-05T19:00:00Z,40444,10.176993
10.06,10.145,10.06,179,10.11,2021-02-05T20:00:00Z,66745,10.111196
10.07,10.07,9.99,80,10.0,2021-02-08T14:00:00Z,37831,10.01664
10.05,10.095,10.015,183,10.085,2021-02-08T15:00:00Z,40963,10.053299
10.09,10.215,10.045,307,10.045,2021-02-08T16:00:00Z,66704,10.136272
10.12,10.12,10.05,60,10.09,2021-02-08T17:00:00Z,25525,10.067796
10.06,10.12,10.025,108,10.12,2021-02-08T18:00:00Z,30104,10.061414
10.01,10.085,10.0,217,10.055,2021-02-08T19:00:00Z,88747,10.044558
9.975,10.055,9.975,230,10.02,2021-02-08T20:00:00Z,77620,10.009941
10.13,10.13,10.11,3,10.11,2021-02-09T13:00:00Z,600,10.123333
10.13,10.24,10.08,105,10.15,2021-02-09T14:00:00Z,44597,10.130794
10.14,10.215,10.08,156,10.14,2021-02-09T15:00:00Z,60055,10.131539
10.1,10.205,10.1,65,10.145,2021-02-09T16:00:00Z,20249,10.161459
9.98,10.11,9.96,139,10.11,2021-02-09T17:00:00Z,51325,9.993319
9.895,9.995,9.88,138,9.985,2021-02-09T18:00:00Z,48133,9.946168
9.87,9.89,9.825,254,9.89,2021-02-09T19:00:00Z,58658,9.854819
9.99,10.045,9.87,245,9.87,2021-02-09T20:00:00Z,65389,9.937952
9.96,9.995,9.92,67,9.92,2021-02-10T14:00:00Z,25687,9.972252
10.185,10.68,9.885,996,9.95,2021-02-10T15:00:00Z,423861,10.275516
10.27,10.46,10.13,329,10.2,2021-02-10T16:00:00Z,111966,10.307678
10.295,10.5,10.23,152,10.37,2021-02-10T17:00:00Z,55909,10.375799
10.265,10.325,10.165,145,10.285,2021-02-10T18:00:00Z,61923,10.255766
10.05,10.31,10.05,145,10.25,2021-02-10T19:00:00Z,58149,10.161969
10.25,10.305,10.0,141,10.03,2021-02-10T20:00:00Z,84738,10.176456
10.25,10.3,10.05,72,10.07,2021-02-11T14:00:00Z,22477,10.159137
10.205,10.3,10.08,163,10.3,2021-02-11T15:00:00Z,68499,10.152399
10.145,10.235,10.07,138,10.21,2021-02-11T16:00:00Z,50029,10.136907
10.35,10.585,10.12,484,10.125,2021-02-11T17:00:00Z,175101,10.362759
10.32,10.465,10.24,56,10.385,2021-02-11T18:00:00Z,20425,10.318214
10.185,10.415,10.17,88,10.39,2021-02-11T19:00:00Z,44067,10.325533
9.91,10.16,9.905,194,10.14,2021-02-11T20:00:00Z,89246,10.062958
10.08,10.08,10.08,1,10.08,2021-02-12T13:00:00Z,100,10.08
9.915,10.06,9.9,111,10.06,2021-02-12T14:00:00Z,55737,9.955627
9.795,9.925,9.735,384,9.925,2021-02-12T15:00:00Z,141821,9.828892
9.775,9.855,9.74,148,9.785,2021-02-12T16:00:00Z,59705,9.790442
9.705,9.785,9.665,121,9.785,2021-02-12T17:00:00Z,55123,9.741053
9.64,9.74,9.615,133,9.685,2021-02-12T18:00:00Z,71580,9.670033
9.52,9.675,9.52,218,9.64,2021-02-12T19:00:00Z,97479,9.583091
9.42,9.525,9.375,273,9.525,2021-02-12T20:00:00Z,108935,9.441638
9.31,9.31,9.31,2,9.31,2021-02-16T13:00:00Z,400,9.31
9.49,9.54,9.4,108,9.47,2021-02-16T14:00:00Z,42199,9.467361
9.48,9.575,9.35,158,9.51,2021-02-16T15:00:00Z,71666,9.462793
9.62,9.695,9.45,304,9.505,2021-02-16T16:00:00Z,139480,9.557826
9.46,9.705,9.4,211,9.68,2021-02-16T17:00:00Z,89620,9.585425
9.365,9.455,9.3,120,9.445,2021-02-16T18:00:00Z,72985,9.365727
9.35,9.4,9.275,51,9.365,2021-02-16T19:00:00Z,21793,9.329804
9.52,9.52,9.315,152,9.365,2021-02-16T20:00:00Z,74818,9.399675
9.52,9.52,9.52,1,9.52,2021-02-16T21:00:00Z,1800,9.52
9.72,9.72,9.47,2,9.47,2021-02-17T13:00:00Z,500,9.62
9.805,9.945,9.65,257,9.71,2021-02-17T14:00:00Z,87839,9.783086
9.8,9.96,9.715,271,9.81,2021-02-17T15:00:00Z,115125,9.853353
9.83,10.01,9.79,311,9.83,2021-02-17T16:00:00Z,151904,9.908677
9.64,9.825,9.565,171,9.81,2021-02-17T17:00:00Z,66844,9.69335
9.665,9.705,9.55,172,9.6,2021-02-17T18:00:00Z,44563,9.603012
9.495,9.62,9.49,128,9.6,2021-02-17T19:00:00Z,44947,9.544942
9.25,9.5,9.22,424,9.49,2021-02-17T20:00:00Z,126241,9.348835
9.27,9.27,9.27,2,9.27,2021-02-17T21:00:00Z,225,9.27
9.49,9.49,9.49,2,9.49,2021-02-18T13:00:00Z,400,9.49
9.48,9.7,9.44,136,9.69,2021-02-18T14:00:00Z,63897,9.531914
9.52,9.815,9.46,462,9.48,2021-02-18T15:00:00Z,192050,9.663925
9.575,9.625,9.42,151,9.595,2021-02-18T16:00:00Z,58338,9.552508
9.455,9.685,9.435,114,9.58,2021-02-18T17:00:00Z,41010,9.539879
9.325,9.515,9.255,189,9.46,2021-02-18T18:00:00Z,82616,9.369264
9.245,9.325,9.21,164,9.325,2021-02-18T19:00:00Z,54819,9.257568
9.33,9.345,9.19,227,9.275,2021-02-18T20:00:00Z,73451,9.279668
9.055,9.22,9.055,140,9.21,2021-02-19T14:00:00Z,59729,9.140679
8.865,9.08,8.865,255,9.035,2021-02-19T15:00:00Z,123354,8.974825
8.735,8.875,8.67,184,8.875,2021-02-19T16:00:00Z,102078,8.745842
8.99,9.095,8.735,273,8.74,2021-02-19T17:00:00Z,123980,8.948543
8.9,9.12,8.88,154,8.94,2021-02-19T18:00:00Z,60105,8.969531
8.925,9.085,8.835,164,8.915,2021-02-19T19:00:00Z,93579,8.989189
8.805,8.95,8.8,115,8.91,2021-02-19T20:00:00Z,62230,8.866961
8.87,8.87,8.87,1,8.87,2021-02-19T21:00:00Z,1900,8.87
9.175,9.275,9.125,155,9.235,2021-02-22T14:00:00Z,71100,9.195051
9.18,9.245,9.065,186,9.145,2021-02-22T15:00:00Z,74194,9.16177
9.01,9.22,8.98,103,9.16,2021-02-22T16:00:00Z,35050,9.104719
8.91,9.09,8.91,207,9.0,2021-02-22T17:00:00Z,123245,8.969747
8.905,8.925,8.865,83,8.895,2021-02-22T18:00:00Z,48793,8.895582
8.94,8.955,8.895,33,8.91,2021-02-22T19:00:00Z,22699,8.92758
9.345,9.36,8.945,195,8.945,2021-02-22T20:00:00Z,65365,9.184974
9.52,9.52,9.41,6,9.43,2021-02-23T13:00:00Z,1200,9.454167
9.77,10.11,9.465,216,9.52,2021-02-23T14:00:00Z,102842,9.763537
9.315,9.86,9.215,419,9.8,2021-02-23T15:00:00Z,153019,9.396307
9.5,9.535,9.225,261,9.35,2021-02-23T16:00:00Z,71231,9.36626
9.665,9.7,9.43,177,9.55,2021-02-23T17:00:00Z,56385,9.569639
9.28,9.63,9.22,146,9.63,2021-02-23T18:00:00Z,66957,9.391944
9.155,9.325,9.14,136,9.27,2021-02-23T19:00:00Z,57749,9.213226
8.79,9.155,8.78,211,9.145,2021-02-23T20:00:00Z,62588,8.95234
8.9,8.9,8.82,2,8.82,2021-02-23T21:00:00Z,250,8.868
9.08,9.08,8.81,5,8.81,2021-02-24T13:00:00Z,1000,8.925
9.1,9.26,8.985,111,9.135,2021-02-24T14:00:00Z,58101,9.094022
8.775,9.19,8.765,291,9.07,2021-02-24T15:00:00Z,99518,8.913506
8.705,8.795,8.7,206,8.77,2021-02-24T16:00:00Z,53160,8.760942
8.56,8.705,8.495,214,8.705,2021-02-24T17:00:00Z,51096,8.580209
8.47,8.595,8.47,198,8.565,2021-02-24T18:00:00Z,67213,8.533592
8.52,8.53,8.44,303,8.45,2021-02-24T19:00:00Z,82386,8.472287
8.25,8.51,8.245,347,8.51,2021-02-24T20:00:00Z,95921,8.36695
8.47,8.525,8.33,77,8.51,2021-02-25T14:00:00Z,27650,8.416495
8.525,8.725,8.365,303,8.465,2021-02-25T15:00:00Z,131485,8.581481
8.77,8.81,8.465,335,8.54,2021-02-25T16:00:00Z,213985,8.573376
9.56,9.65,8.725,712,8.78,2021-02-25T17:00:00Z,314579,9.177424
9.51,9.77,9.185,884,9.59,2021-02-25T18:00:00Z,250871,9.423019
9.79,9.885,9.115,564,9.49,2021-02-25T19:00:00Z,152922,9.523932
10.22,10.59,9.74,1518,9.82,2021-02-25T20:00:00Z,420178,10.205244
9.96,10.08,9.96,2,10.08,2021-02-25T21:00:00Z,200,10.02
9.93,10.09,9.93,3,10.09,2021-02-26T13:00:00Z,600,10.01
10.05,10.05,9.605,981,9.63,2021-02-26T14:00:00Z,192492,9.780139
9.9,10.7,9.8,1019,10.095,2021-02-26T15:00:00Z,306631,10.261316
9.63,9.94,9.555,261,9.91,2021-02-26T16:00:00Z,74715,9.741211
9.61,9.635,9.29,237,9.6,2021-02-26T17:00:00Z,65569,9.455999
9.735,9.76,9.35,455,9.63,2021-02-26T18:00:00Z,74283,9.54531
9.65,9.99,9.595,210,9.755,2021-02-26T19:00:00Z,46946,9.79642
9.465,9.745,9.225,208,9.555,2021-02-26T20:00:00Z,89402,9.489914
8.87,8.87,8.79,4,8.79,2021-03-01T13:00:00Z,520,8.822
8.58,8.655,8.57,133,8.63,2021-03-01T14:00:00Z,42554,8.614419
8.525,8.6,8.49,161,8.555,2021-03-01T15:00:00Z,97645,8.527089
8.45,8.555,8.45,118,8.535,2021-03-01T16:00:00Z,47813,8.502376
8.495,8.53,8.43,103,8.445,2021-03-01T17:00:00Z,64065,8.485783
8.455,8.56,8.455,62,8.49,2021-03-01T18:00:00Z,27983,8.510641
8.44,8.465,8.395,62,8.46,2021-03-01T19:00:00Z,33663,8.429404
8.54,8.54,8.33,214,8.44,2021-03-01T20:00:00Z,83864,8.38564
8.5,8.5,8.5,2,8.5,2021-03-01T21:00:00Z,2000,8.5
8.51,8.51,8.51,1,8.51,2021-03-02T13:00:00Z,200,8.51
8.4,8.625,8.375,126,8.45,2021-03-02T14:00:00Z,66106,8.484896
8.445,8.59,8.35,128,8.395,2021-03-02T15:00:00Z,74009,8.413532
8.51,8.66,8.47,124,8.47,2021-03-02T16:00:00Z,54978,8.570401
8.405,8.53,8.375,74,8.53,2021-03-02T17:00:00Z,28950,8.417059
8.4,8.4,8.355,40,8.375,2021-03-02T18:00:00Z,26824,8.372852
8.45,8.555,8.395,24,8.395,2021-03-02T19:00:00Z,9782,8.482492
8.61,8.635,8.4,90,8.445,2021-03-02T20:00:00Z,61698,8.564255
8.6,8.6,8.6,2,8.6,2021-03-02T21:00:00Z,600,8.6
8.8,8.81,8.415,121,8.49,2021-03-03T14:00:00Z,50725,8.605492
8.7,9.11,8.67,402,8.81,2021-03-03T15:00:00Z,148278,8.934007
8.6,8.72,8.52,194,8.7,2021-03-03T16:00:00Z,70348,8.602882
8.78,8.82,8.61,120,8.67,2021-03-03T17:00:00Z,44947,8.720887
8.85,8.9,8.645,70,8.74,2021-03-03T18:00:00Z,27183,8.737215
8.845,9.11,8.795,206,8.84,2021-03-03T19:00:00Z,78846,8.934397
9.15,9.16,8.805,187,8.845,2021-03-03T20:00:00Z,101100,8.999968
9.15,9.15,9.15,1,9.15,2021-03-03T21:00:00Z,100,9.15
9.16,9.245,8.83,229,8.995,2021-03-04T14:00:00Z,80096,9.011311
8.915,9.48,8.865,348,9.215,2021-03-04T15:00:00Z,149625,9.146982
8.74,9.035,8.715,121,8.87,2021-03-04T16:00:00Z,42912,8.840224
9.51,9.67,8.73,237,8.75,2021-03-04T17:00:00Z,96559,9.252474
10.29,10.34,9.415,446,9.48,2021-03-04T18:00:00Z,129322,9.886569
9.555,10.28,9.47,504,10.28,2021-03-04T19:00:00Z,192566,9.894071
9.78,9.955,9.55,374,9.575,2021-03-04T20:00:00Z,86456,9.767678
9.42,9.42,9.42,1,9.42,2021-03-05T13:00:00Z,500,9.42
9.65,9.79,9.1,293,9.18,2021-03-05T14:00:00Z,109414,9.49064
9.69,9.815,9.39,440,9.65,2021-03-05T15:00:00Z,123973,9.617437
9.67,10.15,9.62,385,9.735,2021-03-05T16:00:00Z,119449,9.895061
9.37,9.68,9.225,311,9.68,2021-03-05T17:00:00Z,94581,9.453513
9.05,9.455,8.94,356,9.335,2021-03-05T18:00:00Z,80569,9.173771
8.795,9.155,8.795,453,9.02,2021-03-05T19:00:00Z,68991,8.948732
8.71,8.85,8.675,129,8.795,2021-03-05T20:00:00Z,50756,8.722613
8.86,9.035,8.67,180,8.725,2021-03-08T14:00:00Z,67200,8.806389
8.57,8.82,8.47,122,8.775,2021-03-08T15:00:00Z,51952,8.56655
8.75,8.75,8.525,74,8.58,2021-03-08T16:00:00Z,34621,8.668672
8.535,8.765,8.49,65,8.765,2021-03-08T17:00:00Z,31447,8.641332
8.84,8.845,8.52,48,8.565,2021-03-08T18:00:00Z,32008,8.64458
8.755,8.86,8.6,91,8.855,2021-03-08T19:00:00Z,54241,8.739022
8.905,8.91,8.675,135,8.835,2021-03-08T20:00:00Z,67440,8.800647
8.91,8.91,8.91,1,8.91,2021-03-08T21:00:00Z,1000,8.91
8.61,8.61,8.61,1,8.61,2021-03-09T13:00:00Z,200,8.61
8.455,8.605,8.44,109,8.54,2021-03-09T14:00:00Z,48911,8.507531
8.385,8.48,8.335,142,8.48,2021-03-09T15:00:00Z,68472,8.38214
8.32,8.385,8.32,111,8.385,2021-03-09T16:00:00Z,44124,8.355818
8.315,8.365,8.305,158,8.33,2021-03-09T17:00:00Z,39611,8.336866
8.35,8.375,8.295,114,8.315,2021-03-09T18:00:00Z,33217,8.333989
8.315,8.37,8.285,127,8.355,2021-03-09T19:00:00Z,48389,8.322157
8.375,8.405,8.25,164,8.335,2021-03-09T20:00:00Z,86201,8.312398
8.39,8.39,8.39,1,8.39,2021-03-09T21:00:00Z,2000,8.39
8.23,8.23,8.23,1,8.23,2021-03-10T13:00:00Z,200,8.23
8.12,8.13,8.06,146,8.065,2021-03-10T14:00:00Z,50259,8.105507
8.145,8.24,8.085,173,8.12,2021-03-10T15:00:00Z,64534,8.168388
8.17,8.25,8.145,88,8.155,2021-03-10T16:00:00Z,32809,8.186639
8.175,8.26,8.13,160,8.145,2021-03-10T17:00:00Z,44122,8.202985
8.25,8.325,8.16,146,8.19,2021-03-10T18:00:00Z,56670,8.238126
8.17,8.26,8.145,107,8.26,2021-03-10T19:00:00Z,39200,8.186419
8.245,8.275,8.165,99,8.175,2021-03-10T20:00:00Z,37680,8.231227
7.995,8.065,7.99,109,8.05,2021-03-11T14:00:00Z,57536,8.025633
7.91,8.025,7.91,167,7.985,2021-03-11T15:00:00Z,80441,7.954331
7.9,7.95,7.89,74,7.935,2021-03-11T16:00:00Z,30298,7.911553
7.91,7.945,7.905,103,7.905,2021-03-11T17:00:00Z,42095,7.917641
7.92,7.92,7.87,48,7.91,2021-03-11T18:00:00Z,21495,7.89247
7.895,7.905,7.85,72,7.905,2021-03-11T19:00:00Z,33252,7.881727
7.935,7.955,7.88,113,7.895,2021-03-11T20:00:00Z,55163,7.924844
7.94,7.94,7.94,1,7.94,2021-03-11T21:00:00Z,2100,7.94
8.06,8.185,8.04,65,8.18,2021-03-12T14:00:00Z,27045,8.084896
8.135,8.175,8.04,171,8.07,2021-03-12T15:00:00Z,74131,8.082637
7.97,8.16,7.96,112,8.13,2021-03-12T16:00:00Z,77969,8.038666
7.93,7.96,7.85,73,7.96,2021-03-12T17:00:00Z,24404,7.892056
7.855,7.945,7.84,61,7.94,2021-03-12T18:00:00Z,25062,7.877349
7.8,7.855,7.8,71,7.84,2021-03-12T19:00:00Z,22779,7.823574
7.72,7.815,7.715,178,7.81,2021-03-12T20:00:00Z,73315,7.766289
7.72,7.72,7.72,1,7.72,2021-03-12T21:00:00Z,1000,7.72
7.575,7.75,7.575,93,7.68,2021-03-15T13:00:00Z,50367,7.690182
7.6,7.645,7.575,103,7.575,2021-03-15T14:00:00Z,40776,7.605429
7.625,7.71,7.55,123,7.59,2021-03-15T15:00:00Z,44713,7.630691
7.45,7.63,7.45,122,7.63,2021-03-15T16:00:00Z,43344,7.531295
7.27,7.45,7.255,172,7.44,2021-03-15T17:00:00Z,74358,7.368639
7.17,7.29,7.17,145,7.26,2021-03-15T18:00:00Z,66714,7.236535
7.04,7.285,7.025,248,7.175,2021-03-15T19:00:00Z,122211,7.167759
7.07,7.07,7.07,1,7.07,2021-03-16T12:00:00Z,200,7.07
6.895,7.05,6.885,184,7.03,2021-03-16T13:00:00Z,55536,6.978438
6.85,6.9,6.84,190,6.9,2021-03-16T14:00:00Z,65511,6.860885
6.815,6.875,6.81,119,6.875,2021-03-16T15:00:00Z,58662,6.829248
6.8,6.905,6.77,174,6.815,2021-03-16T16:00:00Z,79247,6.825565
6.84,6.85,6.74,89,6.79,2021-03-16T17:00:00Z,52254,6.785512
6.99,7.07,6.81,272,6.855,2021-03-16T18:00:00Z,128092,6.977619
7.07,7.07,6.89,223,6.99,2021-03-16T19:00:00Z,102054,6.983439
7.02,7.07,7.02,3,7.07,2021-03-16T20:00:00Z,2907,7.03204
7.12,7.215,7.095,99,7.215,2021-03-17T13:00:00Z,33861,7.153483
7.13,7.155,7.0,125,7.13,2021-03-17T14:00:00Z,57218,7.07445
7.17,7.18,7.1,84,7.145,2021-03-17T15:00:00Z,35260,7.131637
7.15,7.175,7.08,130,7.17,2021-03-17T16:00:00Z,32844,7.118042
7.145,7.19,7.1,105,7.135,2021-03-17T17:00:00Z,40626,7.153045
6.68,7.11,6.68,489,7.11,2021-03-17T18:00:00Z,209836,6.884765
6.58,6.73,6.58,224,6.665,2021-03-17T19:00:00Z,101151,6.635574
6.69,6.69,6.69,1,6.69,2021-03-17T20:00:00Z,100,6.69
6.745,6.81,6.675,108,6.76,2021-03-18T13:00:00Z,67586,6.723621
6.82,6.905,6.72,241,6.785,2021-03-18T14:00:00Z,130023,6.801568
6.71,6.805,6.685,66,6.79,2021-03-18T15:00:00Z,28962,6.749696
6.76,6.77,6.62,119,6.69,2021-03-18T16:00:00Z,79659,6.661314
6.62,6.745,6.61,77,6.745,2021-03-18T17:00:00Z,65724,6.667643
6.925,7.02,6.6,192,6.6,2021-03-18T18:00:00Z,107185,6.826941
7.13,7.22,6.89,341,6.93,2021-03-18T19:00:00Z,311985,7.084384
7.05,7.05,7.05,1,7.05,2021-03-18T20:00:00Z,100,7.05
7.21,7.3,6.95,232,6.95,2021-03-19T13:00:00Z,122117,7.160793
6.98,7.34,6.96,299,7.25,2021-03-19T14:00:00Z,113020,7.12464
6.785,7.005,6.76,181,6.925,2021-03-19T15:00:00Z,94259,6.869992
6.685,6.815,6.685,144,6.785,2021-03-19T16:00:00Z,63638,6.75895
6.705,6.775,6.675,73,6.68,2021-03-19T17:00:00Z,24148,6.708876
6.68,6.775,6.68,119,6.685,2021-03-19T18:00:00Z,47524,6.7146
6.705,6.755,6.67,117,6.67,2021-03-19T19:00:00Z,59409,6.707947
6.84,6.84,6.73,4,6.73,2021-03-19T20:00:00Z,7504,6.79919
6.615,6.635,6.575,111,6.575,2021-03-22T13:00:00Z,39676,6.607322
6.5,6.635,6.5,84,6.63,2021-03-22T14:00:00Z,26333,6.548881
6.39,6.5,6.36,73,6.495,2021-03-22T15:00:00Z,50922,6.427862
6.22,6.37,6.215,108,6.37,2021-03-22T16:00:00Z,63321,6.290257
6.08,6.25,6.075,56,6.22,2021-03-22T17:00:00Z,34405,6.185885
6.06,6.075,5.995,139,6.07,2021-03-22T18:00:00Z,92322,6.03997
6.06,6.13,6.045,215,6.045,2021-03-22T19:00:00Z,97364,6.090173
6.05,6.05,6.05,1,6.05,2021-03-22T20:00:00Z,2100,6.05
6.14,6.2,6.115,103,6.115,2021-03-23T13:00:00Z,54219,6.171483
6.135,6.225,6.1,143,6.145,2021-03-23T14:00:00Z,42165,6.162504
6.215,6.23,6.09,198,6.135,2021-03-23T15:00:00Z,107013,6.160956
6.135,6.28,6.135,175,6.18,2021-03-23T16:00:00Z,66909,6.223824
6.33,6.34,6.135,178,6.135,2021-03-23T17:00:00Z,93992,6.267499
6.5,6.5,6.295,184,6.325,2021-03-23T18:00:00Z,70396,6.379904
6.475,6.655,6.375,418,6.495,2021-03-23T19:00:00Z,168781,6.538694
6.37,6.38,6.24,100,6.27,2021-03-24T13:00:00Z,78986,6.307313
6.16,6.38,6.16,112,6.38,2021-03-24T14:00:00Z,77979,6.284289
6.2,6.21,6.1,77,6.135,2021-03-24T15:00:00Z,50363,6.130436
6.18,6.2,6.1,82,6.135,2021-03-24T16:00:00Z,59095,6.150821
6.205,6.36,6.2,111,6.2,2021-03-24T17:00:00Z,77934,6.272469
6.45,6.455,6.225,92,6.23,2021-03-24T18:00:00Z,82886,6.356434
6.54,6.565,6.385,199,6.445,2021-03-24T19:00:00Z,92674,6.460653
6.52,6.52,6.52,1,6.52,2021-03-24T20:00:00Z,2400,6.52
6.79,6.88,6.61,123,6.65,2021-03-25T13:00:00Z,74888,6.71599
6.97,7.11,6.685,265,6.78,2021-03-25T14:00:00Z,125672,6.905904
6.69,7.1,6.685,377,7.015,2021-03-25T15:00:00Z,135647,6.907412
6.52,6.715,6.495,280,6.69,2021-03-25T16:00:00Z,127661,6.579712
6.525,6.6,6.42,177,6.55,2021-03-25T17:00:00Z,82666,6.509972
6.395,6.62,6.395,130,6.6,2021-03-25T18:00:00Z,79720,6.49877
6.27,6.395,6.225,318,6.395,2021-03-25T19:00:00Z,121384,6.287087
6.27,6.27,6.27,1,6.27,2021-03-25T20:00:00Z,100,6.27
6.0,6.1,5.99,94,6.1,2021-03-26T13:00:00Z,49208,6.019831
5.96,5.985,5.905,230,5.975,2021-03-26T14:00:00Z,114531,5.952983
5.89,6.01,5.865,369,5.94,2021-03-26T15:00:00Z,104736,5.94314
5.845,5.88,5.8,169,5.875,2021-03-26T16:00:00Z,116728,5.837847
5.935,5.96,5.79,215,5.84,2021-03-26T17:00:00Z,82355,5.861463
6.195,6.46,5.94,519,5.94,2021-03-26T18:00:00Z,253114,6.184246
5.9,6.225,5.87,360,6.2,2021-03-26T19:00:00Z,114385,6.075406
5.91,5.93,5.91,4,5.93,2021-03-26T20:00:00Z,2500,5.9108
6.14,6.16,6.04,71,6.11,2021-03-29T13:00:00Z,50421,6.083812
6.29,6.34,6.15,137,6.15,2021-03-29T14:00:00Z,93405,6.274623
6.15,6.36,6.145,110,6.34,2021-03-29T15:00:00Z,69826,6.247117
6.14,6.27,6.12,199,6.15,2021-03-29T16:00:00Z,65388,6.190617
6.125,6.16,6.015,121,6.13,2021-03-29T17:00:00Z,74429,6.095027
6.175,6.185,6.095,66,6.115,2021-03-29T18:00:00Z,50411,6.126148
6.11,6.165,6.09,104,6.11,2021-03-29T19:00:00Z,35202,6.122687
6.145,6.2,6.08,56,6.08,2021-03-30T13:00:00Z,24593,6.15233
6.055,6.205,6.035,105,6.11,2021-03-30T14:00:00Z,63475,6.116688
6.0,6.08,5.92,105,6.065,2021-03-30T15:00:00Z,53370,6.002897
5.935,6.07,5.935,63,5.98,2021-03-30T16:00:00Z,17779,5.98014
5.83,5.975,5.78,70,5.92,2021-03-30T17:00:00Z,53708,5.84997
5.76,5.86,5.76,57,5.85,2021-03-30T18:00:00Z,47701,5.791198
5.71,5.785,5.71,102,5.755,2021-03-30T19:00:00Z,60957,5.744495
5.75,5.75,5.75,1,5.75,2021-03-30T20:00:00Z,1000,5.75
5.53,5.595,5.53,95,5.595,2021-03-31T13:00:00Z,59909,5.572582
5.71,5.71,5.49,104,5.52,2021-03-31T14:00:00Z,112625,5.591789
5.795,5.795,5.67,59,5.725,2021-03-31T15:00:00Z,44134,5.731965
5.71,5.81,5.705,38,5.8,2021-03-31T16:00:00Z,40728,5.765773
5.61,5.72,5.61,40,5.7,2021-03-31T17:00:00Z,23637,5.669486
5.62,5.65,5.535,76,5.6,2021-03-31T18:00:00Z,57140,5.592368
5.62,5.66,5.55,65,5.62,2021-03-31T19:00:00Z,49352,5.60522
5.65,5.65,5.65,2,5.65,2021-03-31T20:00:00Z,2525,5.65
5.53,5.53,5.53,1,5.53,2021-04-01T12:00:00Z,200,5.53
5.52,5.55,5.5,47,5.55,2021-04-01T13:00:00Z,37213,5.517253
5.47,5.505,5.44,85,5.5,2021-04-01T14:00:00Z,61777,5.472818
5.465,5.505,5.425,168,5.46,2021-04-01T15:00:00Z,88941,5.458566
5.45,5.465,5.43,95,5.46,2021-04-01T16:00:00Z,66092,5.453445
5.445,5.445,5.425,52,5.445,2021-04-01T17:00:00Z,24848,5.432055
5.375,5.47,5.37,158,5.46,2021-04-01T18:00:00Z,58782,5.415364
5.37,5.395,5.32,198,5.37,2021-04-01T19:00:00Z,164703,5.357476
5.36,5.36,5.36,2,5.36,2021-04-01T20:00:00Z,2600,5.36
5.17,5.18,5.1,67,5.13,2021-04-05T13:00:00Z,46056,5.149506
5.14,5.18,5.1,104,5.18,2021-04-05T14:00:00Z,69400,5.147903
5.16,5.17,5.14,36,5.14,2021-04-05T15:00:00Z,22367,5.158092
5.195,5.195,5.13,83,5.15,2021-04-05T16:00:00Z,53102,5.166665
5.22,5.245,5.21,88,5.21,2021-04-05T17:00:00Z,87866,5.228142
5.17,5.26,5.17,77,5.235,2021-04-05T18:00:00Z,38482,5.224396
5.16,5.19,5.14,100,5.16,2021-04-05T19:00:00Z,33044,5.158199
5.09,5.16,5.08,66,5.16,2021-04-06T13:00:00Z,62091,5.099527
5.06,5.11,5.04,99,5.085,2021-04-06T14:00:00Z,72448,5.080366
5.125,5.14,5.055,43,5.07,2021-04-06T15:00:00Z,24407,5.115154
5.15,5.17,5.135,81,5.135,2021-04-06T16:00:00Z,27677,5.152598
5.185,5.22,5.14,79,5.14,2021-04-06T17:00:00Z,73372,5.182479
5.15,5.19,5.11,53,5.19,2021-04-06T18:00:00Z,20098,5.149518
5.17,5.22,5.165,75,5.18,2021-04-06T19:00:00Z,28635,5.192773
5.2,5.2,5.2,1,5.2,2021-04-06T20:00:00Z,2700,5.2
5.13,5.19,5.12,58,5.18,2021-04-07T13:00:00Z,54199,5.159815
5.05,5.12,5.03,52,5.12,2021-04-07T14:00:00Z,45248,5.090445
5.09,5.12,5.04,29,5.04,2021-04-07T15:00:00Z,21136,5.073398
5.13,5.145,5.08,54,5.085,2021-04-07T16:00:00Z,63142,5.123859
5.065,5.12,5.065,30,5.12,2021-04-07T17:00:00Z,21694,5.082027
4.985,5.07,4.95,131,5.07,2021-04-07T18:00:00Z,87302,4.994743
4.99,5.03,4.95,219,4.97,2021-04-07T19:00:00Z,153547,4.981858
4.89,4.93,4.85,56,4.88,2021-04-08T13:00:00Z,59234,4.876815
4.92,4.93,4.87,109,4.88,2021-04-08T14:00:00Z,65560,4.903003
4.91,4.915,4.88,50,4.91,2021-04-08T15:00:00Z,18231,4.892054
4.85,4.91,4.83,105,4.905,2021-04-08T16:00:00Z,48990,4.854204
4.815,4.85,4.815,34,4.85,2021-04-08T17:00:00Z,28903,4.833129
4.825,4.825,4.79,56,4.815,2021-04-08T18:00:00Z,37004,4.801255
4.86,4.86,4.81,121,4.82,2021-04-08T19:00:00Z,94412,4.834804
4.92,4.96,4.89,68,4.96,2021-04-09T13:00:00Z,33723,4.914268
4.935,4.96,4.925,82,4.925,2021-04-09T14:00:00Z,59541,4.937979
4.93,4.955,4.91,34,4.92,2021-04-09T15:00:00Z,22465,4.930367
4.92,4.93,4.92,32,4.93,2021-04-09T16:00:00Z,7505,4.922862
4.875,4.915,4.87,42,4.915,2021-04-09T17:00:00Z,28781,4.8869
4.77,4.87,4.77,72,4.87,2021-04-09T18:00:00Z,78928,4.805114
4.845,4.845,4.74,162,4.76,2021-04-09T19:00:00Z,128703,4.794963
4.96,4.96,4.915,40,4.915,2021-04-12T13:00:00Z,26513,4.943144
4.98,5.04,4.94,182,4.97,2021-04-12T14:00:00Z,112812,5.000973
4.92,4.985,4.92,40,4.97,2021-04-12T15:00:00Z,24943,4.957109
4.865,4.92,4.86,46,4.92,2021-04-12T16:00:00Z,33558,4.882197
4.89,4.895,4.86,22,4.86,2021-04-12T17:00:00Z,22427,4.877113
4.83,4.87,4.81,44,4.87,2021-04-12T18:00:00Z,54694,4.832731
4.76,4.83,4.76,141,4.83,2021-04-12T19:00:00Z,96110,4.79822
4.68,4.74,4.67,122,4.74,2021-04-13T13:00:00Z,91814,4.697871
4.76,4.77,4.67,87,4.67,2021-04-13T14:00:00Z,65385,4.715609
4.76,4.76,4.73,15,4.73,2021-04-13T15:00:00Z,24720,4.741521
4.73,4.73,4.73,2,4.73,2021-04-13T16:00:00Z,910,4.73
4.665,4.685,4.665,3,4.685,2021-04-13T17:00:00Z,900,4.671667
4.66,4.67,4.64,30,4.66,2021-04-13T18:00:00Z,19134,4.647821
4.675,4.71,4.655,157,4.655,2021-04-13T19:00:00Z,99001,4.684805
4.71,4.74,4.695,45,4.74,2021-04-14T13:00:00Z,42584,4.708233
4.74,4.75,4.72,33,4.73,2021-04-14T14:00:00Z,28000,4.730714
4.75,4.8,4.74,44,4.765,2021-04-14T15:00:00Z,17643,4.76612
4.7,4.755,4.68,40,4.75,2021-04-14T16:00:00Z,35800,4.694393
4.75,4.75,4.66,75,4.7,2021-04-14T17:00:00Z,39066,4.691095
4.8,4.82,4.695,129,4.755,2021-04-14T18:00:00Z,90677,4.733997
4.84,4.86,4.76,140,4.83,2021-04-14T19:00:00Z,105138,4.814358
4.64,4.66,4.61,54,4.65,2021-04-15T13:00:00Z,58893,4.642427
4.61,4.64,4.57,42,4.64,2021-04-15T14:00:00Z,41202,4.613257
4.67,4.675,4.61,25,4.61,2021-04-15T15:00:00Z,22488,4.654598
4.68,4.685,4.675,15,4.675,2021-04-15T16:00:00Z,30626,4.679057
4.69,4.695,4.67,37,4.68,2021-04-15T17:00:00Z,21478,4.683586
4.645,4.7,4.64,41,4.69,2021-04-15T18:00:00Z,43477,4.665332
4.61,4.64,4.595,116,4.64,2021-04-15T19:00:00Z,77256,4.609776
4.625,4.64,4.61,18,4.61,2021-04-16T13:00:00Z,6487,4.633011
4.55,4.645,4.55,56,4.64,2021-04-16T14:00:00Z,37046,4.588405
4.525,4.545,4.515,30,4.54,2021-04-16T15:00:00Z,34383,4.52886
4.51,4.51,4.485,28,4.5,2021-04-16T16:00:00Z,15433,4.494408
4.485,4.505,4.48,40,4.505,2021-04-16T17:00:00Z,43184,4.483623
4.465,4.48,4.455,123,4.48,2021-04-16T18:00:00Z,74425,4.467264
4.5,4.535,4.49,115,4.495,2021-04-16T19:00:00Z,134685,4.515627
4.52,4.52,4.52,1,4.52,2021-04-16T20:00:00Z,600,4.52
4.55,4.55,4.55,2,4.55,2021-04-19T12:00:00Z,400,4.55
4.54,4.54,4.53,28,4.54,2021-04-19T13:00:00Z,23192,4.538273
4.67,4.72,4.56,106,4.57,2021-04-19T14:00:00Z,66814,4.627969
4.755,4.76,4.67,46,4.675,2021-04-19T15:00:00Z,44392,4.722868
4.88,4.925,4.75,252,4.76,2021-04-19T16:00:00Z,140927,4.83776
4.815,4.87,4.76,141,4.87,2021-04-19T17:00:00Z,94036,4.801956
4.725,4.885,4.725,58,4.84,2021-04-19T18:00:00Z,62845,4.790048
4.73,4.895,4.73,83,4.73,2021-04-19T19:00:00Z,92169,4.79638
4.74,4.74,4.74,1,4.74,2021-04-19T20:00:00Z,498,4.74
4.8,4.85,4.78,46,4.83,2021-04-20T13:00:00Z,45253,4.804608
5.01,5.07,4.8,141,4.805,2021-04-20T14:00:00Z,158772,4.962267
4.97,5.14,4.97,103,5.035,2021-04-20T15:00:00Z,114282,5.027242
4.94,5.01,4.88,75,5.0,2021-04-20T16:00:00Z,99172,4.937846
4.98,5.04,4.92,51,4.955,2021-04-20T17:00:00Z,53235,4.980749
5.095,5.095,4.95,79,4.99,2021-04-20T18:00:00Z,67416,5.042439
4.885,5.06,4.875,353,5.06,2021-04-20T19:00:00Z,328317,4.926975
4.93,4.93,4.93,1,4.93,2021-04-21T12:00:00Z,200,4.93
4.85,5.02,4.85,84,4.91,2021-04-21T13:00:00Z,96238,4.971443
4.76,4.845,4.735,61,4.845,2021-04-21T14:00:00Z,54298,4.788262
4.64,4.73,4.64,66,4.72,2021-04-21T15:00:00Z,62243,4.684609
4.675,4.7,4.645,79,4.645,2021-04-21T16:00:00Z,67385,4.675544
4.61,4.67,4.61,76,4.67,2021-04-21T17:00:00Z,86931,4.632414
4.59,4.605,4.56,88,4.6,2021-04-21T18:00:00Z,114937,4.573526
4.49,4.59,4.47,103,4.59,2021-04-21T19:00:00Z,158320,4.514073
4.51,4.51,4.51,1,4.51,2021-04-22T12:00:00Z,100,4.51
4.53,4.6,4.51,29,4.51,2021-04-22T13:00:00Z,24915,4.566406
4.49,4.61,4.48,72,4.55,2021-04-22T14:00:00Z,84828,4.53094
4.5,4.5,4.46,43,4.5,2021-04-22T15:00:00Z,45467,4.475508
4.495,4.52,4.49,81,4.49,2021-04-22T16:00:00Z,53417,4.502342
4.93,4.98,4.475,551,4.485,2021-04-22T17:00:00Z,270505,4.733316
4.82,5.0,4.77,464,4.94,2021-04-22T18:00:00Z,266958,4.871791
4.91,5.05,4.785,309,4.82,2021-04-22T19:00:00Z,275994,4.926193
4.81,4.89,4.79,198,4.87,2021-04-23T13:00:00Z,230936,4.837384
4.62,4.82,4.615,186,4.8,2021-04-23T14:00:00Z,100754,4.705942
4.635,4.64,4.59,111,4.615,2021-04-23T15:00:00Z,74727,4.622885
4.605,4.63,4.595,64,4.63,2021-04-23T16:00:00Z,76550,4.607078
4.54,4.59,4.52,46,4.59,2021-04-23T17:00:00Z,44477,4.549809
4.53,4.54,4.49,52,4.53,2021-04-23T18:00:00Z,23459,4.509672
4.65,4.66,4.52,161,4.53,2021-04-23T19:00:00Z,95997,4.57781
4.65,4.65,4.65,2,4.65,2021-04-23T20:00:00Z,460,4.65
4.59,4.61,4.56,212,4.56,2021-04-26T13:00:00Z,220431,4.587608
4.58,4.6,4.55,96,4.6,2021-04-26T14:00:00Z,91582,4.566287
4.595,4.595,4.545,27,4.58,2021-04-26T15:00:00Z,18160,4.563653
4.595,4.635,4.585,34,4.6,2021-04-26T16:00:00Z,54729,4.616658
4.61,4.63,4.59,25,4.63,2021-04-26T17:00:00Z,38236,4.622097
4.57,4.62,4.57,28,4.6,2021-04-26T18:00:00Z,51079,4.592816
4.585,4.68,4.55,58,4.57,2021-04-26T19:00:00Z,55979,4.602822
4.595,4.6,4.525,53,4.525,2021-04-27T13:00:00Z,17069,4.568755
4.545,4.62,4.54,71,4.62,2021-04-27T14:00:00Z,43533,4.573027
4.5,4.54,4.5,20,4.54,2021-04-27T15:00:00Z,24713,4.521454
4.495,4.495,4.46,60,4.49,2021-04-27T16:00:00Z,32428,4.47897
4.465,4.5,4.465,34,4.5,2021-04-27T17:00:00Z,13665,4.473217
4.46,4.5,4.46,78,4.465,2021-04-27T18:00:00Z,47003,4.47202
4.44,4.495,4.415,162,4.465,2021-04-27T19:00:00Z,101810,4.442358
4.405,4.45,4.4,102,4.41,2021-04-28T13:00:00Z,56042,4.415321
4.425,4.425,4.385,81,4.4,2021-04-28T14:00:00Z,29145,4.401882
4.475,4.475,4.4,81,4.425,2021-04-28T15:00:00Z,47988,4.437385
4.46,4.495,4.46,45,4.495,2021-04-28T16:00:00Z,58612,4.47826
4.48,4.485,4.445,24,4.47,2021-04-28T17:00:00Z,40808,4.463959
4.36,4.495,4.36,112,4.465,2021-04-28T18:00:00Z,106967,4.437188
4.415,4.45,4.35,247,4.35,2021-04-28T19:00:00Z,98094,4.391608
4.41,4.415,4.27,108,4.28,2021-04-29T13:00:00Z,95070,4.353152
4.515,4.53,4.39,109,4.43,2021-04-29T14:00:00Z,65297,4.466393
4.56,4.58,4.42,154,4.47,2021-04-29T15:00:00Z,91982,4.486776
4.47,4.63,4.47,326,4.59,2021-04-29T16:00:00Z,149530,4.560261
4.385,4.48,4.375,227,4.47,2021-04-29T17:00:00Z,99898,4.429254
4.39,4.405,4.355,236,4.38,2021-04-29T18:00:00Z,64017,4.373754
4.38,4.435,4.36,202,4.385,2021-04-29T19:00:00Z,126528,4.400957
4.48,4.49,4.48,2,4.49,2021-04-30T12:00:00Z,300,4.486667
4.45,4.51,4.44,67,4.5,2021-04-30T13:00:00Z,37025,4.47456
4.49,4.53,4.43,108,4.445,2021-04-30T14:00:00Z,81592,4.474843
4.51,4.62,4.505,119,4.53,2021-04-30T15:00:00Z,63858,4.545583
4.54,4.55,4.49,35,4.51,2021-04-30T16:00:00Z,7105,4.536867
4.65,4.66,4.5,80,4.55,2021-04-30T17:00:00Z,76639,4.582474
4.61,4.66,4.56,96,4.63,2021-04-30T18:00:00Z,36499,4.614894
4.62,4.69,4.58,230,4.61,2021-04-30T19:00:00Z,134592,4.641612
4.64,4.64,4.61,3,4.64,2021-04-30T20:00:00Z,3786,4.615436
4.465,4.52,4.45,35,4.47,2021-05-03T13:00:00Z,31321,4.477141
4.48,4.49,4.42,87,4.465,2021-05-03T14:00:00Z,35762,4.451268
4.46,4.52,4.45,152,4.46,2021-05-03T15:00:00Z,31022,4.471923
4.495,4.51,4.46,71,4.46,2021-05-03T16:00:00Z,24374,4.481866
4.46,4.48,4.45,43,4.46,2021-05-03T17:00:00Z,8308,4.462337
4.415,4.46,4.38,56,4.46,2021-05-03T18:00:00Z,64203,4.429937
4.38,4.45,4.38,51,4.41,2021-05-03T19:00:00Z,53370,4.420859
4.795,4.81,4.52,315,4.6,2021-05-04T13:00:00Z,140466,4.636336
4.85,4.85,4.7,234,4.8,2021-05-04T14:00:00Z,154984,4.793103
4.955,5.0,4.83,403,4.855,2021-05-04T15:00:00Z,153319,4.934267
4.91,4.97,4.82,282,4.955,2021-05-04T16:00:00Z,142690,4.915055
4.84,4.94,4.78,110,4.94,2021-05-04T17:00:00Z,123446,4.849334
4.745,4.87,4.74,82,4.87,2021-05-04T18:00:00Z,38577,4.807751
4.64,4.885,4.64,98,4.79,2021-05-04T19:00:00Z,51186,4.773589
4.68,4.68,4.68,1,4.68,2021-05-04T20:00:00Z,3100,4.68
4.51,4.56,4.49,96,4.515,2021-05-05T13:00:00Z,80733,4.515669
4.49,4.67,4.49,103,4.525,2021-05-05T14:00:00Z,110987,4.566002
4.35,4.47,4.35,92,4.47,2021-05-05T15:00:00Z,62115,4.42262
4.4,4.415,4.34,181,4.35,2021-05-05T16:00:00Z,90871,4.382719
4.39,4.445,4.38,39,4.44,2021-05-05T17:00:00Z,42907,4.427774
4.425,4.43,4.38,24,4.42,2021-05-05T18:00:00Z,41942,4.414504
4.465,4.615,4.44,337,4.44,2021-05-05T19:00:00Z,130978,4.526767
4.51,4.51,4.51,5,4.51,2021-05-05T20:00:00Z,3700,4.51
4.51,4.51,4.51,2,4.51,2021-05-06T12:00:00Z,235,4.51
4.655,4.655,4.48,67,4.48,2021-05-06T13:00:00Z,36014,4.55267
4.65,4.745,4.595,130,4.68,2021-05-06T14:00:00Z,102182,4.675843
4.5,4.7,4.47,93,4.63,2021-05-06T15:00:00Z,99918,4.552875
4.53,4.53,4.48,70,4.51,2021-05-06T16:00:00Z,57187,4.511716
4.625,4.625,4.52,31,4.52,2021-05-06T17:00:00Z,20006,4.585739
4.62,4.67,4.58,59,4.63,2021-05-06T18:00:00Z,51661,4.629551
4.415,4.62,4.41,213,4.62,2021-05-06T19:00:00Z,132929,4.527685
4.42,4.42,4.42,1,4.42,2021-05-06T20:00:00Z,100,4.42
4.35,4.425,4.35,74,4.39,2021-05-07T13:00:00Z,62692,4.376455
4.26,4.34,4.26,251,4.34,2021-05-07T14:00:00Z,161019,4.293908
4.195,4.255,4.185,256,4.25,2021-05-07T15:00:00Z,85669,4.217301
4.175,4.235,4.175,190,4.19,2021-05-07T16:00:00Z,68334,4.198154
4.205,4.215,4.175,252,4.175,2021-05-07T17:00:00Z,67292,4.197236
4.15,4.245,4.135,319,4.245,2021-05-07T18:00:00Z,90630,4.169023
4.03,4.155,4.025,755,4.155,2021-05-07T19:00:00Z,234578,4.088526
4.03,4.05,4.03,2,4.05,2021-05-10T12:00:00Z,300,4.043333
4.06,4.085,4.04,56,4.05,2021-05-10T13:00:00Z,50921,4.067368
4.04,4.075,3.98,194,4.075,2021-05-10T14:00:00Z,56562,4.025623
3.97,4.05,3.97,199,4.04,2021-05-10T15:00:00Z,68583,4.010606
3.995,4.0,3.935,108,3.97,2021-05-10T16:00:00Z,67130,3.962009
4.04,4.055,3.98,121,3.99,2021-05-10T17:00:00Z,66778,4.034992
4.2,4.26,4.055,415,4.055,2021-05-10T18:00:00Z,221849,4.163748
4.32,4.32,4.145,412,4.17,2021-05-10T19:00:00Z,336552,4.232102
4.32,4.32,4.32,1,4.32,2021-05-10T20:00:00Z,298,4.32
4.5,4.78,4.49,195,4.78,2021-05-11T13:00:00Z,181394,4.592245
4.76,4.91,4.48,354,4.48,2021-05-11T14:00:00Z,283870,4.741137
4.65,4.87,4.65,114,4.75,2021-05-11T15:00:00Z,88150,4.74868
4.885,4.905,4.61,96,4.675,2021-05-11T16:00:00Z,96435,4.754439
4.765,4.86,4.705,90,4.86,2021-05-11T17:00:00Z,59813,4.780557
4.77,4.87,4.73,98,4.77,2021-05-11T18:00:00Z,39432,4.78744
4.8,4.945,4.72,380,4.72,2021-05-11T19:00:00Z,180472,4.821656
4.86,4.86,4.83,2,4.83,2021-05-11T20:00:00Z,325,4.846154
5.07,5.07,4.95,4,4.95,2021-05-12T12:00:00Z,800,4.985
5.26,5.26,5.03,308,5.09,2021-05-12T13:00:00Z,210207,5.14607
5.51,5.57,5.22,243,5.27,2021-05-12T14:00:00Z,190191,5.388926
5.79,5.8,5.38,199,5.52,2021-05-12T15:00:00Z,106140,5.527124
5.725,5.88,5.68,159,5.79,2021-05-12T16:00:00Z,111983,5.75152
5.98,6.01,5.63,124,5.765,2021-05-12T17:00:00Z,97296,5.828615
5.925,6.255,5.82,191,5.98,2021-05-12T18:00:00Z,137250,6.051064
5.975,6.305,5.92,818,5.93,2021-05-12T19:00:00Z,435589,6.154706
5.61,5.61,5.57,2,5.57,2021-05-13T12:00:00Z,400,5.59
5.27,5.59,5.26,341,5.59,2021-05-13T13:00:00Z,155646,5.434898
5.18,5.34,5.14,580,5.26,2021-05-13T14:00:00Z,148329,5.255453
5.42,5.44,5.17,405,5.17,2021-05-13T15:00:00Z,147095,5.347443
5.255,5.43,5.15,386,5.4,2021-05-13T16:00:00Z,115119,5.263234
5.39,5.53,5.195,577,5.255,2021-05-13T17:00:00Z,230686,5.366468
5.135,5.4,5.04,875,5.4,2021-05-13T18:00:00Z,296078,5.151227
5.17,5.225,5.0,727,5.13,2021-05-13T19:00:00Z,318108,5.100783
5.23,5.23,5.14,10,5.19,2021-05-13T20:00:00Z,3926,5.191613
4.81,4.81,4.81,1,4.81,2021-05-14T12:00:00Z,200,4.81
4.52,4.81,4.51,219,4.81,2021-05-14T13:00:00Z,175250,4.679214
4.47,4.56,4.44,221,4.53,2021-05-14T14:00:00Z,191911,4.487504
4.45,4.5,4.43,120,4.49,2021-05-14T15:00:00Z,92498,4.471693
4.305,4.44,4.295,241,4.44,2021-05-14T16:00:00Z,105201,4.338257
4.365,4.365,4.3,185,4.31,2021-05-14T17:00:00Z,347953,4.340103
4.28,4.38,4.25,231,4.36,2021-05-14T18:00:00Z,171321,4.286223
4.26,4.335,4.21,694,4.29,2021-05-14T19:00:00Z,685828,4.257037
4.22,4.22,4.2,3,4.2,2021-05-14T20:00:00Z,4500,4.204444
4.41,4.41,4.41,1,4.41,2021-05-17T12:00:00Z,200,4.41
4.46,4.49,4.28,359,4.41,2021-05-17T13:00:00Z,123155,4.406231
4.5,4.57,4.39,210,4.485,2021-05-17T14:00:00Z,163146,4.487017
4.565,4.61,4.49,203,4.51,2021-05-17T15:00:00Z,75535,4.539452
4.56,4.62,4.46,60,4.62,2021-05-17T16:00:00Z,53878,4.544143
4.645,4.71,4.52,121,4.54,2021-05-17T17:00:00Z,69334,4.633863
4.53,4.68,4.53,243,4.66,2021-05-17T18:00:00Z,46097,4.621993
4.48,4.63,4.46,244,4.55,2021-05-17T19:00:00Z,109583,4.506606
4.4,4.4,4.4,1,4.4,2021-05-17T20:00:00Z,3300,4.4
4.39,4.39,4.39,3,4.39,2021-05-18T12:00:00Z,600,4.39
4.365,4.44,4.33,319,4.42,2021-05-18T13:00:00Z,102279,4.383695
4.26,4.415,4.23,288,4.38,2021-05-18T14:00:00Z,130167,4.304856
4.305,4.315,4.25,55,4.26,2021-05-18T15:00:00Z,20353,4.283142
4.265,4.31,4.235,64,4.305,2021-05-18T16:00:00Z,20569,4.261986
4.31,4.31,4.245,83,4.265,2021-05-18T17:00:00Z,17118,4.273445
4.42,4.49,4.275,301,4.32,2021-05-18T18:00:00Z,117934,4.397579
4.58,4.59,4.355,564,4.43,2021-05-18T19:00:00Z,256428,4.485336
4.6,4.6,4.55,2,4.55,2021-05-18T20:00:00Z,680,4.588971
5.15,5.15,4.87,13,4.87,2021-05-19T12:00:00Z,1769,4.995189
5.25,5.33,5.025,476,5.12,2021-05-19T13:00:00Z,200214,5.216547
5.21,5.55,5.17,721,5.23,2021-05-19T14:00:00Z,310505,5.34469
5.115,5.33,5.1,181,5.24,2021-05-19T15:00:00Z,122750,5.220947
5.125,5.17,5.085,124,5.125,2021-05-19T16:00:00Z,122974,5.126965
5.02,5.13,4.955,136,5.095,2021-05-19T17:00:00Z,96720,5.007932
5.15,5.265,4.905,310,5.035,2021-05-19T18:00:00Z,166005,5.106921
4.865,5.275,4.84,363,5.23,2021-05-19T19:00:00Z,241456,4.991868
4.97,4.97,4.93,6,4.93,2021-05-19T20:00:00Z,6458,4.948154
4.76,4.87,4.76,13,4.85,2021-05-20T12:00:00Z,2405,4.845052
4.71,4.785,4.655,291,4.69,2021-05-20T13:00:00Z,199867,4.729126
4.63,4.71,4.555,246,4.71,2021-05-20T14:00:00Z,130597,4.613494
4.525,4.6,4.51,191,4.6,2021-05-20T15:00:00Z,60284,4.561122
4.6,4.71,4.535,90,4.54,2021-05-20T16:00:00Z,39095,4.596659
4.57,4.62,4.54,74,4.62,2021-05-20T17:00:00Z,51264,4.570093
4.54,4.565,4.49,134,4.555,2021-05-20T18:00:00Z,70446,4.525221
4.48,4.545,4.42,238,4.545,2021-05-20T19:00:00Z,140453,4.4666
4.41,4.41,4.41,2,4.41,2021-05-21T12:00:00Z,400,4.41
4.35,4.425,4.35,224,4.375,2021-05-21T13:00:00Z,177414,4.376818
4.37,4.44,4.32,138,4.345,2021-05-21T14:00:00Z,112659,4.375633
4.38,4.39,4.33,94,4.36,2021-05-21T15:00:00Z,26070,4.365038
4.42,4.48,4.36,239,4.39,2021-05-21T16:00:00Z,143916,4.405621
4.35,4.44,4.35,202,4.44,2021-05-21T17:00:00Z,137413,4.380804
4.35,4.395,4.33,242,4.34,2021-05-21T18:00:00Z,131993,4.354045
4.41,4.42,4.29,307,4.355,2021-05-21T19:00:00Z,189110,4.357773
4.39,4.39,4.39,1,4.39,2021-05-21T20:00:00Z,500,4.39
4.33,4.33,4.31,2,4.31,2021-05-24T12:00:00Z,393,4.320178
4.21,4.27,4.21,104,4.26,2021-05-24T13:00:00Z,78162,4.236837
4.12,4.2,4.12,204,4.2,2021-05-24T14:00:00Z,106730,4.161996
4.09,4.14,4.08,136,4.13,2021-05-24T15:00:00Z,56985,4.105785
4.07,4.11,4.07,128,4.09,2021-05-24T16:00:00Z,48629,4.092804
4.07,4.08,4.06,83,4.07,2021-05-24T17:00:00Z,32577,4.069287
4.06,4.07,4.045,155,4.07,2021-05-24T18:00:00Z,104503,4.053668
4.09,4.095,4.03,163,4.07,2021-05-24T19:00:00Z,111404,4.067969
4.08,4.08,4.08,4,4.08,2021-05-24T20:00:00Z,3161,4.08
4.07,4.07,4.05,3,4.05,2021-05-25T12:00:00Z,600,4.056667
4.135,4.14,4.06,116,4.07,2021-05-25T13:00:00Z,150517,4.098395
4.055,4.14,4.045,387,4.14,2021-05-25T14:00:00Z,531769,4.102947
4.115,4.17,4.05,292,4.055,2021-05-25T15:00:00Z,135094,4.120914
4.095,4.115,4.08,302,4.115,2021-05-25T16:00:00Z,118165,4.103509
4.12,4.15,4.1,203,4.1,2021-05-25T17:00:00Z,100866,4.116295
4.15,4.16,4.12,175,4.125,2021-05-25T18:00:00Z,89658,4.143894
4.1,4.2,4.09,395,4.155,2021-05-25T19:00:00Z,223929,4.14475
4.06,4.07,4.06,3,4.07,2021-05-25T20:00:00Z,10200,4.063333
39.92,40.2,39.61,39,39.95,2021-05-26T13:00:00Z,12900,39.996642
39.03,40.0,39.01,97,39.89,2021-05-26T14:00:00Z,35898,39.310512
38.44,39.03,38.44,128,39.01,2021-05-26T15:00:00Z,37211,38.776993
38.29,38.51,38.27,61,38.45,2021-05-26T16:00:00Z,13368,38.393288
38.83,38.95,38.22,67,38.3,2021-05-26T17:00:00Z,13179,38.511513
38.4,38.86,38.25,80,38.86,2021-05-26T18:00:00Z,19147,38.422944
37.83,38.44,37.83,184,38.435,2021-05-26T19:00:00Z,39661,38.171103
37.88,37.88,37.88,1,37.88,2021-05-27T12:00:00Z,100,37.88
36.7,37.4,36.7,18,37.32,2021-05-27T13:00:00Z,1786,37.081609
35.86,36.555,35.85,6,36.555,2021-05-27T14:00:00Z,500,36.20375
35.61,36.1,35.61,15,35.81,2021-05-27T15:00:00Z,1170,35.829545
35.15,35.575,35.02,23,35.575,2021-05-27T16:00:00Z,1923,35.228513
35.35,35.4,35.09,25,35.09,2021-05-27T17:00:00Z,2383,35.237387
35.57,35.73,35.34,21,35.34,2021-05-27T18:00:00Z,2150,35.533636
35.09,35.72,34.95,71,35.72,2021-05-27T19:00:00Z,5761,35.296272
35.07,35.07,35.07,1,35.07,2021-05-27T20:00:00Z,400,35.07
34.93,35.05,34.52,78,34.77,2021-05-28T13:00:00Z,8208,34.796365
35.36,35.54,34.87,26,34.87,2021-05-28T14:00:00Z,4482,35.255643
35.16,35.34,35.05,9,35.2,2021-05-28T15:00:00Z,900,35.201111
35.01,35.04,34.82,20,34.98,2021-05-28T16:00:00Z,2000,34.950789
34.87,34.87,34.87,1,34.87,2021-05-28T17:00:00Z,100,34.87
34.685,34.8,34.57,13,34.8,2021-05-28T18:00:00Z,1900,34.632105
36.11,36.15,34.72,123,34.72,2021-05-28T19:00:00Z,12475,35.359191
35.97,35.97,35.97,1,35.97,2021-05-28T20:00:00Z,202,35.97
34.79,34.8,34.79,3,34.8,2021-06-01T12:00:00Z,400,34.795
35.345,35.45,34.61,44,34.79,2021-06-01T13:00:00Z,6548,35.125484
36.31,36.63,35.3,129,35.33,2021-06-01T14:00:00Z,12850,36.004315
35.95,36.45,35.825,48,36.27,2021-06-01T15:00:00Z,4518,36.073605
36.83,36.87,36.22,25,36.26,2021-06-01T16:00:00Z,2584,36.434659
36.81,37.36,36.81,23,37.22,2021-06-01T17:00:00Z,2234,37.145
36.44,36.85,36.43,44,36.71,2021-06-01T18:00:00Z,3749,36.622307
37.38,37.38,36.4,60,36.4,2021-06-01T19:00:00Z,4172,36.694856
36.8,37.31,36.8,2,37.31,2021-06-01T20:00:00Z,500,37.208
36.97,37.23,36.87,6,37.15,2021-06-02T12:00:00Z,1100,37.099091
36.305,37.0,36.1,82,36.83,2021-06-02T13:00:00Z,13747,36.459974
36.09,36.565,36.09,175,36.385,2021-06-02T14:00:00Z,36647,36.354599
35.38,36.02,35.19,124,36.02,2021-06-02T15:00:00Z,26093,35.539851
35.62,36.0,35.33,81,35.33,2021-06-02T16:00:00Z,23552,35.609974
36.56,36.665,35.51,132,35.605,2021-06-02T17:00:00Z,24426,36.164539
36.5,36.925,36.16,82,36.59,2021-06-02T18:00:00Z,26312,36.515004
36.0,36.62,36.0,259,36.4,2021-06-02T19:00:00Z,58659,36.393395
36.38,36.38,36.37,2,36.37,2021-06-02T20:00:00Z,200,36.375
37.77,37.9,37.65,7,37.9,2021-06-03T12:00:00Z,938,37.75661
37.28,38.37,37.27,126,37.55,2021-06-03T13:00:00Z,14631,37.760327
36.55,37.6,36.55,47,37.51,2021-06-03T14:00:00Z,6806,36.992357
36.69,36.69,36.18,24,36.28,2021-06-03T15:00:00Z,1457,36.396364
36.57,36.74,36.305,79,36.55,2021-06-03T16:00:00Z,10226,36.451453
36.56,36.74,36.44,17,36.44,2021-06-03T17:00:00Z,1631,36.559375
37.115,37.115,36.77,26,36.77,2021-06-03T18:00:00Z,2699,36.96654
37.02,37.22,36.77,95,37.075,2021-06-03T19:00:00Z,7765,36.936197
35.5,35.66,35.5,5,35.54,2021-06-04T12:00:00Z,500,35.574
34.68,35.15,34.68,69,35.15,2021-06-04T13:00:00Z,9593,34.906772
34.16,34.62,34.135,89,34.58,2021-06-04T14:00:00Z,11620,34.338016
34.33,34.35,34.18,30,34.3,2021-06-04T15:00:00Z,3425,34.263505
33.99,34.27,33.97,13,34.27,2021-06-04T16:00:00Z,1801,34.037222
33.88,34.15,33.84,89,33.96,2021-06-04T17:00:00Z,11726,33.931942
34.06,34.09,33.89,125,33.9,2021-06-04T18:00:00Z,11955,33.946999
34.03,34.13,33.81,144,34.07,2021-06-04T19:00:00Z,12748,33.973603
34.3,34.3,34.23,4,34.23,2021-06-04T20:00:00Z,400,34.2625
33.89,33.91,33.85,5,33.91,2021-06-07T12:00:00Z,1000,33.882
33.94,34.22,33.79,27,33.79,2021-06-07T13:00:00Z,4201,34.083319
34.1,34.34,33.79,52,33.93,2021-06-07T14:00:00Z,6095,34.091367
34.07,34.2,33.98,23,34.04,2021-06-07T15:00:00Z,2515,34.087607
33.57,33.785,33.56,53,33.75,2021-06-07T16:00:00Z,4296,33.664902
33.85,33.85,33.56,22,33.56,2021-06-07T17:00:00Z,1516,33.642143
33.75,33.89,33.7,21,33.73,2021-06-07T18:00:00Z,921,33.770628
33.06,33.75,33.06,43,33.75,2021-06-07T19:00:00Z,3516,33.33697
33.59,33.61,32.7,49,32.7,2021-06-08T13:00:00Z,6784,33.040826
33.71,33.77,33.3,77,33.62,2021-06-08T14:00:00Z,7811,33.580119
33.63,34.65,33.51,108,33.59,2021-06-08T15:00:00Z,11965,34.034943
33.0,33.61,33.0,39,33.61,2021-06-08T16:00:00Z,4262,33.292283
32.97,32.97,32.915,12,32.97,2021-06-08T17:00:00Z,1150,32.947727
32.84,33.1,32.82,18,33.1,2021-06-08T18:00:00Z,2300,32.972609
33.66,33.66,32.82,78,32.85,2021-06-08T19:00:00Z,7297,33.262205
33.65,33.65,33.62,2,33.62,2021-06-08T20:00:00Z,200,33.635
33.66,33.91,33.08,71,33.15,2021-06-09T13:00:00Z,8494,33.323683
33.64,34.18,33.6,107,33.82,2021-06-09T14:00:00Z,11854,33.91052
33.89,34.04,33.35,71,33.63,2021-06-09T15:00:00Z,7654,33.601652
33.67,33.9,33.54,52,33.9,2021-06-09T16:00:00Z,5000,33.715957
34.03,34.05,33.6,66,33.66,2021-06-09T17:00:00Z,5143,33.858786
34.1,34.16,33.71,53,34.0,2021-06-09T18:00:00Z,4678,33.967907
34.41,34.74,34.18,218,34.2,2021-06-09T19:00:00Z,56478,34.46957
34.52,34.52,34.52,1,34.52,2021-06-09T20:00:00Z,400,34.52
33.13,33.63,33.13,5,33.3,2021-06-10T12:00:00Z,710,33.331429
32.44,33.23,32.38,140,33.23,2021-06-10T13:00:00Z,22938,32.801759
32.83,33.27,32.215,108,32.215,2021-06-10T14:00:00Z,9459,32.904075
32.27,32.83,32.13,53,32.83,2021-06-10T15:00:00Z,5420,32.308762
32.08,32.43,32.0,68,32.17,2021-06-10T16:00:00Z,6436,32.183758
31.76,32.08,31.76,65,32.02,2021-06-10T17:00:00Z,5357,31.913319
31.47,31.77,31.47,137,31.75,2021-06-10T18:00:00Z,10574,31.642759
31.51,31.65,31.35,110,31.48,2021-06-10T19:00:00Z,7828,31.490103
31.7,31.7,31.7,1,31.7,2021-06-10T20:00:00Z,100,31.7
30.69,31.03,30.69,6,31.03,2021-06-11T12:00:00Z,1100,30.828182
30.05,30.63,29.89,73,30.63,2021-06-11T13:00:00Z,10391,30.378429
30.07,30.32,29.94,118,29.94,2021-06-11T14:00:00Z,7688,30.141689
29.97,30.5,29.83,187,30.2,2021-06-11T15:00:00Z,14126,30.031292
30.07,30.49,29.93,49,29.96,2021-06-11T16:00:00Z,3853,30.140465
30.06,30.29,29.97,19,30.23,2021-06-11T17:00:00Z,2042,30.1285
29.85,30.08,29.75,87,30.08,2021-06-11T18:00:00Z,10008,29.821316
30.08,30.36,29.9,93,29.9,2021-06-11T19:00:00Z,8596,30.168979
30.0,30.0,29.98,3,29.98,2021-06-11T20:00:00Z,300,29.993333
30.07,30.08,29.85,4,29.85,2021-06-14T12:00:00Z,700,30.008571
30.15,30.505,29.87,87,30.0,2021-06-14T13:00:00Z,10366,30.129917
30.54,30.59,30.14,52,30.14,2021-06-14T14:00:00Z,4449,30.438597
30.56,30.56,30.04,25,30.15,2021-06-14T15:00:00Z,2463,30.276957
31.12,31.23,30.745,36,30.745,2021-06-14T16:00:00Z,3817,31.04367
31.02,31.02,30.84,19,30.98,2021-06-14T17:00:00Z,1663,30.943333
31.215,31.32,31.12,31,31.23,2021-06-14T18:00:00Z,2462,31.249385
30.35,31.15,30.3,28,31.15,2021-06-14T19:00:00Z,2704,30.786399
30.32,30.41,30.32,2,30.41,2021-06-14T20:00:00Z,500,30.392
30.37,30.37,30.37,1,30.37,2021-06-15T12:00:00Z,200,30.37
31.05,31.08,30.83,20,30.89,2021-06-15T13:00:00Z,2264,30.958759
31.53,31.56,31.05,54,31.05,2021-06-15T14:00:00Z,9842,31.409123
31.47,31.7,31.21,67,31.57,2021-06-15T15:00:00Z,10390,31.573159
31.51,31.51,31.075,54,31.33,2021-06-15T16:00:00Z,5334,31.215969
30.735,31.51,30.715,58,31.51,2021-06-15T17:00:00Z,5161,31.181434
31.21,31.21,30.565,67,30.62,2021-06-15T18:00:00Z,5949,31.06336
31.84,31.84,31.03,90,31.285,2021-06-15T19:00:00Z,8248,31.292592
31.14,31.14,31.14,1,31.14,2021-06-15T20:00:00Z,300,31.14
30.92,31.24,30.87,33,30.87,2021-06-16T13:00:00Z,5865,31.108044
30.55,30.92,30.55,92,30.795,2021-06-16T14:00:00Z,8409,30.725341
30.09,30.66,30.06,102,30.54,2021-06-16T15:00:00Z,11290,30.330721
30.67,31.07,30.08,176,30.08,2021-06-16T16:00:00Z,15559,30.691349
30.82,31.29,30.65,57,30.67,2021-06-16T17:00:00Z,5471,30.990552
31.6,33.15,31.16,317,31.5,2021-06-16T18:00:00Z,28047,32.208441
32.09,32.09,30.41,193,31.59,2021-06-16T19:00:00Z,15852,30.982072
32.51,32.51,32.51,1,32.51,2021-06-17T12:00:00Z,100,32.51
31.0,32.01,30.77,78,32.01,2021-06-17T13:00:00Z,11707,31.279025
30.75,31.41,30.255,108,30.78,2021-06-17T14:00:00Z,8377,30.755475
30.825,31.02,30.01,69,30.7,2021-06-17T15:00:00Z,9589,30.635124
31.23,32.59,30.65,234,30.91,2021-06-17T16:00:00Z,24196,31.658311
30.98,31.09,30.52,62,31.09,2021-06-17T17:00:00Z,6900,30.814135
30.87,31.19,30.78,98,30.94,2021-06-17T18:00:00Z,10443,30.95762
31.61,31.61,30.58,50,31.04,2021-06-17T19:00:00Z,4168,31.030789
31.53,31.53,31.53,1,31.53,2021-06-17T20:00:00Z,400,31.53
33.7,33.7,32.6,7,32.6,2021-06-18T12:00:00Z,700,33.07
33.39,34.27,32.64,178,33.59,2021-06-18T13:00:00Z,21352,33.578222
33.95,34.26,33.04,197,33.48,2021-06-18T14:00:00Z,19296,33.735196
33.74,34.82,33.46,269,34.21,2021-06-18T15:00:00Z,34469,33.988344
34.59,34.59,33.22,70,33.61,2021-06-18T16:00:00Z,6691,33.831334
34.49,35.02,33.83,147,34.44,2021-06-18T17:00:00Z,16381,34.443456
35.42,35.42,34.19,65,34.62,2021-06-18T18:00:00Z,5706,34.839251
36.08,36.08,34.06,271,35.55,2021-06-18T19:00:00Z,26008,35.019036
36.11,36.11,35.89,3,35.89,2021-06-18T20:00:00Z,1100,36.03
33.8,35.47,33.56,93,33.96,2021-06-21T13:00:00Z,10878,34.398695
33.09,33.82,32.93,76,33.82,2021-06-21T14:00:00Z,6851,33.300065
32.17,32.93,32.11,57,32.88,2021-06-21T15:00:00Z,7709,32.552174
32.27,32.45,32.14,54,32.2,2021-06-21T16:00:00Z,4279,32.302801
31.855,32.33,31.69,22,32.33,2021-06-21T17:00:00Z,2610,32.076097
32.03,32.12,31.72,106,31.82,2021-06-21T18:00:00Z,9935,31.906766
32.46,32.48,31.74,132,32.0,2021-06-21T19:00:00Z,12204,32.167874
32.5,32.99,31.84,64,32.73,2021-06-22T13:00:00Z,6192,32.518976
31.27,32.73,31.25,47,32.59,2021-06-22T14:00:00Z,4988,31.652809
31.17,31.27,30.82,182,31.27,2021-06-22T15:00:00Z,16075,31.012505
30.65,31.14,30.65,23,31.14,2021-06-22T16:00:00Z,1979,30.849211
30.92,30.95,30.61,118,30.65,2021-06-22T17:00:00Z,11004,30.817925
30.495,31.06,30.46,161,31.05,2021-06-22T18:00:00Z,13189,30.726141
30.04,30.47,30.04,125,30.45,2021-06-22T19:00:00Z,9484,30.271286
29.83,29.92,29.815,14,29.92,2021-06-22T20:00:00Z,2502,29.830604
29.54,29.54,29.54,1,29.54,2021-06-23T12:00:00Z,100,29.54
29.08,29.46,29.07,79,29.31,2021-06-23T13:00:00Z,5912,29.269404
28.87,29.29,28.71,173,29.13,2021-06-23T14:00:00Z,14827,28.903557
29.16,29.48,28.81,193,28.81,2021-06-23T15:00:00Z,15633,29.245869
29.24,29.52,28.81,185,29.14,2021-06-23T16:00:00Z,20614,29.121909
28.86,29.27,28.86,67,29.22,2021-06-23T17:00:00Z,5952,29.033269
28.97,29.02,28.82,96,28.92,2021-06-23T18:00:00Z,7418,28.89627
29.12,29.45,28.7,106,28.93,2021-06-23T19:00:00Z,12293,28.983242
28.89,28.89,28.89,2,28.89,2021-06-23T20:00:00Z,300,28.89
28.07,28.17,27.94,52,27.99,2021-06-24T13:00:00Z,5011,28.040794
28.17,28.25,27.94,116,28.18,2021-06-24T14:00:00Z,12128,28.105283
28.13,28.38,28.07,133,28.22,2021-06-24T15:00:00Z,10752,28.217555
28.185,28.25,28.06,57,28.115,2021-06-24T16:00:00Z,6329,28.1721
28.18,28.42,28.08,72,28.165,2021-06-24T17:00:00Z,7211,28.267604
28.05,28.16,28.04,54,28.14,2021-06-24T18:00:00Z,5080,28.08394
28.38,28.41,28.0,72,28.03,2021-06-24T19:00:00Z,4988,28.190135
28.27,28.41,28.07,21,28.07,2021-06-25T13:00:00Z,2397,28.281755
28.1,28.21,28.03,14,28.21,2021-06-25T14:00:00Z,1465,28.0973
27.79,28.11,27.79,50,28.11,2021-06-25T15:00:00Z,5462,27.881112
27.69,27.89,27.62,27,27.67,2021-06-25T16:00:00Z,2714,27.75463
27.74,27.95,27.63,94,27.63,2021-06-25T17:00:00Z,6789,27.773709
27.73,27.8,27.64,23,27.77,2021-06-25T18:00:00Z,2122,27.722619
27.54,27.895,27.54,47,27.71,2021-06-25T19:00:00Z,2899,27.703125
27.17,27.67,27.17,41,27.3,2021-06-28T13:00:00Z,25509,27.528414
27.3,27.33,27.09,42,27.18,2021-06-28T14:00:00Z,6922,27.244873
27.46,27.62,27.31,35,27.4,2021-06-28T15:00:00Z,3333,27.475197
27.77,27.77,27.48,12,27.57,2021-06-28T16:00:00Z,1200,27.601667
27.74,28.17,27.73,74,27.82,2021-06-28T17:00:00Z,10413,27.964046
27.66,27.81,27.66,8,27.81,2021-06-28T18:00:00Z,1100,27.779091
27.46,27.825,27.45,95,27.71,2021-06-28T19:00:00Z,7378,27.677619
27.28,27.28,27.155,15,27.17,2021-06-29T13:00:00Z,1444,27.235417
27.73,27.74,27.17,50,27.17,2021-06-29T14:00:00Z,4937,27.491659
27.66,27.87,27.66,27,27.76,2021-06-29T15:00:00Z,2579,27.7616
27.74,27.87,27.55,10,27.55,2021-06-29T16:00:00Z,1000,27.7235
27.96,28.205,27.79,71,27.79,2021-06-29T17:00:00Z,7328,28.097057
28.07,28.22,27.78,34,27.97,2021-06-29T18:00:00Z,3772,27.968551
28.36,28.46,28.095,77,28.11,2021-06-29T19:00:00Z,7429,28.191778
28.59,28.59,28.59,20,28.59,2021-06-30T12:00:00Z,2000,28.59
28.67,28.76,28.28,64,28.56,2021-06-30T13:00:00Z,5636,28.598497
27.91,28.83,27.9,22,28.43,2021-06-30T14:00:00Z,2538,28.574809
27.98,27.98,27.72,8,27.86,2021-06-30T15:00:00Z,800,27.8575
27.8,27.96,27.79,10,27.96,2021-06-30T16:00:00Z,905,27.865
27.59,27.69,27.59,3,27.69,2021-06-30T17:00:00Z,300,27.656667
27.85,27.85,27.63,9,27.63,2021-06-30T18:00:00Z,900,27.75
27.91,28.24,27.8,80,27.8,2021-06-30T19:00:00Z,7102,28.034375
27.48,27.5,27.33,22,27.4,2021-07-01T13:00:00Z,1953,27.376006
27.6,27.79,27.6,3,27.79,2021-07-01T14:00:00Z,300,27.663333
27.42,27.8,27.41,42,27.8,2021-07-01T15:00:00Z,3495,27.496463
27.305,27.53,27.285,55,27.32,2021-07-01T16:00:00Z,4707,27.389771
27.4,27.42,27.26,53,27.35,2021-07-01T17:00:00Z,7814,27.32163
27.39,27.54,27.36,9,27.44,2021-07-01T18:00:00Z,900,27.445556
27.21,27.45,27.165,42,27.39,2021-07-01T19:00:00Z,3728,27.3
26.41,26.42,26.41,2,26.42,2021-07-02T12:00:00Z,500,26.416
26.17,26.22,25.98,77,26.21,2021-07-02T13:00:00Z,8324,26.093243
26.13,26.15,25.99,31,26.09,2021-07-02T14:00:00Z,2689,26.070833
26.16,26.24,26.11,28,26.11,2021-07-02T15:00:00Z,2366,26.157391
26.235,26.24,26.15,20,26.18,2021-07-02T16:00:00Z,1822,26.209167
26.67,26.67,26.33,28,26.33,2021-07-02T17:00:00Z,2265,26.49881
26.66,27.0,26.635,41,26.74,2021-07-02T18:00:00Z,3403,26.755684
27.11,27.37,26.715,128,26.715,2021-07-02T19:00:00Z,9369,27.157654
27.22,27.22,27.22,1,27.22,2021-07-02T20:00:00Z,500,27.22
27.28,27.305,26.78,48,26.79,2021-07-06T13:00:00Z,3287,26.997143
28.37,28.37,27.27,125,27.27,2021-07-06T14:00:00Z,14858,27.615556
28.66,28.93,28.31,115,28.44,2021-07-06T15:00:00Z,9531,28.490872
28.74,29.28,28.64,130,28.865,2021-07-06T16:00:00Z,11454,28.921805
28.29,28.7,28.24,33,28.65,2021-07-06T17:00:00Z,3256,28.474357
27.94,28.39,27.87,31,28.1,2021-07-06T18:00:00Z,3290,28.049952
28.085,28.085,27.67,115,27.88,2021-07-06T19:00:00Z,13044,27.848795
28.07,28.2,27.61,20,27.61,2021-07-07T13:00:00Z,2154,27.882999
28.66,29.48,28.17,90,28.47,2021-07-07T14:00:00Z,7285,28.8867
28.18,29.02,28.06,108,28.73,2021-07-07T15:00:00Z,7748,28.555603
28.02,28.32,27.97,110,28.14,2021-07-07T16:00:00Z,9241,28.205244
28.345,28.59,28.04,82,28.04,2021-07-07T17:00:00Z,7195,28.365448
28.045,28.42,27.81,68,28.37,2021-07-07T18:00:00Z,6897,28.111259
28.2,28.45,28.02,202,28.075,2021-07-07T19:00:00Z,17302,28.241214
31.69,32.23,31.69,3,32.23,2021-07-08T12:00:00Z,300,31.946667
31.09,32.12,30.85,235,31.9,2021-07-08T13:00:00Z,22276,31.537475
32.1,32.21,31.07,334,31.07,2021-07-08T14:00:00Z,29617,31.759515
30.36,32.07,30.25,115,31.88,2021-07-08T15:00:00Z,10908,31.042641
30.46,30.62,30.17,91,30.17,2021-07-08T16:00:00Z,7835,30.418548
30.48,30.9,30.44,9,30.5,2021-07-08T17:00:00Z,790,30.634286
31.2,31.39,30.69,41,30.76,2021-07-08T18:00:00Z,3711,30.978732
30.87,31.78,30.87,89,31.11,2021-07-08T19:00:00Z,15245,31.294463
29.13,29.66,29.12,37,29.62,2021-07-09T13:00:00Z,2786,29.39
28.09,28.955,28.05,39,28.92,2021-07-09T14:00:00Z,3897,28.588594
28.14,28.28,27.96,99,28.19,2021-07-09T15:00:00Z,5802,28.167889
27.675,28.12,27.675,49,28.12,2021-07-09T16:00:00Z,4386,27.963341
27.7,27.77,27.595,31,27.6,2021-07-09T17:00:00Z,4070,27.692281
27.77,27.83,27.72,27,27.74,2021-07-09T18:00:00Z,2562,27.776
27.82,27.955,27.65,46,27.775,2021-07-09T19:00:00Z,4221,27.776145
27.86,28.03,27.84,10,27.9,2021-07-12T13:00:00Z,1276,27.880408
27.69,27.85,27.59,56,27.79,2021-07-12T14:00:00Z,6143,27.747666
27.38,27.76,27.36,62,27.75,2021-07-12T15:00:00Z,4686,27.53325
27.24,27.41,27.24,17,27.38,2021-07-12T16:00:00Z,1354,27.354231
27.47,27.47,27.27,11,27.27,2021-07-12T17:00:00Z,1100,27.338182
27.44,27.44,27.27,19,27.42,2021-07-12T18:00:00Z,1756,27.352353
27.555,27.83,27.5,61,27.51,2021-07-12T19:00:00Z,8253,27.621043
27.26,27.26,27.26,1,27.26,2021-07-12T20:00:00Z,100,27.26
26.98,27.7,26.98,19,27.62,2021-07-13T13:00:00Z,1667,27.297301
27.05,27.14,26.69,139,27.03,2021-07-13T14:00:00Z,17397,26.882581
27.03,27.12,26.93,30,27.045,2021-07-13T15:00:00Z,2898,27.042407
26.99,27.1,26.84,15,26.84,2021-07-13T16:00:00Z,1368,27.02
27.54,27.88,27.03,244,27.03,2021-07-13T17:00:00Z,28182,27.501321
27.64,28.04,27.4,61,27.98,2021-07-13T18:00:00Z,5813,27.692037
28.065,28.155,27.6,279,27.66,2021-07-13T19:00:00Z,38695,28.034555
27.27,27.28,26.755,75,26.995,2021-07-14T13:00:00Z,7481,26.982905
27.12,27.48,26.98,96,27.29,2021-07-14T14:00:00Z,8571,27.237037
28.47,28.53,27.15,127,27.15,2021-07-14T15:00:00Z,11481,27.938165
27.38,28.33,27.3,60,28.33,2021-07-14T16:00:00Z,5345,27.77
27.21,27.72,27.19,31,27.32,2021-07-14T17:00:00Z,3051,27.440833
27.045,27.19,26.95,86,27.18,2021-07-14T18:00:00Z,8382,27.069136
27.035,27.335,26.715,507,27.065,2021-07-14T19:00:00Z,52211,27.057321
27.0,27.0,27.0,1,27.0,2021-07-14T20:00:00Z,500,27.0
27.6,28.47,27.58,50,27.95,2021-07-15T13:00:00Z,4721,28.027717
27.9,28.14,27.41,88,27.58,2021-07-15T14:00:00Z,8435,27.728758
27.66,28.19,27.54,82,27.9,2021-07-15T15:00:00Z,7677,27.857924
27.61,28.32,27.46,194,27.77,2021-07-15T16:00:00Z,18058,27.820948
28.44,28.58,27.635,222,27.635,2021-07-15T17:00:00Z,20214,28.094796
28.07,28.545,28.07,281,28.48,2021-07-15T18:00:00Z,28913,28.303783
27.59,28.145,27.59,282,28.035,2021-07-15T19:00:00Z,27838,27.802381
27.01,27.01,26.505,128,26.68,2021-07-16T13:00:00Z,20995,26.614839
27.69,28.0,26.78,97,26.78,2021-07-16T14:00:00Z,8889,27.586707
27.82,28.19,27.54,141,27.57,2021-07-16T15:00:00Z,12729,27.906565
27.71,27.85,27.5,38,27.7,2021-07-16T16:00:00Z,8830,27.665682
27.95,28.09,27.505,137,27.72,2021-07-16T17:00:00Z,14170,27.847118
28.32,28.38,27.91,183,28.01,2021-07-16T18:00:00Z,17611,28.192085
29.35,29.42,28.19,595,28.3,2021-07-16T19:00:00Z,57684,28.840071
29.29,29.36,29.29,2,29.36,2021-07-16T20:00:00Z,718,29.338747
31.75,31.8,31.75,2,31.8,2021-07-19T12:00:00Z,485,31.772165
33.49,33.54,31.53,311,31.85,2021-07-19T13:00:00Z,42895,32.556227
33.79,35.88,33.24,325,33.815,2021-07-19T14:00:00Z,34314,34.372022
33.19,33.92,32.73,180,33.68,2021-07-19T15:00:00Z,19869,33.322066
35.44,35.91,33.36,268,33.36,2021-07-19T16:00:00Z,29859,34.935136
36.835,36.835,35.17,61,35.57,2021-07-19T17:00:00Z,9424,35.925122
36.99,37.85,36.155,82,36.705,2021-07-19T18:00:00Z,8738,36.882663
35.9,38.67,35.5,539,37.83,2021-07-19T19:00:00Z,44221,36.235342
32.87,36.04,32.82,253,35.16,2021-07-20T13:00:00Z,27811,34.404337
32.505,33.24,32.49,152,32.76,2021-07-20T14:00:00Z,15031,32.784936
31.86,32.72,31.86,60,32.62,2021-07-20T15:00:00Z,7563,32.145129
31.16,31.96,31.15,88,31.825,2021-07-20T16:00:00Z,10928,31.549976
31.875,31.96,31.24,41,31.24,2021-07-20T17:00:00Z,4707,31.631169
31.03,31.505,31.03,13,31.505,2021-07-20T18:00:00Z,2700,31.325555
30.92,31.11,30.44,196,31.08,2021-07-20T19:00:00Z,21187,30.74783
29.26,30.18,29.22,97,29.96,2021-07-21T13:00:00Z,8124,29.633494
29.215,29.43,29.02,85,29.16,2021-07-21T14:00:00Z,9945,29.226826
29.39,29.68,29.22,28,29.22,2021-07-21T15:00:00Z,3878,29.461267
28.81,29.205,28.76,67,29.205,2021-07-21T16:00:00Z,8415,28.965739
28.7,28.85,28.65,38,28.85,2021-07-21T17:00:00Z,7008,28.728211
28.45,28.7,28.41,34,28.69,2021-07-21T18:00:00Z,5164,28.542217
28.115,28.465,28.06,100,28.28,2021-07-21T19:00:00Z,9115,28.186941
28.54,28.78,27.84,34,28.22,2021-07-22T13:00:00Z,4050,28.28226
28.42,28.52,28.2,36,28.42,2021-07-22T14:00:00Z,4606,28.393108
28.61,28.78,28.23,38,28.24,2021-07-22T15:00:00Z,4972,28.581304
28.77,29.52,28.59,86,28.59,2021-07-22T16:00:00Z,8976,29.012849
28.38,28.8,28.38,27,28.8,2021-07-22T17:00:00Z,3509,28.542358
28.02,28.4,28.005,37,28.4,2021-07-22T18:00:00Z,5506,28.147803
29.02,29.025,28.105,166,28.135,2021-07-22T19:00:00Z,17411,28.675595
28.49,28.83,28.49,2,28.83,2021-07-22T20:00:00Z,1000,28.66
28.235,28.37,28.0,74,28.03,2021-07-23T13:00:00Z,5675,28.183235
28.15,28.24,27.84,103,28.115,2021-07-23T14:00:00Z,9746,28.104678
28.35,28.36,27.94,63,28.19,2021-07-23T15:00:00Z,6305,28.215366
28.56,28.8,28.35,29,28.35,2021-07-23T16:00:00Z,2938,28.58365
28.72,28.75,28.57,26,28.63,2021-07-23T17:00:00Z,3233,28.66925
28.51,28.73,28.34,22,28.73,2021-07-23T18:00:00Z,2500,28.558
28.58,28.58,28.045,94,28.5,2021-07-23T19:00:00Z,8798,28.272755
29.39,29.41,29.0,55,29.24,2021-07-26T13:00:00Z,5492,29.170142
29.11,29.67,29.11,33,29.39,2021-07-26T14:00:00Z,3234,29.439063
28.585,29.13,28.525,46,29.13,2021-07-26T15:00:00Z,4830,28.77182
28.96,29.04,28.49,39,28.49,2021-07-26T16:00:00Z,4394,28.850814
28.855,29.04,28.835,16,29.01,2021-07-26T17:00:00Z,2060,28.906311
28.655,28.81,28.61,22,28.75,2021-07-26T18:00:00Z,2200,28.723864
28.4,28.665,28.25,66,28.625,2021-07-26T19:00:00Z,8326,28.456411
29.53,29.53,29.22,28,29.22,2021-07-27T13:00:00Z,3014,29.337921
30.11,30.72,29.46,91,29.56,2021-07-27T14:00:00Z,10853,30.15795
30.69,31.55,29.81,135,30.3,2021-07-27T15:00:00Z,18193,30.477615
30.97,31.54,30.33,63,30.96,2021-07-27T16:00:00Z,5935,31.061928
31.15,31.43,30.54,61,31.06,2021-07-27T17:00:00Z,7184,30.962538
30.06,31.12,30.02,51,30.98,2021-07-27T18:00:00Z,5853,30.530524
29.33,30.19,29.33,87,30.0,2021-07-27T19:00:00Z,8555,29.884639
29.995,30.04,28.87,30,28.87,2021-07-28T13:00:00Z,6126,29.758361
29.34,29.84,29.32,20,29.8,2021-07-28T14:00:00Z,1900,29.592222
28.965,29.27,28.965,23,29.27,2021-07-28T15:00:00Z,2805,29.124777
29.16,29.29,28.79,19,28.92,2021-07-28T16:00:00Z,2704,28.963333
29.16,29.56,29.13,12,29.13,2021-07-28T17:00:00Z,1334,29.312308
27.77,29.74,27.56,57,29.74,2021-07-28T18:00:00Z,8345,28.283758
28.385,28.385,27.75,53,27.75,2021-07-28T19:00:00Z,6807,27.968312
28.62,28.62,28.62,1,28.62,2021-07-28T20:00:00Z,500,28.62
27.68,27.91,27.6,50,27.88,2021-07-29T13:00:00Z,5703,27.714763
27.41,27.7,27.35,73,27.685,2021-07-29T14:00:00Z,7463,27.453284
27.62,27.67,27.3,132,27.36,2021-07-29T15:00:00Z,10317,27.49125
27.46,27.61,27.38,112,27.6,2021-07-29T16:00:00Z,9061,27.483375
27.38,27.4,27.3,69,27.35,2021-07-29T17:00:00Z,4681,27.343714
27.53,27.61,27.215,121,27.32,2021-07-29T18:00:00Z,8350,27.427803
27.44,27.61,27.28,109,27.58,2021-07-29T19:00:00Z,10758,27.523573
28.04,28.04,28.01,2,28.01,2021-07-29T20:00:00Z,600,28.035
27.8,28.9,27.755,49,28.9,2021-07-30T13:00:00Z,5895,28.035214
28.49,28.49,27.59,61,27.7,2021-07-30T14:00:00Z,6074,28.01783
28.65,28.87,28.42,35,28.73,2021-07-30T15:00:00Z,5113,28.5901
28.13,28.68,28.01,32,28.67,2021-07-30T16:00:00Z,3179,28.413167
27.91,28.16,27.8,22,28.05,2021-07-30T17:00:00Z,2197,27.95119
28.24,28.54,28.03,54,28.03,2021-07-30T18:00:00Z,5310,28.285104
28.61,28.63,27.96,68,28.21,2021-07-30T19:00:00Z,5735,28.385741
28.41,28.55,28.41,2,28.55,2021-07-30T20:00:00Z,440,28.473636
28.32,28.4,27.915,26,27.94,2021-08-02T13:00:00Z,3024,28.168621
28.44,28.46,28.12,39,28.275,2021-08-02T14:00:00Z,4183,28.336341
29.14,29.14,28.08,91,28.41,2021-08-02T15:00:00Z,8716,28.622559
29.8,29.8,29.11,126,29.2,2021-08-02T16:00:00Z,11612,29.499369
29.4,29.8,29.38,46,29.7,2021-08-02T17:00:00Z,4442,29.569484
29.18,29.38,28.96,49,29.33,2021-08-02T18:00:00Z,5127,29.1706
30.17,30.36,29.15,150,29.15,2021-08-02T19:00:00Z,12243,29.935134
30.295,30.43,29.39,59,29.39,2021-08-03T13:00:00Z,5759,29.776998
29.86,30.58,29.65,81,30.51,2021-08-03T14:00:00Z,9807,30.076711
28.84,30.31,28.84,51,30.03,2021-08-03T15:00:00Z,4584,29.544651
28.58,28.91,28.52,164,28.74,2021-08-03T16:00:00Z,29130,28.784509
28.39,28.66,28.33,78,28.52,2021-08-03T17:00:00Z,8598,28.529136
28.07,28.525,28.055,69,28.36,2021-08-03T18:00:00Z,6424,28.220079
27.92,28.13,27.875,259,28.04,2021-08-03T19:00:00Z,25364,27.982054
28.56,28.75,28.42,25,28.68,2021-08-04T13:00:00Z,3281,28.540788
28.31,28.56,28.05,42,28.41,2021-08-04T14:00:00Z,7059,28.400983
28.285,28.57,28.04,51,28.28,2021-08-04T15:00:00Z,4577,28.268571
27.99,28.26,27.94,62,28.26,2021-08-04T16:00:00Z,7190,28.088001
27.7,27.93,27.63,78,27.92,2021-08-04T17:00:00Z,7147,27.767794
27.73,27.785,27.42,76,27.69,2021-08-04T18:00:00Z,7642,27.577365
27.8,27.91,27.66,161,27.705,2021-08-04T19:00:00Z,11753,27.741247
27.86,27.86,27.86,1,27.86,2021-08-04T20:00:00Z,500,27.86
27.09,27.37,27.03,37,27.37,2021-08-05T13:00:00Z,3702,27.137346
26.86,27.205,26.85,112,27.11,2021-08-05T14:00:00Z,13602,27.029332
26.94,26.94,26.81,32,26.88,2021-08-05T15:00:00Z,3453,26.872023
27.025,27.03,26.94,245,26.975,2021-08-05T16:00:00Z,31637,26.998135
26.89,27.105,26.84,59,27.06,2021-08-05T17:00:00Z,7066,26.974436
27.0,27.045,26.88,27,26.885,2021-08-05T18:00:00Z,4464,26.95317
26.81,27.03,26.8,86,26.97,2021-08-05T19:00:00Z,9471,26.944602
26.46,26.56,26.18,75,26.52,2021-08-06T13:00:00Z,7049,26.319474
26.52,26.65,26.38,116,26.57,2021-08-06T14:00:00Z,9739,26.479452
26.45,26.6,26.35,78,26.53,2021-08-06T15:00:00Z,7007,26.477365
26.09,26.41,26.09,120,26.41,2021-08-06T16:00:00Z,14541,26.200884
26.04,26.13,26.02,101,26.08,2021-08-06T17:00:00Z,7735,26.058067
26.375,26.375,26.0,114,26.03,2021-08-06T18:00:00Z,12633,26.103135
25.77,26.43,25.76,234,26.32,2021-08-06T19:00:00Z,23227,26.059163
25.78,26.08,25.78,66,25.815,2021-08-09T13:00:00Z,9879,25.92551
25.71,25.99,25.62,102,25.88,2021-08-09T14:00:00Z,9690,25.769548
25.52,25.84,25.52,89,25.73,2021-08-09T15:00:00Z,8042,25.668662
25.59,25.675,25.55,78,25.55,2021-08-09T16:00:00Z,5704,25.60383
25.48,25.61,25.465,66,25.59,2021-08-09T17:00:00Z,6210,25.547319
25.16,25.49,25.07,138,25.48,2021-08-09T18:00:00Z,14696,25.276563
25.44,25.49,25.07,120,25.2,2021-08-09T19:00:00Z,10350,25.263902
24.63,24.94,24.63,44,24.94,2021-08-10T13:00:00Z,5388,24.802448
24.9,25.05,24.34,238,24.64,2021-08-10T14:00:00Z,27860,24.688683
24.74,25.2,24.72,91,25.04,2021-08-10T15:00:00Z,7880,24.871408
24.83,24.87,24.7,52,24.71,2021-08-10T16:00:00Z,4999,24.798469
24.99,25.13,24.87,62,24.87,2021-08-10T17:00:00Z,8835,24.993356
24.95,25.235,24.92,81,24.95,2021-08-10T18:00:00Z,9573,25.025784
24.68,24.975,24.675,264,24.945,2021-08-10T19:00:00Z,25804,24.84033
24.47,24.57,24.39,42,24.39,2021-08-11T13:00:00Z,4909,24.462707
24.49,24.49,24.14,207,24.4,2021-08-11T14:00:00Z,25524,24.293861
24.45,24.72,24.36,161,24.52,2021-08-11T15:00:00Z,20683,24.549639
24.21,24.405,24.11,157,24.405,2021-08-11T16:00:00Z,14614,24.186609
24.21,24.27,24.12,159,24.195,2021-08-11T17:00:00Z,17768,24.184745
23.98,24.26,23.94,126,24.26,2021-08-11T18:00:00Z,18989,24.010762
23.59,23.97,23.59,288,23.97,2021-08-11T19:00:00Z,31918,23.83491
23.8,23.915,23.76,31,23.81,2021-08-12T13:00:00Z,3416,23.847698
23.19,23.985,23.185,143,23.77,2021-08-12T14:00:00Z,16338,23.522127
22.895,23.315,22.81,85,23.24,2021-08-12T15:00:00Z,10376,23.038558
22.71,22.95,22.61,363,22.885,2021-08-12T16:00:00Z,39711,22.702941
22.87,22.91,22.71,238,22.71,2021-08-12T17:00:00Z,21492,22.827082
22.77,22.9,22.65,157,22.89,2021-08-12T18:00:00Z,13259,22.759421
22.92,23.05,22.69,205,22.765,2021-08-12T19:00:00Z,17141,22.854067
22.63,22.63,22.39,51,22.5,2021-08-13T13:00:00Z,8775,22.47211
22.7,22.91,22.635,144,22.77,2021-08-13T14:00:00Z,19840,22.728551
22.55,22.65,22.46,115,22.65,2021-08-13T15:00:00Z,11799,22.545532
22.55,22.65,22.48,92,22.53,2021-08-13T16:00:00Z,11967,22.571585
22.68,22.75,22.56,117,22.56,2021-08-13T17:00:00Z,11437,22.666557
22.785,22.88,22.64,152,22.72,2021-08-13T18:00:00Z,14452,22.755311
22.94,23.19,22.76,272,22.765,2021-08-13T19:00:00Z,29243,22.978444
23.07,23.08,23.07,13,23.07,2021-08-13T20:00:00Z,4611,23.070217
24.45,24.61,23.96,103,23.96,2021-08-16T13:00:00Z,11560,24.383069
24.26,24.55,23.975,180,24.49,2021-08-16T14:00:00Z,22087,24.19547
23.73,24.24,23.62,57,24.24,2021-08-16T15:00:00Z,5781,23.85752
23.495,23.8,23.47,52,23.74,2021-08-16T16:00:00Z,6972,23.622072
23.43,23.64,23.38,119,23.52,2021-08-16T17:00:00Z,17060,23.514322
23.4,23.445,23.29,70,23.435,2021-08-16T18:00:00Z,8957,23.362693
23.17,23.41,23.17,101,23.41,2021-08-16T19:00:00Z,9506,23.233984
23.16,23.16,23.16,1,23.16,2021-08-16T20:00:00Z,150,23.16
24.22,24.29,23.69,53,24.21,2021-08-17T13:00:00Z,5980,24.007187
24.05,24.35,23.88,102,24.28,2021-08-17T14:00:00Z,12053,24.141286
24.75,24.775,24.01,166,24.03,2021-08-17T15:00:00Z,26718,24.288271
25.94,26.02,24.76,177,24.9,2021-08-17T16:00:00Z,18678,25.249973
25.16,25.915,25.16,143,25.85,2021-08-17T17:00:00Z,15010,25.564344
24.88,25.41,24.68,150,24.875,2021-08-17T18:00:00Z,18772,25.096993
24.18,25.01,24.15,260,24.86,2021-08-17T19:00:00Z,24729,24.624493
24.52,24.52,24.52,1,24.52,2021-08-17T20:00:00Z,600,24.52
24.42,24.91,24.36,57,24.73,2021-08-18T13:00:00Z,6796,24.652667
24.52,24.6,24.25,97,24.42,2021-08-18T14:00:00Z,10455,24.403524
24.99,25.015,24.5,127,24.57,2021-08-18T15:00:00Z,12766,24.765718
24.94,25.08,24.64,53,25.055,2021-08-18T16:00:00Z,5240,24.852812
24.645,24.98,24.56,50,24.88,2021-08-18T17:00:00Z,4769,24.784878
24.7,25.45,24.25,184,24.73,2021-08-18T18:00:00Z,23346,25.014402
26.84,27.05,24.83,283,24.83,2021-08-18T19:00:00Z,29366,25.84926
26.77,26.84,26.71,14,26.84,2021-08-18T20:00:00Z,4442,26.747225
27.8,29.12,27.67,262,29.12,2021-08-19T13:00:00Z,53888,28.081514
27.81,28.76,27.03,371,27.9,2021-08-19T14:00:00Z,41908,27.93539
26.75,28.04,26.65,216,27.94,2021-08-19T15:00:00Z,23707,27.362856
27.0,27.3,26.74,145,26.78,2021-08-19T16:00:00Z,15556,27.071412
28.14,28.14,26.89,126,26.89,2021-08-19T17:00:00Z,13939,27.575696
27.58,29.185,27.41,288,28.185,2021-08-19T18:00:00Z,32521,28.508364
28.005,28.09,26.97,287,27.43,2021-08-19T19:00:00Z,25337,27.549121
28.02,28.02,27.98,14,28.01,2021-08-19T20:00:00Z,1913,28.00352
26.3,27.41,26.3,93,27.39,2021-08-20T13:00:00Z,16126,26.900415
26.34,26.49,26.015,105,26.29,2021-08-20T14:00:00Z,10191,26.200428
26.21,26.595,26.055,71,26.48,2021-08-20T15:00:00Z,8336,26.290494
25.21,26.2,25.135,191,26.135,2021-08-20T16:00:00Z,18722,25.526567
25.76,25.765,25.09,35,25.27,2021-08-20T17:00:00Z,3520,25.330735
25.41,25.7,25.25,38,25.64,2021-08-20T18:00:00Z,3645,25.435619
24.85,25.29,24.56,192,25.29,2021-08-20T19:00:00Z,16771,24.781932
24.92,24.92,24.91,2,24.91,2021-08-20T20:00:00Z,1000,24.915
23.335,23.82,23.335,61,23.82,2021-08-23T13:00:00Z,5564,23.595273
23.12,23.535,23.09,39,23.52,2021-08-23T14:00:00Z,4174,23.320535
23.15,23.21,23.04,32,23.05,2021-08-23T15:00:00Z,3425,23.143
23.09,23.135,23.04,19,23.05,2021-08-23T16:00:00Z,2300,23.108043
23.095,23.23,23.095,34,23.12,2021-08-23T17:00:00Z,5812,23.130625
23.185,23.2,23.005,36,23.08,2021-08-23T18:00:00Z,4769,23.122283
23.655,23.675,23.04,50,23.07,2021-08-23T19:00:00Z,7242,23.336353
23.4,23.4,23.4,1,23.4,2021-08-23T20:00:00Z,800,23.4
23.59,23.59,23.59,1,23.59,2021-08-24T12:00:00Z,100,23.59
23.52,23.65,23.35,35,23.43,2021-08-24T13:00:00Z,4247,23.483365
23.55,23.67,23.36,48,23.58,2021-08-24T14:00:00Z,5707,23.508462
23.52,23.64,23.375,47,23.44,2021-08-24T15:00:00Z,4417,23.485833
23.585,23.71,23.55,20,23.66,2021-08-24T16:00:00Z,2508,23.6354
23.36,23.53,23.3,26,23.49,2021-08-24T17:00:00Z,4396,23.391339
23.3,23.38,23.25,12,23.27,2021-08-24T18:00:00Z,1402,23.297261
23.52,23.71,23.395,134,23.41,2021-08-24T19:00:00Z,11187,23.632428
23.34,23.37,23.29,12,23.29,2021-08-24T20:00:00Z,3002,23.347892
23.04,23.45,23.04,20,23.45,2021-08-25T13:00:00Z,2300,23.258696
22.96,23.07,22.86,124,23.02,2021-08-25T14:00:00Z,12874,22.942446
22.775,22.95,22.73,69,22.91,2021-08-25T15:00:00Z,7705,22.851362
22.85,22.875,22.78,52,22.795,2021-08-25T16:00:00Z,5000,22.833478
22.92,22.945,22.83,49,22.87,2021-08-25T17:00:00Z,4545,22.883488
22.675,22.94,22.67,77,22.91,2021-08-25T18:00:00Z,8452,22.791263
22.72,22.835,22.6,328,22.67,2021-08-25T19:00:00Z,28046,22.730943
23.28,23.28,23.28,1,23.28,2021-08-26T12:00:00Z,100,23.28
23.18,23.24,22.9,40,23.23,2021-08-26T13:00:00Z,5090,23.064669
24.0,24.2,23.18,98,23.21,2021-08-26T14:00:00Z,10460,23.876967
23.68,24.31,23.36,189,24.02,2021-08-26T15:00:00Z,20203,23.688866
23.8,23.89,23.5,66,23.58,2021-08-26T16:00:00Z,5545,23.685189
23.97,24.17,23.74,70,23.825,2021-08-26T17:00:00Z,5682,23.989883
24.19,24.36,23.93,99,24.17,2021-08-26T18:00:00Z,7331,24.121448
24.17,24.595,23.98,309,24.27,2021-08-26T19:00:00Z,35284,24.306874
24.24,24.29,24.24,5,24.29,2021-08-26T20:00:00Z,2101,24.259524
23.15,23.44,23.01,168,23.44,2021-08-27T13:00:00Z,18202,23.130215
22.27,23.22,22.19,151,23.22,2021-08-27T14:00:00Z,13971,22.483829
22.31,22.57,22.275,53,22.28,2021-08-27T15:00:00Z,7057,22.373222
22.28,22.35,22.21,139,22.3,2021-08-27T16:00:00Z,12528,22.274589
22.225,22.27,22.145,72,22.27,2021-08-27T17:00:00Z,8401,22.206202
22.15,22.205,22.11,25,22.205,2021-08-27T18:00:00Z,2624,22.149866
22.28,22.375,22.065,105,22.13,2021-08-27T19:00:00Z,12977,22.198362
22.11,22.25,21.91,46,21.93,2021-08-30T13:00:00Z,6755,22.077176
22.195,22.23,22.025,38,22.07,2021-08-30T14:00:00Z,5335,22.101346
22.285,22.37,22.21,74,22.21,2021-08-30T15:00:00Z,7340,22.30345
22.21,22.26,22.14,31,22.21,2021-08-30T16:00:00Z,3823,22.205135
22.13,22.3,22.12,21,22.25,2021-08-30T17:00:00Z,3080,22.209612
21.885,22.06,21.86,76,22.06,2021-08-30T18:00:00Z,8455,21.969236
22.005,22.3,21.75,166,21.81,2021-08-30T19:00:00Z,17379,22.054578
22.0,22.0,22.0,3,22.0,2021-08-30T20:00:00Z,306,22.0
22.29,22.46,22.18,16,22.28,2021-08-31T13:00:00Z,2000,22.3
22.0,22.36,22.0,85,22.285,2021-08-31T14:00:00Z,11969,22.167429
21.975,22.14,21.9,96,22.01,2021-08-31T15:00:00Z,10394,22.017015
22.08,22.09,21.96,52,21.97,2021-08-31T16:00:00Z,5780,22.015833
22.22,22.4,22.08,104,22.1,2021-08-31T17:00:00Z,10570,22.2875
21.975,22.25,21.945,74,22.19,2021-08-31T18:00:00Z,8504,22.070549
21.84,22.23,21.805,185,21.965,2021-08-31T19:00:00Z,19671,21.966153
21.775,21.93,21.605,95,21.605,2021-09-01T13:00:00Z,8960,21.738169
21.42,21.705,21.395,73,21.65,2021-09-01T14:00:00Z,6899,21.545008
21.025,21.49,20.98,107,21.39,2021-09-01T15:00:00Z,10594,21.19584
20.79,21.05,20.78,92,21.05,2021-09-01T16:00:00Z,12293,20.888001
20.88,20.92,20.77,47,20.83,2021-09-01T17:00:00Z,4331,20.850125
21.04,21.17,20.83,130,20.88,2021-09-01T18:00:00Z,14483,21.028185
21.02,21.32,20.98,191,21.12,2021-09-01T19:00:00Z,21666,21.115165
21.01,21.01,21.01,1,21.01,2021-09-01T20:00:00Z,100,21.01
20.82,20.83,20.62,39,20.655,2021-09-02T13:00:00Z,3917,20.734973
20.77,20.985,20.72,74,20.76,2021-09-02T14:00:00Z,8229,20.822562
20.895,20.93,20.71,102,20.75,2021-09-02T15:00:00Z,9010,20.838565
20.85,20.98,20.85,85,20.91,2021-09-02T16:00:00Z,9796,20.946467
21.16,21.25,20.86,22,20.865,2021-09-02T17:00:00Z,2058,21.06949
21.195,21.54,21.16,122,21.24,2021-09-02T18:00:00Z,7872,21.337678
20.915,21.41,20.87,123,21.21,2021-09-02T19:00:00Z,11912,21.151745
21.37,21.77,21.08,93,21.08,2021-09-03T13:00:00Z,12365,21.502447
21.34,21.5,21.15,47,21.36,2021-09-03T14:00:00Z,5006,21.278367
21.35,21.36,21.2,35,21.33,2021-09-03T15:00:00Z,4055,21.273289
21.38,21.43,21.24,15,21.39,2021-09-03T16:00:00Z,1801,21.331389
21.17,21.28,21.17,16,21.27,2021-09-03T17:00:00Z,1490,21.228755
21.21,21.28,21.15,51,21.17,2021-09-03T18:00:00Z,7203,21.218875
21.25,21.27,20.88,116,21.205,2021-09-03T19:00:00Z,13641,21.088478
21.18,21.18,21.18,2,21.18,2021-09-03T20:00:00Z,600,21.18
21.7,21.76,21.42,72,21.42,2021-09-07T13:00:00Z,7209,21.578705
21.73,22.2,21.68,370,21.74,2021-09-07T14:00:00Z,29624,21.900619
21.84,22.1,21.76,126,21.76,2021-09-07T15:00:00Z,11941,21.896967
21.39,21.825,21.36,89,21.825,2021-09-07T16:00:00Z,9768,21.564737
21.43,21.46,21.32,58,21.41,2021-09-07T17:00:00Z,5814,21.385746
21.54,21.67,21.43,68,21.46,2021-09-07T18:00:00Z,7330,21.545361
21.84,22.06,21.48,92,21.53,2021-09-07T19:00:00Z,10074,21.832364
22.32,22.76,22.15,87,22.53,2021-09-08T13:00:00Z,10154,22.420243
22.75,23.04,22.12,126,22.42,2021-09-08T14:00:00Z,15307,22.717702
22.81,22.955,22.43,95,22.55,2021-09-08T15:00:00Z,11936,22.678183
22.565,22.93,22.34,81,22.93,2021-09-08T16:00:00Z,9104,22.526534
22.54,22.65,22.305,122,22.58,2021-09-08T17:00:00Z,14026,22.465803
22.25,22.53,22.18,189,22.495,2021-09-08T18:00:00Z,17605,22.360746
21.88,22.27,21.795,637,22.21,2021-09-08T19:00:00Z,64663,22.092141
21.51,22.05,21.455,42,22.05,2021-09-09T13:00:00Z,4895,21.630143
21.18,21.43,21.17,65,21.43,2021-09-09T14:00:00Z,7117,21.292476
21.48,21.71,21.22,140,21.26,2021-09-09T15:00:00Z,14200,21.53531
21.56,21.8,21.36,156,21.45,2021-09-09T16:00:00Z,14577,21.581333
22.215,22.26,21.41,401,21.56,2021-09-09T17:00:00Z,31767,21.97912
22.03,22.59,22.03,247,22.215,2021-09-09T18:00:00Z,21754,22.323414
22.685,22.685,21.91,527,21.96,2021-09-09T19:00:00Z,44437,22.301506
21.52,21.655,21.15,78,21.38,2021-09-10T13:00:00Z,8484,21.34983
22.41,22.65,21.675,209,21.675,2021-09-10T14:00:00Z,23511,22.278417
22.415,22.81,22.23,149,22.32,2021-09-10T15:00:00Z,14258,22.450017
21.95,22.47,21.86,62,22.46,2021-09-10T16:00:00Z,7682,22.096969
22.09,22.15,21.835,55,21.855,2021-09-10T17:00:00Z,6086,22.005873
22.535,22.535,22.03,37,22.06,2021-09-10T18:00:00Z,3302,22.224063
23.95,24.01,22.61,461,22.61,2021-09-10T19:00:00Z,45052,23.396995
23.8,23.83,23.76,10,23.83,2021-09-10T20:00:00Z,2688,23.793906
22.78,23.07,22.2,118,22.305,2021-09-13T13:00:00Z,10701,22.663797
22.72,23.58,22.67,166,22.84,2021-09-13T14:00:00Z,17011,23.087295
23.22,23.4,22.62,112,22.67,2021-09-13T15:00:00Z,13482,23.02556
22.88,23.37,22.88,52,23.21,2021-09-13T16:00:00Z,6494,23.062709
23.67,23.67,22.82,50,22.92,2021-09-13T17:00:00Z,6464,23.262613
23.74,24.11,23.48,79,23.48,2021-09-13T18:00:00Z,9130,23.850818
22.625,24.17,22.61,182,23.735,2021-09-13T19:00:00Z,21208,23.429125
22.26,22.26,22.26,1,22.26,2021-09-14T12:00:00Z,100,22.26
22.6,22.6,21.83,151,21.94,2021-09-14T13:00:00Z,21813,21.995457
22.855,23.04,22.42,135,22.66,2021-09-14T14:00:00Z,15826,22.748893
22.35,22.74,22.27,30,22.69,2021-09-14T15:00:00Z,2956,22.524655
22.86,22.89,22.23,51,22.25,2021-09-14T16:00:00Z,6138,22.622367
22.73,23.05,22.56,50,22.71,2021-09-14T17:00:00Z,5977,22.763304
23.14,23.63,22.82,134,22.82,2021-09-14T18:00:00Z,17576,23.331002
22.81,23.46,22.78,176,23.24,2021-09-14T19:00:00Z,20343,23.16478
22.74,22.74,22.71,6,22.71,2021-09-14T20:00:00Z,1066,22.737073
22.58,22.99,22.395,138,22.46,2021-09-15T13:00:00Z,16237,22.685878
22.69,23.14,22.395,153,22.6,2021-09-15T14:00:00Z,18183,22.75887
22.54,22.865,22.54,48,22.68,2021-09-15T15:00:00Z,5430,22.688805
22.22,22.64,22.12,289,22.58,2021-09-15T16:00:00Z,31271,22.266714
22.165,22.26,21.92,111,22.21,2021-09-15T17:00:00Z,12563,22.099163
22.04,22.2,21.97,56,22.17,2021-09-15T18:00:00Z,7006,22.10297
21.76,22.02,21.52,191,21.99,2021-09-15T19:00:00Z,21826,21.703536
21.71,21.71,21.71,4,21.71,2021-09-15T20:00:00Z,1233,21.71
22.33,22.33,21.79,30,22.06,2021-09-16T13:00:00Z,4672,22.052498
22.45,22.65,22.08,178,22.32,2021-09-16T14:00:00Z,18784,22.319091
22.18,22.56,22.18,71,22.44,2021-09-16T15:00:00Z,7254,22.380631
21.87,22.23,21.71,75,22.09,2021-09-16T16:00:00Z,8405,21.916813
21.6,22.05,21.57,60,21.85,2021-09-16T17:00:00Z,6903,21.847015
21.25,21.58,21.25,77,21.53,2021-09-16T18:00:00Z,10768,21.42003
21.38,21.5,21.04,105,21.28,2021-09-16T19:00:00Z,11774,21.248345
21.93,22.02,21.4,132,21.64,2021-09-17T13:00:00Z,16567,21.730841
22.61,22.74,21.85,203,21.89,2021-09-17T14:00:00Z,22846,22.37106
22.68,22.935,22.35,146,22.59,2021-09-17T15:00:00Z,17468,22.658074
22.745,22.75,22.36,73,22.67,2021-09-17T16:00:00Z,7191,22.592761
23.2,23.5,22.71,178,22.73,2021-09-17T17:00:00Z,22365,23.10494
23.345,23.535,23.06,125,23.27,2021-09-17T18:00:00Z,13855,23.287947
23.47,23.54,22.8,327,23.32,2021-09-17T19:00:00Z,33647,23.202813
23.78,23.86,23.62,32,23.86,2021-09-17T20:00:00Z,4293,23.652604
26.51,26.56,26.51,2,26.56,2021-09-20T12:00:00Z,300,26.526667
26.8,26.8,25.37,155,26.15,2021-09-20T13:00:00Z,30957,26.041178
27.685,27.8,26.67,352,27.0,2021-09-20T14:00:00Z,38404,27.390491
28.24,28.27,26.87,306,27.65,2021-09-20T15:00:00Z,30816,27.705416
29.17,29.18,28.26,358,28.265,2021-09-20T16:00:00Z,35113,28.695207
29.14,30.0,28.6,154,29.1,2021-09-20T17:00:00Z,18884,29.240112
30.16,30.43,28.83,290,28.95,2021-09-20T18:00:00Z,28052,29.876348
27.4,30.79,26.62,738,30.165,2021-09-20T19:00:00Z,87683,28.680722
27.86,27.99,27.79,16,27.92,2021-09-20T20:00:00Z,4025,27.826305
26.22,26.93,25.74,579,26.1,2021-09-21T13:00:00Z,63224,26.34459
27.83,28.09,26.16,412,26.18,2021-09-21T14:00:00Z,38252,27.235459
26.44,28.15,26.28,213,27.95,2021-09-21T15:00:00Z,19460,26.935711
26.43,26.73,25.94,131,26.42,2021-09-21T16:00:00Z,11800,26.279349
26.805,26.88,26.25,124,26.39,2021-09-21T17:00:00Z,13543,26.580525
26.14,27.13,25.72,155,26.69,2021-09-21T18:00:00Z,15134,26.371986
25.68,26.0,25.22,321,26.0,2021-09-21T19:00:00Z,25934,25.693856
26.29,26.38,26.26,11,26.38,2021-09-21T20:00:00Z,6615,26.311061
24.6,25.21,24.45,82,24.81,2021-09-22T13:00:00Z,5837,24.881604
23.91,24.445,23.88,366,24.42,2021-09-22T14:00:00Z,29791,24.132025
23.7,23.89,23.39,207,23.88,2021-09-22T15:00:00Z,19700,23.609506
23.61,23.805,23.54,63,23.72,2021-09-22T16:00:00Z,5497,23.658158
23.615,23.945,23.605,39,23.61,2021-09-22T17:00:00Z,3364,23.773621
24.06,24.555,23.01,497,24.1,2021-09-22T18:00:00Z,85180,23.799903
23.67,24.33,23.15,308,24.21,2021-09-22T19:00:00Z,34843,23.674086
23.62,23.62,23.61,11,23.61,2021-09-22T20:00:00Z,4400,23.611781
22.09,22.51,22.065,128,22.505,2021-09-23T13:00:00Z,22182,22.249188
22.065,22.23,21.89,165,22.075,2021-09-23T14:00:00Z,30289,22.100051
22.02,22.28,22.02,52,22.11,2021-09-23T15:00:00Z,5101,22.124542
21.915,22.145,21.675,163,22.075,2021-09-23T16:00:00Z,27345,21.771243
21.655,21.92,21.63,52,21.92,2021-09-23T17:00:00Z,9403,21.688764
21.435,21.68,21.4,222,21.635,2021-09-23T18:00:00Z,61278,21.588546
21.48,21.595,21.335,146,21.395,2021-09-23T19:00:00Z,31744,21.465048
21.46,21.46,21.46,1,21.46,2021-09-23T20:00:00Z,600,21.46
21.2,22.38,21.19,268,22.38,2021-09-24T13:00:00Z,31671,21.573673
21.31,21.43,21.08,171,21.13,2021-09-24T14:00:00Z,19340,21.249972
21.14,21.51,21.06,46,21.24,2021-09-24T15:00:00Z,5983,21.241696
20.95,21.19,20.87,51,21.19,2021-09-24T16:00:00Z,7985,20.976406
21.05,21.11,20.92,57,20.96,2021-09-24T17:00:00Z,7468,21.014392
20.53,21.0,20.53,60,21.0,2021-09-24T18:00:00Z,8296,20.731186
20.43,20.705,20.39,145,20.545,2021-09-24T19:00:00Z,17555,20.523191
20.37,20.37,20.37,1,20.37,2021-09-24T20:00:00Z,266,20.37
20.58,21.03,20.4,111,20.61,2021-09-27T13:00:00Z,14503,20.74099
20.51,20.7,20.19,252,20.61,2021-09-27T14:00:00Z,25986,20.320114
20.73,20.83,20.36,213,20.5,2021-09-27T15:00:00Z,16896,20.578411
20.86,20.94,20.45,56,20.73,2021-09-27T16:00:00Z,8441,20.813545
20.61,20.85,20.61,144,20.785,2021-09-27T17:00:00Z,14692,20.705363
20.59,20.66,20.47,67,20.54,2021-09-27T18:00:00Z,8109,20.562768
20.705,20.89,20.41,251,20.665,2021-09-27T19:00:00Z,29654,20.65337
20.89,20.89,20.84,5,20.85,2021-09-27T20:00:00Z,873,20.860619
22.52,22.84,21.76,161,22.03,2021-09-28T13:00:00Z,20309,22.359812
23.91,24.38,22.62,436,22.62,2021-09-28T14:00:00Z,45119,23.62096
24.05,24.54,23.73,309,23.74,2021-09-28T15:00:00Z,33398,24.213617
24.51,24.6,23.64,360,24.12,2021-09-28T16:00:00Z,27777,24.149919
24.29,24.685,23.5,403,24.49,2021-09-28T17:00:00Z,38877,23.944749
23.355,24.62,23.18,323,24.26,2021-09-28T18:00:00Z,34919,23.880424
23.92,24.365,23.06,357,23.42,2021-09-28T19:00:00Z,35854,23.771832
24.16,24.16,24.07,6,24.07,2021-09-28T20:00:00Z,1647,24.136875
23.81,24.51,23.57,139,23.89,2021-09-29T13:00:00Z,19051,23.950938
23.64,24.16,23.45,230,23.74,2021-09-29T14:00:00Z,26279,23.761919
23.91,24.23,23.455,301,23.62,2021-09-29T15:00:00Z,33033,23.82132
24.29,24.55,23.66,153,23.78,2021-09-29T16:00:00Z,16483,24.220466
24.53,24.76,24.12,136,24.28,2021-09-29T17:00:00Z,15305,24.461763
23.465,24.54,23.34,362,24.54,2021-09-29T18:00:00Z,36178,23.803195
24.63,24.63,23.375,686,23.435,2021-09-29T19:00:00Z,71334,23.876283
24.44,24.44,24.42,3,24.42,2021-09-29T20:00:00Z,1200,24.435833
23.02,23.59,22.75,72,23.59,2021-09-30T13:00:00Z,10329,23.138052
23.61,23.73,22.89,233,22.94,2021-09-30T14:00:00Z,25973,23.435115
24.15,24.625,23.1,353,23.74,2021-09-30T15:00:00Z,35715,23.879035
24.655,25.18,24.12,293,24.14,2021-09-30T16:00:00Z,26575,24.764073
24.29,24.76,23.985,124,24.42,2021-09-30T17:00:00Z,11950,24.380642
23.75,24.16,23.195,319,24.16,2021-09-30T18:00:00Z,38613,23.590512
24.52,24.58,23.41,386,23.75,2021-09-30T19:00:00Z,34754,23.983116
24.28,24.52,24.19,13,24.52,2021-09-30T20:00:00Z,3873,24.290182
24.39,24.695,23.48,188,23.6,2021-10-01T13:00:00Z,20204,24.318394
24.29,25.0,23.885,350,24.5,2021-10-01T14:00:00Z,37969,24.607058
23.635,24.55,23.43,224,24.29,2021-10-01T15:00:00Z,23570,23.918797
23.47,23.79,23.23,214,23.49,2021-10-01T16:00:00Z,18128,23.408144
22.905,23.63,22.81,173,23.56,2021-10-01T17:00:00Z,25822,23.006986
22.55,22.86,22.505,183,22.85,2021-10-01T18:00:00Z,21161,22.669441
23.305,23.39,22.35,256,22.475,2021-10-01T19:00:00Z,30720,22.763239
23.02,23.02,23.02,4,23.02,2021-10-01T20:00:00Z,226,23.02
23.395,23.53,23.03,72,23.03,2021-10-04T13:00:00Z,9026,23.302496
24.87,25.325,23.38,473,23.38,2021-10-04T14:00:00Z,45317,24.665061
24.39,25.23,24.36,408,24.92,2021-10-04T15:00:00Z,56513,24.861767
25.0,25.26,24.32,153,24.44,2021-10-04T16:00:00Z,17140,24.879778
24.915,25.44,24.645,226,25.22,2021-10-04T17:00:00Z,22352,24.918984
24.76,25.075,24.53,136,24.92,2021-10-04T18:00:00Z,15577,24.813938
24.29,25.21,24.27,267,24.64,2021-10-04T19:00:00Z,30681,24.691899
24.26,24.26,24.26,3,24.26,2021-10-04T20:00:00Z,723,24.26
23.53,24.04,23.36,111,23.86,2021-10-05T13:00:00Z,11267,23.688687
22.555,23.38,22.555,196,23.36,2021-10-05T14:00:00Z,22541,22.93597
22.715,22.88,22.39,290,22.525,2021-10-05T15:00:00Z,24436,22.601667
22.52,22.79,22.52,76,22.74,2021-10-05T16:00:00Z,8611,22.654523
22.505,22.64,22.41,123,22.59,2021-10-05T17:00:00Z,12893,22.529082
22.385,22.57,22.195,178,22.49,2021-10-05T18:00:00Z,18399,22.370063
23.05,23.05,22.26,603,22.43,2021-10-05T19:00:00Z,41797,22.537928
22.75,22.75,22.75,1,22.75,2021-10-05T20:00:00Z,100,22.75
24.38,24.38,23.27,161,23.77,2021-10-06T13:00:00Z,23026,23.788986
23.93,25.02,23.82,414,24.47,2021-10-06T14:00:00Z,49031,24.479248
23.81,24.42,23.775,184,23.845,2021-10-06T15:00:00Z,21568,24.097543
24.12,24.48,23.8,162,23.8,2021-10-06T16:00:00Z,19824,24.240153
23.3,24.47,23.3,117,24.3,2021-10-06T17:00:00Z,13153,23.929938
23.115,23.38,22.71,234,23.17,2021-10-06T18:00:00Z,28059,23.003692
22.34,23.14,22.34,135,23.08,2021-10-06T19:00:00Z,15297,22.808707
22.46,22.47,22.46,3,22.47,2021-10-06T20:00:00Z,1463,22.466582
21.42,21.7,21.42,146,21.59,2021-10-07T13:00:00Z,16442,21.570761
21.245,21.46,21.245,484,21.4,2021-10-07T14:00:00Z,36706,21.348635
21.39,21.47,21.24,254,21.24,2021-10-07T15:00:00Z,15800,21.351585
21.3,21.4,21.3,71,21.39,2021-10-07T16:00:00Z,7062,21.341968
21.17,21.31,21.08,133,21.31,2021-10-07T17:00:00Z,15409,21.145877
21.565,21.58,21.2,394,21.21,2021-10-07T18:00:00Z,32253,21.404868
21.19,21.63,21.17,495,21.59,2021-10-07T19:00:00Z,42137,21.334202
21.02,21.02,20.85,2,20.85,2021-10-08T12:00:00Z,200,20.935
20.73,21.09,20.625,144,20.85,2021-10-08T13:00:00Z,18466,20.839593
20.69,20.9,20.425,300,20.69,2021-10-08T14:00:00Z,24168,20.606217
20.85,20.87,20.6,65,20.73,2021-10-08T15:00:00Z,8508,20.771001
20.62,20.91,20.6,178,20.845,2021-10-08T16:00:00Z,19142,20.745873
20.73,20.975,20.57,294,20.64,2021-10-08T17:00:00Z,24420,20.801314
20.44,20.75,20.41,128,20.73,2021-10-08T18:00:00Z,13165,20.600323
20.61,20.73,20.38,232,20.41,2021-10-08T19:00:00Z,21914,20.547481
20.69,20.69,20.57,2,20.57,2021-10-08T20:00:00Z,850,20.591176
20.18,20.99,20.16,110,20.95,2021-10-11T13:00:00Z,11068,20.446593
20.03,20.15,19.875,477,20.13,2021-10-11T14:00:00Z,39772,20.003182
19.87,20.16,19.81,186,20.03,2021-10-11T15:00:00Z,17445,19.969814
20.2,20.26,19.9,142,19.91,2021-10-11T16:00:00Z,17439,20.092368
20.47,20.66,20.29,106,20.31,2021-10-11T17:00:00Z,11240,20.472635
20.44,20.62,20.265,38,20.54,2021-10-11T18:00:00Z,5393,20.476142
21.01,21.03,20.49,139,20.49,2021-10-11T19:00:00Z,17411,20.795818
20.97,20.97,20.97,1,20.97,2021-10-11T20:00:00Z,800,20.97
20.71,21.055,20.35,82,20.63,2021-10-12T13:00:00Z,9896,20.707269
20.74,20.96,20.545,110,20.83,2021-10-12T14:00:00Z,14026,20.763759
20.21,20.73,20.21,104,20.73,2021-10-12T15:00:00Z,13172,20.388266
20.5,20.56,20.1,111,20.16,2021-10-12T16:00:00Z,12463,20.322555
20.315,20.67,20.26,41,20.58,2021-10-12T17:00:00Z,4906,20.437442
20.24,20.275,20.04,65,20.275,2021-10-12T18:00:00Z,8497,20.159975
20.37,20.8,20.315,272,20.34,2021-10-12T19:00:00Z,27306,20.518216
20.64,20.68,20.64,3,20.68,2021-10-12T20:00:00Z,540,20.648333
20.43,20.585,20.0,57,20.17,2021-10-13T13:00:00Z,6129,20.260565
20.41,20.81,20.35,363,20.42,2021-10-13T14:00:00Z,30041,20.55863
20.03,20.42,19.95,212,20.39,2021-10-13T15:00:00Z,21543,20.18977
20.08,20.17,19.92,230,20.06,2021-10-13T16:00:00Z,24446,20.061984
19.98,20.15,19.865,231,20.15,2021-10-13T17:00:00Z,22520,19.966393
19.87,20.13,19.81,383,19.96,2021-10-13T18:00:00Z,34447,19.933413
19.82,19.955,19.74,370,19.86,2021-10-13T19:00:00Z,28859,19.838575
18.835,18.89,18.69,79,18.86,2021-10-14T13:00:00Z,9100,18.805411
18.805,18.86,18.75,294,18.77,2021-10-14T14:00:00Z,27034,18.792281
18.715,18.86,18.71,209,18.83,2021-10-14T15:00:00Z,21807,18.783836
18.61,18.75,18.56,235,18.715,2021-10-14T16:00:00Z,24641,18.634026
18.46,18.66,18.46,156,18.58,2021-10-14T17:00:00Z,16921,18.563779
18.38,18.5,18.31,212,18.46,2021-10-14T18:00:00Z,24820,18.388205
18.15,18.45,18.14,389,18.355,2021-10-14T19:00:00Z,47308,18.300185
17.5,17.96,17.49,118,17.91,2021-10-15T13:00:00Z,13517,17.672959
17.62,17.715,17.43,151,17.495,2021-10-15T14:00:00Z,19467,17.541441
17.91,17.94,17.57,65,17.6,2021-10-15T15:00:00Z,8345,17.762835
17.82,17.985,17.81,42,17.9,2021-10-15T16:00:00Z,6035,17.897519
17.89,17.98,17.82,56,17.82,2021-10-15T17:00:00Z,6772,17.900853
17.775,17.97,17.775,67,17.92,2021-10-15T18:00:00Z,9095,17.914695
18.19,18.255,17.77,282,17.77,2021-10-15T19:00:00Z,35702,18.151177
18.17,18.63,18.08,82,18.62,2021-10-18T13:00:00Z,10836,18.312172
18.065,18.26,17.985,82,18.15,2021-10-18T14:00:00Z,10694,18.078822
17.92,18.07,17.77,109,18.07,2021-10-18T15:00:00Z,13429,17.888905
17.93,17.955,17.865,58,17.88,2021-10-18T16:00:00Z,5687,17.908572
17.82,17.9,17.82,66,17.9,2021-10-18T17:00:00Z,6078,17.85712
17.79,17.87,17.76,114,17.83,2021-10-18T18:00:00Z,10440,17.815903
17.605,17.9,17.6,254,17.81,2021-10-18T19:00:00Z,21528,17.780438
17.6,17.6,17.6,1,17.6,2021-10-18T20:00:00Z,700,17.6
17.605,17.65,17.4,74,17.44,2021-10-19T13:00:00Z,8097,17.497727
17.455,17.58,17.41,92,17.5,2021-10-19T14:00:00Z,11339,17.462712
17.4,17.49,17.39,135,17.425,2021-10-19T15:00:00Z,20974,17.41135
17.38,17.46,17.37,65,17.41,2021-10-19T16:00:00Z,10467,17.420424
17.255,17.41,17.255,88,17.38,2021-10-19T17:00:00Z,14989,17.34976
17.32,17.37,17.23,117,17.24,2021-10-19T18:00:00Z,12816,17.295026
17.38,17.49,17.27,364,17.34,2021-10-19T19:00:00Z,31110,17.374639
17.4,17.48,17.37,69,17.42,2021-10-20T13:00:00Z,10625,17.400622
17.37,17.435,17.29,83,17.4,2021-10-20T14:00:00Z,9554,17.367735
17.225,17.375,17.22,128,17.35,2021-10-20T15:00:00Z,14712,17.305856
17.235,17.24,17.215,59,17.235,2021-10-20T16:00:00Z,5768,17.22687
17.26,17.475,17.22,111,17.225,2021-10-20T17:00:00Z,15382,17.31715
17.11,17.315,17.11,92,17.275,2021-10-20T18:00:00Z,11331,17.233673
17.07,17.25,17.05,130,17.085,2021-10-20T19:00:00Z,19932,17.16355
17.15,17.17,17.11,5,17.11,2021-10-20T20:00:00Z,1668,17.146521
17.29,17.39,17.22,44,17.32,2021-10-21T13:00:00Z,6155,17.303241
17.02,17.29,16.985,130,17.26,2021-10-21T14:00:00Z,16786,17.106639
16.87,17.1,16.87,247,17.005,2021-10-21T15:00:00Z,33214,17.016521
16.815,16.87,16.8,148,16.85,2021-10-21T16:00:00Z,15399,16.825542
16.82,16.83,16.78,45,16.81,2021-10-21T17:00:00Z,6218,16.814789
16.55,16.82,16.545,176,16.82,2021-10-21T18:00:00Z,22551,16.652689
16.25,16.56,16.25,189,16.545,2021-10-21T19:00:00Z,26872,16.436116
16.225,16.4,16.08,62,16.4,2021-10-22T13:00:00Z,9374,16.245193
16.495,16.5,16.25,145,16.315,2021-10-22T14:00:00Z,19302,16.371285
17.045,17.375,16.46,436,16.47,2021-10-22T15:00:00Z,68616,16.977814
16.86,17.18,16.73,153,17.115,2021-10-22T16:00:00Z,18206,16.91105
16.97,16.975,16.79,55,16.855,2021-10-22T17:00:00Z,9430,16.873031
16.735,17.03,16.605,61,17.01,2021-10-22T18:00:00Z,7049,16.728148
16.79,16.84,16.63,158,16.8,2021-10-22T19:00:00Z,19350,16.744302
16.88,16.89,16.88,29,16.88,2021-10-22T20:00:00Z,7231,16.881812
16.69,17.03,16.63,69,16.63,2021-10-25T13:00:00Z,9551,16.825315
16.35,16.73,16.35,61,16.68,2021-10-25T14:00:00Z,8783,16.577738
16.17,16.365,16.155,215,16.365,2021-10-25T15:00:00Z,28172,16.207488
16.16,16.195,16.05,256,16.15,2021-10-25T16:00:00Z,22115,16.113749
16.07,16.185,16.07,101,16.16,2021-10-25T17:00:00Z,10780,16.133904
16.09,16.11,16.06,76,16.1,2021-10-25T18:00:00Z,8699,16.084428
16.06,16.185,16.06,116,16.09,2021-10-25T19:00:00Z,17943,16.119698
16.05,16.05,16.05,3,16.05,2021-10-25T20:00:00Z,784,16.05
16.1,16.115,15.78,107,15.79,2021-10-26T13:00:00Z,16111,15.969633
16.16,16.31,16.06,222,16.11,2021-10-26T14:00:00Z,39348,16.218925
16.35,16.355,16.08,153,16.13,2021-10-26T15:00:00Z,21049,16.168499
16.63,17.07,16.37,360,16.37,2021-10-26T16:00:00Z,52265,16.715349
16.59,16.765,16.4,157,16.665,2021-10-26T17:00:00Z,22761,16.586362
16.285,16.51,16.285,120,16.495,2021-10-26T18:00:00Z,17042,16.414155
16.54,16.56,16.12,224,16.25,2021-10-26T19:00:00Z,41201,16.254275
16.44,16.44,16.44,7,16.44,2021-10-26T20:00:00Z,2207,16.44
16.08,16.565,16.08,89,16.38,2021-10-27T13:00:00Z,11319,16.303908
16.48,16.525,16.05,188,16.05,2021-10-27T14:00:00Z,24900,16.341184
16.22,16.43,16.12,148,16.43,2021-10-27T15:00:00Z,16760,16.217942
16.02,16.235,15.98,95,16.17,2021-10-27T16:00:00Z,12686,16.076634
15.92,16.05,15.91,214,16.04,2021-10-27T17:00:00Z,21469,15.967477
16.41,16.42,15.94,267,15.94,2021-10-27T18:00:00Z,26117,16.208048
17.08,17.18,16.38,670,16.42,2021-10-27T19:00:00Z,76281,16.915095
17.0,17.0,17.0,2,17.0,2021-10-27T20:00:00Z,847,17.0
16.63,16.69,16.42,145,16.61,2021-10-28T13:00:00Z,15543,16.572066
16.58,16.75,16.48,286,16.6,2021-10-28T14:00:00Z,31651,16.60288
16.54,16.615,16.4,281,16.58,2021-10-28T15:00:00Z,27447,16.537803
16.425,16.53,16.27,184,16.51,2021-10-28T16:00:00Z,21480,16.357513
16.41,16.41,16.27,57,16.38,2021-10-28T17:00:00Z,7371,16.348767
16.49,16.52,16.35,160,16.395,2021-10-28T18:00:00Z,18623,16.418643
16.25,16.575,16.23,385,16.49,2021-10-28T19:00:00Z,36678,16.428402
16.49,16.49,16.49,1,16.49,2021-10-28T20:00:00Z,100,16.49
16.64,16.97,16.54,104,16.97,2021-10-29T13:00:00Z,11083,16.7319
16.595,16.825,16.45,193,16.66,2021-10-29T14:00:00Z,24611,16.672245
16.44,16.6,16.35,195,16.6,2021-10-29T15:00:00Z,21405,16.438039
16.5,16.52,16.43,261,16.505,2021-10-29T16:00:00Z,28264,16.479674
16.54,16.555,16.46,66,16.505,2021-10-29T17:00:00Z,8730,16.486544
16.715,16.785,16.49,218,16.53,2021-10-29T18:00:00Z,29462,16.682219
16.51,16.75,16.355,278,16.725,2021-10-29T19:00:00Z,42433,16.508841
16.48,16.48,16.48,1,16.48,2021-10-29T20:00:00Z,159,16.48
16.63,16.63,16.23,80,16.23,2021-11-01T13:00:00Z,9694,16.45218
16.76,16.995,16.545,306,16.67,2021-11-01T14:00:00Z,35646,16.771704
16.53,16.77,16.53,70,16.77,2021-11-01T15:00:00Z,7498,16.623737
16.195,16.5,16.19,79,16.5,2021-11-01T16:00:00Z,8688,16.299202
16.445,16.495,16.215,111,16.225,2021-11-01T17:00:00Z,12897,16.377365
16.3,16.57,16.265,161,16.43,2021-11-01T18:00:00Z,16996,16.358248
16.11,16.4,16.06,300,16.305,2021-11-01T19:00:00Z,31327,16.262776
16.03,16.03,16.03,1,16.03,2021-11-01T20:00:00Z,100,16.03
15.77,16.05,15.735,124,16.05,2021-11-02T13:00:00Z,17192,15.824935
15.71,15.87,15.635,200,15.755,2021-11-02T14:00:00Z,37856,15.776405
15.75,15.8,15.68,131,15.685,2021-11-02T15:00:00Z,21281,15.717297
15.57,15.79,15.57,159,15.76,2021-11-02T16:00:00Z,16931,15.65845
15.63,15.7,15.57,183,15.575,2021-11-02T17:00:00Z,23403,15.634439
15.64,15.7,15.63,212,15.64,2021-11-02T18:00:00Z,19058,15.66157
15.46,15.65,15.45,342,15.65,2021-11-02T19:00:00Z,33228,15.556975
15.43,15.545,15.43,137,15.53,2021-11-03T13:00:00Z,21574,15.492035
15.54,15.63,15.44,119,15.44,2021-11-03T14:00:00Z,18049,15.557472
15.33,15.65,15.33,214,15.56,2021-11-03T15:00:00Z,30464,15.515999
15.32,15.36,15.26,249,15.335,2021-11-03T16:00:00Z,37350,15.307952
15.385,15.39,15.29,136,15.31,2021-11-03T17:00:00Z,20798,15.33248
14.84,15.33,14.78,956,15.32,2021-11-03T18:00:00Z,193771,15.032006
14.64,14.895,14.48,472,14.84,2021-11-03T19:00:00Z,80919,14.662606
14.67,14.67,14.67,1,14.67,2021-11-03T20:00:00Z,800,14.67
14.41,14.47,14.26,102,14.41,2021-11-04T13:00:00Z,15356,14.35372
14.7,14.7,14.38,251,14.4,2021-11-04T14:00:00Z,33728,14.564115
14.665,14.885,14.64,227,14.74,2021-11-04T15:00:00Z,31428,14.770319
15.12,15.12,14.65,157,14.67,2021-11-04T16:00:00Z,21850,14.963227
15.09,15.275,15.04,121,15.095,2021-11-04T17:00:00Z,18351,15.161234
15.19,15.265,15.125,90,15.155,2021-11-04T18:00:00Z,13835,15.18266
14.99,15.225,14.875,298,15.22,2021-11-04T19:00:00Z,44799,15.037201
14.98,14.98,14.98,3,14.98,2021-11-04T20:00:00Z,590,14.98
14.88,14.96,14.74,141,14.74,2021-11-05T13:00:00Z,19746,14.844029
14.745,14.9,14.66,111,14.84,2021-11-05T14:00:00Z,16290,14.772601
15.06,15.08,14.69,156,14.72,2021-11-05T15:00:00Z,25503,14.889399
15.31,15.34,15.045,194,15.1,2021-11-05T16:00:00Z,26639,15.221204
15.5,15.87,15.24,410,15.33,2021-11-05T17:00:00Z,64080,15.602896
15.595,15.61,15.39,145,15.53,2021-11-05T18:00:00Z,14969,15.516304
15.78,15.8,15.5,318,15.62,2021-11-05T19:00:00Z,41228,15.661177
15.72,15.72,15.72,2,15.72,2021-11-05T20:00:00Z,950,15.72
15.63,15.66,15.33,168,15.4,2021-11-08T14:00:00Z,20735,15.526629
15.72,15.93,15.575,185,15.72,2021-11-08T15:00:00Z,23353,15.758802
15.96,15.98,15.65,164,15.65,2021-11-08T16:00:00Z,19889,15.875205
16.19,16.25,15.92,324,15.96,2021-11-08T17:00:00Z,32097,16.052961
15.88,16.18,15.875,169,16.145,2021-11-08T18:00:00Z,17570,16.021656
15.67,15.965,15.67,96,15.8,2021-11-08T19:00:00Z,11498,15.802522
15.76,15.92,15.65,167,15.67,2021-11-08T20:00:00Z,22818,15.790533
15.86,15.86,15.86,1,15.86,2021-11-08T21:00:00Z,800,15.86
16.66,16.78,15.95,155,15.98,2021-11-09T14:00:00Z,21752,16.342628
16.36,16.66,16.15,275,16.64,2021-11-09T15:00:00Z,42858,16.381891
16.38,16.61,16.08,196,16.36,2021-11-09T16:00:00Z,29892,16.367536
16.47,16.64,16.305,275,16.4,2021-11-09T17:00:00Z,38620,16.457767
16.68,16.7,16.32,134,16.48,2021-11-09T18:00:00Z,17807,16.504822
16.36,16.705,16.34,120,16.705,2021-11-09T19:00:00Z,13064,16.482763
16.2,16.595,16.195,344,16.38,2021-11-09T20:00:00Z,30377,16.357729
16.07,16.78,16.07,262,16.725,2021-11-10T14:00:00Z,33647,16.431308
16.01,16.21,15.945,134,16.04,2021-11-10T15:00:00Z,19555,16.067742
15.85,16.04,15.845,53,15.87,2021-11-10T16:00:00Z,6407,15.940881
15.89,16.12,15.79,189,15.855,2021-11-10T17:00:00Z,28476,15.889816
16.52,16.585,15.86,236,15.895,2021-11-10T18:00:00Z,37516,16.254337
16.8,17.235,16.48,466,16.58,2021-11-10T19:00:00Z,66780,16.859131
16.55,17.06,16.47,310,16.89,2021-11-10T20:00:00Z,51384,16.70946
16.05,16.275,15.99,183,16.1,2021-11-11T14:00:00Z,30356,16.089335
16.14,16.36,16.03,161,16.08,2021-11-11T15:00:00Z,18278,16.153011
15.93,16.195,15.845,98,16.14,2021-11-11T16:00:00Z,13336,15.969435
15.995,16.12,15.88,42,15.9,2021-11-11T17:00:00Z,5000,15.975768
15.93,16.08,15.93,54,16.015,2021-11-11T18:00:00Z,5333,16.0035
15.88,15.93,15.59,111,15.84,2021-11-11T19:00:00Z,16241,15.734948
16.135,16.15,15.875,124,15.94,2021-11-11T20:00:00Z,19154,15.971467
15.75,15.91,15.68,111,15.74,2021-11-12T14:00:00Z,17253,15.786373
15.445,15.805,15.445,191,15.78,2021-11-12T15:00:00Z,25928,15.638472
15.27,15.435,15.245,250,15.435,2021-11-12T16:00:00Z,29845,15.30684
15.34,15.4,15.26,149,15.28,2021-11-12T17:00:00Z,15939,15.352408
15.22,15.41,15.205,136,15.36,2021-11-12T18:00:00Z,14504,15.301042
15.23,15.345,15.16,200,15.22,2021-11-12T19:00:00Z,28173,15.225001
15.235,15.34,15.17,303,15.21,2021-11-12T20:00:00Z,30489,15.253339
15.23,15.23,15.23,1,15.23,2021-11-12T21:00:00Z,100,15.23
15.16,15.325,14.99,107,14.99,2021-11-15T14:00:00Z,15615,15.165819
15.35,15.45,15.16,139,15.16,2021-11-15T15:00:00Z,17114,15.335319
15.62,15.725,15.29,157,15.305,2021-11-15T16:00:00Z,19347,15.546436
15.22,15.71,15.22,190,15.63,2021-11-15T17:00:00Z,21030,15.479079
15.19,15.26,15.095,137,15.24,2021-11-15T18:00:00Z,16701,15.1819
15.085,15.29,15.05,92,15.18,2021-11-15T19:00:00Z,12636,15.169982
14.95,15.165,14.95,190,15.055,2021-11-15T20:00:00Z,31368,15.076787
14.91,15.15,14.87,130,15.15,2021-11-16T14:00:00Z,21705,14.938746
14.95,15.01,14.83,137,14.895,2021-11-16T15:00:00Z,16853,14.924511
14.88,14.96,14.85,125,14.94,2021-11-16T16:00:00Z,22153,14.908698
14.73,14.9,14.73,86,14.9,2021-11-16T17:00:00Z,12328,14.8029
14.83,14.83,14.69,62,14.73,2021-11-16T18:00:00Z,8026,14.763471
14.76,14.85,14.745,145,14.825,2021-11-16T19:00:00Z,18720,14.784122
15.08,15.11,14.69,196,14.74,2021-11-16T20:00:00Z,26962,14.848642
15.06,15.06,15.06,1,15.06,2021-11-17T13:00:00Z,145,15.06
15.32,15.32,14.96,121,14.99,2021-11-17T14:00:00Z,18739,15.183997
14.99,15.36,14.97,122,15.36,2021-11-17T15:00:00Z,17709,15.115202
14.86,15.02,14.86,81,14.97,2021-11-17T16:00:00Z,12592,14.9591
15.18,15.3,14.88,132,14.88,2021-11-17T17:00:00Z,18718,15.166193
15.03,15.255,15.03,86,15.195,2021-11-17T18:00:00Z,14428,15.119294
15.3,15.37,15.03,120,15.03,2021-11-17T19:00:00Z,18821,15.244905
15.39,15.45,15.24,163,15.24,2021-11-17T20:00:00Z,31093,15.346122
15.48,15.53,15.2,53,15.2,2021-11-18T14:00:00Z,5770,15.409649
15.56,15.9,15.47,269,15.525,2021-11-18T15:00:00Z,33849,15.719503
15.32,15.715,15.32,125,15.59,2021-11-18T16:00:00Z,16859,15.489045
15.195,15.27,15.095,154,15.27,2021-11-18T17:00:00Z,24087,15.198262
15.26,15.28,15.085,96,15.21,2021-11-18T18:00:00Z,14854,15.181373
15.27,15.385,15.23,139,15.28,2021-11-18T19:00:00Z,21064,15.298325
15.615,15.63,15.255,147,15.26,2021-11-18T20:00:00Z,23399,15.513844
15.65,15.65,15.65,1,15.65,2021-11-18T21:00:00Z,100,15.65
15.81,16.03,15.59,144,16.03,2021-11-19T14:00:00Z,16042,15.814135
15.94,16.17,15.81,298,15.81,2021-11-19T15:00:00Z,36693,16.040556
15.53,15.96,15.53,125,15.96,2021-11-19T16:00:00Z,17505,15.742448
15.59,15.59,15.4,162,15.51,2021-11-19T17:00:00Z,20712,15.481404
15.765,15.875,15.57,209,15.585,2021-11-19T18:00:00Z,25452,15.732571
15.84,15.93,15.745,321,15.765,2021-11-19T19:00:00Z,32521,15.827837
15.92,15.99,15.77,492,15.85,2021-11-19T20:00:00Z,60297,15.869558
15.85,15.85,15.85,1,15.85,2021-11-19T21:00:00Z,900,15.85
15.4,15.5,15.28,130,15.45,2021-11-22T14:00:00Z,18434,15.427454
15.33,15.5,15.315,149,15.38,2021-11-22T15:00:00Z,20383,15.388002
15.97,16.17,15.29,279,15.3,2021-11-22T16:00:00Z,44331,15.724982
15.87,16.08,15.745,243,15.9,2021-11-22T17:00:00Z,34410,15.916752
15.89,15.92,15.69,70,15.92,2021-11-22T18:00:00Z,7826,15.814015
15.665,15.8,15.58,149,15.79,2021-11-22T19:00:00Z,21338,15.650955
16.33,16.38,15.52,248,15.675,2021-11-22T20:00:00Z,38230,16.111648
16.21,16.24,16.21,19,16.24,2021-11-22T21:00:00Z,3999,16.222239
15.86,16.52,15.81,300,16.3,2021-11-23T14:00:00Z,44230,16.148605
16.725,16.725,15.97,407,16.0,2021-11-23T15:00:00Z,57962,16.327647
16.505,16.81,16.21,454,16.7,2021-11-23T16:00:00Z,65709,16.525875
16.62,16.71,16.32,375,16.5,2021-11-23T17:00:00Z,44623,16.5049
16.29,16.68,16.205,372,16.65,2021-11-23T18:00:00Z,44026,16.492044
16.095,16.47,15.995,104,16.335,2021-11-23T19:00:00Z,16202,16.261457
15.71,16.16,15.66,299,16.11,2021-11-23T20:00:00Z,56556,15.898297
16.5,16.75,16.25,411,16.31,2021-11-24T14:00:00Z,60021,16.55164
16.12,16.68,16.035,411,16.55,2021-11-24T15:00:00Z,61950,16.278167
15.87,16.23,15.78,256,16.12,2021-11-24T16:00:00Z,44023,15.915918
15.715,15.935,15.715,124,15.85,2021-11-24T17:00:00Z,18577,15.833139
15.85,15.85,15.67,59,15.685,2021-11-24T18:00:00Z,8961,15.738885
15.57,16.045,15.555,240,15.81,2021-11-24T19:00:00Z,38320,15.82111
15.53,15.7,15.295,191,15.62,2021-11-24T20:00:00Z,27909,15.456277
18.67,18.84,17.775,1131,18.205,2021-11-26T14:00:00Z,151676,18.228237
19.295,19.49,18.75,1160,18.77,2021-11-26T15:00:00Z,170709,19.095513
20.065,20.215,19.315,1477,19.415,2021-11-26T16:00:00Z,171765,19.851013
21.94,22.0,19.7,1240,20.075,2021-11-26T17:00:00Z,147688,20.159536
17.33,18.235,17.265,1363,17.995,2021-11-29T14:00:00Z,226680,17.772481
17.97,18.13,17.235,775,17.325,2021-11-29T15:00:00Z,113405,17.665953
17.015,17.935,16.985,493,17.92,2021-11-29T16:00:00Z,66362,17.438798
16.385,17.0,16.13,473,16.99,2021-11-29T17:00:00Z,68473,16.513356
16.36,16.48,16.17,186,16.42,2021-11-29T18:00:00Z,28039,16.385478
16.54,16.62,16.36,152,16.4,2021-11-29T19:00:00Z,21719,16.464191
16.88,17.0,16.23,259,16.535,2021-11-29T20:00:00Z,36874,16.563208
18.265,18.835,18.115,561,18.32,2021-11-30T14:00:00Z,69563,18.516957
19.585,19.64,17.75,803,18.41,2021-11-30T15:00:00Z,127818,18.655136
19.79,20.32,19.335,628,19.64,2021-11-30T16:00:00Z,113261,19.6695
20.275,20.375,19.835,281,19.905,2021-11-30T17:00:00Z,42896,20.124556
19.715,20.565,19.705,291,20.2,2021-11-30T18:00:00Z,48843,20.192935
20.07,20.225,19.61,271,19.725,2021-11-30T19:00:00Z,45007,19.974043
20.44,20.53,19.79,395,20.065,2021-11-30T20:00:00Z,64132,20.217965
20.25,20.25,20.11,5,20.22,2021-11-30T21:00:00Z,1265,20.224
18.11,18.59,18.11,308,18.33,2021-12-01T14:00:00Z,37981,18.383394
17.6,18.11,17.6,373,18.11,2021-12-01T15:00:00Z,50042,17.806284
17.92,18.035,17.275,321,17.605,2021-12-01T16:00:00Z,51941,17.522218
18.935,18.935,17.68,259,17.95,2021-12-01T17:00:00Z,34076,18.13317
19.1,19.755,18.67,401,18.95,2021-12-01T18:00:00Z,56245,19.161989
19.645,19.85,18.97,391,19.17,2021-12-01T19:00:00Z,45210,19.446442
22.81,22.81,19.53,1041,19.535,2021-12-01T20:00:00Z,122145,21.243465
21.99,22.58,21.89,11,22.4,2021-12-01T21:00:00Z,2672,21.982289
20.8,20.8,20.8,3,20.8,2021-12-02T13:00:00Z,200,20.8
20.83,21.89,20.59,316,21.73,2021-12-02T14:00:00Z,33851,21.178785
21.71,22.27,20.775,395,20.89,2021-12-02T15:00:00Z,91283,21.671775
20.785,21.955,20.765,179,21.56,2021-12-02T16:00:00Z,41325,21.450899
21.13,21.22,20.605,137,20.765,2021-12-02T17:00:00Z,17680,20.862545
21.235,21.9,21.0,177,21.15,2021-12-02T18:00:00Z,24406,21.474724
21.0,21.365,20.665,185,21.25,2021-12-02T19:00:00Z,24739,20.99961
20.875,21.14,20.1,228,20.92,2021-12-02T20:00:00Z,30552,20.731109
20.86,20.97,20.86,11,20.94,2021-12-02T21:00:00Z,5319,20.917266
20.52,20.52,20.52,1,20.52,2021-12-03T13:00:00Z,100,20.52
21.905,22.01,20.26,357,20.54,2021-12-03T14:00:00Z,48042,21.194856
22.55,22.85,21.66,500,21.96,2021-12-03T15:00:00Z,67783,22.197688
23.68,23.68,22.39,477,22.64,2021-12-03T16:00:00Z,63914,22.956205
23.915,24.135,23.155,357,23.63,2021-12-03T17:00:00Z,51820,23.709832
24.785,25.165,23.575,321,24.065,2021-12-03T18:00:00Z,51652,24.136227
25.85,26.1,24.885,471,25.06,2021-12-03T19:00:00Z,66802,25.514512
23.545,26.15,23.45,840,25.85,2021-12-03T20:00:00Z,108121,24.376699
23.27,23.43,23.26,8,23.43,2021-12-03T21:00:00Z,3224,23.331336
22.115,23.45,22.0,350,22.27,2021-12-06T14:00:00Z,42341,22.652825
22.035,22.73,21.74,478,21.975,2021-12-06T15:00:00Z,60922,22.220945
22.62,22.69,21.95,265,21.995,2021-12-06T16:00:00Z,34875,22.37702
21.36,22.675,21.36,299,22.675,2021-12-06T17:00:00Z,41829,21.977969
20.9,21.43,20.79,161,21.34,2021-12-06T18:00:00Z,22480,21.124564
21.175,21.335,20.65,225,20.735,2021-12-06T19:00:00Z,33191,20.945445
20.66,21.37,20.585,291,21.115,2021-12-06T20:00:00Z,43581,20.876968
20.55,20.55,20.54,14,20.54,2021-12-06T21:00:00Z,1671,20.542526
18.14,18.84,18.14,592,18.78,2021-12-07T14:00:00Z,65350,18.525089
17.635,18.085,17.515,1872,18.055,2021-12-07T15:00:00Z,443472,17.913667
17.555,17.82,17.445,690,17.625,2021-12-07T16:00:00Z,67590,17.612541
16.955,17.555,16.92,589,17.555,2021-12-07T17:00:00Z,66679,17.178789
17.185,17.42,16.945,514,16.945,2021-12-07T18:00:00Z,52816,17.176959
17.39,17.4,17.165,463,17.185,2021-12-07T19:00:00Z,45882,17.249778
17.3,17.985,17.28,914,17.375,2021-12-07T20:00:00Z,96106,17.662128
17.04,17.04,17.04,1,17.04,2021-12-07T21:00:00Z,800,17.04
17.1,17.39,16.83,130,17.08,2021-12-08T14:00:00Z,20965,17.075586
16.96,17.11,16.71,180,17.0,2021-12-08T15:00:00Z,26314,16.953907
16.41,17.13,16.4,226,16.995,2021-12-08T16:00:00Z,34484,16.722141
16.235,16.475,16.23,165,16.42,2021-12-08T17:00:00Z,24625,16.331813
16.285,16.285,16.085,119,16.255,2021-12-08T18:00:00Z,16823,16.171132
16.045,16.36,16.04,132,16.295,2021-12-08T19:00:00Z,15406,16.191203
15.78,16.14,15.76,214,16.045,2021-12-08T20:00:00Z,30521,16.001699
15.76,15.76,15.7,4,15.7,2021-12-08T21:00:00Z,1325,15.736136
15.69,15.82,15.5,168,15.78,2021-12-09T14:00:00Z,23304,15.675136
15.81,16.07,15.415,380,15.66,2021-12-09T15:00:00Z,61261,15.737435
16.045,16.15,15.7,168,15.815,2021-12-09T16:00:00Z,26759,15.953184
15.65,16.12,15.605,126,15.965,2021-12-09T17:00:00Z,19549,15.891638
15.86,15.995,15.6,161,15.66,2021-12-09T18:00:00Z,25538,15.779986
16.44,16.51,15.84,155,15.84,2021-12-09T19:00:00Z,24303,16.239274
16.405,16.88,16.24,437,16.425,2021-12-09T20:00:00Z,81935,16.522511
16.37,16.37,16.37,3,16.37,2021-12-09T21:00:00Z,900,16.37
15.52,15.63,14.98,326,15.19,2021-12-10T14:00:00Z,49623,15.311013
15.62,15.77,15.2,319,15.54,2021-12-10T15:00:00Z,41797,15.453677
15.24,16.035,15.24,336,15.58,2021-12-10T16:00:00Z,53448,15.64999
15.16,15.39,15.14,124,15.25,2021-12-10T17:00:00Z,21894,15.25247
15.3,15.375,15.015,155,15.14,2021-12-10T18:00:00Z,30370,15.173172
15.36,15.375,15.16,109,15.3,2021-12-10T19:00:00Z,19745,15.279441
14.86,15.41,14.85,288,15.335,2021-12-10T20:00:00Z,72732,15.062853
14.86,14.86,14.86,1,14.86,2021-12-10T21:00:00Z,900,14.86
15.58,15.685,15.08,369,15.105,2021-12-13T14:00:00Z,51560,15.408082
15.72,15.865,15.3,645,15.6,2021-12-13T15:00:00Z,67966,15.627709
15.845,16.01,15.66,311,15.73,2021-12-13T16:00:00Z,42690,15.856335
15.66,15.98,15.48,280,15.98,2021-12-13T17:00:00Z,39712,15.651855
15.58,15.9,15.535,164,15.7,2021-12-13T18:00:00Z,23483,15.720594
15.265,15.67,15.265,222,15.59,2021-12-13T19:00:00Z,36814,15.437155
15.76,15.82,15.24,346,15.245,2021-12-13T20:00:00Z,64366,15.498866
15.68,15.83,15.65,9,15.82,2021-12-13T21:00:00Z,3450,15.737941
16.35,16.645,16.17,377,16.5,2021-12-14T14:00:00Z,69593,16.475873
16.96,17.1,16.23,360,16.47,2021-12-14T15:00:00Z,62125,16.657799
17.08,17.18,16.67,389,16.99,2021-12-14T16:00:00Z,62746,16.945128
17.055,17.3,16.95,301,17.07,2021-12-14T17:00:00Z,44779,17.156844
16.985,17.07,16.66,227,17.045,2021-12-14T18:00:00Z,33872,16.810999
16.28,16.935,16.275,301,16.875,2021-12-14T19:00:00Z,44746,16.5137
16.16,16.49,15.91,547,16.255,2021-12-14T20:00:00Z,91584,16.244638
16.39,16.42,16.16,9,16.16,2021-12-14T21:00:00Z,2239,16.373455
17.01,17.18,16.34,469,16.48,2021-12-15T14:00:00Z,68390,16.858351
16.92,17.14,16.6,871,17.005,2021-12-15T15:00:00Z,85640,16.884724
16.965,17.3,16.82,722,16.92,2021-12-15T16:00:00Z,70736,17.095348
16.76,17.16,16.74,781,17.0,2021-12-15T17:00:00Z,71841,16.93114
16.51,16.84,16.51,598,16.77,2021-12-15T18:00:00Z,66567,16.707135
15.71,16.99,15.475,1209,16.68,2021-12-15T19:00:00Z,160987,15.958164
14.47,15.7,14.45,1251,15.7,2021-12-15T20:00:00Z,144106,14.872303
14.505,14.545,14.005,301,14.065,2021-12-16T14:00:00Z,49200,14.234735
14.4,14.715,14.235,372,14.5,2021-12-16T15:00:00Z,55954,14.500148
14.88,14.88,14.38,546,14.38,2021-12-16T16:00:00Z,73178,14.677328
15.2,15.2,14.73,208,14.9,2021-12-16T17:00:00Z,39544,14.935225
15.03,15.19,14.735,127,15.185,2021-12-16T18:00:00Z,23830,14.964093
15.76,15.965,15.025,321,15.05,2021-12-16T19:00:00Z,52706,15.549781
15.36,16.055,15.11,416,15.775,2021-12-16T20:00:00Z,91013,15.518953
16.15,16.7,15.945,292,16.23,2021-12-17T14:00:00Z,52652,16.390965
15.71,16.805,15.66,512,16.25,2021-12-17T15:00:00Z,86266,16.177242
16.09,16.23,15.53,379,15.78,2021-12-17T16:00:00Z,59154,15.862867
15.83,16.39,15.75,176,16.13,2021-12-17T17:00:00Z,32495,15.94904
15.255,16.04,15.255,201,15.84,2021-12-17T18:00:00Z,33442,15.727689
15.655,15.735,15.21,208,15.265,2021-12-17T19:00:00Z,30459,15.432177
16.095,16.34,15.48,461,15.6,2021-12-17T20:00:00Z,83507,16.062808
16.07,16.21,16.07,3,16.21,2021-12-17T21:00:00Z,1200,16.186667
18.39,18.97,17.91,443,18.35,2021-12-20T14:00:00Z,77504,18.412248
18.72,18.83,18.175,374,18.395,2021-12-20T15:00:00Z,68062,18.506822
18.55,19.285,18.51,373,18.72,2021-12-20T16:00:00Z,71076,18.919347
18.69,18.84,18.35,226,18.6,2021-12-20T17:00:00Z,40639,18.623813
17.6,18.745,17.53,308,18.66,2021-12-20T18:00:00Z,58411,18.12433
17.64,17.76,17.28,262,17.625,2021-12-20T19:00:00Z,49865,17.55284
16.945,17.6,16.8,340,17.44,2021-12-20T20:00:00Z,74395,17.227837
16.71,16.73,16.69,24,16.69,2021-12-20T21:00:00Z,6362,16.703016
16.485,16.61,16.11,137,16.21,2021-12-21T14:00:00Z,25297,16.425447
16.225,16.75,16.05,261,16.45,2021-12-21T15:00:00Z,44740,16.440396
15.86,16.29,15.785,254,16.29,2021-12-21T16:00:00Z,43965,16.047895
15.54,15.89,15.49,201,15.88,2021-12-21T17:00:00Z,34013,15.64576
15.675,15.765,15.545,151,15.545,2021-12-21T18:00:00Z,23253,15.640466
15.63,15.82,15.6,140,15.7,2021-12-21T19:00:00Z,17653,15.705609
15.77,15.93,15.6,403,15.6,2021-12-21T20:00:00Z,60916,15.734278
15.71,15.71,15.71,1,15.71,2021-12-21T21:00:00Z,1000,15.71
15.18,15.66,15.04,146,15.66,2021-12-22T14:00:00Z,26053,15.32949
14.86,15.21,14.845,279,15.135,2021-12-22T15:00:00Z,49102,14.984775
14.985,15.03,14.805,151,14.88,2021-12-22T16:00:00Z,16414,14.881228
14.88,15.135,14.865,146,15.04,2021-12-22T17:00:00Z,22654,15.003081
14.95,15.0,14.815,125,14.885,2021-12-22T18:00:00Z,19212,14.92301
14.87,15.05,14.85,98,14.99,2021-12-22T19:00:00Z,14110,14.964603
14.38,14.885,14.38,318,14.885,2021-12-22T20:00:00Z,71563,14.613043
14.4,14.4,14.4,42,14.4,2021-12-22T21:00:00Z,4779,14.4
14.15,14.22,13.9,101,14.06,2021-12-23T14:00:00Z,16944,14.05742
13.96,14.19,13.925,187,14.19,2021-12-23T15:00:00Z,48514,13.983474
13.93,14.07,13.89,156,13.935,2021-12-23T16:00:00Z,15985,13.968089
14.08,14.09,13.92,90,13.93,2021-12-23T17:00:00Z,12100,14.043184
14.05,14.095,14.01,116,14.08,2021-12-23T18:00:00Z,15646,14.047653
13.985,14.08,13.985,183,14.065,2021-12-23T19:00:00Z,24983,14.031748
14.18,14.235,13.99,360,13.99,2021-12-23T20:00:00Z,56310,14.065235
14.215,14.215,13.86,89,13.98,2021-12-27T14:00:00Z,16045,14.012118
13.905,14.23,13.89,136,14.23,2021-12-27T15:00:00Z,26891,13.949914
13.75,13.88,13.705,97,13.88,2021-12-27T16:00:00Z,18342,13.753529
13.76,13.77,13.69,44,13.705,2021-12-27T17:00:00Z,8855,13.716034
13.68,13.81,13.68,74,13.77,2021-12-27T18:00:00Z,17019,13.750114
13.7,13.74,13.525,195,13.66,2021-12-27T19:00:00Z,19236,13.596925
13.615,13.79,13.585,416,13.7,2021-12-27T20:00:00Z,56925,13.662309
13.49,13.7,13.455,84,13.53,2021-12-28T14:00:00Z,17802,13.558219
13.45,13.66,13.39,202,13.51,2021-12-28T15:00:00Z,33122,13.479954
13.29,13.47,13.28,146,13.43,2021-12-28T16:00:00Z,21798,13.381606
13.61,13.7,13.295,139,13.295,2021-12-28T17:00:00Z,16269,13.504567
13.47,13.68,13.47,265,13.63,2021-12-28T18:00:00Z,21674,13.606437
13.31,13.67,13.31,132,13.54,2021-12-28T19:00:00Z,19189,13.476816
13.14,13.34,13.14,216,13.32,2021-12-28T20:00:00Z,51721,13.25792
12.985,13.11,12.88,58,13.08,2021-12-29T14:00:00Z,10230,12.979001
12.86,13.3,12.85,177,12.975,2021-12-29T15:00:00Z,27577,13.034253
12.925,13.07,12.885,142,12.89,2021-12-29T16:00:00Z,25607,12.947234
12.825,12.935,12.81,232,12.92,2021-12-29T17:00:00Z,36771,12.8688
12.69,12.82,12.67,78,12.78,2021-12-29T18:00:00Z,15248,12.753072
12.68,12.725,12.625,124,12.7,2021-12-29T19:00:00Z,21130,12.681107
12.64,12.73,12.45,304,12.7,2021-12-29T20:00:00Z,45239,12.600698
12.66,12.66,12.66,4,12.66,2021-12-29T21:00:00Z,815,12.66
12.51,12.52,12.32,26,12.5,2021-12-30T14:00:00Z,4431,12.400535
12.36,12.43,12.275,54,12.42,2021-12-30T15:00:00Z,9882,12.356486
12.33,12.43,12.325,39,12.4,2021-12-30T16:00:00Z,6594,12.379712
12.305,12.365,12.3,28,12.32,2021-12-30T17:00:00Z,5920,12.320228
12.22,12.33,12.21,61,12.285,2021-12-30T18:00:00Z,15406,12.277055
12.21,12.28,12.18,56,12.25,2021-12-30T19:00:00Z,14761,12.226597
12.58,12.77,12.25,169,12.26,2021-12-30T20:00:00Z,47392,12.57926
12.52,12.53,12.51,5,12.51,2021-12-30T21:00:00Z,1176,12.519524
12.625,12.71,12.32,114,12.52,2021-12-31T14:00:00Z,22867,12.55353
12.53,12.75,12.48,174,12.61,2021-12-31T15:00:00Z,33291,12.600958
12.42,12.61,12.41,66,12.56,2021-12-31T16:00:00Z,15405,12.509134
12.4,12.56,12.385,54,12.48,2021-12-31T17:00:00Z,11456,12.465884
12.295,12.405,12.29,37,12.38,2021-12-31T18:00:00Z,5204,12.36344
12.4,12.425,12.26,57,12.3,2021-12-31T19:00:00Z,12168,12.330509
12.43,12.45,12.3,139,12.38,2021-12-31T20:00:00Z,33843,12.380118
12.43,12.495,11.91,136,12.165,2022-01-03T14:00:00Z,27851,12.184734
11.99,12.325,11.99,114,12.24,2022-01-03T15:00:00Z,25187,12.086923
12.08,12.32,11.96,88,11.96,2022-01-03T16:00:00Z,19192,12.115772
11.94,12.085,11.93,59,12.04,2022-01-03T17:00:00Z,11843,11.983971
11.895,12.005,11.87,63,11.95,2022-01-03T18:00:00Z,20748,11.930872
11.885,11.93,11.835,52,11.915,2022-01-03T19:00:00Z,7663,11.89356
11.8,11.99,11.8,124,11.935,2022-01-03T20:00:00Z,40510,11.888149
11.8,11.8,11.8,3,11.8,2022-01-03T21:00:00Z,1572,11.8
11.83,11.85,11.65,56,11.67,2022-01-04T14:00:00Z,10237,11.76463
12.08,12.09,11.77,180,11.82,2022-01-04T15:00:00Z,32251,11.872937
12.06,12.295,11.965,614,12.09,2022-01-04T16:00:00Z,83421,12.153628
12.0,12.12,11.845,231,12.08,2022-01-04T17:00:00Z,22337,11.946769
12.165,12.18,11.86,149,12.04,2022-01-04T18:00:00Z,20945,12.010818
11.76,12.12,11.75,115,12.12,2022-01-04T19:00:00Z,26711,11.901174
11.75,11.8,11.62,131,11.72,2022-01-04T20:00:00Z,35187,11.711477
11.83,11.89,11.78,12,11.78,2022-01-04T21:00:00Z,5350,11.835283
11.8,12.02,11.73,130,11.92,2022-01-05T14:00:00Z,32613,11.87331
11.64,11.85,11.52,150,11.755,2022-01-05T15:00:00Z,27428,11.704492
11.79,11.84,11.615,172,11.635,2022-01-05T16:00:00Z,33050,11.754129
11.89,11.925,11.68,106,11.81,2022-01-05T17:00:00Z,19679,11.815267
11.955,12.05,11.875,139,11.9,2022-01-05T18:00:00Z,27179,11.958248
12.605,12.86,11.85,571,11.89,2022-01-05T19:00:00Z,123758,12.41473
13.155,13.16,12.65,420,12.68,2022-01-05T20:00:00Z,104211,12.902305
13.15,13.24,13.14,9,13.24,2022-01-05T21:00:00Z,3232,13.207197
13.39,13.44,12.855,249,13.17,2022-01-06T14:00:00Z,46927,13.109912
12.82,13.58,12.68,490,13.28,2022-01-06T15:00:00Z,97499,13.158975
12.86,13.06,12.76,126,12.81,2022-01-06T16:00:00Z,25903,12.906802
12.87,12.98,12.685,93,12.9,2022-01-06T17:00:00Z,21233,12.83806
13.1,13.27,12.885,151,12.945,2022-01-06T18:00:00Z,28512,13.089025
12.93,13.285,12.92,190,13.165,2022-01-06T19:00:00Z,38105,13.148174
13.26,13.405,12.88,222,12.925,2022-01-06T20:00:00Z,50347,13.2484
13.3,13.34,13.29,17,13.34,2022-01-06T21:00:00Z,4916,13.31853
12.83,13.32,12.78,119,13.17,2022-01-07T14:00:00Z,21458,13.079845
13.61,13.73,12.96,501,13.0,2022-01-07T15:00:00Z,73476,13.350292
13.02,13.605,12.96,432,13.605,2022-01-07T16:00:00Z,62796,13.286072
13.01,13.24,12.985,258,13.02,2022-01-07T17:00:00Z,25886,13.107061
12.93,13.045,12.805,449,13.045,2022-01-07T18:00:00Z,52123,12.90314
12.745,13.07,12.69,442,12.92,2022-01-07T19:00:00Z,42096,12.854991
12.655,12.86,12.59,770,12.73,2022-01-07T20:00:00Z,88649,12.705663
12.76,12.76,12.73,3,12.73,2022-01-07T21:00:00Z,1600,12.739375
13.94,13.98,13.33,302,13.46,2022-01-10T14:00:00Z,55452,13.642331
14.24,14.455,13.84,654,13.97,2022-01-10T15:00:00Z,114005,14.102947
13.88,14.39,13.8,797,14.28,2022-01-10T16:00:00Z,90776,14.067905
14.09,14.28,13.88,175,13.88,2022-01-10T17:00:00Z,31302,14.080121
13.415,14.12,13.395,237,14.08,2022-01-10T18:00:00Z,42274,13.729315
13.17,13.45,12.985,338,13.385,2022-01-10T19:00:00Z,45928,13.192313
12.33,13.37,12.32,810,13.11,2022-01-10T20:00:00Z,110722,12.846177
12.32,12.4,12.32,6,12.4,2022-01-10T21:00:00Z,1508,12.379333
12.89,12.94,12.55,160,12.56,2022-01-11T14:00:00Z,32900,12.75734
12.765,12.85,12.43,237,12.72,2022-01-11T15:00:00Z,47860,12.627114
11.965,12.64,11.92,438,12.605,2022-01-11T16:00:00Z,73780,12.174935
11.82,12.07,11.78,224,11.96,2022-01-11T17:00:00Z,25418,11.919695
11.755,11.92,11.65,208,11.84,2022-01-11T18:00:00Z,34885,11.771494
11.76,11.945,11.705,148,11.765,2022-01-11T19:00:00Z,28816,11.797216
11.645,11.83,11.645,152,11.75,2022-01-11T20:00:00Z,38356,11.728245
11.71,11.73,11.71,4,11.73,2022-01-11T21:00:00Z,483,11.715
11.28,11.505,11.27,108,11.415,2022-01-12T14:00:00Z,19902,11.368085
11.48,11.6,11.17,283,11.25,2022-01-12T15:00:00Z,54524,11.391055
11.56,11.82,11.42,589,11.51,2022-01-12T16:00:00Z,69049,11.621981
11.47,11.65,11.45,272,11.555,2022-01-12T17:00:00Z,31111,11.536735
11.69,11.73,11.48,253,11.48,2022-01-12T18:00:00Z,27368,11.64965
11.56,11.79,11.52,349,11.69,2022-01-12T19:00:00Z,35565,11.630864
11.56,11.67,11.4,439,11.565,2022-01-12T20:00:00Z,55809,11.536195
11.335,11.575,11.28,56,11.43,2022-01-13T14:00:00Z,11711,11.422425
11.705,11.79,11.39,182,11.39,2022-01-13T15:00:00Z,35692,11.627354
11.5,11.79,11.48,111,11.74,2022-01-13T16:00:00Z,23708,11.633984
12.08,12.24,11.555,381,11.58,2022-01-13T17:00:00Z,77128,11.969205
11.835,12.21,11.835,160,12.2,2022-01-13T18:00:00Z,39043,11.98557
12.06,12.155,11.78,94,11.85,2022-01-13T19:00:00Z,21476,12.014688
12.59,12.7,12.15,498,12.15,2022-01-13T20:00:00Z,101840,12.435601
13.03,13.03,13.03,3,13.03,2022-01-14T13:00:00Z,300,13.03
12.69,13.3,12.69,315,13.2,2022-01-14T14:00:00Z,63417,12.994315
12.96,13.16,12.635,402,12.82,2022-01-14T15:00:00Z,77019,12.937502
12.76,13.29,12.72,670,12.94,2022-01-14T16:00:00Z,91893,13.000322
13.15,13.15,12.71,192,12.77,2022-01-14T17:00:00Z,32693,12.908597
12.85,13.24,12.795,295,13.11,2022-01-14T18:00:00Z,53333,13.069985
12.75,12.925,12.65,258,12.845,2022-01-14T19:00:00Z,44393,12.778578
12.28,12.705,12.14,474,12.67,2022-01-14T20:00:00Z,105803,12.34655
12.28,12.28,12.28,1,12.28,2022-01-14T21:00:00Z,1200,12.28
13.36,13.5,13.085,294,13.085,2022-01-18T14:00:00Z,65511,13.290026
13.475,13.56,13.19,379,13.395,2022-01-18T15:00:00Z,84405,13.343537
13.24,13.6,13.185,298,13.43,2022-01-18T16:00:00Z,60952,13.432075
13.77,13.775,13.32,337,13.32,2022-01-18T17:00:00Z,75110,13.589029
13.46,13.87,13.46,438,13.77,2022-01-18T18:00:00Z,87895,13.635688
13.25,13.535,13.155,233,13.47,2022-01-18T19:00:00Z,52704,13.325714
13.69,13.8,13.21,727,13.305,2022-01-18T20:00:00Z,186213,13.63786
13.2,13.5,13.2,194,13.34,2022-01-19T14:00:00Z,37354,13.34184
13.72,13.85,13.24,622,13.24,2022-01-19T15:00:00Z,79892,13.660577
13.7,14.2,13.68,800,13.74,2022-01-19T16:00:00Z,81992,13.942718
13.31,13.695,13.18,342,13.695,2022-01-19T17:00:00Z,70743,13.346139
13.35,13.42,13.225,154,13.325,2022-01-19T18:00:00Z,29902,13.318923
13.53,13.79,13.32,303,13.33,2022-01-19T19:00:00Z,64572,13.6642
14.19,14.375,13.545,383,13.6,2022-01-19T20:00:00Z,91847,13.882244
14.27,14.27,14.2,18,14.23,2022-01-19T21:00:00Z,7518,14.222773
13.64,13.64,13.64,1,13.64,2022-01-20T13:00:00Z,150,13.64
13.24,13.73,13.24,194,13.67,2022-01-20T14:00:00Z,36652,13.503308
13.04,13.32,12.99,347,13.21,2022-01-20T15:00:00Z,66668,13.153082
13.02,13.12,12.87,142,12.995,2022-01-20T16:00:00Z,26710,13.001114
13.175,13.26,13.04,110,13.085,2022-01-20T17:00:00Z,26302,13.119039
13.185,13.36,13.12,151,13.21,2022-01-20T18:00:00Z,28748,13.233277
13.65,13.75,13.05,381,13.18,2022-01-20T19:00:00Z,61243,13.406945
15.075,15.25,13.56,802,13.62,2022-01-20T20:00:00Z,177925,14.623148
15.46,15.46,15.21,20,15.23,2022-01-20T21:00:00Z,6929,15.314207
15.85,16.11,15.22,618,15.69,2022-01-21T14:00:00Z,227727,15.847278
15.73,16.65,15.54,978,15.88,2022-01-21T15:00:00Z,165000,16.103378
15.695,15.97,15.07,552,15.74,2022-01-21T16:00:00Z,79274,15.55858
16.075,16.2,15.48,656,15.755,2022-01-21T17:00:00Z,87997,15.948126
16.395,16.41,15.705,625,16.07,2022-01-21T18:00:00Z,97369,16.115088
16.815,16.815,16.085,617,16.33,2022-01-21T19:00:00Z,98884,16.405026
17.17,17.24,16.43,1582,16.81,2022-01-21T20:00:00Z,251579,16.880484
17.23,17.23,17.23,3,17.23,2022-01-21T21:00:00Z,1130,17.23
18.57,18.57,17.9,2,17.9,2022-01-24T13:00:00Z,200,18.235
20.16,20.16,18.895,822,19.12,2022-01-24T14:00:00Z,143140,19.503745
19.38,20.785,18.71,1126,20.15,2022-01-24T15:00:00Z,219078,20.076021
20.55,21.14,19.27,1351,19.35,2022-01-24T16:00:00Z,309449,20.197744
20.7,22.37,20.2,1175,20.6,2022-01-24T17:00:00Z,184909,21.530102
18.92,20.9,18.91,567,20.595,2022-01-24T18:00:00Z,80793,19.903362
19.1,20.325,18.4,520,18.92,2022-01-24T19:00:00Z,67695,19.434525
17.89,19.31,17.33,850,19.03,2022-01-24T20:00:00Z,123000,18.231855
17.73,17.75,17.64,13,17.66,2022-01-24T21:00:00Z,5469,17.689955
19.66,19.66,19.66,1,19.66,2022-01-25T13:00:00Z,1124,19.66
20.17,20.35,18.9,578,19.6,2022-01-25T14:00:00Z,89221,19.544145
19.82,20.66,19.045,1125,20.19,2022-01-25T15:00:00Z,125404,19.872247
19.31,20.05,18.84,476,19.84,2022-01-25T16:00:00Z,123979,19.172414
18.71,19.46,18.55,426,19.4,2022-01-25T17:00:00Z,52469,18.889184
17.6,18.86,17.49,392,18.555,2022-01-25T18:00:00Z,72818,17.9958
17.34,17.82,17.185,336,17.57,2022-01-25T19:00:00Z,41851,17.43461
17.92,18.48,17.28,697,17.325,2022-01-25T20:00:00Z,85743,17.967155
18.39,18.4,18.25,27,18.27,2022-01-25T21:00:00Z,7553,18.30116
16.67,17.12,16.6,156,16.88,2022-01-26T14:00:00Z,30407,16.942013
17.25,17.51,16.395,598,16.66,2022-01-26T15:00:00Z,72674,17.074626
16.54,17.52,16.5,594,17.33,2022-01-26T16:00:00Z,62454,16.950038
16.22,16.57,16.0,452,16.5,2022-01-26T17:00:00Z,51257,16.225426
16.2,16.65,16.09,478,16.285,2022-01-26T18:00:00Z,60970,16.41506
17.165,17.57,15.6,912,16.17,2022-01-26T19:00:00Z,162570,16.527806
18.49,19.095,17.18,1482,17.18,2022-01-26T20:00:00Z,273762,18.404005
17.31,17.31,17.31,1,17.31,2022-01-27T13:00:00Z,100,17.31
16.95,17.25,16.575,235,17.03,2022-01-27T14:00:00Z,37788,16.853458
17.34,18.01,16.84,390,16.91,2022-01-27T15:00:00Z,61288,17.51199
17.68,18.0,17.17,211,17.29,2022-01-27T16:00:00Z,30238,17.571949
18.54,19.0,17.67,262,17.745,2022-01-27T17:00:00Z,46048,18.543587
18.73,19.39,18.41,285,18.425,2022-01-27T18:00:00Z,48393,18.931673
19.02,19.33,18.285,312,18.69,2022-01-27T19:00:00Z,39854,18.82339
18.64,19.36,18.03,412,18.865,2022-01-27T20:00:00Z,55795,18.646549
18.41,18.41,18.41,1,18.41,2022-01-27T21:00:00Z,1000,18.41
18.83,18.83,18.83,1,18.83,2022-01-28T13:00:00Z,100,18.83
19.17,19.245,18.085,222,18.105,2022-01-28T14:00:00Z,34770,18.841822
17.84,19.26,17.84,383,19.055,2022-01-28T15:00:00Z,55590,18.362543
17.805,18.3,17.8,266,17.8,2022-01-28T16:00:00Z,42194,18.044626
18.36,18.465,17.61,292,17.805,2022-01-28T17:00:00Z,38654,18.077021
18.04,18.445,17.91,124,18.445,2022-01-28T18:00:00Z,18817,18.137965
17.91,18.9,17.91,256,17.99,2022-01-28T19:00:00Z,37788,18.444842
16.95,17.94,16.8,559,17.835,2022-01-28T20:00:00Z,82905,17.320703
16.79,16.79,16.79,1,16.79,2022-01-28T21:00:00Z,1000,16.79
16.68,17.4,16.68,386,17.21,2022-01-31T14:00:00Z,56413,17.013653
16.29,16.745,16.29,761,16.68,2022-01-31T15:00:00Z,123826,16.448703
15.97,16.45,15.945,359,16.28,2022-01-31T16:00:00Z,70266,16.201879
15.59,16.02,15.575,689,15.95,2022-01-31T17:00:00Z,202999,15.773182
15.77,15.85,15.57,630,15.59,2022-01-31T18:00:00Z,66708,15.691357
15.44,15.82,15.28,811,15.75,2022-01-31T19:00:00Z,80329,15.506774
15.22,15.9,15.22,877,15.435,2022-01-31T20:00:00Z,113505,15.492056
15.32,15.32,15.32,2,15.32,2022-01-31T21:00:00Z,1100,15.32
14.85,15.115,14.705,220,14.82,2022-02-01T14:00:00Z,30610,14.904691
14.7,15.42,14.7,569,14.93,2022-02-01T15:00:00Z,218393,15.084095
14.455,14.76,14.42,998,14.705,2022-02-01T16:00:00Z,115411,14.562934
14.465,14.81,14.43,264,14.48,2022-02-01T17:00:00Z,33193,14.56862
14.33,14.61,14.33,466,14.48,2022-02-01T18:00:00Z,54774,14.449415
14.28,14.5,14.22,577,14.33,2022-02-01T19:00:00Z,61003,14.337518
13.565,14.29,13.5,1133,14.29,2022-02-01T20:00:00Z,146576,13.878587
13.52,13.52,13.52,5,13.52,2022-02-01T21:00:00Z,1962,13.52
13.57,13.61,13.245,260,13.405,2022-02-02T14:00:00Z,53474,13.492234
13.5,13.93,13.355,976,13.5,2022-02-02T15:00:00Z,117322,13.597402
13.5,13.87,13.49,678,13.5,2022-02-02T16:00:00Z,82132,13.653269
13.34,13.57,13.28,197,13.52,2022-02-02T17:00:00Z,27971,13.438359
13.39,13.51,13.25,34,13.255,2022-02-02T18:00:00Z,7250,13.365655
13.1,13.45,13.03,346,13.335,2022-02-02T19:00:00Z,44787,13.145818
13.11,13.23,13.01,997,13.085,2022-02-02T20:00:00Z,114952,13.121712
14.6,14.61,14.23,365,14.42,2022-02-03T14:00:00Z,75112,14.433393
14.035,14.62,13.94,568,14.62,2022-02-03T15:00:00Z,97077,14.227273
14.47,14.47,13.8,320,14.015,2022-02-03T16:00:00Z,56327,14.067543
14.6,14.74,14.43,239,14.48,2022-02-03T17:00:00Z,45772,14.584653
14.7,14.86,14.495,274,14.66,2022-02-03T18:00:00Z,60407,14.648882
15.12,15.17,14.53,303,14.73,2022-02-03T19:00:00Z,64434,14.856489
15.62,15.69,14.72,790,15.08,2022-02-03T20:00:00Z,159211,15.229069
15.0,15.79,14.88,310,15.79,2022-02-04T14:00:00Z,59168,15.15029
15.71,15.78,14.85,1165,15.0,2022-02-04T15:00:00Z,137521,15.246555
15.21,15.88,15.03,353,15.85,2022-02-04T16:00:00Z,57380,15.390166
14.71,15.4,14.7,389,15.32,2022-02-04T17:00:00Z,71380,14.987841
14.585,14.7,14.43,374,14.68,2022-02-04T18:00:00Z,62897,14.595352
14.2,14.87,14.19,536,14.57,2022-02-04T19:00:00Z,83107,14.516864
14.63,14.745,13.92,701,14.2,2022-02-04T20:00:00Z,110268,14.219318
13.97,14.23,13.92,432,14.13,2022-02-07T14:00:00Z,59510,14.01587
13.805,14.3,13.75,774,13.96,2022-02-07T15:00:00Z,87349,13.984249
14.2,14.37,13.77,529,13.82,2022-02-07T16:00:00Z,63886,14.039476
14.135,14.375,14.04,102,14.195,2022-02-07T17:00:00Z,14352,14.188047
13.82,14.075,13.82,382,14.07,2022-02-07T18:00:00Z,49715,13.925338
13.74,13.9,13.67,92,13.84,2022-02-07T19:00:00Z,23493,13.76304
14.07,14.295,13.585,529,13.8,2022-02-07T20:00:00Z,81659,13.892503
14.01,14.01,14.01,2,14.01,2022-02-07T21:00:00Z,201,14.01
14.01,14.01,13.69,384,13.74,2022-02-08T14:00:00Z,41145,13.873565
13.55,14.21,13.52,1209,14.05,2022-02-08T15:00:00Z,128483,13.889205
13.31,13.55,13.28,869,13.53,2022-02-08T16:00:00Z,97157,13.405527
13.12,13.42,13.04,671,13.3,2022-02-08T17:00:00Z,71969,13.208137
13.2,13.32,13.105,743,13.105,2022-02-08T18:00:00Z,62954,13.229123
13.42,13.58,13.15,833,13.2,2022-02-08T19:00:00Z,72068,13.386586
13.09,13.54,13.02,321,13.43,2022-02-08T20:00:00Z,62037,13.157678
12.7,12.73,12.515,176,12.53,2022-02-09T14:00:00Z,36414,12.595661
12.5,12.74,12.5,498,12.73,2022-02-09T15:00:00Z,69248,12.631103
12.62,12.65,12.49,625,12.5,2022-02-09T16:00:00Z,59531,12.54931
12.41,12.69,12.37,618,12.63,2022-02-09T17:00:00Z,75569,12.528964
12.45,12.49,12.41,362,12.41,2022-02-09T18:00:00Z,35072,12.45355
12.39,12.49,12.31,310,12.44,2022-02-09T19:00:00Z,50506,12.396111
12.34,12.53,12.32,610,12.42,2022-02-09T20:00:00Z,87394,12.397415
12.65,13.3,12.62,608,13.3,2022-02-10T14:00:00Z,113023,12.892706
12.81,12.85,12.375,1196,12.645,2022-02-10T15:00:00Z,165094,12.560343
12.67,13.09,12.66,499,12.86,2022-02-10T16:00:00Z,98572,12.84417
13.08,13.23,12.59,392,12.68,2022-02-10T17:00:00Z,89102,12.933008
13.58,14.01,12.96,682,13.11,2022-02-10T18:00:00Z,139459,13.599858
14.04,14.08,13.51,1186,13.59,2022-02-10T19:00:00Z,159253,13.806243
14.1,14.51,13.755,770,14.0,2022-02-10T20:00:00Z,185641,14.181868
14.305,14.36,13.85,232,14.01,2022-02-11T14:00:00Z,47876,14.080356
14.4,14.46,14.05,386,14.25,2022-02-11T15:00:00Z,66970,14.263131
14.53,14.82,14.18,404,14.425,2022-02-11T16:00:00Z,80579,14.543037
14.71,14.78,14.32,204,14.61,2022-02-11T17:00:00Z,41952,14.499415
16.01,16.37,14.52,1666,14.725,2022-02-11T18:00:00Z,293601,15.632122
16.79,17.52,15.875,2602,16.07,2022-02-11T19:00:00Z,372872,16.570886
16.83,17.12,16.025,2983,16.79,2022-02-11T20:00:00Z,408252,16.612237
16.98,17.47,16.65,545,16.78,2022-02-14T14:00:00Z,93443,17.065447
17.53,17.57,16.84,769,16.95,2022-02-14T15:00:00Z,115502,17.282319
17.05,17.58,16.91,516,17.56,2022-02-14T16:00:00Z,88749,17.231339
16.92,17.25,16.74,372,17.115,2022-02-14T17:00:00Z,55882,16.949589
18.3,18.39,16.77,771,16.9,2022-02-14T18:00:00Z,135460,17.728872
17.43,18.57,17.29,1463,18.385,2022-02-14T19:00:00Z,186548,18.011898
16.95,17.785,16.7,663,17.415,2022-02-14T20:00:00Z,118200,17.095934
15.45,15.54,14.94,192,15.32,2022-02-15T14:00:00Z,39143,15.211999
15.18,15.6,15.075,298,15.445,2022-02-15T15:00:00Z,54736,15.327816
15.16,15.46,15.045,187,15.2,2022-02-15T16:00:00Z,35758,15.23616
15.55,15.74,15.1,185,15.11,2022-02-15T17:00:00Z,31383,15.476551
15.11,15.595,15.035,250,15.535,2022-02-15T18:00:00Z,42110,15.235962
15.17,15.31,15.065,170,15.08,2022-02-15T19:00:00Z,28637,15.188202
14.9,15.445,14.82,378,15.19,2022-02-15T20:00:00Z,66886,15.087655
15.555,15.63,15.06,293,15.14,2022-02-16T14:00:00Z,51948,15.395165
15.35,15.64,15.125,313,15.605,2022-02-16T15:00:00Z,54852,15.309809
15.03,15.37,15.02,171,15.325,2022-02-16T16:00:00Z,32913,15.17567
15.145,15.31,14.95,281,15.025,2022-02-16T17:00:00Z,64757,15.117805
15.12,15.255,15.06,85,15.13,2022-02-16T18:00:00Z,16507,15.161214
14.125,15.255,14.08,1068,15.07,2022-02-16T19:00:00Z,182547,14.48607
13.99,14.215,13.9,863,14.11,2022-02-16T20:00:00Z,143142,14.039581
13.94,13.94,13.94,12,13.94,2022-02-16T21:00:00Z,5288,13.94
15.955,15.98,15.1,409,15.11,2022-02-17T14:00:00Z,70070,15.613568
15.62,15.97,15.495,522,15.95,2022-02-17T15:00:00Z,105763,15.705455
15.43,15.665,15.18,414,15.64,2022-02-17T16:00:00Z,78881,15.377413
15.35,15.545,15.2,220,15.39,2022-02-17T17:00:00Z,40417,15.396648
15.56,15.7,15.34,217,15.38,2022-02-17T18:00:00Z,37193,15.593568
15.92,15.94,15.58,416,15.6,2022-02-17T19:00:00Z,75250,15.800007
16.47,16.55,15.89,713,15.95,2022-02-17T20:00:00Z,163207,16.169117
16.43,16.43,16.43,1,16.43,2022-02-17T21:00:00Z,1200,16.43
16.69,16.69,16.69,1,16.69,2022-02-18T13:00:00Z,100,16.69
16.41,17.15,16.32,484,16.4,2022-02-18T14:00:00Z,106560,16.765174
17.12,17.19,16.38,439,16.38,2022-02-18T15:00:00Z,63489,16.922324
17.26,17.565,16.84,535,17.13,2022-02-18T16:00:00Z,60642,17.252841
17.45,17.5,16.88,728,17.28,2022-02-18T17:00:00Z,83550,17.249916
17.07,17.64,16.925,369,17.46,2022-02-18T18:00:00Z,45362,17.254853
16.54,17.16,16.27,876,17.055,2022-02-18T19:00:00Z,100805,16.702294
17.01,17.35,16.31,2006,16.48,2022-02-18T20:00:00Z,232021,16.92799
17.0,17.0,16.92,3,16.92,2022-02-18T21:00:00Z,1300,16.926154
16.64,17.54,16.43,383,17.335,2022-02-22T14:00:00Z,66678,16.895465
16.93,16.97,16.355,465,16.6,2022-02-22T15:00:00Z,77977,16.650674
17.19,17.39,16.77,497,16.97,2022-02-22T16:00:00Z,85262,17.131106
17.4,17.42,16.98,388,17.23,2022-02-22T17:00:00Z,56813,17.254589
17.89,18.11,17.18,473,17.35,2022-02-22T18:00:00Z,74407,17.664492
16.9,18.2,16.67,1257,17.9,2022-02-22T19:00:00Z,188147,17.490852
16.84,17.27,16.55,1513,16.85,2022-02-22T20:00:00Z,183395,16.858079
16.545,16.6,16.12,424,16.19,2022-02-23T14:00:00Z,77286,16.353026
17.2,17.32,16.56,668,16.57,2022-02-23T15:00:00Z,106804,16.880139
16.985,17.5,16.92,537,17.2,2022-02-23T16:00:00Z,83765,17.281682
17.205,17.27,16.66,249,17.02,2022-02-23T17:00:00Z,33094,16.92995
17.38,17.765,17.2,522,17.2,2022-02-23T18:00:00Z,80997,17.488773
17.95,18.11,17.26,740,17.38,2022-02-23T19:00:00Z,96332,17.805616
18.35,18.39,17.75,983,17.92,2022-02-23T20:00:00Z,158145,18.146296
18.23,18.32,18.23,2,18.32,2022-02-23T21:00:00Z,1200,18.2375
19.96,21.315,19.67,1009,21.3,2022-02-24T14:00:00Z,151262,20.290538
20.0,20.7,19.75,1050,20.03,2022-02-24T15:00:00Z,160286,20.252271
19.89,20.4,19.59,625,20.07,2022-02-24T16:00:00Z,87845,20.024673
20.24,20.545,19.82,337,19.84,2022-02-24T17:00:00Z,41315,20.126171
19.32,20.31,18.81,467,20.255,2022-02-24T18:00:00Z,51058,19.5634
17.81,19.47,17.7,515,19.33,2022-02-24T19:00:00Z,48848,18.418556
17.39,17.89,17.28,1461,17.81,2022-02-24T20:00:00Z,148475,17.561418
17.61,17.635,17.015,479,17.24,2022-02-25T14:00:00Z,78266,17.292481
16.76,17.735,16.64,614,17.58,2022-02-25T15:00:00Z,104649,17.205418
16.47,16.83,16.37,768,16.74,2022-02-25T16:00:00Z,114420,16.529553
16.4,16.56,16.05,735,16.5,2022-02-25T17:00:00Z,91566,16.298087
16.39,16.63,16.16,510,16.36,2022-02-25T18:00:00Z,82135,16.375508
16.51,16.67,16.2,374,16.46,2022-02-25T19:00:00Z,70161,16.388682
16.34,16.74,16.32,1041,16.58,2022-02-25T20:00:00Z,137059,16.461105
16.38,16.38,16.38,1,16.38,2022-02-25T21:00:00Z,1100,16.38
17.77,18.445,17.77,449,18.17,2022-02-28T14:00:00Z,82570,18.091476
17.37,18.09,17.31,540,17.78,2022-02-28T15:00:00Z,116233,17.650917
17.37,17.62,17.06,302,17.35,2022-02-28T16:00:00Z,60892,17.35176
18.07,18.33,17.36,340,17.36,2022-02-28T17:00:00Z,73445,18.007046
17.88,18.22,17.77,332,18.1,2022-02-28T18:00:00Z,67362,17.980306
18.05,18.545,17.855,488,17.855,2022-02-28T19:00:00Z,72578,18.306373
17.58,18.345,17.42,1037,18.07,2022-02-28T20:00:00Z,131394,17.847902
18.26,18.36,17.89,279,18.15,2022-03-01T14:00:00Z,46956,18.182431
19.065,19.1,17.96,487,18.14,2022-03-01T15:00:00Z,78496,18.628345
19.78,19.95,18.77,500,19.095,2022-03-01T16:00:00Z,93371,19.350643
19.65,20.32,19.4,391,19.81,2022-03-01T17:00:00Z,68302,19.864466
20.28,20.51,19.5,244,19.52,2022-03-01T18:00:00Z,38191,20.18451
20.21,20.61,19.915,638,20.265,2022-03-01T19:00:00Z,101488,20.20302
20.4,20.74,19.58,817,20.19,2022-03-01T20:00:00Z,133873,20.084906
19.23,20.22,19.115,362,20.0,2022-03-02T14:00:00Z,58528,19.541429
19.52,20.045,19.13,875,19.21,2022-03-02T15:00:00Z,117393,19.583361
18.83,19.6,18.67,512,19.53,2022-03-02T16:00:00Z,49581,18.913098
18.38,18.85,18.32,722,18.83,2022-03-02T17:00:00Z,75290,18.546862
18.39,18.5,18.18,672,18.38,2022-03-02T18:00:00Z,74831,18.315252
18.62,18.69,18.18,545,18.42,2022-03-02T19:00:00Z,68532,18.397166
18.36,18.62,18.325,305,18.59,2022-03-02T20:00:00Z,50606,18.457601
18.59,18.59,18.59,1,18.59,2022-03-02T21:00:00Z,100,18.59
18.31,18.59,18.0,186,18.04,2022-03-03T14:00:00Z,25441,18.288784
19.19,19.19,18.15,386,18.31,2022-03-03T15:00:00Z,45925,18.732581
18.585,19.35,18.485,482,19.24,2022-03-03T16:00:00Z,65080,18.912797
18.28,18.91,18.1,576,18.6,2022-03-03T17:00:00Z,127998,18.365366
18.03,18.37,18.0,163,18.35,2022-03-03T18:00:00Z,16943,18.161628
18.42,18.55,17.81,247,18.02,2022-03-03T19:00:00Z,25881,18.146774
18.69,19.1,18.46,504,18.49,2022-03-03T20:00:00Z,59822,18.755927
19.62,19.62,19.62,1,19.62,2022-03-04T13:00:00Z,200,19.62
19.945,20.51,19.8,422,20.09,2022-03-04T14:00:00Z,46731,20.125098
20.635,20.65,19.85,1587,19.96,2022-03-04T15:00:00Z,200734,20.254205
20.88,21.1,20.52,2162,20.635,2022-03-04T16:00:00Z,265583,20.778261
20.24,21.01,20.155,506,20.945,2022-03-04T17:00:00Z,83416,20.573835
20.56,20.595,19.93,829,20.12,2022-03-04T18:00:00Z,110479,20.207876
20.82,20.82,20.27,1148,20.55,2022-03-04T19:00:00Z,128308,20.589762
19.81,20.825,19.69,791,20.82,2022-03-04T20:00:00Z,139914,20.183447
20.73,20.78,19.94,388,20.05,2022-03-07T14:00:00Z,46609,20.53151
20.95,21.1,20.36,627,20.79,2022-03-07T15:00:00Z,83411,20.675364
21.05,21.05,20.4,884,20.98,2022-03-07T16:00:00Z,92781,20.670542
21.2,21.47,20.97,535,21.03,2022-03-07T17:00:00Z,99825,21.202949
21.285,21.4,20.93,417,21.19,2022-03-07T18:00:00Z,76743,21.199465
21.55,21.66,21.14,636,21.21,2022-03-07T19:00:00Z,82888,21.424947
22.46,22.5,21.52,1345,21.525,2022-03-07T20:00:00Z,179661,21.922671
22.55,22.75,22.05,707,22.18,2022-03-08T14:00:00Z,112537,22.371989
22.52,23.45,22.46,1180,22.575,2022-03-08T15:00:00Z,176425,22.998142
22.39,23.24,22.22,791,22.47,2022-03-08T16:00:00Z,123421,22.608719
20.63,22.36,20.62,1168,22.36,2022-03-08T17:00:00Z,189303,21.352332
21.99,22.04,20.32,997,20.62,2022-03-08T18:00:00Z,155862,20.988906
21.63,22.39,21.3,565,22.01,2022-03-08T19:00:00Z,74964,21.972098
22.02,22.2,21.03,766,21.57,2022-03-08T20:00:00Z,116577,21.736544
22.25,22.26,22.25,2,22.26,2022-03-08T21:00:00Z,250,22.256
20.33,20.33,20.33,1,20.33,2022-03-09T13:00:00Z,100,20.33
20.67,20.98,20.27,337,20.55,2022-03-09T14:00:00Z,39208,20.625052
20.045,20.7,19.985,585,20.65,2022-03-09T15:00:00Z,97830,20.369536
20.06,20.33,19.995,341,20.04,2022-03-09T16:00:00Z,59814,20.128271
19.98,20.16,19.83,461,20.06,2022-03-09T17:00:00Z,68006,20.003774
20.59,20.61,19.99,694,19.99,2022-03-09T18:00:00Z,77892,20.2592
20.22,20.55,20.07,242,20.48,2022-03-09T19:00:00Z,43635,20.303571
20.76,20.81,19.885,1068,20.25,2022-03-09T20:00:00Z,121295,20.244554
20.855,21.21,20.79,336,21.17,2022-03-10T14:00:00Z,45934,21.015173
21.12,21.12,20.41,745,20.85,2022-03-10T15:00:00Z,107167,20.758704
20.83,21.3,20.83,511,21.14,2022-03-10T16:00:00Z,69718,21.116341
20.91,20.96,20.555,280,20.83,2022-03-10T17:00:00Z,37336,20.799688
20.16,21.015,20.13,591,20.935,2022-03-10T18:00:00Z,62671,20.491662
19.7,20.18,19.58,586,20.14,2022-03-10T19:00:00Z,65347,19.891247
19.37,19.96,19.35,776,19.73,2022-03-10T20:00:00Z,103220,19.715183
18.9,19.05,18.44,267,18.465,2022-03-11T14:00:00Z,32547,18.744863
18.54,19.15,18.53,258,18.94,2022-03-11T15:00:00Z,31154,18.843528
18.74,18.95,18.5,470,18.56,2022-03-11T16:00:00Z,63735,18.663183
18.75,18.935,18.6,152,18.69,2022-03-11T17:00:00Z,16011,18.76433
18.95,18.96,18.61,260,18.71,2022-03-11T18:00:00Z,61522,18.850507
19.27,19.3,18.84,197,19.0,2022-03-11T19:00:00Z,21085,19.059118
19.99,20.04,19.19,308,19.29,2022-03-11T20:00:00Z,39090,19.662686
20.01,20.01,20.01,1,20.01,2022-03-11T21:00:00Z,1000,20.01
19.54,20.12,19.49,190,19.84,2022-03-14T13:00:00Z,20541,19.763622
18.985,19.67,18.94,402,19.58,2022-03-14T14:00:00Z,50302,19.210545
19.845,19.845,18.92,273,18.96,2022-03-14T15:00:00Z,30742,19.413699
20.31,20.31,19.7,433,19.86,2022-03-14T16:00:00Z,45578,19.962914
21.14,21.39,20.44,443,20.48,2022-03-14T17:00:00Z,45835,20.897713
21.36,21.8,20.92,535,21.12,2022-03-14T18:00:00Z,53571,21.348684
20.86,21.41,20.86,688,21.34,2022-03-14T19:00:00Z,66644,21.10003
20.94,21.18,20.6,393,20.64,2022-03-15T13:00:00Z,41372,20.946084
20.48,21.32,20.16,808,20.94,2022-03-15T14:00:00Z,77819,20.805398
20.5,20.73,20.22,364,20.46,2022-03-15T15:00:00Z,35514,20.461518
20.2,20.66,19.95,273,20.6,2022-03-15T16:00:00Z,26463,20.25314
20.22,20.54,20.14,205,20.18,2022-03-15T17:00:00Z,17386,20.355803
20.045,20.72,20.045,335,20.22,2022-03-15T18:00:00Z,34164,20.363151
20.065,20.13,19.55,515,20.08,2022-03-15T19:00:00Z,49049,19.815813
18.36,19.0,18.2,217,18.89,2022-03-16T13:00:00Z,17824,18.492885
17.76,18.37,17.6,403,18.34,2022-03-16T14:00:00Z,37817,17.953954
17.6,17.98,17.49,292,17.8,2022-03-16T15:00:00Z,24439,17.675133
17.74,17.78,17.435,158,17.56,2022-03-16T16:00:00Z,18963,17.555511
17.805,18.08,17.73,198,17.75,2022-03-16T17:00:00Z,18876,17.873957
17.885,19.28,17.78,430,17.89,2022-03-16T18:00:00Z,43572,18.543798
17.005,18.0,17.005,602,17.885,2022-03-16T19:00:00Z,68599,17.417912
16.72,17.075,16.72,148,17.01,2022-03-17T13:00:00Z,14109,16.892873
17.11,17.23,16.58,236,16.73,2022-03-17T14:00:00Z,32122,16.828469
16.735,17.23,16.69,249,17.18,2022-03-17T15:00:00Z,31978,16.860718
16.42,16.74,16.415,236,16.72,2022-03-17T16:00:00Z,28889,16.495041
16.31,16.56,16.215,200,16.47,2022-03-17T17:00:00Z,27896,16.320017
16.495,16.57,16.36,444,16.36,2022-03-17T18:00:00Z,53695,16.472283
16.585,16.74,16.45,328,16.5,2022-03-17T19:00:00Z,42225,16.583773
16.86,17.18,16.83,171,17.02,2022-03-18T13:00:00Z,16870,17.021843
16.32,16.88,16.28,278,16.875,2022-03-18T14:00:00Z,37463,16.510455
16.15,16.395,16.065,324,16.31,2022-03-18T15:00:00Z,44638,16.237647
15.95,16.19,15.78,307,16.18,2022-03-18T16:00:00Z,51900,15.90231
15.965,16.1,15.88,182,15.955,2022-03-18T17:00:00Z,26312,15.995601
15.77,16.01,15.76,265,15.96,2022-03-18T18:00:00Z,30081,15.859519
15.29,15.77,15.19,1405,15.73,2022-03-18T19:00:00Z,190041,15.420391
15.175,15.31,14.85,319,15.29,2022-03-21T13:00:00Z,38783,15.004837
14.62,15.3,14.615,805,15.16,2022-03-21T14:00:00Z,77006,15.047231
14.675,14.715,14.51,820,14.63,2022-03-21T15:00:00Z,77826,14.613165
15.5,15.525,14.67,454,14.67,2022-03-21T16:00:00Z,44553,15.059618
15.5,15.92,15.42,413,15.53,2022-03-21T17:00:00Z,49867,15.645925
15.47,15.61,15.07,320,15.44,2022-03-21T18:00:00Z,46060,15.302267
15.14,15.575,15.14,502,15.45,2022-03-21T19:00:00Z,59907,15.37225
15.03,15.04,15.03,2,15.04,2022-03-21T20:00:00Z,200,15.035
14.74,14.815,14.5,244,14.69,2022-03-22T13:00:00Z,40387,14.69364
14.54,14.74,14.5,395,14.735,2022-03-22T14:00:00Z,81196,14.585949
14.795,14.795,14.535,191,14.56,2022-03-22T15:00:00Z,28978,14.666348
14.77,14.94,14.68,254,14.79,2022-03-22T16:00:00Z,52423,14.878104
14.71,14.82,14.675,60,14.82,2022-03-22T17:00:00Z,7877,14.742099
14.755,14.8,14.675,64,14.7,2022-03-22T18:00:00Z,9052,14.757507
14.72,14.88,14.58,341,14.75,2022-03-22T19:00:00Z,74015,14.71602
15.15,15.34,15.04,195,15.33,2022-03-23T13:00:00Z,27568,15.17519
14.85,15.185,14.77,197,15.185,2022-03-23T14:00:00Z,25282,14.932776
14.66,14.91,14.62,141,14.85,2022-03-23T15:00:00Z,22096,14.743995
15.01,15.15,14.575,190,14.625,2022-03-23T16:00:00Z,26341,14.868574
15.16,15.34,15.02,177,15.045,2022-03-23T17:00:00Z,25949,15.224444
14.82,15.26,14.72,171,15.155,2022-03-23T18:00:00Z,25823,15.014659
14.64,14.92,14.6,348,14.855,2022-03-23T19:00:00Z,67972,14.752253
14.79,14.84,14.6,68,14.6,2022-03-24T13:00:00Z,7067,14.733165
14.62,14.885,14.575,172,14.8,2022-03-24T14:00:00Z,20053,14.736734
14.04,14.62,14.04,619,14.6,2022-03-24T15:00:00Z,66244,14.269709
14.32,14.42,14.0,431,14.03,2022-03-24T16:00:00Z,52247,14.244199
14.26,14.37,14.245,127,14.33,2022-03-24T17:00:00Z,19412,14.303014
14.145,14.29,14.12,163,14.23,2022-03-24T18:00:00Z,27676,14.183549
14.19,14.2,13.99,248,14.145,2022-03-24T19:00:00Z,49788,14.046189
14.04,14.16,13.96,85,14.02,2022-03-25T13:00:00Z,10104,14.065757
13.81,14.115,13.645,273,14.03,2022-03-25T14:00:00Z,38780,13.808903
14.465,14.535,13.8,557,13.81,2022-03-25T15:00:00Z,85328,14.314516
14.25,14.455,14.115,242,14.44,2022-03-25T16:00:00Z,30581,14.249992
14.0,14.34,14.0,467,14.25,2022-03-25T17:00:00Z,44232,14.186732
13.81,14.02,13.7,221,14.02,2022-03-25T18:00:00Z,25368,13.857959
13.58,14.09,13.54,398,13.775,2022-03-25T19:00:00Z,46955,13.83195
13.79,13.845,13.7,119,13.74,2022-03-28T13:00:00Z,21305,13.75013
13.89,14.12,13.8,348,13.8,2022-03-28T14:00:00Z,45066,14.00779
14.55,14.58,13.86,686,13.92,2022-03-28T15:00:00Z,100271,14.30644
14.195,14.56,14.185,245,14.55,2022-03-28T16:00:00Z,34483,14.38978
13.93,14.2,13.86,175,14.2,2022-03-28T17:00:00Z,16921,14.019108
13.36,13.93,13.355,429,13.925,2022-03-28T18:00:00Z,62134,13.523315
13.28,13.465,13.24,630,13.355,2022-03-28T19:00:00Z,88610,13.361583
12.63,12.7,12.47,580,12.7,2022-03-29T13:00:00Z,66804,12.567028
12.51,12.8,12.48,1449,12.62,2022-03-29T14:00:00Z,150056,12.617636
12.34,12.57,12.205,900,12.5,2022-03-29T15:00:00Z,80723,12.40128
12.615,12.7,12.34,583,12.34,2022-03-29T16:00:00Z,57051,12.52277
12.53,12.74,12.51,438,12.65,2022-03-29T17:00:00Z,45668,12.626418
12.5,12.63,12.44,583,12.52,2022-03-29T18:00:00Z,60893,12.501135
12.295,12.53,12.23,945,12.5,2022-03-29T19:00:00Z,112723,12.389004
12.21,12.53,12.2,240,12.45,2022-03-30T13:00:00Z,32917,12.364772
12.61,12.61,12.16,767,12.17,2022-03-30T14:00:00Z,70091,12.393081
12.65,12.86,12.595,805,12.62,2022-03-30T15:00:00Z,85397,12.728077
12.57,12.73,12.57,361,12.66,2022-03-30T16:00:00Z,37541,12.650474
12.495,12.63,12.45,169,12.555,2022-03-30T17:00:00Z,28058,12.546496
12.845,12.845,12.45,231,12.52,2022-03-30T18:00:00Z,30197,12.654127
12.54,13.11,12.54,559,12.85,2022-03-30T19:00:00Z,100206,12.873793
12.765,13.02,12.62,316,12.65,2022-03-31T13:00:00Z,41062,12.806912
12.615,13.05,12.6,664,12.8,2022-03-31T14:00:00Z,69998,12.883886
12.62,12.79,12.605,138,12.65,2022-03-31T15:00:00Z,22358,12.696746
12.89,12.9,12.585,204,12.6,2022-03-31T16:00:00Z,31804,12.778477
12.74,13.0,12.715,166,12.88,2022-03-31T17:00:00Z,29909,12.8658
12.825,12.93,12.79,121,12.8,2022-03-31T18:00:00Z,16579,12.876035
13.505,13.565,12.68,461,12.8,2022-03-31T19:00:00Z,89310,13.129145
13.26,13.26,13.26,5,13.26,2022-03-31T20:00:00Z,1500,13.26
13.08,13.16,13.0,213,13.14,2022-04-01T13:00:00Z,22211,13.07527
13.05,13.28,12.975,302,13.09,2022-04-01T14:00:00Z,40681,13.137251
13.42,13.45,13.05,276,13.055,2022-04-01T15:00:00Z,35414,13.255531
13.38,13.55,13.31,192,13.42,2022-04-01T16:00:00Z,28202,13.436227
13.19,13.42,13.15,312,13.38,2022-04-01T17:00:00Z,34455,13.304913
12.875,13.17,12.72,813,13.17,2022-04-01T18:00:00Z,66002,12.885973
12.73,13.15,12.7,435,12.86,2022-04-01T19:00:00Z,63280,12.888184
12.28,12.73,12.28,186,12.58,2022-04-04T13:00:00Z,17728,12.540419
12.33,12.46,12.22,350,12.26,2022-04-04T14:00:00Z,29056,12.29967
12.075,12.315,12.05,240,12.3,2022-04-04T15:00:00Z,23289,12.175817
12.12,12.14,12.02,386,12.08,2022-04-04T16:00:00Z,27308,12.077244
12.065,12.14,12.05,441,12.13,2022-04-04T17:00:00Z,36166,12.093101
12.08,12.18,12.04,699,12.08,2022-04-04T18:00:00Z,64115,12.102331
11.76,12.095,11.74,830,12.08,2022-04-04T19:00:00Z,108915,11.911722
12.08,12.095,11.86,292,11.98,2022-04-05T13:00:00Z,21438,11.998482
12.315,12.49,12.0,856,12.08,2022-04-05T14:00:00Z,102774,12.254836
12.6,12.6,12.3,320,12.315,2022-04-05T15:00:00Z,46453,12.481549
12.45,12.76,12.45,332,12.62,2022-04-05T16:00:00Z,61383,12.632129
12.67,12.7,12.315,270,12.47,2022-04-05T17:00:00Z,46756,12.452172
12.575,12.72,12.5,487,12.66,2022-04-05T18:00:00Z,55178,12.586142
13.2,13.28,12.545,995,12.57,2022-04-05T19:00:00Z,170714,12.998909
14.54,14.54,13.85,486,13.94,2022-04-06T13:00:00Z,71610,14.30483
14.57,14.8,14.425,1298,14.545,2022-04-06T14:00:00Z,155914,14.61858
14.31,14.71,14.24,1024,14.595,2022-04-06T15:00:00Z,82379,14.530424
14.54,14.68,14.28,532,14.29,2022-04-06T16:00:00Z,37235,14.492469
14.16,14.59,14.1,836,14.54,2022-04-06T17:00:00Z,64975,14.308136
13.72,14.65,13.535,1934,14.16,2022-04-06T18:00:00Z,175341,14.082035
13.65,14.08,13.54,1543,13.7,2022-04-06T19:00:00Z,150715,13.795217
13.55,13.86,13.44,290,13.82,2022-04-07T13:00:00Z,44632,13.622207
13.91,14.06,13.535,508,13.6,2022-04-07T14:00:00Z,71709,13.817799
14.06,14.14,13.69,258,13.82,2022-04-07T15:00:00Z,42596,13.988153
14.06,14.2,13.895,233,14.035,2022-04-07T16:00:00Z,41670,14.042292
13.5,14.085,13.48,439,14.055,2022-04-07T17:00:00Z,77892,13.690073
13.27,13.68,13.265,378,13.5,2022-04-07T18:00:00Z,77829,13.484659
13.135,13.295,12.95,716,13.29,2022-04-07T19:00:00Z,120887,13.135307
13.16,13.16,13.16,1,13.16,2022-04-07T20:00:00Z,150,13.16
13.54,13.56,13.285,253,13.34,2022-04-08T13:00:00Z,36173,13.410342
12.88,13.56,12.88,279,13.545,2022-04-08T14:00:00Z,37463,13.199943
12.87,13.08,12.8,389,12.9,2022-04-08T15:00:00Z,159187,12.869985
12.59,12.87,12.57,348,12.84,2022-04-08T16:00:00Z,58162,12.674299
12.77,12.89,12.59,272,12.59,2022-04-08T17:00:00Z,42800,12.71877
12.85,13.05,12.685,226,12.77,2022-04-08T18:00:00Z,38137,12.843236
13.095,13.155,12.72,310,12.86,2022-04-08T19:00:00Z,71135,12.98309
13.49,13.69,13.28,272,13.5,2022-04-11T13:00:00Z,43573,13.565878
13.765,13.81,13.43,333,13.52,2022-04-11T14:00:00Z,54081,13.63992
13.775,13.9,13.715,365,13.76,2022-04-11T15:00:00Z,58098,13.799485
13.79,13.87,13.71,210,13.775,2022-04-11T16:00:00Z,24898,13.810366
13.685,13.815,13.615,335,13.75,2022-04-11T17:00:00Z,37592,13.71143
13.61,13.94,13.61,471,13.695,2022-04-11T18:00:00Z,67391,13.753839
14.15,14.185,13.51,782,13.62,2022-04-11T19:00:00Z,151870,13.940098
13.34,13.855,13.31,481,13.76,2022-04-12T13:00:00Z,66522,13.617323
13.68,13.72,13.31,237,13.32,2022-04-12T14:00:00Z,26857,13.484699
13.27,13.72,13.2,200,13.72,2022-04-12T15:00:00Z,21650,13.384971
13.45,13.56,13.29,133,13.3,2022-04-12T16:00:00Z,18416,13.460053
13.82,13.82,13.3,272,13.44,2022-04-12T17:00:00Z,42035,13.536942
13.99,14.205,13.755,464,13.84,2022-04-12T18:00:00Z,64331,13.980295
14.42,14.44,13.98,714,14.005,2022-04-12T19:00:00Z,106255,14.285958
14.16,14.5,13.995,500,14.45,2022-04-13T13:00:00Z,71998,14.132971
13.96,14.3,13.93,332,14.23,2022-04-13T14:00:00Z,55074,14.106876
13.58,13.955,13.38,300,13.955,2022-04-13T15:00:00Z,49469,13.622958
13.48,13.735,13.45,372,13.56,2022-04-13T16:00:00Z,51125,13.587002
13.46,13.58,13.3,571,13.47,2022-04-13T17:00:00Z,68957,13.433206
13.14,13.505,13.14,365,13.46,2022-04-13T18:00:00Z,41879,13.314286
12.88,13.225,12.84,303,13.16,2022-04-13T19:00:00Z,74685,13.000498
12.725,12.725,12.305,306,12.58,2022-04-14T13:00:00Z,55193,12.538883
12.8,12.91,12.54,384,12.74,2022-04-14T14:00:00Z,72567,12.771963
12.85,12.89,12.615,190,12.78,2022-04-14T15:00:00Z,32688,12.756829
12.94,13.04,12.705,388,12.88,2022-04-14T16:00:00Z,38822,12.875746
12.71,13.0,12.71,319,12.91,2022-04-14T17:00:00Z,34528,12.889334
13.115,13.12,12.605,486,12.71,2022-04-14T18:00:00Z,55705,12.823597
13.38,13.42,12.945,943,13.14,2022-04-14T19:00:00Z,144816,13.160528
13.41,13.57,13.15,295,13.56,2022-04-18T13:00:00Z,47059,13.356096
13.12,13.59,13.0,346,13.44,2022-04-18T14:00:00Z,75051,13.255171
13.155,13.35,13.02,151,13.1,2022-04-18T15:00:00Z,28475,13.202447
13.34,13.49,13.13,211,13.17,2022-04-18T16:00:00Z,41746,13.34458
12.97,13.35,12.905,213,13.335,2022-04-18T17:00:00Z,44169,13.084911
13.07,13.09,12.895,143,12.96,2022-04-18T18:00:00Z,26247,13.000731
13.13,13.38,13.04,320,13.04,2022-04-18T19:00:00Z,66992,13.222367
12.99,12.99,12.99,1,12.99,2022-04-18T20:00:00Z,100,12.99
12.69,13.15,12.67,155,13.0,2022-04-19T13:00:00Z,23749,12.871046
12.43,12.73,12.37,507,12.705,2022-04-19T14:00:00Z,66206,12.531824
12.38,12.485,12.305,337,12.46,2022-04-19T15:00:00Z,39964,12.381782
12.34,12.395,12.26,354,12.38,2022-04-19T16:00:00Z,53907,12.327547
12.27,12.42,12.26,279,12.34,2022-04-19T17:00:00Z,29582,12.328516
12.17,12.385,12.17,472,12.26,2022-04-19T18:00:00Z,44551,12.277286
12.15,12.185,11.92,742,12.17,2022-04-19T19:00:00Z,104235,12.030771
11.94,12.03,11.68,531,11.81,2022-04-20T13:00:00Z,87855,11.893928
11.62,11.99,11.58,744,11.93,2022-04-20T14:00:00Z,73635,11.756424
11.78,11.92,11.63,604,11.63,2022-04-20T15:00:00Z,80604,11.767896
11.785,12.02,11.75,334,11.77,2022-04-20T16:00:00Z,47507,11.904039
11.74,11.94,11.73,419,11.795,2022-04-20T17:00:00Z,49802,11.832389
12.08,12.15,11.71,409,11.74,2022-04-20T18:00:00Z,46379,11.982968
11.725,12.095,11.68,858,12.07,2022-04-20T19:00:00Z,117854,11.816536
11.43,11.51,11.34,379,11.36,2022-04-21T13:00:00Z,47133,11.413812
11.74,11.79,11.34,852,11.41,2022-04-21T14:00:00Z,88154,11.571963
12.19,12.2,11.69,413,11.76,2022-04-21T15:00:00Z,58390,11.861819
12.51,12.545,12.035,425,12.2,2022-04-21T16:00:00Z,61260,12.298969
12.63,12.69,12.285,997,12.52,2022-04-21T17:00:00Z,109564,12.50306
13.02,13.09,12.57,720,12.68,2022-04-21T18:00:00Z,75095,12.806823
12.96,13.33,12.94,752,13.105,2022-04-21T19:00:00Z,117196,13.129229
13.44,13.45,12.94,457,13.1,2022-04-22T13:00:00Z,60212,13.19792
13.72,13.75,13.16,928,13.44,2022-04-22T14:00:00Z,146277,13.517057
14.02,14.05,13.535,635,13.71,2022-04-22T15:00:00Z,90020,13.779334
14.155,14.235,13.885,545,14.04,2022-04-22T16:00:00Z,81507,14.087406
14.69,14.71,14.115,573,14.135,2022-04-22T17:00:00Z,94444,14.387274
15.16,15.28,14.485,1132,14.72,2022-04-22T18:00:00Z,144316,14.845932
15.35,15.52,14.45,1373,15.14,2022-04-22T19:00:00Z,259776,15.053666
15.74,15.74,15.74,1,15.74,2022-04-22T20:00:00Z,150,15.74
15.72,15.72,15.72,1,15.72,2022-04-25T12:00:00Z,112,15.72
16.21,16.48,15.74,1239,15.82,2022-04-25T13:00:00Z,222573,16.125376
16.37,16.44,15.53,710,16.26,2022-04-25T14:00:00Z,110724,15.994343
16.58,16.775,16.075,592,16.38,2022-04-25T15:00:00Z,97210,16.40183
16.23,16.625,16.01,580,16.53,2022-04-25T16:00:00Z,77639,16.255977
15.96,16.46,15.9,379,16.215,2022-04-25T17:00:00Z,53800,16.136054
15.37,16.08,15.07,580,15.955,2022-04-25T18:00:00Z,75747,15.487039
14.89,15.71,14.75,893,15.375,2022-04-25T19:00:00Z,139488,15.079097
15.74,15.82,15.27,226,15.3,2022-04-26T13:00:00Z,32582,15.658788
16.295,16.32,15.55,424,15.75,2022-04-26T14:00:00Z,54233,16.028734
16.805,16.815,16.31,330,16.31,2022-04-26T15:00:00Z,45403,16.545955
16.2,16.82,16.16,617,16.81,2022-04-26T16:00:00Z,92650,16.505864
16.995,17.06,16.16,502,16.17,2022-04-26T17:00:00Z,64563,16.788154
16.72,17.15,16.68,506,16.97,2022-04-26T18:00:00Z,69304,16.895731
17.26,17.33,16.58,810,16.68,2022-04-26T19:00:00Z,132358,17.038581
17.59,17.59,17.59,1,17.59,2022-04-26T20:00:00Z,150,17.59
16.57,17.29,16.27,347,17.29,2022-04-27T13:00:00Z,48054,16.705115
17.32,17.795,16.48,898,16.56,2022-04-27T14:00:00Z,125284,17.334676
16.97,17.345,16.68,377,17.22,2022-04-27T15:00:00Z,56004,16.974171
16.4,17.11,16.35,429,16.945,2022-04-27T16:00:00Z,59249,16.582979
16.23,16.76,16.225,599,16.38,2022-04-27T17:00:00Z,69633,16.505852
17.01,17.08,16.22,218,16.22,2022-04-27T18:00:00Z,39608,16.636672
17.76,17.79,16.935,657,17.04,2022-04-27T19:00:00Z,96416,17.305301
16.73,16.75,16.3,1329,16.405,2022-04-28T13:00:00Z,190834,16.494254
16.77,17.105,16.46,1361,16.715,2022-04-28T14:00:00Z,138021,16.844351
16.535,16.81,16.365,1753,16.77,2022-04-28T15:00:00Z,157163,16.548588
15.54,16.665,15.54,1303,16.53,2022-04-28T16:00:00Z,120304,16.03368
15.445,15.71,15.4,973,15.535,2022-04-28T17:00:00Z,85593,15.536699
15.66,15.685,15.255,458,15.435,2022-04-28T18:00:00Z,48396,15.442434
16.4,16.54,15.57,1010,15.705,2022-04-28T19:00:00Z,120828,16.046576
16.42,16.42,16.42,1,16.42,2022-04-28T20:00:00Z,267,16.42
16.15,16.85,16.12,154,16.79,2022-04-29T13:00:00Z,26260,16.537264
16.77,16.95,15.99,273,16.095,2022-04-29T14:00:00Z,42116,16.596671
16.54,17.02,16.33,238,16.76,2022-04-29T15:00:00Z,36771,16.665631
17.0,17.14,16.52,547,16.52,2022-04-29T16:00:00Z,82622,16.790712
17.005,17.08,16.65,192,16.92,2022-04-29T17:00:00Z,28493,16.902856
17.635,17.74,16.99,386,17.0,2022-04-29T18:00:00Z,62474,17.417627
18.26,18.4,17.595,551,17.635,2022-04-29T19:00:00Z,90439,18.014797
18.53,18.85,18.18,678,18.2,2022-05-02T13:00:00Z,105098,18.601967
18.54,19.18,18.11,691,18.59,2022-05-02T14:00:00Z,121793,18.436078
19.155,19.42,18.535,352,18.535,2022-05-02T15:00:00Z,47440,19.06102
19.22,19.285,18.45,219,18.99,2022-05-02T16:00:00Z,28054,18.890777
19.31,19.395,19.0,204,19.22,2022-05-02T17:00:00Z,28980,19.230149
19.385,19.75,19.1,318,19.29,2022-05-02T18:00:00Z,39464,19.514522
17.89,19.35,17.71,1021,19.32,2022-05-02T19:00:00Z,176832,18.163157
17.65,17.65,17.65,1,17.65,2022-05-03T12:00:00Z,200,17.65
17.25,17.75,17.22,370,17.52,2022-05-03T13:00:00Z,44567,17.524689
17.06,17.34,16.83,437,17.22,2022-05-03T14:00:00Z,68702,17.080812
16.77,17.07,16.63,824,17.06,2022-05-03T15:00:00Z,85357,16.817945
16.9,17.13,16.65,939,16.76,2022-05-03T16:00:00Z,99972,16.874162
16.67,16.94,16.5,207,16.87,2022-05-03T17:00:00Z,33163,16.682631
16.65,17.21,16.63,440,16.75,2022-05-03T18:00:00Z,74867,16.947493
16.29,16.8,16.2,1950,16.64,2022-05-03T19:00:00Z,202607,16.544259
16.08,16.155,15.86,408,15.94,2022-05-04T13:00:00Z,55569,16.036383
16.05,16.32,16.045,828,16.09,2022-05-04T14:00:00Z,80454,16.176111
15.92,16.2,15.82,975,16.07,2022-05-04T15:00:00Z,92145,16.059476
15.54,15.97,15.51,1394,15.89,2022-05-04T16:00:00Z,134223,15.766227
15.67,15.74,15.52,749,15.53,2022-05-04T17:00:00Z,68877,15.64346
14.67,16.01,14.545,1376,15.59,2022-05-04T18:00:00Z,165073,15.334274
13.95,14.69,13.87,2229,14.635,2022-05-04T19:00:00Z,265146,14.159992
14.82,14.895,14.415,231,14.57,2022-05-05T13:00:00Z,30205,14.639119
16.2,16.515,14.79,1656,14.85,2022-05-05T14:00:00Z,197309,15.762778
17.095,17.1,16.13,1053,16.26,2022-05-05T15:00:00Z,158575,16.642002
16.57,17.29,16.55,807,17.1,2022-05-05T16:00:00Z,108554,16.922837
16.97,17.035,16.18,624,16.515,2022-05-05T17:00:00Z,81779,16.608743
17.34,17.525,16.7,731,16.995,2022-05-05T18:00:00Z,100456,17.200071
17.83,18.3,17.3,1134,17.3,2022-05-05T19:00:00Z,175802,17.860553
17.79,17.79,17.79,1,17.79,2022-05-06T12:00:00Z,200,17.79
19.46,19.56,18.025,817,18.05,2022-05-06T13:00:00Z,104635,18.901354
17.62,19.64,17.56,1195,19.54,2022-05-06T14:00:00Z,153597,18.791707
18.41,18.46,17.455,622,17.69,2022-05-06T15:00:00Z,72007,18.025767
17.57,18.48,17.55,376,18.48,2022-05-06T16:00:00Z,45462,17.97524
17.9,17.92,17.3,431,17.58,2022-05-06T17:00:00Z,52700,17.632961
18.245,18.53,17.62,685,17.9,2022-05-06T18:00:00Z,91446,18.110246
17.42,18.52,17.33,1175,18.24,2022-05-06T19:00:00Z,155185,17.906633
18.42,18.87,18.335,583,18.54,2022-05-09T13:00:00Z,79944,18.615661
19.185,19.24,18.28,697,18.38,2022-05-09T14:00:00Z,96059,18.832141
18.9,19.54,18.775,496,19.2,2022-05-09T15:00:00Z,73542,19.178176
18.85,19.085,18.26,367,18.88,2022-05-09T16:00:00Z,55437,18.614925
18.745,19.015,18.51,346,18.865,2022-05-09T17:00:00Z,54924,18.826238
18.52,19.03,18.45,256,18.71,2022-05-09T18:00:00Z,41982,18.760241
19.48,19.75,18.26,921,18.44,2022-05-09T19:00:00Z,152562,19.218457
19.43,19.43,19.43,1,19.43,2022-05-09T20:00:00Z,360,19.43
18.04,18.69,17.98,423,18.12,2022-05-10T13:00:00Z,49954,18.34087
19.08,19.175,17.925,1092,18.05,2022-05-10T14:00:00Z,127914,18.369983
19.28,19.6,18.94,499,19.12,2022-05-10T15:00:00Z,57971,19.333512
19.05,19.47,18.85,542,19.29,2022-05-10T16:00:00Z,67513,19.193925
18.16,19.035,18.15,269,19.035,2022-05-10T17:00:00Z,26868,18.589445
18.2,18.485,18.125,252,18.13,2022-05-10T18:00:00Z,24689,18.302891
18.46,18.87,18.04,463,18.2,2022-05-10T19:00:00Z,51249,18.534989
18.8,18.89,18.8,2,18.89,2022-05-11T12:00:00Z,300,18.83
17.7,18.82,17.65,401,18.6,2022-05-11T13:00:00Z,48439,18.186401
17.52,17.785,17.18,1364,17.7,2022-05-11T14:00:00Z,164750,17.391534
17.515,17.72,17.105,1211,17.54,2022-05-11T15:00:00Z,105650,17.432708
18.02,18.07,17.235,861,17.52,2022-05-11T16:00:00Z,85104,17.776018
18.86,18.89,18.035,1109,18.035,2022-05-11T17:00:00Z,107915,18.394576
18.37,18.89,17.96,420,18.89,2022-05-11T18:00:00Z,49369,18.41683
18.3,18.61,17.92,687,18.39,2022-05-11T19:00:00Z,92721,18.37875
18.87,19.08,18.55,424,18.76,2022-05-12T13:00:00Z,57693,18.819311
17.89,19.045,17.87,713,18.98,2022-05-12T14:00:00Z,94756,18.345546
18.47,18.52,17.83,320,17.89,2022-05-12T15:00:00Z,43877,18.109352
18.47,18.745,18.27,545,18.51,2022-05-12T16:00:00Z,61286,18.513563
18.96,19.045,18.36,745,18.53,2022-05-12T17:00:00Z,86851,18.770931
19.19,19.34,18.795,1880,18.92,2022-05-12T18:00:00Z,162186,19.068919
17.81,19.26,17.65,1466,19.18,2022-05-12T19:00:00Z,159834,18.48104
16.62,16.97,16.55,1816,16.79,2022-05-13T13:00:00Z,319623,16.727689
16.42,16.61,16.15,1882,16.61,2022-05-13T14:00:00Z,243284,16.392981
16.28,16.51,16.19,1164,16.44,2022-05-13T15:00:00Z,99856,16.326059
16.14,16.31,16.07,963,16.3,2022-05-13T16:00:00Z,81822,16.190052
16.605,16.625,16.095,840,16.13,2022-05-13T17:00:00Z,79259,16.313762
16.555,17.08,16.555,991,16.615,2022-05-13T18:00:00Z,118493,16.870145
16.06,16.6,16.05,842,16.55,2022-05-13T19:00:00Z,108812,16.291179
16.05,16.05,16.05,1,16.05,2022-05-13T20:00:00Z,210,16.05
15.88,16.11,15.73,343,15.96,2022-05-16T13:00:00Z,55705,15.931052
15.73,16.0,15.53,322,15.88,2022-05-16T14:00:00Z,43755,15.687628
15.36,15.86,15.36,257,15.77,2022-05-16T15:00:00Z,36819,15.623987
15.65,15.68,15.35,257,15.35,2022-05-16T16:00:00Z,24610,15.531124
15.3,15.71,15.26,445,15.66,2022-05-16T17:00:00Z,48361,15.369902
15.23,15.35,15.18,536,15.3,2022-05-16T18:00:00Z,71385,15.276987
15.07,15.415,15.06,1171,15.24,2022-05-16T19:00:00Z,121764,15.248233
14.72,14.735,14.41,278,14.415,2022-05-17T13:00:00Z,32177,14.545446
14.77,14.96,14.52,1044,14.69,2022-05-17T14:00:00Z,93115,14.781029
14.61,14.785,14.49,939,14.765,2022-05-17T15:00:00Z,96756,14.643457
14.405,14.64,14.28,720,14.61,2022-05-17T16:00:00Z,70483,14.426408
14.33,14.43,14.235,422,14.4,2022-05-17T17:00:00Z,48038,14.298771
14.3,14.74,14.21,1142,14.32,2022-05-17T18:00:00Z,114071,14.454634
14.53,14.66,14.25,457,14.295,2022-05-17T19:00:00Z,66141,14.484487
15.23,15.24,14.85,281,15.0,2022-05-18T13:00:00Z,44495,15.029779
14.99,15.205,14.9,293,15.19,2022-05-18T14:00:00Z,50491,15.043814
15.95,16.01,14.99,1040,14.99,2022-05-18T15:00:00Z,146182,15.705762
15.76,16.21,15.755,864,15.95,2022-05-18T16:00:00Z,235655,16.036786
16.495,16.555,15.855,540,15.865,2022-05-18T17:00:00Z,71301,16.24268
17.13,17.18,16.43,679,16.465,2022-05-18T18:00:00Z,99339,16.756562
17.73,17.81,17.075,1328,17.2,2022-05-18T19:00:00Z,200746,17.459641
18.34,18.34,18.34,1,18.34,2022-05-19T12:00:00Z,100,18.34
17.955,18.305,17.42,723,18.19,2022-05-19T13:00:00Z,87543,17.803646
17.69,18.14,17.58,506,17.93,2022-05-19T14:00:00Z,59410,17.874881
16.935,17.8,16.725,563,17.7,2022-05-19T15:00:00Z,60255,17.092149
16.88,17.27,16.77,268,16.975,2022-05-19T16:00:00Z,29341,17.070313
16.3,17.2,16.3,370,16.88,2022-05-19T17:00:00Z,39019,16.812807
16.21,16.59,16.15,630,16.4,2022-05-19T18:00:00Z,53147,16.353217
15.935,16.555,15.88,817,16.22,2022-05-19T19:00:00Z,73681,16.227284
15.15,15.77,15.15,656,15.22,2022-05-20T13:00:00Z,86810,15.359023
16.075,16.075,15.12,705,15.15,2022-05-20T14:00:00Z,51632,15.607214
16.38,16.605,15.95,1101,16.06,2022-05-20T15:00:00Z,97858,16.286025
17.27,17.49,16.39,1102,16.4,2022-05-20T16:00:00Z,119487,16.983833
17.25,17.825,17.085,1353,17.28,2022-05-20T17:00:00Z,147934,17.513626
17.11,17.74,16.73,891,17.18,2022-05-20T18:00:00Z,85649,17.25731
16.0,17.255,15.99,1324,17.115,2022-05-20T19:00:00Z,109098,16.55912
16.105,16.24,15.58,472,15.62,2022-05-23T13:00:00Z,70466,15.939746
15.73,16.405,15.685,500,16.1,2022-05-23T14:00:00Z,64883,15.964075
15.54,15.74,15.465,345,15.74,2022-05-23T15:00:00Z,41979,15.584373
15.67,15.74,15.4,275,15.58,2022-05-23T16:00:00Z,32767,15.569686
15.42,15.84,15.32,271,15.65,2022-05-23T17:00:00Z,31489,15.576511
15.56,15.605,15.31,249,15.37,2022-05-23T18:00:00Z,31838,15.448941
15.775,15.855,15.48,466,15.52,2022-05-23T19:00:00Z,62945,15.694821
16.18,16.18,16.18,2,16.18,2022-05-24T12:00:00Z,200,16.18
16.25,16.25,15.925,348,16.1,2022-05-24T13:00:00Z,44976,16.109211
16.65,16.9,16.24,1484,16.29,2022-05-24T14:00:00Z,128746,16.645276
16.21,16.84,16.11,1289,16.63,2022-05-24T15:00:00Z,108218,16.532027
16.105,16.4,15.74,756,16.22,2022-05-24T16:00:00Z,72262,16.073974
15.87,16.3,15.78,262,16.095,2022-05-24T17:00:00Z,32396,16.037776
16.21,16.27,15.65,316,15.855,2022-05-24T18:00:00Z,43817,15.965014
15.8,16.295,15.78,517,16.24,2022-05-24T19:00:00Z,69173,16.011276
16.0,16.21,15.87,255,16.19,2022-05-25T13:00:00Z,29885,15.984791
15.86,16.205,15.69,767,15.96,2022-05-25T14:00:00Z,70350,15.840728
15.86,16.11,15.83,591,15.85,2022-05-25T15:00:00Z,48095,15.944153
15.85,16.095,15.81,568,15.86,2022-05-25T16:00:00Z,51473,15.943296
15.65,15.9,15.58,292,15.86,2022-05-25T17:00:00Z,29090,15.756123
15.27,15.795,15.2,502,15.65,2022-05-25T18:00:00Z,60584,15.450499
15.3,15.41,15.05,371,15.22,2022-05-25T19:00:00Z,51549,15.246116
14.8,15.07,14.78,323,15.04,2022-05-26T13:00:00Z,81668,14.908129
14.85,14.92,14.77,697,14.8,2022-05-26T14:00:00Z,61625,14.830219
14.98,15.05,14.84,382,14.85,2022-05-26T15:00:00Z,33322,14.924313
14.88,15.05,14.87,268,15.01,2022-05-26T16:00:00Z,32602,14.93298
14.88,14.96,14.84,222,14.9,2022-05-26T17:00:00Z,28392,14.904741
14.925,15.1,14.9,132,14.91,2022-05-26T18:00:00Z,24490,14.969355
15.12,15.15,14.9,422,14.92,2022-05-26T19:00:00Z,47418,15.012927
14.37,14.575,14.34,151,14.54,2022-05-27T13:00:00Z,22572,14.447958
14.63,14.63,14.28,415,14.36,2022-05-27T14:00:00Z,46238,14.41181
14.38,14.705,14.36,466,14.62,2022-05-27T15:00:00Z,44022,14.505993
14.45,14.47,14.33,250,14.385,2022-05-27T16:00:00Z,29587,14.395364
14.49,14.49,14.42,149,14.44,2022-05-27T17:00:00Z,13887,14.445128
14.39,14.5,14.35,190,14.48,2022-05-27T18:00:00Z,22422,14.412978
14.185,14.5,14.15,234,14.385,2022-05-27T19:00:00Z,33033,14.375281
14.21,14.22,14.21,2,14.22,2022-05-27T20:00:00Z,1800,14.210556
14.74,15.09,14.595,267,14.595,2022-05-31T13:00:00Z,45544,14.851516
14.44,14.835,14.42,364,14.76,2022-05-31T14:00:00Z,53124,14.661975
13.92,14.58,13.9,709,14.45,2022-05-31T15:00:00Z,72360,14.278335
13.92,14.105,13.85,547,13.92,2022-05-31T16:00:00Z,57362,13.969136
13.78,14.105,13.77,463,13.94,2022-05-31T17:00:00Z,46315,13.949741
14.21,14.275,13.76,534,13.82,2022-05-31T18:00:00Z,49652,13.955857
13.84,14.25,13.71,537,14.22,2022-05-31T19:00:00Z,74906,13.883814
13.43,13.605,13.365,548,13.56,2022-06-01T13:00:00Z,68067,13.469671
13.905,14.25,13.38,1362,13.38,2022-06-01T14:00:00Z,131306,13.921301
14.515,14.54,13.93,1148,13.935,2022-06-01T15:00:00Z,111204,14.237605
14.625,14.76,14.44,797,14.52,2022-06-01T16:00:00Z,92443,14.59153
14.105,14.625,13.96,451,14.615,2022-06-01T17:00:00Z,54133,14.251641
13.825,14.095,13.72,435,14.055,2022-06-01T18:00:00Z,49346,13.865518
13.665,13.875,13.49,610,13.805,2022-06-01T19:00:00Z,65337,13.655082
13.57,13.885,13.54,158,13.78,2022-06-02T13:00:00Z,22266,13.704881
13.34,13.76,13.33,812,13.61,2022-06-02T14:00:00Z,74507,13.521134
13.12,13.34,13.04,634,13.34,2022-06-02T15:00:00Z,63871,13.198845
13.035,13.12,12.93,403,13.11,2022-06-02T16:00:00Z,44725,13.010627
13.15,13.19,13.075,58,13.11,2022-06-02T17:00:00Z,8958,13.13303
13.465,13.465,13.18,69,13.18,2022-06-02T18:00:00Z,10932,13.300365
13.27,13.49,13.145,192,13.49,2022-06-02T19:00:00Z,26801,13.288586
13.53,13.8,13.5,247,13.64,2022-06-03T13:00:00Z,43369,13.627136
13.615,13.71,13.34,697,13.5,2022-06-03T14:00:00Z,77217,13.548695
13.7,13.9,13.625,670,13.63,2022-06-03T15:00:00Z,70543,13.772031
13.58,13.86,13.56,363,13.71,2022-06-03T16:00:00Z,41506,13.696012
13.71,13.805,13.41,182,13.58,2022-06-03T17:00:00Z,25417,13.593199
13.47,13.74,13.405,273,13.74,2022-06-03T18:00:00Z,31950,13.5036
13.465,13.73,13.44,497,13.45,2022-06-03T19:00:00Z,56786,13.593121
13.46,13.46,13.46,1,13.46,2022-06-03T20:00:00Z,3400,13.46
13.06,13.2,13.0,125,13.04,2022-06-06T13:00:00Z,19253,13.109488
13.035,13.255,12.99,148,13.04,2022-06-06T14:00:00Z,26688,13.073731
13.205,13.48,13.0,192,13.04,2022-06-06T15:00:00Z,30357,13.28261
13.26,13.515,13.23,118,13.23,2022-06-06T16:00:00Z,21012,13.365651
13.14,13.4,13.1,107,13.26,2022-06-06T17:00:00Z,18953,13.226387
13.39,13.5,13.14,124,13.14,2022-06-06T18:00:00Z,20498,13.335199
13.16,13.45,13.015,306,13.37,2022-06-06T19:00:00Z,59906,13.18531
13.53,13.71,13.43,211,13.71,2022-06-07T13:00:00Z,27950,13.545373
13.23,13.59,13.15,230,13.52,2022-06-07T14:00:00Z,34237,13.360351
13.18,13.28,13.13,113,13.22,2022-06-07T15:00:00Z,12450,13.210722
13.095,13.22,13.06,109,13.17,2022-06-07T16:00:00Z,10819,13.134346
12.9,13.11,12.895,94,13.1,2022-06-07T17:00:00Z,11620,12.989218
12.845,12.92,12.75,352,12.92,2022-06-07T18:00:00Z,42240,12.850858
12.67,12.86,12.66,565,12.86,2022-06-07T19:00:00Z,76186,12.750423
12.72,12.99,12.66,92,12.87,2022-06-08T13:00:00Z,17955,12.802337
12.71,12.855,12.68,140,12.73,2022-06-08T14:00:00Z,17179,12.74663
12.59,12.74,12.56,171,12.71,2022-06-08T15:00:00Z,22785,12.640526
12.86,12.99,12.58,316,12.61,2022-06-08T16:00:00Z,41434,12.823552
12.85,13.04,12.81,348,12.87,2022-06-08T17:00:00Z,39601,12.891881
12.93,13.1,12.87,245,12.89,2022-06-08T18:00:00Z,31098,12.974228
12.64,13.05,12.63,433,12.945,2022-06-08T19:00:00Z,73100,12.83965
12.78,12.99,12.76,188,12.91,2022-06-09T13:00:00Z,29410,12.850032
12.86,12.93,12.68,202,12.78,2022-06-09T14:00:00Z,36362,12.799268
12.89,13.01,12.81,70,12.94,2022-06-09T15:00:00Z,12440,12.902003
12.82,13.04,12.82,90,12.91,2022-06-09T16:00:00Z,12411,12.91125
12.84,12.96,12.73,76,12.8,2022-06-09T17:00:00Z,12494,12.878402
13.19,13.19,12.86,153,12.86,2022-06-09T18:00:00Z,21681,13.025788
13.52,13.625,13.18,535,13.21,2022-06-09T19:00:00Z,105438,13.42297
14.34,14.45,14.19,341,14.35,2022-06-10T13:00:00Z,26349,14.312408
14.87,14.87,14.3,1253,14.3,2022-06-10T14:00:00Z,130839,14.679165
14.905,15.255,14.87,868,14.89,2022-06-10T15:00:00Z,74356,15.067669
14.98,15.15,14.775,876,14.9,2022-06-10T16:00:00Z,75912,14.97559
14.74,15.115,14.62,886,14.985,2022-06-10T17:00:00Z,82879,14.859665
14.57,14.96,14.51,839,14.75,2022-06-10T18:00:00Z,70919,14.781336
14.81,14.82,14.325,1315,14.565,2022-06-10T19:00:00Z,113653,14.560935
16.6,16.78,16.31,1046,16.62,2022-06-13T13:00:00Z,133242,16.586022
17.335,17.45,16.44,1008,16.61,2022-06-13T14:00:00Z,158831,17.023685
17.05,17.49,16.86,977,17.305,2022-06-13T15:00:00Z,140372,17.137663
17.145,17.18,16.54,1192,17.07,2022-06-13T16:00:00Z,145391,16.877445
16.94,17.33,16.79,810,17.145,2022-06-13T17:00:00Z,87709,17.12247
17.395,17.46,16.93,481,16.93,2022-06-13T18:00:00Z,55605,17.223704
17.81,18.1,17.19,929,17.4,2022-06-13T19:00:00Z,134382,17.721692
17.79,17.79,17.79,1,17.79,2022-06-13T20:00:00Z,100,17.79
17.08,17.935,17.08,197,17.595,2022-06-14T13:00:00Z,40296,17.639283
17.18,17.64,16.97,358,17.1,2022-06-14T14:00:00Z,42862,17.299688
17.05,17.45,17.045,255,17.175,2022-06-14T15:00:00Z,29410,17.23205
17.23,17.62,17.07,208,17.07,2022-06-14T16:00:00Z,27358,17.294429
17.39,17.53,17.04,305,17.22,2022-06-14T17:00:00Z,31626,17.288501
17.23,17.39,16.88,660,17.39,2022-06-14T18:00:00Z,70721,17.133794
17.01,17.49,16.73,1120,17.24,2022-06-14T19:00:00Z,123843,17.113686
15.74,16.425,15.64,400,16.355,2022-06-15T13:00:00Z,64738,15.809822
15.985,16.11,15.625,780,15.72,2022-06-15T14:00:00Z,84430,15.844205
15.47,16.1,15.44,760,15.96,2022-06-15T15:00:00Z,63779,15.824209
15.59,15.61,15.24,907,15.44,2022-06-15T16:00:00Z,128594,15.402655
15.66,15.82,15.55,567,15.6,2022-06-15T17:00:00Z,65526,15.672116
15.41,16.4,14.8,1280,15.66,2022-06-15T18:00:00Z,282948,15.228135
15.53,15.65,14.71,973,15.34,2022-06-15T19:00:00Z,118559,15.231176
15.27,15.27,15.27,1,15.27,2022-06-15T20:00:00Z,100,15.27
16.46,16.46,16.46,1,16.46,2022-06-16T12:00:00Z,100,16.46
16.88,16.92,16.51,232,16.71,2022-06-16T13:00:00Z,34916,16.752158
17.52,17.525,16.67,372,16.93,2022-06-16T14:00:00Z,69882,17.082189
17.36,17.6,17.14,331,17.6,2022-06-16T15:00:00Z,57811,17.417712
17.13,17.62,16.93,232,17.35,2022-06-16T16:00:00Z,41273,17.330246
17.015,17.09,16.585,249,17.025,2022-06-16T17:00:00Z,43626,16.78772
17.41,17.5,16.975,318,16.98,2022-06-16T18:00:00Z,58146,17.240101
16.97,17.48,16.895,466,17.425,2022-06-16T19:00:00Z,98315,17.218985
16.51,16.9,16.36,200,16.83,2022-06-17T13:00:00Z,25391,16.628174
16.98,17.27,16.47,405,16.47,2022-06-17T14:00:00Z,49488,16.952783
16.28,16.99,16.13,465,16.96,2022-06-17T15:00:00Z,50192,16.41118
16.41,16.48,16.04,523,16.36,2022-06-17T16:00:00Z,50797,16.227135
16.24,16.36,15.98,460,16.36,2022-06-17T17:00:00Z,45051,16.159597
16.17,16.37,15.95,557,16.2,2022-06-17T18:00:00Z,47662,16.180873
16.21,16.34,16.04,803,16.14,2022-06-17T19:00:00Z,70382,16.171439
16.17,16.17,16.17,1,16.17,2022-06-17T20:00:00Z,100,16.17
15.145,15.38,14.875,268,15.26,2022-06-21T13:00:00Z,37938,15.130517
15.205,15.37,15.065,608,15.14,2022-06-21T14:00:00Z,54190,15.208206
15.5,15.63,15.22,212,15.22,2022-06-21T15:00:00Z,24176,15.462327
15.075,15.48,15.05,208,15.44,2022-06-21T16:00:00Z,22052,15.299255
15.11,15.175,15.025,305,15.06,2022-06-21T17:00:00Z,32120,15.083576
15.3,15.32,15.03,438,15.16,2022-06-21T18:00:00Z,31179,15.191819
15.75,15.77,15.11,794,15.28,2022-06-21T19:00:00Z,72582,15.487541
15.65,16.23,15.52,306,16.19,2022-06-22T13:00:00Z,38113,15.794634
15.36,15.73,15.25,888,15.67,2022-06-22T14:00:00Z,82426,15.422015
15.55,15.56,15.31,711,15.35,2022-06-22T15:00:00Z,67963,15.415816
15.34,15.665,15.32,359,15.55,2022-06-22T16:00:00Z,32352,15.463586
15.22,15.43,15.15,151,15.34,2022-06-22T17:00:00Z,16827,15.244486
14.97,15.17,14.95,196,15.16,2022-06-22T18:00:00Z,24826,15.067202
14.88,15.045,14.75,471,14.935,2022-06-22T19:00:00Z,84333,14.950691
14.72,15.015,14.59,269,14.65,2022-06-23T13:00:00Z,35775,14.782807
14.69,14.94,14.62,498,14.74,2022-06-23T14:00:00Z,56329,14.745704
14.86,14.95,14.67,414,14.73,2022-06-23T15:00:00Z,37683,14.824094
15.22,15.235,14.9,376,14.9,2022-06-23T16:00:00Z,39759,15.041984
15.17,15.37,15.15,223,15.23,2022-06-23T17:00:00Z,28852,15.235531
15.22,15.25,15.09,88,15.17,2022-06-23T18:00:00Z,11984,15.160273
14.79,15.26,14.76,373,15.26,2022-06-23T19:00:00Z,58690,14.929256
14.37,14.43,14.28,141,14.36,2022-06-24T13:00:00Z,18580,14.364107
14.2,14.35,14.2,479,14.35,2022-06-24T14:00:00Z,69282,14.267431
14.145,14.32,14.11,705,14.18,2022-06-24T15:00:00Z,75991,14.205082
14.12,14.24,14.1,281,14.15,2022-06-24T16:00:00Z,34581,14.160793
14.12,14.21,14.1,141,14.15,2022-06-24T17:00:00Z,18114,14.148599
14.19,14.19,14.05,218,14.115,2022-06-24T18:00:00Z,25647,14.102193
14.39,14.43,14.19,253,14.2,2022-06-24T19:00:00Z,31912,14.307724
14.15,14.45,14.05,191,14.16,2022-06-27T13:00:00Z,28980,14.248242
13.77,14.12,13.73,337,14.105,2022-06-27T14:00:00Z,44034,13.948063
13.835,13.86,13.74,179,13.76,2022-06-27T15:00:00Z,22055,13.799615
13.815,14.04,13.78,139,13.81,2022-06-27T16:00:00Z,18072,13.916435
13.9,14.01,13.805,141,13.81,2022-06-27T17:00:00Z,16218,13.879117
13.72,13.93,13.7,255,13.89,2022-06-27T18:00:00Z,30974,13.771537
13.71,13.98,13.645,360,13.77,2022-06-27T19:00:00Z,50581,13.845489
13.41,13.5,13.28,182,13.475,2022-06-28T13:00:00Z,24620,13.379715
13.65,13.74,13.3,840,13.39,2022-06-28T14:00:00Z,79678,13.555103
13.985,14.04,13.44,663,13.65,2022-06-28T15:00:00Z,70047,13.785336
13.84,14.105,13.78,209,14.02,2022-06-28T16:00:00Z,30323,13.964125
14.09,14.16,13.86,375,13.88,2022-06-28T17:00:00Z,39670,14.022187
14.33,14.47,14.0,538,14.11,2022-06-28T18:00:00Z,47427,14.335722
14.265,14.385,14.12,297,14.29,2022-06-28T19:00:00Z,50768,14.246887
14.37,14.69,14.33,178,14.38,2022-06-29T13:00:00Z,26687,14.518011
14.38,14.53,14.25,529,14.42,2022-06-29T14:00:00Z,45896,14.388268
14.57,14.63,14.38,588,14.41,2022-06-29T15:00:00Z,42300,14.518392
14.68,14.83,14.55,467,14.55,2022-06-29T16:00:00Z,41263,14.694189
14.38,14.83,14.38,312,14.69,2022-06-29T17:00:00Z,30037,14.664011
14.37,14.42,14.26,309,14.4,2022-06-29T18:00:00Z,26358,14.331313
14.33,14.385,14.1,717,14.33,2022-06-29T19:00:00Z,62170,14.26793
15.17,15.25,14.67,310,14.79,2022-06-30T13:00:00Z,37938,15.031216
15.03,15.39,15.0,1184,15.18,2022-06-30T14:00:00Z,97104,15.227115
14.89,15.19,14.79,561,15.05,2022-06-30T15:00:00Z,54515,14.958171
14.58,15.0,14.535,369,14.9,2022-06-30T16:00:00Z,44512,14.717381
14.59,14.82,14.54,530,14.57,2022-06-30T17:00:00Z,41541,14.679879
14.81,14.84,14.56,652,14.59,2022-06-30T18:00:00Z,53723,14.701976
14.53,14.92,14.39,1068,14.78,2022-06-30T19:00:00Z,103293,14.654944
14.47,15.01,14.43,148,14.755,2022-07-01T13:00:00Z,21525,14.727127
14.89,15.115,14.39,425,14.43,2022-07-01T14:00:00Z,69246,14.82649
14.74,14.98,14.57,118,14.92,2022-07-01T15:00:00Z,18797,14.749415
14.54,14.83,14.45,124,14.7,2022-07-01T16:00:00Z,19472,14.633423
14.24,14.595,14.23,139,14.59,2022-07-01T17:00:00Z,21667,14.369138
14.03,14.27,14.0,122,14.24,2022-07-01T18:00:00Z,18171,14.142064
13.97,14.11,13.9,420,14.08,2022-07-01T19:00:00Z,52471,14.002135
14.98,15.16,14.705,265,14.76,2022-07-05T13:00:00Z,48777,14.964434
14.78,15.03,14.5,276,14.98,2022-07-05T14:00:00Z,38393,14.770933
14.71,15.04,14.66,229,14.88,2022-07-05T15:00:00Z,36970,14.877319
14.56,14.72,14.43,132,14.715,2022-07-05T16:00:00Z,16361,14.576243
14.33,14.58,14.27,151,14.54,2022-07-05T17:00:00Z,24973,14.375188
14.05,14.35,13.92,167,14.3,2022-07-05T18:00:00Z,54206,14.036766
13.99,14.14,13.94,164,14.07,2022-07-05T19:00:00Z,25820,14.026695
14.06,14.06,14.06,1,14.06,2022-07-06T12:00:00Z,203,14.06
14.09,14.235,13.99,145,14.045,2022-07-06T13:00:00Z,22666,14.102675
14.105,14.23,13.955,141,14.13,2022-07-06T14:00:00Z,21054,14.097949
14.18,14.34,14.105,107,14.17,2022-07-06T15:00:00Z,15230,14.222747
14.12,14.235,14.1,80,14.18,2022-07-06T16:00:00Z,15120,14.174551
13.97,14.09,13.96,52,14.09,2022-07-06T17:00:00Z,8765,14.025345
13.8,14.11,13.75,315,14.09,2022-07-06T18:00:00Z,51935,13.933173
13.66,13.885,13.53,333,13.78,2022-07-06T19:00:00Z,55426,13.6468
13.34,13.52,13.31,141,13.5,2022-07-07T13:00:00Z,19688,13.425859
13.23,13.47,13.22,430,13.335,2022-07-07T14:00:00Z,40642,13.337909
13.23,13.24,13.11,472,13.23,2022-07-07T15:00:00Z,51766,13.178301
13.33,13.335,13.21,293,13.22,2022-07-07T16:00:00Z,29363,13.272498
13.32,13.44,13.295,270,13.315,2022-07-07T17:00:00Z,29939,13.351792
13.22,13.32,13.2,341,13.32,2022-07-07T18:00:00Z,38469,13.265674
13.4,13.445,13.18,412,13.22,2022-07-07T19:00:00Z,57043,13.331043
13.33,13.44,13.1,172,13.44,2022-07-08T13:00:00Z,26484,13.274888
12.98,13.43,12.94,709,13.42,2022-07-08T14:00:00Z,92995,13.042244
13.02,13.08,12.9,403,12.98,2022-07-08T15:00:00Z,63397,12.973842
13.33,13.37,13.0,517,13.01,2022-07-08T16:00:00Z,46241,13.21909
13.025,13.39,13.0,376,13.345,2022-07-08T17:00:00Z,41937,13.214478
12.95,13.1,12.915,413,13.02,2022-07-08T18:00:00Z,51109,12.972249
12.98,13.07,12.84,480,12.945,2022-07-08T19:00:00Z,73191,12.933815
13.29,13.29,13.29,1,13.29,2022-07-11T12:00:00Z,300,13.29
13.33,13.44,13.19,247,13.3,2022-07-11T13:00:00Z,36440,13.306834
13.48,13.49,13.25,305,13.35,2022-07-11T14:00:00Z,47475,13.369443
13.43,13.58,13.39,276,13.49,2022-07-11T15:00:00Z,41522,13.462756
13.39,13.455,13.325,181,13.415,2022-07-11T16:00:00Z,24894,13.390762
13.22,13.395,13.16,105,13.39,2022-07-11T17:00:00Z,16531,13.246771
13.47,13.47,13.22,182,13.22,2022-07-11T18:00:00Z,33189,13.335456
13.53,13.68,13.46,366,13.49,2022-07-11T19:00:00Z,66597,13.573726
13.66,13.66,13.66,1,13.66,2022-07-12T12:00:00Z,200,13.66
13.36,13.56,13.33,138,13.56,2022-07-12T13:00:00Z,21228,13.42578
13.28,13.64,13.28,179,13.57,2022-07-12T14:00:00Z,25750,13.510027
13.24,13.38,13.21,274,13.31,2022-07-12T15:00:00Z,32788,13.305326
13.195,13.29,13.15,84,13.22,2022-07-12T16:00:00Z,15590,13.228966
13.21,13.29,13.13,85,13.15,2022-07-12T17:00:00Z,14369,13.237612
13.57,13.57,13.26,110,13.26,2022-07-12T18:00:00Z,21388,13.435205
13.675,13.94,13.58,484,13.58,2022-07-12T19:00:00Z,71722,13.786554
13.88,14.31,13.85,313,14.19,2022-07-13T13:00:00Z,49795,14.053283
13.52,14.14,13.47,998,13.9,2022-07-13T14:00:00Z,105142,13.876468
13.6,13.74,13.43,256,13.51,2022-07-13T15:00:00Z,41137,13.609587
13.5,13.62,13.46,159,13.6,2022-07-13T16:00:00Z,22321,13.551932
13.41,13.585,13.38,139,13.49,2022-07-13T17:00:00Z,18286,13.469323
13.25,13.66,13.25,192,13.52,2022-07-13T18:00:00Z,29175,13.424642
13.41,13.46,13.22,253,13.22,2022-07-13T19:00:00Z,36071,13.372967
14.18,14.265,13.985,377,14.01,2022-07-14T13:00:00Z,60999,14.124153
14.26,14.36,14.1,424,14.2,2022-07-14T14:00:00Z,74931,14.26329
13.86,14.23,13.85,305,14.23,2022-07-14T15:00:00Z,53496,14.053775
13.99,14.1,13.8,204,13.84,2022-07-14T16:00:00Z,37641,13.915395
13.855,14.09,13.78,161,14.0,2022-07-14T17:00:00Z,27715,13.922438
13.48,13.85,13.47,276,13.82,2022-07-14T18:00:00Z,45367,13.61579
13.46,13.615,13.39,374,13.47,2022-07-14T19:00:00Z,53209,13.483953
13.02,13.16,12.86,265,13.02,2022-07-15T13:00:00Z,50349,12.96762
12.73,13.01,12.715,315,13.01,2022-07-15T14:00:00Z,47453,12.830978
12.6,12.76,12.565,367,12.725,2022-07-15T15:00:00Z,42770,12.678131
12.54,12.655,12.5,536,12.61,2022-07-15T16:00:00Z,61116,12.586116
12.62,12.63,12.45,389,12.535,2022-07-15T17:00:00Z,40479,12.525806
12.51,12.695,12.5,361,12.62,2022-07-15T18:00:00Z,34453,12.584679
12.45,12.54,12.4,835,12.51,2022-07-15T19:00:00Z,76650,12.475014
12.4,12.44,12.175,258,12.32,2022-07-18T13:00:00Z,40747,12.33142
12.53,12.59,12.39,487,12.39,2022-07-18T14:00:00Z,64379,12.519645
12.525,12.59,12.44,274,12.54,2022-07-18T15:00:00Z,34797,12.51083
12.68,12.69,12.51,135,12.52,2022-07-18T16:00:00Z,18603,12.575703
12.99,13.04,12.62,346,12.68,2022-07-18T17:00:00Z,51638,12.770494
12.99,13.04,12.85,368,13.01,2022-07-18T18:00:00Z,56270,12.955446
12.96,13.115,12.78,393,12.99,2022-07-18T19:00:00Z,66141,12.95153
12.45,12.57,12.36,271,12.57,2022-07-19T13:00:00Z,48145,12.448909
12.43,12.54,12.35,232,12.45,2022-07-19T14:00:00Z,46204,12.422396
12.36,12.5,12.325,240,12.42,2022-07-19T15:00:00Z,46406,12.410522
12.45,12.46,12.35,93,12.36,2022-07-19T16:00:00Z,17371,12.401569
12.5,12.59,12.465,161,12.49,2022-07-19T17:00:00Z,27894,12.521452
12.54,12.585,12.46,246,12.5,2022-07-19T18:00:00Z,30039,12.506848
12.7,12.71,12.42,490,12.54,2022-07-19T19:00:00Z,69954,12.57452
12.515,12.59,12.39,315,12.55,2022-07-20T13:00:00Z,35811,12.47967
12.26,12.54,12.2,620,12.54,2022-07-20T14:00:00Z,79124,12.342067
12.385,12.48,12.23,588,12.23,2022-07-20T15:00:00Z,62109,12.40186
12.43,12.52,12.31,331,12.38,2022-07-20T16:00:00Z,38514,12.400271
12.56,12.665,12.45,667,12.46,2022-07-20T17:00:00Z,57191,12.548471
12.33,12.64,12.3,494,12.56,2022-07-20T18:00:00Z,57853,12.437993
12.21,12.35,12.155,673,12.33,2022-07-20T19:00:00Z,159318,12.259804
12.13,12.35,12.1,267,12.24,2022-07-21T13:00:00Z,32922,12.203852
12.11,12.475,12.04,1197,12.13,2022-07-21T14:00:00Z,134273,12.292053
12.03,12.18,12.0,280,12.11,2022-07-21T15:00:00Z,39875,12.078568
12.0,12.04,11.91,445,12.04,2022-07-21T16:00:00Z,61363,11.982054
11.96,12.13,11.945,481,11.995,2022-07-21T17:00:00Z,59688,12.041047
11.94,11.975,11.865,289,11.95,2022-07-21T18:00:00Z,61510,11.915145
11.82,11.945,11.8,482,11.94,2022-07-21T19:00:00Z,75363,11.854673
11.9,11.9,11.64,444,11.79,2022-07-22T13:00:00Z,76473,11.727626
11.67,11.965,11.67,658,11.91,2022-07-22T14:00:00Z,74562,11.788039
11.94,12.08,11.62,430,11.66,2022-07-22T15:00:00Z,56073,11.876769
12.015,12.11,11.92,288,11.955,2022-07-22T16:00:00Z,53757,12.034905
12.015,12.22,11.995,139,12.03,2022-07-22T17:00:00Z,28365,12.091411
11.96,12.2,11.93,151,11.995,2022-07-22T18:00:00Z,28695,12.056546
11.69,11.98,11.66,407,11.97,2022-07-22T19:00:00Z,61808,11.811154
11.46,11.76,11.42,224,11.66,2022-07-25T13:00:00Z,35530,11.535742
11.48,11.645,11.34,777,11.45,2022-07-25T14:00:00Z,83088,11.485383
11.57,11.64,11.47,239,11.5,2022-07-25T15:00:00Z,28368,11.550174
11.46,11.655,11.44,67,11.59,2022-07-25T16:00:00Z,12466,11.518777
11.57,11.59,11.42,106,11.46,2022-07-25T17:00:00Z,18165,11.484092
11.64,11.665,11.57,73,11.58,2022-07-25T18:00:00Z,12132,11.61407
11.5,11.75,11.47,151,11.62,2022-07-25T19:00:00Z,24340,11.629334
11.77,11.79,11.64,249,11.695,2022-07-26T13:00:00Z,74569,11.722888
11.85,11.91,11.71,344,11.78,2022-07-26T14:00:00Z,78390,11.82092
12.11,12.17,11.81,574,11.84,2022-07-26T15:00:00Z,71812,12.038752
11.85,12.17,11.835,563,12.14,2022-07-26T16:00:00Z,70399,12.006271
11.88,11.91,11.76,105,11.83,2022-07-26T17:00:00Z,21317,11.843698
12.02,12.09,11.79,202,11.885,2022-07-26T18:00:00Z,45673,12.002026
11.9,12.08,11.815,414,12.03,2022-07-26T19:00:00Z,100170,11.902742
11.92,11.92,11.92,1,11.92,2022-07-26T20:00:00Z,800,11.92
11.38,11.52,11.35,216,11.48,2022-07-27T13:00:00Z,48059,11.41926
11.325,11.48,11.32,242,11.42,2022-07-27T14:00:00Z,53275,11.376312
11.22,11.35,11.2,239,11.325,2022-07-27T15:00:00Z,53235,11.25186
11.34,11.395,11.23,308,11.23,2022-07-27T16:00:00Z,48727,11.307121
11.26,11.37,11.235,194,11.32,2022-07-27T17:00:00Z,25435,11.292619
11.23,11.32,10.98,711,11.26,2022-07-27T18:00:00Z,90384,11.146143
11.29,11.31,11.07,778,11.205,2022-07-27T19:00:00Z,101442,11.201805
11.23,11.33,11.04,138,11.09,2022-07-28T13:00:00Z,29521,11.175458
11.0,11.28,10.99,242,11.2,2022-07-28T14:00:00Z,42837,11.143501
10.79,11.01,10.77,376,11.0,2022-07-28T15:00:00Z,81026,10.853066
10.695,10.84,10.69,143,10.79,2022-07-28T16:00:00Z,28643,10.785053
10.505,10.74,10.5,191,10.72,2022-07-28T17:00:00Z,42292,10.618274
10.58,10.61,10.53,182,10.55,2022-07-28T18:00:00Z,29761,10.573917
10.5,10.68,10.46,370,10.595,2022-07-28T19:00:00Z,52672,10.592475
10.265,10.41,10.21,243,10.39,2022-07-29T13:00:00Z,38674,10.295593
10.335,10.385,10.24,559,10.29,2022-07-29T14:00:00Z,72967,10.304379
10.4,10.56,10.325,326,10.345,2022-07-29T15:00:00Z,58659,10.454001
10.38,10.45,10.31,133,10.4,2022-07-29T16:00:00Z,24176,10.371127
10.33,10.36,10.29,71,10.36,2022-07-29T17:00:00Z,8349,10.320304
10.42,10.44,10.33,124,10.33,2022-07-29T18:00:00Z,19774,10.385035
10.33,10.44,10.24,427,10.42,2022-07-29T19:00:00Z,97768,10.32244
10.45,10.68,10.35,175,10.58,2022-08-01T13:00:00Z,34049,10.517909
10.495,10.53,10.345,344,10.44,2022-08-01T14:00:00Z,57998,10.445473
10.52,10.61,10.495,356,10.495,2022-08-01T15:00:00Z,60623,10.535501
10.54,10.58,10.49,173,10.515,2022-08-01T16:00:00Z,40298,10.520659
10.77,10.86,10.53,390,10.56,2022-08-01T17:00:00Z,65963,10.718046
10.78,10.86,10.72,311,10.77,2022-08-01T18:00:00Z,57056,10.778509
10.82,10.895,10.64,287,10.775,2022-08-01T19:00:00Z,59147,10.79467
11.19,11.25,10.94,184,11.03,2022-08-02T13:00:00Z,36753,11.119272
10.755,11.33,10.7,599,11.2,2022-08-02T14:00:00Z,118602,10.977666
10.6,10.82,10.53,288,10.74,2022-08-02T15:00:00Z,56736,10.681889
10.53,10.595,10.47,145,10.595,2022-08-02T16:00:00Z,27690,10.51979
10.97,11.03,10.55,293,10.55,2022-08-02T17:00:00Z,64978,10.840949
10.91,11.01,10.81,182,10.98,2022-08-02T18:00:00Z,33423,10.90161
11.01,11.07,10.855,362,10.91,2022-08-02T19:00:00Z,73585,10.978847
10.66,10.725,10.66,91,10.67,2022-08-03T13:00:00Z,16083,10.683341
10.42,10.7,10.41,222,10.67,2022-08-03T14:00:00Z,39502,10.547812
10.41,10.42,10.31,189,10.42,2022-08-03T15:00:00Z,36087,10.361797
10.25,10.39,10.25,84,10.385,2022-08-03T16:00:00Z,17784,10.311358
10.26,10.31,10.255,84,10.255,2022-08-03T17:00:00Z,20653,10.277888
10.26,10.29,10.22,117,10.26,2022-08-03T18:00:00Z,18068,10.254487
10.19,10.28,10.12,322,10.25,2022-08-03T19:00:00Z,63544,10.192545
10.38,10.395,10.28,113,10.34,2022-08-04T13:00:00Z,20387,10.347519
10.47,10.57,10.33,212,10.4,2022-08-04T14:00:00Z,43280,10.49552
10.395,10.55,10.395,153,10.46,2022-08-04T15:00:00Z,22815,10.469423
10.49,10.5,10.38,72,10.43,2022-08-04T16:00:00Z,13045,10.432725
10.37,10.49,10.33,107,10.49,2022-08-04T17:00:00Z,22197,10.385166
10.32,10.43,10.3,92,10.38,2022-08-04T18:00:00Z,20200,10.358777
10.24,10.37,10.215,203,10.31,2022-08-04T19:00:00Z,43139,10.287698
10.26,10.56,10.22,289,10.56,2022-08-05T13:00:00Z,57687,10.357722
10.11,10.29,10.09,484,10.27,2022-08-05T14:00:00Z,82525,10.143548
10.27,10.41,10.11,261,10.11,2022-08-05T15:00:00Z,50528,10.262539
10.12,10.27,10.11,142,10.25,2022-08-05T16:00:00Z,31211,10.201433
10.1,10.13,10.01,148,10.13,2022-08-05T17:00:00Z,37523,10.053938
10.1,10.17,10.065,95,10.08,2022-08-05T18:00:00Z,15621,10.121094
9.9,10.1,9.845,371,10.1,2022-08-05T19:00:00Z,80109,9.983114
9.82,9.89,9.75,245,9.89,2022-08-08T13:00:00Z,57579,9.810543
9.59,9.84,9.59,320,9.81,2022-08-08T14:00:00Z,53215,9.714916
9.83,9.9,9.5,380,9.57,2022-08-08T15:00:00Z,59236,9.66012
9.92,10.04,9.79,431,9.84,2022-08-08T16:00:00Z,64359,9.941623
9.9,9.97,9.815,310,9.94,2022-08-08T17:00:00Z,36253,9.908934
10.1,10.16,9.92,209,9.92,2022-08-08T18:00:00Z,34617,10.065482
9.92,10.1,9.91,551,10.09,2022-08-08T19:00:00Z,80711,10.010642
10.14,10.18,10.01,122,10.135,2022-08-09T13:00:00Z,23105,10.112859
10.09,10.23,10.04,136,10.13,2022-08-09T14:00:00Z,28758,10.142258
10.105,10.265,10.06,75,10.165,2022-08-09T15:00:00Z,13018,10.116956
10.11,10.18,10.075,74,10.08,2022-08-09T16:00:00Z,11737,10.135823
10.06,10.135,9.99,59,10.095,2022-08-09T17:00:00Z,9706,10.0491
9.95,10.12,9.935,79,10.02,2022-08-09T18:00:00Z,20190,10.005319
10.06,10.07,9.9,191,9.95,2022-08-09T19:00:00Z,35838,9.994064
9.46,9.57,9.45,164,9.515,2022-08-10T13:00:00Z,30505,9.498811
9.34,9.48,9.295,504,9.47,2022-08-10T14:00:00Z,70814,9.393969
9.3,9.345,9.275,312,9.34,2022-08-10T15:00:00Z,60662,9.306136
9.26,9.35,9.25,112,9.285,2022-08-10T16:00:00Z,22605,9.28163
9.2,9.305,9.19,149,9.27,2022-08-10T17:00:00Z,31793,9.243121
9.32,9.325,9.16,120,9.2,2022-08-10T18:00:00Z,19776,9.226164
9.15,9.33,9.115,355,9.32,2022-08-10T19:00:00Z,76245,9.166301
9.14,9.18,9.09,78,9.11,2022-08-11T13:00:00Z,16905,9.141009
9.08,9.155,9.04,263,9.13,2022-08-11T14:00:00Z,59818,9.093552
9.235,9.255,9.08,173,9.085,2022-08-11T15:00:00Z,36094,9.176345
9.27,9.36,9.24,148,9.28,2022-08-11T16:00:00Z,39170,9.287303
9.335,9.34,9.195,124,9.265,2022-08-11T17:00:00Z,24087,9.261853
9.42,9.55,9.35,177,9.35,2022-08-11T18:00:00Z,39617,9.439026
9.27,9.45,9.215,401,9.41,2022-08-11T19:00:00Z,82386,9.338767
9.1,9.25,9.09,151,9.15,2022-08-12T13:00:00Z,32517,9.17789
8.9,9.18,8.9,343,9.1,2022-08-12T14:00:00Z,53033,9.024284
8.9,8.93,8.87,147,8.9,2022-08-12T15:00:00Z,27357,8.902085
8.85,8.91,8.8,118,8.91,2022-08-12T16:00:00Z,21899,8.844285
8.89,8.89,8.85,88,8.85,2022-08-12T17:00:00Z,15314,8.86744
8.895,8.9,8.855,147,8.88,2022-08-12T18:00:00Z,32505,8.872377
9.13,9.16,8.89,397,8.89,2022-08-12T19:00:00Z,73315,8.996257
9.06,9.28,9.03,89,9.28,2022-08-15T13:00:00Z,19748,9.125654
9.0,9.13,8.99,345,9.06,2022-08-15T14:00:00Z,51889,9.085532
8.84,9.03,8.84,353,9.005,2022-08-15T15:00:00Z,56295,8.938146
8.91,8.91,8.81,168,8.82,2022-08-15T16:00:00Z,34548,8.860638
8.9,8.935,8.865,100,8.91,2022-08-15T17:00:00Z,18372,8.908126
8.99,8.99,8.93,105,8.93,2022-08-15T18:00:00Z,19435,8.958519
8.91,9.0,8.87,229,8.985,2022-08-15T19:00:00Z,42584,8.944765
8.95,9.04,8.84,149,8.935,2022-08-16T13:00:00Z,39129,8.949821
9.045,9.11,8.96,695,8.96,2022-08-16T14:00:00Z,100097,9.034398
8.965,9.065,8.935,191,9.05,2022-08-16T15:00:00Z,38731,8.992725
8.99,9.005,8.92,121,8.975,2022-08-16T16:00:00Z,20321,8.966835
8.95,8.995,8.93,121,8.995,2022-08-16T17:00:00Z,23835,8.953427
9.05,9.1,8.94,204,8.945,2022-08-16T18:00:00Z,47659,9.028715
8.99,9.135,8.96,233,9.05,2022-08-16T19:00:00Z,65336,9.023102
9.0,9.13,8.99,138,9.09,2022-08-17T13:00:00Z,37489,9.027843
9.25,9.25,8.93,293,9.0,2022-08-17T14:00:00Z,70188,9.113072
9.25,9.275,9.1,187,9.23,2022-08-17T15:00:00Z,30575,9.181722
9.1,9.24,9.07,121,9.24,2022-08-17T16:00:00Z,26057,9.158824
9.05,9.14,9.0,129,9.11,2022-08-17T17:00:00Z,36229,9.050533
8.885,9.03,8.77,234,9.01,2022-08-17T18:00:00Z,60073,8.881978
8.93,9.065,8.875,227,8.905,2022-08-17T19:00:00Z,33493,8.96026
9.02,9.02,8.86,52,8.93,2022-08-18T13:00:00Z,9277,8.961128
8.82,9.06,8.8,322,9.03,2022-08-18T14:00:00Z,70468,8.900857
8.79,8.82,8.76,87,8.82,2022-08-18T15:00:00Z,21859,8.790124
8.86,8.91,8.73,249,8.79,2022-08-18T16:00:00Z,50323,8.805575
8.81,8.875,8.735,117,8.85,2022-08-18T17:00:00Z,31230,8.798722
8.79,8.845,8.78,86,8.83,2022-08-18T18:00:00Z,23867,8.812997
8.765,8.79,8.71,366,8.79,2022-08-18T19:00:00Z,64788,8.745711
9.27,9.31,8.95,498,8.97,2022-08-19T13:00:00Z,121271,9.082064
9.49,9.5,9.17,606,9.3,2022-08-19T14:00:00Z,104758,9.296368
9.365,9.61,9.34,314,9.49,2022-08-19T15:00:00Z,86527,9.497838
9.25,9.45,9.25,128,9.4,2022-08-19T16:00:00Z,27245,9.343312
9.39,9.48,9.22,225,9.27,2022-08-19T17:00:00Z,52254,9.343201
9.48,9.53,9.36,189,9.41,2022-08-19T18:00:00Z,35711,9.462612
9.37,9.56,9.31,416,9.45,2022-08-19T19:00:00Z,88878,9.398081
9.9,10.11,9.9,392,10.03,2022-08-22T13:00:00Z,81901,9.987588
10.07,10.145,9.92,349,9.94,2022-08-22T14:00:00Z,67213,10.023535
9.87,10.08,9.83,211,10.07,2022-08-22T15:00:00Z,46133,9.945114
9.93,10.0,9.85,132,9.88,2022-08-22T16:00:00Z,20924,9.936179
10.13,10.13,9.92,163,9.92,2022-08-22T17:00:00Z,32561,10.067152
10.275,10.31,10.145,295,10.145,2022-08-22T18:00:00Z,58213,10.220145
10.27,10.35,10.11,691,10.27,2022-08-22T19:00:00Z,157689,10.217932
10.04,10.295,9.98,143,10.195,2022-08-23T13:00:00Z,25653,10.146146
10.015,10.075,9.77,480,10.06,2022-08-23T14:00:00Z,84362,9.881535
10.06,10.09,9.92,198,9.99,2022-08-23T15:00:00Z,29551,10.004443
9.99,10.185,9.99,216,10.065,2022-08-23T16:00:00Z,27788,10.09649
9.97,10.07,9.9,129,9.99,2022-08-23T17:00:00Z,14358,9.967228
9.915,10.0,9.83,243,9.98,2022-08-23T18:00:00Z,31984,9.925552
10.04,10.04,9.79,412,9.9,2022-08-23T19:00:00Z,57819,9.881122
9.835,9.98,9.77,127,9.92,2022-08-24T13:00:00Z,21068,9.842693
9.79,9.885,9.7,210,9.84,2022-08-24T14:00:00Z,38118,9.782386
9.53,9.72,9.5,280,9.7,2022-08-24T15:00:00Z,47579,9.582706
9.63,9.68,9.51,106,9.52,2022-08-24T16:00:00Z,22630,9.59732
9.62,9.66,9.56,62,9.6,2022-08-24T17:00:00Z,12857,9.597174
9.53,9.63,9.5,78,9.59,2022-08-24T18:00:00Z,10836,9.547821
9.5,9.535,9.435,181,9.535,2022-08-24T19:00:00Z,31758,9.493787
9.31,9.52,9.3,110,9.4,2022-08-25T13:00:00Z,21649,9.418088
9.2,9.32,9.13,229,9.29,2022-08-25T14:00:00Z,46332,9.200553
9.33,9.4,9.19,258,9.19,2022-08-25T15:00:00Z,46385,9.298459
9.33,9.41,9.325,197,9.325,2022-08-25T16:00:00Z,30374,9.355684
9.2,9.34,9.18,159,9.33,2022-08-25T17:00:00Z,23386,9.245769
9.16,9.24,9.155,74,9.2,2022-08-25T18:00:00Z,20784,9.202764
9.09,9.175,9.04,281,9.16,2022-08-25T19:00:00Z,59701,9.111077
9.1,9.27,9.1,63,9.16,2022-08-26T13:00:00Z,20277,9.195033
9.55,9.7,9.03,420,9.14,2022-08-26T14:00:00Z,109427,9.372329
9.82,9.88,9.61,251,9.63,2022-08-26T15:00:00Z,54936,9.773321
9.91,10.11,9.84,243,9.84,2022-08-26T16:00:00Z,48394,10.008614
10.03,10.06,9.86,109,9.93,2022-08-26T17:00:00Z,29693,9.968193
10.26,10.275,10.01,228,10.02,2022-08-26T18:00:00Z,39456,10.180977
10.41,10.47,10.22,928,10.25,2022-08-26T19:00:00Z,154244,10.360346
10.59,10.7,10.47,869,10.635,2022-08-29T13:00:00Z,191468,10.631605
10.67,10.7,10.445,632,10.595,2022-08-29T14:00:00Z,103427,10.585987
10.4,10.65,10.37,278,10.64,2022-08-29T15:00:00Z,55697,10.517027
10.27,10.41,10.23,192,10.365,2022-08-29T16:00:00Z,39190,10.30755
10.23,10.3,10.14,125,10.26,2022-08-29T17:00:00Z,21139,10.217991
10.25,10.36,10.17,128,10.24,2022-08-29T18:00:00Z,27181,10.261881
10.31,10.345,10.175,845,10.24,2022-08-29T19:00:00Z,134454,10.242713
10.26,10.29,10.13,668,10.17,2022-08-30T13:00:00Z,151718,10.197197
10.55,10.815,10.26,642,10.285,2022-08-30T14:00:00Z,110664,10.553196
10.4,10.595,10.38,338,10.56,2022-08-30T15:00:00Z,44977,10.483421
10.65,10.75,10.33,366,10.4,2022-08-30T16:00:00Z,105858,10.517321
10.64,10.79,10.57,247,10.645,2022-08-30T17:00:00Z,44798,10.684487
10.72,10.76,10.535,149,10.615,2022-08-30T18:00:00Z,24241,10.645168
10.565,10.71,10.415,316,10.71,2022-08-30T19:00:00Z,50249,10.533014
10.11,10.32,10.0,141,10.21,2022-08-31T13:00:00Z,25215,10.160566
10.22,10.27,10.09,151,10.12,2022-08-31T14:00:00Z,22973,10.164803
10.23,10.385,10.21,185,10.23,2022-08-31T15:00:00Z,28628,10.295964
10.26,10.33,10.21,92,10.21,2022-08-31T16:00:00Z,19742,10.266931
10.37,10.45,10.17,104,10.27,2022-08-31T17:00:00Z,17545,10.322551
10.36,10.47,10.26,166,10.34,2022-08-31T18:00:00Z,28756,10.348331
10.24,10.355,10.04,425,10.35,2022-08-31T19:00:00Z,98386,10.186251
10.52,10.54,10.39,203,10.5,2022-09-01T13:00:00Z,37551,10.468016
10.85,10.85,10.45,503,10.45,2022-09-01T14:00:00Z,117506,10.653918
10.84,10.89,10.68,343,10.85,2022-09-01T15:00:00Z,65421,10.786786
10.86,10.92,10.68,192,10.8,2022-09-01T16:00:00Z,47092,10.794203
10.64,10.87,10.55,158,10.86,2022-09-01T17:00:00Z,20225,10.658284
10.31,10.59,10.26,279,10.59,2022-09-01T18:00:00Z,44538,10.344496
10.13,10.37,10.08,672,10.29,2022-09-01T19:00:00Z,102342,10.196412
9.715,9.75,9.58,188,9.6,2022-09-02T13:00:00Z,30422,9.688151
9.51,9.775,9.405,628,9.705,2022-09-02T14:00:00Z,122832,9.522903
9.465,9.57,9.445,191,9.51,2022-09-02T15:00:00Z,40743,9.509982
9.97,10.0,9.465,297,9.465,2022-09-02T16:00:00Z,52898,9.80495
10.395,10.425,10.0,414,10.0,2022-09-02T17:00:00Z,61452,10.229719
10.38,10.46,10.25,312,10.39,2022-09-02T18:00:00Z,35910,10.350247
10.245,10.49,10.19,636,10.4,2022-09-02T19:00:00Z,72614,10.355449
9.87,9.89,9.87,3,9.89,2022-09-06T12:00:00Z,300,9.883333
10.21,10.33,9.87,278,9.89,2022-09-06T13:00:00Z,59674,10.048028
10.29,10.66,10.22,418,10.22,2022-09-06T14:00:00Z,70248,10.463889
10.16,10.31,10.08,147,10.31,2022-09-06T15:00:00Z,30370,10.165224
10.36,10.45,10.18,51,10.18,2022-09-06T16:00:00Z,11283,10.337428
10.53,10.66,10.38,124,10.39,2022-09-06T17:00:00Z,23886,10.588097
10.6,10.65,10.33,120,10.52,2022-09-06T18:00:00Z,24224,10.500749
10.61,10.655,10.4,232,10.58,2022-09-06T19:00:00Z,36233,10.548645
10.67,10.67,10.67,1,10.67,2022-09-06T20:00:00Z,100,10.67
10.69,10.76,10.65,38,10.65,2022-09-07T12:00:00Z,5239,10.733385
10.395,10.7,10.32,383,10.68,2022-09-07T13:00:00Z,130423,10.387041
10.165,10.48,10.14,242,10.45,2022-09-07T14:00:00Z,44999,10.277578
10.1,10.22,10.055,139,10.17,2022-09-07T15:00:00Z,17429,10.117895
10.03,10.27,10.01,163,10.1,2022-09-07T16:00:00Z,20658,10.128358
9.89,10.03,9.86,77,10.02,2022-09-07T17:00:00Z,9306,9.951841
9.84,9.87,9.74,102,9.85,2022-09-07T18:00:00Z,19385,9.813514
9.73,9.82,9.69,243,9.8,2022-09-07T19:00:00Z,56069,9.736419
9.95,9.98,9.76,31,9.76,2022-09-08T12:00:00Z,2884,9.892143
9.78,10.09,9.71,220,9.95,2022-09-08T13:00:00Z,46559,9.929419
9.61,9.89,9.6,217,9.76,2022-09-08T14:00:00Z,35945,9.711731
9.59,9.65,9.55,161,9.62,2022-09-08T15:00:00Z,29783,9.58925
9.65,9.91,9.58,263,9.58,2022-09-08T16:00:00Z,42809,9.755965
9.58,9.7,9.53,191,9.67,2022-09-08T17:00:00Z,26985,9.577584
9.63,9.73,9.57,122,9.57,2022-09-08T18:00:00Z,13379,9.618958
9.48,9.68,9.46,307,9.615,2022-09-08T19:00:00Z,46379,9.554827
9.22,9.32,9.21,26,9.29,2022-09-09T12:00:00Z,1955,9.269333
9.16,9.26,9.11,629,9.26,2022-09-09T13:00:00Z,173203,9.147271
9.28,9.29,9.15,467,9.17,2022-09-09T14:00:00Z,85848,9.202611
9.27,9.345,9.165,327,9.275,2022-09-09T15:00:00Z,43278,9.257528
9.21,9.33,9.21,194,9.285,2022-09-09T16:00:00Z,24979,9.270683
9.27,9.27,9.18,66,9.23,2022-09-09T17:00:00Z,12978,9.219638
9.305,9.34,9.26,42,9.29,2022-09-09T18:00:00Z,12630,9.292298
9.35,9.35,9.25,134,9.305,2022-09-09T19:00:00Z,34047,9.304974
9.12,9.16,9.12,24,9.13,2022-09-12T12:00:00Z,2165,9.143158
8.98,9.14,8.98,153,9.13,2022-09-12T13:00:00Z,34404,9.025103
9.23,9.24,8.98,185,8.99,2022-09-12T14:00:00Z,42726,9.091144
9.35,9.35,9.19,62,9.24,2022-09-12T15:00:00Z,18277,9.261906
9.21,9.32,9.16,80,9.32,2022-09-12T16:00:00Z,23591,9.219265
9.2,9.28,9.16,60,9.27,2022-09-12T17:00:00Z,11770,9.22973
9.43,9.43,9.24,102,9.27,2022-09-12T18:00:00Z,27154,9.363491
9.27,9.45,9.26,183,9.43,2022-09-12T19:00:00Z,42145,9.355336
9.86,9.86,9.13,147,9.14,2022-09-13T12:00:00Z,17758,9.749687
10.035,10.035,9.7,451,9.91,2022-09-13T13:00:00Z,102448,9.834317
10.11,10.19,9.995,746,10.04,2022-09-13T14:00:00Z,115828,10.075438
10.16,10.17,9.97,377,10.1,2022-09-13T15:00:00Z,68551,10.076058
9.99,10.18,9.95,121,10.18,2022-09-13T16:00:00Z,22535,10.017062
10.03,10.05,9.88,127,10.05,2022-09-13T17:00:00Z,27309,9.968416
10.275,10.345,10.03,130,10.03,2022-09-13T18:00:00Z,37145,10.191791
10.535,10.72,10.22,834,10.265,2022-09-13T19:00:00Z,217531,10.527149
10.49,10.69,10.49,35,10.69,2022-09-14T12:00:00Z,3083,10.5825
10.44,10.66,10.42,255,10.46,2022-09-14T13:00:00Z,55021,10.546371
10.39,10.76,10.38,263,10.44,2022-09-14T14:00:00Z,52044,10.580204
10.38,10.47,10.345,128,10.38,2022-09-14T15:00:00Z,26726,10.395172
10.35,10.52,10.32,88,10.44,2022-09-14T16:00:00Z,23733,10.441978
10.51,10.56,10.33,55,10.34,2022-09-14T17:00:00Z,14150,10.428889
10.565,10.6,10.47,74,10.55,2022-09-14T18:00:00Z,13224,10.551492
10.47,10.7,10.36,199,10.56,2022-09-14T19:00:00Z,38128,10.54175
10.26,10.42,10.26,21,10.4,2022-09-15T12:00:00Z,1820,10.3375
10.18,10.54,10.165,215,10.35,2022-09-15T13:00:00Z,51426,10.384846
10.46,10.48,10.05,199,10.16,2022-09-15T14:00:00Z,50499,10.276997
10.47,10.5,10.31,69,10.475,2022-09-15T15:00:00Z,21030,10.422755
10.35,10.53,10.34,61,10.46,2022-09-15T16:00:00Z,13770,10.439081
10.24,10.31,10.14,99,10.31,2022-09-15T17:00:00Z,21091,10.197573
10.36,10.37,10.23,67,10.27,2022-09-15T18:00:00Z,20686,10.322901
10.41,10.565,10.395,317,10.4,2022-09-15T19:00:00Z,68173,10.481584
10.87,10.87,10.7,48,10.7,2022-09-16T12:00:00Z,4484,10.802558
11.16,11.19,10.8,235,10.88,2022-09-16T13:00:00Z,48329,11.012931
10.96,11.14,10.8,142,11.12,2022-09-16T14:00:00Z,24682,10.961835
10.78,11.04,10.78,126,10.97,2022-09-16T15:00:00Z,23582,10.913327
10.82,11.0,10.78,189,10.79,2022-09-16T16:00:00Z,45472,10.889087
10.89,10.97,10.82,91,10.85,2022-09-16T17:00:00Z,14389,10.891327
10.54,10.9,10.53,126,10.87,2022-09-16T18:00:00Z,17401,10.706263
10.41,10.6,10.33,233,10.54,2022-09-16T19:00:00Z,46837,10.497465
10.37,10.69,10.3,79,10.69,2022-09-19T13:00:00Z,17320,10.412763
10.29,10.42,10.2,95,10.405,2022-09-19T14:00:00Z,20687,10.287068
10.26,10.42,10.24,79,10.28,2022-09-19T15:00:00Z,14609,10.306487
10.05,10.29,10.05,66,10.23,2022-09-19T16:00:00Z,14550,10.173708
10.08,10.14,10.07,33,10.09,2022-09-19T17:00:00Z,4462,10.101613
10.01,10.155,10.0,97,10.11,2022-09-19T18:00:00Z,28668,10.081211
9.95,10.01,9.84,300,10.01,2022-09-19T19:00:00Z,65357,9.904012
9.97,9.97,9.97,1,9.97,2022-09-19T20:00:00Z,100,9.97
10.17,10.19,10.1,27,10.14,2022-09-20T12:00:00Z,2537,10.160435
10.335,10.42,10.18,222,10.18,2022-09-20T13:00:00Z,77718,10.338395
10.2,10.4,10.18,231,10.35,2022-09-20T14:00:00Z,81919,10.298366
10.14,10.28,10.14,68,10.2,2022-09-20T15:00:00Z,14104,10.231808
10.36,10.4,10.18,81,10.18,2022-09-20T16:00:00Z,20671,10.322729
10.62,10.62,10.36,102,10.36,2022-09-20T17:00:00Z,25937,10.459209
10.415,10.61,10.41,206,10.61,2022-09-20T18:00:00Z,49249,10.502235
10.44,10.51,10.355,396,10.44,2022-09-20T19:00:00Z,94898,10.436431
10.27,10.27,10.18,33,10.23,2022-09-21T12:00:00Z,2950,10.226154
10.285,10.3,10.16,177,10.23,2022-09-21T13:00:00Z,52475,10.222766
10.225,10.32,10.115,374,10.3,2022-09-21T14:00:00Z,69481,10.191335
10.12,10.275,10.11,243,10.22,2022-09-21T15:00:00Z,26221,10.177047
10.21,10.21,10.11,107,10.13,2022-09-21T16:00:00Z,10796,10.148267
10.065,10.25,10.045,102,10.23,2022-09-21T17:00:00Z,24899,10.111478
10.05,10.55,9.91,798,10.12,2022-09-21T18:00:00Z,150144,10.286743
10.92,10.92,10.01,612,10.01,2022-09-21T19:00:00Z,112787,10.484035
10.58,10.78,10.58,31,10.72,2022-09-22T12:00:00Z,2851,10.681482
11.06,11.15,10.66,193,10.66,2022-09-22T13:00:00Z,33296,11.023593
11.05,11.165,10.84,398,11.08,2022-09-22T14:00:00Z,76385,10.975047
10.92,11.09,10.85,143,11.09,2022-09-22T15:00:00Z,35971,10.948582
10.95,11.0,10.82,130,10.93,2022-09-22T16:00:00Z,27457,10.941519
10.78,11.02,10.78,89,10.91,2022-09-22T17:00:00Z,15387,10.877617
10.81,11.01,10.78,156,10.79,2022-09-22T18:00:00Z,20413,10.89159
10.85,10.86,10.555,385,10.73,2022-09-22T19:00:00Z,65408,10.679836
11.36,11.43,11.24,56,11.26,2022-09-23T12:00:00Z,4623,11.3235
11.48,11.5,11.2,322,11.39,2022-09-23T13:00:00Z,66719,11.34411
11.605,11.605,11.3,253,11.48,2022-09-23T14:00:00Z,47002,11.460993
11.58,11.66,11.38,321,11.61,2022-09-23T15:00:00Z,50134,11.543333
11.83,12.08,11.59,452,11.59,2022-09-23T16:00:00Z,87676,11.918557
12.01,12.1,11.71,740,11.81,2022-09-23T17:00:00Z,145849,11.986662
12.54,12.58,12.01,787,12.04,2022-09-23T18:00:00Z,140916,12.375911
11.85,12.56,11.67,1099,12.54,2022-09-23T19:00:00Z,191850,12.029006
12.23,12.5,12.11,47,12.42,2022-09-26T12:00:00Z,4178,12.385676
11.76,12.32,11.69,256,12.18,2022-09-26T13:00:00Z,33498,11.936178
11.76,11.9,11.53,254,11.655,2022-09-26T14:00:00Z,33052,11.755265
11.97,12.17,11.73,227,11.75,2022-09-26T15:00:00Z,23294,11.980691
12.16,12.42,11.96,253,11.96,2022-09-26T16:00:00Z,25473,12.244967
12.58,12.58,12.14,246,12.16,2022-09-26T17:00:00Z,34259,12.403107
12.225,12.6,12.2,308,12.56,2022-09-26T18:00:00Z,49793,12.378408
12.47,12.49,12.07,799,12.205,2022-09-26T19:00:00Z,81955,12.236097
12.02,12.02,11.89,37,11.93,2022-09-27T12:00:00Z,3400,11.935484
12.06,12.165,11.9,148,12.03,2022-09-27T13:00:00Z,16375,12.005378
12.13,12.5,12.05,250,12.13,2022-09-27T14:00:00Z,32854,12.293662
12.53,12.55,12.01,91,12.07,2022-09-27T15:00:00Z,19593,12.416228
12.73,12.99,12.54,432,12.6,2022-09-27T16:00:00Z,55333,12.762636
13.085,13.2,12.76,666,12.76,2022-09-27T17:00:00Z,65534,12.98084
12.82,13.165,12.69,290,13.05,2022-09-27T18:00:00Z,33108,12.895583
12.74,13.05,12.56,342,12.9,2022-09-27T19:00:00Z,45667,12.817956
12.75,12.75,12.75,9,12.75,2022-09-28T12:00:00Z,478,12.75
12.62,12.92,12.54,215,12.62,2022-09-28T13:00:00Z,39806,12.704604
12.35,12.87,12.28,296,12.6,2022-09-28T14:00:00Z,72899,12.473072
12.1,12.37,12.1,70,12.25,2022-09-28T15:00:00Z,17851,12.207136
12.09,12.17,12.02,87,12.1,2022-09-28T16:00:00Z,24882,12.068754
12.0,12.1,11.94,137,12.1,2022-09-28T17:00:00Z,32940,12.006944
11.94,12.02,11.88,161,12.0,2022-09-28T18:00:00Z,12737,11.934562
11.94,11.94,11.74,493,11.91,2022-09-28T19:00:00Z,52929,11.801951
12.52,12.62,12.29,57,12.29,2022-09-29T12:00:00Z,4567,12.433421
12.855,12.945,12.38,404,12.54,2022-09-29T13:00:00Z,57932,12.710384
12.915,13.16,12.84,544,12.88,2022-09-29T14:00:00Z,87386,12.950601
12.69,13.035,12.6,509,12.915,2022-09-29T15:00:00Z,66120,12.835038
12.825,12.875,12.58,298,12.69,2022-09-29T16:00:00Z,41689,12.71125
13.135,13.15,12.835,441,12.835,2022-09-29T17:00:00Z,53426,12.982176
13.05,13.24,12.88,621,13.15,2022-09-29T18:00:00Z,78791,13.079878
12.54,13.07,12.48,688,13.06,2022-09-29T19:00:00Z,89960,12.7211
12.46,12.7,12.29,51,12.48,2022-09-30T12:00:00Z,4203,12.506154
12.36,12.73,12.26,291,12.57,2022-09-30T13:00:00Z,90247,12.558981
12.13,12.59,12.1,178,12.36,2022-09-30T14:00:00Z,30770,12.276537
12.14,12.23,11.9,266,12.11,2022-09-30T15:00:00Z,51767,12.056566
12.12,12.25,12.04,99,12.17,2022-09-30T16:00:00Z,20686,12.149912
12.42,12.48,12.11,177,12.15,2022-09-30T17:00:00Z,15952,12.318919
12.745,12.78,12.33,377,12.44,2022-09-30T18:00:00Z,38576,12.590628
12.84,12.92,12.39,735,12.76,2022-09-30T19:00:00Z,77010,12.679901
12.31,12.38,12.28,18,12.38,2022-10-03T12:00:00Z,1558,12.323571
12.23,12.45,12.13,720,12.31,2022-10-03T13:00:00Z,104877,12.286377
11.81,12.13,11.74,407,12.13,2022-10-03T14:00:00Z,75915,11.870305
11.915,11.945,11.73,279,11.81,2022-10-03T15:00:00Z,29489,11.8368
11.9,11.94,11.84,104,11.88,2022-10-03T16:00:00Z,9293,11.874173
11.71,11.865,11.685,70,11.865,2022-10-03T17:00:00Z,15452,11.726977
11.78,11.83,11.65,260,11.715,2022-10-03T18:00:00Z,44798,11.744805
12.03,12.05,11.715,424,11.78,2022-10-03T19:00:00Z,67523,11.908981
11.31,11.37,11.19,147,11.27,2022-10-04T13:00:00Z,24912,11.257535
11.39,11.43,11.18,142,11.31,2022-10-04T14:00:00Z,21868,11.312134
11.43,11.44,11.34,105,11.43,2022-10-04T15:00:00Z,16403,11.399953
11.48,11.48,11.29,65,11.42,2022-10-04T16:00:00Z,9770,11.392835
11.4,11.57,11.38,96,11.48,2022-10-04T17:00:00Z,12613,11.470872
11.33,11.44,11.32,73,11.38,2022-10-04T18:00:00Z,11251,11.376086
11.35,11.49,11.325,225,11.36,2022-10-04T19:00:00Z,30892,11.39295
11.57,11.61,11.51,18,11.59,2022-10-05T12:00:00Z,1675,11.566875
11.73,11.8,11.53,86,11.59,2022-10-05T13:00:00Z,9346,11.689343
11.93,12.0,11.75,136,11.75,2022-10-05T14:00:00Z,23101,11.902638
11.79,11.95,11.73,134,11.905,2022-10-05T15:00:00Z,28939,11.84634
11.58,11.81,11.55,70,11.8,2022-10-05T16:00:00Z,10562,11.643836
11.49,11.6,11.43,63,11.6,2022-10-05T17:00:00Z,9612,11.477341
11.49,11.59,11.47,74,11.52,2022-10-05T18:00:00Z,15817,11.546571
11.46,11.545,11.33,263,11.47,2022-10-05T19:00:00Z,28227,11.463986
11.31,11.43,11.23,18,11.43,2022-10-06T12:00:00Z,1568,11.312
11.38,11.38,11.24,102,11.35,2022-10-06T13:00:00Z,16787,11.309629
11.36,11.65,11.36,274,11.44,2022-10-06T14:00:00Z,55059,11.482196
11.48,11.485,11.345,130,11.38,2022-10-06T15:00:00Z,30089,11.409763
11.5,11.63,11.465,123,11.54,2022-10-06T16:00:00Z,17667,11.531502
11.48,11.565,11.46,46,11.49,2022-10-06T17:00:00Z,8173,11.520252
11.87,11.89,11.5,186,11.5,2022-10-06T18:00:00Z,27891,11.731673
11.95,12.03,11.85,233,11.88,2022-10-06T19:00:00Z,44963,11.941418
12.23,12.37,11.84,237,11.88,2022-10-07T12:00:00Z,19274,12.141124
12.49,12.49,12.12,233,12.22,2022-10-07T13:00:00Z,37205,12.332554
12.48,12.64,12.38,244,12.53,2022-10-07T14:00:00Z,36165,12.4925
12.53,12.56,12.41,51,12.41,2022-10-07T15:00:00Z,7230,12.494481
12.66,12.77,12.45,143,12.52,2022-10-07T16:00:00Z,21937,12.63886
12.6,12.76,12.5,156,12.69,2022-10-07T17:00:00Z,21600,12.64539
12.65,12.72,12.55,93,12.6,2022-10-07T18:00:00Z,12399,12.647099
12.69,12.84,12.56,379,12.625,2022-10-07T19:00:00Z,54553,12.688817
12.75,12.95,12.75,18,12.94,2022-10-10T12:00:00Z,1640,12.88875
12.9,12.99,12.76,179,12.79,2022-10-10T13:00:00Z,38653,12.898243
13.3,13.31,12.84,176,12.92,2022-10-10T14:00:00Z,31121,13.11772
13.39,13.515,13.205,364,13.31,2022-10-10T15:00:00Z,52949,13.390129
13.54,13.61,13.3,193,13.38,2022-10-10T16:00:00Z,28995,13.426638
13.03,13.61,12.95,570,13.61,2022-10-10T17:00:00Z,81563,13.150475
13.095,13.185,12.89,237,13.03,2022-10-10T18:00:00Z,35829,13.048742
13.19,13.19,12.8,190,13.005,2022-10-10T19:00:00Z,26009,12.955002
13.23,13.3,13.16,39,13.3,2022-10-11T12:00:00Z,3606,13.210588
13.36,13.44,13.19,165,13.24,2022-10-11T13:00:00Z,23652,13.326444
13.25,13.53,13.095,147,13.425,2022-10-11T14:00:00Z,25344,13.325473
12.9,13.265,12.82,288,13.265,2022-10-11T15:00:00Z,40328,13.038324
12.91,13.02,12.85,58,12.93,2022-10-11T16:00:00Z,8784,12.904231
13.14,13.14,12.9,25,12.92,2022-10-11T17:00:00Z,4589,12.995028
13.51,13.52,13.07,207,13.07,2022-10-11T18:00:00Z,25813,13.329644
13.46,13.72,13.3,576,13.5,2022-10-11T19:00:00Z,64796,13.494366
13.34,13.39,13.09,36,13.13,2022-10-12T12:00:00Z,3352,13.306774
13.23,13.485,13.21,135,13.43,2022-10-12T13:00:00Z,37037,13.382657
13.27,13.48,13.23,85,13.25,2022-10-12T14:00:00Z,14882,13.3403
13.105,13.3,13.1,29,13.3,2022-10-12T15:00:00Z,5703,13.213671
13.28,13.35,13.095,68,13.095,2022-10-12T16:00:00Z,13905,13.225833
13.33,13.34,13.21,60,13.21,2022-10-12T17:00:00Z,14385,13.290382
13.21,13.37,13.08,91,13.275,2022-10-12T18:00:00Z,21589,13.23797
13.19,13.22,13.05,167,13.2,2022-10-12T19:00:00Z,20355,13.15279
13.43,13.78,12.65,312,12.88,2022-10-13T12:00:00Z,27260,13.400335
13.35,13.66,13.29,334,13.43,2022-10-13T13:00:00Z,61022,13.440263
13.18,13.445,13.14,278,13.35,2022-10-13T14:00:00Z,50904,13.30238
12.635,13.2,12.53,428,13.2,2022-10-13T15:00:00Z,91584,12.801929
12.63,12.72,12.55,303,12.62,2022-10-13T16:00:00Z,78177,12.620732
12.64,12.7,12.52,75,12.62,2022-10-13T17:00:00Z,19015,12.608521
12.83,12.84,12.62,82,12.64,2022-10-13T18:00:00Z,16887,12.764797
12.69,12.89,12.64,157,12.82,2022-10-13T19:00:00Z,24954,12.74235
12.26,12.63,12.22,34,12.63,2022-10-14T12:00:00Z,2960,12.376
12.42,12.48,12.215,75,12.24,2022-10-14T13:00:00Z,17760,12.342204
13.09,13.19,12.45,297,12.45,2022-10-14T14:00:00Z,65459,12.939186
13.26,13.28,12.94,237,13.05,2022-10-14T15:00:00Z,28320,13.118313
13.27,13.38,13.15,191,13.26,2022-10-14T16:00:00Z,31451,13.294849
13.225,13.36,13.205,78,13.265,2022-10-14T17:00:00Z,17021,13.295308
13.38,13.45,13.2,158,13.2,2022-10-14T18:00:00Z,22697,13.38855
13.06,13.475,13.055,335,13.36,2022-10-14T19:00:00Z,80684,13.228102
12.65,12.77,12.63,29,12.74,2022-10-17T12:00:00Z,2935,12.695862
12.47,12.62,12.38,168,12.62,2022-10-17T13:00:00Z,30022,12.448706
12.37,12.47,12.2,154,12.47,2022-10-17T14:00:00Z,24918,12.291461
12.29,12.41,12.2,53,12.29,2022-10-17T15:00:00Z,8318,12.339526
12.29,12.38,12.24,60,12.29,2022-10-17T16:00:00Z,18744,12.312713
12.31,12.33,12.27,23,12.3,2022-10-17T17:00:00Z,5400,12.286204
12.44,12.44,12.31,30,12.34,2022-10-17T18:00:00Z,7272,12.354839
12.6,12.64,12.44,125,12.5,2022-10-17T19:00:00Z,22761,12.530002
12.54,12.54,12.54,2,12.54,2022-10-17T20:00:00Z,200,12.54
12.22,12.28,12.2,19,12.28,2022-10-18T12:00:00Z,1950,12.228421
12.38,12.41,12.135,82,12.22,2022-10-18T13:00:00Z,18695,12.239213
12.28,12.33,12.16,102,12.295,2022-10-18T14:00:00Z,24106,12.247852
12.52,12.7,12.33,77,12.33,2022-10-18T15:00:00Z,19212,12.527847
12.45,12.56,12.4,49,12.55,2022-10-18T16:00:00Z,10729,12.48573
12.28,12.515,12.28,61,12.51,2022-10-18T17:00:00Z,11949,12.440084
12.47,12.54,12.25,94,12.31,2022-10-18T18:00:00Z,11248,12.40729
12.2,12.51,12.2,160,12.46,2022-10-18T19:00:00Z,34503,12.317034
12.38,12.4,12.31,15,12.31,2022-10-19T12:00:00Z,1378,12.367692
12.45,12.49,12.255,103,12.37,2022-10-19T13:00:00Z,18109,12.379605
12.26,12.47,12.13,115,12.455,2022-10-19T14:00:00Z,17765,12.267114
12.27,12.34,12.24,41,12.24,2022-10-19T15:00:00Z,5900,12.2906
12.515,12.525,12.32,73,12.32,2022-10-19T16:00:00Z,14884,12.409079
12.56,12.65,12.495,81,12.52,2022-10-19T17:00:00Z,18295,12.588525
12.5,12.575,12.46,92,12.56,2022-10-19T18:00:00Z,11756,12.493166
12.34,12.52,12.335,348,12.49,2022-10-19T19:00:00Z,51602,12.406204
12.32,12.32,12.17,26,12.28,2022-10-20T12:00:00Z,2500,12.255417
12.06,12.29,12.035,137,12.29,2022-10-20T13:00:00Z,24068,12.170259
11.9,12.03,11.86,174,12.03,2022-10-20T14:00:00Z,30245,11.952739
11.825,11.95,11.77,282,11.95,2022-10-20T15:00:00Z,29519,11.860139
11.98,12.07,11.82,366,11.82,2022-10-20T16:00:00Z,35205,11.96
12.25,12.31,11.97,301,11.99,2022-10-20T17:00:00Z,33289,12.163206
12.245,12.39,12.24,261,12.25,2022-10-20T18:00:00Z,33429,12.314492
12.09,12.29,12.05,257,12.255,2022-10-20T19:00:00Z,44577,12.192793
12.28,12.32,12.2,28,12.21,2022-10-21T12:00:00Z,2511,12.27087
11.69,12.2,11.69,157,12.2,2022-10-21T13:00:00Z,31790,11.905576
12.02,12.03,11.68,399,11.68,2022-10-21T14:00:00Z,36107,11.821309
11.8,12.08,11.745,95,12.02,2022-10-21T15:00:00Z,12713,11.883986
11.86,11.86,11.765,242,11.78,2022-10-21T16:00:00Z,33783,11.808803
11.88,11.945,11.86,152,11.86,2022-10-21T17:00:00Z,17441,11.890757
11.95,11.98,11.88,50,11.9,2022-10-21T18:00:00Z,7408,11.932204
12.085,12.12,11.95,144,11.98,2022-10-21T19:00:00Z,34281,12.033053
11.84,11.9,11.81,13,11.86,2022-10-24T12:00:00Z,1184,11.855455
12.09,12.11,11.86,89,11.87,2022-10-24T13:00:00Z,18824,12.032231
12.1,12.31,12.08,136,12.13,2022-10-24T14:00:00Z,29690,12.159469
12.12,12.15,12.05,62,12.1,2022-10-24T15:00:00Z,15681,12.10485
12.04,12.15,12.02,25,12.105,2022-10-24T16:00:00Z,3612,12.094311
11.96,12.11,11.94,32,12.03,2022-10-24T17:00:00Z,10336,12.009259
11.94,11.97,11.92,34,11.92,2022-10-24T18:00:00Z,7183,11.949351
11.78,11.96,11.74,156,11.96,2022-10-24T19:00:00Z,20001,11.839765
11.88,11.93,11.88,6,11.88,2022-10-25T12:00:00Z,600,11.905
11.66,11.86,11.65,55,11.86,2022-10-25T13:00:00Z,9684,11.735969
11.49,11.68,11.49,150,11.68,2022-10-25T14:00:00Z,28146,11.560973
11.34,11.49,11.31,132,11.49,2022-10-25T15:00:00Z,20490,11.408506
11.31,11.36,11.27,264,11.335,2022-10-25T16:00:00Z,90879,11.312635
11.15,11.305,11.15,169,11.295,2022-10-25T17:00:00Z,21566,11.256556
11.16,11.175,11.11,173,11.14,2022-10-25T18:00:00Z,17286,11.150969
11.09,11.22,11.045,260,11.165,2022-10-25T19:00:00Z,29936,11.112408
11.26,11.29,11.17,17,11.2,2022-10-26T12:00:00Z,1650,11.235625
11.03,11.28,10.95,102,11.28,2022-10-26T13:00:00Z,20062,11.07697
10.845,11.03,10.8,222,11.03,2022-10-26T14:00:00Z,26464,10.885709
10.715,10.84,10.65,213,10.83,2022-10-26T15:00:00Z,22353,10.744458
10.74,10.77,10.63,190,10.69,2022-10-26T16:00:00Z,19951,10.68873
10.82,10.93,10.76,229,10.76,2022-10-26T17:00:00Z,23251,10.833599
10.835,10.85,10.73,203,10.845,2022-10-26T18:00:00Z,25837,10.792533
10.705,10.945,10.68,357,10.84,2022-10-26T19:00:00Z,65329,10.842983
10.6,10.67,10.5,16,10.67,2022-10-27T12:00:00Z,1410,10.587692
10.625,10.69,10.42,78,10.63,2022-10-27T13:00:00Z,14184,10.534285
10.38,10.64,10.35,97,10.62,2022-10-27T14:00:00Z,24564,10.425629
10.47,10.47,10.31,74,10.44,2022-10-27T15:00:00Z,9435,10.388161
10.46,10.5,10.38,40,10.45,2022-10-27T16:00:00Z,4994,10.455208
10.34,10.43,10.34,50,10.42,2022-10-27T17:00:00Z,7207,10.375161
10.5,10.52,10.39,41,10.39,2022-10-27T18:00:00Z,5269,10.467304
10.39,10.62,10.39,240,10.52,2022-10-27T19:00:00Z,32279,10.50998
10.6,10.6,10.6,1,10.6,2022-10-27T20:00:00Z,150,10.6
10.45,10.55,10.45,5,10.55,2022-10-28T12:00:00Z,450,10.52
10.23,10.41,10.17,79,10.41,2022-10-28T13:00:00Z,13834,10.228914
10.1,10.28,10.09,200,10.2,2022-10-28T14:00:00Z,34354,10.169801
10.04,10.13,10.03,124,10.09,2022-10-28T15:00:00Z,35531,10.079709
10.01,10.06,9.97,132,10.03,2022-10-28T16:00:00Z,34633,10.009485
9.98,10.01,9.93,108,10.01,2022-10-28T17:00:00Z,26216,9.974156
9.93,10.0,9.93,57,9.98,2022-10-28T18:00:00Z,6186,9.960333
10.03,10.05,9.89,295,9.935,2022-10-28T19:00:00Z,67223,9.954145
10.13,10.19,10.13,9,10.17,2022-10-31T12:00:00Z,850,10.15375
10.01,10.14,9.995,130,10.14,2022-10-31T13:00:00Z,21182,10.027212
10.01,10.05,9.97,186,10.01,2022-10-31T14:00:00Z,33302,10.003381
9.97,10.0,9.89,113,10.0,2022-10-31T15:00:00Z,17923,9.933947
9.94,10.005,9.885,86,10.0,2022-10-31T16:00:00Z,7505,9.937957
9.87,9.96,9.85,62,9.935,2022-10-31T17:00:00Z,12249,9.895544
9.81,9.87,9.78,59,9.86,2022-10-31T18:00:00Z,9843,9.831877
9.78,9.87,9.76,153,9.81,2022-10-31T19:00:00Z,19270,9.796012
9.61,9.64,9.59,14,9.64,2022-11-01T12:00:00Z,1022,9.609
9.71,9.75,9.61,212,9.61,2022-11-01T13:00:00Z,79990,9.681397
9.84,9.86,9.655,241,9.71,2022-11-01T14:00:00Z,60369,9.743184
9.77,9.84,9.76,90,9.83,2022-11-01T15:00:00Z,18423,9.81029
9.71,9.75,9.69,51,9.74,2022-11-01T16:00:00Z,8950,9.723695
9.66,9.7,9.66,40,9.7,2022-11-01T17:00:00Z,6582,9.690523
9.65,9.7,9.65,82,9.65,2022-11-01T18:00:00Z,17707,9.675883
9.64,9.73,9.6,230,9.64,2022-11-01T19:00:00Z,48660,9.669342
9.77,9.78,9.75,11,9.75,2022-11-02T12:00:00Z,920,9.765
9.795,9.8,9.705,230,9.76,2022-11-02T13:00:00Z,99195,9.748962
9.75,9.805,9.74,242,9.805,2022-11-02T14:00:00Z,88784,9.767498
9.815,9.84,9.76,95,9.76,2022-11-02T15:00:00Z,9188,9.819844
9.795,9.905,9.78,144,9.85,2022-11-02T16:00:00Z,15867,9.857166
9.78,9.825,9.755,205,9.8,2022-11-02T17:00:00Z,20487,9.79967
9.81,9.95,9.51,816,9.75,2022-11-02T18:00:00Z,101227,9.682769
10.04,10.08,9.73,595,9.87,2022-11-02T19:00:00Z,115244,10.003813
10.19,10.2,10.07,17,10.07,2022-11-03T12:00:00Z,1570,10.152
10.36,10.36,10.13,125,10.19,2022-11-03T13:00:00Z,19404,10.21446
9.97,10.37,9.955,252,10.3,2022-11-03T14:00:00Z,31538,10.112583
9.99,10.03,9.91,88,9.955,2022-11-03T15:00:00Z,15191,9.97
9.67,9.94,9.67,83,9.94,2022-11-03T16:00:00Z,15471,9.78466
9.7,9.72,9.65,42,9.7,2022-11-03T17:00:00Z,8498,9.694617
9.68,9.73,9.66,63,9.72,2022-11-03T18:00:00Z,12429,9.686518
9.69,9.71,9.58,177,9.67,2022-11-03T19:00:00Z,29775,9.634877
9.5,9.62,9.45,33,9.6,2022-11-04T12:00:00Z,3170,9.556129
9.38,9.52,9.33,193,9.36,2022-11-04T13:00:00Z,42815,9.410909
9.18,9.35,9.1,297,9.35,2022-11-04T14:00:00Z,66712,9.181492
9.68,9.68,9.13,212,9.17,2022-11-04T15:00:00Z,48214,9.457762
9.74,9.79,9.63,166,9.66,2022-11-04T16:00:00Z,27031,9.712421
9.76,9.77,9.68,66,9.76,2022-11-04T17:00:00Z,15603,9.745839
9.6,9.82,9.58,74,9.75,2022-11-04T18:00:00Z,12553,9.694761
9.51,9.62,9.51,187,9.62,2022-11-04T19:00:00Z,38768,9.563293
9.47,9.47,9.42,5,9.45,2022-11-07T13:00:00Z,433,9.4475
9.51,9.52,9.38,53,9.45,2022-11-07T14:00:00Z,10047,9.465523
9.42,9.55,9.42,106,9.5,2022-11-07T15:00:00Z,34330,9.460883
9.41,9.44,9.34,55,9.43,2022-11-07T16:00:00Z,13433,9.399439
9.27,9.42,9.27,55,9.42,2022-11-07T17:00:00Z,13667,9.311691
9.24,9.26,9.23,13,9.26,2022-11-07T18:00:00Z,2419,9.246364
9.24,9.24,9.21,27,9.24,2022-11-07T19:00:00Z,7245,9.236067
9.33,9.355,9.22,101,9.22,2022-11-07T20:00:00Z,26426,9.318671
9.22,9.26,9.22,6,9.25,2022-11-08T13:00:00Z,600,9.238333
9.3,9.3,9.22,44,9.23,2022-11-08T14:00:00Z,10832,9.262944
9.26,9.3,9.22,146,9.3,2022-11-08T15:00:00Z,27427,9.258978
9.33,9.35,9.24,171,9.27,2022-11-08T16:00:00Z,35958,9.310015
9.39,9.415,9.3,119,9.32,2022-11-08T17:00:00Z,15122,9.351658
9.65,9.65,9.385,113,9.39,2022-11-08T18:00:00Z,23268,9.505206
9.66,9.895,9.59,228,9.63,2022-11-08T19:00:00Z,36031,9.730275
9.76,9.76,9.54,274,9.67,2022-11-08T20:00:00Z,37405,9.627248
9.81,9.83,9.8,7,9.83,2022-11-09T13:00:00Z,650,9.811667
9.87,9.87,9.78,57,9.78,2022-11-09T14:00:00Z,12577,9.82159
10.12,10.17,9.8,131,9.88,2022-11-09T15:00:00Z,25902,9.957831
9.97,10.1,9.88,131,10.1,2022-11-09T16:00:00Z,21217,9.982495
10.02,10.06,9.97,45,9.97,2022-11-09T17:00:00Z,6450,10.023937
10.22,10.27,10.01,200,10.03,2022-11-09T18:00:00Z,25130,10.178052
10.27,10.29,10.16,284,10.215,2022-11-09T19:00:00Z,23808,10.220388
10.2,10.31,10.11,330,10.26,2022-11-09T20:00:00Z,39531,10.223516
9.39,10.14,9.39,88,10.14,2022-11-10T13:00:00Z,7883,9.575972
9.31,9.45,9.26,104,9.38,2022-11-10T14:00:00Z,22193,9.343999
9.12,9.47,9.12,152,9.305,2022-11-10T15:00:00Z,26742,9.277691
9.125,9.13,9.035,135,9.13,2022-11-10T16:00:00Z,28543,9.084621
9.36,9.37,9.12,170,9.125,2022-11-10T17:00:00Z,32462,9.193617
9.29,9.385,9.245,115,9.385,2022-11-10T18:00:00Z,13655,9.321545
9.27,9.305,9.22,82,9.3,2022-11-10T19:00:00Z,11267,9.262913
9.34,9.345,9.2,171,9.275,2022-11-10T20:00:00Z,37282,9.285964
9.43,9.45,9.41,3,9.41,2022-11-11T13:00:00Z,300,9.43
9.44,9.57,9.43,95,9.43,2022-11-11T14:00:00Z,21694,9.483142
9.29,9.47,9.29,79,9.47,2022-11-11T15:00:00Z,17737,9.34511
9.26,9.315,9.19,56,9.285,2022-11-11T16:00:00Z,11948,9.261303
9.2,9.29,9.2,65,9.275,2022-11-11T17:00:00Z,8619,9.239003
9.225,9.235,9.2,29,9.21,2022-11-11T18:00:00Z,4132,9.21815
9.225,9.26,9.21,38,9.24,2022-11-11T19:00:00Z,7138,9.238395
9.19,9.335,9.185,150,9.23,2022-11-11T20:00:00Z,40609,9.253113
9.2,9.21,9.19,8,9.21,2022-11-14T13:00:00Z,800,9.20125
9.015,9.21,9.015,70,9.2,2022-11-14T14:00:00Z,14410,9.110133
8.84,9.04,8.83,193,9.04,2022-11-14T15:00:00Z,48837,8.905474
8.91,8.93,8.85,113,8.85,2022-11-14T16:00:00Z,20271,8.888931
8.83,8.915,8.83,67,8.91,2022-11-14T17:00:00Z,12512,8.883153
8.85,8.88,8.83,44,8.88,2022-11-14T18:00:00Z,10444,8.848643
8.98,9.01,8.85,140,8.855,2022-11-14T19:00:00Z,25561,8.939095
9.16,9.2,8.96,410,8.975,2022-11-14T20:00:00Z,57734,9.094662
8.82,8.9,8.76,26,8.87,2022-11-15T13:00:00Z,2450,8.803913
8.92,8.97,8.83,110,8.83,2022-11-15T14:00:00Z,22956,8.919696
8.97,9.01,8.89,82,8.92,2022-11-15T15:00:00Z,13432,8.950499
8.92,9.03,8.91,72,8.98,2022-11-15T16:00:00Z,14590,8.961242
9.03,9.035,8.925,50,8.93,2022-11-15T17:00:00Z,6700,8.995454
9.61,9.69,9.01,685,9.01,2022-11-15T18:00:00Z,179006,9.429505
9.21,9.75,9.2,452,9.67,2022-11-15T19:00:00Z,87654,9.441144
9.36,9.38,9.13,393,9.17,2022-11-15T20:00:00Z,82805,9.293524
9.17,9.21,9.11,21,9.19,2022-11-16T13:00:00Z,2000,9.168947
9.2,9.26,9.12,56,9.16,2022-11-16T14:00:00Z,14014,9.174579
9.22,9.24,9.15,151,9.21,2022-11-16T15:00:00Z,31445,9.175219
9.115,9.21,9.09,85,9.21,2022-11-16T16:00:00Z,15920,9.136268
9.11,9.185,9.08,67,9.13,2022-11-16T17:00:00Z,11426,9.123728
9.135,9.15,9.09,46,9.13,2022-11-16T18:00:00Z,8986,9.112449
9.085,9.14,9.06,71,9.115,2022-11-16T19:00:00Z,14606,9.097214
8.99,9.12,8.98,240,9.09,2022-11-16T20:00:00Z,46718,9.025953
9.32,9.33,9.21,19,9.27,2022-11-17T13:00:00Z,1900,9.277368
9.15,9.33,9.11,92,9.33,2022-11-17T14:00:00Z,23574,9.174457
9.09,9.16,8.975,82,9.16,2022-11-17T15:00:00Z,23283,9.050124
9.0,9.11,9.0,74,9.08,2022-11-17T16:00:00Z,9900,9.053882
8.92,9.0,8.9,65,9.0,2022-11-17T17:00:00Z,8818,8.958605
8.905,8.94,8.89,51,8.93,2022-11-17T18:00:00Z,6837,8.918806
8.9,8.96,8.88,124,8.91,2022-11-17T19:00:00Z,17111,8.925501
8.84,9.03,8.84,229,8.925,2022-11-17T20:00:00Z,41003,8.933362
8.75,8.75,8.74,3,8.74,2022-11-18T13:00:00Z,300,8.743333
8.87,8.92,8.72,59,8.74,2022-11-18T14:00:00Z,17593,8.834304
8.93,9.0,8.9,104,8.91,2022-11-18T15:00:00Z,25787,8.953622
8.87,8.96,8.825,62,8.955,2022-11-18T16:00:00Z,15335,8.878171
8.89,8.94,8.85,60,8.89,2022-11-18T17:00:00Z,9798,8.89349
8.81,8.86,8.79,40,8.86,2022-11-18T18:00:00Z,9755,8.824953
8.795,8.82,8.76,38,8.82,2022-11-18T19:00:00Z,11808,8.787138
8.72,8.78,8.7,94,8.78,2022-11-18T20:00:00Z,25471,8.734557
8.8,8.8,8.8,1,8.8,2022-11-21T13:00:00Z,100,8.8
8.59,8.76,8.585,55,8.76,2022-11-21T14:00:00Z,11737,8.670827
8.58,8.62,8.535,127,8.55,2022-11-21T15:00:00Z,23045,8.572575
8.54,8.58,8.49,129,8.58,2022-11-21T16:00:00Z,21179,8.534823
8.52,8.545,8.49,93,8.545,2022-11-21T17:00:00Z,12015,8.512462
8.495,8.525,8.47,131,8.52,2022-11-21T18:00:00Z,16019,8.491993
8.465,8.5,8.45,82,8.485,2022-11-21T19:00:00Z,10573,8.473175
8.365,8.47,8.34,281,8.47,2022-11-21T20:00:00Z,37628,8.413192
8.29,8.29,8.27,4,8.27,2022-11-22T13:00:00Z,400,8.2775
8.21,8.27,8.16,118,8.27,2022-11-22T14:00:00Z,30598,8.214167
8.075,8.2,8.06,207,8.2,2022-11-22T15:00:00Z,44876,8.102758
8.07,8.085,8.055,63,8.07,2022-11-22T16:00:00Z,21588,8.071418
8.085,8.105,8.05,45,8.06,2022-11-22T17:00:00Z,11387,8.070445
8.07,8.09,8.06,52,8.085,2022-11-22T18:00:00Z,12053,8.070426
8.01,8.075,8.01,57,8.07,2022-11-22T19:00:00Z,20422,8.041528
7.92,8.01,7.91,152,8.01,2022-11-22T20:00:00Z,42740,7.964109
7.92,7.92,7.92,1,7.92,2022-11-22T21:00:00Z,100,7.92
7.96,8.01,7.96,8,7.97,2022-11-23T13:00:00Z,750,7.978571
7.88,7.95,7.85,17,7.95,2022-11-23T14:00:00Z,5164,7.90791
7.875,7.89,7.81,192,7.89,2022-11-23T15:00:00Z,46972,7.848203
7.99,7.995,7.83,86,7.875,2022-11-23T16:00:00Z,11207,7.874619
7.96,7.995,7.89,149,7.99,2022-11-23T17:00:00Z,20038,7.944701
7.89,7.965,7.89,121,7.96,2022-11-23T18:00:00Z,13076,7.923107
7.785,7.91,7.66,342,7.87,2022-11-23T19:00:00Z,50193,7.772501
7.68,7.815,7.66,188,7.8,2022-11-23T20:00:00Z,37064,7.735047
7.72,7.8,7.72,21,7.79,2022-11-25T14:00:00Z,3954,7.744668
7.76,7.765,7.68,172,7.73,2022-11-25T15:00:00Z,29645,7.735317
7.775,7.83,7.735,147,7.755,2022-11-25T16:00:00Z,37772,7.76023
7.735,7.775,7.725,204,7.775,2022-11-25T17:00:00Z,31923,7.749087
7.99,8.02,7.98,6,8.0,2022-11-28T13:00:00Z,600,7.996667
7.94,7.96,7.82,83,7.96,2022-11-28T14:00:00Z,19910,7.887525
8.015,8.02,7.96,128,7.97,2022-11-28T15:00:00Z,36405,7.988761
8.06,8.095,8.01,75,8.01,2022-11-28T16:00:00Z,9897,8.057838
8.12,8.14,8.04,90,8.065,2022-11-28T17:00:00Z,15535,8.0841
8.17,8.18,8.08,52,8.11,2022-11-28T18:00:00Z,18356,8.138146
8.19,8.205,8.16,94,8.175,2022-11-28T19:00:00Z,14630,8.185629
8.15,8.245,8.15,131,8.19,2022-11-28T20:00:00Z,26830,8.20981
8.09,8.12,8.07,21,8.08,2022-11-29T13:00:00Z,2190,8.087143
8.14,8.17,8.03,35,8.06,2022-11-29T14:00:00Z,8083,8.13297
7.94,8.13,7.93,77,8.12,2022-11-29T15:00:00Z,18343,8.028044
8.12,8.22,7.95,110,7.95,2022-11-29T16:00:00Z,35645,8.09282
8.03,8.14,8.03,28,8.1,2022-11-29T17:00:00Z,7161,8.087826
8.06,8.13,8.02,32,8.05,2022-11-29T18:00:00Z,7000,8.081033
8.06,8.09,8.035,40,8.045,2022-11-29T19:00:00Z,9618,8.070904
7.99,8.065,7.93,90,8.05,2022-11-29T20:00:00Z,23025,7.979739
8.02,8.04,7.98,10,8.04,2022-11-30T13:00:00Z,1000,8.011
7.99,8.02,7.93,73,8.02,2022-11-30T14:00:00Z,44804,7.985236
8.025,8.065,7.965,122,7.985,2022-11-30T15:00:00Z,70279,8.026953
8.05,8.065,7.99,68,8.03,2022-11-30T16:00:00Z,20621,8.011154
8.16,8.19,8.065,75,8.065,2022-11-30T17:00:00Z,12914,8.1356
7.76,8.15,7.76,131,8.15,2022-11-30T18:00:00Z,47296,7.909791
7.52,7.765,7.49,302,7.75,2022-11-30T19:00:00Z,71392,7.652395
7.53,7.54,7.44,190,7.52,2022-11-30T20:00:00Z,47775,7.4805
7.52,7.52,7.46,12,7.49,2022-12-01T13:00:00Z,1150,7.48
7.46,7.54,7.44,56,7.5,2022-12-01T14:00:00Z,13910,7.488492
7.58,7.72,7.44,223,7.46,2022-12-01T15:00:00Z,64201,7.612447
7.61,7.67,7.6,58,7.605,2022-12-01T16:00:00Z,8431,7.635559
7.53,7.67,7.53,83,7.61,2022-12-01T17:00:00Z,17259,7.581696
7.475,7.56,7.475,55,7.51,2022-12-01T18:00:00Z,9704,7.508024
7.42,7.505,7.39,90,7.485,2022-12-01T19:00:00Z,13489,7.440891
7.3,7.425,7.3,152,7.41,2022-12-01T20:00:00Z,48334,7.382457
7.6,7.65,7.34,49,7.36,2022-12-02T13:00:00Z,4385,7.554
7.31,7.64,7.3,131,7.63,2022-12-02T14:00:00Z,48133,7.404919
7.23,7.34,7.18,171,7.29,2022-12-02T15:00:00Z,53812,7.247948
7.24,7.265,7.2,83,7.26,2022-12-02T16:00:00Z,17170,7.226942
7.37,7.37,7.25,101,7.27,2022-12-02T17:00:00Z,16366,7.301848
7.265,7.385,7.265,90,7.37,2022-12-02T18:00:00Z,20788,7.341428
7.11,7.26,7.11,219,7.26,2022-12-02T19:00:00Z,48644,7.173509
7.12,7.17,7.1,257,7.115,2022-12-02T20:00:00Z,45822,7.119791
7.3,7.3,7.22,9,7.24,2022-12-05T13:00:00Z,900,7.248889
7.2,7.31,7.145,80,7.31,2022-12-05T14:00:00Z,19708,7.170113
7.145,7.29,7.1,132,7.23,2022-12-05T15:00:00Z,30966,7.183516
7.27,7.27,7.09,115,7.14,2022-12-05T16:00:00Z,26716,7.166999
7.36,7.36,7.26,55,7.27,2022-12-05T17:00:00Z,18867,7.301958
7.43,7.43,7.28,65,7.34,2022-12-05T18:00:00Z,13892,7.35537
7.495,7.505,7.395,154,7.43,2022-12-05T19:00:00Z,38852,7.454019
7.32,7.465,7.305,206,7.45,2022-12-05T20:00:00Z,48698,7.370254
7.22,7.27,7.2,11,7.27,2022-12-06T13:00:00Z,990,7.232222
7.28,7.3,7.155,38,7.23,2022-12-06T14:00:00Z,7326,7.259476
7.48,7.5,7.27,114,7.3,2022-12-06T15:00:00Z,33870,7.401601
7.52,7.56,7.44,111,7.47,2022-12-06T16:00:00Z,36536,7.504381
7.61,7.64,7.49,80,7.5,2022-12-06T17:00:00Z,18118,7.603433
7.56,7.66,7.53,60,7.61,2022-12-06T18:00:00Z,9158,7.590097
7.555,7.63,7.52,84,7.58,2022-12-06T19:00:00Z,17507,7.593199
7.595,7.715,7.515,240,7.555,2022-12-06T20:00:00Z,41850,7.609767
7.73,7.83,7.73,9,7.83,2022-12-07T13:00:00Z,900,7.778889
7.75,7.81,7.66,53,7.69,2022-12-07T14:00:00Z,10340,7.727661
7.63,7.85,7.61,175,7.81,2022-12-07T15:00:00Z,42692,7.753205
7.75,7.84,7.61,68,7.62,2022-12-07T16:00:00Z,13130,7.773569
7.8,7.875,7.74,69,7.74,2022-12-07T17:00:00Z,13518,7.830563
7.75,7.8,7.68,102,7.79,2022-12-07T18:00:00Z,16224,7.724942
7.85,7.85,7.725,94,7.75,2022-12-07T19:00:00Z,12716,7.780339
7.79,7.85,7.73,167,7.85,2022-12-07T20:00:00Z,24121,7.77781
7.74,7.75,7.71,9,7.75,2022-12-08T13:00:00Z,901,7.726667
7.7,7.89,7.7,65,7.77,2022-12-08T14:00:00Z,16295,7.809635
7.7,7.76,7.66,61,7.7,2022-12-08T15:00:00Z,23049,7.689379
7.73,7.78,7.73,24,7.73,2022-12-08T16:00:00Z,6755,7.75209
7.72,7.78,7.72,25,7.73,2022-12-08T17:00:00Z,9408,7.737234
7.64,7.72,7.61,20,7.71,2022-12-08T18:00:00Z,2996,7.655251
7.615,7.72,7.59,80,7.68,2022-12-08T19:00:00Z,16588,7.661626
7.555,7.645,7.485,245,7.615,2022-12-08T20:00:00Z,35738,7.559513
7.66,7.69,7.54,49,7.605,2022-12-09T14:00:00Z,12990,7.607658
7.65,7.74,7.58,99,7.59,2022-12-09T15:00:00Z,24075,7.666478
7.64,7.71,7.64,33,7.66,2022-12-09T16:00:00Z,5939,7.668472
7.65,7.66,7.58,23,7.62,2022-12-09T17:00:00Z,5021,7.62668
7.76,7.77,7.68,67,7.68,2022-12-09T18:00:00Z,15581,7.729837
7.61,7.78,7.61,38,7.77,2022-12-09T19:00:00Z,12084,7.709239
7.83,7.83,7.58,137,7.605,2022-12-09T20:00:00Z,37486,7.718469
7.83,7.83,7.74,27,7.74,2022-12-12T14:00:00Z,9500,7.793047
7.77,7.855,7.755,64,7.81,2022-12-12T15:00:00Z,17334,7.783558
7.75,7.76,7.7,82,7.73,2022-12-12T16:00:00Z,24156,7.742161
7.715,7.745,7.69,33,7.735,2022-12-12T17:00:00Z,18143,7.722098
7.72,7.745,7.69,67,7.69,2022-12-12T18:00:00Z,30871,7.730233
7.665,7.74,7.62,46,7.72,2022-12-12T19:00:00Z,11548,7.672406
7.75,7.8,7.65,177,7.675,2022-12-12T20:00:00Z,26851,7.717795
7.12,7.68,7.06,44,7.68,2022-12-13T13:00:00Z,3880,7.271143
7.095,7.13,7.05,183,7.08,2022-12-13T14:00:00Z,89174,7.090244
7.31,7.335,7.075,373,7.1,2022-12-13T15:00:00Z,167110,7.177871
7.51,7.595,7.31,90,7.38,2022-12-13T16:00:00Z,34658,7.485004
7.64,7.66,7.44,144,7.51,2022-12-13T17:00:00Z,25719,7.564874
7.58,7.63,7.52,119,7.6,2022-12-13T18:00:00Z,20472,7.566442
7.49,7.59,7.4,53,7.585,2022-12-13T19:00:00Z,9404,7.497957
7.24,7.49,7.155,180,7.44,2022-12-13T20:00:00Z,34298,7.297828
7.26,7.29,7.26,2,7.29,2022-12-14T13:00:00Z,200,7.275
7.01,7.22,6.98,196,7.21,2022-12-14T14:00:00Z,94752,7.066
6.99,7.01,6.91,358,6.985,2022-12-14T15:00:00Z,161363,6.957868
7.01,7.01,6.96,66,6.98,2022-12-14T16:00:00Z,16033,6.981907
6.97,7.01,6.97,36,7.01,2022-12-14T17:00:00Z,11136,6.995524
6.9,6.95,6.835,132,6.95,2022-12-14T18:00:00Z,25894,6.896812
7.06,7.35,6.91,360,6.91,2022-12-14T19:00:00Z,105365,7.144871
6.88,7.22,6.88,410,7.05,2022-12-14T20:00:00Z,100870,7.064751
7.27,7.27,7.03,81,7.05,2022-12-15T14:00:00Z,21203,7.121205
7.32,7.325,7.21,127,7.31,2022-12-15T15:00:00Z,37115,7.268093
7.48,7.505,7.27,83,7.31,2022-12-15T16:00:00Z,13470,7.393178
7.595,7.595,7.42,71,7.44,2022-12-15T17:00:00Z,19591,7.484027
7.68,7.69,7.6,98,7.605,2022-12-15T18:00:00Z,27123,7.661367
7.54,7.735,7.54,77,7.68,2022-12-15T19:00:00Z,25581,7.664471
7.53,7.615,7.45,128,7.54,2022-12-15T20:00:00Z,36140,7.541321
7.79,7.8,7.7,5,7.7,2022-12-16T13:00:00Z,500,7.772
7.44,7.83,7.43,172,7.79,2022-12-16T14:00:00Z,196463,7.615115
7.74,7.89,7.5,259,7.5,2022-12-16T15:00:00Z,81324,7.729028
7.9,7.9,7.72,137,7.76,2022-12-16T16:00:00Z,81915,7.772333
7.83,7.885,7.71,65,7.87,2022-12-16T17:00:00Z,27601,7.827291
7.77,7.83,7.77,24,7.83,2022-12-16T18:00:00Z,4800,7.78635
7.52,7.79,7.52,53,7.79,2022-12-16T19:00:00Z,21097,7.67626
7.57,7.625,7.485,221,7.51,2022-12-16T20:00:00Z,64347,7.544543
7.51,7.51,7.5,2,7.5,2022-12-19T13:00:00Z,200,7.505
7.44,7.52,7.36,93,7.52,2022-12-19T14:00:00Z,29803,7.452547
7.33,7.44,7.24,227,7.44,2022-12-19T15:00:00Z,76827,7.376551
7.265,7.37,7.24,117,7.34,2022-12-19T16:00:00Z,26623,7.298568
7.21,7.25,7.11,138,7.25,2022-12-19T17:00:00Z,39233,7.177262
7.38,7.39,7.15,165,7.2,2022-12-19T18:00:00Z,36639,7.233081
7.39,7.49,7.29,84,7.41,2022-12-19T19:00:00Z,17931,7.403024
7.26,7.465,7.26,111,7.39,2022-12-19T20:00:00Z,20605,7.371312
7.29,7.37,7.29,3,7.37,2022-12-20T13:00:00Z,300,7.336667
7.38,7.5,7.29,75,7.33,2022-12-20T14:00:00Z,23745,7.425938
7.23,7.36,7.19,132,7.36,2022-12-20T15:00:00Z,37278,7.270055
7.38,7.42,7.25,60,7.26,2022-12-20T16:00:00Z,20646,7.356695
7.23,7.36,7.23,36,7.36,2022-12-20T17:00:00Z,14571,7.301683
7.24,7.26,7.2,9,7.25,2022-12-20T18:00:00Z,2700,7.217778
7.21,7.24,7.16,63,7.22,2022-12-20T19:00:00Z,18770,7.201004
7.21,7.235,7.075,141,7.205,2022-12-20T20:00:00Z,27463,7.149995
6.98,7.0,6.95,7,7.0,2022-12-21T13:00:00Z,700,6.971428
6.97,6.99,6.93,68,6.97,2022-12-21T14:00:00Z,18491,6.963451
6.81,6.96,6.76,155,6.96,2022-12-21T15:00:00Z,28626,6.826552
6.77,6.82,6.74,106,6.79,2022-12-21T16:00:00Z,29591,6.768488
6.755,6.87,6.74,79,6.77,2022-12-21T17:00:00Z,27240,6.797339
6.815,6.83,6.75,69,6.75,2022-12-21T18:00:00Z,18103,6.781271
6.86,6.89,6.79,76,6.8,2022-12-21T19:00:00Z,20530,6.864271
6.81,6.885,6.81,256,6.86,2022-12-21T20:00:00Z,40382,6.852555
6.87,6.87,6.73,11,6.73,2022-12-22T13:00:00Z,1200,6.779167
6.87,6.94,6.83,76,6.86,2022-12-22T14:00:00Z,22792,6.905732
7.15,7.15,6.87,226,6.88,2022-12-22T15:00:00Z,72569,7.035582
7.29,7.295,7.14,81,7.15,2022-12-22T16:00:00Z,33071,7.215313
7.61,7.665,7.31,162,7.31,2022-12-22T17:00:00Z,48636,7.556327
7.76,7.83,7.64,156,7.65,2022-12-22T18:00:00Z,54355,7.724326
7.505,7.72,7.465,261,7.69,2022-12-22T19:00:00Z,68828,7.589803
7.37,7.52,7.36,239,7.48,2022-12-22T20:00:00Z,63658,7.441327
7.32,7.39,7.19,20,7.25,2022-12-23T13:00:00Z,1780,7.284375
7.38,7.42,7.25,47,7.32,2022-12-23T14:00:00Z,14950,7.360334
7.24,7.38,7.09,101,7.35,2022-12-23T15:00:00Z,23567,7.207261
7.11,7.31,7.11,47,7.3,2022-12-23T16:00:00Z,8702,7.178635
7.15,7.19,7.06,109,7.08,2022-12-23T17:00:00Z,16294,7.123742
7.09,7.15,7.05,108,7.15,2022-12-23T18:00:00Z,13296,7.090845
7.01,7.13,7.0,121,7.09,2022-12-23T19:00:00Z,13408,7.036375
7.05,7.09,6.97,227,7.0,2022-12-23T20:00:00Z,39120,7.012144
7.08,7.09,6.98,5,6.98,2022-12-27T13:00:00Z,900,7.014444
7.18,7.23,7.055,80,7.06,2022-12-27T14:00:00Z,20105,7.186824
7.15,7.24,7.055,131,7.19,2022-12-27T15:00:00Z,30798,7.15926
7.06,7.22,7.04,59,7.11,2022-12-27T16:00:00Z,23018,7.088832
7.03,7.07,7.02,39,7.065,2022-12-27T17:00:00Z,8108,7.048517
7.04,7.04,6.97,76,7.03,2022-12-27T18:00:00Z,17554,7.003787
7.07,7.1,7.0,33,7.05,2022-12-27T19:00:00Z,8670,7.061115
7.0,7.06,6.98,184,7.03,2022-12-27T20:00:00Z,40170,7.015225
6.88,6.95,6.81,73,6.93,2022-12-28T14:00:00Z,16945,6.869661
6.92,6.92,6.76,105,6.86,2022-12-28T15:00:00Z,21866,6.815665
6.97,6.99,6.89,68,6.91,2022-12-28T16:00:00Z,20540,6.945743
6.85,7.04,6.85,128,7.0,2022-12-28T17:00:00Z,21575,6.988254
6.87,6.895,6.81,108,6.84,2022-12-28T18:00:00Z,20643,6.85473
6.925,6.925,6.85,106,6.87,2022-12-28T19:00:00Z,15226,6.879114
7.0,7.065,6.92,235,6.92,2022-12-28T20:00:00Z,40092,7.000906
6.87,6.92,6.87,5,6.91,2022-12-29T13:00:00Z,500,6.89
6.875,6.9,6.835,143,6.86,2022-12-29T14:00:00Z,27689,6.862566
6.79,6.895,6.79,123,6.87,2022-12-29T15:00:00Z,23756,6.849934
6.75,6.81,6.75,111,6.8,2022-12-29T16:00:00Z,23439,6.783155
6.78,6.82,6.75,112,6.76,2022-12-29T17:00:00Z,15822,6.7842
6.76,6.84,6.76,126,6.8,2022-12-29T18:00:00Z,20354,6.812045
6.82,6.82,6.76,113,6.775,2022-12-29T19:00:00Z,14990,6.79129
6.895,6.9,6.79,311,6.815,2022-12-29T20:00:00Z,35017,6.827461
7.03,7.03,6.94,7,6.94,2022-12-30T13:00:00Z,600,6.978
6.95,7.04,6.92,123,6.99,2022-12-30T14:00:00Z,25829,6.970754
6.95,6.98,6.88,73,6.95,2022-12-30T15:00:00Z,28024,6.932458
7.02,7.045,6.955,408,6.96,2022-12-30T16:00:00Z,65114,7.014252
7.0,7.035,7.0,315,7.015,2022-12-30T17:00:00Z,39764,7.016239
7.035,7.1,6.98,629,7.0,2022-12-30T18:00:00Z,86286,7.02956
7.005,7.085,6.99,426,7.035,2022-12-30T19:00:00Z,80394,7.053627
6.87,7.01,6.86,593,7.0,2022-12-30T20:00:00Z,91821,6.946617
6.79,6.79,6.79,1,6.79,2023-01-03T13:00:00Z,100,6.79
6.91,6.91,6.75,46,6.76,2023-01-03T14:00:00Z,11089,6.827447
6.89,6.98,6.88,113,6.9,2023-01-03T15:00:00Z,19981,6.927613
7.1,7.1,6.84,98,6.86,2023-01-03T16:00:00Z,23759,6.985774
7.075,7.11,7.01,61,7.09,2023-01-03T17:00:00Z,8750,7.058237
6.95,7.1,6.95,50,7.075,2023-01-03T18:00:00Z,15132,7.051702
6.85,6.96,6.835,70,6.96,2023-01-03T19:00:00Z,18362,6.897997
6.79,6.87,6.78,185,6.86,2023-01-03T20:00:00Z,35441,6.807734
6.71,6.72,6.7,8,6.72,2023-01-04T13:00:00Z,701,6.712857
6.6,6.73,6.59,88,6.73,2023-01-04T14:00:00Z,22942,6.654211
6.62,6.73,6.57,144,6.69,2023-01-04T15:00:00Z,27156,6.666254
6.56,6.645,6.54,193,6.62,2023-01-04T16:00:00Z,28742,6.593896
6.6,6.6,6.53,164,6.56,2023-01-04T17:00:00Z,20510,6.555576
6.58,6.65,6.55,89,6.65,2023-01-04T18:00:00Z,8853,6.604002
6.59,6.7,6.495,332,6.57,2023-01-04T19:00:00Z,43859,6.580731
6.5,6.68,6.49,245,6.57,2023-01-04T20:00:00Z,33398,6.59468
6.6,6.6,6.59,4,6.59,2023-01-05T13:00:00Z,350,6.596667
6.56,6.71,6.56,70,6.56,2023-01-05T14:00:00Z,18819,6.635024
6.66,6.66,6.54,82,6.58,2023-01-05T15:00:00Z,19207,6.614067
6.69,6.7,6.63,101,6.69,2023-01-05T16:00:00Z,24010,6.668208
6.69,6.71,6.63,31,6.69,2023-01-05T17:00:00Z,10190,6.676318
6.6,6.74,6.57,53,6.69,2023-01-05T18:00:00Z,11669,6.655244
6.56,6.64,6.55,23,6.6,2023-01-05T19:00:00Z,5690,6.570034
6.57,6.62,6.565,90,6.6,2023-01-05T20:00:00Z,18694,6.5894
6.4,6.61,6.38,24,6.59,2023-01-06T13:00:00Z,2200,6.465
6.39,6.49,6.34,62,6.38,2023-01-06T14:00:00Z,12253,6.396834
6.29,6.37,6.26,196,6.32,2023-01-06T15:00:00Z,41157,6.30752
6.29,6.32,6.28,103,6.29,2023-01-06T16:00:00Z,15999,6.289712
6.23,6.29,6.21,214,6.28,2023-01-06T17:00:00Z,29545,6.25784
6.26,6.26,6.22,37,6.23,2023-01-06T18:00:00Z,4605,6.226833
6.28,6.29,6.24,77,6.25,2023-01-06T19:00:00Z,8798,6.257594
6.33,6.35,6.26,178,6.29,2023-01-06T20:00:00Z,39035,6.291322
6.29,6.33,6.29,9,6.33,2023-01-09T13:00:00Z,800,6.312857
6.3,6.32,6.28,36,6.31,2023-01-09T14:00:00Z,10866,6.306482
6.31,6.31,6.26,110,6.3,2023-01-09T15:00:00Z,21799,6.288511
6.23,6.3,6.23,79,6.3,2023-01-09T16:00:00Z,22973,6.279501
6.22,6.25,6.21,50,6.235,2023-01-09T17:00:00Z,7352,6.227191
6.33,6.33,6.21,122,6.21,2023-01-09T18:00:00Z,11741,6.276918
6.46,6.46,6.31,80,6.32,2023-01-09T19:00:00Z,20360,6.387905
6.39,6.49,6.37,132,6.46,2023-01-09T20:00:00Z,34387,6.434808
6.51,6.51,6.51,5,6.51,2023-01-10T13:00:00Z,415,6.51
6.36,6.47,6.36,65,6.46,2023-01-10T14:00:00Z,15406,6.400364
6.24,6.38,6.23,213,6.34,2023-01-10T15:00:00Z,55853,6.342551
6.12,6.24,6.12,204,6.24,2023-01-10T16:00:00Z,37372,6.185124
6.065,6.16,6.04,228,6.16,2023-01-10T17:00:00Z,51603,6.075028
6.06,6.06,6.0,222,6.06,2023-01-10T18:00:00Z,43440,6.033248
6.065,6.07,6.03,92,6.05,2023-01-10T19:00:00Z,19591,6.053861
5.99,6.1,5.97,234,6.07,2023-01-10T20:00:00Z,107863,6.015122
5.94,5.95,5.94,4,5.95,2023-01-11T13:00:00Z,315,5.943333
6.0,6.03,5.94,28,5.94,2023-01-11T14:00:00Z,4380,5.981689
6.07,6.07,5.99,61,6.01,2023-01-11T15:00:00Z,6957,6.040787
6.03,6.07,6.01,57,6.06,2023-01-11T16:00:00Z,13966,6.039254
6.03,6.04,6.01,21,6.02,2023-01-11T17:00:00Z,3030,6.020796
6.01,6.04,5.99,54,6.01,2023-01-11T18:00:00Z,11272,6.009559
6.01,6.05,6.01,81,6.02,2023-01-11T19:00:00Z,15138,6.029982
6.04,6.07,5.99,197,6.005,2023-01-11T20:00:00Z,27273,6.036987
5.8,6.09,5.8,59,5.96,2023-01-12T13:00:00Z,5408,5.925306
5.92,5.97,5.81,151,5.81,2023-01-12T14:00:00Z,36011,5.907522
5.81,5.93,5.78,187,5.92,2023-01-12T15:00:00Z,47032,5.849974
5.66,5.84,5.66,118,5.84,2023-01-12T16:00:00Z,28819,5.715168
5.65,5.67,5.62,81,5.67,2023-01-12T17:00:00Z,23903,5.638561
5.66,5.78,5.64,139,5.65,2023-01-12T18:00:00Z,21952,5.707394
5.68,5.7,5.65,117,5.66,2023-01-12T19:00:00Z,30211,5.670165
5.58,5.69,5.58,241,5.69,2023-01-12T20:00:00Z,40837,5.645913
5.66,5.69,5.64,15,5.66,2023-01-13T13:00:00Z,1450,5.662857
5.49,5.66,5.48,91,5.66,2023-01-13T14:00:00Z,23361,5.552973
5.43,5.51,5.38,196,5.5,2023-01-13T15:00:00Z,48036,5.430191
5.425,5.47,5.41,188,5.41,2023-01-13T16:00:00Z,39239,5.442719
5.33,5.395,5.31,150,5.395,2023-01-13T17:00:00Z,41239,5.349051
5.33,5.335,5.305,104,5.33,2023-01-13T18:00:00Z,18415,5.325562
5.34,5.35,5.33,77,5.33,2023-01-13T19:00:00Z,22814,5.339993
5.38,5.39,5.305,148,5.335,2023-01-13T20:00:00Z,44558,5.33365
5.54,5.54,5.5,7,5.52,2023-01-17T13:00:00Z,700,5.524286
5.47,5.57,5.47,88,5.51,2023-01-17T14:00:00Z,25977,5.525866
5.545,5.57,5.45,182,5.47,2023-01-17T15:00:00Z,39475,5.502297
5.43,5.56,5.43,105,5.54,2023-01-17T16:00:00Z,23531,5.511589
5.42,5.45,5.39,70,5.42,2023-01-17T17:00:00Z,22112,5.420768
5.37,5.42,5.37,66,5.41,2023-01-17T18:00:00Z,14143,5.388512
5.425,5.445,5.37,109,5.37,2023-01-17T19:00:00Z,24825,5.410346
5.45,5.48,5.39,118,5.41,2023-01-17T20:00:00Z,22200,5.431477
5.34,5.37,5.32,10,5.35,2023-01-18T13:00:00Z,1000,5.35
5.37,5.39,5.31,89,5.31,2023-01-18T14:00:00Z,18319,5.36445
5.46,5.46,5.37,107,5.37,2023-01-18T15:00:00Z,26992,5.402292
5.6,5.65,5.45,210,5.45,2023-01-18T16:00:00Z,66030,5.572665
5.72,5.74,5.6,137,5.6,2023-01-18T17:00:00Z,50785,5.657562
5.67,5.79,5.65,153,5.735,2023-01-18T18:00:00Z,34263,5.73228
5.675,5.7,5.66,52,5.7,2023-01-18T19:00:00Z,20119,5.676992
5.74,5.74,5.64,115,5.69,2023-01-18T20:00:00Z,39054,5.696982
5.99,6.04,5.99,20,6.03,2023-01-19T13:00:00Z,1800,6.00875
5.93,5.98,5.85,75,5.95,2023-01-19T14:00:00Z,14876,5.915136
6.01,6.03,5.83,220,5.94,2023-01-19T15:00:00Z,44943,5.903075
5.99,6.06,5.95,108,6.01,2023-01-19T16:00:00Z,30383,6.011754
5.84,5.97,5.84,55,5.97,2023-01-19T17:00:00Z,16143,5.909057
5.74,5.81,5.68,112,5.81,2023-01-19T18:00:00Z,30116,5.734377
5.67,5.73,5.66,53,5.71,2023-01-19T19:00:00Z,24157,5.696954
5.76,5.76,5.66,140,5.67,2023-01-19T20:00:00Z,29385,5.694442
5.73,5.74,5.7,8,5.71,2023-01-20T13:00:00Z,799,5.714286
5.68,5.79,5.67,35,5.74,2023-01-20T14:00:00Z,7942,5.719014
5.51,5.73,5.51,92,5.7,2023-01-20T15:00:00Z,21746,5.639498
5.47,5.53,5.47,69,5.5,2023-01-20T16:00:00Z,17763,5.495854
5.48,5.48,5.43,47,5.47,2023-01-20T17:00:00Z,11977,5.45788
5.45,5.52,5.45,51,5.47,2023-01-20T18:00:00Z,13224,5.473241
5.49,5.5,5.45,61,5.45,2023-01-20T19:00:00Z,14161,5.471858
5.5,5.5,5.43,97,5.46,2023-01-20T20:00:00Z,23107,5.460128
5.45,5.46,5.42,8,5.46,2023-01-23T13:00:00Z,800,5.43875
5.45,5.5,5.43,75,5.49,2023-01-23T14:00:00Z,26955,5.46619
5.47,5.48,5.41,101,5.44,2023-01-23T15:00:00Z,21500,5.453445
5.44,5.47,5.41,76,5.47,2023-01-23T16:00:00Z,26691,5.434506
5.37,5.44,5.37,63,5.44,2023-01-23T17:00:00Z,21647,5.411535
5.39,5.4,5.35,68,5.37,2023-01-23T18:00:00Z,26174,5.371934
5.5,5.52,5.42,59,5.43,2023-01-23T19:00:00Z,16949,5.475316
5.4,5.51,5.37,136,5.5,2023-01-23T20:00:00Z,36760,5.446653
5.37,5.49,5.3,98,5.49,2023-01-24T14:00:00Z,22189,5.379167
5.21,5.43,5.2,162,5.37,2023-01-24T15:00:00Z,53253,5.337186
5.215,5.24,5.19,155,5.22,2023-01-24T16:00:00Z,33896,5.217237
5.15,5.245,5.14,138,5.215,2023-01-24T17:00:00Z,20527,5.190814
5.07,5.17,5.065,198,5.15,2023-01-24T18:00:00Z,49096,5.127838
5.08,5.11,5.06,254,5.08,2023-01-24T19:00:00Z,51303,5.081788
5.085,5.17,5.075,290,5.085,2023-01-24T20:00:00Z,79231,5.128742
5.34,5.34,5.29,14,5.29,2023-01-25T13:00:00Z,1400,5.317857
5.4,5.4,5.29,133,5.34,2023-01-25T14:00:00Z,36382,5.337794
5.44,5.56,5.37,226,5.41,2023-01-25T15:00:00Z,55956,5.459825
5.275,5.455,5.26,134,5.44,2023-01-25T16:00:00Z,34947,5.34573
5.34,5.35,5.29,47,5.29,2023-01-25T17:00:00Z,10469,5.322259
5.13,5.33,5.13,112,5.305,2023-01-25T18:00:00Z,38061,5.187694
5.15,5.19,5.1,53,5.12,2023-01-25T19:00:00Z,22292,5.128885
5.08,5.14,5.075,143,5.13,2023-01-25T20:00:00Z,31585,5.11119
5.04,5.04,5.03,4,5.04,2023-01-26T13:00:00Z,400,5.0375
5.06,5.11,4.99,101,5.0,2023-01-26T14:00:00Z,24178,5.062768
5.14,5.15,5.05,137,5.06,2023-01-26T15:00:00Z,50436,5.088129
5.05,5.15,5.04,103,5.14,2023-01-26T16:00:00Z,25749,5.103401
5.09,5.09,5.03,62,5.04,2023-01-26T17:00:00Z,11485,5.053709
5.04,5.13,5.03,44,5.09,2023-01-26T18:00:00Z,10975,5.069589
5.01,5.05,5.01,77,5.05,2023-01-26T19:00:00Z,17718,5.017405
4.99,5.005,4.955,142,5.0,2023-01-26T20:00:00Z,40074,4.983525
4.99,5.03,4.97,14,5.03,2023-01-27T13:00:00Z,1350,5.008462
4.84,5.03,4.82,65,5.03,2023-01-27T14:00:00Z,25295,4.872356
4.87,4.89,4.73,163,4.84,2023-01-27T15:00:00Z,50967,4.813925
4.76,4.87,4.76,160,4.87,2023-01-27T16:00:00Z,34291,4.826698
4.805,4.805,4.75,135,4.78,2023-01-27T17:00:00Z,22570,4.77094
4.82,4.86,4.81,142,4.81,2023-01-27T18:00:00Z,27603,4.831192
4.85,4.86,4.795,204,4.81,2023-01-27T19:00:00Z,40601,4.821406
4.86,4.905,4.85,396,4.85,2023-01-27T20:00:00Z,90061,4.874889
5.08,5.09,5.07,6,5.07,2023-01-30T13:00:00Z,600,5.08
5.04,5.08,4.99,194,5.05,2023-01-30T14:00:00Z,43248,5.033799
5.11,5.17,5.03,213,5.04,2023-01-30T15:00:00Z,40662,5.102832
5.09,5.13,5.065,74,5.11,2023-01-30T16:00:00Z,11414,5.098777
5.11,5.12,5.05,69,5.08,2023-01-30T17:00:00Z,24420,5.094608
5.05,5.11,5.03,75,5.11,2023-01-30T18:00:00Z,21418,5.061894
5.1,5.135,5.06,35,5.06,2023-01-30T19:00:00Z,13698,5.116403
5.06,5.12,5.025,257,5.08,2023-01-30T20:00:00Z,41770,5.065692
5.02,5.09,5.01,11,5.09,2023-01-31T13:00:00Z,1000,5.028889
5.01,5.1,5.01,98,5.04,2023-01-31T14:00:00Z,13779,5.060357
4.94,5.07,4.93,117,5.06,2023-01-31T15:00:00Z,33412,4.990113
4.87,4.93,4.87,120,4.93,2023-01-31T16:00:00Z,30193,4.901472
4.86,4.91,4.83,210,4.89,2023-01-31T17:00:00Z,34805,4.859748
4.88,4.94,4.86,103,4.86,2023-01-31T18:00:00Z,12841,4.909871
4.88,4.88,4.86,130,4.87,2023-01-31T19:00:00Z,17865,4.870098
4.91,4.92,4.84,195,4.885,2023-01-31T20:00:00Z,50733,4.879739
4.9,4.91,4.9,9,4.91,2023-02-01T13:00:00Z,813,4.905
4.9,4.9,4.85,26,4.89,2023-02-01T14:00:00Z,9154,4.873395
5.03,5.03,4.91,101,4.94,2023-02-01T15:00:00Z,27921,4.978085
5.0,5.03,4.92,80,5.03,2023-02-01T16:00:00Z,25409,4.967212
5.04,5.04,4.995,85,5.0,2023-02-01T17:00:00Z,25343,5.005803
4.93,5.04,4.91,91,5.04,2023-02-01T18:00:00Z,21721,4.963354
4.785,5.05,4.755,157,4.98,2023-02-01T19:00:00Z,67486,4.891546
4.67,4.785,4.59,258,4.785,2023-02-01T20:00:00Z,65672,4.658647
4.5,4.56,4.5,13,4.56,2023-02-02T13:00:00Z,1130,4.523636
4.55,4.56,4.46,133,4.52,2023-02-02T14:00:00Z,33996,4.513414
4.58,4.63,4.535,208,4.56,2023-02-02T15:00:00Z,53416,4.574603
4.65,4.655,4.56,122,4.58,2023-02-02T16:00:00Z,27371,4.616146
4.72,4.72,4.62,74,4.65,2023-02-02T17:00:00Z,16327,4.667746
4.84,4.84,4.72,118,4.72,2023-02-02T18:00:00Z,21237,4.768955
4.99,5.01,4.88,242,4.88,2023-02-02T19:00:00Z,57844,4.92675
4.82,5.005,4.78,197,5.0,2023-02-02T20:00:00Z,73466,4.881951
5.03,5.04,4.83,36,4.84,2023-02-03T13:00:00Z,3500,4.960588
4.9,5.04,4.85,110,5.0,2023-02-03T14:00:00Z,30247,4.892464
4.95,4.97,4.81,183,4.92,2023-02-03T15:00:00Z,37891,4.882689
4.99,4.99,4.89,74,4.95,2023-02-03T16:00:00Z,23082,4.93158
5.02,5.02,4.92,29,4.99,2023-02-03T17:00:00Z,6518,4.949498
5.03,5.12,5.02,85,5.02,2023-02-03T18:00:00Z,30074,5.076727
4.99,5.06,4.96,70,5.06,2023-02-03T19:00:00Z,25818,5.024881
4.87,5.04,4.865,249,5.01,2023-02-03T20:00:00Z,79340,4.92646
5.0,5.0,4.98,11,4.99,2023-02-06T13:00:00Z,1100,4.985455
4.96,5.0,4.92,108,5.0,2023-02-06T14:00:00Z,32044,4.966438
5.01,5.09,4.94,165,4.96,2023-02-06T15:00:00Z,35440,5.008111
5.02,5.02,4.96,31,4.99,2023-02-06T16:00:00Z,10568,5.00803
5.01,5.05,4.98,42,5.045,2023-02-06T17:00:00Z,16918,5.011318
5.03,5.05,5.0,29,5.0,2023-02-06T18:00:00Z,8509,5.027577
5.03,5.05,4.99,80,5.02,2023-02-06T19:00:00Z,11051,5.017832
5.06,5.09,5.02,158,5.02,2023-02-06T20:00:00Z,25200,5.067728
5.13,5.13,5.03,6,5.03,2023-02-07T13:00:00Z,600,5.076667
5.05,5.13,5.04,60,5.13,2023-02-07T14:00:00Z,14695,5.088279
5.11,5.12,5.04,79,5.05,2023-02-07T15:00:00Z,16941,5.083515
5.01,5.1,5.0,50,5.1,2023-02-07T16:00:00Z,16881,5.041362
4.81,5.025,4.77,99,5.01,2023-02-07T17:00:00Z,45095,4.935194
5.04,5.12,4.78,170,4.8,2023-02-07T18:00:00Z,52955,4.949362
4.88,5.01,4.87,58,5.01,2023-02-07T19:00:00Z,15500,4.905807
4.81,4.91,4.79,145,4.86,2023-02-07T20:00:00Z,30154,4.844934
4.9,4.92,4.9,4,4.91,2023-02-08T13:00:00Z,400,4.9075
4.87,4.94,4.83,61,4.94,2023-02-08T14:00:00Z,17697,4.884612
4.91,4.93,4.81,142,4.88,2023-02-08T15:00:00Z,28330,4.882109
5.1,5.18,4.93,136,4.93,2023-02-08T16:00:00Z,50551,5.070647
5.11,5.18,5.09,116,5.11,2023-02-08T17:00:00Z,44607,5.159686
5.19,5.2,5.05,98,5.08,2023-02-08T18:00:00Z,28365,5.142245
5.16,5.21,5.13,42,5.19,2023-02-08T19:00:00Z,11879,5.175688
5.11,5.24,5.1,171,5.17,2023-02-08T20:00:00Z,34749,5.180642
4.98,5.02,4.98,5,5.02,2023-02-09T13:00:00Z,500,5.002
4.96,4.99,4.93,52,4.99,2023-02-09T14:00:00Z,14310,4.965242
4.98,4.99,4.9,83,4.97,2023-02-09T15:00:00Z,25825,4.944493
5.08,5.08,4.99,82,4.99,2023-02-09T16:00:00Z,23222,5.054313
5.08,5.17,4.995,106,5.05,2023-02-09T17:00:00Z,27019,5.07866
5.19,5.19,5.1,70,5.13,2023-02-09T18:00:00Z,23424,5.166862
5.22,5.24,5.15,85,5.165,2023-02-09T19:00:00Z,29268,5.204987
5.34,5.36,5.25,238,5.26,2023-02-09T20:00:00Z,59294,5.298978
5.5,5.5,5.49,4,5.49,2023-02-10T13:00:00Z,350,5.493333
5.49,5.54,5.46,121,5.475,2023-02-10T14:00:00Z,101894,5.479972
5.55,5.58,5.42,198,5.52,2023-02-10T15:00:00Z,36183,5.483445
5.575,5.62,5.5,57,5.54,2023-02-10T16:00:00Z,40661,5.572897
5.57,5.64,5.57,83,5.61,2023-02-10T17:00:00Z,12302,5.604901
5.52,5.57,5.45,126,5.56,2023-02-10T18:00:00Z,25763,5.511924
5.45,5.53,5.45,101,5.53,2023-02-10T19:00:00Z,33656,5.489216
5.44,5.44,5.37,214,5.42,2023-02-10T20:00:00Z,49707,5.393566
5.34,5.34,5.32,9,5.32,2023-02-13T13:00:00Z,900,5.333333
5.28,5.32,5.26,45,5.31,2023-02-13T14:00:00Z,15356,5.283531
5.19,5.27,5.19,35,5.26,2023-02-13T15:00:00Z,14993,5.215474
5.16,5.185,5.14,88,5.18,2023-02-13T16:00:00Z,28871,5.161929
5.17,5.175,5.13,63,5.16,2023-02-13T17:00:00Z,25651,5.153614
5.17,5.19,5.16,53,5.18,2023-02-13T18:00:00Z,18037,5.173593
5.19,5.24,5.19,74,5.19,2023-02-13T19:00:00Z,39028,5.223786
5.12,5.21,5.11,166,5.19,2023-02-13T20:00:00Z,29918,5.137884
4.92,5.02,4.79,90,5.02,2023-02-14T13:00:00Z,8316,4.904557
4.87,5.11,4.86,83,4.93,2023-02-14T14:00:00Z,32477,4.95037
4.99,5.08,4.84,194,4.87,2023-02-14T15:00:00Z,71189,4.961774
4.98,5.07,4.88,187,5.0,2023-02-14T16:00:00Z,56431,4.996042
4.92,4.97,4.865,108,4.95,2023-02-14T17:00:00Z,43555,4.920323
4.85,4.92,4.84,99,4.92,2023-02-14T18:00:00Z,23160,4.865348
4.84,4.9,4.82,111,4.87,2023-02-14T19:00:00Z,23186,4.846393
4.82,4.845,4.77,207,4.84,2023-02-14T20:00:00Z,32071,4.809731
4.88,4.92,4.88,10,4.92,2023-02-15T13:00:00Z,850,4.901429
4.86,4.89,4.82,70,4.86,2023-02-15T14:00:00Z,22167,4.854385
4.83,4.87,4.78,158,4.85,2023-02-15T15:00:00Z,40577,4.820433
4.77,4.84,4.76,100,4.84,2023-02-15T16:00:00Z,37784,4.786712
4.82,4.855,4.78,67,4.81,2023-02-15T17:00:00Z,43276,4.820004
4.78,4.84,4.78,46,4.82,2023-02-15T18:00:00Z,9093,4.809722
4.79,4.8,4.76,56,4.78,2023-02-15T19:00:00Z,16240,4.778222
4.71,4.765,4.71,203,4.765,2023-02-15T20:00:00Z,46502,4.742809
4.88,4.9,4.76,26,4.76,2023-02-16T13:00:00Z,2370,4.85
5.0,5.0,4.85,69,4.9,2023-02-16T14:00:00Z,27521,4.939787
4.95,5.08,4.91,129,5.05,2023-02-16T15:00:00Z,79850,4.978281
4.945,4.96,4.91,90,4.93,2023-02-16T16:00:00Z,36526,4.934305
4.85,4.94,4.83,91,4.91,2023-02-16T17:00:00Z,42930,4.872812
4.81,4.87,4.81,46,4.85,2023-02-16T18:00:00Z,24241,4.838361
4.78,4.81,4.77,34,4.8,2023-02-16T19:00:00Z,12930,4.785375
5.065,5.09,4.78,180,4.78,2023-02-16T20:00:00Z,89516,4.996494
5.21,5.24,5.21,5,5.21,2023-02-17T13:00:00Z,460,5.2175
5.33,5.39,5.16,137,5.22,2023-02-17T14:00:00Z,69989,5.264649
5.33,5.33,5.17,182,5.31,2023-02-17T15:00:00Z,60088,5.261544
5.3,5.36,5.26,99,5.33,2023-02-17T16:00:00Z,30299,5.313341
5.29,5.31,5.21,42,5.27,2023-02-17T17:00:00Z,8682,5.267218
5.21,5.285,5.19,34,5.275,2023-02-17T18:00:00Z,12955,5.215642
5.11,5.2,5.1,43,5.2,2023-02-17T19:00:00Z,17358,5.14262
5.095,5.17,5.09,171,5.09,2023-02-17T20:00:00Z,42974,5.128146
5.43,5.43,5.43,1,5.43,2023-02-21T13:00:00Z,100,5.43
5.485,5.485,5.36,73,5.44,2023-02-21T14:00:00Z,24110,5.411855
5.58,5.58,5.48,83,5.49,2023-02-21T15:00:00Z,41045,5.517323
5.645,5.685,5.57,93,5.575,2023-02-21T16:00:00Z,30290,5.63361
5.63,5.69,5.59,32,5.6,2023-02-21T17:00:00Z,7153,5.655511
5.68,5.69,5.59,77,5.6,2023-02-21T18:00:00Z,32142,5.637739
5.63,5.73,5.63,111,5.69,2023-02-21T19:00:00Z,18837,5.691628
5.68,5.69,5.59,113,5.65,2023-02-21T20:00:00Z,33802,5.65486
5.62,5.62,5.62,2,5.62,2023-02-22T13:00:00Z,200,5.62
5.68,5.7,5.62,75,5.62,2023-02-22T14:00:00Z,26912,5.668987
5.6,5.8,5.6,156,5.72,2023-02-22T15:00:00Z,51619,5.710628
5.57,5.64,5.54,79,5.6,2023-02-22T16:00:00Z,31784,5.583038
5.465,5.59,5.435,47,5.59,2023-02-22T17:00:00Z,24982,5.474841
5.43,5.46,5.41,77,5.45,2023-02-22T18:00:00Z,27547,5.44039
5.5,5.53,5.4,60,5.48,2023-02-22T19:00:00Z,24160,5.470708
5.42,5.55,5.41,218,5.51,2023-02-22T20:00:00Z,44649,5.463884
5.33,5.35,5.28,9,5.28,2023-02-23T13:00:00Z,850,5.325
5.2,5.3,5.195,95,5.3,2023-02-23T14:00:00Z,42919,5.220019
5.34,5.35,5.17,50,5.17,2023-02-23T15:00:00Z,22574,5.254158
5.5,5.5,5.285,83,5.33,2023-02-23T16:00:00Z,28061,5.397895
5.37,5.51,5.37,55,5.51,2023-02-23T17:00:00Z,12140,5.452407
5.36,5.39,5.35,34,5.37,2023-02-23T18:00:00Z,14882,5.359884
5.2,5.32,5.17,47,5.305,2023-02-23T19:00:00Z,31903,5.220054
5.12,5.17,5.11,127,5.17,2023-02-23T20:00:00Z,34955,5.132341
5.41,5.48,5.3,31,5.32,2023-02-24T13:00:00Z,3000,5.418966
5.57,5.61,5.395,95,5.44,2023-02-24T14:00:00Z,33054,5.503638
5.62,5.64,5.48,158,5.58,2023-02-24T15:00:00Z,54270,5.600311
5.52,5.62,5.44,150,5.61,2023-02-24T16:00:00Z,44098,5.523203
5.6,5.6,5.5,99,5.52,2023-02-24T17:00:00Z,22143,5.553818
5.49,5.62,5.47,118,5.58,2023-02-24T18:00:00Z,20954,5.557851
5.41,5.51,5.39,107,5.48,2023-02-24T19:00:00Z,35095,5.464556
5.43,5.53,5.39,250,5.39,2023-02-24T20:00:00Z,49386,5.450285
5.24,5.28,5.22,12,5.28,2023-02-27T13:00:00Z,1192,5.247273
5.14,5.26,5.14,24,5.26,2023-02-27T14:00:00Z,8769,5.173465
5.16,5.18,5.07,80,5.15,2023-02-27T15:00:00Z,34930,5.127807
5.18,5.22,5.08,38,5.12,2023-02-27T16:00:00Z,14439,5.142058
5.13,5.2,5.12,38,5.17,2023-02-27T17:00:00Z,21936,5.154674
5.15,5.15,5.13,23,5.15,2023-02-27T18:00:00Z,15272,5.141834
5.11,5.14,5.11,14,5.12,2023-02-27T19:00:00Z,4902,5.123243
5.15,5.21,5.12,63,5.17,2023-02-27T20:00:00Z,19959,5.159409
5.11,5.13,5.07,16,5.07,2023-02-28T13:00:00Z,1600,5.095625
5.05,5.14,5.03,33,5.11,2023-02-28T14:00:00Z,13500,5.078196
4.98,5.06,4.98,64,5.02,2023-02-28T15:00:00Z,21917,5.014208
4.98,4.99,4.94,38,4.97,2023-02-28T16:00:00Z,20063,4.967256
4.94,4.99,4.94,10,4.99,2023-02-28T17:00:00Z,3942,4.963354
4.92,4.95,4.91,56,4.95,2023-02-28T18:00:00Z,4328,4.918718
4.93,4.95,4.91,30,4.92,2023-02-28T19:00:00Z,12371,4.920865
4.985,4.995,4.93,61,4.94,2023-02-28T20:00:00Z,8122,4.959918
4.99,4.99,4.93,7,4.93,2023-03-01T13:00:00Z,700,4.962857
4.94,5.05,4.91,72,5.02,2023-03-01T14:00:00Z,26557,4.984519
5.02,5.12,4.92,110,4.965,2023-03-01T15:00:00Z,44449,5.039568
5.03,5.215,5.02,74,5.04,2023-03-01T16:00:00Z,34357,5.126096
5.02,5.04,4.97,44,5.04,2023-03-01T17:00:00Z,18694,4.996115
5.04,5.07,5.025,53,5.025,2023-03-01T18:00:00Z,18462,5.038906
5.09,5.15,5.06,87,5.06,2023-03-01T19:00:00Z,21636,5.107022
5.05,5.09,5.02,140,5.09,2023-03-01T20:00:00Z,31365,5.049815
5.19,5.21,5.16,12,5.16,2023-03-02T13:00:00Z,1150,5.194545
5.06,5.19,5.02,94,5.19,2023-03-02T14:00:00Z,28864,5.096445
4.96,5.07,4.96,40,5.03,2023-03-02T15:00:00Z,9116,5.020377
4.93,4.955,4.92,31,4.93,2023-03-02T16:00:00Z,13240,4.932402
4.92,4.94,4.92,18,4.92,2023-03-02T17:00:00Z,8732,4.92645
4.85,4.93,4.85,29,4.92,2023-03-02T18:00:00Z,11336,4.897418
4.8,4.83,4.79,35,4.81,2023-03-02T19:00:00Z,16188,4.806463
4.79,4.815,4.78,101,4.79,2023-03-02T20:00:00Z,24170,4.791805
4.69,4.73,4.68,46,4.69,2023-03-03T14:00:00Z,12901,4.701892
4.67,4.73,4.66,94,4.7,2023-03-03T15:00:00Z,37009,4.685145
4.61,4.665,4.595,105,4.665,2023-03-03T16:00:00Z,35603,4.626579
4.61,4.62,4.61,66,4.61,2023-03-03T17:00:00Z,29810,4.615109
4.635,4.655,4.615,60,4.615,2023-03-03T18:00:00Z,22966,4.640941
4.6,4.635,4.6,71,4.635,2023-03-03T19:00:00Z,24701,4.620624
4.55,4.61,4.54,141,4.59,2023-03-03T20:00:00Z,78800,4.568649
4.51,4.54,4.51,21,4.54,2023-03-06T13:00:00Z,4050,4.523
4.46,4.53,4.46,36,4.51,2023-03-06T14:00:00Z,14244,4.488917
4.43,4.465,4.43,64,4.465,2023-03-06T15:00:00Z,22257,4.442644
4.435,4.45,4.425,39,4.43,2023-03-06T16:00:00Z,12975,4.437831
4.49,4.5,4.44,60,4.44,2023-03-06T17:00:00Z,21787,4.471705
4.5,4.52,4.49,64,4.49,2023-03-06T18:00:00Z,26976,4.50531
4.46,4.5,4.46,66,4.5,2023-03-06T19:00:00Z,17114,4.47383
4.46,4.48,4.445,97,4.46,2023-03-06T20:00:00Z,30663,4.456072
4.45,4.45,4.43,8,4.44,2023-03-07T13:00:00Z,800,4.435
4.41,4.46,4.4,55,4.46,2023-03-07T14:00:00Z,14099,4.417412
4.49,4.55,4.35,206,4.42,2023-03-07T15:00:00Z,96495,4.435342
4.49,4.505,4.45,73,4.49,2023-03-07T16:00:00Z,37335,4.481858
4.47,4.49,4.42,60,4.49,2023-03-07T17:00:00Z,30065,4.452026
4.6,4.615,4.5,76,4.5,2023-03-07T18:00:00Z,38513,4.568414
4.64,4.64,4.59,77,4.61,2023-03-07T19:00:00Z,30663,4.610578
4.6,4.635,4.54,120,4.635,2023-03-07T20:00:00Z,27118,4.586727
4.64,4.65,4.63,12,4.65,2023-03-08T13:00:00Z,997,4.638889
4.57,4.63,4.56,25,4.63,2023-03-08T14:00:00Z,19731,4.59549
4.55,4.65,4.54,81,4.63,2023-03-08T15:00:00Z,34317,4.579172
4.51,4.57,4.5,48,4.55,2023-03-08T16:00:00Z,13555,4.533826
4.55,4.59,4.51,36,4.51,2023-03-08T17:00:00Z,20240,4.546784
4.58,4.6,4.55,47,4.57,2023-03-08T18:00:00Z,9580,4.569112
4.52,4.575,4.52,28,4.56,2023-03-08T19:00:00Z,13608,4.552311
4.48,4.52,4.45,105,4.51,2023-03-08T20:00:00Z,26188,4.478189
4.44,4.51,4.44,15,4.51,2023-03-09T13:00:00Z,1400,4.46
4.405,4.44,4.39,35,4.43,2023-03-09T14:00:00Z,17127,4.413657
4.44,4.45,4.38,75,4.4,2023-03-09T15:00:00Z,33101,4.419006
4.52,4.52,4.45,99,4.475,2023-03-09T16:00:00Z,39015,4.489697
4.58,4.6,4.53,87,4.53,2023-03-09T17:00:00Z,43644,4.560548
4.74,4.76,4.57,122,4.58,2023-03-09T18:00:00Z,77850,4.670273
4.96,4.96,4.73,239,4.74,2023-03-09T19:00:00Z,132498,4.818028
5.19,5.22,4.99,207,4.99,2023-03-09T20:00:00Z,105801,5.133855
5.06,5.32,5.0,98,5.3,2023-03-10T13:00:00Z,9121,5.111494
5.39,5.585,5.06,325,5.06,2023-03-10T14:00:00Z,130913,5.407242
5.67,6.01,5.29,337,5.34,2023-03-10T15:00:00Z,158869,5.704051
5.85,5.86,5.39,397,5.68,2023-03-10T16:00:00Z,134396,5.609639
6.2,6.21,5.81,316,5.85,2023-03-10T17:00:00Z,97658,5.976521
6.635,6.82,6.12,421,6.21,2023-03-10T18:00:00Z,157784,6.477165
6.085,6.62,5.94,302,6.62,2023-03-10T19:00:00Z,104828,6.271534
6.015,6.3,5.88,310,6.08,2023-03-10T20:00:00Z,81562,6.091937
6.58,6.83,6.2,191,6.21,2023-03-13T12:00:00Z,18083,6.563988
6.31,7.17,6.3,435,6.57,2023-03-13T13:00:00Z,80604,6.618706
6.52,6.91,6.28,342,6.36,2023-03-13T14:00:00Z,87845,6.696075
6.32,6.56,6.195,499,6.52,2023-03-13T15:00:00Z,108463,6.373557
6.51,6.63,6.25,424,6.29,2023-03-13T16:00:00Z,103980,6.448246
6.295,6.68,6.275,265,6.59,2023-03-13T17:00:00Z,57764,6.495036
6.17,6.35,6.17,230,6.275,2023-03-13T18:00:00Z,62331,6.272902
6.32,6.36,6.12,433,6.17,2023-03-13T19:00:00Z,171268,6.209527
5.77,6.12,5.73,211,6.12,2023-03-14T12:00:00Z,17985,5.909
5.79,5.79,5.57,359,5.77,2023-03-14T13:00:00Z,94875,5.696346
5.54,5.86,5.43,347,5.83,2023-03-14T14:00:00Z,96726,5.616184
5.35,5.53,5.3,160,5.52,2023-03-14T15:00:00Z,40992,5.367987
5.4,5.54,5.29,183,5.35,2023-03-14T16:00:00Z,54777,5.399769
5.79,5.82,5.4,373,5.42,2023-03-14T17:00:00Z,101164,5.683083
5.96,5.97,5.715,270,5.77,2023-03-14T18:00:00Z,41498,5.852815
5.735,6.095,5.735,350,5.96,2023-03-14T19:00:00Z,58310,5.931866
6.6,6.63,6.32,168,6.41,2023-03-15T12:00:00Z,15810,6.494564
6.54,6.69,6.35,161,6.55,2023-03-15T13:00:00Z,54004,6.465647
6.68,6.92,6.4,398,6.58,2023-03-15T14:00:00Z,128833,6.665473
6.77,6.83,6.6,118,6.79,2023-03-15T15:00:00Z,43003,6.732012
7.16,7.28,6.82,236,6.84,2023-03-15T16:00:00Z,54098,7.073675
6.96,7.28,6.75,177,7.18,2023-03-15T17:00:00Z,34953,6.915494
6.42,7.09,6.42,225,6.95,2023-03-15T18:00:00Z,35937,6.658727
6.44,6.65,6.26,193,6.41,2023-03-15T19:00:00Z,47565,6.482604
6.63,6.67,6.45,52,6.47,2023-03-16T12:00:00Z,5000,6.555208
6.44,6.79,6.44,99,6.68,2023-03-16T13:00:00Z,26701,6.654815
6.0,6.77,5.97,195,6.455,2023-03-16T14:00:00Z,57606,6.304601
5.85,6.16,5.85,226,6.0,2023-03-16T15:00:00Z,55149,6.004765
5.74,6.08,5.72,88,5.91,2023-03-16T16:00:00Z,27738,5.90403
5.775,5.91,5.72,48,5.75,2023-03-16T17:00:00Z,16328,5.810541
5.725,5.87,5.71,96,5.78,2023-03-16T18:00:00Z,19564,5.798338
5.61,5.76,5.6,94,5.74,2023-03-16T19:00:00Z,21935,5.696068
6.01,6.09,5.81,89,5.81,2023-03-17T12:00:00Z,8900,5.972472
5.88,6.01,5.8,91,6.01,2023-03-17T13:00:00Z,31569,5.869271
6.08,6.21,5.7,155,5.86,2023-03-17T14:00:00Z,39220,5.975018
6.29,6.36,6.0,156,6.11,2023-03-17T15:00:00Z,30528,6.151114
6.28,6.35,6.12,161,6.25,2023-03-17T16:00:00Z,31807,6.249592
6.28,6.31,6.08,99,6.28,2023-03-17T17:00:00Z,27336,6.219694
6.38,6.5,6.15,185,6.17,2023-03-17T18:00:00Z,38463,6.394146
6.49,6.6,6.29,188,6.43,2023-03-17T19:00:00Z,50723,6.450225
6.41,6.56,6.41,8,6.56,2023-03-20T12:00:00Z,2447,6.507826
6.37,6.6,6.37,74,6.5,2023-03-20T13:00:00Z,20297,6.488897
6.18,6.49,6.18,54,6.34,2023-03-20T14:00:00Z,16712,6.348382
6.17,6.2,6.06,87,6.19,2023-03-20T15:00:00Z,34349,6.139768
6.13,6.4,6.11,56,6.2,2023-03-20T16:00:00Z,19052,6.257195
6.11,6.2,6.06,30,6.14,2023-03-20T17:00:00Z,10836,6.110428
6.09,6.22,6.04,22,6.15,2023-03-20T18:00:00Z,7270,6.120028
6.05,6.14,6.0,53,6.0,2023-03-20T19:00:00Z,21071,6.038454
5.58,5.67,5.57,56,5.67,2023-03-21T12:00:00Z,4970,5.639149
5.515,5.61,5.5,72,5.55,2023-03-21T13:00:00Z,19744,5.54691
5.49,5.585,5.41,122,5.505,2023-03-21T14:00:00Z,53152,5.499726
5.5,5.585,5.4,143,5.49,2023-03-21T15:00:00Z,43617,5.447749
5.405,5.505,5.37,53,5.505,2023-03-21T16:00:00Z,15158,5.398737
5.43,5.44,5.265,83,5.415,2023-03-21T17:00:00Z,50260,5.334331
5.365,5.445,5.295,141,5.4,2023-03-21T18:00:00Z,60734,5.334213
5.265,5.365,5.23,288,5.365,2023-03-21T19:00:00Z,102366,5.285225
5.24,5.27,5.24,13,5.27,2023-03-22T12:00:00Z,1300,5.259231
5.115,5.245,5.11,74,5.2,2023-03-22T13:00:00Z,26496,5.165053
5.05,5.1,4.995,164,5.09,2023-03-22T14:00:00Z,77568,5.051964
5.1,5.16,5.05,83,5.05,2023-03-22T15:00:00Z,34041,5.098072
5.16,5.19,5.09,28,5.12,2023-03-22T16:00:00Z,16201,5.142697
5.09,5.245,5.075,47,5.23,2023-03-22T17:00:00Z,10498,5.202727
5.15,5.26,4.95,211,5.11,2023-03-22T18:00:00Z,61129,5.069171
5.52,5.52,5.04,297,5.17,2023-03-22T19:00:00Z,64667,5.273999
5.31,5.34,5.28,15,5.33,2023-03-23T12:00:00Z,1277,5.311818
5.15,5.36,5.12,66,5.36,2023-03-23T13:00:00Z,17527,5.195196
4.99,5.2,4.99,142,5.15,2023-03-23T14:00:00Z,51048,5.073561
5.05,5.09,5.0,82,5.0,2023-03-23T15:00:00Z,34405,5.048568
5.28,5.345,5.05,296,5.05,2023-03-23T16:00:00Z,51030,5.222509
5.5,5.5,5.26,327,5.28,2023-03-23T17:00:00Z,35653,5.408353
5.67,5.87,5.46,493,5.47,2023-03-23T18:00:00Z,84356,5.69603
5.74,5.89,5.475,562,5.65,2023-03-23T19:00:00Z,154682,5.720781
6.04,6.32,6.0,48,6.28,2023-03-24T12:00:00Z,8196,6.144318
6.14,6.35,5.99,117,6.07,2023-03-24T13:00:00Z,35065,6.155017
6.16,6.24,5.99,158,6.08,2023-03-24T14:00:00Z,51960,6.13011
5.96,6.31,5.94,133,6.17,2023-03-24T15:00:00Z,35894,6.15953
5.77,6.12,5.71,150,5.95,2023-03-24T16:00:00Z,36284,5.898281
5.63,5.855,5.61,120,5.725,2023-03-24T17:00:00Z,42456,5.731245
5.56,5.61,5.47,60,5.575,2023-03-24T18:00:00Z,19531,5.529891
5.405,5.635,5.4,140,5.545,2023-03-24T19:00:00Z,40503,5.53044
5.25,5.27,5.24,6,5.26,2023-03-27T12:00:00Z,600,5.258333
5.25,5.27,5.17,24,5.25,2023-03-27T13:00:00Z,16531,5.237574
5.3,5.33,5.19,50,5.22,2023-03-27T14:00:00Z,16097,5.252017
5.29,5.33,5.225,48,5.31,2023-03-27T15:00:00Z,20118,5.289637
5.21,5.28,5.21,10,5.25,2023-03-27T16:00:00Z,3901,5.241026
5.135,5.2,5.1,10,5.2,2023-03-27T17:00:00Z,4112,5.138662
5.11,5.165,5.06,192,5.14,2023-03-27T18:00:00Z,39555,5.095599
5.085,5.14,5.07,204,5.1,2023-03-27T19:00:00Z,46183,5.097532
5.16,5.18,5.07,27,5.08,2023-03-28T12:00:00Z,2637,5.1328
4.99,5.16,4.99,24,5.16,2023-03-28T13:00:00Z,7085,5.052464
5.02,5.07,4.92,68,5.05,2023-03-28T14:00:00Z,37607,4.989485
4.93,5.02,4.91,56,5.02,2023-03-28T15:00:00Z,30119,4.956245
4.98,4.98,4.92,43,4.92,2023-03-28T16:00:00Z,22119,4.948617
5.14,5.155,4.97,63,4.98,2023-03-28T17:00:00Z,22656,5.04025
5.0,5.145,4.98,58,5.145,2023-03-28T18:00:00Z,26643,5.047322
4.91,5.01,4.9,141,4.995,2023-03-28T19:00:00Z,69328,4.954023
4.72,4.74,4.72,39,4.73,2023-03-29T12:00:00Z,2806,4.730435
4.69,4.76,4.69,71,4.72,2023-03-29T13:00:00Z,16988,4.726748
4.76,4.785,4.69,115,4.7,2023-03-29T14:00:00Z,26398,4.728943
4.72,4.74,4.7,47,4.74,2023-03-29T15:00:00Z,15660,4.713534
4.7,4.72,4.68,27,4.705,2023-03-29T16:00:00Z,12136,4.702414
4.74,4.74,4.715,7,4.72,2023-03-29T17:00:00Z,2488,4.72324
4.65,4.74,4.65,31,4.74,2023-03-29T18:00:00Z,17259,4.658704
4.65,4.68,4.62,70,4.66,2023-03-29T19:00:00Z,24188,4.654254
4.6,4.61,4.58,17,4.6,2023-03-30T12:00:00Z,1700,4.599412
4.655,4.68,4.6,68,4.6,2023-03-30T13:00:00Z,15500,4.640682
4.69,4.735,4.61,97,4.63,2023-03-30T14:00:00Z,21324,4.671901
4.83,4.83,4.7,73,4.7,2023-03-30T15:00:00Z,9358,4.773187
4.835,4.895,4.77,197,4.865,2023-03-30T16:00:00Z,41621,4.822429
4.81,4.87,4.78,120,4.84,2023-03-30T17:00:00Z,23325,4.817255
4.7,4.79,4.7,54,4.78,2023-03-30T18:00:00Z,9340,4.73645
4.65,4.7,4.64,85,4.7,2023-03-30T19:00:00Z,28232,4.662144
4.65,4.69,4.62,11,4.69,2023-03-31T12:00:00Z,1100,4.640909
4.63,4.63,4.6,31,4.61,2023-03-31T13:00:00Z,6526,4.607538
4.61,4.62,4.58,47,4.61,2023-03-31T14:00:00Z,8726,4.603779
4.6,4.655,4.595,24,4.65,2023-03-31T15:00:00Z,14691,4.612263
4.56,4.59,4.55,78,4.58,2023-03-31T16:00:00Z,6927,4.567945
4.56,4.57,4.55,15,4.55,2023-03-31T17:00:00Z,2218,4.56
4.54,4.58,4.53,37,4.56,2023-03-31T18:00:00Z,12821,4.550351
4.62,4.62,4.54,93,4.54,2023-03-31T19:00:00Z,50424,4.572062
4.65,4.69,4.65,22,4.69,2023-04-03T12:00:00Z,5394,4.68086
4.61,4.66,4.58,59,4.66,2023-04-03T13:00:00Z,16158,4.609642
4.7,4.7,4.59,59,4.6,2023-04-03T14:00:00Z,17920,4.648967
4.58,4.75,4.58,179,4.7,2023-04-03T15:00:00Z,29506,4.674528
4.54,4.56,4.52,197,4.56,2023-04-03T16:00:00Z,32289,4.532652
4.53,4.56,4.525,76,4.55,2023-04-03T17:00:00Z,18500,4.542743
4.495,4.53,4.49,142,4.53,2023-04-03T18:00:00Z,44078,4.49676
4.45,4.505,4.45,127,4.495,2023-04-03T19:00:00Z,31012,4.474492
4.52,4.53,4.47,18,4.47,2023-04-04T12:00:00Z,3500,4.515143
4.51,4.545,4.5,59,4.52,2023-04-04T13:00:00Z,17184,4.520312
4.61,4.62,4.49,146,4.51,2023-04-04T14:00:00Z,43923,4.570367
4.69,4.73,4.63,57,4.63,2023-04-04T15:00:00Z,26192,4.671453
4.63,4.77,4.63,29,4.705,2023-04-04T16:00:00Z,15721,4.726656
4.55,4.63,4.55,20,4.61,2023-04-04T17:00:00Z,2563,4.59841
4.63,4.645,4.55,38,4.56,2023-04-04T18:00:00Z,16928,4.623096
4.59,4.65,4.58,58,4.62,2023-04-04T19:00:00Z,17305,4.610809
4.65,4.67,4.61,11,4.64,2023-04-05T12:00:00Z,2200,4.647273
4.61,4.65,4.57,55,4.65,2023-04-05T13:00:00Z,16595,4.619893
4.74,4.75,4.6,113,4.61,2023-04-05T14:00:00Z,39947,4.681942
4.58,4.74,4.58,117,4.74,2023-04-05T15:00:00Z,39493,4.6427
4.67,4.72,4.56,81,4.58,2023-04-05T16:00:00Z,23575,4.629028
4.59,4.67,4.58,85,4.67,2023-04-05T17:00:00Z,34879,4.618879
4.51,4.59,4.51,57,4.59,2023-04-05T18:00:00Z,19470,4.556038
4.53,4.56,4.52,53,4.56,2023-04-05T19:00:00Z,20211,4.53452
4.55,4.55,4.52,7,4.52,2023-04-06T12:00:00Z,1400,4.535714
4.6,4.62,4.56,32,4.57,2023-04-06T13:00:00Z,15130,4.597925
4.56,4.59,4.52,31,4.59,2023-04-06T14:00:00Z,12377,4.552026
4.49,4.54,4.49,17,4.54,2023-04-06T15:00:00Z,3622,4.510155
4.43,4.48,4.41,25,4.46,2023-04-06T16:00:00Z,15144,4.453106
4.39,4.41,4.37,34,4.41,2023-04-06T17:00:00Z,19682,4.38413
4.38,4.39,4.355,40,4.39,2023-04-06T18:00:00Z,7913,4.371835
4.4,4.405,4.365,322,4.375,2023-04-06T19:00:00Z,62410,4.381884
4.47,4.49,4.44,27,4.44,2023-04-10T12:00:00Z,3603,4.465714
4.455,4.505,4.43,34,4.46,2023-04-10T13:00:00Z,10900,4.469954
4.38,4.44,4.36,157,4.44,2023-04-10T14:00:00Z,47865,4.378492
4.39,4.39,4.36,79,4.37,2023-04-10T15:00:00Z,12670,4.370434
4.35,4.43,4.34,42,4.39,2023-04-10T16:00:00Z,10360,4.374254
4.3,4.355,4.3,24,4.34,2023-04-10T17:00:00Z,4615,4.342929
4.32,4.34,4.31,30,4.31,2023-04-10T18:00:00Z,10800,4.322361
4.34,4.39,4.32,76,4.32,2023-04-10T19:00:00Z,25629,4.360946
4.31,4.34,4.31,8,4.34,2023-04-11T12:00:00Z,1500,4.332
4.27,4.32,4.255,64,4.31,2023-04-11T13:00:00Z,23290,4.281472
4.24,4.3,4.24,64,4.27,2023-04-11T14:00:00Z,25900,4.254583
4.2,4.23,4.19,106,4.23,2023-04-11T15:00:00Z,25773,4.209427
4.23,4.24,4.19,57,4.2,2023-04-11T16:00:00Z,29565,4.214068
4.185,4.225,4.185,29,4.225,2023-04-11T17:00:00Z,14405,4.215104
4.21,4.21,4.19,20,4.19,2023-04-11T18:00:00Z,9600,4.202813
4.28,4.3,4.19,100,4.23,2023-04-11T19:00:00Z,43799,4.249369
4.13,4.28,4.09,101,4.28,2023-04-12T12:00:00Z,16573,4.140031
4.24,4.265,4.13,87,4.16,2023-04-12T13:00:00Z,15733,4.182108
4.27,4.295,4.165,103,4.24,2023-04-12T14:00:00Z,33842,4.228637
4.22,4.35,4.21,93,4.275,2023-04-12T15:00:00Z,43003,4.300326
4.21,4.24,4.2,65,4.22,2023-04-12T16:00:00Z,25490,4.210621
4.17,4.2,4.16,59,4.2,2023-04-12T17:00:00Z,16529,4.171787
4.23,4.27,4.14,77,4.175,2023-04-12T18:00:00Z,20344,4.207931
4.31,4.33,4.2,94,4.23,2023-04-12T19:00:00Z,38441,4.280497
4.19,4.27,4.18,8,4.27,2023-04-13T12:00:00Z,1500,4.192667
4.16,4.21,4.16,30,4.18,2023-04-13T13:00:00Z,6783,4.186
4.1,4.15,4.095,74,4.15,2023-04-13T14:00:00Z,26530,4.125178
4.07,4.09,4.06,46,4.09,2023-04-13T15:00:00Z,14075,4.074711
4.09,4.09,4.075,14,4.075,2023-04-13T16:00:00Z,8362,4.089522
4.1,4.105,4.08,26,4.09,2023-04-13T17:00:00Z,9702,4.091237
4.085,4.11,4.07,42,4.1,2023-04-13T18:00:00Z,20148,4.086774
4.07,4.09,4.06,113,4.09,2023-04-13T19:00:00Z,39314,4.075878
4.12,4.14,4.08,34,4.1,2023-04-14T12:00:00Z,5946,4.110694
4.025,4.12,4.02,57,4.12,2023-04-14T13:00:00Z,20936,4.059471
4.07,4.095,4.01,85,4.035,2023-04-14T14:00:00Z,28070,4.056943
4.07,4.1,4.05,39,4.09,2023-04-14T15:00:00Z,15696,4.078594
4.15,4.155,4.04,60,4.07,2023-04-14T16:00:00Z,26956,4.112028
4.04,4.14,4.04,84,4.14,2023-04-14T17:00:00Z,27075,4.082294
4.0,4.055,4.0,135,4.05,2023-04-14T18:00:00Z,37758,4.01385
3.98,4.04,3.975,120,4.01,2023-04-14T19:00:00Z,58813,4.007341
3.95,3.96,3.94,25,3.95,2023-04-17T12:00:00Z,5149,3.950812
3.89,3.95,3.88,103,3.94,2023-04-17T13:00:00Z,38177,3.905181
3.89,3.9,3.82,123,3.88,2023-04-17T14:00:00Z,42439,3.855161
3.86,3.91,3.86,34,3.89,2023-04-17T15:00:00Z,13889,3.900446
3.85,3.86,3.82,47,3.86,2023-04-17T16:00:00Z,18626,3.847826
3.83,3.84,3.8,52,3.84,2023-04-17T17:00:00Z,23026,3.818457
3.8,3.84,3.795,38,3.83,2023-04-17T18:00:00Z,16307,3.815005
3.8,3.81,3.78,143,3.78,2023-04-17T19:00:00Z,44069,3.791349
3.78,3.78,3.77,16,3.78,2023-04-18T12:00:00Z,2245,3.773017
3.77,3.79,3.76,26,3.78,2023-04-18T13:00:00Z,5353,3.777369
3.79,3.85,3.77,96,3.79,2023-04-18T14:00:00Z,25469,3.803658
3.81,3.83,3.77,84,3.77,2023-04-18T15:00:00Z,25204,3.80492
3.77,3.81,3.77,44,3.81,2023-04-18T16:00:00Z,13259,3.779371
3.74,3.77,3.72,255,3.77,2023-04-18T17:00:00Z,31843,3.737074
3.75,3.76,3.72,51,3.74,2023-04-18T18:00:00Z,17223,3.738392
3.77,3.77,3.73,96,3.735,2023-04-18T19:00:00Z,33368,3.75448
3.83,3.88,3.83,19,3.88,2023-04-19T12:00:00Z,3575,3.841253
3.815,3.82,3.755,92,3.82,2023-04-19T13:00:00Z,21337,3.782444
3.76,3.82,3.76,130,3.81,2023-04-19T14:00:00Z,35020,3.779504
3.74,3.77,3.73,32,3.76,2023-04-19T15:00:00Z,11758,3.747863
3.73,3.74,3.72,24,3.73,2023-04-19T16:00:00Z,12242,3.732629
3.72,3.74,3.72,22,3.73,2023-04-19T17:00:00Z,8200,3.729146
3.72,3.74,3.71,28,3.71,2023-04-19T18:00:00Z,9400,3.728333
3.755,3.78,3.69,94,3.715,2023-04-19T19:00:00Z,72022,3.756826
3.86,3.89,3.86,64,3.86,2023-04-20T12:00:00Z,11397,3.874438
3.83,3.86,3.78,84,3.86,2023-04-20T13:00:00Z,36037,3.824884
3.8,3.83,3.78,50,3.83,2023-04-20T14:00:00Z,14881,3.801616
3.78,3.81,3.78,26,3.79,2023-04-20T15:00:00Z,7051,3.792625
3.75,3.79,3.75,20,3.79,2023-04-20T16:00:00Z,12237,3.780064
3.75,3.75,3.735,28,3.75,2023-04-20T17:00:00Z,11439,3.745091
3.8,3.84,3.74,135,3.74,2023-04-20T18:00:00Z,35771,3.786665
3.87,3.91,3.83,193,3.835,2023-04-20T19:00:00Z,115856,3.884154
3.85,3.9,3.85,7,3.9,2023-04-21T12:00:00Z,709,3.873026
3.905,3.905,3.82,89,3.85,2023-04-21T13:00:00Z,27107,3.863872
3.88,3.925,3.8,198,3.91,2023-04-21T14:00:00Z,58625,3.857521
3.835,3.905,3.83,167,3.88,2023-04-21T15:00:00Z,74839,3.861353
3.81,3.84,3.8,206,3.83,2023-04-21T16:00:00Z,67513,3.818679
3.77,3.82,3.76,48,3.81,2023-04-21T17:00:00Z,26593,3.788983
3.77,3.78,3.74,49,3.765,2023-04-21T18:00:00Z,46410,3.754421
3.755,3.8,3.755,62,3.77,2023-04-21T19:00:00Z,37635,3.778303
3.77,3.79,3.77,11,3.79,2023-04-24T12:00:00Z,2100,3.778571
3.79,3.8,3.75,39,3.76,2023-04-24T13:00:00Z,14167,3.781041
3.78,3.815,3.76,71,3.815,2023-04-24T14:00:00Z,33964,3.780363
3.82,3.83,3.76,45,3.77,2023-04-24T15:00:00Z,9733,3.78986
3.77,3.825,3.765,53,3.825,2023-04-24T16:00:00Z,19423,3.797593
3.74,3.78,3.74,47,3.78,2023-04-24T17:00:00Z,17505,3.752079
3.75,3.755,3.735,238,3.745,2023-04-24T18:00:00Z,44660,3.741712
3.735,3.75,3.73,52,3.74,2023-04-24T19:00:00Z,33254,3.736665
3.81,3.81,3.8,16,3.8,2023-04-25T12:00:00Z,1085,3.8025
3.84,3.84,3.77,42,3.8,2023-04-25T13:00:00Z,13091,3.805568
3.86,3.925,3.81,183,3.84,2023-04-25T14:00:00Z,72841,3.885276
3.93,3.93,3.815,80,3.855,2023-04-25T15:00:00Z,41612,3.87611
3.97,3.99,3.925,48,3.93,2023-04-25T16:00:00Z,26982,3.955969
4.14,4.15,3.95,169,3.96,2023-04-25T17:00:00Z,107720,4.068465
4.165,4.205,4.11,219,4.115,2023-04-25T18:00:00Z,93644,4.157295
4.19,4.22,4.09,210,4.18,2023-04-25T19:00:00Z,51456,4.170474
4.05,4.09,4.05,14,4.07,2023-04-26T12:00:00Z,2700,4.071852
4.04,4.08,4.0,56,4.06,2023-04-26T13:00:00Z,21707,4.042037
3.975,4.135,3.97,180,4.05,2023-04-26T14:00:00Z,96951,4.068152
3.9,3.96,3.88,70,3.96,2023-04-26T15:00:00Z,25920,3.930937
3.92,3.97,3.87,37,3.89,2023-04-26T16:00:00Z,17900,3.922821
4.045,4.05,3.915,19,3.915,2023-04-26T17:00:00Z,6346,3.96127
4.09,4.1,3.97,72,4.03,2023-04-26T18:00:00Z,16772,4.051219
4.02,4.11,4.01,74,4.1,2023-04-26T19:00:00Z,23066,4.050646
3.85,3.9,3.85,31,3.87,2023-04-27T12:00:00Z,5140,3.876031
3.78,3.86,3.78,52,3.85,2023-04-27T13:00:00Z,14062,3.81099
3.76,3.79,3.72,105,3.79,2023-04-27T14:00:00Z,52902,3.743877
3.72,3.79,3.72,40,3.76,2023-04-27T15:00:00Z,9670,3.740783
3.725,3.73,3.71,35,3.72,2023-04-27T16:00:00Z,21625,3.720552
3.72,3.72,3.7,39,3.71,2023-04-27T17:00:00Z,14644,3.712219
3.74,3.74,3.71,70,3.72,2023-04-27T18:00:00Z,26893,3.723898
3.775,3.78,3.735,71,3.75,2023-04-27T19:00:00Z,25588,3.748203
3.74,3.79,3.72,22,3.79,2023-04-28T12:00:00Z,3850,3.743684
3.705,3.75,3.69,40,3.74,2023-04-28T13:00:00Z,16780,3.716328
3.67,3.7,3.63,186,3.68,2023-04-28T14:00:00Z,104021,3.655605
3.59,3.71,3.59,227,3.7,2023-04-28T15:00:00Z,58154,3.634181
3.59,3.62,3.59,86,3.59,2023-04-28T16:00:00Z,48585,3.600858
3.59,3.61,3.58,45,3.6,2023-04-28T17:00:00Z,23459,3.588581
3.59,3.62,3.57,40,3.58,2023-04-28T18:00:00Z,18910,3.59799
3.56,3.62,3.55,87,3.59,2023-04-28T19:00:00Z,23031,3.581952
3.5,3.55,3.5,10,3.55,2023-05-01T12:00:00Z,1700,3.535294
3.43,3.52,3.42,80,3.51,2023-05-01T13:00:00Z,49515,3.474327
3.36,3.435,3.35,120,3.435,2023-05-01T14:00:00Z,79834,3.379557
3.38,3.4,3.35,67,3.35,2023-05-01T15:00:00Z,45829,3.36743
3.37,3.37,3.34,43,3.36,2023-05-01T16:00:00Z,25963,3.350672
3.41,3.43,3.38,17,3.38,2023-05-01T17:00:00Z,5150,3.411602
3.465,3.485,3.4,65,3.41,2023-05-01T18:00:00Z,48009,3.450714
3.45,3.51,3.45,80,3.46,2023-05-01T19:00:00Z,48776,3.486192
3.52,3.57,3.52,27,3.57,2023-05-02T12:00:00Z,5033,3.556487
3.65,3.65,3.53,56,3.53,2023-05-02T13:00:00Z,26172,3.608242
3.97,3.97,3.62,287,3.62,2023-05-02T14:00:00Z,205422,3.843427
3.93,4.04,3.845,429,3.96,2023-05-02T15:00:00Z,238972,3.963919
3.83,3.94,3.82,102,3.91,2023-05-02T16:00:00Z,28475,3.850937
3.74,3.83,3.7,170,3.83,2023-05-02T17:00:00Z,62989,3.775142
3.715,3.81,3.69,126,3.76,2023-05-02T18:00:00Z,30909,3.750395
3.69,3.735,3.67,134,3.69,2023-05-02T19:00:00Z,65567,3.689252
3.71,3.71,3.7,2,3.7,2023-05-03T12:00:00Z,400,3.705
3.73,3.75,3.69,40,3.75,2023-05-03T13:00:00Z,14959,3.725268
3.78,3.81,3.73,40,3.73,2023-05-03T14:00:00Z,5782,3.770176
3.74,3.84,3.73,43,3.78,2023-05-03T15:00:00Z,11553,3.766558
3.71,3.75,3.705,20,3.73,2023-05-03T16:00:00Z,6100,3.727213
3.68,3.7,3.66,38,3.7,2023-05-03T17:00:00Z,14431,3.686334
3.66,3.74,3.58,207,3.7,2023-05-03T18:00:00Z,67095,3.653489
3.85,3.87,3.64,187,3.66,2023-05-03T19:00:00Z,91319,3.8007
3.95,4.02,3.94,13,4.0,2023-05-04T12:00:00Z,2361,3.969504
3.99,4.1,3.96,111,4.0,2023-05-04T13:00:00Z,73598,4.060841
4.125,4.235,4.01,311,4.04,2023-05-04T14:00:00Z,296338,4.140789
4.24,4.25,4.05,122,4.16,2023-05-04T15:00:00Z,84725,4.172579
4.21,4.3,4.18,76,4.24,2023-05-04T16:00:00Z,30965,4.227536
4.17,4.2,4.075,68,4.2,2023-05-04T17:00:00Z,32630,4.138134
4.14,4.2,4.115,64,4.14,2023-05-04T18:00:00Z,34995,4.150428
4.14,4.2,4.07,130,4.12,2023-05-04T19:00:00Z,58656,4.110027
3.95,4.03,3.9,30,3.98,2023-05-05T12:00:00Z,5800,3.943448
3.83,3.94,3.82,43,3.94,2023-05-05T13:00:00Z,8633,3.862824
3.715,3.845,3.71,78,3.845,2023-05-05T14:00:00Z,34631,3.749411
3.71,3.745,3.7,38,3.72,2023-05-05T15:00:00Z,12180,3.7222
3.7,3.725,3.69,21,3.71,2023-05-05T16:00:00Z,5760,3.70886
3.695,3.71,3.69,38,3.71,2023-05-05T17:00:00Z,8414,3.702436
3.645,3.69,3.64,23,3.68,2023-05-05T18:00:00Z,15173,3.660793
3.67,3.67,3.635,41,3.635,2023-05-05T19:00:00Z,20874,3.645242
3.61,3.61,3.61,5,3.61,2023-05-08T12:00:00Z,802,3.61
3.68,3.7,3.61,39,3.61,2023-05-08T13:00:00Z,10312,3.668041
3.65,3.7,3.64,20,3.66,2023-05-08T14:00:00Z,5740,3.671336
3.64,3.67,3.63,41,3.64,2023-05-08T15:00:00Z,6400,3.650703
3.66,3.68,3.62,35,3.63,2023-05-08T16:00:00Z,4022,3.646728
3.615,3.67,3.615,50,3.66,2023-05-08T17:00:00Z,15560,3.639416
3.58,3.675,3.57,67,3.675,2023-05-08T18:00:00Z,29555,3.588317
3.58,3.61,3.57,90,3.58,2023-05-08T19:00:00Z,31082,3.583711
3.63,3.63,3.62,14,3.63,2023-05-09T12:00:00Z,2800,3.627857
3.66,3.69,3.64,46,3.64,2023-05-09T13:00:00Z,15410,3.67045
3.68,3.71,3.65,97,3.65,2023-05-09T14:00:00Z,27391,3.680481
3.68,3.68,3.65,73,3.68,2023-05-09T15:00:00Z,15072,3.667761
3.64,3.69,3.64,69,3.685,2023-05-09T16:00:00Z,18946,3.679734
3.63,3.65,3.63,40,3.64,2023-05-09T17:00:00Z,19371,3.637597
3.645,3.645,3.625,15,3.625,2023-05-09T18:00:00Z,5566,3.632106
3.685,3.69,3.645,55,3.645,2023-05-09T19:00:00Z,22903,3.666844
3.49,3.68,3.46,100,3.67,2023-05-10T12:00:00Z,13480,3.530258
3.54,3.59,3.46,102,3.47,2023-05-10T13:00:00Z,41897,3.503999
3.6,3.63,3.49,241,3.52,2023-05-10T14:00:00Z,37106,3.541603
3.55,3.57,3.51,116,3.57,2023-05-10T15:00:00Z,26839,3.541049
3.62,3.62,3.55,29,3.55,2023-05-10T16:00:00Z,13732,3.591064
3.67,3.77,3.635,28,3.635,2023-05-10T17:00:00Z,18922,3.731013
3.57,3.67,3.57,27,3.655,2023-05-10T18:00:00Z,21881,3.603984
3.535,3.56,3.52,51,3.56,2023-05-10T19:00:00Z,25722,3.537168
3.55,3.55,3.51,6,3.51,2023-05-11T12:00:00Z,850,3.522121
3.68,3.695,3.58,62,3.58,2023-05-11T13:00:00Z,15546,3.663737
3.63,3.71,3.61,239,3.67,2023-05-11T14:00:00Z,30964,3.675241
3.58,3.64,3.58,32,3.61,2023-05-11T15:00:00Z,24042,3.601896
3.55,3.6,3.54,15,3.6,2023-05-11T16:00:00Z,4000,3.55925
3.6,3.6,3.54,8,3.54,2023-05-11T17:00:00Z,2300,3.579565
3.5,3.59,3.5,15,3.59,2023-05-11T18:00:00Z,9720,3.517165
3.465,3.5,3.465,56,3.49,2023-05-11T19:00:00Z,12275,3.480351
3.43,3.43,3.42,30,3.43,2023-05-12T12:00:00Z,4673,3.425829
3.41,3.43,3.39,30,3.43,2023-05-12T13:00:00Z,15710,3.406991
3.46,3.47,3.4,38,3.42,2023-05-12T14:00:00Z,20400,3.423397
3.435,3.49,3.43,37,3.45,2023-05-12T15:00:00Z,21624,3.448503
3.56,3.56,3.44,34,3.44,2023-05-12T16:00:00Z,11324,3.522014
3.585,3.585,3.51,60,3.57,2023-05-12T17:00:00Z,28491,3.54117
3.54,3.595,3.54,32,3.595,2023-05-12T18:00:00Z,30858,3.553591
3.47,3.52,3.47,151,3.52,2023-05-12T19:00:00Z,36618,3.49053
3.44,3.44,3.39,17,3.4,2023-05-15T12:00:00Z,2694,3.411549
3.46,3.46,3.425,96,3.455,2023-05-15T13:00:00Z,16191,3.453087
3.42,3.49,3.4,107,3.46,2023-05-15T14:00:00Z,33315,3.435671
3.4,3.42,3.38,46,3.4,2023-05-15T15:00:00Z,25093,3.396812
3.36,3.4,3.36,10,3.4,2023-05-15T16:00:00Z,1500,3.379333
3.42,3.42,3.35,33,3.36,2023-05-15T17:00:00Z,15160,3.398548
3.37,3.39,3.36,31,3.385,2023-05-15T18:00:00Z,13719,3.374854
3.35,3.36,3.34,119,3.36,2023-05-15T19:00:00Z,113817,3.348903
3.41,3.41,3.4,9,3.4,2023-05-16T12:00:00Z,1452,3.403691
3.38,3.4,3.34,36,3.4,2023-05-16T13:00:00Z,20800,3.378558
3.41,3.43,3.38,75,3.38,2023-05-16T14:00:00Z,23291,3.405817
3.375,3.42,3.37,33,3.41,2023-05-16T15:00:00Z,10671,3.408652
3.36,3.38,3.35,77,3.37,2023-05-16T16:00:00Z,20606,3.367156
3.37,3.37,3.35,15,3.35,2023-05-16T17:00:00Z,9700,3.359536
3.39,3.41,3.39,32,3.4,2023-05-16T18:00:00Z,29446,3.396363
3.48,3.49,3.39,114,3.39,2023-05-16T19:00:00Z,63643,3.445036
3.39,3.41,3.39,8,3.4,2023-05-17T12:00:00Z,1600,3.4025
3.39,3.39,3.36,17,3.38,2023-05-17T13:00:00Z,3491,3.372353
3.37,3.42,3.36,84,3.42,2023-05-17T14:00:00Z,44780,3.386781
3.315,3.37,3.305,104,3.37,2023-05-17T15:00:00Z,65478,3.332066
3.33,3.33,3.29,84,3.305,2023-05-17T16:00:00Z,21814,3.309149
3.32,3.33,3.315,91,3.33,2023-05-17T17:00:00Z,28742,3.321365
3.325,3.325,3.3,71,3.315,2023-05-17T18:00:00Z,42176,3.316712
3.32,3.32,3.29,159,3.315,2023-05-17T19:00:00Z,92913,3.310732
3.27,3.27,3.25,18,3.25,2023-05-18T12:00:00Z,2700,3.253008
3.29,3.32,3.28,82,3.3,2023-05-18T13:00:00Z,10283,3.298857
3.22,3.3,3.22,341,3.29,2023-05-18T14:00:00Z,61982,3.267197
3.2,3.22,3.17,133,3.21,2023-05-18T15:00:00Z,61995,3.194462
3.22,3.24,3.2,34,3.2,2023-05-18T16:00:00Z,31559,3.221757
3.185,3.2,3.165,49,3.19,2023-05-18T17:00:00Z,27735,3.181182
3.16,3.19,3.16,57,3.19,2023-05-18T18:00:00Z,35758,3.167756
3.115,3.16,3.115,85,3.16,2023-05-18T19:00:00Z,45447,3.133862
3.07,3.08,3.07,3,3.08,2023-05-19T12:00:00Z,500,3.076
3.08,3.08,3.06,86,3.07,2023-05-19T13:00:00Z,52499,3.069213
3.08,3.09,3.06,58,3.07,2023-05-19T14:00:00Z,21661,3.072629
3.225,3.26,3.08,203,3.08,2023-05-19T15:00:00Z,167509,3.181067
3.24,3.29,3.22,93,3.25,2023-05-19T16:00:00Z,67852,3.24987
3.29,3.29,3.235,19,3.235,2023-05-19T17:00:00Z,11448,3.254829
3.27,3.33,3.27,46,3.3,2023-05-19T18:00:00Z,26271,3.304021
3.23,3.27,3.22,45,3.255,2023-05-19T19:00:00Z,23494,3.236236
3.23,3.24,3.23,9,3.23,2023-05-22T12:00:00Z,1800,3.233333
3.24,3.24,3.21,65,3.23,2023-05-22T13:00:00Z,11624,3.212149
3.23,3.34,3.22,160,3.24,2023-05-22T14:00:00Z,75396,3.274409
3.165,3.23,3.165,162,3.23,2023-05-22T15:00:00Z,42689,3.204371
3.18,3.18,3.17,3,3.18,2023-05-22T16:00:00Z,2200,3.176818
3.165,3.24,3.165,10,3.24,2023-05-22T17:00:00Z,6046,3.208831
3.165,3.18,3.165,5,3.18,2023-05-22T18:00:00Z,2225,3.167247
3.235,3.245,3.18,53,3.18,2023-05-22T19:00:00Z,34806,3.2297
3.24,3.27,3.24,6,3.27,2023-05-23T12:00:00Z,1100,3.253636
3.295,3.32,3.27,72,3.28,2023-05-23T13:00:00Z,21705,3.295027
3.25,3.29,3.23,44,3.29,2023-05-23T14:00:00Z,13437,3.259239
3.19,3.23,3.19,284,3.23,2023-05-23T15:00:00Z,33043,3.200595
3.27,3.29,3.19,83,3.19,2023-05-23T16:00:00Z,16366,3.233145
3.3,3.3,3.24,65,3.27,2023-05-23T17:00:00Z,47301,3.277628
3.365,3.38,3.28,47,3.3,2023-05-23T18:00:00Z,21120,3.341327
3.32,3.365,3.29,92,3.35,2023-05-23T19:00:00Z,51387,3.32482
3.45,3.46,3.41,17,3.41,2023-05-24T12:00:00Z,3400,3.449412
3.485,3.51,3.45,98,3.45,2023-05-24T13:00:00Z,47635,3.469918
3.555,3.555,3.47,186,3.47,2023-05-24T14:00:00Z,161978,3.524073
3.52,3.57,3.455,123,3.56,2023-05-24T15:00:00Z,60153,3.506935
3.525,3.57,3.5,138,3.52,2023-05-24T16:00:00Z,69902,3.534831
3.5,3.56,3.49,176,3.53,2023-05-24T17:00:00Z,89144,3.524987
3.565,3.57,3.49,94,3.49,2023-05-24T18:00:00Z,37115,3.547047
3.53,3.57,3.455,151,3.57,2023-05-24T19:00:00Z,82953,3.511082
3.36,3.41,3.36,11,3.39,2023-05-25T12:00:00Z,1900,3.378947
3.39,3.43,3.36,34,3.37,2023-05-25T13:00:00Z,13742,3.385985
3.39,3.43,3.37,67,3.38,2023-05-25T14:00:00Z,27072,3.408583
3.48,3.49,3.36,47,3.385,2023-05-25T15:00:00Z,29752,3.401318
3.44,3.45,3.4,69,3.45,2023-05-25T16:00:00Z,17168,3.41894
3.39,3.455,3.38,37,3.44,2023-05-25T17:00:00Z,6356,3.41712
3.41,3.415,3.35,60,3.375,2023-05-25T18:00:00Z,28028,3.386127
3.39,3.41,3.35,69,3.41,2023-05-25T19:00:00Z,28444,3.36918
3.31,3.33,3.3,6,3.3,2023-05-26T12:00:00Z,1200,3.318333
3.23,3.29,3.21,137,3.29,2023-05-26T13:00:00Z,34134,3.234342
3.09,3.22,3.08,176,3.22,2023-05-26T14:00:00Z,36905,3.140312
3.165,3.17,3.09,87,3.09,2023-05-26T15:00:00Z,51853,3.128239
3.185,3.19,3.155,17,3.17,2023-05-26T16:00:00Z,2900,3.171724
3.22,3.23,3.18,42,3.18,2023-05-26T17:00:00Z,17241,3.203743
3.22,3.24,3.215,31,3.22,2023-05-26T18:00:00Z,15515,3.226928
3.2,3.225,3.19,66,3.225,2023-05-26T19:00:00Z,19289,3.208473
3.03,3.04,3.01,15,3.01,2023-05-30T12:00:00Z,2278,3.030476
3.05,3.05,3.03,60,3.04,2023-05-30T13:00:00Z,30217,3.03752
3.06,3.06,3.0,97,3.04,2023-05-30T14:00:00Z,14387,3.035026
3.1,3.14,3.07,64,3.07,2023-05-30T15:00:00Z,159799,3.120331
3.115,3.16,3.11,38,3.11,2023-05-30T16:00:00Z,9600,3.14058
3.2,3.2,3.125,44,3.125,2023-05-30T17:00:00Z,7100,3.167676
3.12,3.23,3.12,37,3.23,2023-05-30T18:00:00Z,12200,3.168033
3.07,3.14,3.07,48,3.14,2023-05-30T19:00:00Z,8770,3.103253
3.12,3.12,3.12,5,3.12,2023-05-31T12:00:00Z,900,3.12
3.085,3.12,3.08,94,3.11,2023-05-31T13:00:00Z,10287,3.084195
3.12,3.17,3.09,109,3.09,2023-05-31T14:00:00Z,31510,3.12782
3.13,3.165,3.13,25,3.14,2023-05-31T15:00:00Z,6377,3.14616
3.12,3.14,3.11,42,3.13,2023-05-31T16:00:00Z,20185,3.133722
3.06,3.11,3.05,32,3.11,2023-05-31T17:00:00Z,11547,3.08356
3.045,3.05,3.02,28,3.03,2023-05-31T18:00:00Z,9759,3.024536
3.035,3.06,3.01,55,3.04,2023-05-31T19:00:00Z,40097,3.034923
3.0,3.0,2.98,5,3.0,2023-06-01T12:00:00Z,1000,2.996
2.97,2.99,2.97,45,2.97,2023-06-01T13:00:00Z,10373,2.974959
2.88,2.97,2.88,78,2.97,2023-06-01T14:00:00Z,29527,2.913582
2.83,2.86,2.83,78,2.86,2023-06-01T15:00:00Z,37349,2.842075
2.815,2.825,2.81,46,2.825,2023-06-01T16:00:00Z,23316,2.818741
2.82,2.82,2.8,16,2.81,2023-06-01T17:00:00Z,25900,2.804324
2.78,2.82,2.78,7,2.82,2023-06-01T18:00:00Z,11910,2.79251
2.785,2.82,2.785,14,2.785,2023-06-01T19:00:00Z,10337,2.791801
2.69,2.72,2.67,14,2.7,2023-06-02T12:00:00Z,2600,2.7
2.69,2.7,2.67,88,2.67,2023-06-02T13:00:00Z,28278,2.683718
2.68,2.71,2.66,62,2.69,2023-06-02T14:00:00Z,17241,2.678421
2.61,2.66,2.605,107,2.66,2023-06-02T15:00:00Z,30941,2.620117
2.62,2.62,2.59,43,2.61,2023-06-02T16:00:00Z,5189,2.603775
2.59,2.62,2.58,70,2.62,2023-06-02T17:00:00Z,15473,2.603627
2.595,2.595,2.58,70,2.58,2023-06-02T18:00:00Z,15644,2.585325
2.605,2.605,2.575,83,2.6,2023-06-02T19:00:00Z,35662,2.58647
2.62,2.63,2.62,2,2.63,2023-06-05T12:00:00Z,325,2.623846
2.61,2.62,2.605,19,2.61,2023-06-05T13:00:00Z,8151,2.616534
2.61,2.63,2.6,117,2.605,2023-06-05T14:00:00Z,39921,2.617591
2.565,2.6,2.56,51,2.6,2023-06-05T15:00:00Z,23878,2.575304
2.56,2.57,2.55,66,2.565,2023-06-05T16:00:00Z,18305,2.563201
2.56,2.57,2.56,14,2.57,2023-06-05T17:00:00Z,5029,2.563599
2.58,2.605,2.57,30,2.57,2023-06-05T18:00:00Z,17775,2.587638
2.54,2.59,2.54,57,2.57,2023-06-05T19:00:00Z,27094,2.558603
2.51,2.51,2.51,1,2.51,2023-06-06T12:00:00Z,200,2.51
2.48,2.52,2.48,156,2.5,2023-06-06T13:00:00Z,27907,2.485513
2.42,2.48,2.42,237,2.48,2023-06-06T14:00:00Z,41270,2.453762
2.37,2.435,2.37,66,2.42,2023-06-06T15:00:00Z,37564,2.40626
2.375,2.385,2.36,22,2.37,2023-06-06T16:00:00Z,13066,2.371374
2.39,2.39,2.36,9,2.38,2023-06-06T17:00:00Z,5371,2.367834
2.33,2.38,2.33,13,2.38,2023-06-06T18:00:00Z,2769,2.347166
2.3,2.34,2.3,42,2.33,2023-06-06T19:00:00Z,23265,2.325497
2.35,2.35,2.32,8,2.32,2023-06-07T12:00:00Z,1405,2.327153
2.33,2.34,2.32,28,2.33,2023-06-07T13:00:00Z,6691,2.327218
2.38,2.38,2.33,26,2.33,2023-06-07T14:00:00Z,8772,2.356037
2.36,2.375,2.33,56,2.375,2023-06-07T15:00:00Z,25961,2.351606
2.36,2.38,2.36,37,2.37,2023-06-07T16:00:00Z,9203,2.374503
2.37,2.37,2.36,89,2.36,2023-06-07T17:00:00Z,12400,2.369307
2.34,2.35,2.335,12,2.35,2023-06-07T18:00:00Z,6700,2.341418
2.33,2.34,2.31,56,2.34,2023-06-07T19:00:00Z,31271,2.317916
2.33,2.33,2.33,1,2.33,2023-06-08T12:00:00Z,200,2.33
2.34,2.35,2.32,26,2.33,2023-06-08T13:00:00Z,12628,2.339
2.3,2.34,2.29,29,2.34,2023-06-08T14:00:00Z,12092,2.301674
2.26,2.295,2.255,60,2.29,2023-06-08T15:00:00Z,21581,2.28171
2.24,2.26,2.22,46,2.26,2023-06-08T16:00:00Z,20415,2.246764
2.23,2.245,2.2,40,2.23,2023-06-08T17:00:00Z,13400,2.225709
2.23,2.24,2.225,24,2.23,2023-06-08T18:00:00Z,21195,2.230098
2.235,2.24,2.225,113,2.225,2023-06-08T19:00:00Z,26577,2.234245
2.25,2.25,2.23,4,2.23,2023-06-09T12:00:00Z,800,2.24
2.23,2.24,2.22,46,2.22,2023-06-09T13:00:00Z,19850,2.2306
2.245,2.245,2.215,39,2.23,2023-06-09T14:00:00Z,17219,2.230021
2.28,2.29,2.25,40,2.25,2023-06-09T15:00:00Z,14601,2.277979
2.29,2.305,2.28,116,2.305,2023-06-09T16:00:00Z,62557,2.294065
2.27,2.28,2.26,30,2.28,2023-06-09T17:00:00Z,8836,2.269772
2.26,2.28,2.26,38,2.27,2023-06-09T18:00:00Z,26640,2.27012
2.255,2.265,2.24,339,2.26,2023-06-09T19:00:00Z,153528,2.259039
2.3,2.31,2.28,23,2.28,2023-06-12T13:00:00Z,11602,2.301735
2.27,2.32,2.27,114,2.31,2023-06-12T14:00:00Z,23777,2.296931
2.265,2.27,2.25,141,2.27,2023-06-12T15:00:00Z,20873,2.258594
2.255,2.26,2.255,41,2.26,2023-06-12T16:00:00Z,33826,2.255362
2.265,2.27,2.26,28,2.27,2023-06-12T17:00:00Z,11664,2.26741
2.27,2.28,2.26,19,2.28,2023-06-12T18:00:00Z,6988,2.267584
2.28,2.28,2.27,45,2.27,2023-06-12T19:00:00Z,44325,2.273274
2.23,2.27,2.21,27,2.27,2023-06-13T12:00:00Z,4936,2.23677
2.24,2.24,2.215,51,2.23,2023-06-13T13:00:00Z,27217,2.229982
2.25,2.25,2.23,106,2.23,2023-06-13T14:00:00Z,28192,2.243475
2.27,2.28,2.255,432,2.26,2023-06-13T15:00:00Z,155650,2.270234
2.25,2.28,2.25,33,2.28,2023-06-13T16:00:00Z,18337,2.270022
2.25,2.26,2.25,24,2.25,2023-06-13T17:00:00Z,12662,2.252486
2.26,2.27,2.26,9,2.27,2023-06-13T18:00:00Z,3400,2.267353
2.27,2.27,2.25,22,2.25,2023-06-13T19:00:00Z,11500,2.253391
2.26,2.26,2.26,1,2.26,2023-06-14T12:00:00Z,100,2.26
2.2,2.25,2.2,163,2.25,2023-06-14T13:00:00Z,26895,2.212772
2.19,2.2,2.18,533,2.2,2023-06-14T14:00:00Z,79903,2.188971
2.2,2.2,2.185,23,2.19,2023-06-14T15:00:00Z,7600,2.197697
2.185,2.195,2.185,84,2.19,2023-06-14T16:00:00Z,28768,2.190868
2.2,2.21,2.19,31,2.19,2023-06-14T17:00:00Z,22723,2.195498
2.2,2.26,2.2,135,2.205,2023-06-14T18:00:00Z,69406,2.232841
2.17,2.2,2.16,77,2.2,2023-06-14T19:00:00Z,25502,2.180502
2.16,2.16,2.16,2,2.16,2023-06-15T12:00:00Z,400,2.16
2.15,2.15,2.14,39,2.15,2023-06-15T13:00:00Z,10387,2.147685
2.16,2.16,2.15,32,2.15,2023-06-15T14:00:00Z,11550,2.153166
2.17,2.19,2.165,43,2.17,2023-06-15T15:00:00Z,14740,2.177004
2.16,2.17,2.16,14,2.17,2023-06-15T17:00:00Z,6300,2.163968
2.17,2.17,2.16,17,2.16,2023-06-15T18:00:00Z,8638,2.161168
2.25,2.25,2.17,90,2.17,2023-06-15T19:00:00Z,38506,2.213231
2.25,2.26,2.25,8,2.26,2023-06-16T12:00:00Z,1500,2.258
2.22,2.25,2.22,24,2.25,2023-06-16T13:00:00Z,3080,2.236717
2.235,2.26,2.21,178,2.22,2023-06-16T14:00:00Z,28833,2.236528
2.18,2.24,2.18,93,2.24,2023-06-16T15:00:00Z,32537,2.20091
2.16,2.18,2.145,26,2.18,2023-06-16T16:00:00Z,14785,2.154807
2.16,2.17,2.16,63,2.17,2023-06-16T17:00:00Z,25389,2.16128
2.16,2.16,2.155,49,2.155,2023-06-16T18:00:00Z,14563,2.157746
2.13,2.17,2.13,88,2.165,2023-06-16T19:00:00Z,28052,2.152781
2.14,2.15,2.14,16,2.14,2023-06-20T12:00:00Z,2400,2.142703
2.14,2.15,2.14,16,2.14,2023-06-20T13:00:00Z,2141,2.142792
2.2,2.205,2.16,109,2.165,2023-06-20T14:00:00Z,34698,2.191478
2.2,2.2,2.19,16,2.2,2023-06-20T15:00:00Z,16612,2.192288
2.17,2.185,2.17,42,2.18,2023-06-20T16:00:00Z,17485,2.173845
2.16,2.16,2.15,5,2.16,2023-06-20T17:00:00Z,2200,2.159545
2.15,2.16,2.15,9,2.16,2023-06-20T18:00:00Z,2850,2.155053
2.135,2.15,2.135,31,2.15,2023-06-20T19:00:00Z,8250,2.139454
2.13,2.13,2.13,2,2.13,2023-06-21T12:00:00Z,199,2.13
2.1,2.11,2.075,39,2.11,2023-06-21T13:00:00Z,8052,2.087899
2.1,2.12,2.09,90,2.1,2023-06-21T14:00:00Z,31675,2.10831
2.07,2.1,2.07,61,2.1,2023-06-21T15:00:00Z,30014,2.084531
2.08,2.08,2.07,45,2.08,2023-06-21T16:00:00Z,20655,2.070292
2.095,2.11,2.095,75,2.1,2023-06-21T17:00:00Z,20094,2.100127
2.07,2.09,2.07,46,2.09,2023-06-21T18:00:00Z,10852,2.083913
2.065,2.09,2.06,65,2.075,2023-06-21T19:00:00Z,20704,2.079335
2.09,2.1,2.08,17,2.09,2023-06-22T12:00:00Z,2966,2.088983
2.1,2.11,2.09,32,2.1,2023-06-22T13:00:00Z,19209,2.099193
2.08,2.095,2.08,23,2.095,2023-06-22T14:00:00Z,2727,2.089817
2.07,2.08,2.07,5,2.08,2023-06-22T15:00:00Z,500,2.072
2.05,2.075,2.05,38,2.075,2023-06-22T16:00:00Z,15468,2.069271
2.045,2.05,2.04,54,2.05,2023-06-22T17:00:00Z,18211,2.045271
2.0,2.035,1.995,39,2.035,2023-06-22T18:00:00Z,38594,2.002401
1.99,2.005,1.97,37,2.0,2023-06-22T19:00:00Z,13574,1.991174
20.38,20.38,20.19,12,20.21,2023-06-23T12:00:00Z,1105,20.271818
20.76,21.0,20.59,34,20.64,2023-06-23T13:00:00Z,10546,20.787104
20.29,20.85,20.21,29,20.84,2023-06-23T14:00:00Z,10615,20.425805
20.17,20.4,20.15,21,20.22,2023-06-23T15:00:00Z,5187,20.298942
19.995,20.1,19.945,6,20.1,2023-06-23T16:00:00Z,1925,19.98539
20.025,20.05,19.92,6,19.92,2023-06-23T17:00:00Z,3827,19.999784
20.375,20.375,20.06,14,20.06,2023-06-23T18:00:00Z,4185,20.191057
20.3,20.515,20.3,55,20.48,2023-06-23T19:00:00Z,12683,20.412904
20.43,20.43,20.43,1,20.43,2023-06-26T12:00:00Z,100,20.43
19.89,20.0,19.78,8,20.0,2023-06-26T13:00:00Z,3381,19.836485
20.0,20.145,19.9,21,19.92,2023-06-26T14:00:00Z,5227,20.004333
19.68,19.955,19.66,18,19.955,2023-06-26T15:00:00Z,4676,19.806792
19.81,19.915,19.69,10,19.69,2023-06-26T16:00:00Z,4303,19.839295
19.97,19.97,19.78,14,19.81,2023-06-26T17:00:00Z,6200,19.850242
19.9,19.9,19.79,7,19.84,2023-06-26T18:00:00Z,4200,19.809881
20.33,20.33,19.84,36,19.97,2023-06-26T19:00:00Z,7187,20.050986
19.86,19.86,19.62,18,19.815,2023-06-27T13:00:00Z,7881,19.766643
19.32,19.34,19.26,26,19.34,2023-06-27T14:00:00Z,6926,19.31867
19.16,19.38,19.16,27,19.33,2023-06-27T15:00:00Z,4414,19.324887
19.15,19.15,19.06,10,19.07,2023-06-27T16:00:00Z,2720,19.067002
19.06,19.08,18.97,22,19.07,2023-06-27T17:00:00Z,4661,19.036773
19.03,19.07,18.96,34,19.07,2023-06-27T18:00:00Z,6863,19.008556
19.48,19.48,18.92,43,18.92,2023-06-27T19:00:00Z,8610,19.16314
18.98,19.255,18.87,20,19.255,2023-06-28T13:00:00Z,3918,19.063153
19.0,19.1,19.0,5,19.1,2023-06-28T14:00:00Z,402,19.0625
19.02,19.03,19.02,5,19.03,2023-06-28T15:00:00Z,2952,19.025257
19.105,19.105,18.98,4,19.01,2023-06-28T16:00:00Z,1442,19.015194
19.07,19.07,19.07,1,19.07,2023-06-28T17:00:00Z,100,19.07
18.82,18.82,18.82,1,18.82,2023-06-28T18:00:00Z,100,18.82
18.49,18.83,18.45,41,18.79,2023-06-28T19:00:00Z,5938,18.649671
18.56,18.645,18.47,10,18.47,2023-06-29T13:00:00Z,2900,18.586379
19.12,19.15,18.885,11,18.945,2023-06-29T14:00:00Z,1900,18.99744
18.74,18.81,18.74,5,18.81,2023-06-29T15:00:00Z,615,18.767257
18.915,18.92,18.77,5,18.77,2023-06-29T16:00:00Z,700,18.844286
18.93,18.93,18.93,1,18.93,2023-06-29T17:00:00Z,100,18.93
18.99,19.09,18.95,12,19.0,2023-06-29T18:00:00Z,3400,18.996471
19.03,19.03,18.76,36,18.96,2023-06-29T19:00:00Z,8300,18.847225
18.75,18.77,18.63,11,18.72,2023-06-30T13:00:00Z,2165,18.700983
18.6,18.76,18.51,11,18.76,2023-06-30T14:00:00Z,4307,18.684302
18.41,18.6,18.35,14,18.6,2023-06-30T15:00:00Z,1574,18.392955
18.41,18.41,18.31,14,18.41,2023-06-30T16:00:00Z,1279,18.355
18.38,18.415,18.38,9,18.4,2023-06-30T17:00:00Z,1306,18.403453
18.415,18.42,18.395,4,18.395,2023-06-30T18:00:00Z,1006,18.4145
18.5,18.52,18.24,53,18.37,2023-06-30T19:00:00Z,8118,18.369714
18.53,18.54,18.32,30,18.32,2023-07-03T13:00:00Z,7664,18.428529
18.59,18.64,18.54,8,18.54,2023-07-03T14:00:00Z,4200,18.594405
18.42,18.42,18.4,2,18.4,2023-07-03T15:00:00Z,2100,18.408571
18.36,18.42,18.3,12,18.42,2023-07-03T16:00:00Z,2407,18.335625
18.84,18.89,18.84,2,18.89,2023-07-05T12:00:00Z,300,18.856667
18.65,18.84,18.65,21,18.68,2023-07-05T13:00:00Z,11388,18.715759
18.67,18.74,18.64,38,18.68,2023-07-05T14:00:00Z,8251,18.718467
18.6,18.67,18.6,7,18.65,2023-07-05T15:00:00Z,1900,18.648947
18.59,18.62,18.58,7,18.62,2023-07-05T16:00:00Z,4402,18.601817
18.43,18.51,18.42,10,18.51,2023-07-05T17:00:00Z,1600,18.464375
18.68,18.735,18.56,12,18.56,2023-07-05T18:00:00Z,5506,18.625636
18.74,18.76,18.635,23,18.69,2023-07-05T19:00:00Z,6900,18.693019
21.06,21.06,20.18,82,20.18,2023-07-06T13:00:00Z,26891,20.572388
22.43,22.44,21.01,221,21.01,2023-07-06T14:00:00Z,30106,21.614035
22.18,22.87,22.18,54,22.63,2023-07-06T15:00:00Z,7930,22.623736
20.99,21.96,20.99,30,21.94,2023-07-06T16:00:00Z,5050,21.594948
20.51,21.14,20.51,19,20.935,2023-07-06T17:00:00Z,3023,20.873597
20.175,20.61,20.155,18,20.27,2023-07-06T18:00:00Z,3812,20.301316
20.18,20.41,20.165,24,20.19,2023-07-06T19:00:00Z,3406,20.269559
19.98,20.63,19.98,102,20.19,2023-07-07T13:00:00Z,24590,20.35056
19.52,19.81,19.48,37,19.81,2023-07-07T14:00:00Z,5005,19.680449
19.4,19.52,19.36,12,19.46,2023-07-07T15:00:00Z,5606,19.41873
19.255,19.34,19.13,135,19.22,2023-07-07T16:00:00Z,31997,19.195069
19.46,19.46,19.26,30,19.265,2023-07-07T17:00:00Z,13649,19.344832
19.2,19.385,19.2,16,19.345,2023-07-07T18:00:00Z,4300,19.335349
19.575,19.67,19.17,26,19.17,2023-07-07T19:00:00Z,6116,19.351148
19.57,19.64,19.3,22,19.405,2023-07-10T13:00:00Z,9059,19.502357
19.545,19.695,19.495,58,19.59,2023-07-10T14:00:00Z,12666,19.572759
19.83,19.83,19.555,22,19.555,2023-07-10T15:00:00Z,3821,19.674878
19.655,20.005,19.655,33,19.705,2023-07-10T16:00:00Z,15137,19.805372
19.65,19.73,19.62,31,19.67,2023-07-10T17:00:00Z,22005,19.662248
19.46,19.58,19.42,24,19.58,2023-07-10T18:00:00Z,9630,19.496703
19.45,19.53,19.3,32,19.49,2023-07-10T19:00:00Z,13447,19.385835
18.93,19.08,18.75,40,18.75,2023-07-11T13:00:00Z,14253,18.959172
18.685,19.1,18.64,67,18.93,2023-07-11T14:00:00Z,17896,18.838141
19.02,19.06,18.68,38,18.68,2023-07-11T15:00:00Z,13940,18.92865
19.43,19.47,19.01,41,19.02,2023-07-11T16:00:00Z,16923,19.316185
19.32,19.51,19.32,31,19.42,2023-07-11T17:00:00Z,13332,19.386454
19.25,19.45,19.19,35,19.3,2023-07-11T18:00:00Z,9945,19.313655
19.17,19.31,19.145,17,19.2,2023-07-11T19:00:00Z,3401,19.205431
18.12,18.83,17.87,41,18.83,2023-07-12T12:00:00Z,5356,18.331363
18.15,18.17,17.94,33,18.015,2023-07-12T13:00:00Z,16426,18.053573
17.62,18.08,17.55,60,18.08,2023-07-12T14:00:00Z,12709,17.833691
17.74,17.805,17.45,45,17.59,2023-07-12T15:00:00Z,17736,17.642113
17.59,17.74,17.56,16,17.74,2023-07-12T16:00:00Z,5964,17.661002
17.68,17.68,17.55,12,17.57,2023-07-12T17:00:00Z,2904,17.574483
17.82,17.835,17.63,32,17.65,2023-07-12T18:00:00Z,6746,17.749517
17.52,17.83,17.52,27,17.83,2023-07-12T19:00:00Z,7702,17.714713
16.955,17.025,16.82,52,17.025,2023-07-13T13:00:00Z,10061,16.937803
17.145,17.16,16.95,69,16.96,2023-07-13T14:00:00Z,10442,17.072708
17.22,17.26,17.11,19,17.11,2023-07-13T15:00:00Z,1584,17.191333
17.41,17.45,17.24,13,17.24,2023-07-13T16:00:00Z,1269,17.400833
17.54,17.54,17.43,17,17.45,2023-07-13T17:00:00Z,1802,17.471176
17.34,17.65,17.26,44,17.545,2023-07-13T18:00:00Z,5887,17.402113
17.52,17.53,17.36,24,17.36,2023-07-13T19:00:00Z,2142,17.436794
17.52,17.64,17.52,3,17.64,2023-07-14T13:00:00Z,403,17.58
17.89,17.95,17.74,16,17.85,2023-07-14T14:00:00Z,3459,17.851724
17.735,17.82,17.545,28,17.82,2023-07-14T15:00:00Z,2522,17.653144
17.63,17.76,17.62,8,17.73,2023-07-14T16:00:00Z,924,17.683333
17.39,17.6,17.39,9,17.6,2023-07-14T17:00:00Z,3512,17.551043
17.19,17.36,17.18,20,17.36,2023-07-14T18:00:00Z,1539,17.243
17.35,17.38,17.28,15,17.3,2023-07-14T19:00:00Z,2547,17.335
17.16,17.36,17.12,32,17.36,2023-07-17T13:00:00Z,5167,17.229899
16.91,17.15,16.9,40,17.13,2023-07-17T14:00:00Z,5922,17.067844
17.06,17.12,16.8,36,16.9,2023-07-17T15:00:00Z,6708,16.948122
16.975,17.055,16.97,11,17.055,2023-07-17T16:00:00Z,1120,17.0325
16.99,16.99,16.96,7,16.99,2023-07-17T17:00:00Z,820,16.984937
17.1,17.22,17.0,29,17.0,2023-07-17T18:00:00Z,3877,17.134831
17.24,17.26,17.08,25,17.08,2023-07-17T19:00:00Z,2986,17.182841
16.94,17.27,16.94,13,17.21,2023-07-18T13:00:00Z,3095,17.181809
17.05,17.06,17.01,17,17.02,2023-07-18T14:00:00Z,2812,17.031565
17.125,17.125,17.03,17,17.07,2023-07-18T15:00:00Z,3080,17.075652
17.14,17.15,17.09,22,17.09,2023-07-18T16:00:00Z,4351,17.135071
17.1,17.16,17.1,7,17.16,2023-07-18T17:00:00Z,1931,17.148421
17.1,17.14,17.03,29,17.09,2023-07-18T18:00:00Z,4321,17.092876
16.88,17.09,16.78,57,17.09,2023-07-18T19:00:00Z,7651,16.94471
16.88,16.93,16.64,23,16.64,2023-07-19T13:00:00Z,6757,16.866343
17.18,17.26,16.92,91,16.94,2023-07-19T14:00:00Z,18081,17.13492
17.15,17.28,17.08,37,17.11,2023-07-19T15:00:00Z,4226,17.167684
17.12,17.25,17.11,48,17.19,2023-07-19T16:00:00Z,8915,17.215407
17.24,17.24,17.15,21,17.18,2023-07-19T17:00:00Z,1460,17.184729
17.25,17.4,17.195,47,17.215,2023-07-19T18:00:00Z,9768,17.268536
17.49,17.56,17.23,83,17.25,2023-07-19T19:00:00Z,19815,17.298992
17.23,17.41,17.23,7,17.41,2023-07-20T13:00:00Z,4050,17.339506
17.515,17.7,17.26,54,17.26,2023-07-20T14:00:00Z,12611,17.560784
17.25,17.49,17.25,21,17.49,2023-07-20T15:00:00Z,5741,17.376372
17.33,17.33,17.1,18,17.23,2023-07-20T16:00:00Z,6502,17.206751
17.405,17.43,17.32,17,17.32,2023-07-20T17:00:00Z,7808,17.401356
17.65,17.8,17.39,82,17.39,2023-07-20T18:00:00Z,24573,17.585896
17.43,17.77,17.43,48,17.695,2023-07-20T19:00:00Z,7994,17.65058
17.2,17.2,17.0,29,17.13,2023-07-21T13:00:00Z,6044,17.118983
16.76,17.145,16.61,91,17.14,2023-07-21T14:00:00Z,17024,16.802138
16.77,16.81,16.68,19,16.76,2023-07-21T15:00:00Z,3000,16.763448
16.86,16.91,16.73,16,16.73,2023-07-21T16:00:00Z,3100,16.767234
16.74,16.78,16.73,7,16.78,2023-07-21T17:00:00Z,1100,16.764545
17.07,17.07,16.77,48,16.77,2023-07-21T18:00:00Z,11326,16.896549
17.06,17.23,16.96,64,17.1,2023-07-21T19:00:00Z,10518,17.122516
16.81,16.99,16.81,40,16.95,2023-07-24T13:00:00Z,5662,16.910955
16.52,16.83,16.5,72,16.82,2023-07-24T14:00:00Z,20404,16.664666
16.55,16.55,16.42,31,16.47,2023-07-24T15:00:00Z,6623,16.467461
16.64,16.68,16.54,17,16.54,2023-07-24T16:00:00Z,7100,16.635634
16.675,16.68,16.59,43,16.61,2023-07-24T17:00:00Z,10310,16.622049
16.6,16.67,16.58,14,16.59,2023-07-24T18:00:00Z,1694,16.614377
16.66,16.77,16.58,94,16.625,2023-07-24T19:00:00Z,20426,16.662896
16.285,16.525,16.285,18,16.49,2023-07-25T13:00:00Z,9684,16.447053
16.335,16.335,16.14,14,16.29,2023-07-25T14:00:00Z,4500,16.273333
16.58,16.58,16.36,17,16.36,2023-07-25T15:00:00Z,9660,16.49028
16.42,16.72,16.42,35,16.67,2023-07-25T16:00:00Z,7369,16.599362
16.44,16.47,16.4,19,16.4,2023-07-25T17:00:00Z,2810,16.444107
16.59,16.6,16.34,43,16.44,2023-07-25T18:00:00Z,10682,16.479666
16.6,16.69,16.585,70,16.6,2023-07-25T19:00:00Z,20316,16.639993
16.44,16.85,16.34,41,16.85,2023-07-26T13:00:00Z,8435,16.549922
16.47,16.56,16.24,72,16.48,2023-07-26T14:00:00Z,8937,16.372214
16.43,16.56,16.43,22,16.54,2023-07-26T15:00:00Z,4602,16.476667
16.45,16.505,16.42,31,16.45,2023-07-26T16:00:00Z,8473,16.45634
16.36,16.45,16.36,22,16.44,2023-07-26T17:00:00Z,3433,16.407205
16.13,16.375,15.93,97,16.375,2023-07-26T18:00:00Z,24776,16.166376
15.96,16.44,15.91,135,16.04,2023-07-26T19:00:00Z,33208,16.171392
15.71,15.79,15.495,70,15.495,2023-07-27T13:00:00Z,25666,15.615718
15.87,15.9,15.56,86,15.67,2023-07-27T14:00:00Z,31862,15.747006
15.73,15.95,15.71,29,15.83,2023-07-27T15:00:00Z,5305,15.815472
15.71,15.77,15.58,81,15.64,2023-07-27T16:00:00Z,30828,15.691513
16.38,16.51,15.69,177,15.69,2023-07-27T17:00:00Z,49814,16.108653
17.18,17.21,16.38,180,16.41,2023-07-27T18:00:00Z,48689,16.78617
17.13,17.67,16.8,241,17.19,2023-07-27T19:00:00Z,55823,17.275439
16.145,16.315,16.025,291,16.18,2023-07-28T13:00:00Z,68626,16.183661
16.25,16.37,15.915,512,16.13,2023-07-28T14:00:00Z,106430,16.127136
16.455,16.455,16.15,425,16.245,2023-07-28T15:00:00Z,88197,16.259657
16.485,16.5,16.365,238,16.465,2023-07-28T16:00:00Z,61491,16.44677
16.485,16.83,16.415,210,16.495,2023-07-28T17:00:00Z,57469,16.567844
16.235,16.57,16.18,247,16.44,2023-07-28T18:00:00Z,68772,16.382275
16.08,16.295,15.95,505,16.235,2023-07-28T19:00:00Z,79841,16.124029
16.13,16.18,15.92,52,16.0,2023-07-31T13:00:00Z,19505,16.02399
16.21,16.265,16.06,103,16.11,2023-07-31T14:00:00Z,18260,16.153594
16.33,16.35,16.13,32,16.18,2023-07-31T15:00:00Z,13774,16.240272
16.195,16.32,16.12,30,16.32,2023-07-31T16:00:00Z,7612,16.18918
16.17,16.26,16.13,28,16.2,2023-07-31T17:00:00Z,4006,16.221751
16.04,16.17,16.005,29,16.17,2023-07-31T18:00:00Z,10483,16.058189
15.93,16.115,15.93,53,16.04,2023-07-31T19:00:00Z,11930,16.033138
16.25,16.475,16.25,45,16.475,2023-08-01T13:00:00Z,11759,16.397389
16.63,16.63,16.2,126,16.305,2023-08-01T14:00:00Z,39158,16.425042
16.58,16.7,16.46,81,16.555,2023-08-01T15:00:00Z,35511,16.58879
16.46,16.67,16.46,50,16.62,2023-08-01T16:00:00Z,15433,16.573204
16.3,16.49,16.3,47,16.47,2023-08-01T17:00:00Z,15887,16.443125
16.27,16.31,16.21,48,16.26,2023-08-01T18:00:00Z,16350,16.26635
16.23,16.38,16.22,77,16.25,2023-08-01T19:00:00Z,19858,16.281736
17.91,18.045,17.69,110,17.78,2023-08-02T13:00:00Z,23810,17.888905
18.84,18.96,17.82,220,17.82,2023-08-02T14:00:00Z,35477,18.42694
18.78,18.99,18.27,95,18.87,2023-08-02T15:00:00Z,26132,18.646725
18.41,18.95,18.3,71,18.89,2023-08-02T16:00:00Z,16912,18.547796
18.76,18.76,18.375,53,18.39,2023-08-02T17:00:00Z,18854,18.555644
18.69,18.92,18.57,69,18.67,2023-08-02T18:00:00Z,17896,18.703065
18.43,19.08,18.33,182,18.6,2023-08-02T19:00:00Z,29877,18.742811
19.28,19.725,19.19,204,19.33,2023-08-03T13:00:00Z,34407,19.520613
19.35,19.83,19.08,149,19.33,2023-08-03T14:00:00Z,27110,19.521685
18.78,19.31,18.54,61,19.31,2023-08-03T15:00:00Z,12144,18.856888
18.2,18.66,18.16,73,18.66,2023-08-03T16:00:00Z,11738,18.291859
18.47,18.47,17.94,101,18.23,2023-08-03T17:00:00Z,14985,18.123431
18.33,18.58,18.265,89,18.45,2023-08-03T18:00:00Z,12702,18.375825
18.34,18.66,18.24,98,18.31,2023-08-03T19:00:00Z,16474,18.43353
17.41,17.48,16.905,192,17.46,2023-08-04T13:00:00Z,33199,17.084483
17.07,17.73,17.0,86,17.44,2023-08-04T14:00:00Z,16759,17.274774
17.02,17.18,16.97,72,17.1,2023-08-04T15:00:00Z,16177,17.056452
17.07,17.15,16.955,62,17.05,2023-08-04T16:00:00Z,11176,17.019991
17.57,17.57,17.11,70,17.11,2023-08-04T17:00:00Z,9367,17.300145
18.985,19.145,17.64,177,17.64,2023-08-04T18:00:00Z,37958,18.305014
19.26,19.5,18.745,242,19.07,2023-08-04T19:00:00Z,35699,19.265216
18.59,18.9,18.48,62,18.59,2023-08-07T13:00:00Z,8686,18.669878
18.41,18.82,18.17,162,18.81,2023-08-07T14:00:00Z,27354,18.409288
18.21,18.71,18.21,96,18.51,2023-08-07T15:00:00Z,13548,18.517008
18.1,18.4,18.1,69,18.21,2023-08-07T16:00:00Z,11899,18.278975
17.95,18.31,17.95,99,18.09,2023-08-07T17:00:00Z,12415,18.135751
17.98,18.18,17.9,83,17.97,2023-08-07T18:00:00Z,11422,18.019991
17.84,18.24,17.8,160,17.965,2023-08-07T19:00:00Z,18826,18.070307
20.0,20.0,19.08,88,19.08,2023-08-08T13:00:00Z,13761,19.569202
20.65,20.67,19.85,176,19.88,2023-08-08T14:00:00Z,23958,20.235475
20.54,20.74,20.205,131,20.68,2023-08-08T15:00:00Z,23274,20.415008
19.76,20.46,19.76,101,20.46,2023-08-08T16:00:00Z,18089,20.028871
19.23,19.69,19.19,81,19.69,2023-08-08T17:00:00Z,16974,19.445933
18.58,19.3,18.57,123,19.19,2023-08-08T18:00:00Z,18745,18.946007
18.33,18.67,18.29,137,18.57,2023-08-08T19:00:00Z,16386,18.477885
17.9,18.12,17.79,120,18.06,2023-08-09T13:00:00Z,18716,17.950824
18.04,18.045,17.56,144,17.88,2023-08-09T14:00:00Z,20121,17.742753
18.96,19.04,17.92,211,18.04,2023-08-09T15:00:00Z,44355,18.559144
18.65,19.19,18.52,173,19.0,2023-08-09T16:00:00Z,32774,18.853812
18.07,18.69,17.96,114,18.68,2023-08-09T17:00:00Z,19857,18.218945
17.57,18.04,17.48,91,18.04,2023-08-09T18:00:00Z,19221,17.653774
18.01,18.17,17.46,442,17.605,2023-08-09T19:00:00Z,89269,17.840264
16.7,17.13,16.6,168,17.13,2023-08-10T13:00:00Z,25209,16.783373
17.11,17.49,16.59,227,16.69,2023-08-10T14:00:00Z,36131,16.960235
17.74,17.95,17.23,281,17.23,2023-08-10T15:00:00Z,46010,17.525398
18.26,18.26,17.67,192,17.76,2023-08-10T16:00:00Z,37349,17.890133
18.87,18.895,17.98,186,18.21,2023-08-10T17:00:00Z,29661,18.373682
17.955,18.88,17.92,265,18.88,2023-08-10T18:00:00Z,44460,18.353614
18.13,18.46,17.81,241,17.95,2023-08-10T19:00:00Z,25453,18.058786
18.36,18.73,18.2,62,18.67,2023-08-11T13:00:00Z,8367,18.456768
17.85,18.36,17.58,116,18.36,2023-08-11T14:00:00Z,16519,17.863563
17.82,18.11,17.75,83,17.855,2023-08-11T15:00:00Z,12591,17.94872
17.78,17.82,17.63,68,17.765,2023-08-11T16:00:00Z,10804,17.728624
17.62,17.81,17.36,72,17.66,2023-08-11T17:00:00Z,8483,17.594984
17.29,17.64,17.23,109,17.62,2023-08-11T18:00:00Z,14718,17.345703
17.14,17.42,17.03,206,17.31,2023-08-11T19:00:00Z,31289,17.207326
17.74,17.86,17.52,63,17.6,2023-08-14T13:00:00Z,9235,17.685722
16.75,17.79,16.67,92,17.79,2023-08-14T14:00:00Z,12554,17.217461
16.67,16.98,16.605,75,16.74,2023-08-14T15:00:00Z,10316,16.822228
16.69,16.91,16.69,56,16.74,2023-08-14T16:00:00Z,9821,16.759928
16.67,16.7,16.58,29,16.6,2023-08-14T17:00:00Z,4420,16.629259
16.72,16.89,16.6,47,16.645,2023-08-14T18:00:00Z,6668,16.747715
16.66,16.88,16.66,100,16.74,2023-08-14T19:00:00Z,11371,16.773381
17.55,17.55,17.04,72,17.04,2023-08-15T13:00:00Z,8343,17.300014
18.09,18.24,17.55,167,17.55,2023-08-15T14:00:00Z,22859,17.985436
17.42,18.16,17.42,88,18.16,2023-08-15T15:00:00Z,11619,17.767923
17.87,18.01,17.43,56,17.43,2023-08-15T16:00:00Z,8900,17.730562
17.91,18.06,17.7,62,17.87,2023-08-15T17:00:00Z,9447,17.87238
17.86,18.03,17.6,72,17.965,2023-08-15T18:00:00Z,8830,17.81778
18.08,18.31,17.76,137,17.76,2023-08-15T19:00:00Z,17020,18.16619
17.76,18.0,17.66,25,18.0,2023-08-16T13:00:00Z,4300,17.79407
17.38,17.94,17.37,81,17.83,2023-08-16T14:00:00Z,9904,17.584939
17.99,17.99,17.38,47,17.4,2023-08-16T15:00:00Z,6619,17.702344
18.06,18.23,17.85,53,17.98,2023-08-16T16:00:00Z,7461,18.082806
17.89,18.29,17.87,29,18.08,2023-08-16T17:00:00Z,4165,18.066351
18.06,18.185,17.62,74,17.92,2023-08-16T18:00:00Z,9378,17.906683
18.57,18.57,18.04,194,18.1,2023-08-16T19:00:00Z,26560,18.298761
18.26,18.43,18.025,34,18.03,2023-08-17T13:00:00Z,5503,18.210338
18.51,18.64,18.21,120,18.21,2023-08-17T14:00:00Z,26407,18.505105
18.795,18.97,18.54,140,18.615,2023-08-17T15:00:00Z,18250,18.737745
18.31,18.825,18.31,74,18.785,2023-08-17T16:00:00Z,11710,18.618973
18.69,18.82,18.3,80,18.32,2023-08-17T17:00:00Z,14851,18.59739
19.18,19.225,18.61,107,18.62,2023-08-17T18:00:00Z,17527,18.90846
19.79,19.79,19.105,203,19.105,2023-08-17T19:00:00Z,35704,19.450132
20.67,20.7,20.28,106,20.67,2023-08-18T13:00:00Z,11898,20.525538
20.13,20.9,20.05,152,20.74,2023-08-18T14:00:00Z,16813,20.415853
19.29,19.91,19.28,117,19.91,2023-08-18T15:00:00Z,16133,19.65739
19.44,19.51,19.27,37,19.305,2023-08-18T16:00:00Z,4972,19.408469
19.29,19.74,19.29,51,19.56,2023-08-18T17:00:00Z,6800,19.558088
19.245,19.34,19.11,68,19.22,2023-08-18T18:00:00Z,9000,19.201056
19.11,19.38,18.86,146,19.31,2023-08-18T19:00:00Z,23957,19.077091
18.45,18.81,18.45,89,18.76,2023-08-21T13:00:00Z,11521,18.597596
18.615,19.0,18.435,176,18.45,2023-08-21T14:00:00Z,20495,18.718066
19.22,19.29,18.58,108,18.675,2023-08-21T15:00:00Z,13186,18.934871
18.73,19.23,18.73,47,19.09,2023-08-21T16:00:00Z,7806,18.940269
18.42,18.8,18.3,115,18.68,2023-08-21T17:00:00Z,23025,18.436638
18.335,18.4,18.215,107,18.38,2023-08-21T18:00:00Z,23723,18.32083
18.3,18.455,18.27,205,18.31,2023-08-21T19:00:00Z,33339,18.340582
18.505,18.505,17.82,47,17.82,2023-08-22T13:00:00Z,6032,18.146026
18.44,18.9,18.4,153,18.51,2023-08-22T14:00:00Z,25982,18.601316
18.69,18.7,18.29,65,18.385,2023-08-22T15:00:00Z,10302,18.482181
18.51,18.91,18.4,70,18.69,2023-08-22T16:00:00Z,10003,18.687953
18.535,18.75,18.49,67,18.525,2023-08-22T17:00:00Z,9653,18.620739
18.46,18.73,18.395,77,18.55,2023-08-22T18:00:00Z,14474,18.550247
18.46,18.67,18.16,115,18.38,2023-08-22T19:00:00Z,19069,18.473954
17.81,18.075,17.735,53,17.98,2023-08-23T13:00:00Z,8692,17.916231
17.57,17.89,17.54,171,17.79,2023-08-23T14:00:00Z,34148,17.751061
17.7,17.745,17.57,122,17.57,2023-08-23T15:00:00Z,21273,17.63861
17.74,17.775,17.66,73,17.73,2023-08-23T16:00:00Z,20461,17.724273
17.6,17.78,17.52,82,17.745,2023-08-23T17:00:00Z,25229,17.583454
17.665,17.71,17.54,88,17.58,2023-08-23T18:00:00Z,18450,17.639439
17.53,17.7,17.455,144,17.66,2023-08-23T19:00:00Z,30495,17.531421
17.1,17.47,17.08,62,17.14,2023-08-24T13:00:00Z,7047,17.245216
17.71,17.74,17.025,150,17.035,2023-08-24T14:00:00Z,24176,17.502516
18.18,18.18,17.755,136,17.83,2023-08-24T15:00:00Z,20415,17.940855
17.8,18.16,17.67,71,18.15,2023-08-24T16:00:00Z,10220,17.930948
18.07,18.11,17.74,47,17.87,2023-08-24T17:00:00Z,7451,18.002919
18.06,18.24,17.89,75,17.91,2023-08-24T18:00:00Z,10200,18.070974
18.55,18.64,18.04,218,18.15,2023-08-24T19:00:00Z,30409,18.463848
18.05,18.28,18.025,47,18.17,2023-08-25T13:00:00Z,4686,18.135763
18.78,18.78,17.46,255,18.06,2023-08-25T14:00:00Z,30424,18.092406
18.24,18.88,18.01,259,18.73,2023-08-25T15:00:00Z,29876,18.453475
17.79,18.24,17.675,111,18.24,2023-08-25T16:00:00Z,12493,17.854057
17.74,17.85,17.58,104,17.725,2023-08-25T17:00:00Z,12553,17.759043
17.41,17.695,17.385,193,17.69,2023-08-25T18:00:00Z,22407,17.504965
17.35,17.47,17.13,177,17.32,2023-08-25T19:00:00Z,22734,17.240406
16.795,16.81,16.615,63,16.75,2023-08-28T13:00:00Z,13087,16.694981
16.67,16.78,16.49,74,16.65,2023-08-28T14:00:00Z,9728,16.639072
16.92,16.94,16.7,57,16.71,2023-08-28T15:00:00Z,7488,16.831271
16.475,16.865,16.475,64,16.83,2023-08-28T16:00:00Z,7965,16.676965
16.67,16.73,16.34,76,16.48,2023-08-28T17:00:00Z,9947,16.502772
16.46,16.66,16.46,63,16.63,2023-08-28T18:00:00Z,7602,16.591974
16.34,16.59,16.32,143,16.44,2023-08-28T19:00:00Z,19015,16.461689
15.93,16.31,15.88,80,16.31,2023-08-29T13:00:00Z,10582,16.003878
15.81,15.9,15.59,200,15.9,2023-08-29T14:00:00Z,25083,15.704181
15.8,15.88,15.6,123,15.82,2023-08-29T15:00:00Z,18160,15.772369
15.68,15.85,15.68,59,15.85,2023-08-29T16:00:00Z,8300,15.749815
15.875,15.95,15.65,91,15.67,2023-08-29T17:00:00Z,12705,15.760353
15.66,16.0,15.62,106,15.915,2023-08-29T18:00:00Z,15365,15.86147
15.7,15.71,15.5,177,15.71,2023-08-29T19:00:00Z,26416,15.598227
15.315,15.64,15.3,63,15.45,2023-08-30T13:00:00Z,8266,15.467533
15.49,15.64,15.23,165,15.32,2023-08-30T14:00:00Z,19718,15.402936
15.26,15.59,15.25,60,15.56,2023-08-30T15:00:00Z,7846,15.347867
15.13,15.27,15.075,102,15.26,2023-08-30T16:00:00Z,11925,15.141441
15.2,15.285,15.09,46,15.135,2023-08-30T17:00:00Z,5961,15.181209
15.16,15.32,15.15,86,15.25,2023-08-30T18:00:00Z,9911,15.235788
14.92,15.15,14.9,227,15.14,2023-08-30T19:00:00Z,32490,15.011923
14.64,14.87,14.64,62,14.86,2023-08-31T13:00:00Z,10418,14.758382
14.64,14.69,14.545,150,14.63,2023-08-31T14:00:00Z,26150,14.623043
14.745,14.79,14.62,82,14.67,2023-08-31T15:00:00Z,14443,14.708038
14.89,14.94,14.69,91,14.77,2023-08-31T16:00:00Z,15371,14.824052
14.56,14.93,14.56,51,14.885,2023-08-31T17:00:00Z,9965,14.687478
14.62,14.645,14.48,90,14.51,2023-08-31T18:00:00Z,13920,14.54557
14.55,14.64,14.41,178,14.64,2023-08-31T19:00:00Z,27520,14.502804
14.195,14.35,14.08,156,14.08,2023-09-01T13:00:00Z,27023,14.25008
14.315,14.355,14.02,212,14.19,2023-09-01T14:00:00Z,31620,14.135882
14.27,14.395,14.17,68,14.3,2023-09-01T15:00:00Z,12056,14.29113
14.035,14.29,14.03,87,14.29,2023-09-01T16:00:00Z,12731,14.122938
14.09,14.11,14.0,71,14.035,2023-09-01T17:00:00Z,10643,14.047844
14.17,14.19,14.1,65,14.1,2023-09-01T18:00:00Z,9154,14.164429
14.185,14.25,14.13,175,14.15,2023-09-01T19:00:00Z,33983,14.190957
14.455,14.49,14.29,49,14.325,2023-09-05T13:00:00Z,8661,14.383244
14.47,14.61,14.38,115,14.44,2023-09-05T14:00:00Z,17437,14.502033
14.285,14.46,14.22,66,14.46,2023-09-05T15:00:00Z,9396,14.305628
14.13,14.25,14.09,30,14.24,2023-09-05T16:00:00Z,4442,14.174006
14.2,14.27,14.16,51,14.16,2023-09-05T17:00:00Z,9319,14.20797
14.08,14.23,14.03,104,14.15,2023-09-05T18:00:00Z,10614,14.108575
14.3,14.35,14.06,170,14.09,2023-09-05T19:00:00Z,21611,14.165393
14.46,14.54,14.35,97,14.405,2023-09-06T13:00:00Z,15928,14.444895
14.675,14.725,14.485,160,14.51,2023-09-06T14:00:00Z,20851,14.618127
14.58,14.875,14.52,113,14.725,2023-09-06T15:00:00Z,17772,14.725049
15.13,15.21,14.64,159,14.64,2023-09-06T16:00:00Z,28504,14.971768
14.98,15.21,14.93,127,15.12,2023-09-06T17:00:00Z,20339,15.036111
14.66,14.99,14.64,118,14.96,2023-09-06T18:00:00Z,15753,14.793739
14.74,14.84,14.6,196,14.65,2023-09-06T19:00:00Z,28278,14.746481
15.53,15.59,15.25,154,15.455,2023-09-07T13:00:00Z,27060,15.422752
15.205,15.68,15.12,211,15.5,2023-09-07T14:00:00Z,36750,15.478349
15.2,15.23,14.99,96,15.2,2023-09-07T15:00:00Z,15624,15.124981
15.07,15.23,14.93,64,15.23,2023-09-07T16:00:00Z,10746,15.050099
14.9,15.11,14.9,42,15.08,2023-09-07T17:00:00Z,7652,15.027002
14.79,15.1,14.79,72,14.91,2023-09-07T18:00:00Z,12468,14.903574
14.67,14.91,14.59,143,14.81,2023-09-07T19:00:00Z,22227,14.682224
14.38,14.58,14.205,80,14.58,2023-09-08T13:00:00Z,11387,14.364488
14.165,14.265,14.02,148,14.265,2023-09-08T14:00:00Z,17942,14.125997
14.13,14.2,13.935,177,14.2,2023-09-08T15:00:00Z,22282,14.040061
14.02,14.19,13.97,118,14.12,2023-09-08T16:00:00Z,21577,14.081151
14.13,14.23,14.03,84,14.03,2023-09-08T17:00:00Z,12872,14.139228
14.33,14.34,14.0,113,14.05,2023-09-08T18:00:00Z,19096,14.224726
14.25,14.42,14.24,234,14.32,2023-09-08T19:00:00Z,37173,14.341926
14.23,14.23,14.22,2,14.22,2023-09-08T20:00:00Z,1950,14.220769
14.05,14.05,14.05,2,14.05,2023-09-11T12:00:00Z,450,14.05
14.09,14.13,13.86,53,13.88,2023-09-11T13:00:00Z,9177,14.014334
13.92,14.18,13.865,87,14.16,2023-09-11T14:00:00Z,10468,14.035529
13.95,13.99,13.845,90,13.89,2023-09-11T15:00:00Z,14154,13.919926
13.82,13.91,13.765,117,13.91,2023-09-11T16:00:00Z,15956,13.815346
13.72,13.84,13.665,52,13.82,2023-09-11T17:00:00Z,8872,13.71502
13.72,13.74,13.67,67,13.695,2023-09-11T18:00:00Z,10204,13.69503
13.77,13.82,13.69,180,13.74,2023-09-11T19:00:00Z,26458,13.751789
13.8,13.8,13.8,1,13.8,2023-09-11T20:00:00Z,500,13.8
13.73,13.81,13.73,3,13.81,2023-09-12T12:00:00Z,1200,13.77
13.665,13.96,13.65,53,13.96,2023-09-12T13:00:00Z,5665,13.745424
13.96,14.03,13.69,186,13.69,2023-09-12T14:00:00Z,17407,13.881368
13.75,14.025,13.72,160,13.97,2023-09-12T15:00:00Z,13715,13.908456
13.67,13.75,13.63,102,13.72,2023-09-12T16:00:00Z,15887,13.690226
13.67,13.715,13.54,117,13.675,2023-09-12T17:00:00Z,16618,13.610508
13.91,13.95,13.73,133,13.73,2023-09-12T18:00:00Z,15801,13.812221
13.9,14.06,13.88,268,13.96,2023-09-12T19:00:00Z,31054,13.9502
13.74,13.74,13.74,1,13.74,2023-09-13T12:00:00Z,500,13.74
13.43,13.59,13.43,137,13.59,2023-09-13T13:00:00Z,18307,13.507572
13.4,13.78,13.365,243,13.45,2023-09-13T14:00:00Z,34373,13.538692
13.45,13.53,13.395,197,13.395,2023-09-13T15:00:00Z,42973,13.440393
13.4,13.48,13.38,107,13.43,2023-09-13T16:00:00Z,13498,13.422847
13.38,13.44,13.35,73,13.39,2023-09-13T17:00:00Z,11128,13.403776
13.59,13.66,13.38,161,13.38,2023-09-13T18:00:00Z,25968,13.493456
13.48,13.705,13.47,361,13.585,2023-09-13T19:00:00Z,44326,13.588456
13.14,13.28,13.09,102,13.19,2023-09-14T13:00:00Z,15334,13.156303
13.045,13.23,12.98,224,13.09,2023-09-14T14:00:00Z,39261,13.079073
13.03,13.13,13.02,163,13.04,2023-09-14T15:00:00Z,21284,13.056206
13.03,13.11,12.98,128,13.06,2023-09-14T16:00:00Z,21423,13.045512
13.01,13.04,12.98,52,13.04,2023-09-14T17:00:00Z,7490,13.002293
12.96,13.02,12.94,83,13.01,2023-09-14T18:00:00Z,12681,12.980443
12.86,13.02,12.86,214,12.96,2023-09-14T19:00:00Z,33377,12.940202
12.95,13.01,12.88,111,12.99,2023-09-15T13:00:00Z,24708,12.948898
13.3,13.305,12.81,255,12.92,2023-09-15T14:00:00Z,35824,13.030322
13.235,13.395,13.14,227,13.31,2023-09-15T15:00:00Z,30466,13.26746
13.23,13.3,13.14,174,13.185,2023-09-15T16:00:00Z,19870,13.230397
13.445,13.66,13.21,172,13.21,2023-09-15T17:00:00Z,26048,13.480094
13.415,13.69,13.4,210,13.46,2023-09-15T18:00:00Z,29315,13.573866
13.62,13.68,13.435,410,13.435,2023-09-15T19:00:00Z,56314,13.588233
13.89,14.02,13.63,116,13.86,2023-09-18T13:00:00Z,17313,13.857102
13.605,13.95,13.555,185,13.86,2023-09-18T14:00:00Z,23792,13.705256
13.25,13.66,13.25,144,13.59,2023-09-18T15:00:00Z,17583,13.479636
13.24,13.3,13.19,78,13.23,2023-09-18T16:00:00Z,9369,13.245873
13.22,13.32,13.18,144,13.23,2023-09-18T17:00:00Z,17514,13.229916
13.42,13.49,13.19,152,13.22,2023-09-18T18:00:00Z,24582,13.322238
13.48,13.5,13.41,224,13.43,2023-09-18T19:00:00Z,26924,13.453258
13.51,13.51,13.32,154,13.45,2023-09-19T13:00:00Z,21442,13.428575
13.87,13.91,13.51,249,13.52,2023-09-19T14:00:00Z,36713,13.678091
13.745,13.89,13.68,205,13.885,2023-09-19T15:00:00Z,29537,13.818244
13.81,13.96,13.77,163,13.77,2023-09-19T16:00:00Z,24172,13.857741
13.35,13.81,13.34,135,13.79,2023-09-19T17:00:00Z,16512,13.534772
13.4,13.42,13.24,200,13.31,2023-09-19T18:00:00Z,25611,13.334373
13.35,13.565,13.3,350,13.425,2023-09-19T19:00:00Z,42073,13.411794
13.07,13.07,13.07,2,13.07,2023-09-20T12:00:00Z,1450,13.07
12.98,13.13,12.92,41,13.09,2023-09-20T13:00:00Z,4455,12.9885
13.22,13.23,12.94,152,13.0,2023-09-20T14:00:00Z,21016,13.086873
13.21,13.34,13.19,159,13.215,2023-09-20T15:00:00Z,21383,13.263443
13.11,13.24,13.11,135,13.23,2023-09-20T16:00:00Z,16312,13.173146
13.19,13.25,13.11,129,13.12,2023-09-20T17:00:00Z,21854,13.168138
13.33,13.44,13.14,631,13.24,2023-09-20T18:00:00Z,75793,13.295368
14.12,14.16,13.29,724,13.38,2023-09-20T19:00:00Z,105779,13.807927
15.37,15.415,14.945,519,15.07,2023-09-21T13:00:00Z,78466,15.171567
15.39,15.52,15.08,1236,15.39,2023-09-21T14:00:00Z,134266,15.30012
15.125,15.4,14.985,812,15.4,2023-09-21T15:00:00Z,89500,15.189912
15.255,15.36,15.085,675,15.14,2023-09-21T16:00:00Z,67271,15.233192
14.855,15.31,14.645,617,15.26,2023-09-21T17:00:00Z,62901,14.917028
15.27,15.27,14.83,737,14.88,2023-09-21T18:00:00Z,67055,15.075114
15.8,15.8,15.185,1238,15.27,2023-09-21T19:00:00Z,147220,15.504707
15.79,15.79,15.79,1,15.79,2023-09-21T20:00:00Z,1300,15.79
15.68,15.9,15.655,121,15.69,2023-09-22T13:00:00Z,12882,15.763133
15.3,15.795,15.3,273,15.68,2023-09-22T14:00:00Z,32740,15.504528
15.19,15.35,14.97,228,15.29,2023-09-22T15:00:00Z,29828,15.149109
15.19,15.31,15.09,156,15.22,2023-09-22T16:00:00Z,19461,15.197657
15.66,15.78,15.18,237,15.21,2023-09-22T17:00:00Z,28132,15.520294
15.58,15.81,15.5,196,15.62,2023-09-22T18:00:00Z,22240,15.626856
15.78,15.83,15.21,449,15.52,2023-09-22T19:00:00Z,45926,15.507978
16.01,16.66,15.96,129,16.65,2023-09-25T13:00:00Z,16761,16.220403
16.615,16.645,15.97,269,15.98,2023-09-25T14:00:00Z,62679,16.276143
16.08,16.71,15.99,259,16.675,2023-09-25T15:00:00Z,44046,16.260301
15.93,16.1,15.73,65,16.09,2023-09-25T16:00:00Z,9126,15.904002
15.87,16.01,15.7,71,15.93,2023-09-25T17:00:00Z,13555,15.843296
15.91,15.91,15.7,79,15.81,2023-09-25T18:00:00Z,8483,15.801131
15.89,16.2,15.8,136,15.94,2023-09-25T19:00:00Z,20124,15.924124
16.5,16.5,16.09,77,16.35,2023-09-26T13:00:00Z,11758,16.28866
16.66,17.08,16.34,250,16.48,2023-09-26T14:00:00Z,32193,16.733838
17.23,17.4,16.65,213,16.66,2023-09-26T15:00:00Z,36102,17.170812
16.95,17.25,16.93,205,17.23,2023-09-26T16:00:00Z,51246,17.033925
17.21,17.42,16.865,174,17.01,2023-09-26T17:00:00Z,24040,17.139184
17.74,17.77,17.205,215,17.205,2023-09-26T18:00:00Z,27061,17.525912
18.05,18.15,17.68,369,17.76,2023-09-26T19:00:00Z,59082,17.997487
17.29,17.56,17.11,151,17.11,2023-09-27T13:00:00Z,17775,17.321029
17.9,18.03,17.24,276,17.31,2023-09-27T14:00:00Z,36289,17.626961
17.835,17.95,17.495,108,17.95,2023-09-27T15:00:00Z,14831,17.753059
18.13,18.25,17.82,97,17.85,2023-09-27T16:00:00Z,11042,18.045701
18.08,18.47,17.95,140,18.07,2023-09-27T17:00:00Z,15468,18.239956
17.265,18.29,17.2,181,18.07,2023-09-27T18:00:00Z,59222,17.848316
16.92,17.32,16.91,260,17.3,2023-09-27T19:00:00Z,30594,17.112733
16.82,17.2,16.74,85,17.01,2023-09-28T13:00:00Z,9654,16.959476
16.25,16.81,16.25,158,16.72,2023-09-28T14:00:00Z,17271,16.530175
15.86,16.4,15.78,157,16.28,2023-09-28T15:00:00Z,19144,16.079102
15.895,16.06,15.6,173,15.89,2023-09-28T16:00:00Z,24650,15.780651
16.17,16.27,15.91,130,15.93,2023-09-28T17:00:00Z,18928,16.077999
15.91,16.17,15.8,78,16.17,2023-09-28T18:00:00Z,8301,15.948554
15.67,16.0,15.56,181,15.88,2023-09-28T19:00:00Z,25394,15.813813
15.8,15.8,15.8,1,15.8,2023-09-28T20:00:00Z,900,15.8
14.73,14.96,14.73,87,14.88,2023-09-29T13:00:00Z,11260,14.852342
14.86,15.11,14.72,191,14.76,2023-09-29T14:00:00Z,20712,14.899776
15.25,15.43,14.88,98,14.96,2023-09-29T15:00:00Z,11047,15.142897
15.56,15.64,15.11,68,15.27,2023-09-29T16:00:00Z,7199,15.328929
16.07,16.07,15.6,92,15.6,2023-09-29T17:00:00Z,13374,15.818244
15.71,16.15,15.68,126,16.07,2023-09-29T18:00:00Z,14388,15.97979
16.23,16.23,15.63,276,15.66,2023-09-29T19:00:00Z,34608,15.953529
16.44,16.52,16.03,78,16.27,2023-10-02T13:00:00Z,9471,16.291001
16.29,16.52,16.05,203,16.49,2023-10-02T14:00:00Z,22142,16.23756
16.21,16.31,15.64,130,16.26,2023-10-02T15:00:00Z,13817,16.015279
16.56,16.64,15.99,100,16.25,2023-10-02T16:00:00Z,10636,16.309245
16.42,16.62,16.26,86,16.6,2023-10-02T17:00:00Z,9156,16.432889
16.65,16.75,16.0,157,16.38,2023-10-02T18:00:00Z,17579,16.505781
16.3,16.78,16.12,186,16.63,2023-10-02T19:00:00Z,20725,16.422951
17.04,17.04,17.04,1,17.04,2023-10-03T12:00:00Z,400,17.04
16.57,17.19,16.53,97,16.91,2023-10-03T13:00:00Z,12147,16.845565
17.9,18.1,16.58,325,16.58,2023-10-03T14:00:00Z,35974,17.495051
18.13,18.36,17.84,198,17.91,2023-10-03T15:00:00Z,22647,18.165558
17.9,18.16,17.72,154,18.15,2023-10-03T16:00:00Z,16961,17.932505
18.35,18.35,17.73,52,17.76,2023-10-03T17:00:00Z,5570,18.010182
18.58,18.79,18.28,176,18.28,2023-10-03T18:00:00Z,21506,18.619129
18.51,18.94,18.44,262,18.61,2023-10-03T19:00:00Z,28843,18.670635
17.69,18.03,17.51,68,18.03,2023-10-04T13:00:00Z,8035,17.713809
18.32,18.44,17.63,293,17.76,2023-10-04T14:00:00Z,34884,18.081084
17.66,18.42,17.64,111,18.42,2023-10-04T15:00:00Z,12389,18.00404
17.54,17.78,17.41,79,17.65,2023-10-04T16:00:00Z,9396,17.57914
17.87,17.98,17.51,87,17.54,2023-10-04T17:00:00Z,9603,17.719468
17.645,18.18,17.62,109,18.03,2023-10-04T18:00:00Z,12129,17.800044
17.14,17.69,17.05,239,17.58,2023-10-04T19:00:00Z,30560,17.266972
17.26,17.46,16.88,58,17.08,2023-10-05T13:00:00Z,8688,17.207545
17.99,17.99,17.4,99,17.47,2023-10-05T14:00:00Z,10438,17.676373
18.15,18.22,17.86,110,18.04,2023-10-05T15:00:00Z,13272,18.082844
17.9,18.28,17.72,107,18.28,2023-10-05T16:00:00Z,12566,17.896789
17.45,18.03,17.39,65,17.83,2023-10-05T17:00:00Z,7211,17.708286
17.0,17.33,16.87,78,17.3,2023-10-05T18:00:00Z,8994,17.118295
16.8,17.08,16.79,136,16.95,2023-10-05T19:00:00Z,16854,16.927656
18.01,18.01,18.01,1,18.01,2023-10-06T12:00:00Z,900,18.01
17.84,18.07,17.44,97,17.47,2023-10-06T13:00:00Z,14492,17.718605
17.22,18.17,17.2,180,17.82,2023-10-06T14:00:00Z,24071,17.670758
16.3,17.21,16.27,115,17.2,2023-10-06T15:00:00Z,12762,16.82228
16.23,16.36,16.14,89,16.31,2023-10-06T16:00:00Z,10002,16.257755
16.02,16.22,16.02,51,16.18,2023-10-06T17:00:00Z,6509,16.133538
16.12,16.24,15.97,80,16.05,2023-10-06T18:00:00Z,8619,16.09962
16.46,16.46,15.96,128,16.11,2023-10-06T19:00:00Z,17404,16.187669
17.2,17.44,17.17,45,17.26,2023-10-09T13:00:00Z,5601,17.308214
17.58,17.63,17.17,85,17.17,2023-10-09T14:00:00Z,8123,17.374877
17.08,17.55,17.08,44,17.54,2023-10-09T15:00:00Z,6688,17.255462
17.01,17.08,16.87,54,17.08,2023-10-09T16:00:00Z,6800,16.983196
16.24,16.98,16.24,32,16.96,2023-10-09T17:00:00Z,3011,16.671333
16.16,16.36,16.14,43,16.24,2023-10-09T18:00:00Z,5314,16.22451
16.16,16.45,16.15,95,16.23,2023-10-09T19:00:00Z,10512,16.321741
15.72,15.87,15.7,30,15.78,2023-10-10T13:00:00Z,3062,15.776059
15.28,15.67,15.24,73,15.67,2023-10-10T14:00:00Z,8516,15.423951
15.13,15.18,15.02,99,15.17,2023-10-10T15:00:00Z,13250,15.107426
15.28,15.3,15.13,64,15.18,2023-10-10T16:00:00Z,7642,15.194646
15.37,15.64,15.28,102,15.28,2023-10-10T17:00:00Z,13219,15.463577
15.4,15.57,15.27,74,15.37,2023-10-10T18:00:00Z,8641,15.413735
15.28,15.4,15.17,192,15.36,2023-10-10T19:00:00Z,27710,15.26115
14.92,14.99,14.78,79,14.92,2023-10-11T13:00:00Z,11586,14.887724
14.91,15.06,14.89,75,14.96,2023-10-11T14:00:00Z,8678,14.966202
15.19,15.19,14.82,39,14.85,2023-10-11T15:00:00Z,4796,15.010851
15.65,15.79,15.24,67,15.24,2023-10-11T16:00:00Z,8393,15.55629
15.78,16.06,15.51,82,15.66,2023-10-11T17:00:00Z,13180,15.698323
15.44,15.81,15.39,71,15.8,2023-10-11T18:00:00Z,9884,15.59913
14.89,15.4,14.79,198,15.4,2023-10-11T19:00:00Z,22517,14.993848
14.73,14.73,14.73,2,14.73,2023-10-11T20:00:00Z,145,14.73
14.72,14.76,14.48,76,14.65,2023-10-12T13:00:00Z,10076,14.654149
14.51,14.92,14.38,171,14.69,2023-10-12T14:00:00Z,19055,14.672161
14.4,14.62,14.3,58,14.58,2023-10-12T15:00:00Z,6061,14.445431
14.38,14.4,14.18,115,14.32,2023-10-12T16:00:00Z,14018,14.278199
15.73,15.73,14.41,238,14.41,2023-10-12T17:00:00Z,28994,15.009219
15.89,16.24,15.61,228,15.73,2023-10-12T18:00:00Z,28088,15.881421
15.38,15.89,15.29,274,15.89,2023-10-12T19:00:00Z,34812,15.454571
15.42,15.49,15.23,62,15.3,2023-10-13T13:00:00Z,7706,15.368543
16.49,16.65,15.42,193,15.44,2023-10-13T14:00:00Z,23969,15.901055
17.48,17.56,16.47,238,16.48,2023-10-13T15:00:00Z,32652,16.958319
17.65,17.78,16.78,390,17.53,2023-10-13T16:00:00Z,50435,17.326028
18.2,18.7,17.46,358,17.62,2023-10-13T17:00:00Z,45094,18.087151
18.05,18.69,17.97,389,18.28,2023-10-13T18:00:00Z,45143,18.322692
18.15,18.36,17.58,318,18.03,2023-10-13T19:00:00Z,38019,17.912261
16.86,17.14,16.73,109,17.08,2023-10-16T13:00:00Z,10365,16.911555
16.26,16.83,16.05,293,16.83,2023-10-16T14:00:00Z,37897,16.382028
16.48,16.48,16.16,124,16.23,2023-10-16T15:00:00Z,20743,16.294913
16.16,16.51,16.02,98,16.48,2023-10-16T16:00:00Z,15258,16.184731
15.93,16.54,15.88,166,16.08,2023-10-16T17:00:00Z,24182,16.128708
15.77,16.03,15.77,185,15.96,2023-10-16T18:00:00Z,28216,15.902324
15.59,15.84,15.51,223,15.75,2023-10-16T19:00:00Z,39956,15.668081
15.62,15.62,15.62,2,15.62,2023-10-16T20:00:00Z,364,15.62
16.6,16.63,16.21,119,16.28,2023-10-17T13:00:00Z,14862,16.441645
15.875,16.54,15.785,186,16.52,2023-10-17T14:00:00Z,23744,16.096681
15.52,15.895,15.48,162,15.86,2023-10-17T15:00:00Z,17988,15.6596
15.48,15.58,15.19,98,15.49,2023-10-17T16:00:00Z,12146,15.380127
16.28,16.335,15.45,178,15.51,2023-10-17T17:00:00Z,20618,15.92396
16.46,16.46,16.075,161,16.31,2023-10-17T18:00:00Z,17922,16.284839
16.16,16.5,16.055,249,16.48,2023-10-17T19:00:00Z,35610,16.236031
16.91,17.005,16.63,99,16.73,2023-10-18T13:00:00Z,13162,16.890714
17.22,17.43,16.57,224,16.83,2023-10-18T14:00:00Z,28569,17.100514
17.2,17.34,16.84,146,17.14,2023-10-18T15:00:00Z,19536,17.128362
17.45,17.58,16.83,153,17.17,2023-10-18T16:00:00Z,17865,17.244062
17.12,17.72,16.69,174,17.62,2023-10-18T17:00:00Z,20181,17.161011
17.63,17.71,16.94,188,17.16,2023-10-18T18:00:00Z,21563,17.41051
17.76,18.02,17.42,243,17.68,2023-10-18T19:00:00Z,30097,17.733475
17.35,17.55,17.19,70,17.27,2023-10-19T13:00:00Z,7353,17.374538
17.72,17.92,17.17,225,17.33,2023-10-19T14:00:00Z,25893,17.540976
17.63,17.97,17.47,505,17.7,2023-10-19T15:00:00Z,69175,17.659691
17.29,18.17,17.0,639,17.64,2023-10-19T16:00:00Z,75616,17.62028
17.77,17.98,16.93,386,17.28,2023-10-19T17:00:00Z,42407,17.371178
18.735,18.82,17.58,247,17.87,2023-10-19T18:00:00Z,27392,18.268106
19.0,19.12,18.43,490,18.75,2023-10-19T19:00:00Z,53701,18.782093
18.93,19.18,18.69,133,19.05,2023-10-20T13:00:00Z,14804,18.903637
19.72,19.72,18.93,366,19.02,2023-10-20T14:00:00Z,50378,19.509646
19.01,19.68,18.92,304,19.68,2023-10-20T15:00:00Z,37574,19.348911
18.66,19.16,18.64,300,18.98,2023-10-20T16:00:00Z,37034,18.999835
18.49,19.02,18.4,320,18.66,2023-10-20T17:00:00Z,36389,18.634863
18.985,19.22,18.51,216,18.51,2023-10-20T18:00:00Z,24554,18.946586
19.23,19.255,18.81,386,18.97,2023-10-20T19:00:00Z,47142,19.074273
19.19,20.13,19.19,138,19.78,2023-10-23T13:00:00Z,15894,19.751946
18.71,19.21,18.69,170,19.11,2023-10-23T14:00:00Z,23380,18.972899
17.87,18.71,17.87,147,18.67,2023-10-23T15:00:00Z,19254,18.224447
17.3,18.01,17.3,130,17.84,2023-10-23T16:00:00Z,14777,17.683793
17.51,17.56,17.31,72,17.31,2023-10-23T17:00:00Z,8062,17.454125
17.64,17.74,17.36,88,17.53,2023-10-23T18:00:00Z,11043,17.544009
18.27,18.31,17.57,193,17.64,2023-10-23T19:00:00Z,25030,17.994463
17.53,17.83,17.43,95,17.48,2023-10-24T13:00:00Z,13377,17.592103
17.47,17.84,17.27,96,17.58,2023-10-24T14:00:00Z,11063,17.506786
17.59,17.795,17.4,90,17.47,2023-10-24T15:00:00Z,10129,17.618414
18.06,18.21,17.5,112,17.53,2023-10-24T16:00:00Z,13526,18.048382
17.69,18.1,17.55,88,18.1,2023-10-24T17:00:00Z,10656,17.79833
17.235,17.77,17.23,158,17.77,2023-10-24T18:00:00Z,19797,17.386033
17.02,17.25,16.9,262,17.205,2023-10-24T19:00:00Z,34735,17.040367
17.42,17.82,17.08,196,17.08,2023-10-25T13:00:00Z,24862,17.56016
17.62,17.9,17.34,251,17.47,2023-10-25T14:00:00Z,32976,17.635223
17.87,17.89,17.3,270,17.62,2023-10-25T15:00:00Z,49897,17.443733
18.39,18.52,17.98,199,17.98,2023-10-25T16:00:00Z,37609,18.1585
18.89,19.25,18.36,317,18.43,2023-10-25T17:00:00Z,39201,18.774145
19.03,19.19,18.7,282,18.86,2023-10-25T18:00:00Z,37621,18.879222
18.59,19.06,18.58,334,18.98,2023-10-25T19:00:00Z,77978,18.791791
19.04,19.04,18.39,165,18.7,2023-10-26T13:00:00Z,76678,18.620112
18.43,19.22,18.35,383,19.13,2023-10-26T14:00:00Z,129600,18.785223
18.89,18.99,18.39,127,18.44,2023-10-26T15:00:00Z,19837,18.860313
19.5,19.65,18.98,147,19.0,2023-10-26T16:00:00Z,17288,19.451188
18.79,19.65,18.79,218,19.54,2023-10-26T17:00:00Z,25079,19.315326
18.35,18.89,18.3,133,18.81,2023-10-26T18:00:00Z,14857,18.595788
18.94,19.025,18.21,283,18.34,2023-10-26T19:00:00Z,39201,18.628639
18.77,18.77,18.77,1,18.77,2023-10-26T20:00:00Z,500,18.77
18.3,18.42,18.15,100,18.28,2023-10-27T13:00:00Z,11955,18.315231
18.14,18.56,18.04,197,18.35,2023-10-27T14:00:00Z,19738,18.306086
18.13,18.28,17.98,162,18.18,2023-10-27T15:00:00Z,16523,18.115
18.84,18.84,18.1,97,18.11,2023-10-27T16:00:00Z,12030,18.343243
19.65,19.74,18.75,310,18.85,2023-10-27T17:00:00Z,101449,19.442846
19.77,19.97,19.35,282,19.695,2023-10-27T18:00:00Z,33215,19.685771
19.8,19.92,19.36,418,19.72,2023-10-27T19:00:00Z,53161,19.675888
18.285,18.9,18.16,332,18.9,2023-10-30T13:00:00Z,180850,18.244416
18.62,18.7,18.215,269,18.27,2023-10-30T14:00:00Z,81857,18.512319
18.23,18.7,18.23,90,18.53,2023-10-30T15:00:00Z,12401,18.446445
18.29,18.46,18.17,90,18.2,2023-10-30T16:00:00Z,9594,18.297965
17.93,18.32,17.885,159,18.27,2023-10-30T17:00:00Z,19339,18.019939
17.81,17.98,17.66,96,17.94,2023-10-30T18:00:00Z,15981,17.845062
17.65,17.775,17.58,223,17.74,2023-10-30T19:00:00Z,28721,17.688889
17.49,17.68,17.465,29,17.58,2023-10-31T13:00:00Z,3719,17.586667
17.055,17.61,17.0,117,17.5,2023-10-31T14:00:00Z,16181,17.295195
16.93,17.16,16.925,158,17.0,2023-10-31T15:00:00Z,14894,17.025943
16.67,17.165,16.665,135,16.94,2023-10-31T16:00:00Z,17701,16.826617
16.39,16.775,16.375,225,16.67,2023-10-31T17:00:00Z,31229,16.617397
16.15,16.515,16.11,194,16.375,2023-10-31T18:00:00Z,20747,16.337791
15.985,16.33,15.985,242,16.13,2023-10-31T19:00:00Z,40463,16.165433
16.01,16.01,16.01,1,16.01,2023-10-31T20:00:00Z,100,16.01
15.39,15.71,15.28,80,15.66,2023-11-01T13:00:00Z,12841,15.527677
15.18,15.43,15.06,388,15.31,2023-11-01T14:00:00Z,90640,15.186426
15.29,15.37,15.08,338,15.19,2023-11-01T15:00:00Z,64139,15.21046
15.55,15.63,15.31,170,15.31,2023-11-01T16:00:00Z,17268,15.47942
15.4,15.61,15.4,86,15.59,2023-11-01T17:00:00Z,8115,15.486971
15.06,15.56,15.01,486,15.36,2023-11-01T18:00:00Z,50977,15.309022
14.89,15.045,14.76,495,15.02,2023-11-01T19:00:00Z,66784,14.864444
14.48,14.575,14.35,154,14.36,2023-11-02T13:00:00Z,25064,14.483852
14.23,14.525,14.1,207,14.44,2023-11-02T14:00:00Z,31360,14.340673
14.595,14.62,14.23,139,14.23,2023-11-02T15:00:00Z,21860,14.366646
14.62,14.69,14.55,99,14.62,2023-11-02T16:00:00Z,13520,14.621379
14.48,14.64,14.41,74,14.64,2023-11-02T17:00:00Z,12832,14.490473
14.44,14.555,14.36,136,14.52,2023-11-02T18:00:00Z,21035,14.458409
14.11,14.46,14.11,222,14.42,2023-11-02T19:00:00Z,23778,14.222506
13.55,13.75,13.53,134,13.745,2023-11-03T13:00:00Z,67652,13.564327
13.64,13.745,13.48,281,13.49,2023-11-03T14:00:00Z,51976,13.570634
13.585,13.81,13.55,151,13.61,2023-11-03T15:00:00Z,19838,13.675036
13.615,13.645,13.52,174,13.585,2023-11-03T16:00:00Z,27343,13.598093
13.81,13.855,13.6,211,13.62,2023-11-03T17:00:00Z,31042,13.742063
13.67,13.875,13.665,160,13.78,2023-11-03T18:00:00Z,22225,13.767396
13.63,13.73,13.59,294,13.675,2023-11-03T19:00:00Z,42202,13.645507
13.365,13.4,13.27,150,13.37,2023-11-06T14:00:00Z,24978,13.349625
13.135,13.37,12.99,345,13.34,2023-11-06T15:00:00Z,48074,13.193511
13.12,13.155,13.025,138,13.135,2023-11-06T16:00:00Z,18178,13.123529
13.16,13.26,13.095,61,13.095,2023-11-06T17:00:00Z,12062,13.2289
13.285,13.51,13.17,216,13.17,2023-11-06T18:00:00Z,29060,13.318817
13.15,13.45,13.12,159,13.28,2023-11-06T19:00:00Z,22223,13.246448
12.96,13.16,12.93,366,13.13,2023-11-06T20:00:00Z,190234,13.086023
12.915,13.09,12.91,84,12.98,2023-11-07T14:00:00Z,16039,12.988351
12.745,12.965,12.72,141,12.915,2023-11-07T15:00:00Z,22595,12.842024
12.88,12.905,12.77,145,12.785,2023-11-07T16:00:00Z,21757,12.830219
12.905,13.005,12.86,132,12.895,2023-11-07T17:00:00Z,20086,12.942255
12.85,12.91,12.815,68,12.91,2023-11-07T18:00:00Z,9667,12.858376
12.83,12.88,12.75,95,12.83,2023-11-07T19:00:00Z,16024,12.806541
12.85,12.91,12.77,212,12.845,2023-11-07T20:00:00Z,28759,12.841148
12.59,12.65,12.495,64,12.61,2023-11-08T14:00:00Z,12380,12.564165
12.71,12.71,12.52,130,12.59,2023-11-08T15:00:00Z,23713,12.636877
12.685,12.71,12.6,174,12.69,2023-11-08T16:00:00Z,37421,12.68251
12.755,13.07,12.68,123,12.68,2023-11-08T17:00:00Z,22875,12.907113
12.58,12.76,12.55,108,12.71,2023-11-08T18:00:00Z,14021,12.631486
12.67,12.67,12.51,102,12.555,2023-11-08T19:00:00Z,16575,12.600036
12.47,12.63,12.415,328,12.63,2023-11-08T20:00:00Z,59041,12.477833
12.5,12.51,12.5,6,12.51,2023-11-08T21:00:00Z,5807,12.500172
12.4,12.45,12.25,87,12.28,2023-11-09T14:00:00Z,24528,12.364782
12.545,12.65,12.31,159,12.31,2023-11-09T15:00:00Z,32723,12.566932
12.45,12.58,12.4,74,12.54,2023-11-09T16:00:00Z,13000,12.500635
12.47,12.53,12.35,95,12.4,2023-11-09T17:00:00Z,12970,12.443968
13.0,13.04,12.53,212,12.53,2023-11-09T18:00:00Z,45603,12.851791
13.25,13.375,13.03,278,13.03,2023-11-09T19:00:00Z,51711,13.238557
13.235,13.33,13.065,596,13.26,2023-11-09T20:00:00Z,106431,13.201928
12.62,12.88,12.575,147,12.88,2023-11-10T14:00:00Z,28778,12.718494
12.55,12.79,12.49,223,12.64,2023-11-10T15:00:00Z,36450,12.665995
12.45,12.52,12.35,280,12.52,2023-11-10T16:00:00Z,46223,12.413565
12.36,12.43,12.28,189,12.43,2023-11-10T17:00:00Z,24398,12.337823
12.4,12.43,12.32,94,12.4,2023-11-10T18:00:00Z,15604,12.367042
12.35,12.39,12.28,109,12.37,2023-11-10T19:00:00Z,18084,12.332158
12.39,12.39,12.22,215,12.35,2023-11-10T20:00:00Z,42001,12.306135
12.46,12.61,12.44,66,12.47,2023-11-13T14:00:00Z,8670,12.494756
12.255,12.45,12.25,114,12.45,2023-11-13T15:00:00Z,19556,12.336717
12.035,12.29,12.0,173,12.27,2023-11-13T16:00:00Z,38108,12.172
12.155,12.18,12.03,87,12.03,2023-11-13T17:00:00Z,15872,12.117929
12.1,12.23,12.02,48,12.16,2023-11-13T18:00:00Z,8690,12.14517
12.115,12.15,12.03,47,12.08,2023-11-13T19:00:00Z,9189,12.084954
12.2,12.23,12.05,134,12.14,2023-11-13T20:00:00Z,24111,12.136053
11.55,11.65,11.55,5,11.65,2023-11-14T13:00:00Z,1758,11.576471
11.695,11.73,11.49,105,11.52,2023-11-14T14:00:00Z,25482,11.640504
11.89,11.91,11.74,125,11.81,2023-11-14T15:00:00Z,20048,11.828359
11.885,11.945,11.82,115,11.88,2023-11-14T16:00:00Z,18486,11.884502
11.855,11.91,11.77,58,11.88,2023-11-14T17:00:00Z,17360,11.87243
11.865,11.88,11.79,104,11.86,2023-11-14T18:00:00Z,16981,11.843593
11.9,11.9,11.825,68,11.88,2023-11-14T19:00:00Z,11689,11.864907
12.06,12.075,11.84,299,11.89,2023-11-14T20:00:00Z,53748,11.914681
11.73,11.87,11.63,76,11.69,2023-11-15T14:00:00Z,10944,11.713143
11.79,11.79,11.59,101,11.785,2023-11-15T15:00:00Z,16426,11.682948
11.76,11.85,11.72,57,11.79,2023-11-15T16:00:00Z,12589,11.802458
11.75,11.77,11.68,50,11.77,2023-11-15T17:00:00Z,7370,11.728725
11.68,11.86,11.65,49,11.745,2023-11-15T18:00:00Z,9892,11.739725
11.75,11.76,11.66,40,11.67,2023-11-15T19:00:00Z,6085,11.72645
11.665,11.77,11.65,97,11.7,2023-11-15T20:00:00Z,13293,11.689458
11.4,11.58,11.38,84,11.58,2023-11-16T14:00:00Z,15232,11.490926
11.6,11.6,11.37,158,11.41,2023-11-16T15:00:00Z,22593,11.489487
11.62,11.74,11.5,145,11.6,2023-11-16T16:00:00Z,19510,11.643082
11.57,11.62,11.5,62,11.62,2023-11-16T17:00:00Z,7435,11.539521
11.54,11.61,11.48,91,11.52,2023-11-16T18:00:00Z,12705,11.545726
11.41,11.51,11.37,65,11.51,2023-11-16T19:00:00Z,10971,11.445649
11.39,11.48,11.37,153,11.44,2023-11-16T20:00:00Z,23881,11.409622
11.33,11.39,11.26,49,11.28,2023-11-17T14:00:00Z,6966,11.312056
11.27,11.46,11.24,143,11.39,2023-11-17T15:00:00Z,22610,11.331346
11.16,11.36,11.145,116,11.25,2023-11-17T16:00:00Z,19865,11.241365
11.15,11.19,11.14,100,11.15,2023-11-17T17:00:00Z,19281,11.157949
11.095,11.14,11.09,49,11.14,2023-11-17T18:00:00Z,8602,11.106392
11.19,11.2,11.07,158,11.07,2023-11-17T19:00:00Z,26660,11.132898
11.14,11.27,11.13,190,11.19,2023-11-17T20:00:00Z,32561,11.175108
10.89,11.06,10.89,55,11.06,2023-11-20T14:00:00Z,9802,10.958214
10.92,10.96,10.87,69,10.87,2023-11-20T15:00:00Z,10422,10.913219
10.88,10.94,10.83,80,10.94,2023-11-20T16:00:00Z,15342,10.886877
10.87,10.9,10.83,38,10.88,2023-11-20T17:00:00Z,6350,10.862886
10.93,10.93,10.84,83,10.89,2023-11-20T18:00:00Z,12705,10.894017
10.93,10.95,10.875,85,10.94,2023-11-20T19:00:00Z,14728,10.916637
11.02,11.03,10.86,195,10.92,2023-11-20T20:00:00Z,32096,10.911886
10.96,10.96,10.96,1,10.96,2023-11-20T21:00:00Z,900,10.96
10.93,11.02,10.93,65,11.02,2023-11-21T14:00:00Z,11455,10.972715
10.95,10.975,10.86,73,10.94,2023-11-21T15:00:00Z,14174,10.925741
10.8,10.94,10.8,41,10.92,2023-11-21T16:00:00Z,7720,10.884369
10.75,10.77,10.72,42,10.76,2023-11-21T17:00:00Z,7078,10.742789
10.7,10.78,10.67,54,10.75,2023-11-21T18:00:00Z,9469,10.726636
10.64,10.72,10.64,31,10.72,2023-11-21T19:00:00Z,5012,10.68
10.66,10.78,10.63,157,10.64,2023-11-21T20:00:00Z,26744,10.729184
10.55,10.55,10.55,1,10.55,2023-11-22T13:00:00Z,500,10.55
10.61,10.64,10.43,59,10.45,2023-11-22T14:00:00Z,15314,10.519052
10.69,10.72,10.62,131,10.63,2023-11-22T15:00:00Z,24822,10.676655
10.62,10.68,10.62,70,10.66,2023-11-22T16:00:00Z,11361,10.654775
10.68,10.71,10.62,67,10.62,2023-11-22T17:00:00Z,14750,10.657275
10.75,10.75,10.65,68,10.69,2023-11-22T18:00:00Z,13844,10.688577
10.82,10.95,10.72,82,10.72,2023-11-22T19:00:00Z,16539,10.861368
10.79,10.88,10.73,161,10.83,2023-11-22T20:00:00Z,32623,10.811257
10.78,10.78,10.78,1,10.78,2023-11-22T21:00:00Z,300,10.78
10.63,10.72,10.63,28,10.7,2023-11-24T14:00:00Z,1942,10.695882
10.515,10.63,10.51,66,10.62,2023-11-24T15:00:00Z,5324,10.556507
10.355,10.51,10.355,123,10.505,2023-11-24T16:00:00Z,23842,10.390602
10.07,10.35,10.05,167,10.35,2023-11-24T17:00:00Z,28507,10.219569
10.21,10.24,10.15,40,10.2,2023-11-27T14:00:00Z,6992,10.189599
10.11,10.22,10.11,65,10.2,2023-11-27T15:00:00Z,11594,10.170575
10.14,10.21,10.12,92,10.12,2023-11-27T16:00:00Z,22788,10.168471
10.19,10.21,10.13,51,10.15,2023-11-27T17:00:00Z,11045,10.173864
10.19,10.22,10.18,46,10.2,2023-11-27T18:00:00Z,11025,10.196064
10.16,10.22,10.13,105,10.17,2023-11-27T19:00:00Z,26790,10.161492
10.17,10.22,10.12,153,10.15,2023-11-27T20:00:00Z,29046,10.163528
10.11,10.14,10.08,44,10.14,2023-11-28T14:00:00Z,7796,10.108267
9.95,10.08,9.92,125,10.08,2023-11-28T15:00:00Z,32656,9.991735
9.96,9.975,9.94,44,9.95,2023-11-28T16:00:00Z,6800,9.959702
10.05,10.07,9.94,70,9.94,2023-11-28T17:00:00Z,12450,10.004185
10.18,10.25,10.075,100,10.085,2023-11-28T18:00:00Z,23717,10.173056
9.97,10.19,9.97,86,10.19,2023-11-28T19:00:00Z,19834,10.102428
9.97,10.0,9.91,190,9.96,2023-11-28T20:00:00Z,34451,9.94249
10.05,10.05,9.835,47,9.845,2023-11-29T14:00:00Z,15318,9.931016
10.06,10.16,10.03,79,10.05,2023-11-29T15:00:00Z,25486,10.088586
10.11,10.245,10.06,41,10.06,2023-11-29T16:00:00Z,8576,10.162337
10.07,10.11,9.99,21,10.11,2023-11-29T17:00:00Z,5301,10.058679
10.175,10.175,10.04,40,10.04,2023-11-29T18:00:00Z,9189,10.097501
10.105,10.2,10.095,39,10.15,2023-11-29T19:00:00Z,9753,10.124714
10.24,10.24,10.065,193,10.09,2023-11-29T20:00:00Z,36206,10.19235
10.05,10.05,10.05,1,10.05,2023-11-30T13:00:00Z,1050,10.05
10.06,10.2,10.04,34,10.06,2023-11-30T14:00:00Z,5392,10.097684
10.12,10.22,10.03,164,10.15,2023-11-30T15:00:00Z,29384,10.100709
10.27,10.27,10.1,140,10.11,2023-11-30T16:00:00Z,35660,10.18846
10.16,10.275,10.14,118,10.22,2023-11-30T17:00:00Z,28710,10.217593
10.16,10.3,10.15,65,10.165,2023-11-30T18:00:00Z,12663,10.208217
10.03,10.12,10.03,59,10.12,2023-11-30T19:00:00Z,13536,10.082931
9.97,10.15,9.96,141,10.01,2023-11-30T20:00:00Z,24376,10.037675
9.92,9.97,9.875,27,9.9,2023-12-01T14:00:00Z,5450,9.907523
9.91,9.97,9.86,96,9.92,2023-12-01T15:00:00Z,21193,9.905545
9.81,9.97,9.74,150,9.95,2023-12-01T16:00:00Z,34269,9.820093
9.92,9.92,9.76,72,9.82,2023-12-01T17:00:00Z,17772,9.818151
9.93,9.95,9.87,59,9.93,2023-12-01T18:00:00Z,10877,9.914139
9.85,9.94,9.835,22,9.94,2023-12-01T19:00:00Z,4103,9.868293
9.9,9.9,9.8,167,9.86,2023-12-01T20:00:00Z,31817,9.869989
10.04,10.05,9.96,25,9.98,2023-12-04T13:00:00Z,2232,10.011818
10.365,10.365,10.09,90,10.1,2023-12-04T14:00:00Z,17471,10.186262
10.3,10.42,10.27,282,10.37,2023-12-04T15:00:00Z,70817,10.336938
10.02,10.31,10.02,87,10.31,2023-12-04T16:00:00Z,28940,10.180293
10.02,10.06,9.98,95,10.035,2023-12-04T17:00:00Z,25797,10.020199
10.08,10.11,10.02,76,10.02,2023-12-04T18:00:00Z,19517,10.062923
10.01,10.12,10.01,131,10.07,2023-12-04T19:00:00Z,34705,10.075207
9.96,10.1,9.94,302,10.02,2023-12-04T20:00:00Z,76304,10.021554
10.09,10.09,10.02,48,10.07,2023-12-05T13:00:00Z,4462,10.041395
10.02,10.12,9.97,39,10.08,2023-12-05T14:00:00Z,7470,10.021892
9.91,10.03,9.89,61,10.01,2023-12-05T15:00:00Z,9989,9.946217
9.96,9.97,9.87,60,9.9,2023-12-05T16:00:00Z,9322,9.940652
9.91,9.95,9.85,56,9.87,2023-12-05T17:00:00Z,13098,9.902385
9.865,9.93,9.865,21,9.93,2023-12-05T18:00:00Z,2406,9.895208
9.89,9.89,9.84,29,9.86,2023-12-05T19:00:00Z,5500,9.860182
9.84,9.92,9.835,115,9.92,2023-12-05T20:00:00Z,17531,9.886598
9.87,9.87,9.87,3,9.87,2023-12-05T21:00:00Z,600,9.87
9.68,9.73,9.67,27,9.73,2023-12-06T13:00:00Z,2600,9.6984
9.73,9.73,9.68,20,9.68,2023-12-06T14:00:00Z,2576,9.708388
9.7,9.735,9.62,78,9.735,2023-12-06T15:00:00Z,13731,9.656378
9.78,9.84,9.68,43,9.68,2023-12-06T16:00:00Z,12400,9.817298
9.9,9.91,9.79,38,9.79,2023-12-06T17:00:00Z,5113,9.873137
9.79,9.92,9.79,37,9.91,2023-12-06T18:00:00Z,6750,9.875333
9.7,9.8,9.7,31,9.77,2023-12-06T19:00:00Z,7599,9.758467
9.95,10.01,9.71,186,9.72,2023-12-06T20:00:00Z,43270,9.864387
9.91,9.95,9.91,23,9.94,2023-12-07T13:00:00Z,2200,9.921429
10.0,10.01,9.87,38,9.91,2023-12-07T14:00:00Z,6352,9.952231
9.88,10.01,9.86,46,9.99,2023-12-07T15:00:00Z,7683,9.904188
9.87,9.93,9.87,23,9.88,2023-12-07T16:00:00Z,5100,9.913725
9.87,9.88,9.84,12,9.84,2023-12-07T17:00:00Z,3100,9.86871
9.93,9.93,9.87,5,9.87,2023-12-07T18:00:00Z,1577,9.897318
9.885,9.92,9.875,25,9.92,2023-12-07T19:00:00Z,6517,9.890344
9.94,9.94,9.835,104,9.86,2023-12-07T20:00:00Z,26240,9.895713
9.84,9.94,9.81,46,9.93,2023-12-08T13:00:00Z,4107,9.862051
9.7,9.78,9.68,27,9.78,2023-12-08T14:00:00Z,6702,9.717469
9.65,9.73,9.64,96,9.67,2023-12-08T15:00:00Z,24897,9.674254
9.65,9.69,9.64,86,9.64,2023-12-08T16:00:00Z,13759,9.662293
9.62,9.65,9.59,25,9.65,2023-12-08T17:00:00Z,4754,9.612128
9.54,9.57,9.53,26,9.55,2023-12-08T18:00:00Z,5900,9.548333
9.59,9.59,9.51,87,9.54,2023-12-08T19:00:00Z,18459,9.555022
9.52,9.6,9.51,120,9.59,2023-12-08T20:00:00Z,26165,9.552733
9.47,9.47,9.4,23,9.46,2023-12-11T13:00:00Z,1788,9.42875
9.46,9.48,9.43,28,9.43,2023-12-11T14:00:00Z,5100,9.465398
9.35,9.45,9.33,38,9.45,2023-12-11T15:00:00Z,8178,9.378872
9.23,9.34,9.23,260,9.33,2023-12-11T16:00:00Z,28305,9.274022
9.26,9.26,9.21,71,9.23,2023-12-11T17:00:00Z,8400,9.233597
9.25,9.29,9.23,112,9.27,2023-12-11T18:00:00Z,11719,9.249334
9.25,9.25,9.24,55,9.25,2023-12-11T19:00:00Z,13372,9.242457
9.18,9.24,9.17,144,9.24,2023-12-11T20:00:00Z,21404,9.186228
9.11,9.14,8.97,69,9.13,2023-12-12T13:00:00Z,6610,9.073281
8.98,9.05,8.97,57,9.05,2023-12-12T14:00:00Z,9769,9.003356
8.87,9.06,8.87,83,8.99,2023-12-12T15:00:00Z,15441,8.988141
8.83,8.87,8.82,22,8.87,2023-12-12T16:00:00Z,5750,8.852261
8.8,8.84,8.78,54,8.82,2023-12-12T17:00:00Z,12656,8.808102
8.73,8.78,8.7,46,8.78,2023-12-12T18:00:00Z,12683,8.737389
8.75,8.75,8.72,21,8.72,2023-12-12T19:00:00Z,5700,8.728684
8.79,8.81,8.75,146,8.75,2023-12-12T20:00:00Z,22357,8.784153
8.72,8.76,8.72,17,8.75,2023-12-13T13:00:00Z,1601,8.735625
8.87,8.87,8.7,57,8.7,2023-12-13T14:00:00Z,10674,8.739904
8.85,8.91,8.82,44,8.87,2023-12-13T15:00:00Z,13052,8.860098
8.83,8.84,8.81,30,8.81,2023-12-13T16:00:00Z,7194,8.825283
8.86,8.87,8.84,13,8.84,2023-12-13T17:00:00Z,1835,8.85
8.81,8.89,8.81,54,8.85,2023-12-13T18:00:00Z,15973,8.845285
8.66,8.79,8.65,96,8.79,2023-12-13T19:00:00Z,21411,8.731133
8.59,8.68,8.56,163,8.66,2023-12-13T20:00:00Z,53134,8.605173
8.45,8.51,8.45,14,8.51,2023-12-14T13:00:00Z,1380,8.486154
8.67,8.67,8.46,64,8.48,2023-12-14T14:00:00Z,12483,8.563974
8.645,8.74,8.635,80,8.66,2023-12-14T15:00:00Z,17009,8.669887
8.64,8.74,8.64,26,8.69,2023-12-14T16:00:00Z,5340,8.699325
8.69,8.69,8.6,64,8.63,2023-12-14T17:00:00Z,12624,8.625249
8.84,8.93,8.77,113,8.77,2023-12-14T18:00:00Z,27776,8.834649
8.69,8.84,8.69,69,8.84,2023-12-14T19:00:00Z,17691,8.775566
8.57,8.7,8.565,168,8.69,2023-12-14T20:00:00Z,39237,8.644121
8.57,8.57,8.57,4,8.57,2023-12-14T21:00:00Z,598,8.57
8.65,8.68,8.53,24,8.54,2023-12-15T13:00:00Z,2200,8.6235
8.61,8.65,8.55,90,8.65,2023-12-15T14:00:00Z,26142,8.592227
8.7,8.72,8.54,90,8.59,2023-12-15T15:00:00Z,18978,8.621058
8.83,8.86,8.69,140,8.69,2023-12-15T16:00:00Z,28594,8.783142
8.84,8.87,8.78,55,8.87,2023-12-15T17:00:00Z,11460,8.814041
8.99,8.99,8.83,146,8.85,2023-12-15T18:00:00Z,39322,8.907089
8.95,9.01,8.87,80,9.01,2023-12-15T19:00:00Z,19022,8.929068
8.98,8.98,8.88,113,8.92,2023-12-15T20:00:00Z,20917,8.925075
8.96,8.96,8.96,1,8.96,2023-12-15T21:00:00Z,2700,8.96
8.87,8.96,8.87,23,8.94,2023-12-18T13:00:00Z,2300,8.909565
9.03,9.05,8.92,57,8.92,2023-12-18T14:00:00Z,11206,8.997019
8.97,9.0,8.95,30,9.0,2023-12-18T15:00:00Z,7104,8.979332
8.98,8.98,8.92,33,8.93,2023-12-18T16:00:00Z,6309,8.940606
8.96,8.96,8.93,52,8.96,2023-12-18T17:00:00Z,9584,8.946971
8.98,8.98,8.96,8,8.97,2023-12-18T18:00:00Z,1110,8.969099
8.97,9.0,8.97,30,8.975,2023-12-18T19:00:00Z,6495,8.98938
9.0,9.005,8.94,67,8.97,2023-12-18T20:00:00Z,17370,8.968734
9.06,9.08,9.06,11,9.08,2023-12-19T13:00:00Z,1100,9.070909
9.06,9.13,9.03,83,9.07,2023-12-19T14:00:00Z,21460,9.077881
9.05,9.07,9.03,35,9.06,2023-12-19T15:00:00Z,5111,9.057384
9.07,9.07,9.02,59,9.07,2023-12-19T16:00:00Z,11135,9.046017
9.09,9.09,9.05,31,9.07,2023-12-19T17:00:00Z,6870,9.076555
9.06,9.11,9.06,33,9.09,2023-12-19T18:00:00Z,12810,9.088556
9.115,9.115,9.06,14,9.06,2023-12-19T19:00:00Z,4100,9.097927
9.21,9.23,9.11,139,9.11,2023-12-19T20:00:00Z,37520,9.168998
9.06,9.2,9.05,37,9.2,2023-12-20T13:00:00Z,3551,9.120571
9.11,9.14,9.05,49,9.06,2023-12-20T14:00:00Z,8000,9.098375
9.25,9.25,9.09,78,9.1,2023-12-20T15:00:00Z,14714,9.193765
9.27,9.3,9.25,34,9.25,2023-12-20T16:00:00Z,8289,9.281185
9.36,9.36,9.27,36,9.27,2023-12-20T17:00:00Z,7470,9.311602
9.5,9.51,9.36,61,9.37,2023-12-20T18:00:00Z,17545,9.407329
9.92,9.99,9.5,190,9.53,2023-12-20T19:00:00Z,49309,9.727589
10.07,10.17,9.88,579,9.93,2023-12-20T20:00:00Z,163175,10.018696
9.89,9.89,9.89,1,9.89,2023-12-20T21:00:00Z,500,9.89
9.9,9.93,9.79,148,9.9,2023-12-21T13:00:00Z,14725,9.87021
9.79,9.91,9.72,109,9.9,2023-12-21T14:00:00Z,17529,9.808237
9.83,9.85,9.59,173,9.76,2023-12-21T15:00:00Z,43420,9.720042
9.86,9.87,9.77,86,9.85,2023-12-21T16:00:00Z,18727,9.819422
10.08,10.16,9.89,93,9.9,2023-12-21T17:00:00Z,20831,10.056578
9.74,10.035,9.73,108,10.0,2023-12-21T18:00:00Z,26033,9.874427
9.84,9.86,9.74,43,9.76,2023-12-21T19:00:00Z,8800,9.795795
9.67,9.795,9.61,108,9.79,2023-12-21T20:00:00Z,19622,9.675993
9.64,9.74,9.64,48,9.73,2023-12-22T13:00:00Z,4686,9.701957
9.91,9.92,9.63,76,9.64,2023-12-22T14:00:00Z,15315,9.785319
9.84,9.94,9.81,103,9.89,2023-12-22T15:00:00Z,23670,9.883975
9.6,9.89,9.6,107,9.85,2023-12-22T16:00:00Z,24671,9.75031
9.52,9.58,9.46,64,9.58,2023-12-22T17:00:00Z,11280,9.504449
9.49,9.54,9.46,31,9.54,2023-12-22T18:00:00Z,6400,9.483437
9.44,9.68,9.44,109,9.49,2023-12-22T19:00:00Z,18767,9.543785
9.34,9.5,9.34,175,9.46,2023-12-22T20:00:00Z,34410,9.432105
9.29,9.31,9.29,4,9.31,2023-12-26T13:00:00Z,400,9.305
9.36,9.36,9.29,18,9.32,2023-12-26T14:00:00Z,3095,9.313
9.25,9.35,9.23,46,9.35,2023-12-26T15:00:00Z,11260,9.28376
9.115,9.26,9.11,46,9.26,2023-12-26T16:00:00Z,12095,9.18056
9.065,9.09,9.035,65,9.08,2023-12-26T17:00:00Z,16018,9.066063
9.05,9.05,9.04,21,9.04,2023-12-26T18:00:00Z,6090,9.043115
9.04,9.065,9.03,12,9.065,2023-12-26T19:00:00Z,2086,9.044925
8.97,9.07,8.955,71,9.05,2023-12-26T20:00:00Z,16725,9.01858
8.96,8.96,8.96,1,8.96,2023-12-26T21:00:00Z,500,8.96
8.82,8.85,8.82,21,8.85,2023-12-27T13:00:00Z,2100,8.831429
8.67,8.88,8.67,50,8.83,2023-12-27T14:00:00Z,9029,8.753003
8.63,8.67,8.62,111,8.64,2023-12-27T15:00:00Z,23411,8.643034
8.55,8.64,8.53,84,8.63,2023-12-27T16:00:00Z,20050,8.573152
8.61,8.61,8.54,54,8.55,2023-12-27T17:00:00Z,10504,8.558286
8.53,8.62,8.53,29,8.56,2023-12-27T18:00:00Z,9500,8.580737
8.53,8.6,8.515,56,8.56,2023-12-27T19:00:00Z,18768,8.538461
8.43,8.52,8.42,85,8.52,2023-12-27T20:00:00Z,24644,8.483678
8.39,8.4,8.37,11,8.38,2023-12-28T13:00:00Z,1591,8.38
8.48,8.48,8.34,59,8.4,2023-12-28T14:00:00Z,18628,8.388241
8.475,8.53,8.41,89,8.48,2023-12-28T15:00:00Z,17731,8.471938
8.4,8.54,8.4,37,8.5,2023-12-28T16:00:00Z,9998,8.474965
8.4,8.42,8.39,16,8.39,2023-12-28T17:00:00Z,3583,8.394466
8.44,8.445,8.4,14,8.4,2023-12-28T18:00:00Z,1828,8.418232
8.37,8.39,8.36,41,8.39,2023-12-28T19:00:00Z,12763,8.371868
8.395,8.43,8.38,89,8.385,2023-12-28T20:00:00Z,22486,8.413346
8.36,8.38,8.36,11,8.38,2023-12-29T13:00:00Z,776,8.37
8.37,8.37,8.3,18,8.36,2023-12-29T14:00:00Z,4779,8.338769
8.53,8.54,8.37,82,8.37,2023-12-29T15:00:00Z,21867,8.443572
8.67,8.71,8.52,111,8.52,2023-12-29T16:00:00Z,32757,8.62264
8.48,8.67,8.48,48,8.65,2023-12-29T17:00:00Z,16646,8.584636
8.39,8.47,8.37,43,8.47,2023-12-29T18:00:00Z,11386,8.421518
8.37,8.43,8.36,64,8.37,2023-12-29T19:00:00Z,18920,8.394084
8.41,8.47,8.33,182,8.365,2023-12-29T20:00:00Z,62095,8.404441
8.83,8.92,8.81,66,8.89,2024-01-02T13:00:00Z,6329,8.8665
8.81,8.92,8.69,143,8.81,2024-01-02T14:00:00Z,34000,8.834697
8.91,8.97,8.73,166,8.8,2024-01-02T15:00:00Z,45730,8.838835
8.59,8.87,8.59,109,8.865,2024-01-02T16:00:00Z,28840,8.751662
8.54,8.59,8.455,85,8.59,2024-01-02T17:00:00Z,21268,8.519874
8.47,8.55,8.34,84,8.54,2024-01-02T18:00:00Z,18295,8.428594
8.6,8.6,8.41,115,8.46,2024-01-02T19:00:00Z,30861,8.495943
8.42,8.68,8.41,207,8.59,2024-01-02T20:00:00Z,56070,8.551241
8.43,8.43,8.43,4,8.43,2024-01-02T21:00:00Z,1226,8.43
8.66,8.68,8.56,57,8.68,2024-01-03T13:00:00Z,5530,8.616111
8.85,8.87,8.62,133,8.64,2024-01-03T14:00:00Z,29103,8.710877
8.94,9.07,8.765,126,8.86,2024-01-03T15:00:00Z,44853,8.953047
8.81,8.87,8.75,49,8.84,2024-01-03T16:00:00Z,8528,8.812735
8.67,8.89,8.66,70,8.8,2024-01-03T17:00:00Z,14350,8.758683
8.6,8.62,8.54,28,8.58,2024-01-03T18:00:00Z,5200,8.585192
8.59,8.73,8.46,108,8.63,2024-01-03T19:00:00Z,31245,8.588603
8.87,8.88,8.62,237,8.66,2024-01-03T20:00:00Z,60483,8.790124
8.82,8.85,8.77,19,8.77,2024-01-04T13:00:00Z,1805,8.814444
8.87,8.885,8.75,64,8.84,2024-01-04T14:00:00Z,10347,8.829977
8.75,8.91,8.74,88,8.9,2024-01-04T15:00:00Z,14640,8.805313
8.78,8.78,8.6,95,8.7,2024-01-04T16:00:00Z,19017,8.677228
8.85,8.9,8.75,49,8.8,2024-01-04T17:00:00Z,12841,8.818336
8.73,8.85,8.73,33,8.85,2024-01-04T18:00:00Z,9222,8.754298
8.76,8.81,8.7,62,8.71,2024-01-04T19:00:00Z,14660,8.762261
8.86,8.86,8.71,173,8.78,2024-01-04T20:00:00Z,40834,8.804518
8.82,9.12,8.82,121,9.05,2024-01-05T13:00:00Z,11635,9.016814
8.47,8.82,8.44,84,8.82,2024-01-05T14:00:00Z,15272,8.591114
8.34,8.44,8.3,135,8.44,2024-01-05T15:00:00Z,33552,8.362859
8.43,8.48,8.31,88,8.34,2024-01-05T16:00:00Z,20023,8.376479
8.49,8.65,8.44,70,8.44,2024-01-05T17:00:00Z,14131,8.570492
8.39,8.61,8.39,85,8.55,2024-01-05T18:00:00Z,18344,8.496171
8.57,8.57,8.35,60,8.37,2024-01-05T19:00:00Z,17670,8.413922
8.44,8.58,8.43,150,8.56,2024-01-05T20:00:00Z,38924,8.507656
8.42,8.42,8.36,13,8.37,2024-01-08T13:00:00Z,1300,8.381538
8.35,8.46,8.35,91,8.42,2024-01-08T14:00:00Z,77120,8.430367
8.28,8.375,8.22,74,8.37,2024-01-08T15:00:00Z,13716,8.297584
8.15,8.27,8.14,51,8.25,2024-01-08T16:00:00Z,14279,8.198308
8.14,8.16,8.11,45,8.12,2024-01-08T17:00:00Z,13590,8.134519
8.06,8.17,8.06,40,8.14,2024-01-08T18:00:00Z,9597,8.127374
8.03,8.05,7.97,102,8.045,2024-01-08T19:00:00Z,31969,8.011138
8.13,8.13,8.0,205,8.04,2024-01-08T20:00:00Z,43749,8.061625
8.25,8.25,8.18,32,8.18,2024-01-09T13:00:00Z,3053,8.221667
8.15,8.255,8.15,52,8.24,2024-01-09T14:00:00Z,9575,8.192848
8.14,8.215,8.08,109,8.16,2024-01-09T15:00:00Z,25888,8.151089
7.97,8.125,7.97,87,8.12,2024-01-09T16:00:00Z,18060,8.038481
7.895,8.0,7.89,92,7.97,2024-01-09T17:00:00Z,13854,7.92972
7.85,7.96,7.85,77,7.87,2024-01-09T18:00:00Z,15244,7.891084
7.86,7.93,7.84,56,7.86,2024-01-09T19:00:00Z,9716,7.882652
7.84,7.9,7.815,234,7.84,2024-01-09T20:00:00Z,45426,7.855218
7.75,7.77,7.75,11,7.77,2024-01-10T13:00:00Z,1100,7.755455
7.69,7.78,7.69,48,7.78,2024-01-10T14:00:00Z,11048,7.724839
7.73,7.74,7.69,53,7.71,2024-01-10T15:00:00Z,15400,7.721786
7.69,7.75,7.68,50,7.74,2024-01-10T16:00:00Z,12036,7.719501
7.77,7.77,7.7,30,7.71,2024-01-10T17:00:00Z,5624,7.730305
7.7,7.81,7.69,70,7.76,2024-01-10T18:00:00Z,21998,7.743682
7.7,7.71,7.67,56,7.68,2024-01-10T19:00:00Z,12154,7.696097
7.72,7.76,7.67,158,7.7,2024-01-10T20:00:00Z,36871,7.712803
7.69,7.77,7.6,83,7.68,2024-01-11T13:00:00Z,8021,7.669359
7.57,7.69,7.54,79,7.69,2024-01-11T14:00:00Z,15555,7.588977
7.86,7.87,7.58,217,7.58,2024-01-11T15:00:00Z,48612,7.759558
7.98,8.05,7.89,142,7.89,2024-01-11T16:00:00Z,30732,7.985211
7.755,7.98,7.73,111,7.95,2024-01-11T17:00:00Z,29404,7.863002
7.61,7.76,7.61,100,7.735,2024-01-11T18:00:00Z,25831,7.697541
7.59,7.635,7.58,62,7.59,2024-01-11T19:00:00Z,10883,7.600652
7.66,7.73,7.57,218,7.61,2024-01-11T20:00:00Z,47327,7.653339
7.67,7.82,7.66,32,7.82,2024-01-12T13:00:00Z,3150,7.706129
7.68,7.69,7.605,44,7.69,2024-01-12T14:00:00Z,8942,7.634548
7.8,7.87,7.625,236,7.66,2024-01-12T15:00:00Z,67488,7.765395
7.78,7.84,7.69,189,7.81,2024-01-12T16:00:00Z,50061,7.785437
7.81,7.84,7.75,74,7.82,2024-01-12T17:00:00Z,15935,7.808539
7.77,7.83,7.77,13,7.81,2024-01-12T18:00:00Z,2808,7.790714
7.8,7.81,7.76,50,7.78,2024-01-12T19:00:00Z,7013,7.794849
7.84,7.84,7.73,72,7.77,2024-01-12T20:00:00Z,20111,7.774681
7.89,7.89,7.81,4,7.81,2024-01-12T21:00:00Z,1583,7.841311
8.2,8.2,8.09,60,8.09,2024-01-16T13:00:00Z,5851,8.146316
8.33,8.405,8.06,199,8.2,2024-01-16T14:00:00Z,46853,8.267992
7.98,8.33,7.98,155,8.32,2024-01-16T15:00:00Z,47252,8.180947
8.19,8.19,8.01,138,8.03,2024-01-16T16:00:00Z,22787,8.094629
8.36,8.36,8.17,103,8.17,2024-01-16T17:00:00Z,25652,8.29153
8.4,8.41,8.27,107,8.36,2024-01-16T18:00:00Z,23866,8.340156
8.37,8.485,8.36,81,8.39,2024-01-16T19:00:00Z,20989,8.425667
8.27,8.38,8.27,103,8.34,2024-01-16T20:00:00Z,19906,8.347132
8.57,8.61,8.43,62,8.43,2024-01-17T13:00:00Z,5920,8.511053
8.925,8.925,8.56,161,8.58,2024-01-17T14:00:00Z,35047,8.740795
8.61,8.99,8.59,229,8.94,2024-01-17T15:00:00Z,47787,8.729885
8.55,8.58,8.41,100,8.57,2024-01-17T16:00:00Z,29176,8.494365
8.69,8.77,8.5,93,8.56,2024-01-17T17:00:00Z,21487,8.577585
8.77,8.91,8.62,86,8.66,2024-01-17T18:00:00Z,17375,8.789075
8.62,8.78,8.615,100,8.77,2024-01-17T19:00:00Z,20625,8.701023
8.69,8.73,8.63,193,8.63,2024-01-17T20:00:00Z,29897,8.670976
8.43,8.43,8.27,63,8.36,2024-01-18T13:00:00Z,6160,8.351803
8.34,8.4,8.28,60,8.4,2024-01-18T14:00:00Z,11200,8.349725
8.31,8.38,8.27,129,8.36,2024-01-18T15:00:00Z,45729,8.308543
8.38,8.41,8.28,94,8.33,2024-01-18T16:00:00Z,33093,8.338277
8.61,8.62,8.4,141,8.4,2024-01-18T17:00:00Z,36330,8.527416
8.4,8.68,8.4,129,8.63,2024-01-18T18:00:00Z,24446,8.578341
8.28,8.36,8.23,80,8.36,2024-01-18T19:00:00Z,14062,8.276498
8.285,8.3,8.23,177,8.27,2024-01-18T20:00:00Z,31485,8.266813
8.24,8.27,8.24,5,8.27,2024-01-18T21:00:00Z,4400,8.2625
8.03,8.03,7.97,41,8.02,2024-01-19T13:00:00Z,5765,8.018364
7.97,8.09,7.94,60,8.02,2024-01-19T14:00:00Z,12211,8.024942
7.96,8.05,7.93,89,7.93,2024-01-19T15:00:00Z,19585,8.001542
7.95,8.005,7.95,46,7.99,2024-01-19T16:00:00Z,11528,7.980157
7.91,7.99,7.855,106,7.95,2024-01-19T17:00:00Z,28876,7.913163
7.91,7.97,7.89,58,7.89,2024-01-19T18:00:00Z,12828,7.919291
7.96,8.03,7.91,159,7.91,2024-01-19T19:00:00Z,57152,7.975291
7.96,8.02,7.91,133,7.97,2024-01-19T20:00:00Z,31710,7.971901
7.81,7.81,7.77,32,7.8,2024-01-22T13:00:00Z,2960,7.796786
7.84,7.86,7.78,47,7.82,2024-01-22T14:00:00Z,9697,7.830803
7.87,7.88,7.76,184,7.81,2024-01-22T15:00:00Z,45736,7.832288
7.71,7.86,7.67,77,7.86,2024-01-22T16:00:00Z,27050,7.761553
7.72,7.74,7.7,39,7.71,2024-01-22T17:00:00Z,7356,7.719378
7.69,7.755,7.68,38,7.73,2024-01-22T18:00:00Z,9297,7.726919
7.65,7.73,7.63,52,7.7,2024-01-22T19:00:00Z,14627,7.678537
7.53,7.63,7.51,78,7.63,2024-01-22T20:00:00Z,27955,7.580923
7.4,7.44,7.39,25,7.42,2024-01-23T13:00:00Z,2545,7.409583
7.39,7.42,7.36,47,7.4,2024-01-23T14:00:00Z,9650,7.382534
7.32,7.38,7.31,99,7.37,2024-01-23T15:00:00Z,20331,7.337494
7.35,7.35,7.305,43,7.32,2024-01-23T16:00:00Z,24110,7.315169
7.27,7.33,7.25,125,7.32,2024-01-23T17:00:00Z,34453,7.300659
7.25,7.29,7.25,44,7.28,2024-01-23T18:00:00Z,10111,7.272558
7.25,7.29,7.24,66,7.24,2024-01-23T19:00:00Z,20700,7.264169
7.25,7.27,7.22,147,7.255,2024-01-23T20:00:00Z,32761,7.244796
7.14,7.15,7.11,20,7.11,2024-01-24T13:00:00Z,2000,7.139
7.2,7.23,7.13,42,7.14,2024-01-24T14:00:00Z,11490,7.183888
7.225,7.23,7.16,87,7.21,2024-01-24T15:00:00Z,25354,7.202976
7.28,7.29,7.23,86,7.23,2024-01-24T16:00:00Z,29703,7.259668
7.38,7.38,7.25,76,7.305,2024-01-24T17:00:00Z,18838,7.301846
7.42,7.49,7.36,146,7.4,2024-01-24T18:00:00Z,46832,7.427356
7.4,7.51,7.4,81,7.42,2024-01-24T19:00:00Z,21476,7.453593
7.51,7.51,7.38,290,7.42,2024-01-24T20:00:00Z,81001,7.442755
7.46,7.5,7.43,26,7.5,2024-01-25T13:00:00Z,2510,7.476667
7.43,7.52,7.43,38,7.44,2024-01-25T14:00:00Z,7848,7.472374
7.57,7.57,7.43,64,7.43,2024-01-25T15:00:00Z,18024,7.527848
7.605,7.65,7.58,46,7.61,2024-01-25T16:00:00Z,11927,7.610862
7.59,7.64,7.59,52,7.61,2024-01-25T17:00:00Z,13699,7.612509
7.585,7.585,7.51,94,7.58,2024-01-25T18:00:00Z,27953,7.551145
7.58,7.63,7.54,47,7.63,2024-01-25T19:00:00Z,13435,7.576873
7.64,7.66,7.56,128,7.59,2024-01-25T20:00:00Z,34651,7.61626
7.6,7.71,7.58,39,7.71,2024-01-26T13:00:00Z,3640,7.645588
7.655,7.66,7.6,14,7.6,2024-01-26T14:00:00Z,3880,7.640902
7.52,7.69,7.51,125,7.675,2024-01-26T15:00:00Z,23771,7.563505
7.5,7.55,7.48,54,7.52,2024-01-26T16:00:00Z,17164,7.508909
7.48,7.53,7.45,91,7.49,2024-01-26T17:00:00Z,18446,7.489281
7.45,7.48,7.44,45,7.48,2024-01-26T18:00:00Z,12676,7.462432
7.49,7.5,7.43,66,7.45,2024-01-26T19:00:00Z,21330,7.453313
7.55,7.58,7.47,173,7.5,2024-01-26T20:00:00Z,46250,7.529805
7.6,7.62,7.59,23,7.59,2024-01-29T13:00:00Z,2300,7.605217
7.64,7.64,7.58,28,7.6,2024-01-29T14:00:00Z,9731,7.616705
7.73,7.74,7.63,69,7.63,2024-01-29T15:00:00Z,14575,7.684125
7.65,7.77,7.63,64,7.77,2024-01-29T16:00:00Z,19619,7.712632
7.58,7.66,7.58,53,7.66,2024-01-29T17:00:00Z,8754,7.62714
7.55,7.61,7.53,35,7.595,2024-01-29T18:00:00Z,8140,7.572029
7.615,7.62,7.56,47,7.56,2024-01-29T19:00:00Z,9297,7.604353
7.65,7.65,7.58,122,7.58,2024-01-29T20:00:00Z,31238,7.609389
7.61,7.61,7.61,1,7.61,2024-01-29T21:00:00Z,1100,7.61
7.6,7.63,7.59,13,7.59,2024-01-30T13:00:00Z,1250,7.611667
7.525,7.62,7.52,23,7.61,2024-01-30T14:00:00Z,8252,7.55072
7.54,7.58,7.52,72,7.53,2024-01-30T15:00:00Z,25279,7.542219
7.51,7.54,7.49,36,7.54,2024-01-30T16:00:00Z,8635,7.509767
7.52,7.53,7.49,45,7.49,2024-01-30T17:00:00Z,9988,7.521512
7.47,7.52,7.47,23,7.52,2024-01-30T18:00:00Z,6500,7.493615
7.48,7.48,7.47,12,7.48,2024-01-30T19:00:00Z,3501,7.475857
7.45,7.485,7.44,100,7.47,2024-01-30T20:00:00Z,20434,7.46373
7.43,7.44,7.39,35,7.44,2024-01-31T13:00:00Z,3493,7.425294
7.725,7.75,7.43,65,7.43,2024-01-31T14:00:00Z,19801,7.6185
7.97,8.02,7.75,160,7.75,2024-01-31T15:00:00Z,109067,7.897908
8.03,8.11,7.8,191,7.98,2024-01-31T16:00:00Z,65656,7.996655
7.8,8.03,7.8,199,8.025,2024-01-31T17:00:00Z,40100,7.948954
7.72,7.79,7.7,162,7.78,2024-01-31T18:00:00Z,35491,7.750385
7.755,7.865,7.59,240,7.75,2024-01-31T19:00:00Z,42726,7.736199
8.03,8.1,7.79,386,7.8,2024-01-31T20:00:00Z,103340,7.990735
7.81,7.87,7.79,19,7.79,2024-02-01T13:00:00Z,1800,7.819412
7.87,7.89,7.7,71,7.82,2024-02-01T14:00:00Z,15941,7.784199
8.02,8.02,7.75,93,7.92,2024-02-01T15:00:00Z,24899,7.84611
7.98,8.14,7.96,102,8.05,2024-02-01T16:00:00Z,27540,8.073417
7.84,7.96,7.77,84,7.95,2024-02-01T17:00:00Z,20659,7.872733
7.78,7.92,7.76,46,7.81,2024-02-01T18:00:00Z,14185,7.838968
7.725,7.77,7.71,43,7.73,2024-02-01T19:00:00Z,9468,7.737472
7.93,7.96,7.76,144,7.76,2024-02-01T20:00:00Z,31058,7.854115
7.81,7.81,7.81,3,7.81,2024-02-01T21:00:00Z,1100,7.81
7.87,7.91,7.66,71,7.66,2024-02-02T13:00:00Z,7978,7.741278
7.85,7.95,7.82,53,7.86,2024-02-02T14:00:00Z,10977,7.891422
7.77,7.9,7.755,135,7.84,2024-02-02T15:00:00Z,27680,7.832894
7.8,7.88,7.7,119,7.79,2024-02-02T16:00:00Z,25906,7.792185
7.88,8.0,7.81,123,7.81,2024-02-02T17:00:00Z,22323,7.912254
7.95,7.97,7.87,74,7.88,2024-02-02T18:00:00Z,17059,7.913573
7.91,7.98,7.91,79,7.94,2024-02-02T19:00:00Z,16655,7.953385
7.88,7.93,7.79,167,7.93,2024-02-02T20:00:00Z,42015,7.836377
7.84,7.84,7.81,15,7.82,2024-02-05T13:00:00Z,1450,7.82
7.65,7.87,7.65,37,7.87,2024-02-05T14:00:00Z,10656,7.726977
7.97,8.03,7.68,122,7.68,2024-02-05T15:00:00Z,32300,7.892484
7.8,7.93,7.795,19,7.93,2024-02-05T16:00:00Z,4957,7.842747
7.56,7.74,7.56,63,7.74,2024-02-05T17:00:00Z,15604,7.628398
7.55,7.59,7.5,58,7.57,2024-02-05T18:00:00Z,15369,7.538333
7.49,7.57,7.49,40,7.56,2024-02-05T19:00:00Z,8886,7.53339
7.44,7.55,7.415,157,7.44,2024-02-05T20:00:00Z,61780,7.471979
7.37,7.4,7.37,26,7.39,2024-02-06T13:00:00Z,2502,7.380417
7.275,7.37,7.25,80,7.37,2024-02-06T14:00:00Z,26668,7.290191
7.35,7.38,7.3,66,7.3,2024-02-06T15:00:00Z,43480,7.333448
7.42,7.43,7.36,39,7.36,2024-02-06T16:00:00Z,14294,7.396473
7.34,7.46,7.33,64,7.43,2024-02-06T17:00:00Z,19864,7.394517
7.29,7.39,7.28,61,7.35,2024-02-06T18:00:00Z,13965,7.334107
7.26,7.35,7.23,90,7.29,2024-02-06T19:00:00Z,30039,7.288294
7.17,7.24,7.15,129,7.24,2024-02-06T20:00:00Z,41351,7.193853
7.04,7.09,7.04,25,7.09,2024-02-07T13:00:00Z,2331,7.076087
7.145,7.16,7.05,51,7.05,2024-02-07T14:00:00Z,13740,7.115455
7.18,7.18,7.06,107,7.13,2024-02-07T15:00:00Z,37829,7.121163
7.12,7.22,7.08,37,7.19,2024-02-07T16:00:00Z,6772,7.160843
7.22,7.22,7.13,79,7.14,2024-02-07T17:00:00Z,24019,7.187767
7.14,7.21,7.14,55,7.21,2024-02-07T18:00:00Z,19438,7.168627
7.11,7.16,7.11,54,7.13,2024-02-07T19:00:00Z,21772,7.120814
7.14,7.14,7.08,195,7.11,2024-02-07T20:00:00Z,66913,7.111339
7.13,7.13,7.13,3,7.13,2024-02-08T13:00:00Z,240,7.13
7.06,7.13,7.06,54,7.13,2024-02-08T14:00:00Z,13745,7.10057
7.1,7.1,7.05,32,7.05,2024-02-08T15:00:00Z,15372,7.067646
7.19,7.25,7.11,55,7.11,2024-02-08T16:00:00Z,24392,7.199819
7.19,7.23,7.15,27,7.23,2024-02-08T17:00:00Z,10700,7.199953
7.1,7.17,7.09,35,7.17,2024-02-08T18:00:00Z,9384,7.107661
7.07,7.09,7.06,32,7.09,2024-02-08T19:00:00Z,10878,7.079606
7.05,7.09,7.05,69,7.08,2024-02-08T20:00:00Z,21518,7.072156
7.02,7.02,6.96,34,7.01,2024-02-09T13:00:00Z,3250,7.002903
7.01,7.03,6.95,21,7.02,2024-02-09T14:00:00Z,6901,6.982999
7.02,7.07,7.01,47,7.01,2024-02-09T15:00:00Z,18437,7.037016
7.11,7.11,7.02,52,7.02,2024-02-09T16:00:00Z,24923,7.078392
7.05,7.12,7.02,41,7.12,2024-02-09T17:00:00Z,20308,7.065326
7.07,7.07,7.02,12,7.02,2024-02-09T18:00:00Z,2500,7.0348
7.14,7.16,7.065,31,7.07,2024-02-09T19:00:00Z,13713,7.101277
7.17,7.17,7.09,90,7.09,2024-02-09T20:00:00Z,32065,7.12491
7.09,7.09,7.08,5,7.09,2024-02-12T13:00:00Z,500,7.086
7.14,7.14,7.06,39,7.09,2024-02-12T14:00:00Z,20326,7.110416
7.24,7.24,7.185,44,7.19,2024-02-12T15:00:00Z,22229,7.204853
7.29,7.31,7.22,84,7.22,2024-02-12T16:00:00Z,33892,7.289383
7.29,7.31,7.26,81,7.29,2024-02-12T17:00:00Z,30210,7.285914
7.35,7.38,7.3,66,7.31,2024-02-12T18:00:00Z,22616,7.347155
7.4,7.415,7.32,76,7.35,2024-02-12T19:00:00Z,24765,7.368383
7.38,7.48,7.375,151,7.375,2024-02-12T20:00:00Z,55397,7.427549
7.68,7.73,7.42,85,7.45,2024-02-13T13:00:00Z,7919,7.623649
7.72,7.78,7.64,85,7.7,2024-02-13T14:00:00Z,21792,7.70557
7.85,7.93,7.77,165,7.77,2024-02-13T15:00:00Z,74509,7.863089
7.71,7.86,7.66,57,7.86,2024-02-13T16:00:00Z,15491,7.731375
7.78,7.805,7.7,43,7.7,2024-02-13T17:00:00Z,12781,7.739143
7.99,8.0,7.77,50,7.77,2024-02-13T18:00:00Z,14343,7.925901
8.37,8.425,8.0,223,8.0,2024-02-13T19:00:00Z,61665,8.23859
8.19,8.88,8.17,383,8.36,2024-02-13T20:00:00Z,115540,8.623102
7.89,7.89,7.78,27,7.87,2024-02-14T13:00:00Z,3080,7.832333
7.56,7.82,7.55,125,7.82,2024-02-14T14:00:00Z,41321,7.687376
7.63,7.63,7.46,192,7.53,2024-02-14T15:00:00Z,47742,7.520567
7.65,7.71,7.54,124,7.64,2024-02-14T16:00:00Z,30797,7.635627
7.68,7.91,7.67,107,7.72,2024-02-14T17:00:00Z,25897,7.793835
7.675,7.77,7.59,34,7.7,2024-02-14T18:00:00Z,8400,7.675595
7.675,7.78,7.58,129,7.74,2024-02-14T19:00:00Z,32166,7.686096
7.51,7.72,7.505,203,7.68,2024-02-14T20:00:00Z,53797,7.572692
7.37,7.4,7.31,26,7.39,2024-02-15T13:00:00Z,2550,7.348
7.44,7.44,7.345,33,7.37,2024-02-15T14:00:00Z,5723,7.382621
7.48,7.51,7.33,134,7.43,2024-02-15T15:00:00Z,35593,7.435716
7.6,7.64,7.515,93,7.52,2024-02-15T16:00:00Z,16282,7.578205
7.57,7.63,7.48,77,7.59,2024-02-15T17:00:00Z,20744,7.543079
7.58,7.6,7.52,70,7.53,2024-02-15T18:00:00Z,17759,7.565155
7.56,7.63,7.53,73,7.57,2024-02-15T19:00:00Z,17087,7.583116
7.43,7.54,7.42,97,7.54,2024-02-15T20:00:00Z,19679,7.489612
7.56,7.6,7.43,42,7.43,2024-02-16T13:00:00Z,5360,7.545769
7.54,7.58,7.43,77,7.53,2024-02-16T14:00:00Z,14952,7.507387
7.335,7.57,7.26,109,7.56,2024-02-16T15:00:00Z,37836,7.393958
7.24,7.34,7.2,53,7.32,2024-02-16T16:00:00Z,16270,7.250553
7.26,7.29,7.23,29,7.265,2024-02-16T17:00:00Z,8400,7.267976
7.27,7.36,7.23,88,7.27,2024-02-16T18:00:00Z,19915,7.277132
7.4,7.425,7.26,127,7.28,2024-02-16T19:00:00Z,38209,7.335814
7.4,7.465,7.33,319,7.4,2024-02-16T20:00:00Z,67944,7.408202
7.43,7.44,7.43,3,7.44,2024-02-16T21:00:00Z,600,7.433333
7.58,7.6,7.54,61,7.54,2024-02-20T13:00:00Z,5780,7.569818
7.7,7.75,7.55,145,7.58,2024-02-20T14:00:00Z,30859,7.643208
7.74,7.88,7.72,210,7.73,2024-02-20T15:00:00Z,45342,7.777776
7.8,7.8,7.66,116,7.73,2024-02-20T16:00:00Z,23424,7.727007
7.935,8.04,7.84,97,7.84,2024-02-20T17:00:00Z,50510,7.935979
7.85,8.03,7.85,77,7.92,2024-02-20T18:00:00Z,35872,7.952872
7.73,7.92,7.73,32,7.89,2024-02-20T19:00:00Z,10700,7.819249
7.75,7.82,7.67,197,7.74,2024-02-20T20:00:00Z,59148,7.735934
7.86,7.88,7.77,30,7.78,2024-02-21T13:00:00Z,2832,7.825926
7.835,7.91,7.81,101,7.84,2024-02-21T14:00:00Z,50626,7.854075
7.78,7.85,7.74,95,7.83,2024-02-21T15:00:00Z,25686,7.804526
7.66,7.76,7.64,54,7.76,2024-02-21T16:00:00Z,12989,7.710221
7.8,7.86,7.7,95,7.705,2024-02-21T17:00:00Z,22603,7.774921
7.79,7.91,7.78,49,7.78,2024-02-21T18:00:00Z,13746,7.842524
7.75,7.89,7.74,90,7.82,2024-02-21T19:00:00Z,61680,7.813947
7.65,7.84,7.63,203,7.765,2024-02-21T20:00:00Z,46124,7.690313
7.23,7.28,7.22,39,7.28,2024-02-22T13:00:00Z,3649,7.242941
7.24,7.28,7.18,78,7.22,2024-02-22T14:00:00Z,15740,7.219997
7.18,7.27,7.08,110,7.21,2024-02-22T15:00:00Z,37991,7.171201
7.2,7.24,7.16,100,7.16,2024-02-22T16:00:00Z,37866,7.200425
7.18,7.23,7.17,39,7.2,2024-02-22T17:00:00Z,15400,7.19474
7.19,7.23,7.18,38,7.19,2024-02-22T18:00:00Z,14499,7.204283
7.3,7.33,7.215,81,7.215,2024-02-22T19:00:00Z,33456,7.29446
7.45,7.46,7.26,191,7.3,2024-02-22T20:00:00Z,57597,7.346889
7.41,7.41,7.41,1,7.41,2024-02-22T21:00:00Z,300,7.41
7.23,7.27,7.22,15,7.24,2024-02-23T13:00:00Z,1450,7.232857
7.25,7.32,7.23,48,7.27,2024-02-23T14:00:00Z,15526,7.279987
7.18,7.28,7.16,48,7.26,2024-02-23T15:00:00Z,16624,7.189142
7.22,7.23,7.16,89,7.16,2024-02-23T16:00:00Z,25236,7.211528
7.16,7.27,7.16,48,7.24,2024-02-23T17:00:00Z,18729,7.240631
7.1,7.17,7.1,28,7.16,2024-02-23T18:00:00Z,9817,7.122703
7.05,7.13,7.05,71,7.11,2024-02-23T19:00:00Z,24125,7.09147
7.02,7.06,7.02,196,7.03,2024-02-23T20:00:00Z,65552,7.038658
6.97,7.0,6.97,18,6.98,2024-02-26T13:00:00Z,1700,6.98625
6.91,6.97,6.89,32,6.97,2024-02-26T14:00:00Z,14791,6.917946
6.92,6.95,6.88,30,6.88,2024-02-26T15:00:00Z,9166,6.920977
6.91,6.97,6.91,17,6.93,2024-02-26T16:00:00Z,8650,6.941098
6.92,6.92,6.905,3,6.905,2024-02-26T17:00:00Z,1700,6.911471
6.92,6.95,6.88,54,6.91,2024-02-26T18:00:00Z,24683,6.922028
6.92,6.93,6.89,56,6.91,2024-02-26T19:00:00Z,19980,6.910493
6.92,6.94,6.89,89,6.905,2024-02-26T20:00:00Z,27106,6.909571
6.81,6.84,6.81,13,6.81,2024-02-27T13:00:00Z,1300,6.822308
6.76,6.85,6.76,19,6.81,2024-02-27T14:00:00Z,8650,6.830836
6.72,6.78,6.72,54,6.78,2024-02-27T15:00:00Z,23799,6.757207
6.775,6.775,6.71,37,6.71,2024-02-27T16:00:00Z,21503,6.747419
6.805,6.805,6.74,38,6.77,2024-02-27T17:00:00Z,18379,6.762912
6.77,6.81,6.76,14,6.81,2024-02-27T18:00:00Z,6650,6.789147
6.75,6.77,6.75,14,6.77,2024-02-27T19:00:00Z,4783,6.755714
6.72,6.76,6.72,58,6.76,2024-02-27T20:00:00Z,12978,6.73471
6.8,6.82,6.77,20,6.82,2024-02-28T13:00:00Z,1950,6.796842
6.86,6.86,6.79,18,6.8,2024-02-28T14:00:00Z,7150,6.83507
6.78,6.91,6.77,48,6.87,2024-02-28T15:00:00Z,21857,6.821227
6.78,6.795,6.78,13,6.79,2024-02-28T16:00:00Z,3440,6.788546
6.84,6.86,6.79,45,6.79,2024-02-28T17:00:00Z,24283,6.818067
6.83,6.87,6.82,32,6.86,2024-02-28T18:00:00Z,13120,6.835305
6.91,6.96,6.83,46,6.84,2024-02-28T19:00:00Z,18239,6.92748
6.885,6.93,6.85,97,6.91,2024-02-28T20:00:00Z,44974,6.883382
6.75,6.96,6.74,77,6.93,2024-02-29T13:00:00Z,7405,6.810423
6.72,6.76,6.69,35,6.74,2024-02-29T14:00:00Z,11016,6.721023
6.81,6.81,6.71,49,6.71,2024-02-29T15:00:00Z,17905,6.771472
6.82,6.95,6.82,29,6.83,2024-02-29T16:00:00Z,16782,6.883812
6.8,6.86,6.8,21,6.81,2024-02-29T17:00:00Z,8000,6.835674
6.76,6.79,6.75,28,6.77,2024-02-29T18:00:00Z,21000,6.763806
6.825,6.83,6.74,89,6.75,2024-02-29T19:00:00Z,32238,6.779239
6.74,6.81,6.72,103,6.785,2024-02-29T20:00:00Z,56098,6.751341
6.71,6.71,6.69,6,6.69,2024-03-01T13:00:00Z,451,6.705
6.63,6.7,6.59,45,6.7,2024-03-01T14:00:00Z,17589,6.629386
6.64,6.645,6.59,90,6.625,2024-03-01T15:00:00Z,37100,6.618038
6.74,6.74,6.65,52,6.65,2024-03-01T16:00:00Z,30154,6.70808
6.755,6.76,6.72,21,6.74,2024-03-01T17:00:00Z,7802,6.750989
6.78,6.78,6.73,41,6.74,2024-03-01T18:00:00Z,19495,6.76482
6.82,6.82,6.775,50,6.79,2024-03-01T19:00:00Z,27238,6.796091
6.78,6.81,6.745,147,6.81,2024-03-01T20:00:00Z,57820,6.769772
6.76,6.76,6.73,16,6.75,2024-03-04T13:00:00Z,1600,6.750625
6.75,6.77,6.7,23,6.76,2024-03-04T14:00:00Z,9756,6.743564
6.755,6.755,6.72,26,6.74,2024-03-04T15:00:00Z,10206,6.746994
6.765,6.77,6.76,13,6.76,2024-03-04T16:00:00Z,5987,6.762556
6.76,6.76,6.745,4,6.745,2024-03-04T17:00:00Z,900,6.755976
6.76,6.78,6.76,24,6.76,2024-03-04T18:00:00Z,10319,6.763547
6.72,6.75,6.715,14,6.75,2024-03-04T19:00:00Z,3366,6.727492
6.75,6.81,6.72,74,6.72,2024-03-04T20:00:00Z,29717,6.755951
6.87,6.87,6.78,17,6.78,2024-03-05T13:00:00Z,1650,6.823125
7.01,7.06,6.87,70,6.87,2024-03-05T14:00:00Z,20223,6.99237
7.13,7.19,6.9,191,6.99,2024-03-05T15:00:00Z,84393,7.068743
7.15,7.22,7.06,103,7.14,2024-03-05T16:00:00Z,47072,7.131487
7.16,7.16,7.09,70,7.14,2024-03-05T17:00:00Z,58062,7.13382
7.32,7.33,7.16,87,7.19,2024-03-05T18:00:00Z,47476,7.256362
7.38,7.38,7.23,149,7.34,2024-03-05T19:00:00Z,108588,7.300031
7.16,7.46,7.16,397,7.38,2024-03-05T20:00:00Z,264850,7.326666
6.9,6.97,6.9,27,6.96,2024-03-06T13:00:00Z,2950,6.940345
7.0,7.01,6.86,100,6.9,2024-03-06T14:00:00Z,28766,6.939322
6.995,7.11,6.98,144,7.01,2024-03-06T15:00:00Z,43033,7.042255
7.14,7.15,6.99,83,6.99,2024-03-06T16:00:00Z,40302,7.079633
7.08,7.15,7.07,100,7.13,2024-03-06T17:00:00Z,36599,7.101937
7.09,7.205,7.0,110,7.08,2024-03-06T18:00:00Z,60817,7.079537
7.22,7.28,7.08,141,7.12,2024-03-06T19:00:00Z,49033,7.180679
7.19,7.24,7.13,234,7.19,2024-03-06T20:00:00Z,84316,7.185184
7.04,7.11,7.03,11,7.11,2024-03-07T13:00:00Z,1050,7.053
7.07,7.13,6.96,107,7.08,2024-03-07T14:00:00Z,33252,7.058326
7.08,7.14,7.035,111,7.09,2024-03-07T15:00:00Z,42320,7.091241
7.13,7.13,7.07,78,7.1,2024-03-07T16:00:00Z,29293,7.09327
7.14,7.17,7.115,64,7.12,2024-03-07T17:00:00Z,38503,7.138502
7.16,7.16,7.13,37,7.15,2024-03-07T18:00:00Z,9386,7.149152
7.24,7.25,7.15,68,7.15,2024-03-07T19:00:00Z,25722,7.223255
7.16,7.26,7.12,179,7.24,2024-03-07T20:00:00Z,75584,7.170878
7.17,7.17,7.17,1,7.17,2024-03-07T21:00:00Z,1300,7.17
6.98,7.08,6.96,48,7.08,2024-03-08T13:00:00Z,5250,7.019412
6.99,7.02,6.93,57,6.99,2024-03-08T14:00:00Z,22421,6.963011
7.02,7.02,6.97,43,6.98,2024-03-08T15:00:00Z,19444,6.995785
7.4,7.4,7.02,140,7.02,2024-03-08T16:00:00Z,56977,7.260931
7.62,7.65,7.34,76,7.44,2024-03-08T17:00:00Z,48721,7.450723
7.735,7.79,7.55,183,7.64,2024-03-08T18:00:00Z,76751,7.690578
7.305,7.74,7.28,93,7.74,2024-03-08T19:00:00Z,61126,7.521427
7.41,7.46,7.28,132,7.28,2024-03-08T20:00:00Z,58944,7.374332
7.5,7.58,7.5,40,7.54,2024-03-11T12:00:00Z,3840,7.55
7.57,7.57,7.475,83,7.5,2024-03-11T13:00:00Z,25789,7.519395
7.6,7.71,7.58,181,7.59,2024-03-11T14:00:00Z,97106,7.653483
7.445,7.67,7.44,113,7.58,2024-03-11T15:00:00Z,48278,7.559737
7.44,7.52,7.44,23,7.44,2024-03-11T16:00:00Z,10000,7.4733
7.26,7.42,7.26,52,7.4,2024-03-11T17:00:00Z,36951,7.334398
7.22,7.265,7.22,42,7.255,2024-03-11T18:00:00Z,24250,7.247789
7.3,7.3,7.21,183,7.21,2024-03-11T19:00:00Z,115551,7.265539
7.09,7.34,7.06,89,7.26,2024-03-12T12:00:00Z,8130,7.124459
6.98,7.19,6.98,102,7.11,2024-03-12T13:00:00Z,31513,7.073675
6.83,6.97,6.83,136,6.965,2024-03-12T14:00:00Z,65510,6.90086
6.85,6.93,6.83,86,6.84,2024-03-12T15:00:00Z,48417,6.869487
6.87,6.91,6.82,74,6.86,2024-03-12T16:00:00Z,38106,6.868519
6.81,6.91,6.81,54,6.875,2024-03-12T17:00:00Z,35561,6.842858
6.76,6.8,6.75,65,6.8,2024-03-12T18:00:00Z,52172,6.784529
6.77,6.79,6.75,143,6.76,2024-03-12T19:00:00Z,61365,6.767523
6.76,6.77,6.74,12,6.77,2024-03-13T12:00:00Z,1500,6.758667
6.76,6.785,6.71,51,6.76,2024-03-13T13:00:00Z,12900,6.752121
6.78,6.79,6.74,45,6.76,2024-03-13T14:00:00Z,27401,6.765657
6.74,6.79,6.74,38,6.79,2024-03-13T15:00:00Z,9432,6.762035
6.72,6.75,6.71,46,6.74,2024-03-13T16:00:00Z,19216,6.720809
6.69,6.75,6.67,57,6.74,2024-03-13T17:00:00Z,27471,6.722157
6.71,6.71,6.68,31,6.71,2024-03-13T18:00:00Z,7265,6.688414
6.71,6.81,6.71,172,6.71,2024-03-13T19:00:00Z,71404,6.763685
6.65,6.67,6.64,18,6.64,2024-03-14T12:00:00Z,1499,6.655
6.8,6.8,6.6,72,6.66,2024-03-14T13:00:00Z,38244,6.666823
6.97,6.98,6.72,116,6.81,2024-03-14T14:00:00Z,50288,6.854395
7.02,7.05,6.9,76,6.92,2024-03-14T15:00:00Z,53139,6.97176
7.06,7.16,6.97,101,6.97,2024-03-14T16:00:00Z,48289,7.060873
6.93,7.25,6.93,80,7.06,2024-03-14T17:00:00Z,42602,7.131728
6.945,6.97,6.85,85,6.93,2024-03-14T18:00:00Z,70689,6.898046
6.975,7.38,6.965,161,6.965,2024-03-14T19:00:00Z,84761,7.188861
7.01,7.01,6.93,59,6.94,2024-03-15T12:00:00Z,5800,6.975185
7.18,7.21,7.0,142,7.01,2024-03-15T13:00:00Z,35100,7.122993
7.13,7.28,7.07,156,7.16,2024-03-15T14:00:00Z,76276,7.169439
7.26,7.27,7.11,116,7.16,2024-03-15T15:00:00Z,59513,7.158403
7.55,7.55,7.23,230,7.285,2024-03-15T16:00:00Z,77001,7.359214
7.39,7.585,7.39,102,7.55,2024-03-15T17:00:00Z,37010,7.499451
7.18,7.385,7.17,93,7.38,2024-03-15T18:00:00Z,32205,7.267154
7.17,7.21,7.13,109,7.19,2024-03-15T19:00:00Z,35004,7.171821
7.03,7.04,7.01,33,7.03,2024-03-18T12:00:00Z,3300,7.022121
6.98,7.03,6.94,54,7.02,2024-03-18T13:00:00Z,22601,6.971967
6.88,6.955,6.85,96,6.95,2024-03-18T14:00:00Z,44883,6.891169
6.95,6.95,6.89,51,6.89,2024-03-18T15:00:00Z,27262,6.9268
7.0,7.0,6.9,49,6.94,2024-03-18T16:00:00Z,25514,6.933407
6.97,7.01,6.94,37,7.01,2024-03-18T17:00:00Z,16034,6.974947
6.88,6.97,6.87,61,6.97,2024-03-18T18:00:00Z,48720,6.887444
6.93,6.93,6.865,74,6.88,2024-03-18T19:00:00Z,58847,6.889169
7.03,7.12,7.03,26,7.06,2024-03-19T12:00:00Z,2458,7.073044
6.865,7.01,6.865,141,6.99,2024-03-19T13:00:00Z,38712,6.966558
6.74,6.865,6.73,152,6.865,2024-03-19T14:00:00Z,113854,6.763537
6.68,6.74,6.665,43,6.74,2024-03-19T15:00:00Z,20944,6.700631
6.74,6.76,6.67,36,6.67,2024-03-19T16:00:00Z,20181,6.714875
6.73,6.77,6.71,27,6.73,2024-03-19T17:00:00Z,17600,6.740142
6.72,6.73,6.71,12,6.72,2024-03-19T18:00:00Z,6256,6.717823
6.675,6.77,6.66,146,6.74,2024-03-19T19:00:00Z,67975,6.706802
6.67,6.67,6.66,18,6.66,2024-03-20T12:00:00Z,1689,6.66625
6.675,6.7,6.625,107,6.68,2024-03-20T13:00:00Z,24281,6.661013
6.65,6.675,6.62,34,6.675,2024-03-20T14:00:00Z,14643,6.646656
6.655,6.685,6.64,54,6.65,2024-03-20T15:00:00Z,18382,6.672578
6.62,6.65,6.6,36,6.65,2024-03-20T16:00:00Z,24700,6.62083
6.625,6.65,6.61,123,6.615,2024-03-20T17:00:00Z,59439,6.625093
6.47,6.6,6.47,225,6.53,2024-03-20T18:00:00Z,85547,6.534337
6.43,6.47,6.4,364,6.46,2024-03-20T19:00:00Z,192540,6.442695
6.31,6.31,6.28,9,6.28,2024-03-21T12:00:00Z,900,6.296667
6.36,6.37,6.29,48,6.3,2024-03-21T13:00:00Z,14754,6.338926
6.305,6.34,6.27,75,6.34,2024-03-21T14:00:00Z,39795,6.302909
6.42,6.42,6.31,55,6.31,2024-03-21T15:00:00Z,31072,6.349174
6.42,6.46,6.41,82,6.44,2024-03-21T16:00:00Z,62903,6.433042
6.46,6.46,6.41,45,6.43,2024-03-21T17:00:00Z,29938,6.442
6.42,6.46,6.39,45,6.46,2024-03-21T18:00:00Z,26068,6.414206
6.365,6.4,6.35,170,6.4,2024-03-21T19:00:00Z,71679,6.368121
6.44,6.47,6.41,14,6.41,2024-03-22T12:00:00Z,1400,6.449286
6.345,6.44,6.34,23,6.43,2024-03-22T13:00:00Z,9086,6.361586
6.44,6.44,6.31,36,6.35,2024-03-22T14:00:00Z,21307,6.365013
6.34,6.43,6.34,45,6.43,2024-03-22T15:00:00Z,22745,6.388318
6.31,6.34,6.31,27,6.32,2024-03-22T16:00:00Z,13653,6.325687
6.28,6.3,6.27,24,6.3,2024-03-22T17:00:00Z,13741,6.286421
6.35,6.355,6.25,97,6.26,2024-03-22T18:00:00Z,55486,6.283877
6.37,6.41,6.33,195,6.33,2024-03-22T19:00:00Z,76949,6.37382
6.3,6.42,6.3,54,6.42,2024-03-25T13:00:00Z,25049,6.343143
6.31,6.33,6.25,50,6.31,2024-03-25T14:00:00Z,35540,6.289371
6.27,6.31,6.27,11,6.29,2024-03-25T15:00:00Z,4820,6.294357
6.355,6.36,6.29,15,6.3,2024-03-25T16:00:00Z,6370,6.33179
6.36,6.37,6.36,8,6.36,2024-03-25T17:00:00Z,2300,6.363043
6.34,6.365,6.34,13,6.35,2024-03-25T18:00:00Z,2900,6.349821
6.33,6.37,6.31,97,6.34,2024-03-25T19:00:00Z,49430,6.334511
6.26,6.26,6.23,7,6.23,2024-03-26T12:00:00Z,1310,6.235385
6.25,6.28,6.22,15,6.28,2024-03-26T13:00:00Z,4700,6.239894
6.22,6.24,6.19,31,6.23,2024-03-26T14:00:00Z,27096,6.218338
6.16,6.21,6.16,18,6.21,2024-03-26T15:00:00Z,10084,6.176777
6.165,6.17,6.14,12,6.14,2024-03-26T16:00:00Z,14337,6.162755
6.21,6.21,6.16,27,6.17,2024-03-26T17:00:00Z,21486,6.183192
6.15,6.2,6.15,47,6.2,2024-03-26T18:00:00Z,32858,6.168461
6.28,6.3,6.15,234,6.15,2024-03-26T19:00:00Z,120572,6.239187
6.19,6.21,6.19,9,6.21,2024-03-27T12:00:00Z,900,6.197778
6.25,6.26,6.15,31,6.17,2024-03-27T13:00:00Z,14140,6.218038
6.29,6.345,6.28,94,6.28,2024-03-27T14:00:00Z,101393,6.318557
6.16,6.27,6.15,28,6.27,2024-03-27T15:00:00Z,25700,6.189475
6.17,6.19,6.155,16,6.16,2024-03-27T16:00:00Z,6700,6.171119
6.17,6.2,6.17,27,6.18,2024-03-27T17:00:00Z,18900,6.185106
6.17,6.17,6.15,21,6.17,2024-03-27T18:00:00Z,7000,6.15942
6.12,6.19,6.12,90,6.165,2024-03-27T19:00:00Z,61618,6.14664
6.13,6.13,6.13,5,6.13,2024-03-28T12:00:00Z,500,6.13
6.17,6.17,6.11,27,6.13,2024-03-28T13:00:00Z,13080,6.14118
6.185,6.22,6.13,61,6.14,2024-03-28T14:00:00Z,41349,6.183356
6.13,6.17,6.13,10,6.16,2024-03-28T15:00:00Z,6905,6.149565
6.185,6.2,6.11,21,6.12,2024-03-28T16:00:00Z,13587,6.148325
6.245,6.245,6.18,31,6.2,2024-03-28T17:00:00Z,23000,6.21913
6.19,6.21,6.18,11,6.21,2024-03-28T18:00:00Z,10275,6.194706
6.3,6.3,6.19,141,6.19,2024-03-28T19:00:00Z,74472,6.250947
6.28,6.31,6.23,19,6.23,2024-04-01T12:00:00Z,2600,6.272308
6.27,6.34,6.25,59,6.29,2024-04-01T13:00:00Z,23453,6.284493
6.36,6.37,6.23,51,6.27,2024-04-01T14:00:00Z,34546,6.314376
6.42,6.42,6.38,13,6.38,2024-04-01T15:00:00Z,8724,6.40934
6.41,6.49,6.395,62,6.49,2024-04-01T16:00:00Z,54012,6.434208
6.49,6.51,6.42,56,6.42,2024-04-01T17:00:00Z,40734,6.496171
6.41,6.48,6.4,53,6.48,2024-04-01T18:00:00Z,21370,6.450926
6.35,6.42,6.33,80,6.41,2024-04-01T19:00:00Z,33850,6.369339
6.37,6.37,6.34,2,6.34,2024-04-01T20:00:00Z,2000,6.352
6.64,6.64,6.5,44,6.5,2024-04-02T12:00:00Z,4277,6.565122
6.86,6.885,6.675,186,6.68,2024-04-02T13:00:00Z,69220,6.812391
6.93,6.96,6.76,113,6.84,2024-04-02T14:00:00Z,48848,6.868242
6.82,6.93,6.78,83,6.91,2024-04-02T15:00:00Z,22438,6.859598
6.69,6.865,6.67,63,6.845,2024-04-02T16:00:00Z,27635,6.744251
6.69,6.76,6.66,89,6.68,2024-04-02T17:00:00Z,50744,6.716857
6.69,6.7,6.65,54,6.68,2024-04-02T18:00:00Z,27044,6.679516
6.61,6.7,6.61,151,6.69,2024-04-02T19:00:00Z,89898,6.660343
6.75,6.79,6.72,11,6.72,2024-04-03T12:00:00Z,1100,6.75
6.77,6.81,6.75,47,6.76,2024-04-03T13:00:00Z,91280,6.774763
6.52,6.75,6.5,49,6.75,2024-04-03T14:00:00Z,28104,6.59413
6.535,6.535,6.44,45,6.505,2024-04-03T15:00:00Z,34828,6.474222
6.56,6.6,6.52,79,6.565,2024-04-03T16:00:00Z,26940,6.557093
6.48,6.56,6.47,30,6.56,2024-04-03T17:00:00Z,11871,6.526642
6.52,6.52,6.45,34,6.48,2024-04-03T18:00:00Z,13344,6.482385
6.56,6.64,6.48,77,6.51,2024-04-03T19:00:00Z,30854,6.551178
6.39,6.47,6.37,41,6.47,2024-04-04T12:00:00Z,4700,6.428478
6.405,6.43,6.39,25,6.39,2024-04-04T13:00:00Z,9845,6.406404
6.38,6.38,6.34,16,6.37,2024-04-04T14:00:00Z,8155,6.362531
6.35,6.43,6.35,17,6.39,2024-04-04T15:00:00Z,15083,6.390133
6.325,6.36,6.32,25,6.35,2024-04-04T16:00:00Z,14476,6.337345
6.41,6.41,6.32,60,6.325,2024-04-04T17:00:00Z,38379,6.350022
7.06,7.06,6.44,598,6.44,2024-04-04T18:00:00Z,297796,6.83735
7.02,7.3,6.98,743,7.06,2024-04-04T19:00:00Z,771485,7.126379
7.09,7.18,7.01,93,7.08,2024-04-05T12:00:00Z,8554,7.085
7.09,7.2,7.0,77,7.14,2024-04-05T13:00:00Z,28523,7.115155
7.03,7.275,7.025,185,7.11,2024-04-05T14:00:00Z,110734,7.17183
6.905,7.21,6.88,161,7.055,2024-04-05T15:00:00Z,121791,7.072359
6.95,6.98,6.9,31,6.9,2024-04-05T16:00:00Z,8818,6.959785
7.22,7.22,6.97,75,6.97,2024-04-05T17:00:00Z,48431,7.07238
7.21,7.33,7.085,86,7.21,2024-04-05T18:00:00Z,43059,7.205435
7.23,7.25,7.12,106,7.17,2024-04-05T19:00:00Z,35316,7.181472
6.99,7.03,6.98,18,7.01,2024-04-08T12:00:00Z,1750,7.001765
6.945,7.09,6.93,57,6.98,2024-04-08T13:00:00Z,24641,6.994418
6.78,6.94,6.78,184,6.94,2024-04-08T14:00:00Z,119281,6.87598
6.81,6.83,6.76,117,6.77,2024-04-08T15:00:00Z,90071,6.793564
6.74,6.87,6.74,96,6.81,2024-04-08T16:00:00Z,48299,6.806613
6.74,6.775,6.74,53,6.755,2024-04-08T17:00:00Z,20661,6.756035
6.72,6.76,6.71,65,6.76,2024-04-08T18:00:00Z,55853,6.735852
6.8,6.815,6.71,104,6.71,2024-04-08T19:00:00Z,66963,6.746438
6.77,6.77,6.77,1,6.77,2024-04-08T20:00:00Z,100,6.77
6.71,6.77,6.7,24,6.77,2024-04-09T12:00:00Z,2300,6.736364
6.785,6.79,6.66,37,6.72,2024-04-09T13:00:00Z,15706,6.724506
7.03,7.15,6.76,141,6.8,2024-04-09T14:00:00Z,110679,7.024273
6.92,7.07,6.865,101,7.025,2024-04-09T15:00:00Z,57960,6.97377
6.9,6.945,6.77,63,6.88,2024-04-09T16:00:00Z,74754,6.841455
6.81,6.9,6.76,43,6.88,2024-04-09T17:00:00Z,38228,6.821213
6.88,6.89,6.77,80,6.86,2024-04-09T18:00:00Z,56371,6.83903
6.72,6.95,6.71,149,6.9,2024-04-09T19:00:00Z,82364,6.803621
7.01,7.09,6.59,133,6.61,2024-04-10T12:00:00Z,12738,6.927016
7.13,7.18,6.98,158,7.07,2024-04-10T13:00:00Z,80669,7.111132
6.95,7.16,6.87,255,7.16,2024-04-10T14:00:00Z,208234,6.98784
7.01,7.06,6.89,115,6.95,2024-04-10T15:00:00Z,109286,6.969809
6.95,7.04,6.95,64,7.03,2024-04-10T16:00:00Z,38280,7.015691
7.1,7.29,6.88,634,6.97,2024-04-10T17:00:00Z,305046,7.13343
7.08,7.23,7.05,55,7.08,2024-04-10T18:00:00Z,71433,7.151735
6.9,7.2,6.87,150,7.2,2024-04-10T19:00:00Z,92243,6.99348
35.47,35.47,34.68,6,34.68,2024-04-11T13:00:00Z,600,34.975
36.24,36.52,35.34,28,35.34,2024-04-11T14:00:00Z,3928,36.31916
35.63,36.125,35.63,10,35.9,2024-04-11T15:00:00Z,1600,35.945
35.06,35.37,35.06,14,35.18,2024-04-11T16:00:00Z,1400,35.306786
33.83,34.49,33.83,13,34.3,2024-04-11T17:00:00Z,1603,34.122102
33.46,33.78,33.37,16,33.78,2024-04-11T18:00:00Z,1638,33.563548
33.36,33.6,33.31,28,33.5,2024-04-11T19:00:00Z,3665,33.451058
36.83,37.04,36.04,49,36.04,2024-04-12T13:00:00Z,4137,36.633278
39.74,39.74,36.8,69,36.8,2024-04-12T14:00:00Z,5846,38.531375
38.22,39.665,37.46,78,39.55,2024-04-12T15:00:00Z,13709,38.614074
39.68,39.97,38.33,61,38.33,2024-04-12T16:00:00Z,16583,39.232055
39.27,40.45,38.63,68,39.78,2024-04-12T17:00:00Z,14877,39.771755
39.07,39.7,38.715,15,39.5,2024-04-12T18:00:00Z,1800,39.2725
37.85,39.75,37.85,49,39.6,2024-04-12T19:00:00Z,5049,38.583106
35.95,36.73,35.74,63,36.155,2024-04-15T13:00:00Z,8835,36.124443
37.8,37.8,35.65,79,35.96,2024-04-15T14:00:00Z,17910,36.428854
37.24,38.16,36.87,59,37.79,2024-04-15T15:00:00Z,10103,37.738635
37.97,38.2,36.48,69,36.48,2024-04-15T16:00:00Z,7661,37.700044
39.29,40.495,37.55,116,37.92,2024-04-15T17:00:00Z,12618,39.190762
40.0,40.87,39.31,81,39.41,2024-04-15T18:00:00Z,10589,40.309208
40.89,41.3,39.8,186,40.4,2024-04-15T19:00:00Z,20491,40.605981
41.48,41.48,41.09,3,41.09,2024-04-15T20:00:00Z,1800,41.289444
40.34,41.13,40.13,127,40.79,2024-04-16T13:00:00Z,15601,40.737873
40.56,41.19,40.09,93,40.325,2024-04-16T14:00:00Z,7383,40.747183
38.95,40.55,38.95,55,40.55,2024-04-16T15:00:00Z,3808,39.8081
39.55,39.95,39.18,31,39.69,2024-04-16T16:00:00Z,3561,39.444926
39.11,40.67,38.95,86,39.73,2024-04-16T17:00:00Z,13879,39.811512
38.26,39.98,37.97,45,38.72,2024-04-16T18:00:00Z,9896,38.720256
39.07,39.26,38.27,99,38.39,2024-04-16T19:00:00Z,10486,38.832297
38.15,39.09,37.75,40,38.96,2024-04-17T13:00:00Z,3655,38.157421
39.19,39.41,37.64,92,38.18,2024-04-17T14:00:00Z,9440,38.593198
39.99,40.31,39.1,68,39.23,2024-04-17T15:00:00Z,7356,39.453142
40.42,41.0,40.0,43,40.15,2024-04-17T16:00:00Z,5156,40.430741
38.22,40.4,38.21,80,40.27,2024-04-17T17:00:00Z,17500,38.809333
38.47,38.53,37.63,39,38.21,2024-04-17T18:00:00Z,6879,38.285878
38.44,38.97,38.31,52,38.68,2024-04-17T19:00:00Z,5056,38.581142
38.01,38.6,37.7,59,37.97,2024-04-18T13:00:00Z,5707,38.124958
37.29,38.43,37.29,20,38.43,2024-04-18T14:00:00Z,1747,37.802333
37.3,37.58,37.12,26,37.58,2024-04-18T15:00:00Z,5677,37.251409
38.59,38.67,37.31,40,37.31,2024-04-18T16:00:00Z,4404,38.022185
39.07,39.66,38.34,30,38.34,2024-04-18T17:00:00Z,3400,39.214118
39.16,39.63,38.57,22,39.41,2024-04-18T18:00:00Z,2400,39.201087
39.02,39.28,38.48,48,38.91,2024-04-18T19:00:00Z,7661,38.828014
38.96,38.96,38.96,1,38.96,2024-04-18T20:00:00Z,100,38.96
38.77,39.41,38.09,57,39.41,2024-04-19T13:00:00Z,7110,38.731597
39.61,40.01,38.46,97,38.72,2024-04-19T14:00:00Z,18867,39.032289
40.03,40.41,39.69,72,39.69,2024-04-19T15:00:00Z,11675,40.029965
40.29,41.32,39.52,80,39.88,2024-04-19T16:00:00Z,8862,40.685437
39.77,40.27,39.38,27,40.06,2024-04-19T17:00:00Z,3074,39.949229
40.89,41.4,40.23,45,40.28,2024-04-19T18:00:00Z,5104,40.940407
40.39,41.22,40.28,88,41.15,2024-04-19T19:00:00Z,15791,40.646934
37.24,38.28,37.24,77,38.28,2024-04-22T13:00:00Z,9061,37.81655
37.42,37.45,36.82,88,37.2,2024-04-22T14:00:00Z,8186,37.132051
37.18,37.85,37.18,70,37.53,2024-04-22T15:00:00Z,4543,37.564106
36.46,37.08,36.44,52,37.08,2024-04-22T16:00:00Z,5051,36.663711
35.46,36.41,35.38,53,36.41,2024-04-22T17:00:00Z,5349,35.927359
35.53,35.63,35.12,39,35.6,2024-04-22T18:00:00Z,4413,35.429659
35.93,36.14,35.41,81,35.52,2024-04-22T19:00:00Z,9199,35.795435
35.06,35.06,35.06,2,35.06,2024-04-23T12:00:00Z,200,35.06
34.44,34.81,34.41,62,34.68,2024-04-23T13:00:00Z,7546,34.606124
34.41,34.67,34.32,51,34.62,2024-04-23T14:00:00Z,6379,34.484682
34.64,34.64,34.4,66,34.4,2024-04-23T15:00:00Z,9782,34.553976
34.5,34.65,34.47,49,34.51,2024-04-23T16:00:00Z,6282,34.58408
34.18,34.61,34.16,43,34.56,2024-04-23T17:00:00Z,3470,34.411003
33.53,34.09,33.48,82,34.09,2024-04-23T18:00:00Z,5811,33.722321
33.71,33.74,33.55,94,33.65,2024-04-23T19:00:00Z,9406,33.6742
33.52,33.6,33.17,58,33.6,2024-04-24T13:00:00Z,6389,33.385853
33.67,33.72,33.29,120,33.56,2024-04-24T14:00:00Z,9561,33.531034
34.27,34.28,33.65,48,33.65,2024-04-24T15:00:00Z,4474,34.036802
34.43,34.6,34.03,46,34.03,2024-04-24T16:00:00Z,3688,34.33067
33.55,34.27,33.55,43,34.19,2024-04-24T17:00:00Z,3636,33.884455
34.01,34.16,33.53,47,33.55,2024-04-24T18:00:00Z,3833,33.851644
33.25,34.25,33.25,77,34.155,2024-04-24T19:00:00Z,6392,33.778528
34.17,34.23,34.17,4,34.23,2024-04-24T20:00:00Z,1800,34.199444
35.4,35.4,35.15,7,35.15,2024-04-25T12:00:00Z,2074,35.3205
36.56,36.73,35.915,76,35.98,2024-04-25T13:00:00Z,7865,36.34872
36.24,36.71,35.57,101,36.52,2024-04-25T14:00:00Z,12649,36.11439
35.17,36.03,35.17,35,35.98,2024-04-25T15:00:00Z,4016,35.637
34.67,34.99,34.66,56,34.99,2024-04-25T16:00:00Z,6133,34.80744
34.23,34.91,34.21,57,34.8,2024-04-25T17:00:00Z,6250,34.57167
34.79,34.87,34.08,57,34.17,2024-04-25T18:00:00Z,5328,34.524123
34.24,34.58,34.09,80,34.48,2024-04-25T19:00:00Z,4809,34.327222
33.28,33.28,33.25,2,33.25,2024-04-25T20:00:00Z,1000,33.265
33.42,33.42,33.42,3,33.42,2024-04-26T12:00:00Z,250,33.42
32.49,32.65,32.44,95,32.44,2024-04-26T13:00:00Z,4893,32.516561
33.05,33.11,32.5,185,32.5,2024-04-26T14:00:00Z,7526,32.781429
33.0,33.22,32.96,95,33.02,2024-04-26T15:00:00Z,3207,33.06272
32.54,32.93,32.51,83,32.88,2024-04-26T16:00:00Z,2750,32.681538
32.74,32.75,32.5,56,32.5,2024-04-26T17:00:00Z,2053,32.662318
32.45,32.72,32.42,129,32.65,2024-04-26T18:00:00Z,3348,32.526538
32.59,32.69,32.44,186,32.51,2024-04-26T19:00:00Z,7072,32.535566
32.32,32.41,32.15,97,32.25,2024-04-29T13:00:00Z,6208,32.252797
31.79,32.31,31.77,267,32.31,2024-04-29T14:00:00Z,9859,32.069723
31.73,31.9,31.48,283,31.805,2024-04-29T15:00:00Z,12079,31.725116
31.84,31.84,31.67,47,31.77,2024-04-29T16:00:00Z,1459,31.758572
31.63,31.72,31.585,36,31.72,2024-04-29T17:00:00Z,955,31.648889
31.85,32.03,31.69,76,31.73,2024-04-29T18:00:00Z,3430,31.866494
31.89,32.7,31.89,299,31.975,2024-04-29T19:00:00Z,8173,32.267963
31.765,31.91,31.62,104,31.91,2024-04-30T13:00:00Z,4506,31.747777
31.58,31.76,31.42,209,31.68,2024-04-30T14:00:00Z,8540,31.596401
32.34,32.55,31.65,83,31.66,2024-04-30T15:00:00Z,7671,32.200742
32.63,33.01,32.05,57,32.35,2024-04-30T16:00:00Z,5058,32.58187
32.15,32.82,32.15,87,32.72,2024-04-30T17:00:00Z,8094,32.399282
32.53,32.66,32.005,89,32.135,2024-04-30T18:00:00Z,8568,32.249828
33.28,33.28,32.27,147,32.42,2024-04-30T19:00:00Z,13430,32.692711
33.46,33.46,33.46,1,33.46,2024-04-30T20:00:00Z,100,33.46
34.1,34.1,34.1,2,34.1,2024-05-01T12:00:00Z,650,34.1
33.895,33.895,33.57,39,33.71,2024-05-01T13:00:00Z,3652,33.77962
33.4,34.14,33.3,62,33.83,2024-05-01T14:00:00Z,6439,33.837959
33.26,33.5,33.23,15,33.36,2024-05-01T15:00:00Z,1698,33.374688
33.42,33.6,33.25,36,33.6,2024-05-01T16:00:00Z,3562,33.366958
33.125,33.47,32.975,142,33.37,2024-05-01T17:00:00Z,14511,33.27401
31.51,33.15,31.38,267,32.67,2024-05-01T18:00:00Z,16672,32.146852
33.41,33.41,31.37,320,31.41,2024-05-01T19:00:00Z,19703,31.987345
33.17,33.17,33.17,2,33.17,2024-05-01T20:00:00Z,200,33.17
32.47,33.74,32.46,63,32.95,2024-05-02T14:00:00Z,4108,32.809236
32.27,32.5,32.17,42,32.46,2024-05-02T15:00:00Z,2623,32.283738
32.5,32.5,32.31,38,32.33,2024-05-02T16:00:00Z,2444,32.374288
31.825,32.27,31.73,110,32.27,2024-05-02T17:00:00Z,3140,31.965469
31.89,32.03,31.67,117,31.73,2024-05-02T18:00:00Z,4204,31.839679
32.0,32.13,31.95,84,32.13,2024-05-02T19:00:00Z,3078,32.061403
31.45,31.45,31.45,1,31.45,2024-05-02T20:00:00Z,429,31.45
30.3,30.51,30.22,51,30.28,2024-05-03T13:00:00Z,6944,30.360827
30.98,31.08,30.32,194,30.36,2024-05-03T14:00:00Z,24151,30.818621
30.11,31.02,30.06,60,30.91,2024-05-03T15:00:00Z,7235,30.631153
30.26,30.26,30.0,16,30.08,2024-05-03T16:00:00Z,1723,30.097744
30.46,30.46,30.23,19,30.28,2024-05-03T17:00:00Z,1819,30.308027
30.26,30.48,30.18,20,30.45,2024-05-03T18:00:00Z,2175,30.342897
30.18,30.275,30.07,48,30.2,2024-05-03T19:00:00Z,5114,30.187575
29.31,29.53,29.25,144,29.53,2024-05-06T13:00:00Z,10785,29.452348
29.44,29.51,29.3,253,29.3,2024-05-06T14:00:00Z,9102,29.418968
29.4,29.56,29.4,195,29.45,2024-05-06T15:00:00Z,4754,29.475914
29.39,29.53,29.38,164,29.43,2024-05-06T16:00:00Z,5173,29.45056
29.41,29.5,29.39,67,29.43,2024-05-06T17:00:00Z,2146,29.4385
29.27,29.42,29.26,243,29.42,2024-05-06T18:00:00Z,7855,29.348348
29.03,29.35,29.03,267,29.27,2024-05-06T19:00:00Z,9087,29.208082
29.01,29.01,29.01,7,29.01,2024-05-06T20:00:00Z,200,29.01
29.07,29.08,28.87,25,28.87,2024-05-07T13:00:00Z,2074,28.98725
28.96,29.2,28.95,68,29.11,2024-05-07T14:00:00Z,8380,29.081905
29.01,29.14,28.94,35,28.945,2024-05-07T15:00:00Z,3775,29.000543
29.02,29.05,28.94,22,28.97,2024-05-07T16:00:00Z,2000,28.999474
29.01,29.05,28.83,49,29.025,2024-05-07T17:00:00Z,4434,28.920909
29.04,29.09,28.78,39,28.98,2024-05-07T18:00:00Z,3766,28.969714
28.79,29.16,28.79,46,29.09,2024-05-07T19:00:00Z,3931,28.933514
28.8,28.8,28.8,1,28.8,2024-05-07T20:00:00Z,350,28.8
28.69,28.93,28.66,52,28.85,2024-05-08T13:00:00Z,6070,28.746
28.67,28.84,28.58,44,28.67,2024-05-08T14:00:00Z,4306,28.67893
28.68,28.74,28.66,13,28.66,2024-05-08T15:00:00Z,1400,28.695
28.71,28.78,28.58,37,28.65,2024-05-08T16:00:00Z,3959,28.682838
28.56,28.74,28.54,28,28.7,2024-05-08T17:00:00Z,2469,28.667426
28.52,28.55,28.45,21,28.54,2024-05-08T18:00:00Z,1906,28.493333
28.43,28.56,28.37,41,28.56,2024-05-08T19:00:00Z,4410,28.451437
28.66,28.66,28.465,14,28.465,2024-05-09T13:00:00Z,1153,28.573
28.38,28.65,28.34,74,28.65,2024-05-09T14:00:00Z,5601,28.489796
28.74,28.74,28.32,78,28.385,2024-05-09T15:00:00Z,4670,28.497024
28.71,28.84,28.64,25,28.71,2024-05-09T16:00:00Z,2500,28.7064
28.44,28.81,28.42,59,28.81,2024-05-09T17:00:00Z,3143,28.603036
28.35,28.45,28.35,78,28.45,2024-05-09T18:00:00Z,2322,28.392522
28.25,28.38,28.24,124,28.38,2024-05-09T19:00:00Z,3484,28.315556
28.3,28.31,28.16,16,28.215,2024-05-10T13:00:00Z,1828,28.254722
28.1,28.31,28.08,27,28.31,2024-05-10T14:00:00Z,2616,28.14894
28.1,28.15,28.02,25,28.04,2024-05-10T15:00:00Z,2900,28.070524
27.91,28.06,27.9,15,28.06,2024-05-10T16:00:00Z,1612,27.992698
27.88,27.9,27.86,8,27.86,2024-05-10T17:00:00Z,609,27.877513
27.8,27.9,27.78,22,27.9,2024-05-10T18:00:00Z,2557,27.8302
27.63,27.81,27.63,37,27.77,2024-05-10T19:00:00Z,4299,27.737508
27.67,27.67,27.67,1,27.67,2024-05-10T20:00:00Z,200,27.67
27.62,27.69,27.55,24,27.6,2024-05-13T13:00:00Z,2512,27.6323
27.64,27.66,27.57,48,27.62,2024-05-13T14:00:00Z,4761,27.623866
27.64,27.72,27.535,30,27.535,2024-05-13T15:00:00Z,2646,27.6202
27.74,27.75,27.545,17,27.545,2024-05-13T16:00:00Z,1586,27.633929
27.92,28.15,27.84,38,27.89,2024-05-13T17:00:00Z,3809,27.933571
27.755,27.92,27.755,20,27.92,2024-05-13T18:00:00Z,2264,27.83119
28.155,28.32,27.87,52,27.87,2024-05-13T19:00:00Z,4903,28.155466
27.8,27.8,27.8,1,27.8,2024-05-14T12:00:00Z,500,27.8
28.14,28.29,28.1,15,28.1,2024-05-14T13:00:00Z,1472,28.205265
28.04,28.3,28.04,35,28.25,2024-05-14T14:00:00Z,6716,28.089753
27.69,27.69,27.59,3,27.59,2024-05-14T15:00:00Z,254,27.64
27.67,27.78,27.6,11,27.6,2024-05-14T16:00:00Z,1100,27.684545
27.48,27.66,27.48,5,27.66,2024-05-14T17:00:00Z,500,27.56
27.41,27.47,27.375,16,27.47,2024-05-14T18:00:00Z,1193,27.421682
27.35,27.48,27.23,55,27.405,2024-05-14T19:00:00Z,2977,27.327175
26.52,26.65,26.52,6,26.64,2024-05-15T12:00:00Z,1350,26.602917
26.905,26.92,26.5,21,26.5,2024-05-15T13:00:00Z,2184,26.80599
26.15,26.775,26.15,50,26.755,2024-05-15T14:00:00Z,5882,26.646479
25.99,26.18,25.98,21,26.13,2024-05-15T15:00:00Z,2000,26.054737
26.01,26.03,25.99,19,26.03,2024-05-15T16:00:00Z,1720,26.010588
25.84,26.05,25.83,30,26.025,2024-05-15T17:00:00Z,3100,25.935968
26.03,26.03,25.81,28,25.82,2024-05-15T18:00:00Z,3160,25.877541
25.76,25.87,25.76,24,25.87,2024-05-15T19:00:00Z,1136,25.827727
25.71,25.89,25.71,57,25.79,2024-05-16T13:00:00Z,5181,25.794855
25.72,25.825,25.69,48,25.71,2024-05-16T14:00:00Z,7902,25.778623
25.82,25.93,25.79,6,25.79,2024-05-16T15:00:00Z,800,25.8675
25.93,25.93,25.85,20,25.9,2024-05-16T16:00:00Z,1981,25.876111
25.95,26.16,25.95,44,25.97,2024-05-16T17:00:00Z,4684,26.044425
25.89,26.13,25.845,40,25.95,2024-05-16T18:00:00Z,5627,25.979039
25.77,25.96,25.68,104,25.8,2024-05-16T19:00:00Z,8971,25.799248
25.79,25.9,25.73,28,25.78,2024-05-17T13:00:00Z,4015,25.758125
25.73,25.76,25.665,7,25.665,2024-05-17T14:00:00Z,1050,25.699286
25.66,25.85,25.66,18,25.83,2024-05-17T15:00:00Z,1797,25.772045
25.54,25.615,25.52,30,25.61,2024-05-17T16:00:00Z,4347,25.581518
25.36,25.52,25.36,8,25.515,2024-05-17T17:00:00Z,800,25.448125
25.415,25.565,25.37,32,25.37,2024-05-17T18:00:00Z,3421,25.510886
25.28,25.38,25.18,51,25.37,2024-05-17T19:00:00Z,4867,25.272827
24.99,25.25,24.98,46,25.24,2024-05-20T13:00:00Z,4596,25.054437
24.99,25.11,24.93,21,25.11,2024-05-20T14:00:00Z,2214,24.982143
25.045,25.045,24.91,26,24.98,2024-05-20T15:00:00Z,4264,24.994142
25.05,25.15,25.03,23,25.06,2024-05-20T16:00:00Z,2884,25.07375
25.37,25.37,25.06,26,25.06,2024-05-20T17:00:00Z,1916,25.219211
25.36,25.57,25.28,39,25.455,2024-05-20T18:00:00Z,2155,25.406905
25.405,25.47,25.31,31,25.37,2024-05-20T19:00:00Z,3080,25.389821
25.115,25.41,25.05,11,25.38,2024-05-21T13:00:00Z,1749,25.232036
24.96,25.02,24.92,24,25.01,2024-05-21T14:00:00Z,2960,24.957124
24.92,24.95,24.81,18,24.94,2024-05-21T15:00:00Z,1724,24.896471
24.82,24.93,24.8,13,24.93,2024-05-21T16:00:00Z,1203,24.822917
24.68,24.85,24.68,15,24.85,2024-05-21T17:00:00Z,1418,24.775
24.75,24.79,24.685,22,24.69,2024-05-21T18:00:00Z,2278,24.745
24.64,24.72,24.59,50,24.65,2024-05-21T19:00:00Z,4352,24.636036
24.49,24.76,24.49,11,24.76,2024-05-22T13:00:00Z,1299,24.623125
24.785,24.785,24.44,34,24.48,2024-05-22T14:00:00Z,2826,24.569643
25.28,25.32,24.72,56,24.82,2024-05-22T15:00:00Z,3246,24.997
25.28,25.355,25.17,17,25.35,2024-05-22T16:00:00Z,2133,25.282977
25.25,25.42,25.04,26,25.23,2024-05-22T17:00:00Z,2009,25.281579
25.575,25.845,25.3,74,25.38,2024-05-22T18:00:00Z,9703,25.695239
25.47,25.75,25.25,38,25.5,2024-05-22T19:00:00Z,3118,25.454208
24.48,24.54,24.48,12,24.54,2024-05-23T12:00:00Z,852,24.497143
25.28,25.34,24.69,36,24.71,2024-05-23T13:00:00Z,2907,24.974643
25.42,25.42,24.73,36,25.29,2024-05-23T14:00:00Z,3400,24.987121
24.58,25.18,24.58,36,25.18,2024-05-23T15:00:00Z,4918,24.79195
24.95,24.95,24.57,26,24.59,2024-05-23T16:00:00Z,2263,24.740682
26.01,26.02,24.96,48,24.96,2024-05-23T17:00:00Z,2809,25.573939
26.3,26.35,25.91,63,25.97,2024-05-23T18:00:00Z,6846,26.158948
26.04,26.41,25.865,69,26.29,2024-05-23T19:00:00Z,6044,26.131368
25.92,25.92,25.74,15,25.8,2024-05-24T12:00:00Z,2300,25.851772
25.75,25.86,25.42,42,25.86,2024-05-24T13:00:00Z,4439,25.631157
24.795,25.44,24.795,47,25.44,2024-05-24T14:00:00Z,4543,25.073848
24.83,24.99,24.67,42,24.72,2024-05-24T15:00:00Z,4012,24.73775
24.92,24.92,24.71,21,24.795,2024-05-24T16:00:00Z,2134,24.805476
24.97,25.08,24.88,17,25.07,2024-05-24T17:00:00Z,1265,24.975417
24.83,24.85,24.695,21,24.85,2024-05-24T18:00:00Z,2857,24.782321
24.78,25.0,24.71,94,24.88,2024-05-24T19:00:00Z,8786,24.818469
25.305,25.35,24.85,36,24.85,2024-05-28T13:00:00Z,3600,25.07375
25.26,25.5,25.13,89,25.29,2024-05-28T14:00:00Z,8443,25.310926
25.04,25.41,24.98,108,25.24,2024-05-28T15:00:00Z,9333,25.179971
25.13,25.18,24.9,80,25.01,2024-05-28T16:00:00Z,8357,25.033658
25.54,25.67,25.1,214,25.1,2024-05-28T17:00:00Z,11843,25.388171
25.715,26.24,25.4,218,25.62,2024-05-28T18:00:00Z,13478,25.858561
25.58,25.96,25.58,255,25.72,2024-05-28T19:00:00Z,19720,25.780758
27.01,27.39,26.88,120,27.21,2024-05-29T13:00:00Z,12494,27.177739
26.605,27.24,26.43,147,27.01,2024-05-29T14:00:00Z,15302,26.801424
26.92,27.06,26.66,110,26.68,2024-05-29T15:00:00Z,9829,26.87831
26.5,27.19,26.5,61,26.86,2024-05-29T16:00:00Z,5260,26.869643
26.53,26.95,26.44,153,26.51,2024-05-29T17:00:00Z,15034,26.675805
26.82,26.89,26.59,133,26.67,2024-05-29T18:00:00Z,13366,26.758332
27.08,27.15,26.45,156,26.77,2024-05-29T19:00:00Z,16422,26.803665
26.85,27.3,26.79,46,27.19,2024-05-30T13:00:00Z,5593,27.094233
27.05,27.25,26.76,134,26.9,2024-05-30T14:00:00Z,11746,27.023752
26.93,27.2,26.77,57,27.1,2024-05-30T15:00:00Z,5491,26.95213
26.49,26.92,26.445,79,26.92,2024-05-30T16:00:00Z,6566,26.583191
26.39,26.49,26.225,45,26.36,2024-05-30T17:00:00Z,4658,26.357
26.49,26.71,26.3,75,26.3,2024-05-30T18:00:00Z,6814,26.506808
26.96,27.71,26.42,218,26.47,2024-05-30T19:00:00Z,19933,27.050625
26.35,26.5,26.0,48,26.2,2024-05-31T13:00:00Z,5033,26.287592
26.9,27.23,26.21,291,26.34,2024-05-31T14:00:00Z,33898,26.845039
27.48,27.54,26.86,158,26.9,2024-05-31T15:00:00Z,15507,27.260141
27.6,27.98,27.5,119,27.56,2024-05-31T16:00:00Z,12235,27.714267
26.84,27.58,26.84,74,27.58,2024-05-31T17:00:00Z,7527,27.086181
26.41,26.93,26.41,63,26.92,2024-05-31T18:00:00Z,6778,26.724698
25.73,26.69,25.63,260,26.5,2024-05-31T19:00:00Z,30368,26.052182
25.63,25.87,25.18,56,25.255,2024-06-03T13:00:00Z,5255,25.375918
25.99,26.15,25.38,153,25.67,2024-06-03T14:00:00Z,12829,25.720378
26.08,26.3,25.92,56,25.95,2024-06-03T15:00:00Z,5090,26.116621
26.54,26.84,26.15,135,26.22,2024-06-03T16:00:00Z,16393,26.570838
26.17,26.95,25.92,91,26.59,2024-06-03T17:00:00Z,12437,26.54557
26.02,26.27,25.95,64,26.09,2024-06-03T18:00:00Z,5942,26.049464
25.53,26.19,25.525,70,26.0,2024-06-03T19:00:00Z,6898,25.872117
26.15,26.4,25.95,51,26.06,2024-06-04T13:00:00Z,4905,26.164902
26.47,26.47,25.8,201,26.0,2024-06-04T14:00:00Z,19538,26.144784
26.575,26.61,26.09,109,26.45,2024-06-04T15:00:00Z,10651,26.424183
26.13,26.74,25.97,58,26.74,2024-06-04T16:00:00Z,5951,26.355838
26.1,26.42,25.97,86,26.19,2024-06-04T17:00:00Z,7959,26.147163
25.77,26.08,25.5,120,26.08,2024-06-04T18:00:00Z,11975,25.693966
25.63,26.22,25.62,174,25.87,2024-06-04T19:00:00Z,19086,25.862236
25.57,25.57,25.25,7,25.25,2024-06-05T13:00:00Z,550,25.38
25.105,25.92,25.09,31,25.92,2024-06-05T14:00:00Z,3207,25.517857
25.13,25.18,24.98,21,25.01,2024-06-05T15:00:00Z,2397,25.056304
25.09,25.17,25.09,13,25.145,2024-06-05T16:00:00Z,1300,25.141923
25.07,25.21,25.01,13,25.15,2024-06-05T17:00:00Z,1103,25.125455
24.95,25.06,24.95,18,25.06,2024-06-05T18:00:00Z,1645,25.01375
24.94,24.99,24.84,28,24.94,2024-06-05T19:00:00Z,2146,24.907206
25.0,25.0,24.66,18,24.665,2024-06-06T13:00:00Z,1981,24.786842
24.8,24.97,24.61,24,24.97,2024-06-06T14:00:00Z,1629,24.732259
24.62,24.66,24.6,13,24.64,2024-06-06T15:00:00Z,937,24.636667
24.93,25.05,24.68,30,24.68,2024-06-06T16:00:00Z,1915,24.924722
24.7,24.84,24.64,15,24.84,2024-06-06T17:00:00Z,1466,24.709605
24.8,25.01,24.73,28,24.76,2024-06-06T18:00:00Z,2770,24.860926
24.71,24.94,24.71,35,24.755,2024-06-06T19:00:00Z,3120,24.858824
24.61,24.85,24.42,35,24.82,2024-06-07T13:00:00Z,5817,24.616348
24.41,24.56,24.385,25,24.495,2024-06-07T14:00:00Z,2600,24.450192
24.26,24.46,24.26,16,24.4,2024-06-07T15:00:00Z,1740,24.384118
24.06,24.21,24.06,24,24.21,2024-06-07T16:00:00Z,2900,24.132069
24.1,24.185,24.055,13,24.125,2024-06-07T17:00:00Z,1500,24.136333
24.22,24.57,24.17,62,24.33,2024-06-07T18:00:00Z,4917,24.374312
24.325,24.4,24.11,59,24.25,2024-06-07T19:00:00Z,4752,24.26959
24.7,24.7,24.7,2,24.7,2024-06-10T12:00:00Z,500,24.7
24.82,25.01,24.81,28,24.88,2024-06-10T13:00:00Z,2867,24.895134
24.75,24.88,24.74,17,24.85,2024-06-10T14:00:00Z,1628,24.81
24.5,24.66,24.5,15,24.66,2024-06-10T15:00:00Z,1126,24.550909
24.26,24.45,24.26,13,24.43,2024-06-10T16:00:00Z,1203,24.339167
24.39,24.45,24.34,11,24.37,2024-06-10T17:00:00Z,1100,24.388636
24.24,24.32,24.21,20,24.29,2024-06-10T18:00:00Z,1709,24.269375
24.29,24.3,24.15,49,24.19,2024-06-10T19:00:00Z,5572,24.241765
24.72,24.8,24.72,14,24.8,2024-06-11T12:00:00Z,1250,24.744545
24.98,25.14,24.71,37,24.72,2024-06-11T13:00:00Z,3475,24.869727
24.47,24.99,24.47,41,24.87,2024-06-11T14:00:00Z,5068,24.721224
24.61,24.61,24.455,8,24.49,2024-06-11T15:00:00Z,800,24.49875
24.69,24.7,24.63,6,24.69,2024-06-11T16:00:00Z,698,24.680688
24.36,24.7,24.36,15,24.7,2024-06-11T17:00:00Z,1884,24.507778
24.16,24.3,24.16,10,24.3,2024-06-11T18:00:00Z,1000,24.248
24.285,24.385,24.165,68,24.165,2024-06-11T19:00:00Z,8388,24.312114
23.64,23.64,23.63,2,23.63,2024-06-12T12:00:00Z,800,23.635
23.47,23.62,23.32,55,23.51,2024-06-12T13:00:00Z,5353,23.475513
23.6,23.625,23.4,63,23.44,2024-06-12T14:00:00Z,6226,23.54439
23.595,23.865,23.595,22,23.68,2024-06-12T15:00:00Z,2170,23.731667
23.47,23.52,23.46,18,23.5,2024-06-12T16:00:00Z,1837,23.491667
23.6,23.695,23.465,56,23.51,2024-06-12T17:00:00Z,6791,23.546181
23.64,23.78,23.465,69,23.74,2024-06-12T18:00:00Z,6770,23.583027
23.585,23.63,23.3,168,23.45,2024-06-12T19:00:00Z,17104,23.46923
23.63,23.63,23.62,2,23.62,2024-06-12T20:00:00Z,1000,23.626
23.565,23.65,23.42,34,23.56,2024-06-13T13:00:00Z,5285,23.478163
24.15,24.15,23.36,94,23.45,2024-06-13T14:00:00Z,12111,23.73963
23.87,24.23,23.86,41,24.17,2024-06-13T15:00:00Z,5957,24.05992
24.22,24.46,24.09,64,24.19,2024-06-13T16:00:00Z,7490,24.244645
23.79,24.2,23.765,24,24.2,2024-06-13T17:00:00Z,3612,23.907613
23.61,23.85,23.61,22,23.84,2024-06-13T18:00:00Z,2199,23.746905
23.585,23.595,23.445,184,23.51,2024-06-13T19:00:00Z,26004,23.564221
24.465,24.495,24.24,16,24.27,2024-06-14T13:00:00Z,1247,24.3375
24.895,25.26,24.46,106,24.51,2024-06-14T14:00:00Z,21168,24.829974
24.905,25.27,24.805,68,24.925,2024-06-14T15:00:00Z,9645,25.021139
24.755,24.985,24.735,18,24.895,2024-06-14T16:00:00Z,2851,24.799444
24.77,24.77,24.565,38,24.74,2024-06-14T17:00:00Z,11871,24.635732
24.63,25.145,24.63,43,24.82,2024-06-14T18:00:00Z,4662,24.856064
24.68,24.69,24.48,59,24.625,2024-06-14T19:00:00Z,5391,24.566273
25.005,25.05,24.745,19,24.745,2024-06-17T13:00:00Z,6494,24.962912
24.345,25.015,24.345,46,25.005,2024-06-17T14:00:00Z,5549,24.644023
24.265,24.31,24.155,24,24.31,2024-06-17T15:00:00Z,2897,24.233081
24.21,24.22,24.11,23,24.22,2024-06-17T16:00:00Z,4886,24.16328
24.05,24.185,24.015,16,24.185,2024-06-17T17:00:00Z,2500,24.1225
24.145,24.155,24.03,10,24.035,2024-06-17T18:00:00Z,1000,24.1165
24.47,24.485,24.18,127,24.18,2024-06-17T19:00:00Z,21960,24.425288
24.13,24.13,24.0,13,24.065,2024-06-18T13:00:00Z,1161,24.044091
24.46,24.53,24.26,17,24.26,2024-06-18T14:00:00Z,1630,24.421987
24.45,24.59,24.415,36,24.485,2024-06-18T15:00:00Z,19094,24.468605
24.41,24.45,24.35,22,24.415,2024-06-18T16:00:00Z,2308,24.418345
24.36,24.42,24.36,10,24.365,2024-06-18T17:00:00Z,886,24.401545
24.35,24.565,24.33,36,24.435,2024-06-18T18:00:00Z,1787,24.416013
24.285,24.53,24.285,54,24.38,2024-06-18T19:00:00Z,4641,24.379643
24.36,24.395,24.31,8,24.37,2024-06-20T13:00:00Z,732,24.357857
24.56,24.655,24.31,66,24.31,2024-06-20T14:00:00Z,7774,24.56153
24.84,24.87,24.57,60,24.615,2024-06-20T15:00:00Z,6320,24.765782
25.42,25.5,24.85,70,24.96,2024-06-20T16:00:00Z,7608,25.178028
25.21,25.69,25.2,43,25.57,2024-06-20T17:00:00Z,4368,25.512381
25.22,25.22,24.88,24,25.14,2024-06-20T18:00:00Z,2132,25.087368
25.44,25.6,25.15,331,25.2,2024-06-20T19:00:00Z,39783,25.341562
25.55,25.55,25.55,1,25.55,2024-06-20T20:00:00Z,500,25.55
25.71,26.13,25.62,40,25.73,2024-06-21T13:00:00Z,4202,25.812803
25.04,25.725,24.95,90,25.725,2024-06-21T14:00:00Z,14036,25.413723
24.63,25.03,24.63,64,24.93,2024-06-21T15:00:00Z,5222,24.8132
24.54,24.6,24.5,33,24.56,2024-06-21T16:00:00Z,2972,24.551207
24.54,24.75,24.51,54,24.64,2024-06-21T17:00:00Z,5226,24.634118
24.64,24.74,24.55,17,24.74,2024-06-21T18:00:00Z,1593,24.634673
24.605,24.63,24.44,101,24.63,2024-06-21T19:00:00Z,10294,24.517325
24.75,25.0,24.71,17,25.0,2024-06-24T13:00:00Z,4772,24.92133
24.32,24.66,24.32,24,24.65,2024-06-24T14:00:00Z,2402,24.525488
24.36,24.36,24.335,3,24.335,2024-06-24T15:00:00Z,300,24.345
24.395,24.395,24.145,30,24.29,2024-06-24T16:00:00Z,2162,24.215476
24.405,24.57,24.4,38,24.48,2024-06-24T17:00:00Z,9624,24.499631
24.37,24.4,24.295,7,24.295,2024-06-24T18:00:00Z,601,24.345833
24.555,24.555,24.305,66,24.345,2024-06-24T19:00:00Z,3807,24.385948
24.55,24.55,24.41,5,24.41,2024-06-25T13:00:00Z,700,24.495714
24.465,24.68,24.42,22,24.68,2024-06-25T14:00:00Z,2474,24.536868
24.205,24.22,24.205,6,24.22,2024-06-25T15:00:00Z,611,24.211667
24.29,24.41,24.13,22,24.16,2024-06-25T16:00:00Z,2170,24.260945
23.99,24.36,23.965,32,24.36,2024-06-25T17:00:00Z,3482,24.178542
23.835,23.91,23.835,13,23.91,2024-06-25T18:00:00Z,1307,23.858846
23.735,23.845,23.69,48,23.845,2024-06-25T19:00:00Z,4876,23.734556
23.77,23.98,23.76,11,23.97,2024-06-26T13:00:00Z,1107,23.842315
23.81,23.875,23.64,40,23.77,2024-06-26T14:00:00Z,7134,23.812638
23.76,24.015,23.74,72,23.74,2024-06-26T15:00:00Z,7090,23.9705
23.68,23.73,23.66,5,23.73,2024-06-26T16:00:00Z,500,23.686
23.58,23.72,23.58,11,23.66,2024-06-26T17:00:00Z,1100,23.668182
23.43,23.58,23.405,17,23.56,2024-06-26T18:00:00Z,1530,23.483043
23.425,23.48,23.375,47,23.435,2024-06-26T19:00:00Z,5010,23.434633
23.48,23.48,23.48,1,23.48,2024-06-26T20:00:00Z,500,23.48
23.35,23.405,23.23,27,23.33,2024-06-27T13:00:00Z,1932,23.325559
23.3,23.345,23.25,48,23.3,2024-06-27T14:00:00Z,4999,23.286368
23.435,23.435,23.32,22,23.33,2024-06-27T15:00:00Z,2160,23.381667
23.27,23.425,23.2,28,23.425,2024-06-27T16:00:00Z,2786,23.280547
23.26,23.26,23.23,6,23.25,2024-06-27T17:00:00Z,829,23.243835
23.13,23.315,23.13,26,23.23,2024-06-27T18:00:00Z,2639,23.25106
23.12,23.26,23.11,88,23.15,2024-06-27T19:00:00Z,9530,23.159631
23.12,23.135,23.08,8,23.135,2024-06-28T13:00:00Z,521,23.109
23.02,23.12,22.955,30,23.12,2024-06-28T14:00:00Z,2964,23.035525
23.14,23.155,23.06,21,23.11,2024-06-28T15:00:00Z,2100,23.104048
23.17,23.36,23.11,29,23.11,2024-06-28T16:00:00Z,3399,23.239545
23.12,23.125,22.96,31,23.125,2024-06-28T17:00:00Z,2193,23.053753
23.17,23.17,22.97,64,23.0,2024-06-28T18:00:00Z,3460,23.088281
23.52,23.52,23.13,192,23.13,2024-06-28T19:00:00Z,11419,23.250332
23.095,23.295,23.09,17,23.22,2024-07-01T13:00:00Z,1866,23.188056
23.195,23.31,23.04,93,23.04,2024-07-01T14:00:00Z,22589,23.262507
22.85,23.12,22.85,15,23.12,2024-07-01T15:00:00Z,1936,22.914692
22.53,22.83,22.51,39,22.815,2024-07-01T16:00:00Z,3779,22.613822
22.59,22.6,22.53,12,22.53,2024-07-01T17:00:00Z,1219,22.5625
22.46,22.53,22.45,15,22.53,2024-07-01T18:00:00Z,1841,22.491977
22.205,22.55,22.18,67,22.48,2024-07-01T19:00:00Z,5941,22.341788
22.23,22.29,22.005,23,22.235,2024-07-02T13:00:00Z,2780,22.179873
21.955,22.27,21.95,36,22.27,2024-07-02T14:00:00Z,4133,22.032572
21.79,21.99,21.74,27,21.99,2024-07-02T15:00:00Z,3219,21.838025
21.78,21.845,21.78,47,21.785,2024-07-02T16:00:00Z,5821,21.826904
21.73,21.785,21.73,22,21.785,2024-07-02T17:00:00Z,2083,21.754634
21.755,21.755,21.735,7,21.745,2024-07-02T18:00:00Z,700,21.746429
21.81,21.845,21.75,34,21.765,2024-07-02T19:00:00Z,4247,21.793607
21.7,21.82,21.67,19,21.68,2024-07-03T13:00:00Z,2599,21.705402
21.91,21.91,21.645,47,21.645,2024-07-03T14:00:00Z,6121,21.737373
21.92,22.02,21.88,20,21.91,2024-07-03T15:00:00Z,2160,21.97925
21.91,22.01,21.795,53,22.01,2024-07-03T16:00:00Z,5835,21.883532
21.88,21.89,21.88,3,21.89,2024-07-05T13:00:00Z,400,21.885
21.955,22.06,21.78,80,21.84,2024-07-05T14:00:00Z,9158,21.96748
21.95,22.075,21.95,81,22.04,2024-07-05T15:00:00Z,2178,22.02501
22.17,22.17,21.93,21,21.93,2024-07-05T16:00:00Z,1340,22.115
22.2,22.28,22.15,23,22.19,2024-07-05T17:00:00Z,2714,22.219049
22.08,22.25,22.03,33,22.195,2024-07-05T18:00:00Z,3063,22.1783
22.05,22.23,21.99,58,22.06,2024-07-05T19:00:00Z,5403,22.07904
21.69,21.69,21.68,2,21.68,2024-07-08T12:00:00Z,1000,21.686
21.555,21.7,21.5,25,21.68,2024-07-08T13:00:00Z,3738,21.620787
21.44,21.565,21.43,51,21.53,2024-07-08T14:00:00Z,7187,21.498402
21.34,21.45,21.34,12,21.45,2024-07-08T15:00:00Z,1676,21.364403
21.37,21.46,21.34,23,21.35,2024-07-08T16:00:00Z,2934,21.383597
21.33,21.37,21.33,3,21.37,2024-07-08T17:00:00Z,500,21.35
21.37,21.43,21.315,14,21.315,2024-07-08T18:00:00Z,1631,21.391326
21.57,21.67,21.375,76,21.38,2024-07-08T19:00:00Z,9540,21.5402
21.34,21.435,21.32,22,21.425,2024-07-09T13:00:00Z,3211,21.376756
21.49,21.67,21.42,51,21.42,2024-07-09T14:00:00Z,6308,21.583239
21.43,21.56,21.43,42,21.525,2024-07-09T15:00:00Z,6645,21.511813
21.5,21.53,21.43,16,21.46,2024-07-09T16:00:00Z,2214,21.474055
21.69,21.73,21.5,20,21.51,2024-07-09T17:00:00Z,1640,21.642143
21.54,21.675,21.525,25,21.675,2024-07-09T18:00:00Z,3381,21.582314
21.53,21.59,21.46,41,21.575,2024-07-09T19:00:00Z,5175,21.533671
21.53,21.59,21.53,16,21.53,2024-07-10T13:00:00Z,1820,21.563889
21.26,21.44,21.22,33,21.42,2024-07-10T14:00:00Z,2896,21.301907
21.14,21.33,21.14,29,21.31,2024-07-10T15:00:00Z,3665,21.211053
21.1,21.13,21.05,21,21.12,2024-07-10T16:00:00Z,1875,21.090556
21.14,21.145,21.11,10,21.11,2024-07-10T17:00:00Z,1290,21.131
21.23,21.23,21.13,26,21.145,2024-07-10T18:00:00Z,3400,21.182794
21.41,21.51,21.26,209,21.26,2024-07-10T19:00:00Z,33566,21.435513
21.19,21.23,21.12,9,21.12,2024-07-11T13:00:00Z,1075,21.178837
21.44,21.44,21.12,40,21.12,2024-07-11T14:00:00Z,5164,21.309274
21.76,21.85,21.3,127,21.505,2024-07-11T15:00:00Z,8983,21.624746
21.86,21.91,21.63,51,21.87,2024-07-11T16:00:00Z,6594,21.774956
21.97,22.01,21.64,47,21.92,2024-07-11T17:00:00Z,5824,21.82
21.8,21.96,21.78,22,21.95,2024-07-11T18:00:00Z,2990,21.895485
21.49,21.88,21.42,266,21.6,2024-07-11T19:00:00Z,39302,21.567346
21.18,21.18,21.18,1,21.18,2024-07-12T12:00:00Z,500,21.18
20.72,21.04,20.72,53,21.04,2024-07-12T13:00:00Z,6815,20.820575
20.71,20.78,20.63,106,20.73,2024-07-12T14:00:00Z,16117,20.685577
20.72,20.75,20.68,43,20.73,2024-07-12T15:00:00Z,6412,20.712229
20.615,20.79,20.615,36,20.74,2024-07-12T16:00:00Z,4099,20.711236
20.6,20.63,20.55,54,20.62,2024-07-12T17:00:00Z,8265,20.594663
20.765,20.81,20.62,36,20.62,2024-07-12T18:00:00Z,3507,20.705431
21.04,21.09,20.74,148,20.74,2024-07-12T19:00:00Z,20557,20.945924
20.75,20.9,20.75,43,20.85,2024-07-15T13:00:00Z,7157,20.841698
20.8,20.8,20.71,28,20.725,2024-07-15T14:00:00Z,3071,20.754178
21.03,21.03,20.85,129,20.85,2024-07-15T15:00:00Z,20290,20.992491
21.41,21.44,21.05,69,21.05,2024-07-15T16:00:00Z,5640,21.278241
21.55,21.59,21.36,53,21.39,2024-07-15T17:00:00Z,11064,21.437966
21.37,21.63,21.36,45,21.5,2024-07-15T18:00:00Z,8416,21.448402
21.59,21.66,21.305,63,21.305,2024-07-15T19:00:00Z,5172,21.493698
21.69,21.69,21.69,1,21.69,2024-07-15T20:00:00Z,100,21.69
21.48,21.57,21.38,15,21.495,2024-07-16T13:00:00Z,1640,21.473437
21.425,21.66,21.32,65,21.48,2024-07-16T14:00:00Z,8053,21.461478
21.37,21.42,21.3,36,21.38,2024-07-16T15:00:00Z,3847,21.375946
21.48,21.63,21.325,33,21.325,2024-07-16T16:00:00Z,3619,21.468634
21.475,21.52,21.45,14,21.52,2024-07-16T17:00:00Z,1516,21.488731
21.63,21.66,21.5,64,21.5,2024-07-16T18:00:00Z,3429,21.592
21.78,21.79,21.66,95,21.68,2024-07-16T19:00:00Z,8583,21.733332
22.34,22.45,22.34,6,22.38,2024-07-17T13:00:00Z,725,22.400345
22.59,22.75,22.37,77,22.41,2024-07-17T14:00:00Z,8804,22.561456
23.1,23.24,22.6,80,22.65,2024-07-17T15:00:00Z,9049,22.938589
23.105,23.28,22.98,86,22.99,2024-07-17T16:00:00Z,8661,23.175854
23.15,23.27,23.045,26,23.1,2024-07-17T17:00:00Z,2920,23.156034
22.88,23.2,22.74,44,23.2,2024-07-17T18:00:00Z,3387,22.876648
22.91,22.99,22.53,102,22.885,2024-07-17T19:00:00Z,10267,22.774221
22.33,22.35,22.07,25,22.17,2024-07-18T13:00:00Z,2139,22.21625
22.92,23.25,22.31,69,22.31,2024-07-18T14:00:00Z,5989,22.748788
24.1,24.3,23.09,60,23.1,2024-07-18T15:00:00Z,6356,23.798052
23.81,24.33,23.81,68,24.15,2024-07-18T16:00:00Z,6518,24.046923
23.86,23.86,23.49,15,23.745,2024-07-18T17:00:00Z,1600,23.636875
24.11,24.3,23.84,30,23.98,2024-07-18T18:00:00Z,2545,24.03125
23.96,24.42,23.64,144,24.11,2024-07-18T19:00:00Z,11630,23.979839
24.39,24.54,24.015,57,24.33,2024-07-19T13:00:00Z,5291,24.279214
25.11,25.42,24.47,96,24.645,2024-07-19T14:00:00Z,9386,25.006094
24.95,25.83,24.95,93,25.14,2024-07-19T15:00:00Z,8204,25.374073
25.34,25.49,24.89,47,25.03,2024-07-19T16:00:00Z,3516,25.225
25.34,25.68,25.3,45,25.4,2024-07-19T17:00:00Z,3744,25.515946
25.33,25.77,25.25,48,25.32,2024-07-19T18:00:00Z,4031,25.483733
25.4,25.54,24.955,122,25.2,2024-07-19T19:00:00Z,10186,25.198668
24.54,24.595,24.15,64,24.57,2024-07-22T13:00:00Z,6301,24.324603
24.025,24.835,23.88,110,24.66,2024-07-22T14:00:00Z,10653,24.337218
24.42,24.485,23.88,63,24.05,2024-07-22T15:00:00Z,5935,24.230965
23.87,24.455,23.85,34,24.445,2024-07-22T16:00:00Z,3224,24.106774
23.53,23.805,23.42,48,23.8,2024-07-22T17:00:00Z,4841,23.568376
23.29,23.49,23.22,63,23.465,2024-07-22T18:00:00Z,5997,23.410965
23.4,23.51,23.24,186,23.29,2024-07-22T19:00:00Z,18478,23.364272
23.15,23.6,23.08,41,23.57,2024-07-23T13:00:00Z,4900,23.268265
22.79,23.09,22.705,94,23.09,2024-07-23T14:00:00Z,9268,22.858111
22.745,22.82,22.65,54,22.75,2024-07-23T15:00:00Z,5323,22.737404
23.035,23.115,22.695,68,22.765,2024-07-23T16:00:00Z,7946,22.865252
22.95,23.255,22.89,49,23.055,2024-07-23T17:00:00Z,5063,23.063585
22.79,22.9,22.73,43,22.89,2024-07-23T18:00:00Z,5151,22.793349
23.12,23.24,22.765,94,22.765,2024-07-23T19:00:00Z,12542,23.011118
25.16,25.16,24.22,49,24.22,2024-07-24T13:00:00Z,5448,24.669711
25.54,25.8,25.24,61,25.24,2024-07-24T14:00:00Z,5880,25.6105
26.11,26.11,25.565,57,25.565,2024-07-24T15:00:00Z,5275,25.80883
26.67,26.68,26.12,56,26.24,2024-07-24T16:00:00Z,4956,26.46766
26.49,26.83,26.295,70,26.83,2024-07-24T17:00:00Z,6252,26.47983
27.0,27.25,26.48,59,26.6,2024-07-24T18:00:00Z,5820,26.857895
27.9,28.18,26.91,142,27.01,2024-07-24T19:00:00Z,12390,27.315434
27.97,27.97,27.87,13,27.93,2024-07-24T20:00:00Z,2000,27.908741
27.72,27.84,27.32,33,27.32,2024-07-25T13:00:00Z,3114,27.532903
27.44,29.34,27.18,262,27.95,2024-07-25T14:00:00Z,40123,28.319283
26.735,27.73,26.735,110,27.46,2024-07-25T15:00:00Z,14189,27.174681
26.205,26.81,26.13,107,26.77,2024-07-25T16:00:00Z,10904,26.31462
26.285,26.51,25.7,63,25.945,2024-07-25T17:00:00Z,6044,26.245468
27.56,27.84,26.51,113,26.51,2024-07-25T18:00:00Z,6399,27.074157
28.06,28.06,26.57,135,27.745,2024-07-25T19:00:00Z,14649,27.322268
26.575,27.19,26.575,43,26.875,2024-07-26T13:00:00Z,3804,26.9075
26.46,26.91,26.16,73,26.4,2024-07-26T14:00:00Z,10196,26.656874
25.875,26.445,25.875,49,26.41,2024-07-26T15:00:00Z,4667,26.207126
25.825,25.98,25.77,92,25.85,2024-07-26T16:00:00Z,9023,25.864138
26.53,26.6,25.81,82,25.885,2024-07-26T17:00:00Z,8557,26.14378
26.13,26.4,25.87,43,26.4,2024-07-26T18:00:00Z,4121,26.052219
25.85,26.24,25.78,139,26.195,2024-07-26T19:00:00Z,15713,25.956137
26.05,26.05,25.575,6,25.78,2024-07-29T13:00:00Z,700,25.722143
25.585,25.585,25.355,20,25.475,2024-07-29T14:00:00Z,1506,25.4625
25.95,26.04,25.8,8,25.88,2024-07-29T15:00:00Z,940,25.893333
25.12,25.255,25.06,11,25.13,2024-07-29T16:00:00Z,1300,25.157308
25.08,25.21,24.895,30,25.035,2024-07-29T17:00:00Z,7565,24.966296
25.105,25.28,25.06,22,25.11,2024-07-29T18:00:00Z,1808,25.166111
25.18,25.205,24.95,42,25.07,2024-07-29T19:00:00Z,5367,25.106307
25.215,25.29,24.865,62,24.865,2024-07-30T13:00:00Z,6836,25.005154
25.755,26.21,25.21,73,25.21,2024-07-30T14:00:00Z,9664,25.773233
26.845,26.925,26.11,23,26.11,2024-07-30T15:00:00Z,1761,26.569063
27.425,27.43,26.49,15,26.715,2024-07-30T16:00:00Z,1500,26.972333
26.605,27.54,26.58,27,27.54,2024-07-30T17:00:00Z,2621,26.844808
26.395,26.52,25.97,14,26.52,2024-07-30T18:00:00Z,1400,26.217143
26.4,26.615,26.015,71,26.435,2024-07-30T19:00:00Z,8204,26.323202
27.0,27.11,27.0,2,27.11,2024-07-30T20:00:00Z,1100,27.1
25.42,25.51,25.25,8,25.275,2024-07-31T13:00:00Z,701,25.402143
24.875,25.395,24.875,27,25.395,2024-07-31T14:00:00Z,2917,25.00595
24.925,24.93,24.755,96,24.87,2024-07-31T15:00:00Z,14928,24.868143
24.69,24.92,24.655,17,24.92,2024-07-31T16:00:00Z,1700,24.780588
24.52,24.69,24.51,42,24.69,2024-07-31T17:00:00Z,5982,24.655401
24.06,24.42,23.99,16,24.42,2024-07-31T18:00:00Z,1600,24.27375
25.47,25.47,24.025,29,24.08,2024-07-31T19:00:00Z,3089,24.379621
25.35,25.56,24.94,12,25.21,2024-08-01T13:00:00Z,1246,25.305518
27.255,27.26,25.09,48,25.3,2024-08-01T14:00:00Z,4720,26.476087
27.87,28.26,26.97,97,27.26,2024-08-01T15:00:00Z,12727,27.496248
28.31,28.55,27.38,41,27.98,2024-08-01T16:00:00Z,5185,27.95568
28.69,29.59,28.36,85,28.36,2024-08-01T17:00:00Z,8694,29.048262
29.61,30.07,28.8,57,28.8,2024-08-01T18:00:00Z,10372,29.565397
28.585,29.805,28.08,59,29.55,2024-08-01T19:00:00Z,6586,29.072306
32.64,32.84,31.62,92,32.3,2024-08-02T13:00:00Z,8233,32.210922
38.57,39.5,32.75,565,32.91,2024-08-02T14:00:00Z,65529,36.804639
36.555,40.39,35.91,751,38.8,2024-08-02T15:00:00Z,117748,37.740209
37.8,39.315,35.58,730,36.0,2024-08-02T16:00:00Z,86827,36.885854
38.8,39.68,37.35,330,37.54,2024-08-02T17:00:00Z,37084,38.630791
38.785,39.55,37.32,272,38.95,2024-08-02T18:00:00Z,52633,38.776216
39.15,39.65,37.6,522,38.85,2024-08-02T19:00:00Z,69860,38.446394
38.79,38.79,38.79,2,38.79,2024-08-02T20:00:00Z,200,38.79
67.25,67.25,65.35,8,67.1,2024-08-05T12:00:00Z,555,66.2675
55.835,66.67,54.765,799,66.67,2024-08-05T13:00:00Z,56433,59.917739
59.165,61.3,50.16,1448,55.25,2024-08-05T14:00:00Z,70774,56.649806
50.895,60.13,50.895,1118,58.65,2024-08-05T15:00:00Z,63551,55.475056
53.41,53.61,48.8,557,50.78,2024-08-05T16:00:00Z,34743,50.974482
55.52,55.88,52.33,973,53.35,2024-08-05T17:00:00Z,51501,53.990844
57.19,58.34,53.61,1186,55.55,2024-08-05T18:00:00Z,68149,56.058482
63.89,64.58,55.88,1093,56.72,2024-08-05T19:00:00Z,90191,60.89275
60.94,60.94,59.68,4,60.74,2024-08-05T20:00:00Z,400,60.435
49.89,54.27,48.8,317,51.97,2024-08-06T13:00:00Z,21106,52.228218
44.86,49.6,43.155,808,49.54,2024-08-06T14:00:00Z,48634,46.430054
40.755,45.42,40.745,701,44.83,2024-08-06T15:00:00Z,100549,43.392593
37.73,40.695,37.61,833,40.63,2024-08-06T16:00:00Z,61200,38.780832
36.505,38.53,35.15,417,37.87,2024-08-06T17:00:00Z,25809,36.541142
37.5,37.5,35.005,413,36.755,2024-08-06T18:00:00Z,26665,35.891206
43.41,43.41,36.96,558,37.59,2024-08-06T19:00:00Z,43908,38.879303
39.37,39.37,39.37,1,39.37,2024-08-06T20:00:00Z,200,39.37
35.51,36.6,35.32,198,36.32,2024-08-07T13:00:00Z,38079,35.959791
35.65,37.03,35.41,166,35.51,2024-08-07T14:00:00Z,13833,36.155596
36.41,36.59,34.77,255,35.63,2024-08-07T15:00:00Z,21440,35.467511
40.58,41.18,36.395,438,36.395,2024-08-07T16:00:00Z,58018,38.376173
42.26,42.95,39.76,139,40.59,2024-08-07T17:00:00Z,13910,41.840771
42.86,45.61,41.87,112,42.36,2024-08-07T18:00:00Z,11331,43.559565
43.47,43.77,40.8,278,42.75,2024-08-07T19:00:00Z,32511,42.269914
44.31,44.33,44.31,2,44.33,2024-08-07T20:00:00Z,200,44.32
39.32,41.17,39.21,92,39.21,2024-08-08T13:00:00Z,11495,39.692085
38.17,39.92,38.13,136,39.34,2024-08-08T14:00:00Z,17865,38.954615
37.7,39.15,37.6,49,38.03,2024-08-08T15:00:00Z,5524,38.22963
38.76,39.56,37.14,66,37.43,2024-08-08T16:00:00Z,6534,38.218548
38.17,39.24,37.89,42,39.24,2024-08-08T17:00:00Z,4118,38.477342
37.9,38.33,37.71,64,38.23,2024-08-08T18:00:00Z,7077,38.079362
37.76,38.51,37.39,208,38.185,2024-08-08T19:00:00Z,23754,37.915124
37.56,37.56,37.56,2,37.56,2024-08-09T12:00:00Z,400,37.56
37.78,38.27,36.955,53,37.32,2024-08-09T13:00:00Z,5706,37.553126
35.7,37.55,35.7,57,37.55,2024-08-09T14:00:00Z,5270,36.338883
35.855,36.08,34.85,93,35.71,2024-08-09T15:00:00Z,9883,35.590748
34.54,35.78,34.28,50,35.67,2024-08-09T16:00:00Z,5202,34.967152
33.71,34.49,32.99,90,34.27,2024-08-09T17:00:00Z,10576,33.390655
32.31,33.95,32.2,59,33.67,2024-08-09T18:00:00Z,5828,32.617477
29.98,32.58,29.855,238,32.38,2024-08-09T19:00:00Z,25029,31.664299
30.84,30.93,29.81,48,30.11,2024-08-12T13:00:00Z,3604,30.419394
27.72,30.65,27.5,142,30.65,2024-08-12T14:00:00Z,10638,28.496652
27.62,28.62,27.12,86,27.56,2024-08-12T15:00:00Z,10224,27.784423
29.5,29.77,27.59,85,27.59,2024-08-12T16:00:00Z,10933,28.697425
30.06,30.39,28.96,83,29.73,2024-08-12T17:00:00Z,8151,29.509726
29.59,30.31,29.23,61,29.87,2024-08-12T18:00:00Z,5329,29.844623
30.17,30.86,29.56,113,29.65,2024-08-12T19:00:00Z,10728,29.988113
28.9,29.04,28.84,7,28.95,2024-08-13T12:00:00Z,4100,28.93561
28.61,28.87,28.27,79,28.87,2024-08-13T13:00:00Z,7493,28.481621
28.83,28.85,28.05,90,28.67,2024-08-13T14:00:00Z,7769,28.432542
28.77,28.83,28.6,17,28.69,2024-08-13T15:00:00Z,2100,28.735714
28.07,28.76,28.06,33,28.76,2024-08-13T16:00:00Z,2876,28.369354
28.19,28.34,27.96,40,28.23,2024-08-13T17:00:00Z,3989,28.125256
26.95,28.16,26.945,112,28.16,2024-08-13T18:00:00Z,6955,27.520696
26.45,27.28,26.45,210,27.03,2024-08-13T19:00:00Z,12159,27.013732
26.57,26.59,26.57,2,26.59,2024-08-13T20:00:00Z,1100,26.588182
26.02,26.35,26.02,3,26.35,2024-08-14T12:00:00Z,2200,26.171818
25.34,26.0,25.27,52,25.71,2024-08-14T13:00:00Z,6217,25.678569
24.75,25.98,24.75,144,25.75,2024-08-14T14:00:00Z,19262,25.389597
24.54,24.79,24.41,34,24.69,2024-08-14T15:00:00Z,3460,24.631618
24.76,25.16,24.44,37,24.44,2024-08-14T16:00:00Z,4002,24.862125
24.51,25.01,24.51,38,24.94,2024-08-14T17:00:00Z,2350,24.740019
24.3,24.64,24.27,23,24.6,2024-08-14T18:00:00Z,3300,24.443656
23.82,24.5,23.82,60,24.12,2024-08-14T19:00:00Z,6955,24.048994
22.8,23.01,22.74,42,22.81,2024-08-15T13:00:00Z,5392,22.830256
22.26,22.89,21.99,74,22.8,2024-08-15T14:00:00Z,8401,22.316726
22.68,22.68,22.09,42,22.35,2024-08-15T15:00:00Z,5128,22.271875
22.9,23.37,22.65,53,22.65,2024-08-15T16:00:00Z,6267,22.950161
23.01,23.09,22.9,48,22.91,2024-08-15T17:00:00Z,4917,22.992729
22.79,22.99,22.72,35,22.92,2024-08-15T18:00:00Z,4457,22.834411
22.43,22.85,22.39,69,22.82,2024-08-15T19:00:00Z,6793,22.624365
23.21,23.21,22.88,28,23.19,2024-08-16T13:00:00Z,3287,23.089952
22.94,23.02,22.48,73,22.99,2024-08-16T14:00:00Z,8076,22.7299
22.41,23.005,22.37,57,22.9,2024-08-16T15:00:00Z,6801,22.758946
22.29,22.55,22.22,45,22.41,2024-08-16T16:00:00Z,5321,22.394082
22.69,22.73,22.29,47,22.29,2024-08-16T17:00:00Z,5774,22.523716
22.57,23.11,22.48,49,22.75,2024-08-16T18:00:00Z,5831,22.752087
22.39,22.81,22.39,94,22.52,2024-08-16T19:00:00Z,10615,22.621981
22.57,22.57,22.57,1,22.57,2024-08-19T12:00:00Z,100,22.57
22.22,22.5,22.19,30,22.39,2024-08-19T13:00:00Z,3332,22.345312
21.68,22.22,21.55,106,22.12,2024-08-19T14:00:00Z,12172,21.861462
21.73,21.73,21.51,64,21.68,2024-08-19T15:00:00Z,7836,21.644098
21.8,21.8,21.62,42,21.715,2024-08-19T16:00:00Z,5071,21.689163
21.71,21.965,21.71,45,21.81,2024-08-19T17:00:00Z,5221,21.846404
21.85,21.85,21.71,33,21.82,2024-08-19T18:00:00Z,4416,21.80907
21.73,21.895,21.66,34,21.89,2024-08-19T19:00:00Z,4128,21.799834
21.73,21.73,21.73,2,21.73,2024-08-19T20:00:00Z,248,21.73
21.96,22.11,21.9,28,22.11,2024-08-20T13:00:00Z,3612,21.939751
22.43,22.68,22.05,82,22.12,2024-08-20T14:00:00Z,9396,22.335098
22.29,22.7,22.29,60,22.65,2024-08-20T15:00:00Z,8264,22.565553
22.84,23.0,22.37,49,22.39,2024-08-20T16:00:00Z,6924,22.848724
22.96,23.24,22.88,64,22.96,2024-08-20T17:00:00Z,6440,23.092797
22.58,23.04,22.51,22,23.04,2024-08-20T18:00:00Z,2061,22.633716
23.07,23.07,22.49,82,22.55,2024-08-20T19:00:00Z,17737,22.79057
23.3,23.6,23.195,16,23.195,2024-08-21T13:00:00Z,1979,23.394777
23.64,23.89,22.95,83,23.15,2024-08-21T14:00:00Z,9347,23.539305
24.07,24.12,23.46,69,23.77,2024-08-21T15:00:00Z,8015,23.881706
24.09,24.4,23.94,56,24.15,2024-08-21T16:00:00Z,6884,24.169153
23.93,24.07,23.89,23,24.04,2024-08-21T17:00:00Z,2676,23.961762
23.84,24.12,23.72,35,23.72,2024-08-21T18:00:00Z,4800,23.868411
23.48,24.15,23.46,108,23.825,2024-08-21T19:00:00Z,11269,23.6926
23.325,23.52,23.13,56,23.34,2024-08-22T13:00:00Z,7320,23.292083
23.86,24.03,23.36,45,23.38,2024-08-22T14:00:00Z,5149,23.765097
23.97,24.54,23.71,53,23.71,2024-08-22T15:00:00Z,5643,24.253646
24.16,24.16,23.53,54,24.15,2024-08-22T16:00:00Z,8382,23.697606
24.94,24.94,23.95,69,24.2,2024-08-22T17:00:00Z,7392,24.453418
24.78,24.9,24.39,47,24.87,2024-08-22T18:00:00Z,4702,24.643198
25.105,25.25,24.5,67,24.61,2024-08-22T19:00:00Z,7524,24.909433
24.94,24.94,24.94,4,24.94,2024-08-22T20:00:00Z,935,24.94
23.7,24.26,23.7,37,24.1,2024-08-23T13:00:00Z,4612,24.024033
23.68,24.2,22.96,183,23.7,2024-08-23T14:00:00Z,19503,23.461924
24.0,24.0,23.29,75,23.87,2024-08-23T15:00:00Z,8596,23.680675
23.92,24.5,23.79,71,24.17,2024-08-23T16:00:00Z,7861,24.183185
23.41,23.99,23.3,54,23.93,2024-08-23T17:00:00Z,5491,23.522963
23.37,23.52,23.19,23,23.28,2024-08-23T18:00:00Z,3070,23.3675
22.84,23.46,22.69,131,23.43,2024-08-23T19:00:00Z,18539,22.897404
22.89,22.94,22.59,34,22.64,2024-08-26T13:00:00Z,2859,22.7684
23.23,23.47,22.69,68,22.77,2024-08-26T14:00:00Z,6443,23.13796
23.52,23.62,23.19,35,23.22,2024-08-26T15:00:00Z,3512,23.400286
22.95,23.57,22.9,28,23.57,2024-08-26T16:00:00Z,2725,23.120957
23.32,23.43,22.58,85,22.91,2024-08-26T17:00:00Z,7537,22.983873
22.63,23.42,22.63,44,23.36,2024-08-26T18:00:00Z,4185,22.986934
22.8,22.97,22.64,101,22.69,2024-08-26T19:00:00Z,11991,22.804931
22.88,22.9,22.88,5,22.9,2024-08-26T20:00:00Z,2516,22.8864
23.31,23.53,23.16,23,23.44,2024-08-27T13:00:00Z,2601,23.398462
22.84,23.33,22.84,37,23.33,2024-08-27T14:00:00Z,3981,23.084399
22.76,22.99,22.63,24,22.66,2024-08-27T15:00:00Z,2630,22.783269
22.58,22.82,22.49,26,22.73,2024-08-27T16:00:00Z,2911,22.630732
22.3,22.55,22.2,45,22.55,2024-08-27T17:00:00Z,5296,22.30564
22.26,22.425,22.21,29,22.21,2024-08-27T18:00:00Z,3078,22.294276
22.115,22.32,22.09,46,22.29,2024-08-27T19:00:00Z,5669,22.178457
22.07,22.07,22.07,3,22.07,2024-08-27T20:00:00Z,630,22.07
22.15,22.25,22.05,27,22.25,2024-08-28T13:00:00Z,3114,22.169639
22.5,22.5,22.05,49,22.25,2024-08-28T14:00:00Z,5419,22.308599
23.28,23.31,22.53,84,22.53,2024-08-28T15:00:00Z,8632,23.069317
23.31,23.5,23.17,30,23.17,2024-08-28T16:00:00Z,3837,23.323359
24.32,24.32,23.2,62,23.2,2024-08-28T17:00:00Z,5988,23.821494
23.84,24.45,23.84,97,24.35,2024-08-28T18:00:00Z,9364,24.201542
23.96,24.15,23.53,214,23.65,2024-08-28T19:00:00Z,26693,23.76332
22.48,22.94,22.45,83,22.83,2024-08-29T13:00:00Z,8374,22.698086
22.51,22.68,22.4,74,22.41,2024-08-29T14:00:00Z,8751,22.501776
22.5,22.7,22.47,49,22.56,2024-08-29T15:00:00Z,4922,22.583645
22.37,22.505,22.265,39,22.45,2024-08-29T16:00:00Z,4181,22.369754
22.21,22.39,22.19,38,22.31,2024-08-29T17:00:00Z,4134,22.277317
22.71,23.2,22.245,124,22.245,2024-08-29T18:00:00Z,12976,22.777228
22.74,23.02,22.475,130,22.77,2024-08-29T19:00:00Z,14455,22.760505
22.59,22.59,22.59,1,22.59,2024-08-29T20:00:00Z,800,22.59
22.02,22.15,21.99,24,22.15,2024-08-30T13:00:00Z,2292,22.05
21.9,21.98,21.66,38,21.98,2024-08-30T14:00:00Z,3808,21.828194
22.28,22.41,21.84,45,21.975,2024-08-30T15:00:00Z,3987,22.154583
22.32,22.795,22.17,51,22.33,2024-08-30T16:00:00Z,5341,22.53375
22.05,22.18,22.02,19,22.18,2024-08-30T17:00:00Z,1800,22.068529
21.84,22.17,21.81,23,22.1,2024-08-30T18:00:00Z,2230,21.938095
21.815,22.09,21.735,95,21.86,2024-08-30T19:00:00Z,10027,21.916108
21.73,21.82,21.73,4,21.82,2024-08-30T20:00:00Z,1220,21.739863
23.4,23.7,22.47,52,22.5,2024-09-03T13:00:00Z,4789,23.156064
24.93,24.95,23.63,205,23.69,2024-09-03T14:00:00Z,17750,24.312663
24.92,25.0,24.38,134,24.94,2024-09-03T15:00:00Z,12163,24.663463
25.31,25.31,24.52,78,24.93,2024-09-03T16:00:00Z,7303,24.91563
25.84,25.84,25.04,104,25.3,2024-09-03T17:00:00Z,9301,25.381657
27.23,27.23,25.81,207,25.81,2024-09-03T18:00:00Z,20107,26.490448
28.285,29.42,27.16,390,27.22,2024-09-03T19:00:00Z,40175,28.458826
27.84,29.44,27.7,115,29.44,2024-09-04T13:00:00Z,14102,28.165914
26.71,28.62,26.71,231,28.54,2024-09-04T14:00:00Z,23894,27.75245
27.62,27.97,26.48,140,26.7,2024-09-04T15:00:00Z,16474,27.318203
27.79,28.14,27.4,161,27.66,2024-09-04T16:00:00Z,17644,27.795904
28.87,29.0,27.84,126,27.84,2024-09-04T17:00:00Z,15748,28.577117
29.87,29.89,28.56,164,28.89,2024-09-04T18:00:00Z,17535,29.271013
29.18,30.35,28.84,420,29.98,2024-09-04T19:00:00Z,47135,29.53921
29.35,29.35,29.35,1,29.35,2024-09-04T20:00:00Z,378,29.35
29.11,29.11,29.11,1,29.11,2024-09-05T12:00:00Z,499,29.11
28.0,28.91,28.0,146,28.78,2024-09-05T13:00:00Z,15264,28.403414
27.32,27.98,26.6,315,27.85,2024-09-05T14:00:00Z,31761,27.317678
29.1,29.18,27.32,323,27.51,2024-09-05T15:00:00Z,33852,28.275448
28.17,29.12,28.08,148,29.12,2024-09-05T16:00:00Z,17104,28.559982
27.22,28.59,27.22,135,28.31,2024-09-05T17:00:00Z,16386,28.034128
27.15,27.42,26.79,107,27.19,2024-09-05T18:00:00Z,11566,27.186853
27.42,27.84,26.88,363,27.16,2024-09-05T19:00:00Z,47119,27.432537
26.8,26.8,26.8,1,26.8,2024-09-06T12:00:00Z,900,26.8
27.64,27.64,26.01,152,26.41,2024-09-06T13:00:00Z,22645,26.830928
30.29,30.53,27.35,433,27.77,2024-09-06T14:00:00Z,50092,28.890015
31.44,31.8,28.78,681,30.26,2024-09-06T15:00:00Z,70531,30.624154
31.56,32.15,31.0,316,31.49,2024-09-06T16:00:00Z,32323,31.694557
30.63,31.62,29.88,276,31.565,2024-09-06T17:00:00Z,29916,30.670556
30.57,31.25,30.34,201,30.61,2024-09-06T18:00:00Z,20987,30.887907
30.46,30.89,30.1,426,30.41,2024-09-06T19:00:00Z,43667,30.562087
28.41,29.48,28.4,136,29.48,2024-09-09T13:00:00Z,15236,29.095944
29.18,29.19,27.68,233,28.42,2024-09-09T14:00:00Z,25507,28.363867
28.05,29.75,28.05,156,29.24,2024-09-09T15:00:00Z,16281,28.964684
27.19,28.06,27.0,126,28.06,2024-09-09T16:00:00Z,13776,27.506126
27.94,27.94,26.93,144,27.13,2024-09-09T17:00:00Z,16107,27.383152
27.86,27.98,27.46,101,27.92,2024-09-09T18:00:00Z,10001,27.787104
27.35,28.06,27.31,206,27.89,2024-09-09T19:00:00Z,23216,27.591911
27.06,27.14,26.77,65,26.92,2024-09-10T13:00:00Z,7520,26.97246
27.8,28.22,26.63,151,26.99,2024-09-10T14:00:00Z,16535,27.401068
28.725,28.725,27.18,64,27.72,2024-09-10T15:00:00Z,6916,28.037973
28.37,29.12,28.1,151,28.81,2024-09-10T16:00:00Z,17124,28.620156
27.87,28.45,27.67,85,28.45,2024-09-10T17:00:00Z,9948,27.974556
27.06,27.68,26.93,87,27.66,2024-09-10T18:00:00Z,11676,27.182543
26.59,27.06,26.47,196,27.04,2024-09-10T19:00:00Z,17581,26.760988
26.51,26.64,26.51,6,26.64,2024-09-11T12:00:00Z,3688,26.550792
27.35,27.38,25.98,109,26.0,2024-09-11T13:00:00Z,11863,26.827564
28.6,29.74,27.51,256,27.57,2024-09-11T14:00:00Z,29596,28.836785
27.61,29.03,27.33,183,28.69,2024-09-11T15:00:00Z,18757,28.167247
26.52,27.71,26.3,137,27.65,2024-09-11T16:00:00Z,13561,26.929253
26.01,26.49,25.88,74,26.47,2024-09-11T17:00:00Z,7079,26.190953
25.64,26.03,25.4,68,25.86,2024-09-11T18:00:00Z,7153,25.719135
24.88,25.81,24.86,153,25.78,2024-09-11T19:00:00Z,14433,25.288538
25.28,25.28,25.28,1,25.28,2024-09-12T12:00:00Z,1000,25.28
25.81,25.97,25.09,73,25.26,2024-09-12T13:00:00Z,5878,25.590185
25.15,25.86,24.88,92,25.86,2024-09-12T14:00:00Z,8470,25.192169
25.25,25.42,24.8,57,25.31,2024-09-12T15:00:00Z,5086,25.128763
24.85,25.39,24.81,56,25.39,2024-09-12T16:00:00Z,4424,25.11877
24.65,25.1,24.64,32,24.8,2024-09-12T17:00:00Z,2599,24.835455
24.71,25.29,24.68,37,24.68,2024-09-12T18:00:00Z,3264,24.942581
24.56,24.97,24.555,100,24.75,2024-09-12T19:00:00Z,9458,24.798656
24.45,24.89,24.38,52,24.83,2024-09-13T13:00:00Z,5242,24.59398
23.97,24.57,23.88,121,24.46,2024-09-13T14:00:00Z,12161,24.27843
23.89,23.9,23.67,64,23.86,2024-09-13T15:00:00Z,6837,23.812891
23.9,24.12,23.85,34,23.87,2024-09-13T16:00:00Z,3831,23.98952
24.03,24.03,23.84,45,23.91,2024-09-13T17:00:00Z,3710,23.903888
24.43,24.58,23.92,68,24.25,2024-09-13T18:00:00Z,6621,24.310324
24.45,24.66,24.34,91,24.52,2024-09-13T19:00:00Z,7847,24.467558
24.87,25.06,24.61,43,24.66,2024-09-16T13:00:00Z,4814,24.824395
25.31,25.45,24.77,98,25.0,2024-09-16T14:00:00Z,10993,25.127174
25.25,25.65,25.14,50,25.54,2024-09-16T15:00:00Z,6594,25.402568
24.98,25.66,24.96,42,25.29,2024-09-16T16:00:00Z,4735,25.273556
24.74,24.94,24.7,27,24.93,2024-09-16T17:00:00Z,3595,24.839878
24.74,24.86,24.68,31,24.77,2024-09-16T18:00:00Z,3469,24.752941
24.87,24.96,24.74,85,24.75,2024-09-16T19:00:00Z,8319,24.8431
25.01,25.12,24.64,122,24.79,2024-09-17T13:00:00Z,13842,24.921845
24.93,25.05,24.44,152,25.02,2024-09-17T14:00:00Z,17872,24.769356
25.02,25.12,24.55,83,24.86,2024-09-17T15:00:00Z,10462,24.890617
25.95,26.16,24.94,240,25.04,2024-09-17T16:00:00Z,29702,25.604837
25.44,26.05,25.42,122,25.87,2024-09-17T17:00:00Z,14325,25.739117
25.16,25.445,24.98,141,25.38,2024-09-17T18:00:00Z,16466,25.233689
25.65,25.86,25.1,233,25.21,2024-09-17T19:00:00Z,27314,25.618247
25.91,26.04,25.44,52,25.44,2024-09-18T13:00:00Z,5835,25.794167
25.12,26.04,25.12,122,25.92,2024-09-18T14:00:00Z,12872,25.628382
25.38,25.51,25.01,53,25.1,2024-09-18T15:00:00Z,5087,25.202422
24.9,25.56,24.88,44,25.49,2024-09-18T16:00:00Z,5503,25.215481
24.6,25.03,24.6,261,24.95,2024-09-18T17:00:00Z,27766,24.756996
24.14,24.75,23.56,162,23.81,2024-09-18T18:00:00Z,15593,24.210371
25.25,25.43,24.425,604,24.67,2024-09-18T19:00:00Z,63809,25.025568
25.32,25.32,25.32,1,25.32,2024-09-18T20:00:00Z,200,25.32
23.82,24.23,23.73,78,23.83,2024-09-19T13:00:00Z,9449,23.965346
24.27,24.37,23.38,160,23.86,2024-09-19T14:00:00Z,18324,23.826989
24.18,24.31,23.96,63,24.19,2024-09-19T15:00:00Z,6419,24.096958
23.98,24.19,23.89,50,24.19,2024-09-19T16:00:00Z,5192,24.017744
24.04,24.13,23.94,47,23.94,2024-09-19T17:00:00Z,5836,24.044117
24.09,24.18,23.97,54,24.03,2024-09-19T18:00:00Z,5614,24.083333
23.67,24.17,23.57,184,24.1,2024-09-19T19:00:00Z,21348,23.831954
23.91,23.92,23.65,35,23.89,2024-09-20T13:00:00Z,3537,23.785898
23.75,23.97,23.495,85,23.89,2024-09-20T14:00:00Z,9144,23.640231
23.48,23.96,23.44,69,23.75,2024-09-20T15:00:00Z,7697,23.679333
23.2,23.51,23.05,77,23.5,2024-09-20T16:00:00Z,10402,23.207538
23.39,23.43,23.125,64,23.2,2024-09-20T17:00:00Z,8851,23.206646
23.53,23.99,23.43,85,23.43,2024-09-20T18:00:00Z,12711,23.796785
23.51,23.6,23.31,144,23.52,2024-09-20T19:00:00Z,15877,23.462442
23.17,23.29,23.07,29,23.07,2024-09-23T13:00:00Z,3867,23.155833
23.44,23.49,22.82,71,23.12,2024-09-23T14:00:00Z,10297,23.076832
23.56,23.83,23.47,48,23.52,2024-09-23T15:00:00Z,4851,23.607872
23.62,23.77,23.52,52,23.67,2024-09-23T16:00:00Z,7038,23.649358
23.78,23.91,23.71,49,23.73,2024-09-23T17:00:00Z,8345,23.782757
23.6,23.67,23.52,35,23.65,2024-09-23T18:00:00Z,4218,23.590735
23.575,23.6,23.37,135,23.51,2024-09-23T19:00:00Z,12370,23.506855
23.67,23.68,23.67,2,23.68,2024-09-23T20:00:00Z,1200,23.670833
23.45,23.45,23.2,26,23.4,2024-09-24T13:00:00Z,3012,23.3131
23.87,24.71,23.52,104,23.52,2024-09-24T14:00:00Z,11869,24.115698
23.59,23.86,23.5,65,23.81,2024-09-24T15:00:00Z,7795,23.675207
23.84,23.855,23.61,55,23.61,2024-09-24T16:00:00Z,6487,23.706785
23.74,24.06,23.74,39,23.87,2024-09-24T17:00:00Z,4333,23.922692
23.65,23.83,23.63,19,23.76,2024-09-24T18:00:00Z,1920,23.728158
23.65,23.75,23.51,134,23.69,2024-09-24T19:00:00Z,12708,23.627348
23.61,23.92,23.61,31,23.91,2024-09-25T13:00:00Z,3820,23.729455
23.5,23.615,23.4,67,23.615,2024-09-25T14:00:00Z,9630,23.502739
23.56,23.74,23.49,71,23.49,2024-09-25T15:00:00Z,12272,23.61709
23.81,23.96,23.6,60,23.61,2024-09-25T16:00:00Z,7493,23.755008
23.82,24.14,23.79,100,23.92,2024-09-25T17:00:00Z,14297,23.942357
23.9,24.19,23.79,36,23.82,2024-09-25T18:00:00Z,3900,23.967568
24.1,24.19,23.83,100,23.83,2024-09-25T19:00:00Z,12888,24.079265
24.08,24.09,23.88,24,23.94,2024-09-26T13:00:00Z,2110,23.985976
24.35,24.48,24.05,64,24.05,2024-09-26T14:00:00Z,8545,24.288111
23.94,24.39,23.905,36,24.39,2024-09-26T15:00:00Z,4863,24.029374
24.25,24.25,23.95,18,23.95,2024-09-26T16:00:00Z,1842,24.132222
24.14,24.42,24.07,43,24.22,2024-09-26T17:00:00Z,6264,24.254048
24.01,24.11,23.935,36,24.11,2024-09-26T18:00:00Z,5241,24.027231
24.05,24.27,24.03,119,24.04,2024-09-26T19:00:00Z,14433,24.166376
24.33,24.34,24.12,7,24.12,2024-09-27T13:00:00Z,700,24.275714
24.315,24.355,24.08,75,24.28,2024-09-27T14:00:00Z,8961,24.232614
24.6,24.615,24.3,82,24.37,2024-09-27T15:00:00Z,8210,24.45813
24.74,24.82,24.58,54,24.67,2024-09-27T16:00:00Z,6781,24.707789
24.855,25.07,24.66,35,24.66,2024-09-27T17:00:00Z,4684,24.928696
24.98,25.57,24.91,64,24.91,2024-09-27T18:00:00Z,7610,25.146927
25.82,25.82,24.94,92,24.94,2024-09-27T19:00:00Z,9059,25.451662
26.19,26.19,25.875,32,25.875,2024-09-30T13:00:00Z,3675,26.088493
26.17,26.88,26.13,84,26.28,2024-09-30T14:00:00Z,12023,26.505919
25.52,26.12,25.52,72,26.12,2024-09-30T15:00:00Z,9735,25.903396
25.6,25.6,25.23,56,25.58,2024-09-30T16:00:00Z,6588,25.384769
25.27,25.87,25.27,29,25.87,2024-09-30T17:00:00Z,3184,25.50138
25.525,26.34,25.26,78,25.28,2024-09-30T18:00:00Z,10405,25.676759
24.96,25.7,24.92,92,25.7,2024-09-30T19:00:00Z,10779,25.222344
26.79,27.67,24.96,409,25.01,2024-10-01T13:00:00Z,52469,26.772408
27.18,28.15,26.73,492,26.9,2024-10-01T14:00:00Z,51636,27.455275
27.2,28.16,26.83,256,27.17,2024-10-01T15:00:00Z,29615,27.528361
27.32,28.34,26.56,328,27.35,2024-10-01T16:00:00Z,34587,27.453819
26.85,28.23,26.63,325,27.28,2024-10-01T17:00:00Z,35452,27.682325
26.53,27.01,26.21,142,26.63,2024-10-01T18:00:00Z,16078,26.606011
27.84,27.9,26.61,172,26.61,2024-10-01T19:00:00Z,17444,27.445744
28.22,29.1,27.9,101,27.9,2024-10-02T13:00:00Z,11045,28.453134
27.79,28.64,27.32,126,28.24,2024-10-02T14:00:00Z,15477,28.095366
27.21,27.62,27.02,83,27.62,2024-10-02T15:00:00Z,10157,27.251894
27.54,27.54,27.06,72,27.13,2024-10-02T16:00:00Z,11167,27.249972
27.29,27.9,27.29,58,27.52,2024-10-02T17:00:00Z,6735,27.595538
27.2,27.44,27.02,57,27.12,2024-10-02T18:00:00Z,6297,27.180929
27.25,27.31,27.09,151,27.22,2024-10-02T19:00:00Z,24357,27.147627
27.86,28.61,27.83,102,28.18,2024-10-03T13:00:00Z,12173,28.178074
28.75,29.0,27.52,185,27.73,2024-10-03T14:00:00Z,18380,28.288519
28.045,28.99,27.99,63,28.67,2024-10-03T15:00:00Z,6256,28.458627
28.55,28.84,27.78,72,27.92,2024-10-03T16:00:00Z,7433,28.419
28.53,28.88,28.34,64,28.69,2024-10-03T17:00:00Z,8177,28.612476
28.77,28.91,28.5,36,28.5,2024-10-03T18:00:00Z,5237,28.730276
29.135,29.25,28.87,87,29.06,2024-10-03T19:00:00Z,9502,29.052808
27.73,27.73,27.73,1,27.73,2024-10-04T12:00:00Z,800,27.73
28.07,28.2,27.57,75,28.005,2024-10-04T13:00:00Z,8293,27.936871
28.26,28.79,28.01,75,28.095,2024-10-04T14:00:00Z,9522,28.407246
28.01,28.76,27.96,67,28.05,2024-10-04T15:00:00Z,8609,28.361971
27.72,28.31,27.68,82,28.0,2024-10-04T16:00:00Z,9761,27.88171
28.42,28.43,27.71,60,27.74,2024-10-04T17:00:00Z,7327,27.933829
27.83,28.46,27.77,71,28.42,2024-10-04T18:00:00Z,9157,28.101273
27.42,27.83,27.24,272,27.82,2024-10-04T19:00:00Z,29743,27.457611
27.97,27.97,27.84,2,27.84,2024-10-04T20:00:00Z,400,27.905
28.49,28.58,28.24,63,28.24,2024-10-07T13:00:00Z,5651,28.436274
28.2,28.65,28.07,100,28.51,2024-10-07T14:00:00Z,10193,28.406002
28.52,28.57,28.13,55,28.35,2024-10-07T15:00:00Z,6555,28.235155
28.65,28.78,28.48,51,28.54,2024-10-07T16:00:00Z,7206,28.626482
29.06,29.1,28.55,87,28.65,2024-10-07T17:00:00Z,9251,28.802986
30.82,30.9,29.06,230,29.06,2024-10-07T18:00:00Z,23061,30.065046
31.12,31.37,30.13,356,30.77,2024-10-07T19:00:00Z,39117,30.879457
30.99,30.99,30.99,1,30.99,2024-10-07T20:00:00Z,100,30.99
29.75,29.75,29.75,1,29.75,2024-10-08T12:00:00Z,120,29.75
29.36,29.98,29.36,82,29.45,2024-10-08T13:00:00Z,9180,29.616835
29.04,29.53,28.78,147,29.285,2024-10-08T14:00:00Z,18387,29.178746
29.04,29.06,28.86,41,28.94,2024-10-08T15:00:00Z,4681,28.985474
29.1,29.415,28.97,88,29.06,2024-10-08T16:00:00Z,10383,29.107724
29.18,29.75,29.16,78,29.16,2024-10-08T17:00:00Z,8084,29.464495
29.05,29.29,29.05,62,29.21,2024-10-08T18:00:00Z,7618,29.16777
29.22,29.26,28.65,143,29.09,2024-10-08T19:00:00Z,19826,28.919995
28.27,29.13,28.23,88,29.03,2024-10-09T13:00:00Z,8265,28.662596
28.24,28.36,28.055,41,28.09,2024-10-09T14:00:00Z,4343,28.199466
28.26,28.395,28.2,68,28.2,2024-10-09T15:00:00Z,9521,28.28722
28.29,28.305,28.15,30,28.27,2024-10-09T16:00:00Z,5227,28.241898
28.25,28.42,28.1,36,28.28,2024-10-09T17:00:00Z,4616,28.216905
28.11,28.4,27.9,73,28.33,2024-10-09T18:00:00Z,8362,28.141715
28.12,28.24,27.92,97,28.07,2024-10-09T19:00:00Z,12202,28.082099
28.06,28.06,27.78,15,27.83,2024-10-10T12:00:00Z,4180,27.980211
28.63,29.23,28.375,36,28.375,2024-10-10T13:00:00Z,3141,28.759365
28.925,29.03,28.27,53,28.6,2024-10-10T14:00:00Z,4706,28.646722
28.65,28.73,28.33,26,28.73,2024-10-10T15:00:00Z,3277,28.518749
28.79,28.83,28.44,20,28.5,2024-10-10T16:00:00Z,1926,28.687222
28.67,29.11,28.61,20,28.78,2024-10-10T17:00:00Z,2296,28.906136
28.89,29.03,28.54,35,28.77,2024-10-10T18:00:00Z,4394,28.819785
28.61,28.87,28.51,50,28.81,2024-10-10T19:00:00Z,4657,28.663295
28.46,28.75,28.37,41,28.75,2024-10-11T13:00:00Z,5681,28.506482
28.21,28.62,28.19,103,28.41,2024-10-11T14:00:00Z,13335,28.337238
28.21,28.37,28.2,51,28.25,2024-10-11T15:00:00Z,7161,28.237212
28.34,28.42,28.22,46,28.24,2024-10-11T16:00:00Z,5693,28.321455
28.3,28.42,28.26,32,28.31,2024-10-11T17:00:00Z,3410,28.335
28.01,28.28,27.82,82,28.28,2024-10-11T18:00:00Z,10053,27.975773
28.15,28.18,27.95,79,28.02,2024-10-11T19:00:00Z,8649,28.120626
27.51,27.72,27.37,50,27.63,2024-10-14T13:00:00Z,9004,27.589614
26.79,27.28,26.7,96,27.28,2024-10-14T14:00:00Z,10137,26.931204
26.4,26.82,26.4,32,26.82,2024-10-14T15:00:00Z,5319,26.689556
26.37,26.39,26.21,34,26.37,2024-10-14T16:00:00Z,4394,26.343122
26.595,26.6,26.28,24,26.28,2024-10-14T17:00:00Z,3728,26.560139
26.785,26.785,26.63,42,26.63,2024-10-14T18:00:00Z,7563,26.700541
26.67,26.83,26.55,80,26.83,2024-10-14T19:00:00Z,12397,26.677692
25.98,26.08,25.7,68,25.91,2024-10-15T13:00:00Z,10415,25.926453
27.12,27.21,25.93,179,25.93,2024-10-15T14:00:00Z,24686,26.640491
27.31,27.54,26.93,109,27.22,2024-10-15T15:00:00Z,13770,27.261012
27.25,27.41,27.06,47,27.31,2024-10-15T16:00:00Z,5876,27.260743
27.5,27.6,27.14,52,27.2,2024-10-15T17:00:00Z,6013,27.444664
27.73,27.825,27.51,64,27.55,2024-10-15T18:00:00Z,7730,27.68217
28.03,28.1,27.49,166,27.78,2024-10-15T19:00:00Z,18524,27.828574
28.38,28.51,27.86,57,27.86,2024-10-16T13:00:00Z,5594,28.284516
28.0,28.36,27.685,101,28.36,2024-10-16T14:00:00Z,15522,27.939225
27.91,28.12,27.88,57,28.08,2024-10-16T15:00:00Z,8314,27.918632
27.77,27.95,27.77,21,27.825,2024-10-16T16:00:00Z,5213,27.86111
27.89,27.91,27.71,21,27.71,2024-10-16T17:00:00Z,2820,27.820811
27.76,27.93,27.73,21,27.885,2024-10-16T18:00:00Z,2409,27.815435
27.53,27.76,27.29,77,27.76,2024-10-16T19:00:00Z,13014,27.529036
27.32,27.47,27.1,44,27.23,2024-10-17T13:00:00Z,5519,27.280167
27.44,27.66,27.33,72,27.53,2024-10-17T14:00:00Z,8115,27.495897
27.025,27.455,27.025,26,27.44,2024-10-17T15:00:00Z,3343,27.251946
26.93,27.11,26.87,42,27.01,2024-10-17T16:00:00Z,4741,26.97168
26.91,26.925,26.79,25,26.915,2024-10-17T17:00:00Z,2808,26.862786
27.09,27.24,26.89,58,26.89,2024-10-17T18:00:00Z,12131,27.153418
26.89,27.17,26.88,100,27.17,2024-10-17T19:00:00Z,13762,26.975003
26.47,26.805,26.37,47,26.58,2024-10-18T13:00:00Z,4968,26.57429
26.28,26.525,26.26,68,26.4,2024-10-18T14:00:00Z,11925,26.334288
26.03,26.33,26.025,31,26.28,2024-10-18T15:00:00Z,4445,26.162727
25.96,26.085,25.94,77,26.04,2024-10-18T16:00:00Z,9832,25.996915
26.07,26.12,25.965,46,25.965,2024-10-18T17:00:00Z,9342,26.003967
26.11,26.16,26.0,27,26.09,2024-10-18T18:00:00Z,3011,26.075466
25.89,26.16,25.89,77,26.07,2024-10-18T19:00:00Z,8632,26.015306
26.29,26.3,26.19,25,26.21,2024-10-21T13:00:00Z,3016,26.247786
26.51,26.555,25.97,79,26.095,2024-10-21T14:00:00Z,16573,26.225494
26.645,27.015,26.56,92,26.57,2024-10-21T15:00:00Z,11290,26.841068
26.22,26.71,26.22,30,26.59,2024-10-21T16:00:00Z,3239,26.513976
25.95,26.18,25.87,27,26.17,2024-10-21T17:00:00Z,5895,26.009913
25.99,25.99,25.89,22,25.89,2024-10-21T18:00:00Z,4282,25.971786
26.01,26.12,25.93,66,26.08,2024-10-21T19:00:00Z,16971,26.021357
26.78,26.87,26.49,56,26.59,2024-10-22T13:00:00Z,10118,26.675767
26.69,26.92,26.68,91,26.75,2024-10-22T14:00:00Z,12191,26.780395
26.61,26.72,26.45,31,26.65,2024-10-22T15:00:00Z,3353,26.598667
26.475,26.79,26.41,48,26.72,2024-10-22T16:00:00Z,6925,26.547024
26.12,26.49,26.115,36,26.48,2024-10-22T17:00:00Z,7577,26.249435
26.26,26.31,26.02,39,26.035,2024-10-22T18:00:00Z,8492,26.109366
25.8,26.25,25.62,92,26.25,2024-10-22T19:00:00Z,10248,25.783795
26.31,26.61,26.28,71,26.37,2024-10-23T13:00:00Z,7942,26.429937
26.67,26.75,26.26,167,26.46,2024-10-23T14:00:00Z,21236,26.531394
26.815,27.19,26.615,203,26.73,2024-10-23T15:00:00Z,25913,26.955757
27.5,27.71,26.88,133,26.88,2024-10-23T16:00:00Z,26455,27.352452
27.94,28.16,27.56,123,27.56,2024-10-23T17:00:00Z,13400,27.880388
27.71,28.82,27.71,182,28.125,2024-10-23T18:00:00Z,20224,28.294732
27.82,28.01,27.67,173,27.73,2024-10-23T19:00:00Z,21999,27.819674
27.33,27.44,27.0,36,27.0,2024-10-24T13:00:00Z,4062,27.27
27.86,27.92,27.23,80,27.31,2024-10-24T14:00:00Z,9754,27.535011
28.405,28.64,27.79,69,27.79,2024-10-24T15:00:00Z,9398,28.239696
28.11,28.96,28.11,58,28.42,2024-10-24T16:00:00Z,9261,28.472703
27.7,28.115,27.32,92,28.11,2024-10-24T17:00:00Z,15984,27.622327
27.84,27.94,27.59,76,27.81,2024-10-24T18:00:00Z,10723,27.73379
27.12,27.8,26.885,123,27.75,2024-10-24T19:00:00Z,18779,27.110717
26.37,26.53,26.26,90,26.47,2024-10-25T13:00:00Z,16168,26.34519
26.62,26.705,26.28,100,26.35,2024-10-25T14:00:00Z,17751,26.39681
27.25,27.26,26.55,83,26.55,2024-10-25T15:00:00Z,12972,26.955831
27.02,27.52,26.81,81,27.42,2024-10-25T16:00:00Z,17914,27.136686
28.5,28.665,27.05,91,27.1,2024-10-25T17:00:00Z,12230,27.987718
28.02,29.03,27.81,120,28.51,2024-10-25T18:00:00Z,14520,28.450722
29.04,29.06,27.99,144,28.01,2024-10-25T19:00:00Z,25228,28.774122
26.98,27.47,26.83,124,27.19,2024-10-28T13:00:00Z,11955,27.067055
26.8,26.985,26.64,157,26.895,2024-10-28T14:00:00Z,18380,26.809524
26.94,27.065,26.73,85,26.75,2024-10-28T15:00:00Z,11934,26.859564
26.53,26.99,26.52,139,26.95,2024-10-28T16:00:00Z,21086,26.663046
26.49,26.67,26.45,62,26.56,2024-10-28T17:00:00Z,8845,26.56183
26.77,26.77,26.42,66,26.51,2024-10-28T18:00:00Z,6755,26.562836
26.93,27.03,26.72,127,26.83,2024-10-28T19:00:00Z,16074,26.852005
26.59,27.355,26.58,51,27.01,2024-10-29T13:00:00Z,8614,27.030538
26.38,26.68,26.36,99,26.51,2024-10-29T14:00:00Z,9812,26.541471
26.455,26.635,26.22,78,26.4,2024-10-29T15:00:00Z,7868,26.383878
26.34,26.51,26.29,52,26.33,2024-10-29T16:00:00Z,5941,26.4079
26.35,26.44,26.27,89,26.32,2024-10-29T17:00:00Z,8594,26.33202
26.37,26.37,26.2,83,26.32,2024-10-29T18:00:00Z,8207,26.274824
26.78,26.86,26.37,133,26.38,2024-10-29T19:00:00Z,18281,26.634873
26.6,26.64,26.55,3,26.55,2024-10-29T20:00:00Z,3900,26.58359
26.84,27.71,26.81,91,27.14,2024-10-30T13:00:00Z,13584,27.18346
26.845,27.05,26.51,106,26.81,2024-10-30T14:00:00Z,14240,26.749286
26.85,27.18,26.8,40,26.84,2024-10-30T15:00:00Z,6757,26.916829
27.07,27.08,26.84,32,26.91,2024-10-30T16:00:00Z,3571,26.961714
27.61,27.615,27.07,62,27.16,2024-10-30T17:00:00Z,9795,27.38234
27.37,27.58,27.21,65,27.58,2024-10-30T18:00:00Z,7219,27.411261
27.76,27.84,27.3,175,27.5,2024-10-30T19:00:00Z,28894,27.624395
27.86,27.86,27.86,1,27.86,2024-10-30T20:00:00Z,100,27.86
29.38,29.74,28.83,176,28.98,2024-10-31T13:00:00Z,23034,29.319149
29.95,30.09,29.15,313,29.49,2024-10-31T14:00:00Z,40069,29.6591
30.24,30.635,29.61,361,30.03,2024-10-31T15:00:00Z,38412,30.191419
29.93,30.32,29.8,109,30.32,2024-10-31T16:00:00Z,12882,30.013556
30.33,30.35,29.62,109,29.82,2024-10-31T17:00:00Z,12755,29.921047
30.15,30.67,30.02,150,30.23,2024-10-31T18:00:00Z,16659,30.353422
30.98,30.98,29.65,307,30.045,2024-10-31T19:00:00Z,43253,30.181863
30.88,30.88,30.87,7,30.87,2024-10-31T20:00:00Z,715,30.87813
29.54,29.92,29.17,143,29.73,2024-11-01T13:00:00Z,17356,29.501354
29.07,29.65,28.6,275,29.585,2024-11-01T14:00:00Z,30113,28.979766
29.11,29.32,28.78,111,29.12,2024-11-01T15:00:00Z,12546,29.011758
29.14,29.2,28.72,105,29.06,2024-11-01T16:00:00Z,11509,28.903815
29.74,29.74,29.0,114,29.14,2024-11-01T17:00:00Z,13583,29.373277
29.64,29.92,29.535,76,29.75,2024-11-01T18:00:00Z,7271,29.709578
30.07,30.225,29.35,288,29.67,2024-11-01T19:00:00Z,30194,29.936068
29.125,29.88,29.125,56,29.73,2024-11-04T14:00:00Z,8729,29.51809
28.3,29.14,28.13,147,29.09,2024-11-04T15:00:00Z,18684,28.592403
28.8,29.05,27.98,179,28.38,2024-11-04T16:00:00Z,19067,28.444293
28.39,29.145,28.39,80,28.69,2024-11-04T17:00:00Z,9023,28.725199
28.31,29.03,28.17,75,28.58,2024-11-04T18:00:00Z,8025,28.509257
28.17,28.32,28.0,108,28.28,2024-11-04T19:00:00Z,13348,28.121364
28.16,28.65,28.14,185,28.15,2024-11-04T20:00:00Z,21566,28.297377
26.91,27.59,26.81,129,27.56,2024-11-05T14:00:00Z,13558,27.034766
26.5,26.93,26.41,242,26.91,2024-11-05T15:00:00Z,20073,26.678435
25.96,26.5,25.86,179,26.5,2024-11-05T16:00:00Z,18762,26.088464
26.19,26.24,25.89,137,25.97,2024-11-05T17:00:00Z,16280,26.035303
26.25,26.4,26.15,83,26.23,2024-11-05T18:00:00Z,9130,26.253016
26.215,26.29,25.92,142,26.29,2024-11-05T19:00:00Z,17062,26.040655
25.99,26.42,25.99,193,26.24,2024-11-05T20:00:00Z,26088,26.172881
25.86,25.86,25.86,1,25.86,2024-11-05T21:00:00Z,500,25.86
23.1,23.63,21.86,154,21.93,2024-11-06T14:00:00Z,15410,22.768502
22.44,23.11,21.99,207,22.92,2024-11-06T15:00:00Z,20358,22.350112
22.02,22.56,21.82,147,22.34,2024-11-06T16:00:00Z,18674,22.07777
22.12,22.17,21.96,65,22.05,2024-11-06T17:00:00Z,6754,22.058054
22.01,22.24,21.9,102,22.18,2024-11-06T18:00:00Z,10969,22.041112
22.34,22.38,21.95,76,21.985,2024-11-06T19:00:00Z,7442,22.174122
22.13,22.64,21.96,305,22.35,2024-11-06T20:00:00Z,37432,22.307673
22.12,22.12,22.12,1,22.12,2024-11-06T21:00:00Z,1000,22.12
21.275,21.55,21.065,139,21.55,2024-11-07T14:00:00Z,15920,21.261076
21.27,21.355,21.21,91,21.3,2024-11-07T15:00:00Z,24459,21.307953
21.18,21.28,21.01,59,21.27,2024-11-07T16:00:00Z,6893,21.121399
21.06,21.28,21.06,58,21.28,2024-11-07T17:00:00Z,9512,21.108036
21.14,21.16,20.97,98,21.01,2024-11-07T18:00:00Z,10248,21.0821
21.12,21.27,21.01,108,21.08,2024-11-07T19:00:00Z,14832,21.133646
21.07,21.28,21.025,111,21.11,2024-11-07T20:00:00Z,12721,21.174575
20.87,21.09,20.76,88,21.09,2024-11-08T14:00:00Z,11589,20.878165
20.915,21.05,20.83,108,20.9,2024-11-08T15:00:00Z,20547,20.949318
20.935,21.23,20.89,129,20.92,2024-11-08T16:00:00Z,19421,21.016721
21.34,21.38,20.925,100,20.925,2024-11-08T17:00:00Z,13248,21.198425
21.315,21.42,21.27,66,21.37,2024-11-08T18:00:00Z,12097,21.306859
21.45,21.47,21.31,57,21.34,2024-11-08T19:00:00Z,7003,21.403525
20.93,21.49,20.9,135,21.47,2024-11-08T20:00:00Z,29407,21.229162
20.8,20.86,20.475,129,20.64,2024-11-11T14:00:00Z,16293,20.648276
20.44,20.845,20.43,156,20.845,2024-11-11T15:00:00Z,18610,20.518785
20.345,20.45,20.31,79,20.43,2024-11-11T16:00:00Z,11496,20.390615
20.41,20.48,20.32,62,20.35,2024-11-11T17:00:00Z,10937,20.386905
20.45,20.54,20.4,41,20.49,2024-11-11T18:00:00Z,4658,20.465111
20.57,20.595,20.43,34,20.43,2024-11-11T19:00:00Z,6114,20.51977
20.82,20.87,20.56,118,20.56,2024-11-11T20:00:00Z,18523,20.735102
20.83,20.98,20.61,116,20.92,2024-11-12T14:00:00Z,14067,20.758539
20.98,21.145,20.81,173,20.84,2024-11-12T15:00:00Z,26557,21.004822
20.95,21.04,20.77,102,20.96,2024-11-12T16:00:00Z,12577,20.924143
21.48,21.49,20.91,102,20.91,2024-11-12T17:00:00Z,11018,21.237064
20.92,21.54,20.87,129,21.5,2024-11-12T18:00:00Z,12359,21.258869
20.86,21.07,20.86,86,20.92,2024-11-12T19:00:00Z,14510,20.943847
20.76,21.02,20.69,263,20.85,2024-11-12T20:00:00Z,44056,20.795788
20.6,20.6,20.6,2,20.6,2024-11-13T13:00:00Z,500,20.6
20.505,20.65,20.45,103,20.63,2024-11-13T14:00:00Z,11859,20.538001
20.47,20.87,20.45,188,20.515,2024-11-13T15:00:00Z,17984,20.567282
20.22,20.51,20.185,109,20.46,2024-11-13T16:00:00Z,12523,20.350017
20.11,20.24,19.98,104,20.24,2024-11-13T17:00:00Z,12788,20.059991
20.005,20.29,19.95,104,20.12,2024-11-13T18:00:00Z,14438,20.115319
20.07,20.22,19.93,87,20.0,2024-11-13T19:00:00Z,9071,20.050636
20.02,20.28,19.93,225,20.09,2024-11-13T20:00:00Z,27932,20.096621
19.95,20.13,19.56,156,19.82,2024-11-14T14:00:00Z,17701,19.845314
19.83,20.16,19.69,186,20.01,2024-11-14T15:00:00Z,23314,19.851992
19.94,19.95,19.56,86,19.8,2024-11-14T16:00:00Z,10702,19.714143
19.86,20.2,19.785,135,19.99,2024-11-14T17:00:00Z,15581,19.976684
20.1,20.175,19.58,109,19.89,2024-11-14T18:00:00Z,12528,19.896576
19.56,20.11,19.5,116,20.11,2024-11-14T19:00:00Z,19075,19.718363
19.98,20.18,19.56,239,19.56,2024-11-14T20:00:00Z,31562,19.960302
20.08,20.08,20.04,2,20.04,2024-11-14T21:00:00Z,400,20.06
20.77,20.8,20.29,209,20.48,2024-11-15T14:00:00Z,21103,20.481521
21.51,21.51,20.83,319,20.865,2024-11-15T15:00:00Z,29608,21.239644
21.85,22.0,21.03,271,21.47,2024-11-15T16:00:00Z,31281,21.584875
22.54,22.86,21.84,372,21.89,2024-11-15T17:00:00Z,43094,22.414399
23.24,23.37,22.55,336,22.55,2024-11-15T18:00:00Z,41092,23.057266
22.8,23.48,22.41,519,23.14,2024-11-15T19:00:00Z,63569,23.061796
22.06,22.79,21.83,509,22.79,2024-11-15T20:00:00Z,55154,22.294854
21.98,21.98,21.98,1,21.98,2024-11-15T21:00:00Z,500,21.98
21.73,22.07,21.29,131,21.835,2024-11-18T14:00:00Z,15358,21.762706
20.645,21.57,20.645,187,21.57,2024-11-18T15:00:00Z,21060,20.953702
21.0,21.06,20.54,136,20.65,2024-11-18T16:00:00Z,16884,20.738964
20.68,21.05,20.68,113,20.88,2024-11-18T17:00:00Z,18552,20.796668
20.62,20.95,20.44,137,20.7,2024-11-18T18:00:00Z,17578,20.633051
20.48,20.89,20.44,124,20.5,2024-11-18T19:00:00Z,16981,20.590526
20.84,20.98,20.395,216,20.48,2024-11-18T20:00:00Z,35284,20.679942
22.35,22.85,21.96,131,22.85,2024-11-19T14:00:00Z,12392,22.358813
21.82,22.73,21.66,388,22.55,2024-11-19T15:00:00Z,39252,22.210857
21.58,21.88,21.52,217,21.8,2024-11-19T16:00:00Z,25026,21.69336
21.63,21.88,21.47,184,21.51,2024-11-19T17:00:00Z,23352,21.626824
21.19,21.77,21.16,75,21.67,2024-11-19T18:00:00Z,14143,21.513271
21.59,21.81,21.14,175,21.18,2024-11-19T19:00:00Z,16232,21.389555
21.98,22.07,21.56,378,21.61,2024-11-19T20:00:00Z,19453,21.805582
23.16,23.19,21.97,75,22.07,2024-11-20T14:00:00Z,7733,22.747605
23.34,24.35,22.96,298,22.96,2024-11-20T15:00:00Z,32660,23.746547
23.09,24.165,22.88,158,23.29,2024-11-20T16:00:00Z,18563,23.576772
23.89,24.04,23.0,154,23.155,2024-11-20T17:00:00Z,16982,23.526694
23.84,24.19,23.62,134,23.76,2024-11-20T18:00:00Z,16117,23.904286
23.52,24.27,23.5,187,23.91,2024-11-20T19:00:00Z,24058,23.927471
23.1,23.7,22.77,200,23.59,2024-11-20T20:00:00Z,28011,23.164267
23.18,23.58,21.99,485,22.04,2024-11-21T14:00:00Z,48475,22.95895
23.08,23.89,22.82,385,23.13,2024-11-21T15:00:00Z,37875,23.422984
23.18,23.52,22.71,267,22.95,2024-11-21T16:00:00Z,28855,23.187432
22.92,23.46,22.82,194,23.17,2024-11-21T17:00:00Z,20067,23.096561
22.99,23.17,22.84,149,22.88,2024-11-21T18:00:00Z,16406,22.970081
22.97,23.23,22.79,163,22.94,2024-11-21T19:00:00Z,20902,23.00226
22.82,23.03,22.61,140,22.99,2024-11-21T20:00:00Z,17027,22.822455
22.11,22.48,22.05,238,22.36,2024-11-22T14:00:00Z,21624,22.247041
22.03,22.76,22.01,404,22.19,2024-11-22T15:00:00Z,41810,22.288619
22.045,22.49,21.91,251,22.01,2024-11-22T16:00:00Z,30618,22.157462
21.93,22.13,21.84,132,22.05,2024-11-22T17:00:00Z,16288,21.982972
22.08,22.13,21.84,80,21.91,2024-11-22T18:00:00Z,13254,21.982863
21.69,22.2,21.64,145,21.93,2024-11-22T19:00:00Z,18319,21.848116
21.48,21.98,21.45,260,21.75,2024-11-22T20:00:00Z,26331,21.661063
20.62,20.71,20.35,127,20.47,2024-11-25T14:00:00Z,15274,20.50663
20.78,20.98,20.51,322,20.66,2024-11-25T15:00:00Z,35117,20.739773
20.93,20.96,20.57,92,20.8,2024-11-25T16:00:00Z,10728,20.795277
21.32,21.76,20.84,121,20.92,2024-11-25T17:00:00Z,20678,21.259183
20.75,21.28,20.72,107,21.26,2024-11-25T18:00:00Z,9560,20.975002
20.62,21.0,20.53,112,20.73,2024-11-25T19:00:00Z,17513,20.732253
20.33,20.79,20.25,140,20.69,2024-11-25T20:00:00Z,16305,20.56426
19.98,20.25,19.88,142,20.25,2024-11-26T14:00:00Z,19487,20.016271
19.9,20.08,19.76,195,19.96,2024-11-26T15:00:00Z,34281,19.924642
19.8,19.88,19.71,109,19.88,2024-11-26T16:00:00Z,13820,19.800067
19.73,19.89,19.71,53,19.79,2024-11-26T17:00:00Z,4963,19.78385
19.9,19.9,19.71,30,19.71,2024-11-26T18:00:00Z,3205,19.813613
19.9,19.93,19.81,61,19.81,2024-11-26T19:00:00Z,6528,19.882698
19.98,20.08,19.86,146,19.9,2024-11-26T20:00:00Z,17086,19.977062
19.96,20.0,19.74,57,19.95,2024-11-27T14:00:00Z,6455,19.894178
20.22,20.35,19.86,219,19.9,2024-11-27T15:00:00Z,21468,20.166266
20.54,20.64,20.2,126,20.2,2024-11-27T16:00:00Z,15527,20.424115
20.51,20.73,20.43,73,20.58,2024-11-27T17:00:00Z,7450,20.58466
20.15,20.54,20.15,47,20.54,2024-11-27T18:00:00Z,4873,20.294091
20.03,20.2,19.95,45,20.15,2024-11-27T19:00:00Z,5720,20.070182
19.81,20.23,19.8,104,20.05,2024-11-27T20:00:00Z,11968,20.004059
19.24,19.55,19.19,110,19.53,2024-11-29T14:00:00Z,14174,19.30937
19.28,19.355,19.15,103,19.23,2024-11-29T15:00:00Z,13026,19.257207
19.31,19.4,19.21,130,19.26,2024-11-29T16:00:00Z,16386,19.313347
19.29,19.42,19.25,156,19.3,2024-11-29T17:00:00Z,21676,19.338742
19.28,19.3,19.18,62,19.25,2024-12-02T14:00:00Z,8142,19.241576
19.27,19.27,19.1,134,19.2,2024-12-02T15:00:00Z,14853,19.194569
19.12,19.25,18.95,122,19.25,2024-12-02T16:00:00Z,10370,19.058089
19.15,19.17,19.13,34,19.14,2024-12-02T17:00:00Z,4167,19.149375
19.14,19.27,19.14,59,19.17,2024-12-02T18:00:00Z,5624,19.214727
19.06,19.31,19.06,55,19.17,2024-12-02T19:00:00Z,5475,19.21627
19.07,19.16,19.03,128,19.06,2024-12-02T20:00:00Z,15330,19.08305
19.43,19.48,19.34,38,19.36,2024-12-03T14:00:00Z,3496,19.423928
19.29,19.67,19.28,142,19.34,2024-12-03T15:00:00Z,15942,19.433781
19.12,19.31,18.92,135,19.29,2024-12-03T16:00:00Z,16419,19.128367
18.87,19.11,18.83,74,19.08,2024-12-03T17:00:00Z,7984,18.919198
18.77,18.9,18.77,90,18.85,2024-12-03T18:00:00Z,10882,18.822283
18.67,18.82,18.67,51,18.82,2024-12-03T19:00:00Z,4859,18.732889
18.8,18.82,18.67,112,18.69,2024-12-03T20:00:00Z,13800,18.759462
18.57,18.6,18.37,94,18.6,2024-12-04T14:00:00Z,11093,18.488184
18.53,18.65,18.4,198,18.62,2024-12-04T15:00:00Z,21419,18.548701
18.59,18.88,18.55,75,18.55,2024-12-04T16:00:00Z,9648,18.738855
18.73,18.74,18.59,54,18.595,2024-12-04T17:00:00Z,6183,18.657125
18.71,18.96,18.63,68,18.76,2024-12-04T18:00:00Z,8271,18.86046
18.87,18.9,18.63,72,18.775,2024-12-04T19:00:00Z,7459,18.804283
19.01,19.05,18.8,159,18.8,2024-12-04T20:00:00Z,19828,18.941487
19.05,19.28,19.03,93,19.21,2024-12-05T14:00:00Z,11613,19.135349
19.12,19.26,18.94,87,19.02,2024-12-05T15:00:00Z,9313,19.108038
19.14,19.2,19.03,49,19.12,2024-12-05T16:00:00Z,6242,19.135
19.19,19.19,19.03,26,19.11,2024-12-05T17:00:00Z,2786,19.097222
19.14,19.27,19.0,59,19.18,2024-12-05T18:00:00Z,6070,19.134898
19.04,19.15,18.96,44,19.15,2024-12-05T19:00:00Z,4647,19.029348
19.14,19.2,18.92,166,19.09,2024-12-05T20:00:00Z,26227,19.113494
18.72,18.72,18.47,91,18.6,2024-12-06T14:00:00Z,12048,18.612333
18.76,18.82,18.64,91,18.68,2024-12-06T15:00:00Z,9658,18.736204
18.8,18.88,18.69,48,18.71,2024-12-06T16:00:00Z,5730,18.792389
18.61,18.92,18.59,28,18.85,2024-12-06T17:00:00Z,3040,18.743333
18.67,18.69,18.56,37,18.67,2024-12-06T18:00:00Z,4015,18.615526
18.83,18.91,18.75,21,18.75,2024-12-06T19:00:00Z,2080,18.83275
18.61,18.86,18.59,162,18.78,2024-12-06T20:00:00Z,20198,18.695433
18.66,18.82,18.6,103,18.64,2024-12-09T14:00:00Z,11896,18.711312
19.07,19.11,18.54,283,18.57,2024-12-09T15:00:00Z,27787,18.869649
18.94,19.51,18.94,165,19.035,2024-12-09T16:00:00Z,20886,19.196823
18.92,19.08,18.74,154,19.0,2024-12-09T17:00:00Z,18831,18.92871
18.89,19.11,18.83,89,19.02,2024-12-09T18:00:00Z,10319,18.980043
19.11,19.24,18.93,99,18.93,2024-12-09T19:00:00Z,11765,19.099508
19.255,19.43,19.06,326,19.06,2024-12-09T20:00:00Z,39434,19.278529
19.08,19.25,18.95,111,19.09,2024-12-10T14:00:00Z,12555,19.140693
18.94,19.09,18.84,150,19.05,2024-12-10T15:00:00Z,16374,18.978528
19.03,19.16,18.8,156,18.91,2024-12-10T16:00:00Z,16767,18.971358
18.98,19.09,18.9,78,18.99,2024-12-10T17:00:00Z,7944,18.980611
18.97,19.0,18.89,49,18.99,2024-12-10T18:00:00Z,5298,18.961328
18.97,19.07,18.93,82,18.97,2024-12-10T19:00:00Z,9112,19.000163
19.23,19.39,19.01,301,19.01,2024-12-10T20:00:00Z,34871,19.241403
18.585,18.61,18.38,90,18.5,2024-12-11T14:00:00Z,9487,18.510043
18.76,18.76,18.58,130,18.63,2024-12-11T15:00:00Z,13996,18.666447
18.69,18.74,18.64,35,18.73,2024-12-11T16:00:00Z,3286,18.682333
18.76,18.8,18.65,29,18.71,2024-12-11T17:00:00Z,3003,18.716064
18.84,18.85,18.73,29,18.76,2024-12-11T18:00:00Z,3101,18.777097
18.9,18.94,18.76,53,18.84,2024-12-11T19:00:00Z,6143,18.864368
18.875,19.0,18.85,98,18.87,2024-12-11T20:00:00Z,10676,18.922166
19.07,19.17,18.99,56,19.03,2024-12-12T14:00:00Z,5723,19.103616
18.91,19.2,18.73,129,19.09,2024-12-12T15:00:00Z,12945,18.999972
19.24,19.24,18.69,151,18.83,2024-12-12T16:00:00Z,19785,18.917884
19.06,19.24,18.95,93,19.21,2024-12-12T17:00:00Z,11408,19.117877
19.11,19.11,18.9,79,18.95,2024-12-12T18:00:00Z,9479,18.998312
19.33,19.39,19.02,118,19.16,2024-12-12T19:00:00Z,11860,19.244181
19.08,19.37,19.01,219,19.37,2024-12-12T20:00:00Z,23349,19.108638
18.67,18.81,18.62,76,18.75,2024-12-13T14:00:00Z,8683,18.673936
19.21,19.23,18.62,181,18.745,2024-12-13T15:00:00Z,20044,18.936913
19.06,19.33,18.96,108,19.23,2024-12-13T16:00:00Z,11235,19.143588
19.44,19.46,18.98,120,19.12,2024-12-13T17:00:00Z,13559,19.258387
19.07,19.44,19.02,59,19.44,2024-12-13T18:00:00Z,6822,19.203731
19.05,19.12,18.88,63,19.0,2024-12-13T19:00:00Z,7493,18.996118
19.11,19.17,18.97,120,19.04,2024-12-13T20:00:00Z,14482,19.073043
19.2,19.27,18.98,78,18.98,2024-12-16T14:00:00Z,8838,19.192515
19.07,19.21,19.05,93,19.16,2024-12-16T15:00:00Z,11146,19.118154
19.18,19.28,19.08,83,19.09,2024-12-16T16:00:00Z,9528,19.199218
19.19,19.2,19.16,29,19.2,2024-12-16T17:00:00Z,3010,19.184833
19.17,19.18,19.1,36,19.18,2024-12-16T18:00:00Z,4525,19.137159
19.41,19.41,19.19,68,19.2,2024-12-16T19:00:00Z,7478,19.328472
19.74,19.77,19.31,201,19.375,2024-12-16T20:00:00Z,25800,19.57669
20.04,20.31,19.91,220,20.01,2024-12-17T14:00:00Z,22117,20.09114
20.08,20.45,20.03,298,20.13,2024-12-17T15:00:00Z,38908,20.258242
19.81,20.19,19.62,143,20.06,2024-12-17T16:00:00Z,15917,19.899754
19.84,19.9,19.76,60,19.85,2024-12-17T17:00:00Z,6582,19.835156
19.75,19.96,19.72,88,19.87,2024-12-17T18:00:00Z,10352,19.830435
20.13,20.28,19.73,148,19.73,2024-12-17T19:00:00Z,16366,20.093449
20.34,20.37,20.18,238,20.2,2024-12-17T20:00:00Z,23357,20.290454
20.09,20.29,19.99,91,20.02,2024-12-18T14:00:00Z,9919,20.129051
19.85,20.19,19.82,225,20.06,2024-12-18T15:00:00Z,26420,20.051501
19.82,20.08,19.77,104,19.85,2024-12-18T16:00:00Z,12808,19.930599
19.98,20.0,19.75,75,19.83,2024-12-18T17:00:00Z,10890,19.896968
19.76,19.96,19.71,147,19.96,2024-12-18T18:00:00Z,18247,19.813362
22.06,22.15,19.88,703,19.88,2024-12-18T19:00:00Z,76239,20.871839
25.44,25.44,21.94,1784,22.02,2024-12-18T20:00:00Z,210970,23.658016
25.71,26.66,25.71,27,26.27,2024-12-18T21:00:00Z,3742,26.174325
23.29,23.41,23.29,4,23.41,2024-12-19T13:00:00Z,470,23.340227
24.52,24.74,23.38,636,23.61,2024-12-19T14:00:00Z,81143,23.885572
25.62,26.16,24.44,1281,24.46,2024-12-19T15:00:00Z,147047,25.272165
25.64,26.57,25.38,844,25.78,2024-12-19T16:00:00Z,86180,25.918932
26.64,27.27,25.32,712,25.54,2024-12-19T17:00:00Z,74733,26.415683
25.82,27.05,25.77,445,26.7,2024-12-19T18:00:00Z,45842,26.582979
27.87,27.87,25.81,522,25.81,2024-12-19T19:00:00Z,55625,27.026594
28.89,29.13,26.88,1134,27.84,2024-12-19T20:00:00Z,122734,27.924176
28.85,28.85,28.85,1,28.85,2024-12-19T21:00:00Z,170,28.85
28.81,30.26,28.51,6,30.26,2024-12-20T13:00:00Z,790,28.923247
27.15,28.52,27.0,463,28.42,2024-12-20T14:00:00Z,45687,27.889937
25.19,27.24,24.88,632,27.17,2024-12-20T15:00:00Z,61595,25.75137
23.18,25.22,23.0,808,25.22,2024-12-20T16:00:00Z,87280,23.764495
22.81,23.35,22.41,562,23.17,2024-12-20T17:00:00Z,62737,22.805273
23.5,23.63,22.61,548,22.81,2024-12-20T18:00:00Z,62176,23.252434
22.78,23.53,22.425,308,23.51,2024-12-20T19:00:00Z,31488,22.858982
22.36,23.05,22.17,724,22.7,2024-12-20T20:00:00Z,76212,22.55984
22.03,22.04,22.0,4,22.01,2024-12-23T13:00:00Z,640,22.019375
22.31,22.68,21.58,241,21.815,2024-12-23T14:00:00Z,24354,22.115227
22.57,22.96,22.44,37,22.5,2024-12-23T15:00:00Z,4175,22.681951
19.66,19.74,19.66,4,19.72,2024-12-24T13:00:00Z,420,19.711429
19.44,19.63,19.24,220,19.61,2024-12-24T14:00:00Z,24730,19.393759
19.235,19.42,19.11,356,19.415,2024-12-24T15:00:00Z,44271,19.229832
19.24,19.5,19.18,189,19.23,2024-12-24T16:00:00Z,21449,19.312293
18.54,19.23,18.5,361,19.23,2024-12-24T17:00:00Z,38852,18.89064
18.7,18.7,18.64,3,18.64,2024-12-24T18:00:00Z,370,18.67
19.2,19.57,18.76,114,18.8,2024-12-26T14:00:00Z,11271,19.014424
18.91,19.52,18.91,181,19.17,2024-12-26T15:00:00Z,18601,19.177387
18.66,18.92,18.61,111,18.89,2024-12-26T16:00:00Z,11489,18.745675
19.02,19.08,18.62,94,18.67,2024-12-26T17:00:00Z,8180,18.812046
18.83,19.12,18.7,83,19.06,2024-12-26T18:00:00Z,10260,18.868315
18.69,19.0,18.69,56,18.81,2024-12-26T19:00:00Z,5195,18.82
18.54,18.9,18.465,212,18.75,2024-12-26T20:00:00Z,23285,18.660888
18.99,18.99,18.77,5,18.78,2024-12-27T13:00:00Z,690,18.863044
19.32,19.32,18.97,161,18.99,2024-12-27T14:00:00Z,16614,19.150919
20.62,21.33,19.29,1041,19.31,2024-12-27T15:00:00Z,101235,20.641787
20.48,20.98,19.93,507,20.63,2024-12-27T16:00:00Z,48506,20.459675
20.6,21.31,20.34,442,20.46,2024-12-27T17:00:00Z,42209,20.859592
19.85,20.68,19.76,233,20.6,2024-12-27T18:00:00Z,24591,20.239836
19.59,20.01,19.53,184,19.85,2024-12-27T19:00:00Z,21338,19.774955
19.96,20.39,19.58,357,19.58,2024-12-27T20:00:00Z,44002,20.04106
21.46,21.46,21.46,1,21.46,2024-12-30T13:00:00Z,100,21.46
22.26,22.26,21.67,364,21.67,2024-12-30T14:00:00Z,33418,22.034043
21.16,22.54,21.16,617,22.48,2024-12-30T15:00:00Z,62407,21.927726
19.96,21.32,19.92,377,21.15,2024-12-30T16:00:00Z,37991,20.498057
19.83,20.19,19.7,208,19.96,2024-12-30T17:00:00Z,21458,19.888621
19.95,20.25,19.91,172,19.92,2024-12-30T18:00:00Z,17097,20.015932
19.86,20.14,19.78,147,19.9,2024-12-30T19:00:00Z,15547,19.901534
20.61,20.61,19.8,245,19.87,2024-12-30T20:00:00Z,22524,20.199473
20.17,20.17,20.17,1,20.17,2024-12-31T13:00:00Z,200,20.17
19.97,20.38,19.96,230,20.0,2024-12-31T14:00:00Z,22467,20.168837
20.05,20.4,19.79,273,19.99,2024-12-31T15:00:00Z,27792,20.057242
20.45,20.53,20.04,228,20.05,2024-12-31T16:00:00Z,22903,20.32316
20.14,20.79,20.14,223,20.45,2024-12-31T17:00:00Z,22942,20.489188
20.72,20.77,20.1,152,20.14,2024-12-31T18:00:00Z,16390,20.489338
20.65,21.06,20.54,245,20.78,2024-12-31T19:00:00Z,25823,20.865627
20.7,20.94,20.48,383,20.65,2024-12-31T20:00:00Z,44543,20.703771
20.36,21.1,20.16,154,20.16,2025-01-02T14:00:00Z,14200,20.54891
20.75,21.01,20.12,255,20.38,2025-01-02T15:00:00Z,24856,20.584841
20.47,21.2,20.4,188,20.74,2025-01-02T16:00:00Z,19192,20.809098
21.65,22.09,20.35,268,20.45,2025-01-02T17:00:00Z,24553,21.413623
22.31,22.9,21.76,373,21.76,2025-01-02T18:00:00Z,36415,22.273722
21.9,22.43,21.42,206,22.4,2025-01-02T19:00:00Z,19320,21.835522
21.395,21.83,21.19,244,21.83,2025-01-02T20:00:00Z,24125,21.395046
20.84,21.07,20.55,130,20.87,2025-01-03T14:00:00Z,12691,20.763807
20.43,20.98,20.4,484,20.8,2025-01-03T15:00:00Z,64335,20.588884
20.21,20.81,20.0,337,20.4,2025-01-03T16:00:00Z,49149,20.434101
20.18,20.45,20.16,130,20.16,2025-01-03T17:00:00Z,12684,20.29013
20.06,20.17,19.91,84,20.15,2025-01-03T18:00:00Z,9944,20.012008
19.92,20.07,19.82,103,20.03,2025-01-03T19:00:00Z,11797,19.890394
19.63,20.01,19.63,245,19.91,2025-01-03T20:00:00Z,25088,19.898271
19.3,19.46,19.23,106,19.43,2025-01-06T14:00:00Z,13286,19.364543
19.13,19.27,19.06,178,19.27,2025-01-06T15:00:00Z,18000,19.171494
19.13,19.17,19.06,76,19.17,2025-01-06T16:00:00Z,7324,19.103382
19.39,19.44,19.15,61,19.17,2025-01-06T17:00:00Z,6294,19.256148
19.99,20.0,19.33,141,19.45,2025-01-06T18:00:00Z,14263,19.620224
20.01,20.05,19.7,105,19.98,2025-01-06T19:00:00Z,10507,19.9026
19.45,20.05,19.45,136,20.05,2025-01-06T20:00:00Z,14210,19.766326
19.4,19.4,19.4,1,19.4,2025-01-07T13:00:00Z,100,19.4
19.36,19.36,19.12,102,19.12,2025-01-07T14:00:00Z,9256,19.240534
20.01,20.68,19.45,683,19.51,2025-01-07T15:00:00Z,67544,20.184469
20.49,20.57,19.96,328,20.0,2025-01-07T16:00:00Z,31587,20.323675
20.58,20.77,20.33,170,20.37,2025-01-07T17:00:00Z,17025,20.544657
20.31,20.58,20.09,159,20.58,2025-01-07T18:00:00Z,16219,20.296948
20.57,20.65,20.08,219,20.33,2025-01-07T19:00:00Z,21441,20.401749
21.3,21.75,20.54,783,20.55,2025-01-07T20:00:00Z,78891,21.227406
21.52,21.58,21.5,5,21.58,2025-01-08T13:00:00Z,960,21.556875
22.27,22.34,21.55,334,21.65,2025-01-08T14:00:00Z,47751,21.989056
21.46,22.6,21.4,491,22.19,2025-01-08T15:00:00Z,62641,22.173465
21.26,21.9,21.18,140,21.47,2025-01-08T16:00:00Z,13322,21.494797
21.74,22.48,21.3,157,21.3,2025-01-08T17:00:00Z,15647,21.94492
21.64,21.73,21.1,142,21.7,2025-01-08T18:00:00Z,14148,21.317637
21.06,21.65,20.78,182,21.56,2025-01-08T19:00:00Z,18830,21.100622
21.03,21.24,20.87,179,21.05,2025-01-08T20:00:00Z,18283,21.050436
22.22,22.22,22.22,1,22.22,2025-01-10T13:00:00Z,100,22.22
22.6,22.75,22.18,305,22.19,2025-01-10T14:00:00Z,28496,22.484213
23.28,23.82,22.61,824,22.675,2025-01-10T15:00:00Z,84472,23.12599
23.44,23.64,23.0,418,23.27,2025-01-10T16:00:00Z,42348,23.351266
22.62,23.58,22.6,251,23.4,2025-01-10T17:00:00Z,24071,23.159154
21.96,22.87,21.91,185,22.75,2025-01-10T18:00:00Z,17110,22.313418
22.54,22.75,21.9,162,21.9,2025-01-10T19:00:00Z,15298,22.38131
23.15,23.25,22.38,388,22.57,2025-01-10T20:00:00Z,38958,22.949357
24.13,24.3,24.13,3,24.3,2025-01-13T13:00:00Z,560,24.269643
23.72,24.57,23.63,363,24.56,2025-01-13T14:00:00Z,35843,24.14269
23.82,24.49,23.55,285,23.74,2025-01-13T15:00:00Z,25940,23.973739
24.13,24.19,23.66,148,23.79,2025-01-13T16:00:00Z,14605,23.964537
22.86,24.22,22.85,244,24.15,2025-01-13T17:00:00Z,23148,23.434926
22.52,23.07,22.49,303,22.83,2025-01-13T18:00:00Z,27810,22.78124
22.48,22.75,22.39,154,22.57,2025-01-13T19:00:00Z,15167,22.563054
22.49,22.62,22.22,368,22.62,2025-01-13T20:00:00Z,47986,22.386146
21.9,21.95,21.47,194,21.78,2025-01-14T14:00:00Z,15431,21.664148
21.65,21.91,21.09,212,21.91,2025-01-14T15:00:00Z,20315,21.375729
22.61,22.66,21.55,186,21.71,2025-01-14T16:00:00Z,15686,21.952912
22.32,22.84,22.27,95,22.73,2025-01-14T17:00:00Z,9280,22.55728
21.44,22.45,21.3,127,22.45,2025-01-14T18:00:00Z,11062,21.73781
22.14,22.14,21.15,114,21.48,2025-01-14T19:00:00Z,11114,21.353925
21.76,22.57,21.75,245,22.11,2025-01-14T20:00:00Z,23187,22.068988
20.0,20.12,20.0,8,20.12,2025-01-15T13:00:00Z,1920,20.049062
19.88,20.11,19.64,275,20.08,2025-01-15T14:00:00Z,36019,19.825487
19.77,19.87,19.53,384,19.87,2025-01-15T15:00:00Z,51727,19.648846
20.03,20.08,19.66,147,19.71,2025-01-15T16:00:00Z,21460,19.866623
19.97,20.14,19.81,161,20.05,2025-01-15T17:00:00Z,25627,19.947502
19.67,19.9,19.64,115,19.9,2025-01-15T18:00:00Z,16500,19.761188
19.48,19.62,19.42,226,19.61,2025-01-15T19:00:00Z,34939,19.51585
19.15,19.475,19.15,223,19.43,2025-01-15T20:00:00Z,30303,19.346642
19.14,19.33,19.14,5,19.33,2025-01-16T13:00:00Z,1400,19.21
19.07,19.31,18.92,142,19.07,2025-01-16T14:00:00Z,18169,19.055657
18.9,19.19,18.9,202,19.14,2025-01-16T15:00:00Z,23128,19.00915
18.83,19.02,18.82,141,18.9,2025-01-16T16:00:00Z,17048,18.90227
18.95,18.98,18.81,74,18.85,2025-01-16T17:00:00Z,7817,18.876717
19.07,19.23,18.84,81,18.93,2025-01-16T18:00:00Z,9466,19.029667
18.92,19.14,18.88,112,19.125,2025-01-16T19:00:00Z,12759,18.947886
19.11,19.23,18.91,201,18.92,2025-01-16T20:00:00Z,26045,19.050505
18.85,18.97,18.6,141,18.6,2025-01-17T14:00:00Z,21415,18.792834
18.78,18.93,18.75,118,18.8,2025-01-17T15:00:00Z,16746,18.815139
19.06,19.14,18.78,138,18.78,2025-01-17T16:00:00Z,19068,18.945527
18.95,19.16,18.93,65,19.09,2025-01-17T17:00:00Z,8797,19.005581
19.02,19.25,18.95,71,19.01,2025-01-17T18:00:00Z,8658,19.059676
19.12,19.16,19.03,34,19.04,2025-01-17T19:00:00Z,4984,19.093109
19.26,19.28,19.0,134,19.14,2025-01-17T20:00:00Z,22386,19.12201
18.45,18.92,18.45,152,18.68,2025-01-21T14:00:00Z,15913,18.633511
18.28,18.54,18.27,283,18.51,2025-01-21T15:00:00Z,29485,18.385594
18.23,18.37,18.18,224,18.31,2025-01-21T16:00:00Z,30485,18.247283
18.18,18.23,18.14,87,18.23,2025-01-21T17:00:00Z,10615,18.18466
18.13,18.25,18.08,68,18.19,2025-01-21T18:00:00Z,8261,18.142579
18.17,18.21,18.1,39,18.11,2025-01-21T19:00:00Z,4953,18.149914
18.08,18.185,18.01,200,18.185,2025-01-21T20:00:00Z,23859,18.073999
18.2,18.285,18.06,94,18.06,2025-01-22T14:00:00Z,12644,18.159322
18.36,18.36,18.02,160,18.21,2025-01-22T15:00:00Z,14250,18.163995
18.36,18.46,18.24,66,18.36,2025-01-22T16:00:00Z,6498,18.349669
18.39,18.42,18.28,41,18.33,2025-01-22T17:00:00Z,4259,18.35875
18.41,18.51,18.32,58,18.41,2025-01-22T18:00:00Z,6634,18.418828
18.41,18.56,18.41,64,18.47,2025-01-22T19:00:00Z,5853,18.492452
18.49,18.58,18.33,143,18.41,2025-01-22T20:00:00Z,17856,18.502171
17.985,18.41,17.92,202,18.41,2025-01-23T14:00:00Z,20421,18.045857
18.02,18.05,17.84,132,18.02,2025-01-23T15:00:00Z,12889,17.942073
17.99,18.09,17.89,102,17.99,2025-01-23T16:00:00Z,11769,17.996002
18.02,18.1,18.01,75,18.03,2025-01-23T17:00:00Z,11130,18.039638
17.97,18.03,17.95,41,18.03,2025-01-23T18:00:00Z,4372,17.998983
18.21,18.27,17.98,95,17.98,2025-01-23T19:00:00Z,13444,18.087347
18.02,18.245,17.93,148,18.21,2025-01-23T20:00:00Z,19454,18.076955
17.94,17.94,17.94,1,17.94,2025-01-24T13:00:00Z,100,17.94
17.85,17.97,17.8,73,17.96,2025-01-24T14:00:00Z,10070,17.889478
17.985,18.01,17.82,132,17.87,2025-01-24T15:00:00Z,15343,17.918554
17.8,18.02,17.75,200,18.02,2025-01-24T16:00:00Z,38900,17.883691
17.91,17.92,17.66,233,17.81,2025-01-24T17:00:00Z,32929,17.748911
18.01,18.075,17.9,113,17.96,2025-01-24T18:00:00Z,14109,17.963824
17.91,18.09,17.83,176,18.02,2025-01-24T19:00:00Z,20419,17.985961
17.83,17.99,17.83,201,17.91,2025-01-24T20:00:00Z,26614,17.889344
20.73,21.01,20.43,13,20.77,2025-01-27T13:00:00Z,2220,20.623784
19.82,21.11,19.54,828,20.78,2025-01-27T14:00:00Z,98065,20.035295
19.84,20.59,19.3,946,19.92,2025-01-27T15:00:00Z,114210,20.027627
20.0,20.34,19.79,491,19.93,2025-01-27T16:00:00Z,63362,20.085605
20.55,20.55,19.64,413,20.01,2025-01-27T17:00:00Z,55068,20.151861
20.2,20.555,19.96,270,20.53,2025-01-27T18:00:00Z,31046,20.315926
20.16,20.21,19.3,335,20.14,2025-01-27T19:00:00Z,35334,19.759262
19.62,20.39,19.62,510,20.24,2025-01-27T20:00:00Z,59470,20.045963
19.54,20.07,19.29,212,19.31,2025-01-28T14:00:00Z,21441,19.720865
18.87,19.47,18.77,429,19.46,2025-01-28T15:00:00Z,46895,19.00965
18.92,19.12,18.8,145,18.84,2025-01-28T16:00:00Z,15309,18.957548
18.58,18.89,18.52,179,18.88,2025-01-28T17:00:00Z,18119,18.669737
18.67,18.73,18.46,169,18.58,2025-01-28T18:00:00Z,17126,18.591647
18.6,18.89,18.59,112,18.68,2025-01-28T19:00:00Z,12216,18.705607
18.63,18.73,18.47,275,18.61,2025-01-28T20:00:00Z,32725,18.59491
18.66,18.66,18.65,2,18.65,2025-01-29T13:00:00Z,860,18.655
18.72,18.83,18.59,95,18.59,2025-01-29T14:00:00Z,10831,18.749688
18.81,18.88,18.49,236,18.63,2025-01-29T15:00:00Z,26876,18.645824
19.04,19.07,18.8,115,18.87,2025-01-29T16:00:00Z,14063,18.953747
19.09,19.09,18.8,75,19.0,2025-01-29T17:00:00Z,8507,18.95366
19.02,19.61,18.83,337,19.05,2025-01-29T18:00:00Z,41341,19.104017
18.66,19.3,18.55,593,19.11,2025-01-29T19:00:00Z,72863,18.920396
18.51,18.86,18.43,506,18.67,2025-01-29T20:00:00Z,61576,18.620258
18.78,18.78,18.78,2,18.78,2025-01-29T21:00:00Z,430,18.78
18.29,18.41,18.29,10,18.41,2025-01-30T13:00:00Z,1613,18.370955
18.18,18.39,18.09,310,18.31,2025-01-30T14:00:00Z,60431,18.154395
18.62,18.67,18.18,295,18.18,2025-01-30T15:00:00Z,49374,18.330432
18.25,18.72,18.12,265,18.6,2025-01-30T16:00:00Z,29683,18.413744
18.29,18.39,18.26,70,18.27,2025-01-30T17:00:00Z,10859,18.335067
18.32,18.335,18.25,70,18.31,2025-01-30T18:00:00Z,8287,18.288491
18.2,18.34,18.18,166,18.34,2025-01-30T19:00:00Z,20300,18.266312
18.41,18.77,18.16,674,18.16,2025-01-30T20:00:00Z,93451,18.427318
18.14,18.2,18.14,2,18.2,2025-01-31T13:00:00Z,840,18.17
18.29,18.32,18.12,71,18.12,2025-01-31T14:00:00Z,8149,18.212022
18.2,18.32,18.17,182,18.29,2025-01-31T15:00:00Z,27041,18.253205
18.22,18.27,18.05,299,18.17,2025-01-31T16:00:00Z,38050,18.121332
18.0,18.22,17.95,219,18.21,2025-01-31T17:00:00Z,30154,18.039584
18.48,18.65,17.96,454,17.98,2025-01-31T18:00:00Z,56686,18.343469
18.98,19.21,18.43,360,18.51,2025-01-31T19:00:00Z,47845,18.910046
19.31,19.73,19.08,1051,19.15,2025-01-31T20:00:00Z,153794,19.48834
21.34,21.56,20.55,785,21.36,2025-02-03T14:00:00Z,84606,21.077049
19.28,21.99,18.88,2702,21.43,2025-02-03T15:00:00Z,379397,20.145909
20.0,20.14,19.09,677,19.3,2025-02-03T16:00:00Z,94953,19.466646
19.99,20.48,19.78,553,20.12,2025-02-03T17:00:00Z,65910,20.185139
19.44,20.34,19.44,526,20.06,2025-02-03T18:00:00Z,52546,19.823678
19.69,19.72,19.15,361,19.46,2025-02-03T19:00:00Z,38007,19.441902
19.93,20.08,19.55,564,19.66,2025-02-03T20:00:00Z,62369,19.878753
19.47,19.47,19.47,2,19.47,2025-02-04T13:00:00Z,410,19.47
19.72,19.96,19.56,92,19.67,2025-02-04T14:00:00Z,9546,19.740003
19.34,19.74,19.2,272,19.57,2025-02-04T15:00:00Z,29552,19.435751
19.02,19.31,18.95,231,19.31,2025-02-04T16:00:00Z,27855,19.090732
19.04,19.4,18.96,265,18.99,2025-02-04T17:00:00Z,27677,19.161805
19.1,19.26,19.0,106,19.05,2025-02-04T18:00:00Z,12259,19.090113
19.09,19.18,18.99,139,19.09,2025-02-04T19:00:00Z,14875,19.040187
19.1,19.14,18.88,423,19.115,2025-02-04T20:00:00Z,53627,19.021316
19.3,19.3,19.28,3,19.28,2025-02-04T21:00:00Z,820,19.29
19.27,19.54,19.27,17,19.44,2025-02-05T13:00:00Z,2840,19.434296
19.26,19.4,18.98,306,19.1,2025-02-05T14:00:00Z,48665,19.1538
19.11,19.48,19.04,534,19.14,2025-02-05T15:00:00Z,68533,19.261179
18.6,19.12,18.55,235,19.12,2025-02-05T16:00:00Z,29455,18.825067
18.67,18.75,18.52,224,18.6,2025-02-05T17:00:00Z,25821,18.660596
18.7,18.84,18.62,186,18.62,2025-02-05T18:00:00Z,24729,18.743015
18.55,18.69,18.55,119,18.69,2025-02-05T19:00:00Z,15061,18.594726
18.465,18.705,18.4,441,18.55,2025-02-05T20:00:00Z,55365,18.534501
18.43,18.43,18.39,14,18.4,2025-02-06T13:00:00Z,2150,18.407442
18.28,18.4,18.18,271,18.4,2025-02-06T14:00:00Z,35586,18.277859
18.39,18.41,18.21,202,18.28,2025-02-06T15:00:00Z,24450,18.314404
18.4,18.45,18.26,112,18.42,2025-02-06T16:00:00Z,13559,18.329667
18.3,18.48,18.28,118,18.44,2025-02-06T17:00:00Z,13880,18.386576
18.36,18.37,18.24,114,18.24,2025-02-06T18:00:00Z,13277,18.313353
18.73,18.76,18.32,213,18.36,2025-02-06T19:00:00Z,20026,18.62699
18.29,18.78,18.24,368,18.73,2025-02-06T20:00:00Z,46610,18.464534
18.11,18.32,18.08,43,18.23,2025-02-07T13:00:00Z,5168,18.217686
18.13,18.27,18.05,352,18.11,2025-02-07T14:00:00Z,52078,18.156108
18.75,19.02,18.24,914,18.42,2025-02-07T15:00:00Z,119322,18.611057
19.01,19.12,18.5,1017,18.7,2025-02-07T16:00:00Z,127387,18.905424
18.77,19.18,18.59,1206,19.07,2025-02-07T17:00:00Z,166823,18.809324
19.03,19.03,18.53,346,18.74,2025-02-07T18:00:00Z,47837,18.752272
18.95,19.14,18.82,246,19.0,2025-02-07T19:00:00Z,34050,18.983078
19.25,19.26,18.95,455,18.95,2025-02-07T20:00:00Z,61777,19.091416
18.62,18.77,18.6,19,18.77,2025-02-10T13:00:00Z,3113,18.673257
18.79,18.94,18.63,214,18.64,2025-02-10T14:00:00Z,21992,18.789463
18.72,18.73,18.55,353,18.73,2025-02-10T15:00:00Z,39056,18.628429
18.73,18.87,18.675,134,18.675,2025-02-10T16:00:00Z,16206,18.769905
18.62,18.86,18.6,94,18.74,2025-02-10T17:00:00Z,9327,18.724441
18.54,18.63,18.515,97,18.63,2025-02-10T18:00:00Z,11309,18.568266
18.53,18.61,18.48,89,18.57,2025-02-10T19:00:00Z,14186,18.546381
18.47,18.64,18.46,185,18.575,2025-02-10T20:00:00Z,23752,18.536692
18.78,18.79,18.7,7,18.71,2025-02-11T13:00:00Z,1070,18.757451
18.65,18.79,18.58,185,18.79,2025-02-11T14:00:00Z,20036,18.67634
18.38,18.73,18.29,281,18.61,2025-02-11T15:00:00Z,31236,18.489546
18.46,18.48,18.28,201,18.38,2025-02-11T16:00:00Z,23206,18.36521
18.6,18.64,18.44,157,18.49,2025-02-11T17:00:00Z,17971,18.549
18.41,18.655,18.34,136,18.6,2025-02-11T18:00:00Z,14548,18.444719
18.41,18.47,18.35,88,18.39,2025-02-11T19:00:00Z,9634,18.408702
18.56,18.61,18.4,221,18.4,2025-02-11T20:00:00Z,29132,18.509844
19.09,19.25,18.41,114,18.41,2025-02-12T13:00:00Z,14388,19.023319
18.84,19.335,18.66,446,19.16,2025-02-12T14:00:00Z,50909,19.000353
18.68,19.1,18.6,465,18.85,2025-02-12T15:00:00Z,52253,18.832256
18.5,19.13,18.5,437,18.69,2025-02-12T16:00:00Z,49976,18.861064
18.34,18.61,18.33,363,18.545,2025-02-12T17:00:00Z,35351,18.481499
18.36,18.48,18.34,152,18.34,2025-02-12T18:00:00Z,17823,18.391388
18.45,18.54,18.37,239,18.38,2025-02-12T19:00:00Z,27523,18.472296
18.45,18.6,18.39,460,18.43,2025-02-12T20:00:00Z,52632,18.487583
18.44,18.62,18.37,55,18.58,2025-02-13T13:00:00Z,4883,18.47434
18.39,18.56,18.34,165,18.41,2025-02-13T14:00:00Z,16833,18.438956
18.28,18.5,18.185,299,18.39,2025-02-13T15:00:00Z,34988,18.28672
18.44,18.46,18.25,161,18.28,2025-02-13T16:00:00Z,19347,18.356621
18.56,18.69,18.45,367,18.47,2025-02-13T17:00:00Z,64213,18.61092
18.31,18.72,18.29,420,18.57,2025-02-13T18:00:00Z,48223,18.509521
18.16,18.31,18.05,307,18.31,2025-02-13T19:00:00Z,43670,18.135677
17.97,18.2,17.97,343,18.16,2025-02-13T20:00:00Z,44353,18.054759
18.05,18.07,18.05,7,18.07,2025-02-14T13:00:00Z,905,18.056667
18.01,18.04,17.91,256,17.94,2025-02-14T14:00:00Z,35990,17.990645
18.09,18.17,17.93,351,18.02,2025-02-14T15:00:00Z,42941,18.037883
18.08,18.18,18.06,240,18.11,2025-02-14T16:00:00Z,27729,18.121412
18.0,18.14,17.95,245,18.08,2025-02-14T17:00:00Z,28098,18.053214
18.01,18.04,17.95,177,18.01,2025-02-14T18:00:00Z,17634,17.99983
17.98,18.065,17.96,108,18.02,2025-02-14T19:00:00Z,14613,18.018372
17.885,18.02,17.795,361,17.98,2025-02-14T20:00:00Z,41958,17.901884
17.88,17.91,17.64,220,17.695,2025-02-18T14:00:00Z,19017,17.75949
17.72,17.99,17.67,361,17.91,2025-02-18T15:00:00Z,38085,17.843652
17.605,17.74,17.595,183,17.71,2025-02-18T16:00:00Z,21332,17.666091
17.6,17.68,17.555,149,17.605,2025-02-18T17:00:00Z,19307,17.616354
17.72,17.735,17.54,240,17.61,2025-02-18T18:00:00Z,28705,17.624304
17.77,17.91,17.715,262,17.715,2025-02-18T19:00:00Z,25739,17.826866
17.75,17.885,17.67,334,17.77,2025-02-18T20:00:00Z,30543,17.78587
17.91,18.0,17.86,179,17.98,2025-02-19T14:00:00Z,15739,17.922038
17.795,17.99,17.77,444,17.9,2025-02-19T15:00:00Z,38294,17.86342
17.67,17.8,17.63,287,17.8,2025-02-19T16:00:00Z,36316,17.683404
17.69,17.69,17.64,81,17.66,2025-02-19T17:00:00Z,11124,17.669878
17.75,17.765,17.63,136,17.67,2025-02-19T18:00:00Z,14807,17.711618
17.62,17.75,17.59,132,17.74,2025-02-19T19:00:00Z,15003,17.654675
17.46,17.63,17.44,311,17.61,2025-02-19T20:00:00Z,37729,17.528943
17.53,17.53,17.53,1,17.53,2025-02-20T13:00:00Z,100,17.53
17.78,17.78,17.27,513,17.49,2025-02-20T14:00:00Z,64320,17.451238
17.99,18.05,17.57,917,17.79,2025-02-20T15:00:00Z,87104,17.799439
17.87,17.99,17.72,431,17.96,2025-02-20T16:00:00Z,36548,17.859778
17.86,17.91,17.65,173,17.895,2025-02-20T17:00:00Z,19214,17.755102
17.73,17.92,17.72,185,17.91,2025-02-20T18:00:00Z,15657,17.808395
17.63,17.73,17.57,209,17.72,2025-02-20T19:00:00Z,15581,17.638285
17.56,17.67,17.46,541,17.64,2025-02-20T20:00:00Z,75305,17.565143
17.53,17.53,17.53,1,17.53,2025-02-21T13:00:00Z,100,17.53
17.78,17.82,17.53,263,17.53,2025-02-21T14:00:00Z,28203,17.735514
18.09,18.25,17.77,1055,17.82,2025-02-21T15:00:00Z,118277,18.059138
18.06,18.17,17.93,522,18.065,2025-02-21T16:00:00Z,53383,18.03806
18.58,18.61,17.97,536,18.04,2025-02-21T17:00:00Z,62027,18.333148
18.98,19.09,18.575,1188,18.595,2025-02-21T18:00:00Z,165643,18.869976
19.31,19.43,18.79,1038,18.98,2025-02-21T19:00:00Z,121936,19.156805
19.46,19.605,19.22,2102,19.35,2025-02-21T20:00:00Z,314533,19.472386
18.67,18.67,18.66,4,18.66,2025-02-24T13:00:00Z,374,18.663333
19.64,19.67,18.65,527,18.65,2025-02-24T14:00:00Z,60860,19.144496
19.67,20.245,19.18,1385,19.64,2025-02-24T15:00:00Z,161154,19.664738
18.835,19.7,18.665,836,19.67,2025-02-24T16:00:00Z,81672,19.04829
18.72,18.84,18.56,449,18.82,2025-02-24T17:00:00Z,47988,18.687262
18.73,18.78,18.52,294,18.72,2025-02-24T18:00:00Z,31695,18.6464
18.775,18.855,18.6,403,18.71,2025-02-24T19:00:00Z,52710,18.735217
19.59,19.68,18.71,852,18.74,2025-02-24T20:00:00Z,122450,19.151578
20.07,20.28,19.7,463,19.85,2025-02-25T14:00:00Z,47028,20.053308
20.39,21.1,20.07,2488,20.08,2025-02-25T15:00:00Z,233690,20.594177
19.88,20.88,19.8,1601,20.38,2025-02-25T16:00:00Z,151656,20.41407
19.62,20.01,19.48,1022,19.93,2025-02-25T17:00:00Z,98039,19.746007
19.56,19.8,19.26,779,19.56,2025-02-25T18:00:00Z,75272,19.490164
19.46,19.96,19.43,988,19.57,2025-02-25T19:00:00Z,104443,19.703785
19.76,19.83,19.15,1168,19.445,2025-02-25T20:00:00Z,132010,19.532498
19.17,19.79,19.07,325,19.58,2025-02-26T14:00:00Z,29986,19.476156
18.675,19.23,18.675,638,19.14,2025-02-26T15:00:00Z,62187,18.915232
18.75,18.82,18.52,767,18.67,2025-02-26T16:00:00Z,96830,18.635698
19.26,19.4,18.58,855,18.75,2025-02-26T17:00:00Z,76057,18.934864
19.88,20.01,19.22,796,19.27,2025-02-26T18:00:00Z,82743,19.574678
19.82,20.07,19.32,705,19.92,2025-02-26T19:00:00Z,68587,19.720819
19.21,19.86,19.11,803,19.81,2025-02-26T20:00:00Z,115457,19.359305
19.01,19.01,19.01,1,19.01,2025-02-26T21:00:00Z,170,19.01
19.76,19.91,18.65,604,18.76,2025-02-27T14:00:00Z,62008,19.240436
19.45,20.14,19.05,842,19.85,2025-02-27T15:00:00Z,85975,19.475108
19.63,19.63,18.93,571,19.45,2025-02-27T16:00:00Z,46936,19.258732
19.355,19.77,19.23,471,19.61,2025-02-27T17:00:00Z,47495,19.56216
19.16,19.33,18.94,457,19.3,2025-02-27T18:00:00Z,37438,19.107151
19.95,20.23,19.15,848,19.2,2025-02-27T19:00:00Z,91567,19.904597
20.85,20.93,19.94,1340,19.95,2025-02-27T20:00:00Z,168055,20.614
21.0,21.81,21.0,582,21.105,2025-02-28T14:00:00Z,71871,21.279405
20.31,21.07,20.31,977,21.07,2025-02-28T15:00:00Z,85086,20.675519
20.67,21.13,20.23,552,20.265,2025-02-28T16:00:00Z,58755,20.661057
21.5,21.515,20.55,652,20.625,2025-02-28T17:00:00Z,73170,21.005027
21.85,21.86,21.17,784,21.51,2025-02-28T18:00:00Z,91462,21.509539
21.01,21.84,20.99,782,21.84,2025-02-28T19:00:00Z,79531,21.423983
20.175,21.08,20.0,1208,21.02,2025-02-28T20:00:00Z,139977,20.477924
19.73,19.81,19.73,4,19.81,2025-03-03T13:00:00Z,390,19.756667
20.39,20.5,19.62,136,19.75,2025-03-03T14:00:00Z,12513,20.050386
20.33,20.77,19.935,282,20.6,2025-03-03T15:00:00Z,25235,20.404097
20.31,20.62,20.01,149,20.28,2025-03-03T16:00:00Z,15185,20.360302
20.54,20.65,20.035,150,20.37,2025-03-03T17:00:00Z,13932,20.280608
21.07,21.41,20.455,288,20.525,2025-03-03T18:00:00Z,32454,21.044457
21.63,21.67,20.69,220,21.03,2025-03-03T19:00:00Z,22427,21.210221
22.8,23.54,21.72,1194,21.725,2025-03-03T20:00:00Z,137737,22.758606
24.27,24.27,24.23,2,24.23,2025-03-04T13:00:00Z,200,24.25
25.01,25.03,23.75,691,23.75,2025-03-04T14:00:00Z,64482,24.606888
25.23,26.17,24.78,1562,25.045,2025-03-04T15:00:00Z,137548,25.372137
24.11,25.62,23.99,838,25.3,2025-03-04T16:00:00Z,79619,24.825164
23.91,24.3,23.29,576,24.075,2025-03-04T17:00:00Z,50069,23.800937
23.13,24.1,22.93,383,23.92,2025-03-04T18:00:00Z,34365,23.487056
22.28,23.13,22.245,377,23.13,2025-03-04T19:00:00Z,30601,22.69938
23.56,24.31,21.94,1088,22.285,2025-03-04T20:00:00Z,107649,23.064344
22.72,22.72,22.72,1,22.72,2025-03-04T21:00:00Z,100,22.72
23.8,24.03,23.16,321,23.49,2025-03-05T14:00:00Z,39331,23.615503
23.15,23.57,22.72,799,23.37,2025-03-05T15:00:00Z,104539,23.166902
23.41,24.3,23.17,510,23.18,2025-03-05T16:00:00Z,71136,23.681261
22.68,23.47,22.64,411,23.43,2025-03-05T17:00:00Z,51754,23.113013
22.53,23.205,22.51,365,22.68,2025-03-05T18:00:00Z,45877,22.896683
22.24,22.61,21.89,361,22.51,2025-03-05T19:00:00Z,48909,22.17311
22.01,22.45,21.92,485,22.25,2025-03-05T20:00:00Z,68515,22.188351
23.87,23.87,23.87,2,23.87,2025-03-06T13:00:00Z,780,23.87
24.425,24.58,23.93,315,23.93,2025-03-06T14:00:00Z,27446,24.324042
23.55,24.505,23.27,520,24.505,2025-03-06T15:00:00Z,53729,23.764268
24.17,24.17,23.19,345,23.49,2025-03-06T16:00:00Z,34921,23.578692
24.57,25.07,23.99,404,24.22,2025-03-06T17:00:00Z,42215,24.568648
25.07,25.25,24.4,262,24.69,2025-03-06T18:00:00Z,23165,24.83178
25.29,25.67,24.25,530,25.12,2025-03-06T19:00:00Z,53017,25.05436
25.6,25.6,24.67,797,25.3,2025-03-06T20:00:00Z,88239,25.237227
24.65,24.65,24.65,2,24.65,2025-03-07T13:00:00Z,200,24.65
24.8,25.73,24.42,387,25.0,2025-03-07T14:00:00Z,42200,24.994122
25.35,26.13,24.43,670,24.99,2025-03-07T15:00:00Z,84173,25.253703
26.15,26.67,25.36,377,25.47,2025-03-07T16:00:00Z,40100,26.009259
25.42,26.65,24.82,436,26.235,2025-03-07T17:00:00Z,42726,25.93006
24.76,25.5,24.69,227,25.41,2025-03-07T18:00:00Z,27061,24.982776
24.33,25.02,24.1,207,24.68,2025-03-07T19:00:00Z,27028,24.540429
23.85,24.51,23.665,421,24.51,2025-03-07T20:00:00Z,63708,24.05948
27.7,28.6,27.12,406,27.69,2025-03-11T13:00:00Z,36195,27.925493
29.75,30.15,27.205,744,27.98,2025-03-11T14:00:00Z,71580,28.959408
28.61,29.93,27.98,527,29.77,2025-03-11T15:00:00Z,49278,28.668413
29.57,29.65,28.46,384,28.66,2025-03-11T16:00:00Z,33347,28.897913
29.39,29.95,29.0,283,29.62,2025-03-11T17:00:00Z,25636,29.566174
27.33,29.33,27.26,568,29.33,2025-03-11T18:00:00Z,51545,28.16431
27.625,28.02,27.08,558,27.47,2025-03-11T19:00:00Z,54847,27.587588
26.97,27.24,25.94,402,26.105,2025-03-12T13:00:00Z,39037,26.523594
27.74,27.74,26.71,499,26.86,2025-03-12T14:00:00Z,38934,27.200964
26.865,28.035,26.72,492,27.72,2025-03-12T15:00:00Z,43131,27.392872
26.56,26.94,26.13,445,26.94,2025-03-12T16:00:00Z,40853,26.438244
26.66,26.735,25.955,270,26.61,2025-03-12T17:00:00Z,25191,26.295125
25.85,26.695,25.765,232,26.695,2025-03-12T18:00:00Z,20341,26.100178
25.63,26.01,25.3,720,25.835,2025-03-12T19:00:00Z,78851,25.640054
26.18,26.18,26.13,3,26.13,2025-03-13T12:00:00Z,400,26.1425
26.34,26.48,25.63,223,25.89,2025-03-13T13:00:00Z,21525,25.948041
25.66,26.395,25.11,392,26.365,2025-03-13T14:00:00Z,37473,25.534133
26.44,26.54,25.4,441,25.565,2025-03-13T15:00:00Z,44392,25.977505
26.99,26.99,26.14,297,26.515,2025-03-13T16:00:00Z,43468,26.447432
28.09,28.1,26.77,251,26.94,2025-03-13T17:00:00Z,25127,27.604336
26.99,28.13,26.74,301,28.13,2025-03-13T18:00:00Z,29849,27.318763
27.33,27.65,26.69,249,26.91,2025-03-13T19:00:00Z,28536,27.316443
25.75,25.88,25.45,186,25.88,2025-03-14T13:00:00Z,17762,25.617223
25.15,26.09,25.15,302,26.05,2025-03-14T14:00:00Z,31359,25.685501
24.765,25.255,24.61,251,25.14,2025-03-14T15:00:00Z,26061,24.894395
24.75,25.28,24.72,195,24.775,2025-03-14T16:00:00Z,20346,25.004958
25.0,25.12,24.69,196,24.81,2025-03-14T17:00:00Z,21099,24.916106
24.37,24.92,24.335,255,24.92,2025-03-14T18:00:00Z,29049,24.601929
23.71,24.365,23.66,312,24.33,2025-03-14T19:00:00Z,56680,24.115076
22.7,23.35,22.6,225,23.275,2025-03-17T13:00:00Z,23052,22.855382
22.87,22.89,22.54,352,22.745,2025-03-17T14:00:00Z,33039,22.696293
22.89,23.12,22.79,200,22.86,2025-03-17T15:00:00Z,20119,22.939805
22.75,22.96,22.69,220,22.94,2025-03-17T16:00:00Z,27263,22.759616
22.35,22.81,22.335,138,22.73,2025-03-17T17:00:00Z,15208,22.568383
22.285,22.53,22.18,164,22.34,2025-03-17T18:00:00Z,16907,22.314443
22.4,22.4,22.25,341,22.285,2025-03-17T19:00:00Z,43729,22.32515
22.15,22.15,22.07,2,22.07,2025-03-18T12:00:00Z,300,22.123333
23.3,23.38,22.22,219,22.25,2025-03-18T13:00:00Z,24558,22.867119
23.43,23.61,23.0,202,23.345,2025-03-18T14:00:00Z,23902,23.297809
23.57,23.78,23.4,139,23.42,2025-03-18T15:00:00Z,14226,23.577252
23.33,23.51,22.96,99,23.5,2025-03-18T16:00:00Z,10082,23.276506
23.04,23.37,22.88,64,23.16,2025-03-18T17:00:00Z,6894,23.139927
23.075,23.34,22.855,103,23.09,2025-03-18T18:00:00Z,11174,23.102583
23.26,23.53,22.9,191,23.04,2025-03-18T19:00:00Z,22071,23.299161
23.07,23.07,23.06,2,23.06,2025-03-19T12:00:00Z,200,23.065
22.71,23.17,22.63,104,23.0,2025-03-19T13:00:00Z,10634,22.886693
22.57,22.66,22.22,196,22.66,2025-03-19T14:00:00Z,20881,22.3721
22.31,22.62,22.2,120,22.62,2025-03-19T15:00:00Z,12082,22.354356
22.39,22.465,22.3,139,22.32,2025-03-19T16:00:00Z,15255,22.392428
22.47,22.59,22.29,173,22.39,2025-03-19T17:00:00Z,21025,22.458371
21.53,22.59,21.525,590,22.59,2025-03-19T18:00:00Z,62549,21.892319
22.07,22.22,21.31,701,21.53,2025-03-19T19:00:00Z,85423,21.791443
21.85,22.84,21.82,143,22.76,2025-03-20T13:00:00Z,13350,22.353163
21.61,21.885,21.25,349,21.885,2025-03-20T14:00:00Z,34006,21.456632
21.84,21.945,21.58,225,21.58,2025-03-20T15:00:00Z,21836,21.711678
22.44,22.45,21.65,258,21.875,2025-03-20T16:00:00Z,24149,22.027749
22.2,22.46,22.0,156,22.34,2025-03-20T17:00:00Z,16348,22.225278
22.08,22.33,21.82,151,22.2,2025-03-20T18:00:00Z,13917,22.101683
21.53,22.01,21.46,254,22.01,2025-03-20T19:00:00Z,26988,21.637328
22.095,22.47,21.99,276,22.2,2025-03-21T13:00:00Z,26126,22.190023
22.06,22.625,22.06,650,22.165,2025-03-21T14:00:00Z,84509,22.356332
22.43,22.64,21.95,341,22.03,2025-03-21T15:00:00Z,36235,22.29411
21.81,22.49,21.81,412,22.48,2025-03-21T16:00:00Z,49893,21.998025
21.6,22.05,21.5,152,21.825,2025-03-21T17:00:00Z,14546,21.763112
21.76,21.85,21.56,131,21.6,2025-03-21T18:00:00Z,13461,21.747362
21.52,21.97,21.44,243,21.775,2025-03-21T19:00:00Z,31043,21.720087
20.39,20.39,20.37,4,20.37,2025-03-24T12:00:00Z,400,20.375
20.28,20.43,20.24,147,20.35,2025-03-24T13:00:00Z,14767,20.35103
19.92,20.36,19.86,865,20.25,2025-03-24T14:00:00Z,152284,19.965105
19.97,20.09,19.915,148,19.915,2025-03-24T15:00:00Z,16429,19.989757
20.05,20.1,19.93,103,19.97,2025-03-24T16:00:00Z,10796,20.020557
19.86,20.12,19.86,115,20.04,2025-03-24T17:00:00Z,11601,19.989558
19.76,20.01,19.7,176,19.9,2025-03-24T18:00:00Z,21037,19.810168
19.42,19.78,19.42,215,19.78,2025-03-24T19:00:00Z,28716,19.600398
19.22,19.23,19.22,2,19.23,2025-03-25T12:00:00Z,200,19.225
19.47,19.53,19.2,105,19.235,2025-03-25T13:00:00Z,12074,19.394699
19.7,19.71,19.39,165,19.47,2025-03-25T14:00:00Z,18308,19.522998
19.69,19.75,19.6,105,19.65,2025-03-25T15:00:00Z,13273,19.669551
19.55,19.785,19.54,141,19.71,2025-03-25T16:00:00Z,16733,19.715541
19.49,19.555,19.33,78,19.51,2025-03-25T17:00:00Z,8572,19.433174
19.565,19.565,19.355,71,19.48,2025-03-25T18:00:00Z,7693,19.449041
19.65,19.73,19.495,176,19.58,2025-03-25T19:00:00Z,22757,19.646588
19.47,19.47,19.47,1,19.47,2025-03-26T12:00:00Z,160,19.47
20.11,20.21,19.31,450,19.33,2025-03-26T13:00:00Z,55730,19.682122
20.005,20.43,19.96,338,20.145,2025-03-26T14:00:00Z,36696,20.165845
20.61,20.7,19.94,292,20.0,2025-03-26T15:00:00Z,31932,20.281525
20.95,21.0,20.53,261,20.67,2025-03-26T16:00:00Z,31780,20.71445
20.91,21.07,20.625,604,20.88,2025-03-26T17:00:00Z,77360,20.795719
21.02,21.05,20.6,217,20.91,2025-03-26T18:00:00Z,22747,20.81861
20.62,21.17,20.535,288,21.0,2025-03-26T19:00:00Z,32550,20.831778
20.63,20.69,20.61,5,20.69,2025-03-27T12:00:00Z,600,20.63
20.87,21.51,20.74,349,20.93,2025-03-27T13:00:00Z,37056,21.097073
20.46,20.98,20.39,464,20.75,2025-03-27T14:00:00Z,53369,20.808905
20.95,20.95,20.32,336,20.42,2025-03-27T15:00:00Z,35974,20.624789
21.26,21.31,20.74,726,20.95,2025-03-27T16:00:00Z,91676,20.978099
21.09,21.29,20.89,190,21.25,2025-03-27T17:00:00Z,21292,21.1145
20.8,21.1,20.54,186,21.06,2025-03-27T18:00:00Z,19049,20.768954
20.8,20.81,20.36,318,20.8,2025-03-27T19:00:00Z,30472,20.581946
21.23,21.23,21.23,1,21.23,2025-03-28T12:00:00Z,100,21.23
21.3,21.35,20.89,631,21.26,2025-03-28T13:00:00Z,69449,21.130464
22.28,22.65,21.22,815,21.31,2025-03-28T14:00:00Z,85860,22.135397
22.52,22.58,21.98,397,22.32,2025-03-28T15:00:00Z,39802,22.306915
23.065,23.13,22.27,303,22.48,2025-03-28T16:00:00Z,31259,22.800982
23.03,23.61,23.03,384,23.06,2025-03-28T17:00:00Z,40476,23.301472
23.13,23.45,22.86,675,23.04,2025-03-28T18:00:00Z,86469,23.184315
23.57,23.64,22.88,688,23.165,2025-03-28T19:00:00Z,84868,23.420298
25.35,25.44,25.35,2,25.44,2025-03-31T12:00:00Z,270,25.383333
25.25,26.1,25.02,468,25.48,2025-03-31T13:00:00Z,49631,25.622068
24.685,25.495,24.66,718,25.26,2025-03-31T14:00:00Z,73245,25.032004
24.14,24.72,23.9,453,24.62,2025-03-31T15:00:00Z,46884,24.275854
24.005,24.4,23.66,370,24.12,2025-03-31T16:00:00Z,37107,23.977773
23.97,24.16,23.67,234,24.07,2025-03-31T17:00:00Z,22425,23.950865
23.47,23.95,23.205,493,23.95,2025-03-31T18:00:00Z,51407,23.405984
23.49,23.52,23.09,640,23.405,2025-03-31T19:00:00Z,84805,23.28373
24.22,24.22,24.22,1,24.22,2025-04-01T12:00:00Z,100,24.22
24.185,24.48,23.95,157,23.95,2025-04-01T13:00:00Z,15019,24.209398
23.57,25.2,23.57,596,24.24,2025-04-01T14:00:00Z,57770,24.588052
23.25,23.565,22.98,487,23.565,2025-04-01T15:00:00Z,46773,23.316077
23.535,23.92,23.11,253,23.3,2025-04-01T16:00:00Z,24140,23.533912
23.63,23.88,23.47,161,23.54,2025-04-01T17:00:00Z,15544,23.675512
23.91,24.29,23.74,171,23.74,2025-04-01T18:00:00Z,16265,24.063945
23.52,23.95,23.27,342,23.895,2025-04-01T19:00:00Z,41718,23.548451
23.85,24.98,23.78,334,24.92,2025-04-02T13:00:00Z,48052,24.046038
23.3,24.0,23.27,330,23.815,2025-04-02T14:00:00Z,29947,23.63539
23.06,23.47,22.93,288,23.3,2025-04-02T15:00:00Z,33168,23.118035
22.24,23.09,22.24,205,23.08,2025-04-02T16:00:00Z,22585,22.66865
22.56,22.71,21.95,336,22.19,2025-04-02T17:00:00Z,30532,22.299268
23.14,23.3,22.51,244,22.585,2025-04-02T18:00:00Z,25033,22.888873
22.495,23.18,22.34,378,23.18,2025-04-02T19:00:00Z,38811,22.629644
27.55,27.55,26.91,3,26.91,2025-04-03T12:00:00Z,390,27.385897
27.52,27.87,26.54,888,27.87,2025-04-03T13:00:00Z,83220,27.131406
29.245,29.245,27.73,1655,27.78,2025-04-03T14:00:00Z,167941,28.518422
27.9,29.44,27.52,808,29.275,2025-04-03T15:00:00Z,85067,28.237491
28.09,28.25,27.1,491,27.98,2025-04-03T16:00:00Z,48580,27.549572
29.01,29.03,27.89,386,28.0,2025-04-03T17:00:00Z,46148,28.445847
28.94,29.54,28.69,422,28.83,2025-04-03T18:00:00Z,41791,29.214012
30.9,30.96,28.97,969,29.05,2025-04-03T19:00:00Z,108330,30.153644
36.8,38.28,36.8,7,37.36,2025-04-04T12:00:00Z,906,37.398864
34.58,37.28,34.13,776,35.2,2025-04-04T13:00:00Z,78553,35.841174
37.02,39.72,34.9,1217,34.93,2025-04-04T14:00:00Z,114567,37.435241
37.0,37.435,34.34,410,37.33,2025-04-04T15:00:00Z,42095,36.050644
37.42,38.08,35.69,458,36.91,2025-04-04T16:00:00Z,39878,37.172205
37.87,39.27,37.12,361,37.26,2025-04-04T17:00:00Z,31096,38.196626
39.71,40.63,37.13,399,37.5,2025-04-04T18:00:00Z,35341,39.32713
40.23,41.245,37.77,384,39.525,2025-04-04T19:00:00Z,44227,39.151736
42.99,44.15,42.97,4,44.15,2025-04-07T12:00:00Z,500,43.22
43.78,47.98,43.78,252,43.92,2025-04-07T13:00:00Z,19976,46.463088
37.48,44.83,36.61,279,43.3,2025-04-07T14:00:00Z,26232,41.21978
39.57,41.96,35.91,183,37.735,2025-04-07T15:00:00Z,23776,39.480421
42.37,42.61,40.27,49,40.79,2025-04-07T16:00:00Z,6576,41.372189
38.99,41.96,38.73,70,39.87,2025-04-07T17:00:00Z,9714,39.880414
39.41,39.44,38.05,35,39.01,2025-04-07T18:00:00Z,4985,38.641203
40.11,41.25,39.06,200,39.61,2025-04-07T19:00:00Z,21854,40.001289
36.01,36.1,35.87,6,36.05,2025-04-08T12:00:00Z,600,36.011667
34.54,35.71,34.03,473,35.71,2025-04-08T13:00:00Z,43425,34.833231
37.36,37.43,34.24,848,34.6,2025-04-08T14:00:00Z,78392,35.259294
37.73,38.66,36.46,681,37.52,2025-04-08T15:00:00Z,65273,37.679792
42.36,42.36,37.45,468,37.89,2025-04-08T16:00:00Z,42842,39.844776
43.5,44.98,42.08,484,42.33,2025-04-08T17:00:00Z,43859,43.495636
46.66,46.69,43.46,457,43.65,2025-04-08T18:00:00Z,42546,44.956229
47.89,53.18,46.81,1079,46.81,2025-04-08T19:00:00Z,110608,50.672348
53.46,53.53,52.36,7,52.36,2025-04-09T12:00:00Z,955,52.902043
47.49,50.56,46.57,373,50.34,2025-04-09T13:00:00Z,33252,48.093486
51.84,51.84,46.71,260,47.59,2025-04-09T14:00:00Z,25519,49.482197
50.475,51.22,48.69,241,51.2,2025-04-09T15:00:00Z,21690,50.008171
47.87,50.64,47.5,185,50.145,2025-04-09T16:00:00Z,17958,48.944687
34.39,48.46,32.845,566,46.85,2025-04-09T17:00:00Z,50562,39.345607
32.8,35.55,31.41,286,33.54,2025-04-09T18:00:00Z,26402,32.704936
32.635,34.35,29.92,491,34.16,2025-04-09T19:00:00Z,62541,31.422435
37.51,37.57,34.76,401,36.4,2025-04-10T13:00:00Z,34325,36.16087
39.24,39.28,37.21,691,37.32,2025-04-10T14:00:00Z,60179,38.27783
43.25,43.45,38.19,374,39.34,2025-04-10T15:00:00Z,35314,40.482183
43.98,46.65,42.61,610,42.735,2025-04-10T16:00:00Z,61557,44.280709
42.54,47.48,41.8,704,42.16,2025-04-10T17:00:00Z,75179,44.293761
41.5,44.14,40.16,502,42.81,2025-04-10T18:00:00Z,51597,41.714997
42.07,45.46,40.39,544,41.88,2025-04-10T19:00:00Z,56720,42.967954
42.7,44.76,41.76,227,43.34,2025-04-11T13:00:00Z,18231,43.08161
45.46,45.9,41.94,309,43.61,2025-04-11T14:00:00Z,24764,44.22234
44.25,46.95,43.96,233,44.99,2025-04-11T15:00:00Z,20846,45.662732
41.68,44.33,41.0,160,44.33,2025-04-11T16:00:00Z,14616,42.321203
41.72,43.21,40.07,119,41.68,2025-04-11T17:00:00Z,11436,41.729337
42.57,43.42,41.42,129,41.89,2025-04-11T18:00:00Z,12633,42.560123
40.15,42.39,40.01,282,42.39,2025-04-11T19:00:00Z,26226,40.820997
35.67,36.25,35.67,3,36.25,2025-04-14T12:00:00Z,321,36.056667
36.5,37.32,34.84,56,34.84,2025-04-14T13:00:00Z,4711,36.15559
34.66,36.45,34.03,228,36.29,2025-04-14T14:00:00Z,20229,34.743072
38.43,38.56,34.56,305,34.75,2025-04-14T15:00:00Z,29456,36.945127
37.38,39.02,36.51,95,38.62,2025-04-14T16:00:00Z,8303,37.451425
35.23,37.54,35.23,144,37.54,2025-04-14T17:00:00Z,16614,35.972798
34.53,35.31,34.13,195,35.3,2025-04-14T18:00:00Z,18539,34.569496
33.515,34.36,33.17,209,34.36,2025-04-14T19:00:00Z,21899,33.637654
33.7,33.7,33.7,1,33.7,2025-04-15T12:00:00Z,100,33.7
32.7,33.44,31.92,155,33.36,2025-04-15T13:00:00Z,14347,32.382734
32.08,33.97,31.85,479,32.5,2025-04-15T14:00:00Z,41106,32.558368
31.81,32.16,31.51,453,32.05,2025-04-15T15:00:00Z,35788,31.824815
32.52,32.66,31.32,159,31.73,2025-04-15T16:00:00Z,13868,31.729234
33.29,33.87,32.29,251,32.49,2025-04-15T17:00:00Z,21325,32.915129
32.81,33.93,32.8,169,33.37,2025-04-15T18:00:00Z,15374,33.283062
33.06,33.62,32.68,324,33.0,2025-04-15T19:00:00Z,29115,33.174022
35.72,35.9,34.33,105,35.16,2025-04-16T13:00:00Z,15929,35.143641
34.34,35.87,34.08,214,35.87,2025-04-16T14:00:00Z,19050,34.713017
34.76,34.85,33.36,254,34.17,2025-04-16T15:00:00Z,22504,34.166338
34.92,35.05,34.41,175,34.78,2025-04-16T16:00:00Z,14925,34.790882
36.67,36.74,34.29,385,35.04,2025-04-16T17:00:00Z,34731,35.657086
36.87,37.09,35.79,535,36.66,2025-04-16T18:00:00Z,45884,36.447276
37.23,38.26,36.47,621,36.87,2025-04-16T19:00:00Z,60152,37.389419
35.25,36.01,35.25,56,35.39,2025-04-17T13:00:00Z,5006,35.699888
36.13,36.56,35.42,142,35.42,2025-04-17T14:00:00Z,13457,36.006631
35.56,35.9,35.15,72,35.78,2025-04-17T15:00:00Z,7073,35.532543
35.65,36.36,35.34,86,35.64,2025-04-17T16:00:00Z,6993,35.789045
35.41,36.29,35.41,53,35.85,2025-04-17T17:00:00Z,6112,35.84385
35.39,35.76,35.1,99,35.52,2025-04-17T18:00:00Z,11954,35.356659
35.48,36.13,35.27,157,35.79,2025-04-17T19:00:00Z,20847,35.608423
37.06,37.1,35.99,388,36.18,2025-04-21T13:00:00Z,30127,36.549237
37.85,37.92,36.95,738,37.22,2025-04-21T14:00:00Z,51686,37.292903
39.31,39.35,37.76,359,37.76,2025-04-21T15:00:00Z,27254,38.583565
38.79,39.22,38.11,245,39.22,2025-04-21T16:00:00Z,20549,38.655591
39.63,39.66,38.55,216,38.74,2025-04-21T17:00:00Z,19347,39.166913
39.76,40.0,39.09,231,39.71,2025-04-21T18:00:00Z,19422,39.551619
38.71,39.65,38.66,381,39.65,2025-04-21T19:00:00Z,32582,39.11343
37.05,37.05,37.05,2,37.05,2025-04-22T12:00:00Z,300,37.05
36.08,36.68,36.08,170,36.64,2025-04-22T13:00:00Z,12246,36.368419
35.39,36.14,35.31,321,36.08,2025-04-22T14:00:00Z,36564,35.753071
34.99,35.75,34.94,272,35.32,2025-04-22T15:00:00Z,30869,35.442689
35.12,35.32,34.7,198,34.99,2025-04-22T16:00:00Z,19065,34.94109
36.17,36.58,34.97,103,35.21,2025-04-22T17:00:00Z,9123,36.025254
34.87,36.0,34.78,128,36.0,2025-04-22T18:00:00Z,11620,34.99358
35.04,35.74,34.86,229,34.9,2025-04-22T19:00:00Z,24175,35.27507
32.61,32.61,32.6,3,32.6,2025-04-23T12:00:00Z,300,32.606667
32.485,32.8,31.74,70,32.65,2025-04-23T13:00:00Z,7669,32.381222
32.585,32.68,31.82,315,32.34,2025-04-23T14:00:00Z,25993,32.207675
33.6,34.05,32.28,134,32.44,2025-04-23T15:00:00Z,12962,33.199266
33.28,34.73,33.23,210,33.7,2025-04-23T16:00:00Z,26713,34.172536
32.97,33.61,32.79,11,33.61,2025-04-23T17:00:00Z,1200,33.081667
33.23,33.54,33.14,6,33.14,2025-04-23T18:00:00Z,602,33.375
32.98,33.85,32.87,66,33.73,2025-04-23T19:00:00Z,7790,33.421771
32.2,32.67,32.1,69,32.6,2025-04-24T13:00:00Z,6853,32.339758
31.96,32.27,31.72,174,32.27,2025-04-24T14:00:00Z,21114,32.043334
32.05,32.05,31.73,85,31.905,2025-04-24T15:00:00Z,8771,31.886923
31.59,32.04,31.43,132,31.96,2025-04-24T16:00:00Z,12958,31.626059
31.63,31.87,31.6,77,31.78,2025-04-24T17:00:00Z,7604,31.723419
31.67,31.69,31.45,74,31.63,2025-04-24T18:00:00Z,6525,31.589327
31.25,31.88,31.09,248,31.7,2025-04-24T19:00:00Z,23753,31.44043
31.59,31.59,31.59,1,31.59,2025-04-25T12:00:00Z,150,31.59
31.91,31.91,31.25,47,31.29,2025-04-25T13:00:00Z,4229,31.736636
31.14,32.155,31.14,139,31.825,2025-04-25T14:00:00Z,13676,31.61889
30.29,31.2,30.26,196,31.15,2025-04-25T15:00:00Z,18170,30.616259
30.14,30.33,29.9,156,30.32,2025-04-25T16:00:00Z,15406,30.110763
30.63,30.89,30.0,327,30.14,2025-04-25T17:00:00Z,34072,30.420308
29.95,30.695,29.795,145,30.61,2025-04-25T18:00:00Z,16909,30.051514
29.4,29.98,29.4,218,29.93,2025-04-25T19:00:00Z,23320,29.721406
29.41,29.41,29.41,2,29.41,2025-04-28T12:00:00Z,250,29.41
29.46,29.55,28.82,180,29.04,2025-04-28T13:00:00Z,18185,29.145072
29.34,29.5,28.97,296,29.45,2025-04-28T14:00:00Z,21059,29.131878
30.26,30.36,29.24,326,29.3,2025-04-28T15:00:00Z,32553,29.973847
30.75,30.82,30.33,251,30.35,2025-04-28T16:00:00Z,20265,30.534961
30.61,31.3,30.61,186,30.66,2025-04-28T17:00:00Z,15777,30.9581
30.29,30.7,30.24,137,30.61,2025-04-28T18:00:00Z,14266,30.483292
29.71,30.27,29.44,179,30.27,2025-04-28T19:00:00Z,19418,29.674768
30.05,30.38,29.64,97,30.38,2025-04-29T13:00:00Z,7554,29.849231
29.81,30.27,29.45,222,30.11,2025-04-29T14:00:00Z,18876,29.804995
29.59,30.03,29.45,68,29.76,2025-04-29T15:00:00Z,5684,29.711373
29.73,29.8,29.26,85,29.64,2025-04-29T16:00:00Z,7803,29.451504
29.14,29.68,29.06,85,29.68,2025-04-29T17:00:00Z,9289,29.235762
29.17,29.28,29.05,70,29.17,2025-04-29T18:00:00Z,6302,29.160619
29.21,29.27,29.06,249,29.15,2025-04-29T19:00:00Z,30541,29.157719
30.72,31.07,30.27,14,30.27,2025-04-30T12:00:00Z,1310,30.570435
32.78,32.86,30.87,107,30.87,2025-04-30T13:00:00Z,11781,32.049255
31.6,32.5,31.4,292,32.44,2025-04-30T14:00:00Z,30776,31.788623
30.88,31.71,30.73,148,31.67,2025-04-30T15:00:00Z,16896,31.168373
31.12,31.46,30.77,88,30.96,2025-04-30T16:00:00Z,9769,31.124809
30.75,31.79,30.7,112,31.07,2025-04-30T17:00:00Z,11002,31.169147
31.2,31.24,30.12,251,30.83,2025-04-30T18:00:00Z,33519,30.614089
30.23,31.18,29.89,162,31.11,2025-04-30T19:00:00Z,18081,30.537331
29.23,29.24,28.88,14,28.91,2025-05-01T12:00:00Z,1400,29.04
29.555,29.65,28.93,118,29.25,2025-05-01T13:00:00Z,12042,29.382771
29.43,29.555,28.96,162,29.555,2025-05-01T14:00:00Z,20932,29.265211
29.79,29.94,29.18,130,29.31,2025-05-01T15:00:00Z,14914,29.534229
29.9,30.15,29.65,111,29.65,2025-05-01T16:00:00Z,13581,29.911504
29.57,29.91,29.31,90,29.91,2025-05-01T17:00:00Z,10527,29.520578
29.24,29.6,29.06,91,29.6,2025-05-01T18:00:00Z,10172,29.211408
29.52,29.54,28.87,206,29.22,2025-05-01T19:00:00Z,28561,29.142909
28.57,28.57,28.57,1,28.57,2025-05-02T12:00:00Z,100,28.57
28.83,28.9,28.45,72,28.72,2025-05-02T13:00:00Z,6693,28.656483
28.39,28.8,28.18,100,28.8,2025-05-02T14:00:00Z,8801,28.406948
28.43,28.77,28.39,87,28.43,2025-05-02T15:00:00Z,7965,28.551589
28.18,28.43,28.15,120,28.39,2025-05-02T16:00:00Z,12487,28.268427
28.13,28.31,28.08,45,28.2,2025-05-02T17:00:00Z,4218,28.197502
27.905,28.07,27.9,169,28.05,2025-05-02T18:00:00Z,26575,27.935993
27.63,28.04,27.62,146,27.905,2025-05-02T19:00:00Z,16775,27.793919
28.6,28.68,28.47,32,28.57,2025-05-05T12:00:00Z,3020,28.527586
28.36,28.81,28.32,124,28.65,2025-05-05T13:00:00Z,12896,28.582554
27.8,28.5,27.8,136,28.35,2025-05-05T14:00:00Z,13524,28.202453
28.05,28.2,27.74,43,27.82,2025-05-05T15:00:00Z,5644,27.96188
27.94,28.09,27.74,56,28.09,2025-05-05T16:00:00Z,4859,27.860222
27.92,28.08,27.86,51,27.95,2025-05-05T17:00:00Z,5298,27.997575
27.94,27.94,27.77,45,27.89,2025-05-05T18:00:00Z,3772,27.850894
28.58,28.67,27.89,286,27.97,2025-05-05T19:00:00Z,35281,28.386155
30.01,30.28,29.34,271,29.66,2025-05-06T13:00:00Z,32532,29.831256
29.2,30.13,29.09,196,30.02,2025-05-06T14:00:00Z,22634,29.580509
29.14,29.245,28.91,78,29.05,2025-05-06T15:00:00Z,9771,29.087509
29.77,29.77,28.92,138,29.2,2025-05-06T16:00:00Z,15307,29.277556
29.73,29.8,29.34,86,29.71,2025-05-06T17:00:00Z,9611,29.608174
29.49,29.92,29.49,137,29.74,2025-05-06T18:00:00Z,16548,29.709516
30.18,30.18,29.5,186,29.5,2025-05-06T19:00:00Z,20906,29.758069
29.39,29.91,29.39,102,29.81,2025-05-07T13:00:00Z,11502,29.678322
29.55,29.68,29.1,133,29.42,2025-05-07T14:00:00Z,14471,29.333878
29.28,29.81,29.28,133,29.58,2025-05-07T15:00:00Z,14541,29.58511
28.95,29.36,28.94,90,29.31,2025-05-07T16:00:00Z,8443,29.18939
29.64,29.79,28.94,200,28.975,2025-05-07T17:00:00Z,24655,29.35484
29.09,30.44,29.09,470,29.61,2025-05-07T18:00:00Z,55660,29.811008
28.92,29.81,28.72,487,29.1,2025-05-07T19:00:00Z,67919,29.175406
28.05,28.11,28.03,3,28.11,2025-05-08T12:00:00Z,300,28.063333
28.26,28.31,28.0,77,28.2,2025-05-08T13:00:00Z,6668,28.160546
28.42,28.54,27.72,517,28.17,2025-05-08T14:00:00Z,50034,28.164028
27.16,28.5,27.0,454,28.45,2025-05-08T15:00:00Z,38851,27.593928
27.11,27.22,27.04,133,27.16,2025-05-08T16:00:00Z,12506,27.10536
27.64,27.64,27.14,102,27.17,2025-05-08T17:00:00Z,10093,27.350633
27.18,27.72,27.1,120,27.72,2025-05-08T18:00:00Z,9885,27.312099
27.32,27.61,26.95,376,27.12,2025-05-08T19:00:00Z,41954,27.235672
26.67,27.1,26.63,129,26.96,2025-05-09T13:00:00Z,15223,26.84795
27.05,27.4,26.51,313,26.66,2025-05-09T14:00:00Z,32653,26.966682
26.8,27.22,26.8,176,27.1,2025-05-09T15:00:00Z,16241,27.018348
27.21,27.21,26.805,125,26.81,2025-05-09T16:00:00Z,13490,27.049191
26.79,27.26,26.79,92,27.12,2025-05-09T17:00:00Z,9333,27.054605
26.9,27.03,26.79,87,26.79,2025-05-09T18:00:00Z,7919,26.914248
27.0,27.02,26.75,282,26.82,2025-05-09T19:00:00Z,38895,26.930692
24.13,24.18,24.13,3,24.17,2025-05-12T12:00:00Z,410,24.164146
23.465,23.94,23.38,398,23.84,2025-05-12T13:00:00Z,33648,23.629557
23.23,23.6,23.045,662,23.46,2025-05-12T14:00:00Z,51531,23.252066
22.92,23.22,22.82,358,23.22,2025-05-12T15:00:00Z,32938,23.001459
22.46,22.97,22.43,245,22.94,2025-05-12T16:00:00Z,23084,22.629574
22.36,22.54,22.34,187,22.47,2025-05-12T17:00:00Z,17492,22.441497
21.99,22.375,21.9,147,22.37,2025-05-12T18:00:00Z,15405,22.057452
21.705,22.14,21.685,512,22.05,2025-05-12T19:00:00Z,77384,21.820327
21.66,21.66,21.6,6,21.6,2025-05-12T20:00:00Z,549,21.623333
21.55,21.55,21.54,2,21.54,2025-05-13T12:00:00Z,200,21.545
20.72,21.225,20.69,245,21.225,2025-05-13T13:00:00Z,23410,20.911453
20.905,21.06,20.55,490,20.7,2025-05-13T14:00:00Z,44666,20.785412
21.09,21.19,20.9,260,20.905,2025-05-13T15:00:00Z,26904,21.05697
21.01,21.19,20.935,122,21.09,2025-05-13T16:00:00Z,11746,21.059151
21.16,21.16,20.92,89,21.02,2025-05-13T17:00:00Z,8121,21.006419
21.01,21.29,20.96,316,21.18,2025-05-13T18:00:00Z,36693,21.099924
21.515,21.535,21.01,497,21.01,2025-05-13T19:00:00Z,86562,21.365416
21.73,21.73,21.61,3,21.61,2025-05-13T20:00:00Z,720,21.705
21.76,21.93,21.48,466,21.515,2025-05-14T13:00:00Z,47275,21.733521
21.78,21.97,21.7,430,21.72,2025-05-14T14:00:00Z,38786,21.826509
21.91,22.04,21.725,351,21.78,2025-05-14T15:00:00Z,29693,21.874783
21.98,22.04,21.83,247,21.93,2025-05-14T16:00:00Z,22266,21.940661
21.91,22.32,21.87,464,22.0,2025-05-14T17:00:00Z,42730,22.11564
21.61,21.825,21.57,271,21.8,2025-05-14T18:00:00Z,25197,21.681756
22.14,22.17,21.6,610,21.62,2025-05-14T19:00:00Z,70484,21.960048
22.15,22.15,22.15,1,22.15,2025-05-14T20:00:00Z,160,22.15
22.51,22.51,22.51,2,22.51,2025-05-15T12:00:00Z,120,22.51
22.5,22.79,22.37,169,22.495,2025-05-15T13:00:00Z,14873,22.57957
22.28,22.64,22.2,320,22.48,2025-05-15T14:00:00Z,26565,22.408277
22.15,22.24,21.98,254,22.23,2025-05-15T15:00:00Z,24551,22.105761
22.06,22.24,22.04,93,22.13,2025-05-15T16:00:00Z,7691,22.141103
21.88,22.05,21.78,157,22.02,2025-05-15T17:00:00Z,13052,21.907545
21.79,21.98,21.7,213,21.92,2025-05-15T18:00:00Z,18598,21.867503
21.62,21.84,21.59,251,21.78,2025-05-15T19:00:00Z,23166,21.729338
21.36,21.61,21.31,363,21.31,2025-05-16T13:00:00Z,40372,21.450393
21.52,21.75,21.31,475,21.47,2025-05-16T14:00:00Z,44820,21.482476
21.3,21.51,21.24,270,21.5,2025-05-16T15:00:00Z,22338,21.351938
21.16,21.3,21.15,173,21.3,2025-05-16T16:00:00Z,16746,21.206299
21.58,21.58,21.11,178,21.18,2025-05-16T17:00:00Z,18316,21.312319
21.41,21.57,21.34,164,21.56,2025-05-16T18:00:00Z,16349,21.434081
21.52,21.74,21.38,529,21.41,2025-05-16T19:00:00Z,82251,21.58623
21.79,21.79,21.79,3,21.79,2025-05-16T20:00:00Z,193,21.79
22.93,22.93,22.93,1,22.93,2025-05-19T12:00:00Z,100,22.93
22.35,22.93,22.34,303,22.905,2025-05-19T13:00:00Z,26970,22.496847
22.18,22.44,21.985,375,22.33,2025-05-19T14:00:00Z,32438,22.176887
22.03,22.16,21.85,266,22.14,2025-05-19T15:00:00Z,21887,22.049849
21.77,22.04,21.7,120,22.01,2025-05-19T16:00:00Z,10038,21.854381
21.73,21.8,21.635,142,21.78,2025-05-19T17:00:00Z,12115,21.731699
21.8,21.97,21.66,254,21.765,2025-05-19T18:00:00Z,24048,21.8446
21.85,22.1,21.78,568,21.79,2025-05-19T19:00:00Z,57204,21.892312
21.87,21.87,21.87,3,21.87,2025-05-19T20:00:00Z,294,21.87
21.91,21.91,21.91,1,21.91,2025-05-20T12:00:00Z,100,21.91
22.07,22.1,21.72,405,21.79,2025-05-20T13:00:00Z,38820,21.913104
22.2,22.43,22.04,1057,22.05,2025-05-20T14:00:00Z,109058,22.269617
21.75,22.28,21.715,341,22.24,2025-05-20T15:00:00Z,30875,21.955658
21.58,21.89,21.52,347,21.69,2025-05-20T16:00:00Z,31833,21.675014
21.7,21.8,21.5,300,21.59,2025-05-20T17:00:00Z,25460,21.61121
22.18,22.28,21.66,543,21.72,2025-05-20T18:00:00Z,47730,22.051344
21.53,22.35,21.5,1340,22.16,2025-05-20T19:00:00Z,160280,21.82865
21.63,21.63,21.63,4,21.63,2025-05-20T20:00:00Z,260,21.63
22.2,22.2,22.05,6,22.14,2025-05-21T12:00:00Z,740,22.110541
22.34,22.51,22.18,942,22.27,2025-05-21T13:00:00Z,88241,22.346489
21.95,22.35,21.95,781,22.31,2025-05-21T14:00:00Z,74021,22.173126
21.78,22.02,21.69,298,21.94,2025-05-21T15:00:00Z,28258,21.852916
21.84,21.84,21.69,276,21.78,2025-05-21T16:00:00Z,24681,21.764764
23.25,23.8,21.81,2250,21.85,2025-05-21T17:00:00Z,211510,23.010738
23.64,23.69,23.13,1573,23.175,2025-05-21T18:00:00Z,153822,23.45531
23.77,24.25,23.48,3145,23.64,2025-05-21T19:00:00Z,370115,23.8083
24.1,24.1,23.97,6,23.97,2025-05-21T20:00:00Z,519,24.050476
24.03,24.66,24.03,4,24.41,2025-05-22T12:00:00Z,440,24.315455
23.25,24.29,23.18,553,24.03,2025-05-22T13:00:00Z,51136,23.788665
23.44,23.79,22.91,992,23.22,2025-05-22T14:00:00Z,89488,23.348513
23.03,23.61,23.0,558,23.42,2025-05-22T15:00:00Z,49674,23.283181
23.67,23.67,22.95,441,23.01,2025-05-22T16:00:00Z,40054,23.242104
23.1,23.72,23.01,401,23.64,2025-05-22T17:00:00Z,34681,23.29182
23.08,23.26,23.0,332,23.1,2025-05-22T18:00:00Z,29100,23.12335
23.45,23.62,22.92,551,23.04,2025-05-22T19:00:00Z,65019,23.217519
23.47,23.5,23.47,2,23.5,2025-05-22T20:00:00Z,310,23.485
26.34,26.71,25.84,15,26.04,2025-05-23T12:00:00Z,1700,26.31647
26.08,26.47,25.33,605,26.47,2025-05-23T13:00:00Z,53470,25.853861
25.2,26.04,24.71,1054,25.98,2025-05-23T14:00:00Z,97234,25.373103
25.24,25.41,24.81,692,25.18,2025-05-23T15:00:00Z,65888,25.119498
25.33,25.33,24.94,483,25.23,2025-05-23T16:00:00Z,46241,25.15805
24.86,25.27,24.69,278,25.26,2025-05-23T17:00:00Z,25205,24.878517
25.33,25.41,24.66,488,24.83,2025-05-23T18:00:00Z,47261,25.034325
25.87,25.93,25.13,853,25.35,2025-05-23T19:00:00Z,102068,25.557132
25.92,25.92,25.92,2,25.92,2025-05-23T20:00:00Z,200,25.92
23.54,23.54,23.49,3,23.49,2025-05-27T12:00:00Z,300,23.51
23.02,23.83,23.0,355,23.44,2025-05-27T13:00:00Z,43024,23.374396
22.78,22.97,22.58,295,22.97,2025-05-27T14:00:00Z,29451,22.67156
22.785,22.79,22.6,213,22.77,2025-05-27T15:00:00Z,20245,22.694139
22.48,22.79,22.43,239,22.74,2025-05-27T16:00:00Z,25068,22.607453
22.23,22.47,22.22,175,22.47,2025-05-27T17:00:00Z,16762,22.3293
22.14,22.26,22.1,139,22.215,2025-05-27T18:00:00Z,13078,22.155456
21.92,22.2,21.9,238,22.16,2025-05-27T19:00:00Z,27227,22.077234
22.13,22.14,21.86,137,21.88,2025-05-28T13:00:00Z,12126,22.020182
22.33,22.38,22.04,261,22.15,2025-05-28T14:00:00Z,23462,22.223883
22.41,22.51,22.23,154,22.33,2025-05-28T15:00:00Z,14452,22.366932
22.12,22.37,22.09,126,22.37,2025-05-28T16:00:00Z,11626,22.208738
22.09,22.17,22.0,109,22.12,2025-05-28T17:00:00Z,10263,22.078947
22.17,22.47,21.93,272,22.06,2025-05-28T18:00:00Z,24503,22.149832
22.29,22.52,22.03,419,22.17,2025-05-28T19:00:00Z,48237,22.334555
21.81,21.9,21.81,4,21.9,2025-05-28T20:00:00Z,293,21.855
21.81,21.81,21.81,1,21.81,2025-05-29T12:00:00Z,100,21.81
22.055,22.19,21.48,440,21.48,2025-05-29T13:00:00Z,45631,21.950137
21.99,22.71,21.95,963,22.05,2025-05-29T14:00:00Z,92183,22.317982
22.64,22.73,21.99,563,21.995,2025-05-29T15:00:00Z,54017,22.281811
22.23,22.82,22.14,516,22.67,2025-05-29T16:00:00Z,50190,22.49733
22.35,22.37,22.03,322,22.21,2025-05-29T17:00:00Z,30593,22.179329
22.22,22.41,22.12,273,22.36,2025-05-29T18:00:00Z,26350,22.260048
22.34,22.39,22.085,566,22.19,2025-05-29T19:00:00Z,65548,22.249289
22.38,22.38,22.32,2,22.32,2025-05-29T20:00:00Z,320,22.35
22.78,22.79,22.35,9,22.35,2025-05-30T12:00:00Z,700,22.548
22.82,22.95,22.63,209,22.79,2025-05-30T13:00:00Z,20152,22.821065
22.79,22.84,22.18,681,22.74,2025-05-30T14:00:00Z,65271,22.525994
22.81,23.07,22.68,426,22.72,2025-05-30T15:00:00Z,41874,22.846701
23.69,23.88,22.66,1144,22.83,2025-05-30T16:00:00Z,112848,23.448554
23.17,23.755,22.96,748,23.755,2025-05-30T17:00:00Z,76069,23.297384
22.54,23.13,22.51,512,23.13,2025-05-30T18:00:00Z,47589,22.708224
22.57,22.71,22.39,776,22.54,2025-05-30T19:00:00Z,95795,22.535969
23.09,23.09,23.08,3,23.08,2025-06-02T12:00:00Z,300,23.0852
22.79,22.875,22.32,218,22.875,2025-06-02T13:00:00Z,23253,22.571119
22.42,23.12,22.31,779,22.84,2025-06-02T14:00:00Z,90599,22.693875
22.54,22.77,22.38,363,22.425,2025-06-02T15:00:00Z,34878,22.562717
22.54,22.68,22.49,231,22.53,2025-06-02T16:00:00Z,21182,22.569416
22.5,22.6,22.455,161,22.54,2025-06-02T17:00:00Z,14651,22.519014
22.22,22.61,22.16,255,22.53,2025-06-02T18:00:00Z,26085,22.357343
22.15,22.35,22.14,300,22.23,2025-06-02T19:00:00Z,32563,22.215655
22.12,22.12,22.12,1,22.12,2025-06-03T12:00:00Z,130,22.12
22.03,22.11,21.9,265,22.11,2025-06-03T13:00:00Z,25486,22.003551
21.78,22.16,21.75,433,22.03,2025-06-03T14:00:00Z,38136,21.925362
21.74,21.78,21.63,268,21.78,2025-06-03T15:00:00Z,29641,21.713111
21.57,21.76,21.54,226,21.72,2025-06-03T16:00:00Z,22128,21.654187
21.54,21.57,21.35,243,21.56,2025-06-03T17:00:00Z,25932,21.43879
21.51,21.76,21.48,327,21.51,2025-06-03T18:00:00Z,30524,21.614677
21.465,21.67,21.39,427,21.515,2025-06-03T19:00:00Z,50915,21.532042
21.49,21.49,21.49,2,21.49,2025-06-04T12:00:00Z,290,21.49
21.32,21.415,21.25,263,21.35,2025-06-04T13:00:00Z,23921,21.336206
21.26,21.64,21.25,509,21.51,2025-06-04T14:00:00Z,46498,21.407135
21.43,21.48,21.24,298,21.29,2025-06-04T15:00:00Z,26468,21.360666
21.39,21.56,21.3,269,21.44,2025-06-04T16:00:00Z,24941,21.417286
21.34,21.4,21.29,152,21.37,2025-06-04T17:00:00Z,15173,21.338561
21.48,21.49,21.24,243,21.33,2025-06-04T18:00:00Z,22287,21.350672
21.345,21.58,21.28,365,21.46,2025-06-04T19:00:00Z,38571,21.422118
21.4,21.4,21.4,3,21.4,2025-06-04T20:00:00Z,226,21.4
21.06,21.06,21.06,1,21.06,2025-06-05T12:00:00Z,100,21.06
21.41,21.555,21.02,174,21.02,2025-06-05T13:00:00Z,15727,21.360588
20.72,21.52,20.72,841,21.35,2025-06-05T14:00:00Z,79344,21.134994
20.55,20.72,20.49,475,20.72,2025-06-05T15:00:00Z,44975,20.592622
21.22,21.26,20.54,428,20.55,2025-06-05T16:00:00Z,37872,20.873614
21.01,21.28,20.77,461,21.235,2025-06-05T17:00:00Z,41313,20.96124
21.39,21.55,21.0,530,21.07,2025-06-05T18:00:00Z,50668,21.270441
21.925,22.3,21.36,1517,21.41,2025-06-05T19:00:00Z,189737,21.895801
22.24,22.24,21.94,4,21.94,2025-06-05T20:00:00Z,497,22.121767
21.02,21.73,21.01,32,21.69,2025-06-06T12:00:00Z,4584,21.326904
20.84,21.12,20.84,371,21.04,2025-06-06T13:00:00Z,34729,20.994003
20.96,21.11,20.83,410,20.83,2025-06-06T14:00:00Z,37665,20.95598
20.72,21.2,20.71,494,20.93,2025-06-06T15:00:00Z,45201,20.938707
20.91,21.03,20.64,402,20.72,2025-06-06T16:00:00Z,36177,20.787854
20.66,20.98,20.62,332,20.9,2025-06-06T17:00:00Z,32123,20.781513
20.68,20.71,20.58,294,20.65,2025-06-06T18:00:00Z,30288,20.636642
20.645,20.78,20.52,369,20.67,2025-06-06T19:00:00Z,41376,20.646781
20.62,20.62,20.62,1,20.62,2025-06-06T20:00:00Z,160,20.62
20.44,20.54,20.35,239,20.46,2025-06-09T13:00:00Z,22661,20.432483
20.315,20.48,20.19,510,20.44,2025-06-09T14:00:00Z,54673,20.295061
20.17,20.37,20.17,255,20.31,2025-06-09T15:00:00Z,27192,20.288744
20.08,20.28,20.05,233,20.22,2025-06-09T16:00:00Z,24588,20.157359
20.07,20.09,20.03,174,20.09,2025-06-09T17:00:00Z,18667,20.055679
20.12,20.14,20.06,86,20.065,2025-06-09T18:00:00Z,10079,20.109916
20.3,20.35,20.09,430,20.09,2025-06-09T19:00:00Z,65736,20.234868
20.16,20.21,20.03,207,20.16,2025-06-10T13:00:00Z,18990,20.136523
20.22,20.23,20.12,277,20.14,2025-06-10T14:00:00Z,31269,20.183951
20.07,20.44,20.07,341,20.23,2025-06-10T15:00:00Z,34742,20.229085
20.01,20.07,19.995,171,20.06,2025-06-10T16:00:00Z,19834,20.021867
20.17,20.17,20.01,130,20.03,2025-06-10T17:00:00Z,12991,20.077815
20.06,20.27,19.99,209,20.16,2025-06-10T18:00:00Z,21575,20.105607
20.21,20.21,20.04,463,20.05,2025-06-10T19:00:00Z,56688,20.137368
20.22,20.22,20.22,2,20.22,2025-06-10T20:00:00Z,198,20.22
19.72,19.88,19.65,6,19.88,2025-06-11T12:00:00Z,770,19.764861
19.73,19.89,19.61,769,19.74,2025-06-11T13:00:00Z,80639,19.736812
19.69,19.82,19.63,484,19.72,2025-06-11T14:00:00Z,48153,19.707683
19.58,19.74,19.52,335,19.7,2025-06-11T15:00:00Z,34837,19.617293
19.52,19.81,19.52,260,19.61,2025-06-11T16:00:00Z,25495,19.658392
19.55,19.55,19.31,274,19.53,2025-06-11T17:00:00Z,27617,19.407308
20.4,20.58,19.52,1147,19.545,2025-06-11T18:00:00Z,122415,20.175606
20.34,20.86,20.205,1409,20.4,2025-06-11T19:00:00Z,197752,20.476655
20.26,20.26,20.26,1,20.26,2025-06-11T20:00:00Z,165,20.26
20.88,21.12,20.88,9,21.04,2025-06-12T12:00:00Z,1100,20.987273
20.71,20.92,20.58,287,20.81,2025-06-12T13:00:00Z,25622,20.709883
20.45,20.73,20.28,452,20.69,2025-06-12T14:00:00Z,46132,20.416884
20.81,20.93,20.37,624,20.41,2025-06-12T15:00:00Z,64015,20.733121
20.645,21.0,20.42,525,20.83,2025-06-12T16:00:00Z,47312,20.768174
20.43,20.64,20.28,254,20.64,2025-06-12T17:00:00Z,25155,20.399618
20.64,20.73,20.39,298,20.41,2025-06-12T18:00:00Z,28306,20.565036
20.77,20.82,20.58,329,20.64,2025-06-12T19:00:00Z,40071,20.707115
22.21,22.38,22.12,10,22.12,2025-06-13T12:00:00Z,1140,22.266316
22.365,22.49,21.76,1161,22.32,2025-06-13T13:00:00Z,102102,22.062903
21.97,22.73,21.97,1695,22.27,2025-06-13T14:00:00Z,147089,22.424029
21.49,22.05,21.465,1161,21.96,2025-06-13T15:00:00Z,97525,21.759084
21.75,21.88,21.44,495,21.465,2025-06-13T16:00:00Z,45027,21.643716
22.4,22.54,21.79,976,21.815,2025-06-13T17:00:00Z,86522,22.264694
23.26,23.74,22.32,2811,22.4,2025-06-13T18:00:00Z,242705,23.15394
23.26,23.64,22.92,2328,23.26,2025-06-13T19:00:00Z,248972,23.314146
21.62,21.69,21.62,3,21.69,2025-06-16T12:00:00Z,420,21.659048
20.82,21.8,20.79,584,21.73,2025-06-16T13:00:00Z,52760,21.16154
20.69,20.81,20.515,717,20.785,2025-06-16T14:00:00Z,71510,20.6608
20.805,20.9,20.545,471,20.68,2025-06-16T15:00:00Z,43612,20.738428
21.15,21.15,20.69,473,20.8,2025-06-16T16:00:00Z,45960,20.912615
21.18,21.26,20.95,387,21.12,2025-06-16T17:00:00Z,35527,21.127127
20.96,21.21,20.91,202,21.19,2025-06-16T18:00:00Z,18317,21.104246
20.78,21.14,20.77,475,20.96,2025-06-16T19:00:00Z,59698,20.940029
21.5,21.5,21.32,4,21.46,2025-06-17T12:00:00Z,548,21.422555
21.42,21.67,21.2,373,21.62,2025-06-17T13:00:00Z,28747,21.494395
21.66,21.69,21.155,607,21.34,2025-06-17T14:00:00Z,56928,21.453431
21.52,21.805,21.33,402,21.68,2025-06-17T15:00:00Z,38225,21.548671
21.95,21.97,21.33,459,21.53,2025-06-17T16:00:00Z,44172,21.571222
22.53,22.655,21.8,689,21.96,2025-06-17T17:00:00Z,64414,22.243479
22.71,23.17,22.35,1376,22.59,2025-06-17T18:00:00Z,138405,22.805085
22.59,23.07,22.06,1404,22.73,2025-06-17T19:00:00Z,179030,22.422043
22.6,22.6,22.6,1,22.6,2025-06-18T12:00:00Z,100,22.6
22.48,22.93,22.32,203,22.75,2025-06-18T13:00:00Z,16328,22.592548
21.4,22.62,21.09,773,22.53,2025-06-18T14:00:00Z,68735,21.652315
21.88,22.0,21.43,573,21.48,2025-06-18T15:00:00Z,63087,21.794323
21.99,22.01,21.75,321,21.92,2025-06-18T16:00:00Z,30519,21.884526
22.03,22.47,21.88,589,22.015,2025-06-18T17:00:00Z,56622,22.148546
22.09,22.24,21.38,740,21.81,2025-06-18T18:00:00Z,74722,21.841778
21.7,22.23,21.58,791,22.15,2025-06-18T19:00:00Z,91076,21.867803
21.58,21.61,21.58,3,21.61,2025-06-18T20:00:00Z,300,21.596667
21.46,21.46,21.46,1,21.46,2025-06-20T12:00:00Z,200,21.46
21.73,21.76,21.24,465,21.4,2025-06-20T13:00:00Z,49534,21.475654
22.12,22.28,21.52,727,21.71,2025-06-20T14:00:00Z,71392,21.845424
21.86,22.4,21.33,874,22.14,2025-06-20T15:00:00Z,108197,21.703905
21.88,21.96,21.63,262,21.9,2025-06-20T16:00:00Z,24838,21.8502
22.13,22.53,21.82,377,21.91,2025-06-20T17:00:00Z,40565,22.164829
22.33,22.34,21.87,270,22.16,2025-06-20T18:00:00Z,22768,22.080255
22.05,22.35,21.79,576,22.33,2025-06-20T19:00:00Z,71136,22.134018
21.73,22.29,21.695,193,21.99,2025-06-23T13:00:00Z,17360,21.916879
22.09,22.13,21.57,377,21.6,2025-06-23T14:00:00Z,36177,21.825617
22.3,22.37,21.74,334,22.09,2025-06-23T15:00:00Z,32500,22.086327
22.79,23.35,22.18,704,22.34,2025-06-23T16:00:00Z,64539,22.676866
21.83,22.86,21.66,534,22.79,2025-06-23T17:00:00Z,49977,21.996236
22.0,22.18,21.8,489,21.83,2025-06-23T18:00:00Z,62183,21.957588
21.58,22.08,21.58,612,22.02,2025-06-23T19:00:00Z,75285,21.811677
21.55,21.57,21.55,2,21.57,2025-06-23T20:00:00Z,260,21.557692
20.12,20.12,20.1,10,20.1,2025-06-24T12:00:00Z,1385,20.113673
19.96,19.98,19.755,414,19.955,2025-06-24T13:00:00Z,40103,19.858126
19.81,19.95,19.65,409,19.945,2025-06-24T14:00:00Z,34385,19.782612
19.74,19.83,19.68,235,19.75,2025-06-24T15:00:00Z,26045,19.765393
19.555,19.73,19.555,160,19.7,2025-06-24T16:00:00Z,16914,19.644673
19.64,19.69,19.57,130,19.57,2025-06-24T17:00:00Z,12842,19.626169
19.595,19.63,19.57,96,19.6,2025-06-24T18:00:00Z,11183,19.591312
19.46,19.635,19.44,225,19.59,2025-06-24T19:00:00Z,27678,19.542181
19.25,19.25,19.25,1,19.25,2025-06-25T12:00:00Z,200,19.25
19.115,19.205,19.05,101,19.1,2025-06-25T13:00:00Z,12555,19.120791
19.3,19.35,19.12,122,19.16,2025-06-25T14:00:00Z,15550,19.260523
19.36,19.53,19.36,70,19.36,2025-06-25T15:00:00Z,7337,19.438993
19.35,19.35,19.26,30,19.33,2025-06-25T16:00:00Z,3464,19.308137
19.375,19.48,19.29,43,19.34,2025-06-25T17:00:00Z,4142,19.376073
19.28,19.36,19.27,21,19.36,2025-06-25T18:00:00Z,2436,19.291305
19.08,19.265,19.065,104,19.255,2025-06-25T19:00:00Z,14556,19.149363
18.96,18.96,18.96,1,18.96,2025-06-26T12:00:00Z,310,18.96
18.89,19.02,18.85,240,19.0,2025-06-26T13:00:00Z,22890,18.940905
18.81,18.89,18.73,211,18.86,2025-06-26T14:00:00Z,22410,18.81314
18.87,18.94,18.8,146,18.8,2025-06-26T15:00:00Z,16259,18.879021
18.82,18.88,18.8,88,18.85,2025-06-26T16:00:00Z,13799,18.838
18.86,18.87,18.79,86,18.82,2025-06-26T17:00:00Z,9264,18.824169
18.96,18.96,18.79,135,18.88,2025-06-26T18:00:00Z,15627,18.850826
18.93,18.98,18.86,213,18.97,2025-06-26T19:00:00Z,32408,18.919226
18.78,18.8,18.65,100,18.67,2025-06-27T13:00:00Z,8672,18.728199
19.0,19.0,18.76,320,18.76,2025-06-27T14:00:00Z,33587,18.877857
18.89,19.08,18.85,121,19.02,2025-06-27T15:00:00Z,11951,18.940663
18.86,18.9,18.81,98,18.89,2025-06-27T16:00:00Z,10810,18.856538
19.26,19.44,18.87,354,18.87,2025-06-27T17:00:00Z,35935,19.138194
19.18,19.4,19.08,419,19.27,2025-06-27T18:00:00Z,41185,19.251563
18.9,19.18,18.875,457,19.15,2025-06-27T19:00:00Z,56096,18.976541
18.78,18.81,18.51,221,18.53,2025-06-30T13:00:00Z,18100,18.657047
18.91,18.97,18.69,268,18.73,2025-06-30T14:00:00Z,28475,18.835409
18.8,18.93,18.74,205,18.89,2025-06-30T15:00:00Z,21153,18.824541
18.8,18.89,18.74,143,18.78,2025-06-30T16:00:00Z,14053,18.815628
18.87,18.91,18.78,155,18.785,2025-06-30T17:00:00Z,16466,18.839641
18.64,18.86,18.62,214,18.86,2025-06-30T18:00:00Z,22795,18.738441
18.69,18.75,18.59,339,18.63,2025-06-30T19:00:00Z,49431,18.668956
18.81,18.81,18.81,1,18.81,2025-06-30T20:00:00Z,110,18.81
19.02,19.02,19.02,1,19.02,2025-07-01T12:00:00Z,200,19.02
18.67,18.96,18.57,193,18.95,2025-07-01T13:00:00Z,17258,18.747042
18.61,18.68,18.45,356,18.68,2025-07-01T14:00:00Z,36970,18.54523
18.66,18.75,18.49,343,18.6,2025-07-01T15:00:00Z,40429,18.616219
18.57,18.7,18.53,160,18.64,2025-07-01T16:00:00Z,18326,18.590198
18.6,18.65,18.57,155,18.59,2025-07-01T17:00:00Z,17787,18.609549
18.68,18.68,18.59,149,18.64,2025-07-01T18:00:00Z,16194,18.636869
18.7,18.89,18.59,535,18.75,2025-07-01T19:00:00Z,68893,18.713672
18.85,18.91,18.84,5,18.84,2025-07-02T12:00:00Z,1310,18.862061
18.76,18.87,18.67,161,18.73,2025-07-02T13:00:00Z,22039,18.745596
18.45,18.74,18.42,342,18.72,2025-07-02T14:00:00Z,42160,18.524751
18.47,18.49,18.39,133,18.42,2025-07-02T15:00:00Z,19290,18.436831
18.56,18.56,18.46,120,18.46,2025-07-02T16:00:00Z,17919,18.527116
18.63,18.65,18.47,164,18.56,2025-07-02T17:00:00Z,25295,18.566139
18.62,18.73,18.575,269,18.615,2025-07-02T18:00:00Z,39761,18.675784
18.66,18.69,18.6,181,18.61,2025-07-02T19:00:00Z,25591,18.650309
18.66,18.66,18.66,1,18.66,2025-07-02T20:00:00Z,110,18.66
18.28,18.47,18.25,5,18.47,2025-07-03T12:00:00Z,570,18.302631
18.19,18.31,18.03,272,18.31,2025-07-03T13:00:00Z,29750,18.119996
18.21,18.23,18.12,252,18.19,2025-07-03T14:00:00Z,31442,18.178251
18.29,18.29,18.16,344,18.2,2025-07-03T15:00:00Z,52948,18.218814
18.47,18.525,18.25,619,18.31,2025-07-03T16:00:00Z,126513,18.383073
18.44,18.44,18.43,6,18.43,2025-07-03T17:00:00Z,880,18.433171
18.8,18.92,18.72,275,18.79,2025-07-07T13:00:00Z,26569,18.832941
18.78,18.91,18.6,320,18.82,2025-07-07T14:00:00Z,43777,18.755105
18.74,18.86,18.67,171,18.79,2025-07-07T15:00:00Z,25666,18.770916
19.07,19.16,18.625,1217,18.72,2025-07-07T16:00:00Z,185632,18.961305
19.0,19.11,18.79,389,19.07,2025-07-07T17:00:00Z,50279,18.962374
18.87,19.26,18.87,415,18.94,2025-07-07T18:00:00Z,60977,19.060719
18.69,19.01,18.69,675,18.85,2025-07-07T19:00:00Z,117744,18.841822
18.87,18.87,18.87,1,18.87,2025-07-07T20:00:00Z,117,18.87
18.14,18.26,18.1,154,18.21,2025-07-08T13:00:00Z,14659,18.15608
18.1,18.28,18.07,446,18.14,2025-07-08T14:00:00Z,47305,18.143129
18.0,18.12,17.95,258,18.075,2025-07-08T15:00:00Z,32991,18.025798
18.02,18.02,17.85,290,17.97,2025-07-08T16:00:00Z,36482,17.944579
17.99,18.1,17.96,202,18.01,2025-07-08T17:00:00Z,22683,18.024222
18.03,18.05,17.95,114,17.99,2025-07-08T18:00:00Z,11896,17.994141
18.03,18.14,18.0,229,18.03,2025-07-08T19:00:00Z,32015,18.06247
17.42,17.43,17.42,2,17.43,2025-07-09T12:00:00Z,200,17.425
17.345,17.43,17.23,265,17.37,2025-07-09T13:00:00Z,30870,17.332027
17.6,17.64,17.33,413,17.335,2025-07-09T14:00:00Z,60701,17.493883
17.38,17.605,17.35,263,17.605,2025-07-09T15:00:00Z,48925,17.443197
17.37,17.41,17.29,187,17.33,2025-07-09T16:00:00Z,36325,17.367387
17.3,17.41,17.24,179,17.38,2025-07-09T17:00:00Z,32291,17.301155
17.1,17.31,17.08,302,17.31,2025-07-09T18:00:00Z,56033,17.160467
17.125,17.26,17.095,234,17.095,2025-07-09T19:00:00Z,48195,17.180156
17.07,17.07,17.0,3,17.0,2025-07-10T12:00:00Z,385,17.046623
17.1,17.12,16.95,167,16.99,2025-07-10T13:00:00Z,15263,17.061079
17.03,17.18,16.965,300,17.09,2025-07-10T14:00:00Z,40114,17.05287
16.97,17.04,16.95,96,17.0,2025-07-10T15:00:00Z,17931,16.98464
16.98,17.02,16.94,119,16.985,2025-07-10T16:00:00Z,18347,16.976732
16.94,17.0,16.92,48,16.97,2025-07-10T17:00:00Z,6807,16.947199
17.01,17.015,16.93,83,16.95,2025-07-10T18:00:00Z,14215,16.962987
16.91,17.01,16.85,186,17.01,2025-07-10T19:00:00Z,33930,16.901985
17.34,17.49,17.34,6,17.45,2025-07-11T12:00:00Z,456,17.4325
17.22,17.515,17.22,286,17.41,2025-07-11T13:00:00Z,35404,17.382418
17.14,17.27,17.04,267,17.26,2025-07-11T14:00:00Z,34302,17.17198
17.15,17.25,16.97,311,17.15,2025-07-11T15:00:00Z,52141,17.121928
16.885,17.22,16.88,263,17.14,2025-07-11T16:00:00Z,47807,17.076777
16.84,16.93,16.84,157,16.88,2025-07-11T17:00:00Z,24756,16.878411
16.86,16.875,16.79,175,16.855,2025-07-11T18:00:00Z,32422,16.836414
17.02,17.03,16.83,402,16.84,2025-07-11T19:00:00Z,72794,16.934933
17.33,17.45,17.33,11,17.45,2025-07-14T12:00:00Z,1340,17.385887
17.35,17.36,17.15,209,17.34,2025-07-14T13:00:00Z,25571,17.270762
17.36,17.43,17.145,328,17.35,2025-07-14T14:00:00Z,49832,17.313941
17.42,17.43,17.31,181,17.38,2025-07-14T15:00:00Z,30184,17.370368
17.36,17.46,17.34,137,17.43,2025-07-14T16:00:00Z,23744,17.399771
17.28,17.345,17.2,141,17.345,2025-07-14T17:00:00Z,24260,17.259792
17.35,17.355,17.29,59,17.3,2025-07-14T18:00:00Z,9685,17.315025
17.425,17.445,17.31,225,17.35,2025-07-14T19:00:00Z,46002,17.392603
17.21,17.21,16.86,186,16.87,2025-07-15T13:00:00Z,17400,17.082334
17.31,17.31,16.985,499,17.19,2025-07-15T14:00:00Z,47739,17.13571
17.02,17.29,17.01,331,17.28,2025-07-15T15:00:00Z,35200,17.152109
17.12,17.125,16.93,313,17.01,2025-07-15T16:00:00Z,33638,17.007714
16.88,17.13,16.88,218,17.13,2025-07-15T17:00:00Z,22332,16.989108
17.0,17.025,16.86,235,16.86,2025-07-15T18:00:00Z,27255,16.923043
17.25,17.27,16.995,353,17.065,2025-07-15T19:00:00Z,40665,17.153423
17.25,17.25,17.25,1,17.25,2025-07-15T20:00:00Z,100,17.25
17.17,17.17,17.17,2,17.17,2025-07-16T12:00:00Z,197,17.17
17.32,17.39,17.13,132,17.16,2025-07-16T13:00:00Z,15350,17.29706
17.485,17.54,17.085,356,17.3,2025-07-16T14:00:00Z,52582,17.279203
17.57,18.66,17.32,1644,17.38,2025-07-16T15:00:00Z,234127,18.043243
17.46,17.8,17.44,438,17.58,2025-07-16T16:00:00Z,60615,17.621273
17.505,17.56,17.34,187,17.45,2025-07-16T17:00:00Z,28692,17.445702
17.44,17.61,17.44,97,17.52,2025-07-16T18:00:00Z,16084,17.495644
17.46,17.58,17.44,124,17.5,2025-07-16T19:00:00Z,21075,17.50397
17.25,17.25,17.25,1,17.25,2025-07-17T12:00:00Z,100,17.25
17.3,17.42,17.27,160,17.39,2025-07-17T13:00:00Z,19147,17.327622
17.28,17.46,17.21,250,17.265,2025-07-17T14:00:00Z,32329,17.307515
17.265,17.285,17.18,156,17.26,2025-07-17T15:00:00Z,22821,17.234031
17.39,17.405,17.24,128,17.265,2025-07-17T16:00:00Z,21603,17.295191
17.4,17.47,17.38,146,17.39,2025-07-17T17:00:00Z,24148,17.419464
17.345,17.37,17.28,52,17.37,2025-07-17T18:00:00Z,8053,17.33455
17.37,17.39,17.27,236,17.34,2025-07-17T19:00:00Z,44886,17.31767
17.15,17.16,16.99,151,17.1,2025-07-18T13:00:00Z,22143,17.086528
17.12,17.2,17.03,371,17.14,2025-07-18T14:00:00Z,56038,17.098224
17.12,17.18,17.07,155,17.12,2025-07-18T15:00:00Z,29549,17.126288
17.25,17.295,17.09,240,17.09,2025-07-18T16:00:00Z,38550,17.218404
17.2,17.26,17.11,157,17.22,2025-07-18T17:00:00Z,29217,17.176393
17.13,17.22,17.12,132,17.13,2025-07-18T18:00:00Z,25109,17.162595
16.97,17.135,16.97,227,17.115,2025-07-18T19:00:00Z,61186,17.065914
16.66,16.81,16.66,113,16.735,2025-07-21T13:00:00Z,16057,16.739129
16.405,16.625,16.32,297,16.62,2025-07-21T14:00:00Z,57401,16.470213
16.45,16.455,16.355,74,16.39,2025-07-21T15:00:00Z,10794,16.395803
16.48,16.57,16.425,122,16.46,2025-07-21T16:00:00Z,23549,16.492777
16.57,16.57,16.47,61,16.48,2025-07-21T17:00:00Z,10485,16.500286
16.6,16.61,16.52,50,16.56,2025-07-21T18:00:00Z,10344,16.56306
16.82,16.84,16.59,164,16.6,2025-07-21T19:00:00Z,35015,16.725505
16.7,16.7,16.7,2,16.7,2025-07-22T12:00:00Z,180,16.7
17.13,17.345,16.71,223,16.71,2025-07-22T13:00:00Z,31594,16.991413
16.87,17.24,16.84,338,17.1,2025-07-22T14:00:00Z,53688,17.040211
16.95,16.98,16.85,147,16.87,2025-07-22T15:00:00Z,29765,16.900395
16.85,17.06,16.83,93,16.96,2025-07-22T16:00:00Z,16104,16.969931
16.75,16.85,16.63,146,16.8,2025-07-22T17:00:00Z,34955,16.721677
16.76,16.905,16.735,108,16.76,2025-07-22T18:00:00Z,21846,16.790427
16.725,16.78,16.66,174,16.765,2025-07-22T19:00:00Z,39897,16.713674
16.26,16.35,16.26,2,16.35,2025-07-23T12:00:00Z,200,16.305
16.51,16.54,16.335,149,16.335,2025-07-23T13:00:00Z,21882,16.428031
16.36,16.52,16.36,148,16.52,2025-07-23T14:00:00Z,21887,16.44962
16.23,16.47,16.23,262,16.35,2025-07-23T15:00:00Z,51816,16.348853
16.04,16.23,16.0,312,16.22,2025-07-23T16:00:00Z,57988,16.121547
15.84,16.045,15.75,280,16.03,2025-07-23T17:00:00Z,60701,15.887792
15.78,15.82,15.67,188,15.82,2025-07-23T18:00:00Z,37488,15.73888
15.71,15.83,15.685,353,15.78,2025-07-23T19:00:00Z,84518,15.76011
15.58,15.58,15.58,3,15.58,2025-07-24T12:00:00Z,330,15.58
15.53,15.605,15.475,193,15.54,2025-07-24T13:00:00Z,24830,15.51542
15.47,15.63,15.42,272,15.555,2025-07-24T14:00:00Z,36476,15.514629
15.5,15.5,15.39,119,15.455,2025-07-24T15:00:00Z,18606,15.459423
15.5,15.64,15.49,163,15.5,2025-07-24T16:00:00Z,25019,15.576387
15.5,15.53,15.48,62,15.495,2025-07-24T17:00:00Z,8100,15.498823
15.4,15.5,15.38,153,15.5,2025-07-24T18:00:00Z,19932,15.420474
15.6,15.685,15.36,320,15.41,2025-07-24T19:00:00Z,48787,15.547652
15.63,15.725,15.61,114,15.65,2025-07-25T13:00:00Z,14731,15.66216
15.61,15.69,15.54,313,15.59,2025-07-25T14:00:00Z,51323,15.594592
15.55,15.64,15.54,149,15.62,2025-07-25T15:00:00Z,25369,15.583093
15.395,15.545,15.39,140,15.54,2025-07-25T16:00:00Z,32200,15.464642
15.4,15.45,15.37,131,15.41,2025-07-25T17:00:00Z,28932,15.41307
15.42,15.44,15.39,123,15.4,2025-07-25T18:00:00Z,26400,15.413591
15.42,15.52,15.37,308,15.42,2025-07-25T19:00:00Z,80560,15.457186
15.44,15.44,15.42,8,15.44,2025-07-25T20:00:00Z,1340,15.425714
14.83,14.87,14.81,26,14.86,2025-07-28T12:00:00Z,2467,14.8475
15.03,15.1,14.88,210,14.9,2025-07-28T13:00:00Z,29563,15.01965
14.95,15.03,14.89,316,15.03,2025-07-28T14:00:00Z,61425,14.93553
14.845,15.11,14.82,347,14.96,2025-07-28T15:00:00Z,82898,14.928927
14.88,14.88,14.785,175,14.84,2025-07-28T16:00:00Z,41665,14.824952
14.96,14.96,14.85,132,14.88,2025-07-28T17:00:00Z,28893,14.915181
14.96,15.06,14.94,118,14.98,2025-07-28T18:00:00Z,25055,14.983095
14.76,15.01,14.76,529,14.97,2025-07-28T19:00:00Z,163501,14.835345
14.52,14.52,14.52,2,14.52,2025-07-29T12:00:00Z,160,14.52
14.57,14.6,14.41,232,14.515,2025-07-29T13:00:00Z,31197,14.508166
14.68,14.71,14.49,273,14.55,2025-07-29T14:00:00Z,49610,14.565949
14.89,15.26,14.66,736,14.685,2025-07-29T15:00:00Z,175338,14.956275
14.905,15.03,14.82,199,14.9,2025-07-29T16:00:00Z,36649,14.929415
15.0,15.14,14.88,261,14.925,2025-07-29T17:00:00Z,51572,14.971641
15.155,15.2,14.99,215,14.99,2025-07-29T18:00:00Z,44222,15.106919
15.27,15.41,15.135,541,15.17,2025-07-29T19:00:00Z,119126,15.285322
15.27,15.27,15.27,3,15.27,2025-07-29T20:00:00Z,230,15.27
15.27,15.27,15.22,2,15.22,2025-07-30T12:00:00Z,200,15.245
15.21,15.295,15.07,176,15.25,2025-07-30T13:00:00Z,20578,15.158367
15.18,15.205,14.98,280,15.17,2025-07-30T14:00:00Z,49567,15.101417
15.09,15.4,15.08,329,15.165,2025-07-30T15:00:00Z,60045,15.209285
15.2,15.22,15.04,257,15.085,2025-07-30T16:00:00Z,61823,15.081372
15.09,15.24,15.09,129,15.215,2025-07-30T17:00:00Z,30134,15.16692
15.55,15.57,15.01,454,15.07,2025-07-30T18:00:00Z,76572,15.205297
15.41,15.76,15.32,1182,15.575,2025-07-30T19:00:00Z,206221,15.56019
15.02,15.02,15.02,1,15.02,2025-07-30T20:00:00Z,100,15.02
14.81,14.83,14.79,7,14.79,2025-07-31T12:00:00Z,626,14.815
14.83,15.155,14.76,401,14.8,2025-07-31T13:00:00Z,76557,14.990782
15.09,15.09,14.77,203,14.79,2025-07-31T14:00:00Z,39256,14.878243
14.98,15.33,14.98,209,15.05,2025-07-31T15:00:00Z,39848,15.157868
14.92,14.98,14.84,98,14.96,2025-07-31T16:00:00Z,20938,14.894026
15.53,15.54,14.98,299,14.98,2025-07-31T17:00:00Z,58632,15.271785
15.22,15.59,15.07,317,15.46,2025-07-31T18:00:00Z,64031,15.331576
15.46,15.62,15.08,432,15.17,2025-07-31T19:00:00Z,107430,15.373532
16.65,16.65,16.32,12,16.4,2025-08-01T12:00:00Z,1490,16.45028
17.15,17.3,16.575,966,16.61,2025-08-01T13:00:00Z,127105,16.946283
17.26,17.56,16.79,972,17.15,2025-08-01T14:00:00Z,158540,17.126311
16.88,17.44,16.86,532,17.23,2025-08-01T15:00:00Z,102867,17.18967
17.49,17.51,16.64,764,16.88,2025-08-01T16:00:00Z,150175,17.082707
17.73,17.82,17.405,939,17.48,2025-08-01T17:00:00Z,211852,17.661331
17.64,17.92,17.2,554,17.69,2025-08-01T18:00:00Z,133181,17.553263
17.42,17.82,17.39,881,17.66,2025-08-01T19:00:00Z,205315,17.572419
16.73,16.75,16.63,17,16.63,2025-08-04T12:00:00Z,1510,16.689155
16.23,16.77,16.23,386,16.77,2025-08-04T13:00:00Z,62770,16.442863
16.15,16.24,15.95,406,16.22,2025-08-04T14:00:00Z,74985,16.062394
16.1,16.2,16.09,115,16.185,2025-08-04T15:00:00Z,16141,16.137794
15.95,16.13,15.91,172,16.09,2025-08-04T16:00:00Z,27105,16.021876
15.9,15.97,15.86,101,15.94,2025-08-04T17:00:00Z,19612,15.902004
15.82,15.87,15.62,230,15.87,2025-08-04T18:00:00Z,45301,15.751425
15.62,15.86,15.62,228,15.79,2025-08-04T19:00:00Z,39861,15.759984
15.42,15.45,15.37,41,15.37,2025-08-05T12:00:00Z,4021,15.421979
15.72,15.72,15.46,182,15.46,2025-08-05T13:00:00Z,38952,15.646403
16.28,16.52,15.74,370,15.85,2025-08-05T14:00:00Z,65694,16.181466
16.11,16.345,16.05,122,16.33,2025-08-05T15:00:00Z,18880,16.18495
15.81,16.02,15.68,147,16.02,2025-08-05T16:00:00Z,25197,15.792659
15.63,15.83,15.63,57,15.81,2025-08-05T17:00:00Z,12335,15.678411
15.94,16.01,15.65,94,15.65,2025-08-05T18:00:00Z,17170,15.84549
15.845,15.95,15.76,197,15.9,2025-08-05T19:00:00Z,39320,15.884176
15.8,15.96,15.69,134,15.78,2025-08-06T13:00:00Z,24454,15.81237
15.515,15.9,15.48,279,15.78,2025-08-06T14:00:00Z,53274,15.617862
15.39,15.53,15.33,352,15.525,2025-08-06T15:00:00Z,81980,15.441147
15.38,15.415,15.29,142,15.36,2025-08-06T16:00:00Z,30752,15.353088
15.31,15.38,15.29,95,15.36,2025-08-06T17:00:00Z,19216,15.338831
15.32,15.32,15.205,138,15.29,2025-08-06T18:00:00Z,27823,15.253839
15.095,15.305,15.06,238,15.295,2025-08-06T19:00:00Z,55451,15.159669
15.13,15.13,15.13,1,15.13,2025-08-06T20:00:00Z,100,15.13
14.85,14.85,14.85,4,14.85,2025-08-07T12:00:00Z,600,14.85
14.79,14.87,14.71,172,14.78,2025-08-07T13:00:00Z,27037,14.787059
15.27,15.32,14.76,350,14.76,2025-08-07T14:00:00Z,55480,15.096501
15.29,15.4,15.19,227,15.22,2025-08-07T15:00:00Z,41532,15.290046
15.34,15.59,15.2,167,15.31,2025-08-07T16:00:00Z,32876,15.381513
15.31,15.5,15.27,153,15.34,2025-08-07T17:00:00Z,26192,15.367523
15.38,15.6,15.28,194,15.28,2025-08-07T18:00:00Z,41071,15.449898
15.24,15.5,15.23,278,15.34,2025-08-07T19:00:00Z,61710,15.359169
15.02,15.02,15.02,2,15.02,2025-08-08T12:00:00Z,210,15.02
14.755,14.94,14.73,209,14.93,2025-08-08T13:00:00Z,27948,14.8277
14.89,14.9,14.63,475,14.74,2025-08-08T14:00:00Z,87761,14.729976
14.75,14.95,14.75,179,14.89,2025-08-08T15:00:00Z,32888,14.833714
14.88,14.88,14.64,131,14.735,2025-08-08T16:00:00Z,24272,14.730587
14.66,14.94,14.66,154,14.92,2025-08-08T17:00:00Z,28688,14.78823
14.53,14.68,14.5,214,14.66,2025-08-08T18:00:00Z,39442,14.588852
14.48,14.68,14.475,388,14.54,2025-08-08T19:00:00Z,90571,14.585892
14.42,14.42,14.42,1,14.42,2025-08-08T20:00:00Z,100,14.42
14.37,14.505,14.36,95,14.4,2025-08-11T13:00:00Z,11449,14.417466
14.44,14.45,14.26,97,14.35,2025-08-11T14:00:00Z,14884,14.347204
14.38,14.49,14.36,59,14.46,2025-08-11T15:00:00Z,10096,14.410234
14.36,14.4,14.3,84,14.37,2025-08-11T16:00:00Z,11853,14.336178
14.445,14.5,14.39,47,14.42,2025-08-11T17:00:00Z,7770,14.4425
14.48,14.61,14.38,85,14.46,2025-08-11T18:00:00Z,15001,14.469663
14.575,14.7,14.455,275,14.505,2025-08-11T19:00:00Z,50347,14.565324
14.09,14.52,14.06,37,14.52,2025-08-12T12:00:00Z,4598,14.090581
14.16,14.21,13.94,373,14.11,2025-08-12T13:00:00Z,43227,14.079442
13.85,14.21,13.83,265,14.15,2025-08-12T14:00:00Z,45279,13.963038
13.77,13.87,13.695,403,13.85,2025-08-12T15:00:00Z,103497,13.810846
13.82,13.84,13.73,88,13.78,2025-08-12T16:00:00Z,24927,13.767287
13.72,13.85,13.71,111,13.81,2025-08-12T17:00:00Z,28071,13.775549
13.75,13.75,13.66,116,13.72,2025-08-12T18:00:00Z,30868,13.700753
13.65,13.76,13.62,185,13.745,2025-08-12T19:00:00Z,49642,13.691363
13.64,13.64,13.64,1,13.64,2025-08-12T20:00:00Z,190,13.64
13.35,13.41,13.33,9,13.41,2025-08-13T12:00:00Z,878,13.369394
13.46,13.48,13.34,196,13.37,2025-08-13T13:00:00Z,33271,13.412952
13.56,13.67,13.46,256,13.46,2025-08-13T14:00:00Z,39804,13.571068
13.54,13.66,13.42,178,13.55,2025-08-13T15:00:00Z,25464,13.556916
13.56,13.59,13.43,80,13.52,2025-08-13T16:00:00Z,11200,13.521949
13.53,13.63,13.5,94,13.53,2025-08-13T17:00:00Z,19561,13.562297
13.45,13.545,13.42,116,13.545,2025-08-13T18:00:00Z,20316,13.471537
13.5,13.54,13.37,296,13.46,2025-08-13T19:00:00Z,58910,13.472669
13.88,13.91,13.46,55,13.46,2025-08-14T12:00:00Z,6368,13.822678
13.74,13.97,13.62,363,13.91,2025-08-14T13:00:00Z,52335,13.769298
13.61,13.69,13.49,247,13.68,2025-08-14T14:00:00Z,37089,13.581812
13.7,13.87,13.57,246,13.6,2025-08-14T15:00:00Z,41119,13.743388
13.59,13.88,13.58,128,13.68,2025-08-14T16:00:00Z,20331,13.736403
13.65,13.65,13.53,99,13.58,2025-08-14T17:00:00Z,16600,13.598402
13.52,13.69,13.51,82,13.65,2025-08-14T18:00:00Z,12448,13.568727
13.58,13.6,13.515,356,13.54,2025-08-14T19:00:00Z,74592,13.550178
13.65,13.7,13.65,8,13.7,2025-08-14T20:00:00Z,2046,13.679597
13.48,13.48,13.48,1,13.48,2025-08-15T12:00:00Z,100,13.48
13.6,13.69,13.47,237,13.48,2025-08-15T13:00:00Z,33842,13.613361
13.49,13.69,13.43,382,13.69,2025-08-15T14:00:00Z,71076,13.49913
13.525,13.64,13.4,386,13.5,2025-08-15T15:00:00Z,76265,13.51501
13.59,13.62,13.5,246,13.52,2025-08-15T16:00:00Z,53192,13.561823
13.6,13.68,13.54,411,13.58,2025-08-15T17:00:00Z,106671,13.629874
13.49,13.655,13.46,298,13.61,2025-08-15T18:00:00Z,67067,13.578052
13.515,13.63,13.48,404,13.48,2025-08-15T19:00:00Z,74687,13.560249
13.44,13.53,13.44,3,13.53,2025-08-18T12:00:00Z,220,13.485
13.49,13.5,13.4,81,13.43,2025-08-18T13:00:00Z,11161,13.459022
13.21,13.48,13.2,311,13.48,2025-08-18T14:00:00Z,68010,13.301025
13.03,13.21,12.87,822,13.21,2025-08-18T15:00:00Z,198383,13.024116
13.17,13.195,12.98,108,13.01,2025-08-18T16:00:00Z,20674,13.109713
13.09,13.16,13.02,51,13.16,2025-08-18T17:00:00Z,8750,13.06821
13.035,13.09,13.025,82,13.07,2025-08-18T18:00:00Z,12147,13.062119
13.03,13.09,12.96,239,13.02,2025-08-18T19:00:00Z,48404,13.01352
12.8,12.8,12.8,1,12.8,2025-08-19T12:00:00Z,120,12.8
12.89,12.97,12.82,174,12.82,2025-08-19T13:00:00Z,26800,12.890663
13.12,13.12,12.8,229,12.875,2025-08-19T14:00:00Z,45912,12.934697
13.23,13.24,13.0,312,13.12,2025-08-19T15:00:00Z,59909,13.159419
13.38,13.5,13.2,337,13.22,2025-08-19T16:00:00Z,69042,13.362278
13.2,13.49,13.2,225,13.37,2025-08-19T17:00:00Z,51518,13.336843
13.395,13.46,13.19,133,13.19,2025-08-19T18:00:00Z,35642,13.364629
13.41,13.5,13.355,384,13.47,2025-08-19T19:00:00Z,100426,13.416787
13.34,13.4,13.33,3,13.4,2025-08-19T20:00:00Z,590,13.357034
13.84,13.91,13.41,246,13.46,2025-08-20T13:00:00Z,29287,13.726692
13.98,14.06,13.59,426,13.78,2025-08-20T14:00:00Z,64367,13.899796
13.76,14.015,13.515,457,13.95,2025-08-20T15:00:00Z,78666,13.712957
13.7,13.77,13.52,137,13.77,2025-08-20T16:00:00Z,25336,13.628201
13.63,13.73,13.475,155,13.7,2025-08-20T17:00:00Z,32796,13.587263
13.59,13.87,13.57,181,13.65,2025-08-20T18:00:00Z,38125,13.752536
13.34,13.58,13.26,323,13.58,2025-08-20T19:00:00Z,61894,13.361165
13.65,13.65,13.56,8,13.56,2025-08-21T12:00:00Z,860,13.606744
13.74,13.93,13.6,214,13.65,2025-08-21T13:00:00Z,30563,13.733796
13.5,13.82,13.42,204,13.81,2025-08-21T14:00:00Z,30553,13.517394
13.64,13.71,13.45,77,13.49,2025-08-21T15:00:00Z,11094,13.545395
13.63,13.71,13.59,73,13.69,2025-08-21T16:00:00Z,13325,13.654371
13.62,13.83,13.61,115,13.65,2025-08-21T17:00:00Z,19422,13.675458
13.56,13.67,13.53,106,13.61,2025-08-21T18:00:00Z,26275,13.597433
13.61,13.67,13.52,252,13.53,2025-08-21T19:00:00Z,51021,13.586975
13.61,13.61,13.61,1,13.61,2025-08-21T20:00:00Z,100,13.61
13.58,13.58,13.51,11,13.55,2025-08-22T12:00:00Z,855,13.536944
13.5,13.55,13.38,235,13.55,2025-08-22T13:00:00Z,35260,13.464524
12.56,13.46,12.49,980,13.46,2025-08-22T14:00:00Z,153407,12.6803
12.25,12.56,12.2,513,12.555,2025-08-22T15:00:00Z,115162,12.374145
12.29,12.295,12.15,135,12.235,2025-08-22T16:00:00Z,32627,12.217793
12.08,12.26,12.05,112,12.26,2025-08-22T17:00:00Z,30059,12.114613
12.1,12.115,12.04,86,12.075,2025-08-22T18:00:00Z,16474,12.079811
11.93,12.16,11.93,394,12.1,2025-08-22T19:00:00Z,129705,12.024834
12.23,12.23,12.1,18,12.1,2025-08-25T12:00:00Z,1205,12.168
12.08,12.22,12.075,151,12.15,2025-08-25T13:00:00Z,26869,12.149271
11.915,12.12,11.9,196,12.07,2025-08-25T14:00:00Z,41576,12.002402
11.935,11.99,11.88,127,11.92,2025-08-25T15:00:00Z,40379,11.940344
11.89,11.95,11.87,90,11.94,2025-08-25T16:00:00Z,26934,11.901667
11.92,12.0,11.9,88,11.9,2025-08-25T17:00:00Z,22907,11.937135
11.91,11.95,11.895,74,11.915,2025-08-25T18:00:00Z,18107,11.926942
11.99,11.99,11.895,195,11.915,2025-08-25T19:00:00Z,54523,11.940444
11.98,11.98,11.98,3,11.98,2025-08-25T20:00:00Z,110,11.98
12.11,12.13,12.11,3,12.13,2025-08-26T12:00:00Z,344,12.123827
12.06,12.11,12.03,86,12.11,2025-08-26T13:00:00Z,17182,12.067221
11.91,12.01,11.85,241,12.01,2025-08-26T14:00:00Z,55913,11.923703
11.97,12.0,11.91,62,11.91,2025-08-26T15:00:00Z,16247,11.960954
11.91,11.965,11.91,62,11.96,2025-08-26T16:00:00Z,21574,11.92952
12.01,12.01,11.91,39,11.91,2025-08-26T17:00:00Z,11504,11.936896
11.91,11.97,11.91,17,11.97,2025-08-26T18:00:00Z,4700,11.93234
11.85,11.93,11.84,138,11.89,2025-08-26T19:00:00Z,51774,11.879369
11.9,11.91,11.83,20,11.87,2025-08-27T12:00:00Z,2630,11.857769
11.875,11.93,11.84,174,11.91,2025-08-27T13:00:00Z,29842,11.879521
11.9,11.93,11.85,151,11.88,2025-08-27T14:00:00Z,35729,11.884037
11.9,11.98,11.88,89,11.88,2025-08-27T15:00:00Z,32576,11.915844
12.01,12.15,11.915,113,11.915,2025-08-27T16:00:00Z,30852,12.041499
11.95,12.02,11.89,69,12.01,2025-08-27T17:00:00Z,24084,11.940081
11.92,11.94,11.89,26,11.94,2025-08-27T18:00:00Z,5970,11.913041
11.92,11.98,11.875,170,11.92,2025-08-27T19:00:00Z,59683,11.912899
11.87,11.94,11.65,413,11.66,2025-08-28T13:00:00Z,82484,11.839257
11.74,11.86,11.705,364,11.84,2025-08-28T14:00:00Z,56580,11.79282
11.685,11.77,11.66,134,11.74,2025-08-28T15:00:00Z,28110,11.712037
11.71,11.715,11.65,126,11.71,2025-08-28T16:00:00Z,32054,11.683751
11.67,11.71,11.63,69,11.71,2025-08-28T17:00:00Z,13227,11.66043
11.69,11.69,11.66,32,11.68,2025-08-28T18:00:00Z,7933,11.677253
11.69,11.75,11.675,125,11.69,2025-08-28T19:00:00Z,25468,11.707696
11.67,11.67,11.66,5,11.66,2025-08-29T12:00:00Z,520,11.665
11.9,11.93,11.58,293,11.64,2025-08-29T13:00:00Z,47484,11.738509
11.99,12.2,11.85,572,11.9,2025-08-29T14:00:00Z,120657,12.027346
12.03,12.03,11.86,144,11.97,2025-08-29T15:00:00Z,38085,11.949508
11.96,12.08,11.94,79,12.03,2025-08-29T16:00:00Z,21800,11.989835
11.95,12.08,11.93,95,11.99,2025-08-29T17:00:00Z,31483,12.020487
12.0,12.03,11.98,46,11.99,2025-08-29T18:00:00Z,13762,12.005274
12.05,12.08,11.915,270,12.0,2025-08-29T19:00:00Z,87585,11.984303
13.03,13.09,12.65,126,12.69,2025-09-02T12:00:00Z,9174,12.871077
12.81,13.27,12.72,695,13.04,2025-09-02T13:00:00Z,131926,12.926101
12.935,13.02,12.64,907,12.8,2025-09-02T14:00:00Z,184972,12.834152
13.3,13.38,12.89,497,12.94,2025-09-02T15:00:00Z,133932,13.134925
13.0,13.34,13.0,550,13.28,2025-09-02T16:00:00Z,139959,13.191303
12.765,13.02,12.67,285,13.0,2025-09-02T17:00:00Z,66448,12.840088
12.905,12.99,12.71,284,12.71,2025-09-02T18:00:00Z,63070,12.870468
12.62,12.89,12.6,457,12.88,2025-09-02T19:00:00Z,144572,12.683008
12.59,12.59,12.59,1,12.59,2025-09-02T20:00:00Z,3200,12.59
12.53,12.53,12.53,1,12.53,2025-09-03T12:00:00Z,100,12.53
12.45,12.51,12.33,583,12.49,2025-09-03T13:00:00Z,95109,12.414757
12.16,12.52,12.15,308,12.46,2025-09-03T14:00:00Z,57495,12.272941
12.4,12.4,12.14,199,12.16,2025-09-03T15:00:00Z,58421,12.259137
12.265,12.395,12.215,162,12.37,2025-09-03T16:00:00Z,38989,12.301166
12.36,12.42,12.14,119,12.25,2025-09-03T17:00:00Z,27088,12.239631
12.41,12.415,12.3,255,12.38,2025-09-03T18:00:00Z,63615,12.370017
12.135,12.43,12.13,251,12.37,2025-09-03T19:00:00Z,67416,12.229723
11.91,12.04,11.9,205,12.0,2025-09-04T13:00:00Z,36691,11.926147
11.77,12.03,11.74,460,11.91,2025-09-04T14:00:00Z,108351,11.830306
11.795,11.81,11.75,172,11.76,2025-09-04T15:00:00Z,47952,11.778137
11.78,11.82,11.75,95,11.8,2025-09-04T16:00:00Z,23908,11.794564
11.69,11.785,11.69,139,11.785,2025-09-04T17:00:00Z,39455,11.754186
11.74,11.745,11.69,86,11.7,2025-09-04T18:00:00Z,20305,11.714877
11.58,11.725,11.575,179,11.72,2025-09-04T19:00:00Z,59557,11.640885
11.3,11.58,11.3,30,11.54,2025-09-05T12:00:00Z,2690,11.46728
11.27,11.3,11.15,264,11.27,2025-09-05T13:00:00Z,49701,11.225505
11.97,11.995,11.28,596,11.28,2025-09-05T14:00:00Z,136538,11.729924
11.79,12.11,11.7,287,11.98,2025-09-05T15:00:00Z,59149,11.884566
11.71,11.84,11.68,180,11.8,2025-09-05T16:00:00Z,42308,11.773602
11.8,11.9,11.69,171,11.73,2025-09-05T17:00:00Z,42613,11.776834
11.6,11.82,11.6,157,11.8,2025-09-05T18:00:00Z,46508,11.685935
11.67,11.79,11.56,491,11.62,2025-09-05T19:00:00Z,130420,11.678459
11.63,11.63,11.63,1,11.63,2025-09-05T20:00:00Z,200,11.63
11.5,11.59,11.49,25,11.49,2025-09-08T12:00:00Z,3440,11.498457
11.45,11.505,11.375,296,11.5,2025-09-08T13:00:00Z,55468,11.417465
11.315,11.505,11.28,239,11.465,2025-09-08T14:00:00Z,63282,11.394387
11.3,11.37,11.26,151,11.3,2025-09-08T15:00:00Z,46545,11.303211
11.37,11.41,11.305,175,11.305,2025-09-08T16:00:00Z,68526,11.36781
11.425,11.425,11.31,103,11.35,2025-09-08T17:00:00Z,35522,11.369669
11.335,11.42,11.325,78,11.405,2025-09-08T18:00:00Z,21936,11.370532
11.3,11.42,11.3,257,11.345,2025-09-08T19:00:00Z,102208,11.356836
11.3,11.3,11.3,2,11.3,2025-09-09T12:00:00Z,200,11.3
11.45,11.5,11.33,193,11.33,2025-09-09T13:00:00Z,36938,11.450641
11.47,11.6,11.34,350,11.405,2025-09-09T14:00:00Z,68050,11.471093
11.405,11.49,11.35,207,11.44,2025-09-09T15:00:00Z,55949,11.390937
11.28,11.41,11.26,165,11.41,2025-09-09T16:00:00Z,40807,11.321727
11.24,11.29,11.215,102,11.29,2025-09-09T17:00:00Z,31551,11.247931
11.245,11.255,11.205,76,11.235,2025-09-09T18:00:00Z,21234,11.232567
11.23,11.28,11.2,181,11.25,2025-09-09T19:00:00Z,59588,11.237382
11.05,11.18,11.02,20,11.18,2025-09-10T12:00:00Z,2240,11.073909
11.02,11.07,10.98,247,11.05,2025-09-10T13:00:00Z,55024,11.01593
11.06,11.08,10.95,214,11.02,2025-09-10T14:00:00Z,63694,11.01021
11.05,11.13,11.01,247,11.065,2025-09-10T15:00:00Z,76383,11.070296
11.05,11.18,11.05,220,11.05,2025-09-10T16:00:00Z,68667,11.105428
11.08,11.14,11.015,93,11.025,2025-09-10T17:00:00Z,21767,11.090576
11.08,11.14,11.06,149,11.075,2025-09-10T18:00:00Z,43773,11.091114
11.125,11.27,11.07,480,11.07,2025-09-10T19:00:00Z,193884,11.157506
11.14,11.14,11.13,3,11.13,2025-09-10T20:00:00Z,513,11.134
10.93,11.02,10.92,23,11.02,2025-09-11T12:00:00Z,2460,10.945404
10.83,10.96,10.83,170,10.91,2025-09-11T13:00:00Z,30145,10.887899
10.855,10.905,10.82,184,10.83,2025-09-11T14:00:00Z,56750,10.862101
10.795,10.84,10.79,93,10.83,2025-09-11T15:00:00Z,30271,10.820831
10.815,10.84,10.745,144,10.79,2025-09-11T16:00:00Z,33975,10.801063
10.84,10.85,10.8,75,10.81,2025-09-11T17:00:00Z,21003,10.825831
10.825,10.86,10.8,50,10.85,2025-09-11T18:00:00Z,18030,10.833384
10.75,10.84,10.73,124,10.835,2025-09-11T19:00:00Z,44006,10.783922
10.75,10.75,10.75,1,10.75,2025-09-11T20:00:00Z,400,10.75
10.74,10.77,10.71,14,10.72,2025-09-12T12:00:00Z,1490,10.742617
10.65,10.76,10.65,150,10.76,2025-09-12T13:00:00Z,28656,10.689624
10.595,10.67,10.595,106,10.66,2025-09-12T14:00:00Z,26560,10.627008
10.62,10.66,10.595,272,10.6,2025-09-12T15:00:00Z,58680,10.626221
10.6,10.645,10.59,37,10.635,2025-09-12T16:00:00Z,12880,10.620323
10.595,10.61,10.595,25,10.6,2025-09-12T17:00:00Z,11800,10.603414
10.6,10.6,10.55,64,10.59,2025-09-12T18:00:00Z,22334,10.572514
10.72,10.79,10.6,280,10.6,2025-09-12T19:00:00Z,105373,10.691315
10.55,10.55,10.55,2,10.55,2025-09-15T12:00:00Z,200,10.55
10.57,10.62,10.54,117,10.54,2025-09-15T13:00:00Z,25166,10.58734
10.6,10.61,10.55,129,10.575,2025-09-15T14:00:00Z,37420,10.573258
10.715,10.72,10.59,180,10.6,2025-09-15T15:00:00Z,58267,10.656863
10.82,10.82,10.68,163,10.725,2025-09-15T16:00:00Z,57270,10.715013
10.75,10.84,10.74,197,10.84,2025-09-15T17:00:00Z,75202,10.776996
10.84,10.875,10.75,116,10.75,2025-09-15T18:00:00Z,42310,10.806975
10.895,10.935,10.82,519,10.84,2025-09-15T19:00:00Z,194487,10.894063
10.87,10.89,10.87,3,10.89,2025-09-15T20:00:00Z,300,10.88
10.91,10.91,10.88,5,10.88,2025-09-16T12:00:00Z,800,10.8875
11.015,11.04,10.9,274,10.9,2025-09-16T13:00:00Z,76332,10.97983
11.02,11.11,10.965,244,11.02,2025-09-16T14:00:00Z,82693,11.030856
11.03,11.065,11.0,127,11.03,2025-09-16T15:00:00Z,58238,11.032126
10.935,11.045,10.925,123,11.025,2025-09-16T16:00:00Z,52325,10.987707
10.945,10.97,10.9,84,10.91,2025-09-16T17:00:00Z,30141,10.934735
11.02,11.025,10.93,114,10.96,2025-09-16T18:00:00Z,46962,10.9794
11.16,11.19,11.01,414,11.015,2025-09-16T19:00:00Z,206777,11.129689
11.05,11.16,11.04,19,11.16,2025-09-17T12:00:00Z,2300,11.081818
10.905,11.06,10.84,245,11.06,2025-09-17T13:00:00Z,48645,10.92448
10.885,10.94,10.85,213,10.885,2025-09-17T14:00:00Z,59364,10.893274
10.865,10.92,10.85,95,10.905,2025-09-17T15:00:00Z,36322,10.886238
11.0,11.02,10.87,207,10.87,2025-09-17T16:00:00Z,104244,10.921533
10.85,11.0,10.84,86,11.0,2025-09-17T17:00:00Z,33245,10.892286
10.73,11.035,10.53,735,10.7,2025-09-17T18:00:00Z,164314,10.785861
10.54,10.73,10.32,1118,10.71,2025-09-17T19:00:00Z,238181,10.486216
10.2,10.2,10.18,10,10.18,2025-09-18T12:00:00Z,760,10.193333
10.315,10.425,10.23,201,10.24,2025-09-18T13:00:00Z,46312,10.338801
10.53,10.54,10.255,225,10.285,2025-09-18T14:00:00Z,86560,10.397281
10.5,10.555,10.42,148,10.505,2025-09-18T15:00:00Z,56992,10.496636
10.33,10.46,10.305,113,10.445,2025-09-18T16:00:00Z,44743,10.368746
10.42,10.43,10.32,37,10.33,2025-09-18T17:00:00Z,10555,10.395103
10.385,10.44,10.38,78,10.43,2025-09-18T18:00:00Z,32352,10.401669
10.5,10.57,10.4,214,10.4,2025-09-18T19:00:00Z,121900,10.511901
10.41,10.41,10.41,3,10.41,2025-09-19T12:00:00Z,230,10.41
10.46,10.49,10.385,200,10.41,2025-09-19T13:00:00Z,43644,10.434195
10.58,10.685,10.45,187,10.455,2025-09-19T14:00:00Z,56864,10.585238
10.6,10.73,10.54,208,10.545,2025-09-19T15:00:00Z,77555,10.639149
10.55,10.6,10.515,95,10.6,2025-09-19T16:00:00Z,45207,10.549043
10.51,10.54,10.48,66,10.53,2025-09-19T17:00:00Z,37990,10.509303
10.47,10.52,10.46,61,10.51,2025-09-19T18:00:00Z,28469,10.492373
10.5,10.51,10.46,158,10.46,2025-09-19T19:00:00Z,74768,10.488132
10.49,10.49,10.49,2,10.49,2025-09-19T20:00:00Z,200,10.49
10.68,10.75,10.68,15,10.71,2025-09-22T12:00:00Z,1090,10.72
10.545,10.67,10.52,99,10.67,2025-09-22T13:00:00Z,23617,10.595211
10.565,10.575,10.53,44,10.55,2025-09-22T14:00:00Z,8362,10.559945
10.62,10.63,10.56,77,10.56,2025-09-22T15:00:00Z,25646,10.607539
10.575,10.61,10.55,52,10.58,2025-09-22T16:00:00Z,17514,10.577693
10.61,10.61,10.59,26,10.59,2025-09-22T17:00:00Z,6000,10.600846
10.61,10.615,10.59,58,10.61,2025-09-22T18:00:00Z,19881,10.602016
10.79,10.81,10.595,597,10.6,2025-09-22T19:00:00Z,297833,10.739417
10.78,10.78,10.78,1,10.78,2025-09-22T20:00:00Z,200,10.78
10.72,10.72,10.71,5,10.72,2025-09-23T12:00:00Z,500,10.716
10.945,10.95,10.775,139,10.775,2025-09-23T13:00:00Z,31641,10.869471
10.825,10.97,10.805,189,10.965,2025-09-23T14:00:00Z,62067,10.887039
10.92,10.925,10.82,74,10.82,2025-09-23T15:00:00Z,26838,10.883289
10.93,10.97,10.855,139,10.93,2025-09-23T16:00:00Z,55250,10.925134
11.07,11.24,10.92,417,10.92,2025-09-23T17:00:00Z,148987,11.080959
11.225,11.23,11.07,272,11.08,2025-09-23T18:00:00Z,80761,11.155323
10.97,11.23,10.915,860,11.205,2025-09-23T19:00:00Z,479753,11.022087
10.87,10.89,10.87,14,10.89,2025-09-24T12:00:00Z,870,10.882857
11.0,11.035,10.86,119,10.88,2025-09-24T13:00:00Z,22498,10.942733
10.935,11.0,10.89,88,10.99,2025-09-24T14:00:00Z,21132,10.938884
11.21,11.22,10.92,215,10.935,2025-09-24T15:00:00Z,68646,11.048791
11.1,11.27,11.035,239,11.195,2025-09-24T16:00:00Z,97227,11.142605
11.04,11.09,10.93,101,11.09,2025-09-24T17:00:00Z,26944,11.038336
10.87,11.09,10.865,99,11.045,2025-09-24T18:00:00Z,25320,10.956658
10.8,10.94,10.78,218,10.855,2025-09-24T19:00:00Z,98437,10.871357
11.18,11.23,11.02,54,11.06,2025-09-25T12:00:00Z,2910,11.1545
11.13,11.29,11.03,312,11.18,2025-09-25T13:00:00Z,76700,11.164815
10.82,11.13,10.78,437,11.12,2025-09-25T14:00:00Z,131244,10.878117
10.69,10.9,10.69,293,10.83,2025-09-25T15:00:00Z,131423,10.790286
10.83,10.85,10.65,150,10.67,2025-09-25T16:00:00Z,74340,10.740059
11.12,11.13,10.77,254,10.82,2025-09-25T17:00:00Z,99973,10.937834
10.97,11.26,10.96,346,11.13,2025-09-25T18:00:00Z,131118,11.072322
11.02,11.07,10.93,282,10.99,2025-09-25T19:00:00Z,106051,11.01601
11.02,11.02,11.02,7,11.02,2025-09-25T20:00:00Z,350,11.02
10.77,10.96,10.74,32,10.94,2025-09-26T12:00:00Z,1990,10.798667
10.79,10.88,10.77,154,10.78,2025-09-26T13:00:00Z,44625,10.804786
10.95,11.09,10.76,185,10.76,2025-09-26T14:00:00Z,47501,10.941725
10.875,10.97,10.78,132,10.955,2025-09-26T15:00:00Z,39756,10.855579
10.58,10.88,10.565,213,10.88,2025-09-26T16:00:00Z,78464,10.698426
10.6,10.64,10.56,129,10.59,2025-09-26T17:00:00Z,53764,10.589015
10.555,10.61,10.52,103,10.58,2025-09-26T18:00:00Z,33998,10.55752
10.34,10.58,10.33,320,10.55,2025-09-26T19:00:00Z,161193,10.472425
10.39,10.42,10.22,168,10.24,2025-09-29T13:00:00Z,37430,10.36711
10.475,10.48,10.34,297,10.385,2025-09-29T14:00:00Z,90152,10.426734
10.53,10.56,10.41,246,10.47,2025-09-29T15:00:00Z,90571,10.46964
10.54,10.545,10.45,72,10.495,2025-09-29T16:00:00Z,30205,10.509682
10.52,10.595,10.5,107,10.54,2025-09-29T17:00:00Z,46822,10.566237
10.535,10.545,10.475,66,10.52,2025-09-29T18:00:00Z,28577,10.504607
10.54,10.63,10.48,253,10.54,2025-09-29T19:00:00Z,105616,10.556843
10.63,10.65,10.63,2,10.65,2025-09-30T12:00:00Z,200,10.64
10.59,10.665,10.54,125,10.62,2025-09-30T13:00:00Z,25910,10.604785
10.52,10.62,10.48,230,10.55,2025-09-30T14:00:00Z,60865,10.551139
10.54,10.64,10.48,142,10.5,2025-09-30T15:00:00Z,38507,10.565745
10.53,10.56,10.48,105,10.54,2025-09-30T16:00:00Z,29853,10.533274
10.56,10.64,10.52,64,10.545,2025-09-30T17:00:00Z,19350,10.582907
10.505,10.555,10.46,87,10.54,2025-09-30T18:00:00Z,26280,10.49281
10.445,10.51,10.4,244,10.495,2025-09-30T19:00:00Z,99709,10.449192
10.6,10.6,10.55,18,10.55,2025-10-01T12:00:00Z,1500,10.569841
10.6,10.62,10.47,197,10.58,2025-10-01T13:00:00Z,43409,10.555899
10.465,10.605,10.39,146,10.605,2025-10-01T14:00:00Z,45555,10.475497
10.42,10.49,10.41,74,10.45,2025-10-01T15:00:00Z,27316,10.446711
10.38,10.425,10.375,102,10.42,2025-10-01T16:00:00Z,46487,10.408841
10.365,10.385,10.33,70,10.385,2025-10-01T17:00:00Z,27867,10.356238
10.385,10.385,10.36,44,10.36,2025-10-01T18:00:00Z,19300,10.371244
10.37,10.4,10.34,146,10.38,2025-10-01T19:00:00Z,73534,10.366563
10.31,10.31,10.31,1,10.31,2025-10-02T12:00:00Z,120,10.31
10.305,10.395,10.29,167,10.32,2025-10-02T13:00:00Z,40725,10.344686
10.56,10.59,10.3,122,10.32,2025-10-02T14:00:00Z,38325,10.473564
10.48,10.61,10.475,174,10.6,2025-10-02T15:00:00Z,69237,10.551727
10.48,10.53,10.47,86,10.49,2025-10-02T16:00:00Z,51754,10.502919
10.425,10.5,10.4,58,10.5,2025-10-02T17:00:00Z,28012,10.444862
10.445,10.445,10.4,44,10.415,2025-10-02T18:00:00Z,10975,10.416665
10.6,10.6,10.45,230,10.45,2025-10-02T19:00:00Z,129168,10.545249
10.51,10.51,10.5,7,10.5,2025-10-03T12:00:00Z,500,10.5075
10.6,10.61,10.47,89,10.5,2025-10-03T13:00:00Z,20775,10.549735
10.55,10.62,10.52,148,10.61,2025-10-03T14:00:00Z,52686,10.571533
10.5,10.57,10.475,105,10.555,2025-10-03T15:00:00Z,35942,10.524248
10.51,10.51,10.465,48,10.5,2025-10-03T16:00:00Z,17110,10.48471
10.615,10.72,10.52,322,10.54,2025-10-03T17:00:00Z,95514,10.614762
10.53,10.68,10.5,245,10.62,2025-10-03T18:00:00Z,84939,10.574121
10.49,10.53,10.44,190,10.53,2025-10-03T19:00:00Z,73434,10.482537
10.41,10.42,10.4,13,10.42,2025-10-06T12:00:00Z,720,10.406
10.52,10.54,10.385,153,10.41,2025-10-06T13:00:00Z,26539,10.452541
10.48,10.57,10.475,180,10.54,2025-10-06T14:00:00Z,52996,10.519329
10.5,10.5,10.4,113,10.47,2025-10-06T15:00:00Z,38639,10.451015
10.52,10.56,10.51,63,10.52,2025-10-06T16:00:00Z,23220,10.530994
10.54,10.55,10.5,37,10.54,2025-10-06T17:00:00Z,12092,10.521261
10.57,10.57,10.53,42,10.55,2025-10-06T18:00:00Z,14634,10.550592
10.42,10.63,10.405,295,10.565,2025-10-06T19:00:00Z,116507,10.504889
10.42,10.42,10.42,7,10.42,2025-10-06T20:00:00Z,3137,10.42
10.38,10.4,10.38,9,10.4,2025-10-07T12:00:00Z,560,10.39
10.34,10.4,10.33,141,10.37,2025-10-07T13:00:00Z,33837,10.356963
10.435,10.46,10.34,185,10.34,2025-10-07T14:00:00Z,66601,10.425023
10.68,10.72,10.41,429,10.43,2025-10-07T15:00:00Z,173347,10.580527
10.7,10.79,10.59,342,10.68,2025-10-07T16:00:00Z,134029,10.697568
10.8,10.8,10.58,117,10.69,2025-10-07T17:00:00Z,39325,10.693825
10.67,10.86,10.67,142,10.81,2025-10-07T18:00:00Z,38313,10.782748
10.76,10.77,10.66,267,10.66,2025-10-07T19:00:00Z,114964,10.718457
10.74,10.74,10.74,1,10.74,2025-10-07T20:00:00Z,300,10.74
10.66,10.69,10.66,3,10.68,2025-10-08T12:00:00Z,330,10.675152
10.66,10.74,10.66,133,10.68,2025-10-08T13:00:00Z,23236,10.692663
10.565,10.66,10.545,148,10.66,2025-10-08T14:00:00Z,53121,10.595851
10.49,10.57,10.45,135,10.57,2025-10-08T15:00:00Z,60758,10.506606
10.53,10.565,10.495,41,10.5,2025-10-08T16:00:00Z,12695,10.535417
10.5,10.53,10.48,42,10.51,2025-10-08T17:00:00Z,16343,10.499985
10.555,10.565,10.475,90,10.495,2025-10-08T18:00:00Z,26299,10.532233
10.47,10.56,10.43,211,10.56,2025-10-08T19:00:00Z,89526,10.483033
10.4,10.4,10.4,1,10.4,2025-10-09T12:00:00Z,100,10.4
10.49,10.5,10.365,150,10.39,2025-10-09T13:00:00Z,27637,10.439607
10.59,10.75,10.51,296,10.51,2025-10-09T14:00:00Z,87309,10.607905
10.53,10.64,10.49,181,10.59,2025-10-09T15:00:00Z,63771,10.561128
10.705,10.71,10.51,143,10.53,2025-10-09T16:00:00Z,49045,10.580968
10.615,10.75,10.615,189,10.71,2025-10-09T17:00:00Z,59406,10.684548
10.575,10.7,10.565,133,10.62,2025-10-09T18:00:00Z,42293,10.626185
10.49,10.57,10.42,305,10.56,2025-10-09T19:00:00Z,123643,10.496058
10.53,10.55,10.5,7,10.5,2025-10-10T12:00:00Z,700,10.527143
10.49,10.54,10.49,163,10.53,2025-10-10T13:00:00Z,35318,10.516582
10.69,10.8,10.385,436,10.49,2025-10-10T14:00:00Z,155692,10.590401
11.73,12.31,10.69,3784,10.69,2025-10-10T15:00:00Z,845177,11.456028
12.14,12.21,11.73,1395,11.73,2025-10-10T16:00:00Z,347685,11.955012
12.09,12.39,11.87,1083,12.16,2025-10-10T17:00:00Z,326018,12.137114
12.41,12.465,11.92,875,12.16,2025-10-10T18:00:00Z,288390,12.152081
12.5,12.68,12.12,1956,12.43,2025-10-10T19:00:00Z,586067,12.416566
12.47,12.5,12.47,4,12.5,2025-10-10T20:00:00Z,286,12.485
11.48,11.56,11.37,76,11.55,2025-10-13T12:00:00Z,6623,11.455766
11.11,11.5,11.09,644,11.44,2025-10-13T13:00:00Z,116080,11.344697
11.5,11.57,11.06,522,11.1,2025-10-13T14:00:00Z,123908,11.279974
11.295,11.6,11.25,377,11.5,2025-10-13T15:00:00Z,96792,11.358519
11.12,11.285,11.12,233,11.28,2025-10-13T16:00:00Z,72301,11.200176
11.19,11.32,11.08,211,11.11,2025-10-13T17:00:00Z,67427,11.210107
11.14,11.185,10.96,307,11.12,2025-10-13T18:00:00Z,99452,11.03777
11.09,11.18,11.04,399,11.13,2025-10-13T19:00:00Z,122268,11.105932
12.05,12.25,11.9,64,11.94,2025-10-14T12:00:00Z,6120,12.079348
12.27,12.58,11.93,769,12.05,2025-10-14T13:00:00Z,153805,12.383637
11.93,12.295,11.865,559,12.24,2025-10-14T14:00:00Z,119737,12.057598
11.58,11.98,11.475,446,11.92,2025-10-14T15:00:00Z,146039,11.782248
11.43,11.67,11.34,218,11.58,2025-10-14T16:00:00Z,73310,11.462931
11.33,11.45,11.255,189,11.42,2025-10-14T17:00:00Z,56946,11.333496
11.46,11.46,11.31,185,11.325,2025-10-14T18:00:00Z,62045,11.382756
11.8,11.94,11.365,599,11.43,2025-10-14T19:00:00Z,183495,11.711868
11.35,11.42,11.3,56,11.36,2025-10-15T12:00:00Z,4976,11.372273
11.37,11.54,11.35,658,11.35,2025-10-15T13:00:00Z,136019,11.453281
11.36,11.395,11.25,352,11.35,2025-10-15T14:00:00Z,82782,11.312579
11.78,11.89,11.345,718,11.37,2025-10-15T15:00:00Z,219955,11.686688
11.84,11.845,11.67,324,11.76,2025-10-15T16:00:00Z,84689,11.751023
11.89,12.43,11.85,841,11.85,2025-10-15T17:00:00Z,231502,12.185161
11.8,12.01,11.79,318,11.87,2025-10-15T18:00:00Z,70391,11.904692
11.98,12.075,11.78,471,11.82,2025-10-15T19:00:00Z,139242,11.929514
11.71,11.77,11.68,38,11.76,2025-10-16T12:00:00Z,3880,11.740397
11.95,12.01,11.74,465,11.75,2025-10-16T13:00:00Z,98306,11.916528
12.16,12.2,11.93,489,11.95,2025-10-16T14:00:00Z,107836,12.037319
12.45,12.49,11.99,320,12.11,2025-10-16T15:00:00Z,71392,12.281885
12.87,13.445,12.44,1504,12.46,2025-10-16T16:00:00Z,355603,13.075548
13.16,13.24,12.81,784,12.86,2025-10-16T17:00:00Z,120521,13.040556
13.52,13.75,13.125,816,13.13,2025-10-16T18:00:00Z,146160,13.496395
13.69,13.82,13.43,1155,13.45,2025-10-16T19:00:00Z,266565,13.675935
13.35,13.48,13.11,441,13.46,2025-10-17T12:00:00Z,24729,13.227024
13.64,14.1,13.26,999,13.27,2025-10-17T13:00:00Z,164638,13.62254
13.49,13.7,13.04,1360,13.64,2025-10-17T14:00:00Z,253647,13.342734
13.21,13.73,13.1,937,13.49,2025-10-17T15:00:00Z,174960,13.466408
13.13,13.2,12.89,796,13.2,2025-10-17T16:00:00Z,165451,13.013344
13.0,13.36,12.98,371,13.17,2025-10-17T17:00:00Z,75171,13.148779
12.57,13.0,12.48,446,12.99,2025-10-17T18:00:00Z,116248,12.712236
12.13,12.55,12.125,558,12.55,2025-10-17T19:00:00Z,188607,12.314632
12.02,12.08,12.02,3,12.08,2025-10-17T20:00:00Z,390,12.04
11.67,11.83,11.67,7,11.83,2025-10-20T12:00:00Z,605,11.733333
11.205,11.66,11.155,475,11.66,2025-10-20T13:00:00Z,100411,11.307461
10.82,11.21,10.74,522,11.21,2025-10-20T14:00:00Z,190272,10.964108
10.95,10.98,10.78,248,10.82,2025-10-20T15:00:00Z,78835,10.88395
10.77,10.98,10.765,193,10.98,2025-10-20T16:00:00Z,67216,10.839153
10.83,10.84,10.72,110,10.77,2025-10-20T17:00:00Z,35495,10.778513
10.77,10.835,10.76,140,10.82,2025-10-20T18:00:00Z,43698,10.804125
10.67,10.78,10.61,321,10.775,2025-10-20T19:00:00Z,140137,10.673
10.64,10.68,10.64,4,10.68,2025-10-20T20:00:00Z,330,10.66
10.8,10.83,10.79,6,10.79,2025-10-21T12:00:00Z,575,10.810952
11.03,11.09,10.8,263,10.8,2025-10-21T13:00:00Z,56625,10.955013
10.56,11.06,10.555,238,11.02,2025-10-21T14:00:00Z,90370,10.765293
10.48,10.59,10.48,179,10.55,2025-10-21T15:00:00Z,78731,10.53059
10.68,10.71,10.44,143,10.48,2025-10-21T16:00:00Z,52873,10.545554
10.525,10.77,10.525,130,10.72,2025-10-21T17:00:00Z,43523,10.630013
10.485,10.56,10.46,96,10.53,2025-10-21T18:00:00Z,39792,10.501642
10.53,10.53,10.43,189,10.49,2025-10-21T19:00:00Z,85130,10.474065
10.6,10.6,10.6,1,10.6,2025-10-21T20:00:00Z,125,10.6
10.5,10.55,10.5,12,10.5,2025-10-22T12:00:00Z,1225,10.523778
10.67,10.78,10.53,217,10.53,2025-10-22T13:00:00Z,51522,10.668197
10.74,10.93,10.63,544,10.67,2025-10-22T14:00:00Z,180760,10.816105
10.66,10.965,10.55,512,10.76,2025-10-22T15:00:00Z,183301,10.748336
10.93,11.44,10.63,907,10.65,2025-10-22T16:00:00Z,303288,11.042291
11.43,11.61,10.91,894,10.93,2025-10-22T17:00:00Z,228679,11.314369
10.96,11.62,10.95,756,11.44,2025-10-22T18:00:00Z,220321,11.267593
10.77,11.12,10.74,625,10.97,2025-10-22T19:00:00Z,209980,10.885635
10.72,10.87,10.63,209,10.845,2025-10-23T13:00:00Z,44928,10.722783
10.71,10.92,10.67,296,10.695,2025-10-23T14:00:00Z,81841,10.759063
10.66,10.81,10.63,177,10.71,2025-10-23T15:00:00Z,58129,10.720613
10.58,10.65,10.54,131,10.65,2025-10-23T16:00:00Z,43922,10.586743
10.49,10.68,10.485,361,10.56,2025-10-23T17:00:00Z,114071,10.563029
10.455,10.51,10.41,179,10.49,2025-10-23T18:00:00Z,78111,10.451279
10.43,10.52,10.41,323,10.465,2025-10-23T19:00:00Z,113708,10.452147
10.09,10.34,10.09,23,10.31,2025-10-24T12:00:00Z,2202,10.23562
10.19,10.19,9.99,316,10.12,2025-10-24T13:00:00Z,66919,10.089133
10.2,10.28,10.08,271,10.175,2025-10-24T14:00:00Z,84417,10.164898
10.17,10.23,10.11,247,10.19,2025-10-24T15:00:00Z,92316,10.167157
10.2,10.31,10.17,212,10.175,2025-10-24T16:00:00Z,78922,10.2429
10.19,10.215,10.15,94,10.19,2025-10-24T17:00:00Z,29313,10.177797
10.23,10.26,10.2,77,10.205,2025-10-24T18:00:00Z,23261,10.216564
10.22,10.22,10.15,373,10.21,2025-10-24T19:00:00Z,145128,10.190992
9.74,9.75,9.69,22,9.74,2025-10-27T12:00:00Z,1920,9.719412
9.7,9.82,9.68,231,9.73,2025-10-27T13:00:00Z,55418,9.742205
9.85,9.86,9.66,258,9.73,2025-10-27T14:00:00Z,95968,9.764072
9.86,9.88,9.8,150,9.84,2025-10-27T15:00:00Z,72660,9.847532
9.84,9.88,9.83,76,9.84,2025-10-27T16:00:00Z,30353,9.852799
9.85,9.9,9.83,55,9.83,2025-10-27T17:00:00Z,21622,9.861463
9.86,9.865,9.835,29,9.85,2025-10-27T18:00:00Z,10051,9.85647
9.74,9.885,9.735,234,9.865,2025-10-27T19:00:00Z,116298,9.820344
9.88,9.91,9.72,238,9.74,2025-10-28T13:00:00Z,62840,9.813256
9.94,9.96,9.85,244,9.88,2025-10-28T14:00:00Z,82680,9.894645
9.98,10.08,9.9,143,9.92,2025-10-28T15:00:00Z,50220,9.989627
9.81,9.96,9.74,247,9.95,2025-10-28T16:00:00Z,97708,9.86111
9.94,9.96,9.8,84,9.81,2025-10-28T17:00:00Z,23828,9.88477
10.055,10.07,9.92,90,9.92,2025-10-28T18:00:00Z,26300,10.016
10.15,10.16,10.04,446,10.06,2025-10-28T19:00:00Z,160715,10.102332
10.06,10.06,10.03,7,10.05,2025-10-29T12:00:00Z,700,10.048462
10.15,10.19,10.02,254,10.05,2025-10-29T13:00:00Z,58703,10.100088
10.08,10.22,10.08,245,10.14,2025-10-29T14:00:00Z,84917,10.159811
10.02,10.08,9.98,141,10.07,2025-10-29T15:00:00Z,53370,10.015848
10.08,10.1,10.02,117,10.02,2025-10-29T16:00:00Z,40292,10.047031
10.06,10.13,10.03,238,10.08,2025-10-29T17:00:00Z,130007,10.071649
10.07,10.39,9.94,941,10.0,2025-10-29T18:00:00Z,311520,10.144021
10.41,10.43,10.05,810,10.07,2025-10-29T19:00:00Z,247728,10.260992
10.33,10.35,10.17,28,10.17,2025-10-30T12:00:00Z,2735,10.288155
10.34,10.5,10.13,462,10.35,2025-10-30T13:00:00Z,104931,10.313533
10.37,10.53,10.26,707,10.31,2025-10-30T14:00:00Z,195052,10.421889
10.46,10.52,10.29,189,10.37,2025-10-30T15:00:00Z,57259,10.390121
10.24,10.47,10.23,207,10.46,2025-10-30T16:00:00Z,66453,10.309202
10.12,10.3,10.07,227,10.25,2025-10-30T17:00:00Z,78191,10.180184
10.33,10.36,10.12,258,10.12,2025-10-30T18:00:00Z,92429,10.260017
10.57,10.59,10.32,744,10.32,2025-10-30T19:00:00Z,267705,10.515488
10.12,10.12,10.12,1,10.12,2025-10-31T12:00:00Z,100,10.12
10.26,10.35,10.19,322,10.22,2025-10-31T13:00:00Z,78317,10.264918
10.43,10.43,10.24,216,10.25,2025-10-31T14:00:00Z,69392,10.342956
10.66,10.67,10.43,348,10.43,2025-10-31T15:00:00Z,128311,10.548205
10.84,10.86,10.62,379,10.72,2025-10-31T16:00:00Z,110563,10.733578
10.83,10.95,10.77,346,10.84,2025-10-31T17:00:00Z,113415,10.84525
10.66,10.79,10.62,202,10.79,2025-10-31T18:00:00Z,68742,10.683413
10.61,10.67,10.525,447,10.65,2025-10-31T19:00:00Z,177942,10.595472
10.62,10.62,10.62,1,10.62,2025-10-31T20:00:00Z,300,10.62
10.47,10.5,10.46,15,10.49,2025-11-03T13:00:00Z,1160,10.478947
10.67,10.71,10.42,571,10.45,2025-11-03T14:00:00Z,120686,10.531342
10.69,10.96,10.66,412,10.69,2025-11-03T15:00:00Z,125915,10.798515
10.55,10.81,10.55,158,10.69,2025-11-03T16:00:00Z,55059,10.682541
10.48,10.63,10.47,185,10.58,2025-11-03T17:00:00Z,59546,10.525222
10.45,10.51,10.38,159,10.49,2025-11-03T18:00:00Z,62415,10.439533
10.53,10.55,10.44,108,10.46,2025-11-03T19:00:00Z,37605,10.499284
10.48,10.575,10.48,211,10.52,2025-11-03T20:00:00Z,73679,10.521894
10.8,11.23,10.79,651,11.13,2025-11-04T14:00:00Z,180989,11.056663
10.88,10.925,10.68,370,10.79,2025-11-04T15:00:00Z,115084,10.79427
10.74,10.91,10.73,177,10.84,2025-11-04T16:00:00Z,58353,10.821653
11.09,11.11,10.75,281,10.75,2025-11-04T17:00:00Z,95260,10.960694
10.99,11.24,10.97,306,11.11,2025-11-04T18:00:00Z,112796,11.099055
11.11,11.17,10.89,286,11.0,2025-11-04T19:00:00Z,96381,11.048372
11.06,11.095,10.85,430,11.07,2025-11-04T20:00:00Z,165932,10.980791
10.96,11.17,10.95,22,11.12,2025-11-05T13:00:00Z,1790,11.046316
10.66,11.12,10.64,326,10.95,2025-11-05T14:00:00Z,66032,10.84149
10.48,10.73,10.4,477,10.67,2025-11-05T15:00:00Z,122742,10.559104
10.3,10.58,10.26,275,10.51,2025-11-05T16:00:00Z,87459,10.403528
10.345,10.36,10.28,109,10.28,2025-11-05T17:00:00Z,40223,10.315385
10.35,10.38,10.32,82,10.355,2025-11-05T18:00:00Z,21308,10.347384
10.33,10.41,10.32,72,10.37,2025-11-05T19:00:00Z,22645,10.34965
10.42,10.47,10.31,252,10.33,2025-11-05T20:00:00Z,124538,10.383475
10.34,10.34,10.32,3,10.32,2025-11-06T13:00:00Z,300,10.326667
10.82,10.82,10.41,374,10.41,2025-11-06T14:00:00Z,85386,10.627953
11.26,11.265,10.74,909,10.85,2025-11-06T15:00:00Z,264623,11.014498
11.27,11.31,11.06,623,11.24,2025-11-06T16:00:00Z,181881,11.184684
10.96,11.27,10.92,466,11.26,2025-11-06T17:00:00Z,161740,11.119736
11.0,11.2,10.87,231,10.97,2025-11-06T18:00:00Z,78737,11.029314
10.9,10.995,10.8,224,10.98,2025-11-06T19:00:00Z,67507,10.882813
11.11,11.15,10.87,687,10.925,2025-11-06T20:00:00Z,287954,11.058476
11.62,11.62,11.62,1,11.62,2025-11-07T13:00:00Z,125,11.62
11.58,11.94,11.5,485,11.55,2025-11-07T14:00:00Z,135266,11.76381
11.785,11.85,11.44,729,11.57,2025-11-07T15:00:00Z,168190,11.613247
11.92,12.0,11.715,583,11.79,2025-11-07T16:00:00Z,131970,11.845436
11.86,12.06,11.63,613,11.95,2025-11-07T17:00:00Z,148184,11.91061
11.55,11.875,11.495,389,11.875,2025-11-07T18:00:00Z,96264,11.679837
11.19,11.62,11.18,485,11.6,2025-11-07T19:00:00Z,132270,11.344129
10.95,11.38,10.94,531,11.18,2025-11-07T20:00:00Z,150835,11.120405
10.93,10.93,10.93,1,10.93,2025-11-07T21:00:00Z,125,10.93
10.33,10.39,10.33,3,10.39,2025-11-10T13:00:00Z,300,10.35
10.28,10.37,10.17,317,10.34,2025-11-10T14:00:00Z,70464,10.250895
10.35,10.35,10.045,622,10.28,2025-11-10T15:00:00Z,199915,10.172399
10.21,10.4,10.21,259,10.36,2025-11-10T16:00:00Z,59154,10.304161
10.08,10.2,10.08,240,10.2,2025-11-10T17:00:00Z,78489,10.114812
10.125,10.14,10.02,331,10.09,2025-11-10T18:00:00Z,113218,10.078459
10.1,10.15,10.07,193,10.12,2025-11-10T19:00:00Z,62073,10.112887
10.07,10.19,10.07,348,10.1,2025-11-10T20:00:00Z,116132,10.136294
10.09,10.09,10.09,1,10.09,2025-11-10T21:00:00Z,125,10.09
10.12,10.13,10.12,2,10.13,2025-11-11T13:00:00Z,200,10.125
9.96,10.11,9.96,222,10.11,2025-11-11T14:00:00Z,46774,10.002877
10.06,10.11,9.95,200,9.965,2025-11-11T15:00:00Z,59421,10.048191
10.03,10.07,9.99,143,10.07,2025-11-11T16:00:00Z,43047,10.038683
10.04,10.04,9.955,69,10.02,2025-11-11T17:00:00Z,20195,10.003896
9.96,10.045,9.95,103,10.025,2025-11-11T18:00:00Z,33922,9.985345
9.975,10.0,9.97,67,9.985,2025-11-11T19:00:00Z,20364,9.979932
10.01,10.03,9.96,212,9.98,2025-11-11T20:00:00Z,78806,9.994266
9.94,9.94,9.94,1,9.94,2025-11-12T13:00:00Z,100,9.94
10.03,10.1,9.9,180,9.9,2025-11-12T14:00:00Z,42681,10.006331
10.18,10.2,9.975,204,10.03,2025-11-12T15:00:00Z,70698,10.064101
10.2,10.27,10.11,253,10.18,2025-11-12T16:00:00Z,79117,10.189081
10.06,10.21,10.04,140,10.19,2025-11-12T17:00:00Z,51279,10.106666
10.04,10.11,10.04,123,10.06,2025-11-12T18:00:00Z,40265,10.074504
10.075,10.085,9.995,176,10.04,2025-11-12T19:00:00Z,62595,10.04057
10.1,10.13,10.03,267,10.1,2025-11-12T20:00:00Z,95610,10.068839
10.1,10.1,10.1,2,10.1,2025-11-12T21:00:00Z,420,10.1
10.3,10.43,10.235,264,10.27,2025-11-13T14:00:00Z,48354,10.322018
10.53,10.61,10.15,407,10.32,2025-11-13T15:00:00Z,116906,10.373259
10.62,10.7,10.47,761,10.53,2025-11-13T16:00:00Z,249012,10.577613
10.72,10.73,10.47,474,10.6,2025-11-13T17:00:00Z,163216,10.58868
11.1,11.16,10.67,685,10.7,2025-11-13T18:00:00Z,212052,10.974492
11.29,11.36,11.0,550,11.1,2025-11-13T19:00:00Z,191234,11.183284
11.15,11.39,11.115,907,11.3,2025-11-13T20:00:00Z,320442,11.239136
11.08,11.08,11.08,1,11.08,2025-11-13T21:00:00Z,120,11.08
11.68,11.68,11.66,2,11.66,2025-11-14T13:00:00Z,225,11.668889
11.37,11.9,11.35,1011,11.59,2025-11-14T14:00:00Z,194722,11.529639
11.04,11.61,10.97,1323,11.405,2025-11-14T15:00:00Z,311675,11.328405
10.75,11.145,10.745,534,11.03,2025-11-14T16:00:00Z,161647,10.903216
10.75,10.785,10.55,419,10.75,2025-11-14T17:00:00Z,134570,10.644738
10.98,11.11,10.72,454,10.73,2025-11-14T18:00:00Z,137830,10.903385
10.67,11.07,10.645,409,10.95,2025-11-14T19:00:00Z,114913,10.847185
10.83,10.945,10.61,704,10.68,2025-11-14T20:00:00Z,233949,10.801752
10.81,11.19,10.71,276,11.12,2025-11-17T14:00:00Z,67913,10.870589
10.97,11.05,10.78,498,10.8,2025-11-17T15:00:00Z,156279,10.929031
10.775,11.23,10.775,426,10.96,2025-11-17T16:00:00Z,155251,11.019176
11.2,11.23,10.77,339,10.77,2025-11-17T17:00:00Z,109708,11.015271
11.485,11.515,11.22,388,11.24,2025-11-17T18:00:00Z,132462,11.312822
11.87,11.88,11.43,562,11.49,2025-11-17T19:00:00Z,197932,11.598996
11.69,11.92,11.52,1024,11.86,2025-11-17T20:00:00Z,338454,11.723998
11.72,11.72,11.68,2,11.68,2025-11-17T21:00:00Z,250,11.7
12.05,12.18,12.04,23,12.13,2025-11-18T13:00:00Z,1998,12.100548
12.55,12.57,12.04,928,12.15,2025-11-18T14:00:00Z,224277,12.277611
12.65,12.76,12.34,1919,12.58,2025-11-18T15:00:00Z,462862,12.548221
12.11,12.76,12.03,1739,12.66,2025-11-18T16:00:00Z,498085,12.297622
11.85,12.46,11.83,843,12.1,2025-11-18T17:00:00Z,247319,12.088068
11.9,11.98,11.71,555,11.85,2025-11-18T18:00:00Z,166652,11.860498
11.75,11.97,11.67,559,11.86,2025-11-18T19:00:00Z,166982,11.828561
12.32,12.32,11.68,1019,11.735,2025-11-18T20:00:00Z,319035,12.023319
12.47,12.52,12.43,3,12.43,2025-11-18T21:00:00Z,375,12.473333
12.2,12.22,12.1,18,12.2,2025-11-19T13:00:00Z,1620,12.172857
11.69,12.32,11.67,654,12.21,2025-11-19T14:00:00Z,141824,12.038112
12.09,12.13,11.43,1069,11.7,2025-11-19T15:00:00Z,311117,11.727561
12.18,12.39,11.99,849,12.08,2025-11-19T16:00:00Z,218390,12.162802
12.07,12.47,12.03,833,12.185,2025-11-19T17:00:00Z,212229,12.247777
11.92,12.11,11.84,719,12.07,2025-11-19T18:00:00Z,191646,11.982522
12.04,12.19,11.89,427,11.92,2025-11-19T19:00:00Z,127989,12.047708
11.87,12.05,11.73,542,12.05,2025-11-19T20:00:00Z,166184,11.840177
11.53,11.72,11.52,13,11.71,2025-11-19T21:00:00Z,1020,11.632683
55.91,55.91,55.91,1,55.91,2025-11-20T13:00:00Z,100,55.91
53.17,53.58,53.12,33,53.41,2025-11-20T14:00:00Z,7837,53.255214
53.42,53.9,52.98,26,52.98,2025-11-20T15:00:00Z,5032,53.461429
62.4,62.4,55.07,56,55.07,2025-11-20T16:00:00Z,11093,57.976127
63.03,65.67,61.6,101,62.25,2025-11-20T17:00:00Z,24885,64.025097
65.48,66.07,60.1,61,63.14,2025-11-20T18:00:00Z,14529,63.490019
62.16,65.72,62.16,34,65.72,2025-11-20T19:00:00Z,9403,64.301809
65.77,66.02,62.4,58,62.62,2025-11-20T20:00:00Z,11471,64.145055
65.96,66.03,65.31,8,66.03,2025-11-20T21:00:00Z,1040,65.6975
64.18,64.74,62.5,63,63.125,2025-11-21T14:00:00Z,8589,63.647608
66.75,68.21,63.73,195,64.24,2025-11-21T15:00:00Z,30218,66.50313
62.08,68.0,62.08,142,66.91,2025-11-21T16:00:00Z,20549,65.059766
61.72,62.92,61.09,56,62.29,2025-11-21T17:00:00Z,7934,61.959601
60.15,63.2,59.58,55,61.44,2025-11-21T18:00:00Z,8355,61.069003
61.33,61.45,59.81,30,59.81,2025-11-21T19:00:00Z,5910,60.806591
60.33,61.57,60.02,133,61.32,2025-11-21T20:00:00Z,20848,60.820506
57.26,59.24,57.1,65,59.24,2025-11-24T14:00:00Z,7695,57.736984
55.39,56.98,55.06,95,56.96,2025-11-24T15:00:00Z,13747,56.057712
54.66,55.34,54.4,468,54.99,2025-11-24T16:00:00Z,63732,54.860034
54.83,55.03,54.4,526,54.67,2025-11-24T17:00:00Z,60151,54.644939
54.1,54.79,53.93,369,54.76,2025-11-24T18:00:00Z,44659,54.446116
55.08,55.16,53.91,323,54.01,2025-11-24T19:00:00Z,38096,54.438347
53.97,55.08,53.86,181,55.06,2025-11-24T20:00:00Z,22667,54.483117
53.85,53.92,53.85,7,53.91,2025-11-25T13:00:00Z,700,53.89
54.51,57.08,53.74,598,54.025,2025-11-25T14:00:00Z,79861,55.549243
53.87,56.24,53.71,341,54.55,2025-11-25T15:00:00Z,42162,54.662153
53.08,54.34,52.965,68,53.97,2025-11-25T16:00:00Z,8065,53.482143
52.89,53.13,52.5,82,53.0,2025-11-25T17:00:00Z,10210,52.804178
52.5,53.07,52.41,59,52.75,2025-11-25T18:00:00Z,6559,52.608866
52.33,52.85,52.32,72,52.43,2025-11-25T19:00:00Z,8963,52.585472
51.415,52.32,51.415,164,52.32,2025-11-25T20:00:00Z,24689,51.679872
50.88,50.94,50.24,186,50.36,2025-11-26T14:00:00Z,26865,50.541407
50.09,50.98,50.0,433,50.89,2025-11-26T15:00:00Z,53666,50.476623
49.88,50.23,49.67,179,50.05,2025-11-26T16:00:00Z,20036,49.978082
49.85,50.06,49.61,133,49.89,2025-11-26T17:00:00Z,14837,49.839111
49.63,50.1,49.41,243,49.8,2025-11-26T18:00:00Z,31655,49.813774
49.44,49.67,49.12,192,49.55,2025-11-26T19:00:00Z,21181,49.392269
49.51,49.55,49.08,230,49.45,2025-11-26T20:00:00Z,26836,49.326028
48.58,49.23,48.58,84,49.23,2025-11-28T14:00:00Z,12144,48.754386
48.38,48.71,48.38,151,48.54,2025-11-28T15:00:00Z,21319,48.534727
48.58,48.62,48.31,94,48.43,2025-11-28T16:00:00Z,11665,48.467194
47.93,48.665,47.91,166,48.56,2025-11-28T17:00:00Z,20312,48.369883
48.18,49.39,48.07,394,49.17,2025-12-01T14:00:00Z,57240,48.793053
47.85,49.02,47.85,415,48.11,2025-12-01T15:00:00Z,58785,48.466353
47.37,48.22,47.15,308,47.88,2025-12-01T16:00:00Z,41809,47.704284
47.19,47.3,46.85,186,47.25,2025-12-01T17:00:00Z,25386,47.08015
47.02,47.26,46.905,103,47.26,2025-12-01T18:00:00Z,13998,47.061453
48.03,48.1,47.13,254,47.21,2025-12-01T19:00:00Z,38108,47.724947
48.0,48.34,47.52,266,48.05,2025-12-01T20:00:00Z,36349,47.968319
47.03,47.41,46.86,228,47.18,2025-12-02T14:00:00Z,33973,47.177225
46.82,47.64,46.76,331,47.03,2025-12-02T15:00:00Z,50006,47.11014
47.38,47.83,46.8,556,46.84,2025-12-02T16:00:00Z,80161,47.287571
47.46,47.46,46.64,139,47.3,2025-12-02T17:00:00Z,19793,47.033512
47.09,47.49,46.94,154,47.47,2025-12-02T18:00:00Z,19766,47.161625
47.1,47.24,46.82,136,47.04,2025-12-02T19:00:00Z,19994,47.047896
46.74,47.18,46.6,189,47.06,2025-12-02T20:00:00Z,30051,46.869888
46.65,46.65,46.65,3,46.65,2025-12-03T13:00:00Z,260,46.65
47.28,48.03,46.95,191,48.03,2025-12-03T14:00:00Z,29399,47.267576
46.59,47.29,46.4,347,47.14,2025-12-03T15:00:00Z,54505,46.804758
46.84,46.99,46.28,119,46.53,2025-12-03T16:00:00Z,18977,46.58252
46.51,46.72,46.2,85,46.65,2025-12-03T17:00:00Z,14748,46.436384
46.75,46.75,46.425,38,46.5,2025-12-03T18:00:00Z,5828,46.52368
46.61,46.62,46.32,61,46.6,2025-12-03T19:00:00Z,11119,46.495669
46.31,46.67,46.28,79,46.61,2025-12-03T20:00:00Z,14402,46.463181
46.65,46.76,45.92,272,45.96,2025-12-04T14:00:00Z,35773,46.369242
46.32,46.88,46.02,253,46.58,2025-12-04T15:00:00Z,36522,46.475792
45.81,46.7,45.81,161,46.29,2025-12-04T16:00:00Z,19911,46.323843
45.89,46.02,45.75,83,45.83,2025-12-04T17:00:00Z,9546,45.877431
45.88,45.97,45.71,54,45.86,2025-12-04T18:00:00Z,7713,45.860554
45.87,46.7,45.82,159,45.9,2025-12-04T19:00:00Z,20970,46.145195
45.61,46.19,45.55,161,45.84,2025-12-04T20:00:00Z,22656,45.893691
45.34,45.47,45.12,66,45.42,2025-12-05T14:00:00Z,8199,45.281142
45.1,45.28,44.8,156,45.2,2025-12-05T15:00:00Z,20323,45.018928
45.33,45.84,45.0,146,45.07,2025-12-05T16:00:00Z,18099,45.481093
44.87,45.38,44.84,85,45.27,2025-12-05T17:00:00Z,11307,45.198399
44.88,44.9,44.77,45,44.89,2025-12-05T18:00:00Z,5067,44.860878
44.88,45.02,44.82,35,44.82,2025-12-05T19:00:00Z,4501,44.921163
44.77,45.0,44.755,97,44.9,2025-12-05T20:00:00Z,10252,44.863277
45.135,45.25,44.76,155,44.78,2025-12-08T14:00:00Z,18620,45.029149
45.29,45.31,44.875,174,45.13,2025-12-08T15:00:00Z,19271,45.112988
45.97,46.13,45.16,274,45.33,2025-12-08T16:00:00Z,30158,45.593255
45.43,46.26,45.43,232,46.05,2025-12-08T17:00:00Z,30094,45.936567
46.42,46.56,45.31,197,45.45,2025-12-08T18:00:00Z,24252,45.816218
46.13,46.41,45.77,108,46.365,2025-12-08T19:00:00Z,14184,46.098372
45.75,46.18,45.63,204,46.09,2025-12-08T20:00:00Z,19426,45.901819
45.44,46.1,45.4,186,46.0,2025-12-09T14:00:00Z,23134,45.778186
45.21,45.65,45.2,148,45.47,2025-12-09T15:00:00Z,14441,45.435672
45.36,45.36,45.0,68,45.13,2025-12-09T16:00:00Z,6467,45.187287
45.47,45.5,45.25,75,45.41,2025-12-09T17:00:00Z,8042,45.381167
45.34,45.55,45.31,96,45.35,2025-12-09T18:00:00Z,12681,45.428231
45.64,45.73,45.33,99,45.37,2025-12-09T19:00:00Z,11116,45.521294
45.89,45.93,45.55,228,45.65,2025-12-09T20:00:00Z,26813,45.754219
45.415,46.62,45.415,232,46.2,2025-12-10T14:00:00Z,29007,46.032741
45.53,45.86,45.285,272,45.55,2025-12-10T15:00:00Z,32085,45.511264
45.44,45.705,45.23,118,45.55,2025-12-10T16:00:00Z,13035,45.470152
45.3,45.58,45.225,113,45.425,2025-12-10T17:00:00Z,11578,45.437233
45.42,45.55,45.235,147,45.25,2025-12-10T18:00:00Z,14550,45.399724
43.54,45.12,43.47,819,45.12,2025-12-10T19:00:00Z,91221,44.41729
43.17,43.58,42.99,487,43.46,2025-12-10T20:00:00Z,56613,43.264398
44.93,45.11,43.79,453,43.885,2025-12-11T14:00:00Z,53769,44.385562
43.55,44.945,43.37,408,44.93,2025-12-11T15:00:00Z,48826,43.978788
43.59,43.64,43.21,234,43.53,2025-12-11T16:00:00Z,28279,43.459152
42.54,43.48,42.24,245,43.48,2025-12-11T17:00:00Z,27446,42.646349
42.71,42.77,42.35,141,42.58,2025-12-11T18:00:00Z,15988,42.609135
42.45,42.74,42.29,115,42.72,2025-12-11T19:00:00Z,12093,42.481197
42.135,42.545,42.095,145,42.385,2025-12-11T20:00:00Z,18580,42.290381
41.88,41.88,41.88,1,41.88,2025-12-11T21:00:00Z,100,41.88
41.63,41.81,41.37,193,41.75,2025-12-12T14:00:00Z,24917,41.5513
43.69,43.99,41.62,674,41.62,2025-12-12T15:00:00Z,85054,42.86508
44.3,45.16,43.29,890,43.72,2025-12-12T16:00:00Z,110849,44.173182
43.2,44.37,43.1,303,44.37,2025-12-12T17:00:00Z,37667,43.658675
42.62,43.24,42.21,309,43.2,2025-12-12T18:00:00Z,37813,42.505364
42.59,43.07,42.46,179,42.555,2025-12-12T19:00:00Z,22770,42.746026
42.31,43.11,42.24,268,42.48,2025-12-12T20:00:00Z,32130,42.51373
42.26,42.26,41.46,236,41.56,2025-12-15T14:00:00Z,24826,41.839945
43.26,43.69,42.23,641,42.27,2025-12-15T15:00:00Z,69612,43.076911
42.76,43.24,41.965,458,43.14,2025-12-15T16:00:00Z,48332,42.635447
42.75,43.29,42.26,286,42.77,2025-12-15T17:00:00Z,31039,42.713687
42.42,43.18,42.3,258,42.73,2025-12-15T18:00:00Z,26744,42.801247
42.19,42.64,42.19,145,42.35,2025-12-15T19:00:00Z,16688,42.448668
42.28,42.52,42.11,326,42.17,2025-12-15T20:00:00Z,35271,42.34804
42.18,43.32,42.18,418,42.57,2025-12-16T14:00:00Z,47510,42.682138
42.2,43.64,42.06,784,42.17,2025-12-16T15:00:00Z,94088,42.766612
42.32,42.93,42.09,520,42.12,2025-12-16T16:00:00Z,62257,42.537609
43.21,43.21,42.07,352,42.32,2025-12-16T17:00:00Z,41929,42.592786
42.4,43.49,42.195,355,43.24,2025-12-16T18:00:00Z,42774,42.973043
42.42,43.14,42.26,254,42.48,2025-12-16T19:00:00Z,28670,42.687341
42.16,42.45,41.67,433,42.395,2025-12-16T20:00:00Z,51083,41.999803
41.85,41.85,41.75,4,41.76,2025-12-17T13:00:00Z,500,41.802
41.3,42.2,41.3,260,41.85,2025-12-17T14:00:00Z,32709,41.852277
42.87,43.03,41.17,540,41.31,2025-12-17T15:00:00Z,66674,42.15434
42.67,43.13,42.27,593,42.9,2025-12-17T16:00:00Z,74370,42.722259
42.68,43.09,42.47,322,42.58,2025-12-17T17:00:00Z,39778,42.755473
43.26,43.35,42.35,264,42.65,2025-12-17T18:00:00Z,34388,42.928847
42.54,43.39,42.42,308,43.22,2025-12-17T19:00:00Z,38659,43.056668
43.13,43.355,42.37,260,42.51,2025-12-17T20:00:00Z,32368,42.877954
41.5,42.35,41.37,268,41.71,2025-12-18T14:00:00Z,35748,41.955299
41.16,41.98,41.02,303,41.46,2025-12-18T15:00:00Z,35934,41.412532
41.01,41.16,40.64,224,41.15,2025-12-18T16:00:00Z,27234,40.894639
41.63,42.54,41.01,529,41.02,2025-12-18T17:00:00Z,69703,41.797545
41.44,41.775,40.98,170,41.59,2025-12-18T18:00:00Z,19100,41.357289
41.8,41.88,41.37,264,41.48,2025-12-18T19:00:00Z,34296,41.645259
41.04,41.83,40.86,293,41.77,2025-12-18T20:00:00Z,36919,41.242801
39.53,40.42,39.495,195,40.38,2025-12-19T14:00:00Z,21400,39.944388
39.42,39.6,39.15,207,39.42,2025-12-19T15:00:00Z,23474,39.412893
39.3,39.51,39.19,106,39.43,2025-12-19T16:00:00Z,11727,39.327934
39.26,39.34,39.17,76,39.245,2025-12-19T17:00:00Z,8743,39.249069
39.37,39.57,39.25,51,39.25,2025-12-19T18:00:00Z,5902,39.39181
39.17,39.35,38.99,91,39.34,2025-12-19T19:00:00Z,10170,39.148642
38.65,39.155,38.525,301,39.05,2025-12-19T20:00:00Z,36084,38.762923
36.93,37.82,36.93,154,37.635,2025-12-22T14:00:00Z,18434,37.495699
36.98,37.25,36.89,233,36.935,2025-12-22T15:00:00Z,27623,37.043263
37.05,37.11,36.9,138,36.975,2025-12-22T16:00:00Z,14863,36.970857
36.91,37.09,36.91,90,37.01,2025-12-22T17:00:00Z,10392,36.986757
37.06,37.16,36.92,67,36.94,2025-12-22T18:00:00Z,7605,37.040498
37.08,37.17,36.95,112,37.06,2025-12-22T19:00:00Z,11762,37.050962
36.76,37.03,36.7,172,37.03,2025-12-22T20:00:00Z,19441,36.863409
36.895,37.085,36.72,133,37.085,2025-12-23T14:00:00Z,15173,36.852824
36.77,37.06,36.63,187,36.77,2025-12-23T15:00:00Z,23874,36.870141
36.87,36.88,36.75,69,36.8,2025-12-23T16:00:00Z,7454,36.808429
36.94,37.015,36.84,79,36.925,2025-12-23T17:00:00Z,8054,36.955555
36.78,36.935,36.78,43,36.9,2025-12-23T18:00:00Z,4610,36.859246
36.76,36.87,36.745,46,36.77,2025-12-23T19:00:00Z,5303,36.806971
36.97,36.98,36.705,137,36.755,2025-12-23T20:00:00Z,15009,36.867619
37.0,37.0,37.0,1,37.0,2025-12-23T21:00:00Z,141,37.0
36.87,36.97,36.68,54,36.84,2025-12-24T14:00:00Z,6049,36.857543
36.59,36.85,36.59,68,36.82,2025-12-24T15:00:00Z,8679,36.71139
36.85,36.86,36.53,63,36.57,2025-12-24T16:00:00Z,5653,36.695455
36.85,37.07,36.76,190,36.835,2025-12-24T17:00:00Z,21658,36.887194
37.02,37.02,37.02,1,37.02,2025-12-24T18:00:00Z,100,37.02
37.16,37.41,36.555,79,36.555,2025-12-26T14:00:00Z,8703,37.077943
36.9,37.42,36.865,134,37.185,2025-12-26T15:00:00Z,13933,37.139284
36.9,37.13,36.84,61,36.87,2025-12-26T16:00:00Z,5726,36.943694
36.83,37.0,36.72,71,36.91,2025-12-26T17:00:00Z,5623,36.840594
36.78,36.86,36.735,30,36.79,2025-12-26T18:00:00Z,3028,36.797457
36.92,36.94,36.72,62,36.78,2025-12-26T19:00:00Z,5575,36.841218
36.785,37.05,36.66,194,36.92,2025-12-26T20:00:00Z,23284,36.763278
37.13,37.13,37.12,2,37.12,2025-12-29T13:00:00Z,200,37.125
36.94,37.07,36.8,116,37.02,2025-12-29T14:00:00Z,12659,36.906893
36.84,37.03,36.76,185,36.93,2025-12-29T15:00:00Z,21965,36.900225
36.575,36.96,36.57,136,36.8,2025-12-29T16:00:00Z,15887,36.744399
36.41,36.72,36.41,62,36.59,2025-12-29T17:00:00Z,6649,36.609807
36.18,36.46,36.07,95,36.46,2025-12-29T18:00:00Z,10054,36.213447
35.81,36.17,35.775,68,36.17,2025-12-29T19:00:00Z,6267,35.909923
36.045,36.16,35.675,182,35.8,2025-12-29T20:00:00Z,22163,35.949936
35.46,35.83,35.46,138,35.81,2025-12-30T14:00:00Z,14028,35.659882
35.425,35.72,35.34,85,35.56,2025-12-30T15:00:00Z,8377,35.494707
35.36,35.43,35.1,38,35.43,2025-12-30T16:00:00Z,4202,35.261667
35.36,35.57,35.34,72,35.4,2025-12-30T17:00:00Z,7209,35.415806
35.57,35.62,35.42,50,35.47,2025-12-30T18:00:00Z,5097,35.541352
35.33,35.65,35.29,76,35.53,2025-12-30T19:00:00Z,7161,35.462323
35.43,35.46,35.16,137,35.3,2025-12-30T20:00:00Z,15163,35.270744
35.62,35.71,35.355,55,35.4,2025-12-31T14:00:00Z,5489,35.560149
35.925,35.94,35.57,82,35.62,2025-12-31T15:00:00Z,8193,35.790059
35.22,35.82,35.22,63,35.82,2025-12-31T16:00:00Z,6437,35.466712
35.44,35.51,35.235,66,35.235,2025-12-31T17:00:00Z,5766,35.407795
35.02,35.38,34.98,43,35.38,2025-12-31T18:00:00Z,4602,35.16738
35.425,35.43,35.0,60,35.0,2025-12-31T19:00:00Z,6243,35.262706
35.88,36.05,35.52,251,35.52,2025-12-31T20:00:00Z,28115,35.852279
