c,h,l,n,o,t,v,vw
39.84,39.97,38.715,197,39.32,2021-05-17T13:00:00Z,19414,39.558909
40.0,40.465,39.33,495,39.845,2021-05-17T14:00:00Z,53194,39.798167
40.46,40.77,39.895,290,39.915,2021-05-17T15:00:00Z,31663,40.295775
40.345,40.74,39.855,131,40.56,2021-05-17T16:00:00Z,12429,40.331708
40.84,41.39,40.18,133,40.315,2021-05-17T17:00:00Z,15573,40.87013
40.245,41.225,40.245,227,40.99,2021-05-17T18:00:00Z,24577,40.674336
39.86,40.83,39.8,589,40.265,2021-05-17T19:00:00Z,66640,40.418483
39.38,39.62,39.38,5,39.62,2021-05-17T20:00:00Z,2500,39.49
39.22,39.56,39.03,151,39.28,2021-05-18T13:00:00Z,14697,39.332445
38.625,39.63,38.45,362,39.3,2021-05-18T14:00:00Z,37362,38.920463
38.865,38.92,38.48,153,38.64,2021-05-18T15:00:00Z,14150,38.725383
38.59,38.91,38.42,183,38.895,2021-05-18T16:00:00Z,16905,38.629299
38.98,38.98,38.49,121,38.595,2021-05-18T17:00:00Z,12087,38.715161
39.55,39.98,38.655,495,38.95,2021-05-18T18:00:00Z,55526,39.585359
40.55,40.57,39.16,302,39.59,2021-05-18T19:00:00Z,29788,39.860674
44.38,44.98,43.18,308,43.79,2021-05-19T13:00:00Z,26860,44.193138
44.28,46.27,43.98,558,44.52,2021-05-19T14:00:00Z,54707,45.101072
43.9,44.955,43.65,315,44.285,2021-05-19T15:00:00Z,23611,44.296316
43.55,43.99,43.445,207,43.72,2021-05-19T16:00:00Z,18435,43.730235
43.22,43.73,42.67,153,43.53,2021-05-19T17:00:00Z,10531,43.182247
43.93,44.67,42.52,537,43.21,2021-05-19T18:00:00Z,38423,43.568012
42.3,44.58,42.08,867,44.06,2021-05-19T19:00:00Z,72605,43.338042
42.52,42.52,42.52,1,42.52,2021-05-19T20:00:00Z,600,42.52
42.15,42.19,42.15,4,42.19,2021-05-20T12:00:00Z,800,42.165
41.37,41.63,40.995,97,41.05,2021-05-20T13:00:00Z,13343,41.315636
40.765,41.32,40.39,286,41.275,2021-05-20T14:00:00Z,42564,40.737787
40.3,40.71,40.195,49,40.675,2021-05-20T15:00:00Z,4979,40.5362
40.685,41.26,40.31,77,40.335,2021-05-20T16:00:00Z,11345,40.819695
40.465,40.865,40.3,90,40.865,2021-05-20T17:00:00Z,9800,40.502037
40.26,40.49,40.055,76,40.49,2021-05-20T18:00:00Z,7964,40.212885
40.135,40.335,39.6,263,40.25,2021-05-20T19:00:00Z,27420,39.916646
40.0,40.0,40.0,1,40.0,2021-05-20T20:00:00Z,600,40.0
39.225,39.655,39.215,242,39.315,2021-05-21T13:00:00Z,35895,39.371961
39.29,39.77,39.06,295,39.18,2021-05-21T14:00:00Z,44787,39.418785
39.365,39.51,39.06,165,39.32,2021-05-21T15:00:00Z,15625,39.292246
39.62,39.99,39.25,267,39.43,2021-05-21T16:00:00Z,22331,39.610603
39.17,39.79,39.17,151,39.79,2021-05-21T17:00:00Z,12252,39.50188
39.21,39.545,39.015,142,39.22,2021-05-21T18:00:00Z,14609,39.295002
39.55,39.61,38.86,228,39.36,2021-05-21T19:00:00Z,19381,39.22411
38.385,38.69,38.385,96,38.655,2021-05-24T13:00:00Z,8827,38.533963
37.85,38.32,37.8,366,38.32,2021-05-24T14:00:00Z,35702,38.005184
37.68,37.98,37.63,244,37.88,2021-05-24T15:00:00Z,18600,37.740095
37.53,37.79,37.53,283,37.65,2021-05-24T16:00:00Z,22458,37.663495
37.53,37.65,37.46,212,37.54,2021-05-24T17:00:00Z,16621,37.541762
37.53,37.59,37.35,351,37.56,2021-05-24T18:00:00Z,28397,37.460925
37.695,37.765,37.31,412,37.53,2021-05-24T19:00:00Z,33641,37.564867
37.65,37.65,37.65,1,37.65,2021-05-24T20:00:00Z,600,37.65
37.91,37.92,37.52,179,37.55,2021-05-25T13:00:00Z,30307,37.704572
37.405,37.93,37.375,314,37.855,2021-05-25T14:00:00Z,47596,37.628176
37.86,38.16,37.395,422,37.41,2021-05-25T15:00:00Z,52104,37.719297
37.68,37.825,37.6,86,37.76,2021-05-25T16:00:00Z,8816,37.725102
37.81,38.02,37.68,81,37.695,2021-05-25T17:00:00Z,19292,37.850571
38.03,38.06,37.81,60,37.94,2021-05-25T18:00:00Z,5437,37.940928
37.76,38.35,37.675,219,38.09,2021-05-25T19:00:00Z,21292,38.024267
36.88,36.88,36.88,1,36.88,2021-05-26T12:00:00Z,100,36.88
37.07,37.23,36.76,171,37.06,2021-05-26T13:00:00Z,16652,36.98183
36.535,37.205,36.525,306,37.03,2021-05-26T14:00:00Z,29682,36.727445
36.17,36.515,36.16,194,36.5,2021-05-26T15:00:00Z,17888,36.355126
36.085,36.2,36.05,221,36.155,2021-05-26T16:00:00Z,17046,36.115087
36.345,36.5,35.99,255,36.08,2021-05-26T17:00:00Z,23975,36.22548
36.15,36.415,36.035,83,36.405,2021-05-26T18:00:00Z,10351,36.183617
35.79,36.16,35.75,251,36.11,2021-05-26T19:00:00Z,23485,35.977046
35.05,35.5,35.0,108,35.47,2021-05-27T13:00:00Z,11792,35.157774
34.53,35.08,34.46,292,35.025,2021-05-27T14:00:00Z,26405,34.733863
34.39,34.67,34.34,277,34.54,2021-05-27T15:00:00Z,28572,34.49062
34.04,34.375,33.99,269,34.35,2021-05-27T16:00:00Z,28487,34.172047
34.21,34.47,34.03,176,34.05,2021-05-27T17:00:00Z,17605,34.210791
34.27,34.47,34.19,205,34.19,2021-05-27T18:00:00Z,18296,34.323323
33.99,34.435,33.945,308,34.33,2021-05-27T19:00:00Z,28765,34.173038
33.96,33.97,33.67,145,33.76,2021-05-28T13:00:00Z,13695,33.807702
34.175,34.33,33.8,182,33.81,2021-05-28T14:00:00Z,22334,34.168705
34.03,34.24,33.96,145,34.19,2021-05-28T15:00:00Z,10874,34.080179
33.94,33.99,33.87,93,33.95,2021-05-28T16:00:00Z,8975,33.924668
33.85,33.97,33.81,170,33.92,2021-05-28T17:00:00Z,15317,33.888706
33.84,33.88,33.705,159,33.84,2021-05-28T18:00:00Z,16570,33.792796
34.7,34.74,33.82,546,33.825,2021-05-28T19:00:00Z,50888,34.324908
34.2,34.3,33.77,178,33.8,2021-06-01T13:00:00Z,23705,34.059816
34.86,35.06,34.205,553,34.245,2021-06-01T14:00:00Z,62616,34.63671
34.67,34.94,34.51,166,34.8,2021-06-01T15:00:00Z,21281,34.675923
35.24,35.24,34.64,123,34.64,2021-06-01T16:00:00Z,15849,34.889935
35.2,35.53,35.195,150,35.235,2021-06-01T17:00:00Z,16268,35.333315
34.95,35.29,34.93,61,35.09,2021-06-01T18:00:00Z,5476,35.059876
35.53,35.54,34.91,198,34.91,2021-06-01T19:00:00Z,27270,35.201337
35.22,35.23,35.21,5,35.21,2021-06-01T20:00:00Z,650,35.218462
35.53,35.53,35.39,4,35.39,2021-06-02T12:00:00Z,700,35.478571
34.85,35.43,34.67,183,35.09,2021-06-02T13:00:00Z,21067,34.994924
34.7,35.03,34.695,216,34.855,2021-06-02T14:00:00Z,25132,34.898325
34.22,34.735,34.115,279,34.64,2021-06-02T15:00:00Z,28583,34.364108
34.405,34.64,34.255,298,34.29,2021-06-02T16:00:00Z,33037,34.445176
34.995,35.09,34.32,394,34.4,2021-06-02T17:00:00Z,43425,34.856883
34.9,35.23,34.725,340,34.995,2021-06-02T18:00:00Z,47640,34.978429
34.66,35.03,34.64,398,34.89,2021-06-02T19:00:00Z,54002,34.831289
34.87,34.87,34.87,1,34.87,2021-06-02T20:00:00Z,600,34.87
35.83,35.87,35.83,2,35.87,2021-06-03T12:00:00Z,400,35.85
35.565,36.16,35.435,400,35.52,2021-06-03T13:00:00Z,50832,35.763963
34.85,35.65,34.85,254,35.56,2021-06-03T14:00:00Z,26932,35.326192
35.02,35.12,34.755,137,34.87,2021-06-03T15:00:00Z,15239,34.920061
34.965,35.2,34.84,154,34.99,2021-06-03T16:00:00Z,26412,35.005646
35.04,35.14,34.85,88,34.98,2021-06-03T17:00:00Z,12871,35.006951
35.35,35.355,35.075,85,35.075,2021-06-03T18:00:00Z,9338,35.23676
35.3,35.47,35.145,330,35.35,2021-06-03T19:00:00Z,54052,35.311447
33.79,34.11,33.79,293,34.11,2021-06-04T13:00:00Z,40904,33.908466
33.52,33.82,33.43,512,33.76,2021-06-04T14:00:00Z,60191,33.623231
33.585,33.62,33.415,158,33.53,2021-06-04T15:00:00Z,18777,33.527376
33.35,33.6,33.35,148,33.575,2021-06-04T16:00:00Z,16577,33.452443
33.3,33.52,33.27,233,33.35,2021-06-04T17:00:00Z,24747,33.329829
33.42,33.465,33.295,202,33.305,2021-06-04T18:00:00Z,19845,33.355024
33.475,33.48,33.26,508,33.42,2021-06-04T19:00:00Z,54156,33.354502
33.325,33.51,33.325,111,33.43,2021-06-07T13:00:00Z,17511,33.421636
33.48,33.69,33.22,327,33.34,2021-06-07T14:00:00Z,37780,33.495456
33.3,33.515,33.295,155,33.49,2021-06-07T15:00:00Z,16521,33.426463
33.095,33.285,33.095,138,33.285,2021-06-07T16:00:00Z,13737,33.169982
33.24,33.34,33.08,109,33.1,2021-06-07T17:00:00Z,11614,33.174902
33.245,33.31,33.17,108,33.285,2021-06-07T18:00:00Z,11236,33.254569
32.76,33.25,32.72,518,33.25,2021-06-07T19:00:00Z,63929,32.845158
33.14,33.17,32.52,133,32.52,2021-06-08T13:00:00Z,15197,32.846705
33.2,33.24,32.94,338,33.135,2021-06-08T14:00:00Z,46981,33.084909
33.12,33.84,33.06,501,33.19,2021-06-08T15:00:00Z,58056,33.445695
32.68,33.2,32.68,304,33.13,2021-06-08T16:00:00Z,42206,32.883821
32.8,32.82,32.59,124,32.7,2021-06-08T17:00:00Z,13641,32.694868
32.59,32.835,32.59,109,32.8,2021-06-08T18:00:00Z,13472,32.748438
33.115,33.18,32.585,214,32.61,2021-06-08T19:00:00Z,24213,32.893403
33.17,33.3,32.77,139,32.77,2021-06-09T13:00:00Z,18368,33.108397
33.14,33.48,33.11,175,33.16,2021-06-09T14:00:00Z,29907,33.35396
33.38,33.39,32.97,228,33.175,2021-06-09T15:00:00Z,38228,33.170088
33.165,33.38,33.08,65,33.31,2021-06-09T16:00:00Z,9343,33.262414
33.43,33.43,33.155,76,33.27,2021-06-09T17:00:00Z,12789,33.351388
33.49,33.5,33.19,216,33.385,2021-06-09T18:00:00Z,27432,33.332138
33.71,33.905,33.48,670,33.51,2021-06-09T19:00:00Z,72378,33.697647
33.68,33.68,33.68,1,33.68,2021-06-09T20:00:00Z,100,33.68
32.325,32.7,32.27,377,32.66,2021-06-10T13:00:00Z,51908,32.396294
32.605,32.975,32.195,802,32.29,2021-06-10T14:00:00Z,101442,32.525689
32.2,32.67,32.16,496,32.61,2021-06-10T15:00:00Z,58392,32.336858
32.09,32.36,32.08,396,32.18,2021-06-10T16:00:00Z,42964,32.204633
31.92,32.18,31.9,287,32.08,2021-06-10T17:00:00Z,33604,32.040192
31.72,31.94,31.72,379,31.91,2021-06-10T18:00:00Z,40085,31.845096
31.72,31.91,31.65,613,31.725,2021-06-10T19:00:00Z,94250,31.778775
30.77,31.155,30.635,299,31.06,2021-06-11T13:00:00Z,56190,30.863255
30.81,30.97,30.66,415,30.76,2021-06-11T14:00:00Z,58149,30.820681
30.71,31.11,30.625,464,30.77,2021-06-11T15:00:00Z,54044,30.802468
30.8,31.08,30.69,474,30.71,2021-06-11T16:00:00Z,54644,30.864405
30.81,31.01,30.72,295,30.82,2021-06-11T17:00:00Z,32655,30.876803
30.64,30.805,30.585,201,30.805,2021-06-11T18:00:00Z,24047,30.668741
30.815,31.01,30.65,596,30.65,2021-06-11T19:00:00Z,80988,30.874303
30.8,30.8,30.8,1,30.8,2021-06-11T20:00:00Z,600,30.8
30.85,31.08,30.64,117,30.77,2021-06-14T13:00:00Z,17548,30.877241
30.92,31.29,30.82,473,30.82,2021-06-14T14:00:00Z,55752,31.076059
31.2,31.22,30.8,272,30.91,2021-06-14T15:00:00Z,34748,31.080574
31.53,31.6,31.195,603,31.21,2021-06-14T16:00:00Z,87824,31.370874
31.47,31.55,31.245,311,31.55,2021-06-14T17:00:00Z,33349,31.382145
31.53,31.675,31.445,452,31.45,2021-06-14T18:00:00Z,60788,31.579202
31.11,31.55,30.88,505,31.55,2021-06-14T19:00:00Z,65367,31.141052
30.93,30.93,30.93,5,30.93,2021-06-14T20:00:00Z,500,30.93
31.42,31.58,31.29,143,31.29,2021-06-15T13:00:00Z,19739,31.442212
31.805,31.83,31.39,446,31.39,2021-06-15T14:00:00Z,66869,31.692476
31.735,31.96,31.565,318,31.82,2021-06-15T15:00:00Z,42070,31.762557
31.75,31.815,31.435,258,31.73,2021-06-15T16:00:00Z,41806,31.644227
31.245,31.81,31.24,270,31.8,2021-06-15T17:00:00Z,40173,31.594415
31.6,31.6,31.11,232,31.23,2021-06-15T18:00:00Z,31696,31.358216
31.82,32.025,31.44,719,31.635,2021-06-15T19:00:00Z,93187,31.695644
31.355,31.62,31.355,155,31.39,2021-06-16T13:00:00Z,17391,31.469842
31.14,31.39,31.14,474,31.35,2021-06-16T14:00:00Z,53615,31.260187
30.845,31.19,30.815,457,31.145,2021-06-16T15:00:00Z,47475,31.004843
31.24,31.52,30.81,856,30.83,2021-06-16T16:00:00Z,97022,31.249254
31.265,31.71,31.17,644,31.23,2021-06-16T17:00:00Z,80241,31.35074
31.85,32.92,31.52,1698,31.6,2021-06-16T18:00:00Z,208701,32.159025
32.05,32.255,31.05,1669,31.86,2021-06-16T19:00:00Z,197238,31.594734
32.08,32.08,32.08,1,32.08,2021-06-16T20:00:00Z,100,32.08
31.37,32.22,31.31,298,32.22,2021-06-17T13:00:00Z,46989,31.549287
31.27,31.79,30.91,593,31.46,2021-06-17T14:00:00Z,80167,31.287329
31.38,31.5,30.775,348,31.32,2021-06-17T15:00:00Z,54695,31.164922
31.56,32.575,31.25,741,31.385,2021-06-17T16:00:00Z,95907,31.899379
31.495,31.55,31.11,405,31.55,2021-06-17T17:00:00Z,48804,31.303411
31.51,31.61,31.33,347,31.42,2021-06-17T18:00:00Z,38851,31.449519
31.92,31.92,31.14,503,31.51,2021-06-17T19:00:00Z,62666,31.425045
31.96,31.98,31.95,3,31.95,2021-06-17T20:00:00Z,850,31.955294
33.11,33.76,32.53,589,33.33,2021-06-18T13:00:00Z,86495,33.16662
33.57,33.68,32.74,975,33.07,2021-06-18T14:00:00Z,113055,33.223202
33.2,34.0,33.06,775,33.6,2021-06-18T15:00:00Z,93324,33.493469
33.8,33.87,32.865,537,33.2,2021-06-18T16:00:00Z,60947,33.316172
33.785,34.11,33.35,225,33.79,2021-06-18T17:00:00Z,24855,33.728236
34.455,34.48,33.54,355,33.8,2021-06-18T18:00:00Z,45557,34.040584
34.86,34.87,33.505,1121,34.42,2021-06-18T19:00:00Z,138622,34.129333
35.12,35.12,34.82,3,34.82,2021-06-18T20:00:00Z,1809,34.965937
33.74,33.74,33.74,1,33.74,2021-06-21T12:00:00Z,100,33.74
33.36,34.465,33.19,230,33.45,2021-06-21T13:00:00Z,33092,33.987247
32.88,33.49,32.785,356,33.38,2021-06-21T14:00:00Z,34703,33.106059
32.29,32.85,32.24,419,32.84,2021-06-21T15:00:00Z,40144,32.553082
32.43,32.57,32.2,333,32.28,2021-06-21T16:00:00Z,34607,32.412248
32.13,32.485,32.05,173,32.485,2021-06-21T17:00:00Z,18998,32.289252
32.235,32.32,32.07,265,32.11,2021-06-21T18:00:00Z,33000,32.132214
32.57,32.64,32.065,560,32.2,2021-06-21T19:00:00Z,58018,32.410644
32.76,32.76,32.66,3,32.68,2021-06-21T20:00:00Z,350,32.694286
32.63,32.88,32.09,251,32.69,2021-06-22T13:00:00Z,34176,32.537423
31.72,32.675,31.68,268,32.58,2021-06-22T14:00:00Z,35353,32.081017
31.635,31.725,31.425,250,31.7,2021-06-22T15:00:00Z,21978,31.550105
31.315,31.63,31.275,239,31.61,2021-06-22T16:00:00Z,28242,31.416445
31.51,31.51,31.27,200,31.28,2021-06-22T17:00:00Z,20940,31.381156
31.17,31.575,31.17,289,31.55,2021-06-22T18:00:00Z,28404,31.37004
30.89,31.195,30.88,412,31.185,2021-06-22T19:00:00Z,44481,31.029541
30.77,30.77,30.77,1,30.77,2021-06-22T20:00:00Z,100,30.77
30.305,30.53,30.215,146,30.41,2021-06-23T13:00:00Z,17819,30.369058
30.13,30.39,30.01,362,30.3,2021-06-23T14:00:00Z,43726,30.149501
30.305,30.53,30.07,189,30.07,2021-06-23T15:00:00Z,14914,30.341766
30.36,30.58,30.08,189,30.315,2021-06-23T16:00:00Z,19046,30.26882
30.09,30.38,30.085,85,30.38,2021-06-23T17:00:00Z,7628,30.21444
30.18,30.2,30.08,99,30.14,2021-06-23T18:00:00Z,8778,30.141139
30.26,30.55,29.98,301,30.14,2021-06-23T19:00:00Z,29514,30.265457
29.585,29.61,29.44,143,29.5,2021-06-24T13:00:00Z,20413,29.534299
29.67,29.685,29.46,256,29.595,2021-06-24T14:00:00Z,25042,29.589379
29.595,29.755,29.55,193,29.63,2021-06-24T15:00:00Z,18652,29.661009
29.63,29.71,29.525,187,29.59,2021-06-24T16:00:00Z,20445,29.610373
29.61,29.815,29.56,199,29.62,2021-06-24T17:00:00Z,21709,29.690106
29.55,29.63,29.54,191,29.61,2021-06-24T18:00:00Z,19230,29.575137
29.76,29.87,29.505,431,29.54,2021-06-24T19:00:00Z,47978,29.679307
29.83,29.88,29.58,165,29.58,2021-06-25T13:00:00Z,17877,29.74144
29.58,29.89,29.54,172,29.88,2021-06-25T14:00:00Z,18024,29.714904
29.28,29.56,29.275,147,29.56,2021-06-25T15:00:00Z,17119,29.390375
29.295,29.43,29.245,140,29.28,2021-06-25T16:00:00Z,13891,29.33339
29.31,29.475,29.23,255,29.28,2021-06-25T17:00:00Z,22301,29.342362
29.33,29.38,29.24,175,29.35,2021-06-25T18:00:00Z,39239,29.285518
29.19,29.445,29.175,482,29.32,2021-06-25T19:00:00Z,65608,29.313445
28.925,29.28,28.92,289,28.94,2021-06-28T13:00:00Z,34268,29.122322
29.035,29.075,28.855,375,28.92,2021-06-28T14:00:00Z,42414,28.957246
29.175,29.25,29.005,247,29.035,2021-06-28T15:00:00Z,35680,29.133549
29.35,29.35,29.115,150,29.22,2021-06-28T16:00:00Z,17246,29.192993
29.34,29.62,29.32,216,29.365,2021-06-28T17:00:00Z,24214,29.480671
29.3,29.395,29.25,208,29.345,2021-06-28T18:00:00Z,20956,29.319394
29.13,29.42,29.125,374,29.31,2021-06-28T19:00:00Z,41919,29.269711
29.1,29.1,29.1,3,29.1,2021-06-28T20:00:00Z,209,29.1
29.0,29.06,28.91,71,28.97,2021-06-29T13:00:00Z,9790,28.98138
29.33,29.335,28.91,134,28.945,2021-06-29T14:00:00Z,16779,29.153587
29.235,29.47,29.22,153,29.335,2021-06-29T15:00:00Z,17976,29.337738
29.35,29.41,29.19,80,29.21,2021-06-29T16:00:00Z,9077,29.342066
29.475,29.66,29.315,297,29.32,2021-06-29T17:00:00Z,34348,29.542024
29.54,29.69,29.355,387,29.485,2021-06-29T18:00:00Z,48970,29.533967
29.735,29.84,29.545,471,29.555,2021-06-29T19:00:00Z,74880,29.651846
29.86,30.01,29.66,113,29.92,2021-06-30T13:00:00Z,13615,29.815634
29.33,30.165,29.33,248,29.85,2021-06-30T14:00:00Z,29048,29.722643
29.435,29.5,29.285,131,29.34,2021-06-30T15:00:00Z,15202,29.406965
29.39,29.485,29.315,259,29.47,2021-06-30T16:00:00Z,34121,29.395604
29.22,29.44,29.19,259,29.4,2021-06-30T17:00:00Z,31444,29.336432
29.33,29.38,29.195,225,29.23,2021-06-30T18:00:00Z,21928,29.28886
29.4,29.695,29.32,579,29.365,2021-06-30T19:00:00Z,92073,29.531803
29.34,29.34,29.34,1,29.34,2021-06-30T20:00:00Z,600,29.34
29.27,29.335,29.01,262,29.08,2021-07-01T13:00:00Z,34429,29.145007
29.24,29.375,29.08,312,29.27,2021-07-01T14:00:00Z,31534,29.244618
29.09,29.41,29.09,184,29.2,2021-07-01T15:00:00Z,21534,29.220895
29.03,29.185,29.015,275,29.07,2021-07-01T16:00:00Z,33897,29.084421
29.13,29.13,29.0,130,29.05,2021-07-01T17:00:00Z,16515,29.062991
29.08,29.185,29.065,129,29.135,2021-07-01T18:00:00Z,14118,29.132309
28.93,29.13,28.91,526,29.09,2021-07-01T19:00:00Z,83161,29.049847
29.14,29.14,29.06,2,29.06,2021-07-01T20:00:00Z,1200,29.1
28.19,28.32,28.09,308,28.24,2021-07-02T13:00:00Z,48793,28.179884
28.17,28.27,28.07,500,28.18,2021-07-02T14:00:00Z,61912,28.159197
28.2,28.28,28.16,149,28.17,2021-07-02T15:00:00Z,22616,28.208848
28.325,28.35,28.17,176,28.195,2021-07-02T16:00:00Z,23952,28.260304
28.625,28.625,28.29,285,28.33,2021-07-02T17:00:00Z,38608,28.434463
28.56,28.845,28.52,372,28.63,2021-07-02T18:00:00Z,59324,28.700911
28.915,29.095,28.57,459,28.57,2021-07-02T19:00:00Z,62490,28.901231
29.025,29.035,28.69,203,28.69,2021-07-06T13:00:00Z,27003,28.816584
29.8,29.8,29.035,329,29.04,2021-07-06T14:00:00Z,49557,29.28375
29.95,30.2,29.69,458,29.83,2021-07-06T15:00:00Z,74970,29.869276
30.035,30.44,30.005,253,30.09,2021-07-06T16:00:00Z,32217,30.200648
29.625,30.03,29.595,205,30.025,2021-07-06T17:00:00Z,21394,29.787722
29.49,29.79,29.42,328,29.6,2021-07-06T18:00:00Z,36714,29.504656
29.59,29.59,29.27,282,29.44,2021-07-06T19:00:00Z,31876,29.447739
29.55,29.55,29.55,1,29.55,2021-07-06T20:00:00Z,600,29.55
29.57,29.64,29.22,118,29.44,2021-07-07T13:00:00Z,12948,29.471736
29.99,30.6,29.605,409,29.655,2021-07-07T14:00:00Z,52606,30.085708
29.63,30.24,29.59,206,30.21,2021-07-07T15:00:00Z,25614,29.930729
29.535,29.745,29.495,153,29.605,2021-07-07T16:00:00Z,19556,29.651712
29.73,29.935,29.54,120,29.54,2021-07-07T17:00:00Z,12651,29.78714
29.57,29.8,29.365,190,29.78,2021-07-07T18:00:00Z,26683,29.60762
29.67,29.84,29.54,203,29.565,2021-07-07T19:00:00Z,28287,29.719428
31.69,32.42,31.5,688,32.23,2021-07-08T13:00:00Z,75478,31.970682
32.36,32.45,31.66,478,31.68,2021-07-08T14:00:00Z,48999,32.089232
31.1,32.42,31.1,261,32.32,2021-07-08T15:00:00Z,26327,31.672326
31.29,31.45,31.04,215,31.1,2021-07-08T16:00:00Z,41237,31.247515
31.385,31.56,31.15,129,31.32,2021-07-08T17:00:00Z,13766,31.383461
31.79,31.92,31.38,196,31.46,2021-07-08T18:00:00Z,26133,31.635884
31.53,32.31,31.5,408,31.76,2021-07-08T19:00:00Z,52392,31.831693
31.79,31.79,31.79,2,31.79,2021-07-08T20:00:00Z,563,31.79
30.23,30.79,30.23,204,30.5,2021-07-09T13:00:00Z,27177,30.483046
29.74,30.23,29.64,478,30.18,2021-07-09T14:00:00Z,55668,29.906673
29.68,29.78,29.555,379,29.735,2021-07-09T15:00:00Z,39913,29.681191
29.34,29.66,29.34,253,29.66,2021-07-09T16:00:00Z,31574,29.514403
29.37,29.46,29.29,132,29.33,2021-07-09T17:00:00Z,15704,29.360706
29.38,29.475,29.365,123,29.37,2021-07-09T18:00:00Z,17739,29.408456
29.48,29.57,29.33,501,29.42,2021-07-09T19:00:00Z,68841,29.445903
29.48,29.48,29.48,1,29.48,2021-07-09T20:00:00Z,700,29.48
29.46,29.64,29.36,127,29.47,2021-07-12T13:00:00Z,16799,29.495283
29.375,29.505,29.31,241,29.455,2021-07-12T14:00:00Z,25128,29.408895
29.14,29.43,29.14,226,29.4,2021-07-12T15:00:00Z,26844,29.247962
29.105,29.17,29.04,145,29.15,2021-07-12T16:00:00Z,16716,29.121285
29.22,29.22,29.06,98,29.06,2021-07-12T17:00:00Z,9628,29.117513
29.23,29.26,29.055,168,29.18,2021-07-12T18:00:00Z,19797,29.134608
29.27,29.46,29.22,339,29.23,2021-07-12T19:00:00Z,39478,29.329684
28.925,29.38,28.87,185,29.29,2021-07-13T13:00:00Z,22394,28.989029
28.905,28.985,28.62,530,28.92,2021-07-13T14:00:00Z,73510,28.814847
28.785,29.01,28.785,270,28.9,2021-07-13T15:00:00Z,29985,28.900425
28.94,28.955,28.755,358,28.785,2021-07-13T16:00:00Z,33002,28.888179
29.32,29.49,28.895,961,28.94,2021-07-13T17:00:00Z,98331,29.219775
29.35,29.63,29.16,582,29.34,2021-07-13T18:00:00Z,57532,29.371802
29.645,29.695,29.27,637,29.35,2021-07-13T19:00:00Z,54043,29.490189
29.09,29.09,28.695,185,28.84,2021-07-14T13:00:00Z,24708,28.922801
29.02,29.23,28.875,179,29.195,2021-07-14T14:00:00Z,24186,29.03874
29.92,29.945,28.96,404,28.99,2021-07-14T15:00:00Z,58368,29.566522
29.155,29.92,29.08,240,29.92,2021-07-14T16:00:00Z,27823,29.445832
29.01,29.42,29.005,156,29.14,2021-07-14T17:00:00Z,17978,29.177308
28.89,29.035,28.815,177,29.0,2021-07-14T18:00:00Z,21724,28.908561
28.92,29.095,28.65,516,28.87,2021-07-14T19:00:00Z,69952,28.89559
28.95,28.95,28.95,1,28.95,2021-07-14T20:00:00Z,700,28.95
29.3,29.93,29.245,230,29.51,2021-07-15T13:00:00Z,27899,29.645117
29.545,29.73,29.155,336,29.31,2021-07-15T14:00:00Z,39922,29.383756
29.35,29.76,29.24,279,29.52,2021-07-15T15:00:00Z,26430,29.443393
29.27,29.805,29.19,302,29.39,2021-07-15T16:00:00Z,32564,29.466494
29.91,30.005,29.32,407,29.32,2021-07-15T17:00:00Z,49417,29.668928
29.79,29.99,29.705,196,29.955,2021-07-15T18:00:00Z,27483,29.82498
29.3,29.69,29.22,362,29.595,2021-07-15T19:00:00Z,37172,29.413339
28.83,28.95,28.52,431,28.64,2021-07-16T13:00:00Z,45283,28.756494
29.285,29.63,28.71,808,28.84,2021-07-16T14:00:00Z,83615,29.322164
29.36,29.72,29.27,319,29.3,2021-07-16T15:00:00Z,39327,29.549728
29.29,29.47,29.21,134,29.41,2021-07-16T16:00:00Z,14357,29.346412
29.56,29.64,29.23,78,29.38,2021-07-16T17:00:00Z,9252,29.47427
29.8,29.86,29.53,261,29.62,2021-07-16T18:00:00Z,33651,29.714603
30.57,30.61,29.73,806,29.81,2021-07-16T19:00:00Z,98014,30.266809
30.35,30.48,30.35,2,30.48,2021-07-16T20:00:00Z,1400,30.415
33.46,33.46,32.05,881,32.37,2021-07-19T13:00:00Z,111280,32.720976
33.63,35.12,33.25,1990,33.48,2021-07-19T14:00:00Z,238709,34.120109
33.27,33.75,32.835,717,33.61,2021-07-19T15:00:00Z,75841,33.231422
34.82,35.13,33.33,782,33.33,2021-07-19T16:00:00Z,102593,34.55542
35.715,35.78,34.43,832,34.9,2021-07-19T17:00:00Z,102408,35.154342
36.255,36.48,35.11,951,35.705,2021-07-19T18:00:00Z,110096,35.845265
35.175,37.03,34.82,2093,36.26,2021-07-19T19:00:00Z,247701,35.862917
34.67,34.67,34.67,1,34.67,2021-07-19T20:00:00Z,700,34.67
33.11,35.21,33.11,463,34.57,2021-07-20T13:00:00Z,73754,34.120174
32.92,33.37,32.85,540,33.105,2021-07-20T14:00:00Z,65633,33.109392
32.46,33.09,32.455,469,32.93,2021-07-20T15:00:00Z,51436,32.784223
32.09,32.58,32.0,461,32.455,2021-07-20T16:00:00Z,49655,32.331762
32.49,32.72,32.065,336,32.065,2021-07-20T17:00:00Z,43943,32.42372
32.0,32.46,31.94,310,32.46,2021-07-20T18:00:00Z,34384,32.131953
31.965,32.025,31.54,591,31.97,2021-07-20T19:00:00Z,80141,31.741405
30.68,31.34,30.67,202,31.21,2021-07-21T13:00:00Z,29074,30.954958
30.68,30.84,30.54,344,30.685,2021-07-21T14:00:00Z,44002,30.660464
30.67,31.015,30.62,164,30.68,2021-07-21T15:00:00Z,18843,30.78611
30.45,30.68,30.35,368,30.655,2021-07-21T16:00:00Z,51372,30.495851
30.32,30.4,30.28,104,30.385,2021-07-21T17:00:00Z,11062,30.34969
30.08,30.33,30.05,357,30.315,2021-07-21T18:00:00Z,50652,30.154257
29.92,30.16,29.88,371,30.07,2021-07-21T19:00:00Z,57575,29.989609
29.87,29.87,29.87,1,29.87,2021-07-21T20:00:00Z,100,29.87
30.16,30.4,29.725,276,29.99,2021-07-22T13:00:00Z,33361,30.100133
30.09,30.25,29.92,310,29.99,2021-07-22T14:00:00Z,35408,30.093693
30.26,30.42,29.99,259,30.07,2021-07-22T15:00:00Z,29522,30.251289
30.44,30.935,30.22,351,30.24,2021-07-22T16:00:00Z,44102,30.589877
30.08,30.405,30.08,147,30.36,2021-07-22T17:00:00Z,23041,30.216621
29.825,30.135,29.82,253,30.09,2021-07-22T18:00:00Z,31103,29.963587
30.49,30.61,29.83,682,29.83,2021-07-22T19:00:00Z,76878,30.28331
29.99,30.16,29.77,168,29.77,2021-07-23T13:00:00Z,21612,29.977244
29.99,30.05,29.75,382,29.935,2021-07-23T14:00:00Z,38473,29.925227
30.12,30.13,29.805,486,29.96,2021-07-23T15:00:00Z,63013,29.946302
30.305,30.435,30.1,302,30.12,2021-07-23T16:00:00Z,37775,30.287972
30.36,30.41,30.24,270,30.305,2021-07-23T17:00:00Z,75374,30.341242
30.24,30.385,30.11,247,30.365,2021-07-23T18:00:00Z,27285,30.24309
30.31,30.38,29.89,518,30.22,2021-07-23T19:00:00Z,65401,30.059553
30.24,30.24,30.24,1,30.24,2021-07-23T20:00:00Z,646,30.24
30.84,30.88,30.53,194,30.74,2021-07-26T13:00:00Z,21536,30.74341
30.61,31.06,30.6,323,30.86,2021-07-26T14:00:00Z,40750,30.890657
30.22,30.69,30.22,344,30.62,2021-07-26T15:00:00Z,41459,30.42871
30.585,30.605,30.22,131,30.22,2021-07-26T16:00:00Z,14782,30.459967
30.48,30.595,30.43,88,30.58,2021-07-26T17:00:00Z,9968,30.512525
30.31,30.53,30.26,130,30.45,2021-07-26T18:00:00Z,14158,30.374231
29.88,30.335,29.88,392,30.32,2021-07-26T19:00:00Z,51471,30.134252
29.84,29.84,29.84,1,29.84,2021-07-26T20:00:00Z,700,29.84
30.935,30.99,30.565,264,30.565,2021-07-27T13:00:00Z,38179,30.818316
31.38,31.8,30.77,766,30.945,2021-07-27T14:00:00Z,97230,31.345959
31.85,32.42,31.09,716,31.42,2021-07-27T15:00:00Z,97823,31.880189
32.06,32.39,31.505,445,31.82,2021-07-27T16:00:00Z,48520,31.992123
32.09,32.3,31.67,225,32.0,2021-07-27T17:00:00Z,26475,32.025463
31.3,32.125,31.27,243,32.12,2021-07-27T18:00:00Z,31853,31.505762
30.85,31.4,30.825,514,31.27,2021-07-27T19:00:00Z,66314,31.154998
31.225,31.42,30.47,152,30.47,2021-07-28T13:00:00Z,16719,31.070542
30.73,31.26,30.7,277,31.19,2021-07-28T14:00:00Z,38323,30.983443
30.49,30.77,30.45,184,30.69,2021-07-28T15:00:00Z,19042,30.611631
30.71,30.75,30.38,188,30.525,2021-07-28T16:00:00Z,15032,30.540462
30.81,30.94,30.59,235,30.64,2021-07-28T17:00:00Z,25436,30.776837
29.8,31.09,29.57,539,30.88,2021-07-28T18:00:00Z,67804,30.156024
30.005,30.155,29.65,473,29.73,2021-07-28T19:00:00Z,47764,29.933717
29.615,29.82,29.57,146,29.76,2021-07-29T13:00:00Z,23845,29.712799
29.43,29.665,29.37,306,29.59,2021-07-29T14:00:00Z,37262,29.531005
29.595,29.63,29.36,139,29.44,2021-07-29T15:00:00Z,15578,29.523537
29.48,29.595,29.41,88,29.58,2021-07-29T16:00:00Z,9451,29.465952
29.365,29.43,29.365,98,29.425,2021-07-29T17:00:00Z,9569,29.390251
29.51,29.59,29.285,207,29.38,2021-07-29T18:00:00Z,17865,29.447613
29.47,29.58,29.335,337,29.51,2021-07-29T19:00:00Z,46834,29.511836
29.715,30.425,29.63,89,30.425,2021-07-30T13:00:00Z,8483,29.767393
30.25,30.25,29.52,339,29.72,2021-07-30T14:00:00Z,32750,29.899876
30.305,30.485,30.14,265,30.24,2021-07-30T15:00:00Z,29142,30.333553
29.89,30.35,29.81,212,30.34,2021-07-30T16:00:00Z,25197,30.067703
29.8,29.985,29.7,201,29.88,2021-07-30T17:00:00Z,20590,29.840635
30.025,30.275,29.8,285,29.81,2021-07-30T18:00:00Z,29089,30.084901
30.27,30.36,29.83,390,30.02,2021-07-30T19:00:00Z,43683,30.173589
30.12,30.12,30.06,4,30.06,2021-07-30T20:00:00Z,2800,30.0875
30.095,30.16,29.76,168,29.96,2021-08-02T13:00:00Z,25574,29.950466
30.19,30.26,29.945,210,30.08,2021-08-02T14:00:00Z,14573,30.111746
30.69,30.69,29.905,135,30.14,2021-08-02T15:00:00Z,11974,30.212603
31.11,31.15,30.645,526,30.71,2021-08-02T16:00:00Z,50655,30.920179
30.89,31.16,30.77,204,31.095,2021-08-02T17:00:00Z,15085,30.984048
30.62,30.93,30.54,222,30.93,2021-08-02T18:00:00Z,19576,30.68616
31.4,31.54,30.65,542,30.715,2021-08-02T19:00:00Z,53111,31.266936
31.64,31.665,30.855,187,30.855,2021-08-03T13:00:00Z,32646,31.319965
31.26,31.71,31.01,672,31.61,2021-08-03T14:00:00Z,99486,31.308311
30.455,31.53,30.455,253,31.23,2021-08-03T15:00:00Z,33028,31.011728
30.27,30.58,30.245,481,30.43,2021-08-03T16:00:00Z,44305,30.425466
30.175,30.365,30.155,235,30.25,2021-08-03T17:00:00Z,21618,30.254197
29.92,30.26,29.92,341,30.16,2021-08-03T18:00:00Z,32464,30.018996
29.835,30.0,29.805,336,29.91,2021-08-03T19:00:00Z,37711,29.880956
30.24,30.41,30.15,140,30.37,2021-08-04T13:00:00Z,14926,30.297402
30.1,30.31,29.905,158,30.2,2021-08-04T14:00:00Z,19492,30.068657
30.07,30.31,29.92,185,30.12,2021-08-04T15:00:00Z,22165,30.100554
29.87,30.065,29.85,94,30.01,2021-08-04T16:00:00Z,9072,29.962934
29.71,29.85,29.65,129,29.85,2021-08-04T17:00:00Z,12120,29.729635
29.68,29.73,29.49,278,29.67,2021-08-04T18:00:00Z,24223,29.613032
29.755,29.845,29.65,458,29.68,2021-08-04T19:00:00Z,50870,29.725228
29.215,29.52,29.17,116,29.51,2021-08-05T13:00:00Z,17837,29.341658
29.09,29.325,29.085,110,29.19,2021-08-05T14:00:00Z,14323,29.215034
29.125,29.15,29.06,347,29.09,2021-08-05T15:00:00Z,60150,29.088155
29.19,29.2,29.13,375,29.15,2021-08-05T16:00:00Z,40655,29.173011
29.085,29.24,29.05,225,29.21,2021-08-05T17:00:00Z,29268,29.138541
29.19,29.21,29.075,180,29.08,2021-08-05T18:00:00Z,20412,29.135804
29.015,29.21,29.015,387,29.19,2021-08-05T19:00:00Z,48170,29.11074
28.8,28.89,28.6,245,28.82,2021-08-06T13:00:00Z,36257,28.710972
28.865,28.935,28.75,368,28.81,2021-08-06T14:00:00Z,37543,28.821061
28.74,28.93,28.71,171,28.85,2021-08-06T15:00:00Z,17165,28.802878
28.53,28.75,28.52,206,28.725,2021-08-06T16:00:00Z,20053,28.613833
28.49,28.565,28.475,228,28.49,2021-08-06T17:00:00Z,23207,28.506373
28.7,28.735,28.45,283,28.495,2021-08-06T18:00:00Z,23299,28.588526
28.28,28.77,28.28,372,28.73,2021-08-06T19:00:00Z,48891,28.489467
28.28,28.28,28.28,1,28.28,2021-08-06T20:00:00Z,150,28.28
28.42,28.545,28.235,222,28.25,2021-08-09T13:00:00Z,24216,28.406337
28.25,28.455,28.18,156,28.41,2021-08-09T14:00:00Z,16884,28.322089
28.125,28.35,28.12,102,28.28,2021-08-09T15:00:00Z,12440,28.247812
28.195,28.22,28.125,72,28.13,2021-08-09T16:00:00Z,9536,28.176322
28.07,28.18,28.07,78,28.175,2021-08-09T17:00:00Z,10213,28.125599
27.84,28.08,27.77,277,28.06,2021-08-09T18:00:00Z,32257,27.888967
28.065,28.095,27.77,417,27.86,2021-08-09T19:00:00Z,45302,27.913706
27.46,27.69,27.445,95,27.69,2021-08-10T13:00:00Z,14786,27.535745
27.68,27.82,27.235,662,27.46,2021-08-10T14:00:00Z,75088,27.406562
27.53,27.91,27.505,156,27.69,2021-08-10T15:00:00Z,17861,27.705411
27.65,27.67,27.53,138,27.53,2021-08-10T16:00:00Z,12605,27.597845
27.74,27.835,27.62,245,27.63,2021-08-10T17:00:00Z,22797,27.736293
27.69,27.925,27.67,304,27.745,2021-08-10T18:00:00Z,31169,27.815419
27.5,27.72,27.485,249,27.64,2021-08-10T19:00:00Z,27962,27.602347
27.58,27.58,27.58,1,27.58,2021-08-10T20:00:00Z,700,27.58
27.32,27.45,27.28,89,27.28,2021-08-11T13:00:00Z,11751,27.344133
27.38,27.38,27.08,334,27.29,2021-08-11T14:00:00Z,76684,27.209975
27.325,27.52,27.23,336,27.39,2021-08-11T15:00:00Z,28242,27.386876
27.145,27.33,27.06,390,27.33,2021-08-11T16:00:00Z,35526,27.13662
27.125,27.17,27.07,212,27.13,2021-08-11T17:00:00Z,17989,27.10211
26.98,27.17,26.95,201,27.14,2021-08-11T18:00:00Z,22077,27.042382
26.77,26.96,26.67,412,26.93,2021-08-11T19:00:00Z,54754,26.820674
26.86,26.86,26.86,2,26.86,2021-08-11T20:00:00Z,800,26.86
26.82,27.04,26.77,208,26.91,2021-08-12T13:00:00Z,31560,26.915409
26.37,26.97,26.37,380,26.82,2021-08-12T14:00:00Z,53437,26.68153
26.16,26.445,26.08,217,26.43,2021-08-12T15:00:00Z,25455,26.220348
26.02,26.2,25.95,481,26.14,2021-08-12T16:00:00Z,53208,26.048488
26.13,26.17,26.02,169,26.02,2021-08-12T17:00:00Z,17393,26.100642
26.075,26.175,25.98,170,26.16,2021-08-12T18:00:00Z,14760,26.07148
26.225,26.27,25.97,243,26.05,2021-08-12T19:00:00Z,29587,26.130994
26.05,26.05,26.05,1,26.05,2021-08-12T20:00:00Z,700,26.05
25.96,25.96,25.76,205,25.89,2021-08-13T13:00:00Z,25647,25.838157
26.0,26.175,25.95,227,25.955,2021-08-13T14:00:00Z,26054,26.088295
25.905,25.96,25.84,185,25.92,2021-08-13T15:00:00Z,21593,25.892711
25.9,25.98,25.84,134,25.89,2021-08-13T16:00:00Z,15851,25.905324
26.01,26.06,25.91,181,25.91,2021-08-13T17:00:00Z,19347,25.993241
26.085,26.145,25.975,268,26.01,2021-08-13T18:00:00Z,32566,26.068789
26.27,26.36,26.05,524,26.08,2021-08-13T19:00:00Z,62968,26.241437
26.27,26.29,26.2,3,26.2,2021-08-13T20:00:00Z,1600,26.249375
27.3,27.46,26.915,468,26.94,2021-08-16T13:00:00Z,63115,27.284252
27.2,27.41,26.98,775,27.325,2021-08-16T14:00:00Z,112941,27.152968
26.83,27.18,26.71,208,27.125,2021-08-16T15:00:00Z,31476,26.875921
26.665,26.865,26.62,143,26.855,2021-08-16T16:00:00Z,18812,26.70748
26.585,26.74,26.545,127,26.65,2021-08-16T17:00:00Z,15010,26.629448
26.565,26.61,26.49,153,26.6,2021-08-16T18:00:00Z,21719,26.546872
26.39,26.58,26.35,555,26.565,2021-08-16T19:00:00Z,80808,26.43743
27.15,27.31,26.78,271,27.195,2021-08-17T13:00:00Z,32708,27.008301
27.055,27.26,26.91,476,27.21,2021-08-17T14:00:00Z,65795,27.125859
27.58,27.58,27.005,229,27.03,2021-08-17T15:00:00Z,34935,27.291528
28.47,28.54,27.575,504,27.63,2021-08-17T16:00:00Z,62036,27.961396
27.84,28.475,27.84,458,28.475,2021-08-17T17:00:00Z,65922,28.224695
27.67,28.095,27.525,262,27.825,2021-08-17T18:00:00Z,33676,27.821551
27.19,27.805,27.115,705,27.67,2021-08-17T19:00:00Z,94665,27.541602
27.5,27.5,27.41,5,27.42,2021-08-17T20:00:00Z,1259,27.427214
27.335,27.69,27.305,190,27.56,2021-08-18T13:00:00Z,26650,27.509093
27.425,27.505,27.185,222,27.33,2021-08-18T14:00:00Z,30858,27.373964
27.73,27.775,27.36,302,27.425,2021-08-18T15:00:00Z,42248,27.594654
27.67,27.83,27.54,157,27.81,2021-08-18T16:00:00Z,19610,27.708976
27.54,27.765,27.435,115,27.67,2021-08-18T17:00:00Z,14492,27.618096
27.5,28.09,27.195,533,27.54,2021-08-18T18:00:00Z,82669,27.579816
29.055,29.3,27.55,841,27.61,2021-08-18T19:00:00Z,113247,28.467979
29.08,29.09,29.06,9,29.08,2021-08-18T20:00:00Z,4519,29.079115
29.84,30.44,29.76,720,30.28,2021-08-19T13:00:00Z,155180,29.993573
29.865,30.55,29.29,1378,29.91,2021-08-19T14:00:00Z,203377,29.881621
29.06,30.02,28.94,661,29.86,2021-08-19T15:00:00Z,72241,29.586345
29.27,29.48,29.0,272,29.0,2021-08-19T16:00:00Z,29303,29.237286
30.095,30.095,29.33,268,29.35,2021-08-19T17:00:00Z,22166,29.63778
29.7,30.895,29.59,1054,30.135,2021-08-19T18:00:00Z,174521,30.285822
29.95,30.05,29.265,926,29.5,2021-08-19T19:00:00Z,118687,29.662043
28.8,29.71,28.79,237,29.54,2021-08-20T13:00:00Z,53768,29.275573
28.91,28.93,28.57,496,28.765,2021-08-20T14:00:00Z,56724,28.740511
28.68,28.99,28.57,293,28.89,2021-08-20T15:00:00Z,36092,28.781786
28.02,28.66,27.93,383,28.66,2021-08-20T16:00:00Z,50826,28.115913
28.4,28.4,27.9,422,28.035,2021-08-20T17:00:00Z,42909,28.077499
28.09,28.405,28.005,207,28.36,2021-08-20T18:00:00Z,31060,28.207611
27.75,28.08,27.535,767,28.06,2021-08-20T19:00:00Z,89838,27.741006
27.73,27.73,27.73,1,27.73,2021-08-20T20:00:00Z,700,27.73
26.72,27.02,26.61,373,27.02,2021-08-23T13:00:00Z,54619,26.730416
26.46,26.78,26.43,394,26.71,2021-08-23T14:00:00Z,55385,26.629582
26.44,26.52,26.37,173,26.45,2021-08-23T15:00:00Z,17783,26.452124
26.43,26.49,26.385,299,26.415,2021-08-23T16:00:00Z,36961,26.440197
26.435,26.54,26.42,222,26.44,2021-08-23T17:00:00Z,28831,26.473071
26.51,26.52,26.37,238,26.43,2021-08-23T18:00:00Z,24373,26.445144
26.84,26.89,26.38,693,26.51,2021-08-23T19:00:00Z,79718,26.605776
26.8,26.8,26.8,1,26.8,2021-08-23T20:00:00Z,150,26.8
26.81,26.84,26.61,92,26.7,2021-08-24T13:00:00Z,11445,26.727961
26.72,26.865,26.62,145,26.8,2021-08-24T14:00:00Z,21267,26.760823
26.72,26.84,26.63,159,26.72,2021-08-24T15:00:00Z,17195,26.772125
26.8,26.92,26.72,256,26.78,2021-08-24T16:00:00Z,23989,26.840599
26.63,26.77,26.58,149,26.77,2021-08-24T17:00:00Z,20389,26.654512
26.57,26.65,26.55,200,26.58,2021-08-24T18:00:00Z,24222,26.589689
26.75,26.9,26.545,553,26.56,2021-08-24T19:00:00Z,79659,26.782147
26.63,26.64,26.63,8,26.64,2021-08-24T20:00:00Z,5000,26.6396
26.4,26.68,26.4,89,26.62,2021-08-25T13:00:00Z,11750,26.543029
26.33,26.42,26.25,354,26.36,2021-08-25T14:00:00Z,36297,26.306287
26.18,26.33,26.14,334,26.3,2021-08-25T15:00:00Z,34792,26.216582
26.24,26.25,26.175,277,26.175,2021-08-25T16:00:00Z,30335,26.221058
26.28,26.3,26.22,107,26.25,2021-08-25T17:00:00Z,10685,26.256161
26.08,26.31,26.08,178,26.27,2021-08-25T18:00:00Z,16687,26.219458
26.1,26.21,26.04,286,26.09,2021-08-25T19:00:00Z,37387,26.138685
26.11,26.11,26.11,1,26.11,2021-08-25T20:00:00Z,800,26.11
26.51,26.535,26.29,121,26.5,2021-08-26T13:00:00Z,16566,26.419381
27.09,27.29,26.445,595,26.52,2021-08-26T14:00:00Z,64156,26.981999
26.86,27.34,26.595,552,27.12,2021-08-26T15:00:00Z,59729,26.847391
26.97,27.04,26.74,305,26.87,2021-08-26T16:00:00Z,37713,26.834607
27.11,27.275,26.91,206,26.97,2021-08-26T17:00:00Z,15207,27.094017
27.325,27.41,27.055,255,27.19,2021-08-26T18:00:00Z,18760,27.28762
27.24,27.57,27.095,435,27.32,2021-08-26T19:00:00Z,61356,27.337772
27.31,27.31,27.31,5,27.31,2021-08-26T20:00:00Z,3150,27.31
26.46,26.72,26.4,129,26.64,2021-08-27T13:00:00Z,15901,26.503794
25.86,26.57,25.77,858,26.43,2021-08-27T14:00:00Z,125930,25.934659
25.84,26.09,25.79,245,25.835,2021-08-27T15:00:00Z,24711,25.926908
25.82,25.88,25.78,143,25.83,2021-08-27T16:00:00Z,17100,25.814748
25.76,25.81,25.73,109,25.805,2021-08-27T17:00:00Z,16784,25.775287
25.73,25.785,25.7,70,25.78,2021-08-27T18:00:00Z,8401,25.726366
25.84,25.92,25.65,414,25.73,2021-08-27T19:00:00Z,71405,25.794348
25.96,25.96,25.95,2,25.95,2021-08-27T20:00:00Z,300,25.955
25.7,25.81,25.53,148,25.54,2021-08-30T13:00:00Z,21679,25.721734
25.765,25.82,25.63,264,25.7,2021-08-30T14:00:00Z,38237,25.711533
25.82,25.87,25.77,164,25.77,2021-08-30T15:00:00Z,26172,25.831774
25.78,25.8,25.71,138,25.8,2021-08-30T16:00:00Z,19223,25.761828
25.67,25.84,25.67,169,25.775,2021-08-30T17:00:00Z,22849,25.744711
25.5,25.66,25.49,139,25.66,2021-08-30T18:00:00Z,15503,25.590397
25.59,25.84,25.43,443,25.5,2021-08-30T19:00:00Z,54955,25.632649
25.89,25.97,25.7,136,25.77,2021-08-31T13:00:00Z,25444,25.845085
25.6,25.9,25.59,188,25.9,2021-08-31T14:00:00Z,23303,25.715651
25.56,25.71,25.525,125,25.6,2021-08-31T15:00:00Z,17013,25.611785
25.67,25.69,25.57,149,25.58,2021-08-31T16:00:00Z,17409,25.636381
25.74,25.92,25.68,177,25.68,2021-08-31T17:00:00Z,18028,25.818118
25.57,25.79,25.565,198,25.74,2021-08-31T18:00:00Z,18863,25.652743
25.495,25.78,25.445,336,25.575,2021-08-31T19:00:00Z,55088,25.599371
25.435,25.5,25.28,82,25.28,2021-09-01T13:00:00Z,10629,25.391326
25.15,25.45,25.12,302,25.43,2021-09-01T14:00:00Z,24852,25.26351
24.88,25.21,24.8,436,25.15,2021-09-01T15:00:00Z,31761,24.975061
24.66,24.88,24.65,475,24.88,2021-09-01T16:00:00Z,43566,24.759324
24.74,24.76,24.655,399,24.665,2021-09-01T17:00:00Z,30135,24.707174
24.9,24.95,24.7,637,24.73,2021-09-01T18:00:00Z,40845,24.867224
24.865,25.085,24.81,1013,24.92,2021-09-01T19:00:00Z,95826,24.938678
24.68,24.71,24.52,143,24.54,2021-09-02T13:00:00Z,19391,24.61373
24.67,24.8,24.605,354,24.64,2021-09-02T14:00:00Z,28355,24.70232
24.75,24.775,24.63,207,24.64,2021-09-02T15:00:00Z,38632,24.721613
24.705,24.8,24.705,208,24.75,2021-09-02T16:00:00Z,36340,24.778196
24.98,25.025,24.72,403,24.74,2021-09-02T17:00:00Z,67650,24.855351
24.96,25.255,24.94,368,25.0,2021-09-02T18:00:00Z,53582,25.088796
24.78,25.15,24.715,518,24.96,2021-09-02T19:00:00Z,81699,24.96874
25.14,25.425,25.07,252,25.17,2021-09-03T13:00:00Z,52039,25.221792
25.13,25.21,24.89,432,25.125,2021-09-03T14:00:00Z,70041,25.010196
25.14,25.15,24.96,330,25.125,2021-09-03T15:00:00Z,96432,25.032957
25.125,25.185,25.03,310,25.135,2021-09-03T16:00:00Z,71358,25.099402
24.94,25.13,24.93,188,25.13,2021-09-03T17:00:00Z,32116,25.0149
25.0,25.09,24.95,180,24.95,2021-09-03T18:00:00Z,31796,25.019488
25.04,25.05,24.73,903,25.0,2021-09-03T19:00:00Z,139684,24.883051
25.405,25.49,25.14,215,25.14,2021-09-07T13:00:00Z,36071,25.328471
25.38,25.79,25.36,351,25.435,2021-09-07T14:00:00Z,55835,25.553371
25.54,25.7,25.435,129,25.435,2021-09-07T15:00:00Z,20521,25.568062
25.175,25.44,25.13,333,25.44,2021-09-07T16:00:00Z,56908,25.234878
25.18,25.21,25.09,325,25.18,2021-09-07T17:00:00Z,61697,25.156896
25.27,25.375,25.175,125,25.22,2021-09-07T18:00:00Z,18459,25.27519
25.53,25.67,25.22,530,25.25,2021-09-07T19:00:00Z,72450,25.528871
25.89,26.23,25.72,308,26.02,2021-09-08T13:00:00Z,46622,25.941196
26.215,26.45,25.675,539,25.89,2021-09-08T14:00:00Z,74154,26.145084
26.285,26.37,25.95,208,26.25,2021-09-08T15:00:00Z,30689,26.15233
26.11,26.35,25.885,207,26.35,2021-09-08T16:00:00Z,25591,26.053187
26.0,26.13,25.825,156,26.06,2021-09-08T17:00:00Z,18323,25.955212
25.78,26.04,25.77,96,26.0,2021-09-08T18:00:00Z,11430,25.870994
25.52,25.82,25.445,439,25.785,2021-09-08T19:00:00Z,75721,25.620784
25.22,25.735,25.175,226,25.66,2021-09-09T13:00:00Z,33031,25.308871
25.04,25.285,24.97,365,25.22,2021-09-09T14:00:00Z,55482,25.092114
25.215,25.41,25.01,234,25.03,2021-09-09T15:00:00Z,31484,25.224206
25.25,25.525,25.11,219,25.33,2021-09-09T16:00:00Z,33866,25.379249
25.7,25.83,25.15,754,25.19,2021-09-09T17:00:00Z,143216,25.653019
25.63,26.075,25.625,343,25.81,2021-09-09T18:00:00Z,43774,25.849588
26.11,26.16,25.52,396,25.64,2021-09-09T19:00:00Z,59059,25.84614
26.13,26.13,26.04,2,26.04,2021-09-09T20:00:00Z,1600,26.085
25.29,25.365,24.92,209,25.155,2021-09-10T13:00:00Z,32530,25.151611
25.9,26.155,25.285,560,25.285,2021-09-10T14:00:00Z,79708,25.814539
25.93,26.26,25.81,308,25.9,2021-09-10T15:00:00Z,44553,25.998297
25.53,25.97,25.505,333,25.97,2021-09-10T16:00:00Z,44327,25.629309
25.655,25.76,25.48,244,25.53,2021-09-10T17:00:00Z,32548,25.577095
26.05,26.05,25.66,252,25.67,2021-09-10T18:00:00Z,35176,25.857611
27.17,27.21,26.06,810,26.08,2021-09-10T19:00:00Z,128225,26.639029
27.04,27.05,26.99,14,26.99,2021-09-10T20:00:00Z,6953,27.02145
26.3,26.49,25.79,461,25.8,2021-09-13T13:00:00Z,67832,26.16535
26.15,26.87,26.14,533,26.3,2021-09-13T14:00:00Z,69578,26.5406
26.625,26.77,26.1,369,26.18,2021-09-13T15:00:00Z,46197,26.493958
26.39,26.725,26.3,206,26.58,2021-09-13T16:00:00Z,25260,26.509473
26.895,26.945,26.285,292,26.38,2021-09-13T17:00:00Z,36936,26.645871
27.01,27.275,26.765,669,26.86,2021-09-13T18:00:00Z,86321,27.101581
26.08,27.3,26.08,869,26.945,2021-09-13T19:00:00Z,119864,26.570208
25.97,25.97,25.97,1,25.97,2021-09-13T20:00:00Z,800,25.97
25.74,25.74,25.74,1,25.74,2021-09-14T12:00:00Z,100,25.74
26.095,26.095,25.53,503,25.8,2021-09-14T13:00:00Z,75938,25.757566
26.33,26.465,25.955,677,26.19,2021-09-14T14:00:00Z,115003,26.213927
25.87,26.33,25.84,212,26.33,2021-09-14T15:00:00Z,30633,26.052266
26.26,26.32,25.78,290,25.82,2021-09-14T16:00:00Z,41350,26.111494
26.21,26.495,26.11,253,26.31,2021-09-14T17:00:00Z,31932,26.276048
26.5,26.89,26.22,691,26.24,2021-09-14T18:00:00Z,113307,26.689144
26.39,26.775,26.24,604,26.56,2021-09-14T19:00:00Z,89428,26.498291
26.21,26.44,26.21,7,26.44,2021-09-14T20:00:00Z,2349,26.372976
26.1,26.4,25.805,263,25.89,2021-09-15T13:00:00Z,34651,26.099921
26.18,26.51,25.95,493,26.05,2021-09-15T14:00:00Z,72406,26.259068
26.02,26.3,26.02,131,26.19,2021-09-15T15:00:00Z,14924,26.172229
25.81,26.13,25.74,225,26.04,2021-09-15T16:00:00Z,33755,25.887311
25.775,25.86,25.58,240,25.805,2021-09-15T17:00:00Z,35259,25.765345
25.695,25.82,25.64,119,25.725,2021-09-15T18:00:00Z,13950,25.733877
25.45,25.645,25.24,480,25.64,2021-09-15T19:00:00Z,89508,25.385028
25.36,25.41,25.36,2,25.41,2021-09-15T20:00:00Z,1575,25.384603
25.99,25.99,25.99,1,25.99,2021-09-16T12:00:00Z,1900,25.99
25.91,25.94,25.47,134,25.73,2021-09-16T13:00:00Z,15766,25.723681
26.0,26.15,25.715,502,25.94,2021-09-16T14:00:00Z,63368,25.882563
25.87,26.075,25.83,194,26.04,2021-09-16T15:00:00Z,24856,25.958316
25.53,25.8,25.425,155,25.715,2021-09-16T16:00:00Z,22967,25.589483
25.3,25.7,25.3,187,25.565,2021-09-16T17:00:00Z,25753,25.541967
25.095,25.31,25.09,266,25.28,2021-09-16T18:00:00Z,39291,25.224789
25.16,25.275,24.91,761,25.02,2021-09-16T19:00:00Z,126988,25.096394
25.61,25.685,25.15,260,25.25,2021-09-17T13:00:00Z,38923,25.462998
26.1,26.24,25.54,699,25.57,2021-09-17T14:00:00Z,95416,25.951639
26.14,26.4,25.935,871,26.06,2021-09-17T15:00:00Z,123368,26.144951
26.19,26.255,25.95,231,26.21,2021-09-17T16:00:00Z,33005,26.106204
26.615,26.85,26.2,598,26.2,2021-09-17T17:00:00Z,85757,26.530405
26.71,26.9,26.49,669,26.64,2021-09-17T18:00:00Z,71616,26.693112
26.77,26.88,26.285,1014,26.675,2021-09-17T19:00:00Z,146187,26.58442
26.91,27.01,26.91,4,26.96,2021-09-17T20:00:00Z,1200,26.926667
29.25,29.25,29.25,1,29.25,2021-09-20T12:00:00Z,200,29.25
29.25,29.37,28.27,429,29.22,2021-09-20T13:00:00Z,74855,28.806624
29.98,30.1,29.175,1341,29.295,2021-09-20T14:00:00Z,134375,29.725457
30.485,30.485,29.39,1136,30.0,2021-09-20T15:00:00Z,128009,29.948108
31.17,31.21,30.42,956,30.48,2021-09-20T16:00:00Z,104302,30.793159
31.08,31.79,30.72,855,31.15,2021-09-20T17:00:00Z,80977,31.228869
31.905,32.115,30.885,1078,30.96,2021-09-20T18:00:00Z,116629,31.659901
29.71,32.395,29.225,2278,31.9,2021-09-20T19:00:00Z,287405,30.496815
30.13,30.19,29.72,17,29.72,2021-09-20T20:00:00Z,5050,29.952233
28.97,29.5,28.58,496,28.97,2021-09-21T13:00:00Z,87727,29.065152
30.09,30.34,28.86,967,28.96,2021-09-21T14:00:00Z,96090,29.651724
29.08,30.355,28.97,704,30.14,2021-09-21T15:00:00Z,77375,29.554587
29.08,29.32,28.78,441,29.04,2021-09-21T16:00:00Z,40909,29.00923
29.34,29.44,28.96,363,29.06,2021-09-21T17:00:00Z,33951,29.22875
28.84,29.62,28.64,604,29.33,2021-09-21T18:00:00Z,48181,29.106981
28.61,28.85,28.22,956,28.845,2021-09-21T19:00:00Z,110880,28.544991
29.01,29.09,29.01,17,29.01,2021-09-21T20:00:00Z,8044,29.045124
27.65,28.285,27.64,263,27.88,2021-09-22T13:00:00Z,37967,27.94709
27.225,27.635,27.21,417,27.63,2021-09-22T14:00:00Z,56064,27.399402
27.09,27.22,26.86,408,27.215,2021-09-22T15:00:00Z,55315,27.039131
27.025,27.17,26.96,343,27.1,2021-09-22T16:00:00Z,30637,27.037027
27.055,27.265,27.01,472,27.03,2021-09-22T17:00:00Z,46511,27.127399
27.37,27.71,26.51,1528,27.05,2021-09-22T18:00:00Z,258484,26.918273
27.04,27.54,26.66,981,27.47,2021-09-22T19:00:00Z,127335,27.025051
25.88,26.175,25.84,254,26.175,2021-09-23T13:00:00Z,32818,25.923809
25.82,25.97,25.7,456,25.855,2021-09-23T14:00:00Z,67526,25.829842
25.8,26.0,25.79,243,25.82,2021-09-23T15:00:00Z,37910,25.880082
25.73,25.92,25.525,286,25.82,2021-09-23T16:00:00Z,46308,25.671158
25.51,25.74,25.5,209,25.7,2021-09-23T17:00:00Z,44108,25.616158
25.345,25.535,25.315,261,25.52,2021-09-23T18:00:00Z,42939,25.408124
25.37,25.475,25.255,501,25.345,2021-09-23T19:00:00Z,94920,25.361194
25.17,26.02,25.17,479,26.0,2021-09-24T13:00:00Z,71545,25.474416
25.26,25.38,25.09,345,25.165,2021-09-24T14:00:00Z,44895,25.228773
25.13,25.42,25.07,270,25.21,2021-09-24T15:00:00Z,34574,25.234121
24.96,25.16,24.92,237,25.16,2021-09-24T16:00:00Z,32623,24.994952
25.045,25.11,24.95,258,24.95,2021-09-24T17:00:00Z,38677,24.992999
24.655,25.04,24.65,438,25.025,2021-09-24T18:00:00Z,64577,24.827192
24.55,24.795,24.53,722,24.665,2021-09-24T19:00:00Z,122319,24.633181
24.53,24.53,24.53,7,24.53,2021-09-24T20:00:00Z,650,24.53
24.7,25.03,24.53,497,24.73,2021-09-27T13:00:00Z,83254,24.708882
24.62,24.805,24.37,400,24.73,2021-09-27T14:00:00Z,82985,24.47891
24.77,24.9,24.495,339,24.63,2021-09-27T15:00:00Z,49337,24.628878
24.91,24.98,24.59,308,24.835,2021-09-27T16:00:00Z,27180,24.784803
24.705,24.89,24.685,380,24.86,2021-09-27T17:00:00Z,44845,24.773168
24.745,24.775,24.595,530,24.66,2021-09-27T18:00:00Z,52338,24.678587
24.795,24.925,24.54,656,24.755,2021-09-27T19:00:00Z,116750,24.762869
24.92,24.92,24.89,4,24.89,2021-09-27T20:00:00Z,1500,24.916949
26.24,26.53,25.635,955,25.85,2021-09-28T13:00:00Z,115328,26.140708
27.28,27.72,26.33,1864,26.35,2021-09-28T14:00:00Z,188157,27.102582
27.51,27.85,27.2,957,27.22,2021-09-28T15:00:00Z,106173,27.598816
27.86,27.91,27.11,625,27.57,2021-09-28T16:00:00Z,75303,27.510621
27.63,27.97,27.02,585,27.745,2021-09-28T17:00:00Z,69187,27.508134
26.95,27.89,26.765,825,27.65,2021-09-28T18:00:00Z,94714,27.382073
27.37,27.735,26.66,1305,26.96,2021-09-28T19:00:00Z,208236,27.235029
27.33,27.46,27.33,2,27.46,2021-09-28T20:00:00Z,700,27.348571
27.28,27.83,27.08,409,27.3,2021-09-29T13:00:00Z,51835,27.456548
27.12,27.53,27.01,508,27.21,2021-09-29T14:00:00Z,68171,27.234659
27.34,27.58,27.0,272,27.08,2021-09-29T15:00:00Z,35573,27.311193
27.62,27.835,27.16,250,27.38,2021-09-29T16:00:00Z,37836,27.587724
27.85,28.035,27.5,257,27.65,2021-09-29T17:00:00Z,28863,27.801319
27.03,27.83,26.92,509,27.83,2021-09-29T18:00:00Z,62363,27.271245
27.88,27.9,26.935,820,26.99,2021-09-29T19:00:00Z,115568,27.506398
27.77,27.77,27.73,2,27.73,2021-09-29T20:00:00Z,1600,27.75
26.665,27.11,26.44,521,27.05,2021-09-30T13:00:00Z,63555,26.718814
27.13,27.315,26.56,692,26.65,2021-09-30T14:00:00Z,84044,26.970148
27.56,27.88,26.735,798,27.225,2021-09-30T15:00:00Z,125858,27.157614
27.845,28.32,27.52,699,27.59,2021-09-30T16:00:00Z,85620,27.978371
27.66,28.01,27.44,441,27.9,2021-09-30T17:00:00Z,63178,27.751926
27.26,27.56,26.81,578,27.56,2021-09-30T18:00:00Z,67695,27.149919
27.76,27.91,26.99,743,27.24,2021-09-30T19:00:00Z,107334,27.469865
27.63,27.63,27.59,5,27.6,2021-09-30T20:00:00Z,2200,27.606818
27.14,27.14,27.14,1,27.14,2021-10-01T12:00:00Z,100,27.14
27.67,27.925,27.03,240,27.24,2021-10-01T13:00:00Z,29445,27.548902
27.63,28.185,27.32,796,27.79,2021-10-01T14:00:00Z,93536,27.913783
27.05,27.84,26.965,868,27.6,2021-10-01T15:00:00Z,101345,27.270236
27.01,27.26,26.825,421,27.02,2021-10-01T16:00:00Z,40361,27.036541
26.59,27.16,26.52,384,27.1,2021-10-01T17:00:00Z,42511,26.734451
26.33,26.56,26.28,510,26.54,2021-10-01T18:00:00Z,76901,26.406762
26.96,26.99,26.17,994,26.285,2021-10-01T19:00:00Z,125351,26.478993
26.64,26.73,26.64,2,26.73,2021-10-01T20:00:00Z,900,26.65
26.96,27.1,26.64,324,26.83,2021-10-04T13:00:00Z,38819,26.955273
28.12,28.45,26.94,693,27.02,2021-10-04T14:00:00Z,91021,27.737684
27.77,28.39,27.7,678,28.14,2021-10-04T15:00:00Z,94236,28.08909
28.25,28.395,27.67,347,27.77,2021-10-04T16:00:00Z,47605,28.095582
28.17,28.495,27.88,588,28.29,2021-10-04T17:00:00Z,70387,28.066232
28.02,28.26,27.83,386,28.14,2021-10-04T18:00:00Z,42994,28.039219
27.645,28.34,27.625,772,28.0,2021-10-04T19:00:00Z,120167,27.910732
27.58,27.59,27.58,4,27.59,2021-10-04T20:00:00Z,639,27.588333
27.04,27.54,26.945,325,27.37,2021-10-05T13:00:00Z,42058,27.189158
26.335,26.95,26.33,632,26.92,2021-10-05T14:00:00Z,68744,26.636002
26.46,26.585,26.19,553,26.33,2021-10-05T15:00:00Z,63141,26.35644
26.32,26.57,26.32,354,26.47,2021-10-05T16:00:00Z,67213,26.401337
26.28,26.4,26.23,255,26.33,2021-10-05T17:00:00Z,27860,26.307359
26.17,26.35,26.055,226,26.28,2021-10-05T18:00:00Z,22136,26.182214
26.6,26.76,26.11,489,26.21,2021-10-05T19:00:00Z,60990,26.348322
27.79,27.81,26.86,689,27.24,2021-10-06T13:00:00Z,94549,27.372035
27.36,28.26,27.29,986,27.82,2021-10-06T14:00:00Z,125167,27.771596
27.28,27.8,27.25,463,27.35,2021-10-06T15:00:00Z,58595,27.558285
27.58,27.84,27.27,377,27.29,2021-10-06T16:00:00Z,40713,27.609093
26.83,27.83,26.83,682,27.57,2021-10-06T17:00:00Z,116445,27.19141
26.75,26.97,26.42,691,26.8,2021-10-06T18:00:00Z,111083,26.612987
26.21,26.8,26.16,1040,26.76,2021-10-06T19:00:00Z,151467,26.516315
25.44,25.695,25.44,335,25.69,2021-10-07T13:00:00Z,40733,25.57303
25.31,25.47,25.3,320,25.415,2021-10-07T14:00:00Z,50860,25.404059
25.425,25.48,25.305,502,25.31,2021-10-07T15:00:00Z,69926,25.40907
25.345,25.43,25.34,303,25.425,2021-10-07T16:00:00Z,30514,25.38865
25.255,25.375,25.185,739,25.375,2021-10-07T17:00:00Z,88232,25.246526
25.545,25.57,25.245,400,25.255,2021-10-07T18:00:00Z,45625,25.415395
25.26,25.6,25.245,640,25.56,2021-10-07T19:00:00Z,84147,25.370665
25.27,25.28,25.27,2,25.28,2021-10-07T20:00:00Z,1600,25.275
24.88,25.185,24.79,343,24.95,2021-10-08T13:00:00Z,47444,24.947132
24.83,25.03,24.64,673,24.85,2021-10-08T14:00:00Z,98244,24.766963
25.0,25.05,24.79,304,24.84,2021-10-08T15:00:00Z,50661,24.921111
24.83,25.035,24.785,609,24.98,2021-10-08T16:00:00Z,81653,24.926655
24.89,25.11,24.78,554,24.82,2021-10-08T17:00:00Z,53435,24.939856
24.67,24.92,24.645,323,24.92,2021-10-08T18:00:00Z,37338,24.752996
24.8,24.9,24.605,899,24.66,2021-10-08T19:00:00Z,156018,24.773874
24.89,24.89,24.89,1,24.89,2021-10-08T20:00:00Z,150,24.89
24.47,25.135,24.43,236,25.03,2021-10-11T13:00:00Z,38498,24.708114
24.37,24.43,24.21,429,24.42,2021-10-11T14:00:00Z,60028,24.307774
24.2,24.43,24.16,237,24.32,2021-10-11T15:00:00Z,33044,24.26177
24.48,24.52,24.195,290,24.2,2021-10-11T16:00:00Z,47994,24.358916
24.66,24.87,24.52,416,24.54,2021-10-11T17:00:00Z,60138,24.683406
24.66,24.805,24.54,260,24.73,2021-10-11T18:00:00Z,36550,24.686118
25.135,25.14,24.615,471,24.65,2021-10-11T19:00:00Z,87817,24.925254
25.08,25.08,25.06,15,25.06,2021-10-11T20:00:00Z,4027,25.070757
25.04,25.17,24.6,352,24.69,2021-10-12T13:00:00Z,48528,24.935484
24.84,25.08,24.75,198,25.02,2021-10-12T14:00:00Z,26549,24.926035
24.48,24.77,24.48,292,24.74,2021-10-12T15:00:00Z,36536,24.646646
24.73,24.78,24.385,347,24.46,2021-10-12T16:00:00Z,46572,24.516226
24.55,24.82,24.51,251,24.74,2021-10-12T17:00:00Z,32139,24.64325
24.57,24.58,24.345,320,24.56,2021-10-12T18:00:00Z,45782,24.4427
24.615,24.965,24.57,457,24.57,2021-10-12T19:00:00Z,72648,24.742489
24.82,24.82,24.82,1,24.82,2021-10-12T20:00:00Z,100,24.82
24.66,24.785,24.29,350,24.47,2021-10-13T13:00:00Z,50557,24.458736
24.655,24.98,24.58,750,24.675,2021-10-13T14:00:00Z,131277,24.768194
24.34,24.66,24.265,650,24.635,2021-10-13T15:00:00Z,94681,24.500474
24.405,24.445,24.24,334,24.32,2021-10-13T16:00:00Z,52963,24.353484
24.3,24.42,24.19,223,24.41,2021-10-13T17:00:00Z,39076,24.256284
24.2,24.42,24.14,280,24.27,2021-10-13T18:00:00Z,43375,24.230298
24.14,24.275,24.105,229,24.195,2021-10-13T19:00:00Z,45327,24.183594
23.36,23.45,23.25,270,23.36,2021-10-14T13:00:00Z,47077,23.344334
23.35,23.38,23.29,588,23.33,2021-10-14T14:00:00Z,82206,23.337479
23.26,23.39,23.26,192,23.36,2021-10-14T15:00:00Z,27539,23.342905
23.18,23.31,23.145,384,23.265,2021-10-14T16:00:00Z,68706,23.206083
23.045,23.23,23.045,473,23.16,2021-10-14T17:00:00Z,76681,23.143759
22.985,23.09,22.945,425,23.05,2021-10-14T18:00:00Z,71099,23.021335
22.795,23.06,22.79,961,22.985,2021-10-14T19:00:00Z,181478,22.924252
22.87,22.87,22.87,5,22.87,2021-10-14T20:00:00Z,1333,22.87
22.24,22.655,22.23,604,22.61,2021-10-15T13:00:00Z,98225,22.378368
22.34,22.445,22.19,817,22.235,2021-10-15T14:00:00Z,94787,22.308384
22.62,22.63,22.31,795,22.34,2021-10-15T15:00:00Z,78172,22.449467
22.52,22.665,22.51,533,22.595,2021-10-15T16:00:00Z,55783,22.595759
22.59,22.67,22.525,383,22.525,2021-10-15T17:00:00Z,38022,22.61356
22.49,22.66,22.49,422,22.585,2021-10-15T18:00:00Z,53270,22.602415
22.84,22.9,22.475,837,22.5,2021-10-15T19:00:00Z,111314,22.741684
22.87,22.87,22.82,2,22.82,2021-10-15T20:00:00Z,1100,22.829091
22.84,23.21,22.745,244,23.11,2021-10-18T13:00:00Z,37126,22.992921
22.72,22.89,22.655,300,22.82,2021-10-18T14:00:00Z,45613,22.772761
22.59,22.75,22.5,299,22.74,2021-10-18T15:00:00Z,40998,22.641872
22.61,22.65,22.56,129,22.58,2021-10-18T16:00:00Z,14069,22.602395
22.525,22.59,22.515,218,22.585,2021-10-18T17:00:00Z,29225,22.558373
22.5,22.575,22.48,197,22.54,2021-10-18T18:00:00Z,30326,22.531111
22.34,22.61,22.34,523,22.505,2021-10-18T19:00:00Z,92839,22.500912
22.35,22.35,22.35,5,22.35,2021-10-18T20:00:00Z,4100,22.35
22.33,22.375,22.18,193,22.21,2021-10-19T13:00:00Z,30411,22.255546
22.22,22.33,22.18,409,22.32,2021-10-19T14:00:00Z,63755,22.242457
22.19,22.27,22.18,311,22.2,2021-10-19T15:00:00Z,63594,22.218459
22.155,22.23,22.15,272,22.205,2021-10-19T16:00:00Z,56132,22.189182
22.05,22.18,22.05,363,22.155,2021-10-19T17:00:00Z,68373,22.142172
22.11,22.15,22.025,518,22.035,2021-10-19T18:00:00Z,95575,22.098154
22.15,22.24,22.05,759,22.13,2021-10-19T19:00:00Z,153661,22.142561
22.175,22.255,22.15,600,22.2,2021-10-20T13:00:00Z,98518,22.190659
22.16,22.215,22.085,746,22.18,2021-10-20T14:00:00Z,110817,22.150409
22.03,22.17,22.02,434,22.145,2021-10-20T15:00:00Z,61418,22.093495
22.03,22.05,22.02,208,22.035,2021-10-20T16:00:00Z,37459,22.037671
22.09,22.25,22.02,465,22.02,2021-10-20T17:00:00Z,77506,22.14104
21.92,22.12,21.92,443,22.095,2021-10-20T18:00:00Z,72846,22.032559
21.9,22.06,21.85,796,21.92,2021-10-20T19:00:00Z,159869,21.966172
21.98,21.98,21.96,4,21.96,2021-10-20T20:00:00Z,2734,21.974148
22.07,22.19,22.02,294,22.1,2021-10-21T13:00:00Z,41447,22.116464
21.855,22.1,21.835,731,22.07,2021-10-21T14:00:00Z,178575,21.939264
21.74,21.935,21.735,501,21.85,2021-10-21T15:00:00Z,80424,21.865984
21.675,21.735,21.66,419,21.735,2021-10-21T16:00:00Z,70948,21.697627
21.695,21.7,21.66,125,21.685,2021-10-21T17:00:00Z,20958,21.686285
21.46,21.67,21.45,367,21.67,2021-10-21T18:00:00Z,68306,21.557061
21.22,21.46,21.21,569,21.455,2021-10-21T19:00:00Z,153683,21.340029
21.52,21.52,21.37,4,21.37,2021-10-21T20:00:00Z,1070,21.423
21.19,21.33,21.07,257,21.25,2021-10-22T13:00:00Z,37013,21.175603
21.43,21.43,21.19,424,21.19,2021-10-22T14:00:00Z,63120,21.297307
21.91,22.195,21.39,1059,21.43,2021-10-22T15:00:00Z,178292,21.848422
21.76,22.02,21.625,420,21.93,2021-10-22T16:00:00Z,59349,21.778117
21.88,21.88,21.68,287,21.71,2021-10-22T17:00:00Z,38541,21.758944
21.66,21.89,21.505,290,21.89,2021-10-22T18:00:00Z,39916,21.642103
21.69,21.72,21.52,479,21.68,2021-10-22T19:00:00Z,91781,21.636513
21.73,21.8,21.73,11,21.8,2021-10-22T20:00:00Z,6829,21.758913
21.59,21.91,21.47,483,21.51,2021-10-25T13:00:00Z,73473,21.725575
21.31,21.65,21.31,665,21.57,2021-10-25T14:00:00Z,109982,21.481265
21.14,21.32,21.135,520,21.3,2021-10-25T15:00:00Z,103016,21.233927
21.13,21.16,21.035,281,21.125,2021-10-25T16:00:00Z,49263,21.096143
21.075,21.15,21.055,242,21.13,2021-10-25T17:00:00Z,36945,21.111238
21.06,21.095,21.03,145,21.07,2021-10-25T18:00:00Z,27741,21.070713
21.05,21.15,21.045,254,21.065,2021-10-25T19:00:00Z,61238,21.090348
21.07,21.07,21.07,1,21.07,2021-10-25T20:00:00Z,900,21.07
21.075,21.1,20.79,255,20.81,2021-10-26T13:00:00Z,41042,21.004156
21.135,21.26,21.07,500,21.075,2021-10-26T14:00:00Z,83808,21.175053
21.31,21.31,21.06,410,21.13,2021-10-26T15:00:00Z,58941,21.151812
21.56,21.935,21.31,1294,21.32,2021-10-26T16:00:00Z,188626,21.598213
21.49,21.66,21.36,400,21.57,2021-10-26T17:00:00Z,49155,21.538984
21.235,21.47,21.235,229,21.455,2021-10-26T18:00:00Z,45620,21.375003
21.49,21.49,21.1,660,21.205,2021-10-26T19:00:00Z,134730,21.232641
21.37,21.37,21.37,1,21.37,2021-10-26T20:00:00Z,800,21.37
21.06,21.5,21.06,489,21.39,2021-10-27T13:00:00Z,94711,21.287686
21.42,21.44,21.035,714,21.035,2021-10-27T14:00:00Z,119752,21.302829
21.15,21.43,21.1,511,21.43,2021-10-27T15:00:00Z,80216,21.211683
21.03,21.19,20.985,338,21.16,2021-10-27T16:00:00Z,42569,21.069247
20.915,21.04,20.915,362,21.03,2021-10-27T17:00:00Z,42096,20.958304
21.35,21.37,20.925,324,20.925,2021-10-27T18:00:00Z,33913,21.149421
21.93,22.03,21.325,1380,21.37,2021-10-27T19:00:00Z,249591,21.780659
21.75,21.75,21.75,1,21.75,2021-10-27T20:00:00Z,236,21.75
21.535,21.61,21.35,164,21.455,2021-10-28T13:00:00Z,23720,21.494659
21.5,21.655,21.42,327,21.53,2021-10-28T14:00:00Z,38688,21.528356
21.45,21.54,21.35,219,21.54,2021-10-28T15:00:00Z,26214,21.4679
21.38,21.45,21.245,347,21.44,2021-10-28T16:00:00Z,47971,21.313071
21.36,21.37,21.24,198,21.35,2021-10-28T17:00:00Z,24955,21.310109
21.425,21.46,21.305,393,21.34,2021-10-28T18:00:00Z,65459,21.387474
21.22,21.5,21.195,589,21.43,2021-10-28T19:00:00Z,108173,21.327241
21.58,21.58,21.58,1,21.58,2021-10-28T20:00:00Z,500,21.58
21.61,21.82,21.48,366,21.82,2021-10-29T13:00:00Z,47800,21.599
21.505,21.72,21.385,338,21.61,2021-10-29T14:00:00Z,43886,21.589532
21.42,21.53,21.305,437,21.49,2021-10-29T15:00:00Z,99732,21.392912
21.44,21.47,21.38,315,21.44,2021-10-29T16:00:00Z,64552,21.438947
21.46,21.48,21.4,265,21.445,2021-10-29T17:00:00Z,40447,21.427129
21.63,21.7,21.415,304,21.49,2021-10-29T18:00:00Z,46653,21.583106
21.46,21.645,21.32,481,21.64,2021-10-29T19:00:00Z,84469,21.457503
21.59,21.59,21.21,318,21.22,2021-11-01T13:00:00Z,41338,21.44704
21.68,21.89,21.5,675,21.59,2021-11-01T14:00:00Z,80695,21.681697
21.46,21.69,21.46,210,21.69,2021-11-01T15:00:00Z,23976,21.546807
21.18,21.48,21.17,333,21.48,2021-11-01T16:00:00Z,44444,21.249016
21.395,21.43,21.17,211,21.17,2021-11-01T17:00:00Z,29391,21.316392
21.27,21.495,21.235,200,21.365,2021-11-01T18:00:00Z,24284,21.338145
21.11,21.365,21.06,535,21.28,2021-11-01T19:00:00Z,101554,21.193088
21.06,21.06,21.06,1,21.06,2021-11-01T20:00:00Z,100,21.06
20.81,21.02,20.78,483,21.02,2021-11-02T13:00:00Z,73508,20.884574
20.74,20.89,20.68,563,20.815,2021-11-02T14:00:00Z,82923,20.790225
20.79,20.815,20.73,456,20.74,2021-11-02T15:00:00Z,61014,20.774508
20.625,20.83,20.62,445,20.78,2021-11-02T16:00:00Z,57482,20.733035
20.685,20.745,20.61,225,20.62,2021-11-02T17:00:00Z,28478,20.675131
20.69,20.74,20.67,217,20.69,2021-11-02T18:00:00Z,25335,20.708699
20.53,20.715,20.53,456,20.695,2021-11-02T19:00:00Z,71083,20.609801
20.53,20.53,20.53,11,20.53,2021-11-02T20:00:00Z,8000,20.53
20.5,20.62,20.5,206,20.56,2021-11-03T13:00:00Z,43521,20.551346
20.605,20.67,20.525,268,20.525,2021-11-03T14:00:00Z,39220,20.601152
20.41,20.695,20.41,337,20.62,2021-11-03T15:00:00Z,61200,20.585279
20.41,20.44,20.355,415,20.415,2021-11-03T16:00:00Z,64344,20.392511
20.43,20.46,20.37,899,20.4,2021-11-03T17:00:00Z,129669,20.408998
19.99,20.44,19.945,1493,20.44,2021-11-03T18:00:00Z,340902,20.093714
19.82,20.04,19.66,1793,19.99,2021-11-03T19:00:00Z,570342,19.8173
19.81,19.81,19.81,1,19.81,2021-11-03T20:00:00Z,106,19.81
19.6,19.665,19.475,348,19.61,2021-11-04T13:00:00Z,51981,19.572755
19.86,19.86,19.575,761,19.6,2021-11-04T14:00:00Z,113764,19.72132
19.84,20.025,19.79,516,19.855,2021-11-04T15:00:00Z,79918,19.926236
20.245,20.275,19.815,397,19.835,2021-11-04T16:00:00Z,71143,20.137294
20.215,20.38,20.15,325,20.23,2021-11-04T17:00:00Z,61437,20.267222
20.33,20.37,20.225,407,20.225,2021-11-04T18:00:00Z,71116,20.308791
20.13,20.34,20.03,558,20.34,2021-11-04T19:00:00Z,148635,20.191763
19.98,20.11,19.89,587,19.89,2021-11-05T13:00:00Z,122545,20.014312
19.905,20.04,19.825,559,20.0,2021-11-05T14:00:00Z,89887,19.936768
20.185,20.21,19.86,243,19.895,2021-11-05T15:00:00Z,34069,20.012619
20.43,20.43,20.19,295,20.21,2021-11-05T16:00:00Z,50140,20.327186
20.59,20.925,20.35,875,20.44,2021-11-05T17:00:00Z,179528,20.663203
20.63,20.685,20.495,234,20.605,2021-11-05T18:00:00Z,35448,20.606611
20.87,20.87,20.6,760,20.655,2021-11-05T19:00:00Z,188641,20.696877
20.705,20.735,20.45,654,20.54,2021-11-08T14:00:00Z,95429,20.601862
20.8,20.96,20.67,255,20.74,2021-11-08T15:00:00Z,46689,20.805965
20.99,21.02,20.72,290,20.81,2021-11-08T16:00:00Z,49965,20.814062
21.175,21.25,20.96,353,20.97,2021-11-08T17:00:00Z,43262,21.100572
20.94,21.2,20.925,288,21.17,2021-11-08T18:00:00Z,42064,21.048116
20.73,21.0,20.73,365,20.895,2021-11-08T19:00:00Z,62737,20.840838
20.85,20.96,20.73,555,20.74,2021-11-08T20:00:00Z,93142,20.834333
20.85,20.85,20.85,2,20.85,2021-11-08T21:00:00Z,1001,20.85
21.59,21.72,21.0,1311,21.02,2021-11-09T14:00:00Z,213065,21.312918
21.36,21.62,21.16,1064,21.61,2021-11-09T15:00:00Z,177171,21.362974
21.36,21.57,21.095,488,21.34,2021-11-09T16:00:00Z,78700,21.350382
21.44,21.59,21.29,457,21.385,2021-11-09T17:00:00Z,83361,21.411399
21.61,21.64,21.3,305,21.45,2021-11-09T18:00:00Z,44480,21.424688
21.34,21.645,21.32,359,21.62,2021-11-09T19:00:00Z,44528,21.450045
21.21,21.56,21.19,625,21.355,2021-11-09T20:00:00Z,107010,21.358537
21.07,21.7,21.07,618,21.67,2021-11-10T14:00:00Z,95485,21.347172
21.025,21.21,20.95,707,21.05,2021-11-10T15:00:00Z,150321,21.030032
20.92,21.1,20.895,594,21.015,2021-11-10T16:00:00Z,82287,20.988755
20.945,21.13,20.84,313,20.9,2021-11-10T17:00:00Z,57546,20.982936
21.44,21.515,20.945,862,20.945,2021-11-10T18:00:00Z,163943,21.252009
21.8,22.11,21.435,1353,21.5,2021-11-10T19:00:00Z,246652,21.739853
21.53,21.93,21.44,1095,21.785,2021-11-10T20:00:00Z,221918,21.627077
21.09,21.26,21.025,289,21.07,2021-11-11T14:00:00Z,41723,21.121226
21.13,21.34,21.03,378,21.09,2021-11-11T15:00:00Z,52692,21.147487
20.96,21.18,20.89,291,21.11,2021-11-11T16:00:00Z,44834,20.996364
21.03,21.14,20.9,237,20.945,2021-11-11T17:00:00Z,29967,21.01852
20.955,21.095,20.955,169,21.03,2021-11-11T18:00:00Z,18093,21.005727
20.925,20.97,20.685,432,20.96,2021-11-11T19:00:00Z,55274,20.846462
21.14,21.155,20.91,603,20.935,2021-11-11T20:00:00Z,117646,21.049953
21.17,21.17,21.17,1,21.17,2021-11-11T21:00:00Z,743,21.17
20.8,20.95,20.75,405,20.78,2021-11-12T14:00:00Z,66462,20.850747
20.54,20.88,20.535,682,20.85,2021-11-12T15:00:00Z,106799,20.715729
20.4,20.53,20.365,766,20.52,2021-11-12T16:00:00Z,122610,20.419657
20.46,20.5,20.39,381,20.39,2021-11-12T17:00:00Z,62142,20.440072
20.33,20.5,20.31,338,20.455,2021-11-12T18:00:00Z,46423,20.416639
20.35,20.445,20.285,538,20.33,2021-11-12T19:00:00Z,74150,20.353881
20.37,20.46,20.29,447,20.35,2021-11-12T20:00:00Z,78045,20.373021
20.12,20.12,20.12,1,20.12,2021-11-15T13:00:00Z,400,20.12
20.28,20.44,20.11,279,20.12,2021-11-15T14:00:00Z,52994,20.278923
20.445,20.56,20.29,541,20.29,2021-11-15T15:00:00Z,80557,20.439151
20.675,20.8,20.4,427,20.405,2021-11-15T16:00:00Z,63964,20.57464
20.34,20.78,20.34,371,20.68,2021-11-15T17:00:00Z,54871,20.619453
20.3,20.41,20.22,339,20.35,2021-11-15T18:00:00Z,50773,20.276995
20.21,20.395,20.185,351,20.31,2021-11-15T19:00:00Z,57634,20.274923
20.11,20.31,20.11,650,20.22,2021-11-15T20:00:00Z,112028,20.206286
20.06,20.29,19.99,435,20.24,2021-11-16T14:00:00Z,70554,20.103236
20.09,20.15,19.99,402,20.05,2021-11-16T15:00:00Z,63327,20.080683
20.03,20.115,20.01,481,20.08,2021-11-16T16:00:00Z,68769,20.068631
19.91,20.06,19.91,359,20.045,2021-11-16T17:00:00Z,51640,19.984897
19.99,20.02,19.875,211,19.91,2021-11-16T18:00:00Z,30942,19.962958
19.93,20.015,19.93,344,20.0,2021-11-16T19:00:00Z,58359,19.968789
20.19,20.23,19.87,705,19.93,2021-11-16T20:00:00Z,150257,20.02243
20.43,20.44,20.135,507,20.17,2021-11-17T14:00:00Z,107043,20.310846
20.13,20.49,20.11,490,20.485,2021-11-17T15:00:00Z,80599,20.278414
20.03,20.17,20.02,548,20.13,2021-11-17T16:00:00Z,87405,20.100634
20.33,20.41,20.02,424,20.02,2021-11-17T17:00:00Z,75790,20.263065
20.17,20.37,20.17,332,20.33,2021-11-17T18:00:00Z,55703,20.251974
20.4,20.48,20.16,379,20.16,2021-11-17T19:00:00Z,73195,20.397498
20.48,20.55,20.35,472,20.35,2021-11-17T20:00:00Z,93137,20.451708
20.62,20.65,20.32,239,20.32,2021-11-18T14:00:00Z,28618,20.544128
20.66,20.975,20.57,930,20.63,2021-11-18T15:00:00Z,168767,20.786241
20.42,20.79,20.42,509,20.64,2021-11-18T16:00:00Z,77833,20.56402
20.35,20.395,20.22,614,20.395,2021-11-18T17:00:00Z,111251,20.313599
20.39,20.41,20.225,442,20.345,2021-11-18T18:00:00Z,66440,20.297645
20.41,20.5,20.37,213,20.4,2021-11-18T19:00:00Z,30877,20.423754
20.7,20.72,20.39,469,20.39,2021-11-18T20:00:00Z,99303,20.600005
20.73,20.73,20.73,2,20.73,2021-11-18T21:00:00Z,2000,20.73
20.88,21.01,20.67,510,20.82,2021-11-19T14:00:00Z,74555,20.857385
21.0,21.195,20.9,781,20.91,2021-11-19T15:00:00Z,111071,21.057773
20.625,21.01,20.625,610,21.01,2021-11-19T16:00:00Z,86482,20.781635
20.68,20.68,20.52,500,20.585,2021-11-19T17:00:00Z,75399,20.577907
20.83,20.94,20.65,625,20.66,2021-11-19T18:00:00Z,89238,20.806364
20.94,20.985,20.825,396,20.84,2021-11-19T19:00:00Z,57271,20.893375
20.97,21.035,20.85,917,20.91,2021-11-19T20:00:00Z,223483,20.932148
20.51,20.61,20.42,727,20.53,2021-11-22T14:00:00Z,109559,20.540432
20.47,20.61,20.44,1257,20.5,2021-11-22T15:00:00Z,196165,20.519007
21.0,21.21,20.42,993,20.44,2021-11-22T16:00:00Z,188629,20.743299
20.91,21.16,20.83,876,21.0,2021-11-22T17:00:00Z,157922,20.982787
20.95,20.985,20.785,947,20.945,2021-11-22T18:00:00Z,113559,20.887413
20.77,20.955,20.65,843,20.95,2021-11-22T19:00:00Z,101100,20.769914
21.32,21.41,20.605,1812,20.75,2021-11-22T20:00:00Z,321139,21.0977
21.24,21.33,21.24,6,21.33,2021-11-22T21:00:00Z,3583,21.296694
20.95,21.51,20.9,768,21.32,2021-11-23T14:00:00Z,140434,21.212633
21.665,21.675,20.945,1478,20.945,2021-11-23T15:00:00Z,256485,21.339922
21.485,21.75,21.22,973,21.68,2021-11-23T16:00:00Z,157375,21.438192
21.59,21.68,21.32,535,21.5,2021-11-23T17:00:00Z,84905,21.456745
21.355,21.64,21.24,622,21.61,2021-11-23T18:00:00Z,92144,21.461748
21.1,21.455,21.025,849,21.36,2021-11-23T19:00:00Z,140272,21.249583
20.79,21.19,20.74,1238,21.095,2021-11-23T20:00:00Z,231629,20.984251
20.94,20.94,20.93,7,20.94,2021-11-23T21:00:00Z,5800,20.938621
21.495,21.725,21.26,1081,21.34,2021-11-24T14:00:00Z,183782,21.553819
21.13,21.65,21.08,1319,21.53,2021-11-24T15:00:00Z,225323,21.369858
20.945,21.23,20.86,758,21.16,2021-11-24T16:00:00Z,111803,20.964618
20.8,20.98,20.8,623,20.945,2021-11-24T17:00:00Z,90428,20.902273
20.92,20.93,20.76,265,20.82,2021-11-24T18:00:00Z,33629,20.8411
20.71,21.095,20.66,575,20.915,2021-11-24T19:00:00Z,76593,20.877931
20.56,20.755,20.425,954,20.715,2021-11-24T20:00:00Z,168199,20.575813
23.46,23.57,22.63,1886,23.0,2021-11-26T14:00:00Z,251641,23.215132
23.99,24.17,23.5,2680,23.51,2021-11-26T15:00:00Z,397365,23.797853
24.645,24.8,23.96,2426,24.0,2021-11-26T16:00:00Z,366951,24.460561
25.805,26.42,24.34,3887,24.65,2021-11-26T17:00:00Z,515946,24.770713
26.13,26.13,26.13,1,26.13,2021-11-26T18:00:00Z,600,26.13
22.62,23.35,22.58,1390,23.15,2021-11-29T14:00:00Z,235329,22.999838
23.14,23.28,22.545,1584,22.605,2021-11-29T15:00:00Z,245574,22.940489
22.375,23.12,22.345,707,23.12,2021-11-29T16:00:00Z,107008,22.729899
21.9,22.355,21.65,749,22.355,2021-11-29T17:00:00Z,111591,21.910316
21.84,21.96,21.7,412,21.915,2021-11-29T18:00:00Z,56909,21.849348
22.0,22.01,21.83,309,21.875,2021-11-29T19:00:00Z,55460,21.917065
22.28,22.37,21.74,633,21.95,2021-11-29T20:00:00Z,134776,22.025472
22.52,22.52,22.52,1,22.52,2021-11-29T21:00:00Z,100,22.52
23.555,23.985,23.345,856,23.48,2021-11-30T14:00:00Z,147474,23.688553
24.65,24.73,23.03,1514,23.55,2021-11-30T15:00:00Z,234378,23.74563
24.875,25.28,24.42,1610,24.7,2021-11-30T16:00:00Z,247568,24.793776
25.275,25.35,24.865,697,24.865,2021-11-30T17:00:00Z,105456,25.080793
24.76,25.505,24.755,530,25.1,2021-11-30T18:00:00Z,75541,25.253313
25.05,25.22,24.655,652,24.75,2021-11-30T19:00:00Z,90593,24.919128
25.43,25.475,24.83,902,25.015,2021-11-30T20:00:00Z,139662,25.183015
25.14,25.18,25.14,7,25.16,2021-11-30T21:00:00Z,2350,25.166549
23.45,23.84,23.445,828,23.65,2021-12-01T14:00:00Z,122812,23.652823
23.025,23.48,23.01,1488,23.44,2021-12-01T15:00:00Z,183692,23.197255
23.29,23.42,22.765,767,23.015,2021-12-01T16:00:00Z,117974,22.974387
24.17,24.17,23.07,829,23.31,2021-12-01T17:00:00Z,134291,23.556375
24.28,24.815,23.93,1393,24.2,2021-12-01T18:00:00Z,191584,24.286799
24.735,24.925,24.245,772,24.325,2021-12-01T19:00:00Z,87709,24.541415
27.33,27.355,24.64,2815,24.64,2021-12-01T20:00:00Z,404807,25.968164
26.58,27.12,26.58,7,27.1,2021-12-01T21:00:00Z,3017,26.976167
25.74,26.62,25.55,1012,26.21,2021-12-02T14:00:00Z,128204,25.968207
26.48,26.945,25.725,1181,25.735,2021-12-02T15:00:00Z,222076,26.32469
25.72,26.665,25.72,839,26.465,2021-12-02T16:00:00Z,123799,26.193617
25.96,26.105,25.565,517,25.75,2021-12-02T17:00:00Z,69214,25.799423
26.06,26.64,25.905,530,26.0,2021-12-02T18:00:00Z,64591,26.257017
25.965,26.165,25.615,602,26.07,2021-12-02T19:00:00Z,75721,25.876015
25.725,26.03,25.185,1050,25.925,2021-12-02T20:00:00Z,144487,25.597338
25.81,25.84,25.53,8,25.69,2021-12-02T21:00:00Z,5420,25.670926
26.68,26.735,25.305,1335,25.47,2021-12-03T14:00:00Z,149295,25.983161
27.23,27.44,26.44,1829,26.72,2021-12-03T15:00:00Z,238177,26.869883
28.07,28.08,27.05,1321,27.23,2021-12-03T16:00:00Z,150485,27.456763
28.32,28.53,27.67,1628,28.09,2021-12-03T17:00:00Z,196206,28.08972
29.21,29.32,28.03,1156,28.45,2021-12-03T18:00:00Z,129622,28.688851
29.905,30.115,29.08,2258,29.25,2021-12-03T19:00:00Z,293155,29.624486
28.02,30.14,27.935,3491,29.895,2021-12-03T20:00:00Z,427424,28.88363
27.94,27.96,27.75,6,27.75,2021-12-03T21:00:00Z,2800,27.872857
26.79,27.92,26.76,888,26.93,2021-12-06T14:00:00Z,138840,27.301484
26.8,27.38,26.57,940,26.74,2021-12-06T15:00:00Z,130060,26.894926
27.325,27.365,26.75,463,26.77,2021-12-06T16:00:00Z,61061,27.051929
26.26,27.345,26.26,683,27.3,2021-12-06T17:00:00Z,92826,26.62038
25.83,26.34,25.795,653,26.25,2021-12-06T18:00:00Z,99238,26.03787
26.115,26.245,25.68,421,25.77,2021-12-06T19:00:00Z,59491,25.885249
25.71,26.25,25.655,1094,26.08,2021-12-06T20:00:00Z,182074,25.860178
23.57,24.22,23.57,585,24.22,2021-12-07T14:00:00Z,78938,23.942358
23.195,23.56,23.08,1169,23.54,2021-12-07T15:00:00Z,172553,23.293515
23.12,23.355,23.035,350,23.17,2021-12-07T16:00:00Z,56310,23.199926
22.62,23.105,22.61,505,23.105,2021-12-07T17:00:00Z,75156,22.826588
22.815,22.995,22.63,343,22.64,2021-12-07T18:00:00Z,43897,22.838815
22.995,22.995,22.79,146,22.855,2021-12-07T19:00:00Z,24421,22.87579
22.93,23.49,22.9,868,23.0,2021-12-07T20:00:00Z,163777,23.217211
22.71,22.71,22.71,1,22.71,2021-12-07T21:00:00Z,1000,22.71
22.75,23.01,22.48,393,22.67,2021-12-08T14:00:00Z,64372,22.685411
22.625,22.76,22.39,276,22.76,2021-12-08T15:00:00Z,38729,22.589545
22.125,22.755,22.12,317,22.635,2021-12-08T16:00:00Z,60468,22.376223
21.965,22.185,21.95,240,22.115,2021-12-08T17:00:00Z,37438,22.069456
22.015,22.025,21.835,195,22.0,2021-12-08T18:00:00Z,26950,21.91747
21.81,22.095,21.8,306,22.005,2021-12-08T19:00:00Z,33299,21.935613
21.58,21.885,21.535,769,21.785,2021-12-08T20:00:00Z,112348,21.734683
21.5,21.5,21.5,1,21.5,2021-12-08T21:00:00Z,800,21.5
21.44,21.6,21.33,704,21.59,2021-12-09T14:00:00Z,104284,21.467715
21.61,21.85,21.245,1047,21.485,2021-12-09T15:00:00Z,137164,21.539064
21.79,21.925,21.51,398,21.59,2021-12-09T16:00:00Z,58555,21.782707
21.48,21.925,21.41,347,21.8,2021-12-09T17:00:00Z,56721,21.738373
21.65,21.78,21.42,243,21.435,2021-12-09T18:00:00Z,33802,21.547769
22.2,22.255,21.625,1280,21.68,2021-12-09T19:00:00Z,182349,21.933668
22.16,22.62,21.985,1484,22.22,2021-12-09T20:00:00Z,279427,22.298745
22.08,22.13,22.08,4,22.08,2021-12-09T21:00:00Z,3400,22.103529
21.36,21.44,20.85,795,21.16,2021-12-10T14:00:00Z,132869,21.117636
21.44,21.58,21.05,650,21.355,2021-12-10T15:00:00Z,92214,21.298993
21.13,21.825,21.1,650,21.37,2021-12-10T16:00:00Z,96172,21.433871
21.03,21.26,21.02,454,21.1,2021-12-10T17:00:00Z,73798,21.105674
21.175,21.225,20.875,485,21.025,2021-12-10T18:00:00Z,79653,20.981984
21.22,21.22,21.02,331,21.125,2021-12-10T19:00:00Z,38680,21.117486
20.75,21.255,20.75,751,21.2,2021-12-10T20:00:00Z,164349,20.897052
20.69,20.69,20.69,1,20.69,2021-12-13T13:00:00Z,300,20.69
21.44,21.51,20.99,983,20.99,2021-12-13T14:00:00Z,153222,21.307988
21.58,21.7,21.18,683,21.475,2021-12-13T15:00:00Z,104471,21.496261
21.67,21.84,21.525,369,21.58,2021-12-13T16:00:00Z,47118,21.704049
21.505,21.8,21.33,390,21.745,2021-12-13T17:00:00Z,66802,21.500576
21.44,21.73,21.4,218,21.51,2021-12-13T18:00:00Z,36102,21.544624
21.125,21.505,21.12,237,21.505,2021-12-13T19:00:00Z,34225,21.263947
21.6,21.665,21.11,494,21.12,2021-12-13T20:00:00Z,117434,21.361321
22.22,22.4,21.98,605,22.36,2021-12-14T14:00:00Z,97425,22.181715
22.68,22.82,22.02,1240,22.225,2021-12-14T15:00:00Z,197451,22.397026
22.75,22.88,22.43,849,22.7,2021-12-14T16:00:00Z,124813,22.704791
22.775,23.005,22.705,518,22.785,2021-12-14T17:00:00Z,63152,22.837358
22.65,22.77,22.42,385,22.77,2021-12-14T18:00:00Z,47993,22.56897
22.04,22.69,22.04,728,22.68,2021-12-14T19:00:00Z,95555,22.252619
22.02,22.235,21.73,883,21.995,2021-12-14T20:00:00Z,166483,22.007257
22.22,22.22,22.21,6,22.21,2021-12-14T21:00:00Z,5000,22.2136
22.76,22.87,22.125,841,22.175,2021-12-15T14:00:00Z,134057,22.583994
22.63,22.835,22.355,635,22.74,2021-12-15T15:00:00Z,83900,22.627528
22.7,23.0,22.56,932,22.645,2021-12-15T16:00:00Z,141208,22.80268
22.535,22.86,22.49,351,22.655,2021-12-15T17:00:00Z,48913,22.655378
22.28,22.58,22.28,593,22.515,2021-12-15T18:00:00Z,80631,22.445273
21.56,22.71,21.34,2076,22.29,2021-12-15T19:00:00Z,349527,21.738333
20.4,21.53,20.35,2138,21.53,2021-12-15T20:00:00Z,365406,20.644762
20.45,20.5,20.45,3,20.5,2021-12-15T21:00:00Z,2000,20.475
20.48,20.525,19.98,777,20.06,2021-12-16T14:00:00Z,132428,20.216144
20.38,20.71,20.2,747,20.445,2021-12-16T15:00:00Z,155118,20.477352
20.82,20.835,20.47,1024,20.48,2021-12-16T16:00:00Z,203666,20.644593
21.135,21.14,20.7,658,20.83,2021-12-16T17:00:00Z,147563,20.877393
21.035,21.135,20.685,1038,21.135,2021-12-16T18:00:00Z,172914,20.931768
21.63,21.86,20.95,1738,21.005,2021-12-16T19:00:00Z,284578,21.390818
21.32,21.96,21.06,2119,21.65,2021-12-16T20:00:00Z,363715,21.470418
21.3,21.3,21.3,1,21.3,2021-12-16T21:00:00Z,1100,21.3
22.01,22.51,21.73,1069,22.15,2021-12-17T14:00:00Z,187973,22.202569
21.6,22.6,21.55,1327,22.06,2021-12-17T15:00:00Z,264355,22.066299
21.97,22.07,21.42,964,21.68,2021-12-17T16:00:00Z,213956,21.68914
21.755,22.21,21.64,274,22.04,2021-12-17T17:00:00Z,56792,21.87244
21.18,21.89,21.17,167,21.74,2021-12-17T18:00:00Z,41239,21.55361
21.52,21.61,21.145,183,21.18,2021-12-17T19:00:00Z,32918,21.300445
21.93,22.19,21.37,825,21.55,2021-12-17T20:00:00Z,122060,21.950485
21.84,21.95,21.84,3,21.95,2021-12-17T21:00:00Z,575,21.93087
24.05,24.56,23.59,1297,23.97,2021-12-20T14:00:00Z,224478,24.05649
24.34,24.44,23.845,1549,24.065,2021-12-20T15:00:00Z,238895,24.184205
24.19,24.855,24.18,1120,24.375,2021-12-20T16:00:00Z,173288,24.604048
24.36,24.46,24.04,485,24.24,2021-12-20T17:00:00Z,81063,24.262056
23.38,24.37,23.27,937,24.315,2021-12-20T18:00:00Z,152734,23.847826
23.375,23.5,23.055,703,23.365,2021-12-20T19:00:00Z,102466,23.254664
22.72,23.39,22.605,1488,23.29,2021-12-20T20:00:00Z,283475,22.944373
22.53,22.67,22.49,14,22.67,2021-12-20T21:00:00Z,4856,22.575327
22.31,22.46,21.98,629,21.98,2021-12-21T14:00:00Z,95799,22.268494
22.07,22.555,21.93,594,22.28,2021-12-21T15:00:00Z,84510,22.240456
21.78,22.145,21.695,561,22.145,2021-12-21T16:00:00Z,89346,21.885782
21.45,21.8,21.42,483,21.76,2021-12-21T17:00:00Z,67629,21.557328
21.59,21.68,21.46,428,21.49,2021-12-21T18:00:00Z,69766,21.570475
21.53,21.745,21.525,402,21.59,2021-12-21T19:00:00Z,47950,21.607461
21.69,21.845,21.53,932,21.535,2021-12-21T20:00:00Z,172314,21.685318
21.58,21.58,21.58,1,21.58,2021-12-21T21:00:00Z,400,21.58
21.14,21.58,21.015,337,21.58,2021-12-22T14:00:00Z,54442,21.29708
20.84,21.16,20.83,650,21.09,2021-12-22T15:00:00Z,95463,20.964524
20.95,21.015,20.79,433,20.845,2021-12-22T16:00:00Z,73760,20.891026
20.875,21.095,20.86,225,20.93,2021-12-22T17:00:00Z,45963,20.953494
20.89,20.995,20.81,254,20.885,2021-12-22T18:00:00Z,40394,20.911931
20.84,21.03,20.84,294,20.98,2021-12-22T19:00:00Z,32670,20.946008
20.4,20.865,20.4,675,20.865,2021-12-22T20:00:00Z,138526,20.614645
20.43,20.43,20.42,4,20.42,2021-12-22T21:00:00Z,2400,20.423333
20.17,20.27,19.96,459,20.19,2021-12-23T14:00:00Z,60203,20.126504
19.985,20.22,19.985,731,20.22,2021-12-23T15:00:00Z,101393,20.126975
19.975,20.11,19.95,472,19.985,2021-12-23T16:00:00Z,50128,20.003485
20.125,20.155,19.965,663,19.98,2021-12-23T17:00:00Z,94990,20.059091
20.09,20.14,20.055,331,20.13,2021-12-23T18:00:00Z,42303,20.092825
20.04,20.13,20.035,538,20.105,2021-12-23T19:00:00Z,72754,20.079416
20.23,20.28,20.035,1568,20.035,2021-12-23T20:00:00Z,327001,20.109181
20.21,20.22,20.21,2,20.22,2021-12-23T21:00:00Z,468,20.215726
19.94,19.96,19.94,2,19.96,2021-12-27T13:00:00Z,200,19.95
20.27,20.27,19.9,353,19.99,2021-12-27T14:00:00Z,59852,20.079635
19.95,20.28,19.94,412,20.27,2021-12-27T15:00:00Z,68730,20.036975
19.78,19.92,19.77,510,19.92,2021-12-27T16:00:00Z,83614,19.818551
19.835,19.84,19.765,200,19.785,2021-12-27T17:00:00Z,22958,19.802469
19.735,19.88,19.735,229,19.83,2021-12-27T18:00:00Z,33197,19.818725
19.78,19.81,19.61,454,19.74,2021-12-27T19:00:00Z,61147,19.683845
19.69,19.85,19.655,598,19.78,2021-12-27T20:00:00Z,106842,19.728643
19.63,19.63,19.63,1,19.63,2021-12-27T21:00:00Z,1100,19.63
19.59,19.76,19.53,188,19.7,2021-12-28T14:00:00Z,27159,19.615317
19.52,19.72,19.48,447,19.595,2021-12-28T15:00:00Z,50431,19.590916
19.385,19.55,19.37,384,19.52,2021-12-28T16:00:00Z,49213,19.458633
19.67,19.775,19.37,396,19.38,2021-12-28T17:00:00Z,47664,19.605513
19.54,19.73,19.54,211,19.68,2021-12-28T18:00:00Z,29778,19.66959
19.39,19.74,19.385,245,19.52,2021-12-28T19:00:00Z,36397,19.530488
19.23,19.425,19.23,728,19.4,2021-12-28T20:00:00Z,119882,19.332876
19.06,19.21,18.97,250,19.18,2021-12-29T14:00:00Z,31506,19.084026
18.99,19.38,18.945,590,19.04,2021-12-29T15:00:00Z,76756,19.102022
19.02,19.165,18.975,261,18.975,2021-12-29T16:00:00Z,47844,19.054074
18.925,19.03,18.91,195,18.99,2021-12-29T17:00:00Z,25963,18.961949
18.77,18.91,18.77,187,18.905,2021-12-29T18:00:00Z,26360,18.870014
18.78,18.825,18.73,97,18.81,2021-12-29T19:00:00Z,11075,18.775443
18.74,18.83,18.55,474,18.785,2021-12-29T20:00:00Z,100105,18.684076
18.57,18.64,18.425,193,18.6,2021-12-30T14:00:00Z,31114,18.530065
18.48,18.55,18.38,245,18.51,2021-12-30T15:00:00Z,30351,18.447189
18.425,18.53,18.425,190,18.5,2021-12-30T16:00:00Z,22888,18.4842
18.39,18.47,18.39,152,18.425,2021-12-30T17:00:00Z,16955,18.429055
18.34,18.435,18.335,132,18.395,2021-12-30T18:00:00Z,18444,18.385301
18.32,18.395,18.295,215,18.34,2021-12-30T19:00:00Z,29849,18.340783
18.73,18.865,18.34,926,18.35,2021-12-30T20:00:00Z,173807,18.60795
18.69,18.81,18.42,243,18.64,2021-12-31T14:00:00Z,28479,18.639103
18.625,18.85,18.565,342,18.69,2021-12-31T15:00:00Z,37380,18.690027
18.55,18.72,18.495,171,18.61,2021-12-31T16:00:00Z,24439,18.591391
18.515,18.665,18.49,320,18.545,2021-12-31T17:00:00Z,44416,18.568597
18.4,18.525,18.37,239,18.505,2021-12-31T18:00:00Z,29922,18.437883
18.52,18.54,18.37,222,18.4,2021-12-31T19:00:00Z,29106,18.444244
18.52,18.57,18.395,660,18.445,2021-12-31T20:00:00Z,129572,18.502404
18.525,18.625,18.0,729,18.28,2022-01-03T14:00:00Z,147288,18.365815
18.095,18.53,18.08,405,18.53,2022-01-03T15:00:00Z,75768,18.19186
18.13,18.425,18.055,449,18.07,2022-01-03T16:00:00Z,89115,18.196502
18.06,18.185,18.03,135,18.16,2022-01-03T17:00:00Z,21376,18.096224
17.99,18.09,17.97,178,18.055,2022-01-03T18:00:00Z,30270,18.027081
17.995,18.05,17.94,227,18.01,2022-01-03T19:00:00Z,33430,17.990822
17.9,18.115,17.885,544,18.01,2022-01-03T20:00:00Z,123478,18.006105
17.96,17.96,17.96,1,17.96,2022-01-03T21:00:00Z,1100,17.96
17.94,17.95,17.755,246,17.775,2022-01-04T14:00:00Z,40604,17.882224
18.21,18.21,17.87,772,17.93,2022-01-04T15:00:00Z,134140,17.981416
18.16,18.41,18.065,854,18.2,2022-01-04T16:00:00Z,139598,18.267199
18.11,18.22,17.93,526,18.17,2022-01-04T17:00:00Z,73281,18.022733
18.26,18.28,17.96,525,18.14,2022-01-04T18:00:00Z,86743,18.133361
17.83,18.26,17.83,486,18.26,2022-01-04T19:00:00Z,85807,18.074645
17.85,17.91,17.71,534,17.83,2022-01-04T20:00:00Z,123127,17.794712
17.87,17.87,17.87,1,17.87,2022-01-04T21:00:00Z,1100,17.87
17.88,18.13,17.83,252,18.06,2022-01-05T14:00:00Z,36709,17.952743
17.72,17.93,17.61,361,17.89,2022-01-05T15:00:00Z,69140,17.761541
17.9,17.98,17.71,224,17.71,2022-01-05T16:00:00Z,37703,17.891722
17.99,18.03,17.76,278,17.93,2022-01-05T17:00:00Z,42124,17.906583
18.09,18.155,17.97,637,17.99,2022-01-05T18:00:00Z,102566,18.051748
18.75,18.985,17.94,2369,18.09,2022-01-05T19:00:00Z,382666,18.530462
19.3,19.3,18.76,1654,18.78,2022-01-05T20:00:00Z,297001,19.017351
19.25,19.25,19.21,2,19.21,2022-01-05T21:00:00Z,1250,19.2148
19.5,19.515,18.96,843,19.36,2022-01-06T14:00:00Z,153921,19.184228
19.0,19.68,18.82,1424,19.44,2022-01-06T15:00:00Z,270598,19.394585
19.005,19.21,18.89,381,18.96,2022-01-06T16:00:00Z,70333,19.068153
18.98,19.13,18.815,397,19.01,2022-01-06T17:00:00Z,55142,18.975711
19.21,19.38,18.99,609,19.05,2022-01-06T18:00:00Z,101492,19.218165
19.095,19.42,19.06,274,19.23,2022-01-06T19:00:00Z,48806,19.211134
19.39,19.535,18.985,686,19.035,2022-01-06T20:00:00Z,177626,19.368268
19.0,19.43,18.91,438,19.32,2022-01-07T14:00:00Z,92428,19.119414
19.71,19.85,19.07,1025,19.07,2022-01-07T15:00:00Z,170826,19.477419
19.15,19.71,19.1,527,19.705,2022-01-07T16:00:00Z,74948,19.438089
19.165,19.35,19.115,239,19.14,2022-01-07T17:00:00Z,32612,19.202051
19.06,19.18,18.94,227,19.16,2022-01-07T18:00:00Z,27360,19.045931
18.88,19.205,18.82,510,19.04,2022-01-07T19:00:00Z,60195,18.970822
18.82,19.0,18.74,520,18.87,2022-01-07T20:00:00Z,123819,18.854046
20.08,20.11,19.45,1379,19.55,2022-01-10T14:00:00Z,386477,19.733156
20.38,20.6,19.97,2445,20.09,2022-01-10T15:00:00Z,485109,20.263998
20.02,20.515,19.945,1157,20.415,2022-01-10T16:00:00Z,161203,20.176511
20.22,20.405,20.0,660,20.02,2022-01-10T17:00:00Z,108938,20.220512
19.56,20.27,19.51,952,20.22,2022-01-10T18:00:00Z,125857,19.862252
19.285,19.58,19.125,764,19.545,2022-01-10T19:00:00Z,114240,19.32062
18.45,19.5,18.42,1285,19.24,2022-01-10T20:00:00Z,228991,18.954789
18.97,19.11,18.67,420,18.82,2022-01-11T14:00:00Z,69775,18.90808
18.8,19.0,18.58,551,18.98,2022-01-11T15:00:00Z,89626,18.798835
18.115,18.785,18.07,613,18.78,2022-01-11T16:00:00Z,101681,18.323263
17.94,18.21,17.925,423,18.115,2022-01-11T17:00:00Z,56063,18.055168
17.905,18.05,17.77,367,17.96,2022-01-11T18:00:00Z,58241,17.86817
17.9,18.085,17.84,522,17.9,2022-01-11T19:00:00Z,70326,17.939037
17.79,18.0,17.785,758,17.85,2022-01-11T20:00:00Z,154900,17.876743
17.4,17.66,17.395,356,17.55,2022-01-12T14:00:00Z,54107,17.504561
17.63,17.75,17.3,845,17.38,2022-01-12T15:00:00Z,110008,17.493631
17.7,17.975,17.56,735,17.57,2022-01-12T16:00:00Z,99554,17.812565
17.63,17.77,17.6,263,17.69,2022-01-12T17:00:00Z,43163,17.656085
17.84,17.885,17.615,1044,17.62,2022-01-12T18:00:00Z,264211,17.756703
17.685,17.94,17.66,414,17.875,2022-01-12T19:00:00Z,54542,17.760437
17.7,17.82,17.535,790,17.7,2022-01-12T20:00:00Z,159332,17.675432
17.47,17.72,17.4,350,17.575,2022-01-13T14:00:00Z,63699,17.568423
17.84,17.93,17.445,595,17.445,2022-01-13T15:00:00Z,95218,17.741614
17.68,17.95,17.63,421,17.87,2022-01-13T16:00:00Z,67799,17.797842
18.22,18.4,17.705,1217,17.705,2022-01-13T17:00:00Z,199008,18.169742
17.98,18.38,17.975,375,18.24,2022-01-13T18:00:00Z,67590,18.145228
18.24,18.335,17.94,419,17.98,2022-01-13T19:00:00Z,75600,18.190523
18.76,18.88,18.23,1359,18.23,2022-01-13T20:00:00Z,321965,18.62024
18.84,18.84,18.69,2,18.69,2022-01-13T21:00:00Z,1300,18.701538
18.86,19.46,18.855,1124,19.37,2022-01-14T14:00:00Z,244012,19.189011
19.12,19.315,18.8,918,18.87,2022-01-14T15:00:00Z,171092,19.144775
18.91,19.44,18.89,998,19.085,2022-01-14T16:00:00Z,192427,19.199819
19.29,19.29,18.85,484,18.96,2022-01-14T17:00:00Z,89939,19.043682
18.975,19.4,18.955,904,19.33,2022-01-14T18:00:00Z,140058,19.253353
18.905,19.09,18.8,836,19.0,2022-01-14T19:00:00Z,158888,18.943123
18.4,18.885,18.3,1564,18.87,2022-01-14T20:00:00Z,335152,18.498727
18.48,18.48,18.45,2,18.45,2022-01-14T21:00:00Z,1332,18.470991
19.55,19.69,19.22,939,19.255,2022-01-18T14:00:00Z,183153,19.465326
19.58,19.72,19.37,827,19.56,2022-01-18T15:00:00Z,124178,19.553866
19.43,19.765,19.34,780,19.605,2022-01-18T16:00:00Z,137061,19.525189
19.945,19.945,19.38,591,19.41,2022-01-18T17:00:00Z,104113,19.745054
19.64,20.04,19.64,595,19.94,2022-01-18T18:00:00Z,100299,19.792207
19.42,19.725,19.33,645,19.59,2022-01-18T19:00:00Z,117915,19.493447
19.86,19.98,19.38,1375,19.42,2022-01-18T20:00:00Z,340753,19.78117
19.8,19.8,19.8,1,19.8,2022-01-18T21:00:00Z,150,19.8
19.4,19.69,19.4,648,19.46,2022-01-19T14:00:00Z,104603,19.548675
19.895,20.03,19.39,1139,19.39,2022-01-19T15:00:00Z,156295,19.801962
19.88,20.35,19.845,1126,19.925,2022-01-19T16:00:00Z,177516,20.066613
19.445,19.87,19.38,1111,19.87,2022-01-19T17:00:00Z,203563,19.567745
19.51,19.61,19.4,520,19.43,2022-01-19T18:00:00Z,76835,19.497993
19.77,19.965,19.475,721,19.52,2022-01-19T19:00:00Z,118705,19.848407
20.36,20.53,19.71,1182,19.78,2022-01-19T20:00:00Z,289065,20.092561
20.39,20.39,20.33,2,20.33,2022-01-19T21:00:00Z,1300,20.385385
19.46,19.925,19.435,635,19.8,2022-01-20T14:00:00Z,120906,19.671059
19.265,19.53,19.205,1006,19.41,2022-01-20T15:00:00Z,191708,19.350847
19.3,19.345,19.09,416,19.255,2022-01-20T16:00:00Z,57399,19.218654
19.38,19.47,19.25,311,19.28,2022-01-20T17:00:00Z,48356,19.31231
19.41,19.56,19.33,473,19.39,2022-01-20T18:00:00Z,71480,19.449115
19.81,19.94,19.26,816,19.4,2022-01-20T19:00:00Z,138312,19.687208
21.22,21.37,19.76,2307,19.85,2022-01-20T20:00:00Z,533614,20.676838
21.58,21.58,21.58,3,21.58,2022-01-20T21:00:00Z,530,21.58
21.955,22.145,21.34,1164,21.63,2022-01-21T14:00:00Z,213046,21.807272
21.8,22.68,21.625,2943,21.86,2022-01-21T15:00:00Z,427868,22.149785
21.77,22.03,21.16,2727,21.79,2022-01-21T16:00:00Z,310672,21.583019
22.13,22.24,21.58,1342,21.78,2022-01-21T17:00:00Z,185028,21.987712
22.41,22.45,21.8,1061,22.105,2022-01-21T18:00:00Z,152270,22.117568
22.83,22.83,22.135,727,22.35,2022-01-21T19:00:00Z,104332,22.434373
23.16,23.23,22.46,2531,22.815,2022-01-21T20:00:00Z,452638,22.887817
23.17,23.3,23.17,3,23.3,2022-01-21T21:00:00Z,300,23.213333
25.85,25.855,24.63,1117,25.02,2022-01-24T14:00:00Z,170639,25.285782
25.13,26.42,24.51,2014,25.85,2022-01-24T15:00:00Z,326431,25.627042
26.2,26.74,25.065,2429,25.13,2022-01-24T16:00:00Z,346366,25.95394
26.32,27.81,25.865,3235,26.17,2022-01-24T17:00:00Z,416311,26.887834
24.74,26.51,24.7,2890,26.31,2022-01-24T18:00:00Z,352707,25.580478
24.89,26.02,24.26,2440,24.71,2022-01-24T19:00:00Z,299279,25.122983
23.76,25.06,23.28,3544,24.85,2022-01-24T20:00:00Z,658975,23.951254
23.56,23.56,23.56,19,23.56,2022-01-24T21:00:00Z,1200,23.56
25.3,25.6,25.3,3,25.57,2022-01-25T13:00:00Z,400,25.4425
25.78,25.97,24.69,881,25.35,2022-01-25T14:00:00Z,124790,25.327626
25.52,26.25,24.8,2139,25.85,2022-01-25T15:00:00Z,256061,25.519502
25.12,25.74,24.63,1794,25.54,2022-01-25T16:00:00Z,207803,25.091202
24.38,25.2,24.36,1163,25.12,2022-01-25T17:00:00Z,129129,24.609264
23.48,24.66,23.42,2229,24.36,2022-01-25T18:00:00Z,278807,23.920449
23.3,23.73,23.17,1637,23.48,2022-01-25T19:00:00Z,190569,23.386844
23.83,24.32,23.26,2485,23.28,2022-01-25T20:00:00Z,364594,23.799833
24.28,24.28,24.28,1,24.28,2022-01-25T21:00:00Z,150,24.28
22.67,23.14,22.635,498,22.79,2022-01-26T14:00:00Z,101467,22.950473
23.25,23.46,22.48,597,22.66,2022-01-26T15:00:00Z,91142,23.001935
22.59,23.45,22.54,1158,23.335,2022-01-26T16:00:00Z,160703,22.919694
22.32,22.66,22.09,1265,22.58,2022-01-26T17:00:00Z,183708,22.266408
22.26,22.68,22.18,1001,22.32,2022-01-26T18:00:00Z,117818,22.434654
23.14,23.51,21.76,2924,22.25,2022-01-26T19:00:00Z,407808,22.593451
24.38,24.86,23.18,4266,23.185,2022-01-26T20:00:00Z,613947,24.107297
22.97,23.24,22.635,1162,23.05,2022-01-27T14:00:00Z,211987,22.932498
23.31,23.915,22.85,2183,22.93,2022-01-27T15:00:00Z,361713,23.342655
23.61,23.92,23.19,1031,23.31,2022-01-27T16:00:00Z,125488,23.533573
24.4,24.81,23.57,1353,23.58,2022-01-27T17:00:00Z,186299,24.397208
24.52,25.13,24.24,1669,24.41,2022-01-27T18:00:00Z,235313,24.805772
24.81,25.08,24.14,1195,24.5,2022-01-27T19:00:00Z,158984,24.647861
24.44,25.095,23.88,2113,24.8,2022-01-27T20:00:00Z,364382,24.545908
24.15,24.28,24.15,10,24.28,2022-01-27T21:00:00Z,6800,24.241176
24.86,25.01,24.03,1591,24.1,2022-01-28T14:00:00Z,349413,24.7918
23.74,25.03,23.73,1776,24.85,2022-01-28T15:00:00Z,245084,24.252582
23.71,24.175,23.7,1738,23.74,2022-01-28T16:00:00Z,225753,23.946418
24.27,24.35,23.56,1058,23.71,2022-01-28T17:00:00Z,135288,23.965351
23.945,24.32,23.805,604,24.305,2022-01-28T18:00:00Z,76695,24.02827
23.8,24.72,23.78,1066,23.86,2022-01-28T19:00:00Z,131961,24.276571
22.97,23.84,22.835,1978,23.8,2022-01-28T20:00:00Z,373794,23.249867
22.84,22.84,22.76,9,22.79,2022-01-28T21:00:00Z,6678,22.80158
22.73,23.39,22.715,800,23.23,2022-01-31T14:00:00Z,102540,23.014813
22.395,22.79,22.38,1242,22.735,2022-01-31T15:00:00Z,165443,22.548355
22.08,22.53,22.065,1284,22.39,2022-01-31T16:00:00Z,148631,22.346472
21.74,22.135,21.73,1319,22.07,2022-01-31T17:00:00Z,180131,21.961198
21.9,21.98,21.72,1163,21.77,2022-01-31T18:00:00Z,142330,21.824633
21.61,21.95,21.47,1080,21.89,2022-01-31T19:00:00Z,135673,21.661361
21.455,22.03,21.41,1765,21.6,2022-01-31T20:00:00Z,352063,21.672861
21.47,21.47,21.47,1,21.47,2022-01-31T21:00:00Z,1200,21.47
21.07,21.33,20.92,646,20.98,2022-02-01T14:00:00Z,99299,21.10689
20.91,21.6,20.91,1148,21.05,2022-02-01T15:00:00Z,182406,21.228863
20.71,20.95,20.65,1084,20.91,2022-02-01T16:00:00Z,155408,20.774999
20.69,21.01,20.66,602,20.69,2022-02-01T17:00:00Z,75752,20.807145
20.565,20.83,20.565,581,20.71,2022-02-01T18:00:00Z,78637,20.664914
20.51,20.73,20.47,814,20.59,2022-02-01T19:00:00Z,108899,20.55911
19.85,20.54,19.805,1702,20.53,2022-02-01T20:00:00Z,338390,20.044252
19.82,19.82,19.82,1,19.82,2022-02-01T21:00:00Z,831,19.82
19.86,19.91,19.57,729,19.72,2022-02-02T14:00:00Z,141648,19.778118
19.8,20.22,19.64,1387,19.83,2022-02-02T15:00:00Z,206417,19.931426
19.8,20.17,19.775,957,19.81,2022-02-02T16:00:00Z,124541,19.956842
19.56,19.87,19.56,660,19.81,2022-02-02T17:00:00Z,72878,19.71916
19.69,19.81,19.55,550,19.555,2022-02-02T18:00:00Z,68623,19.673277
19.41,19.8,19.34,748,19.71,2022-02-02T19:00:00Z,94456,19.583001
19.435,19.53,19.31,1669,19.41,2022-02-02T20:00:00Z,312546,19.427493
20.06,20.06,20.06,1,20.06,2022-02-02T21:00:00Z,1000,20.06
20.51,20.51,20.51,1,20.51,2022-02-03T13:00:00Z,2000,20.51
20.93,20.93,20.53,1452,20.63,2022-02-03T14:00:00Z,303148,20.778441
20.36,20.94,20.24,885,20.93,2022-02-03T15:00:00Z,173532,20.449303
20.78,20.78,20.11,1027,20.325,2022-02-03T16:00:00Z,148835,20.438902
20.9,21.025,20.72,1178,20.785,2022-02-03T17:00:00Z,246115,20.879107
21.0,21.15,20.76,700,20.94,2022-02-03T18:00:00Z,119830,21.005001
21.4,21.45,20.81,1358,21.0,2022-02-03T19:00:00Z,227550,21.171383
21.81,21.96,21.02,1701,21.41,2022-02-03T20:00:00Z,309169,21.508672
20.92,21.53,20.92,3,21.53,2022-02-03T21:00:00Z,1200,21.4525
21.335,21.76,21.2,670,21.42,2022-02-04T14:00:00Z,100532,21.402772
22.005,22.06,21.2,1433,21.305,2022-02-04T15:00:00Z,242511,21.698898
21.515,22.16,21.36,1253,22.055,2022-02-04T16:00:00Z,254651,21.881367
21.05,21.685,21.045,849,21.545,2022-02-04T17:00:00Z,133933,21.390289
20.94,21.05,20.79,942,21.04,2022-02-04T18:00:00Z,155854,20.937964
20.57,21.195,20.56,870,20.92,2022-02-04T19:00:00Z,134233,20.867207
21.0,21.08,20.305,1837,20.57,2022-02-04T20:00:00Z,307668,20.626257
20.98,20.98,20.98,1,20.98,2022-02-04T21:00:00Z,100,20.98
20.45,20.47,20.44,3,20.47,2022-02-07T13:00:00Z,400,20.4575
20.34,20.57,20.29,978,20.455,2022-02-07T14:00:00Z,186802,20.415918
20.2,20.645,20.14,567,20.3,2022-02-07T15:00:00Z,99563,20.348396
20.53,20.73,20.125,740,20.2,2022-02-07T16:00:00Z,100871,20.444552
20.51,20.74,20.4,496,20.53,2022-02-07T17:00:00Z,68759,20.570192
20.19,20.53,20.185,562,20.51,2022-02-07T18:00:00Z,87814,20.317383
20.145,20.295,20.07,382,20.24,2022-02-07T19:00:00Z,53414,20.153969
20.455,20.65,19.975,909,20.2,2022-02-07T20:00:00Z,189027,20.277047
20.39,20.39,20.08,367,20.15,2022-02-08T14:00:00Z,66959,20.203336
19.94,20.58,19.91,1422,20.43,2022-02-08T15:00:00Z,184622,20.21806
19.72,19.94,19.67,1186,19.92,2022-02-08T16:00:00Z,146475,19.790535
19.52,19.82,19.45,1198,19.71,2022-02-08T17:00:00Z,156433,19.608778
19.61,19.73,19.52,690,19.52,2022-02-08T18:00:00Z,77331,19.632802
19.81,19.99,19.56,793,19.61,2022-02-08T19:00:00Z,97522,19.830468
19.48,19.94,19.42,1359,19.82,2022-02-08T20:00:00Z,220127,19.563892
19.13,19.15,18.92,601,19.0,2022-02-09T14:00:00Z,139745,18.981257
18.91,19.15,18.91,1154,19.13,2022-02-09T15:00:00Z,153244,19.039294
19.03,19.07,18.9,727,18.915,2022-02-09T16:00:00Z,108555,18.967707
18.83,19.105,18.79,597,19.04,2022-02-09T17:00:00Z,98215,18.947108
18.87,18.905,18.81,498,18.86,2022-02-09T18:00:00Z,66767,18.866695
18.82,18.905,18.72,787,18.86,2022-02-09T19:00:00Z,124731,18.827418
18.75,18.94,18.725,1144,18.825,2022-02-09T20:00:00Z,171854,18.806357
19.11,19.7,19.035,792,19.6,2022-02-10T14:00:00Z,134617,19.329208
19.24,19.27,18.79,1595,19.1,2022-02-10T15:00:00Z,236122,18.979709
19.08,19.53,19.075,741,19.235,2022-02-10T16:00:00Z,139736,19.310452
19.53,19.65,19.005,759,19.07,2022-02-10T17:00:00Z,156197,19.380776
19.99,20.44,19.46,1878,19.54,2022-02-10T18:00:00Z,401256,20.129951
20.49,20.51,19.95,1432,20.015,2022-02-10T19:00:00Z,223236,20.2427
20.56,20.96,20.2,1217,20.43,2022-02-10T20:00:00Z,300080,20.613961
20.75,20.79,20.3,440,20.38,2022-02-11T14:00:00Z,82830,20.512695
20.83,20.9,20.485,678,20.68,2022-02-11T15:00:00Z,123652,20.731295
20.98,21.24,20.61,922,20.85,2022-02-11T16:00:00Z,152536,20.963706
21.16,21.22,20.75,542,20.995,2022-02-11T17:00:00Z,100158,20.933212
22.42,22.73,20.945,3102,21.14,2022-02-11T18:00:00Z,732653,22.033612
23.205,23.87,22.235,3647,22.45,2022-02-11T19:00:00Z,731227,23.040221
23.21,23.455,22.41,3066,23.155,2022-02-11T20:00:00Z,554040,22.994253
23.4,23.77,23.03,849,23.17,2022-02-14T14:00:00Z,160191,23.448388
23.82,23.88,23.2,1244,23.31,2022-02-14T15:00:00Z,186408,23.635733
23.37,23.9,23.27,975,23.8,2022-02-14T16:00:00Z,163407,23.52241
23.28,23.56,23.095,660,23.41,2022-02-14T17:00:00Z,119926,23.288189
24.55,24.62,23.13,1162,23.275,2022-02-14T18:00:00Z,202412,23.966098
23.73,24.78,23.6,2249,24.59,2022-02-14T19:00:00Z,458525,24.407949
23.24,24.045,23.07,1424,23.75,2022-02-14T20:00:00Z,283379,23.396169
23.51,23.51,23.22,7,23.22,2022-02-14T21:00:00Z,5676,23.319211
21.96,22.015,21.43,1016,21.82,2022-02-15T14:00:00Z,206755,21.671411
21.665,22.045,21.57,896,21.91,2022-02-15T15:00:00Z,163678,21.781874
21.645,21.92,21.53,770,21.65,2022-02-15T16:00:00Z,124238,21.716961
22.05,22.22,21.58,555,21.61,2022-02-15T17:00:00Z,79196,21.945358
21.6,22.05,21.52,432,22.05,2022-02-15T18:00:00Z,67033,21.715263
21.66,21.79,21.54,351,21.59,2022-02-15T19:00:00Z,51579,21.652646
21.42,21.92,21.33,1336,21.66,2022-02-15T20:00:00Z,294169,21.56667
21.3,21.43,21.3,9,21.42,2022-02-15T21:00:00Z,8010,21.37008
22.03,22.12,21.555,720,21.76,2022-02-16T14:00:00Z,153169,21.837749
21.85,22.13,21.63,484,22.08,2022-02-16T15:00:00Z,78653,21.800456
21.53,21.87,21.525,403,21.82,2022-02-16T16:00:00Z,69895,21.666253
21.64,21.8,21.46,413,21.53,2022-02-16T17:00:00Z,71422,21.625569
21.61,21.77,21.54,398,21.64,2022-02-16T18:00:00Z,56850,21.66264
20.69,21.765,20.645,1359,21.535,2022-02-16T19:00:00Z,271374,21.008824
20.515,20.765,20.47,1188,20.64,2022-02-16T20:00:00Z,238607,20.577237
20.58,20.58,20.58,1,20.58,2022-02-16T21:00:00Z,1200,20.58
22.47,22.5,21.51,1794,21.51,2022-02-17T14:00:00Z,297906,22.076832
22.14,22.5,22.03,2605,22.48,2022-02-17T15:00:00Z,399381,22.264253
21.95,22.17,21.73,595,22.16,2022-02-17T16:00:00Z,101830,21.931761
21.91,22.08,21.75,364,21.96,2022-02-17T17:00:00Z,64224,21.929232
22.09,22.225,21.86,512,21.905,2022-02-17T18:00:00Z,82139,22.107765
22.46,22.465,22.11,415,22.13,2022-02-17T19:00:00Z,77348,22.326328
22.99,23.06,22.395,1595,22.445,2022-02-17T20:00:00Z,370431,22.715322
22.94,23.615,22.84,758,23.0,2022-02-18T14:00:00Z,140608,23.31613
23.54,23.67,22.92,704,22.98,2022-02-18T15:00:00Z,144802,23.343265
23.74,24.0,23.305,1194,23.6,2022-02-18T16:00:00Z,192684,23.680739
23.91,23.96,23.38,1096,23.72,2022-02-18T17:00:00Z,147533,23.672677
23.54,24.06,23.4,671,23.9,2022-02-18T18:00:00Z,111804,23.679456
23.04,23.62,22.81,1152,23.535,2022-02-18T19:00:00Z,201506,23.190722
23.5,23.82,22.88,993,22.99,2022-02-18T20:00:00Z,172939,23.414419
23.175,23.95,22.94,938,23.74,2022-02-22T14:00:00Z,199617,23.364001
23.45,23.45,22.89,642,23.12,2022-02-22T15:00:00Z,138815,23.136532
23.66,23.845,23.27,521,23.465,2022-02-22T16:00:00Z,107861,23.600637
23.81,23.88,23.48,615,23.665,2022-02-22T17:00:00Z,91144,23.729465
24.3,24.475,23.65,1092,23.79,2022-02-22T18:00:00Z,173214,24.074572
23.39,24.62,23.19,1899,24.32,2022-02-22T19:00:00Z,329833,23.950493
23.35,23.74,23.06,1133,23.35,2022-02-22T20:00:00Z,226468,23.338958
23.14,23.22,23.08,15,23.17,2022-02-22T21:00:00Z,10517,23.153707
23.06,23.1,22.665,864,22.7,2022-02-23T14:00:00Z,176343,22.822945
23.67,23.76,23.05,1466,23.05,2022-02-23T15:00:00Z,263429,23.411435
23.44,23.94,23.41,944,23.73,2022-02-23T16:00:00Z,169293,23.737753
23.68,23.725,23.17,487,23.43,2022-02-23T17:00:00Z,88356,23.431594
23.85,24.195,23.66,685,23.73,2022-02-23T18:00:00Z,156329,23.99108
24.36,24.5,23.75,665,23.83,2022-02-23T19:00:00Z,147287,24.194704
24.66,24.765,24.18,1868,24.34,2022-02-23T20:00:00Z,308630,24.546876
24.79,24.79,24.79,1,24.79,2022-02-23T21:00:00Z,1200,24.79
27.46,27.46,27.35,2,27.35,2022-02-24T13:00:00Z,200,27.405
26.17,27.42,25.92,1144,27.05,2022-02-24T14:00:00Z,200073,26.442579
26.18,26.84,25.99,1801,26.19,2022-02-24T15:00:00Z,304060,26.434093
26.11,26.54,25.855,907,26.19,2022-02-24T16:00:00Z,244269,26.220796
26.42,26.68,26.06,634,26.07,2022-02-24T17:00:00Z,132858,26.318806
25.57,26.5,25.16,1242,26.475,2022-02-24T18:00:00Z,208624,25.712822
24.23,25.74,24.1,1725,25.585,2022-02-24T19:00:00Z,298350,24.755436
23.97,24.31,23.77,1961,24.23,2022-02-24T20:00:00Z,343670,24.026228
24.16,24.16,24.16,1,24.16,2022-02-24T21:00:00Z,1200,24.16
24.07,24.11,23.52,592,23.78,2022-02-25T14:00:00Z,116538,23.750307
23.31,24.19,23.185,1019,24.05,2022-02-25T15:00:00Z,208307,23.746174
23.02,23.36,22.94,864,23.26,2022-02-25T16:00:00Z,188472,23.079179
22.95,23.11,22.63,963,23.03,2022-02-25T17:00:00Z,212861,22.848751
22.97,23.17,22.75,857,22.97,2022-02-25T18:00:00Z,134872,22.904914
23.02,23.23,22.78,446,22.99,2022-02-25T19:00:00Z,98572,22.981578
22.93,23.27,22.885,722,23.05,2022-02-25T20:00:00Z,145384,23.034372
24.25,24.87,24.24,927,24.68,2022-02-28T14:00:00Z,177210,24.565123
23.89,24.56,23.82,1336,24.25,2022-02-28T15:00:00Z,242754,24.221291
23.85,24.11,23.57,799,23.87,2022-02-28T16:00:00Z,127494,23.868602
24.54,24.76,23.81,477,23.86,2022-02-28T17:00:00Z,89370,24.369086
24.32,24.67,24.2,668,24.53,2022-02-28T18:00:00Z,97312,24.428392
24.49,24.97,24.35,892,24.35,2022-02-28T19:00:00Z,145783,24.773203
24.04,24.77,23.93,955,24.52,2022-02-28T20:00:00Z,157795,24.310548
23.98,24.07,23.98,2,24.07,2022-02-28T21:00:00Z,1300,23.986923
24.66,24.78,24.32,626,24.58,2022-03-01T14:00:00Z,122179,24.585634
25.42,25.45,24.42,1010,24.58,2022-03-01T15:00:00Z,184360,25.006823
26.1,26.22,25.14,945,25.45,2022-03-01T16:00:00Z,161815,25.638009
25.93,26.56,25.75,696,26.13,2022-03-01T17:00:00Z,125219,26.200757
26.51,26.77,25.85,432,26.0,2022-03-01T18:00:00Z,78304,26.46142
26.48,26.84,26.185,707,26.53,2022-03-01T19:00:00Z,140312,26.485552
26.64,26.95,25.89,1167,26.48,2022-03-01T20:00:00Z,196356,26.3571
26.34,26.34,26.34,1,26.34,2022-03-01T21:00:00Z,100,26.34
25.59,26.48,25.525,728,26.3,2022-03-02T14:00:00Z,140865,25.895521
25.81,26.345,25.52,1157,25.61,2022-03-02T15:00:00Z,191075,25.918529
25.275,25.97,25.13,648,25.87,2022-03-02T16:00:00Z,107628,25.386259
24.88,25.285,24.82,568,25.26,2022-03-02T17:00:00Z,84342,25.002013
24.88,24.99,24.71,638,24.88,2022-03-02T18:00:00Z,74636,24.815231
25.095,25.145,24.7,595,24.88,2022-03-02T19:00:00Z,71738,24.885479
24.91,25.11,24.81,739,25.09,2022-03-02T20:00:00Z,119067,24.961326
25.02,25.02,25.02,2,25.02,2022-03-02T21:00:00Z,392,25.02
24.83,25.07,24.53,298,24.7,2022-03-03T14:00:00Z,52007,24.799941
25.61,25.61,24.65,979,24.815,2022-03-03T15:00:00Z,178512,25.04912
25.05,25.74,24.98,1026,25.64,2022-03-03T16:00:00Z,147781,25.391501
24.77,25.36,24.61,913,25.05,2022-03-03T17:00:00Z,125413,25.024126
24.56,24.88,24.51,278,24.8,2022-03-03T18:00:00Z,58123,24.652083
24.9,25.04,24.34,635,24.53,2022-03-03T19:00:00Z,80145,24.636235
25.13,25.53,24.935,1266,24.98,2022-03-03T20:00:00Z,167731,25.235334
26.29,26.77,26.17,700,26.37,2022-03-04T14:00:00Z,118118,26.480563
26.9,26.905,26.2,1218,26.29,2022-03-04T15:00:00Z,244569,26.528992
27.13,27.305,26.8,913,26.91,2022-03-04T16:00:00Z,183595,27.012286
26.515,27.235,26.48,660,27.11,2022-03-04T17:00:00Z,109778,26.862397
26.845,26.86,26.25,668,26.42,2022-03-04T18:00:00Z,124800,26.499375
27.045,27.07,26.605,672,26.84,2022-03-04T19:00:00Z,91016,26.848267
26.18,27.06,26.05,1256,27.06,2022-03-04T20:00:00Z,198516,26.432798
26.955,27.0,26.27,667,26.39,2022-03-07T14:00:00Z,104023,26.748361
27.15,27.24,26.58,717,27.01,2022-03-07T15:00:00Z,112689,26.85705
27.26,27.26,26.675,314,27.18,2022-03-07T16:00:00Z,56009,26.968236
27.35,27.62,27.18,636,27.26,2022-03-07T17:00:00Z,125668,27.417011
27.45,27.56,27.15,1051,27.355,2022-03-07T18:00:00Z,153220,27.365406
27.68,27.785,27.35,373,27.43,2022-03-07T19:00:00Z,67495,27.593453
28.45,28.52,27.66,852,27.66,2022-03-07T20:00:00Z,171865,28.058863
28.59,28.74,28.15,639,28.32,2022-03-08T14:00:00Z,109648,28.42677
28.54,29.34,28.51,1311,28.59,2022-03-08T15:00:00Z,225654,28.937489
28.45,29.18,28.285,811,28.51,2022-03-08T16:00:00Z,132725,28.665574
26.96,28.43,26.96,1685,28.415,2022-03-08T17:00:00Z,334361,27.495891
28.1,28.14,26.68,942,26.92,2022-03-08T18:00:00Z,175808,27.388265
27.79,28.465,27.535,875,28.16,2022-03-08T19:00:00Z,150848,28.057394
28.125,28.285,27.28,1006,27.765,2022-03-08T20:00:00Z,182364,27.884557
28.36,28.39,28.26,14,28.26,2022-03-08T21:00:00Z,2800,28.305714
26.97,27.21,26.63,794,26.695,2022-03-09T14:00:00Z,94714,26.853851
26.445,27.01,26.38,1026,26.96,2022-03-09T15:00:00Z,195761,26.732429
26.46,26.69,26.4,512,26.42,2022-03-09T16:00:00Z,115725,26.535195
26.41,26.54,26.28,1235,26.47,2022-03-09T17:00:00Z,296107,26.469398
26.88,26.93,26.405,864,26.41,2022-03-09T18:00:00Z,241158,26.621043
26.56,26.87,26.52,282,26.865,2022-03-09T19:00:00Z,57831,26.67653
27.06,27.1,26.31,1011,26.63,2022-03-09T20:00:00Z,195655,26.698998
27.135,27.45,27.08,351,27.39,2022-03-10T14:00:00Z,57453,27.264974
27.32,27.37,26.75,1942,27.14,2022-03-10T15:00:00Z,290638,26.983375
27.1,27.53,27.1,585,27.33,2022-03-10T16:00:00Z,98870,27.370026
27.17,27.23,26.87,629,27.11,2022-03-10T17:00:00Z,66266,27.061121
26.52,27.265,26.49,831,27.18,2022-03-10T18:00:00Z,103250,26.817608
26.11,26.55,26.0,1183,26.51,2022-03-10T19:00:00Z,162988,26.26069
25.85,26.34,25.815,1627,26.09,2022-03-10T20:00:00Z,267016,26.12593
25.7,25.81,25.7,7,25.81,2022-03-10T21:00:00Z,3608,25.743175
24.8,24.95,24.8,4,24.95,2022-03-11T13:00:00Z,3000,24.875
25.44,25.55,24.99,288,24.99,2022-03-11T14:00:00Z,53255,25.261564
25.1,25.64,25.1,1108,25.45,2022-03-11T15:00:00Z,143018,25.398383
25.26,25.46,25.055,462,25.09,2022-03-11T16:00:00Z,82360,25.261561
25.29,25.465,25.16,346,25.24,2022-03-11T17:00:00Z,55054,25.298951
25.455,25.46,25.14,305,25.285,2022-03-11T18:00:00Z,58641,25.351108
25.735,25.79,25.34,659,25.485,2022-03-11T19:00:00Z,121341,25.559152
26.405,26.42,25.685,753,25.77,2022-03-11T20:00:00Z,164530,26.008666
26.26,26.37,26.26,4,26.37,2022-03-11T21:00:00Z,4512,26.318667
25.99,26.5,25.95,239,26.27,2022-03-14T13:00:00Z,32670,26.215585
25.51,26.12,25.48,389,25.99,2022-03-14T14:00:00Z,65223,25.813303
26.28,26.315,25.45,886,25.45,2022-03-14T15:00:00Z,197396,26.02192
27.625,28.22,26.3,1511,26.3,2022-03-14T16:00:00Z,190190,26.906528
28.82,29.16,27.6,1613,27.62,2022-03-14T17:00:00Z,147374,28.432007
29.5,29.96,28.58,1393,28.81,2022-03-14T18:00:00Z,145191,29.322807
29.16,30.72,29.16,2070,29.51,2022-03-14T19:00:00Z,208546,29.919006
30.2,30.2,29.5,6,29.5,2022-03-14T20:00:00Z,600,29.783333
36.9,36.9,30.8,712,31.01,2022-03-15T13:00:00Z,109953,33.743052
32.9,41.55,29.89,2014,37.0,2022-03-15T14:00:00Z,317574,35.175328
34.86,35.28,31.73,644,32.99,2022-03-15T15:00:00Z,71393,33.953909
33.14,34.98,31.425,738,34.66,2022-03-15T16:00:00Z,63419,33.059083
33.63,34.665,33.08,229,33.22,2022-03-15T17:00:00Z,27975,33.847813
32.09,34.6,32.0,162,33.65,2022-03-15T18:00:00Z,21349,33.116364
29.415,32.17,29.0,803,32.1,2022-03-15T19:00:00Z,90713,30.406198
29.37,30.0,29.37,28,30.0,2022-03-15T20:00:00Z,2393,29.796429
28.55,29.56,27.73,256,29.55,2022-03-16T13:00:00Z,17855,28.471224
27.1,28.43,26.79,88,28.43,2022-03-16T14:00:00Z,17897,27.275782
27.49,27.5,27.05,34,27.05,2022-03-16T15:00:00Z,9161,27.308956
27.43,27.475,27.16,55,27.42,2022-03-16T16:00:00Z,12058,27.359314
28.5,29.03,27.41,61,27.46,2022-03-16T17:00:00Z,6169,28.031441
27.34,28.95,27.22,105,28.71,2022-03-16T18:00:00Z,19231,28.455386
25.95,27.36,25.95,297,27.36,2022-03-16T19:00:00Z,30115,26.528966
26.27,26.66,26.05,48,26.23,2022-03-17T13:00:00Z,4774,26.41907
27.23,27.32,25.86,148,25.86,2022-03-17T14:00:00Z,19697,26.498387
27.07,27.47,26.47,38,27.35,2022-03-17T15:00:00Z,3341,26.922097
26.59,27.08,26.59,6,27.0,2022-03-17T16:00:00Z,600,26.956667
26.89,27.02,26.57,13,26.89,2022-03-17T17:00:00Z,1289,26.837917
26.71,27.33,26.61,54,26.75,2022-03-17T18:00:00Z,5318,26.848179
26.36,26.72,26.2,134,26.71,2022-03-17T19:00:00Z,11433,26.399859
26.2,26.2,26.2,1,26.2,2022-03-17T20:00:00Z,100,26.2
26.92,27.65,26.88,368,27.26,2022-03-18T13:00:00Z,105486,27.401831
26.78,27.16,26.62,46,26.62,2022-03-18T14:00:00Z,4539,26.770205
26.35,26.69,26.31,9,26.55,2022-03-18T15:00:00Z,900,26.503333
25.71,26.15,25.71,18,26.15,2022-03-18T16:00:00Z,1700,25.898125
25.63,26.34,25.63,30,25.98,2022-03-18T17:00:00Z,3220,25.921383
25.26,25.79,25.01,83,25.54,2022-03-18T18:00:00Z,7863,25.318403
24.8,25.545,24.685,236,25.16,2022-03-18T19:00:00Z,104381,25.176845
24.55,24.55,24.55,1,24.55,2022-03-18T20:00:00Z,1400,24.55
24.36,24.63,23.89,84,24.63,2022-03-21T13:00:00Z,10876,24.276973
24.9,25.13,24.37,93,24.37,2022-03-21T14:00:00Z,16720,24.876116
24.9,25.1,24.47,49,24.885,2022-03-21T15:00:00Z,5722,24.868258
25.8,25.8,24.59,50,24.84,2022-03-21T16:00:00Z,30639,25.026134
26.06,26.24,25.57,58,25.745,2022-03-21T17:00:00Z,8939,25.926831
25.78,26.02,25.25,50,26.02,2022-03-21T18:00:00Z,5444,25.610098
25.79,25.94,25.45,140,25.92,2022-03-21T19:00:00Z,15110,25.688763
25.57,25.79,25.57,5,25.78,2022-03-21T20:00:00Z,1105,25.750181
25.53,25.57,25.19,142,25.57,2022-03-22T13:00:00Z,25710,25.353804
25.15,25.3,24.77,37,25.21,2022-03-22T14:00:00Z,4240,25.120896
25.2,25.275,25.03,45,25.275,2022-03-22T15:00:00Z,7950,25.13854
25.09,25.225,24.97,47,25.225,2022-03-22T16:00:00Z,7318,25.144703
25.025,25.155,24.99,60,25.14,2022-03-22T17:00:00Z,10763,25.053442
25.14,25.15,25.03,14,25.03,2022-03-22T18:00:00Z,1800,25.058834
25.4,25.56,25.115,39,25.17,2022-03-22T19:00:00Z,8876,25.448273
25.625,25.98,25.6,114,25.88,2022-03-23T13:00:00Z,26172,25.704877
25.03,25.68,25.02,31,25.68,2022-03-23T14:00:00Z,8190,25.535467
24.51,24.93,24.51,17,24.93,2022-03-23T15:00:00Z,1263,24.6405
25.16,25.23,24.83,12,24.86,2022-03-23T16:00:00Z,1844,25.007353
25.28,25.59,25.155,45,25.2,2022-03-23T17:00:00Z,5962,25.347358
25.19,25.495,25.175,35,25.405,2022-03-23T18:00:00Z,6134,25.343742
25.45,25.45,25.11,84,25.235,2022-03-23T19:00:00Z,12654,25.232792
25.98,26.0,25.34,128,25.34,2022-03-24T13:00:00Z,10631,25.731753
25.24,25.97,25.24,30,25.79,2022-03-24T14:00:00Z,7725,25.452237
24.96,25.24,24.79,95,25.23,2022-03-24T15:00:00Z,32011,24.921666
25.24,25.3,24.99,13,24.99,2022-03-24T16:00:00Z,1300,25.133846
25.17,25.34,25.16,8,25.16,2022-03-24T17:00:00Z,800,25.225
25.13,25.28,25.045,19,25.13,2022-03-24T18:00:00Z,4103,25.115854
25.18,25.19,24.915,34,25.12,2022-03-24T19:00:00Z,3968,25.016316
25.26,25.35,24.97,29,24.97,2022-03-25T13:00:00Z,2786,25.187061
25.13,25.31,24.945,14,25.31,2022-03-25T14:00:00Z,1400,25.181071
25.31,25.765,25.27,71,25.39,2022-03-25T15:00:00Z,5704,25.596114
25.41,25.41,25.11,13,25.4,2022-03-25T16:00:00Z,1155,25.275455
25.3,25.51,25.3,8,25.42,2022-03-25T17:00:00Z,800,25.42625
25.23,25.23,24.945,29,25.2,2022-03-25T18:00:00Z,3165,25.082133
25.22,25.49,25.085,133,25.28,2022-03-25T19:00:00Z,22352,25.28991
24.9,24.9,24.9,1,24.9,2022-03-25T20:00:00Z,500,24.9
27.82,30.41,25.65,148,25.89,2022-03-28T13:00:00Z,15184,27.990729
26.36,29.405,26.36,169,27.59,2022-03-28T14:00:00Z,15682,28.377168
26.975,27.85,26.335,53,27.45,2022-03-28T15:00:00Z,5374,26.828
26.54,26.95,26.53,67,26.95,2022-03-28T16:00:00Z,6009,26.72798
26.12,26.25,26.12,2,26.25,2022-03-28T17:00:00Z,200,26.185
26.06,26.265,26.01,12,26.01,2022-03-28T18:00:00Z,1150,26.125909
25.76,26.28,25.405,72,26.28,2022-03-28T19:00:00Z,7982,25.703867
24.89,25.25,24.8,50,25.23,2022-03-29T13:00:00Z,4417,24.964815
24.41,24.96,24.25,86,24.83,2022-03-29T14:00:00Z,8135,24.581729
24.57,24.7,24.41,22,24.41,2022-03-29T15:00:00Z,2120,24.582857
25.21,25.39,24.87,20,24.87,2022-03-29T16:00:00Z,1804,25.142667
24.92,25.32,24.81,24,25.32,2022-03-29T17:00:00Z,2115,24.991905
24.8,24.835,24.8,2,24.835,2022-03-29T18:00:00Z,200,24.8175
25.0,25.28,24.83,55,25.01,2022-03-29T19:00:00Z,4874,25.032442
25.0,25.405,24.88,68,25.34,2022-03-30T13:00:00Z,7197,25.096667
25.34,25.36,24.94,35,24.96,2022-03-30T14:00:00Z,2634,25.099423
25.56,25.66,25.46,27,25.59,2022-03-30T15:00:00Z,3914,25.590964
25.24,25.32,25.24,6,25.3,2022-03-30T16:00:00Z,515,25.274
25.15,25.23,25.13,9,25.23,2022-03-30T17:00:00Z,724,25.177143
25.48,25.48,25.03,21,25.05,2022-03-30T18:00:00Z,1988,25.235
25.15,25.8,25.03,55,25.55,2022-03-30T19:00:00Z,6068,25.402371
25.46,25.75,25.46,23,25.48,2022-03-31T13:00:00Z,2852,25.663393
25.32,25.71,25.27,59,25.71,2022-03-31T14:00:00Z,5009,25.394167
25.44,25.46,25.26,36,25.26,2022-03-31T15:00:00Z,4201,25.3345
25.46,25.54,25.44,3,25.44,2022-03-31T16:00:00Z,400,25.495
25.64,25.64,25.62,4,25.63,2022-03-31T17:00:00Z,400,25.6275
25.7,25.77,25.6,11,25.6,2022-03-31T18:00:00Z,1451,25.648125
25.84,25.84,25.36,50,25.36,2022-03-31T19:00:00Z,4812,25.635103
25.46,25.46,25.46,1,25.46,2022-03-31T20:00:00Z,190,25.46
25.64,25.815,25.38,49,25.54,2022-04-01T13:00:00Z,5456,25.55732
25.37,25.65,25.37,11,25.65,2022-04-01T14:00:00Z,1076,25.517
25.51,25.57,25.41,8,25.41,2022-04-01T15:00:00Z,800,25.48875
25.48,25.52,25.47,14,25.52,2022-04-01T16:00:00Z,1300,25.49
25.61,25.62,25.48,11,25.52,2022-04-01T17:00:00Z,962,25.531111
25.265,25.43,25.265,16,25.39,2022-04-01T18:00:00Z,2500,25.3368
25.02,25.29,25.0,41,25.255,2022-04-01T19:00:00Z,3800,25.150606
24.62,25.24,24.62,100,25.05,2022-04-04T13:00:00Z,9532,24.956484
24.6,24.66,24.585,32,24.64,2022-04-04T14:00:00Z,3156,24.6075
24.19,24.61,24.1,35,24.6,2022-04-04T15:00:00Z,4435,24.439302
24.37,24.37,23.99,36,24.18,2022-04-04T16:00:00Z,3086,24.2675
24.36,24.44,24.35,6,24.41,2022-04-04T17:00:00Z,600,24.39
24.12,24.34,24.12,5,24.23,2022-04-04T18:00:00Z,418,24.25
24.07,24.16,24.02,37,24.06,2022-04-04T19:00:00Z,3214,24.062203
24.635,24.635,24.2,61,24.55,2022-04-05T13:00:00Z,6134,24.510472
24.86,25.13,24.72,25,24.72,2022-04-05T14:00:00Z,5200,24.998142
24.89,24.94,24.74,10,24.94,2022-04-05T15:00:00Z,2449,24.790633
25.13,25.3,24.84,27,24.96,2022-04-05T16:00:00Z,4844,25.143125
25.03,25.13,24.9,14,25.1,2022-04-05T17:00:00Z,1400,25.050714
25.28,25.32,25.01,28,25.03,2022-04-05T18:00:00Z,2553,25.206092
24.96,25.83,24.96,110,25.445,2022-04-05T19:00:00Z,30867,25.381963
25.73,26.46,25.73,140,26.07,2022-04-06T13:00:00Z,14403,26.148831
25.72,26.27,25.72,15,26.06,2022-04-06T14:00:00Z,1932,26.096111
25.58,26.0,25.58,15,25.88,2022-04-06T15:00:00Z,1560,25.799
25.75,25.75,25.6,25,25.65,2022-04-06T16:00:00Z,4010,25.624937
25.16,25.87,25.16,18,25.84,2022-04-06T17:00:00Z,1800,25.540833
24.69,25.48,24.68,43,24.83,2022-04-06T18:00:00Z,4503,24.990238
24.36,25.06,24.36,47,24.7,2022-04-06T19:00:00Z,5117,24.714984
24.11,24.7,24.07,38,24.62,2022-04-07T13:00:00Z,3455,24.390882
24.68,24.68,24.07,16,24.09,2022-04-07T14:00:00Z,3509,24.264714
24.91,24.91,24.53,2,24.53,2022-04-07T15:00:00Z,200,24.72
24.74,24.77,24.61,7,24.61,2022-04-07T16:00:00Z,700,24.702857
24.4,24.6,24.2,11,24.58,2022-04-07T17:00:00Z,2307,24.266782
24.1,24.27,24.1,12,24.2,2022-04-07T18:00:00Z,2594,24.148378
24.065,24.27,24.04,54,24.06,2022-04-07T19:00:00Z,10351,24.118284
24.5,24.53,24.18,54,24.26,2022-04-08T13:00:00Z,3928,24.27478
23.955,24.24,23.955,37,24.24,2022-04-08T14:00:00Z,8651,24.049176
23.95,24.025,23.8,74,23.93,2022-04-08T15:00:00Z,41069,23.885484
23.735,23.85,23.715,62,23.84,2022-04-08T16:00:00Z,11514,23.747116
24.11,24.11,23.74,29,23.74,2022-04-08T17:00:00Z,9290,23.82832
24.36,24.46,24.04,27,24.06,2022-04-08T18:00:00Z,2409,24.293636
24.83,24.93,24.36,43,24.435,2022-04-08T19:00:00Z,4018,24.689927
24.86,25.38,24.8,100,25.16,2022-04-11T13:00:00Z,8205,25.150743
24.875,25.08,24.79,21,24.95,2022-04-11T14:00:00Z,3103,24.909629
25.25,25.25,24.865,49,24.865,2022-04-11T15:00:00Z,5006,25.100227
25.46,25.46,25.25,30,25.25,2022-04-11T16:00:00Z,2411,25.31671
25.13,25.31,25.13,14,25.29,2022-04-11T17:00:00Z,1671,25.247421
25.04,25.24,25.02,15,25.09,2022-04-11T18:00:00Z,1305,25.085385
26.05,26.05,24.98,34,24.98,2022-04-11T19:00:00Z,3086,25.639828
24.86,25.5,24.85,69,25.14,2022-04-12T13:00:00Z,5635,25.269857
25.43,25.43,24.86,13,24.86,2022-04-12T14:00:00Z,1300,25.17
25.35,25.42,24.92,39,25.42,2022-04-12T15:00:00Z,3201,25.115
25.37,25.53,25.33,30,25.36,2022-04-12T16:00:00Z,2332,25.408182
25.88,25.88,25.44,39,25.44,2022-04-12T17:00:00Z,3841,25.645395
26.12,26.15,25.89,21,26.0,2022-04-12T18:00:00Z,2071,26.0085
25.66,26.35,25.63,89,26.11,2022-04-12T19:00:00Z,7705,25.984392
25.54,25.78,25.32,46,25.73,2022-04-13T13:00:00Z,4281,25.518781
25.74,25.9,25.74,16,25.77,2022-04-13T14:00:00Z,1249,25.796364
25.36,25.55,25.36,8,25.55,2022-04-13T15:00:00Z,779,25.442857
25.08,25.22,25.08,3,25.2,2022-04-13T16:00:00Z,300,25.166667
25.165,25.25,24.97,17,25.075,2022-04-13T17:00:00Z,1800,25.119444
24.845,25.155,24.825,28,25.155,2022-04-13T18:00:00Z,4140,24.942073
24.565,24.925,24.565,57,24.845,2022-04-13T19:00:00Z,6288,24.800169
24.775,24.785,24.15,32,24.34,2022-04-14T13:00:00Z,3017,24.403167
24.72,24.9,24.55,24,24.63,2022-04-14T14:00:00Z,2309,24.757727
24.81,24.85,24.7,56,24.76,2022-04-14T15:00:00Z,3946,24.772
25.0,25.04,24.78,40,24.84,2022-04-14T16:00:00Z,3279,24.877333
24.68,25.01,24.68,28,24.9,2022-04-14T17:00:00Z,2473,24.841364
25.0,25.02,24.58,29,24.66,2022-04-14T18:00:00Z,2617,24.752692
25.0,25.03,24.82,43,25.025,2022-04-14T19:00:00Z,5818,24.965499
25.29,25.32,24.98,55,25.1,2022-04-18T13:00:00Z,4467,25.156446
25.01,25.33,24.89,36,25.33,2022-04-18T14:00:00Z,3267,25.112258
25.13,25.22,24.99,15,24.99,2022-04-18T15:00:00Z,2300,25.141304
25.27,25.31,25.08,8,25.09,2022-04-18T16:00:00Z,800,25.18375
25.1,25.19,25.04,30,25.19,2022-04-18T17:00:00Z,2927,25.104138
25.29,25.29,25.13,6,25.13,2022-04-18T18:00:00Z,600,25.173333
25.28,25.57,25.12,81,25.31,2022-04-18T19:00:00Z,7632,25.305278
24.9,25.23,24.9,26,25.18,2022-04-19T13:00:00Z,2501,25.13
24.84,24.85,24.74,10,24.74,2022-04-19T14:00:00Z,1000,24.815
24.78,24.84,24.74,5,24.84,2022-04-19T15:00:00Z,500,24.808
24.8,24.8,24.74,4,24.8,2022-04-19T16:00:00Z,400,24.7825
24.67,24.71,24.67,2,24.71,2022-04-19T17:00:00Z,200,24.69
24.58,24.75,24.565,46,24.695,2022-04-19T18:00:00Z,4823,24.648556
24.73,24.73,24.465,104,24.575,2022-04-19T19:00:00Z,9928,24.557618
24.51,24.57,24.34,36,24.45,2022-04-20T13:00:00Z,6349,24.511076
24.48,24.57,24.39,18,24.52,2022-04-20T14:00:00Z,2174,24.490561
24.65,24.65,24.59,3,24.59,2022-04-20T15:00:00Z,300,24.63
24.74,24.93,24.66,12,24.88,2022-04-20T16:00:00Z,700,24.801447
24.65,24.71,24.65,2,24.71,2022-04-20T17:00:00Z,200,24.68
25.03,25.09,24.69,17,24.69,2022-04-20T18:00:00Z,1379,24.902692
24.425,24.905,24.36,41,24.905,2022-04-20T19:00:00Z,4326,24.521228
24.115,24.34,24.02,51,24.16,2022-04-21T13:00:00Z,4202,24.122308
24.46,24.53,24.04,33,24.04,2022-04-21T14:00:00Z,3259,24.266833
24.35,24.53,24.28,8,24.48,2022-04-21T15:00:00Z,800,24.39375
24.92,24.93,24.65,10,24.65,2022-04-21T16:00:00Z,999,24.851876
24.95,24.95,24.62,8,24.86,2022-04-21T17:00:00Z,950,24.827105
24.96,25.04,24.85,37,25.04,2022-04-21T18:00:00Z,1747,24.959004
24.86,25.22,24.65,84,24.93,2022-04-21T19:00:00Z,6949,24.967077
25.17,25.33,24.86,54,25.0,2022-04-22T13:00:00Z,3646,25.167069
25.09,25.19,25.02,12,25.02,2022-04-22T14:00:00Z,1100,25.079
25.61,25.61,25.06,16,25.06,2022-04-22T15:00:00Z,1525,25.354667
25.54,25.94,25.34,28,25.8,2022-04-22T16:00:00Z,2981,25.671034
25.86,25.93,25.52,23,25.61,2022-04-22T17:00:00Z,1892,25.801111
26.18,26.18,25.89,33,25.95,2022-04-22T18:00:00Z,3500,26.012571
26.05,26.5,25.78,212,26.295,2022-04-22T19:00:00Z,18429,26.143533
26.73,26.73,25.63,82,26.5,2022-04-25T13:00:00Z,6520,26.164138
26.585,26.905,25.98,70,26.75,2022-04-25T14:00:00Z,14362,26.621858
26.525,26.58,26.39,44,26.565,2022-04-25T15:00:00Z,8915,26.539971
26.1,26.35,26.01,14,26.335,2022-04-25T16:00:00Z,1500,26.156
26.045,26.415,26.0,19,26.34,2022-04-25T17:00:00Z,1983,26.170556
25.44,26.075,25.31,50,26.01,2022-04-25T18:00:00Z,5691,25.71966
24.93,25.35,24.9,45,25.35,2022-04-25T19:00:00Z,4138,24.991707
25.85,25.85,25.36,36,25.44,2022-04-26T13:00:00Z,3060,25.585357
25.66,25.9,25.53,82,25.54,2022-04-26T14:00:00Z,5564,25.746535
26.08,26.28,25.83,32,25.85,2022-04-26T15:00:00Z,2527,26.1288
25.76,26.12,25.59,18,26.12,2022-04-26T16:00:00Z,1637,25.859063
26.46,26.5,25.9,64,25.9,2022-04-26T17:00:00Z,8940,26.281122
26.39,27.15,26.39,69,26.51,2022-04-26T18:00:00Z,9041,26.856598
26.26,26.94,25.97,132,26.25,2022-04-26T19:00:00Z,8041,26.404145
26.18,26.42,25.6,153,26.07,2022-04-27T13:00:00Z,11491,25.862554
26.44,27.13,26.21,26,26.21,2022-04-27T14:00:00Z,2510,26.80375
26.06,26.38,26.06,17,26.29,2022-04-27T15:00:00Z,1600,26.260667
26.05,26.05,25.865,6,25.91,2022-04-27T16:00:00Z,600,25.9225
25.9,25.9,25.89,2,25.89,2022-04-27T17:00:00Z,200,25.895
26.3,26.3,26.05,4,26.05,2022-04-27T18:00:00Z,400,26.2225
27.23,27.24,26.3,193,26.42,2022-04-27T19:00:00Z,21377,26.994578
26.925,27.27,25.96,162,25.96,2022-04-28T13:00:00Z,15664,26.723957
27.48,27.71,26.86,113,27.34,2022-04-28T14:00:00Z,15630,27.549551
27.48,27.56,27.195,184,27.475,2022-04-28T15:00:00Z,60880,27.392644
26.23,27.03,25.96,26,27.03,2022-04-28T16:00:00Z,2029,26.563684
25.86,26.38,25.745,40,26.18,2022-04-28T17:00:00Z,4398,25.915976
25.915,25.915,25.76,15,25.87,2022-04-28T18:00:00Z,1102,25.823333
26.17,26.37,25.9,28,25.93,2022-04-28T19:00:00Z,2990,26.166918
26.1,26.75,26.1,12,26.42,2022-04-29T13:00:00Z,1200,26.541667
26.93,26.93,26.19,15,26.19,2022-04-29T14:00:00Z,1304,26.675217
26.92,27.14,26.85,36,26.99,2022-04-29T15:00:00Z,2345,27.0075
27.21,27.26,26.99,21,27.11,2022-04-29T16:00:00Z,1710,27.15
27.12,27.18,27.09,13,27.15,2022-04-29T17:00:00Z,717,27.133333
27.915,28.07,27.28,38,27.28,2022-04-29T18:00:00Z,5473,27.813623
27.74,28.1,27.74,86,28.05,2022-04-29T19:00:00Z,11438,27.910962
27.77,28.09,27.77,2,28.09,2022-05-02T12:00:00Z,200,27.93
27.875,28.75,27.63,56,27.63,2022-05-02T13:00:00Z,5024,28.239534
27.94,28.39,27.55,16,28.39,2022-05-02T14:00:00Z,1405,27.855714
28.68,28.68,28.05,12,28.15,2022-05-02T15:00:00Z,1181,28.384138
28.14,28.53,28.14,5,28.53,2022-05-02T16:00:00Z,500,28.232
28.79,28.97,28.6,9,28.6,2022-05-02T17:00:00Z,900,28.725555
28.965,29.235,28.68,18,28.68,2022-05-02T18:00:00Z,2206,29.055909
27.61,28.4,27.53,78,28.4,2022-05-02T19:00:00Z,5981,27.809934
27.32,27.79,27.27,20,27.27,2022-05-03T13:00:00Z,1486,27.4625
27.33,27.33,26.91,18,27.04,2022-05-03T14:00:00Z,1557,27.104
26.84,27.085,26.84,6,27.085,2022-05-03T15:00:00Z,600,26.948333
27.12,27.12,26.86,10,26.86,2022-05-03T16:00:00Z,1000,26.997222
27.01,27.01,26.94,9,26.96,2022-05-03T17:00:00Z,900,26.975555
27.34,27.37,27.34,2,27.37,2022-05-03T18:00:00Z,200,27.355
26.87,27.19,26.81,24,26.88,2022-05-03T19:00:00Z,1955,26.983235
26.66,26.83,26.54,21,26.66,2022-05-04T13:00:00Z,1526,26.700714
26.45,26.615,26.45,30,26.565,2022-05-04T14:00:00Z,2900,26.548571
26.43,26.47,26.3,15,26.36,2022-05-04T15:00:00Z,2300,26.396957
26.28,26.45,26.28,11,26.4,2022-05-04T16:00:00Z,1100,26.353636
26.03,26.24,26.03,23,26.24,2022-05-04T17:00:00Z,2278,26.137727
25.4,26.14,25.4,25,25.78,2022-05-04T18:00:00Z,3095,25.917417
25.01,25.29,24.91,23,25.29,2022-05-04T19:00:00Z,3665,25.022466
25.49,25.58,25.28,54,25.52,2022-05-05T13:00:00Z,4228,25.440005
25.88,26.37,25.56,28,25.82,2022-05-05T14:00:00Z,2293,25.950789
26.51,26.515,25.78,64,26.36,2022-05-05T15:00:00Z,5581,26.174537
26.17,26.66,26.025,37,26.66,2022-05-05T16:00:00Z,3491,26.377872
26.145,26.145,25.975,2,25.975,2022-05-05T17:00:00Z,200,26.06
26.9,26.9,26.13,29,26.38,2022-05-05T18:00:00Z,2700,26.5275
27.305,27.47,26.885,81,26.885,2022-05-05T19:00:00Z,9929,27.262083
27.02,27.02,27.02,3,27.02,2022-05-05T20:00:00Z,500,27.02
28.24,28.27,27.4,37,27.4,2022-05-06T13:00:00Z,3556,27.96629
26.91,28.21,26.91,36,28.21,2022-05-06T14:00:00Z,4492,27.360116
27.67,27.68,26.71,49,26.93,2022-05-06T15:00:00Z,3712,27.32934
27.115,27.82,27.115,21,27.82,2022-05-06T16:00:00Z,1995,27.574768
27.36,27.36,27.02,7,27.1,2022-05-06T17:00:00Z,610,27.223333
27.65,27.78,27.16,17,27.19,2022-05-06T18:00:00Z,1700,27.443824
27.17,27.88,26.94,49,27.88,2022-05-06T19:00:00Z,6417,27.351939
27.15,27.15,27.15,3,27.15,2022-05-06T20:00:00Z,800,27.15
28.57,28.63,28.06,21,28.06,2022-05-09T13:00:00Z,1800,28.362667
28.49,28.67,28.34,18,28.34,2022-05-09T14:00:00Z,1570,28.528572
28.18,28.54,28.18,21,28.54,2022-05-09T15:00:00Z,1879,28.381111
27.69,27.705,27.38,22,27.62,2022-05-09T16:00:00Z,3876,27.560119
28.2,28.38,27.85,7,28.34,2022-05-09T17:00:00Z,800,28.215
27.925,28.035,27.925,10,28.005,2022-05-09T18:00:00Z,1400,27.995357
27.97,28.28,27.94,7,27.94,2022-05-09T19:00:00Z,700,28.134286
26.9,27.1,26.58,58,26.58,2022-05-10T13:00:00Z,5833,27.024722
27.57,27.68,26.82,69,26.82,2022-05-10T14:00:00Z,6744,27.319833
27.795,28.1,27.53,94,27.75,2022-05-10T15:00:00Z,8127,27.782537
27.89,28.17,27.61,56,27.74,2022-05-10T16:00:00Z,4889,27.889878
27.09,27.89,26.98,30,27.89,2022-05-10T17:00:00Z,3213,27.200479
27.45,27.45,27.31,3,27.31,2022-05-10T18:00:00Z,300,27.36
27.275,27.63,27.2,25,27.25,2022-05-10T19:00:00Z,2400,27.40413
26.755,27.62,26.72,92,27.01,2022-05-11T13:00:00Z,8067,26.898083
26.31,26.85,26.2,52,26.8,2022-05-11T14:00:00Z,6555,26.710994
26.06,26.44,26.06,12,26.38,2022-05-11T15:00:00Z,974,26.2575
27.19,27.19,26.33,6,26.46,2022-05-11T16:00:00Z,600,26.735
27.6,27.685,27.13,40,27.25,2022-05-11T17:00:00Z,7191,27.567786
27.22,27.37,26.96,14,27.26,2022-05-11T18:00:00Z,1301,27.138462
27.22,27.36,27.16,21,27.16,2022-05-11T19:00:00Z,2043,27.273421
27.72,27.86,27.31,102,27.55,2022-05-12T13:00:00Z,8146,27.616697
26.84,27.99,26.84,88,27.87,2022-05-12T14:00:00Z,7607,27.385143
27.275,27.33,26.6,94,26.87,2022-05-12T15:00:00Z,13894,27.033737
27.53,27.64,27.17,45,27.38,2022-05-12T16:00:00Z,5079,27.433714
27.83,27.92,27.49,59,27.51,2022-05-12T17:00:00Z,3312,27.723992
27.94,27.985,27.58,37,27.73,2022-05-12T18:00:00Z,3690,27.831076
27.02,28.18,26.98,92,27.87,2022-05-12T19:00:00Z,9998,27.425998
26.115,26.35,26.06,15,26.34,2022-05-13T13:00:00Z,2035,26.179326
26.03,26.17,25.87,21,26.16,2022-05-13T14:00:00Z,2411,26.000208
25.99,26.07,25.96,9,25.99,2022-05-13T15:00:00Z,1100,25.995455
25.93,26.02,25.915,6,25.925,2022-05-13T16:00:00Z,650,25.950385
26.045,26.21,26.035,8,26.08,2022-05-13T17:00:00Z,800,26.098125
26.06,26.39,26.06,28,26.15,2022-05-13T18:00:00Z,2500,26.25087
26.0,26.06,25.88,46,25.96,2022-05-13T19:00:00Z,4495,25.976282
25.765,26.19,25.765,29,26.19,2022-05-16T13:00:00Z,3169,25.927167
25.28,25.85,25.28,27,25.78,2022-05-16T14:00:00Z,2796,25.495106
24.67,25.37,24.67,76,25.37,2022-05-16T15:00:00Z,10626,25.014143
24.84,25.04,24.69,19,24.69,2022-05-16T16:00:00Z,1800,24.855294
24.75,24.88,24.75,5,24.88,2022-05-16T17:00:00Z,500,24.842
24.72,24.72,24.645,20,24.72,2022-05-16T18:00:00Z,2018,24.676667
24.45,25.005,24.45,74,24.74,2022-05-16T19:00:00Z,8614,24.760238
24.4,24.53,24.155,41,24.16,2022-05-17T13:00:00Z,4083,24.31022
24.54,24.74,24.41,44,24.52,2022-05-17T14:00:00Z,5600,24.527411
24.44,24.515,24.405,22,24.47,2022-05-17T15:00:00Z,4101,24.471875
24.39,24.43,24.37,4,24.43,2022-05-17T16:00:00Z,400,24.3925
24.215,24.4,24.21,20,24.4,2022-05-17T17:00:00Z,6346,24.261959
24.22,24.59,24.175,101,24.22,2022-05-17T18:00:00Z,13039,24.281769
24.89,25.515,24.26,189,24.31,2022-05-17T19:00:00Z,21999,24.714161
24.865,25.25,24.68,46,25.25,2022-05-18T13:00:00Z,6854,24.913235
24.78,24.825,24.55,21,24.78,2022-05-18T14:00:00Z,2267,24.721332
24.94,25.32,24.78,36,24.79,2022-05-18T15:00:00Z,3185,25.079138
25.15,25.15,25.15,1,25.15,2022-05-18T16:00:00Z,100,25.15
25.4,25.54,25.17,30,25.17,2022-05-18T17:00:00Z,13275,25.498892
25.835,25.935,25.31,141,25.39,2022-05-18T18:00:00Z,24331,25.693745
26.16,26.44,26.0,110,26.005,2022-05-18T19:00:00Z,18359,26.206116
26.64,26.8,25.81,34,26.28,2022-05-19T13:00:00Z,3944,26.178846
26.57,26.62,26.38,6,26.44,2022-05-19T14:00:00Z,600,26.4925
26.05,26.38,25.96,12,26.37,2022-05-19T15:00:00Z,1150,26.18
26.06,26.06,26.06,1,26.06,2022-05-19T16:00:00Z,100,26.06
25.51,26.12,25.51,10,25.94,2022-05-19T17:00:00Z,1062,25.886826
25.49,25.62,25.36,16,25.54,2022-05-19T18:00:00Z,919,25.522222
25.38,25.79,25.3,37,25.38,2022-05-19T19:00:00Z,4001,25.529342
24.99,25.14,24.77,15,24.86,2022-05-20T13:00:00Z,1430,24.932143
25.15,25.27,24.86,31,25.055,2022-05-20T14:00:00Z,10502,25.117605
25.59,25.64,25.22,26,25.285,2022-05-20T15:00:00Z,3540,25.555763
26.1,26.3,25.78,45,25.78,2022-05-20T16:00:00Z,7190,25.983918
26.03,26.39,26.03,6,26.36,2022-05-20T17:00:00Z,600,26.256667
25.915,26.29,25.84,17,26.27,2022-05-20T18:00:00Z,1609,26.025667
24.995,26.22,24.995,88,25.895,2022-05-20T19:00:00Z,9995,25.62099
25.3,25.3,25.3,1,25.3,2022-05-20T20:00:00Z,100,25.3
25.1,25.27,24.94,10,24.94,2022-05-23T13:00:00Z,812,25.073333
25.165,25.53,25.05,18,25.33,2022-05-23T14:00:00Z,1710,25.227647
24.96,25.14,24.89,18,25.14,2022-05-23T15:00:00Z,1569,25.006333
24.94,25.0,24.81,16,24.9,2022-05-23T16:00:00Z,1600,24.908125
23.525,24.955,23.42,136,24.94,2022-05-23T17:00:00Z,14471,24.046553
23.545,23.59,23.37,19,23.49,2022-05-23T18:00:00Z,1963,23.532027
24.06,24.195,23.52,70,23.58,2022-05-23T19:00:00Z,10664,23.866429
24.27,24.49,24.195,25,24.49,2022-05-24T13:00:00Z,2479,24.281304
24.79,24.93,24.395,25,24.395,2022-05-24T14:00:00Z,7000,24.570071
24.48,24.74,24.475,21,24.74,2022-05-24T15:00:00Z,9341,24.569001
24.36,24.37,24.06,11,24.19,2022-05-24T16:00:00Z,1080,24.259
24.26,24.51,24.25,23,24.4,2022-05-24T17:00:00Z,2300,24.415217
24.5,24.5,24.16,21,24.17,2022-05-24T18:00:00Z,2002,24.360556
24.225,24.51,24.09,31,24.51,2022-05-24T19:00:00Z,2828,24.34
24.12,24.42,24.05,13,24.42,2022-05-25T13:00:00Z,1104,24.200909
23.78,24.24,23.78,4,24.24,2022-05-25T14:00:00Z,1100,24.186364
23.91,23.91,23.91,1,23.91,2022-05-25T15:00:00Z,200,23.91
23.82,24.03,23.82,4,24.03,2022-05-25T17:00:00Z,400,23.905
23.33,23.92,23.33,46,23.71,2022-05-25T18:00:00Z,4122,23.486021
23.57,23.65,23.13,34,23.2,2022-05-25T19:00:00Z,3796,23.363378
23.01,23.02,22.965,15,23.01,2022-05-26T13:00:00Z,3100,23.006613
23.0,23.07,23.0,27,23.0,2022-05-26T14:00:00Z,3500,23.004857
23.11,23.11,22.995,2,22.995,2022-05-26T15:00:00Z,400,23.02375
23.035,23.095,23.035,5,23.08,2022-05-26T16:00:00Z,600,23.068333
22.98,23.05,22.955,12,23.05,2022-05-26T17:00:00Z,1200,22.972084
23.05,23.09,22.92,5,22.92,2022-05-26T18:00:00Z,500,23.026
23.15,23.15,22.925,6,23.015,2022-05-26T19:00:00Z,600,22.996667
22.48,22.615,22.48,4,22.615,2022-05-27T13:00:00Z,400,22.55125
22.49,22.49,22.49,1,22.49,2022-05-27T14:00:00Z,100,22.49
22.26,22.52,22.25,12,22.52,2022-05-27T15:00:00Z,1200,22.373333
22.375,22.375,22.23,34,22.23,2022-05-27T16:00:00Z,1289,22.304444
22.52,22.52,22.42,7,22.42,2022-05-27T17:00:00Z,615,22.479167
22.51,22.56,22.495,10,22.495,2022-05-27T18:00:00Z,900,22.51625
22.46,22.58,22.43,23,22.51,2022-05-27T19:00:00Z,2163,22.491667
22.95,23.02,22.82,24,22.84,2022-05-31T13:00:00Z,2119,22.922503
22.59,22.7,22.59,7,22.66,2022-05-31T14:00:00Z,700,22.636429
22.36,22.77,22.36,17,22.51,2022-05-31T15:00:00Z,2870,22.721429
22.26,22.31,22.26,2,22.31,2022-05-31T16:00:00Z,200,22.285
22.33,22.33,22.33,1,22.33,2022-05-31T17:00:00Z,100,22.33
22.24,22.24,22.2,3,22.2,2022-05-31T18:00:00Z,400,22.2225
22.57,22.745,22.32,27,22.37,2022-05-31T19:00:00Z,2058,22.606667
22.29,22.29,22.03,13,22.14,2022-06-01T13:00:00Z,1200,22.144545
22.56,22.795,22.11,13,22.115,2022-06-01T14:00:00Z,1200,22.469545
22.915,22.96,22.71,11,22.71,2022-06-01T15:00:00Z,983,22.853889
22.97,23.125,22.93,8,23.06,2022-06-01T16:00:00Z,900,23.046667
22.605,22.81,22.56,5,22.81,2022-06-01T17:00:00Z,500,22.623
22.39,22.395,22.33,11,22.36,2022-06-01T18:00:00Z,543,22.370726
22.03,22.32,22.03,19,22.26,2022-06-01T19:00:00Z,1823,22.096666
22.21,22.48,22.21,15,22.44,2022-06-02T13:00:00Z,1500,22.362
22.02,22.04,22.01,5,22.04,2022-06-02T14:00:00Z,500,22.026
21.995,22.04,21.88,9,21.88,2022-06-02T15:00:00Z,845,21.946875
21.76,21.8,21.76,2,21.8,2022-06-02T16:00:00Z,200,21.78
21.94,21.97,21.94,2,21.97,2022-06-02T17:00:00Z,200,21.955
22.1,22.1,21.96,2,21.96,2022-06-02T18:00:00Z,200,22.03
21.8,22.06,21.73,52,22.05,2022-06-02T19:00:00Z,5012,21.90487
22.33,22.33,22.28,3,22.28,2022-06-03T13:00:00Z,300,22.313333
22.26,22.26,22.06,4,22.06,2022-06-03T14:00:00Z,400,22.19875
22.47,22.61,22.3,8,22.3,2022-06-03T15:00:00Z,900,22.497778
22.5,22.52,22.475,19,22.5,2022-06-03T16:00:00Z,2843,22.497679
22.41,22.56,22.31,7,22.31,2022-06-03T17:00:00Z,700,22.39
22.205,22.495,22.1,12,22.495,2022-06-03T18:00:00Z,1156,22.1965
21.98,22.17,21.86,27,22.12,2022-06-03T19:00:00Z,2503,22.004019
21.66,21.7,21.52,10,21.56,2022-06-06T13:00:00Z,851,21.6125
21.68,21.69,21.68,3,21.685,2022-06-06T14:00:00Z,300,21.685
22.0,22.0,21.91,6,21.91,2022-06-06T15:00:00Z,600,21.96154
22.015,22.08,21.91,10,22.08,2022-06-06T17:00:00Z,794,21.984167
22.31,22.31,22.275,4,22.29,2022-06-06T18:00:00Z,303,22.291667
21.7,22.22,21.7,16,22.22,2022-06-06T19:00:00Z,1900,21.85079
22.06,22.32,22.06,5,22.32,2022-06-07T13:00:00Z,459,22.209497
21.95,21.95,21.91,3,21.91,2022-06-07T15:00:00Z,300,21.926667
21.92,22.025,21.92,2,22.025,2022-06-07T16:00:00Z,300,21.955
21.86,21.95,21.86,3,21.95,2022-06-07T17:00:00Z,300,21.92
21.97,21.97,21.85,6,21.85,2022-06-07T18:00:00Z,600,21.913333
21.64,22.06,21.63,37,22.05,2022-06-07T19:00:00Z,3273,21.777241
21.635,21.96,21.615,34,21.91,2022-06-08T13:00:00Z,3514,21.751554
21.62,21.73,21.59,23,21.635,2022-06-08T14:00:00Z,2094,21.642407
21.48,21.585,21.425,25,21.55,2022-06-08T15:00:00Z,2553,21.501489
21.68,21.68,21.47,4,21.49,2022-06-08T16:00:00Z,500,21.531
21.64,21.7,21.55,4,21.55,2022-06-08T17:00:00Z,455,21.644396
21.64,21.915,21.555,34,21.59,2022-06-08T18:00:00Z,3835,21.70619
21.57,21.745,21.445,35,21.73,2022-06-08T19:00:00Z,3858,21.57436
21.695,21.74,21.695,2,21.74,2022-06-09T13:00:00Z,200,21.7175
21.85,21.85,21.6,4,21.6,2022-06-09T14:00:00Z,322,21.693333
21.84,21.85,21.84,3,21.85,2022-06-09T15:00:00Z,400,21.8425
21.71,21.8,21.705,17,21.75,2022-06-09T16:00:00Z,2000,21.73225
21.83,21.83,21.83,1,21.83,2022-06-09T17:00:00Z,100,21.83
21.975,21.975,21.975,1,21.975,2022-06-09T18:00:00Z,100,21.975
23.05,23.21,21.88,103,21.99,2022-06-09T19:00:00Z,15035,22.608807
23.39,23.775,23.32,114,23.36,2022-06-10T13:00:00Z,9095,23.597051
23.6,23.64,23.395,17,23.395,2022-06-10T14:00:00Z,1804,23.5525
23.74,24.07,23.6,49,23.62,2022-06-10T15:00:00Z,5387,23.8175
23.67,23.87,23.67,6,23.67,2022-06-10T16:00:00Z,700,23.767143
23.55,23.87,23.55,4,23.87,2022-06-10T17:00:00Z,400,23.66
23.255,23.59,23.255,7,23.56,2022-06-10T18:00:00Z,700,23.453571
23.15,23.43,23.01,87,23.31,2022-06-10T19:00:00Z,8612,23.129189
24.94,25.005,24.78,23,24.78,2022-06-13T13:00:00Z,2268,24.935238
25.6,25.62,24.88,25,24.98,2022-06-13T14:00:00Z,2489,25.282083
25.54,25.785,25.24,12,25.785,2022-06-13T15:00:00Z,1200,25.479583
25.335,25.49,25.09,12,25.46,2022-06-13T16:00:00Z,1200,25.321667
25.35,25.63,25.21,21,25.42,2022-06-13T17:00:00Z,2100,25.416905
25.745,25.745,25.37,39,25.37,2022-06-13T18:00:00Z,4560,25.46
25.99,26.275,25.52,56,25.52,2022-06-13T19:00:00Z,5321,25.970023
26.03,26.04,25.6,11,25.6,2022-06-14T13:00:00Z,999,25.885556
25.545,25.79,25.32,22,25.32,2022-06-14T14:00:00Z,2400,25.651458
25.32,25.49,25.32,2,25.49,2022-06-14T15:00:00Z,200,25.405
25.665,25.665,25.29,11,25.52,2022-06-14T16:00:00Z,1100,25.477273
25.665,25.69,25.28,10,25.28,2022-06-14T17:00:00Z,1100,25.603182
25.5,25.52,25.25,7,25.48,2022-06-14T18:00:00Z,700,25.416667
25.25,25.66,25.02,30,25.66,2022-06-14T19:00:00Z,3232,25.350675
24.19,24.61,24.19,17,24.605,2022-06-15T13:00:00Z,1605,24.410313
24.55,24.56,24.34,4,24.36,2022-06-15T14:00:00Z,400,24.4525
24.4,24.4,24.4,1,24.4,2022-06-15T15:00:00Z,100,24.4
24.11,24.11,23.97,10,23.97,2022-06-15T16:00:00Z,1200,24.0825
24.47,24.49,24.28,13,24.28,2022-06-15T17:00:00Z,4200,24.456217
23.945,24.84,23.535,40,24.17,2022-06-15T18:00:00Z,3881,23.930829
24.02,24.1,23.21,51,23.88,2022-06-15T19:00:00Z,10134,23.498642
24.99,25.17,24.99,5,25.03,2022-06-16T13:00:00Z,600,25.053333
25.85,25.85,24.98,12,25.27,2022-06-16T14:00:00Z,1210,25.465
25.94,26.075,25.56,51,25.69,2022-06-16T15:00:00Z,6626,25.814985
25.64,26.02,25.53,18,25.85,2022-06-16T16:00:00Z,1628,25.821333
25.36,25.46,25.19,15,25.39,2022-06-16T17:00:00Z,1500,25.336
25.94,25.94,25.48,18,25.58,2022-06-16T18:00:00Z,1641,25.659063
25.6,25.76,25.46,16,25.69,2022-06-16T19:00:00Z,1405,25.666923
25.18,25.18,25.18,1,25.18,2022-06-17T13:00:00Z,100,25.18
25.28,25.355,25.07,11,25.07,2022-06-17T14:00:00Z,1052,25.299
24.83,25.26,24.75,25,25.25,2022-06-17T15:00:00Z,2354,25.056364
24.69,24.69,24.69,1,24.69,2022-06-17T16:00:00Z,100,24.69
24.71,24.75,24.515,8,24.585,2022-06-17T17:00:00Z,800,24.65125
24.67,24.67,24.67,1,24.67,2022-06-17T18:00:00Z,100,24.67
24.785,24.835,24.63,25,24.72,2022-06-17T19:00:00Z,2772,24.760887
24.0,24.04,23.65,21,23.89,2022-06-21T13:00:00Z,1950,23.805556
23.97,24.06,23.94,21,23.98,2022-06-21T14:00:00Z,1285,23.994167
24.16,24.19,24.16,2,24.19,2022-06-21T15:00:00Z,200,24.175
23.9,24.22,23.9,23,24.16,2022-06-21T16:00:00Z,2030,24.062368
23.76,23.87,23.76,10,23.85,2022-06-21T17:00:00Z,1000,23.814
23.92,24.02,23.91,4,23.92,2022-06-21T18:00:00Z,400,23.9425
24.45,24.45,23.93,7,23.93,2022-06-21T19:00:00Z,700,24.285
24.445,24.445,24.445,1,24.445,2022-06-22T13:00:00Z,100,24.445
24.09,24.16,23.96,9,24.12,2022-06-22T14:00:00Z,900,24.064444
24.3,24.3,24.12,6,24.14,2022-06-22T15:00:00Z,600,24.1675
24.15,24.15,24.15,1,24.15,2022-06-22T16:00:00Z,100,24.15
23.84,24.04,23.84,8,24.04,2022-06-22T17:00:00Z,800,23.9425
23.75,23.81,23.72,9,23.81,2022-06-22T18:00:00Z,900,23.755555
23.57,23.75,23.55,25,23.66,2022-06-22T19:00:00Z,2091,23.634728
23.7,23.7,23.47,6,23.47,2022-06-23T13:00:00Z,600,23.661667
23.36,23.5,23.3,16,23.31,2022-06-23T14:00:00Z,1421,23.395714
23.39,23.39,23.15,17,23.25,2022-06-23T15:00:00Z,1620,23.20875
23.68,23.68,23.57,8,23.63,2022-06-23T16:00:00Z,752,23.607143
23.73,23.8,23.73,4,23.8,2022-06-23T17:00:00Z,400,23.765
23.725,23.83,23.655,60,23.77,2022-06-23T18:00:00Z,6190,23.72586
23.38,23.755,23.325,136,23.735,2022-06-23T19:00:00Z,15584,23.580812
23.04,23.1,23.04,3,23.09,2022-06-24T13:00:00Z,300,23.076667
22.95,23.04,22.87,6,23.03,2022-06-24T14:00:00Z,600,22.973333
23.04,23.05,22.88,6,22.93,2022-06-24T15:00:00Z,600,22.976667
22.94,22.99,22.87,9,22.87,2022-06-24T16:00:00Z,900,22.933889
22.9,22.9,22.9,1,22.9,2022-06-24T17:00:00Z,100,22.9
22.88,22.91,22.82,7,22.86,2022-06-24T18:00:00Z,700,22.864286
23.09,23.21,23.03,31,23.03,2022-06-24T19:00:00Z,3910,23.130383
22.92,22.92,22.92,1,22.92,2022-06-27T13:00:00Z,100,22.92
22.52,22.83,22.52,8,22.83,2022-06-27T14:00:00Z,724,22.757143
22.755,22.77,22.63,17,22.705,2022-06-27T15:00:00Z,1600,22.715
22.88,22.88,22.78,3,22.78,2022-06-27T16:00:00Z,300,22.816667
22.85,22.85,22.62,3,22.62,2022-06-27T17:00:00Z,300,22.74
22.61,22.74,22.61,2,22.74,2022-06-27T18:00:00Z,200,22.675
22.52,22.7,22.52,46,22.69,2022-06-27T19:00:00Z,3920,22.597714
22.28,22.28,22.25,6,22.28,2022-06-28T13:00:00Z,600,22.26
22.44,22.44,22.34,15,22.34,2022-06-28T14:00:00Z,1685,22.3566
22.8,22.94,22.46,21,22.46,2022-06-28T15:00:00Z,1934,22.840789
22.58,22.95,22.54,12,22.95,2022-06-28T16:00:00Z,2903,22.872489
22.83,22.86,22.75,7,22.76,2022-06-28T17:00:00Z,449,22.8
22.82,23.03,22.82,28,22.96,2022-06-28T18:00:00Z,2302,22.9735
22.77,22.87,22.77,15,22.77,2022-06-28T19:00:00Z,1407,22.822857
23.22,23.3,23.04,6,23.04,2022-06-29T13:00:00Z,501,23.188
22.84,22.92,22.84,3,22.92,2022-06-29T14:00:00Z,300,22.893333
23.105,23.155,22.98,18,22.98,2022-06-29T15:00:00Z,3550,23.097958
23.18,23.185,23.18,2,23.185,2022-06-29T16:00:00Z,300,23.183333
22.64,22.86,22.615,71,22.705,2022-06-29T19:00:00Z,22017,22.646706
23.52,23.52,23.18,18,23.22,2022-06-30T13:00:00Z,1710,23.370882
23.55,23.55,23.55,1,23.55,2022-06-30T14:00:00Z,100,23.55
23.415,23.475,23.325,18,23.43,2022-06-30T15:00:00Z,7504,23.389294
23.15,23.42,23.15,4,23.42,2022-06-30T16:00:00Z,400,23.2725
23.09,23.09,23.09,1,23.09,2022-06-30T17:00:00Z,100,23.09
23.09,23.09,23.09,1,23.09,2022-06-30T18:00:00Z,100,23.09
23.03,23.03,23.01,2,23.01,2022-06-30T19:00:00Z,300,23.023333
22.9,23.28,22.9,4,23.16,2022-07-01T13:00:00Z,400,23.115
22.92,22.92,22.92,1,22.92,2022-07-01T14:00:00Z,100,22.92
23.14,23.14,23.14,1,23.14,2022-07-01T15:00:00Z,100,23.14
22.625,22.74,22.625,4,22.74,2022-07-01T17:00:00Z,882,22.644375
22.615,22.67,22.615,2,22.67,2022-07-01T18:00:00Z,400,22.62875
22.52,22.575,22.42,32,22.43,2022-07-01T19:00:00Z,2953,22.48875
23.36,23.44,23.18,21,23.2,2022-07-05T13:00:00Z,1600,23.29
23.23,23.4,22.94,23,23.4,2022-07-05T14:00:00Z,2375,23.177609
23.085,23.455,23.085,20,23.26,2022-07-05T15:00:00Z,2000,23.33675
23.02,23.16,22.96,6,23.16,2022-07-05T16:00:00Z,563,23.044
22.895,22.965,22.865,7,22.865,2022-07-05T17:00:00Z,800,22.9
22.615,22.87,22.535,8,22.87,2022-07-05T18:00:00Z,800,22.609375
22.65,22.74,22.6,28,22.635,2022-07-05T19:00:00Z,2800,22.657857
22.55,22.55,22.55,1,22.55,2022-07-05T20:00:00Z,100,22.55
22.68,22.68,22.68,1,22.68,2022-07-06T13:00:00Z,100,22.68
22.68,22.81,22.68,4,22.7,2022-07-06T14:00:00Z,400,22.72
22.8,22.8,22.8,1,22.8,2022-07-06T15:00:00Z,100,22.8
22.72,22.72,22.72,1,22.72,2022-07-06T17:00:00Z,100,22.72
22.68,22.68,22.66,2,22.66,2022-07-06T18:00:00Z,200,22.67
22.17,22.39,22.17,119,22.3,2022-07-06T19:00:00Z,10857,22.302879
22.04,22.18,22.025,8,22.16,2022-07-07T13:00:00Z,800,22.080625
21.88,22.08,21.8,41,22.08,2022-07-07T14:00:00Z,3654,21.909748
21.875,21.955,21.815,26,21.815,2022-07-07T15:00:00Z,2157,21.8895
22.055,22.095,21.865,29,21.875,2022-07-07T16:00:00Z,2724,21.95037
22.14,22.21,22.015,20,22.065,2022-07-07T17:00:00Z,2000,22.0695
22.04,22.105,22.03,13,22.105,2022-07-07T18:00:00Z,3500,22.087286
22.18,22.18,22.05,35,22.065,2022-07-07T19:00:00Z,3262,22.11
22.13,22.13,22.13,1,22.13,2022-07-08T13:00:00Z,100,22.13
21.91,22.07,21.83,8,22.07,2022-07-08T14:00:00Z,800,21.92125
21.99,21.99,21.85,4,21.88,2022-07-08T15:00:00Z,400,21.9075
22.19,22.19,21.95,17,21.95,2022-07-08T16:00:00Z,1614,22.019375
21.96,22.25,21.96,8,22.22,2022-07-08T17:00:00Z,800,22.0675
21.94,22.01,21.855,23,22.01,2022-07-08T18:00:00Z,1960,21.926667
22.0,22.0,21.85,55,21.905,2022-07-08T19:00:00Z,4750,21.920116
22.38,22.38,22.37,2,22.37,2022-07-11T13:00:00Z,200,22.375
22.17,22.4,22.14,3,22.4,2022-07-11T14:00:00Z,300,22.236667
22.42,22.425,22.285,9,22.32,2022-07-11T15:00:00Z,900,22.345556
22.25,22.29,22.14,16,22.29,2022-07-11T16:00:00Z,1510,22.220667
21.94,22.18,21.94,11,22.18,2022-07-11T17:00:00Z,1300,22.027308
22.25,22.26,22.13,9,22.13,2022-07-11T18:00:00Z,900,22.225556
22.3,22.39,22.24,55,22.34,2022-07-11T19:00:00Z,5069,22.317449
22.07,22.07,22.07,1,22.07,2022-07-12T13:00:00Z,100,22.07
21.97,22.19,21.97,14,22.15,2022-07-12T14:00:00Z,1400,22.117143
22.05,22.15,21.99,14,22.05,2022-07-12T15:00:00Z,1400,22.072143
22.05,22.07,21.99,15,22.0,2022-07-12T16:00:00Z,1500,22.030667
22.045,22.13,22.04,16,22.05,2022-07-12T17:00:00Z,1513,22.065333
22.295,22.295,22.03,36,22.1,2022-07-12T18:00:00Z,3467,22.163939
22.38,22.7,22.295,192,22.295,2022-07-12T19:00:00Z,12584,22.508448
22.52,22.96,22.52,12,22.925,2022-07-13T13:00:00Z,1776,22.862059
22.29,22.35,22.29,6,22.35,2022-07-13T14:00:00Z,600,22.318333
22.395,22.42,22.17,28,22.21,2022-07-13T15:00:00Z,2800,22.354107
22.29,22.46,22.21,11,22.46,2022-07-13T16:00:00Z,1100,22.31
22.25,22.32,22.21,9,22.245,2022-07-13T17:00:00Z,806,22.259375
22.28,22.485,22.21,164,22.21,2022-07-13T18:00:00Z,13302,22.413938
22.31,22.36,22.25,43,22.25,2022-07-13T19:00:00Z,3822,22.317879
22.7,22.84,22.7,3,22.83,2022-07-14T13:00:00Z,300,22.79
22.92,23.025,22.75,27,22.95,2022-07-14T14:00:00Z,4610,22.916413
22.63,23.0,22.61,9,22.99,2022-07-14T15:00:00Z,900,22.824444
22.62,22.62,22.495,5,22.5,2022-07-14T16:00:00Z,330,22.538333
22.825,22.825,22.825,1,22.825,2022-07-14T17:00:00Z,100,22.825
22.46,22.51,22.46,26,22.51,2022-07-14T18:00:00Z,2000,22.492353
22.31,22.375,22.31,13,22.365,2022-07-14T19:00:00Z,840,22.341429
22.115,22.115,22.085,3,22.09,2022-07-15T13:00:00Z,300,22.096667
21.59,21.95,21.54,90,21.92,2022-07-15T14:00:00Z,15324,21.614172
21.59,21.62,21.5,104,21.6,2022-07-15T15:00:00Z,11194,21.548429
21.58,21.66,21.53,36,21.66,2022-07-15T16:00:00Z,3318,21.586818
21.61,21.61,21.52,14,21.57,2022-07-15T17:00:00Z,1260,21.557917
21.64,21.69,21.59,28,21.62,2022-07-15T18:00:00Z,2546,21.6304
21.515,21.64,21.4,64,21.61,2022-07-15T19:00:00Z,7229,21.52303
21.34,21.42,21.12,28,21.34,2022-07-18T13:00:00Z,2681,21.288
21.44,21.48,21.33,41,21.33,2022-07-18T14:00:00Z,3882,21.402432
21.39,21.53,21.39,24,21.475,2022-07-18T15:00:00Z,2210,21.458095
21.735,21.77,21.375,38,21.38,2022-07-18T16:00:00Z,3607,21.566944
21.96,21.99,21.61,39,21.735,2022-07-18T17:00:00Z,4541,21.758699
22.0,22.03,21.81,46,21.97,2022-07-18T18:00:00Z,4308,21.954767
21.91,22.03,21.77,121,22.01,2022-07-18T19:00:00Z,9326,21.946136
21.56,21.59,21.36,36,21.36,2022-07-19T13:00:00Z,2800,21.530385
21.51,21.61,21.48,30,21.56,2022-07-19T14:00:00Z,1911,21.534706
21.43,21.53,21.43,53,21.5,2022-07-19T15:00:00Z,4115,21.487051
21.46,21.52,21.425,30,21.47,2022-07-19T16:00:00Z,3829,21.460423
21.5,21.57,21.445,23,21.45,2022-07-19T17:00:00Z,2082,21.49675
21.65,21.66,21.5,19,21.51,2022-07-19T18:00:00Z,1820,21.567778
21.81,21.83,21.55,45,21.66,2022-07-19T19:00:00Z,4232,21.695
21.55,21.55,21.55,1,21.55,2022-07-20T13:00:00Z,100,21.55
21.47,21.56,21.42,30,21.56,2022-07-20T14:00:00Z,2434,21.468864
21.66,21.68,21.47,39,21.47,2022-07-20T15:00:00Z,4811,21.635556
21.63,21.64,21.38,50,21.64,2022-07-20T16:00:00Z,5410,21.508487
21.74,21.74,21.62,18,21.62,2022-07-20T17:00:00Z,1800,21.678333
21.46,21.73,21.41,31,21.73,2022-07-20T18:00:00Z,2780,21.524808
21.415,21.57,21.39,34,21.48,2022-07-20T19:00:00Z,3684,21.454286
21.43,21.48,21.43,5,21.48,2022-07-21T13:00:00Z,240,21.455
21.36,21.73,21.36,73,21.62,2022-07-21T14:00:00Z,4697,21.554634
21.39,21.52,21.35,41,21.4,2022-07-21T15:00:00Z,2240,21.427368
21.18,21.37,21.17,35,21.36,2022-07-21T16:00:00Z,3310,21.273333
21.27,21.32,21.2,27,21.2,2022-07-21T17:00:00Z,2480,21.253913
21.26,21.27,21.16,35,21.22,2022-07-21T18:00:00Z,3110,21.208333
21.2,21.25,21.15,63,21.23,2022-07-21T19:00:00Z,5163,21.204891
21.23,21.26,21.07,41,21.095,2022-07-22T13:00:00Z,2564,21.1772
21.15,21.35,21.15,30,21.29,2022-07-22T14:00:00Z,3000,21.268833
21.45,21.5,21.13,52,21.14,2022-07-22T15:00:00Z,5300,21.334717
21.49,21.5,21.43,20,21.45,2022-07-22T16:00:00Z,2000,21.467
21.65,21.87,21.49,56,21.49,2022-07-22T17:00:00Z,5282,21.63098
21.65,21.725,21.59,71,21.59,2022-07-22T18:00:00Z,5106,21.676848
21.38,21.69,21.37,39,21.68,2022-07-22T19:00:00Z,4984,21.450816
20.35,20.54,20.115,51,20.19,2022-07-25T13:00:00Z,4131,20.371154
20.6,20.6,20.36,69,20.375,2022-07-25T14:00:00Z,4488,20.491667
20.81,20.85,20.59,114,20.59,2022-07-25T15:00:00Z,5315,20.723214
20.66,20.82,20.625,29,20.81,2022-07-25T16:00:00Z,2940,20.72625
20.875,20.875,20.695,32,20.745,2022-07-25T17:00:00Z,3040,20.7915
20.9,20.945,20.84,69,20.895,2022-07-25T18:00:00Z,7170,20.916084
21.165,21.165,20.87,111,20.935,2022-07-25T19:00:00Z,10495,20.971353
21.38,21.465,21.38,15,21.435,2022-07-26T13:00:00Z,1856,21.441667
21.42,21.52,21.35,14,21.455,2022-07-26T14:00:00Z,1400,21.4675
21.79,21.795,21.47,19,21.47,2022-07-26T15:00:00Z,1615,21.680312
21.29,21.84,21.275,30,21.81,2022-07-26T16:00:00Z,2559,21.5296
21.36,21.36,21.22,16,21.35,2022-07-26T17:00:00Z,2200,21.250682
21.48,21.5,21.33,12,21.36,2022-07-26T18:00:00Z,1102,21.416364
21.58,21.69,21.4,38,21.47,2022-07-26T19:00:00Z,3350,21.55129
21.315,21.34,21.22,12,21.22,2022-07-27T13:00:00Z,878,21.27375
21.26,21.32,21.25,17,21.305,2022-07-27T14:00:00Z,1537,21.27875
21.28,21.295,21.21,12,21.21,2022-07-27T15:00:00Z,1338,21.261122
21.31,21.4,21.27,10,21.28,2022-07-27T16:00:00Z,1000,21.3185
21.2,21.2,21.2,7,21.2,2022-07-27T17:00:00Z,476,21.2
21.11,21.17,21.0,11,21.0,2022-07-27T18:00:00Z,956,21.05
21.28,21.44,21.21,76,21.32,2022-07-27T19:00:00Z,6700,21.320656
21.355,21.36,21.18,8,21.18,2022-07-28T13:00:00Z,696,21.31
20.97,21.525,20.91,42,21.32,2022-07-28T14:00:00Z,3785,21.210429
20.85,20.905,20.745,26,20.885,2022-07-28T15:00:00Z,2898,20.836429
20.93,20.985,20.865,16,20.865,2022-07-28T16:00:00Z,1500,20.939643
20.835,20.95,20.805,10,20.95,2022-07-28T17:00:00Z,904,20.884444
20.94,20.95,20.835,8,20.835,2022-07-28T18:00:00Z,800,20.905625
20.89,21.04,20.89,25,20.975,2022-07-28T19:00:00Z,2656,20.992692
20.75,20.75,20.75,1,20.75,2022-07-28T20:00:00Z,1900,20.75
21.04,21.04,20.86,6,20.86,2022-07-29T13:00:00Z,900,20.936111
20.98,20.98,20.92,5,20.92,2022-07-29T14:00:00Z,500,20.946
21.13,21.15,21.13,3,21.15,2022-07-29T15:00:00Z,220,21.14
21.11,21.11,21.085,2,21.085,2022-07-29T16:00:00Z,200,21.0975
21.06,21.065,21.03,3,21.03,2022-07-29T17:00:00Z,300,21.051667
21.11,21.18,21.08,19,21.08,2022-07-29T18:00:00Z,1900,21.125526
21.02,21.11,20.88,37,21.08,2022-07-29T19:00:00Z,3239,21.001111
21.17,21.49,21.06,24,21.49,2022-08-01T13:00:00Z,2519,21.289167
21.405,21.435,21.06,29,21.215,2022-08-01T14:00:00Z,3794,21.237297
21.375,21.41,21.3,14,21.37,2022-08-01T15:00:00Z,1600,21.36625
21.42,21.42,21.39,2,21.39,2022-08-01T16:00:00Z,200,21.405
21.625,21.625,21.42,7,21.445,2022-08-01T17:00:00Z,700,21.491429
21.45,21.56,21.45,13,21.56,2022-08-01T18:00:00Z,1400,21.491786
21.74,21.795,21.5,44,21.5,2022-08-01T19:00:00Z,4033,21.692308
21.94,21.97,21.89,8,21.89,2022-08-02T13:00:00Z,707,21.944286
21.505,22.0,21.505,22,21.915,2022-08-02T14:00:00Z,2005,21.77325
21.38,21.53,21.305,11,21.53,2022-08-02T15:00:00Z,1100,21.395
21.355,21.385,21.295,9,21.385,2022-08-02T16:00:00Z,900,21.341667
21.67,21.67,21.45,4,21.53,2022-08-02T17:00:00Z,400,21.54375
21.59,21.59,21.49,8,21.515,2022-08-02T18:00:00Z,800,21.53
21.65,21.775,21.56,39,21.62,2022-08-02T19:00:00Z,3460,21.661071
21.415,21.415,21.255,2,21.255,2022-08-03T13:00:00Z,200,21.335
21.24,21.38,21.2,7,21.38,2022-08-03T14:00:00Z,700,21.27
21.225,21.235,21.2,4,21.23,2022-08-03T15:00:00Z,400,21.2225
21.135,21.215,21.135,8,21.215,2022-08-03T16:00:00Z,800,21.171875
21.255,21.255,21.13,16,21.135,2022-08-03T17:00:00Z,1504,21.191
21.53,21.78,21.275,14,21.275,2022-08-03T18:00:00Z,1500,21.418966
21.99,22.03,21.55,50,21.64,2022-08-03T19:00:00Z,4105,21.790946
21.965,22.12,21.86,34,22.085,2022-08-04T13:00:00Z,5201,22.000868
21.785,22.0,21.785,8,21.87,2022-08-04T14:00:00Z,701,21.897857
21.73,21.81,21.73,5,21.77,2022-08-04T15:00:00Z,401,21.765
21.7,21.7,21.62,5,21.64,2022-08-04T16:00:00Z,500,21.656
21.51,21.62,21.51,3,21.62,2022-08-04T17:00:00Z,300,21.566667
21.605,21.65,21.605,8,21.63,2022-08-04T18:00:00Z,702,21.635714
21.455,21.59,21.415,42,21.57,2022-08-04T19:00:00Z,3650,21.536143
21.53,21.75,21.52,11,21.74,2022-08-05T13:00:00Z,1020,21.61336
21.48,21.505,21.365,9,21.505,2022-08-05T14:00:00Z,900,21.443333
21.67,21.92,21.56,13,21.56,2022-08-05T15:00:00Z,1365,21.745432
21.68,21.68,21.65,3,21.65,2022-08-05T16:00:00Z,385,21.657792
21.58,21.68,21.58,3,21.68,2022-08-05T17:00:00Z,299,21.63
21.58,21.62,21.58,5,21.58,2022-08-05T18:00:00Z,573,21.588475
21.49,21.49,21.34,23,21.405,2022-08-05T19:00:00Z,2532,21.446124
21.68,21.705,21.37,24,21.39,2022-08-08T13:00:00Z,3311,21.574923
21.78,21.89,21.73,11,21.81,2022-08-08T14:00:00Z,2500,21.824
21.67,21.94,21.67,16,21.73,2022-08-08T15:00:00Z,3976,21.853712
21.97,21.97,21.69,13,21.69,2022-08-08T16:00:00Z,2689,21.899319
22.02,22.02,21.92,16,21.98,2022-08-08T17:00:00Z,2500,21.964792
22.36,22.36,22.01,13,22.01,2022-08-08T18:00:00Z,1887,22.19564
22.11,22.37,22.11,31,22.21,2022-08-08T19:00:00Z,3568,22.224242
22.21,22.26,22.03,4,22.26,2022-08-09T13:00:00Z,400,22.1775
21.92,22.1,21.92,3,22.1,2022-08-09T14:00:00Z,300,21.996667
21.98,21.98,21.98,1,21.98,2022-08-09T15:00:00Z,100,21.98
21.98,21.98,21.98,1,21.98,2022-08-09T16:00:00Z,100,21.98
21.875,21.92,21.875,3,21.9,2022-08-09T18:00:00Z,300,21.898333
21.995,22.055,21.92,12,22.01,2022-08-09T19:00:00Z,1192,21.980455
21.64,21.68,21.53,9,21.58,2022-08-10T13:00:00Z,876,21.585
21.7,21.75,21.68,3,21.68,2022-08-10T14:00:00Z,300,21.71
21.78,21.79,21.65,10,21.68,2022-08-10T15:00:00Z,2100,21.764048
21.95,21.965,21.95,3,21.965,2022-08-10T16:00:00Z,300,21.96
21.75,21.88,21.75,3,21.88,2022-08-10T17:00:00Z,300,21.803333
21.665,21.72,21.66,12,21.665,2022-08-10T18:00:00Z,1300,21.672308
21.455,21.58,21.455,56,21.58,2022-08-10T19:00:00Z,5596,21.527308
21.39,21.415,21.39,4,21.395,2022-08-11T13:00:00Z,400,21.40375
21.21,21.24,21.21,3,21.22,2022-08-11T14:00:00Z,300,21.223333
21.23,21.31,21.2,5,21.2,2022-08-11T15:00:00Z,500,21.256
21.435,21.435,21.435,1,21.435,2022-08-11T17:00:00Z,100,21.435
21.565,21.57,21.495,6,21.495,2022-08-11T18:00:00Z,500,21.54875
21.66,21.835,21.635,37,21.64,2022-08-11T19:00:00Z,4579,21.737778
21.885,21.895,21.765,13,21.765,2022-08-12T14:00:00Z,4820,21.835768
21.8,21.885,21.8,2,21.885,2022-08-12T15:00:00Z,500,21.868
21.76,21.78,21.755,3,21.78,2022-08-12T16:00:00Z,300,21.765
21.93,21.93,21.92,4,21.92,2022-08-12T17:00:00Z,400,21.925
21.845,21.965,21.845,10,21.91,2022-08-12T18:00:00Z,1200,21.929167
22.025,22.03,21.76,48,21.78,2022-08-12T19:00:00Z,4230,21.88975
21.86,21.86,21.86,1,21.86,2022-08-15T13:00:00Z,100,21.86
21.405,21.77,21.25,15,21.77,2022-08-15T14:00:00Z,1334,21.506923
21.305,21.34,21.305,2,21.34,2022-08-15T15:00:00Z,200,21.3225
21.375,21.405,21.15,14,21.25,2022-08-15T16:00:00Z,1350,21.262692
21.335,21.335,21.33,2,21.33,2022-08-15T17:00:00Z,200,21.3325
21.41,21.41,21.375,2,21.375,2022-08-15T18:00:00Z,200,21.3925
21.46,21.46,21.35,29,21.4,2022-08-15T19:00:00Z,2542,21.390302
21.28,21.28,21.185,3,21.27,2022-08-16T13:00:00Z,300,21.245
21.31,21.38,21.31,2,21.38,2022-08-16T14:00:00Z,200,21.345
21.15,21.22,21.15,2,21.22,2022-08-16T15:00:00Z,200,21.185
21.305,21.305,21.19,4,21.19,2022-08-16T16:00:00Z,400,21.26375
21.2,21.21,21.2,2,21.21,2022-08-16T17:00:00Z,200,21.205
21.25,21.25,21.25,2,21.25,2022-08-16T18:00:00Z,159,21.25
21.345,21.345,21.18,9,21.19,2022-08-16T19:00:00Z,900,21.239444
21.37,21.54,21.355,16,21.54,2022-08-17T13:00:00Z,3730,21.410679
21.42,21.42,21.28,5,21.28,2022-08-17T14:00:00Z,472,21.3575
21.32,21.4,21.31,7,21.4,2022-08-17T15:00:00Z,607,21.343333
21.27,21.34,21.27,6,21.34,2022-08-17T16:00:00Z,592,21.322
21.27,21.27,21.27,1,21.27,2022-08-17T17:00:00Z,100,21.27
21.1,21.14,21.05,4,21.05,2022-08-17T18:00:00Z,400,21.1
21.14,21.25,21.1,16,21.1,2022-08-17T19:00:00Z,1504,21.169
21.155,21.2,21.15,17,21.2,2022-08-18T14:00:00Z,3300,21.163636
21.14,21.14,21.11,6,21.13,2022-08-18T17:00:00Z,600,21.1275
21.22,21.22,21.15,6,21.19,2022-08-18T18:00:00Z,600,21.19
21.115,21.24,21.1,21,21.15,2022-08-18T19:00:00Z,2123,21.157619
21.37,21.41,21.355,8,21.41,2022-08-19T13:00:00Z,800,21.371429
21.44,21.44,21.38,5,21.4,2022-08-19T14:00:00Z,500,21.41
21.33,21.445,21.32,129,21.435,2022-08-19T15:00:00Z,17567,21.359681
21.25,21.35,21.25,18,21.33,2022-08-19T16:00:00Z,11460,21.330419
21.315,21.355,21.235,10,21.235,2022-08-19T17:00:00Z,3600,21.328611
21.33,21.345,21.305,7,21.305,2022-08-19T18:00:00Z,12900,21.329147
21.25,21.35,21.17,29,21.35,2022-08-19T19:00:00Z,4144,21.269268
21.27,21.47,21.27,4,21.31,2022-08-22T13:00:00Z,400,21.34
21.315,21.33,21.15,39,21.33,2022-08-22T14:00:00Z,4518,21.19181
21.15,21.32,21.14,7,21.32,2022-08-22T15:00:00Z,700,21.173571
21.185,21.22,21.185,5,21.19,2022-08-22T16:00:00Z,1000,21.204
21.17,21.205,21.15,18,21.205,2022-08-22T17:00:00Z,5600,21.186697
21.195,21.21,21.13,57,21.185,2022-08-22T18:00:00Z,10087,21.179278
21.12,21.22,21.04,52,21.22,2022-08-22T19:00:00Z,4913,21.101702
20.885,21.04,20.88,5,21.04,2022-08-23T13:00:00Z,500,20.917
20.65,20.85,20.56,13,20.85,2022-08-23T14:00:00Z,3337,20.612048
20.645,20.645,20.57,5,20.63,2022-08-23T15:00:00Z,473,20.61375
20.65,20.69,20.62,4,20.62,2022-08-23T16:00:00Z,333,20.653333
20.57,20.57,20.56,3,20.56,2022-08-23T17:00:00Z,306,20.566667
20.57,20.57,20.49,6,20.57,2022-08-23T18:00:00Z,664,20.523355
20.12,20.52,20.075,65,20.51,2022-08-23T19:00:00Z,6824,20.162985
20.145,20.145,20.145,1,20.145,2022-08-24T13:00:00Z,100,20.145
19.97,19.97,19.815,11,19.815,2022-08-24T14:00:00Z,1200,19.905833
19.775,19.775,19.775,3,19.775,2022-08-24T15:00:00Z,1890,19.775
19.77,19.77,19.77,2,19.77,2022-08-24T16:00:00Z,200,19.77
19.8,19.8,19.8,1,19.8,2022-08-24T17:00:00Z,100,19.8
19.71,19.72,19.705,6,19.72,2022-08-24T18:00:00Z,600,19.715
19.75,19.76,19.6,62,19.705,2022-08-24T19:00:00Z,5862,19.683393
19.595,19.62,19.595,12,19.605,2022-08-25T13:00:00Z,1650,19.606515
19.215,19.51,19.215,30,19.51,2022-08-25T14:00:00Z,3811,19.292164
19.51,19.51,19.51,1,19.51,2022-08-25T15:00:00Z,100,19.51
19.565,19.565,19.565,1,19.565,2022-08-25T16:00:00Z,100,19.565
19.585,19.585,19.585,2,19.585,2022-08-25T17:00:00Z,137,19.585
19.64,19.65,19.56,24,19.63,2022-08-25T19:00:00Z,2121,19.601842
19.64,19.68,19.64,4,19.68,2022-08-26T13:00:00Z,400,19.655
20.08,20.84,19.56,58,19.81,2022-08-26T14:00:00Z,7573,20.22156
20.32,20.4,20.16,35,20.19,2022-08-26T15:00:00Z,3100,20.283889
20.57,20.79,20.355,29,20.355,2022-08-26T16:00:00Z,3672,20.522647
20.59,20.64,20.56,12,20.59,2022-08-26T17:00:00Z,1040,20.594
20.52,20.665,20.39,47,20.645,2022-08-26T18:00:00Z,4682,20.457556
20.18,20.57,20.06,93,20.48,2022-08-26T19:00:00Z,10409,20.336051
20.16,20.26,20.075,19,20.08,2022-08-29T13:00:00Z,2412,20.152558
19.8,20.205,19.77,92,20.205,2022-08-29T14:00:00Z,26337,19.880195
19.66,19.76,19.49,81,19.75,2022-08-29T15:00:00Z,11219,19.594633
19.7,19.7,19.6,48,19.61,2022-08-29T16:00:00Z,4949,19.636944
19.635,19.75,19.62,39,19.705,2022-08-29T17:00:00Z,4086,19.682609
19.885,19.885,19.655,42,19.68,2022-08-29T18:00:00Z,4369,19.789872
19.775,19.935,19.71,58,19.83,2022-08-29T19:00:00Z,5726,19.812781
19.78,19.92,19.78,4,19.875,2022-08-30T13:00:00Z,400,19.83875
19.88,19.98,19.82,10,19.95,2022-08-30T14:00:00Z,950,19.924375
19.42,19.83,19.42,9,19.81,2022-08-30T15:00:00Z,750,19.629167
19.55,19.55,19.55,10,19.55,2022-08-30T16:00:00Z,3073,19.55
19.48,19.52,19.47,18,19.5,2022-08-30T19:00:00Z,1953,19.485873
19.26,19.37,19.26,2,19.37,2022-08-31T13:00:00Z,200,19.315
19.29,19.29,19.11,8,19.13,2022-08-31T14:00:00Z,740,19.165714
19.33,19.33,19.33,1,19.33,2022-08-31T15:00:00Z,100,19.33
19.355,19.36,19.195,5,19.195,2022-08-31T17:00:00Z,394,19.303333
19.22,19.28,19.21,7,19.26,2022-08-31T18:00:00Z,650,19.25
19.17,19.17,19.08,28,19.12,2022-08-31T19:00:00Z,5123,19.112627
19.455,19.52,19.33,7,19.33,2022-09-01T13:00:00Z,3300,19.455909
19.75,19.75,19.495,46,19.495,2022-09-01T14:00:00Z,15931,19.648165
19.77,19.8,19.71,13,19.79,2022-09-01T15:00:00Z,3500,19.758857
19.805,19.81,19.735,14,19.8,2022-09-01T16:00:00Z,3000,19.774
19.68,19.8,19.68,12,19.8,2022-09-01T17:00:00Z,2600,19.733462
19.38,19.59,19.38,2,19.59,2022-09-01T18:00:00Z,200,19.485
19.42,19.46,19.26,20,19.34,2022-09-01T19:00:00Z,2189,19.32086
18.99,19.025,18.87,7,19.025,2022-09-02T14:00:00Z,1417,18.972857
19.19,19.19,18.76,21,18.77,2022-09-02T16:00:00Z,2040,18.8965
19.23,19.365,19.21,32,19.28,2022-09-02T17:00:00Z,3800,19.311842
19.27,19.27,19.18,4,19.19,2022-09-02T18:00:00Z,400,19.2075
19.09,19.315,19.09,13,19.11,2022-09-02T19:00:00Z,1266,19.1828
19.24,19.24,18.85,3,18.85,2022-09-06T13:00:00Z,400,18.955
19.32,19.53,19.32,11,19.475,2022-09-06T14:00:00Z,2195,19.400476
18.98,19.02,18.98,3,19.02,2022-09-06T15:00:00Z,1350,18.998704
19.21,19.21,19.02,3,19.02,2022-09-06T16:00:00Z,550,19.089091
19.42,19.425,19.37,12,19.37,2022-09-06T17:00:00Z,1040,19.4
19.47,19.47,19.465,2,19.465,2022-09-06T18:00:00Z,200,19.4675
19.225,19.23,19.18,4,19.22,2022-09-06T19:00:00Z,500,19.216
19.16,19.2,19.12,12,19.2,2022-09-07T13:00:00Z,1200,19.143333
18.96,19.14,18.92,8,19.14,2022-09-07T14:00:00Z,800,18.9875
18.86,18.86,18.86,1,18.86,2022-09-07T15:00:00Z,100,18.86
18.94,18.94,18.895,3,18.895,2022-09-07T16:00:00Z,300,18.925
18.6,18.6,18.58,3,18.6,2022-09-07T17:00:00Z,300,18.593333
18.54,18.54,18.465,2,18.465,2022-09-07T18:00:00Z,200,18.5025
18.39,18.56,18.39,5,18.56,2022-09-07T19:00:00Z,420,18.46
18.61,18.61,18.61,2,18.61,2022-09-08T13:00:00Z,200,18.61
18.44,18.565,18.415,10,18.565,2022-09-08T14:00:00Z,1000,18.499
18.35,18.43,18.35,4,18.39,2022-09-08T15:00:00Z,400,18.395
18.12,18.175,18.12,2,18.175,2022-09-08T17:00:00Z,200,18.1475
18.245,18.245,18.145,2,18.145,2022-09-08T18:00:00Z,200,18.195
18.3,18.59,18.195,52,18.195,2022-09-08T19:00:00Z,5004,18.430312
18.25,18.25,18.25,1,18.25,2022-09-08T20:00:00Z,100,18.25
18.075,18.2,18.075,4,18.2,2022-09-09T13:00:00Z,500,18.124
18.215,18.215,18.215,1,18.215,2022-09-09T14:00:00Z,100,18.215
18.37,18.39,18.37,2,18.39,2022-09-09T16:00:00Z,200,18.38
18.385,18.385,18.335,4,18.335,2022-09-09T17:00:00Z,400,18.3475
18.38,18.465,18.34,25,18.42,2022-09-09T18:00:00Z,2271,18.396905
18.4,18.41,18.34,17,18.36,2022-09-09T19:00:00Z,1628,18.381333
18.18,18.32,18.18,10,18.305,2022-09-12T13:00:00Z,832,18.245
18.22,18.22,18.12,7,18.2,2022-09-12T14:00:00Z,616,18.17
18.18,18.18,18.08,7,18.18,2022-09-12T15:00:00Z,700,18.125
18.16,18.22,18.12,12,18.12,2022-09-12T16:00:00Z,1012,18.175
18.16,18.215,18.16,6,18.215,2022-09-12T17:00:00Z,600,18.185833
18.26,18.26,18.16,9,18.16,2022-09-12T18:00:00Z,875,18.210625
18.14,18.16,18.045,33,18.155,2022-09-12T19:00:00Z,3080,18.127167
18.58,18.61,18.505,7,18.61,2022-09-13T13:00:00Z,700,18.556429
18.88,18.88,18.66,5,18.66,2022-09-13T14:00:00Z,428,18.8075
18.815,18.925,18.74,22,18.925,2022-09-13T15:00:00Z,2364,18.780952
18.77,18.795,18.665,8,18.795,2022-09-13T16:00:00Z,722,18.721429
18.65,18.65,18.65,1,18.65,2022-09-13T17:00:00Z,100,18.65
18.99,18.995,18.885,17,18.89,2022-09-13T18:00:00Z,1700,18.962059
19.05,19.355,18.955,115,18.965,2022-09-13T19:00:00Z,13659,19.134047
19.02,19.24,19.02,13,19.09,2022-09-14T13:00:00Z,1294,19.165833
18.975,19.33,18.96,21,19.06,2022-09-14T14:00:00Z,2650,19.046538
19.04,19.11,18.965,15,18.995,2022-09-14T15:00:00Z,1846,18.998984
19.06,19.14,19.055,9,19.14,2022-09-14T16:00:00Z,709,19.08
19.095,19.095,19.06,9,19.06,2022-09-14T17:00:00Z,850,19.064375
19.3,19.3,19.18,5,19.2,2022-09-14T18:00:00Z,500,19.237
19.15,19.36,19.08,43,19.28,2022-09-14T19:00:00Z,4300,19.148023
18.94,19.18,18.94,24,19.14,2022-09-15T13:00:00Z,2400,19.11625
19.24,19.24,18.855,13,18.925,2022-09-15T14:00:00Z,1500,19.014286
19.295,19.34,19.1,26,19.25,2022-09-15T15:00:00Z,3973,19.225658
19.21,19.34,19.18,23,19.18,2022-09-15T16:00:00Z,5327,19.222835
19.18,19.235,19.08,25,19.195,2022-09-15T17:00:00Z,3100,19.143871
19.24,19.32,19.2,11,19.27,2022-09-15T18:00:00Z,1344,19.242692
19.17,19.385,19.15,52,19.3,2022-09-15T19:00:00Z,8634,19.241174
19.885,19.885,19.71,19,19.71,2022-09-16T13:00:00Z,2850,19.790055
19.855,19.96,19.695,11,19.96,2022-09-16T14:00:00Z,1100,19.810909
19.8,19.91,19.8,26,19.86,2022-09-16T15:00:00Z,4200,19.858333
19.91,19.95,19.91,3,19.91,2022-09-16T16:00:00Z,300,19.923333
19.895,19.895,19.895,2,19.895,2022-09-16T17:00:00Z,215,19.895
19.97,19.97,19.97,1,19.97,2022-09-16T18:00:00Z,100,19.97
19.82,19.935,19.65,76,19.825,2022-09-16T19:00:00Z,7539,19.786233
19.7,19.7,19.7,1,19.7,2022-09-16T20:00:00Z,100,19.7
18.285,18.91,18.19,62,18.91,2022-09-19T13:00:00Z,8929,18.438118
18.355,18.415,18.11,136,18.33,2022-09-19T14:00:00Z,46110,18.307463
18.385,18.41,18.22,33,18.35,2022-09-19T15:00:00Z,12800,18.327734
18.5,18.54,18.29,81,18.35,2022-09-19T16:00:00Z,40284,18.36656
18.1,18.405,18.085,32,18.405,2022-09-19T17:00:00Z,4700,18.211383
18.05,18.15,18.045,29,18.095,2022-09-19T18:00:00Z,3400,18.087941
17.995,18.01,17.855,95,18.005,2022-09-19T19:00:00Z,13268,17.925429
18.39,18.39,18.21,14,18.21,2022-09-20T13:00:00Z,1400,18.314286
18.2,18.36,18.185,32,18.29,2022-09-20T14:00:00Z,3010,18.264333
18.12,18.28,18.12,22,18.23,2022-09-20T15:00:00Z,2180,18.241429
18.315,18.33,18.15,24,18.15,2022-09-20T16:00:00Z,2327,18.255
18.555,18.555,18.335,33,18.335,2022-09-20T17:00:00Z,3200,18.434194
18.42,18.55,18.35,66,18.5,2022-09-20T19:00:00Z,6469,18.430476
18.19,18.22,18.16,14,18.16,2022-09-21T13:00:00Z,1400,18.183928
18.08,18.245,18.08,18,18.235,2022-09-21T14:00:00Z,2656,18.175192
18.07,18.19,18.025,6,18.12,2022-09-21T15:00:00Z,600,18.095833
18.16,18.185,18.06,10,18.08,2022-09-21T16:00:00Z,996,18.108333
18.05,18.21,18.01,26,18.16,2022-09-21T17:00:00Z,2688,18.135426
18.025,18.54,17.92,53,18.06,2022-09-21T18:00:00Z,5385,18.297885
18.89,18.89,17.995,42,18.005,2022-09-21T19:00:00Z,4294,18.458691
19.155,19.155,18.775,22,18.775,2022-09-22T13:00:00Z,2589,19.0432
19.08,19.19,18.94,11,19.19,2022-09-22T14:00:00Z,1900,19.046052
18.95,19.105,18.95,5,19.105,2022-09-22T15:00:00Z,500,19.042
19.03,19.03,18.9,3,18.9,2022-09-22T16:00:00Z,300,18.955
18.83,19.0,18.83,4,19.0,2022-09-22T17:00:00Z,400,18.94
18.86,19.04,18.855,19,18.955,2022-09-22T18:00:00Z,1560,18.943077
18.675,18.84,18.57,52,18.84,2022-09-22T19:00:00Z,4762,18.722102
19.54,19.575,19.29,21,19.29,2022-09-23T13:00:00Z,2100,19.402619
19.66,19.66,19.485,5,19.61,2022-09-23T14:00:00Z,500,19.61
19.695,19.76,19.61,3,19.61,2022-09-23T15:00:00Z,300,19.688333
19.975,20.205,19.975,17,20.0,2022-09-23T16:00:00Z,1596,20.109137
20.18,20.18,20.145,2,20.145,2022-09-23T17:00:00Z,200,20.1625
20.8,20.805,20.615,31,20.615,2022-09-23T18:00:00Z,6029,20.732328
19.945,20.24,19.78,74,20.24,2022-09-23T19:00:00Z,4710,19.998104
20.025,20.29,20.025,6,20.29,2022-09-26T13:00:00Z,8295,20.061287
19.98,19.98,19.71,8,19.71,2022-09-26T14:00:00Z,900,19.910555
20.205,20.295,20.055,15,20.055,2022-09-26T15:00:00Z,10311,20.165049
20.265,20.575,20.19,25,20.2,2022-09-26T16:00:00Z,15057,20.393233
20.735,20.735,20.27,29,20.27,2022-09-26T17:00:00Z,17280,20.607122
20.54,20.73,20.48,10,20.73,2022-09-26T18:00:00Z,1400,20.576786
20.63,20.63,20.18,40,20.275,2022-09-26T19:00:00Z,3849,20.348649
20.235,20.685,20.165,94,20.44,2022-09-27T14:00:00Z,28643,20.343433
20.54,20.54,20.14,7,20.175,2022-09-27T15:00:00Z,7200,20.206944
21.015,21.025,21.015,8,21.02,2022-09-27T16:00:00Z,800,21.016875
21.425,21.425,21.215,2,21.215,2022-09-27T17:00:00Z,200,21.32
20.98,20.98,20.98,1,20.98,2022-09-27T18:00:00Z,100,20.98
20.79,21.1,20.79,3,21.1,2022-09-27T19:00:00Z,300,20.996667
20.91,20.91,20.91,1,20.91,2022-09-28T13:00:00Z,100,20.91
20.465,21.065,20.465,97,20.775,2022-09-28T14:00:00Z,9900,20.85202
20.05,20.19,20.05,3,20.19,2022-09-28T17:00:00Z,300,20.115
20.075,20.085,20.04,4,20.085,2022-09-28T18:00:00Z,400,20.065
20.03,20.03,19.84,12,19.935,2022-09-28T19:00:00Z,1103,19.915909
20.985,21.165,20.725,10,20.725,2022-09-29T13:00:00Z,1183,21.005122
21.22,21.39,21.055,59,21.065,2022-09-29T14:00:00Z,7844,21.186824
20.86,21.23,20.86,17,21.06,2022-09-29T15:00:00Z,3100,21.104839
21.01,21.04,20.79,15,20.88,2022-09-29T16:00:00Z,2200,20.940909
21.41,21.41,21.065,30,21.08,2022-09-29T17:00:00Z,5000,21.2004
21.27,21.445,21.17,26,21.44,2022-09-29T18:00:00Z,5100,21.350294
20.67,21.27,20.64,28,21.27,2022-09-29T19:00:00Z,4705,20.839362
20.45,20.88,20.45,14,20.67,2022-09-30T13:00:00Z,3829,20.646691
20.265,20.69,20.24,35,20.61,2022-09-30T14:00:00Z,5852,20.381466
20.33,20.41,20.05,18,20.07,2022-09-30T15:00:00Z,2700,20.186667
20.17,20.37,20.17,8,20.37,2022-09-30T16:00:00Z,1400,20.267143
20.62,20.63,20.285,10,20.39,2022-09-30T17:00:00Z,1600,20.521875
21.0,21.01,20.555,18,20.66,2022-09-30T18:00:00Z,3024,20.795167
21.11,21.11,20.73,51,20.85,2022-09-30T19:00:00Z,7711,20.996739
21.01,21.01,21.01,2,21.01,2022-09-30T20:00:00Z,500,21.01
20.4,20.6,20.33,16,20.46,2022-10-03T13:00:00Z,3100,20.456129
19.89,20.3,19.88,89,20.295,2022-10-03T14:00:00Z,11117,19.976616
20.05,20.06,19.84,8,19.95,2022-10-03T15:00:00Z,1600,20.017188
20.02,20.07,19.95,17,19.96,2022-10-03T16:00:00Z,2576,20.0138
19.85,19.99,19.81,23,19.95,2022-10-03T17:00:00Z,3093,19.893571
19.89,19.96,19.77,33,19.84,2022-10-03T18:00:00Z,3883,19.857162
20.115,20.175,19.835,32,19.88,2022-10-03T19:00:00Z,3334,20.011622
19.32,19.32,19.25,5,19.3,2022-10-04T13:00:00Z,1410,19.300851
19.42,19.435,19.195,183,19.34,2022-10-04T14:00:00Z,37848,19.279755
19.495,19.505,19.41,24,19.48,2022-10-04T15:00:00Z,3600,19.463056
19.55,19.55,19.36,4,19.465,2022-10-04T16:00:00Z,800,19.453125
19.46,19.64,19.46,20,19.56,2022-10-04T17:00:00Z,3203,19.547097
19.38,19.51,19.38,17,19.44,2022-10-04T18:00:00Z,1663,19.444667
19.39,19.52,19.39,24,19.49,2022-10-04T19:00:00Z,4146,19.467631
19.84,19.86,19.66,8,19.69,2022-10-05T13:00:00Z,1823,19.782584
20.08,20.13,19.86,18,19.86,2022-10-05T14:00:00Z,4536,20.040274
19.95,20.08,19.91,7,20.08,2022-10-05T15:00:00Z,1700,19.974118
19.65,19.9,19.65,10,19.9,2022-10-05T16:00:00Z,2400,19.7725
19.56,19.59,19.54,5,19.59,2022-10-05T17:00:00Z,1300,19.569231
19.63,19.655,19.57,6,19.57,2022-10-05T18:00:00Z,1080,19.5965
19.53,19.61,19.46,10,19.54,2022-10-05T19:00:00Z,1720,19.546471
19.47,19.47,19.27,5,19.27,2022-10-06T13:00:00Z,1200,19.345833
19.74,19.74,19.48,5,19.48,2022-10-06T14:00:00Z,1500,19.626
19.51,19.54,19.44,4,19.44,2022-10-06T15:00:00Z,1200,19.4825
19.55,19.62,19.55,2,19.62,2022-10-06T16:00:00Z,600,19.585
19.55,19.55,19.55,1,19.55,2022-10-06T17:00:00Z,300,19.55
19.94,19.94,19.66,5,19.66,2022-10-06T18:00:00Z,1300,19.776154
20.09,20.18,19.98,9,20.03,2022-10-06T19:00:00Z,1900,20.062632
20.68,20.68,20.36,14,20.36,2022-10-07T13:00:00Z,3825,20.485229
20.64,20.86,20.64,26,20.69,2022-10-07T14:00:00Z,7105,20.727721
20.66,20.8,20.66,5,20.68,2022-10-07T15:00:00Z,1500,20.71
20.96,20.96,20.67,3,20.67,2022-10-07T16:00:00Z,700,20.867143
20.79,20.92,20.77,5,20.92,2022-10-07T17:00:00Z,926,20.824444
20.84,20.95,20.78,23,20.79,2022-10-07T18:00:00Z,3400,20.856719
20.91,21.08,20.82,39,21.0,2022-10-07T19:00:00Z,5700,20.9077
21.16,21.23,21.09,10,21.09,2022-10-10T13:00:00Z,3000,21.168
21.58,21.61,21.11,16,21.11,2022-10-10T14:00:00Z,4100,21.308049
21.68,21.74,21.62,15,21.62,2022-10-10T15:00:00Z,2400,21.674583
21.91,21.91,21.69,8,21.69,2022-10-10T16:00:00Z,800,21.765
21.29,21.92,21.29,16,21.89,2022-10-10T17:00:00Z,1500,21.674286
21.29,21.35,21.21,6,21.32,2022-10-10T18:00:00Z,591,21.298
21.27,21.27,21.1,12,21.25,2022-10-10T19:00:00Z,1110,21.206364
21.7,21.7,21.59,10,21.63,2022-10-11T13:00:00Z,2148,21.643869
21.41,21.8,21.41,10,21.77,2022-10-11T14:00:00Z,1762,21.662968
21.12,21.22,21.08,7,21.22,2022-10-11T15:00:00Z,900,21.148889
21.19,21.23,21.15,8,21.23,2022-10-11T16:00:00Z,1400,21.185
21.37,21.37,21.18,7,21.18,2022-10-11T17:00:00Z,900,21.265556
21.82,21.82,21.365,19,21.365,2022-10-11T18:00:00Z,4170,21.567386
21.75,22.0,21.6,52,21.88,2022-10-11T19:00:00Z,7073,21.820937
21.49,21.76,21.49,19,21.74,2022-10-12T13:00:00Z,3400,21.675294
21.62,21.835,21.5,501,21.545,2022-10-12T14:00:00Z,59022,21.669735
21.42,21.55,21.39,10,21.55,2022-10-12T15:00:00Z,1494,21.489286
21.53,21.65,21.37,13,21.37,2022-10-12T16:00:00Z,1610,21.494375
21.59,21.59,21.51,6,21.51,2022-10-12T17:00:00Z,702,21.571429
21.52,21.65,21.43,21,21.58,2022-10-12T18:00:00Z,3300,21.525152
21.52,21.52,21.39,15,21.5,2022-10-12T19:00:00Z,1700,21.464706
21.67,21.8,21.59,12,21.8,2022-10-13T13:00:00Z,2374,21.679722
21.48,21.8,21.43,606,21.675,2022-10-13T14:00:00Z,72697,21.6208
20.94,21.4,20.79,124,21.4,2022-10-13T15:00:00Z,16100,21.019119
20.85,20.91,20.8,9,20.85,2022-10-13T16:00:00Z,1275,20.831667
20.94,20.94,20.79,20,20.79,2022-10-13T17:00:00Z,3124,20.839355
21.085,21.15,20.87,23,20.88,2022-10-13T18:00:00Z,4086,21.012521
20.95,21.12,20.9,56,21.07,2022-10-13T19:00:00Z,7333,21.014568
20.62,20.71,20.47,24,20.56,2022-10-14T13:00:00Z,3395,20.576667
21.35,21.53,20.76,709,20.76,2022-10-14T14:00:00Z,87661,21.184357
21.52,21.52,21.24,29,21.315,2022-10-14T15:00:00Z,4140,21.379634
21.61,21.7,21.43,15,21.57,2022-10-14T16:00:00Z,2401,21.5425
21.64,21.66,21.54,7,21.54,2022-10-14T17:00:00Z,1100,21.632727
21.78,21.78,21.49,11,21.49,2022-10-14T18:00:00Z,895,21.696667
21.4,21.755,21.39,83,21.63,2022-10-14T19:00:00Z,10836,21.532291
20.74,20.74,20.61,11,20.68,2022-10-17T13:00:00Z,2200,20.665455
20.59,20.73,20.42,256,20.71,2022-10-17T14:00:00Z,38514,20.54107
20.43,20.53,20.43,3,20.53,2022-10-17T15:00:00Z,500,20.5
20.54,20.55,20.47,9,20.51,2022-10-17T16:00:00Z,1500,20.513333
20.48,20.56,20.48,7,20.56,2022-10-17T17:00:00Z,1300,20.501154
20.71,20.71,20.57,4,20.57,2022-10-17T18:00:00Z,600,20.666667
20.9,20.9,20.73,42,20.73,2022-10-17T19:00:00Z,3707,20.806857
20.6,20.65,20.35,18,20.4,2022-10-18T13:00:00Z,4200,20.548095
20.49,20.535,20.34,229,20.505,2022-10-18T14:00:00Z,33662,20.449885
20.93,20.93,20.66,9,20.67,2022-10-18T15:00:00Z,2090,20.774
20.69,20.81,20.69,3,20.81,2022-10-18T16:00:00Z,900,20.756667
20.52,20.55,20.51,3,20.55,2022-10-18T17:00:00Z,700,20.528571
20.695,20.775,20.48,10,20.51,2022-10-18T18:00:00Z,1560,20.586333
20.43,20.735,20.43,18,20.735,2022-10-18T19:00:00Z,3092,20.548113
20.7,20.7,20.48,12,20.49,2022-10-19T13:00:00Z,2405,20.572412
20.47,20.695,20.305,333,20.695,2022-10-19T14:00:00Z,59593,20.41104
20.55,20.55,20.44,4,20.47,2022-10-19T15:00:00Z,600,20.483333
20.71,20.71,20.54,7,20.54,2022-10-19T16:00:00Z,900,20.620556
20.83,20.9,20.78,10,20.78,2022-10-19T17:00:00Z,1800,20.836667
20.76,20.82,20.715,13,20.82,2022-10-19T18:00:00Z,1200,20.7405
20.61,20.76,20.61,21,20.76,2022-10-19T19:00:00Z,2961,20.643393
20.29,20.48,20.29,8,20.43,2022-10-20T13:00:00Z,1610,20.383653
20.1,20.21,20.03,18,20.21,2022-10-20T14:00:00Z,3400,20.110735
19.98,20.12,19.96,30,20.12,2022-10-20T15:00:00Z,4300,20.034941
20.22,20.22,20.05,11,20.05,2022-10-20T16:00:00Z,1500,20.127
20.52,20.52,20.14,10,20.14,2022-10-20T17:00:00Z,1600,20.345312
20.63,20.63,20.505,20,20.52,2022-10-20T18:00:00Z,2720,20.556111
20.295,20.45,20.25,22,20.37,2022-10-20T19:00:00Z,3000,20.308167
19.92,20.24,19.92,19,20.24,2022-10-21T13:00:00Z,2980,20.060862
20.19,20.22,19.86,24,19.89,2022-10-21T14:00:00Z,3147,20.013548
20.0,20.26,19.93,32,20.215,2022-10-21T15:00:00Z,3600,20.061528
19.99,19.995,19.95,12,19.95,2022-10-21T16:00:00Z,1502,19.977
20.04,20.12,20.04,14,20.05,2022-10-21T17:00:00Z,2340,20.07913
20.12,20.16,20.055,13,20.055,2022-10-21T18:00:00Z,1700,20.100294
20.27,20.31,20.16,48,20.17,2022-10-21T19:00:00Z,5783,20.225382
20.25,20.27,20.16,22,20.16,2022-10-24T13:00:00Z,4088,20.233
20.3,20.55,20.28,25,20.37,2022-10-24T14:00:00Z,5400,20.422963
20.305,20.305,20.24,24,20.28,2022-10-24T15:00:00Z,4400,20.266932
20.35,20.38,20.35,2,20.38,2022-10-24T16:00:00Z,400,20.3575
20.18,20.18,20.18,3,20.18,2022-10-24T17:00:00Z,159,20.18
20.12,20.13,20.12,10,20.12,2022-10-24T18:00:00Z,1601,20.125
19.91,20.14,19.91,25,20.11,2022-10-24T19:00:00Z,3199,20.049839
19.92,19.99,19.92,4,19.98,2022-10-25T13:00:00Z,800,19.95125
19.65,19.83,19.65,17,19.83,2022-10-25T14:00:00Z,2900,19.716207
19.45,19.62,19.45,14,19.615,2022-10-25T15:00:00Z,2622,19.5374
19.44,19.45,19.39,12,19.45,2022-10-25T16:00:00Z,2440,19.420208
19.27,19.42,19.27,30,19.4,2022-10-25T17:00:00Z,3858,19.355607
19.26,19.26,19.2,16,19.23,2022-10-25T18:00:00Z,3000,19.236667
19.18,19.28,19.13,30,19.245,2022-10-25T19:00:00Z,3559,19.207813
19.06,19.33,19.0,15,19.33,2022-10-26T13:00:00Z,2600,19.113846
18.89,19.08,18.85,35,19.08,2022-10-26T14:00:00Z,5404,18.972963
18.74,18.88,18.68,33,18.87,2022-10-26T15:00:00Z,4781,18.752269
18.77,18.77,18.645,30,18.715,2022-10-26T16:00:00Z,3900,18.703077
18.855,18.98,18.78,52,18.78,2022-10-26T17:00:00Z,6290,18.888366
18.87,18.88,18.79,22,18.87,2022-10-26T18:00:00Z,2600,18.838
18.705,18.99,18.705,53,18.9,2022-10-26T19:00:00Z,5753,18.827633
18.715,18.72,18.42,13,18.49,2022-10-27T13:00:00Z,2200,18.61
18.37,18.63,18.355,17,18.63,2022-10-27T14:00:00Z,2400,18.452917
18.42,18.43,18.28,19,18.43,2022-10-27T15:00:00Z,3767,18.356389
18.41,18.49,18.35,9,18.43,2022-10-27T16:00:00Z,1500,18.392673
18.34,18.4,18.325,7,18.325,2022-10-27T17:00:00Z,1200,18.352917
18.5,18.5,18.36,6,18.36,2022-10-27T18:00:00Z,1511,18.431171
18.37,18.54,18.37,8,18.49,2022-10-27T19:00:00Z,1400,18.471786
18.16,18.36,18.11,40,18.36,2022-10-28T13:00:00Z,7189,18.178239
18.04,18.19,18.0,42,18.16,2022-10-28T14:00:00Z,6517,18.077035
17.97,18.06,17.94,18,18.06,2022-10-28T15:00:00Z,3600,17.994028
17.92,17.965,17.88,30,17.935,2022-10-28T16:00:00Z,5700,17.914386
17.89,17.89,17.82,75,17.89,2022-10-28T17:00:00Z,10889,17.857238
17.83,17.89,17.81,13,17.89,2022-10-28T18:00:00Z,3100,17.843226
17.94,17.97,17.795,42,17.83,2022-10-28T19:00:00Z,6459,17.861168
17.94,17.98,17.93,11,17.98,2022-10-31T13:00:00Z,3800,17.949211
17.9,17.97,17.9,13,17.9,2022-10-31T14:00:00Z,3100,17.928065
17.905,17.905,17.81,8,17.86,2022-10-31T15:00:00Z,894,17.832371
17.83,17.91,17.77,12,17.91,2022-10-31T16:00:00Z,2629,17.826923
17.75,17.83,17.73,9,17.81,2022-10-31T17:00:00Z,2400,17.76875
17.665,17.75,17.665,7,17.73,2022-10-31T18:00:00Z,1200,17.720417
17.64,17.675,17.64,19,17.66,2022-10-31T19:00:00Z,2888,17.65978
17.6,17.6,17.45,20,17.48,2022-11-01T13:00:00Z,3486,17.498746
17.74,17.74,17.52,19,17.6,2022-11-01T14:00:00Z,3693,17.636104
17.675,17.715,17.66,8,17.715,2022-11-01T15:00:00Z,1100,17.702727
17.56,17.62,17.56,9,17.57,2022-11-01T16:00:00Z,1500,17.579333
17.505,17.57,17.505,33,17.56,2022-11-01T17:00:00Z,4850,17.537784
17.53,17.55,17.505,38,17.505,2022-11-01T18:00:00Z,6163,17.517787
17.45,17.57,17.44,101,17.49,2022-11-01T19:00:00Z,14812,17.518682
17.62,17.64,17.58,14,17.58,2022-11-02T13:00:00Z,2596,17.616718
17.625,17.67,17.61,22,17.67,2022-11-02T14:00:00Z,2681,17.635
17.695,17.725,17.625,18,17.625,2022-11-02T15:00:00Z,2060,17.675256
17.66,17.81,17.66,8,17.81,2022-11-02T16:00:00Z,1800,17.772222
17.62,17.67,17.62,2,17.67,2022-11-02T17:00:00Z,500,17.63
17.74,17.87,17.37,58,17.73,2022-11-02T18:00:00Z,10495,17.6356
17.97,18.01,17.61,115,17.73,2022-11-02T19:00:00Z,23481,17.899826
17.93,17.93,17.93,1,17.93,2022-11-02T20:00:00Z,100,17.93
18.31,18.31,18.1,36,18.16,2022-11-03T13:00:00Z,3279,18.167167
17.87,18.31,17.87,92,18.27,2022-11-03T14:00:00Z,7116,18.110836
17.85,17.965,17.83,53,17.885,2022-11-03T15:00:00Z,8280,17.871609
17.55,17.88,17.55,47,17.88,2022-11-03T16:00:00Z,6004,17.723149
17.56,17.58,17.53,15,17.57,2022-11-03T17:00:00Z,2500,17.5568
17.57,17.6,17.55,13,17.55,2022-11-03T18:00:00Z,2930,17.580345
17.52,17.59,17.425,50,17.59,2022-11-03T19:00:00Z,7804,17.483631
17.245,17.245,17.13,28,17.17,2022-11-04T13:00:00Z,5446,17.186668
16.92,17.115,16.84,133,17.115,2022-11-04T14:00:00Z,20642,16.90466
17.49,17.53,16.89,242,16.89,2022-11-04T15:00:00Z,41800,17.225497
17.64,17.665,17.48,120,17.525,2022-11-04T16:00:00Z,20302,17.579808
17.62,17.68,17.545,106,17.62,2022-11-04T17:00:00Z,13914,17.598508
17.475,17.705,17.475,51,17.635,2022-11-04T18:00:00Z,5598,17.650522
17.36,17.46,17.36,116,17.455,2022-11-04T19:00:00Z,18934,17.402611
17.39,17.39,17.36,3,17.36,2022-11-04T20:00:00Z,500,17.378
17.375,17.375,17.2,90,17.24,2022-11-07T14:00:00Z,16029,17.30311
17.3,17.385,17.245,68,17.335,2022-11-07T15:00:00Z,10108,17.292857
17.24,17.265,17.14,45,17.265,2022-11-07T16:00:00Z,3939,17.200643
17.085,17.155,17.075,12,17.155,2022-11-07T17:00:00Z,1490,17.108104
17.005,17.055,17.005,20,17.045,2022-11-07T18:00:00Z,3786,17.019555
17.015,17.015,17.005,12,17.005,2022-11-07T19:00:00Z,1110,17.005909
17.15,17.165,17.035,32,17.035,2022-11-07T20:00:00Z,5481,17.107749
17.1,17.1,17.0,32,17.0,2022-11-08T14:00:00Z,7061,17.05873
17.055,17.1,16.99,65,17.1,2022-11-08T15:00:00Z,17145,17.069744
17.12,17.15,17.025,115,17.04,2022-11-08T16:00:00Z,19752,17.066881
17.22,17.22,17.11,72,17.115,2022-11-08T17:00:00Z,10471,17.172075
17.55,17.55,17.2,98,17.21,2022-11-08T18:00:00Z,16373,17.332677
17.535,17.77,17.45,192,17.54,2022-11-08T19:00:00Z,34511,17.577371
17.66,17.66,17.41,186,17.53,2022-11-08T20:00:00Z,30313,17.530977
17.825,17.84,17.675,118,17.75,2022-11-09T14:00:00Z,18994,17.738344
18.14,18.15,17.695,304,17.82,2022-11-09T15:00:00Z,47248,17.789905
17.84,18.1,17.81,103,18.08,2022-11-09T16:00:00Z,14135,17.967481
18.0,18.02,17.935,19,18.0,2022-11-09T17:00:00Z,3114,17.972132
18.24,18.27,17.96,163,17.98,2022-11-09T18:00:00Z,28736,18.241034
18.3,18.3,18.17,75,18.23,2022-11-09T19:00:00Z,11703,18.207625
18.19,18.31,18.09,183,18.23,2022-11-09T20:00:00Z,31624,18.186883
17.12,17.24,17.11,135,17.12,2022-11-10T14:00:00Z,23461,17.15236
16.905,17.315,16.905,125,17.125,2022-11-10T15:00:00Z,21634,17.12389
16.895,16.905,16.805,67,16.9,2022-11-10T16:00:00Z,10061,16.851544
17.2,17.21,16.91,195,16.915,2022-11-10T17:00:00Z,27090,17.055228
17.125,17.225,17.07,89,17.21,2022-11-10T18:00:00Z,13628,17.124259
17.085,17.13,17.045,64,17.125,2022-11-10T19:00:00Z,11238,17.08517
17.21,17.21,17.01,234,17.11,2022-11-10T20:00:00Z,38113,17.091762
17.28,17.465,17.28,65,17.36,2022-11-11T14:00:00Z,9140,17.397527
17.105,17.25,17.1,194,17.25,2022-11-11T15:00:00Z,27529,17.140628
17.03,17.11,16.98,172,17.08,2022-11-11T16:00:00Z,21080,17.062782
17.0,17.095,16.985,130,17.07,2022-11-11T17:00:00Z,17254,17.024116
17.02,17.04,16.96,132,17.0,2022-11-11T18:00:00Z,18621,16.984648
17.02,17.08,17.0,42,17.06,2022-11-11T19:00:00Z,4549,17.054667
16.99,17.15,16.98,262,17.07,2022-11-11T20:00:00Z,38237,17.065138
16.79,17.0,16.79,89,16.995,2022-11-14T14:00:00Z,12387,16.850246
16.56,16.8,16.545,208,16.8,2022-11-14T15:00:00Z,23456,16.679104
16.64,16.66,16.57,216,16.58,2022-11-14T16:00:00Z,25266,16.599957
16.56,16.65,16.53,106,16.65,2022-11-14T17:00:00Z,9196,16.588304
16.56,16.595,16.54,68,16.57,2022-11-14T18:00:00Z,9233,16.557347
16.72,16.75,16.57,84,16.57,2022-11-14T19:00:00Z,7926,16.655165
16.95,17.0,16.71,264,16.71,2022-11-14T20:00:00Z,33944,16.922766
16.66,16.735,16.64,32,16.685,2022-11-15T14:00:00Z,3278,16.685806
16.71,16.755,16.64,42,16.66,2022-11-15T15:00:00Z,5002,16.695851
16.65,16.78,16.65,61,16.73,2022-11-15T16:00:00Z,4895,16.71101
16.78,16.78,16.65,66,16.65,2022-11-15T17:00:00Z,5454,16.746636
17.41,17.61,16.76,326,16.77,2022-11-15T18:00:00Z,41233,17.319252
16.99,17.66,16.98,430,17.52,2022-11-15T19:00:00Z,55272,17.291443
17.19,17.23,16.91,397,16.965,2022-11-15T20:00:00Z,51822,17.063618
17.01,17.04,16.9,44,17.0,2022-11-16T14:00:00Z,6396,16.99244
17.02,17.025,16.91,104,16.985,2022-11-16T15:00:00Z,13872,16.970823
16.865,17.01,16.845,164,17.01,2022-11-16T16:00:00Z,24506,16.909272
16.89,16.95,16.815,101,16.875,2022-11-16T17:00:00Z,13204,16.881701
16.9,16.95,16.88,16,16.91,2022-11-16T18:00:00Z,2000,16.908208
16.83,16.9,16.83,71,16.86,2022-11-16T19:00:00Z,10038,16.854936
16.74,16.89,16.705,147,16.815,2022-11-16T20:00:00Z,21194,16.799595
16.945,17.04,16.885,61,17.04,2022-11-17T14:00:00Z,7530,16.95249
16.86,16.97,16.72,176,16.94,2022-11-17T15:00:00Z,20078,16.88024
16.75,16.9,16.75,123,16.84,2022-11-17T16:00:00Z,14444,16.82552
16.65,16.755,16.62,122,16.75,2022-11-17T17:00:00Z,14625,16.689155
16.63,16.68,16.6,90,16.66,2022-11-17T18:00:00Z,11427,16.642286
16.61,16.7,16.6,99,16.64,2022-11-17T19:00:00Z,12472,16.64403
16.57,16.78,16.55,222,16.615,2022-11-17T20:00:00Z,29959,16.634582
16.62,16.655,16.41,68,16.41,2022-11-18T14:00:00Z,11229,16.556424
16.69,16.745,16.62,212,16.62,2022-11-18T15:00:00Z,29630,16.686613
16.605,16.71,16.545,189,16.665,2022-11-18T16:00:00Z,24163,16.621333
16.615,16.68,16.56,134,16.595,2022-11-18T17:00:00Z,18534,16.615265
16.52,16.62,16.5,126,16.62,2022-11-18T18:00:00Z,15664,16.547302
16.505,16.525,16.45,128,16.52,2022-11-18T19:00:00Z,22401,16.487917
16.4,16.48,16.39,316,16.465,2022-11-18T20:00:00Z,51079,16.430535
16.235,16.46,16.23,66,16.4,2022-11-21T14:00:00Z,10413,16.264208
16.235,16.285,16.175,106,16.2,2022-11-21T15:00:00Z,15623,16.22119
16.22,16.22,16.115,99,16.21,2022-11-21T16:00:00Z,16972,16.194039
16.14,16.185,16.11,51,16.12,2022-11-21T17:00:00Z,7515,16.137445
16.115,16.145,16.1,65,16.11,2022-11-21T18:00:00Z,8368,16.11221
16.075,16.115,16.07,70,16.105,2022-11-21T19:00:00Z,7855,16.085064
15.96,16.08,15.94,114,16.07,2022-11-21T20:00:00Z,17694,16.002063
15.76,15.83,15.72,91,15.8,2022-11-22T14:00:00Z,15500,15.780141
15.595,15.75,15.57,176,15.75,2022-11-22T15:00:00Z,22745,15.642471
15.575,15.615,15.57,74,15.61,2022-11-22T16:00:00Z,7548,15.59493
15.61,15.645,15.595,70,15.595,2022-11-22T17:00:00Z,20798,15.62059
15.575,15.61,15.57,47,15.6,2022-11-22T18:00:00Z,5917,15.58307
15.52,15.59,15.52,35,15.59,2022-11-22T19:00:00Z,2979,15.549074
15.4,15.525,15.395,80,15.525,2022-11-22T20:00:00Z,12405,15.454531
15.38,15.4,15.33,32,15.4,2022-11-23T14:00:00Z,4671,15.368977
15.35,15.35,15.29,41,15.32,2022-11-23T15:00:00Z,4728,15.315379
15.505,15.515,15.29,213,15.34,2022-11-23T16:00:00Z,40895,15.437994
15.475,15.51,15.38,140,15.49,2022-11-23T17:00:00Z,26885,15.472293
15.38,15.47,15.375,95,15.47,2022-11-23T18:00:00Z,16504,15.414377
15.21,15.345,15.07,116,15.345,2022-11-23T19:00:00Z,18160,15.143752
15.08,15.255,15.08,343,15.24,2022-11-23T20:00:00Z,52709,15.166172
15.175,15.24,15.16,8,15.24,2022-11-25T14:00:00Z,800,15.194375
15.195,15.195,15.08,49,15.165,2022-11-25T15:00:00Z,6827,15.162566
15.23,15.265,15.18,57,15.18,2022-11-25T16:00:00Z,8622,15.231814
15.14,15.2,15.14,118,15.195,2022-11-25T17:00:00Z,20690,15.181345
15.445,15.455,15.29,180,15.36,2022-11-28T14:00:00Z,22092,15.387875
15.545,15.565,15.46,183,15.46,2022-11-28T15:00:00Z,20597,15.504514
15.605,15.65,15.51,103,15.55,2022-11-28T16:00:00Z,9992,15.575929
15.67,15.71,15.56,118,15.6,2022-11-28T17:00:00Z,17630,15.629054
15.75,15.76,15.62,183,15.68,2022-11-28T18:00:00Z,25325,15.661815
15.77,15.8,15.74,186,15.76,2022-11-28T19:00:00Z,27711,15.772419
15.7,15.85,15.7,236,15.75,2022-11-28T20:00:00Z,29722,15.794459
15.71,15.73,15.69,73,15.72,2022-11-29T14:00:00Z,11224,15.711031
15.425,15.695,15.425,253,15.665,2022-11-29T15:00:00Z,35365,15.549237
15.66,15.81,15.445,157,15.445,2022-11-29T16:00:00Z,24254,15.647782
15.57,15.7,15.56,47,15.66,2022-11-29T17:00:00Z,7834,15.648133
15.61,15.67,15.555,30,15.59,2022-11-29T18:00:00Z,3904,15.588311
15.615,15.64,15.56,46,15.57,2022-11-29T19:00:00Z,8710,15.615094
15.44,15.6,15.42,173,15.57,2022-11-29T20:00:00Z,30682,15.463203
15.535,15.54,15.44,31,15.44,2022-11-30T14:00:00Z,3547,15.518913
15.595,15.615,15.495,144,15.575,2022-11-30T15:00:00Z,18905,15.550033
15.615,15.615,15.51,84,15.605,2022-11-30T16:00:00Z,14387,15.550406
15.72,15.77,15.625,123,15.625,2022-11-30T17:00:00Z,18132,15.702513
15.25,15.71,15.25,244,15.7,2022-11-30T18:00:00Z,42399,15.402229
14.9,15.185,14.86,151,15.18,2022-11-30T19:00:00Z,23163,15.022067
14.92,14.95,14.79,466,14.895,2022-11-30T20:00:00Z,80154,14.864189
14.84,14.925,14.8,40,14.885,2022-12-01T14:00:00Z,6918,14.836152
15.015,15.175,14.805,86,14.83,2022-12-01T15:00:00Z,16097,15.045353
15.05,15.115,14.99,67,14.99,2022-12-01T16:00:00Z,11787,15.055866
14.89,15.1,14.89,38,15.02,2022-12-01T17:00:00Z,5942,14.973064
14.835,14.945,14.835,63,14.89,2022-12-01T18:00:00Z,8327,14.889989
14.765,14.89,14.74,75,14.89,2022-12-01T19:00:00Z,12564,14.775658
14.625,14.765,14.625,287,14.765,2022-12-01T20:00:00Z,75241,14.699163
14.63,14.825,14.63,56,14.76,2022-12-02T14:00:00Z,9488,14.72575
14.52,14.65,14.45,231,14.6,2022-12-02T15:00:00Z,36203,14.566935
14.56,14.575,14.475,105,14.55,2022-12-02T16:00:00Z,17623,14.528658
14.7,14.7,14.56,75,14.575,2022-12-02T17:00:00Z,15146,14.606064
14.56,14.735,14.56,50,14.7,2022-12-02T18:00:00Z,8748,14.674425
14.365,14.56,14.355,88,14.555,2022-12-02T19:00:00Z,15981,14.448228
14.39,14.43,14.34,270,14.375,2022-12-02T20:00:00Z,51026,14.376337
14.485,14.51,14.42,43,14.51,2022-12-05T14:00:00Z,7694,14.441773
14.38,14.59,14.35,91,14.52,2022-12-05T15:00:00Z,14960,14.447408
14.54,14.54,14.36,37,14.39,2022-12-05T16:00:00Z,6415,14.471907
14.71,14.73,14.585,119,14.59,2022-12-05T17:00:00Z,15927,14.635964
14.81,14.81,14.605,52,14.715,2022-12-05T18:00:00Z,8930,14.712953
14.905,14.93,14.77,114,14.81,2022-12-05T19:00:00Z,35076,14.896922
14.66,14.865,14.65,220,14.84,2022-12-05T20:00:00Z,41473,14.735102
14.595,14.605,14.44,43,14.52,2022-12-06T14:00:00Z,7246,14.565704
14.84,14.88,14.585,70,14.6,2022-12-06T15:00:00Z,9653,14.725695
14.93,14.98,14.845,44,14.875,2022-12-06T16:00:00Z,6930,14.940516
15.045,15.095,14.91,54,14.91,2022-12-06T17:00:00Z,7885,15.051456
14.98,15.115,14.935,84,15.03,2022-12-06T18:00:00Z,13117,15.040797
14.975,15.065,14.935,113,15.0,2022-12-06T19:00:00Z,20653,15.002879
15.035,15.195,14.91,358,14.945,2022-12-06T20:00:00Z,62118,15.007139
15.25,15.315,15.12,97,15.22,2022-12-07T14:00:00Z,17920,15.210672
15.07,15.37,15.05,230,15.3,2022-12-07T15:00:00Z,42413,15.23835
15.185,15.355,15.045,76,15.06,2022-12-07T16:00:00Z,15710,15.268959
15.28,15.415,15.2,188,15.215,2022-12-07T17:00:00Z,29157,15.311637
15.22,15.3,15.135,196,15.28,2022-12-07T18:00:00Z,29374,15.199494
15.305,15.32,15.19,47,15.265,2022-12-07T19:00:00Z,6695,15.277723
15.29,15.37,15.195,220,15.35,2022-12-07T20:00:00Z,34131,15.249007
15.17,15.41,15.17,27,15.41,2022-12-08T14:00:00Z,4700,15.279142
15.15,15.2,15.11,50,15.2,2022-12-08T15:00:00Z,9510,15.159847
15.215,15.285,15.17,118,15.17,2022-12-08T16:00:00Z,13178,15.225317
15.18,15.26,15.18,55,15.225,2022-12-08T17:00:00Z,9084,15.233757
15.055,15.195,15.03,66,15.16,2022-12-08T18:00:00Z,11151,15.119038
15.04,15.175,15.015,127,15.075,2022-12-08T19:00:00Z,19057,15.086471
14.96,15.065,14.87,169,15.065,2022-12-08T20:00:00Z,28225,14.954863
15.155,15.155,14.935,32,15.04,2022-12-09T14:00:00Z,4198,15.013395
15.13,15.2,15.03,73,15.03,2022-12-09T15:00:00Z,12516,15.13664
15.04,15.19,15.04,124,15.09,2022-12-09T16:00:00Z,23100,15.129319
15.1,15.1,15.02,23,15.045,2022-12-09T17:00:00Z,2549,15.051637
15.26,15.26,15.13,100,15.13,2022-12-09T18:00:00Z,15493,15.21392
15.05,15.275,15.05,62,15.265,2022-12-09T19:00:00Z,10198,15.140545
15.325,15.35,15.0,190,15.035,2022-12-09T20:00:00Z,41696,15.091791
15.345,15.345,15.225,17,15.225,2022-12-12T14:00:00Z,1600,15.304667
15.29,15.385,15.29,92,15.345,2022-12-12T15:00:00Z,13880,15.351615
15.235,15.245,15.18,40,15.24,2022-12-12T16:00:00Z,5136,15.19895
15.18,15.235,15.155,54,15.235,2022-12-12T17:00:00Z,8850,15.18
15.185,15.215,15.17,22,15.185,2022-12-12T18:00:00Z,2832,15.181667
15.095,15.21,15.075,80,15.18,2022-12-12T19:00:00Z,12284,15.096686
15.25,15.29,15.095,181,15.13,2022-12-12T20:00:00Z,37831,15.201951
14.355,14.43,14.31,95,14.35,2022-12-13T14:00:00Z,18128,14.349922
14.67,14.67,14.345,316,14.38,2022-12-13T15:00:00Z,43847,14.463273
14.94,15.05,14.645,190,14.66,2022-12-13T16:00:00Z,31760,14.732976
15.055,15.11,14.835,111,14.845,2022-12-13T17:00:00Z,18859,15.008922
15.015,15.07,14.925,63,15.045,2022-12-13T18:00:00Z,8058,14.993166
14.855,15.01,14.77,82,15.01,2022-12-13T19:00:00Z,10435,14.876966
14.57,14.87,14.435,269,14.835,2022-12-13T20:00:00Z,44419,14.610142
14.235,14.5,14.23,53,14.5,2022-12-14T14:00:00Z,9720,14.293866
14.225,14.24,14.115,76,14.225,2022-12-14T15:00:00Z,6906,14.17967
14.205,14.235,14.185,58,14.235,2022-12-14T16:00:00Z,4985,14.204022
14.17,14.25,14.17,11,14.245,2022-12-14T17:00:00Z,1100,14.215
14.02,14.12,14.0,35,14.12,2022-12-14T18:00:00Z,3400,14.06602
14.31,14.72,14.12,145,14.12,2022-12-14T19:00:00Z,17957,14.483076
14.085,14.535,14.085,246,14.31,2022-12-14T20:00:00Z,45336,14.193578
14.6,14.6,14.28,76,14.29,2022-12-15T14:00:00Z,14116,14.441172
14.695,14.7,14.535,219,14.62,2022-12-15T15:00:00Z,40506,14.630417
14.9,14.935,14.625,177,14.65,2022-12-15T16:00:00Z,33474,14.720197
15.07,15.07,14.83,182,14.87,2022-12-15T17:00:00Z,33287,14.943321
15.185,15.215,15.06,311,15.07,2022-12-15T18:00:00Z,45445,15.169188
14.98,15.275,14.98,486,15.185,2022-12-15T19:00:00Z,110921,15.20542
14.95,15.1,14.88,519,14.95,2022-12-15T20:00:00Z,87518,14.991245
14.875,15.23,14.825,65,15.23,2022-12-16T14:00:00Z,11708,14.988347
15.25,15.465,15.005,240,15.005,2022-12-16T15:00:00Z,49781,15.336933
15.475,15.475,15.215,157,15.245,2022-12-16T16:00:00Z,28449,15.291496
15.35,15.44,15.2,197,15.44,2022-12-16T17:00:00Z,30705,15.30026
15.285,15.365,15.255,103,15.36,2022-12-16T18:00:00Z,18983,15.306008
14.955,15.31,14.955,141,15.3,2022-12-16T19:00:00Z,22392,15.129778
15.0,15.115,14.9,184,14.955,2022-12-16T20:00:00Z,27579,14.955909
14.91,14.955,14.73,54,14.83,2022-12-19T14:00:00Z,7461,14.871035
14.71,14.87,14.59,111,14.83,2022-12-19T15:00:00Z,18811,14.680236
14.62,14.76,14.61,27,14.74,2022-12-19T16:00:00Z,6286,14.663967
14.525,14.57,14.41,125,14.56,2022-12-19T17:00:00Z,25560,14.483932
14.74,14.785,14.48,45,14.5,2022-12-19T18:00:00Z,5570,14.648867
14.8,14.9,14.65,79,14.84,2022-12-19T19:00:00Z,16268,14.783637
14.65,14.875,14.61,124,14.815,2022-12-19T20:00:00Z,22995,14.781555
14.77,14.86,14.68,39,14.68,2022-12-20T14:00:00Z,6940,14.811544
14.54,14.76,14.515,129,14.685,2022-12-20T15:00:00Z,23181,14.614943
14.78,14.79,14.61,24,14.61,2022-12-20T16:00:00Z,4123,14.716607
14.58,14.73,14.58,28,14.725,2022-12-20T17:00:00Z,5509,14.695817
14.53,14.61,14.51,13,14.61,2022-12-20T18:00:00Z,3185,14.547393
14.56,14.58,14.475,37,14.55,2022-12-20T19:00:00Z,5888,14.53459
14.57,14.57,14.375,69,14.53,2022-12-20T20:00:00Z,10660,14.427942
14.22,14.23,14.16,23,14.23,2022-12-21T14:00:00Z,3548,14.213
14.015,14.21,13.95,55,14.21,2022-12-21T15:00:00Z,7053,14.044126
13.915,14.01,13.91,91,14.005,2022-12-21T16:00:00Z,15440,13.958371
13.94,14.09,13.93,44,13.985,2022-12-21T17:00:00Z,8091,13.997201
14.02,14.03,13.93,21,13.93,2022-12-21T18:00:00Z,3463,13.999897
14.085,14.14,13.99,66,13.99,2022-12-21T19:00:00Z,9122,14.062844
14.01,14.105,14.01,221,14.08,2022-12-21T20:00:00Z,30905,14.063293
14.1,14.185,14.09,134,14.12,2022-12-22T14:00:00Z,19333,14.16376
14.48,14.485,14.09,258,14.115,2022-12-22T15:00:00Z,40866,14.372085
14.68,14.695,14.47,256,14.485,2022-12-22T16:00:00Z,44943,14.610008
15.13,15.195,14.69,399,14.695,2022-12-22T17:00:00Z,86637,14.937794
15.315,15.4,15.13,257,15.13,2022-12-22T18:00:00Z,42360,15.273938
14.925,15.285,14.925,282,15.285,2022-12-22T19:00:00Z,44068,15.113612
14.755,14.975,14.755,171,14.95,2022-12-22T20:00:00Z,26642,14.886009
14.8,14.85,14.7,75,14.7,2022-12-23T14:00:00Z,8965,14.795975
14.615,14.8,14.385,355,14.78,2022-12-23T15:00:00Z,63129,14.526715
14.42,14.69,14.415,158,14.635,2022-12-23T16:00:00Z,23377,14.530419
14.505,14.54,14.375,100,14.41,2022-12-23T17:00:00Z,14762,14.451653
14.42,14.495,14.355,67,14.495,2022-12-23T18:00:00Z,7990,14.415083
14.28,14.455,14.28,111,14.38,2022-12-23T19:00:00Z,11836,14.34646
14.39,14.4,14.24,121,14.27,2022-12-23T20:00:00Z,19479,14.302019
14.5,14.62,14.36,39,14.39,2022-12-27T14:00:00Z,6208,14.496194
14.505,14.625,14.385,82,14.55,2022-12-27T15:00:00Z,12388,14.516579
14.39,14.61,14.345,112,14.465,2022-12-27T16:00:00Z,17819,14.44833
14.395,14.4,14.32,76,14.385,2022-12-27T17:00:00Z,11628,14.355774
14.35,14.35,14.28,46,14.34,2022-12-27T18:00:00Z,8024,14.291463
14.38,14.43,14.305,70,14.335,2022-12-27T19:00:00Z,7955,14.366827
14.3,14.37,14.29,128,14.355,2022-12-27T20:00:00Z,28605,14.327429
14.14,14.19,14.04,78,14.19,2022-12-28T14:00:00Z,16224,14.077889
14.175,14.175,13.97,152,14.085,2022-12-28T15:00:00Z,20737,14.068734
14.24,14.26,14.13,65,14.18,2022-12-28T16:00:00Z,8744,14.193766
14.09,14.365,14.09,84,14.28,2022-12-28T17:00:00Z,11212,14.277202
14.13,14.13,14.04,25,14.05,2022-12-28T18:00:00Z,4347,14.079541
14.165,14.18,14.1,15,14.12,2022-12-28T19:00:00Z,2596,14.134042
14.34,14.395,14.195,219,14.195,2022-12-28T20:00:00Z,53478,14.343289
14.12,14.145,14.07,14,14.135,2022-12-29T14:00:00Z,2266,14.109188
14.01,14.15,14.01,42,14.1,2022-12-29T15:00:00Z,6796,14.081637
13.96,14.035,13.96,25,14.025,2022-12-29T16:00:00Z,3895,14.007721
13.995,14.03,13.955,36,13.955,2022-12-29T17:00:00Z,4472,13.985309
14.01,14.08,13.99,84,14.01,2022-12-29T18:00:00Z,18331,14.038437
14.045,14.045,13.98,72,13.98,2022-12-29T19:00:00Z,11607,14.012201
14.13,14.15,14.005,94,14.025,2022-12-29T20:00:00Z,17810,14.047693
14.245,14.365,14.19,135,14.2,2022-12-30T14:00:00Z,21664,14.254766
14.22,14.275,14.135,205,14.235,2022-12-30T15:00:00Z,37263,14.219296
14.335,14.335,14.24,73,14.24,2022-12-30T16:00:00Z,9471,14.313523
14.27,14.33,14.27,48,14.315,2022-12-30T17:00:00Z,6148,14.302031
14.335,14.42,14.26,101,14.275,2022-12-30T18:00:00Z,12036,14.341767
14.315,14.415,14.295,117,14.33,2022-12-30T19:00:00Z,16583,14.381023
14.12,14.3,14.115,186,14.275,2022-12-30T20:00:00Z,32441,14.208268
14.19,14.19,13.91,62,14.0,2023-01-03T14:00:00Z,6780,14.085913
14.14,14.26,14.13,250,14.15,2023-01-03T15:00:00Z,23948,14.220602
14.41,14.43,14.095,218,14.095,2023-01-03T16:00:00Z,45806,14.284655
14.4,14.495,14.33,136,14.425,2023-01-03T17:00:00Z,19993,14.403492
14.22,14.44,14.215,80,14.405,2023-01-03T18:00:00Z,10248,14.315291
14.12,14.25,14.065,219,14.2,2023-01-03T19:00:00Z,40878,14.181374
14.0,14.12,13.98,213,14.11,2023-01-03T20:00:00Z,39015,14.037919
13.75,13.86,13.735,49,13.86,2023-01-04T14:00:00Z,7492,13.784784
13.77,13.915,13.73,226,13.74,2023-01-04T15:00:00Z,30820,13.853234
13.68,13.8,13.665,94,13.78,2023-01-04T16:00:00Z,15501,13.723467
13.67,13.7,13.65,60,13.68,2023-01-04T17:00:00Z,8794,13.67988
13.735,13.81,13.7,32,13.81,2023-01-04T18:00:00Z,4116,13.733552
13.73,13.84,13.6,105,13.675,2023-01-04T19:00:00Z,11366,13.723452
13.6,13.845,13.59,169,13.7,2023-01-04T20:00:00Z,27327,13.777536
13.695,13.93,13.69,204,13.73,2023-01-05T14:00:00Z,22981,13.804888
13.84,13.84,13.655,199,13.715,2023-01-05T15:00:00Z,28074,13.739748
13.855,13.9,13.785,156,13.85,2023-01-05T16:00:00Z,40540,13.85519
13.86,13.915,13.8,99,13.865,2023-01-05T17:00:00Z,30130,13.86062
13.76,13.935,13.715,113,13.865,2023-01-05T18:00:00Z,18171,13.853141
13.685,13.81,13.685,68,13.74,2023-01-05T19:00:00Z,5723,13.745711
13.71,13.79,13.71,135,13.74,2023-01-05T20:00:00Z,19923,13.759871
13.44,13.63,13.37,121,13.47,2023-01-06T14:00:00Z,16284,13.484915
13.305,13.415,13.285,303,13.38,2023-01-06T15:00:00Z,47357,13.342264
13.32,13.355,13.305,92,13.325,2023-01-06T16:00:00Z,12674,13.323445
13.225,13.325,13.195,138,13.32,2023-01-06T17:00:00Z,22270,13.243218
13.27,13.28,13.21,89,13.24,2023-01-06T18:00:00Z,12543,13.243693
13.315,13.325,13.255,195,13.26,2023-01-06T19:00:00Z,32355,13.284077
13.405,13.41,13.28,223,13.325,2023-01-06T20:00:00Z,30082,13.33093
13.36,13.39,13.31,108,13.37,2023-01-09T14:00:00Z,19442,13.358753
13.32,13.375,13.29,121,13.355,2023-01-09T15:00:00Z,17896,13.341814
13.255,13.36,13.255,64,13.36,2023-01-09T16:00:00Z,9882,13.320719
13.21,13.27,13.21,93,13.25,2023-01-09T17:00:00Z,13348,13.241744
13.37,13.39,13.2,51,13.2,2023-01-09T18:00:00Z,6115,13.296967
13.53,13.53,13.36,138,13.36,2023-01-09T19:00:00Z,17781,13.438708
13.46,13.61,13.46,130,13.575,2023-01-09T20:00:00Z,26328,13.54855
13.445,13.52,13.445,24,13.5,2023-01-10T14:00:00Z,3420,13.486719
13.245,13.45,13.24,115,13.435,2023-01-10T15:00:00Z,25008,13.375023
13.08,13.255,13.08,121,13.24,2023-01-10T16:00:00Z,16610,13.170417
13.0,13.15,12.97,98,13.09,2023-01-10T17:00:00Z,12968,13.034842
13.0,13.0,12.92,57,12.995,2023-01-10T18:00:00Z,7195,12.966298
13.0,13.01,12.955,89,12.985,2023-01-10T19:00:00Z,18380,12.970049
12.875,13.05,12.875,42,13.03,2023-01-10T20:00:00Z,6491,12.945908
12.92,12.945,12.83,48,12.83,2023-01-11T14:00:00Z,9167,12.89289
13.02,13.02,12.89,93,12.92,2023-01-11T15:00:00Z,11183,12.95202
12.96,13.035,12.945,41,12.995,2023-01-11T16:00:00Z,5632,12.999725
12.94,12.985,12.94,83,12.95,2023-01-11T17:00:00Z,19829,12.960334
12.93,12.96,12.925,60,12.93,2023-01-11T18:00:00Z,10674,12.944502
12.945,13.0,12.93,205,12.93,2023-01-11T19:00:00Z,32179,12.964914
12.975,13.02,12.9,330,12.925,2023-01-11T20:00:00Z,54884,12.977604
12.825,12.89,12.65,121,12.7,2023-01-12T14:00:00Z,23968,12.785582
12.65,12.795,12.595,284,12.775,2023-01-12T15:00:00Z,66708,12.680725
12.44,12.685,12.435,104,12.67,2023-01-12T16:00:00Z,24972,12.56705
12.4,12.44,12.37,121,12.44,2023-01-12T17:00:00Z,25465,12.396758
12.425,12.585,12.4,86,12.405,2023-01-12T18:00:00Z,14738,12.479186
12.46,12.49,12.415,83,12.425,2023-01-12T19:00:00Z,13885,12.435514
12.32,12.465,12.32,219,12.45,2023-01-12T20:00:00Z,47806,12.425405
12.17,12.35,12.16,55,12.35,2023-01-13T14:00:00Z,10831,12.228614
12.1,12.2,12.015,220,12.2,2023-01-13T15:00:00Z,47910,12.078529
12.085,12.16,12.08,194,12.08,2023-01-13T16:00:00Z,21424,12.114176
11.93,12.045,11.92,149,12.04,2023-01-13T17:00:00Z,27702,11.972747
11.95,11.96,11.92,158,11.94,2023-01-13T18:00:00Z,19678,11.944807
11.97,11.99,11.94,78,11.945,2023-01-13T19:00:00Z,11872,11.968616
12.02,12.03,11.92,235,11.97,2023-01-13T20:00:00Z,37481,11.968391
12.17,12.32,12.16,210,12.21,2023-01-17T14:00:00Z,50891,12.235748
12.26,12.3,12.14,201,12.165,2023-01-17T15:00:00Z,36322,12.193473
12.1,12.295,12.1,129,12.26,2023-01-17T16:00:00Z,18705,12.212582
12.08,12.145,12.035,68,12.085,2023-01-17T17:00:00Z,13832,12.077426
12.015,12.07,12.015,61,12.06,2023-01-17T18:00:00Z,16485,12.040931
12.09,12.11,12.01,88,12.01,2023-01-17T19:00:00Z,13457,12.075977
12.095,12.17,12.035,118,12.05,2023-01-17T20:00:00Z,17232,12.111971
12.02,12.045,11.93,63,11.95,2023-01-18T14:00:00Z,10672,11.988268
12.16,12.16,12.015,68,12.02,2023-01-18T15:00:00Z,13509,12.06049
12.4,12.435,12.14,221,12.17,2023-01-18T16:00:00Z,51210,12.331059
12.55,12.57,12.365,132,12.365,2023-01-18T17:00:00Z,36137,12.464254
12.47,12.64,12.43,291,12.555,2023-01-18T18:00:00Z,82743,12.522882
12.47,12.515,12.435,61,12.5,2023-01-18T19:00:00Z,14118,12.480528
12.58,12.58,12.43,179,12.49,2023-01-18T20:00:00Z,32095,12.499676
12.845,12.92,12.74,206,12.865,2023-01-19T14:00:00Z,40778,12.810985
12.97,12.99,12.7,121,12.875,2023-01-19T15:00:00Z,18575,12.818303
12.965,13.04,12.87,97,12.965,2023-01-19T16:00:00Z,24662,12.967217
12.71,12.895,12.71,236,12.895,2023-01-19T17:00:00Z,54955,12.756515
12.56,12.69,12.465,284,12.69,2023-01-19T18:00:00Z,42453,12.573435
12.47,12.57,12.44,122,12.53,2023-01-19T19:00:00Z,19157,12.480585
12.595,12.6,12.455,214,12.49,2023-01-19T20:00:00Z,20961,12.489814
12.475,12.63,12.45,249,12.555,2023-01-20T14:00:00Z,25688,12.535027
12.24,12.56,12.24,132,12.48,2023-01-20T15:00:00Z,17370,12.360583
12.18,12.27,12.16,119,12.21,2023-01-20T16:00:00Z,13590,12.210532
12.15,12.18,12.115,40,12.17,2023-01-20T17:00:00Z,6502,12.157672
12.165,12.22,12.16,70,12.19,2023-01-20T18:00:00Z,4414,12.183018
12.185,12.225,12.14,88,12.14,2023-01-20T19:00:00Z,14155,12.187679
12.19,12.23,12.125,226,12.175,2023-01-20T20:00:00Z,40445,12.171857
12.16,12.25,12.125,74,12.25,2023-01-23T14:00:00Z,8946,12.175469
12.19,12.19,12.11,244,12.11,2023-01-23T15:00:00Z,33170,12.163254
12.12,12.19,12.095,118,12.19,2023-01-23T16:00:00Z,23903,12.126215
12.04,12.14,12.04,76,12.125,2023-01-23T17:00:00Z,19499,12.080133
12.06,12.07,12.02,69,12.03,2023-01-23T18:00:00Z,12231,12.044449
12.21,12.25,12.08,122,12.08,2023-01-23T19:00:00Z,23374,12.15659
12.08,12.23,12.01,186,12.225,2023-01-23T20:00:00Z,26799,12.134283
12.01,12.17,11.93,75,12.15,2023-01-24T14:00:00Z,17992,12.051376
11.79,12.09,11.79,151,12.02,2023-01-24T15:00:00Z,29643,11.921119
11.79,11.82,11.745,72,11.785,2023-01-24T16:00:00Z,11432,11.785815
11.69,11.83,11.675,141,11.78,2023-01-24T17:00:00Z,24307,11.756869
11.58,11.735,11.57,141,11.7,2023-01-24T18:00:00Z,35228,11.682992
11.605,11.645,11.56,244,11.58,2023-01-24T19:00:00Z,39858,11.581977
11.59,11.725,11.585,155,11.605,2023-01-24T20:00:00Z,25535,11.676579
12.085,12.085,11.92,220,11.97,2023-01-25T14:00:00Z,44027,11.988186
12.12,12.33,12.04,279,12.095,2023-01-25T15:00:00Z,64587,12.147792
11.9,12.165,11.895,156,12.11,2023-01-25T16:00:00Z,33067,12.037262
11.995,12.005,11.91,27,11.91,2023-01-25T17:00:00Z,5349,11.97634
11.69,11.995,11.68,130,11.995,2023-01-25T18:00:00Z,36289,11.803265
11.69,11.785,11.63,81,11.67,2023-01-25T19:00:00Z,17635,11.703292
11.58,11.69,11.58,129,11.665,2023-01-25T20:00:00Z,24984,11.637597
11.58,11.64,11.47,44,11.5,2023-01-26T14:00:00Z,21732,11.581486
11.7,11.7,11.58,119,11.585,2023-01-26T15:00:00Z,26255,11.619301
11.56,11.72,11.55,94,11.7,2023-01-26T16:00:00Z,16414,11.657524
11.58,11.61,11.52,30,11.54,2023-01-26T17:00:00Z,4950,11.559534
11.55,11.675,11.53,41,11.625,2023-01-26T18:00:00Z,7519,11.59046
11.495,11.56,11.48,49,11.56,2023-01-26T19:00:00Z,9118,11.528193
11.45,11.485,11.425,76,11.485,2023-01-26T20:00:00Z,15959,11.453607
11.235,11.43,11.2,92,11.43,2023-01-27T14:00:00Z,21064,11.244976
11.28,11.32,11.07,149,11.215,2023-01-27T15:00:00Z,32271,11.182065
11.105,11.3,11.1,76,11.295,2023-01-27T16:00:00Z,13967,11.226937
11.18,11.18,11.1,57,11.135,2023-01-27T17:00:00Z,8609,11.142492
11.2,11.28,11.18,50,11.185,2023-01-27T18:00:00Z,9609,11.236826
11.25,11.25,11.17,105,11.19,2023-01-27T19:00:00Z,12190,11.204076
11.27,11.34,11.25,276,11.25,2023-01-27T20:00:00Z,36279,11.289433
11.565,11.625,11.49,98,11.53,2023-01-30T14:00:00Z,15364,11.569245
11.655,11.79,11.56,161,11.57,2023-01-30T15:00:00Z,28483,11.669618
11.685,11.71,11.58,57,11.67,2023-01-30T16:00:00Z,16607,11.66769
11.665,11.675,11.565,154,11.62,2023-01-30T17:00:00Z,41878,11.608256
11.58,11.68,11.53,50,11.665,2023-01-30T18:00:00Z,12103,11.566237
11.635,11.71,11.6,53,11.6,2023-01-30T19:00:00Z,10849,11.670766
11.585,11.67,11.52,138,11.62,2023-01-30T20:00:00Z,27322,11.594957
11.57,11.605,11.52,89,11.6,2023-01-31T14:00:00Z,41969,11.582689
11.42,11.58,11.385,73,11.58,2023-01-31T15:00:00Z,19421,11.448053
11.32,11.38,11.3,108,11.38,2023-01-31T16:00:00Z,19288,11.338191
11.28,11.36,11.23,48,11.34,2023-01-31T17:00:00Z,8059,11.272179
11.3,11.39,11.28,87,11.28,2023-01-31T18:00:00Z,7755,11.34863
11.3,11.31,11.28,15,11.31,2023-01-31T19:00:00Z,2779,11.299099
11.33,11.36,11.265,108,11.305,2023-01-31T20:00:00Z,29588,11.298545
11.355,11.365,11.27,57,11.31,2023-02-01T14:00:00Z,11838,11.318177
11.54,11.54,11.34,67,11.34,2023-02-01T15:00:00Z,13770,11.434131
11.465,11.535,11.39,43,11.535,2023-02-01T16:00:00Z,7470,11.472393
11.545,11.55,11.49,40,11.5,2023-02-01T17:00:00Z,5009,11.516591
11.37,11.565,11.34,65,11.56,2023-02-01T18:00:00Z,13954,11.420486
11.16,11.54,11.1,217,11.41,2023-02-01T19:00:00Z,71764,11.333923
10.96,11.17,10.85,227,11.13,2023-02-01T20:00:00Z,36044,10.99444
10.79,10.82,10.65,71,10.74,2023-02-02T14:00:00Z,14721,10.741833
10.83,10.935,10.78,153,10.79,2023-02-02T15:00:00Z,32356,10.830604
10.96,10.96,10.82,89,10.84,2023-02-02T16:00:00Z,18436,10.89505
11.07,11.07,10.915,96,10.965,2023-02-02T17:00:00Z,17570,11.002781
11.285,11.285,11.07,99,11.07,2023-02-02T18:00:00Z,20649,11.15436
11.5,11.51,11.305,231,11.32,2023-02-02T19:00:00Z,40608,11.417358
11.21,11.515,11.15,284,11.51,2023-02-02T20:00:00Z,65342,11.265277
11.35,11.53,11.28,82,11.53,2023-02-03T14:00:00Z,24080,11.331632
11.43,11.475,11.195,157,11.4,2023-02-03T15:00:00Z,43657,11.271632
11.5,11.5,11.35,84,11.41,2023-02-03T16:00:00Z,23746,11.429256
11.405,11.515,11.37,29,11.495,2023-02-03T17:00:00Z,5513,11.434527
11.55,11.715,11.53,252,11.53,2023-02-03T18:00:00Z,91949,11.623092
11.47,11.595,11.425,143,11.57,2023-02-03T19:00:00Z,45670,11.548894
11.3,11.56,11.29,154,11.515,2023-02-03T20:00:00Z,37740,11.376136
11.43,11.5,11.38,47,11.475,2023-02-06T14:00:00Z,13592,11.449649
11.5,11.63,11.4,82,11.43,2023-02-06T15:00:00Z,14931,11.524008
11.53,11.54,11.425,51,11.505,2023-02-06T16:00:00Z,9133,11.481934
11.51,11.58,11.44,33,11.57,2023-02-06T17:00:00Z,6020,11.494483
11.56,11.58,11.51,25,11.53,2023-02-06T18:00:00Z,3800,11.556764
11.555,11.58,11.47,22,11.525,2023-02-06T19:00:00Z,4120,11.499795
11.58,11.65,11.54,69,11.54,2023-02-06T20:00:00Z,10844,11.585302
11.57,11.69,11.57,68,11.685,2023-02-07T14:00:00Z,15208,11.646271
11.63,11.675,11.565,127,11.59,2023-02-07T15:00:00Z,29866,11.618196
11.535,11.605,11.535,23,11.6,2023-02-07T16:00:00Z,6754,11.568
11.18,11.535,11.14,53,11.535,2023-02-07T17:00:00Z,11664,11.25344
11.575,11.7,11.155,216,11.155,2023-02-07T18:00:00Z,94197,11.422617
11.325,11.455,11.3,79,11.455,2023-02-07T19:00:00Z,25437,11.353213
11.22,11.38,11.17,148,11.3,2023-02-07T20:00:00Z,38716,11.251354
11.28,11.4,11.25,29,11.37,2023-02-08T14:00:00Z,7587,11.293433
11.345,11.385,11.2,131,11.29,2023-02-08T15:00:00Z,53472,11.286008
11.67,11.8,11.38,301,11.38,2023-02-08T16:00:00Z,146523,11.655405
11.675,11.76,11.66,68,11.675,2023-02-08T17:00:00Z,18844,11.69846
11.79,11.82,11.595,105,11.65,2023-02-08T18:00:00Z,39402,11.723472
11.77,11.835,11.71,108,11.8,2023-02-08T19:00:00Z,53353,11.746684
11.67,11.85,11.67,179,11.765,2023-02-08T20:00:00Z,50239,11.773421
11.47,11.5,11.375,54,11.48,2023-02-09T14:00:00Z,11249,11.447153
11.48,11.5,11.35,170,11.475,2023-02-09T15:00:00Z,42564,11.441928
11.6,11.63,11.5,151,11.5,2023-02-09T16:00:00Z,33613,11.582149
11.64,11.78,11.495,69,11.59,2023-02-09T17:00:00Z,13964,11.65555
11.78,11.8,11.635,69,11.64,2023-02-09T18:00:00Z,14668,11.720367
11.82,11.91,11.74,174,11.78,2023-02-09T19:00:00Z,43414,11.859781
12.04,12.075,11.88,475,11.88,2023-02-09T20:00:00Z,88851,11.96845
12.25,12.34,12.21,79,12.25,2023-02-10T14:00:00Z,20334,12.269047
12.37,12.4,12.13,264,12.27,2023-02-10T15:00:00Z,56389,12.299605
12.39,12.455,12.25,179,12.32,2023-02-10T16:00:00Z,32480,12.347663
12.395,12.485,12.36,172,12.405,2023-02-10T17:00:00Z,41671,12.412292
12.28,12.37,12.18,142,12.365,2023-02-10T18:00:00Z,43044,12.266114
12.17,12.34,12.17,95,12.31,2023-02-10T19:00:00Z,30284,12.255577
12.195,12.195,12.07,229,12.125,2023-02-10T20:00:00Z,66481,12.106953
11.92,12.01,11.9,87,11.98,2023-02-13T14:00:00Z,19719,11.970318
11.81,11.93,11.795,106,11.9,2023-02-13T15:00:00Z,36625,11.873868
11.775,11.8,11.72,85,11.8,2023-02-13T16:00:00Z,11558,11.772924
11.78,11.79,11.72,97,11.765,2023-02-13T17:00:00Z,19098,11.759234
11.775,11.81,11.76,41,11.795,2023-02-13T18:00:00Z,9329,11.786258
11.81,11.885,11.775,83,11.775,2023-02-13T19:00:00Z,14682,11.812212
11.69,11.865,11.685,147,11.845,2023-02-13T20:00:00Z,23517,11.765051
11.28,11.28,11.28,1,11.28,2023-02-14T13:00:00Z,100,11.28
11.325,11.715,11.295,170,11.59,2023-02-14T14:00:00Z,63763,11.38427
11.51,11.66,11.275,168,11.315,2023-02-14T15:00:00Z,65083,11.357684
11.54,11.62,11.345,149,11.47,2023-02-14T16:00:00Z,47136,11.493861
11.395,11.5,11.305,126,11.49,2023-02-14T17:00:00Z,29519,11.382689
11.29,11.4,11.26,80,11.4,2023-02-14T18:00:00Z,12653,11.295631
11.25,11.365,11.235,54,11.31,2023-02-14T19:00:00Z,13246,11.281408
11.24,11.27,11.16,120,11.25,2023-02-14T20:00:00Z,28682,11.223977
11.32,11.36,11.255,62,11.32,2023-02-15T14:00:00Z,14565,11.301333
11.26,11.33,11.18,136,11.3,2023-02-15T15:00:00Z,37910,11.243406
11.2,11.275,11.16,47,11.275,2023-02-15T16:00:00Z,7310,11.189927
11.21,11.305,11.21,61,11.22,2023-02-15T17:00:00Z,8632,11.247541
11.18,11.28,11.165,45,11.25,2023-02-15T18:00:00Z,9625,11.197732
11.18,11.205,11.14,55,11.185,2023-02-15T19:00:00Z,6559,11.175627
11.06,11.17,11.06,178,11.17,2023-02-15T20:00:00Z,28344,11.113019
11.6,11.6,11.34,219,11.34,2023-02-16T14:00:00Z,114936,11.450237
11.43,11.645,11.38,238,11.62,2023-02-16T15:00:00Z,84565,11.492355
11.4,11.49,11.365,212,11.405,2023-02-16T16:00:00Z,67607,11.444203
11.29,11.455,11.26,95,11.425,2023-02-16T17:00:00Z,31540,11.312839
11.235,11.34,11.23,194,11.29,2023-02-16T18:00:00Z,82564,11.269955
11.18,11.24,11.145,89,11.2,2023-02-16T19:00:00Z,22978,11.182273
11.64,11.67,11.185,267,11.185,2023-02-16T20:00:00Z,82179,11.528186
12.04,12.13,11.785,161,11.9,2023-02-17T14:00:00Z,61205,12.059051
12.045,12.05,11.78,209,12.0,2023-02-17T15:00:00Z,55614,11.958639
11.99,12.08,11.93,133,12.055,2023-02-17T16:00:00Z,32315,12.007091
11.99,12.02,11.885,63,11.95,2023-02-17T17:00:00Z,9654,11.960955
11.84,11.98,11.825,134,11.97,2023-02-17T18:00:00Z,24899,11.878419
11.7,11.84,11.695,72,11.84,2023-02-17T19:00:00Z,19178,11.755198
11.71,11.79,11.655,163,11.665,2023-02-17T20:00:00Z,60998,11.693288
12.27,12.27,12.085,123,12.18,2023-02-21T14:00:00Z,36232,12.152572
12.43,12.445,12.255,147,12.3,2023-02-21T15:00:00Z,44447,12.348229
12.53,12.6,12.405,97,12.405,2023-02-21T16:00:00Z,14338,12.515037
12.51,12.61,12.435,79,12.52,2023-02-21T17:00:00Z,14743,12.540898
12.59,12.59,12.435,104,12.465,2023-02-21T18:00:00Z,14885,12.510889
12.53,12.665,12.505,134,12.59,2023-02-21T19:00:00Z,28215,12.59002
12.59,12.615,12.44,116,12.53,2023-02-21T20:00:00Z,74654,12.543218
12.595,12.615,12.51,92,12.61,2023-02-22T14:00:00Z,26058,12.577486
12.45,12.77,12.45,177,12.67,2023-02-22T15:00:00Z,43293,12.562582
12.41,12.515,12.365,159,12.495,2023-02-22T16:00:00Z,41815,12.460744
12.26,12.455,12.21,69,12.44,2023-02-22T17:00:00Z,15092,12.320554
12.225,12.25,12.19,24,12.24,2023-02-22T18:00:00Z,3725,12.213343
12.29,12.37,12.16,152,12.23,2023-02-22T19:00:00Z,47374,12.250391
12.21,12.395,12.165,151,12.32,2023-02-22T20:00:00Z,55428,12.29209
11.87,11.99,11.865,58,11.99,2023-02-23T14:00:00Z,16684,11.921754
12.09,12.1,11.825,177,11.835,2023-02-23T15:00:00Z,71554,11.934838
12.33,12.33,12.0,102,12.045,2023-02-23T16:00:00Z,22785,12.20578
12.13,12.34,12.13,72,12.335,2023-02-23T17:00:00Z,20767,12.268831
12.08,12.17,12.07,57,12.11,2023-02-23T18:00:00Z,12227,12.118652
11.855,12.085,11.82,78,12.07,2023-02-23T19:00:00Z,21247,11.922464
11.8,11.805,11.73,74,11.805,2023-02-23T20:00:00Z,12235,11.766895
12.45,12.525,12.175,274,12.235,2023-02-24T14:00:00Z,128386,12.424585
12.53,12.55,12.285,162,12.47,2023-02-24T15:00:00Z,43849,12.450886
12.355,12.49,12.265,80,12.47,2023-02-24T16:00:00Z,24554,12.374228
12.48,12.48,12.34,47,12.405,2023-02-24T17:00:00Z,13845,12.401138
12.305,12.51,12.28,103,12.485,2023-02-24T18:00:00Z,26149,12.413486
12.16,12.34,12.16,97,12.295,2023-02-24T19:00:00Z,25966,12.239881
12.22,12.375,12.16,148,12.185,2023-02-24T20:00:00Z,53601,12.279039
11.775,11.94,11.775,33,11.935,2023-02-27T14:00:00Z,6246,11.86401
11.77,11.82,11.68,110,11.745,2023-02-27T15:00:00Z,25976,11.742599
11.845,11.92,11.685,86,11.75,2023-02-27T16:00:00Z,27349,11.817756
11.78,11.9,11.76,62,11.86,2023-02-27T17:00:00Z,17400,11.817267
11.75,11.83,11.74,26,11.79,2023-02-27T18:00:00Z,3745,11.773405
11.785,11.8,11.74,39,11.765,2023-02-27T19:00:00Z,7927,11.775223
11.81,11.9,11.74,145,11.82,2023-02-27T20:00:00Z,21410,11.816534
11.6,11.78,11.58,38,11.77,2023-02-28T14:00:00Z,11543,11.667898
11.54,11.65,11.54,41,11.61,2023-02-28T15:00:00Z,10113,11.593476
11.535,11.55,11.47,57,11.52,2023-02-28T16:00:00Z,40305,11.52543
11.46,11.55,11.46,21,11.55,2023-02-28T17:00:00Z,5815,11.498012
11.45,11.515,11.44,22,11.5,2023-02-28T18:00:00Z,5297,11.487544
11.485,11.49,11.43,68,11.44,2023-02-28T19:00:00Z,15916,11.463636
11.53,11.54,11.47,70,11.505,2023-02-28T20:00:00Z,19972,11.511184
11.43,11.655,11.43,42,11.615,2023-03-01T14:00:00Z,10758,11.52001
11.61,11.755,11.455,167,11.505,2023-03-01T15:00:00Z,51059,11.678451
11.61,11.915,11.61,59,11.635,2023-03-01T16:00:00Z,14280,11.766472
11.59,11.635,11.525,63,11.615,2023-03-01T17:00:00Z,15064,11.585316
11.635,11.695,11.605,55,11.615,2023-03-01T18:00:00Z,16713,11.665247
11.7,11.815,11.68,38,11.68,2023-03-01T19:00:00Z,9462,11.736841
11.65,11.715,11.6,80,11.715,2023-03-01T20:00:00Z,13212,11.660593
11.62,11.87,11.61,53,11.87,2023-03-02T14:00:00Z,10805,11.711686
11.53,11.66,11.53,69,11.59,2023-03-02T15:00:00Z,15534,11.589105
11.5,11.5,11.43,68,11.49,2023-03-02T16:00:00Z,11199,11.474129
11.45,11.49,11.435,105,11.455,2023-03-02T17:00:00Z,21356,11.45684
11.33,11.46,11.32,42,11.45,2023-03-02T18:00:00Z,8492,11.38533
11.255,11.31,11.25,89,11.3,2023-03-02T19:00:00Z,12658,11.288063
11.23,11.29,11.22,116,11.255,2023-03-02T20:00:00Z,19201,11.253944
11.11,11.16,11.08,98,11.11,2023-03-03T14:00:00Z,27916,11.104616
11.07,11.155,11.05,168,11.1,2023-03-03T15:00:00Z,36109,11.090644
10.96,11.06,10.94,145,11.06,2023-03-03T16:00:00Z,46899,11.000998
10.975,11.005,10.96,85,10.965,2023-03-03T17:00:00Z,23828,10.981658
11.025,11.05,10.99,106,10.99,2023-03-03T18:00:00Z,20946,11.028654
10.95,11.015,10.95,154,11.015,2023-03-03T19:00:00Z,39307,10.984435
10.89,10.98,10.86,259,10.945,2023-03-03T20:00:00Z,86561,10.91166
10.74,10.84,10.74,53,10.84,2023-03-06T14:00:00Z,16504,10.792433
10.72,10.74,10.7,96,10.725,2023-03-06T15:00:00Z,29069,10.722757
10.695,10.73,10.68,35,10.69,2023-03-06T16:00:00Z,6810,10.70621
10.8,10.8,10.69,41,10.7,2023-03-06T17:00:00Z,9340,10.732236
10.83,10.85,10.79,54,10.79,2023-03-06T18:00:00Z,13366,10.816505
10.76,10.82,10.725,35,10.82,2023-03-06T19:00:00Z,6742,10.770633
10.72,10.77,10.705,139,10.73,2023-03-06T20:00:00Z,29224,10.729513
42.84,42.84,42.84,1,42.84,2023-03-07T14:00:00Z,100,42.84
42.62,43.505,42.62,9,42.755,2023-03-07T15:00:00Z,1305,42.889809
43.095,43.21,43.095,2,43.21,2023-03-07T16:00:00Z,200,43.1525
43.0,43.0,43.0,1,43.0,2023-03-07T17:00:00Z,100,43.0
43.675,43.675,43.47,3,43.47,2023-03-07T18:00:00Z,336,43.589048
43.87,43.87,43.85,2,43.85,2023-03-07T19:00:00Z,200,43.86
43.96,44.06,43.55,18,43.64,2023-03-07T20:00:00Z,1292,43.9345
43.65,43.8,43.65,5,43.8,2023-03-08T14:00:00Z,500,43.723
43.48,44.0,43.48,10,43.81,2023-03-08T15:00:00Z,1000,43.6595
43.28,43.67,43.25,25,43.38,2023-03-08T16:00:00Z,1508,43.407692
43.53,43.68,43.27,15,43.27,2023-03-08T17:00:00Z,1005,43.484
43.79,43.84,43.57,10,43.64,2023-03-08T18:00:00Z,971,43.743333
43.305,43.58,43.305,9,43.53,2023-03-08T19:00:00Z,801,43.471875
42.925,43.39,42.925,18,43.29,2023-03-08T20:00:00Z,2173,43.038636
42.605,42.75,42.605,5,42.71,2023-03-09T14:00:00Z,650,42.695833
42.71,42.81,42.53,24,42.53,2023-03-09T15:00:00Z,2600,42.658542
43.24,43.24,43.01,7,43.02,2023-03-09T16:00:00Z,1050,43.080515
43.83,43.83,43.5,9,43.6,2023-03-09T17:00:00Z,1200,43.629167
44.78,44.85,43.87,41,43.87,2023-03-09T18:00:00Z,3900,44.399445
46.12,46.12,44.77,94,44.985,2023-03-09T19:00:00Z,12845,45.588883
47.71,47.84,46.2,148,46.21,2023-03-09T20:00:00Z,18169,47.121103
48.91,50.0,48.01,62,48.01,2023-03-10T14:00:00Z,5247,48.942094
50.535,52.67,48.37,256,48.75,2023-03-10T15:00:00Z,19961,50.670151
51.61,51.61,48.96,298,50.58,2023-03-10T16:00:00Z,18747,50.431017
53.94,53.95,51.495,148,51.7,2023-03-10T17:00:00Z,18358,52.304822
56.62,57.68,53.41,265,53.98,2023-03-10T18:00:00Z,32243,56.034931
53.09,56.31,52.29,170,56.31,2023-03-10T19:00:00Z,17329,54.007797
52.79,54.3,51.96,318,53.19,2023-03-10T20:00:00Z,33827,53.131982
54.54,58.69,54.54,119,58.47,2023-03-13T13:00:00Z,7533,56.402481
56.21,58.05,54.96,101,55.19,2023-03-13T14:00:00Z,13207,56.949201
55.11,55.88,53.82,117,55.88,2023-03-13T15:00:00Z,14852,54.408076
55.76,56.05,54.09,27,54.23,2023-03-13T16:00:00Z,2655,55.155098
54.37,56.63,54.255,79,55.99,2023-03-13T17:00:00Z,10126,55.323096
53.77,54.76,53.77,98,54.19,2023-03-13T18:00:00Z,13535,54.308352
54.81,54.81,53.39,70,53.6,2023-03-13T19:00:00Z,10613,53.959432
51.35,51.46,50.22,129,50.66,2023-03-14T13:00:00Z,12000,50.920381
50.0,51.89,49.39,297,51.63,2023-03-14T14:00:00Z,27352,50.676953
48.99,49.94,48.62,124,49.91,2023-03-14T15:00:00Z,11553,49.07743
49.42,50.05,48.57,143,48.86,2023-03-14T16:00:00Z,12747,49.144489
51.26,51.57,49.16,379,49.16,2023-03-14T17:00:00Z,38586,50.972613
52.55,52.55,51.05,199,51.39,2023-03-14T18:00:00Z,24964,51.718688
51.17,53.17,51.17,138,52.3,2023-03-14T19:00:00Z,12610,52.420757
51.13,51.13,51.13,1,51.13,2023-03-14T20:00:00Z,100,51.13
56.06,56.26,54.7,115,55.69,2023-03-15T13:00:00Z,11358,55.422641
57.18,58.13,55.2,367,56.15,2023-03-15T14:00:00Z,44455,56.052718
57.7,57.7,56.11,289,56.93,2023-03-15T15:00:00Z,24647,56.898362
59.87,60.33,57.57,157,57.57,2023-03-15T16:00:00Z,17017,59.026853
58.27,60.33,57.22,129,59.64,2023-03-15T17:00:00Z,17580,58.055881
55.58,59.1,55.3,111,58.39,2023-03-15T18:00:00Z,12120,56.590836
55.24,56.92,54.3,319,55.21,2023-03-15T19:00:00Z,34745,55.656221
55.385,57.19,55.385,189,56.87,2023-03-16T13:00:00Z,29939,56.354292
53.11,56.97,52.59,225,55.53,2023-03-16T14:00:00Z,24321,55.140393
52.17,53.58,51.99,156,52.87,2023-03-16T15:00:00Z,16381,52.89788
51.28,53.2,51.24,66,52.19,2023-03-16T16:00:00Z,7401,52.068362
51.53,52.33,51.33,70,51.33,2023-03-16T17:00:00Z,8620,51.826244
51.16,52.13,51.16,36,51.49,2023-03-16T18:00:00Z,3432,51.670958
50.46,51.52,50.31,136,51.41,2023-03-16T19:00:00Z,8780,51.071714
52.42,52.85,51.68,58,52.04,2023-03-17T13:00:00Z,6408,52.384435
53.39,54.25,51.17,190,52.09,2023-03-17T14:00:00Z,19056,52.702721
54.92,55.11,52.9,151,53.54,2023-03-17T15:00:00Z,15456,53.955927
54.7,54.99,53.8,172,54.51,2023-03-17T16:00:00Z,19983,54.396857
54.36,54.87,53.53,95,54.75,2023-03-17T17:00:00Z,7976,54.308256
55.31,56.03,53.89,140,54.07,2023-03-17T18:00:00Z,14012,54.906807
56.03,56.76,54.78,201,55.44,2023-03-17T19:00:00Z,21478,55.582241
55.51,56.76,55.44,60,55.95,2023-03-20T13:00:00Z,9933,56.00117
54.16,55.79,54.16,171,55.04,2023-03-20T14:00:00Z,36457,55.196903
54.15,54.4,53.38,123,54.14,2023-03-20T15:00:00Z,11832,53.762435
53.73,55.43,53.73,72,54.16,2023-03-20T16:00:00Z,7450,54.472692
53.76,54.21,53.44,48,53.965,2023-03-20T17:00:00Z,4895,53.838659
53.54,54.33,53.33,17,54.02,2023-03-20T18:00:00Z,1700,53.773824
53.35,53.95,53.11,66,53.66,2023-03-20T19:00:00Z,6763,53.326916
50.335,50.5,50.16,145,50.45,2023-03-21T13:00:00Z,23674,50.354244
50.19,50.56,49.83,25,50.115,2023-03-21T14:00:00Z,2927,50.163216
50.16,50.48,49.5,28,49.7,2023-03-21T15:00:00Z,2864,49.939821
49.47,49.86,49.27,31,49.86,2023-03-21T16:00:00Z,1926,49.621842
49.33,49.66,48.79,18,49.66,2023-03-21T17:00:00Z,1208,49.175417
49.14,49.6,48.99,23,49.56,2023-03-21T18:00:00Z,1940,49.216842
48.55,49.215,48.41,57,49.215,2023-03-21T19:00:00Z,5836,48.87353
47.81,48.56,47.79,46,48.32,2023-03-22T13:00:00Z,5441,48.121878
47.33,47.71,47.09,56,47.71,2023-03-22T14:00:00Z,4933,47.353061
47.66,48.17,47.65,36,47.65,2023-03-22T15:00:00Z,2702,47.906396
48.04,48.04,47.87,9,47.97,2023-03-22T16:00:00Z,517,47.98
47.74,48.69,47.74,36,48.53,2023-03-22T17:00:00Z,2417,48.313958
48.15,48.58,46.85,131,47.32,2023-03-22T18:00:00Z,13882,47.598901
50.17,50.43,47.35,134,48.04,2023-03-22T19:00:00Z,12404,49.240501
50.3,50.3,50.3,3,50.3,2023-03-22T20:00:00Z,400,50.3
48.09,48.82,47.89,24,48.37,2023-03-23T13:00:00Z,3014,48.269333
47.16,48.23,47.16,30,48.23,2023-03-23T14:00:00Z,5798,47.678417
47.64,47.81,47.25,8,47.25,2023-03-23T15:00:00Z,800,47.47125
49.22,49.37,47.6,67,47.6,2023-03-23T16:00:00Z,5274,48.678768
49.95,49.99,48.93,20,49.02,2023-03-23T17:00:00Z,1603,49.691333
51.28,52.58,49.8,187,49.8,2023-03-23T18:00:00Z,17327,51.715224
51.77,52.56,50.25,168,51.21,2023-03-23T19:00:00Z,11503,51.22737
53.93,55.36,53.44,38,53.44,2023-03-24T13:00:00Z,3228,54.398333
54.37,54.67,53.29,43,54.03,2023-03-24T14:00:00Z,4714,53.81617
53.04,55.1,53.0,35,54.64,2023-03-24T15:00:00Z,3603,54.185
51.95,53.9,51.95,32,52.88,2023-03-24T16:00:00Z,3809,52.996336
51.46,52.31,50.91,71,51.8,2023-03-24T17:00:00Z,9433,51.385109
50.61,51.04,50.23,35,50.84,2023-03-24T18:00:00Z,4525,50.703913
49.73,51.08,49.73,84,50.57,2023-03-24T19:00:00Z,11257,50.260259
48.58,48.76,48.15,17,48.4,2023-03-27T13:00:00Z,1700,48.440588
49.11,49.35,48.48,36,48.58,2023-03-27T14:00:00Z,4320,48.829589
49.15,49.41,48.66,17,49.16,2023-03-27T15:00:00Z,1861,49.048514
48.6,49.01,48.46,21,49.01,2023-03-27T16:00:00Z,2250,48.576444
48.1,48.52,47.81,17,48.22,2023-03-27T17:00:00Z,1820,48.023834
47.84,48.27,47.65,8,48.27,2023-03-27T18:00:00Z,800,47.916667
47.8,47.96,47.75,16,47.75,2023-03-27T19:00:00Z,1804,47.856572
47.54,48.0,47.2,39,47.85,2023-03-28T13:00:00Z,6289,47.410074
47.25,47.64,46.79,52,47.47,2023-03-28T14:00:00Z,8546,47.034944
46.95,47.05,46.95,2,47.05,2023-03-28T15:00:00Z,250,46.99
47.09,47.09,47.09,1,47.09,2023-03-28T16:00:00Z,100,47.09
47.98,48.045,46.955,129,46.955,2023-03-28T17:00:00Z,8100,47.60211
47.64,47.98,47.64,4,47.98,2023-03-28T18:00:00Z,330,47.843333
46.64,47.1,46.64,74,47.05,2023-03-28T19:00:00Z,4428,46.922113
45.42,45.67,45.3,40,45.385,2023-03-29T13:00:00Z,7977,45.391614
45.71,45.86,45.25,96,45.27,2023-03-29T14:00:00Z,12690,45.449881
45.46,45.47,45.41,4,45.47,2023-03-29T15:00:00Z,400,45.4375
45.38,45.51,45.25,13,45.42,2023-03-29T16:00:00Z,1317,45.348885
45.46,45.59,45.46,7,45.57,2023-03-29T17:00:00Z,610,45.505
45.13,45.59,45.13,12,45.59,2023-03-29T18:00:00Z,990,45.312222
45.1,45.25,44.88,64,45.25,2023-03-29T19:00:00Z,7600,45.02154
45.07,45.17,44.88,24,44.94,2023-03-30T13:00:00Z,2610,44.9896
45.41,45.59,44.92,19,44.92,2023-03-30T14:00:00Z,2310,45.25
46.22,46.22,45.4,19,45.46,2023-03-30T15:00:00Z,2105,45.726216
45.92,46.64,45.88,34,46.27,2023-03-30T16:00:00Z,3620,46.103281
46.3,46.37,46.3,2,46.37,2023-03-30T17:00:00Z,200,46.335
45.38,45.83,45.37,22,45.83,2023-03-30T18:00:00Z,1134,45.584
45.15,45.33,44.92,52,45.33,2023-03-30T19:00:00Z,2193,45.15641
44.94,44.94,44.73,15,44.88,2023-03-31T13:00:00Z,1561,44.865
44.65,44.87,44.55,27,44.87,2023-03-31T14:00:00Z,2504,44.722248
44.65,45.13,44.65,3,44.89,2023-03-31T15:00:00Z,300,44.89
44.46,44.59,44.44,7,44.59,2023-03-31T16:00:00Z,652,44.503521
44.45,44.45,44.4,3,44.4,2023-03-31T17:00:00Z,450,44.422222
44.5,44.5,44.28,6,44.41,2023-03-31T18:00:00Z,500,44.4225
44.91,44.91,44.37,120,44.53,2023-03-31T19:00:00Z,9479,44.626646
44.81,44.85,44.66,22,44.78,2023-04-03T13:00:00Z,3038,44.768621
45.31,45.37,44.77,27,44.97,2023-04-03T14:00:00Z,2377,45.019545
44.54,44.85,44.54,19,44.82,2023-04-03T15:00:00Z,1537,44.671824
44.31,44.4,44.19,49,44.4,2023-04-03T16:00:00Z,3122,44.27253
44.26,44.41,44.21,29,44.37,2023-04-03T17:00:00Z,2141,44.343684
44.09,44.215,44.04,17,44.215,2023-04-03T18:00:00Z,1660,44.079
43.88,44.06,43.79,47,44.05,2023-04-03T19:00:00Z,4830,43.948504
44.26,44.43,44.26,7,44.42,2023-04-04T13:00:00Z,700,44.397143
44.83,44.83,44.13,20,44.13,2023-04-04T14:00:00Z,2300,44.477391
45.19,45.39,45.04,10,45.12,2023-04-04T15:00:00Z,2800,45.064543
45.145,45.81,45.02,20,45.81,2023-04-04T16:00:00Z,1460,45.232
44.7,44.75,44.63,18,44.75,2023-04-04T19:00:00Z,623,44.68
44.75,44.97,44.69,20,44.94,2023-04-05T13:00:00Z,4795,44.770499
45.69,45.71,44.78,27,44.87,2023-04-05T14:00:00Z,2660,45.2184
44.78,45.655,44.715,14,45.655,2023-04-05T15:00:00Z,1520,45.038333
45.29,45.32,44.5,9,44.5,2023-04-05T16:00:00Z,900,45.054444
44.79,44.79,44.67,2,44.67,2023-04-05T17:00:00Z,200,44.73
44.33,44.4,44.3,19,44.4,2023-04-05T19:00:00Z,1253,44.335
44.91,44.91,44.57,7,44.57,2023-04-06T13:00:00Z,1500,44.707333
44.2,44.59,44.2,11,44.59,2023-04-06T14:00:00Z,1313,44.513333
43.98,44.37,43.98,24,44.37,2023-04-06T15:00:00Z,1161,44.117273
43.58,43.92,43.54,24,43.82,2023-04-06T16:00:00Z,1901,43.714444
43.42,43.53,43.26,17,43.53,2023-04-06T17:00:00Z,1431,43.382143
43.17,43.34,43.13,14,43.34,2023-04-06T18:00:00Z,1140,43.233636
43.25,43.4,43.24,23,43.38,2023-04-06T19:00:00Z,1761,43.323125
43.82,44.15,43.78,24,43.93,2023-04-10T13:00:00Z,2688,43.848163
43.32,43.54,43.27,8,43.54,2023-04-10T14:00:00Z,404,43.3925
43.41,43.41,43.19,7,43.24,2023-04-10T15:00:00Z,432,43.2725
43.18,43.26,43.08,9,43.26,2023-04-10T16:00:00Z,531,43.17
43.1,43.13,43.1,2,43.13,2023-04-10T17:00:00Z,200,43.115
43.02,43.315,43.02,22,43.135,2023-04-10T19:00:00Z,3079,43.215586
42.65,42.9,42.5,43,42.61,2023-04-11T13:00:00Z,2430,42.656757
42.35,42.71,42.315,25,42.71,2023-04-11T14:00:00Z,1465,42.413456
42.11,42.31,42.06,30,42.27,2023-04-11T15:00:00Z,1750,42.181563
42.33,42.435,42.08,15,42.08,2023-04-11T16:00:00Z,1677,42.16692
42.06,42.31,42.06,4,42.31,2023-04-11T17:00:00Z,400,42.1775
42.31,42.31,42.09,4,42.09,2023-04-11T18:00:00Z,400,42.1475
42.71,42.72,42.13,5,42.13,2023-04-11T19:00:00Z,500,42.498
42.26,42.34,41.77,7,41.83,2023-04-12T13:00:00Z,650,41.986667
42.64,42.64,41.93,90,42.38,2023-04-12T14:00:00Z,3373,42.401035
42.25,43.135,42.24,123,42.72,2023-04-12T15:00:00Z,8296,42.805778
42.31,42.45,42.17,14,42.21,2023-04-12T16:00:00Z,905,42.323333
42.09,42.09,41.81,14,41.93,2023-04-12T17:00:00Z,1403,41.867857
42.19,42.54,41.67,14,41.86,2023-04-12T18:00:00Z,1412,42.058333
42.91,42.91,42.2,19,42.34,2023-04-12T19:00:00Z,2200,42.615909
42.03,42.03,41.91,9,42.03,2023-04-13T13:00:00Z,872,41.966
41.47,41.835,41.47,78,41.835,2023-04-13T14:00:00Z,4506,41.664416
41.29,41.42,41.19,65,41.32,2023-04-13T15:00:00Z,3977,41.289595
41.36,41.48,41.26,42,41.275,2023-04-13T16:00:00Z,4967,41.357011
41.49,41.49,41.35,19,41.42,2023-04-13T17:00:00Z,1424,41.416429
41.36,41.575,41.33,86,41.51,2023-04-13T18:00:00Z,12737,41.486376
41.3,41.44,41.19,74,41.4,2023-04-13T19:00:00Z,7540,41.339047
41.03,41.57,41.03,19,41.56,2023-04-14T13:00:00Z,1985,41.231176
41.34,41.455,40.88,113,41.05,2023-04-14T14:00:00Z,19227,41.278345
41.4,41.495,41.145,100,41.35,2023-04-14T15:00:00Z,9975,41.287809
41.78,41.82,41.23,44,41.23,2023-04-14T16:00:00Z,3139,41.582508
41.1,41.78,41.1,58,41.78,2023-04-14T17:00:00Z,4128,41.432332
40.77,41.11,40.77,65,41.1,2023-04-14T18:00:00Z,6069,40.924709
40.63,41.12,40.62,145,40.84,2023-04-14T19:00:00Z,13464,40.866086
40.02,40.43,40.02,14,40.43,2023-04-17T13:00:00Z,1100,40.337
40.16,40.16,39.62,37,39.945,2023-04-17T14:00:00Z,2867,39.769894
40.13,40.205,39.97,34,40.015,2023-04-17T15:00:00Z,3407,40.105505
39.72,39.81,39.64,40,39.81,2023-04-17T16:00:00Z,1367,39.728846
39.69,39.7,39.62,14,39.7,2023-04-17T17:00:00Z,519,39.667
39.42,39.66,39.42,15,39.6,2023-04-17T18:00:00Z,618,39.563333
39.48,39.51,39.31,34,39.31,2023-04-17T19:00:00Z,2506,39.440217
39.26,39.41,39.16,21,39.41,2023-04-18T13:00:00Z,1955,39.312631
39.32,39.85,39.28,22,39.49,2023-04-18T14:00:00Z,3119,39.513408
39.52,39.69,39.3,23,39.3,2023-04-18T15:00:00Z,9168,39.527655
39.3,39.46,39.27,20,39.46,2023-04-18T16:00:00Z,1169,39.349091
39.04,39.19,38.97,45,39.16,2023-04-18T17:00:00Z,1394,39.083077
39.03,39.07,38.89,12,39.06,2023-04-18T18:00:00Z,1002,38.984
39.15,39.24,38.98,44,39.03,2023-04-18T19:00:00Z,4149,39.125625
39.58,39.58,39.17,29,39.34,2023-04-19T13:00:00Z,2496,39.332217
39.17,39.6,39.17,53,39.53,2023-04-19T14:00:00Z,6101,39.450425
39.07,39.255,39.03,36,39.13,2023-04-19T15:00:00Z,2471,39.172904
38.93,39.06,38.875,21,39.05,2023-04-19T16:00:00Z,1480,38.948551
39.08,39.08,38.93,20,38.99,2023-04-19T17:00:00Z,1232,38.995
38.88,39.05,38.88,7,39.025,2023-04-19T18:00:00Z,502,38.983
39.13,39.34,38.68,96,38.86,2023-04-19T19:00:00Z,7531,39.065859
39.655,39.655,39.44,36,39.585,2023-04-20T13:00:00Z,11713,39.531334
39.51,39.76,39.31,25,39.67,2023-04-20T14:00:00Z,2735,39.620863
39.26,39.5,39.26,11,39.41,2023-04-20T15:00:00Z,823,39.3575
39.11,39.55,39.11,23,39.55,2023-04-20T16:00:00Z,1225,39.2875
39.02,39.08,39.02,7,39.06,2023-04-20T17:00:00Z,615,39.061667
39.625,39.71,39.08,16,39.09,2023-04-20T18:00:00Z,1482,39.37431
39.92,40.25,39.76,58,39.76,2023-04-20T19:00:00Z,4741,40.071355
40.11,40.11,39.72,25,39.72,2023-04-21T13:00:00Z,4741,40.038092
40.05,40.145,39.54,40,40.14,2023-04-21T14:00:00Z,2600,39.816875
39.97,40.17,39.74,18,39.81,2023-04-21T15:00:00Z,1108,39.897
39.51,39.74,39.51,24,39.61,2023-04-21T16:00:00Z,1151,39.604091
39.22,39.54,39.19,68,39.46,2023-04-21T17:00:00Z,7633,39.368094
39.3,39.395,39.09,40,39.12,2023-04-21T18:00:00Z,3369,39.164
39.23,39.51,39.17,25,39.34,2023-04-21T19:00:00Z,1976,39.3075
39.4,39.42,39.15,15,39.15,2023-04-24T13:00:00Z,1202,39.34
39.39,39.57,39.19,29,39.52,2023-04-24T14:00:00Z,2039,39.422
39.7,39.7,39.27,28,39.29,2023-04-24T15:00:00Z,2036,39.384211
39.34,39.67,39.28,9,39.67,2023-04-24T16:00:00Z,539,39.43
39.11,39.4,39.11,6,39.4,2023-04-24T17:00:00Z,600,39.251667
39.14,39.16,39.045,21,39.055,2023-04-24T18:00:00Z,7150,39.065575
39.055,39.13,39.0,52,39.07,2023-04-24T19:00:00Z,5083,39.066
39.8,39.82,39.32,58,39.615,2023-04-25T13:00:00Z,8601,39.469394
39.89,40.34,39.61,32,39.67,2023-04-25T14:00:00Z,2609,39.977381
40.4,40.4,39.74,29,39.74,2023-04-25T15:00:00Z,1809,39.991563
40.62,40.695,40.3,19,40.44,2023-04-25T16:00:00Z,1572,40.550882
42.02,42.02,40.57,74,40.72,2023-04-25T17:00:00Z,9256,41.278002
42.2,42.35,41.715,56,41.92,2023-04-25T18:00:00Z,7968,42.065151
42.22,42.52,41.65,61,42.025,2023-04-25T19:00:00Z,15461,42.358643
41.24,41.55,41.0,22,41.45,2023-04-26T13:00:00Z,3228,41.293525
40.77,41.95,40.75,112,41.06,2023-04-26T14:00:00Z,13458,41.251973
40.21,40.77,40.155,70,40.735,2023-04-26T15:00:00Z,14152,40.61878
40.41,40.65,40.12,18,40.16,2023-04-26T16:00:00Z,1672,40.358
41.28,41.28,40.38,36,40.38,2023-04-26T17:00:00Z,3404,40.92709
41.64,41.725,40.77,48,41.16,2023-04-26T18:00:00Z,5561,41.33413
41.13,41.71,41.02,53,41.71,2023-04-26T19:00:00Z,9213,41.476913
39.42,39.86,39.34,96,39.86,2023-04-27T13:00:00Z,16301,39.429793
39.27,39.505,39.05,66,39.39,2023-04-27T14:00:00Z,8331,39.2305
39.12,39.49,39.1,23,39.24,2023-04-27T15:00:00Z,2281,39.166889
38.99,39.125,38.99,84,39.01,2023-04-27T16:00:00Z,8923,39.065652
39.02,39.07,38.935,48,38.97,2023-04-27T17:00:00Z,3668,39.004568
39.22,39.22,38.97,63,38.99,2023-04-27T18:00:00Z,7565,39.113847
39.42,39.42,39.13,105,39.205,2023-04-27T19:00:00Z,11319,39.228544
38.87,39.11,38.85,75,39.11,2023-04-28T13:00:00Z,5478,38.968018
38.78,38.865,38.39,110,38.835,2023-04-28T14:00:00Z,10368,38.651976
38.11,39.04,38.11,69,39.0,2023-04-28T15:00:00Z,5516,38.563518
38.09,38.36,38.09,102,38.25,2023-04-28T16:00:00Z,9216,38.211013
38.13,38.27,38.08,59,38.11,2023-04-28T17:00:00Z,4688,38.156818
38.11,38.34,38.0,65,38.04,2023-04-28T18:00:00Z,5225,38.169615
37.86,38.32,37.86,167,38.09,2023-04-28T19:00:00Z,17256,38.138223
37.02,37.52,37.0,39,37.52,2023-05-01T13:00:00Z,5376,37.070475
36.47,37.08,36.385,109,37.03,2023-05-01T14:00:00Z,13373,36.723447
36.72,36.82,36.45,88,36.47,2023-05-01T15:00:00Z,10098,36.643182
36.65,36.65,36.41,20,36.63,2023-05-01T16:00:00Z,1776,36.519706
36.81,36.96,36.805,13,36.805,2023-05-01T17:00:00Z,1034,36.881111
37.235,37.32,36.79,19,36.79,2023-05-01T18:00:00Z,1581,37.208333
37.14,37.61,37.14,52,37.25,2023-05-01T19:00:00Z,4338,37.335395
38.56,38.56,38.045,14,38.045,2023-05-02T13:00:00Z,1303,38.340769
40.69,40.69,38.74,177,38.74,2023-05-02T14:00:00Z,56039,39.882586
40.62,41.47,40.065,43,40.82,2023-05-02T15:00:00Z,6375,40.950118
40.02,40.705,39.96,42,40.55,2023-05-02T16:00:00Z,7740,40.142921
39.29,39.795,39.105,29,39.795,2023-05-02T17:00:00Z,2955,39.359495
38.975,39.865,38.925,40,39.375,2023-05-02T18:00:00Z,4978,39.355289
38.94,39.2,38.77,141,38.89,2023-05-02T19:00:00Z,15672,38.942053
39.18,39.33,39.03,53,39.21,2023-05-03T13:00:00Z,13314,39.198323
39.48,39.665,39.295,42,39.295,2023-05-03T14:00:00Z,6773,39.368595
39.2,39.965,39.2,82,39.56,2023-05-03T15:00:00Z,7155,39.483383
39.185,39.21,39.055,9,39.21,2023-05-03T16:00:00Z,842,39.105714
38.81,38.98,38.705,18,38.94,2023-05-03T17:00:00Z,1637,38.82162
38.88,39.22,38.105,176,38.59,2023-05-03T18:00:00Z,15462,38.742577
39.965,40.075,38.655,60,38.655,2023-05-03T19:00:00Z,5280,39.714286
41.33,41.53,40.6,31,40.6,2023-05-04T13:00:00Z,2581,41.154233
41.89,42.765,41.14,132,41.285,2023-05-04T14:00:00Z,14786,42.145246
42.76,42.82,41.45,66,42.18,2023-05-04T15:00:00Z,10161,42.264947
42.57,43.145,42.325,49,42.82,2023-05-04T16:00:00Z,7475,42.654295
42.39,42.4,41.85,32,42.375,2023-05-04T17:00:00Z,2270,42.119444
42.06,42.4,41.905,53,42.02,2023-05-04T18:00:00Z,5150,42.196977
42.05,42.41,41.525,59,41.98,2023-05-04T19:00:00Z,9989,41.87144
39.96,40.37,39.92,26,40.37,2023-05-05T13:00:00Z,2413,40.042826
39.145,39.965,39.135,56,39.95,2023-05-05T14:00:00Z,5547,39.5987
39.11,39.36,38.99,66,39.12,2023-05-05T15:00:00Z,10584,39.236185
39.115,39.2,38.93,90,39.09,2023-05-05T16:00:00Z,5594,39.083265
38.94,39.08,38.94,18,39.065,2023-05-05T17:00:00Z,1603,39.015667
38.615,38.945,38.615,22,38.945,2023-05-05T18:00:00Z,1770,38.751563
38.77,38.81,38.61,141,38.62,2023-05-05T19:00:00Z,19374,38.693491
38.955,38.97,38.54,8,38.76,2023-05-08T13:00:00Z,800,38.8675
38.735,39.035,38.605,31,38.93,2023-05-08T14:00:00Z,3581,38.850673
38.66,38.685,38.52,6,38.68,2023-05-08T15:00:00Z,419,38.63625
38.845,38.875,38.46,59,38.46,2023-05-08T16:00:00Z,11366,38.79915
38.435,38.75,38.425,22,38.75,2023-05-08T17:00:00Z,1693,38.494688
38.165,38.42,38.1,47,38.42,2023-05-08T18:00:00Z,2236,38.199437
38.28,38.345,38.1,79,38.16,2023-05-08T19:00:00Z,10495,38.259834
38.77,39.05,38.74,46,38.74,2023-05-09T13:00:00Z,4797,38.875873
38.79,39.12,38.75,25,38.76,2023-05-09T14:00:00Z,1714,38.944667
38.91,38.96,38.785,19,38.96,2023-05-09T15:00:00Z,1021,38.8685
38.645,38.98,38.645,12,38.98,2023-05-09T16:00:00Z,609,38.743333
38.53,38.73,38.53,16,38.61,2023-05-09T17:00:00Z,621,38.63
38.58,38.58,38.49,15,38.495,2023-05-09T18:00:00Z,736,38.517857
38.98,39.0,38.67,22,38.67,2023-05-09T19:00:00Z,1780,38.933796
38.135,38.17,37.53,21,37.7,2023-05-10T13:00:00Z,2317,37.925
38.36,38.36,37.615,38,37.76,2023-05-10T14:00:00Z,4686,37.776441
38.01,38.02,37.725,11,37.79,2023-05-10T15:00:00Z,902,37.896111
38.64,38.64,38.05,18,38.05,2023-05-10T16:00:00Z,2260,38.247478
38.81,39.46,38.61,31,38.62,2023-05-10T17:00:00Z,3382,39.050963
38.26,38.76,38.235,9,38.705,2023-05-10T18:00:00Z,1101,38.434545
37.83,38.05,37.755,45,38.05,2023-05-10T19:00:00Z,4284,37.856905
38.75,38.97,38.24,7,38.24,2023-05-11T13:00:00Z,601,38.533333
39.17,39.17,38.755,16,38.86,2023-05-11T14:00:00Z,1013,38.860769
38.305,38.47,38.205,11,38.44,2023-05-11T15:00:00Z,803,38.34
38.01,38.45,38.01,7,38.45,2023-05-11T16:00:00Z,601,38.164167
38.55,38.55,38.08,3,38.08,2023-05-11T17:00:00Z,300,38.256667
37.615,38.05,37.615,17,38.05,2023-05-11T18:00:00Z,1816,37.722353
37.46,37.57,37.37,55,37.55,2023-05-11T19:00:00Z,4728,37.46012
36.99,37.19,36.84,55,37.04,2023-05-12T13:00:00Z,3609,36.952146
37.34,37.435,36.9,90,37.05,2023-05-12T14:00:00Z,7203,37.195418
37.44,37.55,37.145,27,37.34,2023-05-12T15:00:00Z,2605,37.346731
38.04,38.04,37.23,20,37.23,2023-05-12T16:00:00Z,1444,37.586071
38.0,38.185,37.72,57,38.185,2023-05-12T17:00:00Z,4575,37.888253
37.81,38.405,37.81,12,38.35,2023-05-12T18:00:00Z,1002,38.1225
37.46,37.77,37.46,93,37.77,2023-05-12T19:00:00Z,7219,37.583589
37.4,37.4,37.13,8,37.15,2023-05-15T13:00:00Z,725,37.264286
37.01,37.555,36.98,29,37.55,2023-05-15T14:00:00Z,1526,37.148328
36.92,37.04,36.85,22,36.88,2023-05-15T15:00:00Z,2270,36.926818
36.83,36.95,36.82,9,36.9,2023-05-15T16:00:00Z,1085,36.853
36.94,37.075,36.58,34,36.58,2023-05-15T17:00:00Z,2616,36.789277
36.71,36.83,36.71,6,36.79,2023-05-15T18:00:00Z,575,36.772
36.565,36.62,36.51,50,36.61,2023-05-15T19:00:00Z,5644,36.571095
36.825,36.95,36.54,16,36.86,2023-05-16T13:00:00Z,1225,36.799167
37.055,37.14,36.72,74,36.895,2023-05-16T14:00:00Z,21529,37.087239
36.81,37.0,36.7,40,36.99,2023-05-16T15:00:00Z,6174,36.878333
36.615,36.75,36.615,65,36.7,2023-05-16T16:00:00Z,10745,36.697345
36.67,36.88,36.67,10,36.67,2023-05-16T17:00:00Z,914,36.74
36.91,37.03,36.81,29,36.86,2023-05-16T18:00:00Z,2698,36.9174
37.58,37.62,36.92,81,36.92,2023-05-16T19:00:00Z,7998,37.338506
37.13,37.13,36.48,20,36.61,2023-05-17T13:00:00Z,2000,36.73025
36.84,37.035,36.705,33,37.035,2023-05-17T14:00:00Z,3670,36.790311
36.28,36.75,36.24,114,36.75,2023-05-17T15:00:00Z,16123,36.375383
36.42,36.42,36.23,24,36.315,2023-05-17T16:00:00Z,1745,36.316534
36.385,36.475,36.355,118,36.475,2023-05-17T17:00:00Z,19304,36.413275
36.36,36.415,36.32,43,36.38,2023-05-17T18:00:00Z,9210,36.396973
36.35,36.395,36.18,56,36.385,2023-05-17T19:00:00Z,4893,36.286087
36.29,36.29,36.11,13,36.19,2023-05-18T13:00:00Z,1730,36.212813
35.675,36.21,35.655,31,36.21,2023-05-18T14:00:00Z,4150,35.835467
35.4,35.635,35.295,52,35.635,2023-05-18T15:00:00Z,7460,35.356523
35.56,35.7,35.545,49,35.545,2023-05-18T16:00:00Z,5930,35.629645
35.52,35.535,35.25,26,35.49,2023-05-18T17:00:00Z,2506,35.411361
35.2,35.49,35.19,13,35.49,2023-05-18T18:00:00Z,1250,35.287917
34.95,35.22,34.93,73,35.21,2023-05-18T19:00:00Z,6472,35.011207
34.58,34.58,34.485,9,34.485,2023-05-19T13:00:00Z,1200,34.507661
34.675,34.74,34.49,18,34.65,2023-05-19T14:00:00Z,2890,34.590926
35.54,36.01,34.655,84,34.655,2023-05-19T15:00:00Z,9244,35.59262
35.77,36.21,35.755,51,35.765,2023-05-19T16:00:00Z,4934,36.008506
36.24,36.24,35.805,15,35.81,2023-05-19T17:00:00Z,1411,35.9675
36.05,36.445,36.05,20,36.32,2023-05-19T18:00:00Z,1962,36.297906
35.79,36.1,35.75,117,36.085,2023-05-19T19:00:00Z,11705,35.859813
35.82,35.82,35.65,20,35.8,2023-05-22T13:00:00Z,1723,35.742941
35.87,36.32,35.61,15,35.88,2023-05-22T14:00:00Z,1500,35.951333
35.3,35.86,35.3,73,35.86,2023-05-22T15:00:00Z,12316,35.465025
35.39,35.39,35.33,8,35.35,2023-05-22T16:00:00Z,464,35.365
35.295,35.83,35.24,52,35.32,2023-05-22T17:00:00Z,5164,35.567755
35.31,35.36,35.26,19,35.325,2023-05-22T18:00:00Z,1802,35.291111
35.82,35.88,35.475,48,35.48,2023-05-22T19:00:00Z,4010,35.774714
36.19,36.43,36.085,58,36.43,2023-05-23T13:00:00Z,13453,36.318334
35.9,36.225,35.81,31,36.225,2023-05-23T14:00:00Z,7370,36.037733
35.52,35.75,35.49,55,35.715,2023-05-23T15:00:00Z,6320,35.585232
36.11,36.195,35.575,37,35.575,2023-05-23T16:00:00Z,6550,36.018311
36.24,36.24,35.83,11,35.88,2023-05-23T17:00:00Z,841,36.05625
36.71,36.995,36.28,20,36.305,2023-05-23T18:00:00Z,2324,36.688799
36.47,36.78,36.23,15,36.74,2023-05-23T19:00:00Z,1500,36.506667
37.72,37.73,37.39,30,37.53,2023-05-24T13:00:00Z,2181,37.57625
38.15,38.15,37.77,18,37.835,2023-05-24T14:00:00Z,1413,37.953846
37.89,38.295,37.49,47,38.26,2023-05-24T15:00:00Z,3527,37.973771
38.01,38.25,37.845,16,37.845,2023-05-24T16:00:00Z,1272,38.102083
37.805,38.065,37.705,25,38.065,2023-05-24T17:00:00Z,4143,37.741392
38.15,38.15,37.66,12,37.66,2023-05-24T18:00:00Z,1112,37.933112
38.01,38.3,37.495,189,38.3,2023-05-24T19:00:00Z,17584,37.768214
37.24,37.24,36.84,35,36.84,2023-05-25T13:00:00Z,1800,37.015058
36.875,37.29,36.855,41,36.855,2023-05-25T14:00:00Z,5072,37.084868
37.615,37.625,36.745,11,36.745,2023-05-25T15:00:00Z,1130,37.248868
37.2,37.435,37.05,22,37.435,2023-05-25T16:00:00Z,1633,37.203461
37.005,37.47,36.91,35,37.36,2023-05-25T17:00:00Z,2980,37.253301
37.17,37.17,36.72,44,36.87,2023-05-25T18:00:00Z,4776,36.978478
37.01,37.205,36.69,185,37.17,2023-05-25T19:00:00Z,24690,37.009211
35.8,35.8,35.74,6,35.74,2023-05-26T13:00:00Z,563,35.764
34.805,35.66,34.77,154,35.66,2023-05-26T14:00:00Z,22564,35.173892
35.32,35.32,34.75,73,34.775,2023-05-26T15:00:00Z,8772,35.054443
35.47,35.47,35.305,39,35.45,2023-05-26T16:00:00Z,5326,35.359435
35.765,35.765,35.485,16,35.485,2023-05-26T17:00:00Z,989,35.59625
35.805,35.86,35.755,22,35.755,2023-05-26T18:00:00Z,2493,35.814593
35.6,35.815,35.51,82,35.76,2023-05-26T19:00:00Z,8191,35.644613
34.5,34.5,34.325,23,34.325,2023-05-30T13:00:00Z,2150,34.45165
34.575,34.575,34.26,40,34.455,2023-05-30T14:00:00Z,4250,34.377831
34.835,35.15,34.615,48,34.615,2023-05-30T15:00:00Z,4633,34.873282
35.03,35.295,34.86,64,34.86,2023-05-30T16:00:00Z,5542,35.086824
35.6,35.6,35.095,51,35.105,2023-05-30T17:00:00Z,4179,35.385117
35.05,35.835,35.05,64,35.825,2023-05-30T18:00:00Z,12070,35.461461
34.645,35.2,34.645,86,35.165,2023-05-30T19:00:00Z,8617,34.925211
34.74,35.06,34.74,8,34.96,2023-05-31T13:00:00Z,693,34.85
35.105,35.385,34.81,18,34.81,2023-05-31T14:00:00Z,1403,35.0975
35.16,35.43,35.16,19,35.22,2023-05-31T15:00:00Z,1280,35.271
35.19,35.19,35.05,6,35.05,2023-05-31T16:00:00Z,601,35.1175
34.53,34.895,34.52,59,34.855,2023-05-31T17:00:00Z,8799,34.712494
34.51,34.51,34.27,24,34.48,2023-05-31T18:00:00Z,2088,34.384741
34.415,34.47,34.145,42,34.45,2023-05-31T19:00:00Z,4052,34.290625
33.83,34.05,33.83,32,33.91,2023-06-01T13:00:00Z,4140,33.96991
33.09,33.8,33.09,57,33.8,2023-06-01T14:00:00Z,5101,33.373136
32.835,33.1,32.835,93,33.085,2023-06-01T15:00:00Z,18237,32.927855
32.7,32.845,32.655,187,32.845,2023-06-01T16:00:00Z,53050,32.712036
32.78,32.82,32.66,132,32.69,2023-06-01T17:00:00Z,32978,32.724814
32.5,32.8,32.49,40,32.8,2023-06-01T18:00:00Z,3543,32.641176
32.48,32.69,32.445,107,32.49,2023-06-01T19:00:00Z,9371,32.519708
31.73,31.85,31.59,23,31.59,2023-06-02T13:00:00Z,2472,31.762083
31.66,31.885,31.45,139,31.85,2023-06-02T14:00:00Z,28338,31.649502
31.15,31.64,31.15,51,31.64,2023-06-02T15:00:00Z,6725,31.351137
31.26,31.26,31.02,45,31.165,2023-06-02T16:00:00Z,3778,31.155
30.92,31.255,30.895,41,31.24,2023-06-02T17:00:00Z,3562,31.054677
31.08,31.08,30.92,52,30.975,2023-06-02T18:00:00Z,5760,30.997338
31.235,31.235,30.89,77,31.015,2023-06-02T19:00:00Z,10347,30.985184
31.25,31.25,31.15,3,31.16,2023-06-05T13:00:00Z,600,31.218333
31.1,31.28,31.08,27,31.18,2023-06-05T14:00:00Z,2043,31.134722
30.765,31.09,30.76,151,31.09,2023-06-05T15:00:00Z,39946,30.800409
30.77,30.79,30.725,26,30.76,2023-06-05T16:00:00Z,3067,30.7628
30.74,30.89,30.74,19,30.74,2023-06-05T17:00:00Z,1614,30.792857
30.855,31.13,30.675,65,30.69,2023-06-05T18:00:00Z,12183,30.883161
30.55,31.04,30.55,89,30.795,2023-06-05T19:00:00Z,11107,30.798959
30.08,30.43,30.08,24,30.42,2023-06-06T13:00:00Z,2342,30.228177
29.695,30.085,29.635,57,30.085,2023-06-06T14:00:00Z,6740,29.898229
29.34,29.65,29.34,11,29.59,2023-06-06T15:00:00Z,2225,29.469545
29.23,29.28,29.205,32,29.22,2023-06-06T16:00:00Z,3290,29.25389
29.285,29.395,29.16,55,29.31,2023-06-06T17:00:00Z,4724,29.312111
28.905,29.33,28.905,62,29.295,2023-06-06T18:00:00Z,4290,29.10027
28.775,29.0,28.715,111,28.94,2023-06-06T19:00:00Z,16800,28.900529
28.92,28.94,28.88,20,28.9,2023-06-07T13:00:00Z,4460,28.906968
29.28,29.38,29.02,192,29.03,2023-06-07T14:00:00Z,54326,29.26957
29.225,29.27,28.92,56,29.27,2023-06-07T15:00:00Z,8053,29.10954
29.11,29.34,29.11,7,29.21,2023-06-07T16:00:00Z,875,29.23625
29.23,29.37,29.11,30,29.19,2023-06-07T17:00:00Z,3535,29.200735
29.04,29.11,29.025,3,29.11,2023-06-07T18:00:00Z,300,29.058333
28.91,29.01,28.775,83,28.91,2023-06-07T19:00:00Z,7917,28.88843
29.1,29.1,28.81,8,28.81,2023-06-08T13:00:00Z,702,28.946429
28.65,28.86,28.62,26,28.86,2023-06-08T14:00:00Z,2395,28.672609
28.35,28.585,28.29,81,28.585,2023-06-08T15:00:00Z,8962,28.419246
28.145,28.26,28.08,63,28.25,2023-06-08T16:00:00Z,11513,28.19194
28.11,28.2,27.9,57,28.095,2023-06-08T17:00:00Z,5426,28.024297
28.085,28.175,28.025,34,28.135,2023-06-08T18:00:00Z,3003,28.107002
28.115,28.195,28.08,114,28.15,2023-06-08T19:00:00Z,18695,28.156308
28.1,28.11,28.1,6,28.11,2023-06-09T13:00:00Z,920,28.107718
28.195,28.285,27.995,75,28.085,2023-06-09T14:00:00Z,9542,28.098795
28.56,28.56,28.225,58,28.265,2023-06-09T15:00:00Z,10174,28.420178
28.525,28.695,28.525,23,28.695,2023-06-09T16:00:00Z,4341,28.5923
28.41,28.505,28.365,61,28.495,2023-06-09T17:00:00Z,8690,28.423351
28.42,28.505,28.42,31,28.44,2023-06-09T18:00:00Z,2280,28.451751
28.32,28.4,28.165,93,28.36,2023-06-09T19:00:00Z,7561,28.222255
28.79,28.805,28.59,95,28.59,2023-06-12T13:00:00Z,64393,28.711419
28.465,28.875,28.465,70,28.77,2023-06-12T14:00:00Z,9226,28.787968
28.44,28.44,28.35,17,28.37,2023-06-12T15:00:00Z,738,28.380714
28.42,28.42,28.34,16,28.34,2023-06-12T16:00:00Z,1845,28.377941
28.47,28.47,28.37,21,28.415,2023-06-12T17:00:00Z,2628,28.407034
28.465,28.49,28.39,43,28.49,2023-06-12T18:00:00Z,7625,28.458479
28.5,28.505,28.39,166,28.48,2023-06-12T19:00:00Z,37624,28.444082
28.07,28.1,27.98,13,28.1,2023-06-13T13:00:00Z,1303,28.055417
28.395,28.405,28.085,98,28.155,2023-06-13T14:00:00Z,11025,28.231589
28.425,28.555,28.38,54,28.38,2023-06-13T15:00:00Z,12304,28.536677
28.31,28.555,28.31,25,28.55,2023-06-13T16:00:00Z,1848,28.404
28.32,28.42,28.245,15,28.245,2023-06-13T17:00:00Z,2143,28.321341
28.34,28.49,28.33,17,28.37,2023-06-13T18:00:00Z,1550,28.405333
28.39,28.4,28.23,91,28.31,2023-06-13T19:00:00Z,8591,28.313645
27.85,28.29,27.85,33,28.28,2023-06-14T13:00:00Z,4345,27.980533
27.765,27.835,27.68,57,27.835,2023-06-14T14:00:00Z,15236,27.737536
27.82,27.885,27.745,38,27.765,2023-06-14T15:00:00Z,5627,27.825803
27.74,27.8,27.74,27,27.79,2023-06-14T16:00:00Z,2300,27.763684
27.86,27.935,27.75,56,27.755,2023-06-14T17:00:00Z,4924,27.861
27.85,28.355,27.84,124,28.01,2023-06-14T18:00:00Z,37921,28.180988
27.56,27.885,27.525,135,27.885,2023-06-14T19:00:00Z,25736,27.689677
27.43,27.46,27.37,11,27.37,2023-06-15T13:00:00Z,1500,27.402381
27.53,27.56,27.415,40,27.5,2023-06-15T14:00:00Z,4395,27.511308
27.65,27.825,27.6,84,27.6,2023-06-15T15:00:00Z,15962,27.751128
27.64,27.695,27.64,12,27.65,2023-06-15T16:00:00Z,2022,27.677447
27.56,27.66,27.55,12,27.65,2023-06-15T17:00:00Z,1300,27.622692
27.63,27.63,27.55,54,27.55,2023-06-15T18:00:00Z,18075,27.589217
28.29,28.315,27.665,81,27.665,2023-06-15T19:00:00Z,8797,28.045588
28.09,28.47,28.09,24,28.38,2023-06-16T13:00:00Z,2947,28.22657
28.12,28.34,28.005,49,28.025,2023-06-16T14:00:00Z,5461,28.171442
27.67,28.185,27.67,163,28.185,2023-06-16T15:00:00Z,33024,27.781483
27.56,27.65,27.39,49,27.65,2023-06-16T16:00:00Z,9875,27.470109
27.51,27.65,27.495,74,27.65,2023-06-16T17:00:00Z,14048,27.539102
27.55,27.55,27.475,30,27.475,2023-06-16T18:00:00Z,6177,27.515499
27.34,27.64,27.32,117,27.58,2023-06-16T19:00:00Z,12586,27.451652
27.62,27.62,27.39,14,27.53,2023-06-20T13:00:00Z,1141,27.486958
27.91,27.945,27.635,59,27.635,2023-06-20T14:00:00Z,7003,27.875764
27.735,27.985,27.735,100,27.86,2023-06-20T15:00:00Z,15226,27.92499
27.62,27.75,27.62,34,27.74,2023-06-20T16:00:00Z,2789,27.704296
27.5,27.58,27.5,37,27.58,2023-06-20T17:00:00Z,11470,27.570673
27.45,27.58,27.45,15,27.515,2023-06-20T18:00:00Z,1325,27.51875
27.355,27.505,27.355,124,27.405,2023-06-20T19:00:00Z,21927,27.40161
27.045,27.115,26.84,48,27.04,2023-06-21T13:00:00Z,6922,27.016115
27.11,27.175,26.945,47,27.17,2023-06-21T14:00:00Z,7142,27.012063
26.81,27.12,26.73,25,27.045,2023-06-21T15:00:00Z,2472,26.933913
27.005,27.005,26.775,11,26.875,2023-06-21T16:00:00Z,906,26.84
26.995,27.115,26.995,21,27.015,2023-06-21T17:00:00Z,1649,27.046292
26.855,26.955,26.855,12,26.955,2023-06-21T18:00:00Z,856,26.9125
26.78,26.975,26.7,60,26.88,2023-06-21T19:00:00Z,4750,26.827714
27.05,27.125,26.94,90,27.035,2023-06-22T13:00:00Z,23263,27.097671
26.87,27.035,26.87,42,26.99,2023-06-22T14:00:00Z,14072,27.010701
26.855,26.86,26.77,28,26.845,2023-06-22T15:00:00Z,2857,26.811607
26.685,26.87,26.685,13,26.87,2023-06-22T16:00:00Z,1041,26.755625
26.54,26.69,26.53,31,26.615,2023-06-22T17:00:00Z,9127,26.607974
26.18,26.49,26.145,33,26.49,2023-06-22T18:00:00Z,3179,26.3225
26.15,26.23,25.975,66,26.23,2023-06-22T19:00:00Z,6402,26.096203
27.03,27.05,26.78,13,26.78,2023-06-23T13:00:00Z,3602,27.000857
26.535,26.83,26.38,17,26.8,2023-06-23T14:00:00Z,1317,26.58125
26.34,26.575,26.285,11,26.39,2023-06-23T15:00:00Z,1528,26.411071
26.16,26.26,26.12,21,26.22,2023-06-23T16:00:00Z,4144,26.199148
26.17,26.2,26.12,13,26.12,2023-06-23T17:00:00Z,3334,26.154228
26.3,26.3,26.28,9,26.29,2023-06-23T18:00:00Z,773,26.291622
26.48,26.66,26.45,80,26.49,2023-06-23T19:00:00Z,6180,26.532222
26.095,26.28,25.975,26,26.28,2023-06-26T13:00:00Z,2218,26.048667
26.16,26.22,26.12,23,26.22,2023-06-26T14:00:00Z,1615,26.158125
26.0,26.215,26.0,50,26.21,2023-06-26T15:00:00Z,5636,26.183865
26.22,26.22,25.95,46,26.0,2023-06-26T16:00:00Z,5984,26.162574
26.06,26.06,25.985,9,26.04,2023-06-26T17:00:00Z,1188,26.004725
26.04,26.16,26.03,58,26.15,2023-06-26T18:00:00Z,8498,26.115258
26.45,26.47,26.075,95,26.23,2023-06-26T19:00:00Z,25311,26.408647
25.955,26.12,25.955,23,26.12,2023-06-27T13:00:00Z,1641,26.052
25.63,25.925,25.525,40,25.915,2023-06-27T14:00:00Z,8790,25.67002
25.49,25.65,25.46,11,25.65,2023-06-27T15:00:00Z,1106,25.54
25.465,25.49,25.4,47,25.42,2023-06-27T16:00:00Z,5200,25.466874
25.36,25.43,25.3,64,25.43,2023-06-27T17:00:00Z,7109,25.361367
25.375,25.395,25.3,127,25.395,2023-06-27T18:00:00Z,19414,25.365125
25.76,25.76,25.255,119,25.31,2023-06-27T19:00:00Z,15731,25.505746
25.53,25.59,25.25,36,25.58,2023-06-28T13:00:00Z,3887,25.462038
25.38,25.52,25.275,79,25.355,2023-06-28T14:00:00Z,10110,25.379132
25.31,25.425,25.31,36,25.38,2023-06-28T15:00:00Z,4716,25.359573
25.56,25.56,25.285,47,25.365,2023-06-28T16:00:00Z,6027,25.407266
25.27,25.545,25.27,22,25.545,2023-06-28T17:00:00Z,3149,25.438987
25.2,25.28,25.16,34,25.27,2023-06-28T18:00:00Z,4297,25.21681
24.87,25.165,24.85,175,25.135,2023-06-28T19:00:00Z,25864,25.061174
25.02,25.08,24.955,32,24.96,2023-06-29T13:00:00Z,3787,25.00684
25.46,25.49,25.02,201,25.02,2023-06-29T14:00:00Z,23323,25.333738
25.14,25.435,25.125,63,25.435,2023-06-29T15:00:00Z,6553,25.24981
25.295,25.3,25.085,72,25.085,2023-06-29T16:00:00Z,6771,25.219407
25.34,25.34,25.26,55,25.29,2023-06-29T17:00:00Z,6466,25.295495
25.335,25.4,25.315,88,25.35,2023-06-29T18:00:00Z,10050,25.339993
25.34,25.36,25.14,84,25.31,2023-06-29T19:00:00Z,8424,25.238317
25.18,25.19,25.015,40,25.05,2023-06-30T13:00:00Z,3688,25.069671
25.0,25.13,24.91,167,25.13,2023-06-30T14:00:00Z,13825,25.001318
24.81,25.0,24.77,31,25.0,2023-06-30T15:00:00Z,2973,24.850357
24.805,24.83,24.755,82,24.83,2023-06-30T16:00:00Z,6570,24.8025
24.81,24.825,24.79,48,24.815,2023-06-30T17:00:00Z,6022,24.812578
24.795,24.82,24.795,95,24.815,2023-06-30T18:00:00Z,9852,24.812825
24.92,24.93,24.705,135,24.78,2023-06-30T19:00:00Z,16448,24.813569
24.94,24.94,24.755,32,24.845,2023-07-03T13:00:00Z,4406,24.827182
24.915,25.045,24.915,93,24.93,2023-07-03T14:00:00Z,9318,24.98352
24.835,24.91,24.81,172,24.895,2023-07-03T15:00:00Z,27678,24.862303
24.75,24.84,24.735,131,24.835,2023-07-03T16:00:00Z,12718,24.789977
25.09,25.24,25.08,89,25.2,2023-07-05T13:00:00Z,17374,25.142617
25.065,25.155,25.03,64,25.075,2023-07-05T14:00:00Z,5493,25.094984
25.04,25.105,25.01,71,25.08,2023-07-05T15:00:00Z,6387,25.039893
24.925,25.065,24.92,62,25.065,2023-07-05T16:00:00Z,6042,25.008814
24.855,24.94,24.835,107,24.92,2023-07-05T17:00:00Z,19371,24.896069
25.12,25.14,24.92,81,24.935,2023-07-05T18:00:00Z,8742,25.02588
25.195,25.195,25.04,67,25.055,2023-07-05T19:00:00Z,6197,25.121707
27.13,27.15,26.28,172,26.28,2023-07-06T13:00:00Z,26306,26.822154
28.63,28.63,27.31,85,27.31,2023-07-06T14:00:00Z,6527,27.807541
28.165,28.835,28.16,76,28.62,2023-07-06T15:00:00Z,19624,28.587036
27.26,28.18,27.25,70,28.18,2023-07-06T16:00:00Z,10142,27.794069
26.485,27.27,26.48,62,27.08,2023-07-06T17:00:00Z,10320,26.807649
26.385,26.755,26.385,33,26.44,2023-07-06T18:00:00Z,2697,26.538097
26.46,26.62,26.42,131,26.42,2023-07-06T19:00:00Z,19474,26.51725
26.145,26.725,26.145,31,26.725,2023-07-07T13:00:00Z,6021,26.333502
25.84,26.13,25.8,51,26.075,2023-07-07T14:00:00Z,6979,25.98765
25.73,25.87,25.695,53,25.805,2023-07-07T15:00:00Z,6916,25.752186
25.63,25.695,25.515,90,25.65,2023-07-07T16:00:00Z,12335,25.59476
25.82,25.82,25.61,169,25.705,2023-07-07T17:00:00Z,28265,25.751052
25.565,25.77,25.565,72,25.72,2023-07-07T18:00:00Z,10775,25.675823
25.91,26.0,25.535,135,25.55,2023-07-07T19:00:00Z,14200,25.778561
25.94,25.94,25.63,6,25.83,2023-07-10T13:00:00Z,1100,25.805455
25.94,25.97,25.83,48,25.91,2023-07-10T14:00:00Z,10963,25.903136
26.1,26.11,25.9,28,25.97,2023-07-10T15:00:00Z,3700,26.038573
26.08,26.24,26.04,20,26.04,2023-07-10T16:00:00Z,2012,26.1509
25.97,26.025,25.97,4,25.98,2023-07-10T17:00:00Z,500,25.995
25.78,25.91,25.75,18,25.86,2023-07-10T18:00:00Z,1658,25.819375
25.72,25.87,25.68,63,25.84,2023-07-10T19:00:00Z,7987,25.755805
25.385,25.45,25.14,54,25.14,2023-07-11T13:00:00Z,18694,25.364617
25.2,25.5,25.08,167,25.325,2023-07-11T14:00:00Z,21578,25.313619
25.4,25.44,25.11,88,25.13,2023-07-11T15:00:00Z,8524,25.299693
25.715,25.82,25.405,173,25.415,2023-07-11T16:00:00Z,18021,25.619897
25.695,25.895,25.66,137,25.775,2023-07-11T17:00:00Z,11585,25.77743
25.585,25.775,25.58,119,25.66,2023-07-11T18:00:00Z,10488,25.651815
25.51,25.705,25.455,165,25.565,2023-07-11T19:00:00Z,14849,25.598356
24.54,24.65,24.465,49,24.52,2023-07-12T13:00:00Z,6448,24.554286
24.17,24.615,24.12,190,24.58,2023-07-12T14:00:00Z,34267,24.294933
24.245,24.345,24.02,96,24.135,2023-07-12T15:00:00Z,12410,24.172509
24.12,24.32,24.1,66,24.27,2023-07-12T16:00:00Z,7148,24.195102
24.15,24.22,24.1,35,24.1,2023-07-12T17:00:00Z,5403,24.155816
24.33,24.36,24.15,68,24.15,2023-07-12T18:00:00Z,9839,24.23149
24.09,24.395,24.05,163,24.34,2023-07-12T19:00:00Z,21642,24.198995
23.575,23.66,23.46,58,23.62,2023-07-13T13:00:00Z,9739,23.570494
23.79,23.8,23.575,56,23.595,2023-07-13T14:00:00Z,6499,23.685159
23.81,23.88,23.72,58,23.72,2023-07-13T15:00:00Z,6286,23.815771
24.035,24.05,23.8,121,23.815,2023-07-13T16:00:00Z,15083,23.929707
24.11,24.125,23.96,42,24.04,2023-07-13T17:00:00Z,5173,24.051306
23.91,24.21,23.845,114,24.12,2023-07-13T18:00:00Z,16203,24.059376
24.235,24.235,23.93,226,23.93,2023-07-13T19:00:00Z,28610,24.039262
24.34,24.34,24.08,36,24.205,2023-07-14T13:00:00Z,3834,24.246914
24.415,24.53,24.24,69,24.34,2023-07-14T14:00:00Z,6604,24.397889
24.27,24.295,24.1,13,24.19,2023-07-14T15:00:00Z,1350,24.213846
24.18,24.31,24.165,110,24.29,2023-07-14T16:00:00Z,11315,24.216062
23.955,24.205,23.95,63,24.18,2023-07-14T17:00:00Z,7622,24.101828
23.83,23.94,23.765,91,23.94,2023-07-14T18:00:00Z,9799,23.839963
23.95,24.05,23.84,95,23.855,2023-07-14T19:00:00Z,9148,23.918431
23.79,23.955,23.74,43,23.95,2023-07-17T13:00:00Z,3279,23.847444
23.5,23.79,23.5,37,23.79,2023-07-17T14:00:00Z,3865,23.662297
23.675,23.675,23.46,55,23.515,2023-07-17T15:00:00Z,5597,23.547198
23.605,23.69,23.6,39,23.675,2023-07-17T16:00:00Z,3561,23.639219
23.62,23.62,23.59,25,23.615,2023-07-17T17:00:00Z,4328,23.614177
23.75,23.815,23.605,91,23.665,2023-07-17T18:00:00Z,8472,23.718413
23.875,23.875,23.7,140,23.72,2023-07-17T19:00:00Z,15331,23.792794
23.73,23.88,23.73,34,23.775,2023-07-18T13:00:00Z,4620,23.767375
23.645,23.7,23.555,34,23.555,2023-07-18T14:00:00Z,3260,23.642097
23.73,23.735,23.65,56,23.735,2023-07-18T15:00:00Z,6739,23.7073
23.78,23.795,23.7,47,23.735,2023-07-18T16:00:00Z,6772,23.751186
23.715,23.79,23.71,56,23.78,2023-07-18T17:00:00Z,5693,23.76732
23.705,23.75,23.66,44,23.71,2023-07-18T18:00:00Z,3588,23.716774
23.525,23.71,23.395,155,23.705,2023-07-18T19:00:00Z,16386,23.533751
23.53,23.56,23.235,46,23.235,2023-07-19T13:00:00Z,5487,23.434441
23.76,23.87,23.52,104,23.61,2023-07-19T14:00:00Z,11724,23.724806
23.78,23.91,23.68,51,23.77,2023-07-19T15:00:00Z,5963,23.782147
23.73,23.86,23.715,38,23.78,2023-07-19T16:00:00Z,4474,23.795303
23.83,23.83,23.75,31,23.8,2023-07-19T17:00:00Z,3268,23.777333
23.85,23.98,23.81,51,23.82,2023-07-19T18:00:00Z,5426,23.883426
24.15,24.15,23.84,90,23.895,2023-07-19T19:00:00Z,11119,23.92625
23.845,23.9,23.825,18,23.9,2023-07-20T13:00:00Z,2000,23.8405
24.13,24.27,23.86,109,23.86,2023-07-20T14:00:00Z,12424,24.158707
23.825,24.11,23.825,93,24.09,2023-07-20T15:00:00Z,11899,23.943846
23.9,23.93,23.69,48,23.835,2023-07-20T16:00:00Z,8145,23.820079
23.98,24.01,23.93,54,23.93,2023-07-20T17:00:00Z,7366,23.985448
24.195,24.395,23.98,185,23.99,2023-07-20T18:00:00Z,24314,24.108067
24.0,24.31,23.995,146,24.2,2023-07-20T19:00:00Z,18834,24.162422
23.755,23.81,23.61,52,23.74,2023-07-21T13:00:00Z,5471,23.754605
23.47,23.76,23.27,216,23.75,2023-07-21T14:00:00Z,27746,23.49656
23.41,23.43,23.32,51,23.395,2023-07-21T15:00:00Z,5454,23.365475
23.51,23.52,23.345,54,23.38,2023-07-21T16:00:00Z,5442,23.427755
23.39,23.47,23.37,11,23.47,2023-07-21T17:00:00Z,881,23.405625
23.675,23.675,23.4,71,23.4,2023-07-21T18:00:00Z,7720,23.498044
23.69,23.83,23.6,83,23.71,2023-07-21T19:00:00Z,10011,23.739635
23.52,23.64,23.45,40,23.64,2023-07-24T13:00:00Z,4760,23.532449
23.19,23.46,23.15,111,23.455,2023-07-24T14:00:00Z,13720,23.329348
23.195,23.2,23.1,88,23.14,2023-07-24T15:00:00Z,9505,23.138591
23.27,23.335,23.21,69,23.21,2023-07-24T16:00:00Z,9997,23.280236
23.335,23.335,23.22,57,23.265,2023-07-24T17:00:00Z,6586,23.263032
23.265,23.33,23.25,73,23.265,2023-07-24T18:00:00Z,8104,23.282937
23.305,23.41,23.24,132,23.27,2023-07-24T19:00:00Z,15162,23.304095
22.98,23.275,22.98,21,23.275,2023-07-25T13:00:00Z,3200,23.09
23.035,23.035,22.85,57,22.955,2023-07-25T14:00:00Z,5391,22.937447
23.245,23.27,23.01,61,23.04,2023-07-25T15:00:00Z,6367,23.129435
23.11,23.355,23.105,96,23.27,2023-07-25T16:00:00Z,11324,23.264843
23.125,23.14,23.065,138,23.11,2023-07-25T17:00:00Z,13709,23.123994
23.265,23.28,23.025,316,23.11,2023-07-25T18:00:00Z,34719,23.163377
23.325,23.35,23.25,312,23.265,2023-07-25T19:00:00Z,32820,23.309785
23.09,23.48,23.035,67,23.48,2023-07-26T13:00:00Z,9030,23.107697
23.18,23.23,22.89,108,23.12,2023-07-26T14:00:00Z,13935,23.042998
23.1,23.235,23.09,17,23.22,2023-07-26T15:00:00Z,1929,23.171316
23.11,23.17,23.07,31,23.1,2023-07-26T16:00:00Z,3487,23.111665
23.02,23.115,23.02,28,23.1,2023-07-26T17:00:00Z,2844,23.070973
22.83,23.04,22.66,102,22.88,2023-07-26T18:00:00Z,14149,22.875985
22.64,23.13,22.62,168,22.75,2023-07-26T19:00:00Z,20125,22.851454
22.52,22.52,22.22,24,22.22,2023-07-27T13:00:00Z,2708,22.347507
22.575,22.61,22.33,416,22.42,2023-07-27T14:00:00Z,83894,22.502154
22.45,22.66,22.44,171,22.565,2023-07-27T15:00:00Z,22918,22.594549
22.44,22.48,22.295,94,22.34,2023-07-27T16:00:00Z,7922,22.40392
23.06,23.18,22.43,255,22.43,2023-07-27T17:00:00Z,28687,22.841756
23.85,23.87,23.05,371,23.15,2023-07-27T18:00:00Z,43581,23.390948
23.75,24.285,23.46,442,23.78,2023-07-27T19:00:00Z,50923,23.931015
22.85,23.01,22.79,25,23.0,2023-07-28T13:00:00Z,2865,22.906729
23.05,23.05,22.65,167,22.85,2023-07-28T14:00:00Z,27748,22.839944
23.16,23.16,22.88,72,22.95,2023-07-28T15:00:00Z,8458,22.949624
23.175,23.205,23.085,57,23.205,2023-07-28T16:00:00Z,6078,23.158551
23.28,23.45,23.11,102,23.195,2023-07-28T17:00:00Z,12274,23.263666
22.9,23.21,22.9,34,23.2,2023-07-28T18:00:00Z,1904,23.040894
22.83,23.01,22.71,121,22.945,2023-07-28T19:00:00Z,12431,22.834022
22.87,22.87,22.65,179,22.8,2023-07-31T13:00:00Z,25024,22.70733
22.9,22.995,22.83,54,22.91,2023-07-31T14:00:00Z,5094,22.885204
23.06,23.07,22.92,23,22.94,2023-07-31T15:00:00Z,2422,22.9777
22.92,23.06,22.84,28,23.06,2023-07-31T16:00:00Z,2858,22.915926
22.875,22.98,22.865,71,22.92,2023-07-31T17:00:00Z,7791,22.925312
22.77,22.95,22.74,64,22.9,2023-07-31T18:00:00Z,6769,22.832529
22.71,22.85,22.71,46,22.79,2023-07-31T19:00:00Z,5968,22.76962
22.99,23.235,22.98,38,23.235,2023-08-01T13:00:00Z,4031,23.082508
23.31,23.335,22.93,57,23.02,2023-08-01T14:00:00Z,7377,23.139438
23.26,23.395,23.19,52,23.27,2023-08-01T15:00:00Z,5368,23.296911
23.22,23.375,23.21,61,23.265,2023-08-01T16:00:00Z,4795,23.28186
23.045,23.17,23.045,23,23.14,2023-08-01T17:00:00Z,2187,23.144624
23.01,23.07,22.96,48,22.995,2023-08-01T18:00:00Z,6100,22.998324
22.98,23.105,22.95,150,22.955,2023-08-01T19:00:00Z,16100,23.021054
24.55,24.65,24.32,374,24.465,2023-08-02T13:00:00Z,96845,24.503334
25.46,25.49,24.505,176,24.505,2023-08-02T14:00:00Z,18310,25.004584
25.46,25.46,24.85,167,25.445,2023-08-02T15:00:00Z,17426,25.144637
25.05,25.445,24.94,111,25.395,2023-08-02T16:00:00Z,11419,25.209521
25.27,25.32,24.96,63,24.995,2023-08-02T17:00:00Z,6367,25.104349
25.265,25.42,25.15,115,25.26,2023-08-02T18:00:00Z,13062,25.280002
24.99,25.65,24.93,355,25.215,2023-08-02T19:00:00Z,46696,25.344042
25.76,26.19,25.7,73,25.9,2023-08-03T13:00:00Z,5582,25.962019
25.82,26.27,25.63,143,25.83,2023-08-03T14:00:00Z,14223,25.943657
25.3,25.82,25.065,400,25.78,2023-08-03T15:00:00Z,27530,25.376012
24.835,25.3,24.76,476,25.215,2023-08-03T16:00:00Z,73363,25.07341
25.05,25.05,24.605,152,24.82,2023-08-03T17:00:00Z,10358,24.759866
24.935,25.12,24.875,43,25.07,2023-08-03T18:00:00Z,2911,24.962222
24.98,25.25,24.89,155,24.945,2023-08-03T19:00:00Z,8796,25.016782
24.12,24.19,23.64,142,24.165,2023-08-04T13:00:00Z,15189,23.905337
23.8,24.45,23.75,218,24.13,2023-08-04T14:00:00Z,18564,24.050615
23.77,23.88,23.68,112,23.82,2023-08-04T15:00:00Z,8900,23.750854
23.78,23.82,23.68,54,23.77,2023-08-04T16:00:00Z,4970,23.736667
24.17,24.18,23.78,115,23.785,2023-08-04T17:00:00Z,8783,23.947253
25.635,25.7,24.285,433,24.285,2023-08-04T18:00:00Z,29444,24.878112
25.785,26.0,25.23,390,25.57,2023-08-04T19:00:00Z,38557,25.784153
25.67,25.67,25.67,1,25.67,2023-08-04T20:00:00Z,100,25.67
25.34,25.46,25.07,157,25.225,2023-08-07T13:00:00Z,11320,25.272588
25.09,25.44,24.83,261,25.34,2023-08-07T14:00:00Z,14908,25.02551
24.84,25.32,24.84,93,25.02,2023-08-07T15:00:00Z,7260,25.100657
24.745,25.01,24.745,186,24.85,2023-08-07T16:00:00Z,10114,24.910395
24.635,24.94,24.635,244,24.73,2023-08-07T17:00:00Z,9758,24.758492
24.66,24.82,24.57,167,24.625,2023-08-07T18:00:00Z,11289,24.658921
24.48,24.845,24.43,192,24.63,2023-08-07T19:00:00Z,19215,24.643317
26.365,26.49,25.53,279,25.555,2023-08-08T13:00:00Z,23967,26.100394
27.11,27.11,26.34,750,26.39,2023-08-08T14:00:00Z,42526,26.661306
26.995,27.18,26.685,377,27.085,2023-08-08T15:00:00Z,38781,26.794474
26.24,26.935,26.24,467,26.935,2023-08-08T16:00:00Z,19749,26.540703
25.81,26.23,25.795,330,26.115,2023-08-08T17:00:00Z,15315,25.999151
25.21,25.825,25.21,505,25.8,2023-08-08T18:00:00Z,20270,25.47556
24.935,25.3,24.92,415,25.19,2023-08-08T19:00:00Z,26097,25.081323
24.59,24.78,24.48,146,24.67,2023-08-09T13:00:00Z,10321,24.626252
24.67,24.73,24.27,288,24.45,2023-08-09T14:00:00Z,15792,24.430681
25.54,25.6,24.635,385,24.71,2023-08-09T15:00:00Z,19633,25.151448
25.28,25.75,25.14,312,25.6,2023-08-09T16:00:00Z,16826,25.447953
24.685,25.27,24.675,180,25.27,2023-08-09T17:00:00Z,10999,24.863051
24.255,24.745,24.21,112,24.74,2023-08-09T18:00:00Z,9093,24.407741
24.77,24.8,24.19,130,24.3,2023-08-09T19:00:00Z,20407,24.590955
23.48,23.815,23.395,158,23.75,2023-08-10T13:00:00Z,20082,23.53986
23.835,24.18,23.37,287,23.465,2023-08-10T14:00:00Z,22717,23.646885
24.475,24.62,23.91,385,23.91,2023-08-10T15:00:00Z,20744,24.284102
24.805,24.84,24.395,218,24.48,2023-08-10T16:00:00Z,12235,24.565057
25.395,25.46,24.63,409,24.835,2023-08-10T17:00:00Z,27561,25.013391
24.645,25.46,24.63,564,25.46,2023-08-10T18:00:00Z,17862,24.994341
24.78,25.115,24.51,388,24.63,2023-08-10T19:00:00Z,20897,24.795446
25.025,25.415,24.93,93,25.28,2023-08-11T13:00:00Z,13017,25.117302
24.565,24.89,24.28,301,24.89,2023-08-11T14:00:00Z,14840,24.487744
24.45,24.78,24.45,238,24.54,2023-08-11T15:00:00Z,9743,24.637405
24.44,24.49,24.325,104,24.43,2023-08-11T16:00:00Z,7774,24.407497
24.43,24.455,24.115,146,24.41,2023-08-11T17:00:00Z,15588,24.365068
23.995,24.35,23.97,239,24.35,2023-08-11T18:00:00Z,15602,24.053249
23.88,24.135,23.78,332,24.065,2023-08-11T19:00:00Z,36571,23.917956
24.5,24.58,24.23,140,24.23,2023-08-14T13:00:00Z,8078,24.393737
23.48,24.51,23.48,348,24.51,2023-08-14T14:00:00Z,20860,23.912121
23.425,23.71,23.39,95,23.52,2023-08-14T15:00:00Z,4507,23.573513
23.455,23.65,23.45,112,23.51,2023-08-14T16:00:00Z,5684,23.532843
23.45,23.45,23.39,23,23.39,2023-08-14T17:00:00Z,2034,23.407895
23.555,23.645,23.39,47,23.39,2023-08-14T18:00:00Z,4952,23.523438
23.43,23.64,23.43,109,23.53,2023-08-14T19:00:00Z,9462,23.552517
24.26,24.27,23.8,170,23.8,2023-08-15T13:00:00Z,17879,24.043097
24.82,24.945,24.28,469,24.28,2023-08-15T14:00:00Z,41641,24.665517
24.235,24.77,24.235,289,24.76,2023-08-15T15:00:00Z,22465,24.557582
24.58,24.74,24.135,217,24.14,2023-08-15T16:00:00Z,19697,24.46425
24.63,24.75,24.45,67,24.645,2023-08-15T17:00:00Z,5113,24.592889
24.52,24.72,24.33,84,24.6,2023-08-15T18:00:00Z,8201,24.569633
24.75,25.02,24.46,299,24.48,2023-08-15T19:00:00Z,20119,24.827936
24.41,24.595,24.36,69,24.585,2023-08-16T13:00:00Z,5173,24.529091
24.15,24.605,24.15,509,24.53,2023-08-16T14:00:00Z,23837,24.334162
24.71,24.71,24.06,91,24.155,2023-08-16T15:00:00Z,9199,24.309612
24.78,24.915,24.56,87,24.615,2023-08-16T16:00:00Z,8861,24.742113
24.61,25.02,24.555,73,24.765,2023-08-16T17:00:00Z,13977,24.838199
24.77,24.86,24.36,149,24.59,2023-08-16T18:00:00Z,10039,24.63125
25.17,25.17,24.74,347,24.76,2023-08-16T19:00:00Z,23599,24.96871
24.84,24.84,24.84,1,24.84,2023-08-17T12:00:00Z,100,24.84
24.96,25.085,24.715,154,24.76,2023-08-17T13:00:00Z,19895,24.890321
25.12,25.27,24.9,184,24.93,2023-08-17T14:00:00Z,12013,25.066842
25.335,25.57,25.175,250,25.25,2023-08-17T15:00:00Z,13964,25.352546
25.05,25.47,25.04,166,25.395,2023-08-17T16:00:00Z,9698,25.235309
25.26,25.47,24.975,237,24.975,2023-08-17T17:00:00Z,14028,25.238009
25.75,25.805,25.24,268,25.26,2023-08-17T18:00:00Z,15207,25.561058
26.35,26.36,25.715,712,25.715,2023-08-17T19:00:00Z,51761,26.0143
27.14,27.15,26.795,303,27.15,2023-08-18T13:00:00Z,15185,26.979941
26.56,27.27,26.56,273,27.22,2023-08-18T14:00:00Z,24484,26.882005
25.87,26.48,25.87,382,26.48,2023-08-18T15:00:00Z,22770,26.27231
25.99,26.16,25.88,236,25.9,2023-08-18T16:00:00Z,10368,25.99741
25.935,26.28,25.92,142,26.055,2023-08-18T17:00:00Z,9808,26.102529
25.82,25.93,25.735,297,25.86,2023-08-18T18:00:00Z,16060,25.819609
25.76,26.005,25.53,402,25.86,2023-08-18T19:00:00Z,34571,25.704047
25.15,25.4,25.15,87,25.37,2023-08-21T13:00:00Z,8100,25.299605
25.41,25.65,25.14,220,25.155,2023-08-21T14:00:00Z,46309,25.555898
25.86,25.86,25.27,96,25.36,2023-08-21T15:00:00Z,7082,25.587612
25.395,25.87,25.395,119,25.82,2023-08-21T16:00:00Z,10060,25.560282
25.145,25.44,25.02,184,25.38,2023-08-21T17:00:00Z,12987,25.136645
24.99,25.11,24.93,162,25.105,2023-08-21T18:00:00Z,10845,25.012431
25.04,25.16,24.97,211,25.01,2023-08-21T19:00:00Z,19055,25.029882
25.17,25.205,24.52,61,24.52,2023-08-22T13:00:00Z,6528,24.962414
25.165,25.52,25.07,341,25.215,2023-08-22T14:00:00Z,21183,25.241034
25.36,25.37,24.98,202,25.12,2023-08-22T15:00:00Z,15951,25.193974
25.205,25.58,25.125,90,25.36,2023-08-22T16:00:00Z,12975,25.28177
25.23,25.45,25.18,39,25.18,2023-08-22T17:00:00Z,3573,25.314143
25.19,25.39,25.14,59,25.25,2023-08-22T18:00:00Z,3406,25.236406
25.13,25.36,24.9,135,25.12,2023-08-22T19:00:00Z,12446,25.127051
24.49,24.88,24.49,104,24.88,2023-08-23T13:00:00Z,7651,24.627153
24.33,24.605,24.325,203,24.495,2023-08-23T14:00:00Z,35313,24.442502
24.45,24.495,24.37,102,24.44,2023-08-23T15:00:00Z,13227,24.428829
24.475,24.53,24.42,131,24.49,2023-08-23T16:00:00Z,9788,24.464836
24.37,24.54,24.3,109,24.54,2023-08-23T17:00:00Z,5850,24.393923
24.43,24.49,24.37,115,24.38,2023-08-23T18:00:00Z,10963,24.410922
24.32,24.45,24.24,194,24.435,2023-08-23T19:00:00Z,18881,24.338028
23.925,24.27,23.9,68,23.99,2023-08-24T13:00:00Z,7642,24.079792
24.47,24.54,23.86,444,23.86,2023-08-24T14:00:00Z,34066,24.280684
24.91,24.91,24.515,162,24.515,2023-08-24T15:00:00Z,14807,24.715689
24.635,24.92,24.47,97,24.9,2023-08-24T16:00:00Z,8755,24.724625
24.79,24.86,24.52,46,24.59,2023-08-24T17:00:00Z,4331,24.733372
24.84,24.97,24.665,79,24.725,2023-08-24T18:00:00Z,7749,24.804578
25.295,25.38,24.79,263,24.815,2023-08-24T19:00:00Z,17577,25.152424
24.8,25.02,24.785,62,25.02,2023-08-25T13:00:00Z,3191,24.888333
25.52,25.535,24.295,356,24.81,2023-08-25T14:00:00Z,33119,25.000134
25.0,25.6,24.77,301,25.435,2023-08-25T15:00:00Z,21221,25.212157
24.535,25.02,24.46,248,25.02,2023-08-25T16:00:00Z,20817,24.651106
24.51,24.65,24.385,186,24.465,2023-08-25T17:00:00Z,13977,24.512367
24.22,24.52,24.21,183,24.52,2023-08-25T18:00:00Z,18384,24.298128
24.16,24.28,23.97,226,24.17,2023-08-25T19:00:00Z,22181,24.116388
23.565,23.725,23.53,36,23.725,2023-08-28T13:00:00Z,3329,23.617176
23.555,23.67,23.38,209,23.54,2023-08-28T14:00:00Z,17606,23.482591
23.77,23.825,23.53,167,23.53,2023-08-28T15:00:00Z,14559,23.732172
23.425,23.73,23.405,73,23.73,2023-08-28T16:00:00Z,8913,23.56172
23.6,23.6,23.25,121,23.38,2023-08-28T17:00:00Z,15426,23.344733
23.355,23.54,23.35,50,23.54,2023-08-28T18:00:00Z,5687,23.479484
23.25,23.5,23.22,153,23.33,2023-08-28T19:00:00Z,18532,23.319264
22.87,23.23,22.825,74,23.175,2023-08-29T13:00:00Z,6521,22.935963
22.72,22.84,22.53,341,22.84,2023-08-29T14:00:00Z,31068,22.64499
22.75,22.83,22.55,345,22.745,2023-08-29T15:00:00Z,67751,22.765959
22.645,22.8,22.645,172,22.79,2023-08-29T16:00:00Z,13299,22.717451
22.83,22.9,22.6,310,22.64,2023-08-29T17:00:00Z,23153,22.671779
22.6,22.9,22.6,209,22.885,2023-08-29T18:00:00Z,14136,22.81387
22.62,22.64,22.46,272,22.61,2023-08-29T19:00:00Z,22102,22.550752
22.275,22.6,22.25,44,22.43,2023-08-30T13:00:00Z,3622,22.414924
22.495,22.61,22.2,247,22.305,2023-08-30T14:00:00Z,22589,22.453366
22.23,22.49,22.22,95,22.49,2023-08-30T15:00:00Z,9471,22.333301
22.095,22.235,22.06,104,22.225,2023-08-30T16:00:00Z,9368,22.11112
22.175,22.25,22.065,158,22.095,2023-08-30T17:00:00Z,18998,22.161188
22.15,22.29,22.14,155,22.18,2023-08-30T18:00:00Z,45220,22.226737
21.91,22.14,21.87,308,22.14,2023-08-30T19:00:00Z,28536,22.022854
21.7,21.86,21.66,66,21.84,2023-08-31T13:00:00Z,12655,21.743467
21.645,21.675,21.545,170,21.65,2023-08-31T14:00:00Z,19571,21.620836
21.73,21.76,21.62,217,21.64,2023-08-31T15:00:00Z,44062,21.704934
21.875,21.96,21.655,196,21.735,2023-08-31T16:00:00Z,28033,21.791249
21.625,21.925,21.585,99,21.885,2023-08-31T17:00:00Z,15462,21.871671
21.6,21.66,21.48,129,21.51,2023-08-31T18:00:00Z,18483,21.527227
21.48,21.62,21.42,115,21.62,2023-08-31T19:00:00Z,13987,21.5079
21.205,21.3,21.1,106,21.16,2023-09-01T13:00:00Z,43744,21.230801
21.29,21.34,21.02,118,21.33,2023-09-01T14:00:00Z,14573,21.106431
21.265,21.42,21.19,125,21.3,2023-09-01T15:00:00Z,15025,21.296485
21.03,21.27,21.02,76,21.27,2023-09-01T16:00:00Z,8773,21.115674
21.1,21.1,21.0,56,21.025,2023-09-01T17:00:00Z,5999,21.061556
21.16,21.19,21.1,49,21.1,2023-09-01T18:00:00Z,4511,21.159144
21.22,21.25,21.12,175,21.15,2023-09-01T19:00:00Z,21182,21.184917
21.475,21.49,21.31,32,21.31,2023-09-05T13:00:00Z,3342,21.372212
21.465,21.61,21.39,58,21.46,2023-09-05T14:00:00Z,6011,21.492449
21.31,21.465,21.21,49,21.465,2023-09-05T15:00:00Z,5975,21.354013
21.125,21.25,21.105,37,21.25,2023-09-05T16:00:00Z,2975,21.167956
21.15,21.27,21.14,39,21.14,2023-09-05T17:00:00Z,3508,21.229359
21.07,21.235,21.03,49,21.16,2023-09-05T18:00:00Z,5414,21.133327
21.325,21.34,21.07,180,21.07,2023-09-05T19:00:00Z,21038,21.211814
21.44,21.55,21.38,106,21.48,2023-09-06T13:00:00Z,25468,21.508176
21.69,21.73,21.51,99,21.51,2023-09-06T14:00:00Z,12617,21.605736
21.58,21.89,21.53,98,21.74,2023-09-06T15:00:00Z,10355,21.756325
22.13,22.21,21.66,113,21.66,2023-09-06T16:00:00Z,13745,21.968352
21.94,22.21,21.94,107,22.21,2023-09-06T17:00:00Z,12804,22.070146
21.65,22.005,21.65,47,22.005,2023-09-06T18:00:00Z,7198,21.845293
21.785,21.845,21.605,121,21.65,2023-09-06T19:00:00Z,16014,21.714398
22.53,22.585,22.29,108,22.43,2023-09-07T13:00:00Z,23465,22.381197
22.21,22.67,22.11,179,22.485,2023-09-07T14:00:00Z,22777,22.378401
22.21,22.21,21.98,84,22.15,2023-09-07T15:00:00Z,9901,22.118263
22.12,22.215,21.95,47,22.215,2023-09-07T16:00:00Z,6008,22.055233
21.93,22.12,21.93,78,22.12,2023-09-07T17:00:00Z,12778,22.016787
21.83,22.05,21.81,45,21.825,2023-09-07T18:00:00Z,7037,21.921853
21.69,21.9,21.6,106,21.79,2023-09-07T19:00:00Z,10483,21.698594
21.44,21.6,21.44,5,21.6,2023-09-08T12:00:00Z,2000,21.52
21.345,21.505,21.215,69,21.505,2023-09-08T13:00:00Z,8775,21.344371
21.195,21.28,21.04,108,21.28,2023-09-08T14:00:00Z,13013,21.158949
21.15,21.225,20.975,74,21.225,2023-09-08T15:00:00Z,5986,21.081289
21.07,21.21,20.995,102,21.17,2023-09-08T16:00:00Z,21173,21.098534
21.15,21.22,21.04,49,21.04,2023-09-08T17:00:00Z,5401,21.152609
21.35,21.35,21.02,104,21.1,2023-09-08T18:00:00Z,25907,21.215085
21.26,21.43,21.255,123,21.335,2023-09-08T19:00:00Z,15926,21.348713
21.06,21.2,21.06,5,21.08,2023-09-11T12:00:00Z,2000,21.124
21.17,21.17,20.875,70,20.91,2023-09-11T13:00:00Z,11553,21.036243
20.94,21.19,20.89,90,21.15,2023-09-11T14:00:00Z,12234,21.047587
21.01,21.015,20.88,80,20.91,2023-09-11T15:00:00Z,11298,20.947228
20.86,20.98,20.78,66,20.98,2023-09-11T16:00:00Z,11646,20.852154
20.755,20.86,20.69,57,20.86,2023-09-11T17:00:00Z,8446,20.751447
20.76,20.775,20.69,67,20.73,2023-09-11T18:00:00Z,8826,20.721392
20.84,20.855,20.71,159,20.76,2023-09-11T19:00:00Z,21316,20.794351
20.83,20.83,20.83,1,20.83,2023-09-12T12:00:00Z,400,20.83
20.715,21.0,20.685,103,21.0,2023-09-12T13:00:00Z,29854,20.834673
20.99,21.06,20.71,130,20.72,2023-09-12T14:00:00Z,14260,20.914871
20.77,21.06,20.765,134,20.96,2023-09-12T15:00:00Z,13318,20.975116
20.725,20.77,20.65,86,20.75,2023-09-12T16:00:00Z,9794,20.725808
20.73,20.73,20.56,71,20.715,2023-09-12T17:00:00Z,10876,20.660884
20.96,21.0,20.77,100,20.77,2023-09-12T18:00:00Z,11185,20.841959
20.93,21.09,20.9,193,20.99,2023-09-12T19:00:00Z,22186,20.986741
21.05,21.05,20.97,3,20.97,2023-09-13T12:00:00Z,1200,21.01
20.465,20.82,20.465,94,20.82,2023-09-13T13:00:00Z,22822,20.510043
20.415,20.795,20.4,149,20.45,2023-09-13T14:00:00Z,23903,20.578185
20.475,20.54,20.43,123,20.44,2023-09-13T15:00:00Z,12623,20.475224
20.42,20.5,20.41,118,20.49,2023-09-13T16:00:00Z,17499,20.442761
20.42,20.47,20.4,87,20.425,2023-09-13T17:00:00Z,10221,20.418351
20.595,20.7,20.405,114,20.405,2023-09-13T18:00:00Z,13758,20.507086
20.5,20.73,20.48,193,20.6,2023-09-13T19:00:00Z,23716,20.623277
20.5,20.5,20.5,1,20.5,2023-09-13T20:00:00Z,1200,20.5
20.12,20.3,20.1,209,20.2,2023-09-14T13:00:00Z,29353,20.171459
20.075,20.26,20.0,355,20.11,2023-09-14T14:00:00Z,40628,20.134881
20.03,20.155,20.03,146,20.045,2023-09-14T15:00:00Z,16215,20.077446
20.06,20.13,20.005,137,20.085,2023-09-14T16:00:00Z,16537,20.072276
20.035,20.07,19.99,87,20.055,2023-09-14T17:00:00Z,13886,20.039206
19.985,20.045,19.97,99,20.035,2023-09-14T18:00:00Z,10852,20.010572
19.89,20.035,19.88,219,19.99,2023-09-14T19:00:00Z,27228,19.952368
19.95,19.95,19.93,2,19.93,2023-09-14T20:00:00Z,2400,19.933333
19.975,20.03,19.9,77,19.96,2023-09-15T13:00:00Z,18024,19.94299
20.345,20.345,19.82,259,19.95,2023-09-15T14:00:00Z,30574,20.093357
20.31,20.44,20.185,232,20.335,2023-09-15T15:00:00Z,36723,20.283428
20.24,20.325,20.17,79,20.24,2023-09-15T16:00:00Z,7579,20.257439
20.495,20.695,20.235,147,20.235,2023-09-15T17:00:00Z,20348,20.547019
20.51,20.75,20.48,119,20.5,2023-09-15T18:00:00Z,15021,20.608986
20.68,20.73,20.46,281,20.46,2023-09-15T19:00:00Z,26413,20.633741
20.94,21.09,20.71,67,20.905,2023-09-18T13:00:00Z,8205,20.959984
20.62,21.01,20.61,154,20.92,2023-09-18T14:00:00Z,18693,20.776806
20.3,20.71,20.3,162,20.625,2023-09-18T15:00:00Z,24932,20.493742
20.28,20.35,20.24,112,20.3,2023-09-18T16:00:00Z,15279,20.298486
20.26,20.36,20.215,133,20.27,2023-09-18T17:00:00Z,31071,20.250589
20.47,20.54,20.23,82,20.25,2023-09-18T18:00:00Z,9316,20.341006
20.52,20.55,20.46,168,20.46,2023-09-18T19:00:00Z,18702,20.507378
20.54,20.6,20.38,129,20.6,2023-09-19T13:00:00Z,45843,20.494377
20.93,20.95,20.555,139,20.555,2023-09-19T14:00:00Z,16859,20.736812
20.845,20.965,20.75,95,20.925,2023-09-19T15:00:00Z,11531,20.876291
20.87,21.025,20.81,86,20.81,2023-09-19T16:00:00Z,9171,20.918248
20.415,20.87,20.39,85,20.84,2023-09-19T17:00:00Z,12520,20.592766
20.42,20.46,20.295,46,20.365,2023-09-19T18:00:00Z,4226,20.386
20.385,20.62,20.34,166,20.49,2023-09-19T19:00:00Z,16254,20.433195
20.41,20.41,20.41,1,20.41,2023-09-19T20:00:00Z,100,20.41
20.06,20.1,20.06,2,20.1,2023-09-20T12:00:00Z,800,20.08
20.02,20.17,19.94,263,20.05,2023-09-20T13:00:00Z,170331,19.997651
20.28,20.285,20.01,122,20.025,2023-09-20T14:00:00Z,39587,20.235066
20.27,20.41,20.25,95,20.285,2023-09-20T15:00:00Z,12521,20.313484
20.155,20.295,20.14,64,20.27,2023-09-20T16:00:00Z,8224,20.196333
20.22,20.3,20.16,65,20.165,2023-09-20T17:00:00Z,6130,20.215293
20.38,20.51,20.18,386,20.3,2023-09-20T18:00:00Z,49060,20.353471
21.19,21.235,20.38,651,20.45,2023-09-20T19:00:00Z,82057,20.958389
22.395,22.49,21.99,410,22.185,2023-09-21T13:00:00Z,107301,22.278735
22.46,22.59,22.135,316,22.44,2023-09-21T14:00:00Z,47481,22.31706
22.195,22.465,22.05,181,22.43,2023-09-21T15:00:00Z,35489,22.328767
22.34,22.395,22.18,123,22.205,2023-09-21T16:00:00Z,14910,22.291409
21.9,22.355,21.71,188,22.345,2023-09-21T17:00:00Z,28473,21.906747
22.31,22.32,21.9,126,21.9,2023-09-21T18:00:00Z,17216,22.118167
22.84,22.865,22.24,508,22.32,2023-09-21T19:00:00Z,117263,22.630412
22.72,22.96,22.72,139,22.76,2023-09-22T13:00:00Z,17076,22.815296
22.385,22.85,22.385,224,22.72,2023-09-22T14:00:00Z,28189,22.594023
22.275,22.455,22.075,165,22.34,2023-09-22T15:00:00Z,24167,22.253723
22.235,22.36,22.17,77,22.31,2023-09-22T16:00:00Z,9644,22.311332
22.73,22.86,22.26,191,22.3,2023-09-22T17:00:00Z,31249,22.641207
22.605,22.88,22.58,217,22.73,2023-09-22T18:00:00Z,36106,22.703392
22.88,22.895,22.3,348,22.62,2023-09-22T19:00:00Z,37627,22.569649
23.08,23.58,23.03,85,23.47,2023-09-25T13:00:00Z,27529,23.438087
23.68,23.68,23.04,226,23.04,2023-09-25T14:00:00Z,24990,23.466803
23.11,23.76,23.05,156,23.715,2023-09-25T15:00:00Z,21839,23.306444
22.99,23.12,22.805,81,23.105,2023-09-25T16:00:00Z,9059,22.94065
22.88,23.06,22.765,92,22.995,2023-09-25T17:00:00Z,11113,22.928192
22.95,22.955,22.77,95,22.865,2023-09-25T18:00:00Z,12077,22.888419
22.95,23.265,22.865,291,22.99,2023-09-25T19:00:00Z,34325,22.992891
23.21,23.21,23.21,1,23.21,2023-09-26T12:00:00Z,100,23.21
23.53,23.53,23.16,122,23.36,2023-09-26T13:00:00Z,17670,23.35318
23.7,24.07,23.38,361,23.52,2023-09-26T14:00:00Z,93417,23.74729
24.25,24.4,23.66,287,23.66,2023-09-26T15:00:00Z,38263,24.048624
23.97,24.27,23.93,329,24.23,2023-09-26T16:00:00Z,27687,24.105696
24.23,24.425,23.89,164,24.05,2023-09-26T17:00:00Z,17079,24.212765
24.73,24.745,24.205,207,24.225,2023-09-26T18:00:00Z,25221,24.491457
25.025,25.155,24.675,405,24.725,2023-09-26T19:00:00Z,52347,24.956973
24.32,24.58,24.13,190,24.3,2023-09-27T13:00:00Z,17872,24.336415
24.93,24.985,24.285,351,24.29,2023-09-27T14:00:00Z,77320,24.624823
24.88,24.925,24.5,289,24.925,2023-09-27T15:00:00Z,31960,24.747713
25.075,25.22,24.79,232,24.84,2023-09-27T16:00:00Z,26263,25.019288
25.11,25.43,24.905,470,25.04,2023-09-27T17:00:00Z,126308,25.152882
24.29,25.25,24.25,265,25.06,2023-09-27T18:00:00Z,32642,24.563889
24.0,24.34,23.96,345,24.33,2023-09-27T19:00:00Z,35118,24.151397
24.01,24.01,24.01,1,24.01,2023-09-27T20:00:00Z,1700,24.01
23.81,24.25,23.81,83,23.99,2023-09-28T13:00:00Z,11170,23.999532
23.36,23.95,23.36,140,23.71,2023-09-28T14:00:00Z,15252,23.627469
22.97,23.5,22.91,170,23.365,2023-09-28T15:00:00Z,22284,23.161977
23.06,23.16,22.73,152,22.99,2023-09-28T16:00:00Z,18425,22.899356
23.23,23.36,23.02,127,23.04,2023-09-28T17:00:00Z,14646,23.200077
23.025,23.31,22.95,74,23.23,2023-09-28T18:00:00Z,6836,23.079064
22.86,23.13,22.69,178,23.0,2023-09-28T19:00:00Z,20237,22.930777
21.9,22.09,21.89,89,22.05,2023-09-29T13:00:00Z,12792,21.988786
22.035,22.23,21.88,159,21.91,2023-09-29T14:00:00Z,18402,22.042324
22.37,22.57,22.03,137,22.03,2023-09-29T15:00:00Z,16632,22.306006
22.72,22.755,22.25,127,22.42,2023-09-29T16:00:00Z,21636,22.57541
23.21,23.21,22.73,222,22.73,2023-09-29T17:00:00Z,39668,22.998834
22.81,23.28,22.81,155,23.195,2023-09-29T18:00:00Z,22325,23.130592
23.36,23.36,22.77,321,22.79,2023-09-29T19:00:00Z,38133,23.097925
23.55,23.61,23.175,77,23.4,2023-10-02T13:00:00Z,9819,23.382018
23.385,23.63,23.18,203,23.59,2023-10-02T14:00:00Z,24840,23.388488
23.335,23.45,22.755,218,23.39,2023-10-02T15:00:00Z,25676,23.116231
23.67,23.74,23.155,153,23.335,2023-10-02T16:00:00Z,17673,23.421777
23.51,23.73,23.36,96,23.71,2023-10-02T17:00:00Z,11550,23.547809
23.745,23.84,23.14,139,23.505,2023-10-02T18:00:00Z,15825,23.620712
23.41,23.88,23.25,208,23.75,2023-10-02T19:00:00Z,24944,23.528793
24.13,24.13,24.13,1,24.13,2023-10-03T12:00:00Z,400,24.13
23.695,24.3,23.69,69,23.99,2023-10-03T13:00:00Z,51487,24.192889
24.875,25.15,23.86,664,23.86,2023-10-03T14:00:00Z,248242,24.657524
25.19,25.44,24.89,311,24.96,2023-10-03T15:00:00Z,32991,25.184852
24.92,25.17,24.78,164,25.17,2023-10-03T16:00:00Z,28165,24.951764
25.39,25.39,24.78,116,24.89,2023-10-03T17:00:00Z,12510,25.088311
25.59,25.815,25.32,335,25.41,2023-10-03T18:00:00Z,39231,25.673378
25.56,25.92,25.49,357,25.65,2023-10-03T19:00:00Z,39900,25.710503
24.8,25.13,24.605,104,25.08,2023-10-04T13:00:00Z,11460,24.85683
25.38,25.485,24.805,792,24.86,2023-10-04T14:00:00Z,89957,25.185237
24.73,25.455,24.73,273,25.41,2023-10-04T15:00:00Z,33661,25.051812
24.65,24.82,24.51,92,24.73,2023-10-04T16:00:00Z,12620,24.651058
25.03,25.03,24.64,74,24.64,2023-10-04T17:00:00Z,8790,24.848208
24.77,25.17,24.72,120,25.06,2023-10-04T18:00:00Z,14946,24.962993
24.3,24.77,24.19,320,24.69,2023-10-04T19:00:00Z,31600,24.434371
24.42,24.57,24.2,38,24.36,2023-10-05T13:00:00Z,6167,24.39525
25.11,25.115,24.47,150,24.47,2023-10-05T14:00:00Z,19035,24.837908
25.325,25.335,24.98,171,25.16,2023-10-05T15:00:00Z,24922,25.165022
25.005,25.345,24.815,140,25.345,2023-10-05T16:00:00Z,15126,25.009901
24.64,25.135,24.48,153,24.975,2023-10-05T17:00:00Z,22398,24.810854
24.19,24.52,24.02,125,24.52,2023-10-05T18:00:00Z,19799,24.273729
23.94,24.23,23.94,169,24.09,2023-10-05T19:00:00Z,21248,24.088682
24.95,25.16,24.56,81,24.56,2023-10-06T13:00:00Z,12698,24.947367
24.365,25.28,24.35,232,24.97,2023-10-06T14:00:00Z,38172,24.761384
23.47,24.34,23.47,252,24.34,2023-10-06T15:00:00Z,36734,23.99956
23.39,23.535,23.35,111,23.46,2023-10-06T16:00:00Z,13042,23.428671
23.22,23.39,23.22,73,23.39,2023-10-06T17:00:00Z,8877,23.334602
23.26,23.43,23.18,61,23.24,2023-10-06T18:00:00Z,10264,23.265598
23.64,23.67,23.16,160,23.29,2023-10-06T19:00:00Z,21032,23.440774
24.39,24.61,24.33,92,24.47,2023-10-09T13:00:00Z,27577,24.450572
24.68,24.75,24.32,102,24.33,2023-10-09T14:00:00Z,12244,24.572274
24.32,24.69,24.32,46,24.66,2023-10-09T15:00:00Z,5810,24.486636
24.13,24.25,24.04,48,24.245,2023-10-09T16:00:00Z,7207,24.173331
23.41,24.15,23.41,32,24.13,2023-10-09T17:00:00Z,4095,23.841111
23.36,23.55,23.36,62,23.41,2023-10-09T18:00:00Z,7171,23.429141
23.35,23.61,23.32,171,23.435,2023-10-09T19:00:00Z,14934,23.509525
23.37,23.37,23.37,1,23.37,2023-10-09T20:00:00Z,900,23.37
22.92,23.05,22.92,65,23.045,2023-10-10T13:00:00Z,12291,22.946602
22.51,22.87,22.44,185,22.87,2023-10-10T14:00:00Z,31910,22.572148
22.37,22.42,22.24,97,22.42,2023-10-10T15:00:00Z,11902,22.352037
22.48,22.545,22.37,68,22.37,2023-10-10T16:00:00Z,9969,22.469506
22.59,22.83,22.495,123,22.495,2023-10-10T17:00:00Z,20224,22.684906
22.625,22.83,22.51,88,22.61,2023-10-10T18:00:00Z,10809,22.635986
22.52,22.625,22.41,115,22.625,2023-10-10T19:00:00Z,13059,22.530423
22.17,22.24,22.03,57,22.22,2023-10-11T13:00:00Z,10595,22.114207
22.13,22.32,22.13,141,22.15,2023-10-11T14:00:00Z,39133,22.190266
22.39,22.48,22.07,45,22.09,2023-10-11T15:00:00Z,5360,22.242122
22.89,23.04,22.515,102,22.515,2023-10-11T16:00:00Z,16698,22.815469
23.0,23.31,22.785,80,22.91,2023-10-11T17:00:00Z,10483,23.077787
22.65,23.04,22.62,72,23.04,2023-10-11T18:00:00Z,8969,22.830774
22.08,22.62,22.04,216,22.62,2023-10-11T19:00:00Z,16603,22.252096
22.01,22.02,21.71,50,21.89,2023-10-12T13:00:00Z,12750,21.872147
21.91,22.175,21.63,162,22.0,2023-10-12T14:00:00Z,40311,21.920691
21.64,21.88,21.59,55,21.88,2023-10-12T15:00:00Z,10510,21.726225
21.63,21.67,21.435,150,21.56,2023-10-12T16:00:00Z,31687,21.505872
22.99,22.99,21.665,211,21.665,2023-10-12T17:00:00Z,31992,22.518523
23.15,23.48,22.87,227,22.95,2023-10-12T18:00:00Z,31671,23.160454
22.65,23.11,22.52,214,23.11,2023-10-12T19:00:00Z,22476,22.660663
22.67,22.67,22.67,2,22.67,2023-10-13T12:00:00Z,800,22.67
22.67,22.79,22.5,39,22.58,2023-10-13T13:00:00Z,6919,22.67353
23.72,23.905,22.67,223,22.69,2023-10-13T14:00:00Z,26712,23.296083
24.68,24.77,23.7,333,23.75,2023-10-13T15:00:00Z,50366,24.093597
24.8,24.98,24.01,292,24.76,2023-10-13T16:00:00Z,36692,24.482954
25.37,25.91,24.79,401,24.83,2023-10-13T17:00:00Z,41593,25.369654
25.24,25.88,25.17,544,25.42,2023-10-13T18:00:00Z,54329,25.48991
25.375,25.565,24.78,874,25.24,2023-10-13T19:00:00Z,121539,25.181744
24.21,24.42,23.99,202,24.395,2023-10-16T13:00:00Z,114503,24.199991
23.55,24.12,23.42,366,24.12,2023-10-16T14:00:00Z,44754,23.729823
23.795,23.82,23.49,215,23.54,2023-10-16T15:00:00Z,56736,23.67192
23.45,23.84,23.35,155,23.79,2023-10-16T16:00:00Z,33860,23.673367
23.29,23.84,23.21,118,23.4,2023-10-16T17:00:00Z,13818,23.474583
23.12,23.36,23.12,90,23.34,2023-10-16T18:00:00Z,9707,23.241632
22.92,23.18,22.855,609,23.09,2023-10-16T19:00:00Z,210373,22.952133
23.87,24.02,23.59,77,23.75,2023-10-17T13:00:00Z,10239,23.785476
23.21,23.94,23.19,241,23.94,2023-10-17T14:00:00Z,41980,23.39802
22.88,23.27,22.85,115,23.205,2023-10-17T15:00:00Z,14452,22.985622
22.88,22.96,22.55,105,22.86,2023-10-17T16:00:00Z,11862,22.747126
23.69,23.72,22.865,132,22.89,2023-10-17T17:00:00Z,34258,23.490358
23.84,23.85,23.495,157,23.71,2023-10-17T18:00:00Z,19336,23.678658
23.54,23.9,23.43,274,23.88,2023-10-17T19:00:00Z,32105,23.639919
24.3,24.415,23.98,173,24.12,2023-10-18T13:00:00Z,222071,24.185377
24.625,24.78,23.92,176,24.185,2023-10-18T14:00:00Z,21148,24.441901
24.59,24.755,24.27,116,24.58,2023-10-18T15:00:00Z,33211,24.406756
24.84,24.92,24.2,104,24.585,2023-10-18T16:00:00Z,10873,24.569269
24.5,25.09,24.03,145,24.9,2023-10-18T17:00:00Z,17512,24.565718
24.96,25.05,24.32,114,24.52,2023-10-18T18:00:00Z,14594,24.724767
25.12,25.36,24.78,323,25.0,2023-10-18T19:00:00Z,33184,25.08265
25.04,25.04,25.04,1,25.04,2023-10-18T20:00:00Z,100,25.04
24.74,24.89,24.74,5,24.89,2023-10-19T12:00:00Z,2750,24.826038
24.715,24.93,24.58,100,24.63,2023-10-19T13:00:00Z,32129,24.756206
25.1,25.22,24.53,281,24.67,2023-10-19T14:00:00Z,53086,24.907093
24.96,25.27,24.785,332,25.04,2023-10-19T15:00:00Z,37675,25.002602
24.67,25.47,24.35,533,24.97,2023-10-19T16:00:00Z,81906,25.014088
25.09,25.35,24.315,232,24.57,2023-10-19T17:00:00Z,25241,24.699923
26.025,26.07,24.91,264,25.21,2023-10-19T18:00:00Z,40896,25.743394
26.23,26.385,25.72,558,26.04,2023-10-19T19:00:00Z,51893,26.076839
26.18,26.34,25.99,126,26.31,2023-10-20T13:00:00Z,27689,26.123833
26.9,26.9,26.2,246,26.3,2023-10-20T14:00:00Z,28873,26.666419
26.26,26.84,26.2,167,26.78,2023-10-20T15:00:00Z,17213,26.643088
25.98,26.42,25.93,141,26.25,2023-10-20T16:00:00Z,16644,26.26381
25.83,26.26,25.72,165,25.95,2023-10-20T17:00:00Z,20348,25.911105
26.22,26.47,25.81,79,25.82,2023-10-20T18:00:00Z,10415,26.226556
26.46,26.505,26.11,433,26.24,2023-10-20T19:00:00Z,44404,26.391514
26.46,27.33,26.44,112,26.89,2023-10-23T13:00:00Z,14036,26.821752
26.0,26.46,26.0,148,26.39,2023-10-23T14:00:00Z,17541,26.259269
25.22,26.01,25.22,128,25.97,2023-10-23T15:00:00Z,15347,25.561109
24.76,25.36,24.72,91,25.22,2023-10-23T16:00:00Z,9494,25.10274
24.91,24.99,24.73,81,24.73,2023-10-23T17:00:00Z,9308,24.847823
25.09,25.09,24.75,84,24.93,2023-10-23T18:00:00Z,9234,24.916522
25.54,25.635,24.95,345,25.03,2023-10-23T19:00:00Z,23606,25.370752
24.92,25.15,24.82,91,24.86,2023-10-24T13:00:00Z,9444,24.9485
24.81,25.155,24.66,157,24.9,2023-10-24T14:00:00Z,14032,24.852491
24.9,25.16,24.76,93,24.815,2023-10-24T15:00:00Z,9124,24.984862
25.42,25.55,24.89,104,24.89,2023-10-24T16:00:00Z,13159,25.315194
25.11,25.42,24.92,54,25.4,2023-10-24T17:00:00Z,6110,25.13325
24.61,25.1,24.61,100,25.0,2023-10-24T18:00:00Z,10978,24.776804
24.44,24.62,24.295,249,24.58,2023-10-24T19:00:00Z,30957,24.401165
24.47,24.47,24.47,1,24.47,2023-10-25T12:00:00Z,250,24.47
24.86,25.225,24.53,114,24.545,2023-10-25T13:00:00Z,24936,24.985257
25.02,25.28,24.76,157,24.85,2023-10-25T14:00:00Z,23463,25.05552
25.33,25.345,24.71,184,25.0,2023-10-25T15:00:00Z,23208,24.89881
25.75,25.87,25.34,158,25.34,2023-10-25T16:00:00Z,29381,25.538499
26.28,26.57,25.705,240,25.79,2023-10-25T17:00:00Z,37015,26.166051
26.34,26.51,26.04,202,26.175,2023-10-25T18:00:00Z,27351,26.260556
25.95,26.425,25.895,292,26.325,2023-10-25T19:00:00Z,28699,26.105458
26.16,26.2,26.16,2,26.2,2023-10-26T12:00:00Z,800,26.18
26.36,26.36,25.75,85,25.96,2023-10-26T13:00:00Z,13742,25.96553
25.78,26.5,25.71,113,26.42,2023-10-26T14:00:00Z,15203,25.97874
26.15,26.34,25.765,59,25.795,2023-10-26T15:00:00Z,6524,26.108512
26.79,26.92,26.26,127,26.28,2023-10-26T16:00:00Z,16424,26.640146
26.15,26.97,26.15,121,26.82,2023-10-26T17:00:00Z,15171,26.536275
25.72,26.22,25.66,180,26.12,2023-10-26T18:00:00Z,23704,25.975748
26.22,26.34,25.6,258,25.71,2023-10-26T19:00:00Z,24820,26.017348
25.7,25.78,25.54,48,25.69,2023-10-27T13:00:00Z,4741,25.66875
25.55,25.94,25.43,210,25.69,2023-10-27T14:00:00Z,27534,25.715826
25.555,25.64,25.38,172,25.52,2023-10-27T15:00:00Z,42912,25.543234
26.18,26.18,25.5,86,25.5,2023-10-27T16:00:00Z,9682,25.79634
26.93,26.99,26.135,295,26.135,2023-10-27T17:00:00Z,47958,26.694845
27.04,27.22,26.67,182,26.96,2023-10-27T18:00:00Z,26369,27.014613
27.04,27.21,26.655,333,26.98,2023-10-27T19:00:00Z,32857,26.992092
25.71,25.94,25.58,90,25.93,2023-10-30T13:00:00Z,10471,25.700642
26.0,26.08,25.62,128,25.62,2023-10-30T14:00:00Z,23547,25.881004
25.64,26.06,25.64,66,25.84,2023-10-30T15:00:00Z,8564,25.828319
25.71,25.84,25.59,70,25.62,2023-10-30T16:00:00Z,8316,25.727489
25.37,25.73,25.3,113,25.72,2023-10-30T17:00:00Z,14615,25.427374
25.27,25.41,25.12,62,25.41,2023-10-30T18:00:00Z,7294,25.256786
25.12,25.33,25.035,173,25.18,2023-10-30T19:00:00Z,18954,25.144464
24.93,25.16,24.91,43,25.01,2023-10-31T13:00:00Z,4712,25.049575
24.52,25.06,24.48,133,25.03,2023-10-31T14:00:00Z,16727,24.684959
24.46,24.64,24.4,69,24.48,2023-10-31T15:00:00Z,7805,24.528679
24.16,24.64,24.14,96,24.43,2023-10-31T16:00:00Z,10589,24.342551
23.915,24.27,23.915,87,24.17,2023-10-31T17:00:00Z,12424,24.133025
23.69,24.02,23.64,103,23.89,2023-10-31T18:00:00Z,14834,23.867422
23.44,23.86,23.44,167,23.68,2023-10-31T19:00:00Z,17982,23.63586
23.53,23.53,23.53,11,23.53,2023-10-31T20:00:00Z,1998,23.53
22.95,23.26,22.84,46,23.225,2023-11-01T13:00:00Z,6080,23.070593
22.78,22.99,22.65,138,22.97,2023-11-01T14:00:00Z,16990,22.787374
22.92,22.93,22.66,57,22.755,2023-11-01T15:00:00Z,7201,22.816479
23.09,23.2,22.88,29,22.88,2023-11-01T16:00:00Z,3878,23.063543
22.98,23.17,22.965,47,23.17,2023-11-01T17:00:00Z,5411,23.042982
22.63,23.17,22.63,131,22.89,2023-11-01T18:00:00Z,15849,22.874353
22.46,22.59,22.34,277,22.59,2023-11-01T19:00:00Z,60076,22.415646
22.45,22.45,22.45,2,22.45,2023-11-01T20:00:00Z,1055,22.45
22.07,22.17,21.93,92,21.96,2023-11-02T13:00:00Z,20861,22.037989
21.76,22.095,21.68,115,21.985,2023-11-02T14:00:00Z,15577,21.866764
22.195,22.195,21.8,130,21.8,2023-11-02T15:00:00Z,18723,21.977565
22.225,22.31,22.12,95,22.19,2023-11-02T16:00:00Z,12493,22.20733
22.08,22.235,21.97,101,22.235,2023-11-02T17:00:00Z,12625,22.056124
22.065,22.15,21.94,85,22.09,2023-11-02T18:00:00Z,12178,22.053535
21.685,22.02,21.68,211,22.02,2023-11-02T19:00:00Z,27992,21.793502
21.69,21.69,21.69,1,21.69,2023-11-02T20:00:00Z,1900,21.69
21.48,21.48,21.48,3,21.48,2023-11-03T12:00:00Z,464,21.48
21.125,21.34,21.08,49,21.34,2023-11-03T13:00:00Z,8099,21.175328
21.3,21.3,21.06,90,21.06,2023-11-03T14:00:00Z,12171,21.146092
21.15,21.375,21.15,46,21.19,2023-11-03T15:00:00Z,5585,21.251868
21.195,21.21,21.07,63,21.14,2023-11-03T16:00:00Z,13957,21.159205
21.38,21.42,21.17,106,21.195,2023-11-03T17:00:00Z,17057,21.302258
21.25,21.47,21.24,80,21.34,2023-11-03T18:00:00Z,10923,21.362601
21.2,21.28,21.145,166,21.25,2023-11-03T19:00:00Z,21815,21.194471
20.9,20.945,20.815,34,20.865,2023-11-06T14:00:00Z,3843,20.875591
20.665,20.9,20.53,89,20.88,2023-11-06T15:00:00Z,16736,20.675123
20.7,20.7,20.55,44,20.685,2023-11-06T16:00:00Z,6959,20.625761
20.69,20.815,20.63,41,20.63,2023-11-06T17:00:00Z,6263,20.721599
20.85,21.07,20.77,36,20.8,2023-11-06T18:00:00Z,4639,20.957445
20.7,21.0,20.69,44,20.88,2023-11-06T19:00:00Z,5650,20.81071
20.49,20.69,20.45,110,20.68,2023-11-06T20:00:00Z,18704,20.572744
20.46,20.61,20.42,37,20.42,2023-11-07T14:00:00Z,6268,20.502413
20.305,20.47,20.24,376,20.4,2023-11-07T15:00:00Z,238106,20.308974
20.41,20.415,20.31,380,20.31,2023-11-07T16:00:00Z,120016,20.344208
20.5,20.535,20.45,52,20.465,2023-11-07T17:00:00Z,6728,20.488834
20.36,20.45,20.34,30,20.45,2023-11-07T18:00:00Z,3748,20.378182
20.36,20.385,20.285,41,20.36,2023-11-07T19:00:00Z,6031,20.338475
20.395,20.45,20.31,89,20.36,2023-11-07T20:00:00Z,8820,20.376781
20.1,20.13,20.02,58,20.13,2023-11-08T14:00:00Z,9017,20.063276
20.23,20.23,20.04,64,20.1,2023-11-08T15:00:00Z,10886,20.124398
20.205,20.25,20.12,54,20.25,2023-11-08T16:00:00Z,6303,20.197869
20.3,20.62,20.23,78,20.23,2023-11-08T17:00:00Z,10426,20.41198
20.115,20.3,20.06,28,20.27,2023-11-08T18:00:00Z,4106,20.145175
20.185,20.185,20.03,37,20.03,2023-11-08T19:00:00Z,4694,20.125549
19.98,20.17,19.92,142,20.17,2023-11-08T20:00:00Z,19600,19.98105
19.86,19.955,19.71,41,19.71,2023-11-09T14:00:00Z,6722,19.842713
20.09,20.18,19.82,83,19.835,2023-11-09T15:00:00Z,21677,20.091141
19.95,20.1,19.92,63,20.05,2023-11-09T16:00:00Z,22546,20.018178
20.01,20.045,19.905,24,19.905,2023-11-09T17:00:00Z,3400,19.965588
20.57,20.6,20.05,140,20.05,2023-11-09T18:00:00Z,20789,20.401411
20.82,20.945,20.54,185,20.575,2023-11-09T19:00:00Z,45715,20.839871
20.805,20.92,20.64,277,20.85,2023-11-09T20:00:00Z,33235,20.770711
20.18,20.43,20.145,74,20.43,2023-11-10T14:00:00Z,14608,20.243051
20.1,20.34,20.04,119,20.19,2023-11-10T15:00:00Z,28058,20.181248
19.945,20.07,19.88,149,20.07,2023-11-10T16:00:00Z,22702,19.959483
19.92,19.97,19.81,102,19.97,2023-11-10T17:00:00Z,13283,19.859798
19.98,19.98,19.85,80,19.93,2023-11-10T18:00:00Z,12965,19.92941
19.89,19.91,19.815,93,19.86,2023-11-10T19:00:00Z,15833,19.860151
19.93,19.93,19.76,231,19.88,2023-11-10T20:00:00Z,49226,19.836
20.02,20.17,19.995,78,20.01,2023-11-13T14:00:00Z,10211,20.059394
19.785,20.02,19.77,101,20.01,2023-11-13T15:00:00Z,10412,19.865729
19.56,19.82,19.53,97,19.785,2023-11-13T16:00:00Z,10911,19.678884
19.66,19.685,19.52,39,19.52,2023-11-13T17:00:00Z,5625,19.628521
19.61,19.75,19.54,18,19.65,2023-11-13T18:00:00Z,2305,19.644091
19.64,19.68,19.54,12,19.57,2023-11-13T19:00:00Z,1368,19.580769
19.74,19.765,19.565,76,19.64,2023-11-13T20:00:00Z,7270,19.686561
19.02,19.66,18.94,4,19.66,2023-11-14T13:00:00Z,2800,19.098571
19.21,19.225,18.96,174,19.0,2023-11-14T14:00:00Z,25802,19.10518
19.39,19.42,19.2,233,19.26,2023-11-14T15:00:00Z,73099,19.292125
19.35,19.47,19.33,130,19.375,2023-11-14T16:00:00Z,13146,19.390253
19.315,19.42,19.25,79,19.38,2023-11-14T17:00:00Z,7921,19.349583
19.36,19.38,19.28,60,19.36,2023-11-14T18:00:00Z,6214,19.338246
19.41,19.41,19.32,54,19.36,2023-11-14T19:00:00Z,5646,19.363293
19.58,19.6,19.33,172,19.4,2023-11-14T20:00:00Z,18332,19.435299
19.23,19.37,19.1,89,19.37,2023-11-15T14:00:00Z,14664,19.213527
19.26,19.3,19.08,93,19.23,2023-11-15T15:00:00Z,9381,19.173265
19.28,19.38,19.21,105,19.27,2023-11-15T16:00:00Z,10733,19.31383
19.24,19.275,19.14,75,19.27,2023-11-15T17:00:00Z,8760,19.204345
19.175,19.39,19.14,87,19.25,2023-11-15T18:00:00Z,10934,19.258465
19.24,19.27,19.16,67,19.16,2023-11-15T19:00:00Z,7314,19.21404
19.135,19.26,19.11,221,19.24,2023-11-15T20:00:00Z,24856,19.174594
18.865,19.06,18.84,50,19.06,2023-11-16T14:00:00Z,6227,18.964836
19.07,19.08,18.84,128,18.86,2023-11-16T15:00:00Z,14423,18.948495
19.11,19.22,18.98,128,19.09,2023-11-16T16:00:00Z,20059,19.105509
19.055,19.1,18.96,53,19.095,2023-11-16T17:00:00Z,5780,19.017774
19.02,19.09,18.94,74,18.99,2023-11-16T18:00:00Z,8113,19.002051
18.91,18.98,18.85,39,18.98,2023-11-16T19:00:00Z,4400,18.913122
18.85,18.96,18.83,123,18.93,2023-11-16T20:00:00Z,14655,18.880932
18.95,18.95,18.81,6,18.81,2023-11-17T13:00:00Z,2400,18.881667
18.8,18.855,18.7,70,18.74,2023-11-17T14:00:00Z,9305,18.767967
18.685,18.87,18.685,77,18.85,2023-11-17T15:00:00Z,8793,18.762479
18.585,18.775,18.585,89,18.715,2023-11-17T16:00:00Z,18422,18.635698
18.585,18.625,18.57,85,18.575,2023-11-17T17:00:00Z,11691,18.584995
18.515,18.575,18.51,51,18.56,2023-11-17T18:00:00Z,5507,18.535527
18.625,18.64,18.5,45,18.505,2023-11-17T19:00:00Z,5181,18.581447
18.56,18.71,18.56,139,18.635,2023-11-17T20:00:00Z,15698,18.614571
18.3,18.49,18.3,56,18.47,2023-11-20T14:00:00Z,9600,18.372031
18.34,18.375,18.26,53,18.26,2023-11-20T15:00:00Z,6853,18.328571
18.28,18.35,18.23,46,18.35,2023-11-20T16:00:00Z,5051,18.295734
18.305,18.305,18.23,26,18.27,2023-11-20T17:00:00Z,3226,18.272
18.345,18.36,18.25,90,18.31,2023-11-20T18:00:00Z,7713,18.308136
18.35,18.375,18.285,71,18.37,2023-11-20T19:00:00Z,5733,18.332676
18.425,18.46,18.28,224,18.35,2023-11-20T20:00:00Z,23088,18.350106
18.365,18.5,18.345,65,18.5,2023-11-21T14:00:00Z,8072,18.407478
18.355,18.41,18.27,88,18.36,2023-11-21T15:00:00Z,10459,18.340584
18.195,18.35,18.19,57,18.34,2023-11-21T16:00:00Z,5520,18.266214
18.13,18.19,18.11,59,18.19,2023-11-21T17:00:00Z,7254,18.148708
18.1,18.19,18.06,45,18.145,2023-11-21T18:00:00Z,4500,18.124548
18.035,18.12,18.03,42,18.095,2023-11-21T19:00:00Z,4136,18.078056
18.055,18.185,18.01,204,18.01,2023-11-21T20:00:00Z,30536,18.14012
18.0,18.03,17.78,95,17.795,2023-11-22T14:00:00Z,16596,17.953108
18.1,18.115,17.99,168,18.01,2023-11-22T15:00:00Z,27436,18.070232
18.0,18.08,18.0,61,18.08,2023-11-22T16:00:00Z,7939,18.037689
18.07,18.09,18.01,37,18.01,2023-11-22T17:00:00Z,3933,18.04915
18.135,18.135,18.02,54,18.07,2023-11-22T18:00:00Z,6715,18.082205
18.24,18.37,18.12,120,18.13,2023-11-22T19:00:00Z,15918,18.205283
18.2,18.27,18.125,63,18.25,2023-11-22T20:00:00Z,9405,18.208276
18.05,18.12,18.05,18,18.06,2023-11-24T14:00:00Z,1860,18.093333
17.89,18.01,17.885,45,18.01,2023-11-24T15:00:00Z,9220,17.912784
17.72,17.865,17.715,166,17.855,2023-11-24T16:00:00Z,48184,17.85774
17.39,17.71,17.36,132,17.7,2023-11-24T17:00:00Z,12598,17.524959
17.545,17.58,17.47,68,17.565,2023-11-27T14:00:00Z,17728,17.542446
17.445,17.555,17.43,44,17.53,2023-11-27T15:00:00Z,6434,17.487074
17.49,17.555,17.47,39,17.47,2023-11-27T16:00:00Z,4340,17.521585
17.53,17.56,17.46,26,17.475,2023-11-27T17:00:00Z,2737,17.514377
17.52,17.56,17.52,43,17.56,2023-11-27T18:00:00Z,4218,17.546471
17.48,17.55,17.47,39,17.5,2023-11-27T19:00:00Z,3815,17.501763
17.535,17.56,17.445,165,17.49,2023-11-27T20:00:00Z,17521,17.497869
17.43,17.47,17.4,37,17.455,2023-11-28T14:00:00Z,4051,17.439383
17.25,17.4,17.21,118,17.4,2023-11-28T15:00:00Z,15549,17.307061
17.25,17.28,17.24,33,17.25,2023-11-28T16:00:00Z,3072,17.26197
17.38,17.38,17.25,50,17.25,2023-11-28T17:00:00Z,5461,17.300204
17.515,17.61,17.44,77,17.44,2023-11-28T18:00:00Z,9152,17.520233
17.275,17.535,17.275,103,17.515,2023-11-28T19:00:00Z,12693,17.431852
17.29,17.325,17.21,211,17.27,2023-11-28T20:00:00Z,24565,17.247129
17.37,17.39,17.12,146,17.155,2023-11-29T14:00:00Z,25761,17.209916
17.39,17.5,17.34,86,17.34,2023-11-29T15:00:00Z,10504,17.418223
17.46,17.635,17.39,97,17.405,2023-11-29T16:00:00Z,11725,17.517339
17.42,17.46,17.31,55,17.45,2023-11-29T17:00:00Z,7053,17.391136
17.48,17.51,17.37,77,17.395,2023-11-29T18:00:00Z,8969,17.448097
17.43,17.54,17.415,62,17.475,2023-11-29T19:00:00Z,7062,17.459338
17.59,17.59,17.385,183,17.43,2023-11-29T20:00:00Z,23450,17.518133
17.39,17.54,17.35,63,17.455,2023-11-30T14:00:00Z,9619,17.414891
17.44,17.59,17.375,100,17.375,2023-11-30T15:00:00Z,32367,17.427613
17.64,17.64,17.44,80,17.45,2023-11-30T16:00:00Z,9976,17.54614
17.53,17.625,17.47,49,17.6,2023-11-30T17:00:00Z,5483,17.566919
17.495,17.64,17.49,59,17.5,2023-11-30T18:00:00Z,6773,17.544581
17.345,17.46,17.34,40,17.46,2023-11-30T19:00:00Z,6608,17.405264
17.28,17.49,17.25,152,17.39,2023-11-30T20:00:00Z,26006,17.350509
17.22,17.28,17.16,58,17.2,2023-12-01T14:00:00Z,24516,17.216074
17.225,17.28,17.15,120,17.18,2023-12-01T15:00:00Z,72198,17.183891
17.1,17.28,17.01,126,17.26,2023-12-01T16:00:00Z,17955,17.088275
17.23,17.23,17.05,48,17.1,2023-12-01T17:00:00Z,7101,17.115636
17.26,17.26,17.185,31,17.26,2023-12-01T18:00:00Z,3477,17.223079
17.135,17.25,17.135,35,17.25,2023-12-01T19:00:00Z,5228,17.189234
17.21,17.21,17.09,134,17.16,2023-12-01T20:00:00Z,20432,17.179283
17.76,17.77,17.42,70,17.475,2023-12-04T14:00:00Z,9320,17.542953
17.7,17.8,17.64,175,17.76,2023-12-04T15:00:00Z,23296,17.738189
17.34,17.675,17.34,81,17.675,2023-12-04T16:00:00Z,9350,17.521527
17.34,17.39,17.31,34,17.38,2023-12-04T17:00:00Z,3986,17.345769
17.42,17.43,17.35,37,17.35,2023-12-04T18:00:00Z,4150,17.401629
17.34,17.47,17.34,63,17.41,2023-12-04T19:00:00Z,7547,17.417932
17.28,17.44,17.26,139,17.36,2023-12-04T20:00:00Z,15906,17.33725
17.345,17.37,17.305,49,17.35,2023-12-05T14:00:00Z,5423,17.329386
17.2,17.38,17.2,66,17.32,2023-12-05T15:00:00Z,9116,17.299094
17.2,17.33,17.19,83,17.2,2023-12-05T16:00:00Z,11324,17.247311
17.21,17.29,17.155,59,17.155,2023-12-05T17:00:00Z,7495,17.203609
17.2,17.25,17.16,41,17.24,2023-12-05T18:00:00Z,4541,17.198149
17.21,17.21,17.15,54,17.17,2023-12-05T19:00:00Z,6097,17.175423
17.145,17.23,17.14,61,17.215,2023-12-05T20:00:00Z,6304,17.189762
17.02,17.03,16.96,50,16.96,2023-12-06T14:00:00Z,6751,16.997154
16.97,17.01,16.88,77,17.005,2023-12-06T15:00:00Z,10382,16.942708
17.05,17.14,16.95,48,16.95,2023-12-06T16:00:00Z,6118,17.063701
17.225,17.23,17.07,40,17.07,2023-12-06T17:00:00Z,5406,17.189077
17.1,17.24,17.08,26,17.24,2023-12-06T18:00:00Z,2998,17.188036
17.0,17.1,16.97,49,17.06,2023-12-06T19:00:00Z,6001,17.029273
17.31,17.35,16.98,174,17.0,2023-12-06T20:00:00Z,22292,17.166351
17.31,17.33,17.2,62,17.2,2023-12-07T14:00:00Z,11433,17.300287
17.165,17.33,17.16,52,17.3,2023-12-07T15:00:00Z,6483,17.208123
17.22,17.25,17.16,71,17.16,2023-12-07T16:00:00Z,6682,17.219466
17.17,17.19,17.15,53,17.15,2023-12-07T17:00:00Z,5156,17.168284
17.25,17.25,17.16,30,17.16,2023-12-07T18:00:00Z,3134,17.205741
17.195,17.24,17.175,60,17.24,2023-12-07T19:00:00Z,6259,17.212946
17.245,17.245,17.14,126,17.175,2023-12-07T20:00:00Z,14153,17.206985
17.28,17.28,17.28,1,17.28,2023-12-07T21:00:00Z,1700,17.28
16.96,17.1,16.96,52,17.1,2023-12-08T14:00:00Z,7330,17.006034
16.92,17.03,16.91,102,16.93,2023-12-08T15:00:00Z,12029,16.950267
16.92,16.97,16.91,37,16.91,2023-12-08T16:00:00Z,5082,16.939122
16.88,16.9,16.855,39,16.87,2023-12-08T17:00:00Z,7176,16.872669
16.8,16.82,16.785,8,16.815,2023-12-08T18:00:00Z,1100,16.805199
16.835,16.85,16.76,38,16.78,2023-12-08T19:00:00Z,4905,16.803809
16.77,16.865,16.75,101,16.845,2023-12-08T20:00:00Z,17685,16.802601
16.71,16.735,16.685,92,16.685,2023-12-11T14:00:00Z,16285,16.712703
16.575,16.7,16.55,113,16.7,2023-12-11T15:00:00Z,15681,16.587077
16.43,16.56,16.41,102,16.55,2023-12-11T16:00:00Z,16163,16.486425
16.455,16.46,16.4,50,16.43,2023-12-11T17:00:00Z,5959,16.428214
16.44,16.49,16.42,62,16.45,2023-12-11T18:00:00Z,6033,16.437759
16.445,16.46,16.425,69,16.44,2023-12-11T19:00:00Z,10207,16.441628
16.36,16.445,16.34,282,16.445,2023-12-11T20:00:00Z,65913,16.374696
16.31,16.31,16.25,4,16.25,2023-12-12T13:00:00Z,6200,16.285484
16.155,16.2,16.11,144,16.16,2023-12-12T14:00:00Z,19318,16.15584
16.005,16.225,15.99,229,16.14,2023-12-12T15:00:00Z,31266,16.147525
15.945,16.01,15.925,128,15.995,2023-12-12T16:00:00Z,30142,15.950698
15.905,15.965,15.895,125,15.94,2023-12-12T17:00:00Z,23307,15.924988
15.82,15.905,15.8,200,15.905,2023-12-12T18:00:00Z,37712,15.85273
15.855,15.855,15.805,148,15.81,2023-12-12T19:00:00Z,17161,15.821018
15.9,15.93,15.825,342,15.85,2023-12-12T20:00:00Z,51340,15.882493
16.01,16.01,15.805,227,15.805,2023-12-13T14:00:00Z,39653,15.887165
15.965,16.05,15.955,274,16.005,2023-12-13T15:00:00Z,44057,16.005904
15.955,15.99,15.915,253,15.96,2023-12-13T16:00:00Z,41285,15.948586
15.975,15.99,15.935,185,15.95,2023-12-13T17:00:00Z,24250,15.972211
15.935,16.03,15.935,293,15.97,2023-12-13T18:00:00Z,46835,15.967938
15.75,15.93,15.73,255,15.87,2023-12-13T19:00:00Z,51804,15.832008
15.69,15.78,15.615,339,15.76,2023-12-13T20:00:00Z,52211,15.680274
15.735,15.76,15.575,124,15.59,2023-12-14T14:00:00Z,22221,15.677116
15.79,15.835,15.715,454,15.735,2023-12-14T15:00:00Z,90454,15.757211
15.715,15.85,15.715,432,15.78,2023-12-14T16:00:00Z,70588,15.767123
15.78,15.78,15.65,319,15.72,2023-12-14T17:00:00Z,62469,15.686544
15.975,16.08,15.8,336,15.8,2023-12-14T18:00:00Z,57816,15.944548
15.805,15.965,15.775,321,15.965,2023-12-14T19:00:00Z,65373,15.880787
15.64,15.81,15.64,381,15.805,2023-12-14T20:00:00Z,89621,15.733615
15.7,15.735,15.62,101,15.62,2023-12-15T14:00:00Z,17333,15.686074
15.81,15.835,15.65,157,15.67,2023-12-15T15:00:00Z,26102,15.74445
16.0,16.005,15.81,145,15.825,2023-12-15T16:00:00Z,19879,15.909638
15.99,16.015,15.915,151,15.985,2023-12-15T17:00:00Z,17716,15.954267
16.17,16.17,15.96,199,16.0,2023-12-15T18:00:00Z,25693,16.035658
16.105,16.19,16.01,118,16.19,2023-12-15T19:00:00Z,23322,16.077077
16.14,16.14,16.02,327,16.05,2023-12-15T20:00:00Z,46228,16.063507
16.22,16.235,16.12,77,16.12,2023-12-18T14:00:00Z,16523,16.157779
16.12,16.18,16.085,86,16.18,2023-12-18T15:00:00Z,10153,16.13975
16.145,16.15,16.085,126,16.125,2023-12-18T16:00:00Z,86458,16.12441
16.13,16.13,16.08,45,16.125,2023-12-18T17:00:00Z,4987,16.107203
16.15,16.16,16.14,28,16.14,2023-12-18T18:00:00Z,2541,16.146205
16.175,16.19,16.14,75,16.15,2023-12-18T19:00:00Z,11851,16.163524
16.18,16.195,16.1,97,16.14,2023-12-18T20:00:00Z,24507,16.158773
16.24,16.28,16.21,105,16.25,2023-12-19T14:00:00Z,21124,16.250003
16.24,16.26,16.21,132,16.245,2023-12-19T15:00:00Z,33372,16.248467
16.26,16.26,16.21,75,16.245,2023-12-19T16:00:00Z,11626,16.24431
16.27,16.285,16.24,70,16.27,2023-12-19T17:00:00Z,11245,16.258821
16.235,16.3,16.23,64,16.27,2023-12-19T18:00:00Z,10149,16.278115
16.29,16.29,16.23,107,16.24,2023-12-19T19:00:00Z,17031,16.250715
16.42,16.455,16.3,117,16.31,2023-12-19T20:00:00Z,25389,16.37878
16.3,16.365,16.25,133,16.33,2023-12-20T14:00:00Z,31011,16.309685
16.47,16.47,16.29,192,16.29,2023-12-20T15:00:00Z,41473,16.401074
16.515,16.54,16.47,114,16.47,2023-12-20T16:00:00Z,21197,16.517488
16.61,16.61,16.5,139,16.51,2023-12-20T17:00:00Z,19256,16.56533
16.785,16.795,16.62,105,16.62,2023-12-20T18:00:00Z,17275,16.681359
17.28,17.34,16.79,196,16.805,2023-12-20T19:00:00Z,46546,17.022669
17.47,17.61,17.22,475,17.28,2023-12-20T20:00:00Z,151751,17.383885
17.26,17.26,17.26,1,17.26,2023-12-21T13:00:00Z,500,17.26
17.13,17.24,17.06,142,17.07,2023-12-21T14:00:00Z,30525,17.159673
17.19,17.21,16.9,224,17.115,2023-12-21T15:00:00Z,39578,17.034565
17.2,17.24,17.12,161,17.23,2023-12-21T16:00:00Z,25813,17.179134
17.48,17.57,17.24,116,17.27,2023-12-21T17:00:00Z,12828,17.44493
17.1,17.43,17.07,101,17.355,2023-12-21T18:00:00Z,16119,17.252089
17.2,17.24,17.09,80,17.105,2023-12-21T19:00:00Z,14663,17.148772
17.0,17.18,16.95,195,17.18,2023-12-21T20:00:00Z,28536,17.022213
17.29,17.29,16.94,78,16.94,2023-12-22T14:00:00Z,14170,17.192134
17.205,17.325,17.18,79,17.26,2023-12-22T15:00:00Z,15760,17.267533
16.91,17.275,16.91,79,17.275,2023-12-22T16:00:00Z,20579,17.083515
16.81,16.895,16.75,78,16.895,2023-12-22T17:00:00Z,16152,16.833287
16.77,16.82,16.76,21,16.81,2023-12-22T18:00:00Z,3827,16.787895
16.75,17.0,16.75,111,16.765,2023-12-22T19:00:00Z,20081,16.833891
16.615,16.795,16.61,79,16.73,2023-12-22T20:00:00Z,15232,16.696027
16.65,16.67,16.56,36,16.56,2023-12-26T14:00:00Z,5099,16.630516
16.52,16.64,16.5,38,16.64,2023-12-26T15:00:00Z,5560,16.537543
16.36,16.52,16.36,55,16.52,2023-12-26T16:00:00Z,6455,16.443232
16.295,16.345,16.25,90,16.345,2023-12-26T17:00:00Z,33988,16.300066
16.29,16.29,16.25,18,16.28,2023-12-26T18:00:00Z,2243,16.269711
16.26,16.3,16.26,25,16.28,2023-12-26T19:00:00Z,4703,16.287501
16.17,16.305,16.16,118,16.28,2023-12-26T20:00:00Z,22965,16.238137
15.81,16.02,15.81,41,16.02,2023-12-27T14:00:00Z,7185,15.90835
15.775,15.83,15.76,140,15.83,2023-12-27T15:00:00Z,19413,15.792268
15.685,15.79,15.66,89,15.79,2023-12-27T16:00:00Z,12091,15.704371
15.715,15.75,15.64,57,15.68,2023-12-27T17:00:00Z,9606,15.70246
15.66,15.75,15.66,42,15.735,2023-12-27T18:00:00Z,6403,15.697961
15.67,15.76,15.65,84,15.7,2023-12-27T19:00:00Z,40368,15.713982
15.51,15.66,15.5,115,15.655,2023-12-27T20:00:00Z,26894,15.616947
15.585,15.585,15.42,101,15.45,2023-12-28T14:00:00Z,18927,15.480078
15.59,15.66,15.5,110,15.59,2023-12-28T15:00:00Z,18012,15.581031
15.515,15.69,15.515,62,15.61,2023-12-28T16:00:00Z,9358,15.605558
15.505,15.525,15.49,44,15.5,2023-12-28T17:00:00Z,5362,15.501408
15.5,15.56,15.5,68,15.51,2023-12-28T18:00:00Z,8485,15.531768
15.46,15.5,15.445,54,15.475,2023-12-28T19:00:00Z,8637,15.464013
15.49,15.545,15.47,106,15.49,2023-12-28T20:00:00Z,16442,15.509719
15.44,15.46,15.38,46,15.45,2023-12-29T14:00:00Z,6031,15.426261
15.66,15.675,15.445,248,15.455,2023-12-29T15:00:00Z,47736,15.576311
15.81,15.895,15.64,250,15.67,2023-12-29T16:00:00Z,32745,15.795273
15.595,15.855,15.595,192,15.815,2023-12-29T17:00:00Z,19287,15.760916
15.465,15.595,15.45,174,15.595,2023-12-29T18:00:00Z,22770,15.512635
15.455,15.545,15.45,179,15.47,2023-12-29T19:00:00Z,20059,15.488416
15.54,15.58,15.42,234,15.455,2023-12-29T20:00:00Z,36222,15.46708
16.05,16.16,15.83,89,15.9,2024-01-02T14:00:00Z,17440,16.013365
16.08,16.19,15.935,108,16.0,2024-01-02T15:00:00Z,18643,16.027918
15.75,16.085,15.75,147,16.085,2024-01-02T16:00:00Z,23771,15.917431
15.67,15.75,15.585,47,15.75,2024-01-02T17:00:00Z,6780,15.679866
15.545,15.73,15.45,138,15.73,2024-01-02T18:00:00Z,56482,15.532601
15.76,15.76,15.53,58,15.6,2024-01-02T19:00:00Z,7582,15.620493
15.54,15.865,15.53,283,15.75,2024-01-02T20:00:00Z,118672,15.823708
16.07,16.1,15.755,90,15.8,2024-01-03T14:00:00Z,10012,15.87156
16.215,16.35,15.95,214,16.07,2024-01-03T15:00:00Z,28182,16.148456
16.03,16.12,15.97,125,16.09,2024-01-03T16:00:00Z,18262,16.040079
15.85,16.1,15.84,81,16.02,2024-01-03T17:00:00Z,9477,15.966593
15.76,15.85,15.69,38,15.85,2024-01-03T18:00:00Z,4530,15.765526
15.75,15.93,15.58,158,15.69,2024-01-03T19:00:00Z,55310,15.827465
16.105,16.105,15.8,148,15.84,2024-01-03T20:00:00Z,17931,15.98827
16.05,16.05,16.05,1,16.05,2024-01-04T13:00:00Z,1240,16.05
16.09,16.12,15.95,56,16.045,2024-01-04T14:00:00Z,9598,16.064192
15.96,16.14,15.93,75,16.14,2024-01-04T15:00:00Z,10634,15.987918
15.98,15.99,15.78,53,15.915,2024-01-04T16:00:00Z,6778,15.844436
16.11,16.16,15.95,49,15.99,2024-01-04T17:00:00Z,7624,16.075365
15.91,16.05,15.9,30,16.05,2024-01-04T18:00:00Z,4825,16.0052
15.95,16.01,15.9,46,15.9,2024-01-04T19:00:00Z,5524,15.968255
16.1,16.105,15.905,211,16.0,2024-01-04T20:00:00Z,31304,16.037484
16.02,16.1,16.02,4,16.1,2024-01-05T13:00:00Z,3200,16.0475
15.62,15.93,15.56,105,15.93,2024-01-05T14:00:00Z,16212,15.691275
15.44,15.55,15.41,298,15.53,2024-01-05T15:00:00Z,188633,15.492556
15.57,15.63,15.435,68,15.435,2024-01-05T16:00:00Z,11515,15.5375
15.68,15.84,15.6,137,15.6,2024-01-05T17:00:00Z,22247,15.728202
15.49,15.79,15.49,112,15.68,2024-01-05T18:00:00Z,18964,15.660526
15.735,15.74,15.46,281,15.49,2024-01-05T19:00:00Z,114738,15.547962
15.585,15.76,15.56,129,15.7,2024-01-05T20:00:00Z,18841,15.633219
15.485,15.6,15.46,101,15.535,2024-01-08T14:00:00Z,15781,15.52213
15.36,15.49,15.3,113,15.48,2024-01-08T15:00:00Z,19907,15.382801
15.2,15.365,15.2,53,15.36,2024-01-08T16:00:00Z,8975,15.257156
15.21,15.22,15.165,48,15.17,2024-01-08T17:00:00Z,7879,15.195128
15.11,15.24,15.11,37,15.21,2024-01-08T18:00:00Z,7416,15.183269
15.05,15.09,15.0,122,15.09,2024-01-08T19:00:00Z,23972,15.040694
15.175,15.18,15.05,154,15.085,2024-01-08T20:00:00Z,40024,15.095565
15.18,15.18,15.18,1,15.18,2024-01-08T21:00:00Z,1000,15.18
15.225,15.35,15.225,77,15.335,2024-01-09T14:00:00Z,17566,15.31218
15.2,15.29,15.13,111,15.23,2024-01-09T15:00:00Z,18038,15.178693
14.99,15.2,14.99,99,15.2,2024-01-09T16:00:00Z,17301,15.114501
14.92,14.99,14.9,31,14.99,2024-01-09T17:00:00Z,4175,14.929756
14.95,14.97,14.87,29,14.87,2024-01-09T18:00:00Z,4987,14.926068
14.85,14.92,14.84,29,14.86,2024-01-09T19:00:00Z,4424,14.883294
14.825,14.91,14.8,43,14.83,2024-01-09T20:00:00Z,8291,14.845334
14.64,14.73,14.64,32,14.73,2024-01-10T14:00:00Z,5412,14.695921
14.67,14.71,14.63,39,14.665,2024-01-10T15:00:00Z,7005,14.680442
14.67,14.7,14.63,37,14.66,2024-01-10T16:00:00Z,5906,14.657107
14.72,14.74,14.635,54,14.635,2024-01-10T17:00:00Z,8427,14.684778
14.63,14.79,14.63,48,14.72,2024-01-10T18:00:00Z,7263,14.717161
14.655,14.68,14.615,70,14.63,2024-01-10T19:00:00Z,13437,14.653079
14.675,14.735,14.61,122,14.645,2024-01-10T20:00:00Z,23001,14.669211
14.49,14.555,14.43,93,14.495,2024-01-11T14:00:00Z,21302,14.487686
14.88,14.88,14.485,112,14.485,2024-01-11T15:00:00Z,19578,14.699527
15.01,15.13,14.89,131,14.89,2024-01-11T16:00:00Z,18326,15.024619
14.72,15.01,14.68,86,15.01,2024-01-11T17:00:00Z,14613,14.881948
14.54,14.71,14.54,64,14.69,2024-01-11T18:00:00Z,7698,14.661422
14.495,14.57,14.48,35,14.51,2024-01-11T19:00:00Z,5628,14.515273
14.6,14.68,14.49,81,14.49,2024-01-11T20:00:00Z,11387,14.584914
14.615,14.615,14.545,59,14.545,2024-01-12T14:00:00Z,8282,14.572122
14.79,14.895,14.55,117,14.63,2024-01-12T15:00:00Z,23605,14.681843
14.8,14.83,14.64,199,14.78,2024-01-12T16:00:00Z,142329,14.722529
14.81,14.84,14.72,52,14.8,2024-01-12T17:00:00Z,7960,14.78268
14.78,14.83,14.73,42,14.8,2024-01-12T18:00:00Z,6660,14.785747
14.76,14.815,14.75,48,14.76,2024-01-12T19:00:00Z,7899,14.778391
14.84,14.84,14.66,231,14.73,2024-01-12T20:00:00Z,41867,14.752624
15.48,15.55,15.13,263,15.31,2024-01-16T14:00:00Z,42916,15.373813
15.02,15.49,15.02,245,15.435,2024-01-16T15:00:00Z,32691,15.217907
15.3,15.3,15.04,168,15.08,2024-01-16T16:00:00Z,19109,15.18671
15.54,15.54,15.28,140,15.28,2024-01-16T17:00:00Z,19148,15.41884
15.55,15.56,15.37,82,15.52,2024-01-16T18:00:00Z,10513,15.470821
15.5,15.65,15.49,79,15.55,2024-01-16T19:00:00Z,10120,15.585926
15.37,15.53,15.365,157,15.46,2024-01-16T20:00:00Z,32305,15.483953
15.56,15.56,15.56,1,15.56,2024-01-17T13:00:00Z,500,15.56
16.21,16.215,15.78,248,15.82,2024-01-17T14:00:00Z,64350,16.048658
15.8,16.28,15.78,261,16.22,2024-01-17T15:00:00Z,39678,15.94896
15.74,15.76,15.55,127,15.75,2024-01-17T16:00:00Z,18552,15.667954
15.9,16.0,15.66,160,15.74,2024-01-17T17:00:00Z,21791,15.832943
16.02,16.16,15.83,107,15.88,2024-01-17T18:00:00Z,14059,15.99612
15.82,16.02,15.82,53,16.0,2024-01-17T19:00:00Z,7832,15.93143
15.89,15.96,15.81,142,15.81,2024-01-17T20:00:00Z,25931,15.867359
15.9,15.9,15.9,2,15.9,2024-01-17T21:00:00Z,1605,15.9
15.48,15.52,15.41,91,15.46,2024-01-18T14:00:00Z,15768,15.465355
15.47,15.52,15.38,219,15.45,2024-01-18T15:00:00Z,31988,15.44381
15.51,15.555,15.39,127,15.46,2024-01-18T16:00:00Z,16221,15.466403
15.815,15.825,15.54,77,15.54,2024-01-18T17:00:00Z,11288,15.720279
15.5,15.9,15.5,107,15.81,2024-01-18T18:00:00Z,12077,15.761637
15.41,15.5,15.34,74,15.5,2024-01-18T19:00:00Z,14480,15.404313
15.39,15.43,15.33,138,15.385,2024-01-18T20:00:00Z,20564,15.392539
15.04,15.18,15.0,80,15.07,2024-01-19T14:00:00Z,9619,15.100373
15.02,15.125,14.98,247,14.99,2024-01-19T15:00:00Z,142778,15.088407
15.02,15.07,15.0,60,15.05,2024-01-19T16:00:00Z,5363,15.033826
14.91,15.055,14.9,127,14.98,2024-01-19T17:00:00Z,20576,14.944018
14.95,15.01,14.93,109,14.94,2024-01-19T18:00:00Z,14035,14.955478
15.02,15.1,14.95,205,14.95,2024-01-19T19:00:00Z,29278,15.028337
15.02,15.1,14.95,216,15.04,2024-01-19T20:00:00Z,32979,15.02362
14.84,14.91,14.77,70,14.77,2024-01-22T14:00:00Z,11415,14.868506
14.9,14.92,14.76,186,14.86,2024-01-22T15:00:00Z,25876,14.846845
14.7,14.9,14.65,183,14.9,2024-01-22T16:00:00Z,32128,14.752035
14.72,14.74,14.68,80,14.69,2024-01-22T17:00:00Z,13415,14.720463
14.69,14.76,14.67,73,14.72,2024-01-22T18:00:00Z,12409,14.725631
14.605,14.725,14.605,123,14.68,2024-01-22T19:00:00Z,21077,14.659326
14.49,14.615,14.455,207,14.61,2024-01-22T20:00:00Z,37647,14.532729
14.27,14.335,14.25,125,14.285,2024-01-23T14:00:00Z,26297,14.288484
14.2,14.27,14.19,116,14.26,2024-01-23T15:00:00Z,21075,14.216746
14.22,14.26,14.19,58,14.21,2024-01-23T16:00:00Z,12099,14.219531
14.15,14.215,14.125,49,14.215,2024-01-23T17:00:00Z,7012,14.169396
14.12,14.18,14.11,60,14.15,2024-01-23T18:00:00Z,11374,14.146865
14.12,14.17,14.1,33,14.1,2024-01-23T19:00:00Z,5223,14.131799
14.095,14.145,14.08,139,14.125,2024-01-23T20:00:00Z,23494,14.115067
14.06,14.085,13.955,33,13.955,2024-01-24T14:00:00Z,4602,14.02474
14.08,14.1,14.0,133,14.055,2024-01-24T15:00:00Z,19865,14.052752
14.16,14.17,14.09,140,14.09,2024-01-24T16:00:00Z,55160,14.113001
14.28,14.29,14.12,92,14.18,2024-01-24T17:00:00Z,14438,14.175919
14.34,14.44,14.265,140,14.31,2024-01-24T18:00:00Z,24617,14.352291
14.31,14.445,14.31,94,14.335,2024-01-24T19:00:00Z,16110,14.372079
14.45,14.45,14.26,130,14.34,2024-01-24T20:00:00Z,23028,14.351561
14.355,14.47,14.355,64,14.44,2024-01-25T14:00:00Z,4578,14.417666
14.52,14.54,14.34,51,14.34,2024-01-25T15:00:00Z,6418,14.465153
14.58,14.63,14.54,67,14.54,2024-01-25T16:00:00Z,9436,14.590382
14.56,14.635,14.56,82,14.56,2024-01-25T17:00:00Z,9160,14.585087
14.56,14.56,14.46,79,14.54,2024-01-25T18:00:00Z,13422,14.505236
14.56,14.6,14.49,68,14.585,2024-01-25T19:00:00Z,9003,14.549865
14.65,14.66,14.5,129,14.57,2024-01-25T20:00:00Z,18089,14.588691
14.67,14.67,14.55,69,14.6,2024-01-26T14:00:00Z,10741,14.609686
14.48,14.67,14.45,96,14.67,2024-01-26T15:00:00Z,14896,14.545559
14.42,14.51,14.42,64,14.47,2024-01-26T16:00:00Z,10708,14.470587
14.43,14.48,14.385,61,14.45,2024-01-26T17:00:00Z,7881,14.438591
14.39,14.43,14.37,65,14.42,2024-01-26T18:00:00Z,7712,14.409902
14.43,14.465,14.34,84,14.38,2024-01-26T19:00:00Z,11366,14.383415
14.51,14.575,14.41,250,14.45,2024-01-26T20:00:00Z,32434,14.494004
14.5,14.5,14.5,1,14.5,2024-01-26T21:00:00Z,400,14.5
14.52,14.55,14.52,2,14.55,2024-01-29T13:00:00Z,1000,14.535
14.61,14.635,14.55,31,14.57,2024-01-29T14:00:00Z,2856,14.599063
14.71,14.79,14.6,59,14.605,2024-01-29T15:00:00Z,13638,14.712413
14.64,14.78,14.62,70,14.78,2024-01-29T16:00:00Z,9061,14.715872
14.55,14.66,14.55,86,14.65,2024-01-29T17:00:00Z,13828,14.610346
14.52,14.58,14.49,60,14.56,2024-01-29T18:00:00Z,8554,14.513252
14.59,14.615,14.51,71,14.51,2024-01-29T19:00:00Z,11679,14.574322
14.65,14.65,14.55,250,14.57,2024-01-29T20:00:00Z,40314,14.594334
14.48,14.555,14.48,69,14.515,2024-01-30T14:00:00Z,10111,14.524556
14.52,14.565,14.47,133,14.495,2024-01-30T15:00:00Z,23956,14.519618
14.48,14.53,14.45,70,14.52,2024-01-30T16:00:00Z,14833,14.484667
14.47,14.51,14.43,107,14.46,2024-01-30T17:00:00Z,19525,14.466531
14.41,14.485,14.41,31,14.48,2024-01-30T18:00:00Z,11596,14.472234
14.43,14.44,14.42,45,14.425,2024-01-30T19:00:00Z,8455,14.430637
14.38,14.44,14.36,158,14.43,2024-01-30T20:00:00Z,26685,14.397871
14.745,14.78,14.4,108,14.44,2024-01-31T14:00:00Z,15671,14.676784
15.05,15.13,14.75,303,14.75,2024-01-31T15:00:00Z,53590,14.933378
15.13,15.25,14.83,212,15.08,2024-01-31T16:00:00Z,23326,15.041142
14.83,15.15,14.83,94,15.115,2024-01-31T17:00:00Z,10823,15.040118
14.76,14.83,14.71,154,14.81,2024-01-31T18:00:00Z,27047,14.785648
14.83,14.91,14.56,333,14.89,2024-01-31T19:00:00Z,38121,14.758583
15.16,15.22,14.83,613,14.84,2024-01-31T20:00:00Z,79326,15.099087
14.96,14.965,14.72,82,14.9,2024-02-01T14:00:00Z,21067,14.87207
15.12,15.12,14.78,163,14.98,2024-02-01T15:00:00Z,19813,14.927973
15.07,15.27,15.07,177,15.16,2024-02-01T16:00:00Z,22251,15.183338
14.92,15.055,14.815,120,15.03,2024-02-01T17:00:00Z,17994,14.939262
14.82,15.0,14.815,74,14.91,2024-02-01T18:00:00Z,8360,14.886511
14.76,14.83,14.745,99,14.78,2024-02-01T19:00:00Z,11818,14.780233
15.01,15.04,14.755,151,14.775,2024-02-01T20:00:00Z,25393,14.915632
14.89,14.89,14.89,1,14.89,2024-02-01T21:00:00Z,600,14.89
14.89,14.89,14.68,3,14.68,2024-02-02T13:00:00Z,3475,14.811439
14.99,15.05,14.895,46,14.96,2024-02-02T14:00:00Z,6465,14.984813
14.84,14.99,14.795,111,14.89,2024-02-02T15:00:00Z,12883,14.884278
14.84,14.94,14.72,218,14.83,2024-02-02T16:00:00Z,57230,14.806081
14.98,15.11,14.85,177,14.85,2024-02-02T17:00:00Z,30488,14.99693
15.04,15.06,14.94,75,14.955,2024-02-02T18:00:00Z,10712,14.999872
14.99,15.085,14.99,130,15.02,2024-02-02T19:00:00Z,19222,15.055618
14.965,15.015,14.83,172,15.015,2024-02-02T20:00:00Z,20870,14.897197
14.71,14.85,14.71,6,14.85,2024-02-05T13:00:00Z,3000,14.776667
14.66,14.9,14.66,57,14.9,2024-02-05T14:00:00Z,8749,14.739868
15.095,15.15,14.685,142,14.685,2024-02-05T15:00:00Z,23233,14.909196
14.82,15.07,14.82,115,15.07,2024-02-05T16:00:00Z,18123,14.974544
14.56,14.81,14.55,134,14.805,2024-02-05T17:00:00Z,19917,14.642317
14.53,14.585,14.46,112,14.56,2024-02-05T18:00:00Z,20436,14.507495
14.43,14.56,14.43,58,14.54,2024-02-05T19:00:00Z,8095,14.51773
14.39,14.535,14.36,197,14.405,2024-02-05T20:00:00Z,26621,14.428698
14.185,14.28,14.09,61,14.24,2024-02-06T14:00:00Z,12506,14.19279
14.26,14.33,14.195,55,14.21,2024-02-06T15:00:00Z,7823,14.250684
14.36,14.385,14.27,98,14.27,2024-02-06T16:00:00Z,14431,14.358265
14.29,14.43,14.26,95,14.36,2024-02-06T17:00:00Z,15468,14.347674
14.21,14.34,14.21,35,14.26,2024-02-06T18:00:00Z,5106,14.287722
14.17,14.29,14.125,75,14.21,2024-02-06T19:00:00Z,13176,14.225544
14.06,14.135,14.03,154,14.135,2024-02-06T20:00:00Z,23535,14.087575
14.08,14.08,14.08,1,14.08,2024-02-06T21:00:00Z,395,14.08
14.0,14.05,13.91,45,13.925,2024-02-07T14:00:00Z,7116,13.966728
14.04,14.045,13.91,142,14.01,2024-02-07T15:00:00Z,21068,13.961995
13.965,14.08,13.94,127,14.05,2024-02-07T16:00:00Z,16405,14.008969
14.11,14.11,13.99,64,14.0,2024-02-07T17:00:00Z,11190,14.041851
14.005,14.1,14.0,60,14.1,2024-02-07T18:00:00Z,8221,14.052106
13.97,14.04,13.96,84,13.99,2024-02-07T19:00:00Z,13582,13.99654
14.0,14.01,13.94,130,13.97,2024-02-07T20:00:00Z,17298,13.978859
13.9,13.99,13.89,64,13.96,2024-02-08T14:00:00Z,14049,13.956722
13.955,13.96,13.88,111,13.895,2024-02-08T15:00:00Z,17932,13.89748
14.1,14.17,13.965,145,13.965,2024-02-08T16:00:00Z,25265,14.096932
14.08,14.14,14.0,90,14.095,2024-02-08T17:00:00Z,11817,14.080571
13.96,14.05,13.95,38,14.05,2024-02-08T18:00:00Z,6641,13.994308
13.92,13.98,13.905,68,13.95,2024-02-08T19:00:00Z,10350,13.948722
13.905,13.95,13.89,114,13.905,2024-02-08T20:00:00Z,18794,13.913712
13.85,13.85,13.75,54,13.8,2024-02-09T14:00:00Z,10791,13.808668
13.87,13.92,13.84,63,13.84,2024-02-09T15:00:00Z,11977,13.876949
14.0,14.0,13.85,48,13.85,2024-02-09T16:00:00Z,6867,13.916899
13.89,13.99,13.85,40,13.99,2024-02-09T17:00:00Z,6154,13.891343
13.935,13.935,13.84,40,13.87,2024-02-09T18:00:00Z,4943,13.896521
13.965,14.055,13.91,107,13.91,2024-02-09T19:00:00Z,19152,14.011743
14.06,14.07,13.95,159,13.95,2024-02-09T20:00:00Z,26116,14.007135
14.04,14.045,13.9,54,13.97,2024-02-12T14:00:00Z,8237,13.9733
14.13,14.145,14.05,124,14.05,2024-02-12T15:00:00Z,22344,14.108291
14.23,14.24,14.12,152,14.12,2024-02-12T16:00:00Z,25072,14.203991
14.21,14.24,14.18,113,14.23,2024-02-12T17:00:00Z,20854,14.209231
14.29,14.345,14.21,162,14.22,2024-02-12T18:00:00Z,32687,14.28596
14.35,14.37,14.24,255,14.29,2024-02-12T19:00:00Z,48957,14.312652
14.32,14.46,14.31,466,14.35,2024-02-12T20:00:00Z,133746,14.35116
14.79,14.84,14.66,152,14.78,2024-02-13T14:00:00Z,28249,14.764328
14.92,15.05,14.79,415,14.79,2024-02-13T15:00:00Z,93334,14.969754
14.74,14.96,14.67,234,14.93,2024-02-13T16:00:00Z,35854,14.766567
14.84,14.87,14.72,242,14.74,2024-02-13T17:00:00Z,37395,14.794062
15.11,15.13,14.83,346,14.84,2024-02-13T18:00:00Z,55320,14.987718
15.62,15.7,15.1,508,15.1,2024-02-13T19:00:00Z,82493,15.437742
15.39,16.28,15.37,1184,15.6,2024-02-13T20:00:00Z,178383,15.773196
14.59,14.88,14.565,151,14.7,2024-02-14T14:00:00Z,20794,14.74274
14.665,14.665,14.47,152,14.565,2024-02-14T15:00:00Z,29448,14.554874
14.72,14.78,14.56,104,14.69,2024-02-14T16:00:00Z,13800,14.679342
14.74,15.055,14.72,212,14.74,2024-02-14T17:00:00Z,39560,14.878408
14.735,14.88,14.64,111,14.75,2024-02-14T18:00:00Z,18014,14.729942
14.75,14.865,14.62,165,14.74,2024-02-14T19:00:00Z,25416,14.736368
14.52,14.79,14.52,338,14.73,2024-02-14T20:00:00Z,52573,14.597324
14.36,14.36,14.36,2,14.36,2024-02-15T13:00:00Z,2700,14.36
14.46,14.46,14.33,48,14.34,2024-02-15T14:00:00Z,7918,14.396605
14.505,14.525,14.32,141,14.405,2024-02-15T15:00:00Z,22219,14.451928
14.655,14.705,14.535,139,14.55,2024-02-15T16:00:00Z,22631,14.625392
14.6,14.69,14.49,54,14.64,2024-02-15T17:00:00Z,9043,14.588764
14.61,14.63,14.55,85,14.62,2024-02-15T18:00:00Z,15357,14.604809
14.6,14.69,14.57,51,14.62,2024-02-15T19:00:00Z,7768,14.654419
14.43,14.585,14.41,115,14.58,2024-02-15T20:00:00Z,23894,14.491868
14.63,14.63,14.55,2,14.55,2024-02-16T13:00:00Z,675,14.570741
14.58,14.62,14.41,125,14.48,2024-02-16T14:00:00Z,18966,14.503494
14.28,14.62,14.195,193,14.6,2024-02-16T15:00:00Z,28610,14.405664
14.2,14.32,14.12,211,14.27,2024-02-16T16:00:00Z,36796,14.196454
14.17,14.245,14.17,42,14.19,2024-02-16T17:00:00Z,5785,14.199626
14.21,14.31,14.16,83,14.21,2024-02-16T18:00:00Z,11654,14.224667
14.39,14.43,14.195,84,14.195,2024-02-16T19:00:00Z,13714,14.315206
14.39,14.47,14.3,382,14.35,2024-02-16T20:00:00Z,48393,14.381405
14.82,14.82,14.555,166,14.555,2024-02-20T14:00:00Z,37341,14.665052
14.83,15.01,14.78,221,14.84,2024-02-20T15:00:00Z,35307,14.905622
14.88,14.9,14.745,148,14.825,2024-02-20T16:00:00Z,25177,14.814554
15.065,15.23,14.91,311,14.91,2024-02-20T17:00:00Z,45730,15.089282
14.97,15.19,14.97,155,15.07,2024-02-20T18:00:00Z,21243,15.090311
14.83,15.06,14.83,149,15.01,2024-02-20T19:00:00Z,24228,14.963285
14.9,14.945,14.74,284,14.83,2024-02-20T20:00:00Z,42735,14.854354
14.98,15.055,14.94,127,14.96,2024-02-21T14:00:00Z,20771,14.991967
14.9,14.98,14.845,142,14.95,2024-02-21T15:00:00Z,23187,14.913968
14.78,14.865,14.705,72,14.865,2024-02-21T16:00:00Z,12422,14.755075
14.92,15.04,14.775,117,14.775,2024-02-21T17:00:00Z,18731,14.887615
14.92,15.09,14.885,107,14.89,2024-02-21T18:00:00Z,14608,14.942362
14.87,15.03,14.84,159,14.95,2024-02-21T19:00:00Z,24645,14.954392
14.74,14.96,14.71,397,14.87,2024-02-21T20:00:00Z,50837,14.804956
14.21,14.25,14.11,134,14.13,2024-02-22T14:00:00Z,26843,14.190152
14.12,14.235,13.99,299,14.21,2024-02-22T15:00:00Z,67704,14.061853
14.14,14.21,14.1,163,14.135,2024-02-22T16:00:00Z,26368,14.146709
14.13,14.19,14.12,78,14.16,2024-02-22T17:00:00Z,12241,14.16182
14.16,14.19,14.12,49,14.145,2024-02-22T18:00:00Z,7139,14.15388
14.27,14.33,14.17,128,14.17,2024-02-22T19:00:00Z,14467,14.273789
14.48,14.48,14.22,261,14.27,2024-02-22T20:00:00Z,33626,14.345089
14.21,14.32,14.205,80,14.22,2024-02-23T14:00:00Z,11122,14.260824
14.1,14.26,14.075,113,14.225,2024-02-23T15:00:00Z,15619,14.152141
14.17,14.19,14.09,126,14.09,2024-02-23T16:00:00Z,27275,14.162442
14.105,14.235,14.1,102,14.18,2024-02-23T17:00:00Z,15516,14.171442
14.02,14.11,14.01,63,14.1,2024-02-23T18:00:00Z,11072,14.045258
13.96,14.05,13.95,88,14.03,2024-02-23T19:00:00Z,16067,14.009061
13.91,13.975,13.91,221,13.92,2024-02-23T20:00:00Z,38671,13.934353
13.95,13.95,13.95,17,13.95,2024-02-23T21:00:00Z,6300,13.95
13.78,14.04,13.64,63,13.86,2024-02-26T14:00:00Z,14842,13.823847
13.79,13.82,13.72,96,13.78,2024-02-26T15:00:00Z,11849,13.768224
13.77,13.85,13.77,69,13.78,2024-02-26T16:00:00Z,10059,13.812498
13.78,13.78,13.76,55,13.77,2024-02-26T17:00:00Z,8526,13.770204
13.79,13.83,13.73,128,13.77,2024-02-26T18:00:00Z,20035,13.779404
13.78,13.81,13.74,81,13.77,2024-02-26T19:00:00Z,11919,13.771718
13.76,13.815,13.74,175,13.76,2024-02-26T20:00:00Z,27124,13.771772
13.6,13.69,13.58,92,13.645,2024-02-27T14:00:00Z,15330,13.616395
13.51,13.59,13.51,78,13.58,2024-02-27T15:00:00Z,11616,13.560978
13.61,13.62,13.51,152,13.515,2024-02-27T16:00:00Z,25069,13.560898
13.63,13.63,13.56,112,13.6,2024-02-27T17:00:00Z,16456,13.587048
13.575,13.65,13.57,46,13.65,2024-02-27T18:00:00Z,5157,13.600188
13.56,13.59,13.555,41,13.565,2024-02-27T19:00:00Z,5138,13.565196
13.53,13.575,13.515,109,13.57,2024-02-27T20:00:00Z,21081,13.538573
13.7,13.7,13.605,56,13.65,2024-02-28T14:00:00Z,7523,13.654769
13.6,13.77,13.59,78,13.7,2024-02-28T15:00:00Z,11804,13.687764
13.61,13.63,13.595,36,13.595,2024-02-28T16:00:00Z,4924,13.613877
13.67,13.71,13.62,89,13.62,2024-02-28T17:00:00Z,29518,13.676096
13.67,13.715,13.64,53,13.69,2024-02-28T18:00:00Z,13942,13.685967
13.78,13.85,13.69,91,13.69,2024-02-28T19:00:00Z,22559,13.78114
13.75,13.81,13.71,132,13.77,2024-02-28T20:00:00Z,24541,13.752846
13.52,13.565,13.49,58,13.51,2024-02-29T14:00:00Z,16401,13.525945
13.655,13.655,13.49,199,13.5,2024-02-29T15:00:00Z,28263,13.570534
13.69,13.865,13.65,143,13.65,2024-02-29T16:00:00Z,25326,13.738709
13.595,13.72,13.595,87,13.68,2024-02-29T17:00:00Z,17846,13.678504
13.6,13.64,13.56,102,13.585,2024-02-29T18:00:00Z,16034,13.596251
13.62,13.68,13.56,76,13.595,2024-02-29T19:00:00Z,14910,13.600212
13.54,13.64,13.525,182,13.62,2024-02-29T20:00:00Z,54941,13.596652
13.4,13.43,13.37,51,13.42,2024-03-01T14:00:00Z,20302,13.398963
13.41,13.42,13.36,155,13.4,2024-03-01T15:00:00Z,27455,13.385103
13.55,13.56,13.425,154,13.425,2024-03-01T16:00:00Z,26085,13.516291
13.575,13.595,13.53,78,13.55,2024-03-01T17:00:00Z,15961,13.579645
13.6,13.625,13.545,100,13.58,2024-03-01T18:00:00Z,18047,13.591472
13.66,13.675,13.6,125,13.615,2024-03-01T19:00:00Z,25684,13.631157
13.59,13.66,13.56,193,13.66,2024-03-01T20:00:00Z,51500,13.601084
13.57,13.6,13.5,51,13.5,2024-03-04T14:00:00Z,6794,13.555305
13.56,13.585,13.52,68,13.56,2024-03-04T15:00:00Z,13335,13.557461
13.565,13.61,13.56,42,13.585,2024-03-04T16:00:00Z,5578,13.583047
13.58,13.59,13.56,21,13.56,2024-03-04T17:00:00Z,2272,13.570211
13.59,13.61,13.57,37,13.59,2024-03-04T18:00:00Z,10150,13.584691
13.53,13.57,13.52,57,13.57,2024-03-04T19:00:00Z,22607,13.526238
13.58,13.645,13.53,192,13.54,2024-03-04T20:00:00Z,33524,13.593596
13.92,13.99,13.73,259,13.73,2024-03-05T14:00:00Z,60395,13.87364
14.08,14.16,13.775,340,13.92,2024-03-05T15:00:00Z,62627,14.00202
14.11,14.22,13.99,172,14.09,2024-03-05T16:00:00Z,25298,14.086969
14.125,14.14,14.03,157,14.085,2024-03-05T17:00:00Z,31509,14.081552
14.34,14.355,14.12,200,14.15,2024-03-05T18:00:00Z,80045,14.244174
14.43,14.43,14.2,203,14.34,2024-03-05T19:00:00Z,34488,14.283294
14.13,14.545,14.12,500,14.41,2024-03-05T20:00:00Z,106090,14.315111
13.84,13.86,13.84,2,13.86,2024-03-06T13:00:00Z,900,13.851111
13.935,13.935,13.73,96,13.73,2024-03-06T14:00:00Z,43354,13.888465
13.905,14.04,13.86,177,13.98,2024-03-06T15:00:00Z,46627,13.989916
14.11,14.11,13.895,99,13.9,2024-03-06T16:00:00Z,14948,13.991112
14.03,14.125,14.02,72,14.115,2024-03-06T17:00:00Z,14741,14.069125
14.09,14.2,13.92,147,14.03,2024-03-06T18:00:00Z,26337,14.026088
14.16,14.29,14.04,145,14.08,2024-03-06T19:00:00Z,23068,14.142491
14.17,14.25,14.09,172,14.18,2024-03-06T20:00:00Z,33447,14.159151
14.0,14.08,13.86,58,13.87,2024-03-07T14:00:00Z,11744,13.984817
14.03,14.1,13.98,137,14.02,2024-03-07T15:00:00Z,21800,14.054477
14.09,14.105,14.0,83,14.055,2024-03-07T16:00:00Z,14935,14.048898
14.13,14.15,14.065,68,14.075,2024-03-07T17:00:00Z,14126,14.108218
14.13,14.14,14.09,55,14.11,2024-03-07T18:00:00Z,14287,14.111485
14.21,14.25,14.14,80,14.155,2024-03-07T19:00:00Z,16231,14.204903
14.135,14.29,14.085,135,14.235,2024-03-07T20:00:00Z,38770,14.140812
13.89,13.92,13.82,83,13.91,2024-03-08T14:00:00Z,9987,13.871669
13.925,13.935,13.87,105,13.88,2024-03-08T15:00:00Z,16322,13.907108
14.46,14.46,13.94,179,13.94,2024-03-08T16:00:00Z,24464,14.212878
14.73,14.77,14.37,186,14.49,2024-03-08T17:00:00Z,28905,14.488343
14.885,14.94,14.625,216,14.74,2024-03-08T18:00:00Z,36314,14.811403
14.32,14.9,14.29,207,14.9,2024-03-08T19:00:00Z,40588,14.54279
14.47,14.54,14.25,252,14.285,2024-03-08T20:00:00Z,45664,14.412237
14.68,14.68,14.55,91,14.58,2024-03-11T13:00:00Z,16985,14.6043
14.7,14.85,14.68,121,14.7,2024-03-11T14:00:00Z,23877,14.77062
14.5,14.775,14.495,108,14.67,2024-03-11T15:00:00Z,24304,14.639682
14.48,14.59,14.47,101,14.505,2024-03-11T16:00:00Z,23343,14.534144
14.3,14.52,14.3,72,14.49,2024-03-11T17:00:00Z,17788,14.415695
14.22,14.26,14.22,37,14.25,2024-03-11T18:00:00Z,7816,14.24225
14.32,14.32,14.195,167,14.2,2024-03-11T19:00:00Z,33888,14.275736
13.89,14.155,13.89,59,13.98,2024-03-12T13:00:00Z,11796,14.01835
13.705,13.86,13.7,141,13.86,2024-03-12T14:00:00Z,28484,13.796436
13.73,13.83,13.68,211,13.705,2024-03-12T15:00:00Z,43061,13.74999
13.75,13.8,13.69,146,13.71,2024-03-12T16:00:00Z,49657,13.720089
13.67,13.78,13.67,168,13.75,2024-03-12T17:00:00Z,80345,13.732693
13.6,13.66,13.6,60,13.66,2024-03-12T18:00:00Z,13750,13.635065
13.645,13.65,13.59,157,13.615,2024-03-12T19:00:00Z,32501,13.61498
13.63,13.63,13.63,2,13.63,2024-03-12T20:00:00Z,1520,13.63
13.63,13.65,13.54,55,13.59,2024-03-13T13:00:00Z,8902,13.587318
13.645,13.655,13.58,92,13.63,2024-03-13T14:00:00Z,17041,13.624994
13.59,13.65,13.585,67,13.65,2024-03-13T15:00:00Z,10666,13.621599
13.54,13.59,13.54,53,13.58,2024-03-13T16:00:00Z,9320,13.554897
13.54,13.59,13.485,55,13.55,2024-03-13T17:00:00Z,8264,13.527966
13.53,13.55,13.49,50,13.54,2024-03-13T18:00:00Z,9684,13.520834
13.55,13.68,13.51,198,13.54,2024-03-13T19:00:00Z,46173,13.599657
13.66,13.66,13.39,122,13.45,2024-03-14T13:00:00Z,18219,13.50825
13.85,13.91,13.565,185,13.7,2024-03-14T14:00:00Z,40649,13.726648
13.92,13.995,13.79,228,13.82,2024-03-14T15:00:00Z,40955,13.899135
13.99,14.14,13.86,293,13.91,2024-03-14T16:00:00Z,61161,13.996645
13.86,14.26,13.86,217,14.0,2024-03-14T17:00:00Z,41466,14.089844
13.86,13.89,13.74,198,13.83,2024-03-14T18:00:00Z,30161,13.820058
13.91,14.445,13.89,725,13.89,2024-03-14T19:00:00Z,138710,14.135472
14.15,14.2,13.98,149,14.12,2024-03-15T13:00:00Z,24644,14.114711
14.15,14.29,14.03,190,14.16,2024-03-15T14:00:00Z,37969,14.135454
14.3,14.3,14.08,97,14.14,2024-03-15T15:00:00Z,19607,14.172913
14.66,14.66,14.245,266,14.285,2024-03-15T16:00:00Z,63066,14.420018
14.46,14.7,14.42,135,14.67,2024-03-15T17:00:00Z,26212,14.591245
14.19,14.47,14.175,80,14.47,2024-03-15T18:00:00Z,12789,14.323274
14.16,14.205,14.09,274,14.19,2024-03-15T19:00:00Z,45073,14.156853
13.9,13.97,13.87,74,13.97,2024-03-18T13:00:00Z,12688,13.908043
13.79,13.91,13.74,221,13.91,2024-03-18T14:00:00Z,39063,13.801197
13.85,13.86,13.79,105,13.805,2024-03-18T15:00:00Z,16763,13.819667
13.92,13.93,13.79,88,13.865,2024-03-18T16:00:00Z,14106,13.836928
13.9,13.95,13.88,78,13.945,2024-03-18T17:00:00Z,14890,13.919702
13.775,13.9,13.76,91,13.9,2024-03-18T18:00:00Z,16397,13.784568
13.85,13.855,13.76,121,13.78,2024-03-18T19:00:00Z,26261,13.814371
13.78,13.935,13.76,123,13.92,2024-03-19T13:00:00Z,24677,13.851776
13.585,13.745,13.57,121,13.745,2024-03-19T14:00:00Z,33219,13.683496
13.51,13.585,13.48,164,13.585,2024-03-19T15:00:00Z,62319,13.517871
13.59,13.61,13.49,58,13.49,2024-03-19T16:00:00Z,12318,13.54597
13.565,13.64,13.545,123,13.57,2024-03-19T17:00:00Z,27983,13.580866
13.6,13.61,13.55,86,13.59,2024-03-19T18:00:00Z,17524,13.57356
13.49,13.625,13.48,127,13.59,2024-03-19T19:00:00Z,23428,13.556445
13.5,13.56,13.43,90,13.56,2024-03-20T13:00:00Z,12634,13.490253
13.47,13.5,13.425,155,13.5,2024-03-20T14:00:00Z,65356,13.451942
13.455,13.52,13.45,192,13.45,2024-03-20T15:00:00Z,69515,13.502804
13.41,13.465,13.405,305,13.455,2024-03-20T16:00:00Z,94087,13.452192
13.44,13.47,13.41,132,13.43,2024-03-20T17:00:00Z,22952,13.435891
13.23,13.4,13.22,328,13.34,2024-03-20T18:00:00Z,49532,13.301106
13.175,13.24,13.13,444,13.22,2024-03-20T19:00:00Z,90700,13.184167
13.07,13.095,12.97,219,12.97,2024-03-21T13:00:00Z,64140,13.059989
13.01,13.06,12.96,87,13.06,2024-03-21T14:00:00Z,13171,13.017522
13.19,13.2,13.0,102,13.01,2024-03-21T15:00:00Z,17749,13.064601
13.19,13.235,13.15,134,13.185,2024-03-21T16:00:00Z,24579,13.183342
13.23,13.24,13.16,91,13.18,2024-03-21T17:00:00Z,15666,13.195624
13.17,13.25,13.11,83,13.23,2024-03-21T18:00:00Z,11283,13.174556
13.09,13.14,13.06,180,13.14,2024-03-21T19:00:00Z,33493,13.082935
13.05,13.125,13.05,81,13.09,2024-03-22T13:00:00Z,34618,13.095092
13.19,13.19,13.02,87,13.06,2024-03-22T14:00:00Z,12374,13.092156
13.06,13.2,13.06,114,13.2,2024-03-22T15:00:00Z,18862,13.136537
13.02,13.06,13.02,72,13.03,2024-03-22T16:00:00Z,11301,13.044969
12.97,13.01,12.96,70,13.01,2024-03-22T17:00:00Z,19142,12.977768
13.06,13.08,12.92,89,12.96,2024-03-22T18:00:00Z,16380,12.995135
13.1,13.15,13.045,208,13.045,2024-03-22T19:00:00Z,51116,13.097668
13.02,13.14,13.02,35,13.14,2024-03-25T13:00:00Z,5486,13.076767
13.045,13.05,12.94,80,13.03,2024-03-25T14:00:00Z,13833,12.989158
13.005,13.02,12.96,55,13.02,2024-03-25T15:00:00Z,10661,12.986139
13.08,13.09,12.98,47,13.01,2024-03-25T16:00:00Z,9329,13.033793
13.11,13.12,13.07,40,13.07,2024-03-25T17:00:00Z,7225,13.098839
13.06,13.1,13.06,33,13.1,2024-03-25T18:00:00Z,7500,13.076867
13.045,13.09,13.01,126,13.04,2024-03-25T19:00:00Z,27526,13.042707
12.925,12.935,12.88,71,12.92,2024-03-26T13:00:00Z,15139,12.912653
12.89,12.93,12.86,140,12.93,2024-03-26T14:00:00Z,43715,12.880178
12.8,12.9,12.8,92,12.9,2024-03-26T15:00:00Z,15075,12.848731
12.81,12.83,12.79,76,12.795,2024-03-26T16:00:00Z,13797,12.80649
12.875,12.88,12.79,64,12.815,2024-03-26T17:00:00Z,14416,12.831434
12.81,12.87,12.805,88,12.87,2024-03-26T18:00:00Z,18071,12.829058
12.99,13.01,12.79,238,12.795,2024-03-26T19:00:00Z,56255,12.91174
12.78,12.78,12.78,1,12.78,2024-03-27T12:00:00Z,600,12.78
12.94,12.945,12.8,56,12.825,2024-03-27T13:00:00Z,7201,12.886853
12.95,13.07,12.95,111,12.98,2024-03-27T14:00:00Z,24876,13.01297
12.805,12.97,12.79,167,12.97,2024-03-27T15:00:00Z,34520,12.839814
12.83,12.855,12.805,66,12.81,2024-03-27T16:00:00Z,10049,12.824337
12.83,12.88,12.83,55,12.83,2024-03-27T17:00:00Z,15458,12.85711
12.83,12.845,12.79,56,12.83,2024-03-27T18:00:00Z,13058,12.816318
12.765,12.86,12.76,288,12.84,2024-03-27T19:00:00Z,70507,12.796186
12.84,12.84,12.755,63,12.76,2024-03-28T13:00:00Z,13607,12.782499
12.82,12.91,12.77,110,12.825,2024-03-28T14:00:00Z,28165,12.856575
12.77,12.84,12.77,68,12.82,2024-03-28T15:00:00Z,10584,12.802406
12.845,12.865,12.735,87,12.77,2024-03-28T16:00:00Z,24896,12.794847
12.94,12.94,12.85,115,12.86,2024-03-28T17:00:00Z,24915,12.911284
12.86,12.93,12.86,37,12.93,2024-03-28T18:00:00Z,10002,12.882404
12.99,12.99,12.84,244,12.86,2024-03-28T19:00:00Z,65235,12.925066
12.975,13.08,12.96,139,13.05,2024-04-01T13:00:00Z,41909,13.007743
13.11,13.12,12.94,136,12.99,2024-04-01T14:00:00Z,56201,13.062321
13.28,13.28,13.115,67,13.115,2024-04-01T15:00:00Z,20869,13.178448
13.18,13.26,13.14,53,13.26,2024-04-01T16:00:00Z,11398,13.194308
13.28,13.325,13.19,123,13.19,2024-04-01T17:00:00Z,57666,13.275761
13.16,13.28,13.15,88,13.28,2024-04-01T18:00:00Z,27933,13.221413
13.1,13.19,13.05,142,13.175,2024-04-01T19:00:00Z,40446,13.123734
13.8,13.84,13.52,354,13.55,2024-04-02T13:00:00Z,103834,13.738658
13.87,13.95,13.65,383,13.77,2024-04-02T14:00:00Z,89020,13.805785
13.74,13.9,13.67,182,13.86,2024-04-02T15:00:00Z,41403,13.746992
13.54,13.8,13.52,128,13.75,2024-04-02T16:00:00Z,31582,13.648085
13.55,13.66,13.54,94,13.55,2024-04-02T17:00:00Z,24894,13.602172
13.56,13.57,13.49,112,13.54,2024-04-02T18:00:00Z,23715,13.537079
13.46,13.57,13.45,325,13.55,2024-04-02T19:00:00Z,86608,13.50851
13.65,13.72,13.63,79,13.66,2024-04-03T13:00:00Z,18102,13.665652
13.295,13.64,13.29,131,13.63,2024-04-03T14:00:00Z,34419,13.40357
13.335,13.335,13.22,153,13.3,2024-04-03T15:00:00Z,31416,13.273154
13.355,13.42,13.315,159,13.335,2024-04-03T16:00:00Z,34807,13.367729
13.26,13.37,13.25,107,13.37,2024-04-03T17:00:00Z,20978,13.303759
13.3,13.3,13.225,52,13.235,2024-04-03T18:00:00Z,14290,13.258596
13.37,13.485,13.27,264,13.3,2024-04-03T19:00:00Z,76510,13.349188
13.17,13.2,13.145,48,13.16,2024-04-04T13:00:00Z,11214,13.170448
13.135,13.14,13.075,73,13.14,2024-04-04T14:00:00Z,34125,13.125858
13.09,13.19,13.09,53,13.135,2024-04-04T15:00:00Z,10114,13.125173
13.05,13.115,13.045,72,13.08,2024-04-04T16:00:00Z,18379,13.077993
13.185,13.185,13.03,99,13.06,2024-04-04T17:00:00Z,29948,13.078265
14.01,14.08,13.18,865,13.18,2024-04-04T18:00:00Z,276027,13.790339
14.02,14.4,13.935,1810,14.03,2024-04-04T19:00:00Z,634203,14.191809
14.02,14.02,14.02,3,14.02,2024-04-05T12:00:00Z,1000,14.02
14.1,14.24,13.97,235,14.19,2024-04-05T13:00:00Z,87764,14.172067
14.01,14.33,14.005,668,14.11,2024-04-05T14:00:00Z,173982,14.226961
13.84,14.27,13.805,400,14.03,2024-04-05T15:00:00Z,126865,14.117885
13.895,13.97,13.79,186,13.82,2024-04-05T16:00:00Z,66604,13.90343
14.23,14.29,13.895,190,13.895,2024-04-05T17:00:00Z,57968,14.125109
14.26,14.42,14.08,266,14.24,2024-04-05T18:00:00Z,106442,14.259842
14.265,14.32,14.13,478,14.25,2024-04-05T19:00:00Z,154259,14.220376
13.93,14.12,13.895,129,13.99,2024-04-08T13:00:00Z,30312,14.004158
13.69,13.97,13.69,268,13.92,2024-04-08T14:00:00Z,58183,13.813092
13.735,13.76,13.65,189,13.65,2024-04-08T15:00:00Z,69884,13.701533
13.65,13.82,13.65,132,13.75,2024-04-08T16:00:00Z,41755,13.701697
13.645,13.69,13.635,117,13.65,2024-04-08T17:00:00Z,48319,13.661557
13.62,13.66,13.59,74,13.64,2024-04-08T18:00:00Z,24913,13.623118
13.71,13.74,13.595,288,13.62,2024-04-08T19:00:00Z,123799,13.657199
13.66,13.66,13.66,2,13.66,2024-04-08T20:00:00Z,1414,13.66
13.735,13.735,13.55,161,13.595,2024-04-09T13:00:00Z,102601,13.636137
14.08,14.2,13.67,278,13.735,2024-04-09T14:00:00Z,101015,13.930964
13.865,14.06,13.83,101,14.02,2024-04-09T15:00:00Z,28790,13.947291
13.85,13.885,13.69,60,13.85,2024-04-09T16:00:00Z,26082,13.763514
13.73,13.85,13.66,63,13.835,2024-04-09T17:00:00Z,15580,13.739
13.8,13.84,13.68,140,13.78,2024-04-09T18:00:00Z,43646,13.776613
13.625,13.93,13.605,274,13.85,2024-04-09T19:00:00Z,87823,13.730283
13.58,13.58,13.58,1,13.58,2024-04-09T20:00:00Z,1500,13.58
13.96,14.0,13.7,11,13.72,2024-04-10T12:00:00Z,6782,13.91242
14.18,14.24,13.97,271,14.14,2024-04-10T13:00:00Z,124726,14.087252
13.96,14.2,13.8,407,14.17,2024-04-10T14:00:00Z,111901,13.946293
14.0,14.075,13.835,444,13.91,2024-04-10T15:00:00Z,143680,13.930704
13.955,14.045,13.95,110,13.995,2024-04-10T16:00:00Z,23222,13.99792
14.13,14.38,13.81,969,13.92,2024-04-10T17:00:00Z,238930,14.127679
14.25,14.28,14.02,228,14.18,2024-04-10T18:00:00Z,76884,14.139852
13.84,14.32,13.81,494,14.25,2024-04-10T19:00:00Z,126845,13.96634
14.08,14.08,14.05,3,14.05,2024-04-11T12:00:00Z,700,14.056923
14.09,14.12,13.91,42,13.91,2024-04-11T13:00:00Z,8115,14.047181
14.34,14.44,14.14,97,14.14,2024-04-11T14:00:00Z,21525,14.28995
14.06,14.34,14.06,36,14.34,2024-04-11T15:00:00Z,5843,14.218434
13.985,14.11,13.975,101,14.06,2024-04-11T16:00:00Z,36779,14.022628
13.69,13.98,13.67,81,13.96,2024-04-11T17:00:00Z,18497,13.810143
13.57,13.665,13.55,188,13.66,2024-04-11T18:00:00Z,42309,13.611221
13.61,13.63,13.54,184,13.58,2024-04-11T19:00:00Z,57942,13.593187
13.6,13.6,13.6,1,13.6,2024-04-11T20:00:00Z,100,13.6
14.26,14.26,14.2,3,14.2,2024-04-12T12:00:00Z,3205,14.221965
14.48,14.57,14.17,251,14.37,2024-04-12T13:00:00Z,57096,14.359116
15.26,15.27,14.51,906,14.53,2024-04-12T14:00:00Z,200015,14.986368
14.88,15.28,14.63,633,15.26,2024-04-12T15:00:00Z,223075,14.896782
15.27,15.35,14.825,383,14.86,2024-04-12T16:00:00Z,127309,15.119383
15.18,15.48,14.95,509,15.28,2024-04-12T17:00:00Z,203963,15.301754
15.155,15.31,14.92,604,15.2,2024-04-12T18:00:00Z,260607,15.107099
14.75,15.3,14.74,958,15.15,2024-04-12T19:00:00Z,290085,14.963826
14.75,14.75,14.75,3,14.75,2024-04-12T20:00:00Z,1200,14.75
14.26,14.48,14.19,243,14.32,2024-04-15T13:00:00Z,46515,14.267414
14.74,14.76,14.19,602,14.275,2024-04-15T14:00:00Z,155354,14.511765
14.55,14.85,14.5,274,14.755,2024-04-15T15:00:00Z,43334,14.680773
14.73,14.87,14.4,267,14.5,2024-04-15T16:00:00Z,41387,14.655338
15.14,15.45,14.65,381,14.775,2024-04-15T17:00:00Z,77639,15.202304
15.395,15.55,15.125,331,15.15,2024-04-15T18:00:00Z,78454,15.368338
15.59,15.67,15.29,515,15.39,2024-04-15T19:00:00Z,138831,15.483169
15.21,15.21,15.21,1,15.21,2024-04-16T12:00:00Z,600,15.21
15.42,15.63,15.34,280,15.59,2024-04-16T13:00:00Z,30552,15.503761
15.47,15.63,15.35,269,15.415,2024-04-16T14:00:00Z,38409,15.496327
15.18,15.46,15.02,341,15.45,2024-04-16T15:00:00Z,125310,15.280218
15.21,15.315,15.1,179,15.265,2024-04-16T16:00:00Z,33859,15.197453
15.09,15.51,15.025,237,15.26,2024-04-16T17:00:00Z,35298,15.204997
14.89,15.33,14.81,393,15.11,2024-04-16T18:00:00Z,119949,15.003214
15.09,15.23,14.88,284,14.94,2024-04-16T19:00:00Z,56695,14.99981
14.87,15.09,14.75,164,14.92,2024-04-17T13:00:00Z,26234,14.89559
15.12,15.135,14.73,184,14.855,2024-04-17T14:00:00Z,34701,14.931345
15.33,15.41,15.1,160,15.13,2024-04-17T15:00:00Z,32224,15.266405
15.42,15.595,15.305,259,15.39,2024-04-17T16:00:00Z,43152,15.472033
14.87,15.45,14.87,132,15.45,2024-04-17T17:00:00Z,21229,15.174597
14.96,15.0,14.7,130,14.86,2024-04-17T18:00:00Z,29071,14.83074
14.93,15.12,14.84,288,14.97,2024-04-17T19:00:00Z,47625,14.967867
14.835,14.95,14.71,65,14.78,2024-04-18T13:00:00Z,10021,14.818966
14.63,14.92,14.63,75,14.82,2024-04-18T14:00:00Z,17326,14.78854
14.66,14.71,14.585,60,14.7,2024-04-18T15:00:00Z,11808,14.631442
14.95,15.0,14.65,108,14.685,2024-04-18T16:00:00Z,20460,14.857365
15.14,15.27,14.94,137,14.96,2024-04-18T17:00:00Z,27202,15.142422
15.16,15.25,14.975,92,15.1,2024-04-18T18:00:00Z,16547,15.094418
15.07,15.13,14.91,170,15.05,2024-04-18T19:00:00Z,36594,15.006805
14.96,15.12,14.83,301,15.1,2024-04-19T13:00:00Z,78172,14.951991
15.21,15.34,14.93,167,14.99,2024-04-19T14:00:00Z,44443,15.249313
15.325,15.44,15.185,220,15.245,2024-04-19T15:00:00Z,57732,15.288343
15.41,15.69,15.23,457,15.3,2024-04-19T16:00:00Z,152183,15.568363
15.27,15.43,15.19,261,15.365,2024-04-19T17:00:00Z,41567,15.330552
15.59,15.69,15.33,136,15.33,2024-04-19T18:00:00Z,35254,15.49397
15.47,15.68,15.405,304,15.55,2024-04-19T19:00:00Z,68780,15.513514
14.64,14.88,14.635,131,14.88,2024-04-22T13:00:00Z,22606,14.722116
14.68,14.695,14.52,263,14.64,2024-04-22T14:00:00Z,54283,14.611527
14.61,14.815,14.61,97,14.7,2024-04-22T15:00:00Z,15766,14.722916
14.43,14.63,14.42,70,14.63,2024-04-22T16:00:00Z,16489,14.493
14.2,14.44,14.16,106,14.435,2024-04-22T17:00:00Z,23001,14.272801
14.24,14.24,14.1,88,14.19,2024-04-22T18:00:00Z,14943,14.187159
14.295,14.36,14.17,211,14.21,2024-04-22T19:00:00Z,49226,14.254427
13.91,14.03,13.91,68,13.985,2024-04-23T13:00:00Z,10823,13.970693
13.905,13.98,13.88,103,13.91,2024-04-23T14:00:00Z,15259,13.92576
13.94,13.97,13.9,40,13.9,2024-04-23T15:00:00Z,8318,13.93547
13.905,13.975,13.905,48,13.975,2024-04-23T16:00:00Z,12264,13.948073
13.835,13.96,13.83,59,13.94,2024-04-23T17:00:00Z,9619,13.905067
13.66,13.81,13.64,54,13.8,2024-04-23T18:00:00Z,8585,13.713953
13.71,13.74,13.645,200,13.695,2024-04-23T19:00:00Z,36601,13.696902
13.65,13.69,13.59,69,13.68,2024-04-24T13:00:00Z,12798,13.624899
13.71,13.73,13.6,131,13.68,2024-04-24T14:00:00Z,29355,13.692114
13.86,13.88,13.69,163,13.705,2024-04-24T15:00:00Z,122031,13.810348
13.87,13.94,13.78,82,13.86,2024-04-24T16:00:00Z,15313,13.87219
13.7,13.845,13.67,38,13.845,2024-04-24T17:00:00Z,8913,13.723737
13.82,13.84,13.65,137,13.67,2024-04-24T18:00:00Z,32838,13.764845
13.57,13.86,13.55,444,13.86,2024-04-24T19:00:00Z,207672,13.723938
14.12,14.12,14.12,1,14.12,2024-04-25T12:00:00Z,100,14.12
14.475,14.54,14.32,163,14.34,2024-04-25T13:00:00Z,87726,14.396412
14.37,14.53,14.215,415,14.49,2024-04-25T14:00:00Z,237427,14.399351
14.105,14.37,14.105,100,14.37,2024-04-25T15:00:00Z,20381,14.287989
13.98,14.08,13.98,116,14.06,2024-04-25T16:00:00Z,20267,14.040854
13.85,14.04,13.84,106,14.01,2024-04-25T17:00:00Z,23815,13.913481
13.94,14.03,13.8,207,13.855,2024-04-25T18:00:00Z,73218,13.895446
13.88,13.96,13.805,254,13.9,2024-04-25T19:00:00Z,43868,13.871617
13.47,13.47,13.47,1,13.47,2024-04-26T12:00:00Z,600,13.47
13.39,13.5,13.37,123,13.5,2024-04-26T13:00:00Z,18083,13.401308
13.515,13.555,13.395,145,13.41,2024-04-26T14:00:00Z,23669,13.459252
13.51,13.6,13.505,77,13.535,2024-04-26T15:00:00Z,14026,13.537339
13.395,13.56,13.395,48,13.56,2024-04-26T16:00:00Z,6750,13.454129
13.44,13.46,13.405,27,13.405,2024-04-26T17:00:00Z,6732,13.440472
13.38,13.46,13.365,72,13.44,2024-04-26T18:00:00Z,10945,13.400467
13.42,13.44,13.375,135,13.39,2024-04-26T19:00:00Z,26913,13.406468
13.35,13.37,13.32,28,13.32,2024-04-29T13:00:00Z,4013,13.342451
13.2,13.345,13.2,82,13.32,2024-04-29T14:00:00Z,17402,13.272925
13.19,13.22,13.11,89,13.2,2024-04-29T15:00:00Z,16912,13.185033
13.205,13.21,13.16,47,13.18,2024-04-29T16:00:00Z,9230,13.190399
13.17,13.195,13.135,78,13.185,2024-04-29T17:00:00Z,9677,13.158051
13.22,13.265,13.17,194,13.19,2024-04-29T18:00:00Z,41475,13.224912
13.245,13.47,13.23,204,13.255,2024-04-29T19:00:00Z,36402,13.334295
13.19,13.27,13.16,33,13.27,2024-04-30T13:00:00Z,5790,13.202232
13.14,13.21,13.09,172,13.18,2024-04-30T14:00:00Z,83821,13.128786
13.36,13.42,13.14,98,13.14,2024-04-30T15:00:00Z,20490,13.299279
13.49,13.555,13.29,60,13.37,2024-04-30T16:00:00Z,15558,13.43496
13.37,13.485,13.37,51,13.44,2024-04-30T17:00:00Z,8403,13.437288
13.41,13.44,13.27,48,13.295,2024-04-30T18:00:00Z,7433,13.362998
13.62,13.63,13.34,157,13.37,2024-04-30T19:00:00Z,23498,13.495502
13.63,13.63,13.63,1,13.63,2024-04-30T20:00:00Z,2800,13.63
13.81,13.9,13.81,2,13.9,2024-05-01T12:00:00Z,800,13.8775
13.77,13.79,13.69,75,13.77,2024-05-01T13:00:00Z,16336,13.737346
13.63,13.85,13.615,153,13.74,2024-05-01T14:00:00Z,27113,13.749592
13.67,13.725,13.6,76,13.63,2024-05-01T15:00:00Z,13750,13.652111
13.655,13.7,13.615,73,13.7,2024-05-01T16:00:00Z,25643,13.650389
13.625,13.675,13.525,100,13.655,2024-05-01T17:00:00Z,41601,13.642512
13.16,13.59,13.11,372,13.515,2024-05-01T18:00:00Z,91554,13.335165
13.67,13.675,13.09,537,13.125,2024-05-01T19:00:00Z,84463,13.346497
13.5,13.575,13.365,21,13.365,2024-05-02T13:00:00Z,2640,13.455577
13.405,13.76,13.405,71,13.575,2024-05-02T14:00:00Z,8187,13.572308
13.34,13.41,13.31,33,13.37,2024-05-02T15:00:00Z,6414,13.348232
13.41,13.435,13.36,41,13.36,2024-05-02T16:00:00Z,7195,13.398724
13.23,13.355,13.2,98,13.35,2024-05-02T17:00:00Z,16215,13.278852
13.25,13.28,13.18,84,13.225,2024-05-02T18:00:00Z,23291,13.236382
13.245,13.33,13.245,126,13.28,2024-05-02T19:00:00Z,27812,13.288181
12.84,12.84,12.77,2,12.77,2024-05-03T12:00:00Z,1200,12.805
12.85,12.86,12.77,248,12.77,2024-05-03T13:00:00Z,66140,12.808326
12.975,13.02,12.79,184,12.84,2024-05-03T14:00:00Z,39902,12.93947
12.745,13.0,12.74,93,12.98,2024-05-03T15:00:00Z,19451,12.924542
12.79,12.81,12.725,138,12.74,2024-05-03T16:00:00Z,83369,12.747045
12.86,12.86,12.76,38,12.79,2024-05-03T17:00:00Z,5709,12.803019
12.8,12.865,12.765,44,12.86,2024-05-03T18:00:00Z,6704,12.804129
12.775,12.8,12.745,313,12.79,2024-05-03T19:00:00Z,39639,12.777371
12.535,12.59,12.535,14,12.59,2024-05-06T13:00:00Z,1120,12.549429
12.565,12.585,12.525,111,12.53,2024-05-06T14:00:00Z,47938,12.56
12.57,12.61,12.56,49,12.57,2024-05-06T15:00:00Z,10676,12.584841
12.59,12.59,12.55,86,12.58,2024-05-06T16:00:00Z,12915,12.569991
12.565,12.58,12.55,27,12.55,2024-05-06T17:00:00Z,6755,12.566767
12.525,12.56,12.525,70,12.56,2024-05-06T18:00:00Z,13168,12.549505
12.46,12.54,12.46,290,12.52,2024-05-06T19:00:00Z,73942,12.513954
12.455,12.47,12.405,67,12.405,2024-05-07T13:00:00Z,8055,12.443634
12.435,12.49,12.425,203,12.47,2024-05-07T14:00:00Z,87799,12.442576
12.45,12.49,12.43,158,12.435,2024-05-07T15:00:00Z,71140,12.444458
12.455,12.455,12.415,32,12.45,2024-05-07T16:00:00Z,5833,12.442412
12.45,12.46,12.4,42,12.46,2024-05-07T17:00:00Z,14476,12.412824
12.47,12.47,12.385,64,12.45,2024-05-07T18:00:00Z,18239,12.438573
12.415,12.5,12.395,81,12.47,2024-05-07T19:00:00Z,17741,12.423186
12.39,12.39,12.39,1,12.39,2024-05-07T20:00:00Z,100,12.39
12.365,12.42,12.335,66,12.4,2024-05-08T13:00:00Z,18913,12.368915
12.36,12.395,12.32,68,12.34,2024-05-08T14:00:00Z,13902,12.35644
12.36,12.37,12.35,27,12.355,2024-05-08T15:00:00Z,6604,12.359086
12.355,12.37,12.33,18,12.355,2024-05-08T16:00:00Z,4048,12.346667
12.315,12.37,12.315,77,12.365,2024-05-08T17:00:00Z,33555,12.320947
12.3,12.32,12.29,109,12.315,2024-05-08T18:00:00Z,34743,12.313429
12.285,12.32,12.265,162,12.32,2024-05-08T19:00:00Z,53155,12.282777
12.345,12.355,12.265,47,12.265,2024-05-09T13:00:00Z,12280,12.316182
12.275,12.345,12.26,58,12.345,2024-05-09T14:00:00Z,13387,12.29313
12.38,12.38,12.255,121,12.27,2024-05-09T15:00:00Z,31106,12.286444
12.37,12.41,12.35,72,12.36,2024-05-09T16:00:00Z,12413,12.363702
12.28,12.39,12.28,37,12.39,2024-05-09T17:00:00Z,9212,12.343115
12.265,12.29,12.255,49,12.285,2024-05-09T18:00:00Z,7551,12.274337
12.22,12.26,12.215,362,12.26,2024-05-09T19:00:00Z,111165,12.245012
12.13,12.36,12.13,11,12.25,2024-05-10T12:00:00Z,6600,12.250909
12.22,12.24,12.22,25,12.225,2024-05-10T13:00:00Z,3221,12.226809
12.185,12.25,12.17,172,12.25,2024-05-10T14:00:00Z,91251,12.191586
12.165,12.2,12.165,39,12.175,2024-05-10T15:00:00Z,9250,12.173414
12.13,12.18,12.125,71,12.18,2024-05-10T16:00:00Z,16003,12.153816
12.12,12.135,12.1,38,12.125,2024-05-10T17:00:00Z,14666,12.116479
12.105,12.14,12.1,13,12.135,2024-05-10T18:00:00Z,2329,12.111293
12.05,12.11,12.045,261,12.11,2024-05-10T19:00:00Z,25732,12.073636
12.05,12.075,12.05,17,12.06,2024-05-13T13:00:00Z,3155,12.059186
12.05,12.065,12.04,45,12.05,2024-05-13T14:00:00Z,8197,12.052598
12.03,12.085,12.025,29,12.04,2024-05-13T15:00:00Z,7315,12.054859
12.09,12.1,12.02,20,12.02,2024-05-13T16:00:00Z,2298,12.056444
12.145,12.195,12.12,49,12.14,2024-05-13T17:00:00Z,15316,12.149595
12.095,12.145,12.09,24,12.14,2024-05-13T18:00:00Z,6191,12.123082
12.195,12.255,12.095,42,12.095,2024-05-13T19:00:00Z,5829,12.199063
12.19,12.19,12.19,1,12.19,2024-05-13T20:00:00Z,2900,12.19
12.2,12.27,12.195,32,12.195,2024-05-14T13:00:00Z,4225,12.237101
12.1,12.26,12.1,46,12.24,2024-05-14T14:00:00Z,8677,12.190027
12.04,12.09,12.04,37,12.09,2024-05-14T15:00:00Z,5619,12.059784
12.07,12.09,12.05,22,12.05,2024-05-14T16:00:00Z,4184,12.078102
12.01,12.09,12.01,5,12.09,2024-05-14T17:00:00Z,500,12.044
11.995,12.005,11.98,53,12.0,2024-05-14T18:00:00Z,11842,11.993787
11.985,12.01,11.945,85,12.0,2024-05-14T19:00:00Z,14961,11.966795
11.85,11.855,11.72,45,11.74,2024-05-15T13:00:00Z,12308,11.792752
11.635,11.82,11.63,183,11.82,2024-05-15T14:00:00Z,31615,11.731315
11.57,11.635,11.57,210,11.63,2024-05-15T15:00:00Z,31407,11.59165
11.585,11.595,11.57,140,11.57,2024-05-15T16:00:00Z,19111,11.584642
11.54,11.6,11.53,126,11.585,2024-05-15T17:00:00Z,15092,11.565837
11.545,11.595,11.53,187,11.535,2024-05-15T18:00:00Z,27960,11.556414
11.535,11.56,11.525,317,11.55,2024-05-15T19:00:00Z,92868,11.542832
11.495,11.56,11.495,97,11.56,2024-05-16T13:00:00Z,18445,11.530646
11.495,11.545,11.485,255,11.5,2024-05-16T14:00:00Z,83209,11.497191
11.535,11.565,11.5,214,11.5,2024-05-16T15:00:00Z,31454,11.535537
11.545,11.57,11.525,178,11.54,2024-05-16T16:00:00Z,28471,11.545682
11.57,11.63,11.535,149,11.54,2024-05-16T17:00:00Z,21988,11.574625
11.54,11.61,11.54,73,11.555,2024-05-16T18:00:00Z,12748,11.573455
11.5,11.56,11.49,249,11.55,2024-05-16T19:00:00Z,30377,11.514758
11.51,11.54,11.485,40,11.515,2024-05-17T13:00:00Z,34406,11.491718
11.49,11.535,11.465,42,11.53,2024-05-17T14:00:00Z,9343,11.487359
11.48,11.52,11.475,48,11.495,2024-05-17T15:00:00Z,9084,11.497856
11.435,11.475,11.435,92,11.46,2024-05-17T16:00:00Z,14328,11.448809
11.39,11.455,11.385,117,11.435,2024-05-17T17:00:00Z,21697,11.425547
11.395,11.47,11.38,20,11.39,2024-05-17T18:00:00Z,5500,11.431182
11.38,11.4,11.34,137,11.4,2024-05-17T19:00:00Z,32774,11.367321
11.42,11.42,11.42,1,11.42,2024-05-17T20:00:00Z,600,11.42
11.29,11.37,11.285,75,11.35,2024-05-20T13:00:00Z,18295,11.31311
11.27,11.31,11.255,66,11.31,2024-05-20T14:00:00Z,12898,11.28043
11.29,11.3,11.255,96,11.275,2024-05-20T15:00:00Z,13437,11.269838
11.3,11.33,11.29,79,11.31,2024-05-20T16:00:00Z,11560,11.311191
11.405,11.405,11.295,77,11.3,2024-05-20T17:00:00Z,18788,11.348742
11.395,11.45,11.365,84,11.415,2024-05-20T18:00:00Z,18939,11.408823
11.41,11.43,11.365,184,11.4,2024-05-20T19:00:00Z,38759,11.402331
11.31,11.5,11.3,46,11.5,2024-05-21T13:00:00Z,7500,11.351412
11.27,11.3,11.25,97,11.3,2024-05-21T14:00:00Z,23088,11.277621
11.24,11.275,11.22,51,11.275,2024-05-21T15:00:00Z,9089,11.244793
11.23,11.265,11.225,54,11.26,2024-05-21T16:00:00Z,8380,11.236279
11.19,11.24,11.19,43,11.24,2024-05-21T17:00:00Z,5486,11.21893
11.195,11.215,11.185,36,11.185,2024-05-21T18:00:00Z,6472,11.197083
11.2,11.205,11.16,301,11.195,2024-05-21T19:00:00Z,104082,11.185747
11.155,11.26,11.14,45,11.26,2024-05-22T13:00:00Z,11389,11.189823
11.225,11.23,11.125,97,11.155,2024-05-22T14:00:00Z,14238,11.177898
11.37,11.39,11.22,70,11.24,2024-05-22T15:00:00Z,12817,11.273195
11.375,11.405,11.36,67,11.37,2024-05-22T16:00:00Z,40882,11.370904
11.39,11.44,11.315,121,11.365,2024-05-22T17:00:00Z,22964,11.391616
11.48,11.55,11.39,226,11.39,2024-05-22T18:00:00Z,45708,11.48673
11.455,11.52,11.35,408,11.475,2024-05-22T19:00:00Z,84438,11.448533
11.38,11.42,11.19,114,11.2,2024-05-23T13:00:00Z,31739,11.278594
11.41,11.425,11.19,428,11.38,2024-05-23T14:00:00Z,59394,11.283751
11.2,11.42,11.16,319,11.405,2024-05-23T15:00:00Z,54885,11.239548
11.275,11.28,11.15,253,11.2,2024-05-23T16:00:00Z,40034,11.211446
11.59,11.6,11.245,313,11.28,2024-05-23T17:00:00Z,43131,11.403953
11.69,11.7,11.55,272,11.595,2024-05-23T18:00:00Z,57966,11.642252
11.62,11.71,11.56,168,11.675,2024-05-23T19:00:00Z,36541,11.639048
11.56,11.56,11.52,11,11.52,2024-05-24T12:00:00Z,6300,11.538413
11.47,11.53,11.425,70,11.52,2024-05-24T13:00:00Z,9223,11.478479
11.23,11.465,11.225,118,11.465,2024-05-24T14:00:00Z,27553,11.309211
11.235,11.3,11.195,137,11.205,2024-05-24T15:00:00Z,21797,11.242142
11.29,11.29,11.21,111,11.235,2024-05-24T16:00:00Z,24361,11.252284
11.285,11.315,11.26,333,11.285,2024-05-24T17:00:00Z,61674,11.287177
11.275,11.285,11.205,240,11.285,2024-05-24T18:00:00Z,34311,11.243884
11.225,11.3,11.205,245,11.28,2024-05-24T19:00:00Z,35063,11.244203
11.26,11.26,11.26,1,11.26,2024-05-24T20:00:00Z,300,11.26
11.41,11.41,11.205,73,11.21,2024-05-28T13:00:00Z,8665,11.312395
11.38,11.45,11.345,197,11.405,2024-05-28T14:00:00Z,53640,11.391547
11.31,11.425,11.305,65,11.375,2024-05-28T15:00:00Z,14606,11.348491
11.345,11.345,11.27,69,11.31,2024-05-28T16:00:00Z,13150,11.309762
11.47,11.5,11.34,109,11.34,2024-05-28T17:00:00Z,21048,11.426771
11.515,11.67,11.42,158,11.49,2024-05-28T18:00:00Z,25453,11.564262
11.485,11.595,11.485,155,11.55,2024-05-28T19:00:00Z,29638,11.551948
11.89,12.04,11.87,178,11.97,2024-05-29T13:00:00Z,36030,11.968055
11.81,11.96,11.74,73,11.89,2024-05-29T14:00:00Z,20021,11.859764
11.825,11.91,11.785,44,11.79,2024-05-29T15:00:00Z,12795,11.858235
11.765,11.95,11.74,44,11.895,2024-05-29T16:00:00Z,9723,11.823601
11.75,11.895,11.74,102,11.75,2024-05-29T17:00:00Z,16655,11.803653
11.84,11.875,11.78,75,11.78,2024-05-29T18:00:00Z,14206,11.83382
11.945,11.95,11.74,226,11.82,2024-05-29T19:00:00Z,38833,11.861275
11.86,12.0,11.85,54,11.96,2024-05-30T13:00:00Z,11250,11.935988
11.91,11.98,11.82,87,11.86,2024-05-30T14:00:00Z,16054,11.893204
11.885,11.975,11.84,75,11.92,2024-05-30T15:00:00Z,20645,11.898432
11.765,11.87,11.75,35,11.87,2024-05-30T16:00:00Z,9367,11.798197
11.705,11.74,11.67,31,11.74,2024-05-30T17:00:00Z,8752,11.69096
11.77,11.82,11.705,45,11.705,2024-05-30T18:00:00Z,12066,11.766015
11.88,12.105,11.75,211,11.75,2024-05-30T19:00:00Z,55327,11.947296
11.71,11.75,11.615,98,11.74,2024-05-31T13:00:00Z,31974,11.662739
11.86,11.98,11.69,112,11.72,2024-05-31T14:00:00Z,20276,11.843936
12.05,12.07,11.87,79,11.89,2024-05-31T15:00:00Z,15940,12.000238
12.08,12.2,12.05,149,12.07,2024-05-31T16:00:00Z,27386,12.136984
11.91,12.05,11.88,33,12.05,2024-05-31T17:00:00Z,7576,11.960783
11.81,11.88,11.75,43,11.86,2024-05-31T18:00:00Z,8573,11.815709
11.54,11.79,11.5,260,11.745,2024-05-31T19:00:00Z,69719,11.612218
11.51,11.57,11.3,71,11.3,2024-06-03T13:00:00Z,12525,11.434027
11.615,11.675,11.41,221,11.51,2024-06-03T14:00:00Z,37569,11.512456
11.635,11.72,11.59,119,11.6,2024-06-03T15:00:00Z,19307,11.649395
11.79,11.87,11.63,89,11.635,2024-06-03T16:00:00Z,13069,11.732772
11.64,11.89,11.59,93,11.83,2024-06-03T17:00:00Z,26671,11.689981
11.6,11.69,11.59,74,11.64,2024-06-03T18:00:00Z,21773,11.633527
11.47,11.67,11.47,222,11.575,2024-06-03T19:00:00Z,37640,11.574391
11.69,11.7,11.6,68,11.655,2024-06-04T13:00:00Z,26816,11.66798
11.745,11.745,11.535,154,11.63,2024-06-04T14:00:00Z,29964,11.62325
11.79,11.805,11.645,114,11.76,2024-06-04T15:00:00Z,15980,11.753146
11.655,11.845,11.615,170,11.81,2024-06-04T16:00:00Z,22629,11.698277
11.655,11.72,11.61,27,11.665,2024-06-04T17:00:00Z,4236,11.670125
11.545,11.65,11.465,127,11.65,2024-06-04T18:00:00Z,18076,11.509098
11.515,11.675,11.51,106,11.595,2024-06-04T19:00:00Z,18569,11.561194
11.495,11.5,11.42,27,11.43,2024-06-05T13:00:00Z,4376,11.451555
11.34,11.605,11.33,172,11.55,2024-06-05T14:00:00Z,28026,11.443029
11.355,11.38,11.3,75,11.33,2024-06-05T15:00:00Z,19076,11.341331
11.37,11.37,11.34,42,11.365,2024-06-05T16:00:00Z,7675,11.351077
11.32,11.39,11.31,84,11.355,2024-06-05T17:00:00Z,20019,11.356448
11.29,11.33,11.28,51,11.31,2024-06-05T18:00:00Z,12550,11.306388
11.3,11.31,11.265,193,11.295,2024-06-05T19:00:00Z,28087,11.290615
11.315,11.335,11.22,71,11.24,2024-06-06T13:00:00Z,12166,11.280496
11.215,11.325,11.19,158,11.325,2024-06-06T14:00:00Z,27267,11.243796
11.2,11.22,11.19,168,11.22,2024-06-06T15:00:00Z,36242,11.198141
11.295,11.37,11.195,242,11.195,2024-06-06T16:00:00Z,36129,11.293612
11.23,11.31,11.19,92,11.3,2024-06-06T17:00:00Z,16366,11.243601
11.245,11.355,11.24,55,11.26,2024-06-06T18:00:00Z,7950,11.279787
11.24,11.31,11.24,142,11.25,2024-06-06T19:00:00Z,21918,11.278305
11.36,11.36,11.36,1,11.36,2024-06-07T12:00:00Z,9000,11.36
11.22,11.275,11.15,60,11.23,2024-06-07T13:00:00Z,11979,11.201949
11.145,11.2,11.135,94,11.2,2024-06-07T14:00:00Z,28463,11.153786
11.11,11.165,11.11,57,11.145,2024-06-07T15:00:00Z,31574,11.13719
11.04,11.11,11.04,125,11.11,2024-06-07T16:00:00Z,95322,11.060388
11.06,11.075,11.04,69,11.04,2024-06-07T17:00:00Z,13872,11.059955
11.09,11.19,11.08,93,11.095,2024-06-07T18:00:00Z,20838,11.110713
11.115,11.15,11.08,66,11.085,2024-06-07T19:00:00Z,10827,11.106742
11.26,11.33,11.26,53,11.285,2024-06-10T13:00:00Z,10583,11.300625
11.235,11.29,11.235,94,11.27,2024-06-10T14:00:00Z,16463,11.254434
11.155,11.23,11.155,31,11.23,2024-06-10T15:00:00Z,5309,11.187035
11.115,11.16,11.105,60,11.16,2024-06-10T16:00:00Z,10850,11.128208
11.12,11.16,11.11,36,11.12,2024-06-10T17:00:00Z,5254,11.124582
11.085,11.13,11.085,92,11.11,2024-06-10T18:00:00Z,11165,11.108938
11.115,11.115,11.07,239,11.075,2024-06-10T19:00:00Z,34490,11.096074
11.32,11.4,11.26,74,11.265,2024-06-11T13:00:00Z,11192,11.324842
11.185,11.335,11.17,155,11.325,2024-06-11T14:00:00Z,22566,11.260196
11.23,11.24,11.155,150,11.185,2024-06-11T15:00:00Z,23203,11.190766
11.235,11.265,11.225,106,11.225,2024-06-11T16:00:00Z,17787,11.24514
11.125,11.245,11.125,55,11.23,2024-06-11T17:00:00Z,8168,11.180204
11.085,11.135,11.08,62,11.135,2024-06-11T18:00:00Z,9683,11.106451
11.12,11.145,11.085,160,11.085,2024-06-11T19:00:00Z,28642,11.121886
10.86,10.895,10.81,47,10.86,2024-06-12T13:00:00Z,7841,10.853019
10.905,10.915,10.84,189,10.85,2024-06-12T14:00:00Z,104529,10.873199
10.905,10.985,10.895,101,10.91,2024-06-12T15:00:00Z,69347,10.911742
10.875,10.905,10.86,41,10.905,2024-06-12T16:00:00Z,7513,10.873246
10.905,10.92,10.86,134,10.875,2024-06-12T17:00:00Z,93048,10.902846
10.88,10.96,10.855,97,10.95,2024-06-12T18:00:00Z,30357,10.899267
10.91,10.92,10.805,480,10.87,2024-06-12T19:00:00Z,108269,10.851393
10.92,10.92,10.92,1,10.92,2024-06-12T20:00:00Z,3400,10.92
10.86,10.91,10.82,40,10.89,2024-06-13T13:00:00Z,8801,10.871753
11.055,11.075,10.82,149,10.85,2024-06-13T14:00:00Z,46153,10.995154
11.025,11.1,11.0,98,11.09,2024-06-13T15:00:00Z,22113,11.05458
11.075,11.17,11.045,84,11.07,2024-06-13T16:00:00Z,23351,11.100683
10.96,11.08,10.96,50,11.075,2024-06-13T17:00:00Z,24420,11.036943
10.875,10.995,10.87,48,10.985,2024-06-13T18:00:00Z,11004,10.935548
10.88,10.9,10.84,113,10.87,2024-06-13T19:00:00Z,21495,10.872721
10.87,10.87,10.87,2,10.87,2024-06-13T20:00:00Z,600,10.87
11.18,11.18,11.06,153,11.14,2024-06-14T13:00:00Z,82951,11.105001
11.315,11.415,11.17,608,11.19,2024-06-14T14:00:00Z,122772,11.296151
11.305,11.43,11.265,202,11.32,2024-06-14T15:00:00Z,42625,11.352664
11.275,11.34,11.245,112,11.305,2024-06-14T16:00:00Z,18302,11.285279
11.27,11.27,11.18,96,11.265,2024-06-14T17:00:00Z,27869,11.21844
11.22,11.365,11.215,202,11.285,2024-06-14T18:00:00Z,28659,11.31044
11.22,11.235,11.17,153,11.225,2024-06-14T19:00:00Z,23721,11.203398
11.345,11.355,11.225,66,11.225,2024-06-17T13:00:00Z,12010,11.324095
11.14,11.35,11.14,137,11.34,2024-06-17T14:00:00Z,21918,11.234778
11.135,11.15,11.08,98,11.15,2024-06-17T15:00:00Z,21506,11.107885
11.105,11.125,11.075,111,11.125,2024-06-17T16:00:00Z,17577,11.095664
11.07,11.105,11.05,92,11.095,2024-06-17T17:00:00Z,13851,11.082094
11.095,11.105,11.065,91,11.065,2024-06-17T18:00:00Z,17757,11.091402
11.17,11.205,11.11,194,11.12,2024-06-17T19:00:00Z,42895,11.164487
11.085,11.085,11.015,70,11.03,2024-06-18T13:00:00Z,25536,11.052671
11.2,11.2,11.065,50,11.08,2024-06-18T14:00:00Z,12256,11.12243
11.18,11.23,11.165,38,11.185,2024-06-18T15:00:00Z,5684,11.196423
11.16,11.175,11.15,46,11.17,2024-06-18T16:00:00Z,11786,11.166765
11.135,11.17,11.135,38,11.165,2024-06-18T17:00:00Z,8214,11.159273
11.15,11.215,11.135,134,11.155,2024-06-18T18:00:00Z,29515,11.166828
11.13,11.195,11.125,186,11.145,2024-06-18T19:00:00Z,37819,11.155191
11.17,11.17,11.115,43,11.115,2024-06-20T13:00:00Z,5321,11.147384
11.225,11.255,11.14,122,11.15,2024-06-20T14:00:00Z,13615,11.21741
11.315,11.315,11.215,68,11.24,2024-06-20T15:00:00Z,10170,11.283044
11.49,11.5,11.32,221,11.355,2024-06-20T16:00:00Z,34480,11.424391
11.41,11.58,11.41,168,11.48,2024-06-20T17:00:00Z,29119,11.516518
11.405,11.42,11.31,96,11.38,2024-06-20T18:00:00Z,14443,11.359189
11.495,11.53,11.39,117,11.41,2024-06-20T19:00:00Z,16993,11.46118
11.605,11.705,11.545,71,11.595,2024-06-21T13:00:00Z,13291,11.631331
11.35,11.56,11.34,149,11.545,2024-06-21T14:00:00Z,27820,11.419907
11.24,11.33,11.235,102,11.33,2024-06-21T15:00:00Z,18213,11.279058
11.215,11.245,11.19,101,11.235,2024-06-21T16:00:00Z,61643,11.219673
11.255,11.275,11.215,19,11.26,2024-06-21T17:00:00Z,5256,11.248257
11.255,11.285,11.225,153,11.265,2024-06-21T18:00:00Z,22891,11.255827
11.255,11.255,11.19,468,11.245,2024-06-21T19:00:00Z,101692,11.211371
11.285,11.365,11.275,117,11.355,2024-06-24T13:00:00Z,13139,11.325252
11.17,11.295,11.16,125,11.285,2024-06-24T14:00:00Z,40795,11.232142
11.115,11.175,11.115,26,11.145,2024-06-24T15:00:00Z,5455,11.147614
11.18,11.19,11.085,78,11.11,2024-06-24T16:00:00Z,16465,11.118211
11.175,11.23,11.155,115,11.165,2024-06-24T17:00:00Z,21134,11.194291
11.145,11.21,11.135,197,11.185,2024-06-24T18:00:00Z,53157,11.16678
11.21,11.21,11.145,151,11.155,2024-06-24T19:00:00Z,41280,11.163816
11.25,11.25,11.185,9,11.195,2024-06-25T13:00:00Z,1700,11.217941
11.16,11.24,11.16,83,11.24,2024-06-25T14:00:00Z,13095,11.201314
11.115,11.155,11.11,133,11.155,2024-06-25T15:00:00Z,72543,11.117066
11.16,11.175,11.09,128,11.125,2024-06-25T16:00:00Z,91469,11.108261
11.045,11.18,11.04,69,11.18,2024-06-25T17:00:00Z,11568,11.077788
11.015,11.055,11.01,63,11.055,2024-06-25T18:00:00Z,7503,11.018153
10.98,11.01,10.955,130,11.01,2024-06-25T19:00:00Z,59216,10.973714
10.99,11.03,10.985,25,11.03,2024-06-26T13:00:00Z,7097,10.996297
10.99,11.015,10.94,76,10.97,2024-06-26T14:00:00Z,22314,10.980064
10.97,11.055,10.965,46,10.965,2024-06-26T15:00:00Z,15835,11.013758
10.945,10.97,10.945,45,10.97,2024-06-26T16:00:00Z,61121,10.94655
10.93,10.985,10.93,29,10.95,2024-06-26T17:00:00Z,33614,10.942723
10.87,10.92,10.86,42,10.92,2024-06-26T18:00:00Z,10248,10.889602
10.87,10.9,10.855,149,10.89,2024-06-26T19:00:00Z,40372,10.86809
10.87,10.87,10.82,44,10.845,2024-06-27T13:00:00Z,7775,10.851542
10.84,10.855,10.82,62,10.835,2024-06-27T14:00:00Z,15667,10.838236
10.88,10.89,10.845,41,10.855,2024-06-27T15:00:00Z,12877,10.869206
10.84,10.88,10.815,34,10.875,2024-06-27T16:00:00Z,11960,10.8388
10.81,10.83,10.805,18,10.82,2024-06-27T17:00:00Z,4960,10.811981
10.79,10.845,10.78,43,10.83,2024-06-27T18:00:00Z,8983,10.816405
10.79,10.83,10.785,198,10.79,2024-06-27T19:00:00Z,67770,10.795215
10.805,10.81,10.765,33,10.765,2024-06-28T13:00:00Z,14561,10.796508
10.755,10.78,10.735,111,10.775,2024-06-28T14:00:00Z,21582,10.761902
10.77,10.805,10.755,106,10.755,2024-06-28T15:00:00Z,14986,10.784035
10.79,10.865,10.78,69,10.78,2024-06-28T16:00:00Z,8964,10.818077
10.77,10.8,10.725,50,10.8,2024-06-28T17:00:00Z,9245,10.74573
10.8,10.805,10.745,40,10.765,2024-06-28T18:00:00Z,7720,10.770236
10.93,10.93,10.795,146,10.8,2024-06-28T19:00:00Z,18455,10.832393
10.79,10.85,10.79,18,10.83,2024-07-01T13:00:00Z,3672,10.82533
10.81,10.855,10.75,146,10.77,2024-07-01T14:00:00Z,26777,10.803984
10.695,10.83,10.695,112,10.82,2024-07-01T15:00:00Z,23150,10.746026
10.615,10.695,10.605,165,10.69,2024-07-01T16:00:00Z,89861,10.612733
10.62,10.63,10.61,186,10.615,2024-07-01T17:00:00Z,111915,10.615091
10.58,10.625,10.58,21,10.615,2024-07-01T18:00:00Z,7206,10.596608
10.5,10.6,10.49,86,10.585,2024-07-01T19:00:00Z,24475,10.543077
10.505,10.555,10.45,36,10.555,2024-07-02T13:00:00Z,7448,10.499919
10.435,10.535,10.42,112,10.505,2024-07-02T14:00:00Z,22668,10.468637
10.375,10.44,10.355,126,10.43,2024-07-02T15:00:00Z,19523,10.40224
10.375,10.405,10.375,27,10.385,2024-07-02T16:00:00Z,6069,10.387036
10.355,10.38,10.35,64,10.38,2024-07-02T17:00:00Z,9259,10.360379
10.365,10.365,10.345,58,10.355,2024-07-02T18:00:00Z,10762,10.354993
10.375,10.39,10.355,111,10.365,2024-07-02T19:00:00Z,23044,10.371756
10.35,10.375,10.335,39,10.35,2024-07-03T13:00:00Z,23395,10.346258
10.405,10.405,10.33,59,10.345,2024-07-03T14:00:00Z,12124,10.370194
10.435,10.45,10.4,69,10.41,2024-07-03T15:00:00Z,19148,10.430117
10.42,10.445,10.38,62,10.43,2024-07-03T16:00:00Z,17908,10.408901
10.405,10.425,10.385,19,10.405,2024-07-05T13:00:00Z,3900,10.40359
10.44,10.47,10.37,57,10.37,2024-07-05T14:00:00Z,14317,10.442433
10.43,10.47,10.43,53,10.47,2024-07-05T15:00:00Z,10280,10.448932
10.495,10.495,10.415,32,10.415,2024-07-05T16:00:00Z,6084,10.463754
10.52,10.535,10.495,47,10.53,2024-07-05T17:00:00Z,9259,10.519878
10.49,10.53,10.49,31,10.52,2024-07-05T18:00:00Z,6632,10.509407
10.455,10.51,10.435,139,10.46,2024-07-05T19:00:00Z,20107,10.465211
10.29,10.34,10.29,14,10.335,2024-07-08T13:00:00Z,3029,10.307241
10.26,10.305,10.26,101,10.29,2024-07-08T14:00:00Z,17088,10.280085
10.235,10.265,10.23,138,10.265,2024-07-08T15:00:00Z,19670,10.240281
10.245,10.275,10.235,202,10.24,2024-07-08T16:00:00Z,60644,10.244508
10.22,10.255,10.22,48,10.255,2024-07-08T17:00:00Z,5564,10.236607
10.245,10.255,10.22,52,10.235,2024-07-08T18:00:00Z,8034,10.2398
10.3,10.325,10.24,105,10.245,2024-07-08T19:00:00Z,24586,10.283878
10.26,10.26,10.225,13,10.26,2024-07-09T13:00:00Z,3840,10.234775
10.285,10.34,10.26,139,10.26,2024-07-09T14:00:00Z,26185,10.298759
10.265,10.305,10.265,55,10.295,2024-07-09T15:00:00Z,8232,10.288451
10.285,10.305,10.26,59,10.275,2024-07-09T16:00:00Z,11082,10.279453
10.325,10.365,10.27,75,10.285,2024-07-09T17:00:00Z,13120,10.321456
10.31,10.345,10.295,96,10.325,2024-07-09T18:00:00Z,11732,10.317136
10.3,10.325,10.27,128,10.315,2024-07-09T19:00:00Z,14926,10.294202
10.29,10.29,10.29,1,10.29,2024-07-10T12:00:00Z,2400,10.29
10.29,10.31,10.29,26,10.3,2024-07-10T13:00:00Z,6770,10.298956
10.2,10.29,10.2,82,10.29,2024-07-10T14:00:00Z,16758,10.218694
10.16,10.23,10.16,46,10.21,2024-07-10T15:00:00Z,8681,10.205721
10.16,10.17,10.15,82,10.16,2024-07-10T16:00:00Z,14953,10.162624
10.18,10.185,10.17,31,10.17,2024-07-10T17:00:00Z,9750,10.175364
10.21,10.215,10.18,28,10.185,2024-07-10T18:00:00Z,9305,10.201934
10.26,10.3,10.215,217,10.22,2024-07-10T19:00:00Z,39714,10.263414
10.195,10.205,10.15,49,10.16,2024-07-11T13:00:00Z,12743,10.189052
10.275,10.285,10.17,212,10.19,2024-07-11T14:00:00Z,113763,10.249312
10.4,10.415,10.245,245,10.28,2024-07-11T15:00:00Z,92507,10.338953
10.44,10.44,10.325,187,10.405,2024-07-11T16:00:00Z,34007,10.388909
10.435,10.46,10.33,96,10.42,2024-07-11T17:00:00Z,43838,10.39032
10.36,10.44,10.35,45,10.44,2024-07-11T18:00:00Z,9701,10.40885
10.285,10.4,10.28,139,10.35,2024-07-11T19:00:00Z,19280,10.350336
10.2,10.2,10.2,1,10.2,2024-07-12T12:00:00Z,1000,10.2
10.05,10.15,10.045,72,10.15,2024-07-12T13:00:00Z,18649,10.072634
10.04,10.055,10.02,182,10.055,2024-07-12T14:00:00Z,93254,10.039421
10.04,10.06,10.04,76,10.05,2024-07-12T15:00:00Z,22076,10.053015
10.02,10.08,10.02,62,10.055,2024-07-12T16:00:00Z,17486,10.044645
10.01,10.025,10.0,42,10.025,2024-07-12T17:00:00Z,11688,10.015051
10.065,10.07,10.015,45,10.02,2024-07-12T18:00:00Z,15972,10.054423
10.15,10.155,10.055,74,10.055,2024-07-12T19:00:00Z,25029,10.119274
10.07,10.11,10.06,39,10.09,2024-07-15T13:00:00Z,13365,10.07787
10.08,10.08,10.03,59,10.04,2024-07-15T14:00:00Z,13345,10.058763
10.15,10.15,10.075,62,10.075,2024-07-15T15:00:00Z,11892,10.132135
10.27,10.28,10.18,100,10.18,2024-07-15T16:00:00Z,19426,10.251611
10.32,10.33,10.26,95,10.26,2024-07-15T17:00:00Z,27139,10.294679
10.245,10.34,10.24,67,10.32,2024-07-15T18:00:00Z,18628,10.292538
10.325,10.35,10.225,271,10.25,2024-07-15T19:00:00Z,58808,10.286201
10.29,10.33,10.27,32,10.3,2024-07-16T13:00:00Z,6931,10.292817
10.28,10.365,10.26,86,10.29,2024-07-16T14:00:00Z,16972,10.305738
10.26,10.29,10.25,63,10.28,2024-07-16T15:00:00Z,17116,10.270709
10.33,10.35,10.25,57,10.26,2024-07-16T16:00:00Z,9904,10.31179
10.3,10.31,10.29,57,10.3,2024-07-16T17:00:00Z,20235,10.300498
10.35,10.37,10.29,77,10.3,2024-07-16T18:00:00Z,15573,10.335774
10.385,10.4,10.355,167,10.36,2024-07-16T19:00:00Z,23282,10.38379
10.38,10.38,10.38,1,10.38,2024-07-16T20:00:00Z,2700,10.38
10.62,10.62,10.62,2,10.62,2024-07-17T12:00:00Z,150,10.62
10.525,10.65,10.525,198,10.65,2024-07-17T13:00:00Z,153206,10.563655
10.65,10.695,10.535,589,10.535,2024-07-17T14:00:00Z,214733,10.653319
10.8,10.85,10.635,261,10.64,2024-07-17T15:00:00Z,93765,10.766877
10.8,10.87,10.76,183,10.79,2024-07-17T16:00:00Z,72650,10.826284
10.815,10.87,10.775,248,10.795,2024-07-17T17:00:00Z,50025,10.816805
10.76,10.84,10.68,145,10.815,2024-07-17T18:00:00Z,40372,10.717138
10.74,10.76,10.62,116,10.76,2024-07-17T19:00:00Z,54690,10.704532
10.555,10.565,10.45,79,10.49,2024-07-18T13:00:00Z,32093,10.535447
10.79,10.85,10.55,251,10.56,2024-07-18T14:00:00Z,51273,10.703723
11.105,11.17,10.79,1001,10.79,2024-07-18T15:00:00Z,588560,11.070786
11.03,11.19,11.025,250,11.145,2024-07-18T16:00:00Z,44730,11.093204
11.06,11.065,10.92,146,10.995,2024-07-18T17:00:00Z,39594,10.996902
11.115,11.155,11.025,195,11.05,2024-07-18T18:00:00Z,49814,11.086028
11.07,11.21,10.965,407,11.115,2024-07-18T19:00:00Z,85753,11.085085
11.275,11.275,11.095,82,11.22,2024-07-19T13:00:00Z,14466,11.171299
11.435,11.525,11.23,455,11.28,2024-07-19T14:00:00Z,158895,11.378764
11.35,11.665,11.35,217,11.435,2024-07-19T15:00:00Z,47842,11.534682
11.505,11.53,11.33,143,11.36,2024-07-19T16:00:00Z,36772,11.428213
11.535,11.625,11.49,398,11.52,2024-07-19T17:00:00Z,265052,11.567054
11.47,11.63,11.455,146,11.485,2024-07-19T18:00:00Z,159487,11.504153
11.53,11.555,11.375,308,11.445,2024-07-19T19:00:00Z,86662,11.443355
11.56,11.56,11.55,2,11.55,2024-07-19T20:00:00Z,5300,11.551321
11.23,11.325,11.14,111,11.32,2024-07-22T13:00:00Z,31872,11.192122
11.1,11.35,11.06,259,11.26,2024-07-22T14:00:00Z,91417,11.251068
11.22,11.26,11.05,209,11.1,2024-07-22T15:00:00Z,43761,11.16474
11.05,11.27,11.04,79,11.23,2024-07-22T16:00:00Z,15170,11.169821
10.93,11.035,10.915,107,11.03,2024-07-22T17:00:00Z,27434,10.979464
10.87,10.95,10.845,61,10.93,2024-07-22T18:00:00Z,12904,10.906335
10.91,10.94,10.87,272,10.87,2024-07-22T19:00:00Z,65045,10.902777
10.83,10.965,10.815,31,10.915,2024-07-23T13:00:00Z,8414,10.863479
10.725,10.81,10.695,67,10.81,2024-07-23T14:00:00Z,12008,10.736763
10.705,10.735,10.675,120,10.72,2024-07-23T15:00:00Z,28939,10.700761
10.8,10.82,10.69,92,10.71,2024-07-23T16:00:00Z,29076,10.749002
10.75,10.86,10.75,101,10.805,2024-07-23T17:00:00Z,43057,10.79037
10.695,10.745,10.695,19,10.73,2024-07-23T18:00:00Z,4069,10.722281
10.82,10.85,10.71,178,10.71,2024-07-23T19:00:00Z,57358,10.798517
45.85,46.04,44.685,141,44.71,2024-07-24T13:00:00Z,30017,45.08753
46.34,46.58,45.87,122,45.87,2024-07-24T14:00:00Z,12698,46.401007
46.84,46.9,46.33,70,46.33,2024-07-24T15:00:00Z,6725,46.690662
47.83,47.9,47.02,150,47.29,2024-07-24T16:00:00Z,12575,47.49211
47.64,47.97,47.315,85,47.89,2024-07-24T17:00:00Z,7142,47.607663
48.17,48.475,47.49,79,47.74,2024-07-24T18:00:00Z,7580,48.019604
49.145,49.62,47.98,316,48.16,2024-07-24T19:00:00Z,32258,48.642336
49.44,49.44,49.44,3,49.44,2024-07-24T20:00:00Z,600,49.44
49.1,49.13,48.6,88,48.655,2024-07-25T13:00:00Z,9228,48.722801
48.81,50.925,48.435,413,49.325,2024-07-25T14:00:00Z,24970,49.614965
48.18,48.96,48.035,448,48.79,2024-07-25T15:00:00Z,37855,48.475937
47.27,47.98,47.18,75,47.945,2024-07-25T16:00:00Z,6746,47.501574
47.59,47.65,46.72,50,47.2,2024-07-25T17:00:00Z,4336,47.284868
48.86,49.13,47.57,103,47.57,2024-07-25T18:00:00Z,6764,48.400618
49.63,49.63,47.75,215,48.99,2024-07-25T19:00:00Z,22219,48.829957
47.625,48.38,47.625,22,48.265,2024-07-26T13:00:00Z,3915,48.00139
47.585,48.12,47.19,46,47.79,2024-07-26T14:00:00Z,12575,47.783552
46.85,47.485,46.85,17,47.48,2024-07-26T15:00:00Z,2080,47.224208
46.875,46.94,46.75,39,46.825,2024-07-26T16:00:00Z,3743,46.850736
47.53,47.645,46.83,36,46.91,2024-07-26T17:00:00Z,3391,47.162931
47.11,47.55,46.87,16,47.535,2024-07-26T18:00:00Z,1807,47.160769
46.91,47.375,46.755,190,47.26,2024-07-26T19:00:00Z,19097,46.978575
46.8,46.89,46.38,14,46.38,2024-07-29T13:00:00Z,1662,46.706896
46.58,46.65,46.13,25,46.16,2024-07-29T14:00:00Z,7250,46.366403
46.185,47.14,46.185,44,46.88,2024-07-29T15:00:00Z,4458,46.823857
45.875,46.135,45.875,23,46.115,2024-07-29T16:00:00Z,2125,46.029692
45.86,45.86,45.81,3,45.81,2024-07-29T17:00:00Z,400,45.8225
45.9,46.13,45.83,16,45.835,2024-07-29T18:00:00Z,1600,46.025625
46.16,46.16,45.755,102,45.83,2024-07-29T19:00:00Z,10948,45.946839
46.11,46.11,46.11,1,46.11,2024-07-29T20:00:00Z,200,46.11
46.085,46.23,45.665,44,45.8,2024-07-30T13:00:00Z,4140,46.042984
46.87,47.305,46.07,95,46.07,2024-07-30T14:00:00Z,9571,46.655449
48.09,48.16,47.18,80,47.18,2024-07-30T15:00:00Z,6274,47.674581
48.785,48.785,47.63,40,47.95,2024-07-30T16:00:00Z,3515,48.076516
47.7,49.055,47.7,61,48.85,2024-07-30T17:00:00Z,11587,48.339279
47.51,47.7,47.09,44,47.68,2024-07-30T18:00:00Z,15454,47.23473
47.545,47.795,47.0,68,47.625,2024-07-30T19:00:00Z,10191,47.399998
46.25,46.25,46.25,1,46.25,2024-07-31T12:00:00Z,2900,46.25
46.47,46.505,46.11,21,46.17,2024-07-31T13:00:00Z,2517,46.2938
45.735,46.4,45.735,32,46.4,2024-07-31T14:00:00Z,3034,45.874865
45.76,45.785,45.55,31,45.72,2024-07-31T15:00:00Z,2791,45.717037
45.54,45.865,45.53,20,45.725,2024-07-31T16:00:00Z,1791,45.650363
45.355,45.545,45.255,13,45.43,2024-07-31T17:00:00Z,1500,45.427
44.695,45.38,44.695,33,45.38,2024-07-31T18:00:00Z,2927,44.980345
46.48,46.48,44.715,235,44.725,2024-07-31T19:00:00Z,22470,45.594034
46.26,46.41,46.03,81,46.3,2024-08-01T13:00:00Z,5079,46.173137
48.5,48.775,45.88,161,46.34,2024-08-01T14:00:00Z,16278,47.730272
49.5,49.85,48.32,113,48.65,2024-08-01T15:00:00Z,8851,49.216631
49.98,50.12,48.76,53,49.6,2024-08-01T16:00:00Z,4598,49.449322
50.41,51.66,50.12,74,50.215,2024-08-01T17:00:00Z,10972,51.236114
51.6,52.04,50.36,68,50.36,2024-08-01T18:00:00Z,11816,51.523757
50.325,51.6,49.62,175,51.52,2024-08-01T19:00:00Z,22455,50.455927
54.68,55.52,53.97,5,53.97,2024-08-02T12:00:00Z,7440,54.866486
55.01,55.125,53.98,70,54.58,2024-08-02T13:00:00Z,9945,54.503509
61.71,63.11,55.28,978,55.28,2024-08-02T14:00:00Z,117547,60.025782
59.53,64.38,58.81,789,62.1,2024-08-02T15:00:00Z,86317,61.425168
61.01,62.64,58.47,645,59.58,2024-08-02T16:00:00Z,82929,60.044203
62.22,63.14,60.625,332,60.625,2024-08-02T17:00:00Z,39476,61.904365
62.17,63.17,60.54,333,62.37,2024-08-02T18:00:00Z,39050,62.263369
62.805,63.33,60.74,564,61.595,2024-08-02T19:00:00Z,92954,61.804271
63.28,63.28,62.24,4,62.24,2024-08-02T20:00:00Z,1850,62.464865
93.1,93.8,86.76,17,86.76,2024-08-05T12:00:00Z,1526,91.780909
79.59,93.06,79.07,737,93.06,2024-08-05T13:00:00Z,92783,84.633616
84.07,86.02,74.85,1210,78.115,2024-08-05T14:00:00Z,176235,81.322672
75.2,84.83,74.99,423,83.46,2024-08-05T15:00:00Z,62929,80.566218
77.775,77.775,72.52,351,74.57,2024-08-05T16:00:00Z,56860,74.976138
80.05,80.375,76.795,188,77.34,2024-08-05T17:00:00Z,23247,78.417108
82.18,82.81,78.18,267,79.595,2024-08-05T18:00:00Z,29113,80.253778
89.05,89.93,80.5,656,81.14,2024-08-05T19:00:00Z,84787,87.198297
86.13,88.57,85.21,17,88.57,2024-08-05T20:00:00Z,2300,87.067778
78.58,78.69,78.58,2,78.69,2024-08-06T12:00:00Z,400,78.635
75.52,80.34,74.815,201,77.72,2024-08-06T13:00:00Z,21030,78.124478
71.41,76.3,69.61,1209,76.205,2024-08-06T14:00:00Z,138254,72.648819
67.34,71.805,67.34,272,71.64,2024-08-06T15:00:00Z,29799,69.513402
64.75,67.3,64.545,286,67.3,2024-08-06T16:00:00Z,30651,65.529085
63.645,65.36,62.255,240,64.71,2024-08-06T17:00:00Z,24850,63.75999
64.4,64.45,62.06,253,63.505,2024-08-06T18:00:00Z,26450,63.265717
71.59,73.53,63.83,460,64.55,2024-08-06T19:00:00Z,52145,67.365411
61.15,62.41,60.92,190,62.21,2024-08-07T13:00:00Z,34972,61.221863
61.33,63.05,61.09,471,61.09,2024-08-07T14:00:00Z,43122,61.827899
62.13,62.28,60.4,146,61.28,2024-08-07T15:00:00Z,14428,61.194612
66.93,67.35,62.215,249,62.215,2024-08-07T16:00:00Z,24705,65.009344
68.315,69.1,65.61,260,66.44,2024-08-07T17:00:00Z,33796,67.147121
68.48,71.725,67.87,302,68.33,2024-08-07T18:00:00Z,31186,69.597588
69.09,69.825,66.79,263,68.415,2024-08-07T19:00:00Z,22353,67.959361
65.42,65.98,65.09,4,65.98,2024-08-08T12:00:00Z,1600,65.46664
65.12,67.06,64.86,140,65.185,2024-08-08T13:00:00Z,12634,65.67763
63.88,65.8,63.86,216,65.17,2024-08-08T14:00:00Z,25416,64.81637
63.13,64.95,63.13,83,63.82,2024-08-08T15:00:00Z,8769,63.859647
64.64,65.54,62.66,100,63.08,2024-08-08T16:00:00Z,8689,64.23689
63.97,65.22,63.56,97,64.44,2024-08-08T17:00:00Z,9940,64.65433
63.78,64.13,63.43,65,63.98,2024-08-08T18:00:00Z,5235,63.817146
63.51,64.12,63.16,213,63.62,2024-08-08T19:00:00Z,19114,63.65633
64.01,64.01,62.68,84,63.11,2024-08-09T13:00:00Z,7389,63.330958
61.09,62.95,61.04,110,62.95,2024-08-09T14:00:00Z,9417,61.523982
61.28,61.63,60.15,173,61.23,2024-08-09T15:00:00Z,13450,61.00075
59.89,61.14,59.43,178,61.08,2024-08-09T16:00:00Z,23111,60.037582
58.62,59.91,58.0,137,59.91,2024-08-09T17:00:00Z,12876,59.073979
57.28,59.23,57.18,93,58.82,2024-08-09T18:00:00Z,9636,58.187412
55.14,57.59,54.59,676,57.255,2024-08-09T19:00:00Z,65306,56.405557
55.24,55.44,55.24,2,55.44,2024-08-09T20:00:00Z,800,55.265
55.93,56.13,54.55,44,54.93,2024-08-12T13:00:00Z,4899,55.232785
52.01,55.63,51.59,190,55.63,2024-08-12T14:00:00Z,18851,52.530174
51.795,53.17,51.26,178,51.78,2024-08-12T15:00:00Z,16144,52.209479
54.25,54.47,51.97,69,52.03,2024-08-12T16:00:00Z,7508,53.209705
54.7,55.22,53.44,92,54.4,2024-08-12T17:00:00Z,7375,54.294803
54.11,55.29,53.8,101,54.75,2024-08-12T18:00:00Z,10836,54.61652
54.81,55.87,54.29,391,54.29,2024-08-12T19:00:00Z,31855,55.107345
53.37,53.37,53.02,13,53.02,2024-08-13T12:00:00Z,2740,53.258297
53.02,53.79,52.65,58,53.79,2024-08-13T13:00:00Z,4738,52.938648
53.35,53.39,52.36,135,53.1,2024-08-13T14:00:00Z,11239,52.747065
53.28,53.35,53.02,36,53.29,2024-08-13T15:00:00Z,3233,53.207974
52.47,53.27,52.41,43,53.27,2024-08-13T16:00:00Z,4025,52.781184
52.44,52.77,52.21,55,52.54,2024-08-13T17:00:00Z,4796,52.516842
51.01,52.51,50.97,111,52.4,2024-08-13T18:00:00Z,10034,51.722564
50.36,51.48,50.355,433,51.07,2024-08-13T19:00:00Z,30649,51.087042
50.49,50.49,50.49,1,50.49,2024-08-13T20:00:00Z,150,50.49
49.6,50.46,49.51,17,50.46,2024-08-14T12:00:00Z,4321,49.904613
49.52,49.79,48.94,54,49.43,2024-08-14T13:00:00Z,4254,49.375254
48.27,49.73,48.27,120,49.6,2024-08-14T14:00:00Z,9334,49.145724
48.13,48.41,47.89,52,48.27,2024-08-14T15:00:00Z,4788,48.169891
48.3,48.825,47.87,33,47.87,2024-08-14T16:00:00Z,2961,48.446
48.04,48.53,48.01,42,48.53,2024-08-14T17:00:00Z,3009,48.216071
47.6,48.16,47.6,73,48.1,2024-08-14T18:00:00Z,4096,47.817576
47.12,47.95,47.07,142,47.6,2024-08-14T19:00:00Z,9464,47.457579
46.0,46.22,46.0,2,46.22,2024-08-15T12:00:00Z,1500,46.073333
45.76,46.02,45.66,90,45.905,2024-08-15T13:00:00Z,7443,45.889233
45.06,45.86,44.71,96,45.76,2024-08-15T14:00:00Z,8707,45.158784
45.62,45.62,44.81,110,45.11,2024-08-15T15:00:00Z,17088,45.07071
45.85,46.45,45.58,58,45.72,2024-08-15T16:00:00Z,4853,46.024472
46.01,46.3,45.805,68,45.87,2024-08-15T17:00:00Z,13168,45.917105
45.78,46.02,45.65,62,46.02,2024-08-15T18:00:00Z,13611,45.836283
45.34,45.8,45.21,84,45.75,2024-08-15T19:00:00Z,7505,45.397247
46.29,46.36,45.95,14,46.12,2024-08-16T13:00:00Z,1296,46.175455
46.0,46.09,45.37,45,45.91,2024-08-16T14:00:00Z,4057,45.794125
45.32,45.94,45.25,29,45.94,2024-08-16T15:00:00Z,2175,45.6045
45.1,45.4,45.02,32,45.29,2024-08-16T16:00:00Z,2512,45.221522
45.58,45.58,45.14,34,45.14,2024-08-16T17:00:00Z,2337,45.332727
45.36,46.22,45.36,44,46.12,2024-08-16T18:00:00Z,3331,45.962833
45.24,45.815,45.22,56,45.39,2024-08-16T19:00:00Z,5933,45.48745
45.02,45.37,45.0,40,45.23,2024-08-19T13:00:00Z,2814,45.1675
44.2,45.01,44.2,93,44.99,2024-08-19T14:00:00Z,8354,44.556083
44.28,44.31,44.07,69,44.25,2024-08-19T15:00:00Z,7126,44.160627
44.32,44.4,44.16,41,44.23,2024-08-19T16:00:00Z,3312,44.285781
44.41,44.7,44.41,39,44.46,2024-08-19T17:00:00Z,2733,44.550417
44.44,44.48,44.31,64,44.42,2024-08-19T18:00:00Z,5702,44.413218
44.32,44.59,44.21,95,44.59,2024-08-19T19:00:00Z,13660,44.399754
44.74,44.74,44.54,48,44.65,2024-08-20T13:00:00Z,3552,44.636552
45.57,45.57,44.82,134,44.82,2024-08-20T14:00:00Z,11056,45.272214
45.02,45.69,45.02,113,45.58,2024-08-20T15:00:00Z,9390,45.452208
46.02,46.09,44.98,72,44.98,2024-08-20T16:00:00Z,6612,45.822427
46.1,46.42,45.87,63,46.23,2024-08-20T17:00:00Z,5739,46.133911
45.61,46.21,45.47,65,46.21,2024-08-20T18:00:00Z,6119,45.643832
46.215,46.215,45.41,164,45.41,2024-08-20T19:00:00Z,12564,45.850435
46.46,47.04,46.425,64,46.43,2024-08-21T13:00:00Z,5622,46.618561
47.0,47.28,46.01,382,46.31,2024-08-21T14:00:00Z,50364,46.757531
47.54,47.61,46.68,68,46.99,2024-08-21T15:00:00Z,4996,47.184959
47.51,47.95,47.38,57,47.73,2024-08-21T16:00:00Z,4654,47.643109
47.3,47.51,47.3,26,47.51,2024-08-21T17:00:00Z,1512,47.402783
47.24,47.49,47.16,24,47.2,2024-08-21T18:00:00Z,2266,47.27
46.77,47.62,46.69,115,47.17,2024-08-21T19:00:00Z,9378,47.097615
46.53,46.74,46.29,70,46.57,2024-08-22T13:00:00Z,4283,46.519464
47.19,47.52,46.48,137,46.54,2024-08-22T14:00:00Z,10774,47.019127
47.3,48.15,47.01,103,47.01,2024-08-22T15:00:00Z,11061,47.770149
47.7,47.73,46.78,90,47.68,2024-08-22T16:00:00Z,7607,47.0735
48.695,48.75,47.37,78,47.68,2024-08-22T17:00:00Z,7358,48.099294
48.52,48.63,47.96,52,48.63,2024-08-22T18:00:00Z,4707,48.337955
48.98,49.155,48.2,152,48.49,2024-08-22T19:00:00Z,14469,48.749285
47.13,47.77,47.13,118,47.61,2024-08-23T13:00:00Z,6131,47.53017
47.04,47.71,46.1,228,46.99,2024-08-23T14:00:00Z,20511,46.793469
47.41,47.47,46.6,75,47.24,2024-08-23T15:00:00Z,6739,47.043016
47.21,48.1,47.21,101,47.67,2024-08-23T16:00:00Z,9340,47.787451
46.68,47.27,46.49,51,47.27,2024-08-23T17:00:00Z,4940,46.756364
46.72,46.89,46.39,45,46.64,2024-08-23T18:00:00Z,4463,46.647308
45.94,46.58,45.77,180,46.58,2024-08-23T19:00:00Z,15753,46.04865
45.98,46.06,45.6,30,45.64,2024-08-26T13:00:00Z,4988,45.731277
46.69,46.83,45.77,103,45.8,2024-08-26T14:00:00Z,8606,46.226533
46.94,47.0,46.54,56,46.59,2024-08-26T15:00:00Z,5093,46.750761
46.09,46.91,46.06,23,46.91,2024-08-26T16:00:00Z,2192,46.42606
46.68,46.69,45.69,34,46.04,2024-08-26T17:00:00Z,3202,46.150974
45.7,46.69,45.7,37,46.69,2024-08-26T18:00:00Z,2735,46.211774
45.95,46.17,45.73,113,45.73,2024-08-26T19:00:00Z,9032,45.948584
46.61,46.89,46.38,41,46.72,2024-08-27T13:00:00Z,4914,46.69349
45.85,46.58,45.85,41,46.58,2024-08-27T14:00:00Z,3428,46.131652
45.86,46.17,45.58,105,45.78,2024-08-27T15:00:00Z,9004,45.879235
45.59,45.95,45.54,44,45.82,2024-08-27T16:00:00Z,3465,45.719216
45.1,45.61,45.09,56,45.54,2024-08-27T17:00:00Z,4993,45.224633
45.15,45.39,45.11,42,45.12,2024-08-27T18:00:00Z,3715,45.245161
44.99,45.31,44.98,95,45.18,2024-08-27T19:00:00Z,7522,45.10775
45.12,45.19,44.99,22,45.12,2024-08-28T13:00:00Z,1892,45.090625
45.55,45.55,44.92,88,45.15,2024-08-28T14:00:00Z,8699,45.232289
46.535,46.665,45.59,170,45.67,2024-08-28T15:00:00Z,16383,46.380583
46.67,46.87,46.45,40,46.54,2024-08-28T16:00:00Z,3884,46.653513
47.95,47.95,46.43,62,46.44,2024-08-28T17:00:00Z,6181,47.163841
47.29,48.17,47.29,56,48.08,2024-08-28T18:00:00Z,4924,47.845418
47.52,47.76,46.975,193,47.28,2024-08-28T19:00:00Z,18990,47.30791
45.57,46.16,45.51,116,46.04,2024-08-29T13:00:00Z,12794,45.814714
45.64,45.825,45.45,137,45.5,2024-08-29T14:00:00Z,12149,45.577213
45.57,45.845,45.5,69,45.67,2024-08-29T15:00:00Z,6204,45.644725
45.27,45.595,45.27,65,45.53,2024-08-29T16:00:00Z,5568,45.402008
45.24,45.42,45.17,45,45.36,2024-08-29T17:00:00Z,4128,45.287104
45.83,46.5,45.19,156,45.19,2024-08-29T18:00:00Z,14248,45.994823
45.85,46.19,45.61,138,46.03,2024-08-29T19:00:00Z,13381,45.902794
44.93,45.12,44.85,70,45.06,2024-08-30T13:00:00Z,6310,44.984667
44.83,44.87,44.36,130,44.87,2024-08-30T14:00:00Z,12088,44.602932
45.28,45.47,44.72,107,44.93,2024-08-30T15:00:00Z,10161,45.127951
45.23,45.94,45.14,72,45.23,2024-08-30T16:00:00Z,7048,45.467154
44.86,45.14,44.86,14,45.14,2024-08-30T17:00:00Z,1600,44.997038
44.73,44.98,44.63,71,44.95,2024-08-30T18:00:00Z,6647,44.808688
44.65,45.03,44.54,293,44.68,2024-08-30T19:00:00Z,29003,44.807194
47.03,47.29,45.61,47,45.61,2024-09-03T13:00:00Z,5779,46.603212
48.78,48.795,47.09,80,47.09,2024-09-03T14:00:00Z,7913,48.055367
48.98,48.99,48.33,29,48.99,2024-09-03T15:00:00Z,3131,48.720383
49.55,49.55,48.5,33,48.67,2024-09-03T16:00:00Z,3051,49.086553
50.21,50.23,49.37,15,49.37,2024-09-03T17:00:00Z,1341,49.860767
52.15,52.24,50.53,82,50.54,2024-09-03T18:00:00Z,8606,51.11696
53.57,55.13,52.05,374,52.12,2024-09-03T19:00:00Z,36031,53.703507
54.93,54.93,54.93,4,54.93,2024-09-04T12:00:00Z,1116,54.93
52.98,55.0,52.81,203,55.0,2024-09-04T13:00:00Z,18938,53.378277
51.92,54.03,51.64,204,53.89,2024-09-04T14:00:00Z,18021,52.859213
52.7,53.22,51.26,126,51.56,2024-09-04T15:00:00Z,9136,52.021746
53.19,53.36,52.5,45,53.16,2024-09-04T16:00:00Z,3956,52.983655
54.22,54.48,53.1,61,53.53,2024-09-04T17:00:00Z,6292,54.089489
55.56,55.56,53.92,130,54.32,2024-09-04T18:00:00Z,15887,55.18154
54.67,56.2,54.21,256,55.6,2024-09-04T19:00:00Z,26208,55.155092
54.25,54.25,54.25,1,54.25,2024-09-05T12:00:00Z,100,54.25
53.24,54.31,53.23,135,53.9,2024-09-05T13:00:00Z,9802,53.720904
52.24,53.13,51.45,296,52.98,2024-09-05T14:00:00Z,17865,52.32949
54.61,54.63,52.41,301,52.82,2024-09-05T15:00:00Z,19464,53.704339
53.44,54.55,53.31,156,54.55,2024-09-05T16:00:00Z,9460,53.904642
52.22,53.9,52.21,135,53.56,2024-09-05T17:00:00Z,10255,52.946454
52.16,52.5,51.69,181,52.18,2024-09-05T18:00:00Z,12062,52.194405
52.34,52.94,51.77,323,52.17,2024-09-05T19:00:00Z,23029,52.398467
51.95,51.95,51.95,1,51.95,2024-09-06T12:00:00Z,200,51.95
52.72,52.72,50.76,162,51.17,2024-09-06T13:00:00Z,18149,51.411382
56.17,56.5,52.28,338,52.785,2024-09-06T14:00:00Z,29487,54.134258
57.57,58.01,54.33,356,56.06,2024-09-06T15:00:00Z,24477,56.872155
57.63,58.53,56.97,176,57.7,2024-09-06T16:00:00Z,13327,57.787991
56.6,57.56,55.62,152,57.46,2024-09-06T17:00:00Z,12423,56.55345
56.51,57.37,56.15,109,56.48,2024-09-06T18:00:00Z,9943,56.859137
56.26,56.89,55.96,177,56.32,2024-09-06T19:00:00Z,19136,56.486272
53.82,55.12,53.78,133,55.12,2024-09-09T13:00:00Z,20793,54.75631
54.4,54.78,52.89,373,53.78,2024-09-09T14:00:00Z,27919,53.521397
53.42,55.54,53.39,194,54.9,2024-09-09T15:00:00Z,14436,54.658341
52.17,53.43,52.07,132,53.43,2024-09-09T16:00:00Z,10855,52.770467
53.17,53.17,51.955,157,52.33,2024-09-09T17:00:00Z,12399,52.507867
53.12,53.22,52.68,88,53.22,2024-09-09T18:00:00Z,7348,52.990913
52.48,53.35,52.44,339,53.19,2024-09-09T19:00:00Z,26400,52.72554
51.91,51.91,51.91,3,51.91,2024-09-10T12:00:00Z,910,51.91
52.15,52.33,51.75,78,52.01,2024-09-10T13:00:00Z,6735,52.011496
53.11,53.53,51.56,147,51.98,2024-09-10T14:00:00Z,12463,52.572888
54.29,54.32,52.43,136,53.07,2024-09-10T15:00:00Z,10744,53.147357
53.8,54.79,53.56,126,54.36,2024-09-10T16:00:00Z,11156,54.234744
53.19,54.02,52.93,72,53.99,2024-09-10T17:00:00Z,4787,53.419211
52.11,53.01,52.01,116,53.01,2024-09-10T18:00:00Z,8434,52.345534
51.53,52.08,51.41,175,52.01,2024-09-10T19:00:00Z,15852,51.741642
51.46,51.51,51.43,3,51.43,2024-09-11T12:00:00Z,970,51.458866
52.58,52.61,50.47,122,50.47,2024-09-11T13:00:00Z,10781,51.715251
54.16,55.68,52.75,352,52.8,2024-09-11T14:00:00Z,29428,54.175256
52.97,54.7,52.63,293,54.21,2024-09-11T15:00:00Z,22339,53.605472
51.46,52.99,51.25,159,52.99,2024-09-11T16:00:00Z,15360,51.942013
50.76,51.46,50.69,137,51.43,2024-09-11T17:00:00Z,11679,50.988437
50.32,50.81,49.99,174,50.74,2024-09-11T18:00:00Z,14425,50.433701
49.3,50.54,49.295,188,50.43,2024-09-11T19:00:00Z,18026,49.911155
49.89,49.89,49.89,1,49.89,2024-09-12T12:00:00Z,200,49.89
50.65,51.02,49.56,121,49.83,2024-09-12T13:00:00Z,11232,50.211992
49.91,50.65,49.27,171,50.47,2024-09-12T14:00:00Z,17105,49.697818
49.78,50.11,49.2,67,49.94,2024-09-12T15:00:00Z,6020,49.689823
49.26,49.9,49.25,87,49.9,2024-09-12T16:00:00Z,5151,49.539111
49.0,49.625,48.965,157,49.185,2024-09-12T17:00:00Z,8905,49.274755
49.22,49.83,49.06,81,49.06,2024-09-12T18:00:00Z,7601,49.284853
48.9,49.5,48.9,232,49.14,2024-09-12T19:00:00Z,18251,49.225898
49.03,49.03,49.03,1,49.03,2024-09-13T12:00:00Z,200,49.03
48.78,49.3,48.68,57,49.3,2024-09-13T13:00:00Z,5212,48.831915
48.01,48.94,48.0,200,48.74,2024-09-13T14:00:00Z,18020,48.47594
48.02,48.02,47.72,107,48.0,2024-09-13T15:00:00Z,8878,47.900147
48.02,48.32,47.98,77,48.05,2024-09-13T16:00:00Z,6941,48.150769
48.175,48.175,47.98,62,48.03,2024-09-13T17:00:00Z,5119,48.087512
48.76,48.91,48.18,154,48.24,2024-09-13T18:00:00Z,12423,48.61433
48.81,49.03,48.64,185,48.805,2024-09-13T19:00:00Z,14071,48.802447
49.36,49.68,49.03,109,49.13,2024-09-16T13:00:00Z,8336,49.397081
50.02,50.18,49.21,143,49.5,2024-09-16T14:00:00Z,12362,49.651737
49.94,50.4,49.75,129,50.25,2024-09-16T15:00:00Z,10834,50.11296
49.52,50.25,49.5,64,49.87,2024-09-16T16:00:00Z,5292,49.8783
49.2,49.46,49.18,73,49.45,2024-09-16T17:00:00Z,6653,49.339842
49.2,49.34,49.06,62,49.24,2024-09-16T18:00:00Z,5142,49.200638
49.36,49.49,49.09,143,49.09,2024-09-16T19:00:00Z,11182,49.27647
49.55,49.69,49.04,119,49.19,2024-09-17T13:00:00Z,9387,49.434302
49.48,49.59,48.81,114,49.59,2024-09-17T14:00:00Z,11185,49.220984
49.53,49.71,48.96,108,49.4,2024-09-17T15:00:00Z,11811,49.419625
50.75,51.06,49.47,192,49.57,2024-09-17T16:00:00Z,16157,50.352711
50.06,50.87,50.05,78,50.6,2024-09-17T17:00:00Z,7346,50.388979
49.79,50.13,49.54,124,50.13,2024-09-17T18:00:00Z,10749,49.869193
50.35,50.63,49.69,279,49.69,2024-09-17T19:00:00Z,22174,50.353338
50.93,50.93,50.04,86,50.05,2024-09-18T13:00:00Z,22648,50.655761
49.69,50.79,49.66,133,50.75,2024-09-18T14:00:00Z,12009,50.211354
49.96,50.23,49.53,87,49.7,2024-09-18T15:00:00Z,7671,49.869853
49.39,50.24,49.39,132,50.08,2024-09-18T16:00:00Z,10598,49.745272
48.95,49.57,48.95,118,49.43,2024-09-18T17:00:00Z,9351,49.25266
49.0,49.2,47.71,244,48.35,2024-09-18T18:00:00Z,19859,48.52199
49.87,50.05,48.76,405,49.16,2024-09-18T19:00:00Z,36814,49.502608
49.85,49.85,49.85,1,49.85,2024-09-18T20:00:00Z,100,49.85
47.99,48.51,47.84,71,48.11,2024-09-19T13:00:00Z,5092,48.168049
48.49,48.66,47.38,192,47.93,2024-09-19T14:00:00Z,14200,48.017586
48.43,48.68,48.16,106,48.5,2024-09-19T15:00:00Z,8723,48.421492
48.16,48.34,48.03,63,48.27,2024-09-19T16:00:00Z,5731,48.183576
48.31,48.4,48.14,88,48.14,2024-09-19T17:00:00Z,7812,48.281493
48.33,48.52,48.19,50,48.3,2024-09-19T18:00:00Z,4991,48.295743
47.76,48.42,47.65,226,48.32,2024-09-19T19:00:00Z,19247,47.960762
48.09,48.12,47.76,62,48.05,2024-09-20T13:00:00Z,9343,47.990887
47.83,48.13,47.56,96,48.03,2024-09-20T14:00:00Z,8898,47.767189
47.51,48.23,47.49,76,47.89,2024-09-20T15:00:00Z,6925,47.877634
47.08,47.55,46.93,98,47.51,2024-09-20T16:00:00Z,8616,47.185053
47.45,47.45,47.0,108,47.14,2024-09-20T17:00:00Z,8736,47.13369
47.62,48.24,47.59,67,47.59,2024-09-20T18:00:00Z,5752,47.931844
47.55,47.64,47.3,211,47.63,2024-09-20T19:00:00Z,15072,47.511415
47.25,47.31,47.08,45,47.12,2024-09-23T13:00:00Z,4194,47.172692
47.48,47.6,46.65,123,47.1,2024-09-23T14:00:00Z,9863,47.230402
47.65,48.02,47.55,65,47.59,2024-09-23T15:00:00Z,5102,47.797993
47.79,48.04,47.63,26,47.76,2024-09-23T16:00:00Z,2480,47.821915
47.88,48.11,47.8,55,47.87,2024-09-23T17:00:00Z,5070,47.933974
47.585,47.82,47.57,42,47.79,2024-09-23T18:00:00Z,3798,47.689764
47.69,47.69,47.38,101,47.58,2024-09-23T19:00:00Z,6554,47.558389
47.58,47.58,47.18,77,47.49,2024-09-24T13:00:00Z,7708,47.349115
48.35,49.29,47.61,139,47.62,2024-09-24T14:00:00Z,10154,48.353314
47.71,48.05,47.66,46,48.0,2024-09-24T15:00:00Z,3937,47.824444
48.05,48.05,47.75,35,47.75,2024-09-24T16:00:00Z,3234,47.878125
48.03,48.31,47.88,45,48.07,2024-09-24T17:00:00Z,3651,48.091052
47.81,48.1,47.77,46,47.91,2024-09-24T18:00:00Z,2791,47.868652
47.78,47.91,47.59,126,47.81,2024-09-24T19:00:00Z,10282,47.749345
47.85,48.16,47.84,34,48.16,2024-09-25T13:00:00Z,3531,47.953434
47.61,47.78,47.45,125,47.765,2024-09-25T14:00:00Z,11498,47.620023
47.7,47.9,47.58,81,47.65,2024-09-25T15:00:00Z,6568,47.747249
48.06,48.27,47.73,87,47.74,2024-09-25T16:00:00Z,8598,47.978051
48.05,48.45,47.98,79,48.11,2024-09-25T17:00:00Z,6356,48.219845
48.2,48.46,47.98,39,48.02,2024-09-25T18:00:00Z,3931,48.195181
48.48,48.56,48.06,86,48.06,2024-09-25T19:00:00Z,7320,48.426524
48.42,48.44,48.02,85,48.13,2024-09-26T13:00:00Z,9088,48.24378
48.74,48.89,48.22,138,48.34,2024-09-26T14:00:00Z,11634,48.617519
48.22,48.77,48.18,97,48.77,2024-09-26T15:00:00Z,6835,48.357089
48.5,48.62,48.25,19,48.25,2024-09-26T16:00:00Z,1610,48.478462
48.46,48.84,48.39,71,48.63,2024-09-26T17:00:00Z,5128,48.618676
48.34,48.42,48.14,40,48.42,2024-09-26T18:00:00Z,3496,48.280333
48.46,48.62,48.32,149,48.36,2024-09-26T19:00:00Z,14186,48.476173
48.66,48.73,48.4,49,48.4,2024-09-27T13:00:00Z,4081,48.588857
48.71,48.82,48.37,90,48.71,2024-09-27T14:00:00Z,6947,48.581621
49.06,49.06,48.7,48,48.77,2024-09-27T15:00:00Z,4093,48.881159
49.31,49.39,49.05,72,49.11,2024-09-27T16:00:00Z,6486,49.213834
49.44,49.74,49.18,121,49.25,2024-09-27T17:00:00Z,18848,49.498407
49.61,50.46,49.42,134,49.42,2024-09-27T18:00:00Z,32988,49.843711
50.75,50.75,49.55,209,49.55,2024-09-27T19:00:00Z,15231,50.257185
51.22,51.25,50.77,114,51.0,2024-09-30T13:00:00Z,11401,51.037447
51.21,52.15,51.14,287,51.35,2024-09-30T14:00:00Z,23433,51.621593
50.38,51.215,50.38,159,51.21,2024-09-30T15:00:00Z,14734,50.8698
50.46,50.46,49.93,117,50.38,2024-09-30T16:00:00Z,10669,50.137474
50.12,50.85,50.11,64,50.62,2024-09-30T17:00:00Z,6288,50.420434
50.35,51.49,50.01,149,50.03,2024-09-30T18:00:00Z,12672,50.709587
49.6,50.64,49.545,207,50.5,2024-09-30T19:00:00Z,15165,49.980487
51.92,53.15,49.63,685,49.65,2024-10-01T13:00:00Z,55270,51.957656
52.57,53.88,51.95,832,52.18,2024-10-01T14:00:00Z,56876,53.027598
52.62,53.8,52.19,604,52.51,2024-10-01T15:00:00Z,33906,52.960671
52.74,54.06,51.74,813,52.6,2024-10-01T16:00:00Z,54617,52.947648
51.94,53.93,51.77,587,52.7,2024-10-01T17:00:00Z,50731,53.232831
51.7,52.36,51.23,416,51.92,2024-10-01T18:00:00Z,29622,51.865668
53.45,53.54,51.7,376,51.7,2024-10-01T19:00:00Z,28752,52.97916
53.91,55.06,53.65,140,53.65,2024-10-02T13:00:00Z,12002,54.335561
53.42,54.57,52.86,264,54.25,2024-10-02T14:00:00Z,20702,53.82472
52.78,53.36,52.45,107,53.35,2024-10-02T15:00:00Z,8707,52.690998
53.14,53.14,52.44,59,52.54,2024-10-02T16:00:00Z,5202,52.679897
52.83,53.54,52.81,76,53.07,2024-10-02T17:00:00Z,6898,53.116387
52.64,53.14,52.43,84,52.55,2024-10-02T18:00:00Z,7999,52.663918
52.79,52.79,52.54,135,52.77,2024-10-02T19:00:00Z,8713,52.629929
53.52,54.41,53.43,124,53.96,2024-10-03T13:00:00Z,10101,53.99413
54.6,55.02,53.01,436,53.18,2024-10-03T14:00:00Z,31510,54.117989
53.64,55.0,53.54,129,54.64,2024-10-03T15:00:00Z,11579,54.322227
54.44,54.74,53.35,104,53.64,2024-10-03T16:00:00Z,8813,54.126281
54.25,54.81,54.09,112,54.56,2024-10-03T17:00:00Z,9905,54.471143
54.9,54.91,54.18,89,54.25,2024-10-03T18:00:00Z,8334,54.634809
54.92,55.29,54.62,292,55.06,2024-10-03T19:00:00Z,23247,55.000777
53.3,53.38,53.3,11,53.38,2024-10-04T12:00:00Z,1352,53.316294
53.82,53.95,53.21,321,53.59,2024-10-04T13:00:00Z,16211,53.551482
53.95,54.66,53.59,580,53.78,2024-10-04T14:00:00Z,22147,54.079709
53.78,54.64,53.645,202,53.66,2024-10-04T15:00:00Z,9122,53.985395
53.37,54.11,53.29,65,53.68,2024-10-04T16:00:00Z,5462,53.636765
54.14,54.14,53.37,49,53.39,2024-10-04T17:00:00Z,4252,53.681097
53.54,54.27,53.4,75,54.2,2024-10-04T18:00:00Z,6757,53.709224
53.04,53.53,52.77,167,53.53,2024-10-04T19:00:00Z,13987,53.083348
54.23,54.51,53.86,117,53.96,2024-10-07T13:00:00Z,9942,54.2891
54.01,54.61,53.96,282,54.46,2024-10-07T14:00:00Z,20133,54.346803
54.44,54.44,53.93,85,54.18,2024-10-07T15:00:00Z,7944,54.182374
54.56,54.76,54.47,43,54.55,2024-10-07T16:00:00Z,4115,54.645294
55.11,55.17,54.55,72,54.55,2024-10-07T17:00:00Z,6655,54.958707
57.29,57.47,55.19,411,55.19,2024-10-07T18:00:00Z,34531,56.316503
57.72,58.12,56.48,503,57.31,2024-10-07T19:00:00Z,42413,57.347939
57.76,57.76,57.76,2,57.76,2024-10-07T20:00:00Z,300,57.76
56.14,56.14,56.14,1,56.14,2024-10-08T12:00:00Z,350,56.14
55.57,56.35,55.57,162,55.7,2024-10-08T13:00:00Z,13929,55.976439
55.01,55.79,54.85,242,55.54,2024-10-08T14:00:00Z,20116,55.365513
55.2,55.25,54.92,102,55.15,2024-10-08T15:00:00Z,9216,55.084842
55.25,55.57,55.06,85,55.21,2024-10-08T16:00:00Z,7076,55.276547
55.36,56.1,55.29,95,55.29,2024-10-08T17:00:00Z,8208,55.751009
55.19,55.51,55.15,131,55.32,2024-10-08T18:00:00Z,13311,55.327781
55.46,55.46,54.69,259,55.22,2024-10-08T19:00:00Z,24578,55.035031
54.12,55.39,54.11,152,55.39,2024-10-09T13:00:00Z,13707,54.619408
54.15,54.36,53.92,207,54.11,2024-10-09T14:00:00Z,15749,54.12074
54.17,54.34,54.08,124,54.13,2024-10-09T15:00:00Z,11145,54.175517
54.21,54.34,54.04,98,54.19,2024-10-09T16:00:00Z,8826,54.160549
54.25,54.4,53.98,93,54.22,2024-10-09T17:00:00Z,8157,54.187534
53.99,54.47,53.72,156,54.27,2024-10-09T18:00:00Z,14139,54.055446
54.04,54.17,53.77,202,53.91,2024-10-09T19:00:00Z,16808,53.970309
54.18,54.18,54.18,1,54.18,2024-10-09T20:00:00Z,400,54.18
54.39,54.42,53.59,7,53.59,2024-10-10T12:00:00Z,2074,54.237243
54.93,55.435,54.29,250,54.29,2024-10-10T13:00:00Z,13680,54.923874
55.01,55.21,54.19,131,55.03,2024-10-10T14:00:00Z,10067,54.751337
54.67,55.02,54.3,85,54.97,2024-10-10T15:00:00Z,7078,54.571012
54.76,55.08,54.42,87,54.66,2024-10-10T16:00:00Z,7954,54.774786
54.77,55.27,54.77,72,54.87,2024-10-10T17:00:00Z,6905,55.049744
54.87,55.14,54.69,92,54.73,2024-10-10T18:00:00Z,7300,54.915111
54.63,55.01,54.5,184,54.88,2024-10-10T19:00:00Z,13189,54.71235
54.45,54.81,54.34,106,54.74,2024-10-11T13:00:00Z,10064,54.504866
54.17,54.66,54.11,233,54.5,2024-10-11T14:00:00Z,21823,54.355661
54.13,54.41,54.1,101,54.18,2024-10-11T15:00:00Z,9074,54.222972
54.27,54.41,54.14,72,54.15,2024-10-11T16:00:00Z,6674,54.278644
54.24,54.42,54.16,57,54.27,2024-10-11T17:00:00Z,5296,54.26644
53.9,54.22,53.65,143,54.22,2024-10-11T18:00:00Z,11886,53.895821
54.06,54.1,53.83,176,53.88,2024-10-11T19:00:00Z,15710,53.97799
53.05,53.48,53.05,66,53.37,2024-10-14T13:00:00Z,6253,53.290654
52.31,52.96,52.18,124,52.96,2024-10-14T14:00:00Z,10761,52.4627
51.88,52.39,51.79,93,52.305,2024-10-14T15:00:00Z,10830,52.187467
51.74,51.81,51.6,53,51.78,2024-10-14T16:00:00Z,4335,51.754051
52.07,52.07,51.94,38,51.96,2024-10-14T17:00:00Z,4092,52.029459
52.32,52.32,52.14,61,52.19,2024-10-14T18:00:00Z,4684,52.19775
52.13,52.38,52.02,95,52.38,2024-10-14T19:00:00Z,8456,52.14213
51.24,51.34,50.88,154,51.21,2024-10-15T13:00:00Z,13079,51.151822
52.78,52.87,51.17,432,51.19,2024-10-15T14:00:00Z,37394,52.053677
53.02,53.33,52.49,270,52.81,2024-10-15T15:00:00Z,21701,52.965406
52.99,53.16,52.67,178,53.0,2024-10-15T16:00:00Z,15603,52.949782
53.24,53.41,52.72,209,52.94,2024-10-15T17:00:00Z,18813,53.144303
53.57,53.76,53.24,211,53.3,2024-10-15T18:00:00Z,19107,53.481163
53.91,54.04,53.13,428,53.69,2024-10-15T19:00:00Z,34276,53.604501
54.32,54.57,53.72,72,53.72,2024-10-16T13:00:00Z,8022,54.089509
53.83,54.39,53.51,140,54.39,2024-10-16T14:00:00Z,13026,53.849836
53.82,54.12,53.72,58,54.03,2024-10-16T15:00:00Z,5221,53.855435
53.56,53.91,53.56,35,53.81,2024-10-16T16:00:00Z,3382,53.763694
53.77,53.8,53.54,49,53.54,2024-10-16T17:00:00Z,4353,53.693151
53.59,53.83,53.53,81,53.76,2024-10-16T18:00:00Z,7721,53.64001
53.32,53.58,52.97,156,53.58,2024-10-16T19:00:00Z,14585,53.295316
52.96,53.23,52.73,43,52.9,2024-10-17T13:00:00Z,4019,52.974868
53.19,53.48,52.97,73,52.97,2024-10-17T14:00:00Z,5978,53.235686
52.67,53.3,52.66,53,53.27,2024-10-17T15:00:00Z,4361,52.8745
52.54,52.73,52.48,59,52.58,2024-10-17T16:00:00Z,4893,52.597424
52.45,52.54,52.36,31,52.49,2024-10-17T17:00:00Z,2879,52.468519
52.73,52.95,52.45,45,52.45,2024-10-17T18:00:00Z,4026,52.805946
52.46,52.86,52.45,147,52.73,2024-10-17T19:00:00Z,8563,52.582765
51.96,52.34,51.8,130,52.05,2024-10-18T13:00:00Z,7067,51.991781
51.75,51.965,51.67,231,51.82,2024-10-18T14:00:00Z,12067,51.770268
51.37,51.74,51.37,92,51.74,2024-10-18T15:00:00Z,5195,51.575806
51.25,51.35,51.22,32,51.35,2024-10-18T16:00:00Z,2747,51.266339
51.4,51.43,51.22,52,51.24,2024-10-18T17:00:00Z,4693,51.313161
51.4,51.53,51.28,54,51.4,2024-10-18T18:00:00Z,4614,51.396272
51.19,51.53,51.14,145,51.45,2024-10-18T19:00:00Z,12443,51.346424
51.71,51.81,51.52,70,51.62,2024-10-21T13:00:00Z,4937,51.689756
52.05,52.05,51.26,77,51.67,2024-10-21T14:00:00Z,6091,51.642307
52.11,52.68,52.01,276,52.01,2024-10-21T15:00:00Z,23116,52.470471
51.56,52.3,51.53,49,52.16,2024-10-21T16:00:00Z,4090,52.040349
51.23,51.55,51.13,33,51.52,2024-10-21T17:00:00Z,3032,51.285185
51.45,51.45,51.12,34,51.21,2024-10-21T18:00:00Z,2641,51.268734
51.35,51.49,51.22,55,51.43,2024-10-21T19:00:00Z,4181,51.368026
52.3,52.37,51.95,80,52.25,2024-10-22T13:00:00Z,8653,52.176279
52.27,52.56,52.19,111,52.29,2024-10-22T14:00:00Z,10322,52.377781
52.09,52.27,51.94,56,52.17,2024-10-22T15:00:00Z,4576,52.111667
51.935,52.35,51.87,45,52.16,2024-10-22T16:00:00Z,4882,52.073138
51.53,51.98,51.5,61,51.96,2024-10-22T17:00:00Z,5376,51.746452
51.695,51.705,51.34,73,51.475,2024-10-22T18:00:00Z,6761,51.527504
51.14,51.64,50.82,208,51.64,2024-10-22T19:00:00Z,13820,51.074934
51.76,52.13,51.63,75,51.79,2024-10-23T13:00:00Z,8862,51.849113
52.28,52.33,51.66,138,51.78,2024-10-23T14:00:00Z,11178,51.950211
52.42,52.87,52.21,167,52.29,2024-10-23T15:00:00Z,15503,52.602494
53.41,53.57,52.45,129,52.45,2024-10-23T16:00:00Z,11515,53.24445
54.01,54.15,53.31,189,53.31,2024-10-23T17:00:00Z,21227,53.7385
53.6,54.98,53.6,207,54.08,2024-10-23T18:00:00Z,18702,54.281372
53.71,53.95,53.54,207,53.59,2024-10-23T19:00:00Z,17243,53.708703
53.0,53.27,52.75,53,52.75,2024-10-24T13:00:00Z,6667,52.98873
53.78,53.87,52.95,100,53.07,2024-10-24T14:00:00Z,8200,53.441917
54.5,54.8,53.69,103,53.72,2024-10-24T15:00:00Z,10103,54.178559
54.12,55.25,54.12,81,54.49,2024-10-24T16:00:00Z,6838,54.734022
53.54,54.11,53.1,110,54.11,2024-10-24T17:00:00Z,9450,53.50661
53.65,53.85,53.49,34,53.69,2024-10-24T18:00:00Z,3184,53.665968
52.85,53.72,52.48,118,53.71,2024-10-24T19:00:00Z,11186,52.758558
51.77,52.01,51.72,71,52.01,2024-10-25T13:00:00Z,5345,51.858566
52.19,52.36,51.73,162,51.83,2024-10-25T14:00:00Z,14048,51.928773
53.04,53.08,52.12,73,52.12,2024-10-25T15:00:00Z,6550,52.708833
52.71,53.365,52.47,80,53.18,2024-10-25T16:00:00Z,8182,52.912756
54.6,54.94,52.77,83,52.77,2024-10-25T17:00:00Z,7410,54.014442
54.02,55.36,53.78,156,54.7,2024-10-25T18:00:00Z,13923,54.630404
55.29,55.34,53.93,127,54.0,2024-10-25T19:00:00Z,11450,54.915056
52.72,53.16,52.52,114,53.14,2024-10-28T13:00:00Z,9951,52.814609
52.43,52.72,52.28,97,52.62,2024-10-28T14:00:00Z,8327,52.521326
52.67,52.85,52.4,66,52.67,2024-10-28T15:00:00Z,6541,52.6244
52.175,52.72,52.12,68,52.68,2024-10-28T16:00:00Z,5803,52.316096
52.09,52.33,52.08,54,52.17,2024-10-28T17:00:00Z,5494,52.189167
52.43,52.43,52.08,54,52.17,2024-10-28T18:00:00Z,5330,52.237073
52.55,52.77,52.385,96,52.49,2024-10-28T19:00:00Z,7738,52.541531
52.22,53.19,52.22,51,52.79,2024-10-29T13:00:00Z,5297,52.757812
52.0,52.34,51.98,95,52.2,2024-10-29T14:00:00Z,6098,52.188529
51.96,52.34,51.74,77,51.96,2024-10-29T15:00:00Z,4849,52.058172
51.85,52.05,51.81,24,51.85,2024-10-29T16:00:00Z,1932,51.94625
51.88,52.05,51.78,28,51.84,2024-10-29T17:00:00Z,2702,51.908333
51.94,51.94,51.71,43,51.85,2024-10-29T18:00:00Z,3826,51.796857
52.43,52.58,51.95,165,52.0,2024-10-29T19:00:00Z,12485,52.253018
52.36,52.36,52.19,2,52.19,2024-10-29T20:00:00Z,1200,52.303333
52.65,53.69,52.59,92,52.96,2024-10-30T13:00:00Z,11875,53.06716
52.62,52.85,52.13,107,52.55,2024-10-30T14:00:00Z,10773,52.397083
52.6,53.02,52.52,51,52.57,2024-10-30T15:00:00Z,3673,52.713548
52.95,52.95,52.58,26,52.79,2024-10-30T16:00:00Z,2437,52.757514
53.56,53.56,52.89,54,52.96,2024-10-30T17:00:00Z,5036,53.243152
53.27,53.6,53.13,66,53.5,2024-10-30T18:00:00Z,5343,53.382449
53.74,53.89,53.18,199,53.42,2024-10-30T19:00:00Z,15799,53.576088
55.93,56.37,55.16,211,55.22,2024-10-31T13:00:00Z,16374,55.764856
56.64,56.78,55.67,310,56.08,2024-10-31T14:00:00Z,24717,56.198125
57.15,57.47,56.23,333,56.75,2024-10-31T15:00:00Z,30550,56.979596
56.55,57.1,56.43,296,57.095,2024-10-31T16:00:00Z,26723,56.746273
57.08,57.13,56.21,155,56.54,2024-10-31T17:00:00Z,9937,56.5956
56.72,57.6,56.68,242,56.97,2024-10-31T18:00:00Z,20471,57.197301
57.9,57.95,56.21,298,56.63,2024-10-31T19:00:00Z,22522,56.941066
56.11,56.6,55.68,111,56.45,2024-11-01T13:00:00Z,13343,56.161816
55.63,56.28,54.975,252,56.28,2024-11-01T14:00:00Z,25390,55.496089
55.55,55.86,55.2,100,55.64,2024-11-01T15:00:00Z,10286,55.444557
55.64,55.7,55.13,78,55.38,2024-11-01T16:00:00Z,7560,55.350217
56.33,56.33,55.37,90,55.68,2024-11-01T17:00:00Z,7535,55.904299
56.31,56.61,56.14,59,56.43,2024-11-01T18:00:00Z,4380,56.35725
56.77,57.05,55.91,245,56.3,2024-11-01T19:00:00Z,23411,56.66104
55.65,56.63,55.59,144,56.36,2024-11-04T14:00:00Z,11685,56.168642
54.53,55.63,54.39,127,55.58,2024-11-04T15:00:00Z,9126,54.97445
55.29,55.37,54.16,111,54.66,2024-11-04T16:00:00Z,8061,54.655948
54.72,55.57,54.72,65,55.19,2024-11-04T17:00:00Z,5366,55.059715
54.52,55.49,54.52,40,54.76,2024-11-04T18:00:00Z,2872,54.869565
54.34,54.53,54.22,30,54.37,2024-11-04T19:00:00Z,2803,54.34746
54.39,55.035,54.31,494,54.34,2024-11-04T20:00:00Z,57047,54.631128
53.73,53.73,53.73,1,53.73,2024-11-05T13:00:00Z,1200,53.73
52.76,53.74,52.7,130,53.74,2024-11-05T14:00:00Z,15009,52.908889
52.24,52.83,52.15,275,52.77,2024-11-05T15:00:00Z,31271,52.593407
51.56,52.31,51.46,229,52.205,2024-11-05T16:00:00Z,26718,51.699463
51.82,51.91,51.465,196,51.57,2024-11-05T17:00:00Z,18778,51.651085
51.94,52.16,51.78,203,51.86,2024-11-05T18:00:00Z,22939,51.971532
51.9,51.98,51.5,223,51.96,2024-11-05T19:00:00Z,21111,51.701984
51.59,52.16,51.58,450,51.9,2024-11-05T20:00:00Z,45249,51.866397
51.51,51.51,51.44,2,51.44,2024-11-05T21:00:00Z,1500,51.449333
47.79,48.46,46.125,314,46.26,2024-11-06T14:00:00Z,37678,46.766904
46.76,47.76,46.29,232,47.61,2024-11-06T15:00:00Z,20158,46.930199
46.32,47.13,46.065,132,46.78,2024-11-06T16:00:00Z,12708,46.537942
46.49,46.55,46.26,124,46.33,2024-11-06T17:00:00Z,10631,46.348781
46.3,46.58,46.15,68,46.51,2024-11-06T18:00:00Z,6106,46.390201
46.74,46.83,46.25,109,46.29,2024-11-06T19:00:00Z,9326,46.566221
46.44,47.17,46.25,364,46.78,2024-11-06T20:00:00Z,31919,46.65767
46.69,46.69,46.64,2,46.64,2024-11-06T21:00:00Z,982,46.652118
45.26,45.67,44.98,140,45.67,2024-11-07T14:00:00Z,12317,45.203255
45.33,45.41,45.21,121,45.33,2024-11-07T15:00:00Z,10683,45.332083
45.26,45.31,44.91,120,45.28,2024-11-07T16:00:00Z,10609,45.125321
44.97,45.29,44.97,86,45.29,2024-11-07T17:00:00Z,8842,45.053795
45.06,45.07,44.85,25,44.93,2024-11-07T18:00:00Z,2367,44.987273
45.05,45.3,44.9,113,45.135,2024-11-07T19:00:00Z,11951,45.039367
44.94,45.29,44.92,416,45.09,2024-11-07T20:00:00Z,63336,45.105021
44.6,44.86,44.58,67,44.86,2024-11-08T14:00:00Z,4267,44.689865
44.79,44.99,44.65,149,44.77,2024-11-08T15:00:00Z,11348,44.828193
44.79,45.25,44.75,103,44.79,2024-11-08T16:00:00Z,8860,45.016933
45.41,45.45,44.8,103,44.8,2024-11-08T17:00:00Z,8968,45.232298
45.35,45.5,45.31,90,45.43,2024-11-08T18:00:00Z,6075,45.390818
45.56,45.58,45.37,79,45.38,2024-11-08T19:00:00Z,5262,45.497534
44.805,45.61,44.76,141,45.58,2024-11-08T20:00:00Z,12510,45.158515
44.64,44.7,44.17,96,44.36,2024-11-11T14:00:00Z,7486,44.433619
44.12,44.68,44.09,94,44.68,2024-11-11T15:00:00Z,8518,44.249812
44.04,44.14,43.94,79,44.13,2024-11-11T16:00:00Z,7272,44.066529
44.06,44.18,43.94,58,44.0,2024-11-11T17:00:00Z,5707,44.047745
44.13,44.25,44.05,51,44.09,2024-11-11T18:00:00Z,4599,44.145819
44.29,44.29,44.09,39,44.09,2024-11-11T19:00:00Z,2956,44.1846
44.68,44.74,44.28,139,44.29,2024-11-11T20:00:00Z,11283,44.505432
44.73,44.9,44.37,89,44.86,2024-11-12T14:00:00Z,8610,44.639028
44.83,45.14,44.68,102,44.69,2024-11-12T15:00:00Z,7979,44.918063
44.84,44.98,44.59,80,44.87,2024-11-12T16:00:00Z,5670,44.789709
45.61,45.61,44.79,103,44.8,2024-11-12T17:00:00Z,8835,45.079225
44.81,45.63,44.74,123,45.63,2024-11-12T18:00:00Z,10888,45.236957
44.73,44.97,44.7,51,44.72,2024-11-12T19:00:00Z,3981,44.816455
44.54,44.9,44.45,138,44.69,2024-11-12T20:00:00Z,11091,44.650023
44.19,44.38,44.18,42,44.24,2024-11-13T14:00:00Z,3875,44.27274
44.11,44.78,44.11,121,44.19,2024-11-13T15:00:00Z,11949,44.30545
43.85,44.2,43.76,77,44.11,2024-11-13T16:00:00Z,5459,43.974254
43.635,43.83,43.5,66,43.83,2024-11-13T17:00:00Z,8192,43.605974
43.48,43.92,43.39,55,43.64,2024-11-13T18:00:00Z,4726,43.616154
43.59,43.8,43.37,81,43.48,2024-11-13T19:00:00Z,7484,43.59861
43.515,43.88,43.39,162,43.62,2024-11-13T20:00:00Z,14585,43.653179
43.42,43.59,42.91,86,42.955,2024-11-14T14:00:00Z,5894,43.292575
43.22,43.75,43.07,83,43.48,2024-11-14T15:00:00Z,7195,43.428049
43.47,43.47,42.88,64,43.23,2024-11-14T16:00:00Z,4665,43.131538
43.36,43.81,43.27,123,43.65,2024-11-14T17:00:00Z,10899,43.493563
43.66,43.76,42.91,67,43.38,2024-11-14T18:00:00Z,5358,43.220095
42.81,43.66,42.78,132,43.66,2024-11-14T19:00:00Z,9577,43.128208
43.495,43.75,42.87,255,43.03,2024-11-14T20:00:00Z,19202,43.477551
44.67,44.705,43.98,117,44.25,2024-11-15T14:00:00Z,11082,44.334659
45.68,45.77,44.76,411,44.79,2024-11-15T15:00:00Z,29122,45.317176
46.41,46.41,45.02,192,45.67,2024-11-15T16:00:00Z,21637,45.659212
47.22,47.73,46.21,378,46.23,2024-11-15T17:00:00Z,28633,47.043598
48.16,48.45,47.26,268,47.26,2024-11-15T18:00:00Z,20764,47.856004
47.6,48.63,47.19,364,48.16,2024-11-15T19:00:00Z,27619,48.054031
46.44,47.6,46.22,331,47.6,2024-11-15T20:00:00Z,33488,46.877126
46.38,46.38,46.38,1,46.38,2024-11-15T21:00:00Z,200,46.38
45.9,46.57,45.69,139,46.22,2024-11-18T14:00:00Z,11234,46.046159
44.69,45.735,44.57,278,45.735,2024-11-18T15:00:00Z,26271,44.999079
45.01,45.18,44.4,150,44.55,2024-11-18T16:00:00Z,12537,44.70914
44.62,45.15,44.6,111,45.04,2024-11-18T17:00:00Z,10311,44.804461
44.385,44.76,44.26,131,44.63,2024-11-18T18:00:00Z,11659,44.437766
44.29,44.77,44.29,67,44.38,2024-11-18T19:00:00Z,5915,44.552588
44.89,45.06,44.25,110,44.36,2024-11-18T20:00:00Z,11001,44.703279
44.98,44.98,44.75,2,44.75,2024-11-18T21:00:00Z,500,44.796
48.08,48.08,47.48,5,47.48,2024-11-19T13:00:00Z,1650,47.716364
47.06,48.35,46.49,218,48.35,2024-11-19T14:00:00Z,18546,47.192907
46.21,47.53,45.97,319,47.17,2024-11-19T15:00:00Z,26876,46.862951
45.76,46.32,45.76,160,46.19,2024-11-19T16:00:00Z,14197,45.971824
46.03,46.26,45.73,93,45.81,2024-11-19T17:00:00Z,7389,45.911754
45.28,46.15,45.28,52,46.15,2024-11-19T18:00:00Z,4192,45.672416
45.94,46.19,45.25,144,45.28,2024-11-19T19:00:00Z,11184,45.756001
46.51,46.6,45.905,298,45.91,2024-11-19T20:00:00Z,17505,46.128172
46.38,46.38,46.38,1,46.38,2024-11-19T21:00:00Z,300,46.38
48.13,48.13,46.54,169,46.54,2024-11-20T14:00:00Z,12391,47.580949
48.415,49.81,47.77,853,48.05,2024-11-20T15:00:00Z,67451,49.156586
47.88,49.55,47.82,243,48.28,2024-11-20T16:00:00Z,20258,48.80802
49.11,49.37,47.81,221,48.06,2024-11-20T17:00:00Z,17806,48.75615
49.03,49.55,48.64,164,48.98,2024-11-20T18:00:00Z,12935,49.127514
48.54,49.66,48.52,167,49.18,2024-11-20T19:00:00Z,12467,48.97061
48.055,48.84,47.57,290,48.82,2024-11-20T20:00:00Z,26396,48.021804
48.26,48.26,47.8,3,47.8,2024-11-20T21:00:00Z,1700,47.989412
48.11,48.66,46.5,383,46.64,2024-11-21T14:00:00Z,26511,47.726736
48.04,49.26,47.6,349,48.0,2024-11-21T15:00:00Z,25822,48.490711
48.16,48.62,47.46,154,47.77,2024-11-21T16:00:00Z,12762,48.128362
47.76,48.56,47.71,147,48.2,2024-11-21T17:00:00Z,12020,48.029681
47.92,48.19,47.73,111,47.73,2024-11-21T18:00:00Z,11448,47.869108
47.885,48.21,47.62,119,47.79,2024-11-21T19:00:00Z,10426,47.906369
47.605,48.06,47.37,206,47.74,2024-11-21T20:00:00Z,21448,47.672362
47.69,47.69,47.68,2,47.68,2024-11-21T21:00:00Z,800,47.685
46.72,47.11,46.55,126,47.06,2024-11-22T14:00:00Z,10997,46.842482
46.52,47.56,46.48,268,46.66,2024-11-22T15:00:00Z,17512,46.871885
46.55,47.04,46.4,156,46.46,2024-11-22T16:00:00Z,10905,46.686646
46.4,46.69,46.27,162,46.55,2024-11-22T17:00:00Z,14120,46.460416
46.4,46.7,46.27,116,46.41,2024-11-22T18:00:00Z,10056,46.468118
46.1,46.73,46.0,222,46.43,2024-11-22T19:00:00Z,19340,46.290711
45.76,46.45,45.73,349,46.11,2024-11-22T20:00:00Z,32136,46.016818
44.51,44.67,44.2,80,44.38,2024-11-25T14:00:00Z,7594,44.39899
44.8,45.06,44.38,198,44.65,2024-11-25T15:00:00Z,14009,44.709888
44.95,45.06,44.5,91,44.81,2024-11-25T16:00:00Z,7122,44.781083
45.55,46.18,44.86,149,45.01,2024-11-25T17:00:00Z,13578,45.557136
44.77,45.56,44.73,53,45.56,2024-11-25T18:00:00Z,4703,45.066684
44.54,45.11,44.45,69,44.7,2024-11-25T19:00:00Z,6138,44.694615
44.05,44.71,44.05,150,44.68,2024-11-25T20:00:00Z,14841,44.462868
43.98,43.98,43.98,1,43.98,2024-11-25T21:00:00Z,100,43.98
43.61,44.045,43.51,83,44.045,2024-11-26T14:00:00Z,7874,43.783757
43.55,43.76,43.39,52,43.6,2024-11-26T15:00:00Z,5758,43.560622
43.36,43.52,43.265,71,43.52,2024-11-26T16:00:00Z,6629,43.387359
43.44,43.52,43.235,63,43.37,2024-11-26T17:00:00Z,5760,43.369833
43.495,43.5,43.26,60,43.31,2024-11-26T18:00:00Z,5638,43.39787
43.51,43.565,43.39,54,43.495,2024-11-26T19:00:00Z,5156,43.486113
43.64,43.81,43.47,193,43.49,2024-11-26T20:00:00Z,18484,43.65257
43.55,43.55,43.55,4,43.55,2024-11-26T21:00:00Z,1300,43.55
43.6,43.64,43.4,16,43.51,2024-11-27T14:00:00Z,1600,43.524375
44.1,44.1,43.49,37,43.51,2024-11-27T15:00:00Z,2551,43.870241
44.46,44.6,44.03,48,44.03,2024-11-27T16:00:00Z,3559,44.39346
44.445,44.805,44.31,56,44.625,2024-11-27T17:00:00Z,5000,44.535349
43.91,44.25,43.91,22,44.25,2024-11-27T18:00:00Z,2100,44.0495
43.76,44.0,43.63,38,43.91,2024-11-27T19:00:00Z,3227,43.857778
43.4,43.99,43.38,72,43.7,2024-11-27T20:00:00Z,5780,43.683285
42.56,43.02,42.55,65,43.02,2024-11-29T14:00:00Z,5317,42.740324
42.55,42.74,42.43,77,42.61,2024-11-29T15:00:00Z,7123,42.55969
42.63,42.79,42.52,103,42.59,2024-11-29T16:00:00Z,9666,42.667591
42.64,42.82,42.61,120,42.64,2024-11-29T17:00:00Z,9728,42.706736
42.62,42.66,42.48,49,42.62,2024-12-02T14:00:00Z,3995,42.594844
42.62,42.64,42.375,119,42.545,2024-12-02T15:00:00Z,10017,42.535204
42.41,42.61,42.15,107,42.61,2024-12-02T16:00:00Z,9677,42.291698
42.45,42.49,42.42,26,42.45,2024-12-02T17:00:00Z,2346,42.450476
42.45,42.61,42.44,33,42.5,2024-12-02T18:00:00Z,3172,42.549315
42.32,42.71,42.3,54,42.45,2024-12-02T19:00:00Z,5126,42.479315
42.33,42.47,42.3,115,42.32,2024-12-02T20:00:00Z,10474,42.369066
42.91,43.03,42.67,63,42.78,2024-12-03T14:00:00Z,5715,42.874301
42.74,43.23,42.65,108,42.8,2024-12-03T15:00:00Z,8384,42.888762
42.445,42.71,42.14,67,42.71,2024-12-03T16:00:00Z,5614,42.412111
42.03,42.35,41.99,34,42.35,2024-12-03T17:00:00Z,2397,42.094
41.95,42.06,41.88,42,42.0,2024-12-03T18:00:00Z,3509,41.9675
41.74,41.95,41.74,31,41.95,2024-12-03T19:00:00Z,2403,41.855909
41.96,42.03,41.77,84,41.79,2024-12-03T20:00:00Z,7179,41.909001
41.58,41.68,41.4,25,41.68,2024-12-04T14:00:00Z,2447,41.533044
41.56,41.73,41.37,116,41.67,2024-12-04T15:00:00Z,10097,41.590373
41.67,42.1,41.57,89,41.57,2024-12-04T16:00:00Z,7492,41.857813
41.86,41.88,41.66,138,41.78,2024-12-04T17:00:00Z,11036,41.771989
41.74,42.24,41.71,112,41.9,2024-12-04T18:00:00Z,9802,42.07274
42.07,42.14,41.71,100,41.99,2024-12-04T19:00:00Z,8520,42.021286
42.27,42.31,42.02,141,42.02,2024-12-04T20:00:00Z,10972,42.170862
42.34,42.68,42.33,76,42.68,2024-12-05T14:00:00Z,6853,42.518145
42.45,42.63,42.15,108,42.3,2024-12-05T15:00:00Z,9105,42.407808
42.46,42.58,42.32,59,42.47,2024-12-05T16:00:00Z,7359,42.453443
42.54,42.54,42.29,28,42.31,2024-12-05T17:00:00Z,2641,42.357826
42.42,42.69,42.295,47,42.44,2024-12-05T18:00:00Z,4212,42.422395
42.26,42.5,42.195,73,42.5,2024-12-05T19:00:00Z,6168,42.295962
42.47,42.55,42.12,151,42.32,2024-12-05T20:00:00Z,26101,42.257365
41.83,41.84,41.48,76,41.58,2024-12-06T14:00:00Z,6865,41.706349
41.96,41.98,41.74,183,41.83,2024-12-06T15:00:00Z,14032,41.841131
42.01,42.12,41.77,89,41.77,2024-12-06T16:00:00Z,7208,41.963906
41.71,42.14,41.64,105,42.03,2024-12-06T17:00:00Z,9312,41.897651
41.79,41.83,41.61,82,41.82,2024-12-06T18:00:00Z,6174,41.722609
42.01,42.16,41.86,41,41.86,2024-12-06T19:00:00Z,3609,42.030294
41.69,42.1,41.65,93,41.98,2024-12-06T20:00:00Z,7349,41.811837
41.71,41.94,41.7,43,41.7,2024-12-09T14:00:00Z,3696,41.801562
42.44,42.45,41.6,170,41.7,2024-12-09T15:00:00Z,11462,42.021326
42.2,43.03,42.17,209,42.41,2024-12-09T16:00:00Z,15395,42.675305
42.2,42.44,41.98,62,42.28,2024-12-09T17:00:00Z,6346,42.19965
42.1,42.46,42.04,45,42.36,2024-12-09T18:00:00Z,4833,42.130466
42.4,42.68,42.25,65,42.25,2024-12-09T19:00:00Z,5348,42.440465
42.75,42.95,42.44,119,42.44,2024-12-09T20:00:00Z,10617,42.704572
42.46,42.68,42.22,69,42.44,2024-12-10T14:00:00Z,6187,42.497719
42.21,42.41,42.09,95,42.375,2024-12-10T15:00:00Z,8752,42.270257
42.44,42.55,42.04,88,42.21,2024-12-10T16:00:00Z,7307,42.329524
42.28,42.44,42.175,41,42.27,2024-12-10T17:00:00Z,3214,42.295926
42.3,42.31,42.18,50,42.31,2024-12-10T18:00:00Z,5253,42.25436
42.38,42.38,42.23,36,42.31,2024-12-10T19:00:00Z,4311,42.289114
42.63,42.84,42.36,197,42.36,2024-12-10T20:00:00Z,14659,42.654968
41.68,41.79,41.38,114,41.54,2024-12-11T14:00:00Z,10604,41.573251
41.95,41.95,41.72,133,41.73,2024-12-11T15:00:00Z,11154,41.826444
41.88,41.89,41.79,67,41.89,2024-12-11T16:00:00Z,5510,41.850816
41.94,42.0,41.82,80,41.89,2024-12-11T17:00:00Z,5864,41.916217
42.08,42.1,41.94,30,41.99,2024-12-11T18:00:00Z,2446,42.019545
42.09,42.22,41.97,35,42.08,2024-12-11T19:00:00Z,2984,42.0952
42.14,42.31,42.1,86,42.12,2024-12-11T20:00:00Z,6779,42.202311
42.42,42.62,42.25,98,42.25,2024-12-12T14:00:00Z,8308,42.448714
42.05,42.66,41.93,205,42.42,2024-12-12T15:00:00Z,16967,42.244716
42.63,42.66,41.86,134,42.03,2024-12-12T16:00:00Z,10968,42.058817
42.23,42.66,42.2,138,42.61,2024-12-12T17:00:00Z,11337,42.432752
42.38,42.39,42.14,61,42.25,2024-12-12T18:00:00Z,5241,42.288723
42.85,42.86,42.34,99,42.48,2024-12-12T19:00:00Z,7570,42.643138
42.48,42.88,42.36,150,42.87,2024-12-12T20:00:00Z,11987,42.609683
41.85,41.95,41.76,46,41.87,2024-12-13T14:00:00Z,4302,41.845278
42.52,42.69,41.81,138,41.84,2024-12-13T15:00:00Z,12840,42.138214
42.49,42.77,42.24,74,42.62,2024-12-13T16:00:00Z,5106,42.595663
43.01,43.02,42.36,41,42.44,2024-12-13T17:00:00Z,4341,42.76
42.42,43.0,42.41,32,42.99,2024-12-13T18:00:00Z,2762,42.604324
42.51,42.51,42.16,36,42.43,2024-12-13T19:00:00Z,3367,42.303
42.495,42.67,42.31,123,42.32,2024-12-13T20:00:00Z,11754,42.469179
42.655,42.77,42.42,86,42.53,2024-12-16T14:00:00Z,7836,42.593205
42.51,42.76,42.42,155,42.61,2024-12-16T15:00:00Z,11656,42.553036
42.64,42.79,42.49,73,42.49,2024-12-16T16:00:00Z,6022,42.682909
42.62,42.69,42.58,61,42.65,2024-12-16T17:00:00Z,5099,42.641349
42.64,42.64,42.52,75,42.63,2024-12-16T18:00:00Z,6146,42.599643
42.93,42.95,42.61,102,42.64,2024-12-16T19:00:00Z,9784,42.757074
43.31,43.42,42.82,199,42.9,2024-12-16T20:00:00Z,17985,43.147142
43.87,44.26,43.71,169,43.84,2024-12-17T14:00:00Z,12324,43.960863
43.93,44.49,43.89,254,43.91,2024-12-17T15:00:00Z,19237,44.202686
43.52,44.06,43.3,354,43.91,2024-12-17T16:00:00Z,25055,43.662311
43.6,43.67,43.42,140,43.55,2024-12-17T17:00:00Z,9918,43.556062
43.45,43.77,43.41,67,43.65,2024-12-17T18:00:00Z,5249,43.588142
44.0,44.23,43.4,122,43.4,2024-12-17T19:00:00Z,9109,43.908528
44.28,44.41,44.07,245,44.23,2024-12-17T20:00:00Z,18734,44.237105
44.06,44.26,43.9,67,43.95,2024-12-18T14:00:00Z,6019,44.10857
43.65,44.09,43.64,98,43.92,2024-12-18T15:00:00Z,7173,43.930388
43.58,43.98,43.5,90,43.595,2024-12-18T16:00:00Z,7058,43.639669
43.78,43.88,43.48,41,43.64,2024-12-18T17:00:00Z,3532,43.733333
43.48,43.74,43.4,56,43.74,2024-12-18T18:00:00Z,4970,43.594444
46.76,46.99,43.79,466,43.8,2024-12-18T19:00:00Z,29735,45.590591
51.81,51.81,46.58,1276,46.76,2024-12-18T20:00:00Z,111737,49.197664
53.37,53.37,52.54,3,52.54,2024-12-18T21:00:00Z,800,52.75125
48.7,48.7,48.7,1,48.7,2024-12-19T13:00:00Z,100,48.7
50.35,50.785,48.91,1623,49.285,2024-12-19T14:00:00Z,278926,49.696196
52.1,52.64,50.34,1011,50.38,2024-12-19T15:00:00Z,97292,51.381224
52.05,53.27,51.69,453,52.2,2024-12-19T16:00:00Z,30091,52.324696
53.29,54.23,51.56,325,51.87,2024-12-19T17:00:00Z,24953,53.080524
52.21,53.89,52.21,234,53.49,2024-12-19T18:00:00Z,16255,53.273973
55.01,55.01,52.24,308,52.24,2024-12-19T19:00:00Z,24031,54.12941
56.48,56.82,53.715,901,55.07,2024-12-19T20:00:00Z,73544,55.358672
56.29,56.29,56.29,1,56.29,2024-12-19T21:00:00Z,200,56.29
54.24,55.91,53.9,648,55.73,2024-12-20T14:00:00Z,56545,54.96546
51.58,54.25,51.19,904,53.99,2024-12-20T15:00:00Z,73071,52.383158
48.93,51.56,48.76,538,51.56,2024-12-20T16:00:00Z,38808,49.718708
48.47,49.27,47.99,335,48.96,2024-12-20T17:00:00Z,30050,48.411961
49.38,49.52,48.35,310,48.4,2024-12-20T18:00:00Z,25112,49.042278
48.48,49.48,47.98,297,49.28,2024-12-20T19:00:00Z,27827,48.779115
48.01,48.81,47.65,773,48.2,2024-12-20T20:00:00Z,67160,48.249558
47.8,48.4,46.88,84,47.02,2024-12-23T14:00:00Z,7703,47.686123
48.32,48.7,48.095,80,48.1,2024-12-23T15:00:00Z,6850,48.19044
44.1,44.1,44.1,1,44.1,2024-12-24T13:00:00Z,100,44.1
43.65,43.95,43.37,162,43.86,2024-12-24T14:00:00Z,16372,43.628701
43.375,43.64,43.16,266,43.59,2024-12-24T15:00:00Z,17465,43.368383
43.4,43.72,43.29,196,43.37,2024-12-24T16:00:00Z,13919,43.461665
42.3,43.38,42.22,320,43.38,2024-12-24T17:00:00Z,26004,42.866192
43.31,44.0,42.725,206,42.795,2024-12-26T14:00:00Z,17933,43.219688
42.91,43.84,42.91,173,43.34,2024-12-26T15:00:00Z,13167,43.436359
42.63,42.94,42.46,71,42.9,2024-12-26T16:00:00Z,6069,42.706667
43.14,43.24,42.47,136,42.58,2024-12-26T17:00:00Z,10187,42.758644
42.9,43.26,42.61,75,43.15,2024-12-26T18:00:00Z,6814,42.924506
42.76,43.04,42.72,39,42.93,2024-12-26T19:00:00Z,3144,42.892222
42.45,42.94,42.28,145,42.67,2024-12-26T20:00:00Z,12533,42.577236
43.6,43.6,43.13,111,43.33,2024-12-27T14:00:00Z,9226,43.375975
45.56,46.64,43.54,358,43.54,2024-12-27T15:00:00Z,25455,45.547703
45.62,46.04,44.505,194,45.57,2024-12-27T16:00:00Z,13088,45.176717
45.58,46.66,45.18,217,45.27,2024-12-27T17:00:00Z,16564,45.900968
44.27,45.63,44.26,120,45.43,2024-12-27T18:00:00Z,10160,45.229326
43.96,44.6,43.84,110,44.36,2024-12-27T19:00:00Z,8226,44.194116
44.535,45.19,43.94,258,43.95,2024-12-27T20:00:00Z,17562,44.677176
48.05,48.05,46.99,101,46.99,2024-12-30T14:00:00Z,8458,47.723534
46.55,48.46,46.55,610,48.32,2024-12-30T15:00:00Z,34118,47.672682
44.55,46.61,44.54,444,46.48,2024-12-30T16:00:00Z,23822,45.346317
44.42,44.99,44.21,145,44.54,2024-12-30T17:00:00Z,12392,44.582851
44.54,45.04,44.41,78,44.54,2024-12-30T18:00:00Z,6756,44.70921
44.35,44.89,44.32,65,44.47,2024-12-30T19:00:00Z,5152,44.546814
45.5,45.515,44.33,194,44.48,2024-12-30T20:00:00Z,11865,44.8888
44.64,45.24,44.62,28,44.805,2024-12-31T14:00:00Z,2536,44.934301
44.81,45.19,44.45,65,44.68,2024-12-31T15:00:00Z,5645,44.739421
45.29,45.4,44.82,107,44.82,2024-12-31T16:00:00Z,7975,45.126148
44.9,45.86,44.9,93,45.49,2024-12-31T17:00:00Z,7450,45.613729
45.64,45.86,44.87,53,44.87,2024-12-31T18:00:00Z,4628,45.411628
45.72,46.26,45.63,57,46.0,2024-12-31T19:00:00Z,4634,46.01725
45.67,46.07,45.4,70,45.73,2024-12-31T20:00:00Z,6147,45.718612
45.25,46.06,45.07,47,45.11,2025-01-02T14:00:00Z,3724,45.471176
45.78,46.21,44.87,141,45.21,2025-01-02T15:00:00Z,11843,45.475235
45.45,46.39,45.29,64,46.37,2025-01-02T16:00:00Z,5273,45.858698
47.02,47.76,45.18,205,45.35,2025-01-02T17:00:00Z,16967,46.963694
48.08,48.98,47.28,212,47.28,2025-01-02T18:00:00Z,14573,48.000897
47.51,48.26,46.84,112,48.26,2025-01-02T19:00:00Z,8491,47.482903
46.92,47.12,46.45,138,46.97,2025-01-02T20:00:00Z,10054,46.7221
45.87,46.27,45.53,87,45.76,2025-01-03T14:00:00Z,7847,45.853074
45.43,46.12,45.25,246,45.73,2025-01-03T15:00:00Z,21049,45.594471
45.01,45.83,44.7,161,45.32,2025-01-03T16:00:00Z,12053,45.096101
44.95,45.31,44.93,117,44.93,2025-01-03T17:00:00Z,10232,45.14266
44.83,45.07,44.54,120,45.0,2025-01-03T18:00:00Z,10145,44.753314
44.6,44.79,44.39,104,44.76,2025-01-03T19:00:00Z,8460,44.559403
44.13,44.72,44.13,209,44.57,2025-01-03T20:00:00Z,19194,44.513264
43.67,43.96,43.56,109,43.89,2025-01-06T14:00:00Z,9086,43.76918
43.43,43.645,43.33,223,43.61,2025-01-06T15:00:00Z,23579,43.486335
43.44,43.51,43.32,130,43.46,2025-01-06T16:00:00Z,11293,43.414613
43.85,43.9,43.46,187,43.54,2025-01-06T17:00:00Z,15090,43.653194
44.74,44.77,43.71,101,43.86,2025-01-06T18:00:00Z,7691,44.093556
44.7,44.87,44.27,74,44.73,2025-01-06T19:00:00Z,6090,44.589362
43.9,44.79,43.9,205,44.73,2025-01-06T20:00:00Z,14792,44.532526
43.78,43.78,43.46,100,43.64,2025-01-07T14:00:00Z,8340,43.541919
44.75,45.76,43.98,292,43.98,2025-01-07T15:00:00Z,22617,44.902474
45.54,45.58,44.69,211,44.69,2025-01-07T16:00:00Z,19785,45.284671
45.6,45.89,45.26,151,45.39,2025-01-07T17:00:00Z,11596,45.537525
45.16,45.46,44.88,120,45.46,2025-01-07T18:00:00Z,8342,45.140996
45.55,45.74,44.88,55,45.2,2025-01-07T19:00:00Z,4610,45.333376
46.67,47.36,45.59,314,45.59,2025-01-07T20:00:00Z,31216,46.55076
48.14,48.24,47.11,174,47.15,2025-01-08T14:00:00Z,14476,47.661514
46.93,48.6,46.9,254,48.05,2025-01-08T15:00:00Z,18043,47.883677
46.6,47.46,46.53,266,46.95,2025-01-08T16:00:00Z,21646,46.944814
47.43,48.5,46.6,264,46.65,2025-01-08T17:00:00Z,20147,47.732005
47.05,47.43,46.47,300,47.25,2025-01-08T18:00:00Z,21502,46.754266
46.39,47.34,46.03,200,47.215,2025-01-08T19:00:00Z,17981,46.542006
46.28,46.58,46.1,152,46.32,2025-01-08T20:00:00Z,9879,46.354346
48.61,48.85,48.03,198,48.08,2025-01-10T14:00:00Z,14906,48.464139
49.58,50.45,48.63,456,49.18,2025-01-10T15:00:00Z,45033,49.756138
49.85,50.11,49.21,106,49.6,2025-01-10T16:00:00Z,8360,49.563244
48.74,50.02,48.6,140,49.73,2025-01-10T17:00:00Z,12188,49.22357
47.6,49.04,47.6,163,48.91,2025-01-10T18:00:00Z,14085,48.204626
48.34,48.82,47.65,97,47.65,2025-01-10T19:00:00Z,8235,48.2947
49.46,49.57,48.29,289,48.5,2025-01-10T20:00:00Z,24188,49.106365
50.26,51.47,50.1,374,51.24,2025-01-13T14:00:00Z,22397,50.786844
50.44,51.33,50.01,510,50.42,2025-01-13T15:00:00Z,42187,50.413839
50.86,51.0,50.17,417,50.31,2025-01-13T16:00:00Z,39926,50.590493
49.18,50.87,49.18,190,50.86,2025-01-13T17:00:00Z,14617,49.957886
48.55,49.36,48.5,106,48.96,2025-01-13T18:00:00Z,7264,48.909124
48.48,48.97,48.36,57,48.76,2025-01-13T19:00:00Z,4956,48.64261
48.5,48.63,48.13,223,48.63,2025-01-13T20:00:00Z,14787,48.419082
47.68,47.74,47.04,159,47.51,2025-01-14T14:00:00Z,11080,47.361833
47.06,47.69,46.43,253,47.69,2025-01-14T15:00:00Z,18259,46.993448
48.68,48.75,47.26,133,47.51,2025-01-14T16:00:00Z,9849,47.9547
48.54,48.87,48.22,111,48.87,2025-01-14T17:00:00Z,8671,48.544063
46.94,48.22,46.81,105,48.22,2025-01-14T18:00:00Z,9362,47.114944
48.01,48.07,46.61,160,47.05,2025-01-14T19:00:00Z,9846,47.225298
47.44,48.72,47.44,200,47.97,2025-01-14T20:00:00Z,11679,48.018913
44.66,45.04,44.39,260,45.04,2025-01-15T14:00:00Z,22091,44.607388
44.57,44.69,44.19,395,44.68,2025-01-15T15:00:00Z,36350,44.399669
44.95,44.95,44.4,131,44.47,2025-01-15T16:00:00Z,13755,44.613896
44.84,45.15,44.63,124,45.07,2025-01-15T17:00:00Z,10096,44.792917
44.37,44.76,44.35,112,44.76,2025-01-15T18:00:00Z,10274,44.508833
44.12,44.345,44.02,110,44.345,2025-01-15T19:00:00Z,9751,44.168795
43.57,44.125,43.43,301,44.06,2025-01-15T20:00:00Z,30126,43.939347
43.57,43.9,43.24,165,43.54,2025-01-16T14:00:00Z,28229,43.463416
43.25,43.76,43.25,161,43.64,2025-01-16T15:00:00Z,17003,43.448656
43.17,43.45,43.17,104,43.23,2025-01-16T16:00:00Z,12795,43.296354
43.36,43.38,43.12,67,43.16,2025-01-16T17:00:00Z,7913,43.264101
43.65,43.82,43.17,166,43.33,2025-01-16T18:00:00Z,16625,43.501252
43.33,43.72,43.26,75,43.72,2025-01-16T19:00:00Z,9897,43.336699
43.62,43.81,43.33,178,43.34,2025-01-16T20:00:00Z,18855,43.500414
43.25,43.4,42.92,108,42.92,2025-01-17T14:00:00Z,12792,43.10218
43.13,43.36,43.05,97,43.22,2025-01-17T15:00:00Z,8396,43.170067
43.52,43.67,43.17,127,43.17,2025-01-17T16:00:00Z,10848,43.329628
43.44,43.69,43.36,76,43.69,2025-01-17T17:00:00Z,7115,43.453495
43.51,43.85,43.39,115,43.45,2025-01-17T18:00:00Z,10446,43.574516
43.64,43.72,43.48,77,43.52,2025-01-17T19:00:00Z,6643,43.61289
43.91,43.91,43.49,260,43.65,2025-01-17T20:00:00Z,22280,43.696527
42.66,43.365,42.66,300,43.01,2025-01-21T14:00:00Z,19905,42.968079
42.41,42.82,42.35,839,42.7,2025-01-21T15:00:00Z,54500,42.566115
42.28,42.52,42.235,93,42.47,2025-01-21T16:00:00Z,11482,42.337496
42.25,42.3,42.14,80,42.29,2025-01-21T17:00:00Z,9689,42.227059
42.17,42.34,42.08,80,42.25,2025-01-21T18:00:00Z,8829,42.181397
42.24,42.27,42.1,60,42.11,2025-01-21T19:00:00Z,6611,42.198397
42.08,42.18,41.99,214,42.135,2025-01-21T20:00:00Z,24697,42.069406
42.23,42.36,42.06,59,42.07,2025-01-22T14:00:00Z,5255,42.180398
42.51,42.51,42.02,239,42.23,2025-01-22T15:00:00Z,21852,42.217371
42.49,42.65,42.32,134,42.51,2025-01-22T16:00:00Z,11939,42.466151
42.55,42.6,42.45,99,42.51,2025-01-22T17:00:00Z,7307,42.509459
42.61,42.71,42.48,49,42.62,2025-01-22T18:00:00Z,5182,42.586074
42.61,42.81,42.59,57,42.59,2025-01-22T19:00:00Z,4803,42.716226
42.66,42.85,42.49,159,42.56,2025-01-22T20:00:00Z,14276,42.677726
41.94,42.35,41.84,326,42.35,2025-01-23T14:00:00Z,35767,42.129659
41.95,42.05,41.71,212,41.97,2025-01-23T15:00:00Z,19665,41.868249
41.95,42.09,41.79,145,41.96,2025-01-23T16:00:00Z,14577,41.940964
41.92,42.09,41.91,71,42.0,2025-01-23T17:00:00Z,7194,41.964301
41.91,41.98,41.85,62,41.93,2025-01-23T18:00:00Z,7093,41.909638
42.26,42.4,41.94,111,41.94,2025-01-23T19:00:00Z,10274,42.156158
41.97,42.34,41.83,345,42.29,2025-01-23T20:00:00Z,30952,42.067862
41.75,41.9,41.64,78,41.64,2025-01-24T14:00:00Z,6624,41.79875
41.96,41.98,41.69,68,41.69,2025-01-24T15:00:00Z,5061,41.841591
41.66,41.98,41.6,62,41.98,2025-01-24T16:00:00Z,5157,41.733902
41.82,41.82,41.465,111,41.7,2025-01-24T17:00:00Z,12096,41.564992
42.02,42.08,41.81,72,41.93,2025-01-24T18:00:00Z,5824,41.913708
41.82,42.09,41.74,88,42.01,2025-01-24T19:00:00Z,6877,41.958276
41.7,41.95,41.68,143,41.85,2025-01-24T20:00:00Z,11841,41.789308
44.98,46.9,44.41,687,46.84,2025-01-27T14:00:00Z,68142,45.237484
44.97,46.07,43.98,761,44.98,2025-01-27T15:00:00Z,60674,45.013029
45.17,45.6,44.75,365,45.05,2025-01-27T16:00:00Z,34156,45.227367
45.97,45.98,44.5,436,45.05,2025-01-27T17:00:00Z,38654,45.267315
45.34,46.01,45.0,341,45.93,2025-01-27T18:00:00Z,31551,45.561019
45.42,45.44,44.05,355,45.04,2025-01-27T19:00:00Z,31779,44.717173
44.46,45.7,44.46,470,45.3,2025-01-27T20:00:00Z,39593,45.090602
44.38,45.17,44.32,138,44.32,2025-01-28T14:00:00Z,10378,44.639457
43.35,44.21,43.22,173,44.21,2025-01-28T15:00:00Z,16232,43.560296
43.45,43.77,43.34,80,43.35,2025-01-28T16:00:00Z,7922,43.5063
42.91,43.4,42.88,115,43.4,2025-01-28T17:00:00Z,10748,43.103757
43.11,43.16,42.78,99,42.79,2025-01-28T18:00:00Z,9418,42.967187
42.98,43.37,42.94,128,43.05,2025-01-28T19:00:00Z,10807,43.105572
43.01,43.16,42.76,318,42.99,2025-01-28T20:00:00Z,28841,42.902321
43.18,43.28,42.82,20,42.82,2025-01-29T14:00:00Z,2093,43.1975
43.3,43.41,42.79,87,43.06,2025-01-29T15:00:00Z,7107,43.040206
43.64,43.7,43.35,66,43.37,2025-01-29T16:00:00Z,5433,43.572982
43.69,43.73,43.3,54,43.41,2025-01-29T17:00:00Z,4936,43.456917
43.61,44.53,43.34,102,43.66,2025-01-29T18:00:00Z,9843,43.786921
43.07,44.02,42.89,140,43.6,2025-01-29T19:00:00Z,15528,43.434118
42.85,43.31,42.69,203,43.1,2025-01-29T20:00:00Z,16469,42.961112
42.29,42.43,42.195,98,42.29,2025-01-30T14:00:00Z,6872,42.288081
43.07,43.07,42.375,109,42.375,2025-01-30T15:00:00Z,10425,42.599857
42.45,43.02,42.22,98,42.87,2025-01-30T16:00:00Z,9267,42.527278
42.38,42.6,42.38,30,42.5,2025-01-30T17:00:00Z,2568,42.502174
42.5,42.53,42.41,39,42.49,2025-01-30T18:00:00Z,3676,42.479526
42.3,42.57,42.29,108,42.55,2025-01-30T19:00:00Z,10019,42.461446
42.67,43.24,42.28,287,42.3,2025-01-30T20:00:00Z,29010,42.520362
42.49,42.51,42.28,76,42.32,2025-01-31T14:00:00Z,6250,42.385304
42.3,42.51,42.28,117,42.48,2025-01-31T15:00:00Z,9926,42.403178
42.37,42.43,42.12,120,42.25,2025-01-31T16:00:00Z,17190,42.242101
42.02,42.4,41.94,134,42.365,2025-01-31T17:00:00Z,13534,42.096947
42.83,43.07,41.95,277,42.01,2025-01-31T18:00:00Z,26070,42.626446
43.57,43.91,42.69,241,42.9,2025-01-31T19:00:00Z,24471,43.359696
44.13,44.69,43.64,390,43.64,2025-01-31T20:00:00Z,39016,44.264587
46.83,46.83,46.83,1,46.83,2025-02-03T13:00:00Z,100,46.83
47.19,47.5,46.04,347,47.2,2025-02-03T14:00:00Z,33265,46.785733
44.04,48.19,43.5,1372,47.24,2025-02-03T15:00:00Z,132835,45.992875
45.19,45.32,43.78,372,44.09,2025-02-03T16:00:00Z,31629,44.463806
45.09,45.85,44.79,340,45.38,2025-02-03T17:00:00Z,28286,45.374658
44.27,45.61,44.25,242,45.58,2025-02-03T18:00:00Z,19356,44.771842
44.68,44.73,43.83,333,44.31,2025-02-03T19:00:00Z,26181,44.277064
45.01,45.22,44.5,596,44.61,2025-02-03T20:00:00Z,49294,44.953464
44.66,44.98,44.51,89,44.53,2025-02-04T14:00:00Z,7890,44.704021
44.09,44.73,43.88,176,44.58,2025-02-04T15:00:00Z,15145,44.279198
43.62,44.08,43.51,200,44.08,2025-02-04T16:00:00Z,16339,43.723636
43.71,44.13,43.55,153,43.6,2025-02-04T17:00:00Z,11733,43.838306
43.76,43.94,43.6,77,43.71,2025-02-04T18:00:00Z,6468,43.752115
43.71,43.86,43.58,142,43.7,2025-02-04T19:00:00Z,11026,43.655657
43.71,43.81,43.42,299,43.75,2025-02-04T20:00:00Z,23231,43.602868
44.025,44.155,43.55,49,43.91,2025-02-05T14:00:00Z,4493,43.848642
43.79,44.25,43.69,119,43.7,2025-02-05T15:00:00Z,11613,43.951643
42.98,43.76,42.88,223,43.76,2025-02-05T16:00:00Z,17864,43.234858
43.07,43.19,42.84,136,42.95,2025-02-05T17:00:00Z,13738,43.011287
43.1,43.33,43.01,88,43.04,2025-02-05T18:00:00Z,7234,43.180024
42.91,43.02,42.91,97,43.015,2025-02-05T19:00:00Z,8181,42.957392
42.8,43.13,42.71,268,42.89,2025-02-05T20:00:00Z,23011,42.938952
42.55,42.63,42.395,120,42.62,2025-02-06T14:00:00Z,10335,42.515606
42.68,42.7,42.37,182,42.52,2025-02-06T15:00:00Z,15924,42.543223
42.65,42.78,42.45,70,42.58,2025-02-06T16:00:00Z,5743,42.553332
42.53,42.85,42.5,79,42.71,2025-02-06T17:00:00Z,5697,42.665949
42.62,42.63,42.44,60,42.51,2025-02-06T18:00:00Z,5341,42.554375
43.23,43.25,42.535,164,42.67,2025-02-06T19:00:00Z,12034,42.998027
42.52,43.31,42.475,226,43.2,2025-02-06T20:00:00Z,20500,42.755297
42.26,42.45,42.15,95,42.24,2025-02-07T14:00:00Z,9572,42.286093
43.31,43.74,42.4,345,42.4,2025-02-07T15:00:00Z,36389,42.990122
43.595,43.82,42.9,342,43.41,2025-02-07T16:00:00Z,28684,43.535842
43.21,43.92,43.05,187,43.73,2025-02-07T17:00:00Z,18424,43.373783
43.72,43.74,42.915,142,43.18,2025-02-07T18:00:00Z,14848,43.289721
43.58,43.88,43.39,142,43.71,2025-02-07T19:00:00Z,13730,43.64618
44.09,44.1,43.63,222,43.65,2025-02-07T20:00:00Z,19184,43.817737
43.35,43.58,43.13,86,43.13,2025-02-10T14:00:00Z,7217,43.351847
43.24,43.24,42.98,135,43.2,2025-02-10T15:00:00Z,11976,43.084847
43.27,43.44,43.22,58,43.23,2025-02-10T16:00:00Z,6655,43.333758
43.05,43.47,43.05,42,43.2,2025-02-10T17:00:00Z,3870,43.250845
42.94,43.1,42.91,56,43.09,2025-02-10T18:00:00Z,5277,42.998396
43.0,43.06,42.87,76,43.04,2025-02-10T19:00:00Z,6863,42.976163
42.85,43.1,42.84,191,43.0,2025-02-10T20:00:00Z,13495,42.971858
43.14,43.32,43.04,72,43.31,2025-02-11T14:00:00Z,6619,43.178066
42.72,43.26,42.58,201,43.08,2025-02-11T15:00:00Z,20793,42.902682
42.88,42.88,42.56,147,42.66,2025-02-11T16:00:00Z,13718,42.689669
43.08,43.12,42.8,140,42.91,2025-02-11T17:00:00Z,13521,42.958471
42.78,43.18,42.68,139,43.06,2025-02-11T18:00:00Z,13419,42.879621
42.8,42.86,42.68,67,42.76,2025-02-11T19:00:00Z,7220,42.7454
43.0,43.11,42.76,197,42.77,2025-02-11T20:00:00Z,18016,42.972475
43.91,44.01,43.91,2,44.01,2025-02-12T13:00:00Z,300,43.96
43.4,44.26,43.18,191,44.05,2025-02-12T14:00:00Z,17261,43.6741
43.19,43.83,43.11,192,43.535,2025-02-12T15:00:00Z,19198,43.44612
42.95,43.9,42.9,251,43.23,2025-02-12T16:00:00Z,22147,43.433502
42.68,43.12,42.65,164,42.97,2025-02-12T17:00:00Z,14087,42.887835
42.72,42.91,42.64,114,42.64,2025-02-12T18:00:00Z,9122,42.725786
42.81,42.95,42.72,83,42.73,2025-02-12T19:00:00Z,7147,42.845615
42.84,43.07,42.76,293,42.77,2025-02-12T20:00:00Z,23089,42.892256
42.75,43.01,42.69,101,42.71,2025-02-13T14:00:00Z,9054,42.841432
42.58,42.82,42.42,306,42.68,2025-02-13T15:00:00Z,26454,42.557789
42.86,42.87,42.54,132,42.57,2025-02-13T16:00:00Z,12657,42.647349
43.09,43.15,42.82,179,42.88,2025-02-13T17:00:00Z,16321,43.021519
42.65,43.27,42.65,173,43.04,2025-02-13T18:00:00Z,15531,42.974325
42.42,42.6,42.22,200,42.58,2025-02-13T19:00:00Z,16102,42.38546
42.08,42.47,42.07,272,42.39,2025-02-13T20:00:00Z,30943,42.228847
42.17,42.19,42.01,96,42.07,2025-02-14T14:00:00Z,8163,42.132899
42.29,42.42,42.04,142,42.2,2025-02-14T15:00:00Z,13189,42.258311
42.26,42.47,42.26,120,42.29,2025-02-14T16:00:00Z,10460,42.345258
42.14,42.37,42.08,175,42.24,2025-02-14T17:00:00Z,14879,42.235809
42.15,42.2,42.05,76,42.15,2025-02-14T18:00:00Z,6072,42.141373
42.1,42.24,42.07,93,42.17,2025-02-14T19:00:00Z,8420,42.165845
41.98,42.19,41.83,307,42.125,2025-02-14T20:00:00Z,28766,41.984057
42.01,42.03,41.66,126,41.72,2025-02-18T14:00:00Z,10205,41.821163
41.73,42.16,41.68,168,42.06,2025-02-18T15:00:00Z,14634,41.911825
41.55,41.78,41.55,156,41.71,2025-02-18T16:00:00Z,13943,41.63562
41.53,41.66,41.48,114,41.57,2025-02-18T17:00:00Z,9591,41.567563
41.74,41.76,41.46,181,41.55,2025-02-18T18:00:00Z,17173,41.619817
41.82,42.04,41.775,148,41.79,2025-02-18T19:00:00Z,12408,41.908545
41.78,42.01,41.65,317,41.81,2025-02-18T20:00:00Z,45734,41.876699
42.01,42.01,42.01,6,42.01,2025-02-19T13:00:00Z,222,42.01
42.04,42.16,41.96,143,42.11,2025-02-19T14:00:00Z,13910,42.040183
41.88,42.18,41.81,156,42.03,2025-02-19T15:00:00Z,12789,41.973809
41.65,41.89,41.61,147,41.89,2025-02-19T16:00:00Z,13259,41.685692
41.68,41.7,41.62,136,41.64,2025-02-19T17:00:00Z,12257,41.659776
41.78,41.79,41.6,71,41.68,2025-02-19T18:00:00Z,6465,41.71225
41.54,41.78,41.52,179,41.78,2025-02-19T19:00:00Z,16023,41.597988
41.315,41.645,41.3,326,41.55,2025-02-19T20:00:00Z,26286,41.435287
41.85,41.89,41.05,141,41.33,2025-02-20T14:00:00Z,12031,41.373801
42.19,42.22,41.51,436,41.89,2025-02-20T15:00:00Z,36825,41.858833
41.99,42.2,41.74,294,42.11,2025-02-20T16:00:00Z,24546,41.975372
42.0,42.02,41.64,119,42.02,2025-02-20T17:00:00Z,9245,41.795871
41.755,42.06,41.755,113,42.06,2025-02-20T18:00:00Z,8764,41.867674
41.6,41.75,41.51,168,41.74,2025-02-20T19:00:00Z,14425,41.583457
41.52,41.66,41.34,232,41.61,2025-02-20T20:00:00Z,19584,41.475378
41.89,41.93,41.615,88,41.71,2025-02-21T14:00:00Z,9819,41.807458
42.48,42.6,41.875,285,41.99,2025-02-21T15:00:00Z,26368,42.276894
42.28,42.46,42.1,248,42.23,2025-02-21T16:00:00Z,22589,42.228896
43.16,43.19,42.13,315,42.25,2025-02-21T17:00:00Z,28435,42.692299
43.81,43.9,43.15,570,43.16,2025-02-21T18:00:00Z,55371,43.596688
44.31,44.48,43.46,1169,43.74,2025-02-21T19:00:00Z,179316,44.066592
44.51,44.86,44.215,1460,44.35,2025-02-21T20:00:00Z,199339,44.572172
44.85,44.85,43.34,171,43.7,2025-02-24T14:00:00Z,15681,44.140889
44.85,45.75,44.14,572,44.83,2025-02-24T15:00:00Z,55372,44.983658
43.6,44.9,43.32,242,44.68,2025-02-24T16:00:00Z,24460,43.827235
43.36,43.61,43.16,151,43.57,2025-02-24T17:00:00Z,12516,43.362838
43.43,43.47,43.09,173,43.41,2025-02-24T18:00:00Z,14716,43.278926
43.54,43.63,43.24,120,43.36,2025-02-24T19:00:00Z,8972,43.453461
44.77,44.89,43.4,384,43.47,2025-02-24T20:00:00Z,35603,44.125967
45.49,45.8,44.88,155,45.01,2025-02-25T14:00:00Z,14487,45.269231
45.75,47.0,45.45,532,45.74,2025-02-25T15:00:00Z,52309,46.116696
45.13,46.64,45.02,1042,46.1,2025-02-25T16:00:00Z,89149,45.851883
44.66,45.32,44.51,730,45.18,2025-02-25T17:00:00Z,71414,44.932016
44.64,45.0,44.19,239,44.625,2025-02-25T18:00:00Z,22378,44.58023
44.51,45.25,44.48,299,44.67,2025-02-25T19:00:00Z,24637,44.922059
44.88,45.055,44.03,424,44.44,2025-02-25T20:00:00Z,40046,44.660302
44.01,44.99,43.85,155,44.595,2025-02-26T14:00:00Z,12724,44.433077
43.28,44.13,43.28,255,44.01,2025-02-26T15:00:00Z,22328,43.675571
43.48,43.48,43.04,284,43.28,2025-02-26T16:00:00Z,24309,43.214167
44.23,44.39,43.18,233,43.4,2025-02-26T17:00:00Z,19865,43.668989
45.15,45.3,44.15,180,44.16,2025-02-26T18:00:00Z,16667,44.734138
44.98,45.42,44.3,120,45.21,2025-02-26T19:00:00Z,11044,44.719749
44.18,45.07,44.03,242,45.07,2025-02-26T20:00:00Z,22407,44.374746
45.02,45.2,43.27,227,43.56,2025-02-27T14:00:00Z,18861,44.05222
44.44,45.61,43.92,220,45.26,2025-02-27T15:00:00Z,17970,44.75788
44.76,44.76,43.71,162,44.49,2025-02-27T16:00:00Z,12654,44.05971
44.45,45.005,44.2,87,44.54,2025-02-27T17:00:00Z,7499,44.583435
44.05,44.3,43.74,88,44.21,2025-02-27T18:00:00Z,7087,44.013233
45.32,45.65,44.05,239,44.06,2025-02-27T19:00:00Z,19744,45.218836
46.66,46.785,45.25,897,45.25,2025-02-27T20:00:00Z,119727,46.362607
46.93,48.03,46.93,131,47.045,2025-02-28T14:00:00Z,12002,47.265756
45.81,46.95,45.81,197,46.95,2025-02-28T15:00:00Z,17987,46.455201
46.37,47.02,45.8,93,45.9,2025-02-28T16:00:00Z,9631,46.281674
47.53,47.62,46.22,154,46.37,2025-02-28T17:00:00Z,13794,46.802016
48.11,48.12,47.13,229,47.59,2025-02-28T18:00:00Z,22925,47.686247
46.96,48.05,46.885,151,48.04,2025-02-28T19:00:00Z,16073,47.29955
45.645,46.93,45.4,356,46.93,2025-02-28T20:00:00Z,33543,46.102743
45.95,46.08,44.87,87,44.87,2025-03-03T14:00:00Z,9017,45.462987
45.74,46.57,45.2,469,45.99,2025-03-03T15:00:00Z,24107,45.886954
45.8,46.31,45.43,98,45.67,2025-03-03T16:00:00Z,9673,45.91221
46.29,46.38,45.55,64,45.9,2025-03-03T17:00:00Z,6019,45.815732
46.84,47.5,46.16,380,46.16,2025-03-03T18:00:00Z,43150,46.87799
47.92,47.92,46.38,209,46.79,2025-03-03T19:00:00Z,19544,47.208311
49.56,50.75,47.955,1206,47.96,2025-03-03T20:00:00Z,97140,49.471816
52.67,52.74,51.53,229,51.73,2025-03-04T14:00:00Z,20475,52.227063
53.14,54.42,52.5,359,52.85,2025-03-04T15:00:00Z,31514,53.250071
51.49,53.66,51.28,726,53.06,2025-03-04T16:00:00Z,69478,52.251049
51.28,51.79,50.35,454,51.44,2025-03-04T17:00:00Z,44608,51.092036
50.095,51.33,49.83,640,51.24,2025-03-04T18:00:00Z,108190,50.607387
48.8,50.105,48.78,445,50.095,2025-03-04T19:00:00Z,47872,49.590101
50.56,51.76,48.33,876,48.86,2025-03-04T20:00:00Z,81720,49.710332
51.0,51.35,50.11,643,50.34,2025-03-05T14:00:00Z,100658,50.666321
50.08,50.72,49.45,1286,50.7,2025-03-05T15:00:00Z,206717,50.064571
50.64,51.72,50.11,544,50.11,2025-03-05T16:00:00Z,44766,50.928693
49.41,50.5,49.39,375,50.045,2025-03-05T17:00:00Z,27879,50.016382
49.15,50.18,49.14,453,49.41,2025-03-05T18:00:00Z,34732,49.733969
48.73,49.25,48.275,514,49.14,2025-03-05T19:00:00Z,39195,48.661186
48.415,49.14,48.33,988,48.74,2025-03-05T20:00:00Z,124717,48.711015
52.06,52.28,51.35,245,51.57,2025-03-06T14:00:00Z,19061,51.943225
50.68,52.26,50.34,645,52.26,2025-03-06T15:00:00Z,56547,51.09935
51.7,51.7,50.23,613,50.64,2025-03-06T16:00:00Z,48910,50.775662
52.39,53.0,51.4,527,51.74,2025-03-06T17:00:00Z,43614,52.283866
52.95,53.18,51.98,289,52.43,2025-03-06T18:00:00Z,25481,52.576248
53.38,53.9,51.78,604,53.05,2025-03-06T19:00:00Z,51320,52.991531
53.78,53.78,52.38,556,53.365,2025-03-06T20:00:00Z,47763,53.174727
52.11,52.11,52.11,25,52.11,2025-03-07T13:00:00Z,2500,52.11
52.25,53.89,52.08,138,53.61,2025-03-07T14:00:00Z,11837,52.95891
53.41,54.57,52.1,272,52.94,2025-03-07T15:00:00Z,26219,53.193589
54.67,55.33,53.4,168,53.57,2025-03-07T16:00:00Z,15217,54.582163
53.49,55.13,52.63,197,54.27,2025-03-07T17:00:00Z,17006,53.760389
52.5,53.59,52.5,126,53.48,2025-03-07T18:00:00Z,10958,52.871106
51.95,52.89,51.62,162,52.48,2025-03-07T19:00:00Z,12764,52.156436
51.19,52.11,51.02,332,52.11,2025-03-07T20:00:00Z,28068,51.573098
56.87,58.1,56.1,263,57.33,2025-03-11T13:00:00Z,27884,57.091857
59.75,60.26,56.26,374,57.155,2025-03-11T14:00:00Z,34592,58.705554
58.15,59.89,57.1,231,59.83,2025-03-11T15:00:00Z,26377,58.220589
59.44,59.54,57.95,154,58.47,2025-03-11T16:00:00Z,14488,58.560781
59.07,59.98,58.69,156,59.53,2025-03-11T17:00:00Z,15322,59.337842
56.38,58.94,56.12,311,58.86,2025-03-11T18:00:00Z,30371,57.221047
56.795,57.37,56.02,317,56.54,2025-03-11T19:00:00Z,26819,56.723205
55.63,56.24,54.55,231,54.8,2025-03-12T13:00:00Z,17655,55.381235
56.83,56.83,55.53,257,55.76,2025-03-12T14:00:00Z,19392,56.188548
55.71,57.39,55.49,581,56.84,2025-03-12T15:00:00Z,44888,56.377115
55.4,55.79,54.7,398,55.72,2025-03-12T16:00:00Z,32119,55.17116
55.5,55.5,54.45,215,55.31,2025-03-12T17:00:00Z,16132,54.825194
54.22,55.33,54.15,166,55.32,2025-03-12T18:00:00Z,13390,54.727111
53.98,54.49,53.54,542,54.26,2025-03-12T19:00:00Z,41570,54.044349
54.95,55.2,53.945,138,54.5,2025-03-13T13:00:00Z,13168,54.398757
54.0,55.1,53.25,662,55.1,2025-03-13T14:00:00Z,53109,53.734381
55.27,55.33,53.7,674,53.905,2025-03-13T15:00:00Z,55859,54.508497
55.82,55.95,54.76,456,55.255,2025-03-13T16:00:00Z,37376,55.263527
57.4,57.49,55.63,333,55.84,2025-03-13T17:00:00Z,27095,56.661158
55.8,57.55,55.64,586,57.55,2025-03-13T18:00:00Z,47255,56.311746
56.38,56.89,55.57,528,55.81,2025-03-13T19:00:00Z,39901,56.328659
54.26,54.5,53.83,199,54.37,2025-03-14T13:00:00Z,16742,54.062789
53.44,54.71,53.39,433,54.555,2025-03-14T14:00:00Z,36841,54.043256
52.93,53.56,52.62,352,53.36,2025-03-14T15:00:00Z,24868,52.985965
52.93,53.6,52.81,232,52.93,2025-03-14T16:00:00Z,18000,53.265146
53.18,53.38,52.78,119,52.83,2025-03-14T17:00:00Z,10259,53.064233
52.33,53.09,52.24,437,53.08,2025-03-14T18:00:00Z,34366,52.599923
51.365,52.3,51.29,997,52.29,2025-03-14T19:00:00Z,80556,51.913009
51.12,51.12,51.12,28,51.12,2025-03-17T12:00:00Z,4900,51.12
49.97,50.9,49.8,442,50.85,2025-03-17T13:00:00Z,38926,50.18185
50.23,50.25,49.72,519,49.96,2025-03-17T14:00:00Z,38702,49.937904
50.23,50.56,50.06,209,50.22,2025-03-17T15:00:00Z,19064,50.262143
50.0,50.36,49.95,133,50.36,2025-03-17T16:00:00Z,10356,50.122333
49.45,50.13,49.42,190,50.05,2025-03-17T17:00:00Z,16387,49.745553
49.36,49.71,49.23,263,49.35,2025-03-17T18:00:00Z,21498,49.405656
49.58,49.58,49.32,431,49.39,2025-03-17T19:00:00Z,38008,49.446442
50.91,51.01,49.55,458,49.55,2025-03-18T13:00:00Z,70622,50.66253
51.05,51.42,50.48,1593,51.0,2025-03-18T14:00:00Z,250336,50.860078
51.32,51.63,50.98,233,51.33,2025-03-18T15:00:00Z,13169,51.304747
50.76,51.39,50.36,231,51.385,2025-03-18T16:00:00Z,18296,50.821967
50.56,51.08,50.27,175,50.76,2025-03-18T17:00:00Z,14630,50.639423
50.59,50.99,50.22,181,50.59,2025-03-18T18:00:00Z,13586,50.610797
50.93,51.32,50.3,406,50.58,2025-03-18T19:00:00Z,31930,50.812739
50.04,50.78,49.93,53,50.3,2025-03-19T13:00:00Z,4483,50.286753
49.89,49.97,49.28,200,49.97,2025-03-19T14:00:00Z,17721,49.571768
49.47,49.81,49.3,124,49.81,2025-03-19T15:00:00Z,7917,49.528197
49.57,49.67,49.43,84,49.46,2025-03-19T16:00:00Z,8109,49.575158
49.74,49.9,49.49,154,49.57,2025-03-19T17:00:00Z,14443,49.649979
48.47,49.55,48.47,218,49.55,2025-03-19T18:00:00Z,18135,48.868091
49.15,49.37,48.0,610,48.31,2025-03-19T19:00:00Z,48564,48.689349
48.82,50.3,48.77,97,50.1,2025-03-20T13:00:00Z,8056,49.378391
48.48,48.69,47.9,222,48.66,2025-03-20T14:00:00Z,16347,48.202474
48.78,48.95,48.38,156,48.52,2025-03-20T15:00:00Z,11901,48.589412
49.63,49.67,48.52,182,48.83,2025-03-20T16:00:00Z,15087,49.103271
49.39,49.65,49.01,168,49.56,2025-03-20T17:00:00Z,12250,49.317826
49.1,49.54,48.77,157,49.19,2025-03-20T18:00:00Z,11092,49.12982
48.33,49.09,48.2,371,49.06,2025-03-20T19:00:00Z,28832,48.464351
49.2,49.64,49.02,63,49.57,2025-03-21T13:00:00Z,5962,49.305635
49.08,49.95,49.08,608,49.205,2025-03-21T14:00:00Z,93647,49.468879
49.4,49.95,48.92,159,49.06,2025-03-21T15:00:00Z,12779,49.397149
48.77,49.8,48.75,100,49.62,2025-03-21T16:00:00Z,7240,49.092332
48.44,49.05,48.22,83,48.82,2025-03-21T17:00:00Z,6892,48.616552
48.65,48.79,48.4,89,48.46,2025-03-21T18:00:00Z,6107,48.622477
48.38,48.98,48.12,349,48.73,2025-03-21T19:00:00Z,41517,48.533239
46.47,46.73,46.43,151,46.56,2025-03-24T13:00:00Z,12695,46.566158
45.99,46.61,45.9,298,46.47,2025-03-24T14:00:00Z,24699,46.176034
46.06,46.25,46.0,199,46.01,2025-03-24T15:00:00Z,17791,46.092086
46.17,46.26,46.0,233,46.05,2025-03-24T16:00:00Z,27774,46.160009
45.94,46.29,45.88,278,46.17,2025-03-24T17:00:00Z,40839,46.095559
45.75,46.09,45.64,203,45.9,2025-03-24T18:00:00Z,20149,45.790518
45.18,45.77,45.18,462,45.77,2025-03-24T19:00:00Z,42486,45.508707
45.23,45.36,44.9,220,44.9,2025-03-25T13:00:00Z,31756,45.203697
45.56,45.64,45.18,342,45.265,2025-03-25T14:00:00Z,43491,45.3215
45.62,45.71,45.49,99,45.58,2025-03-25T15:00:00Z,9301,45.602784
45.42,45.78,45.38,125,45.66,2025-03-25T16:00:00Z,11228,45.593082
45.22,45.38,45.05,128,45.25,2025-03-25T17:00:00Z,12099,45.229391
45.43,45.45,45.1,74,45.34,2025-03-25T18:00:00Z,5982,45.234444
45.54,45.7,45.33,173,45.42,2025-03-25T19:00:00Z,13404,45.561891
46.25,46.4,45.04,194,45.04,2025-03-26T13:00:00Z,15062,45.731479
46.1,46.79,46.05,341,46.29,2025-03-26T14:00:00Z,25550,46.339796
47.05,47.19,46.03,221,46.03,2025-03-26T15:00:00Z,16717,46.592097
47.55,47.66,46.91,239,47.09,2025-03-26T16:00:00Z,18694,47.200301
47.57,47.81,47.13,189,47.53,2025-03-26T17:00:00Z,16424,47.468127
47.7,47.78,47.06,259,47.54,2025-03-26T18:00:00Z,25211,47.352133
46.99,47.98,46.92,379,47.72,2025-03-26T19:00:00Z,30976,47.398866
47.38,48.42,47.25,126,47.41,2025-03-27T13:00:00Z,8387,47.787455
46.79,47.65,46.71,221,47.28,2025-03-27T14:00:00Z,15439,47.181908
47.46,47.54,46.63,189,46.74,2025-03-27T15:00:00Z,12119,47.07412
47.96,48.06,47.24,120,47.63,2025-03-27T16:00:00Z,9001,47.618958
47.79,48.05,47.47,91,48.02,2025-03-27T17:00:00Z,8072,47.877829
47.3,47.78,46.95,128,47.78,2025-03-27T18:00:00Z,8086,47.239407
47.32,47.32,46.66,216,47.19,2025-03-27T19:00:00Z,17434,47.115515
48.27,48.27,48.27,3,48.27,2025-03-28T12:00:00Z,200,48.27
48.11,48.19,47.47,110,48.09,2025-03-28T13:00:00Z,7780,47.878907
49.59,50.13,48.06,619,48.06,2025-03-28T14:00:00Z,44773,49.371659
49.94,50.07,49.2,309,49.61,2025-03-28T15:00:00Z,22792,49.723002
50.81,50.88,49.64,247,49.99,2025-03-28T16:00:00Z,17861,50.325608
50.76,51.59,50.76,340,50.88,2025-03-28T17:00:00Z,26857,51.179082
50.94,51.34,50.56,353,50.79,2025-03-28T18:00:00Z,26274,50.984729
51.59,51.68,50.54,551,50.92,2025-03-28T19:00:00Z,37252,51.288788
54.14,55.23,53.785,316,54.41,2025-03-31T13:00:00Z,25508,54.572137
53.21,54.38,53.21,404,54.04,2025-03-31T14:00:00Z,33147,53.787082
52.41,53.13,52.05,272,52.91,2025-03-31T15:00:00Z,21628,52.569522
52.13,52.73,51.72,139,52.22,2025-03-31T16:00:00Z,10749,52.103236
52.15,52.38,51.7,107,52.14,2025-03-31T17:00:00Z,7847,52.121221
51.42,52.14,51.03,301,52.14,2025-03-31T18:00:00Z,23032,51.3232
51.51,51.51,50.85,492,51.25,2025-03-31T19:00:00Z,35551,51.177167
52.51,52.51,52.51,1,52.51,2025-04-01T12:00:00Z,100,52.51
52.46,52.84,52.12,111,52.37,2025-04-01T13:00:00Z,9765,52.564192
51.5,54.0,51.5,397,52.525,2025-04-01T14:00:00Z,35005,52.919644
51.07,51.49,50.7,327,51.49,2025-04-01T15:00:00Z,23894,51.07838
51.48,52.06,50.89,258,51.1,2025-04-01T16:00:00Z,17875,51.329261
51.74,52.06,51.33,106,51.54,2025-04-01T17:00:00Z,7334,51.692593
52.08,52.54,51.78,149,51.78,2025-04-01T18:00:00Z,9894,52.249335
51.5,52.12,51.11,302,52.12,2025-04-01T19:00:00Z,22771,51.530889
52.01,53.64,51.84,256,53.58,2025-04-02T13:00:00Z,16669,52.458667
51.13,52.16,51.13,375,51.86,2025-04-02T14:00:00Z,21268,51.687687
50.76,51.42,50.59,405,51.17,2025-04-02T15:00:00Z,23655,51.007217
49.6,50.73,49.6,370,50.73,2025-04-02T16:00:00Z,21733,50.154925
50.06,50.27,49.18,417,49.53,2025-04-02T17:00:00Z,23510,49.592557
50.95,51.12,50.01,224,50.09,2025-04-02T18:00:00Z,13059,50.593262
49.98,50.77,49.75,368,50.77,2025-04-02T19:00:00Z,18766,50.094785
57.49,57.815,55.94,874,57.68,2025-04-03T13:00:00Z,87842,56.961489
60.0,60.02,57.685,1096,57.685,2025-04-03T14:00:00Z,89063,58.865064
58.09,60.3,57.42,1037,60.07,2025-04-03T15:00:00Z,90462,58.622372
58.22,58.5,56.84,361,57.97,2025-04-03T16:00:00Z,23024,57.628308
59.65,59.7,57.96,270,58.25,2025-04-03T17:00:00Z,19099,58.981165
59.62,60.48,59.27,597,59.45,2025-04-03T18:00:00Z,43968,60.013833
62.49,62.61,59.69,861,59.74,2025-04-03T19:00:00Z,72076,61.593377
68.55,69.37,68.55,4,69.37,2025-04-04T12:00:00Z,390,69.1075
67.47,71.05,66.78,924,67.29,2025-04-04T13:00:00Z,71157,69.034265
70.93,74.34,67.58,1559,67.58,2025-04-04T14:00:00Z,111853,71.422653
70.73,71.44,67.08,897,71.4,2025-04-04T15:00:00Z,56573,69.362839
71.25,72.19,69.0,908,70.2,2025-04-04T16:00:00Z,158382,71.243176
71.72,73.76,70.83,1018,71.29,2025-04-04T17:00:00Z,159859,72.122808
74.28,75.89,70.9,985,71.3,2025-04-04T18:00:00Z,121546,73.092831
74.87,76.455,71.67,1307,74.24,2025-04-04T19:00:00Z,143750,74.307953
79.91,79.91,79.58,4,79.9,2025-04-07T12:00:00Z,420,79.752857
79.36,84.73,79.21,1570,82.17,2025-04-07T13:00:00Z,179492,81.810202
71.61,80.87,68.475,1840,79.73,2025-04-07T14:00:00Z,173647,76.119514
74.83,77.21,69.72,1320,71.55,2025-04-07T15:00:00Z,107571,73.742765
77.74,77.87,75.01,498,75.34,2025-04-07T16:00:00Z,34649,76.513329
73.16,77.7,73.16,639,76.84,2025-04-07T17:00:00Z,39316,75.094949
74.1,74.47,72.06,581,72.91,2025-04-07T18:00:00Z,38969,73.275044
74.91,76.39,73.49,640,73.84,2025-04-07T19:00:00Z,51941,74.846918
69.51,69.52,69.4,3,69.4,2025-04-08T12:00:00Z,400,69.48625
67.88,69.4,67.31,612,69.37,2025-04-08T13:00:00Z,60335,68.245738
71.33,71.41,67.58,566,67.7,2025-04-08T14:00:00Z,41136,68.986869
72.19,73.02,70.59,343,71.66,2025-04-08T15:00:00Z,29908,71.81567
77.4,77.47,71.59,266,72.01,2025-04-08T16:00:00Z,23778,75.062486
79.1,81.3,77.34,505,77.44,2025-04-08T17:00:00Z,44428,79.418242
83.06,83.06,79.16,374,79.48,2025-04-08T18:00:00Z,35374,81.096516
84.42,90.95,83.2,1418,83.2,2025-04-08T19:00:00Z,107087,87.578981
84.02,87.26,82.95,783,87.12,2025-04-09T13:00:00Z,68227,84.767966
89.12,89.12,83.01,751,84.04,2025-04-09T14:00:00Z,68624,86.118012
87.22,89.08,85.5,334,89.08,2025-04-09T15:00:00Z,30518,87.063283
84.57,87.66,84.1,271,87.545,2025-04-09T16:00:00Z,25181,85.414523
68.23,85.53,67.02,1085,84.27,2025-04-09T17:00:00Z,130339,72.624548
67.69,70.09,64.75,1388,67.32,2025-04-09T18:00:00Z,108248,66.822155
66.87,68.56,63.41,1495,67.85,2025-04-09T19:00:00Z,131999,65.147305
73.48,73.49,69.95,320,71.69,2025-04-10T13:00:00Z,27203,71.47469
75.72,75.78,72.96,489,73.44,2025-04-10T14:00:00Z,60668,74.823491
81.06,81.46,74.37,458,75.59,2025-04-10T15:00:00Z,45467,78.10207
82.26,85.835,80.44,996,81.24,2025-04-10T16:00:00Z,90241,83.042989
80.02,87.01,79.01,935,82.12,2025-04-10T17:00:00Z,88114,83.025397
78.68,82.56,77.06,691,80.57,2025-04-10T18:00:00Z,84990,79.048385
79.63,84.32,77.29,846,79.33,2025-04-10T19:00:00Z,74704,81.171511
80.81,82.82,79.33,613,80.91,2025-04-11T13:00:00Z,50495,80.85466
83.83,84.49,79.31,864,81.51,2025-04-11T14:00:00Z,69060,82.268399
82.34,85.79,81.97,642,83.6,2025-04-11T15:00:00Z,49200,84.108279
78.92,82.25,78.17,608,82.23,2025-04-11T16:00:00Z,55652,79.815369
78.82,81.03,76.87,650,78.95,2025-04-11T17:00:00Z,51634,78.895801
80.22,81.18,78.78,327,78.78,2025-04-11T18:00:00Z,23626,79.862131
77.52,80.09,76.95,650,80.09,2025-04-11T19:00:00Z,54018,78.073488
71.6,71.6,71.6,1,71.6,2025-04-14T12:00:00Z,100,71.6
72.42,73.53,70.3,320,70.4,2025-04-14T13:00:00Z,27707,71.777979
70.2,72.54,69.22,585,72.06,2025-04-14T14:00:00Z,46038,70.801864
74.91,75.17,69.9,331,70.25,2025-04-14T15:00:00Z,23775,72.199727
73.79,75.66,72.42,256,75.01,2025-04-14T16:00:00Z,20233,74.202082
70.83,73.98,70.83,148,73.96,2025-04-14T17:00:00Z,12230,72.409922
70.055,70.97,69.46,271,70.43,2025-04-14T18:00:00Z,25069,69.907221
68.58,69.86,68.1,603,69.82,2025-04-14T19:00:00Z,54821,68.862426
69.32,69.85,69.32,2,69.85,2025-04-14T20:00:00Z,400,69.585
67.53,68.6,66.45,321,68.6,2025-04-15T13:00:00Z,47558,67.39201
66.66,69.31,66.28,466,67.455,2025-04-15T14:00:00Z,50578,67.353578
66.65,66.82,65.92,188,66.7,2025-04-15T15:00:00Z,19391,66.435211
67.55,67.55,65.72,141,66.25,2025-04-15T16:00:00Z,14754,66.409306
68.255,69.32,66.99,322,67.32,2025-04-15T17:00:00Z,31108,68.226171
67.9,69.33,67.78,118,68.48,2025-04-15T18:00:00Z,12118,68.45211
67.94,68.84,67.62,268,67.95,2025-04-15T19:00:00Z,23368,68.295601
71.89,72.03,69.72,150,70.41,2025-04-16T13:00:00Z,14095,71.005389
69.9,71.97,69.48,142,71.97,2025-04-16T14:00:00Z,12511,70.390046
70.46,70.66,68.44,178,69.63,2025-04-16T15:00:00Z,17597,69.516651
70.74,70.87,69.95,138,70.52,2025-04-16T16:00:00Z,12193,70.481603
73.12,73.16,69.71,191,70.57,2025-04-16T17:00:00Z,17411,71.59839
73.37,73.7,71.82,287,72.7,2025-04-16T18:00:00Z,26631,72.921642
73.77,75.24,72.84,658,73.4,2025-04-16T19:00:00Z,63886,74.126148
71.795,72.23,71.13,121,71.41,2025-04-17T13:00:00Z,12028,71.640513
72.29,73.09,71.23,150,71.43,2025-04-17T14:00:00Z,12493,72.137321
71.94,72.35,71.13,153,72.35,2025-04-17T15:00:00Z,13582,71.595637
72.13,72.63,71.3,270,71.81,2025-04-17T16:00:00Z,24942,71.774571
71.61,72.49,71.35,79,71.96,2025-04-17T17:00:00Z,7631,71.896589
71.84,72.06,71.09,134,71.66,2025-04-17T18:00:00Z,11738,71.516688
71.47,72.44,71.13,311,71.84,2025-04-17T19:00:00Z,29866,71.587643
73.57,73.6,72.13,74,72.25,2025-04-21T13:00:00Z,6544,73.078018
74.68,74.77,73.49,172,73.96,2025-04-21T14:00:00Z,16285,74.145743
76.62,76.79,74.67,279,74.93,2025-04-21T15:00:00Z,38827,75.447787
76.07,76.4,75.1,130,76.4,2025-04-21T16:00:00Z,13211,75.789497
77.25,77.25,75.64,132,75.64,2025-04-21T17:00:00Z,13339,76.551098
77.3,77.62,76.35,149,77.3,2025-04-21T18:00:00Z,11686,76.953826
75.8,77.05,75.76,276,77.05,2025-04-21T19:00:00Z,22388,76.319352
72.4,73.44,72.4,275,73.14,2025-04-22T13:00:00Z,25080,72.980123
71.73,72.39,71.35,146,72.26,2025-04-22T14:00:00Z,13052,71.986901
70.98,71.93,70.98,110,71.4,2025-04-22T15:00:00Z,9680,71.52133
71.21,71.21,70.59,108,70.69,2025-04-22T16:00:00Z,10396,70.886439
72.535,73.03,70.95,145,71.25,2025-04-22T17:00:00Z,14161,72.313287
70.96,72.56,70.69,230,72.48,2025-04-22T18:00:00Z,27389,70.986359
71.03,71.91,70.81,364,70.9,2025-04-22T19:00:00Z,29191,71.174043
67.72,68.09,66.43,269,67.51,2025-04-23T13:00:00Z,24284,67.332988
67.63,68.02,66.72,265,68.02,2025-04-23T14:00:00Z,29954,67.292066
69.18,69.72,67.33,224,67.57,2025-04-23T15:00:00Z,24427,68.518626
68.71,70.75,68.65,104,69.27,2025-04-23T16:00:00Z,11637,69.804972
68.15,69.43,67.9,100,68.78,2025-04-23T17:00:00Z,10765,68.348918
68.93,69.3,67.92,89,68.27,2025-04-23T18:00:00Z,11983,68.693402
68.24,69.665,68.15,179,68.73,2025-04-23T19:00:00Z,16714,69.077799
67.21,67.98,67.04,53,67.755,2025-04-24T13:00:00Z,4774,67.464157
66.83,67.27,66.4,301,67.27,2025-04-24T14:00:00Z,43341,66.989718
66.89,66.94,66.43,96,66.7,2025-04-24T15:00:00Z,9469,66.636228
66.29,67.04,66.1,152,66.8,2025-04-24T16:00:00Z,14332,66.511632
66.42,66.7,66.42,55,66.51,2025-04-24T17:00:00Z,5256,66.565914
66.36,66.49,66.17,51,66.3,2025-04-24T18:00:00Z,5214,66.321879
65.85,66.77,65.63,456,66.45,2025-04-24T19:00:00Z,49201,65.966576
66.79,66.85,65.9,44,65.9,2025-04-25T13:00:00Z,5319,66.613131
65.88,67.0,65.78,67,66.7,2025-04-25T14:00:00Z,5288,66.219398
64.56,65.72,64.42,226,65.65,2025-04-25T15:00:00Z,20991,64.97532
64.32,64.64,63.94,144,64.465,2025-04-25T16:00:00Z,13323,64.227505
65.0,65.32,64.02,348,64.31,2025-04-25T17:00:00Z,27772,64.457185
63.97,65.1,63.77,241,65.01,2025-04-25T18:00:00Z,23610,64.095983
63.24,64.07,63.21,521,63.92,2025-04-25T19:00:00Z,45989,63.695079
63.49,63.49,62.39,121,62.39,2025-04-28T13:00:00Z,10763,62.834386
63.17,63.44,62.65,132,63.44,2025-04-28T14:00:00Z,9955,62.94284
64.57,64.69,63.04,227,63.23,2025-04-28T15:00:00Z,18061,63.961962
65.22,65.36,64.66,328,64.66,2025-04-28T16:00:00Z,46535,64.935671
65.1,66.1,65.07,82,65.07,2025-04-28T17:00:00Z,6050,65.592467
64.57,65.19,64.57,104,64.99,2025-04-28T18:00:00Z,8452,64.874565
63.73,64.43,63.395,212,64.43,2025-04-28T19:00:00Z,19308,63.768485
63.96,64.48,63.69,84,64.29,2025-04-29T13:00:00Z,7965,63.9775
63.92,64.59,63.43,148,64.53,2025-04-29T14:00:00Z,11429,63.942667
63.61,64.22,63.29,71,63.84,2025-04-29T15:00:00Z,5383,63.729891
63.87,63.92,63.06,94,63.39,2025-04-29T16:00:00Z,7593,63.352554
62.94,63.85,62.79,119,63.71,2025-04-29T17:00:00Z,10642,63.04674
62.96,63.16,62.82,111,62.95,2025-04-29T18:00:00Z,9434,62.95235
63.045,63.14,62.83,218,62.9,2025-04-29T19:00:00Z,16951,62.967311
68.06,68.38,65.44,358,65.46,2025-04-30T13:00:00Z,34193,66.680297
66.51,67.81,66.29,178,67.78,2025-04-30T14:00:00Z,14157,66.935709
65.55,66.7,65.25,122,66.7,2025-04-30T15:00:00Z,10231,65.731341
65.84,66.25,65.35,55,65.41,2025-04-30T16:00:00Z,4665,65.724419
65.34,66.83,65.19,121,65.81,2025-04-30T17:00:00Z,9725,65.783116
65.97,65.98,64.37,147,65.36,2025-04-30T18:00:00Z,12926,65.149829
64.49,65.95,64.05,152,65.71,2025-04-30T19:00:00Z,13256,65.02766
63.45,63.75,62.85,82,62.85,2025-05-01T13:00:00Z,9659,63.395814
63.21,63.48,62.67,176,63.33,2025-05-01T14:00:00Z,15605,63.144432
63.87,64.11,63.0,71,63.26,2025-05-01T15:00:00Z,6458,63.438689
64.1,64.58,63.84,61,63.91,2025-05-01T16:00:00Z,5738,64.115849
63.67,64.04,63.26,31,64.04,2025-05-01T17:00:00Z,2697,63.6075
63.13,63.58,62.89,116,63.57,2025-05-01T18:00:00Z,10535,63.040183
63.48,63.56,62.57,206,63.15,2025-05-01T19:00:00Z,18371,63.087407
62.36,62.63,62.06,49,62.32,2025-05-02T13:00:00Z,4203,62.239125
61.89,62.33,61.62,136,62.33,2025-05-02T14:00:00Z,9313,61.884087
61.96,62.36,61.87,43,61.98,2025-05-02T15:00:00Z,4121,62.141795
61.6,61.96,61.54,129,61.96,2025-05-02T16:00:00Z,11051,61.729947
61.53,61.79,61.49,106,61.61,2025-05-02T17:00:00Z,8699,61.622177
61.24,61.56,61.22,96,61.51,2025-05-02T18:00:00Z,7444,61.33334
60.84,61.38,60.8,258,61.25,2025-05-02T19:00:00Z,22987,61.071547
61.99,62.62,61.99,67,62.06,2025-05-05T13:00:00Z,6002,62.328269
61.06,62.25,61.06,165,61.815,2025-05-05T14:00:00Z,11378,61.738184
61.41,61.69,60.98,67,61.11,2025-05-05T15:00:00Z,5753,61.198563
61.27,61.49,60.98,99,61.48,2025-05-05T16:00:00Z,8539,61.159026
61.28,61.45,61.17,35,61.29,2025-05-05T17:00:00Z,2782,61.324616
61.26,61.26,61.02,48,61.24,2025-05-05T18:00:00Z,4136,61.165135
62.36,62.37,61.19,178,61.35,2025-05-05T19:00:00Z,13916,61.854494
64.13,64.76,63.43,73,63.85,2025-05-06T13:00:00Z,6032,64.235055
63.26,64.48,63.0,108,64.48,2025-05-06T14:00:00Z,9135,63.467083
63.07,63.2,62.74,36,62.98,2025-05-06T15:00:00Z,3239,62.943833
63.98,63.98,62.88,83,63.23,2025-05-06T16:00:00Z,7572,63.268735
64.1,64.1,63.54,43,63.99,2025-05-06T17:00:00Z,3685,63.803849
63.61,64.24,63.61,86,63.965,2025-05-06T18:00:00Z,6463,63.886992
64.57,64.57,63.63,97,63.65,2025-05-06T19:00:00Z,7777,63.975693
63.81,64.14,63.66,54,63.97,2025-05-07T13:00:00Z,4739,63.929944
63.66,63.83,63.09,84,63.51,2025-05-07T14:00:00Z,6284,63.380066
63.29,63.99,63.29,61,63.75,2025-05-07T15:00:00Z,5193,63.691732
62.81,63.35,62.81,51,63.25,2025-05-07T16:00:00Z,3847,63.151786
63.88,63.96,62.84,97,62.96,2025-05-07T17:00:00Z,8479,63.315254
63.14,64.85,63.1,327,63.85,2025-05-07T18:00:00Z,33542,63.558872
62.71,64.1,62.52,319,63.12,2025-05-07T19:00:00Z,25923,63.133684
61.83,61.94,61.47,31,61.68,2025-05-08T13:00:00Z,2617,61.713478
62.05,62.16,61.02,170,61.63,2025-05-08T14:00:00Z,12839,61.538034
60.24,62.11,60.0,252,62.11,2025-05-08T15:00:00Z,21042,60.539197
60.16,60.32,60.05,96,60.22,2025-05-08T16:00:00Z,8347,60.160828
60.97,60.97,60.21,47,60.21,2025-05-08T17:00:00Z,4515,60.422042
60.31,60.99,60.15,71,60.99,2025-05-08T18:00:00Z,6930,60.367408
60.45,60.78,59.92,192,60.3,2025-05-08T19:00:00Z,15571,60.240055
59.56,59.98,59.56,30,59.82,2025-05-09T13:00:00Z,2465,59.782122
60.02,60.61,59.35,100,59.47,2025-05-09T14:00:00Z,9244,59.933738
59.785,60.35,59.73,54,60.05,2025-05-09T15:00:00Z,4567,60.061435
60.28,60.28,59.74,83,59.74,2025-05-09T16:00:00Z,7724,60.099343
59.71,60.4,59.71,110,60.33,2025-05-09T17:00:00Z,7744,60.08731
59.79,60.06,59.69,117,59.69,2025-05-09T18:00:00Z,10983,59.882892
59.95,60.1,59.64,171,59.75,2025-05-09T19:00:00Z,16199,59.89207
55.8,55.8,55.8,13,55.8,2025-05-12T12:00:00Z,2500,55.8
54.73,55.43,54.615,176,55.34,2025-05-12T13:00:00Z,15700,54.929455
54.41,54.97,54.18,320,54.71,2025-05-12T14:00:00Z,29236,54.457858
53.93,54.42,53.81,216,54.42,2025-05-12T15:00:00Z,19049,54.169589
53.26,53.96,53.24,137,53.94,2025-05-12T16:00:00Z,9945,53.493224
53.16,53.38,53.1,75,53.28,2025-05-12T17:00:00Z,5756,53.244601
52.535,53.12,52.48,97,53.12,2025-05-12T18:00:00Z,8116,52.661781
52.13,52.76,52.11,302,52.66,2025-05-12T19:00:00Z,27176,52.372637
52.0,52.0,52.0,1,52.0,2025-05-12T20:00:00Z,100,52.0
51.7,51.78,51.7,39,51.72,2025-05-13T12:00:00Z,2677,51.720667
50.59,51.32,50.56,36,51.32,2025-05-13T13:00:00Z,3110,50.967198
50.97,51.17,50.33,137,50.55,2025-05-13T14:00:00Z,24432,50.632457
51.36,51.36,50.91,35,50.91,2025-05-13T15:00:00Z,2353,51.140455
51.07,51.34,51.005,98,51.24,2025-05-13T16:00:00Z,8156,51.109166
51.325,51.325,51.0,89,51.075,2025-05-13T17:00:00Z,28752,51.164815
51.07,51.49,51.02,220,51.365,2025-05-13T18:00:00Z,26532,51.237397
51.795,51.865,51.095,146,51.095,2025-05-13T19:00:00Z,12965,51.640644
52.29,52.55,51.82,84,51.91,2025-05-14T13:00:00Z,7954,52.099021
52.31,52.56,52.15,128,52.19,2025-05-14T14:00:00Z,14553,52.350024
52.57,52.74,52.24,56,52.34,2025-05-14T15:00:00Z,5823,52.5102
52.58,52.69,52.38,59,52.545,2025-05-14T16:00:00Z,5019,52.553276
52.38,53.1,52.38,71,52.77,2025-05-14T17:00:00Z,6180,52.718039
52.09,52.4,51.98,69,52.37,2025-05-14T18:00:00Z,5955,52.1775
52.89,52.93,52.04,185,52.04,2025-05-14T19:00:00Z,15670,52.63307
53.5,53.89,53.24,35,53.3,2025-05-15T13:00:00Z,2983,53.58926
53.11,53.69,53.11,75,53.4,2025-05-15T14:00:00Z,5930,53.335481
52.94,53.04,52.71,131,52.96,2025-05-15T15:00:00Z,10580,52.900179
52.78,53.07,52.74,51,52.91,2025-05-15T16:00:00Z,3985,52.891094
52.52,52.72,52.4,40,52.72,2025-05-15T17:00:00Z,3127,52.5375
52.34,52.61,52.2,77,52.58,2025-05-15T18:00:00Z,6290,52.448557
52.13,52.44,52.04,220,52.41,2025-05-15T19:00:00Z,20290,52.223786
51.63,51.98,51.53,234,51.64,2025-05-16T13:00:00Z,52559,51.735672
51.95,52.28,51.55,347,51.83,2025-05-16T14:00:00Z,80721,51.946167
51.59,51.82,51.47,52,51.8,2025-05-16T15:00:00Z,3444,51.626159
51.38,51.48,51.3,57,51.48,2025-05-16T16:00:00Z,5004,51.388074
51.98,51.98,51.27,75,51.38,2025-05-16T17:00:00Z,5773,51.576713
51.73,51.99,51.63,113,51.95,2025-05-16T18:00:00Z,9566,51.765523
51.83,52.26,51.68,398,51.73,2025-05-16T19:00:00Z,27289,51.977025
53.24,54.16,53.24,105,54.12,2025-05-19T13:00:00Z,8721,53.599679
52.99,53.39,52.74,157,53.22,2025-05-19T14:00:00Z,13045,53.007882
52.75,52.94,52.45,96,52.9,2025-05-19T15:00:00Z,7926,52.748181
52.29,52.745,52.21,73,52.66,2025-05-19T16:00:00Z,5630,52.43766
52.25,52.37,52.1,61,52.37,2025-05-19T17:00:00Z,4709,52.251923
52.47,52.63,52.13,108,52.25,2025-05-19T18:00:00Z,8061,52.425093
52.5,52.79,52.31,151,52.31,2025-05-19T19:00:00Z,13027,52.528474
52.79,52.82,52.25,151,52.35,2025-05-20T13:00:00Z,15427,52.638653
53.02,53.35,52.74,278,52.74,2025-05-20T14:00:00Z,23954,53.082225
52.29,53.08,52.23,337,53.05,2025-05-20T15:00:00Z,26741,52.61083
52.02,52.5,51.89,329,52.28,2025-05-20T16:00:00Z,25791,52.192253
52.21,52.35,51.88,205,51.98,2025-05-20T17:00:00Z,18658,52.059426
52.94,53.1,52.12,280,52.23,2025-05-20T18:00:00Z,24456,52.613373
51.96,53.23,51.95,605,53.03,2025-05-20T19:00:00Z,67365,52.303881
52.15,52.15,52.15,1,52.15,2025-05-20T20:00:00Z,100,52.15
53.2,53.49,53.0,150,53.22,2025-05-21T13:00:00Z,11203,53.218689
52.64,53.24,52.63,124,53.19,2025-05-21T14:00:00Z,9303,52.946821
52.33,52.73,52.21,152,52.62,2025-05-21T15:00:00Z,13218,52.423602
52.41,52.44,52.18,169,52.34,2025-05-21T16:00:00Z,14231,52.30948
54.66,55.48,52.42,328,52.45,2025-05-21T17:00:00Z,23704,53.993963
55.34,55.45,54.58,353,54.63,2025-05-21T18:00:00Z,28130,55.081218
55.65,56.375,55.14,689,55.41,2025-05-21T19:00:00Z,87014,55.802918
56.07,56.07,56.07,3,56.07,2025-05-21T20:00:00Z,200,56.07
56.57,56.57,56.57,1,56.57,2025-05-22T12:00:00Z,100,56.57
54.73,56.12,54.73,82,55.955,2025-05-22T13:00:00Z,8028,55.474081
55.08,55.56,54.28,169,54.72,2025-05-22T14:00:00Z,15200,54.844325
54.5,55.27,54.37,105,55.08,2025-05-22T15:00:00Z,8774,54.736738
55.32,55.32,54.3,81,54.35,2025-05-22T16:00:00Z,7045,54.699945
54.425,55.39,54.425,55,55.39,2025-05-22T17:00:00Z,4464,54.753813
54.38,54.77,54.38,90,54.42,2025-05-22T18:00:00Z,7050,54.554296
55.09,55.35,54.24,151,54.44,2025-05-22T19:00:00Z,13219,54.739673
59.19,59.31,58.04,275,59.1,2025-05-23T13:00:00Z,42564,58.963407
57.76,59.01,57.09,199,58.76,2025-05-23T14:00:00Z,17709,57.991915
57.84,58.03,57.2,109,57.65,2025-05-23T15:00:00Z,8832,57.600071
57.94,57.94,57.35,106,57.52,2025-05-23T16:00:00Z,7668,57.66378
57.24,57.79,56.96,69,57.77,2025-05-23T17:00:00Z,6112,57.217088
58.08,58.08,56.95,105,57.14,2025-05-23T18:00:00Z,8844,57.495566
58.84,58.96,57.7,283,57.96,2025-05-23T19:00:00Z,29595,58.455348
59.05,59.05,59.05,1,59.05,2025-05-23T20:00:00Z,100,59.05
54.52,55.58,54.48,75,55.06,2025-05-27T13:00:00Z,6306,54.806215
54.18,54.5,53.89,1350,54.5,2025-05-27T14:00:00Z,156961,53.99537
54.19,54.21,53.92,52,54.2,2025-05-27T15:00:00Z,4876,54.077308
53.72,54.17,53.64,88,54.13,2025-05-27T16:00:00Z,7672,53.896441
53.36,53.6,53.31,54,53.6,2025-05-27T17:00:00Z,4509,53.426265
53.19,53.37,53.13,83,53.37,2025-05-27T18:00:00Z,7819,53.219941
52.87,53.3,52.86,194,53.22,2025-05-27T19:00:00Z,16681,53.122823
53.15,53.15,52.79,64,52.79,2025-05-28T13:00:00Z,6738,53.014136
53.55,53.55,53.17,25,53.22,2025-05-28T14:00:00Z,1633,53.324069
53.68,53.8,53.38,36,53.4,2025-05-28T15:00:00Z,3154,53.586901
53.16,53.58,53.15,36,53.58,2025-05-28T16:00:00Z,2809,53.323387
53.23,53.26,53.03,22,53.045,2025-05-28T17:00:00Z,2226,53.1305
53.24,53.68,52.92,34,52.92,2025-05-28T18:00:00Z,3279,53.117748
53.43,53.85,53.12,67,53.37,2025-05-28T19:00:00Z,5241,53.471455
52.91,53.02,52.11,36,52.15,2025-05-29T13:00:00Z,2467,52.623632
52.97,54.04,52.97,71,53.16,2025-05-29T14:00:00Z,7024,53.493822
54.15,54.15,53.04,46,53.04,2025-05-29T15:00:00Z,3932,53.49169
53.33,54.15,53.33,26,54.15,2025-05-29T16:00:00Z,2618,53.728601
53.51,53.55,53.05,29,53.22,2025-05-29T17:00:00Z,3215,53.24722
53.375,53.55,53.21,44,53.49,2025-05-29T18:00:00Z,3882,53.414449
53.56,53.64,53.16,119,53.3,2025-05-29T19:00:00Z,10710,53.421274
53.52,53.52,53.52,1,53.52,2025-05-29T20:00:00Z,100,53.52
54.39,54.52,54.04,30,54.43,2025-05-30T13:00:00Z,2761,54.281508
54.23,54.3,53.29,97,54.2,2025-05-30T14:00:00Z,9285,53.823454
54.22,54.66,54.15,52,54.2,2025-05-30T15:00:00Z,4339,54.344694
55.76,55.95,54.18,181,54.35,2025-05-30T16:00:00Z,15002,55.394902
54.79,55.69,54.55,92,55.69,2025-05-30T17:00:00Z,8703,55.079871
53.82,54.66,53.82,76,54.66,2025-05-30T18:00:00Z,6517,54.134869
53.9,54.13,53.62,325,53.83,2025-05-30T19:00:00Z,30895,53.840922
54.265,54.36,53.55,49,54.34,2025-06-02T13:00:00Z,3193,53.902438
53.75,54.735,53.55,83,54.31,2025-06-02T14:00:00Z,7934,54.060841
53.89,54.22,53.6,65,53.66,2025-06-02T15:00:00Z,5674,53.87888
54.08,54.08,53.8,18,53.85,2025-06-02T16:00:00Z,1786,53.89125
53.97,53.97,53.78,11,53.87,2025-06-02T17:00:00Z,921,53.865
53.38,53.9,53.26,63,53.85,2025-06-02T18:00:00Z,4688,53.590055
53.21,53.555,53.21,90,53.38,2025-06-02T19:00:00Z,6739,53.356379
53.1,53.14,52.97,12,53.06,2025-06-03T13:00:00Z,834,53.05875
52.62,53.11,52.6,20,53.04,2025-06-03T14:00:00Z,1595,52.899286
52.62,52.7,52.42,23,52.64,2025-06-03T15:00:00Z,1913,52.544706
52.32,52.61,52.32,64,52.59,2025-06-03T16:00:00Z,5347,52.412193
52.27,52.33,51.93,67,52.3,2025-06-03T17:00:00Z,5970,52.117868
52.27,52.6,52.21,40,52.26,2025-06-03T18:00:00Z,3158,52.337857
52.02,52.41,52.02,111,52.17,2025-06-03T19:00:00Z,10946,52.258408
51.94,52.07,51.84,52,51.94,2025-06-04T13:00:00Z,3865,51.95375
51.86,52.38,51.82,58,52.16,2025-06-04T14:00:00Z,5104,52.008908
51.99,52.13,51.8,17,51.8,2025-06-04T15:00:00Z,1500,51.993571
52.02,52.21,51.96,8,52.21,2025-06-04T16:00:00Z,829,52.116031
51.92,51.965,51.87,18,51.965,2025-06-04T17:00:00Z,1516,51.925
52.13,52.13,51.8,15,51.89,2025-06-04T18:00:00Z,1220,51.95
51.88,52.32,51.86,69,52.05,2025-06-04T19:00:00Z,6232,52.046841
52.18,52.18,52.06,2,52.06,2025-06-04T20:00:00Z,200,52.12
52.2,52.2,51.75,19,51.75,2025-06-05T13:00:00Z,1820,51.925557
50.98,52.2,50.98,167,51.98,2025-06-05T14:00:00Z,13241,51.609426
50.68,50.97,50.6,126,50.97,2025-06-05T15:00:00Z,9646,50.767589
51.65,51.76,50.65,65,50.66,2025-06-05T16:00:00Z,5032,51.128684
51.28,51.39,51.06,20,51.34,2025-06-05T17:00:00Z,1835,51.168935
52.03,52.14,51.55,85,51.71,2025-06-05T18:00:00Z,6841,51.830751
53.02,53.49,52.09,346,52.09,2025-06-05T19:00:00Z,35460,52.930254
53.4,53.4,53.4,1,53.4,2025-06-05T20:00:00Z,100,53.4
51.29,51.6,51.29,35,51.6,2025-06-06T13:00:00Z,4221,51.386173
51.32,51.61,51.16,95,51.16,2025-06-06T14:00:00Z,7549,51.361028
51.05,51.61,50.99,78,51.31,2025-06-06T15:00:00Z,6981,51.30007
51.37,51.45,50.86,50,50.95,2025-06-06T16:00:00Z,3676,51.048482
50.91,51.08,50.835,34,51.08,2025-06-06T17:00:00Z,2772,50.900671
50.845,50.96,50.73,56,50.79,2025-06-06T18:00:00Z,4315,50.826604
50.76,51.05,50.67,118,50.91,2025-06-06T19:00:00Z,11782,50.798824
50.45,50.72,50.45,43,50.53,2025-06-09T13:00:00Z,4022,50.559785
50.32,50.62,50.14,96,50.53,2025-06-09T14:00:00Z,7619,50.299157
50.16,50.4,50.09,105,50.3,2025-06-09T15:00:00Z,11579,50.262964
50.03,50.26,49.93,26,50.14,2025-06-09T16:00:00Z,2679,50.102941
49.9,49.95,49.86,37,49.92,2025-06-09T17:00:00Z,2859,49.905652
50.03,50.06,49.92,25,49.92,2025-06-09T18:00:00Z,2037,49.99
50.32,50.39,50.0,121,50.0,2025-06-09T19:00:00Z,9364,50.173095
50.07,50.205,49.88,53,50.205,2025-06-10T13:00:00Z,5308,50.068163
50.12,50.16,49.99,111,50.05,2025-06-10T14:00:00Z,10149,50.062412
49.93,50.45,49.93,47,50.1,2025-06-10T15:00:00Z,3944,50.106744
49.81,49.92,49.79,53,49.9,2025-06-10T16:00:00Z,4736,49.845172
50.1,50.1,49.81,40,49.81,2025-06-10T17:00:00Z,3383,49.934386
49.93,50.29,49.82,128,50.14,2025-06-10T18:00:00Z,13373,49.977774
50.09,50.15,49.88,245,49.88,2025-06-10T19:00:00Z,15594,50.00637
50.13,50.13,50.13,1,50.13,2025-06-10T20:00:00Z,100,50.13
49.38,49.6,49.26,75,49.37,2025-06-11T13:00:00Z,6359,49.438785
49.32,49.47,49.27,57,49.47,2025-06-11T14:00:00Z,4297,49.333517
49.16,49.38,49.065,120,49.3,2025-06-11T15:00:00Z,10392,49.214425
49.05,49.47,49.04,43,49.19,2025-06-11T16:00:00Z,3371,49.247895
49.07,49.07,48.71,81,49.0,2025-06-11T17:00:00Z,8805,48.882072
50.51,50.75,49.49,241,49.49,2025-06-11T18:00:00Z,20114,50.182836
50.49,51.28,50.24,182,50.5,2025-06-11T19:00:00Z,15218,50.710946
51.05,51.36,50.85,45,51.26,2025-06-12T13:00:00Z,4246,51.071745
50.56,51.05,50.39,107,50.995,2025-06-12T14:00:00Z,8919,50.626164
51.19,51.34,50.46,179,50.6,2025-06-12T15:00:00Z,14784,51.038193
50.92,51.48,50.6,95,51.22,2025-06-12T16:00:00Z,7546,51.090438
50.45,50.78,50.29,55,50.78,2025-06-12T17:00:00Z,4020,50.524609
50.93,51.03,50.59,66,50.64,2025-06-12T18:00:00Z,5481,50.878031
51.15,51.21,50.81,162,50.89,2025-06-12T19:00:00Z,14285,51.07416
53.79,53.9,52.78,259,53.605,2025-06-13T13:00:00Z,22141,53.199172
53.1,54.31,53.06,628,53.6,2025-06-13T14:00:00Z,50392,53.813739
52.35,53.22,52.25,383,53.12,2025-06-13T15:00:00Z,32543,52.71988
52.68,52.98,52.25,191,52.31,2025-06-13T16:00:00Z,15290,52.586884
53.82,54.0,52.83,197,52.83,2025-06-13T17:00:00Z,17595,53.479354
55.21,55.9,53.67,529,53.67,2025-06-13T18:00:00Z,47103,55.075204
55.27,55.85,54.63,607,55.18,2025-06-13T19:00:00Z,65892,55.4041
51.32,52.93,51.28,241,52.93,2025-06-16T13:00:00Z,18167,51.807045
51.22,51.36,50.86,354,51.295,2025-06-16T14:00:00Z,25589,51.142554
51.35,51.48,50.88,131,51.27,2025-06-16T15:00:00Z,10048,51.176302
51.93,51.93,51.18,117,51.39,2025-06-16T16:00:00Z,8559,51.545163
51.89,51.995,51.54,93,51.85,2025-06-16T17:00:00Z,7154,51.814747
51.55,51.97,51.49,58,51.96,2025-06-16T18:00:00Z,4677,51.785526
51.48,51.88,51.3,167,51.59,2025-06-16T19:00:00Z,16696,51.558392
52.59,52.81,51.98,113,52.08,2025-06-17T13:00:00Z,9725,52.442336
52.72,52.8,51.94,229,52.34,2025-06-17T14:00:00Z,22658,52.475638
52.5,53.0,52.21,186,52.74,2025-06-17T15:00:00Z,17559,52.519945
53.27,53.275,52.21,266,52.45,2025-06-17T16:00:00Z,23928,52.655407
54.15,54.44,53.04,639,53.26,2025-06-17T17:00:00Z,109823,53.579874
54.49,55.14,53.94,458,54.46,2025-06-17T18:00:00Z,44533,54.59289
54.27,55.05,53.47,689,54.485,2025-06-17T19:00:00Z,72418,54.089596
54.04,54.74,53.86,90,54.29,2025-06-18T13:00:00Z,11484,54.380702
52.43,54.31,51.89,191,54.27,2025-06-18T14:00:00Z,15151,52.779031
53.18,53.23,52.41,67,52.49,2025-06-18T15:00:00Z,5075,52.909634
53.09,53.26,52.97,46,53.19,2025-06-18T16:00:00Z,3791,53.104483
53.34,54.09,53.14,121,53.28,2025-06-18T17:00:00Z,9273,53.509149
53.53,53.7,52.34,178,53.175,2025-06-18T18:00:00Z,13630,53.134395
52.79,53.77,52.73,229,53.59,2025-06-18T19:00:00Z,18669,53.124234
52.92,52.92,52.14,60,52.295,2025-06-20T13:00:00Z,6664,52.442915
53.45,53.81,52.55,91,52.8,2025-06-20T14:00:00Z,8274,53.08003
53.13,53.95,52.28,342,53.77,2025-06-20T15:00:00Z,17851,52.976477
53.2,53.3,52.75,81,53.11,2025-06-20T16:00:00Z,5648,53.10195
53.89,54.17,53.13,73,53.15,2025-06-20T17:00:00Z,6296,53.681067
53.91,53.91,53.12,60,53.55,2025-06-20T18:00:00Z,4864,53.4431
53.58,53.96,53.14,186,53.87,2025-06-20T19:00:00Z,15089,53.589457
53.73,53.73,53.73,2,53.73,2025-06-23T12:00:00Z,280,53.73
52.91,53.82,52.91,64,53.325,2025-06-23T13:00:00Z,6861,53.244058
53.54,53.56,52.63,190,52.74,2025-06-23T14:00:00Z,18379,52.974809
53.8,53.87,52.96,54,53.46,2025-06-23T15:00:00Z,5398,53.386164
54.59,55.55,53.63,254,53.88,2025-06-23T16:00:00Z,26917,54.342241
53.03,54.6,52.74,404,54.6,2025-06-23T17:00:00Z,50749,53.097989
53.31,53.58,53.03,122,53.2,2025-06-23T18:00:00Z,11010,53.238566
52.71,53.45,52.71,248,53.17,2025-06-23T19:00:00Z,29395,53.064397
50.23,50.23,50.23,1,50.23,2025-06-24T12:00:00Z,100,50.23
50.02,50.04,49.75,151,50.025,2025-06-24T13:00:00Z,10421,49.91345
49.79,50.0,49.52,219,49.98,2025-06-24T14:00:00Z,15135,49.732911
49.65,49.81,49.59,37,49.71,2025-06-24T15:00:00Z,3283,49.685562
49.47,49.6,49.41,44,49.6,2025-06-24T16:00:00Z,4172,49.491608
49.475,49.57,49.37,90,49.38,2025-06-24T17:00:00Z,7811,49.487891
49.42,49.5,49.36,98,49.48,2025-06-24T18:00:00Z,9404,49.41816
49.17,49.48,49.15,229,49.42,2025-06-24T19:00:00Z,23964,49.324174
48.6,48.77,48.51,54,48.58,2025-06-25T13:00:00Z,3568,48.622452
49.01,49.04,48.54,265,48.64,2025-06-25T14:00:00Z,27771,48.808514
49.1,49.36,49.03,80,49.03,2025-06-25T15:00:00Z,6180,49.187862
48.98,49.06,48.87,57,49.06,2025-06-25T16:00:00Z,5137,48.962137
49.08,49.32,48.95,30,49.07,2025-06-25T17:00:00Z,2068,49.038235
48.89,49.04,48.85,21,49.02,2025-06-25T18:00:00Z,2247,48.947317
48.61,48.89,48.575,119,48.89,2025-06-25T19:00:00Z,10824,48.636278
48.28,48.48,48.23,122,48.46,2025-06-26T13:00:00Z,13344,48.364984
48.16,48.29,48.03,68,48.17,2025-06-26T14:00:00Z,12249,48.226431
48.24,48.35,48.12,83,48.12,2025-06-26T15:00:00Z,17050,48.257431
48.2,48.235,48.11,90,48.22,2025-06-26T16:00:00Z,17575,48.199477
48.19,48.26,48.09,80,48.16,2025-06-26T17:00:00Z,12548,48.117717
48.39,48.39,48.09,65,48.23,2025-06-26T18:00:00Z,12232,48.308121
48.25,48.405,48.18,125,48.37,2025-06-26T19:00:00Z,15420,48.316663
48.1,48.11,47.92,33,47.94,2025-06-27T13:00:00Z,2889,48.001429
48.47,48.49,48.07,112,48.07,2025-06-27T14:00:00Z,7413,48.248761
48.28,48.56,48.24,59,48.5,2025-06-27T15:00:00Z,5447,48.413711
48.27,48.3,48.15,44,48.3,2025-06-27T16:00:00Z,2880,48.234783
49.07,49.11,48.23,82,48.265,2025-06-27T17:00:00Z,6583,48.727436
48.88,49.11,48.59,97,48.99,2025-06-27T18:00:00Z,7248,48.879832
48.27,48.765,48.26,149,48.73,2025-06-27T19:00:00Z,11457,48.455767
48.09,48.16,47.7,49,47.7,2025-06-30T13:00:00Z,3952,47.930788
48.34,48.44,48.0,155,48.0,2025-06-30T14:00:00Z,13085,48.208471
48.13,48.33,47.985,151,48.29,2025-06-30T15:00:00Z,12503,48.138728
48.13,48.27,48.03,174,48.11,2025-06-30T16:00:00Z,14499,48.152109
48.28,48.32,48.075,213,48.15,2025-06-30T17:00:00Z,18328,48.217021
47.83,48.21,47.81,203,48.21,2025-06-30T18:00:00Z,18558,48.021885
48.01,48.01,47.76,405,47.83,2025-06-30T19:00:00Z,36205,47.870438
47.79,48.38,47.75,77,48.38,2025-07-01T13:00:00Z,6638,47.982225
47.85,47.91,47.55,206,47.79,2025-07-01T14:00:00Z,16742,47.705101
47.89,48.07,47.6,284,47.77,2025-07-01T15:00:00Z,28857,47.836869
47.78,47.97,47.68,295,47.88,2025-07-01T16:00:00Z,26681,47.824242
47.86,47.9,47.75,224,47.78,2025-07-01T17:00:00Z,18033,47.82605
47.94,47.94,47.76,225,47.85,2025-07-01T18:00:00Z,20531,47.838396
48.01,48.29,47.82,682,47.95,2025-07-01T19:00:00Z,75451,48.044906
48.1,48.16,47.94,70,47.98,2025-07-02T13:00:00Z,5473,48.026444
47.55,48.08,47.47,254,48.05,2025-07-02T14:00:00Z,20842,47.667471
47.57,47.64,47.45,286,47.53,2025-07-02T15:00:00Z,22222,47.553537
47.74,47.75,47.56,203,47.56,2025-07-02T16:00:00Z,17074,47.679693
47.83,47.87,47.59,252,47.75,2025-07-02T17:00:00Z,20159,47.743978
47.82,47.97,47.74,272,47.83,2025-07-02T18:00:00Z,21782,47.860313
47.89,47.96,47.79,272,47.8,2025-07-02T19:00:00Z,21390,47.889702
47.11,47.11,46.81,116,47.0,2025-07-03T13:00:00Z,10961,46.959084
47.12,47.18,46.97,238,47.055,2025-07-03T14:00:00Z,20934,47.08911
47.29,47.3,47.06,293,47.12,2025-07-03T15:00:00Z,24341,47.159863
47.47,47.62,47.21,457,47.3,2025-07-03T16:00:00Z,39266,47.363454
48.17,48.34,47.99,102,48.09,2025-07-07T13:00:00Z,9760,48.171433
48.15,48.29,47.82,129,48.2,2025-07-07T14:00:00Z,11058,48.092722
48.11,48.285,47.925,83,48.1,2025-07-07T15:00:00Z,8757,48.10117
48.61,48.82,47.85,131,48.06,2025-07-07T16:00:00Z,12482,48.322928
48.5,48.63,48.19,71,48.6,2025-07-07T17:00:00Z,7147,48.462366
48.27,48.97,48.27,121,48.44,2025-07-07T18:00:00Z,10899,48.522444
48.11,48.55,48.1,241,48.23,2025-07-07T19:00:00Z,24255,48.289478
47.06,47.27,46.96,107,47.12,2025-07-08T13:00:00Z,9193,47.057141
46.95,47.3,46.91,206,47.04,2025-07-08T14:00:00Z,15920,47.061859
46.78,46.99,46.73,73,46.93,2025-07-08T15:00:00Z,6344,46.85386
46.82,46.82,46.56,128,46.8,2025-07-08T16:00:00Z,9804,46.698117
46.81,46.95,46.76,46,46.89,2025-07-08T17:00:00Z,4052,46.831081
46.88,46.89,46.71,73,46.815,2025-07-08T18:00:00Z,5969,46.810204
46.85,47.09,46.84,248,46.85,2025-07-08T19:00:00Z,22646,46.942424
46.89,46.89,46.89,1,46.89,2025-07-08T20:00:00Z,100,46.89
45.63,45.76,45.48,211,45.74,2025-07-09T13:00:00Z,19343,45.606357
46.17,46.19,45.6,224,45.62,2025-07-09T14:00:00Z,17918,45.84549
45.69,46.11,45.67,83,46.0,2025-07-09T15:00:00Z,6294,45.806101
45.69,45.78,45.6,80,45.63,2025-07-09T16:00:00Z,6642,45.66558
45.635,45.76,45.47,111,45.76,2025-07-09T17:00:00Z,9050,45.60953
45.27,45.6,45.23,116,45.6,2025-07-09T18:00:00Z,10614,45.37245
45.29,45.55,45.27,205,45.27,2025-07-09T19:00:00Z,20350,45.416349
45.23,45.25,45.0,121,45.01,2025-07-10T13:00:00Z,9250,45.150029
45.12,45.38,45.0,160,45.29,2025-07-10T14:00:00Z,13671,45.158961
45.03,45.14,44.94,160,45.06,2025-07-10T15:00:00Z,12765,45.048342
45.06,45.115,44.98,116,45.03,2025-07-10T16:00:00Z,9314,45.052803
44.96,45.08,44.93,113,45.07,2025-07-10T17:00:00Z,8540,45.001338
45.08,45.1,44.97,90,44.99,2025-07-10T18:00:00Z,8028,45.019693
44.91,45.09,44.78,237,45.09,2025-07-10T19:00:00Z,19171,44.896923
45.48,46.02,45.48,107,45.93,2025-07-11T13:00:00Z,8105,45.831889
45.44,45.53,45.18,98,45.5,2025-07-11T14:00:00Z,8208,45.384976
45.34,45.51,45.05,84,45.4,2025-07-11T15:00:00Z,6807,45.316473
44.855,45.45,44.85,36,45.26,2025-07-11T16:00:00Z,3467,45.153624
44.8,44.96,44.8,94,44.84,2025-07-11T17:00:00Z,9569,44.855818
44.78,44.82,44.71,106,44.8,2025-07-11T18:00:00Z,9166,44.764187
45.18,45.18,44.78,222,44.78,2025-07-11T19:00:00Z,24107,45.000979
45.74,45.74,45.38,78,45.69,2025-07-14T13:00:00Z,7271,45.600299
45.77,45.84,45.365,202,45.82,2025-07-14T14:00:00Z,20676,45.631535
45.88,45.88,45.67,145,45.77,2025-07-14T15:00:00Z,13588,45.79239
45.77,45.93,45.72,131,45.84,2025-07-14T16:00:00Z,10648,45.834318
45.64,45.7,45.49,138,45.7,2025-07-14T17:00:00Z,12483,45.587326
45.755,45.77,45.64,169,45.64,2025-07-14T18:00:00Z,14805,45.706569
45.87,45.93,45.67,306,45.77,2025-07-14T19:00:00Z,29797,45.822383
45.45,45.45,44.905,109,44.905,2025-07-15T13:00:00Z,33772,45.218559
45.66,45.66,45.06,193,45.39,2025-07-15T14:00:00Z,20429,45.28324
45.15,45.63,45.15,93,45.63,2025-07-15T15:00:00Z,9670,45.384391
45.28,45.28,44.98,157,45.1,2025-07-15T16:00:00Z,14693,45.103492
44.87,45.26,44.87,128,45.22,2025-07-15T17:00:00Z,14609,45.037301
45.165,45.165,44.84,126,44.85,2025-07-15T18:00:00Z,10262,44.918897
45.61,45.61,45.12,189,45.23,2025-07-15T19:00:00Z,19313,45.362068
45.67,45.77,45.41,53,45.42,2025-07-16T13:00:00Z,5126,45.558368
45.9,46.03,45.23,204,45.64,2025-07-16T14:00:00Z,19917,45.592983
46.2,48.08,45.66,832,45.8,2025-07-16T15:00:00Z,84255,46.983442
45.92,46.56,45.875,155,46.17,2025-07-16T16:00:00Z,35444,46.199019
46.02,46.09,45.76,74,45.91,2025-07-16T17:00:00Z,6890,45.934547
45.88,46.22,45.865,57,46.04,2025-07-16T18:00:00Z,5351,46.010267
45.92,46.16,45.88,189,45.89,2025-07-16T19:00:00Z,19949,45.986842
45.56,45.79,45.56,64,45.74,2025-07-17T13:00:00Z,4720,45.644112
45.59,45.94,45.46,150,45.57,2025-07-17T14:00:00Z,13425,45.678557
45.6,45.61,45.45,81,45.52,2025-07-17T15:00:00Z,6904,45.538033
45.82,45.85,45.57,69,45.6,2025-07-17T16:00:00Z,6133,45.723417
45.78,45.93,45.775,86,45.82,2025-07-17T17:00:00Z,8894,45.847114
45.74,45.785,45.59,69,45.785,2025-07-17T18:00:00Z,7077,45.70366
45.805,45.82,45.58,189,45.73,2025-07-17T19:00:00Z,17567,45.667904
45.4,45.4,45.08,94,45.21,2025-07-18T13:00:00Z,7676,45.267237
45.21,45.44,45.13,122,45.245,2025-07-18T14:00:00Z,11362,45.257964
45.265,45.4,45.19,114,45.34,2025-07-18T15:00:00Z,11003,45.31377
45.54,45.64,45.24,94,45.24,2025-07-18T16:00:00Z,9377,45.455273
45.44,45.53,45.32,118,45.53,2025-07-18T17:00:00Z,10185,45.417788
45.35,45.49,45.32,112,45.44,2025-07-18T18:00:00Z,10523,45.392042
45.05,45.36,45.05,222,45.32,2025-07-18T19:00:00Z,21522,45.242496
44.51,44.78,44.51,173,44.64,2025-07-21T13:00:00Z,16105,44.673608
44.05,44.5,43.91,435,44.5,2025-07-21T14:00:00Z,46879,44.088709
44.19,44.19,43.97,279,44.06,2025-07-21T15:00:00Z,28950,44.061522
44.27,44.38,44.08,264,44.19,2025-07-21T16:00:00Z,25795,44.243002
44.36,44.37,44.19,131,44.25,2025-07-21T17:00:00Z,13025,44.277691
44.43,44.46,44.28,85,44.32,2025-07-21T18:00:00Z,9309,44.371792
44.815,44.86,44.37,401,44.37,2025-07-21T19:00:00Z,43332,44.677375
45.29,45.73,44.64,213,44.825,2025-07-22T13:00:00Z,20193,45.183342
44.89,45.55,44.81,261,45.28,2025-07-22T14:00:00Z,23568,45.181318
45.06,45.1,44.84,75,44.87,2025-07-22T15:00:00Z,7087,44.963525
44.82,45.24,44.8,93,45.07,2025-07-22T16:00:00Z,7572,45.04461
44.68,44.85,44.44,226,44.81,2025-07-22T17:00:00Z,20295,44.633925
44.69,44.96,44.64,136,44.65,2025-07-22T18:00:00Z,13720,44.731256
44.645,44.72,44.505,181,44.7,2025-07-22T19:00:00Z,19512,44.604832
44.23,44.34,43.925,168,43.93,2025-07-23T13:00:00Z,14529,44.087286
43.99,44.3,43.985,163,44.24,2025-07-23T14:00:00Z,13367,44.16393
43.76,44.17,43.76,255,43.98,2025-07-23T15:00:00Z,22140,44.000915
43.36,43.8,43.34,378,43.8,2025-07-23T16:00:00Z,33478,43.581866
43.05,43.44,42.91,490,43.39,2025-07-23T17:00:00Z,62767,43.24949
42.94,43.04,42.725,378,43.04,2025-07-23T18:00:00Z,32068,42.854824
42.8,43.02,42.72,539,42.945,2025-07-23T19:00:00Z,47637,42.877061
42.51,42.57,42.37,156,42.515,2025-07-24T13:00:00Z,11327,42.47484
42.38,42.66,42.29,215,42.48,2025-07-24T14:00:00Z,16484,42.453524
42.38,42.49,42.27,196,42.37,2025-07-24T15:00:00Z,17131,42.383357
42.435,42.68,42.38,256,42.38,2025-07-24T16:00:00Z,20799,42.560198
42.46,42.52,42.38,208,42.43,2025-07-24T17:00:00Z,18438,42.457285
42.25,42.44,42.17,209,42.42,2025-07-24T18:00:00Z,17501,42.276796
42.66,42.8,42.17,400,42.25,2025-07-24T19:00:00Z,33715,42.561761
42.71,42.81,42.63,64,42.77,2025-07-25T13:00:00Z,4682,42.724265
42.65,42.76,42.54,122,42.64,2025-07-25T14:00:00Z,11273,42.620844
42.54,42.69,42.52,81,42.66,2025-07-25T15:00:00Z,6815,42.605591
42.295,42.53,42.24,139,42.53,2025-07-25T16:00:00Z,13115,42.338901
42.29,42.365,42.255,105,42.295,2025-07-25T17:00:00Z,11249,42.293694
42.33,42.365,42.25,137,42.295,2025-07-25T18:00:00Z,12973,42.308915
42.28,42.45,42.235,283,42.325,2025-07-25T19:00:00Z,26621,42.328476
41.63,41.74,41.41,268,41.41,2025-07-28T13:00:00Z,17975,41.623369
41.45,41.61,41.335,542,41.61,2025-07-28T14:00:00Z,49842,41.428297
41.27,41.72,41.25,312,41.44,2025-07-28T15:00:00Z,25180,41.450091
41.335,41.35,41.14,175,41.28,2025-07-28T16:00:00Z,14793,41.247904
41.54,41.54,41.28,231,41.31,2025-07-28T17:00:00Z,19850,41.3982
41.49,41.65,41.44,214,41.53,2025-07-28T18:00:00Z,18649,41.527076
41.16,41.58,41.14,404,41.51,2025-07-28T19:00:00Z,40339,41.349064
40.73,40.86,40.47,258,40.67,2025-07-29T13:00:00Z,20844,40.6274
40.98,41.02,40.62,343,40.72,2025-07-29T14:00:00Z,29206,40.775921
41.31,42.05,40.96,591,41.01,2025-07-29T15:00:00Z,55110,41.466999
41.37,41.615,41.23,180,41.31,2025-07-29T16:00:00Z,16802,41.411161
41.56,41.8,41.35,215,41.43,2025-07-29T17:00:00Z,19950,41.546772
41.89,41.94,41.5,169,41.58,2025-07-29T18:00:00Z,15116,41.782834
42.12,42.33,41.77,603,41.9,2025-07-29T19:00:00Z,56384,42.076201
41.93,42.09,41.72,196,41.96,2025-07-30T13:00:00Z,17643,41.907491
41.91,41.97,41.57,288,41.88,2025-07-30T14:00:00Z,22999,41.788448
41.76,42.31,41.75,267,41.95,2025-07-30T15:00:00Z,21638,42.046208
41.96,42.0,41.72,178,41.76,2025-07-30T16:00:00Z,14353,41.855745
41.77,42.02,41.76,232,41.98,2025-07-30T17:00:00Z,20067,41.915046
42.62,42.67,41.57,414,41.65,2025-07-30T18:00:00Z,31365,42.035743
42.31,42.98,42.21,797,42.7,2025-07-30T19:00:00Z,72096,42.664366
41.59,41.59,41.59,1,41.59,2025-07-30T20:00:00Z,100,41.59
41.26,41.835,41.11,328,41.38,2025-07-31T13:00:00Z,33105,41.503983
41.77,41.78,41.15,366,41.23,2025-07-31T14:00:00Z,30896,41.389145
41.55,42.2,41.55,505,41.67,2025-07-31T15:00:00Z,42689,41.832535
41.51,41.58,41.31,268,41.58,2025-07-31T16:00:00Z,24041,41.406707
42.51,42.55,41.49,498,41.49,2025-07-31T17:00:00Z,42481,41.975268
41.96,42.695,41.68,436,42.39,2025-07-31T18:00:00Z,39486,42.087537
42.42,42.755,41.74,583,41.86,2025-07-31T19:00:00Z,57820,42.289039
45.5,45.77,44.49,890,44.52,2025-08-01T13:00:00Z,70745,45.276263
45.74,46.29,44.95,1341,45.61,2025-08-01T14:00:00Z,118207,45.569529
45.0,46.06,45.0,715,45.67,2025-08-01T15:00:00Z,62779,45.570784
46.18,46.24,44.61,717,45.04,2025-08-01T16:00:00Z,67435,45.493136
46.59,46.78,46.01,758,46.1,2025-08-01T17:00:00Z,68621,46.444442
46.35,46.93,45.6,562,46.55,2025-08-01T18:00:00Z,49547,46.350067
46.02,46.76,45.99,911,46.45,2025-08-01T19:00:00Z,89313,46.367873
43.88,44.74,43.84,231,44.63,2025-08-04T13:00:00Z,20082,44.280773
43.78,43.91,43.38,592,43.86,2025-08-04T14:00:00Z,51142,43.600506
43.7,43.9,43.64,183,43.79,2025-08-04T15:00:00Z,14183,43.753243
43.42,43.74,43.35,205,43.7,2025-08-04T16:00:00Z,17894,43.534934
43.33,43.45,43.25,149,43.42,2025-08-04T17:00:00Z,14250,43.359294
43.18,43.3,42.88,218,43.28,2025-08-04T18:00:00Z,19218,43.059432
42.92,43.29,42.895,416,43.16,2025-08-04T19:00:00Z,42119,43.115602
43.04,43.04,42.67,215,42.72,2025-08-05T13:00:00Z,20200,42.899922
44.03,44.51,43.1,531,43.21,2025-08-05T14:00:00Z,47360,43.908549
43.68,44.15,43.62,175,44.1,2025-08-05T15:00:00Z,17894,43.895176
43.18,43.7,42.92,295,43.7,2025-08-05T16:00:00Z,32007,43.230749
42.9,43.31,42.84,232,43.21,2025-08-05T17:00:00Z,20627,42.961927
43.4,43.54,42.86,178,42.86,2025-08-05T18:00:00Z,17346,43.182091
43.26,43.44,43.1,365,43.36,2025-08-05T19:00:00Z,36848,43.320355
43.01,43.46,42.93,114,43.09,2025-08-06T13:00:00Z,9701,43.19556
42.66,43.31,42.62,273,43.13,2025-08-06T14:00:00Z,23017,42.852642
42.41,42.71,42.31,526,42.69,2025-08-06T15:00:00Z,46552,42.475218
42.4,42.49,42.28,286,42.4,2025-08-06T16:00:00Z,26874,42.38878
42.31,42.44,42.28,117,42.41,2025-08-06T17:00:00Z,11203,42.35064
42.28,42.35,42.12,199,42.26,2025-08-06T18:00:00Z,21070,42.196085
41.93,42.31,41.88,509,42.28,2025-08-06T19:00:00Z,49472,42.073043
41.33,41.52,41.22,166,41.315,2025-08-07T13:00:00Z,13152,41.336541
42.25,42.35,41.305,258,41.305,2025-08-07T14:00:00Z,22594,41.946431
42.24,42.49,42.07,216,42.2,2025-08-07T15:00:00Z,24816,42.293042
42.32,42.81,42.1,219,42.35,2025-08-07T16:00:00Z,17459,42.393519
42.34,42.65,42.26,195,42.29,2025-08-07T17:00:00Z,17330,42.459985
42.47,42.86,42.25,177,42.25,2025-08-07T18:00:00Z,15100,42.656389
42.19,42.65,42.185,257,42.44,2025-08-07T19:00:00Z,20206,42.446496
41.96,41.96,41.96,3,41.96,2025-08-07T20:00:00Z,160,41.96
41.26,41.61,41.21,217,41.55,2025-08-08T13:00:00Z,21322,41.356782
41.54,41.55,41.045,519,41.24,2025-08-08T14:00:00Z,50167,41.225003
41.26,41.64,41.26,251,41.53,2025-08-08T15:00:00Z,21441,41.456606
41.53,41.54,41.1,289,41.26,2025-08-08T16:00:00Z,24876,41.296903
41.13,41.63,41.13,247,41.51,2025-08-08T17:00:00Z,20443,41.368332
40.83,41.16,40.83,247,41.13,2025-08-08T18:00:00Z,20527,40.962362
40.77,41.15,40.76,509,40.835,2025-08-08T19:00:00Z,46740,40.948749
40.7,40.7,40.65,3,40.65,2025-08-08T20:00:00Z,337,40.666667
40.58,40.83,40.54,120,40.64,2025-08-11T13:00:00Z,12488,40.66747
40.73,40.74,40.37,312,40.56,2025-08-11T14:00:00Z,27123,40.531052
40.63,40.8,40.55,170,40.74,2025-08-11T15:00:00Z,17043,40.702366
40.64,40.65,40.45,113,40.63,2025-08-11T16:00:00Z,11117,40.5284
40.69,40.87,40.59,252,40.64,2025-08-11T17:00:00Z,22954,40.716999
40.78,41.03,40.62,235,40.67,2025-08-11T18:00:00Z,20233,40.764988
40.99,41.21,40.73,356,40.78,2025-08-11T19:00:00Z,32107,40.974085
40.05,41.04,39.96,5,41.04,2025-08-12T12:00:00Z,436,40.35
40.17,40.29,39.805,369,40.19,2025-08-12T13:00:00Z,49369,39.954072
39.61,40.27,39.57,340,40.24,2025-08-12T14:00:00Z,29070,39.793412
39.52,39.65,39.37,412,39.6,2025-08-12T15:00:00Z,42465,39.495364
39.56,39.62,39.42,244,39.52,2025-08-12T16:00:00Z,24874,39.508063
39.395,39.62,39.37,320,39.56,2025-08-12T17:00:00Z,37010,39.479264
39.445,39.45,39.25,270,39.41,2025-08-12T18:00:00Z,37811,39.342
39.24,39.48,39.205,350,39.44,2025-08-12T19:00:00Z,30716,39.392113
38.92,38.955,38.67,279,38.7,2025-08-13T13:00:00Z,23161,38.864149
39.075,39.28,38.91,317,38.94,2025-08-13T14:00:00Z,20275,39.101582
39.05,39.31,38.8,320,39.08,2025-08-13T15:00:00Z,23541,39.007984
39.09,39.16,38.83,250,39.02,2025-08-13T16:00:00Z,18511,38.984018
39.04,39.26,38.97,256,39.07,2025-08-13T17:00:00Z,20067,39.087449
38.9,39.04,38.79,308,39.04,2025-08-13T18:00:00Z,22944,38.905029
39.05,39.08,38.72,390,38.88,2025-08-13T19:00:00Z,30343,38.910938
39.37,39.805,39.23,174,39.74,2025-08-14T13:00:00Z,17755,39.48578
39.19,39.35,38.94,192,39.32,2025-08-14T14:00:00Z,17471,39.133033
39.3,39.65,39.13,291,39.2,2025-08-14T15:00:00Z,27976,39.425697
39.15,39.72,39.14,186,39.33,2025-08-14T16:00:00Z,18583,39.429684
39.22,39.26,39.01,133,39.13,2025-08-14T17:00:00Z,12823,39.136515
39.0,39.32,38.98,144,39.23,2025-08-14T18:00:00Z,12660,39.137661
39.12,39.16,38.99,264,39.005,2025-08-14T19:00:00Z,23558,39.068872
39.23,39.35,38.945,194,38.945,2025-08-15T13:00:00Z,17350,39.160159
38.97,39.18,38.88,378,39.16,2025-08-15T14:00:00Z,42565,38.988249
39.02,39.28,38.78,315,38.98,2025-08-15T15:00:00Z,28449,39.019788
39.12,39.16,38.91,250,39.04,2025-08-15T16:00:00Z,20404,39.025511
39.17,39.31,39.06,231,39.12,2025-08-15T17:00:00Z,20607,39.186821
38.94,39.26,38.93,231,39.15,2025-08-15T18:00:00Z,21377,39.102407
39.015,39.23,38.94,385,38.94,2025-08-15T19:00:00Z,30807,39.073277
38.94,38.97,38.81,124,38.965,2025-08-18T13:00:00Z,9941,38.890412
38.4,38.91,38.4,411,38.9,2025-08-18T14:00:00Z,39089,38.561141
38.1,38.41,37.89,491,38.41,2025-08-18T15:00:00Z,47006,38.12973
38.33,38.4,38.01,291,38.1,2025-08-18T16:00:00Z,30637,38.108598
38.18,38.305,38.05,183,38.3,2025-08-18T17:00:00Z,14454,38.145456
38.11,38.23,38.08,132,38.22,2025-08-18T18:00:00Z,10739,38.162097
38.08,38.23,37.98,358,38.11,2025-08-18T19:00:00Z,37533,38.069048
37.79,37.97,37.65,289,37.68,2025-08-19T13:00:00Z,18800,37.798793
38.28,38.28,37.65,587,37.77,2025-08-19T14:00:00Z,42685,37.915772
38.49,38.53,38.02,844,38.27,2025-08-19T15:00:00Z,62627,38.31195
38.72,39.02,38.42,741,38.48,2025-08-19T16:00:00Z,53008,38.698275
38.44,39.0,38.44,616,38.73,2025-08-19T17:00:00Z,41575,38.725992
38.81,38.94,38.395,585,38.46,2025-08-19T18:00:00Z,39092,38.74605
38.815,39.01,38.73,835,38.86,2025-08-19T19:00:00Z,67112,38.865069
38.8,38.8,38.8,1,38.8,2025-08-19T20:00:00Z,100,38.8
39.58,39.77,38.8,417,38.97,2025-08-20T13:00:00Z,34178,39.3613
39.92,40.07,39.15,1132,39.58,2025-08-20T14:00:00Z,96582,39.757938
39.48,40.0,39.04,582,39.95,2025-08-20T15:00:00Z,47543,39.516619
39.35,39.49,39.0,374,39.47,2025-08-20T16:00:00Z,30122,39.242685
39.27,39.41,38.94,377,39.37,2025-08-20T17:00:00Z,32936,39.151612
39.15,39.68,39.08,363,39.49,2025-08-20T18:00:00Z,28578,39.383029
38.64,39.13,38.5,441,39.09,2025-08-20T19:00:00Z,41746,38.727835
39.55,39.8,39.14,216,39.3,2025-08-21T13:00:00Z,18752,39.442752
38.94,39.32,38.86,381,39.32,2025-08-21T14:00:00Z,27263,39.059345
39.31,39.41,38.86,406,38.95,2025-08-21T15:00:00Z,37342,39.128553
39.31,39.46,39.11,466,39.31,2025-08-21T16:00:00Z,35853,39.306215
39.23,39.65,39.19,431,39.29,2025-08-21T17:00:00Z,37976,39.396554
39.01,39.38,39.01,195,39.23,2025-08-21T18:00:00Z,17472,39.210581
39.23,39.32,38.98,305,39.05,2025-08-21T19:00:00Z,29294,39.174907
39.01,39.06,38.73,260,39.055,2025-08-22T13:00:00Z,24505,38.886788
37.23,38.47,37.07,1898,38.42,2025-08-22T14:00:00Z,217825,37.2842
36.58,37.23,36.47,1277,37.23,2025-08-22T15:00:00Z,133506,36.894529
36.67,36.71,36.37,752,36.56,2025-08-22T16:00:00Z,102387,36.513085
36.28,36.62,36.19,583,36.62,2025-08-22T17:00:00Z,47417,36.309835
36.31,36.35,36.17,312,36.255,2025-08-22T18:00:00Z,25323,36.261827
36.0,36.48,36.0,906,36.35,2025-08-22T19:00:00Z,96098,36.221774
36.32,36.58,36.32,130,36.37,2025-08-25T13:00:00Z,11285,36.453082
35.95,36.41,35.95,375,36.26,2025-08-25T14:00:00Z,39633,36.146609
36.025,36.13,35.93,337,35.94,2025-08-25T15:00:00Z,35070,36.022021
35.93,36.07,35.86,192,36.035,2025-08-25T16:00:00Z,17621,35.958517
35.96,36.19,35.94,150,35.94,2025-08-25T17:00:00Z,17373,36.02995
35.98,36.07,35.95,137,35.95,2025-08-25T18:00:00Z,13032,36.007121
36.1,36.12,35.92,299,36.01,2025-08-25T19:00:00Z,27218,36.027688
36.25,36.42,36.19,168,36.34,2025-08-26T13:00:00Z,13940,36.29538
35.98,36.23,35.85,359,36.18,2025-08-26T14:00:00Z,34291,35.986395
36.11,36.15,35.96,186,35.99,2025-08-26T15:00:00Z,15582,36.054936
35.97,36.1,35.96,119,36.1,2025-08-26T16:00:00Z,11646,36.010608
36.09,36.16,35.95,106,35.97,2025-08-26T17:00:00Z,8693,36.046713
35.95,36.09,35.925,55,36.09,2025-08-26T18:00:00Z,5270,36.00051
35.85,36.03,35.825,345,35.94,2025-08-26T19:00:00Z,36348,35.927011
35.89,36.01,35.83,174,36.01,2025-08-27T13:00:00Z,17094,35.902157
35.96,36.02,35.82,203,35.86,2025-08-27T14:00:00Z,19043,35.923327
35.97,36.14,35.92,255,35.94,2025-08-27T15:00:00Z,21472,36.003053
36.16,36.48,35.99,343,35.99,2025-08-27T16:00:00Z,37833,36.288787
36.02,36.19,35.94,117,36.18,2025-08-27T17:00:00Z,12427,36.038718
36.01,36.04,35.91,104,36.01,2025-08-27T18:00:00Z,8983,35.96138
35.99,36.12,35.9,316,35.99,2025-08-27T19:00:00Z,29927,35.980352
35.96,36.04,35.46,195,35.49,2025-08-28T13:00:00Z,16912,35.795857
35.57,35.87,35.55,352,35.81,2025-08-28T14:00:00Z,39400,35.703419
35.52,35.73,35.43,226,35.61,2025-08-28T15:00:00Z,27138,35.546245
35.54,35.56,35.42,190,35.55,2025-08-28T16:00:00Z,14345,35.476974
35.47,35.53,35.37,113,35.53,2025-08-28T17:00:00Z,10354,35.453952
35.5,35.52,35.435,122,35.49,2025-08-28T18:00:00Z,11409,35.468332
35.49,35.675,35.47,259,35.52,2025-08-28T19:00:00Z,27621,35.576142
35.96,35.99,35.3,242,35.36,2025-08-29T13:00:00Z,21937,35.678105
36.11,36.58,35.87,966,35.96,2025-08-29T14:00:00Z,86506,36.258265
36.19,36.22,35.89,381,36.12,2025-08-29T15:00:00Z,29773,36.044768
36.06,36.32,36.04,248,36.19,2025-08-29T16:00:00Z,19089,36.148976
36.07,36.31,35.98,258,36.14,2025-08-29T17:00:00Z,23785,36.183266
36.2,36.24,36.1,173,36.13,2025-08-29T18:00:00Z,14282,36.177476
36.26,36.34,36.01,436,36.19,2025-08-29T19:00:00Z,50596,36.1354
38.04,38.04,37.68,3,37.68,2025-09-02T12:00:00Z,370,37.86
37.84,38.74,37.62,658,38.18,2025-09-02T13:00:00Z,66699,38.037371
38.03,38.24,37.43,748,37.5,2025-09-02T14:00:00Z,72974,37.892188
38.79,38.94,37.975,686,38.05,2025-09-02T15:00:00Z,71149,38.493303
38.2,38.85,38.18,435,38.79,2025-09-02T16:00:00Z,38454,38.523462
37.75,38.22,37.5,387,38.16,2025-09-02T17:00:00Z,35549,37.816588
37.99,38.16,37.58,307,37.72,2025-09-02T18:00:00Z,26230,37.915705
37.4,37.94,37.35,616,37.93,2025-09-02T19:00:00Z,59451,37.584889
37.11,37.25,36.85,241,37.175,2025-09-03T13:00:00Z,19252,37.022654
36.5,37.21,36.5,612,37.07,2025-09-03T14:00:00Z,66177,36.828811
36.9,36.97,36.46,426,36.5,2025-09-03T15:00:00Z,39415,36.677445
36.66,36.92,36.595,271,36.92,2025-09-03T16:00:00Z,23152,36.763475
36.88,37.02,36.46,347,36.67,2025-09-03T17:00:00Z,31745,36.642972
37.0,37.03,36.78,373,36.92,2025-09-03T18:00:00Z,38565,36.914796
36.48,37.01,36.45,540,36.96,2025-09-03T19:00:00Z,59811,36.655637
36.0,36.32,35.97,285,36.26,2025-09-04T13:00:00Z,24298,36.080358
35.71,36.26,35.69,652,36.01,2025-09-04T14:00:00Z,62052,35.883667
35.78,35.83,35.68,241,35.71,2025-09-04T15:00:00Z,23637,35.74868
35.74,35.865,35.71,206,35.81,2025-09-04T16:00:00Z,16140,35.782969
35.63,35.78,35.59,409,35.76,2025-09-04T17:00:00Z,54227,35.71392
35.7,35.7,35.59,151,35.605,2025-09-04T18:00:00Z,19290,35.636124
35.38,35.67,35.34,644,35.67,2025-09-04T19:00:00Z,82234,35.50761
34.75,34.96,34.75,17,34.96,2025-09-05T12:00:00Z,1388,34.9075
34.7,34.79,34.51,323,34.515,2025-09-05T13:00:00Z,20647,34.659012
36.15,36.2,34.75,1378,34.755,2025-09-05T14:00:00Z,104284,35.681436
35.86,36.48,35.55,994,36.15,2025-09-05T15:00:00Z,73319,35.979451
35.56,35.95,35.56,513,35.85,2025-09-05T16:00:00Z,36158,35.758413
35.85,36.005,35.58,335,35.58,2025-09-05T17:00:00Z,20491,35.798957
35.44,35.89,35.395,459,35.83,2025-09-05T18:00:00Z,40069,35.609537
35.44,35.74,35.3,561,35.47,2025-09-05T19:00:00Z,48934,35.501179
35.11,35.15,34.93,201,35.115,2025-09-08T13:00:00Z,15159,35.030038
34.83,35.19,34.75,397,35.12,2025-09-08T14:00:00Z,32777,34.997383
34.795,34.94,34.73,210,34.82,2025-09-08T15:00:00Z,17496,34.822382
34.95,35.03,34.79,199,34.79,2025-09-08T16:00:00Z,15513,34.92035
35.04,35.06,34.825,152,34.9,2025-09-08T17:00:00Z,9397,34.915152
34.87,35.04,34.85,143,35.03,2025-09-08T18:00:00Z,7549,34.910963
34.815,35.075,34.805,313,34.88,2025-09-08T19:00:00Z,26595,34.911126
35.1,35.22,34.94,375,34.95,2025-09-09T13:00:00Z,29839,35.097545
35.13,35.41,34.87,958,34.96,2025-09-09T14:00:00Z,82344,35.143474
34.99,35.18,34.9,376,35.06,2025-09-09T15:00:00Z,28505,35.002435
34.77,35.01,34.72,142,35.01,2025-09-09T16:00:00Z,11524,34.83715
34.68,34.78,34.62,147,34.78,2025-09-09T17:00:00Z,13785,34.678154
34.68,34.705,34.61,144,34.65,2025-09-09T18:00:00Z,10963,34.658052
34.625,34.77,34.6,251,34.69,2025-09-09T19:00:00Z,23586,34.694701
34.21,34.3,34.15,285,34.175,2025-09-10T13:00:00Z,25240,34.211991
34.31,34.34,34.085,236,34.185,2025-09-10T14:00:00Z,19552,34.222127
34.3,34.475,34.21,236,34.31,2025-09-10T15:00:00Z,19990,34.346867
34.315,34.57,34.29,159,34.29,2025-09-10T16:00:00Z,12923,34.381378
34.35,34.51,34.21,166,34.32,2025-09-10T17:00:00Z,15541,34.36081
34.355,34.47,34.29,252,34.34,2025-09-10T18:00:00Z,22380,34.404193
34.48,34.75,34.33,566,34.34,2025-09-10T19:00:00Z,65240,34.558223
33.83,34.09,33.82,191,33.94,2025-09-11T13:00:00Z,26299,33.913853
33.87,34.0,33.795,392,33.815,2025-09-11T14:00:00Z,52755,33.901402
33.76,33.875,33.75,178,33.86,2025-09-11T15:00:00Z,24278,33.802777
33.84,33.85,33.685,163,33.75,2025-09-11T16:00:00Z,18410,33.756106
33.885,33.9,33.785,150,33.8,2025-09-11T17:00:00Z,15044,33.856837
33.87,33.915,33.79,110,33.88,2025-09-11T18:00:00Z,11639,33.854843
33.665,33.875,33.645,330,33.845,2025-09-11T19:00:00Z,34945,33.743806
33.44,33.67,33.44,176,33.655,2025-09-12T13:00:00Z,18288,33.55146
33.36,33.49,33.33,222,33.445,2025-09-12T14:00:00Z,22382,33.391765
33.42,33.47,33.34,130,33.355,2025-09-12T15:00:00Z,13269,33.409078
33.33,33.44,33.33,103,33.42,2025-09-12T16:00:00Z,9966,33.393062
33.34,33.36,33.33,109,33.34,2025-09-12T17:00:00Z,11036,33.345599
33.35,33.355,33.25,119,33.335,2025-09-12T18:00:00Z,13846,33.302699
33.605,33.745,33.37,305,33.375,2025-09-12T19:00:00Z,34104,33.559533
33.31,33.44,33.27,156,33.285,2025-09-15T13:00:00Z,17032,33.343685
33.37,33.4,33.25,263,33.31,2025-09-15T14:00:00Z,34741,33.315662
33.61,33.64,33.38,199,33.385,2025-09-15T15:00:00Z,21253,33.49706
33.85,33.85,33.56,210,33.62,2025-09-15T16:00:00Z,23445,33.65653
33.69,33.87,33.65,199,33.86,2025-09-15T17:00:00Z,24407,33.741055
33.895,33.97,33.67,319,33.7,2025-09-15T18:00:00Z,42925,33.859563
33.94,34.02,33.82,611,33.895,2025-09-15T19:00:00Z,80997,33.927762
34.24,34.29,34.03,213,34.07,2025-09-16T13:00:00Z,29749,34.173597
34.23,34.42,34.155,335,34.27,2025-09-16T14:00:00Z,36965,34.256231
34.27,34.35,34.21,221,34.235,2025-09-16T15:00:00Z,27142,34.282187
34.05,34.3,34.05,396,34.29,2025-09-16T16:00:00Z,34386,34.158148
34.08,34.15,33.97,349,34.05,2025-09-16T17:00:00Z,28749,34.074719
34.265,34.265,34.065,289,34.09,2025-09-16T18:00:00Z,22686,34.130504
34.52,34.6,34.23,411,34.265,2025-09-16T19:00:00Z,37392,34.454425
34.01,34.25,33.88,233,34.25,2025-09-17T13:00:00Z,11528,34.077983
33.95,34.1,33.885,528,33.97,2025-09-17T14:00:00Z,25098,33.983758
33.93,34.07,33.9,423,33.945,2025-09-17T15:00:00Z,22300,33.979553
34.19,34.21,33.93,336,33.96,2025-09-17T16:00:00Z,13999,34.058347
33.88,34.19,33.85,357,34.19,2025-09-17T17:00:00Z,13427,33.983097
33.56,34.27,33.26,895,33.27,2025-09-17T18:00:00Z,55047,33.801229
33.28,33.64,32.81,1416,33.575,2025-09-17T19:00:00Z,109831,33.164367
32.52,32.52,32.52,1,32.52,2025-09-18T12:00:00Z,100,32.52
32.78,33.01,32.64,294,32.64,2025-09-18T13:00:00Z,33935,32.841172
33.2,33.295,32.645,324,32.72,2025-09-18T14:00:00Z,38376,32.947457
33.13,33.29,33.01,252,33.19,2025-09-18T15:00:00Z,28864,33.164357
32.825,33.13,32.76,146,33.125,2025-09-18T16:00:00Z,15425,32.907403
33.02,33.04,32.8,125,32.82,2025-09-18T17:00:00Z,17437,32.931234
32.95,33.03,32.92,126,33.01,2025-09-18T18:00:00Z,16219,32.976493
33.145,33.29,32.945,205,32.945,2025-09-18T19:00:00Z,24733,33.149429
33.07,33.16,32.95,122,32.95,2025-09-19T13:00:00Z,11035,33.059162
33.35,33.59,33.03,317,33.05,2025-09-19T14:00:00Z,35375,33.339758
33.39,33.66,33.255,205,33.3,2025-09-19T15:00:00Z,20145,33.469631
33.27,33.37,33.22,133,33.37,2025-09-19T16:00:00Z,15196,33.279652
33.2,33.295,33.135,88,33.24,2025-09-19T17:00:00Z,13800,33.212613
33.11,33.23,33.09,119,33.22,2025-09-19T18:00:00Z,15433,33.169109
33.185,33.21,33.09,224,33.13,2025-09-19T19:00:00Z,28513,33.151647
33.29,33.51,33.22,143,33.51,2025-09-22T13:00:00Z,17733,33.354225
33.31,33.34,33.245,60,33.3,2025-09-22T14:00:00Z,6694,33.295862
33.44,33.48,33.31,128,33.31,2025-09-22T15:00:00Z,15547,33.416075
33.37,33.4,33.28,173,33.4,2025-09-22T16:00:00Z,22716,33.336192
33.4,33.41,33.38,118,33.38,2025-09-22T17:00:00Z,12186,33.394437
33.4,33.415,33.38,71,33.39,2025-09-22T18:00:00Z,7052,33.391746
33.775,33.8,33.4,354,33.4,2025-09-22T19:00:00Z,42083,33.584397
34.13,34.13,33.68,143,33.68,2025-09-23T13:00:00Z,14724,33.956476
33.87,34.2,33.825,291,34.16,2025-09-23T14:00:00Z,29019,34.009089
34.085,34.1,33.835,195,33.86,2025-09-23T15:00:00Z,17351,33.953908
34.09,34.18,33.92,404,34.08,2025-09-23T16:00:00Z,31811,34.070257
34.36,34.75,34.06,471,34.06,2025-09-23T17:00:00Z,48348,34.410404
34.685,34.715,34.36,388,34.39,2025-09-23T18:00:00Z,32605,34.549346
34.31,34.69,34.11,545,34.68,2025-09-23T19:00:00Z,62981,34.376688
34.23,34.31,33.94,192,33.99,2025-09-24T13:00:00Z,18221,34.105996
34.1,34.27,34.02,178,34.26,2025-09-24T14:00:00Z,16995,34.120062
34.68,34.68,34.06,219,34.08,2025-09-24T15:00:00Z,23053,34.287808
34.46,34.83,34.31,316,34.66,2025-09-24T16:00:00Z,40008,34.594607
34.32,34.46,34.1,173,34.4,2025-09-24T17:00:00Z,18189,34.268333
33.98,34.405,33.96,132,34.32,2025-09-24T18:00:00Z,17151,34.248612
33.805,34.12,33.78,317,33.93,2025-09-24T19:00:00Z,41740,33.962174
34.29,34.29,34.29,1,34.29,2025-09-25T12:00:00Z,110,34.29
34.49,34.86,34.31,331,34.525,2025-09-25T13:00:00Z,35913,34.626495
33.81,34.495,33.75,474,34.4,2025-09-25T14:00:00Z,44017,33.972487
33.6,34.005,33.6,222,33.86,2025-09-25T15:00:00Z,19636,33.813041
33.88,33.94,33.51,211,33.56,2025-09-25T16:00:00Z,18890,33.730066
34.505,34.52,33.76,418,33.88,2025-09-25T17:00:00Z,38100,34.090823
34.23,34.78,34.16,595,34.49,2025-09-25T18:00:00Z,51881,34.427528
34.32,34.38,34.11,331,34.27,2025-09-25T19:00:00Z,36583,34.265149
33.78,33.78,33.78,1,33.78,2025-09-26T12:00:00Z,160,33.78
33.8,34.045,33.74,217,34.045,2025-09-26T13:00:00Z,26622,33.863236
34.06,34.43,33.725,402,33.78,2025-09-26T14:00:00Z,40342,34.070524
33.93,34.17,33.79,201,34.12,2025-09-26T15:00:00Z,24734,33.977769
33.38,33.97,33.37,303,33.97,2025-09-26T16:00:00Z,35118,33.634208
33.43,33.485,33.32,147,33.37,2025-09-26T17:00:00Z,17768,33.389733
33.32,33.43,33.25,133,33.38,2025-09-26T18:00:00Z,12030,33.33391
32.865,33.385,32.865,463,33.315,2025-09-26T19:00:00Z,68125,33.023157
32.64,32.64,32.64,1,32.64,2025-09-29T12:00:00Z,110,32.64
33.02,33.08,32.74,242,32.74,2025-09-29T13:00:00Z,23606,32.970527
33.175,33.21,32.89,335,33.01,2025-09-29T14:00:00Z,34531,33.072205
33.26,33.37,33.02,316,33.15,2025-09-29T15:00:00Z,27098,33.201695
33.33,33.34,33.12,214,33.23,2025-09-29T16:00:00Z,18397,33.242341
33.27,33.43,33.23,243,33.28,2025-09-29T17:00:00Z,23925,33.342563
33.29,33.32,33.18,125,33.27,2025-09-29T18:00:00Z,9145,33.235591
33.295,33.52,33.18,341,33.31,2025-09-29T19:00:00Z,37999,33.348021
33.38,33.59,33.31,290,33.51,2025-09-30T13:00:00Z,22949,33.457762
33.22,33.49,33.19,492,33.3,2025-09-30T14:00:00Z,43014,33.341005
33.31,33.56,33.17,386,33.23,2025-09-30T15:00:00Z,31394,33.336295
33.3,33.39,33.18,204,33.29,2025-09-30T16:00:00Z,15097,33.300001
33.36,33.545,33.29,153,33.29,2025-09-30T17:00:00Z,17652,33.447878
33.24,33.34,33.14,185,33.34,2025-09-30T18:00:00Z,16240,33.208329
33.15,33.29,33.04,324,33.24,2025-09-30T19:00:00Z,34285,33.171424
33.45,33.475,33.17,270,33.445,2025-10-01T13:00:00Z,25550,33.350098
33.16,33.43,32.97,409,33.43,2025-10-01T14:00:00Z,39391,33.152424
33.075,33.205,33.05,258,33.17,2025-10-01T15:00:00Z,20234,33.131112
32.99,33.075,32.95,184,33.07,2025-10-01T16:00:00Z,16561,33.037432
32.945,32.98,32.87,153,32.98,2025-10-01T17:00:00Z,16688,32.922297
32.995,33.0,32.91,169,32.94,2025-10-01T18:00:00Z,19395,32.969814
32.96,33.02,32.88,337,32.985,2025-10-01T19:00:00Z,44823,32.963346
32.83,33.0,32.785,198,32.82,2025-10-02T13:00:00Z,18409,32.900916
33.41,33.44,32.82,547,32.87,2025-10-02T14:00:00Z,69214,33.200459
33.18,33.48,33.18,487,33.41,2025-10-02T15:00:00Z,49763,33.341964
33.2,33.31,33.17,194,33.22,2025-10-02T16:00:00Z,19843,33.237792
33.08,33.225,33.03,141,33.205,2025-10-02T17:00:00Z,12884,33.137319
33.13,33.13,33.0,160,33.06,2025-10-02T18:00:00Z,17764,33.073357
33.43,33.445,33.105,334,33.13,2025-10-02T19:00:00Z,40681,33.311353
33.44,33.45,33.16,109,33.2,2025-10-03T13:00:00Z,13780,33.258733
33.34,33.5,33.28,247,33.44,2025-10-03T14:00:00Z,30500,33.396925
33.24,33.39,33.17,122,33.35,2025-10-03T15:00:00Z,13032,33.266933
33.27,33.29,33.16,222,33.225,2025-10-03T16:00:00Z,24733,33.196118
33.49,33.71,33.27,363,33.32,2025-10-03T17:00:00Z,53944,33.445078
33.3,33.6,33.205,387,33.46,2025-10-03T18:00:00Z,54777,33.372096
33.23,33.31,33.085,590,33.29,2025-10-03T19:00:00Z,80799,33.200696
33.33,33.33,33.015,65,33.12,2025-10-06T13:00:00Z,7307,33.151642
33.23,33.405,33.21,122,33.32,2025-10-06T14:00:00Z,13431,33.311071
33.26,33.26,33.02,152,33.175,2025-10-06T15:00:00Z,15682,33.120589
33.29,33.39,33.235,162,33.31,2025-10-06T16:00:00Z,17828,33.311855
33.35,33.37,33.275,97,33.305,2025-10-06T17:00:00Z,10272,33.33369
33.39,33.39,33.33,118,33.37,2025-10-06T18:00:00Z,10779,33.358723
33.05,33.52,33.04,401,33.395,2025-10-06T19:00:00Z,50916,33.237326
32.89,33.01,32.86,69,32.96,2025-10-07T13:00:00Z,8575,32.953271
33.095,33.16,32.885,154,32.895,2025-10-07T14:00:00Z,15651,33.043284
33.655,33.735,33.04,326,33.09,2025-10-07T15:00:00Z,37146,33.431028
33.68,33.84,33.415,218,33.49,2025-10-07T16:00:00Z,23957,33.636696
33.88,33.88,33.405,141,33.63,2025-10-07T17:00:00Z,14389,33.603621
33.6,34.005,33.6,182,33.89,2025-10-07T18:00:00Z,22030,33.841626
33.78,33.8,33.575,344,33.585,2025-10-07T19:00:00Z,43917,33.683277
33.58,33.81,33.57,120,33.61,2025-10-08T13:00:00Z,12705,33.656169
33.415,33.58,33.36,140,33.58,2025-10-08T14:00:00Z,14908,33.446471
33.265,33.405,33.145,211,33.39,2025-10-08T15:00:00Z,26685,33.261875
33.29,33.395,33.25,106,33.255,2025-10-08T16:00:00Z,11352,33.300283
33.25,33.34,33.225,72,33.28,2025-10-08T17:00:00Z,7734,33.286908
33.37,33.395,33.235,93,33.26,2025-10-08T18:00:00Z,9012,33.31289
33.2,33.385,33.115,255,33.37,2025-10-08T19:00:00Z,29084,33.217273
33.23,33.255,32.96,126,33.0,2025-10-09T13:00:00Z,12524,33.101261
33.48,33.81,33.28,291,33.3,2025-10-09T14:00:00Z,32124,33.468883
33.3,33.51,33.225,136,33.455,2025-10-09T15:00:00Z,16056,33.364322
33.695,33.7,33.25,115,33.31,2025-10-09T16:00:00Z,12127,33.405468
33.5,33.805,33.495,116,33.64,2025-10-09T17:00:00Z,12594,33.651677
33.455,33.635,33.39,80,33.49,2025-10-09T18:00:00Z,8139,33.480027
33.26,33.405,33.08,331,33.395,2025-10-09T19:00:00Z,38459,33.230861
33.23,33.36,33.23,57,33.31,2025-10-10T13:00:00Z,6103,33.295891
33.68,33.88,33.01,310,33.22,2025-10-10T14:00:00Z,36207,33.40097
35.83,37.06,33.66,2299,33.66,2025-10-10T15:00:00Z,288364,35.691496
36.72,36.88,35.86,1279,35.86,2025-10-10T16:00:00Z,142991,36.307575
36.57,37.25,36.1,1120,36.77,2025-10-10T17:00:00Z,178917,36.742203
37.27,37.42,36.25,646,36.58,2025-10-10T18:00:00Z,70145,36.818978
37.48,37.87,36.66,1660,37.325,2025-10-10T19:00:00Z,201402,37.264256
37.5,37.5,37.5,2,37.5,2025-10-10T20:00:00Z,150,37.5
34.71,35.53,34.66,357,35.49,2025-10-13T13:00:00Z,39281,35.166039
35.52,35.64,34.61,473,34.71,2025-10-13T14:00:00Z,50970,34.955311
35.07,35.65,35.01,395,35.46,2025-10-13T15:00:00Z,38207,35.153058
34.735,35.09,34.73,161,35.05,2025-10-13T16:00:00Z,16158,34.885262
34.81,35.11,34.615,185,34.725,2025-10-13T17:00:00Z,17628,34.829205
34.74,34.83,34.42,281,34.79,2025-10-13T18:00:00Z,28421,34.588068
34.61,34.82,34.54,606,34.71,2025-10-13T19:00:00Z,65710,34.665856
37.1,37.8,36.54,744,36.54,2025-10-14T13:00:00Z,66927,37.36347
36.405,37.18,36.28,704,37.07,2025-10-14T14:00:00Z,62836,36.677613
35.72,36.54,35.49,495,36.41,2025-10-14T15:00:00Z,43164,36.137264
35.3,35.9,35.14,304,35.68,2025-10-14T16:00:00Z,41740,35.329391
35.12,35.4,34.98,249,35.3,2025-10-14T17:00:00Z,40363,35.243181
35.45,35.45,35.1,102,35.1,2025-10-14T18:00:00Z,10621,35.256853
36.05,36.45,35.23,602,35.39,2025-10-14T19:00:00Z,78569,36.031873
35.25,35.6,35.2,254,35.22,2025-10-15T13:00:00Z,34590,35.45689
35.25,35.34,35.01,305,35.2,2025-10-15T14:00:00Z,30915,35.163854
36.09,36.31,35.24,432,35.24,2025-10-15T15:00:00Z,46084,35.840612
36.245,36.245,35.86,274,36.08,2025-10-15T16:00:00Z,32118,36.041046
36.32,37.46,36.22,791,36.4,2025-10-15T17:00:00Z,87231,36.773441
36.18,36.58,36.13,263,36.35,2025-10-15T18:00:00Z,27669,36.351952
36.515,36.705,36.155,461,36.2,2025-10-15T19:00:00Z,51418,36.44557
36.39,36.55,36.08,150,36.14,2025-10-16T13:00:00Z,14321,36.364361
36.85,36.93,36.43,271,36.46,2025-10-16T14:00:00Z,28411,36.697883
37.43,37.53,36.53,270,36.86,2025-10-16T15:00:00Z,27779,37.064682
38.29,39.48,37.41,1077,37.48,2025-10-16T16:00:00Z,117566,38.730156
38.88,39.05,38.2,487,38.38,2025-10-16T17:00:00Z,54533,38.714305
39.64,40.11,38.85,832,38.88,2025-10-16T18:00:00Z,115803,39.731082
40.0,40.24,39.45,1789,39.65,2025-10-16T19:00:00Z,316345,40.014881
39.91,40.81,39.24,827,39.42,2025-10-17T13:00:00Z,76442,39.832058
39.58,40.0,38.7,1151,39.96,2025-10-17T14:00:00Z,94890,39.346386
38.97,40.05,38.84,899,39.64,2025-10-17T15:00:00Z,67881,39.532913
38.89,39.0,38.44,807,39.0,2025-10-17T16:00:00Z,57342,38.655656
38.63,39.35,38.585,536,38.95,2025-10-17T17:00:00Z,38518,38.888824
37.81,38.63,37.63,593,38.615,2025-10-17T18:00:00Z,48795,37.963822
36.87,37.82,36.77,928,37.82,2025-10-17T19:00:00Z,87445,37.141288
35.09,35.81,34.89,339,35.8,2025-10-20T13:00:00Z,33772,35.335841
34.29,35.005,34.09,844,35.005,2025-10-20T14:00:00Z,94345,34.542693
34.58,34.6,34.16,324,34.265,2025-10-20T15:00:00Z,37184,34.345659
34.18,34.64,34.15,163,34.56,2025-10-20T16:00:00Z,15171,34.350249
34.29,34.32,34.08,176,34.19,2025-10-20T17:00:00Z,18131,34.197322
34.17,34.315,34.17,178,34.25,2025-10-20T18:00:00Z,19767,34.25661
33.97,34.23,33.91,672,34.19,2025-10-20T19:00:00Z,114456,34.031082
34.73,34.83,34.31,299,34.31,2025-10-21T13:00:00Z,31273,34.615268
33.71,34.81,33.7,333,34.8,2025-10-21T14:00:00Z,32792,34.261599
33.565,33.82,33.565,277,33.75,2025-10-21T15:00:00Z,27248,33.654849
34.02,34.08,33.475,225,33.56,2025-10-21T16:00:00Z,20905,33.71215
33.685,34.21,33.665,205,34.1,2025-10-21T17:00:00Z,21568,33.886285
33.56,33.78,33.53,171,33.65,2025-10-21T18:00:00Z,20361,33.625436
33.66,33.67,33.465,262,33.565,2025-10-21T19:00:00Z,31110,33.562625
34.0,34.24,33.81,306,33.81,2025-10-22T13:00:00Z,42336,34.027695
34.11,34.56,33.91,456,34.03,2025-10-22T14:00:00Z,59162,34.172624
33.96,34.63,33.78,381,34.13,2025-10-22T15:00:00Z,34372,34.182631
34.52,35.63,33.96,782,33.96,2025-10-22T16:00:00Z,87129,34.891317
35.66,36.0,34.5,680,34.54,2025-10-22T17:00:00Z,78601,35.299782
34.67,35.99,34.62,569,35.61,2025-10-22T18:00:00Z,58113,35.220665
34.19,34.96,34.11,656,34.65,2025-10-22T19:00:00Z,74960,34.433256
34.1,34.41,33.95,101,34.37,2025-10-23T13:00:00Z,10764,34.172988
34.08,34.55,33.98,239,34.02,2025-10-23T14:00:00Z,24259,34.211975
33.96,34.29,33.91,195,34.08,2025-10-23T15:00:00Z,24664,34.118934
33.8,33.94,33.73,112,33.93,2025-10-23T16:00:00Z,12834,33.82547
33.6,34.02,33.6,118,33.79,2025-10-23T17:00:00Z,14193,33.769108
33.53,33.64,33.44,86,33.64,2025-10-23T18:00:00Z,8814,33.505971
33.48,33.68,33.42,609,33.54,2025-10-23T19:00:00Z,107797,33.532831
32.97,32.97,32.97,2,32.97,2025-10-24T12:00:00Z,220,32.97
32.98,33.02,32.59,335,32.67,2025-10-24T13:00:00Z,34567,32.780873
33.09,33.19,32.73,298,32.98,2025-10-24T14:00:00Z,38298,32.931494
33.0,33.07,32.8,169,33.01,2025-10-24T15:00:00Z,16790,32.941146
33.01,33.26,32.95,238,32.95,2025-10-24T16:00:00Z,24063,33.131458
33.04,33.05,32.9,319,33.0,2025-10-24T17:00:00Z,32732,32.985475
33.095,33.16,33.0,222,33.065,2025-10-24T18:00:00Z,22704,33.051767
33.07,33.095,32.92,407,33.095,2025-10-24T19:00:00Z,44482,33.003468
31.95,31.95,31.95,2,31.95,2025-10-27T12:00:00Z,200,31.95
31.99,32.18,31.89,280,32.06,2025-10-27T13:00:00Z,22594,32.022463
32.27,32.3,31.85,509,31.99,2025-10-27T14:00:00Z,33792,32.106689
32.285,32.35,32.17,398,32.24,2025-10-27T15:00:00Z,21217,32.264725
32.24,32.35,32.2,487,32.28,2025-10-27T16:00:00Z,51488,32.281706
32.29,32.4,32.23,240,32.25,2025-10-27T17:00:00Z,13901,32.290293
32.285,32.3,32.2,238,32.265,2025-10-27T18:00:00Z,20408,32.264912
32.025,32.355,32.02,727,32.3,2025-10-27T19:00:00Z,68460,32.154034
32.37,32.41,32.03,161,32.04,2025-10-28T13:00:00Z,15793,32.2232
32.48,32.55,32.28,158,32.36,2025-10-28T14:00:00Z,18733,32.387285
32.54,32.74,32.395,129,32.47,2025-10-28T15:00:00Z,12601,32.58282
32.2,32.54,32.03,202,32.52,2025-10-28T16:00:00Z,21983,32.337358
32.51,32.51,32.17,134,32.17,2025-10-28T17:00:00Z,13163,32.356878
32.725,32.78,32.43,218,32.445,2025-10-28T18:00:00Z,22360,32.622022
32.935,32.995,32.72,564,32.72,2025-10-28T19:00:00Z,76717,32.838173
32.73,32.73,32.73,1,32.73,2025-10-29T12:00:00Z,160,32.73
32.96,33.06,32.71,128,32.71,2025-10-29T13:00:00Z,14169,32.905372
32.76,33.1,32.76,137,32.94,2025-10-29T14:00:00Z,13076,32.96615
32.58,32.75,32.56,183,32.745,2025-10-29T15:00:00Z,23289,32.62718
32.775,32.81,32.64,171,32.66,2025-10-29T16:00:00Z,18975,32.6921
32.705,32.88,32.66,122,32.77,2025-10-29T17:00:00Z,13598,32.753034
32.77,33.44,32.49,395,32.59,2025-10-29T18:00:00Z,57033,32.816881
33.53,33.56,32.7,333,32.705,2025-10-29T19:00:00Z,37370,33.182044
33.29,33.69,32.88,299,33.34,2025-10-30T13:00:00Z,28459,33.252743
33.41,33.74,33.16,286,33.28,2025-10-30T14:00:00Z,27588,33.503907
33.62,33.68,33.24,166,33.39,2025-10-30T15:00:00Z,21961,33.374755
33.12,33.63,33.1,187,33.59,2025-10-30T16:00:00Z,37449,33.268725
32.85,33.23,32.77,171,33.15,2025-10-30T17:00:00Z,16837,33.005791
33.31,33.39,32.84,263,32.84,2025-10-30T18:00:00Z,25631,33.214429
33.84,33.885,33.3,520,33.3,2025-10-30T19:00:00Z,55912,33.693047
33.16,33.37,33.05,195,33.08,2025-10-31T13:00:00Z,19073,33.182413
33.56,33.56,33.12,294,33.13,2025-10-31T14:00:00Z,28237,33.373452
34.05,34.07,33.55,494,33.55,2025-10-31T15:00:00Z,47683,33.821112
34.44,34.48,33.94,768,34.11,2025-10-31T16:00:00Z,60697,34.165827
34.37,34.67,34.23,697,34.43,2025-10-31T17:00:00Z,61935,34.43286
33.99,34.33,33.95,510,34.33,2025-10-31T18:00:00Z,65125,34.10497
33.975,34.09,33.79,527,34.05,2025-10-31T19:00:00Z,47744,33.933667
34.07,34.15,33.55,169,33.55,2025-11-03T14:00:00Z,17595,33.771134
34.03,34.71,34.02,334,34.23,2025-11-03T15:00:00Z,31299,34.355125
33.84,34.33,33.81,215,34.115,2025-11-03T16:00:00Z,16298,34.077847
33.67,33.98,33.65,240,33.86,2025-11-03T17:00:00Z,17929,33.78926
33.62,33.72,33.44,178,33.66,2025-11-03T18:00:00Z,13252,33.561739
33.74,33.83,33.6,192,33.62,2025-11-03T19:00:00Z,15007,33.725819
33.67,33.86,33.67,326,33.76,2025-11-03T20:00:00Z,29052,33.760447
34.89,34.89,34.89,1,34.89,2025-11-04T13:00:00Z,100,34.89
34.41,35.24,34.34,290,35.0,2025-11-04T14:00:00Z,27448,34.793955
34.45,34.61,34.08,238,34.28,2025-11-04T15:00:00Z,18650,34.333969
34.24,34.61,34.19,203,34.43,2025-11-04T16:00:00Z,15627,34.399525
34.92,35.02,34.245,256,34.245,2025-11-04T17:00:00Z,19225,34.684572
34.76,35.29,34.76,382,34.99,2025-11-04T18:00:00Z,34439,35.045211
34.97,35.12,34.54,275,34.79,2025-11-04T19:00:00Z,23222,34.878718
34.91,34.96,34.45,387,34.92,2025-11-04T20:00:00Z,31910,34.713733
34.08,34.99,33.97,220,34.99,2025-11-05T14:00:00Z,16666,34.38062
33.72,34.22,33.525,575,34.06,2025-11-05T15:00:00Z,48922,33.86581
33.31,33.92,33.22,302,33.78,2025-11-05T16:00:00Z,23971,33.528619
33.4,33.45,33.25,151,33.27,2025-11-05T17:00:00Z,11763,33.319387
33.37,33.48,33.33,160,33.43,2025-11-05T18:00:00Z,10048,33.418179
33.355,33.56,33.34,96,33.47,2025-11-05T19:00:00Z,6231,33.405061
33.59,33.665,33.35,287,33.36,2025-11-05T20:00:00Z,24333,33.478959
33.59,33.59,33.59,1,33.59,2025-11-05T21:00:00Z,200,33.59
34.48,34.48,33.72,257,33.87,2025-11-06T14:00:00Z,20378,33.993553
35.35,35.38,34.24,622,34.51,2025-11-06T15:00:00Z,58052,34.904683
35.33,35.45,34.93,498,35.28,2025-11-06T16:00:00Z,50285,35.198252
34.75,35.42,34.645,496,35.4,2025-11-06T17:00:00Z,36326,35.053346
34.78,35.26,34.57,397,34.77,2025-11-06T18:00:00Z,29606,34.885088
34.58,34.82,34.38,361,34.77,2025-11-06T19:00:00Z,21976,34.553475
35.01,35.125,34.52,562,34.66,2025-11-06T20:00:00Z,50723,34.950624
36.03,36.74,35.85,721,35.98,2025-11-07T14:00:00Z,63228,36.291426
36.46,36.59,35.73,1064,36.11,2025-11-07T15:00:00Z,82354,36.105312
36.77,36.89,36.29,919,36.44,2025-11-07T16:00:00Z,68943,36.552803
36.68,37.05,36.13,791,36.76,2025-11-07T17:00:00Z,60497,36.659812
36.04,36.67,35.85,562,36.67,2025-11-07T18:00:00Z,28342,36.234242
35.2,36.1,35.2,818,36.1,2025-11-07T19:00:00Z,42448,35.546377
34.7,35.61,34.7,807,35.19,2025-11-07T20:00:00Z,48757,35.133908
33.24,33.415,33.11,201,33.36,2025-11-10T14:00:00Z,20441,33.222599
33.45,33.45,32.82,281,33.295,2025-11-10T15:00:00Z,35758,33.029846
33.21,33.555,33.21,154,33.48,2025-11-10T16:00:00Z,19560,33.336852
32.87,33.13,32.86,135,33.13,2025-11-10T17:00:00Z,12605,32.962444
32.97,33.015,32.77,188,32.89,2025-11-10T18:00:00Z,21656,32.898633
32.93,33.05,32.86,262,32.93,2025-11-10T19:00:00Z,25986,32.940261
32.86,33.14,32.86,507,32.905,2025-11-10T20:00:00Z,52160,32.995421
33.0,33.0,33.0,1,33.0,2025-11-11T13:00:00Z,150,33.0
32.63,32.9,32.62,261,32.885,2025-11-11T14:00:00Z,26014,32.744478
32.85,32.96,32.58,298,32.65,2025-11-11T15:00:00Z,28387,32.79159
32.785,32.9,32.7,211,32.89,2025-11-11T16:00:00Z,21673,32.792148
32.8,32.81,32.6,235,32.75,2025-11-11T17:00:00Z,21943,32.70658
32.64,32.825,32.61,195,32.8,2025-11-11T18:00:00Z,17924,32.688926
32.67,32.74,32.64,164,32.66,2025-11-11T19:00:00Z,14563,32.676551
32.73,32.77,32.63,325,32.66,2025-11-11T20:00:00Z,35512,32.69681
32.76,32.95,32.51,218,32.57,2025-11-12T14:00:00Z,24236,32.713648
33.1,33.15,32.67,175,32.78,2025-11-12T15:00:00Z,17476,32.833727
33.07,33.29,32.95,185,33.11,2025-11-12T16:00:00Z,21079,33.140251
32.87,33.19,32.815,92,33.155,2025-11-12T17:00:00Z,8193,32.971619
32.82,32.97,32.8,130,32.86,2025-11-12T18:00:00Z,13107,32.900213
32.95,32.95,32.72,186,32.81,2025-11-12T19:00:00Z,30743,32.801165
32.96,33.01,32.775,236,32.98,2025-11-12T20:00:00Z,24830,32.854335
33.4,33.67,33.24,325,33.32,2025-11-13T14:00:00Z,32194,33.427299
33.83,34.07,33.04,637,33.39,2025-11-13T15:00:00Z,65139,33.565263
34.08,34.23,33.76,420,33.87,2025-11-13T16:00:00Z,44208,33.934363
34.26,34.31,33.75,264,34.055,2025-11-13T17:00:00Z,26717,34.021793
35.12,35.23,34.2,638,34.27,2025-11-13T18:00:00Z,64595,34.885596
35.505,35.63,34.9,664,35.09,2025-11-13T19:00:00Z,77378,35.260622
35.22,35.75,35.15,1237,35.56,2025-11-13T20:00:00Z,135645,35.414339
36.51,36.51,36.39,3,36.39,2025-11-14T13:00:00Z,260,36.45
35.7,36.76,35.66,543,36.22,2025-11-14T14:00:00Z,55178,36.013517
34.98,36.2,34.85,845,35.74,2025-11-14T15:00:00Z,113270,35.55678
34.365,35.2,34.355,431,34.96,2025-11-14T16:00:00Z,42089,34.763803
34.375,34.45,33.98,233,34.36,2025-11-14T17:00:00Z,20795,34.210029
34.87,35.11,34.295,371,34.37,2025-11-14T18:00:00Z,26824,34.682923
34.195,35.075,34.16,325,34.8,2025-11-14T19:00:00Z,24842,34.491932
34.53,34.75,34.09,708,34.23,2025-11-14T20:00:00Z,56679,34.517252
34.54,35.29,34.29,223,35.2,2025-11-17T14:00:00Z,26453,34.572869
34.85,34.99,34.46,247,34.495,2025-11-17T15:00:00Z,29282,34.754119
34.45,35.42,34.45,130,34.93,2025-11-17T16:00:00Z,14805,34.977682
35.41,35.425,34.45,164,34.45,2025-11-17T17:00:00Z,19732,34.952889
35.95,36.02,35.43,197,35.475,2025-11-17T18:00:00Z,23125,35.598106
36.79,36.8,35.87,235,36.02,2025-11-17T19:00:00Z,26799,36.261754
36.385,36.87,36.035,588,36.8,2025-11-17T20:00:00Z,62357,36.467164
38.16,38.2,37.13,422,37.34,2025-11-18T14:00:00Z,48915,37.696676
38.39,38.63,37.73,1109,38.19,2025-11-18T15:00:00Z,137132,38.169727
37.26,38.6,37.09,947,38.42,2025-11-18T16:00:00Z,102408,37.579963
36.75,37.99,36.66,702,37.225,2025-11-18T17:00:00Z,74043,37.234042
36.83,36.98,36.43,452,36.69,2025-11-18T18:00:00Z,51767,36.688483
36.52,36.96,36.36,439,36.74,2025-11-18T19:00:00Z,51910,36.668064
37.705,37.705,36.34,701,36.41,2025-11-18T20:00:00Z,77036,37.10686
37.47,37.47,37.47,1,37.47,2025-11-19T13:00:00Z,100,37.47
36.41,37.65,36.37,335,37.44,2025-11-19T14:00:00Z,40399,36.98913
37.28,37.3,35.87,497,36.5,2025-11-19T15:00:00Z,54484,36.377545
37.48,37.84,37.03,491,37.205,2025-11-19T16:00:00Z,57971,37.474236
37.19,38.0,37.05,380,37.43,2025-11-19T17:00:00Z,45516,37.589507
36.885,37.27,36.69,216,37.22,2025-11-19T18:00:00Z,23497,37.038257
37.12,37.4,36.87,152,36.87,2025-11-19T19:00:00Z,14735,37.190832
36.75,37.14,36.52,356,37.06,2025-11-19T20:00:00Z,35469,36.720636
36.15,36.24,36.15,3,36.24,2025-11-19T21:00:00Z,233,36.195
34.76,34.76,34.76,2,34.76,2025-11-20T13:00:00Z,160,34.76
34.19,34.57,34.125,353,34.34,2025-11-20T14:00:00Z,40014,34.279714
34.83,34.83,34.1,632,34.11,2025-11-20T15:00:00Z,74920,34.353807
38.06,38.18,34.91,1545,34.92,2025-11-20T16:00:00Z,169457,36.639005
38.3,39.4,37.5,2570,38.24,2025-11-20T17:00:00Z,303857,38.585414
39.39,39.63,37.05,1289,38.33,2025-11-20T18:00:00Z,147639,38.075409
37.92,39.5,37.92,1452,39.42,2025-11-20T19:00:00Z,262952,38.929126
39.5,39.645,37.83,1093,37.95,2025-11-20T20:00:00Z,145909,38.797474
39.42,39.48,39.42,8,39.48,2025-11-20T21:00:00Z,495,39.45
38.16,38.16,38.0,4,38.01,2025-11-21T13:00:00Z,400,38.045
38.86,39.03,38.05,428,38.43,2025-11-21T14:00:00Z,51054,38.531142
39.87,40.52,38.65,2079,38.84,2025-11-21T15:00:00Z,231413,39.771203
38.0,40.33,37.98,1198,39.9,2025-11-21T16:00:00Z,133316,39.27084
37.76,38.31,37.53,645,38.04,2025-11-21T17:00:00Z,67488,37.928819
37.25,38.45,36.91,523,37.7,2025-11-21T18:00:00Z,57881,37.652117
37.58,37.78,37.01,433,37.16,2025-11-21T19:00:00Z,41682,37.349269
37.26,37.79,37.145,995,37.61,2025-11-21T20:00:00Z,103906,37.490681
37.32,37.32,37.32,1,37.32,2025-11-21T21:00:00Z,100,37.32
36.61,36.62,36.61,2,36.62,2025-11-24T13:00:00Z,290,36.613448
35.95,36.84,35.88,417,36.73,2025-11-24T14:00:00Z,49385,36.262624
35.235,35.88,35.07,527,35.87,2025-11-24T15:00:00Z,52507,35.434562
34.98,35.21,34.84,402,35.2,2025-11-24T16:00:00Z,38843,35.025924
34.97,35.095,34.83,356,34.94,2025-11-24T17:00:00Z,27555,34.939054
34.67,34.98,34.63,407,34.98,2025-11-24T18:00:00Z,37976,34.787936
35.15,35.15,34.63,262,34.68,2025-11-24T19:00:00Z,19876,34.86592
34.6,35.11,34.575,706,35.1,2025-11-24T20:00:00Z,77598,34.771213
34.6,34.6,34.6,1,34.6,2025-11-24T21:00:00Z,400,34.6
34.71,34.71,34.71,1,34.71,2025-11-25T13:00:00Z,100,34.71
34.88,35.995,34.54,545,34.66,2025-11-25T14:00:00Z,50974,35.304816
34.645,35.64,34.56,748,34.97,2025-11-25T15:00:00Z,43711,35.019979
34.29,34.86,34.25,440,34.655,2025-11-25T16:00:00Z,19639,34.472738
34.2,34.28,34.02,539,34.27,2025-11-25T17:00:00Z,29576,34.127376
34.03,34.28,33.95,438,34.09,2025-11-25T18:00:00Z,17538,34.082074
33.97,34.22,33.95,497,34.01,2025-11-25T19:00:00Z,24688,34.095366
33.65,33.97,33.6,747,33.965,2025-11-25T20:00:00Z,61485,33.750667
33.36,33.41,33.1,382,33.28,2025-11-26T14:00:00Z,29158,33.207698
33.025,33.42,32.98,578,33.42,2025-11-26T15:00:00Z,38172,33.14156
32.93,33.075,32.81,385,33.0,2025-11-26T16:00:00Z,20570,32.965967
32.91,32.99,32.81,377,32.93,2025-11-26T17:00:00Z,24409,32.902631
32.82,33.03,32.73,313,32.84,2025-11-26T18:00:00Z,19689,32.869076
32.73,32.86,32.58,566,32.79,2025-11-26T19:00:00Z,33150,32.702833
32.76,32.77,32.585,760,32.745,2025-11-26T20:00:00Z,60256,32.685475
32.37,32.65,32.37,344,32.61,2025-11-28T14:00:00Z,29417,32.49418
32.3,32.42,32.28,419,32.32,2025-11-28T15:00:00Z,30578,32.342831
32.35,32.38,32.27,313,32.3,2025-11-28T16:00:00Z,22332,32.321635
32.08,32.395,32.07,596,32.375,2025-11-28T17:00:00Z,45006,32.246307
32.22,32.77,32.16,237,32.76,2025-12-01T14:00:00Z,22622,32.432627
32.05,32.59,32.05,318,32.16,2025-12-01T15:00:00Z,53470,32.310939
31.87,32.18,31.74,321,32.06,2025-12-01T16:00:00Z,31556,31.963514
31.755,31.82,31.615,196,31.82,2025-12-01T17:00:00Z,19117,31.688445
31.68,31.76,31.64,132,31.76,2025-12-01T18:00:00Z,13456,31.697735
32.135,32.16,31.74,195,31.74,2025-12-01T19:00:00Z,20273,31.996307
32.07,32.265,31.91,276,32.15,2025-12-01T20:00:00Z,28992,32.134921
31.675,31.84,31.62,221,31.73,2025-12-02T14:00:00Z,18251,31.734632
31.6,31.945,31.58,346,31.655,2025-12-02T15:00:00Z,34303,31.673265
31.84,32.01,31.58,297,31.63,2025-12-02T16:00:00Z,21245,31.769705
31.88,31.88,31.52,194,31.78,2025-12-02T17:00:00Z,10839,31.655811
31.68,31.88,31.65,147,31.88,2025-12-02T18:00:00Z,10404,31.728103
31.7,31.78,31.61,128,31.675,2025-12-02T19:00:00Z,7688,31.708486
31.56,31.755,31.5,328,31.72,2025-12-02T20:00:00Z,34102,31.637162
31.83,31.95,31.65,82,31.95,2025-12-03T14:00:00Z,9871,31.80524
31.51,31.81,31.41,135,31.78,2025-12-03T15:00:00Z,14797,31.59164
31.66,31.66,31.39,67,31.455,2025-12-03T16:00:00Z,6848,31.488688
31.44,31.57,31.305,124,31.57,2025-12-03T17:00:00Z,12612,31.403255
31.54,31.565,31.42,100,31.46,2025-12-03T18:00:00Z,10624,31.465086
31.495,31.52,31.38,115,31.495,2025-12-03T19:00:00Z,11935,31.4629
31.41,31.54,31.345,207,31.51,2025-12-03T20:00:00Z,25626,31.433746
31.53,31.57,31.16,137,31.16,2025-12-04T14:00:00Z,14372,31.395723
31.36,31.62,31.22,207,31.44,2025-12-04T15:00:00Z,19171,31.438455
31.135,31.57,31.135,162,31.39,2025-12-04T16:00:00Z,15023,31.376578
31.16,31.24,31.105,183,31.11,2025-12-04T17:00:00Z,17289,31.163336
31.175,31.21,31.1,84,31.17,2025-12-04T18:00:00Z,8182,31.167728
31.17,31.56,31.16,216,31.18,2025-12-04T19:00:00Z,20017,31.314497
31.04,31.31,31.02,276,31.175,2025-12-04T20:00:00Z,26590,31.144824
30.95,30.995,30.82,122,30.97,2025-12-05T14:00:00Z,14485,30.914781
30.865,30.92,30.69,234,30.88,2025-12-05T15:00:00Z,23080,30.787555
30.89,31.15,30.81,143,30.81,2025-12-05T16:00:00Z,15382,30.993629
30.74,30.96,30.72,117,30.91,2025-12-05T17:00:00Z,11970,30.87816
30.72,30.75,30.665,142,30.73,2025-12-05T18:00:00Z,12042,30.713272
30.74,30.82,30.71,113,30.71,2025-12-05T19:00:00Z,11390,30.754235
30.68,30.8,30.67,438,30.75,2025-12-05T20:00:00Z,49270,30.731521
30.85,30.91,30.67,241,30.68,2025-12-08T14:00:00Z,31218,30.805292
30.85,30.96,30.73,220,30.84,2025-12-08T15:00:00Z,24789,30.81885
31.275,31.275,30.87,228,31.03,2025-12-08T16:00:00Z,29316,31.085986
30.94,31.36,30.94,117,31.265,2025-12-08T17:00:00Z,11533,31.196085
31.45,31.48,30.91,96,30.96,2025-12-08T18:00:00Z,11417,31.168079
31.325,31.44,31.19,95,31.44,2025-12-08T19:00:00Z,9900,31.285634
31.08,31.33,31.07,262,31.27,2025-12-08T20:00:00Z,28935,31.180719
31.32,31.32,31.32,1,31.32,2025-12-09T13:00:00Z,100,31.32
31.0,31.29,30.99,72,31.25,2025-12-09T14:00:00Z,8330,31.120763
30.875,31.075,30.87,185,30.97,2025-12-09T15:00:00Z,16395,30.967622
30.955,30.955,30.78,203,30.86,2025-12-09T16:00:00Z,20495,30.857289
30.995,31.04,30.9,190,30.98,2025-12-09T17:00:00Z,21931,30.959395
30.95,31.02,30.94,63,30.97,2025-12-09T18:00:00Z,7050,30.979273
31.09,31.13,30.95,83,30.965,2025-12-09T19:00:00Z,10257,31.028921
31.195,31.21,31.06,193,31.095,2025-12-09T20:00:00Z,22443,31.125541
31.07,31.54,31.07,74,31.275,2025-12-10T14:00:00Z,7937,31.283348
31.01,31.17,30.92,231,31.04,2025-12-10T15:00:00Z,28875,31.026533
30.99,31.11,30.9,67,31.065,2025-12-10T16:00:00Z,7123,30.967803
30.94,31.05,30.9,64,30.995,2025-12-10T17:00:00Z,7515,30.966174
30.985,31.06,30.9,116,30.9,2025-12-10T18:00:00Z,11092,30.972955
30.13,30.81,30.13,375,30.81,2025-12-10T19:00:00Z,45357,30.507782
30.0,30.14,29.89,359,30.09,2025-12-10T20:00:00Z,44091,29.99782
30.03,30.03,30.03,1,30.03,2025-12-10T21:00:00Z,100,30.03
30.74,30.84,30.25,184,30.3,2025-12-11T14:00:00Z,21946,30.518838
30.12,30.81,30.055,253,30.79,2025-12-11T15:00:00Z,31252,30.342415
30.15,30.17,29.96,101,30.12,2025-12-11T16:00:00Z,12912,30.080026
29.68,30.11,29.52,129,30.08,2025-12-11T17:00:00Z,17619,29.670388
29.75,29.8,29.59,60,29.67,2025-12-11T18:00:00Z,7318,29.713318
29.62,29.78,29.56,168,29.77,2025-12-11T19:00:00Z,19920,29.599977
29.48,29.68,29.46,306,29.605,2025-12-11T20:00:00Z,42816,29.541169
29.245,29.37,29.12,240,29.36,2025-12-12T14:00:00Z,34214,29.199096
30.21,30.35,29.27,454,29.27,2025-12-12T15:00:00Z,53483,29.747908
30.595,30.9,30.03,595,30.23,2025-12-12T16:00:00Z,62969,30.482495
29.96,30.53,29.915,400,30.525,2025-12-12T17:00:00Z,45257,30.170254
29.7,29.99,29.525,323,29.965,2025-12-12T18:00:00Z,39332,29.646712
29.665,29.92,29.605,349,29.685,2025-12-12T19:00:00Z,41296,29.759933
29.54,29.96,29.52,440,29.63,2025-12-12T20:00:00Z,51356,29.687801
29.53,29.53,29.16,232,29.235,2025-12-15T14:00:00Z,20675,29.339501
29.985,30.23,29.525,562,29.58,2025-12-15T15:00:00Z,61824,29.888687
29.78,29.98,29.4,330,29.95,2025-12-15T16:00:00Z,39174,29.682262
29.77,29.98,29.515,317,29.76,2025-12-15T17:00:00Z,27425,29.750633
29.605,29.97,29.565,291,29.78,2025-12-15T18:00:00Z,25800,29.77534
29.475,29.71,29.475,188,29.6,2025-12-15T19:00:00Z,19311,29.613505
29.535,29.645,29.47,366,29.49,2025-12-15T20:00:00Z,39155,29.569812
29.7,29.7,29.7,2,29.7,2025-12-16T13:00:00Z,210,29.7
29.54,30.03,29.51,382,29.61,2025-12-16T14:00:00Z,39876,29.733066
29.52,30.2,29.44,710,29.49,2025-12-16T15:00:00Z,70155,29.756862
29.53,29.86,29.425,336,29.45,2025-12-16T16:00:00Z,30262,29.626656
29.97,29.97,29.44,327,29.51,2025-12-16T17:00:00Z,29220,29.68101
29.58,30.1,29.515,405,29.97,2025-12-16T18:00:00Z,39368,29.862037
29.6,29.95,29.55,289,29.635,2025-12-16T19:00:00Z,26307,29.773014
29.46,29.615,29.255,486,29.595,2025-12-16T20:00:00Z,48909,29.395987
29.37,29.37,29.31,4,29.31,2025-12-17T13:00:00Z,420,29.34
29.08,29.505,29.08,159,29.335,2025-12-17T14:00:00Z,15175,29.336495
29.81,29.89,29.05,243,29.09,2025-12-17T15:00:00Z,27114,29.429327
29.68,29.92,29.57,222,29.8,2025-12-17T16:00:00Z,23780,29.758262
29.74,29.93,29.64,108,29.68,2025-12-17T17:00:00Z,11571,29.751003
30.03,30.05,29.56,162,29.755,2025-12-17T18:00:00Z,17033,29.846332
29.67,30.04,29.61,159,30.01,2025-12-17T19:00:00Z,17850,29.869888
29.95,30.05,29.64,274,29.65,2025-12-17T20:00:00Z,28077,29.853773
29.12,29.31,29.07,3,29.31,2025-12-18T13:00:00Z,320,29.162188
29.17,29.61,29.15,177,29.18,2025-12-18T14:00:00Z,20798,29.365537
29.04,29.4,28.955,351,29.16,2025-12-18T15:00:00Z,40635,29.137252
28.985,29.03,28.78,206,29.03,2025-12-18T16:00:00Z,21346,28.91502
29.24,29.66,28.95,299,28.95,2025-12-18T17:00:00Z,35193,29.40146
29.18,29.3,28.95,114,29.28,2025-12-18T18:00:00Z,12694,29.093397
29.32,29.38,29.11,237,29.18,2025-12-18T19:00:00Z,27173,29.257769
28.97,29.35,28.86,357,29.35,2025-12-18T20:00:00Z,49441,28.986542
28.26,28.66,28.24,243,28.66,2025-12-19T14:00:00Z,24178,28.427696
28.23,28.29,28.1,322,28.22,2025-12-19T15:00:00Z,34303,28.211871
28.18,28.26,28.11,121,28.215,2025-12-19T16:00:00Z,12964,28.177877
28.14,28.185,28.11,155,28.15,2025-12-19T17:00:00Z,17419,28.146574
28.19,28.28,28.14,81,28.16,2025-12-19T18:00:00Z,8296,28.188526
28.12,28.19,28.03,183,28.18,2025-12-19T19:00:00Z,18861,28.100856
27.84,28.095,27.81,449,28.095,2025-12-19T20:00:00Z,57823,27.897513
27.025,27.46,27.025,227,27.35,2025-12-22T14:00:00Z,26850,27.254098
27.09,27.23,27.02,638,27.04,2025-12-22T15:00:00Z,165948,27.089386
27.11,27.125,27.06,413,27.09,2025-12-22T16:00:00Z,96667,27.08243
27.05,27.125,27.05,152,27.075,2025-12-22T17:00:00Z,28386,27.07696
27.11,27.15,27.055,288,27.055,2025-12-22T18:00:00Z,61376,27.101007
27.125,27.17,27.07,79,27.105,2025-12-22T19:00:00Z,9373,27.124001
27.0,27.13,26.94,467,27.13,2025-12-22T20:00:00Z,147187,27.000997
27.15,27.15,27.15,1,27.15,2025-12-23T13:00:00Z,110,27.15
27.02,27.145,26.945,103,27.145,2025-12-23T14:00:00Z,12629,27.009485
26.99,27.09,26.9,300,27.02,2025-12-23T15:00:00Z,89670,26.954922
27.01,27.04,26.98,132,26.99,2025-12-23T16:00:00Z,34650,26.998787
27.08,27.1,27.01,138,27.04,2025-12-23T17:00:00Z,14766,27.075042
26.97,27.09,26.965,91,27.07,2025-12-23T18:00:00Z,15856,27.004548
26.975,27.03,26.95,110,26.97,2025-12-23T19:00:00Z,14529,26.983914
27.065,27.09,26.95,250,26.995,2025-12-23T20:00:00Z,33456,27.008566
27.09,27.09,27.09,2,27.09,2025-12-23T21:00:00Z,400,27.09
27.0,27.08,26.945,100,27.01,2025-12-24T14:00:00Z,10698,27.01122
26.905,27.0,26.9,122,26.995,2025-12-24T15:00:00Z,22057,26.940675
27.025,27.035,26.875,218,26.89,2025-12-24T16:00:00Z,32583,26.926719
27.03,27.14,26.99,344,27.03,2025-12-24T17:00:00Z,38661,27.055579
27.19,27.29,26.895,104,26.9,2025-12-26T14:00:00Z,10475,27.154394
27.03,27.29,27.025,254,27.18,2025-12-26T15:00:00Z,28502,27.135535
27.035,27.14,27.01,157,27.02,2025-12-26T16:00:00Z,17971,27.062587
26.985,27.095,26.95,147,27.05,2025-12-26T17:00:00Z,16731,27.017279
26.97,27.05,26.97,66,26.985,2025-12-26T18:00:00Z,8351,27.005429
27.07,27.075,26.96,120,26.97,2025-12-26T19:00:00Z,13113,27.005289
26.995,27.12,26.93,275,27.075,2025-12-26T20:00:00Z,33399,26.990129
27.2,27.2,27.2,2,27.2,2025-12-29T13:00:00Z,110,27.2
27.08,27.22,26.955,163,27.215,2025-12-29T14:00:00Z,18274,27.059496
27.01,27.11,26.965,246,27.04,2025-12-29T15:00:00Z,29449,27.047092
26.885,27.06,26.88,244,27.02,2025-12-29T16:00:00Z,28953,26.961198
26.79,26.99,26.79,251,26.885,2025-12-29T17:00:00Z,28600,26.900938
26.67,26.805,26.635,275,26.805,2025-12-29T18:00:00Z,31706,26.722591
26.515,26.675,26.49,161,26.67,2025-12-29T19:00:00Z,18826,26.546857
26.67,26.68,26.435,310,26.5,2025-12-29T20:00:00Z,36622,26.551207
26.35,26.585,26.32,243,26.585,2025-12-30T14:00:00Z,25895,26.412036
26.31,26.47,26.28,295,26.37,2025-12-30T15:00:00Z,32815,26.347457
26.28,26.32,26.16,176,26.32,2025-12-30T16:00:00Z,16782,26.222896
26.285,26.39,26.27,128,26.3,2025-12-30T17:00:00Z,15245,26.317453
26.375,26.41,26.29,115,26.29,2025-12-30T18:00:00Z,12328,26.353422
26.28,26.44,26.25,207,26.38,2025-12-30T19:00:00Z,22890,26.368765
26.32,26.34,26.2,371,26.255,2025-12-30T20:00:00Z,69145,26.24271
26.42,26.48,26.3,181,26.3,2025-12-31T14:00:00Z,19059,26.40978
26.56,26.59,26.41,187,26.415,2025-12-31T15:00:00Z,20774,26.500896
26.23,26.52,26.23,111,26.52,2025-12-31T16:00:00Z,13168,26.351505
26.335,26.38,26.23,101,26.23,2025-12-31T17:00:00Z,11965,26.317992
26.145,26.32,26.14,83,26.305,2025-12-31T18:00:00Z,10111,26.223538
26.31,26.34,26.1,115,26.125,2025-12-31T19:00:00Z,13281,26.223659
26.55,26.67,26.37,342,26.37,2025-12-31T20:00:00Z,45740,26.553794
26.03,26.33,25.945,211,26.08,2026-01-02T14:00:00Z,21573,26.146235
26.345,26.44,25.93,264,25.94,2026-01-02T15:00:00Z,27011,26.156828
26.27,26.52,26.11,220,26.36,2026-01-02T16:00:00Z,19053,26.320674
26.25,26.28,26.07,148,26.25,2026-01-02T17:00:00Z,21163,26.174141
26.38,26.455,26.21,114,26.24,2026-01-02T18:00:00Z,12278,26.292315
26.22,26.37,26.03,141,26.36,2026-01-02T19:00:00Z,14684,26.161468
26.055,26.23,26.05,230,26.19,2026-01-02T20:00:00Z,26239,26.164718
26.01,26.13,25.785,165,25.88,2026-01-05T14:00:00Z,17272,25.977795
26.14,26.17,25.87,425,25.96,2026-01-05T15:00:00Z,46840,25.999645
26.16,26.27,26.08,277,26.14,2026-01-05T16:00:00Z,32411,26.185178
26.1,26.22,26.09,208,26.13,2026-01-05T17:00:00Z,24001,26.149169
25.97,26.185,25.97,189,26.08,2026-01-05T18:00:00Z,19861,26.064284
26.17,26.23,25.95,101,25.97,2026-01-05T19:00:00Z,12103,26.123964
26.36,26.36,26.19,343,26.19,2026-01-05T20:00:00Z,43068,26.27692
25.99,26.37,25.99,334,26.3,2026-01-06T14:00:00Z,42572,26.088856
26.27,26.29,25.97,490,25.99,2026-01-06T15:00:00Z,59245,26.093907
26.17,26.28,26.12,196,26.28,2026-01-06T16:00:00Z,24451,26.18939
26.17,26.175,26.04,125,26.12,2026-01-06T17:00:00Z,14318,26.105694
26.065,26.19,26.05,139,26.18,2026-01-06T18:00:00Z,17268,26.135113
26.09,26.135,26.07,174,26.085,2026-01-06T19:00:00Z,19720,26.102926
26.05,26.085,25.96,286,26.08,2026-01-06T20:00:00Z,37415,26.008498
26.29,26.35,26.18,223,26.21,2026-01-07T14:00:00Z,23815,26.263082
26.27,26.5,26.255,358,26.32,2026-01-07T15:00:00Z,42042,26.379068
26.275,26.37,26.19,139,26.245,2026-01-07T16:00:00Z,17142,26.277006
26.36,26.43,26.24,221,26.265,2026-01-07T17:00:00Z,26270,26.317673
26.275,26.455,26.25,181,26.4,2026-01-07T18:00:00Z,22607,26.384461
26.32,26.39,26.235,112,26.26,2026-01-07T19:00:00Z,13244,26.305698
26.44,26.59,26.305,275,26.305,2026-01-07T20:00:00Z,34092,26.469948
26.365,26.605,26.34,163,26.56,2026-01-08T14:00:00Z,18041,26.486672
26.025,26.43,26.025,278,26.42,2026-01-08T15:00:00Z,30319,26.200531
26.07,26.16,26.045,95,26.05,2026-01-08T16:00:00Z,12618,26.114087
26.09,26.16,26.03,83,26.09,2026-01-08T17:00:00Z,10095,26.072491
26.315,26.33,26.09,105,26.09,2026-01-08T18:00:00Z,13443,26.201055
26.395,26.455,26.34,115,26.36,2026-01-08T19:00:00Z,13700,26.401718
26.19,26.41,26.165,166,26.395,2026-01-08T20:00:00Z,20217,26.247619
26.18,26.18,26.18,1,26.18,2026-01-08T21:00:00Z,300,26.18
26.2,26.4,26.08,169,26.1,2026-01-09T14:00:00Z,22821,26.206346
25.875,26.3,25.73,450,26.19,2026-01-09T15:00:00Z,49485,26.065932
25.68,25.86,25.64,194,25.84,2026-01-09T16:00:00Z,22350,25.769378
25.74,25.79,25.71,204,25.71,2026-01-09T17:00:00Z,20888,25.741282
25.76,25.79,25.69,149,25.74,2026-01-09T18:00:00Z,16430,25.738163
25.84,25.89,25.8,307,25.8,2026-01-09T19:00:00Z,38708,25.831615
25.785,25.835,25.695,447,25.835,2026-01-09T20:00:00Z,49188,25.774527
25.99,26.26,25.98,311,26.24,2026-01-12T14:00:00Z,34473,26.082691
25.99,26.08,25.95,255,25.99,2026-01-12T15:00:00Z,30724,26.026036
25.91,25.99,25.875,145,25.97,2026-01-12T16:00:00Z,17315,25.940553
25.84,25.91,25.8,154,25.9,2026-01-12T17:00:00Z,17169,25.852509
25.825,25.835,25.8,109,25.83,2026-01-12T18:00:00Z,11852,25.821751
25.865,25.89,25.795,92,25.83,2026-01-12T19:00:00Z,12293,25.842509
25.84,25.88,25.785,366,25.87,2026-01-12T20:00:00Z,45698,25.830352
25.79,25.79,25.79,1,25.79,2026-01-12T21:00:00Z,250,25.79
26.06,26.06,25.71,359,25.77,2026-01-13T14:00:00Z,42080,25.892785
26.11,26.32,26.01,586,26.08,2026-01-13T15:00:00Z,72458,26.175523
25.93,26.25,25.89,572,26.105,2026-01-13T16:00:00Z,86499,26.08585
26.315,26.36,25.87,319,25.91,2026-01-13T17:00:00Z,44415,26.022836
26.53,26.56,26.245,319,26.34,2026-01-13T18:00:00Z,42576,26.373434
26.45,26.7,26.41,354,26.525,2026-01-13T19:00:00Z,54141,26.55179
26.475,26.725,26.43,496,26.48,2026-01-13T20:00:00Z,77051,26.542301
27.16,27.23,27.12,7,27.12,2026-01-14T13:00:00Z,1120,27.188214
27.715,27.73,27.09,450,27.24,2026-01-14T14:00:00Z,54865,27.480888
27.71,27.84,27.08,1039,27.73,2026-01-14T15:00:00Z,167547,27.600267
27.73,27.78,27.295,780,27.7,2026-01-14T16:00:00Z,112707,27.651133
27.6,27.76,27.41,347,27.76,2026-01-14T17:00:00Z,41009,27.569503
27.455,27.78,27.43,270,27.62,2026-01-14T18:00:00Z,33570,27.601215
27.575,27.585,27.41,278,27.445,2026-01-14T19:00:00Z,33226,27.501921
27.1,27.74,26.88,1332,27.585,2026-01-14T20:00:00Z,204551,27.249741
27.12,27.12,27.12,2,27.12,2026-01-14T21:00:00Z,137,27.12
26.25,26.32,26.15,408,26.255,2026-01-15T14:00:00Z,60098,26.248626
26.16,26.37,26.09,528,26.255,2026-01-15T15:00:00Z,64940,26.225625
26.17,26.21,26.11,150,26.16,2026-01-15T16:00:00Z,19040,26.162055
26.125,26.19,26.07,196,26.18,2026-01-15T17:00:00Z,23729,26.114549
26.155,26.155,26.03,160,26.12,2026-01-15T18:00:00Z,20291,26.093853
26.18,26.22,26.08,223,26.17,2026-01-15T19:00:00Z,25814,26.143586
26.32,26.48,26.16,606,26.185,2026-01-15T20:00:00Z,83499,26.326559
26.485,26.485,26.11,175,26.23,2026-01-16T14:00:00Z,38058,26.219883
26.37,26.64,26.26,356,26.47,2026-01-16T15:00:00Z,38734,26.4555
26.23,26.41,26.17,144,26.38,2026-01-16T16:00:00Z,14100,26.285669
26.25,26.3,26.195,114,26.24,2026-01-16T17:00:00Z,10629,26.242582
26.18,26.26,26.06,229,26.26,2026-01-16T18:00:00Z,51402,26.088262
26.22,26.25,26.125,271,26.16,2026-01-16T19:00:00Z,42189,26.168289
26.46,26.47,26.2,482,26.225,2026-01-16T20:00:00Z,61396,26.352705
28.65,28.65,28.17,5,28.17,2026-01-20T13:00:00Z,510,28.320588
28.36,28.83,27.86,837,28.76,2026-01-20T14:00:00Z,104961,28.183861
28.16,28.8,27.98,1266,28.42,2026-01-20T15:00:00Z,180662,28.446262
27.79,28.3,27.75,657,28.15,2026-01-20T16:00:00Z,91754,28.051737
28.61,28.65,27.7,521,27.8,2026-01-20T17:00:00Z,59332,28.148903
29.2,29.35,28.49,592,28.64,2026-01-20T18:00:00Z,68565,28.969434
29.6,29.71,29.035,1203,29.17,2026-01-20T19:00:00Z,155104,29.431564
29.46,29.87,29.45,1615,29.59,2026-01-20T20:00:00Z,226105,29.597826
27.665,28.59,27.615,753,28.59,2026-01-21T14:00:00Z,112774,28.029204
27.305,27.8,27.16,841,27.63,2026-01-21T15:00:00Z,96409,27.491328
28.17,28.19,27.28,637,27.35,2026-01-21T16:00:00Z,68071,27.654033
27.96,28.54,27.865,595,28.135,2026-01-21T17:00:00Z,70152,28.186965
27.78,28.53,27.69,606,28.0,2026-01-21T18:00:00Z,68636,28.005198
26.41,27.87,26.4,1080,27.72,2026-01-21T19:00:00Z,200896,26.862107
26.695,26.905,26.41,1191,26.41,2026-01-21T20:00:00Z,153632,26.758269
26.565,26.66,26.19,495,26.32,2026-01-22T14:00:00Z,53366,26.446472
26.35,26.69,26.175,756,26.56,2026-01-22T15:00:00Z,42150,26.423526
26.31,26.34,26.23,450,26.34,2026-01-22T16:00:00Z,25195,26.272255
26.25,26.39,26.19,564,26.37,2026-01-22T17:00:00Z,31646,26.262679
26.3,26.315,26.185,412,26.25,2026-01-22T18:00:00Z,22736,26.24829
26.235,26.28,26.045,600,26.28,2026-01-22T19:00:00Z,31377,26.141957
26.05,26.42,26.0,974,26.22,2026-01-22T20:00:00Z,70534,26.191805
26.19,26.19,26.17,2,26.17,2026-01-23T13:00:00Z,375,26.1796
26.23,26.39,26.19,183,26.36,2026-01-23T14:00:00Z,21795,26.319199
25.9,26.23,25.89,307,26.22,2026-01-23T15:00:00Z,31183,26.060161
26.02,26.02,25.84,169,25.9,2026-01-23T16:00:00Z,18840,25.9329
26.37,26.41,25.98,240,26.03,2026-01-23T17:00:00Z,25197,26.212614
26.125,26.44,26.11,306,26.39,2026-01-23T18:00:00Z,33452,26.228634
26.095,26.15,25.98,146,26.11,2026-01-23T19:00:00Z,17583,26.049542
26.57,26.6,26.11,575,26.135,2026-01-23T20:00:00Z,70502,26.44328
26.335,26.55,26.285,231,26.55,2026-01-26T14:00:00Z,24446,26.364287
26.29,26.42,26.14,511,26.33,2026-01-26T15:00:00Z,52438,26.267848
26.35,26.43,26.255,351,26.29,2026-01-26T16:00:00Z,40330,26.328306
26.46,26.46,26.33,238,26.37,2026-01-26T17:00:00Z,27153,26.379293
26.365,26.545,26.3,238,26.48,2026-01-26T18:00:00Z,26984,26.422686
26.43,26.455,26.32,267,26.37,2026-01-26T19:00:00Z,30554,26.397378
26.51,26.605,26.415,519,26.43,2026-01-26T20:00:00Z,67858,26.524877
26.31,26.59,26.25,141,26.475,2026-01-27T14:00:00Z,19907,26.41038
26.31,26.46,26.25,352,26.33,2026-01-27T15:00:00Z,50948,26.315762
26.45,26.465,26.31,127,26.32,2026-01-27T16:00:00Z,14748,26.375691
26.7,26.7,26.49,190,26.49,2026-01-27T17:00:00Z,18549,26.597418
26.66,26.77,26.55,93,26.71,2026-01-27T18:00:00Z,10291,26.653746
26.78,26.8,26.7,83,26.71,2026-01-27T19:00:00Z,8995,26.742538
26.915,26.925,26.74,265,26.745,2026-01-27T20:00:00Z,48009,26.836009
27.0,27.13,26.815,499,26.88,2026-01-28T14:00:00Z,55580,27.015641
27.2,27.21,26.78,616,27.0,2026-01-28T15:00:00Z,64112,26.954976
27.25,27.3,27.07,278,27.22,2026-01-28T16:00:00Z,29984,27.173223
27.025,27.28,27.01,285,27.27,2026-01-28T17:00:00Z,29921,27.147703
26.885,27.1,26.88,273,27.09,2026-01-28T18:00:00Z,27298,26.982018
26.63,26.96,26.61,602,26.88,2026-01-28T19:00:00Z,64094,26.806735
26.915,27.09,26.55,739,26.71,2026-01-28T20:00:00Z,87887,26.809727
28.415,28.45,27.27,711,27.32,2026-01-29T14:00:00Z,76907,27.974125
28.385,28.77,27.89,1037,28.41,2026-01-29T15:00:00Z,114565,28.441628
27.88,28.74,27.75,911,28.42,2026-01-29T16:00:00Z,119508,28.040134
27.85,27.87,27.31,408,27.82,2026-01-29T17:00:00Z,46507,27.561314
27.48,27.84,27.33,147,27.83,2026-01-29T18:00:00Z,16094,27.553769
27.28,27.51,27.17,204,27.51,2026-01-29T19:00:00Z,20926,27.276349
27.195,27.4,27.11,316,27.38,2026-01-29T20:00:00Z,40787,27.222856
27.64,27.64,27.64,2,27.64,2026-01-30T13:00:00Z,180,27.64
27.32,27.44,27.0,185,27.435,2026-01-30T14:00:00Z,22178,27.187374
27.07,27.42,26.77,382,27.24,2026-01-30T15:00:00Z,43814,27.003555
27.52,27.56,27.04,255,27.12,2026-01-30T16:00:00Z,24644,27.266667
27.52,27.87,27.18,428,27.5,2026-01-30T17:00:00Z,47004,27.462465
27.17,27.84,27.17,378,27.56,2026-01-30T18:00:00Z,43549,27.54391
27.65,27.65,27.14,234,27.2,2026-01-30T19:00:00Z,23738,27.403826
27.515,27.82,27.29,446,27.63,2026-01-30T20:00:00Z,50494,27.588402
27.51,27.51,27.51,1,27.51,2026-01-30T21:00:00Z,100,27.51
26.81,27.29,26.485,520,27.285,2026-02-02T14:00:00Z,52169,26.713452
26.52,26.77,26.39,421,26.73,2026-02-02T15:00:00Z,43089,26.517702
26.17,26.57,26.13,282,26.52,2026-02-02T16:00:00Z,30211,26.329373
26.1,26.17,26.04,257,26.135,2026-02-02T17:00:00Z,29023,26.110108
26.025,26.14,26.02,165,26.07,2026-02-02T18:00:00Z,17315,26.080044
26.235,26.235,26.05,163,26.06,2026-02-02T19:00:00Z,17447,26.119569
26.15,26.3,26.11,450,26.23,2026-02-02T20:00:00Z,53298,26.23039
26.13,26.13,26.13,4,26.13,2026-02-02T21:00:00Z,349,26.13
26.7,26.74,26.2,373,26.3,2026-02-03T14:00:00Z,38909,26.458123
26.64,26.93,26.56,1021,26.685,2026-02-03T15:00:00Z,93216,26.727847
26.92,27.05,26.64,569,26.64,2026-02-03T16:00:00Z,38151,26.896396
27.48,27.62,26.9,1024,26.93,2026-02-03T17:00:00Z,99416,27.360671
28.32,28.32,27.35,728,27.53,2026-02-03T18:00:00Z,51773,27.787988
27.71,28.45,27.65,1071,28.34,2026-02-03T19:00:00Z,100374,27.998456
27.22,27.835,27.18,919,27.76,2026-02-03T20:00:00Z,84693,27.395135
27.03,27.03,27.03,2,27.03,2026-02-04T13:00:00Z,370,27.03
27.46,27.51,26.95,343,27.08,2026-02-04T14:00:00Z,36654,27.243742
27.62,27.77,27.23,753,27.52,2026-02-04T15:00:00Z,78414,27.555132
27.68,28.23,27.53,526,27.585,2026-02-04T16:00:00Z,58249,27.771711
28.48,28.83,27.57,806,27.72,2026-02-04T17:00:00Z,84061,28.402845
28.14,28.695,27.965,615,28.48,2026-02-04T18:00:00Z,67291,28.404085
27.49,28.42,27.45,765,28.11,2026-02-04T19:00:00Z,81926,27.936778
27.68,27.785,27.45,463,27.45,2026-02-04T20:00:00Z,50287,27.602367
27.45,27.45,27.45,1,27.45,2026-02-04T21:00:00Z,100,27.45
28.54,29.21,28.07,605,28.85,2026-02-05T14:00:00Z,66305,28.552784
29.65,29.76,28.45,1460,28.57,2026-02-05T15:00:00Z,153562,29.386306
28.21,29.75,28.17,375,29.53,2026-02-05T16:00:00Z,53745,28.962849
28.62,28.68,28.18,192,28.22,2026-02-05T17:00:00Z,27103,28.406157
29.05,29.16,28.45,178,28.51,2026-02-05T18:00:00Z,21492,28.829115
28.79,29.05,28.38,168,29.03,2026-02-05T19:00:00Z,21023,28.74075
29.34,29.7,28.37,920,28.77,2026-02-05T20:00:00Z,115606,29.327387
27.79,28.575,27.68,401,28.505,2026-02-06T14:00:00Z,40987,27.901927
27.85,28.12,27.63,396,27.915,2026-02-06T15:00:00Z,41943,27.861995
27.585,27.89,27.49,288,27.89,2026-02-06T16:00:00Z,28370,27.679113
27.49,27.65,27.43,173,27.625,2026-02-06T17:00:00Z,19103,27.535442
27.615,27.615,27.405,118,27.47,2026-02-06T18:00:00Z,12393,27.477752
27.62,27.77,27.58,153,27.61,2026-02-06T19:00:00Z,15317,27.668626
27.565,27.68,27.345,619,27.62,2026-02-06T20:00:00Z,65543,27.481699
27.29,27.59,27.09,218,27.44,2026-02-09T14:00:00Z,35710,27.291418
26.74,27.29,26.59,378,27.21,2026-02-09T15:00:00Z,42916,26.791431
26.7,26.81,26.675,206,26.725,2026-02-09T16:00:00Z,23396,26.745435
26.73,26.8,26.6,168,26.715,2026-02-09T17:00:00Z,26448,26.697453
26.64,26.87,26.595,147,26.71,2026-02-09T18:00:00Z,16184,26.672474
26.56,26.64,26.52,139,26.64,2026-02-09T19:00:00Z,17269,26.575143
26.585,26.92,26.55,313,26.56,2026-02-09T20:00:00Z,47190,26.710443
26.65,26.97,26.54,244,26.68,2026-02-10T14:00:00Z,25858,26.76213
26.88,26.99,26.56,443,26.65,2026-02-10T15:00:00Z,51000,26.792485
26.79,27.08,26.77,201,26.915,2026-02-10T16:00:00Z,21492,26.935886
26.68,26.85,26.66,162,26.79,2026-02-10T17:00:00Z,16306,26.734002
26.89,27.07,26.69,242,26.69,2026-02-10T18:00:00Z,27164,26.919385
26.92,27.02,26.85,108,26.89,2026-02-10T19:00:00Z,12777,26.920046
27.16,27.19,26.89,288,26.945,2026-02-10T20:00:00Z,35563,27.031722
26.6,26.6,26.6,1,26.6,2026-02-11T13:00:00Z,130,26.6
26.81,26.86,26.49,200,26.55,2026-02-11T14:00:00Z,21604,26.636625
27.025,27.75,26.71,616,26.8,2026-02-11T15:00:00Z,64513,27.32387
27.02,27.18,26.81,246,27.01,2026-02-11T16:00:00Z,29382,26.95621
26.92,27.07,26.73,78,27.02,2026-02-11T17:00:00Z,8487,26.854864
26.865,27.15,26.865,92,26.91,2026-02-11T18:00:00Z,9877,26.976894
26.91,27.0,26.74,134,26.935,2026-02-11T19:00:00Z,14918,26.810267
27.11,27.12,26.845,317,26.91,2026-02-11T20:00:00Z,34397,27.006313
27.0,27.0,26.7,112,26.845,2026-02-12T14:00:00Z,13917,26.825908
27.65,27.65,26.84,225,27.01,2026-02-12T15:00:00Z,24683,27.171625
28.25,28.6,27.62,1068,27.67,2026-02-12T16:00:00Z,127779,28.245745
28.48,28.51,28.075,563,28.35,2026-02-12T17:00:00Z,70339,28.356626
28.26,28.7,28.14,514,28.56,2026-02-12T18:00:00Z,97835,28.460046
28.24,28.45,28.075,237,28.215,2026-02-12T19:00:00Z,27289,28.238857
28.84,28.89,28.17,478,28.2,2026-02-12T20:00:00Z,60624,28.655691
29.59,29.72,28.71,749,28.825,2026-02-13T14:00:00Z,87484,29.251328
28.5,29.73,28.36,1108,29.615,2026-02-13T15:00:00Z,121220,29.11801
28.12,28.74,28.045,461,28.415,2026-02-13T16:00:00Z,47804,28.348253
27.97,28.19,27.85,320,28.14,2026-02-13T17:00:00Z,34122,28.005653
28.11,28.14,27.79,253,27.96,2026-02-13T18:00:00Z,19203,27.948354
28.72,28.72,28.08,270,28.16,2026-02-13T19:00:00Z,27524,28.323218
29.225,29.395,28.53,603,28.69,2026-02-13T20:00:00Z,77137,29.145455
29.55,29.55,29.55,2,29.55,2026-02-17T13:00:00Z,145,29.55
29.88,29.89,28.95,320,29.475,2026-02-17T14:00:00Z,32331,29.427995
29.8,30.2,29.52,621,29.875,2026-02-17T15:00:00Z,63899,29.875978
28.8,29.77,28.69,536,29.76,2026-02-17T16:00:00Z,49403,29.073433
29.09,29.22,28.69,179,28.79,2026-02-17T17:00:00Z,18898,28.92837
28.26,28.98,28.175,289,28.98,2026-02-17T18:00:00Z,36554,28.41601
28.25,28.335,28.09,382,28.26,2026-02-17T19:00:00Z,49937,28.231291
28.245,28.5,28.19,511,28.25,2026-02-17T20:00:00Z,61299,28.348212
27.87,28.49,27.87,190,28.33,2026-02-18T14:00:00Z,19907,28.181485
27.73,27.925,27.7,441,27.84,2026-02-18T15:00:00Z,94610,27.80418
27.995,28.025,27.64,314,27.725,2026-02-18T16:00:00Z,32785,27.823565
27.74,28.0,27.71,114,28.0,2026-02-18T17:00:00Z,11305,27.821324
28.07,28.27,27.695,203,27.75,2026-02-18T18:00:00Z,22744,27.984536
28.57,28.63,28.08,226,28.13,2026-02-18T19:00:00Z,22588,28.35943
28.26,28.605,28.105,379,28.5,2026-02-18T20:00:00Z,44368,28.296949
29.3,29.53,28.96,250,29.01,2026-02-19T14:00:00Z,27563,29.314805
28.91,29.38,28.85,219,29.38,2026-02-19T15:00:00Z,22632,29.081934
29.05,29.225,28.76,132,29.04,2026-02-19T16:00:00Z,17409,29.033561
29.295,29.35,28.91,177,29.11,2026-02-19T17:00:00Z,15981,29.13291
29.2,29.46,29.09,163,29.3,2026-02-19T18:00:00Z,18906,29.287732
29.29,29.43,29.07,157,29.21,2026-02-19T19:00:00Z,17140,29.258196
29.035,29.275,29.02,395,29.275,2026-02-19T20:00:00Z,46828,29.133305
28.92,29.55,28.92,282,29.12,2026-02-20T14:00:00Z,27134,29.139999
28.24,28.97,28.09,787,28.91,2026-02-20T15:00:00Z,78910,28.569474
28.3,28.51,28.17,193,28.29,2026-02-20T16:00:00Z,20575,28.319606
28.57,29.05,28.26,347,28.26,2026-02-20T17:00:00Z,35702,28.722854
28.18,28.79,28.03,522,28.58,2026-02-20T18:00:00Z,54845,28.346501
28.29,28.33,28.13,135,28.165,2026-02-20T19:00:00Z,18178,28.229227
28.31,28.41,28.205,372,28.29,2026-02-20T20:00:00Z,42707,28.326671
28.66,28.665,28.05,297,28.45,2026-02-23T14:00:00Z,33542,28.364793
29.27,29.27,28.605,514,28.73,2026-02-23T15:00:00Z,55376,28.929568
29.25,29.58,29.16,494,29.23,2026-02-23T16:00:00Z,60808,29.392801
29.25,29.63,29.16,145,29.195,2026-02-23T17:00:00Z,14298,29.374825
29.18,29.29,28.8,210,29.29,2026-02-23T18:00:00Z,21482,28.979232
29.53,29.53,29.16,155,29.16,2026-02-23T19:00:00Z,16302,29.337526
29.445,29.59,29.24,258,29.54,2026-02-23T20:00:00Z,27197,29.451343
29.4,29.4,29.4,1,29.4,2026-02-23T21:00:00Z,100,29.4
29.09,29.74,28.76,219,29.395,2026-02-24T14:00:00Z,22171,29.191911
28.59,29.23,28.43,454,29.22,2026-02-24T15:00:00Z,49182,28.735331
28.49,28.61,28.36,177,28.56,2026-02-24T16:00:00Z,18683,28.473752
28.41,28.54,28.39,92,28.49,2026-02-24T17:00:00Z,9923,28.463121
28.435,28.58,28.36,35,28.38,2026-02-24T18:00:00Z,3352,28.453376
28.57,28.62,28.43,108,28.45,2026-02-24T19:00:00Z,11342,28.540145
28.45,28.66,28.4,331,28.56,2026-02-24T20:00:00Z,36386,28.506016
28.14,28.14,28.14,3,28.14,2026-02-25T13:00:00Z,320,28.14
27.865,28.055,27.83,349,27.9,2026-02-25T14:00:00Z,43189,27.932006
27.85,28.015,27.82,248,27.87,2026-02-25T15:00:00Z,28936,27.898358
27.89,27.9,27.82,86,27.855,2026-02-25T16:00:00Z,9078,27.865721
27.9,27.94,27.86,94,27.89,2026-02-25T17:00:00Z,10717,27.883622
27.89,27.95,27.85,117,27.9,2026-02-25T18:00:00Z,12256,27.902317
27.78,27.93,27.76,136,27.92,2026-02-25T19:00:00Z,13944,27.826476
27.41,27.78,27.375,307,27.78,2026-02-25T20:00:00Z,37754,27.581658
27.7,27.775,27.255,174,27.255,2026-02-26T14:00:00Z,18921,27.507868
28.3,28.82,27.69,1097,27.72,2026-02-26T15:00:00Z,102067,28.432314
28.37,28.43,28.05,248,28.2,2026-02-26T16:00:00Z,24925,28.220414
28.6,28.68,28.25,232,28.36,2026-02-26T17:00:00Z,44140,28.450181
28.16,28.76,28.055,365,28.64,2026-02-26T18:00:00Z,42061,28.485981
27.95,28.23,27.83,302,28.185,2026-02-26T19:00:00Z,33252,27.962753
27.77,28.01,27.75,370,27.965,2026-02-26T20:00:00Z,39561,27.867243
28.94,28.94,28.94,1,28.94,2026-02-27T13:00:00Z,210,28.94
29.48,29.49,28.93,360,29.01,2026-02-27T14:00:00Z,36539,29.291827
28.59,29.45,28.535,356,29.365,2026-02-27T15:00:00Z,34646,28.974573
28.63,28.71,28.36,195,28.54,2026-02-27T16:00:00Z,19027,28.527706
28.85,28.99,28.395,147,28.49,2026-02-27T17:00:00Z,14251,28.793905
29.35,29.37,28.83,219,28.83,2026-02-27T18:00:00Z,20087,29.142125
29.09,29.46,29.06,309,29.355,2026-02-27T19:00:00Z,36039,29.322103
28.88,29.12,28.765,565,29.06,2026-02-27T20:00:00Z,72910,28.884082
30.14,30.18,30.08,4,30.18,2026-03-02T13:00:00Z,650,30.135385
29.75,30.65,29.69,446,30.595,2026-03-02T14:00:00Z,61287,30.078271
29.4,29.99,29.26,421,29.75,2026-03-02T15:00:00Z,50960,29.602307
29.05,29.65,28.93,377,29.4,2026-03-02T16:00:00Z,34533,29.244687
28.96,29.21,28.88,276,29.09,2026-03-02T17:00:00Z,31090,29.002601
29.31,29.33,28.94,174,28.96,2026-03-02T18:00:00Z,17586,29.111873
28.76,29.335,28.74,176,29.32,2026-03-02T19:00:00Z,19029,29.005126
29.23,29.54,28.745,675,28.745,2026-03-02T20:00:00Z,77645,29.248218
31.66,31.66,31.62,3,31.62,2026-03-03T13:00:00Z,360,31.646667
32.34,32.42,31.2,465,31.8,2026-03-03T14:00:00Z,45993,31.928656
33.06,33.68,32.0,1313,32.33,2026-03-03T15:00:00Z,142157,33.058773
31.32,33.19,31.045,967,33.03,2026-03-03T16:00:00Z,98579,31.956764
31.34,31.77,31.1,421,31.3,2026-03-03T17:00:00Z,41955,31.38101
30.335,31.24,30.18,461,31.195,2026-03-03T18:00:00Z,44657,30.633244
30.09,30.535,29.76,432,30.31,2026-03-03T19:00:00Z,44984,30.144676
30.55,30.705,30.03,516,30.17,2026-03-03T20:00:00Z,58783,30.461395
30.69,30.69,30.69,1,30.69,2026-03-03T21:00:00Z,100,30.69
30.0,30.0,30.0,1,30.0,2026-03-04T13:00:00Z,100,30.0
30.18,30.49,29.97,307,30.14,2026-03-04T14:00:00Z,29264,30.278281
29.08,30.22,29.0,725,30.005,2026-03-04T15:00:00Z,68662,29.351622
29.33,29.685,29.0,373,29.06,2026-03-04T16:00:00Z,37728,29.3509
29.26,29.66,29.24,139,29.29,2026-03-04T17:00:00Z,13316,29.389301
29.1,29.37,29.09,119,29.22,2026-03-04T18:00:00Z,10895,29.18748
29.17,29.21,29.04,182,29.06,2026-03-04T19:00:00Z,18478,29.127947
29.44,29.5,29.15,418,29.15,2026-03-04T20:00:00Z,40011,29.345957
30.15,30.15,30.15,1,30.15,2026-03-05T13:00:00Z,100,30.15
29.97,30.6,29.92,425,30.36,2026-03-05T14:00:00Z,39075,30.245834
30.6,31.23,29.87,1040,29.95,2026-03-05T15:00:00Z,96794,30.669819
31.08,31.47,30.54,575,30.56,2026-03-05T16:00:00Z,56558,31.142764
32.24,32.24,30.78,693,31.09,2026-03-05T17:00:00Z,65892,31.522095
32.22,32.44,31.92,619,32.28,2026-03-05T18:00:00Z,67344,32.204977
32.265,32.73,32.12,627,32.24,2026-03-05T19:00:00Z,73893,32.395439
31.41,32.53,31.13,1253,32.32,2026-03-05T20:00:00Z,116576,31.538424
31.41,31.41,31.41,1,31.41,2026-03-05T21:00:00Z,147,31.41
34.18,34.49,33.72,820,34.14,2026-03-06T14:00:00Z,80524,34.142817
33.18,34.32,33.04,1182,34.25,2026-03-06T15:00:00Z,120459,33.631929
33.44,33.63,32.92,594,33.18,2026-03-06T16:00:00Z,59490,33.277915
34.14,34.31,33.35,592,33.5,2026-03-06T17:00:00Z,64166,33.969163
33.75,34.09,33.175,613,34.08,2026-03-06T18:00:00Z,61365,33.602172
33.79,33.92,33.39,489,33.77,2026-03-06T19:00:00Z,50304,33.656989
35.73,35.75,33.6,1960,33.77,2026-03-06T20:00:00Z,229499,35.032768
35.16,35.72,35.16,10,35.67,2026-03-06T21:00:00Z,1688,35.467174
36.42,36.42,36.12,7,36.31,2026-03-09T12:00:00Z,1230,36.35729
36.47,36.94,35.77,506,35.77,2026-03-09T13:00:00Z,46232,36.517626
35.81,37.38,35.55,1447,36.53,2026-03-09T14:00:00Z,147081,36.674121
34.5,35.79,34.38,614,35.79,2026-03-09T15:00:00Z,64708,35.090838
33.75,34.68,33.53,436,34.63,2026-03-09T16:00:00Z,40849,34.046865
34.63,34.855,33.765,438,33.765,2026-03-09T17:00:00Z,45323,34.444352
34.27,34.6,33.71,435,34.54,2026-03-09T18:00:00Z,42397,34.174507
32.26,34.38,31.67,2061,34.28,2026-03-09T19:00:00Z,258402,32.529846
32.52,32.52,32.49,3,32.49,2026-03-09T20:00:00Z,720,32.5
33.03,33.03,33.03,1,33.03,2026-03-10T12:00:00Z,240,33.03
32.65,32.81,31.93,368,32.19,2026-03-10T13:00:00Z,42772,32.544716
31.115,32.98,31.085,757,32.65,2026-03-10T14:00:00Z,77960,31.864551
31.145,31.3,30.965,451,31.105,2026-03-10T15:00:00Z,43078,31.123092
31.02,31.53,31.0,225,31.28,2026-03-10T16:00:00Z,21914,31.243429
31.09,31.385,30.755,373,31.03,2026-03-10T17:00:00Z,39080,30.955628
32.33,32.72,31.035,607,31.09,2026-03-10T18:00:00Z,69046,32.087673
33.85,33.86,32.12,1012,32.26,2026-03-10T19:00:00Z,118547,33.268813
33.63,33.63,33.63,2,33.63,2026-03-11T12:00:00Z,670,33.63
33.17,33.585,32.96,188,33.225,2026-03-11T13:00:00Z,20136,33.296158
32.67,33.545,32.585,478,33.16,2026-03-11T14:00:00Z,48294,32.950471
33.37,33.68,32.51,268,32.56,2026-03-11T15:00:00Z,21041,33.191747
33.045,33.77,33.04,109,33.585,2026-03-11T16:00:00Z,10695,33.468027
33.3,33.72,32.865,196,32.97,2026-03-11T17:00:00Z,23673,33.213098
32.95,33.55,32.87,79,33.24,2026-03-11T18:00:00Z,9182,33.166861
32.24,33.1,32.23,252,32.91,2026-03-11T19:00:00Z,29417,32.680132
34.015,34.2,33.54,615,33.82,2026-03-12T13:00:00Z,60513,33.830307
34.08,34.34,33.39,675,34.0,2026-03-12T14:00:00Z,64315,33.872309
33.56,34.4,33.52,648,34.09,2026-03-12T15:00:00Z,68187,33.975127
33.64,34.06,33.31,324,33.51,2026-03-12T16:00:00Z,32925,33.624218
33.8,33.945,33.33,244,33.49,2026-03-12T17:00:00Z,25840,33.590929
34.16,34.16,33.62,207,33.76,2026-03-12T18:00:00Z,21137,33.867844
34.39,34.585,33.66,560,34.18,2026-03-12T19:00:00Z,61462,34.230623
33.44,33.72,33.02,249,33.51,2026-03-13T13:00:00Z,22279,33.34639
34.33,34.35,33.33,448,33.45,2026-03-13T14:00:00Z,42792,33.763348
34.8,34.91,34.07,505,34.37,2026-03-13T15:00:00Z,55852,34.491027
34.72,34.82,34.37,333,34.81,2026-03-13T16:00:00Z,31950,34.602036
35.01,35.13,34.47,259,34.72,2026-03-13T17:00:00Z,27332,34.785642
34.7,35.11,34.56,202,34.94,2026-03-13T18:00:00Z,22783,34.804105
35.11,35.145,34.77,404,34.77,2026-03-13T19:00:00Z,46137,34.989517
33.9,33.9,33.9,1,33.9,2026-03-16T12:00:00Z,240,33.9
33.02,33.82,32.97,398,33.8,2026-03-16T13:00:00Z,39075,33.270746
32.72,33.1,32.36,860,33.03,2026-03-16T14:00:00Z,88686,32.731704
32.84,32.87,32.38,832,32.7,2026-03-16T15:00:00Z,75284,32.641209
33.21,33.46,32.73,786,32.84,2026-03-16T16:00:00Z,90161,33.05476
32.82,33.17,32.8,445,33.15,2026-03-16T17:00:00Z,42371,32.96475
32.69,32.79,32.47,356,32.79,2026-03-16T18:00:00Z,32959,32.587363
32.4,32.9,32.39,661,32.645,2026-03-16T19:00:00Z,71160,32.620918
32.16,32.16,32.16,2,32.16,2026-03-17T12:00:00Z,145,32.16
31.6,31.89,31.495,300,31.89,2026-03-17T13:00:00Z,28594,31.648968
31.63,31.87,31.4,473,31.6,2026-03-17T14:00:00Z,48950,31.645313
32.09,32.26,31.58,414,31.6,2026-03-17T15:00:00Z,39301,32.000536
31.91,32.24,31.78,224,32.12,2026-03-17T16:00:00Z,24529,31.99013
31.78,31.87,31.69,110,31.87,2026-03-17T17:00:00Z,11663,31.7937
31.765,31.855,31.63,168,31.77,2026-03-17T18:00:00Z,17586,31.728665
31.91,32.065,31.7,354,31.76,2026-03-17T19:00:00Z,39740,31.927903
33.12,33.12,32.4,2,32.4,2026-03-18T12:00:00Z,200,32.76
33.22,33.365,32.83,491,33.06,2026-03-18T13:00:00Z,45922,33.131039
33.91,34.34,33.14,731,33.205,2026-03-18T14:00:00Z,67675,33.813805
34.03,34.22,33.69,493,33.85,2026-03-18T15:00:00Z,43816,33.968717
34.1,34.215,33.95,354,34.12,2026-03-18T16:00:00Z,32591,34.090701
33.84,34.29,33.83,323,34.1,2026-03-18T17:00:00Z,28519,34.147008
34.39,34.4,33.605,597,33.83,2026-03-18T18:00:00Z,55210,34.061807
34.69,34.79,34.13,910,34.41,2026-03-18T19:00:00Z,99103,34.543727
36.45,36.45,35.79,4,35.79,2026-03-19T12:00:00Z,1000,36.12
35.5,36.63,35.5,694,36.345,2026-03-19T13:00:00Z,68816,36.073495
34.94,35.77,34.87,891,35.45,2026-03-19T14:00:00Z,96558,35.238719
34.925,35.33,34.5,859,34.94,2026-03-19T15:00:00Z,85292,34.991631
34.71,34.97,34.34,672,34.92,2026-03-19T16:00:00Z,70125,34.664065
34.3,35.11,34.21,374,34.74,2026-03-19T17:00:00Z,37655,34.608171
33.87,34.54,33.86,619,34.31,2026-03-19T18:00:00Z,62527,34.21301
33.7,34.03,33.0,1185,33.87,2026-03-19T19:00:00Z,127265,33.587926
33.84,33.84,33.84,1,33.84,2026-03-20T12:00:00Z,160,33.84
34.9,34.99,33.81,352,33.85,2026-03-20T13:00:00Z,31257,34.408499
35.21,35.53,34.85,773,34.94,2026-03-20T14:00:00Z,77068,35.217235
34.56,35.12,34.38,469,35.12,2026-03-20T15:00:00Z,45608,34.809282
34.51,34.87,34.3,317,34.555,2026-03-20T16:00:00Z,31687,34.615428
34.82,35.18,34.47,427,34.47,2026-03-20T17:00:00Z,39619,34.854043
35.94,36.02,34.72,683,34.72,2026-03-20T18:00:00Z,65480,35.455456
36.095,36.57,35.79,972,35.85,2026-03-20T19:00:00Z,99858,36.159489
33.08,34.14,33.08,3,34.14,2026-03-23T12:00:00Z,485,33.601443
33.14,34.01,32.91,658,33.58,2026-03-23T13:00:00Z,66611,33.313198
33.91,33.99,32.73,742,33.17,2026-03-23T14:00:00Z,77988,33.360293
34.71,34.76,33.18,580,33.9,2026-03-23T15:00:00Z,60187,33.722633
34.67,35.12,34.21,587,34.64,2026-03-23T16:00:00Z,58578,34.592667
33.78,34.89,33.78,437,34.64,2026-03-23T17:00:00Z,44011,34.306125
33.85,34.195,33.54,636,33.815,2026-03-23T18:00:00Z,67454,33.833956
34.2,34.3,33.645,701,33.87,2026-03-23T19:00:00Z,78087,33.959681
34.53,34.53,34.53,2,34.53,2026-03-24T12:00:00Z,205,34.53
34.82,35.52,34.82,425,35.295,2026-03-24T13:00:00Z,46526,35.224684
34.29,34.84,33.72,1753,34.84,2026-03-24T14:00:00Z,383035,34.475179
34.52,34.52,33.96,842,34.18,2026-03-24T15:00:00Z,208722,34.185859
34.62,34.77,34.32,255,34.52,2026-03-24T16:00:00Z,22156,34.601874
34.8,35.32,34.54,820,34.58,2026-03-24T17:00:00Z,130112,35.03492
34.79,34.89,34.39,366,34.68,2026-03-24T18:00:00Z,40920,34.675547
35.025,35.09,34.45,519,34.71,2026-03-24T19:00:00Z,53068,34.820089
33.99,33.99,33.84,6,33.84,2026-03-25T12:00:00Z,560,33.91
34.38,34.51,33.81,67,34.09,2026-03-25T13:00:00Z,6521,34.148381
34.12,34.74,34.0,264,34.74,2026-03-25T14:00:00Z,50421,34.168551
34.69,35.12,34.06,358,34.09,2026-03-25T15:00:00Z,47076,34.628144
34.37,34.92,34.33,82,34.68,2026-03-25T16:00:00Z,10043,34.679721
34.47,34.54,34.05,120,34.35,2026-03-25T17:00:00Z,10884,34.34581
34.53,34.68,34.27,68,34.48,2026-03-25T18:00:00Z,6282,34.465674
34.255,34.69,34.24,251,34.54,2026-03-25T19:00:00Z,35657,34.419347
35.37,35.37,35.37,1,35.37,2026-03-26T12:00:00Z,150,35.37
34.87,35.52,34.7,286,35.04,2026-03-26T13:00:00Z,25929,35.150565
35.47,35.68,34.54,584,34.87,2026-03-26T14:00:00Z,49816,35.066787
35.51,35.61,35.24,297,35.35,2026-03-26T15:00:00Z,28659,35.447225
35.76,36.1,35.49,280,35.54,2026-03-26T16:00:00Z,53630,35.905802
36.53,36.53,35.72,683,35.74,2026-03-26T17:00:00Z,160201,36.367577
36.26,36.655,36.15,880,36.51,2026-03-26T18:00:00Z,204670,36.505616
36.71,36.8,36.18,560,36.2,2026-03-26T19:00:00Z,74926,36.568749
38.38,38.48,37.3,380,37.5,2026-03-27T13:00:00Z,40941,37.884881
37.82,38.54,37.73,475,38.36,2026-03-27T14:00:00Z,49724,38.216868
37.66,38.04,37.19,394,37.77,2026-03-27T15:00:00Z,38398,37.536059
38.17,38.5,38.01,306,38.01,2026-03-27T16:00:00Z,46344,38.12768
38.815,38.87,37.86,296,38.15,2026-03-27T17:00:00Z,30996,38.358001
39.215,39.305,38.84,395,38.84,2026-03-27T18:00:00Z,49910,39.119274
39.59,39.78,38.82,720,39.15,2026-03-27T19:00:00Z,84047,39.328177
37.98,38.07,37.98,6,38.07,2026-03-30T12:00:00Z,549,38.025
38.71,38.77,37.89,459,37.92,2026-03-30T13:00:00Z,42114,38.35805
38.36,38.97,38.25,569,38.73,2026-03-30T14:00:00Z,47074,38.568986
38.33,38.61,38.04,420,38.31,2026-03-30T15:00:00Z,46722,38.205471
38.75,38.88,38.33,397,38.38,2026-03-30T16:00:00Z,39206,38.626924
39.26,39.56,38.69,591,38.735,2026-03-30T17:00:00Z,67288,39.220278
39.28,39.39,38.91,394,39.19,2026-03-30T18:00:00Z,45744,39.254315
39.17,39.91,39.0,835,39.305,2026-03-30T19:00:00Z,83081,39.36651
37.11,37.26,37.11,9,37.26,2026-03-31T12:00:00Z,951,37.206671
36.98,37.605,36.92,269,37.5,2026-03-31T13:00:00Z,23927,37.3464
37.885,38.1,36.89,410,36.96,2026-03-31T14:00:00Z,36003,37.366995
37.55,37.88,37.15,330,37.88,2026-03-31T15:00:00Z,30846,37.478663
36.12,37.57,35.56,830,37.57,2026-03-31T16:00:00Z,76167,36.359568
36.26,36.29,35.71,573,36.125,2026-03-31T17:00:00Z,50077,36.038614
35.99,36.26,35.95,569,36.23,2026-03-31T18:00:00Z,61869,36.072578
35.5,36.095,35.36,738,36.0,2026-03-31T19:00:00Z,79757,35.615406
34.59,34.59,34.59,1,34.59,2026-04-01T12:00:00Z,150,34.59
35.56,35.715,34.89,369,35.005,2026-04-01T13:00:00Z,35798,35.31869
34.81,35.64,34.72,573,35.45,2026-04-01T14:00:00Z,54506,35.290169
34.32,34.845,34.26,462,34.83,2026-04-01T15:00:00Z,39957,34.670671
34.275,34.53,34.24,300,34.275,2026-04-01T16:00:00Z,31541,34.373869
34.59,34.59,34.22,196,34.29,2026-04-01T17:00:00Z,18759,34.335023
35.35,35.45,34.6,544,34.6,2026-04-01T18:00:00Z,55531,35.161215
34.72,35.36,34.68,467,35.35,2026-04-01T19:00:00Z,44857,34.935103
36.17,37.205,36.17,600,36.87,2026-04-02T13:00:00Z,80899,36.913015
34.84,36.47,34.49,1045,36.2,2026-04-02T14:00:00Z,95687,35.319624
35.57,35.69,34.85,163,34.85,2026-04-02T15:00:00Z,14226,35.294548
35.675,35.93,35.44,247,35.54,2026-04-02T16:00:00Z,21352,35.681708
35.425,35.83,35.285,126,35.79,2026-04-02T17:00:00Z,10263,35.516678
35.06,35.4,35.05,123,35.4,2026-04-02T18:00:00Z,11541,35.197934
34.73,35.2,34.685,387,35.01,2026-04-02T19:00:00Z,39507,34.917901
34.13,34.76,34.13,151,34.73,2026-04-06T13:00:00Z,13688,34.41939
33.75,34.45,33.69,476,34.2,2026-04-06T14:00:00Z,45797,33.986925
33.875,34.06,33.68,344,33.75,2026-04-06T15:00:00Z,32109,33.902516
34.03,34.12,33.78,149,33.83,2026-04-06T16:00:00Z,13179,33.928674
34.2,34.47,33.91,198,34.08,2026-04-06T17:00:00Z,18776,34.222555
34.08,34.24,33.85,116,34.2,2026-04-06T18:00:00Z,9770,34.03415
33.88,34.24,33.83,252,34.1,2026-04-06T19:00:00Z,22660,34.031495
34.54,34.54,34.54,1,34.54,2026-04-07T12:00:00Z,200,34.54
35.43,35.43,34.62,859,34.63,2026-04-07T13:00:00Z,66979,35.181038
35.82,35.88,35.11,580,35.43,2026-04-07T14:00:00Z,49989,35.517238
35.33,35.98,35.09,746,35.85,2026-04-07T15:00:00Z,66536,35.624552
35.34,35.41,34.67,483,35.3,2026-04-07T16:00:00Z,61585,35.307379
35.425,35.58,35.13,657,35.35,2026-04-07T17:00:00Z,66724,35.401391
36.15,36.275,35.37,250,35.41,2026-04-07T18:00:00Z,24059,35.884971
35.04,36.3,34.8,994,36.19,2026-04-07T19:00:00Z,99876,35.268596
31.77,31.77,31.77,1,31.77,2026-04-08T12:00:00Z,150,31.77
31.655,31.8,31.06,459,31.59,2026-04-08T13:00:00Z,43189,31.526784
32.585,32.82,31.475,475,31.655,2026-04-08T14:00:00Z,55997,32.151124
32.05,32.51,32.0,209,32.465,2026-04-08T15:00:00Z,23203,32.233582
31.725,32.06,31.64,150,32.04,2026-04-08T16:00:00Z,15266,31.854313
31.94,32.2,31.655,136,31.655,2026-04-08T17:00:00Z,13356,31.992467
32.38,32.38,31.68,234,31.85,2026-04-08T18:00:00Z,32645,31.978018
31.61,32.38,31.61,526,32.38,2026-04-08T19:00:00Z,59346,31.805216
31.9,31.96,31.71,62,31.86,2026-04-09T13:00:00Z,6691,31.821612
31.42,31.85,31.375,395,31.835,2026-04-09T14:00:00Z,44634,31.653443
30.98,31.52,30.9,487,31.48,2026-04-09T15:00:00Z,25740,31.128735
30.69,30.97,30.62,352,30.97,2026-04-09T16:00:00Z,32904,30.723828
30.54,30.71,30.46,69,30.65,2026-04-09T17:00:00Z,5924,30.583721
30.635,30.9,30.58,94,30.59,2026-04-09T18:00:00Z,11444,30.719248
30.39,30.67,30.37,320,30.655,2026-04-09T19:00:00Z,34451,30.491538
30.155,30.38,30.14,104,30.215,2026-04-10T13:00:00Z,13019,30.253817
30.485,30.57,30.1,278,30.23,2026-04-10T14:00:00Z,25126,30.272499
30.9,30.93,30.375,161,30.475,2026-04-10T15:00:00Z,16772,30.613318
30.81,30.96,30.59,245,30.875,2026-04-10T16:00:00Z,19619,30.814175
30.825,31.08,30.82,101,30.86,2026-04-10T17:00:00Z,7236,30.930072
30.9,30.92,30.73,96,30.815,2026-04-10T18:00:00Z,9157,30.847019
30.81,30.86,30.7,223,30.76,2026-04-10T19:00:00Z,23714,30.78945
30.62,31.26,30.575,158,31.14,2026-04-13T13:00:00Z,15282,30.958199
30.39,30.64,30.36,317,30.595,2026-04-13T14:00:00Z,34087,30.514778
30.48,30.62,30.43,148,30.43,2026-04-13T15:00:00Z,13203,30.540742
30.15,30.57,30.045,386,30.48,2026-04-13T16:00:00Z,32444,30.23359
30.12,30.17,30.05,195,30.13,2026-04-13T17:00:00Z,16896,30.120834
30.07,30.19,30.01,166,30.11,2026-04-13T18:00:00Z,15496,30.114312
29.61,30.09,29.57,429,30.05,2026-04-13T19:00:00Z,40832,29.732254
28.99,29.075,28.795,437,28.83,2026-04-14T13:00:00Z,46889,28.985167
29.05,29.07,28.77,988,28.97,2026-04-14T14:00:00Z,96779,28.890984
29.07,29.19,28.885,659,29.07,2026-04-14T15:00:00Z,63239,29.044839
29.3,29.36,29.0,270,29.04,2026-04-14T16:00:00Z,29209,29.18578
29.29,29.3,29.2,137,29.29,2026-04-14T17:00:00Z,14449,29.242645
29.23,29.41,29.22,145,29.275,2026-04-14T18:00:00Z,14431,29.30683
29.2,29.29,29.11,390,29.21,2026-04-14T19:00:00Z,38804,29.203089
29.03,29.09,28.93,79,28.975,2026-04-15T13:00:00Z,11848,29.020563
29.34,29.38,29.0,267,29.06,2026-04-15T14:00:00Z,27349,29.184462
29.4,29.44,29.3,140,29.375,2026-04-15T15:00:00Z,15017,29.379689
29.53,29.58,29.28,147,29.43,2026-04-15T16:00:00Z,16865,29.446924
29.36,29.405,29.3,74,29.39,2026-04-15T17:00:00Z,7144,29.353484
29.275,29.39,29.22,131,29.39,2026-04-15T18:00:00Z,12433,29.28697
29.33,29.35,29.23,241,29.28,2026-04-15T19:00:00Z,26755,29.290911
29.77,29.95,29.33,99,29.33,2026-04-16T13:00:00Z,8378,29.712469
29.53,29.77,29.47,141,29.75,2026-04-16T14:00:00Z,12693,29.629142
29.51,29.575,29.29,162,29.53,2026-04-16T15:00:00Z,16593,29.442511
29.75,29.9,29.52,139,29.52,2026-04-16T16:00:00Z,12130,29.724193
29.45,29.79,29.37,120,29.74,2026-04-16T17:00:00Z,10160,29.549406
29.205,29.4,29.17,196,29.39,2026-04-16T18:00:00Z,18482,29.293518
29.29,29.315,29.04,495,29.17,2026-04-16T19:00:00Z,55641,29.18633
28.41,28.41,28.41,2,28.41,2026-04-17T12:00:00Z,190,28.41
28.58,28.84,28.38,176,28.38,2026-04-17T13:00:00Z,19115,28.653541
28.75,28.975,28.54,247,28.57,2026-04-17T14:00:00Z,26267,28.778315
28.63,28.76,28.37,259,28.74,2026-04-17T15:00:00Z,24254,28.592479
28.76,28.87,28.65,183,28.695,2026-04-17T16:00:00Z,20733,28.760678
28.685,28.91,28.55,153,28.73,2026-04-17T17:00:00Z,16651,28.727696
28.755,28.76,28.61,131,28.66,2026-04-17T18:00:00Z,13140,28.696977
28.955,28.98,28.65,411,28.74,2026-04-17T19:00:00Z,48941,28.848598
29.27,29.415,29.2,272,29.25,2026-04-20T13:00:00Z,29381,29.274991
29.69,29.8,29.275,312,29.275,2026-04-20T14:00:00Z,30007,29.53151
29.48,29.83,29.475,209,29.63,2026-04-20T15:00:00Z,25019,29.664513
29.435,29.56,29.33,157,29.485,2026-04-20T16:00:00Z,17144,29.41625
29.525,29.61,29.39,138,29.42,2026-04-20T17:00:00Z,14309,29.497208
29.49,29.61,29.47,98,29.5,2026-04-20T18:00:00Z,9034,29.534013
29.36,29.755,29.36,229,29.475,2026-04-20T19:00:00Z,23134,29.523412
29.29,29.44,29.29,80,29.305,2026-04-21T13:00:00Z,8462,29.382695
29.72,29.76,29.25,252,29.3,2026-04-21T14:00:00Z,25347,29.511267
29.61,29.945,29.57,286,29.72,2026-04-21T15:00:00Z,27717,29.768264
29.75,29.75,29.43,141,29.58,2026-04-21T16:00:00Z,12631,29.579026
29.66,30.07,29.465,331,29.77,2026-04-21T17:00:00Z,33137,29.754212
29.55,29.84,29.49,197,29.61,2026-04-21T18:00:00Z,16749,29.648669
29.9,30.39,29.44,660,29.515,2026-04-21T19:00:00Z,69759,29.949556
29.53,29.68,29.53,3,29.68,2026-04-21T20:00:00Z,570,29.591316
29.32,29.35,29.12,159,29.17,2026-04-22T13:00:00Z,20623,29.25459
29.57,29.59,29.3,374,29.325,2026-04-22T14:00:00Z,34365,29.43961
29.74,29.88,29.5,346,29.52,2026-04-22T15:00:00Z,32775,29.624045
29.73,29.81,29.63,237,29.705,2026-04-22T16:00:00Z,20818,29.709077
29.63,29.73,29.51,109,29.715,2026-04-22T17:00:00Z,10122,29.597277
29.535,29.65,29.405,118,29.63,2026-04-22T18:00:00Z,11950,29.539599
29.54,29.65,29.3,440,29.58,2026-04-22T19:00:00Z,41027,29.486477
29.74,29.85,29.64,98,29.66,2026-04-23T13:00:00Z,13669,29.73967
29.45,29.88,29.45,137,29.85,2026-04-23T14:00:00Z,13923,29.633207
29.715,29.84,29.43,163,29.44,2026-04-23T15:00:00Z,15663,29.621555
29.49,29.86,29.45,177,29.745,2026-04-23T16:00:00Z,15805,29.660433
30.14,30.905,29.49,819,29.49,2026-04-23T17:00:00Z,72914,30.200208
30.12,30.21,29.69,442,29.95,2026-04-23T18:00:00Z,43317,29.855234
29.54,30.19,29.46,727,30.12,2026-04-23T19:00:00Z,73159,29.684437
29.59,29.69,29.38,108,29.41,2026-04-24T13:00:00Z,10638,29.50706
29.31,29.65,29.29,227,29.61,2026-04-24T14:00:00Z,22443,29.429222
29.41,29.57,29.09,382,29.3,2026-04-24T15:00:00Z,37640,29.385724
29.43,29.545,29.33,211,29.4,2026-04-24T16:00:00Z,19370,29.460438
29.33,29.53,29.3,131,29.41,2026-04-24T17:00:00Z,14736,29.432072
29.335,29.55,29.33,144,29.36,2026-04-24T18:00:00Z,13988,29.432136
29.78,29.85,29.31,761,29.345,2026-04-24T19:00:00Z,76243,29.660703
29.41,29.62,29.39,244,29.61,2026-04-27T13:00:00Z,23444,29.52257
29.38,29.44,29.28,356,29.44,2026-04-27T14:00:00Z,33394,29.375201
29.245,29.51,29.22,159,29.36,2026-04-27T15:00:00Z,15194,29.386037
29.12,29.215,29.08,128,29.19,2026-04-27T16:00:00Z,13755,29.158071
29.08,29.22,29.08,179,29.11,2026-04-27T17:00:00Z,17429,29.121788
29.1,29.13,29.05,94,29.08,2026-04-27T18:00:00Z,8722,29.096954
28.87,29.09,28.78,461,29.085,2026-04-27T19:00:00Z,51631,28.875032
29.34,29.34,29.34,1,29.34,2026-04-28T12:00:00Z,140,29.34
29.28,29.44,29.23,155,29.35,2026-04-28T13:00:00Z,14019,29.323369
28.995,29.3,28.95,283,29.3,2026-04-28T14:00:00Z,28885,29.097483
29.16,29.18,28.89,119,28.97,2026-04-28T15:00:00Z,11214,29.043748
28.985,29.17,28.965,79,29.08,2026-04-28T16:00:00Z,6992,29.073845
28.87,29.07,28.84,104,28.99,2026-04-28T17:00:00Z,9731,28.947248
28.8,28.92,28.78,111,28.87,2026-04-28T18:00:00Z,9943,28.857667
28.33,28.79,28.31,500,28.79,2026-04-28T19:00:00Z,54639,28.496683
28.415,28.63,28.345,142,28.42,2026-04-29T13:00:00Z,33466,28.460413
28.56,28.59,28.29,324,28.44,2026-04-29T14:00:00Z,42785,28.421557
28.9,29.03,28.575,322,28.575,2026-04-29T15:00:00Z,38197,28.811082
28.99,29.13,28.82,185,28.88,2026-04-29T16:00:00Z,19933,28.9554
28.85,29.11,28.79,206,28.98,2026-04-29T17:00:00Z,22864,28.965618
28.89,29.29,28.85,344,28.85,2026-04-29T18:00:00Z,41005,29.036559
28.99,29.16,28.82,406,28.88,2026-04-29T19:00:00Z,41362,29.004585
28.79,29.07,28.65,164,28.65,2026-04-30T13:00:00Z,16371,28.838422
28.32,28.745,28.305,276,28.745,2026-04-30T14:00:00Z,28878,28.45258
28.44,28.45,28.31,99,28.31,2026-04-30T15:00:00Z,11826,28.380588
28.36,28.49,28.32,65,28.47,2026-04-30T16:00:00Z,7288,28.379833
28.21,28.34,28.17,300,28.34,2026-04-30T17:00:00Z,33180,28.236603
28.245,28.27,28.19,228,28.19,2026-04-30T18:00:00Z,22769,28.235382
28.125,28.33,28.085,555,28.24,2026-04-30T19:00:00Z,61873,28.185546
27.99,27.99,27.99,2,27.99,2026-05-01T12:00:00Z,195,27.99
27.83,27.99,27.83,228,27.93,2026-05-01T13:00:00Z,52339,27.899005
27.89,27.97,27.77,251,27.78,2026-05-01T14:00:00Z,25688,27.889445
28.1,28.18,27.92,206,27.92,2026-05-01T15:00:00Z,20979,28.034512
27.93,28.27,27.925,164,28.075,2026-05-01T16:00:00Z,19668,28.132082
28.195,28.2,27.9,103,27.95,2026-05-01T17:00:00Z,11505,28.058379
28.19,28.3,28.13,233,28.17,2026-05-01T18:00:00Z,27511,28.215714
28.38,28.38,28.09,328,28.17,2026-05-01T19:00:00Z,37299,28.249231
28.32,28.32,28.32,1,28.32,2026-05-04T12:00:00Z,100,28.32
27.86,28.38,27.84,226,28.38,2026-05-04T13:00:00Z,24160,28.050189
28.19,28.19,27.64,446,27.83,2026-05-04T14:00:00Z,68893,27.840049
28.72,28.88,28.1,649,28.22,2026-05-04T15:00:00Z,67352,28.602362
28.91,29.22,28.71,501,28.73,2026-05-04T16:00:00Z,49437,28.962744
28.63,28.895,28.5,350,28.895,2026-05-04T17:00:00Z,35156,28.645869
28.82,28.91,28.51,364,28.64,2026-05-04T18:00:00Z,36376,28.778325
28.69,28.83,28.63,887,28.82,2026-05-04T19:00:00Z,84435,28.707229
28.13,28.19,28.04,168,28.04,2026-05-05T13:00:00Z,16688,28.123975
28.165,28.31,28.06,223,28.11,2026-05-05T14:00:00Z,23799,28.137756
28.35,28.36,28.12,192,28.125,2026-05-05T15:00:00Z,19520,28.286298
28.26,28.38,28.2,107,28.36,2026-05-05T16:00:00Z,9966,28.275732
28.21,28.285,28.16,135,28.26,2026-05-05T17:00:00Z,13425,28.21547
28.265,28.27,28.14,83,28.2,2026-05-05T18:00:00Z,9959,28.212316
28.68,28.77,28.27,541,28.27,2026-05-05T19:00:00Z,71036,28.573868
28.15,28.27,27.94,411,27.945,2026-05-06T13:00:00Z,41589,28.105497
27.91,28.165,27.87,593,28.16,2026-05-06T14:00:00Z,58339,27.980721
27.935,28.02,27.82,309,27.92,2026-05-06T15:00:00Z,28624,27.910053
28.03,28.09,27.91,191,27.94,2026-05-06T16:00:00Z,18375,28.018993
28.0,28.03,27.96,106,28.0,2026-05-06T17:00:00Z,11031,28.002846
28.04,28.13,27.94,221,28.01,2026-05-06T18:00:00Z,60542,28.001234
28.1,28.15,27.86,667,28.02,2026-05-06T19:00:00Z,65681,28.037019
27.89,27.97,27.84,134,27.905,2026-05-07T13:00:00Z,13745,27.887085
27.85,27.97,27.835,190,27.86,2026-05-07T14:00:00Z,20216,27.8935
28.09,28.095,27.865,253,27.87,2026-05-07T15:00:00Z,28236,28.011163
28.005,28.25,27.96,379,28.1,2026-05-07T16:00:00Z,37954,28.089826
27.93,28.3,27.85,387,27.95,2026-05-07T17:00:00Z,37090,28.033663
27.83,28.01,27.8,320,27.91,2026-05-07T18:00:00Z,29032,27.887707
27.88,28.06,27.78,456,27.84,2026-05-07T19:00:00Z,47801,27.918066
27.69,27.75,27.56,328,27.73,2026-05-08T13:00:00Z,39326,27.626613
27.985,28.03,27.68,553,27.68,2026-05-08T14:00:00Z,68311,27.874484
27.97,28.05,27.9,256,27.95,2026-05-08T15:00:00Z,28941,27.969108
28.03,28.08,27.92,231,27.94,2026-05-08T16:00:00Z,26850,27.978086
28.14,28.14,27.98,190,28.01,2026-05-08T17:00:00Z,23340,28.058835
28.05,28.09,27.945,298,28.09,2026-05-08T18:00:00Z,35512,28.031476
28.04,28.07,27.92,356,28.05,2026-05-08T19:00:00Z,42021,28.014361
28.045,28.15,28.0,334,28.05,2026-05-11T13:00:00Z,35227,28.064248
27.98,28.18,27.98,308,28.08,2026-05-11T14:00:00Z,32718,28.089248
27.98,28.03,27.83,198,27.99,2026-05-11T15:00:00Z,21339,27.904918
28.13,28.19,27.985,233,27.985,2026-05-11T16:00:00Z,21541,28.071546
28.215,28.25,28.06,403,28.12,2026-05-11T17:00:00Z,32243,28.178742
28.405,28.405,28.2,349,28.2,2026-05-11T18:00:00Z,50368,28.27754
28.45,28.535,28.32,553,28.42,2026-05-11T19:00:00Z,59512,28.431766
28.69,28.72,28.49,227,28.59,2026-05-12T13:00:00Z,23583,28.631211
28.83,28.83,28.515,496,28.67,2026-05-12T14:00:00Z,55106,28.644529
28.71,28.88,28.64,353,28.84,2026-05-12T15:00:00Z,37725,28.769576
28.59,28.73,28.51,248,28.73,2026-05-12T16:00:00Z,27796,28.603995
28.36,28.59,28.29,379,28.58,2026-05-12T17:00:00Z,40292,28.381443
28.18,28.37,28.14,273,28.36,2026-05-12T18:00:00Z,32926,28.21116
27.84,28.21,27.64,613,28.2,2026-05-12T19:00:00Z,75296,27.933055
27.81,27.81,27.81,1,27.81,2026-05-13T12:00:00Z,140,27.81
27.85,28.02,27.83,304,27.96,2026-05-13T13:00:00Z,42835,27.93571
27.9,27.96,27.73,394,27.86,2026-05-13T14:00:00Z,41956,27.857502
28.07,28.13,27.885,224,27.9,2026-05-13T15:00:00Z,25988,28.009339
28.09,28.22,28.04,286,28.08,2026-05-13T16:00:00Z,31886,28.106231
27.97,28.11,27.97,202,28.08,2026-05-13T17:00:00Z,23316,28.050446
27.96,28.09,27.9,236,27.99,2026-05-13T18:00:00Z,29875,27.988122
28.31,28.43,27.97,840,27.97,2026-05-13T19:00:00Z,109828,28.233392
28.27,28.38,28.14,167,28.14,2026-05-14T13:00:00Z,15439,28.268236
28.35,28.46,28.2,285,28.23,2026-05-14T14:00:00Z,29632,28.339319
28.34,28.39,28.2,180,28.32,2026-05-14T15:00:00Z,16838,28.309742
28.01,28.355,27.98,220,28.33,2026-05-14T16:00:00Z,28952,28.166695
27.73,27.98,27.68,348,27.98,2026-05-14T17:00:00Z,34213,27.800982
27.565,27.81,27.51,227,27.73,2026-05-14T18:00:00Z,25760,27.695425
27.68,27.8,27.47,525,27.595,2026-05-14T19:00:00Z,59906,27.630225
28.42,28.58,28.17,327,28.53,2026-05-15T13:00:00Z,33992,28.364382
27.95,28.515,27.92,324,28.46,2026-05-15T14:00:00Z,38597,28.184906
28.1,28.21,27.82,421,27.93,2026-05-15T15:00:00Z,56659,27.973533
28.07,28.245,27.92,251,28.07,2026-05-15T16:00:00Z,25976,28.076122
28.1,28.1,27.825,266,28.09,2026-05-15T17:00:00Z,28198,27.974411
27.95,28.15,27.93,273,28.07,2026-05-15T18:00:00Z,28418,28.043082
27.9,28.035,27.65,920,27.94,2026-05-15T19:00:00Z,107131,27.842585
