SESSION_ABSOLUTE_MAX_AGE_BARS,SESSION_HARD_STOP_PCT,SESSION_MAX_AGE_BARS,SESSION_SOFT_STOP_PCT,SESSION_TRAILING_GIVEBACK_RATIO,TREND_RISK_SCORE_DEFENSIVE,annualized_return_pct,average_session_pnl,avg_trades_per_session,defensive_mode_ratio,diag_avg_realized_session,diag_avg_unrealized_session,diag_base_exit_loss,diag_buy_fills_per_session,diag_grid_close_count,diag_grid_pnl_total,diag_sell_fills_per_session,diag_sessions_with_grid_sell,exit_reason_breakdown,forced_exit_count,forced_exit_ratio,grid_close_win_rate,max_drawdown_pct,max_session_loss,profit_factor,profit_protect_exit,score,session_count,session_win_rate,sharpe,timeout_exit,total_grid_sessions,total_return_pct,total_trades
40,0.03,24,0.015,0.5,65,1.4762666592424534,14.241423498948562,1.8103448275862069,0.0,1.106369247676136,13.135054251272416,-2619.8546424999076,0.46551724137931033,5,-472.34826837806406,1.3448275862068966,4,"{""profit_protect"": 31, ""hard_stop"": 15, ""age"": 11, ""price_deviation"": 1}",15,25.862068965517242,45.0,31.956757912185573,-405.12648000000013,1.120177787268747,0,-0.47576619096872214,58,44.827586206896555,-0.18521453937447818,11,59,7.592797304601154,165
40,0.03,24,0.015,0.6,65,0.844947012420616,12.032173067914053,1.8448275862068966,0.0,1.106369247676136,10.92580382023791,-2945.451762499928,0.4827586206896552,5,-476.90706180398996,1.3620689655172413,4,"{""profit_protect"": 30, ""hard_stop"": 15, ""age"": 12, ""price_deviation"": 1}",15,25.862068965517242,42.857142857142854,32.265791491103656,-405.12648000000013,1.101534789372936,0,-0.5283043829830602,58,44.827586206896555,-0.21555486520092237,12,59,4.291328686341258,167
40,0.03,24,0.015,0.5,70,1.4762666592424534,14.241423498948562,1.8103448275862069,0.0,1.106369247676136,13.135054251272416,-2619.8546424999076,0.46551724137931033,5,-472.34826837806406,1.3448275862068966,4,"{""profit_protect"": 31, ""hard_stop"": 15, ""age"": 11, ""price_deviation"": 1}",15,25.862068965517242,45.0,31.956757912185573,-405.12648000000013,1.120177787268747,0,-0.47576619096872214,58,44.827586206896555,-0.18521453937447818,11,59,7.592797304601154,165
40,0.03,24,0.015,0.6,70,0.844947012420616,12.032173067914053,1.8448275862068966,0.0,1.106369247676136,10.92580382023791,-2945.451762499928,0.4827586206896552,5,-476.90706180398996,1.3620689655172413,4,"{""profit_protect"": 30, ""hard_stop"": 15, ""age"": 12, ""price_deviation"": 1}",15,25.862068965517242,42.857142857142854,32.265791491103656,-405.12648000000013,1.101534789372936,0,-0.5283043829830602,58,44.827586206896555,-0.21555486520092237,12,59,4.291328686341258,167
60,0.03,24,0.015,0.5,65,-4.590072445928051,-87.81555655263162,1.6842105263157894,0.0,0.0,-87.81555655263162,-1803.4354574999743,0.47368421052631576,0,-233.65061564783935,1.2105263157894737,0,"{""profit_protect"": 12, ""hard_stop"": 7}",7,36.84210526315789,0.0,29.18895513980208,-406.5158699999997,0.3705524714506573,0,-1.0399602412183653,19,47.368421052631575,-0.8590757222476729,0,20,-20.91510590098573,53
60,0.03,24,0.015,0.6,65,-4.666833477864807,-90.18213550000003,1.6842105263157894,0.0,0.0,-90.18213550000003,-1835.1595874999766,0.47368421052631576,0,-233.65061564783935,1.2105263157894737,0,"{""profit_protect"": 12, ""hard_stop"": 7}",7,36.84210526315789,0.0,29.472998808031043,-406.5158699999997,0.35358922111077984,0,-1.0570824539543042,19,47.368421052631575,-0.8694587281684818,0,20,-21.232338381677582,53
60,0.03,24,0.015,0.5,70,-4.590072445928051,-87.81555655263162,1.6842105263157894,0.0,0.0,-87.81555655263162,-1803.4354574999743,0.47368421052631576,0,-233.65061564783935,1.2105263157894737,0,"{""profit_protect"": 12, ""hard_stop"": 7}",7,36.84210526315789,0.0,29.18895513980208,-406.5158699999997,0.3705524714506573,0,-1.0399602412183653,19,47.368421052631575,-0.8590757222476729,0,20,-20.91510590098573,53
60,0.03,24,0.015,0.6,70,-4.666833477864807,-90.18213550000003,1.6842105263157894,0.0,0.0,-90.18213550000003,-1835.1595874999766,0.47368421052631576,0,-233.65061564783935,1.2105263157894737,0,"{""profit_protect"": 12, ""hard_stop"": 7}",7,36.84210526315789,0.0,29.472998808031043,-406.5158699999997,0.35358922111077984,0,-1.0570824539543042,19,47.368421052631575,-0.8694587281684818,0,20,-21.232338381677582,53
40,0.03,24,0.015,0.6,75,0.844947012420616,12.032173067914053,1.8448275862068966,0.0,1.106369247676136,10.92580382023791,-2945.451762499928,0.4827586206896552,5,-476.90706180398996,1.3620689655172413,4,"{""profit_protect"": 30, ""hard_stop"": 15, ""age"": 12, ""price_deviation"": 1}",15,25.862068965517242,42.857142857142854,32.265791491103656,-405.12648000000013,1.101534789372936,0,-0.5283043829830602,58,44.827586206896555,-0.21555486520092237,12,59,4.291328686341258,167
40,0.03,24,0.015,0.5,75,1.4762666592424534,14.241423498948562,1.8103448275862069,0.0,1.106369247676136,13.135054251272416,-2619.8546424999076,0.46551724137931033,5,-472.34826837806406,1.3448275862068966,4,"{""profit_protect"": 31, ""hard_stop"": 15, ""age"": 11, ""price_deviation"": 1}",15,25.862068965517242,45.0,31.956757912185573,-405.12648000000013,1.120177787268747,0,-0.47576619096872214,58,44.827586206896555,-0.18521453937447818,11,59,7.592797304601154,165
60,0.03,24,0.015,0.5,75,-4.590072445928051,-87.81555655263162,1.6842105263157894,0.0,0.0,-87.81555655263162,-1803.4354574999743,0.47368421052631576,0,-233.65061564783935,1.2105263157894737,0,"{""profit_protect"": 12, ""hard_stop"": 7}",7,36.84210526315789,0.0,29.18895513980208,-406.5158699999997,0.3705524714506573,0,-1.0399602412183653,19,47.368421052631575,-0.8590757222476729,0,20,-20.91510590098573,53
60,0.03,24,0.015,0.6,75,-4.666833477864807,-90.18213550000003,1.6842105263157894,0.0,0.0,-90.18213550000003,-1835.1595874999766,0.47368421052631576,0,-233.65061564783935,1.2105263157894737,0,"{""profit_protect"": 12, ""hard_stop"": 7}",7,36.84210526315789,0.0,29.472998808031043,-406.5158699999997,0.35358922111077984,0,-1.0570824539543042,19,47.368421052631575,-0.8694587281684818,0,20,-21.232338381677582,53
40,0.03,30,0.015,0.6,65,0.844947012420616,12.032173067914053,1.8448275862068966,0.0,1.106369247676136,10.92580382023791,-2945.451762499928,0.4827586206896552,5,-476.90706180398996,1.3620689655172413,4,"{""profit_protect"": 30, ""hard_stop"": 15, ""age"": 12, ""price_deviation"": 1}",15,25.862068965517242,42.857142857142854,32.265791491103656,-405.12648000000013,1.101534789372936,0,-0.5283043829830602,58,44.827586206896555,-0.21555486520092237,12,59,4.291328686341258,167
40,0.03,30,0.015,0.5,65,1.4762666592424534,14.241423498948562,1.8103448275862069,0.0,1.106369247676136,13.135054251272416,-2619.8546424999076,0.46551724137931033,5,-472.34826837806406,1.3448275862068966,4,"{""profit_protect"": 31, ""hard_stop"": 15, ""age"": 11, ""price_deviation"": 1}",15,25.862068965517242,45.0,31.956757912185573,-405.12648000000013,1.120177787268747,0,-0.47576619096872214,58,44.827586206896555,-0.18521453937447818,11,59,7.592797304601154,165
40,0.03,30,0.015,0.5,70,1.4762666592424534,14.241423498948562,1.8103448275862069,0.0,1.106369247676136,13.135054251272416,-2619.8546424999076,0.46551724137931033,5,-472.34826837806406,1.3448275862068966,4,"{""profit_protect"": 31, ""hard_stop"": 15, ""age"": 11, ""price_deviation"": 1}",15,25.862068965517242,45.0,31.956757912185573,-405.12648000000013,1.120177787268747,0,-0.47576619096872214,58,44.827586206896555,-0.18521453937447818,11,59,7.592797304601154,165
40,0.03,30,0.015,0.6,70,0.844947012420616,12.032173067914053,1.8448275862068966,0.0,1.106369247676136,10.92580382023791,-2945.451762499928,0.4827586206896552,5,-476.90706180398996,1.3620689655172413,4,"{""profit_protect"": 30, ""hard_stop"": 15, ""age"": 12, ""price_deviation"": 1}",15,25.862068965517242,42.857142857142854,32.265791491103656,-405.12648000000013,1.101534789372936,0,-0.5283043829830602,58,44.827586206896555,-0.21555486520092237,12,59,4.291328686341258,167
60,0.03,30,0.015,0.5,65,-4.590072445928051,-87.81555655263162,1.6842105263157894,0.0,0.0,-87.81555655263162,-1803.4354574999743,0.47368421052631576,0,-233.65061564783935,1.2105263157894737,0,"{""profit_protect"": 12, ""hard_stop"": 7}",7,36.84210526315789,0.0,29.18895513980208,-406.5158699999997,0.3705524714506573,0,-1.0399602412183653,19,47.368421052631575,-0.8590757222476729,0,20,-20.91510590098573,53
60,0.03,30,0.015,0.6,65,-4.666833477864807,-90.18213550000003,1.6842105263157894,0.0,0.0,-90.18213550000003,-1835.1595874999766,0.47368421052631576,0,-233.65061564783935,1.2105263157894737,0,"{""profit_protect"": 12, ""hard_stop"": 7}",7,36.84210526315789,0.0,29.472998808031043,-406.5158699999997,0.35358922111077984,0,-1.0570824539543042,19,47.368421052631575,-0.8694587281684818,0,20,-21.232338381677582,53
60,0.03,30,0.015,0.5,70,-4.590072445928051,-87.81555655263162,1.6842105263157894,0.0,0.0,-87.81555655263162,-1803.4354574999743,0.47368421052631576,0,-233.65061564783935,1.2105263157894737,0,"{""profit_protect"": 12, ""hard_stop"": 7}",7,36.84210526315789,0.0,29.18895513980208,-406.5158699999997,0.3705524714506573,0,-1.0399602412183653,19,47.368421052631575,-0.8590757222476729,0,20,-20.91510590098573,53
60,0.03,30,0.015,0.6,70,-4.666833477864807,-90.18213550000003,1.6842105263157894,0.0,0.0,-90.18213550000003,-1835.1595874999766,0.47368421052631576,0,-233.65061564783935,1.2105263157894737,0,"{""profit_protect"": 12, ""hard_stop"": 7}",7,36.84210526315789,0.0,29.472998808031043,-406.5158699999997,0.35358922111077984,0,-1.0570824539543042,19,47.368421052631575,-0.8694587281684818,0,20,-21.232338381677582,53
40,0.03,30,0.015,0.6,75,0.844947012420616,12.032173067914053,1.8448275862068966,0.0,1.106369247676136,10.92580382023791,-2945.451762499928,0.4827586206896552,5,-476.90706180398996,1.3620689655172413,4,"{""profit_protect"": 30, ""hard_stop"": 15, ""age"": 12, ""price_deviation"": 1}",15,25.862068965517242,42.857142857142854,32.265791491103656,-405.12648000000013,1.101534789372936,0,-0.5283043829830602,58,44.827586206896555,-0.21555486520092237,12,59,4.291328686341258,167
40,0.03,30,0.015,0.5,75,1.4762666592424534,14.241423498948562,1.8103448275862069,0.0,1.106369247676136,13.135054251272416,-2619.8546424999076,0.46551724137931033,5,-472.34826837806406,1.3448275862068966,4,"{""profit_protect"": 31, ""hard_stop"": 15, ""age"": 11, ""price_deviation"": 1}",15,25.862068965517242,45.0,31.956757912185573,-405.12648000000013,1.120177787268747,0,-0.47576619096872214,58,44.827586206896555,-0.18521453937447818,11,59,7.592797304601154,165
60,0.03,30,0.015,0.5,75,-4.590072445928051,-87.81555655263162,1.6842105263157894,0.0,0.0,-87.81555655263162,-1803.4354574999743,0.47368421052631576,0,-233.65061564783935,1.2105263157894737,0,"{""profit_protect"": 12, ""hard_stop"": 7}",7,36.84210526315789,0.0,29.18895513980208,-406.5158699999997,0.3705524714506573,0,-1.0399602412183653,19,47.368421052631575,-0.8590757222476729,0,20,-20.91510590098573,53
60,0.03,30,0.015,0.6,75,-4.666833477864807,-90.18213550000003,1.6842105263157894,0.0,0.0,-90.18213550000003,-1835.1595874999766,0.47368421052631576,0,-233.65061564783935,1.2105263157894737,0,"{""profit_protect"": 12, ""hard_stop"": 7}",7,36.84210526315789,0.0,29.472998808031043,-406.5158699999997,0.35358922111077984,0,-1.0570824539543042,19,47.368421052631575,-0.8694587281684818,0,20,-21.232338381677582,53
40,0.03,40,0.015,0.5,65,1.4762666592424534,14.241423498948562,1.8103448275862069,0.0,1.106369247676136,13.135054251272416,-2619.8546424999076,0.46551724137931033,5,-472.34826837806406,1.3448275862068966,4,"{""profit_protect"": 31, ""hard_stop"": 15, ""age"": 11, ""price_deviation"": 1}",15,25.862068965517242,45.0,31.956757912185573,-405.12648000000013,1.120177787268747,0,-0.47576619096872214,58,44.827586206896555,-0.18521453937447818,11,59,7.592797304601154,165
40,0.03,40,0.015,0.6,65,0.844947012420616,12.032173067914053,1.8448275862068966,0.0,1.106369247676136,10.92580382023791,-2945.451762499928,0.4827586206896552,5,-476.90706180398996,1.3620689655172413,4,"{""profit_protect"": 30, ""hard_stop"": 15, ""age"": 12, ""price_deviation"": 1}",15,25.862068965517242,42.857142857142854,32.265791491103656,-405.12648000000013,1.101534789372936,0,-0.5283043829830602,58,44.827586206896555,-0.21555486520092237,12,59,4.291328686341258,167
40,0.03,40,0.015,0.5,70,1.4762666592424534,14.241423498948562,1.8103448275862069,0.0,1.106369247676136,13.135054251272416,-2619.8546424999076,0.46551724137931033,5,-472.34826837806406,1.3448275862068966,4,"{""profit_protect"": 31, ""hard_stop"": 15, ""age"": 11, ""price_deviation"": 1}",15,25.862068965517242,45.0,31.956757912185573,-405.12648000000013,1.120177787268747,0,-0.47576619096872214,58,44.827586206896555,-0.18521453937447818,11,59,7.592797304601154,165
40,0.03,40,0.015,0.6,70,0.844947012420616,12.032173067914053,1.8448275862068966,0.0,1.106369247676136,10.92580382023791,-2945.451762499928,0.4827586206896552,5,-476.90706180398996,1.3620689655172413,4,"{""profit_protect"": 30, ""hard_stop"": 15, ""age"": 12, ""price_deviation"": 1}",15,25.862068965517242,42.857142857142854,32.265791491103656,-405.12648000000013,1.101534789372936,0,-0.5283043829830602,58,44.827586206896555,-0.21555486520092237,12,59,4.291328686341258,167
60,0.03,40,0.015,0.5,65,-4.590072445928051,-87.81555655263162,1.6842105263157894,0.0,0.0,-87.81555655263162,-1803.4354574999743,0.47368421052631576,0,-233.65061564783935,1.2105263157894737,0,"{""profit_protect"": 12, ""hard_stop"": 7}",7,36.84210526315789,0.0,29.18895513980208,-406.5158699999997,0.3705524714506573,0,-1.0399602412183653,19,47.368421052631575,-0.8590757222476729,0,20,-20.91510590098573,53
60,0.03,40,0.015,0.6,65,-4.666833477864807,-90.18213550000003,1.6842105263157894,0.0,0.0,-90.18213550000003,-1835.1595874999766,0.47368421052631576,0,-233.65061564783935,1.2105263157894737,0,"{""profit_protect"": 12, ""hard_stop"": 7}",7,36.84210526315789,0.0,29.472998808031043,-406.5158699999997,0.35358922111077984,0,-1.0570824539543042,19,47.368421052631575,-0.8694587281684818,0,20,-21.232338381677582,53
60,0.03,40,0.015,0.5,70,-4.590072445928051,-87.81555655263162,1.6842105263157894,0.0,0.0,-87.81555655263162,-1803.4354574999743,0.47368421052631576,0,-233.65061564783935,1.2105263157894737,0,"{""profit_protect"": 12, ""hard_stop"": 7}",7,36.84210526315789,0.0,29.18895513980208,-406.5158699999997,0.3705524714506573,0,-1.0399602412183653,19,47.368421052631575,-0.8590757222476729,0,20,-20.91510590098573,53
60,0.03,40,0.015,0.6,70,-4.666833477864807,-90.18213550000003,1.6842105263157894,0.0,0.0,-90.18213550000003,-1835.1595874999766,0.47368421052631576,0,-233.65061564783935,1.2105263157894737,0,"{""profit_protect"": 12, ""hard_stop"": 7}",7,36.84210526315789,0.0,29.472998808031043,-406.5158699999997,0.35358922111077984,0,-1.0570824539543042,19,47.368421052631575,-0.8694587281684818,0,20,-21.232338381677582,53
40,0.03,40,0.015,0.5,75,1.4762666592424534,14.241423498948562,1.8103448275862069,0.0,1.106369247676136,13.135054251272416,-2619.8546424999076,0.46551724137931033,5,-472.34826837806406,1.3448275862068966,4,"{""profit_protect"": 31, ""hard_stop"": 15, ""age"": 11, ""price_deviation"": 1}",15,25.862068965517242,45.0,31.956757912185573,-405.12648000000013,1.120177787268747,0,-0.47576619096872214,58,44.827586206896555,-0.18521453937447818,11,59,7.592797304601154,165
40,0.03,40,0.015,0.6,75,0.844947012420616,12.032173067914053,1.8448275862068966,0.0,1.106369247676136,10.92580382023791,-2945.451762499928,0.4827586206896552,5,-476.90706180398996,1.3620689655172413,4,"{""profit_protect"": 30, ""hard_stop"": 15, ""age"": 12, ""price_deviation"": 1}",15,25.862068965517242,42.857142857142854,32.265791491103656,-405.12648000000013,1.101534789372936,0,-0.5283043829830602,58,44.827586206896555,-0.21555486520092237,12,59,4.291328686341258,167
60,0.03,40,0.015,0.5,75,-4.590072445928051,-87.81555655263162,1.6842105263157894,0.0,0.0,-87.81555655263162,-1803.4354574999743,0.47368421052631576,0,-233.65061564783935,1.2105263157894737,0,"{""profit_protect"": 12, ""hard_stop"": 7}",7,36.84210526315789,0.0,29.18895513980208,-406.5158699999997,0.3705524714506573,0,-1.0399602412183653,19,47.368421052631575,-0.8590757222476729,0,20,-20.91510590098573,53
60,0.03,40,0.015,0.6,75,-4.666833477864807,-90.18213550000003,1.6842105263157894,0.0,0.0,-90.18213550000003,-1835.1595874999766,0.47368421052631576,0,-233.65061564783935,1.2105263157894737,0,"{""profit_protect"": 12, ""hard_stop"": 7}",7,36.84210526315789,0.0,29.472998808031043,-406.5158699999997,0.35358922111077984,0,-1.0570824539543042,19,47.368421052631575,-0.8694587281684818,0,20,-21.232338381677582,53
40,0.04,24,0.015,0.6,65,-4.432151540343698,-72.29497445454554,1.9090909090909092,0.0,0.0,-72.29497445454555,-1599.5027574999986,0.5909090909090909,0,-354.5531591017066,1.3181818181818181,0,"{""profit_protect"": 13, ""hard_stop"": 6, ""age"": 3}",6,27.27272727272727,14.285714285714285,32.131553514123674,-541.9065010000007,0.5288949620528856,0,-1.7502642336858483,22,50.0,-0.8104847069864606,3,23,-20.259248136555634,66
40,0.04,24,0.015,0.6,70,-4.432151540343698,-72.29497445454554,1.9090909090909092,0.0,0.0,-72.29497445454555,-1599.5027574999986,0.5909090909090909,0,-354.5531591017066,1.3181818181818181,0,"{""profit_protect"": 13, ""hard_stop"": 6, ""age"": 3}",6,27.27272727272727,14.285714285714285,32.131553514123674,-541.9065010000007,0.5288949620528856,0,-1.7502642336858483,22,50.0,-0.8104847069864606,3,23,-20.259248136555634,66
40,0.04,24,0.015,0.5,65,-4.576254752447495,-54.0332354113889,1.8709677419354838,0.0,0.31750161451686365,-54.35073702590576,-1505.4215850000328,0.5483870967741935,1,-475.01254746450354,1.3225806451612903,1,"{""profit_protect"": 18, ""hard_stop"": 9, ""age"": 4}",9,29.03225806451613,30.0,32.64106816187609,-547.6288800000007,0.6649262371537444,0,-1.508808472548847,31,45.16129032258064,-0.6874040369821334,4,32,-20.85789276746922,91
40,0.04,24,0.015,0.5,70,-4.576254752447495,-54.0332354113889,1.8709677419354838,0.0,0.31750161451686365,-54.35073702590576,-1505.4215850000328,0.5483870967741935,1,-475.01254746450354,1.3225806451612903,1,"{""profit_protect"": 18, ""hard_stop"": 9, ""age"": 4}",9,29.03225806451613,30.0,32.64106816187609,-547.6288800000007,0.6649262371537444,0,-1.508808472548847,31,45.16129032258064,-0.6874040369821334,4,32,-20.85789276746922,91
60,0.04,24,0.015,0.5,65,-4.396237909400447,-113.02728340625002,1.8125,0.0,0.0,-113.02728340625002,-1725.6570450000145,0.5625,0,-240.67190795048663,1.25,0,"{""profit_protect"": 10, ""hard_stop"": 5, ""age"": 1}",5,31.25,25.0,27.06991830251567,-541.9065010000007,0.2990322906407436,0,-1.0446207622706136,16,50.0,-0.8212567967663628,1,17,-20.109490716961016,47
60,0.04,24,0.015,0.6,65,-4.472378023177792,-115.83759590625003,1.8125,0.0,0.0,-115.83759590625002,-1757.3811750000168,0.5625,0,-240.67190795048663,1.25,0,"{""profit_protect"": 10, ""hard_stop"": 5, ""age"": 1}",5,31.25,25.0,27.35951203450687,-541.9065010000007,0.281603416334102,0,-1.0620794981003032,16,50.0,-0.8314904402498255,1,17,-20.426723197652873,47
40,0.04,24,0.015,0.6,75,-4.432151540343698,-72.29497445454554,1.9090909090909092,0.0,0.0,-72.29497445454555,-1599.5027574999986,0.5909090909090909,0,-354.5531591017066,1.3181818181818181,0,"{""profit_protect"": 13, ""hard_stop"": 6, ""age"": 3}",6,27.27272727272727,14.285714285714285,32.131553514123674,-541.9065010000007,0.5288949620528856,0,-1.7502642336858483,22,50.0,-0.8104847069864606,3,23,-20.259248136555634,66
40,0.04,24,0.015,0.5,75,-4.576254752447495,-54.0332354113889,1.8709677419354838,0.0,0.31750161451686365,-54.35073702590576,-1505.4215850000328,0.5483870967741935,1,-475.01254746450354,1.3225806451612903,1,"{""profit_protect"": 18, ""hard_stop"": 9, ""age"": 4}",9,29.03225806451613,30.0,32.64106816187609,-547.6288800000007,0.6649262371537444,0,-1.508808472548847,31,45.16129032258064,-0.6874040369821334,4,32,-20.85789276746922,91
60,0.04,24,0.015,0.5,70,-4.396237909400447,-113.02728340625002,1.8125,0.0,0.0,-113.02728340625002,-1725.6570450000145,0.5625,0,-240.67190795048663,1.25,0,"{""profit_protect"": 10, ""hard_stop"": 5, ""age"": 1}",5,31.25,25.0,27.06991830251567,-541.9065010000007,0.2990322906407436,0,-1.0446207622706136,16,50.0,-0.8212567967663628,1,17,-20.109490716961016,47
60,0.04,24,0.015,0.6,70,-4.472378023177792,-115.83759590625003,1.8125,0.0,0.0,-115.83759590625002,-1757.3811750000168,0.5625,0,-240.67190795048663,1.25,0,"{""profit_protect"": 10, ""hard_stop"": 5, ""age"": 1}",5,31.25,25.0,27.35951203450687,-541.9065010000007,0.281603416334102,0,-1.0620794981003032,16,50.0,-0.8314904402498255,1,17,-20.426723197652873,47
60,0.04,24,0.015,0.5,75,-4.396237909400447,-113.02728340625002,1.8125,0.0,0.0,-113.02728340625002,-1725.6570450000145,0.5625,0,-240.67190795048663,1.25,0,"{""profit_protect"": 10, ""hard_stop"": 5, ""age"": 1}",5,31.25,25.0,27.06991830251567,-541.9065010000007,0.2990322906407436,0,-1.0446207622706136,16,50.0,-0.8212567967663628,1,17,-20.109490716961016,47
60,0.04,24,0.015,0.6,75,-4.472378023177792,-115.83759590625003,1.8125,0.0,0.0,-115.83759590625002,-1757.3811750000168,0.5625,0,-240.67190795048663,1.25,0,"{""profit_protect"": 10, ""hard_stop"": 5, ""age"": 1}",5,31.25,25.0,27.35951203450687,-541.9065010000007,0.281603416334102,0,-1.0620794981003032,16,50.0,-0.8314904402498255,1,17,-20.426723197652873,47
40,0.04,30,0.015,0.6,65,-4.432151540343698,-72.29497445454554,1.9090909090909092,0.0,0.0,-72.29497445454555,-1599.5027574999986,0.5909090909090909,0,-354.5531591017066,1.3181818181818181,0,"{""profit_protect"": 13, ""hard_stop"": 6, ""age"": 3}",6,27.27272727272727,14.285714285714285,32.131553514123674,-541.9065010000007,0.5288949620528856,0,-1.7502642336858483,22,50.0,-0.8104847069864606,3,23,-20.259248136555634,66
40,0.04,30,0.015,0.5,65,-4.576254752447495,-54.0332354113889,1.8709677419354838,0.0,0.31750161451686365,-54.35073702590576,-1505.4215850000328,0.5483870967741935,1,-475.01254746450354,1.3225806451612903,1,"{""profit_protect"": 18, ""hard_stop"": 9, ""age"": 4}",9,29.03225806451613,30.0,32.64106816187609,-547.6288800000007,0.6649262371537444,0,-1.508808472548847,31,45.16129032258064,-0.6874040369821334,4,32,-20.85789276746922,91
40,0.04,30,0.015,0.6,70,-4.432151540343698,-72.29497445454554,1.9090909090909092,0.0,0.0,-72.29497445454555,-1599.5027574999986,0.5909090909090909,0,-354.5531591017066,1.3181818181818181,0,"{""profit_protect"": 13, ""hard_stop"": 6, ""age"": 3}",6,27.27272727272727,14.285714285714285,32.131553514123674,-541.9065010000007,0.5288949620528856,0,-1.7502642336858483,22,50.0,-0.8104847069864606,3,23,-20.259248136555634,66
40,0.04,30,0.015,0.5,70,-4.576254752447495,-54.0332354113889,1.8709677419354838,0.0,0.31750161451686365,-54.35073702590576,-1505.4215850000328,0.5483870967741935,1,-475.01254746450354,1.3225806451612903,1,"{""profit_protect"": 18, ""hard_stop"": 9, ""age"": 4}",9,29.03225806451613,30.0,32.64106816187609,-547.6288800000007,0.6649262371537444,0,-1.508808472548847,31,45.16129032258064,-0.6874040369821334,4,32,-20.85789276746922,91
60,0.04,30,0.015,0.5,65,-4.396237909400447,-113.02728340625002,1.8125,0.0,0.0,-113.02728340625002,-1725.6570450000145,0.5625,0,-240.67190795048663,1.25,0,"{""profit_protect"": 10, ""hard_stop"": 5, ""age"": 1}",5,31.25,25.0,27.06991830251567,-541.9065010000007,0.2990322906407436,0,-1.0446207622706136,16,50.0,-0.8212567967663628,1,17,-20.109490716961016,47
60,0.04,30,0.015,0.6,65,-4.472378023177792,-115.83759590625003,1.8125,0.0,0.0,-115.83759590625002,-1757.3811750000168,0.5625,0,-240.67190795048663,1.25,0,"{""profit_protect"": 10, ""hard_stop"": 5, ""age"": 1}",5,31.25,25.0,27.35951203450687,-541.9065010000007,0.281603416334102,0,-1.0620794981003032,16,50.0,-0.8314904402498255,1,17,-20.426723197652873,47
40,0.04,30,0.015,0.6,75,-4.432151540343698,-72.29497445454554,1.9090909090909092,0.0,0.0,-72.29497445454555,-1599.5027574999986,0.5909090909090909,0,-354.5531591017066,1.3181818181818181,0,"{""profit_protect"": 13, ""hard_stop"": 6, ""age"": 3}",6,27.27272727272727,14.285714285714285,32.131553514123674,-541.9065010000007,0.5288949620528856,0,-1.7502642336858483,22,50.0,-0.8104847069864606,3,23,-20.259248136555634,66
40,0.04,30,0.015,0.5,75,-4.576254752447495,-54.0332354113889,1.8709677419354838,0.0,0.31750161451686365,-54.35073702590576,-1505.4215850000328,0.5483870967741935,1,-475.01254746450354,1.3225806451612903,1,"{""profit_protect"": 18, ""hard_stop"": 9, ""age"": 4}",9,29.03225806451613,30.0,32.64106816187609,-547.6288800000007,0.6649262371537444,0,-1.508808472548847,31,45.16129032258064,-0.6874040369821334,4,32,-20.85789276746922,91
60,0.04,30,0.015,0.5,70,-4.396237909400447,-113.02728340625002,1.8125,0.0,0.0,-113.02728340625002,-1725.6570450000145,0.5625,0,-240.67190795048663,1.25,0,"{""profit_protect"": 10, ""hard_stop"": 5, ""age"": 1}",5,31.25,25.0,27.06991830251567,-541.9065010000007,0.2990322906407436,0,-1.0446207622706136,16,50.0,-0.8212567967663628,1,17,-20.109490716961016,47
60,0.04,30,0.015,0.6,70,-4.472378023177792,-115.83759590625003,1.8125,0.0,0.0,-115.83759590625002,-1757.3811750000168,0.5625,0,-240.67190795048663,1.25,0,"{""profit_protect"": 10, ""hard_stop"": 5, ""age"": 1}",5,31.25,25.0,27.35951203450687,-541.9065010000007,0.281603416334102,0,-1.0620794981003032,16,50.0,-0.8314904402498255,1,17,-20.426723197652873,47
60,0.04,30,0.015,0.5,75,-4.396237909400447,-113.02728340625002,1.8125,0.0,0.0,-113.02728340625002,-1725.6570450000145,0.5625,0,-240.67190795048663,1.25,0,"{""profit_protect"": 10, ""hard_stop"": 5, ""age"": 1}",5,31.25,25.0,27.06991830251567,-541.9065010000007,0.2990322906407436,0,-1.0446207622706136,16,50.0,-0.8212567967663628,1,17,-20.109490716961016,47
60,0.04,30,0.015,0.6,75,-4.472378023177792,-115.83759590625003,1.8125,0.0,0.0,-115.83759590625002,-1757.3811750000168,0.5625,0,-240.67190795048663,1.25,0,"{""profit_protect"": 10, ""hard_stop"": 5, ""age"": 1}",5,31.25,25.0,27.35951203450687,-541.9065010000007,0.281603416334102,0,-1.0620794981003032,16,50.0,-0.8314904402498255,1,17,-20.426723197652873,47
40,0.04,40,0.015,0.5,65,-4.576254752447495,-54.0332354113889,1.8709677419354838,0.0,0.31750161451686365,-54.35073702590576,-1505.4215850000328,0.5483870967741935,1,-475.01254746450354,1.3225806451612903,1,"{""profit_protect"": 18, ""hard_stop"": 9, ""age"": 4}",9,29.03225806451613,30.0,32.64106816187609,-547.6288800000007,0.6649262371537444,0,-1.508808472548847,31,45.16129032258064,-0.6874040369821334,4,32,-20.85789276746922,91
40,0.04,40,0.015,0.6,65,-4.432151540343698,-72.29497445454554,1.9090909090909092,0.0,0.0,-72.29497445454555,-1599.5027574999986,0.5909090909090909,0,-354.5531591017066,1.3181818181818181,0,"{""profit_protect"": 13, ""hard_stop"": 6, ""age"": 3}",6,27.27272727272727,14.285714285714285,32.131553514123674,-541.9065010000007,0.5288949620528856,0,-1.7502642336858483,22,50.0,-0.8104847069864606,3,23,-20.259248136555634,66
40,0.04,40,0.015,0.6,70,-4.432151540343698,-72.29497445454554,1.9090909090909092,0.0,0.0,-72.29497445454555,-1599.5027574999986,0.5909090909090909,0,-354.5531591017066,1.3181818181818181,0,"{""profit_protect"": 13, ""hard_stop"": 6, ""age"": 3}",6,27.27272727272727,14.285714285714285,32.131553514123674,-541.9065010000007,0.5288949620528856,0,-1.7502642336858483,22,50.0,-0.8104847069864606,3,23,-20.259248136555634,66
40,0.04,40,0.015,0.5,70,-4.576254752447495,-54.0332354113889,1.8709677419354838,0.0,0.31750161451686365,-54.35073702590576,-1505.4215850000328,0.5483870967741935,1,-475.01254746450354,1.3225806451612903,1,"{""profit_protect"": 18, ""hard_stop"": 9, ""age"": 4}",9,29.03225806451613,30.0,32.64106816187609,-547.6288800000007,0.6649262371537444,0,-1.508808472548847,31,45.16129032258064,-0.6874040369821334,4,32,-20.85789276746922,91
60,0.04,40,0.015,0.5,65,-4.396237909400447,-113.02728340625002,1.8125,0.0,0.0,-113.02728340625002,-1725.6570450000145,0.5625,0,-240.67190795048663,1.25,0,"{""profit_protect"": 10, ""hard_stop"": 5, ""age"": 1}",5,31.25,25.0,27.06991830251567,-541.9065010000007,0.2990322906407436,0,-1.0446207622706136,16,50.0,-0.8212567967663628,1,17,-20.109490716961016,47
60,0.04,40,0.015,0.6,65,-4.472378023177792,-115.83759590625003,1.8125,0.0,0.0,-115.83759590625002,-1757.3811750000168,0.5625,0,-240.67190795048663,1.25,0,"{""profit_protect"": 10, ""hard_stop"": 5, ""age"": 1}",5,31.25,25.0,27.35951203450687,-541.9065010000007,0.281603416334102,0,-1.0620794981003032,16,50.0,-0.8314904402498255,1,17,-20.426723197652873,47
40,0.04,40,0.015,0.6,75,-4.432151540343698,-72.29497445454554,1.9090909090909092,0.0,0.0,-72.29497445454555,-1599.5027574999986,0.5909090909090909,0,-354.5531591017066,1.3181818181818181,0,"{""profit_protect"": 13, ""hard_stop"": 6, ""age"": 3}",6,27.27272727272727,14.285714285714285,32.131553514123674,-541.9065010000007,0.5288949620528856,0,-1.7502642336858483,22,50.0,-0.8104847069864606,3,23,-20.259248136555634,66
40,0.04,40,0.015,0.5,75,-4.576254752447495,-54.0332354113889,1.8709677419354838,0.0,0.31750161451686365,-54.35073702590576,-1505.4215850000328,0.5483870967741935,1,-475.01254746450354,1.3225806451612903,1,"{""profit_protect"": 18, ""hard_stop"": 9, ""age"": 4}",9,29.03225806451613,30.0,32.64106816187609,-547.6288800000007,0.6649262371537444,0,-1.508808472548847,31,45.16129032258064,-0.6874040369821334,4,32,-20.85789276746922,91
60,0.04,40,0.015,0.5,70,-4.396237909400447,-113.02728340625002,1.8125,0.0,0.0,-113.02728340625002,-1725.6570450000145,0.5625,0,-240.67190795048663,1.25,0,"{""profit_protect"": 10, ""hard_stop"": 5, ""age"": 1}",5,31.25,25.0,27.06991830251567,-541.9065010000007,0.2990322906407436,0,-1.0446207622706136,16,50.0,-0.8212567967663628,1,17,-20.109490716961016,47
60,0.04,40,0.015,0.6,70,-4.472378023177792,-115.83759590625003,1.8125,0.0,0.0,-115.83759590625002,-1757.3811750000168,0.5625,0,-240.67190795048663,1.25,0,"{""profit_protect"": 10, ""hard_stop"": 5, ""age"": 1}",5,31.25,25.0,27.35951203450687,-541.9065010000007,0.281603416334102,0,-1.0620794981003032,16,50.0,-0.8314904402498255,1,17,-20.426723197652873,47
60,0.04,40,0.015,0.5,75,-4.396237909400447,-113.02728340625002,1.8125,0.0,0.0,-113.02728340625002,-1725.6570450000145,0.5625,0,-240.67190795048663,1.25,0,"{""profit_protect"": 10, ""hard_stop"": 5, ""age"": 1}",5,31.25,25.0,27.06991830251567,-541.9065010000007,0.2990322906407436,0,-1.0446207622706136,16,50.0,-0.8212567967663628,1,17,-20.109490716961016,47
60,0.04,40,0.015,0.6,75,-4.472378023177792,-115.83759590625003,1.8125,0.0,0.0,-115.83759590625002,-1757.3811750000168,0.5625,0,-240.67190795048663,1.25,0,"{""profit_protect"": 10, ""hard_stop"": 5, ""age"": 1}",5,31.25,25.0,27.35951203450687,-541.9065010000007,0.281603416334102,0,-1.0620794981003032,16,50.0,-0.8314904402498255,1,17,-20.426723197652873,47
40,0.05,24,0.015,0.6,65,-4.428204801407299,-50.092285064516176,1.8387096774193548,0.0,0.0,-50.09228506451618,-1477.1873325000342,0.5161290322580645,0,-441.7369812406644,1.3225806451612903,0,"{""profit_protect"": 19, ""hard_stop"": 5, ""age"": 7}",5,16.129032258064516,9.090909090909092,32.117555548434524,-574.8968169999999,0.6672938044876856,0,-1.3628501386432255,31,45.16129032258064,-0.6740858385913808,7,32,-20.2428014906339,92
40,0.05,24,0.015,0.5,65,-4.403675525064754,-35.7796570283324,1.8055555555555556,0.0,0.289231568889838,-36.06888859722224,-1470.549015000026,0.4722222222222222,1,-422.7011103540856,1.3333333333333333,1,"{""profit_protect"": 23, ""hard_stop"": 5, ""age"": 8}",5,13.88888888888889,16.666666666666664,32.03050537083596,-574.8968169999999,0.7257305619808845,0,-1.2326644105542586,36,47.22222222222222,-0.6360591113553787,8,37,-20.14052352537945,103
40,0.05,24,0.015,0.5,70,-4.403675525064754,-35.7796570283324,1.8055555555555556,0.0,0.289231568889838,-36.06888859722224,-1470.549015000026,0.4722222222222222,1,-422.7011103540856,1.3333333333333333,1,"{""profit_protect"": 23, ""hard_stop"": 5, ""age"": 8}",5,13.88888888888889,16.666666666666664,32.03050537083596,-574.8968169999999,0.7257305619808845,0,-1.2326644105542586,36,47.22222222222222,-0.6360591113553787,8,37,-20.14052352537945,103
40,0.05,24,0.015,0.6,70,-4.428204801407299,-50.092285064516176,1.8387096774193548,0.0,0.0,-50.09228506451618,-1477.1873325000342,0.5161290322580645,0,-441.7369812406644,1.3225806451612903,0,"{""profit_protect"": 19, ""hard_stop"": 5, ""age"": 7}",5,16.129032258064516,9.090909090909092,32.117555548434524,-574.8968169999999,0.6672938044876856,0,-1.3628501386432255,31,45.16129032258064,-0.6740858385913808,7,32,-20.2428014906339,92
60,0.05,24,0.015,0.5,65,-4.466915786098058,-64.09625358333348,1.8888888888888888,0.0,0.0,-64.09625358333348,-1722.699212499996,0.5555555555555556,0,-258.77699311120455,1.3333333333333333,0,"{""profit_protect"": 14, ""hard_stop"": 2, ""age"": 2}",2,11.11111111111111,14.285714285714285,27.33876746003101,-541.9065010000007,0.4243208198865994,0,-0.8391715162165276,18,55.55555555555556,-0.7713126373811053,2,19,-20.403998766510576,56
60,0.05,24,0.015,0.6,65,-4.439043162125122,-66.59430913888903,1.8888888888888888,0.0,0.0,-66.59430913888905,-1715.1929674999992,0.5555555555555556,0,-254.67915703421457,1.3333333333333333,0,"{""profit_protect"": 14, ""hard_stop"": 2, ""age"": 2}",2,11.11111111111111,14.285714285714285,27.232838561845185,-541.9065010000007,0.40188458541573047,0,-0.8543333332418668,18,55.55555555555556,-0.7673272325130304,2,19,-20.28796004247678,56
40,0.05,24,0.015,0.6,75,-4.428204801407299,-50.092285064516176,1.8387096774193548,0.0,0.0,-50.09228506451618,-1477.1873325000342,0.5161290322580645,0,-441.7369812406644,1.3225806451612903,0,"{""profit_protect"": 19, ""hard_stop"": 5, ""age"": 7}",5,16.129032258064516,9.090909090909092,32.117555548434524,-574.8968169999999,0.6672938044876856,0,-1.3628501386432255,31,45.16129032258064,-0.6740858385913808,7,32,-20.2428014906339,92
40,0.05,24,0.015,0.5,75,-4.403675525064754,-35.7796570283324,1.8055555555555556,0.0,0.289231568889838,-36.06888859722224,-1470.549015000026,0.4722222222222222,1,-422.7011103540856,1.3333333333333333,1,"{""profit_protect"": 23, ""hard_stop"": 5, ""age"": 8}",5,13.88888888888889,16.666666666666664,32.03050537083596,-574.8968169999999,0.7257305619808845,0,-1.2326644105542586,36,47.22222222222222,-0.6360591113553787,8,37,-20.14052352537945,103
60,0.05,24,0.015,0.5,70,-4.466915786098058,-64.09625358333348,1.8888888888888888,0.0,0.0,-64.09625358333348,-1722.699212499996,0.5555555555555556,0,-258.77699311120455,1.3333333333333333,0,"{""profit_protect"": 14, ""hard_stop"": 2, ""age"": 2}",2,11.11111111111111,14.285714285714285,27.33876746003101,-541.9065010000007,0.4243208198865994,0,-0.8391715162165276,18,55.55555555555556,-0.7713126373811053,2,19,-20.403998766510576,56
60,0.05,24,0.015,0.6,70,-4.439043162125122,-66.59430913888903,1.8888888888888888,0.0,0.0,-66.59430913888905,-1715.1929674999992,0.5555555555555556,0,-254.67915703421457,1.3333333333333333,0,"{""profit_protect"": 14, ""hard_stop"": 2, ""age"": 2}",2,11.11111111111111,14.285714285714285,27.232838561845185,-541.9065010000007,0.40188458541573047,0,-0.8543333332418668,18,55.55555555555556,-0.7673272325130304,2,19,-20.28796004247678,56
60,0.05,24,0.015,0.5,75,-4.466915786098058,-64.09625358333348,1.8888888888888888,0.0,0.0,-64.09625358333348,-1722.699212499996,0.5555555555555556,0,-258.77699311120455,1.3333333333333333,0,"{""profit_protect"": 14, ""hard_stop"": 2, ""age"": 2}",2,11.11111111111111,14.285714285714285,27.33876746003101,-541.9065010000007,0.4243208198865994,0,-0.8391715162165276,18,55.55555555555556,-0.7713126373811053,2,19,-20.403998766510576,56
60,0.05,24,0.015,0.6,75,-4.439043162125122,-66.59430913888903,1.8888888888888888,0.0,0.0,-66.59430913888905,-1715.1929674999992,0.5555555555555556,0,-254.67915703421457,1.3333333333333333,0,"{""profit_protect"": 14, ""hard_stop"": 2, ""age"": 2}",2,11.11111111111111,14.285714285714285,27.232838561845185,-541.9065010000007,0.40188458541573047,0,-0.8543333332418668,18,55.55555555555556,-0.7673272325130304,2,19,-20.28796004247678,56
40,0.05,30,0.015,0.6,65,-4.428204801407299,-50.092285064516176,1.8387096774193548,0.0,0.0,-50.09228506451618,-1477.1873325000342,0.5161290322580645,0,-441.7369812406644,1.3225806451612903,0,"{""profit_protect"": 19, ""hard_stop"": 5, ""age"": 7}",5,16.129032258064516,9.090909090909092,32.117555548434524,-574.8968169999999,0.6672938044876856,0,-1.3628501386432255,31,45.16129032258064,-0.6740858385913808,7,32,-20.2428014906339,92
40,0.05,30,0.015,0.5,65,-4.403675525064754,-35.7796570283324,1.8055555555555556,0.0,0.289231568889838,-36.06888859722224,-1470.549015000026,0.4722222222222222,1,-422.7011103540856,1.3333333333333333,1,"{""profit_protect"": 23, ""hard_stop"": 5, ""age"": 8}",5,13.88888888888889,16.666666666666664,32.03050537083596,-574.8968169999999,0.7257305619808845,0,-1.2326644105542586,36,47.22222222222222,-0.6360591113553787,8,37,-20.14052352537945,103
40,0.05,30,0.015,0.6,70,-4.428204801407299,-50.092285064516176,1.8387096774193548,0.0,0.0,-50.09228506451618,-1477.1873325000342,0.5161290322580645,0,-441.7369812406644,1.3225806451612903,0,"{""profit_protect"": 19, ""hard_stop"": 5, ""age"": 7}",5,16.129032258064516,9.090909090909092,32.117555548434524,-574.8968169999999,0.6672938044876856,0,-1.3628501386432255,31,45.16129032258064,-0.6740858385913808,7,32,-20.2428014906339,92
40,0.05,30,0.015,0.5,70,-4.403675525064754,-35.7796570283324,1.8055555555555556,0.0,0.289231568889838,-36.06888859722224,-1470.549015000026,0.4722222222222222,1,-422.7011103540856,1.3333333333333333,1,"{""profit_protect"": 23, ""hard_stop"": 5, ""age"": 8}",5,13.88888888888889,16.666666666666664,32.03050537083596,-574.8968169999999,0.7257305619808845,0,-1.2326644105542586,36,47.22222222222222,-0.6360591113553787,8,37,-20.14052352537945,103
60,0.05,30,0.015,0.5,65,-4.466915786098058,-64.09625358333348,1.8888888888888888,0.0,0.0,-64.09625358333348,-1722.699212499996,0.5555555555555556,0,-258.77699311120455,1.3333333333333333,0,"{""profit_protect"": 14, ""hard_stop"": 2, ""age"": 2}",2,11.11111111111111,14.285714285714285,27.33876746003101,-541.9065010000007,0.4243208198865994,0,-0.8391715162165276,18,55.55555555555556,-0.7713126373811053,2,19,-20.403998766510576,56
60,0.05,30,0.015,0.6,65,-4.439043162125122,-66.59430913888903,1.8888888888888888,0.0,0.0,-66.59430913888905,-1715.1929674999992,0.5555555555555556,0,-254.67915703421457,1.3333333333333333,0,"{""profit_protect"": 14, ""hard_stop"": 2, ""age"": 2}",2,11.11111111111111,14.285714285714285,27.232838561845185,-541.9065010000007,0.40188458541573047,0,-0.8543333332418668,18,55.55555555555556,-0.7673272325130304,2,19,-20.28796004247678,56
40,0.05,30,0.015,0.6,75,-4.428204801407299,-50.092285064516176,1.8387096774193548,0.0,0.0,-50.09228506451618,-1477.1873325000342,0.5161290322580645,0,-441.7369812406644,1.3225806451612903,0,"{""profit_protect"": 19, ""hard_stop"": 5, ""age"": 7}",5,16.129032258064516,9.090909090909092,32.117555548434524,-574.8968169999999,0.6672938044876856,0,-1.3628501386432255,31,45.16129032258064,-0.6740858385913808,7,32,-20.2428014906339,92
40,0.05,30,0.015,0.5,75,-4.403675525064754,-35.7796570283324,1.8055555555555556,0.0,0.289231568889838,-36.06888859722224,-1470.549015000026,0.4722222222222222,1,-422.7011103540856,1.3333333333333333,1,"{""profit_protect"": 23, ""hard_stop"": 5, ""age"": 8}",5,13.88888888888889,16.666666666666664,32.03050537083596,-574.8968169999999,0.7257305619808845,0,-1.2326644105542586,36,47.22222222222222,-0.6360591113553787,8,37,-20.14052352537945,103
60,0.05,30,0.015,0.5,70,-4.466915786098058,-64.09625358333348,1.8888888888888888,0.0,0.0,-64.09625358333348,-1722.699212499996,0.5555555555555556,0,-258.77699311120455,1.3333333333333333,0,"{""profit_protect"": 14, ""hard_stop"": 2, ""age"": 2}",2,11.11111111111111,14.285714285714285,27.33876746003101,-541.9065010000007,0.4243208198865994,0,-0.8391715162165276,18,55.55555555555556,-0.7713126373811053,2,19,-20.403998766510576,56
60,0.05,30,0.015,0.6,70,-4.439043162125122,-66.59430913888903,1.8888888888888888,0.0,0.0,-66.59430913888905,-1715.1929674999992,0.5555555555555556,0,-254.67915703421457,1.3333333333333333,0,"{""profit_protect"": 14, ""hard_stop"": 2, ""age"": 2}",2,11.11111111111111,14.285714285714285,27.232838561845185,-541.9065010000007,0.40188458541573047,0,-0.8543333332418668,18,55.55555555555556,-0.7673272325130304,2,19,-20.28796004247678,56
60,0.05,30,0.015,0.5,75,-4.466915786098058,-64.09625358333348,1.8888888888888888,0.0,0.0,-64.09625358333348,-1722.699212499996,0.5555555555555556,0,-258.77699311120455,1.3333333333333333,0,"{""profit_protect"": 14, ""hard_stop"": 2, ""age"": 2}",2,11.11111111111111,14.285714285714285,27.33876746003101,-541.9065010000007,0.4243208198865994,0,-0.8391715162165276,18,55.55555555555556,-0.7713126373811053,2,19,-20.403998766510576,56
60,0.05,30,0.015,0.6,75,-4.439043162125122,-66.59430913888903,1.8888888888888888,0.0,0.0,-66.59430913888905,-1715.1929674999992,0.5555555555555556,0,-254.67915703421457,1.3333333333333333,0,"{""profit_protect"": 14, ""hard_stop"": 2, ""age"": 2}",2,11.11111111111111,14.285714285714285,27.232838561845185,-541.9065010000007,0.40188458541573047,0,-0.8543333332418668,18,55.55555555555556,-0.7673272325130304,2,19,-20.28796004247678,56
40,0.05,40,0.015,0.6,65,-4.428204801407299,-50.092285064516176,1.8387096774193548,0.0,0.0,-50.09228506451618,-1477.1873325000342,0.5161290322580645,0,-441.7369812406644,1.3225806451612903,0,"{""profit_protect"": 19, ""hard_stop"": 5, ""age"": 7}",5,16.129032258064516,9.090909090909092,32.117555548434524,-574.8968169999999,0.6672938044876856,0,-1.3628501386432255,31,45.16129032258064,-0.6740858385913808,7,32,-20.2428014906339,92
40,0.05,40,0.015,0.5,65,-4.403675525064754,-35.7796570283324,1.8055555555555556,0.0,0.289231568889838,-36.06888859722224,-1470.549015000026,0.4722222222222222,1,-422.7011103540856,1.3333333333333333,1,"{""profit_protect"": 23, ""hard_stop"": 5, ""age"": 8}",5,13.88888888888889,16.666666666666664,32.03050537083596,-574.8968169999999,0.7257305619808845,0,-1.2326644105542586,36,47.22222222222222,-0.6360591113553787,8,37,-20.14052352537945,103
40,0.05,40,0.015,0.5,70,-4.403675525064754,-35.7796570283324,1.8055555555555556,0.0,0.289231568889838,-36.06888859722224,-1470.549015000026,0.4722222222222222,1,-422.7011103540856,1.3333333333333333,1,"{""profit_protect"": 23, ""hard_stop"": 5, ""age"": 8}",5,13.88888888888889,16.666666666666664,32.03050537083596,-574.8968169999999,0.7257305619808845,0,-1.2326644105542586,36,47.22222222222222,-0.6360591113553787,8,37,-20.14052352537945,103
40,0.05,40,0.015,0.6,70,-4.428204801407299,-50.092285064516176,1.8387096774193548,0.0,0.0,-50.09228506451618,-1477.1873325000342,0.5161290322580645,0,-441.7369812406644,1.3225806451612903,0,"{""profit_protect"": 19, ""hard_stop"": 5, ""age"": 7}",5,16.129032258064516,9.090909090909092,32.117555548434524,-574.8968169999999,0.6672938044876856,0,-1.3628501386432255,31,45.16129032258064,-0.6740858385913808,7,32,-20.2428014906339,92
60,0.05,40,0.015,0.5,65,-4.466915786098058,-64.09625358333348,1.8888888888888888,0.0,0.0,-64.09625358333348,-1722.699212499996,0.5555555555555556,0,-258.77699311120455,1.3333333333333333,0,"{""profit_protect"": 14, ""hard_stop"": 2, ""age"": 2}",2,11.11111111111111,14.285714285714285,27.33876746003101,-541.9065010000007,0.4243208198865994,0,-0.8391715162165276,18,55.55555555555556,-0.7713126373811053,2,19,-20.403998766510576,56
60,0.05,40,0.015,0.6,65,-4.439043162125122,-66.59430913888903,1.8888888888888888,0.0,0.0,-66.59430913888905,-1715.1929674999992,0.5555555555555556,0,-254.67915703421457,1.3333333333333333,0,"{""profit_protect"": 14, ""hard_stop"": 2, ""age"": 2}",2,11.11111111111111,14.285714285714285,27.232838561845185,-541.9065010000007,0.40188458541573047,0,-0.8543333332418668,18,55.55555555555556,-0.7673272325130304,2,19,-20.28796004247678,56
40,0.05,40,0.015,0.6,75,-4.428204801407299,-50.092285064516176,1.8387096774193548,0.0,0.0,-50.09228506451618,-1477.1873325000342,0.5161290322580645,0,-441.7369812406644,1.3225806451612903,0,"{""profit_protect"": 19, ""hard_stop"": 5, ""age"": 7}",5,16.129032258064516,9.090909090909092,32.117555548434524,-574.8968169999999,0.6672938044876856,0,-1.3628501386432255,31,45.16129032258064,-0.6740858385913808,7,32,-20.2428014906339,92
40,0.05,40,0.015,0.5,75,-4.403675525064754,-35.7796570283324,1.8055555555555556,0.0,0.289231568889838,-36.06888859722224,-1470.549015000026,0.4722222222222222,1,-422.7011103540856,1.3333333333333333,1,"{""profit_protect"": 23, ""hard_stop"": 5, ""age"": 8}",5,13.88888888888889,16.666666666666664,32.03050537083596,-574.8968169999999,0.7257305619808845,0,-1.2326644105542586,36,47.22222222222222,-0.6360591113553787,8,37,-20.14052352537945,103
60,0.05,40,0.015,0.5,70,-4.466915786098058,-64.09625358333348,1.8888888888888888,0.0,0.0,-64.09625358333348,-1722.699212499996,0.5555555555555556,0,-258.77699311120455,1.3333333333333333,0,"{""profit_protect"": 14, ""hard_stop"": 2, ""age"": 2}",2,11.11111111111111,14.285714285714285,27.33876746003101,-541.9065010000007,0.4243208198865994,0,-0.8391715162165276,18,55.55555555555556,-0.7713126373811053,2,19,-20.403998766510576,56
60,0.05,40,0.015,0.6,70,-4.439043162125122,-66.59430913888903,1.8888888888888888,0.0,0.0,-66.59430913888905,-1715.1929674999992,0.5555555555555556,0,-254.67915703421457,1.3333333333333333,0,"{""profit_protect"": 14, ""hard_stop"": 2, ""age"": 2}",2,11.11111111111111,14.285714285714285,27.232838561845185,-541.9065010000007,0.40188458541573047,0,-0.8543333332418668,18,55.55555555555556,-0.7673272325130304,2,19,-20.28796004247678,56
60,0.05,40,0.015,0.5,75,-4.466915786098058,-64.09625358333348,1.8888888888888888,0.0,0.0,-64.09625358333348,-1722.699212499996,0.5555555555555556,0,-258.77699311120455,1.3333333333333333,0,"{""profit_protect"": 14, ""hard_stop"": 2, ""age"": 2}",2,11.11111111111111,14.285714285714285,27.33876746003101,-541.9065010000007,0.4243208198865994,0,-0.8391715162165276,18,55.55555555555556,-0.7713126373811053,2,19,-20.403998766510576,56
60,0.05,40,0.015,0.6,75,-4.439043162125122,-66.59430913888903,1.8888888888888888,0.0,0.0,-66.59430913888905,-1715.1929674999992,0.5555555555555556,0,-254.67915703421457,1.3333333333333333,0,"{""profit_protect"": 14, ""hard_stop"": 2, ""age"": 2}",2,11.11111111111111,14.285714285714285,27.232838561845185,-541.9065010000007,0.40188458541573047,0,-0.8543333332418668,18,55.55555555555556,-0.7673272325130304,2,19,-20.28796004247678,56
40,0.03,24,0.02,0.6,65,-4.448618853796981,-55.24896748858308,2.125,0.0,0.7015623731008129,-55.9505298616839,-1567.625312499964,0.7083333333333334,1,-386.97555926873247,1.4166666666666667,1,"{""profit_protect"": 15, ""hard_stop"": 8, ""age"": 1}",8,33.33333333333333,10.0,32.71734597510617,-434.6375280000005,0.5774911308860612,0,-1.7547970255151017,24,45.83333333333333,-0.8320814804436577,1,25,-20.327840606708396,77
40,0.03,24,0.02,0.5,65,-4.430850939954567,-31.739087115359325,2.051282051282051,0.0,0.9510867560122167,-32.69017387137155,-1371.6020175000303,0.6410256410256411,3,-522.3519344239197,1.4102564102564104,3,"{""profit_protect"": 24, ""hard_stop"": 12, ""age"": 3}",12,30.76923076923077,25.0,32.65484332080551,-434.6375280000005,0.7441124140764436,0,-1.3890552643616256,39,43.58974358974359,-0.653349270352765,3,40,-20.253828641691324,121
40,0.03,24,0.02,0.6,70,-4.448618853796981,-55.24896748858308,2.125,0.0,0.7015623731008129,-55.9505298616839,-1567.625312499964,0.7083333333333334,1,-386.97555926873247,1.4166666666666667,1,"{""profit_protect"": 15, ""hard_stop"": 8, ""age"": 1}",8,33.33333333333333,10.0,32.71734597510617,-434.6375280000005,0.5774911308860612,0,-1.7547970255151017,24,45.83333333333333,-0.8320814804436577,1,25,-20.327840606708396,77
40,0.03,24,0.02,0.5,70,-4.430850939954567,-31.739087115359325,2.051282051282051,0.0,0.9510867560122167,-32.69017387137155,-1371.6020175000303,0.6410256410256411,3,-522.3519344239197,1.4102564102564104,3,"{""profit_protect"": 24, ""hard_stop"": 12, ""age"": 3}",12,30.76923076923077,25.0,32.65484332080551,-434.6375280000005,0.7441124140764436,0,-1.3890552643616256,39,43.58974358974359,-0.653349270352765,3,40,-20.253828641691324,121
60,0.03,24,0.02,0.5,65,-5.047005013044048,-88.78706031129965,2.0,0.0,0.8418748477209755,-89.62893515902063,-1940.4282374999748,0.65,1,-279.6708352849747,1.35,1,"{""profit_protect"": 13, ""hard_stop"": 7}",7,35.0,14.285714285714285,30.970439777833725,-434.6375280000005,0.36233247987267414,0,-2.1236858230942883,20,45.0,-0.9140201899890431,0,21,-22.78851791744837,62
40,0.03,24,0.02,0.6,75,-4.448618853796981,-55.24896748858308,2.125,0.0,0.7015623731008129,-55.9505298616839,-1567.625312499964,0.7083333333333334,1,-386.97555926873247,1.4166666666666667,1,"{""profit_protect"": 15, ""hard_stop"": 8, ""age"": 1}",8,33.33333333333333,10.0,32.71734597510617,-434.6375280000005,0.5774911308860612,0,-1.7547970255151017,24,45.83333333333333,-0.8320814804436577,1,25,-20.327840606708396,77
40,0.03,24,0.02,0.5,75,-4.430850939954567,-31.739087115359325,2.051282051282051,0.0,0.9510867560122167,-32.69017387137155,-1371.6020175000303,0.6410256410256411,3,-522.3519344239197,1.4102564102564104,3,"{""profit_protect"": 24, ""hard_stop"": 12, ""age"": 3}",12,30.76923076923077,25.0,32.65484332080551,-434.6375280000005,0.7441124140764436,0,-1.3890552643616256,39,43.58974358974359,-0.653349270352765,3,40,-20.253828641691324,121
60,0.03,24,0.02,0.6,65,-4.400839191753903,-74.43107032768386,2.0526315789473686,0.0,0.8861840502326058,-75.31725437791644,-1680.2893824999774,0.6842105263157895,1,-279.6708352849747,1.368421052631579,1,"{""profit_protect"": 13, ""hard_stop"": 6}",6,31.57894736842105,14.285714285714285,28.592467936772948,-434.6375280000005,0.40535983903493295,0,-0.9777380711897252,19,47.368421052631575,-0.8355867119247417,0,20,-20.12869030724844,60
60,0.03,24,0.02,0.5,70,-5.047005013044048,-88.78706031129965,2.0,0.0,0.8418748477209755,-89.62893515902063,-1940.4282374999748,0.65,1,-279.6708352849747,1.35,1,"{""profit_protect"": 13, ""hard_stop"": 7}",7,35.0,14.285714285714285,30.970439777833725,-434.6375280000005,0.36233247987267414,0,-2.124805754208833,20,45.0,-0.916260052218133,0,21,-22.78851791744837,62
60,0.03,24,0.02,0.6,70,-4.400839191753903,-74.43107032768386,2.0526315789473686,0.0,0.8861840502326058,-75.31725437791644,-1680.2893824999774,0.6842105263157895,1,-279.6708352849747,1.368421052631579,1,"{""profit_protect"": 13, ""hard_stop"": 6}",6,31.57894736842105,14.285714285714285,28.592467936772948,-434.6375280000005,0.40535983903493295,0,-0.9782676634926972,19,47.368421052631575,-0.8377050811366292,0,20,-20.12869030724844,60
60,0.03,24,0.02,0.6,75,-4.400839191753903,-74.43107032768386,2.0526315789473686,0.0,0.8861840502326058,-75.31725437791644,-1680.2893824999774,0.6842105263157895,1,-279.6708352849747,1.368421052631579,1,"{""profit_protect"": 13, ""hard_stop"": 6}",6,31.57894736842105,14.285714285714285,28.592467936772948,-434.6375280000005,0.40535983903493295,0,-0.9782676634926972,19,47.368421052631575,-0.8377050811366292,0,20,-20.12869030724844,60
60,0.03,24,0.02,0.5,75,-5.047005013044048,-88.78706031129965,2.0,0.0,0.8418748477209755,-89.62893515902063,-1940.4282374999748,0.65,1,-279.6708352849747,1.35,1,"{""profit_protect"": 13, ""hard_stop"": 7}",7,35.0,14.285714285714285,30.970439777833725,-434.6375280000005,0.36233247987267414,0,-2.124805754208833,20,45.0,-0.916260052218133,0,21,-22.78851791744837,62
40,0.03,30,0.02,0.6,65,-4.448618853796981,-55.24896748858308,2.125,0.0,0.7015623731008129,-55.9505298616839,-1567.625312499964,0.7083333333333334,1,-386.97555926873247,1.4166666666666667,1,"{""profit_protect"": 15, ""hard_stop"": 8, ""age"": 1}",8,33.33333333333333,10.0,32.71734597510617,-434.6375280000005,0.5774911308860612,0,-1.7547970255151017,24,45.83333333333333,-0.8320814804436577,1,25,-20.327840606708396,77
40,0.03,30,0.02,0.6,70,-4.448618853796981,-55.24896748858308,2.125,0.0,0.7015623731008129,-55.9505298616839,-1567.625312499964,0.7083333333333334,1,-386.97555926873247,1.4166666666666667,1,"{""profit_protect"": 15, ""hard_stop"": 8, ""age"": 1}",8,33.33333333333333,10.0,32.71734597510617,-434.6375280000005,0.5774911308860612,0,-1.7547970255151017,24,45.83333333333333,-0.8320814804436577,1,25,-20.327840606708396,77
40,0.03,30,0.02,0.5,65,-4.430850939954567,-31.739087115359325,2.051282051282051,0.0,0.9510867560122167,-32.69017387137155,-1371.6020175000303,0.6410256410256411,3,-522.3519344239197,1.4102564102564104,3,"{""profit_protect"": 24, ""hard_stop"": 12, ""age"": 3}",12,30.76923076923077,25.0,32.65484332080551,-434.6375280000005,0.7441124140764436,0,-1.3890552643616256,39,43.58974358974359,-0.653349270352765,3,40,-20.253828641691324,121
40,0.03,30,0.02,0.5,70,-4.430850939954567,-31.739087115359325,2.051282051282051,0.0,0.9510867560122167,-32.69017387137155,-1371.6020175000303,0.6410256410256411,3,-522.3519344239197,1.4102564102564104,3,"{""profit_protect"": 24, ""hard_stop"": 12, ""age"": 3}",12,30.76923076923077,25.0,32.65484332080551,-434.6375280000005,0.7441124140764436,0,-1.3890552643616256,39,43.58974358974359,-0.653349270352765,3,40,-20.253828641691324,121
60,0.03,30,0.02,0.5,65,-5.047005013044048,-88.78706031129965,2.0,0.0,0.8418748477209755,-89.62893515902063,-1940.4282374999748,0.65,1,-279.6708352849747,1.35,1,"{""profit_protect"": 13, ""hard_stop"": 7}",7,35.0,14.285714285714285,30.970439777833725,-434.6375280000005,0.36233247987267414,0,-2.1236858230942883,20,45.0,-0.9140201899890431,0,21,-22.78851791744837,62
40,0.03,30,0.02,0.6,75,-4.448618853796981,-55.24896748858308,2.125,0.0,0.7015623731008129,-55.9505298616839,-1567.625312499964,0.7083333333333334,1,-386.97555926873247,1.4166666666666667,1,"{""profit_protect"": 15, ""hard_stop"": 8, ""age"": 1}",8,33.33333333333333,10.0,32.71734597510617,-434.6375280000005,0.5774911308860612,0,-1.7547970255151017,24,45.83333333333333,-0.8320814804436577,1,25,-20.327840606708396,77
60,0.03,30,0.02,0.6,65,-4.400839191753903,-74.43107032768386,2.0526315789473686,0.0,0.8861840502326058,-75.31725437791644,-1680.2893824999774,0.6842105263157895,1,-279.6708352849747,1.368421052631579,1,"{""profit_protect"": 13, ""hard_stop"": 6}",6,31.57894736842105,14.285714285714285,28.592467936772948,-434.6375280000005,0.40535983903493295,0,-0.9777380711897252,19,47.368421052631575,-0.8355867119247417,0,20,-20.12869030724844,60
40,0.03,30,0.02,0.5,75,-4.430850939954567,-31.739087115359325,2.051282051282051,0.0,0.9510867560122167,-32.69017387137155,-1371.6020175000303,0.6410256410256411,3,-522.3519344239197,1.4102564102564104,3,"{""profit_protect"": 24, ""hard_stop"": 12, ""age"": 3}",12,30.76923076923077,25.0,32.65484332080551,-434.6375280000005,0.7441124140764436,0,-1.3890552643616256,39,43.58974358974359,-0.653349270352765,3,40,-20.253828641691324,121
60,0.03,30,0.02,0.5,70,-5.047005013044048,-88.78706031129965,2.0,0.0,0.8418748477209755,-89.62893515902063,-1940.4282374999748,0.65,1,-279.6708352849747,1.35,1,"{""profit_protect"": 13, ""hard_stop"": 7}",7,35.0,14.285714285714285,30.970439777833725,-434.6375280000005,0.36233247987267414,0,-2.124805754208833,20,45.0,-0.916260052218133,0,21,-22.78851791744837,62
60,0.03,30,0.02,0.6,70,-4.400839191753903,-74.43107032768386,2.0526315789473686,0.0,0.8861840502326058,-75.31725437791644,-1680.2893824999774,0.6842105263157895,1,-279.6708352849747,1.368421052631579,1,"{""profit_protect"": 13, ""hard_stop"": 6}",6,31.57894736842105,14.285714285714285,28.592467936772948,-434.6375280000005,0.40535983903493295,0,-0.9782676634926972,19,47.368421052631575,-0.8377050811366292,0,20,-20.12869030724844,60
60,0.03,30,0.02,0.5,75,-5.047005013044048,-88.78706031129965,2.0,0.0,0.8418748477209755,-89.62893515902063,-1940.4282374999748,0.65,1,-279.6708352849747,1.35,1,"{""profit_protect"": 13, ""hard_stop"": 7}",7,35.0,14.285714285714285,30.970439777833725,-434.6375280000005,0.36233247987267414,0,-2.124805754208833,20,45.0,-0.916260052218133,0,21,-22.78851791744837,62
60,0.03,30,0.02,0.6,75,-4.400839191753903,-74.43107032768386,2.0526315789473686,0.0,0.8861840502326058,-75.31725437791644,-1680.2893824999774,0.6842105263157895,1,-279.6708352849747,1.368421052631579,1,"{""profit_protect"": 13, ""hard_stop"": 6}",6,31.57894736842105,14.285714285714285,28.592467936772948,-434.6375280000005,0.40535983903493295,0,-0.9782676634926972,19,47.368421052631575,-0.8377050811366292,0,20,-20.12869030724844,60
40,0.03,40,0.02,0.6,65,-4.448618853796981,-55.24896748858308,2.125,0.0,0.7015623731008129,-55.9505298616839,-1567.625312499964,0.7083333333333334,1,-386.97555926873247,1.4166666666666667,1,"{""profit_protect"": 15, ""hard_stop"": 8, ""age"": 1}",8,33.33333333333333,10.0,32.71734597510617,-434.6375280000005,0.5774911308860612,0,-1.7547970255151017,24,45.83333333333333,-0.8320814804436577,1,25,-20.327840606708396,77
40,0.03,40,0.02,0.6,70,-4.448618853796981,-55.24896748858308,2.125,0.0,0.7015623731008129,-55.9505298616839,-1567.625312499964,0.7083333333333334,1,-386.97555926873247,1.4166666666666667,1,"{""profit_protect"": 15, ""hard_stop"": 8, ""age"": 1}",8,33.33333333333333,10.0,32.71734597510617,-434.6375280000005,0.5774911308860612,0,-1.7547970255151017,24,45.83333333333333,-0.8320814804436577,1,25,-20.327840606708396,77
40,0.03,40,0.02,0.5,65,-4.430850939954567,-31.739087115359325,2.051282051282051,0.0,0.9510867560122167,-32.69017387137155,-1371.6020175000303,0.6410256410256411,3,-522.3519344239197,1.4102564102564104,3,"{""profit_protect"": 24, ""hard_stop"": 12, ""age"": 3}",12,30.76923076923077,25.0,32.65484332080551,-434.6375280000005,0.7441124140764436,0,-1.3890552643616256,39,43.58974358974359,-0.653349270352765,3,40,-20.253828641691324,121
40,0.03,40,0.02,0.5,70,-4.430850939954567,-31.739087115359325,2.051282051282051,0.0,0.9510867560122167,-32.69017387137155,-1371.6020175000303,0.6410256410256411,3,-522.3519344239197,1.4102564102564104,3,"{""profit_protect"": 24, ""hard_stop"": 12, ""age"": 3}",12,30.76923076923077,25.0,32.65484332080551,-434.6375280000005,0.7441124140764436,0,-1.3890552643616256,39,43.58974358974359,-0.653349270352765,3,40,-20.253828641691324,121
60,0.03,40,0.02,0.5,65,-5.047005013044048,-88.78706031129965,2.0,0.0,0.8418748477209755,-89.62893515902063,-1940.4282374999748,0.65,1,-279.6708352849747,1.35,1,"{""profit_protect"": 13, ""hard_stop"": 7}",7,35.0,14.285714285714285,30.970439777833725,-434.6375280000005,0.36233247987267414,0,-2.1236858230942883,20,45.0,-0.9140201899890431,0,21,-22.78851791744837,62
60,0.03,40,0.02,0.6,65,-4.400839191753903,-74.43107032768386,2.0526315789473686,0.0,0.8861840502326058,-75.31725437791644,-1680.2893824999774,0.6842105263157895,1,-279.6708352849747,1.368421052631579,1,"{""profit_protect"": 13, ""hard_stop"": 6}",6,31.57894736842105,14.285714285714285,28.592467936772948,-434.6375280000005,0.40535983903493295,0,-0.9777380711897252,19,47.368421052631575,-0.8355867119247417,0,20,-20.12869030724844,60
40,0.03,40,0.02,0.6,75,-4.448618853796981,-55.24896748858308,2.125,0.0,0.7015623731008129,-55.9505298616839,-1567.625312499964,0.7083333333333334,1,-386.97555926873247,1.4166666666666667,1,"{""profit_protect"": 15, ""hard_stop"": 8, ""age"": 1}",8,33.33333333333333,10.0,32.71734597510617,-434.6375280000005,0.5774911308860612,0,-1.7547970255151017,24,45.83333333333333,-0.8320814804436577,1,25,-20.327840606708396,77
40,0.03,40,0.02,0.5,75,-4.430850939954567,-31.739087115359325,2.051282051282051,0.0,0.9510867560122167,-32.69017387137155,-1371.6020175000303,0.6410256410256411,3,-522.3519344239197,1.4102564102564104,3,"{""profit_protect"": 24, ""hard_stop"": 12, ""age"": 3}",12,30.76923076923077,25.0,32.65484332080551,-434.6375280000005,0.7441124140764436,0,-1.3890552643616256,39,43.58974358974359,-0.653349270352765,3,40,-20.253828641691324,121
60,0.03,40,0.02,0.5,70,-5.047005013044048,-88.78706031129965,2.0,0.0,0.8418748477209755,-89.62893515902063,-1940.4282374999748,0.65,1,-279.6708352849747,1.35,1,"{""profit_protect"": 13, ""hard_stop"": 7}",7,35.0,14.285714285714285,30.970439777833725,-434.6375280000005,0.36233247987267414,0,-2.124805754208833,20,45.0,-0.916260052218133,0,21,-22.78851791744837,62
60,0.03,40,0.02,0.6,70,-4.400839191753903,-74.43107032768386,2.0526315789473686,0.0,0.8861840502326058,-75.31725437791644,-1680.2893824999774,0.6842105263157895,1,-279.6708352849747,1.368421052631579,1,"{""profit_protect"": 13, ""hard_stop"": 6}",6,31.57894736842105,14.285714285714285,28.592467936772948,-434.6375280000005,0.40535983903493295,0,-0.9782676634926972,19,47.368421052631575,-0.8377050811366292,0,20,-20.12869030724844,60
60,0.03,40,0.02,0.6,75,-4.400839191753903,-74.43107032768386,2.0526315789473686,0.0,0.8861840502326058,-75.31725437791644,-1680.2893824999774,0.6842105263157895,1,-279.6708352849747,1.368421052631579,1,"{""profit_protect"": 13, ""hard_stop"": 6}",6,31.57894736842105,14.285714285714285,28.592467936772948,-434.6375280000005,0.40535983903493295,0,-0.9782676634926972,19,47.368421052631575,-0.8377050811366292,0,20,-20.12869030724844,60
60,0.03,40,0.02,0.5,75,-5.047005013044048,-88.78706031129965,2.0,0.0,0.8418748477209755,-89.62893515902063,-1940.4282374999748,0.65,1,-279.6708352849747,1.35,1,"{""profit_protect"": 13, ""hard_stop"": 7}",7,35.0,14.285714285714285,30.970439777833725,-434.6375280000005,0.36233247987267414,0,-2.124805754208833,20,45.0,-0.916260052218133,0,21,-22.78851791744837,62
40,0.04,24,0.02,0.5,65,-4.413131193319975,-22.707198555528176,2.111111111111111,0.0,1.0303439856799015,-23.737542541208075,-1320.6819574999972,0.6666666666666666,3,-576.5794827918617,1.4444444444444444,3,"{""profit_protect"": 23, ""hard_stop"": 7, ""age"": 6}",7,19.444444444444446,31.25,32.161289584466374,-547.6288800000007,0.8142269538737359,0,-1.1556027151851185,36,47.22222222222222,-0.6335089875468286,6,37,-20.179962563871996,114
40,0.04,24,0.02,0.6,65,-4.48932517123819,-23.956226333305956,2.111111111111111,0.0,1.0303439856799015,-24.98657031898585,-1352.406087500014,0.6666666666666666,3,-576.5794827918617,1.4444444444444444,3,"{""profit_protect"": 23, ""hard_stop"": 7, ""age"": 6}",7,19.444444444444446,31.25,32.43090412090751,-547.6288800000007,0.8040083575811692,0,-1.1770664322760918,36,47.22222222222222,-0.6388644625638881,6,37,-20.497195044563853,114
40,0.04,24,0.02,0.5,70,-4.413131193319975,-22.707198555528176,2.111111111111111,0.0,1.0303439856799015,-23.737542541208075,-1320.6819574999972,0.6666666666666666,3,-576.5794827918617,1.4444444444444444,3,"{""profit_protect"": 23, ""hard_stop"": 7, ""age"": 6}",7,19.444444444444446,31.25,32.161289584466374,-547.6288800000007,0.8142269538737359,0,-1.1556027151851185,36,47.22222222222222,-0.6335089875468286,6,37,-20.179962563871996,114
40,0.04,24,0.02,0.6,70,-4.48932517123819,-23.956226333305956,2.111111111111111,0.0,1.0303439856799015,-24.98657031898585,-1352.406087500014,0.6666666666666666,3,-576.5794827918617,1.4444444444444444,3,"{""profit_protect"": 23, ""hard_stop"": 7, ""age"": 6}",7,19.444444444444446,31.25,32.43090412090751,-547.6288800000007,0.8040083575811692,0,-1.1770664322760918,36,47.22222222222222,-0.6388644625638881,6,37,-20.497195044563853,114
60,0.04,24,0.02,0.5,65,-4.7878188414311795,-90.02936173287458,2.0,0.0,1.0523435596512194,-91.0817052925258,-1874.1072775000066,0.625,1,-252.61985644647626,1.375,1,"{""profit_protect"": 11, ""hard_stop"": 4, ""age"": 1}",4,25.0,33.33333333333333,28.659143699073464,-541.9065010000007,0.3627193315464532,0,-0.9825784594259954,16,50.0,-0.8495325815332484,1,17,-21.73027121729612,50
60,0.04,24,0.02,0.6,65,-4.865219871398885,-92.83967423287457,2.0,0.0,1.0523435596512194,-93.8920177925258,-1905.831407500009,0.625,1,-252.61985644647626,1.375,1,"{""profit_protect"": 11, ""hard_stop"": 4, ""age"": 1}",4,25.0,33.33333333333333,28.948292993072616,-541.9065010000007,0.3428262900531979,0,-1.0017983304202367,16,50.0,-0.8594019345511104,1,17,-22.047503697987977,50
40,0.04,24,0.02,0.5,75,-4.413131193319975,-22.707198555528176,2.111111111111111,0.0,1.0303439856799015,-23.737542541208075,-1320.6819574999972,0.6666666666666666,3,-576.5794827918617,1.4444444444444444,3,"{""profit_protect"": 23, ""hard_stop"": 7, ""age"": 6}",7,19.444444444444446,31.25,32.161289584466374,-547.6288800000007,0.8142269538737359,0,-1.1556027151851185,36,47.22222222222222,-0.6335089875468286,6,37,-20.179962563871996,114
40,0.04,24,0.02,0.6,75,-4.48932517123819,-23.956226333305956,2.111111111111111,0.0,1.0303439856799015,-24.98657031898585,-1352.406087500014,0.6666666666666666,3,-576.5794827918617,1.4444444444444444,3,"{""profit_protect"": 23, ""hard_stop"": 7, ""age"": 6}",7,19.444444444444446,31.25,32.43090412090751,-547.6288800000007,0.8040083575811692,0,-1.1770664322760918,36,47.22222222222222,-0.6388644625638881,6,37,-20.497195044563853,114
60,0.04,24,0.02,0.5,70,-4.7878188414311795,-90.02936173287458,2.0,0.0,1.0523435596512194,-91.0817052925258,-1874.1072775000066,0.625,1,-252.61985644647626,1.375,1,"{""profit_protect"": 11, ""hard_stop"": 4, ""age"": 1}",4,25.0,33.33333333333333,28.659143699073464,-541.9065010000007,0.3627193315464532,0,-0.9825784594259954,16,50.0,-0.8495325815332484,1,17,-21.73027121729612,50
60,0.04,24,0.02,0.6,70,-4.865219871398885,-92.83967423287457,2.0,0.0,1.0523435596512194,-93.8920177925258,-1905.831407500009,0.625,1,-252.61985644647626,1.375,1,"{""profit_protect"": 11, ""hard_stop"": 4, ""age"": 1}",4,25.0,33.33333333333333,28.948292993072616,-541.9065010000007,0.3428262900531979,0,-1.0017983304202367,16,50.0,-0.8594019345511104,1,17,-22.047503697987977,50
60,0.04,24,0.02,0.5,75,-4.7878188414311795,-90.02936173287458,2.0,0.0,1.0523435596512194,-91.0817052925258,-1874.1072775000066,0.625,1,-252.61985644647626,1.375,1,"{""profit_protect"": 11, ""hard_stop"": 4, ""age"": 1}",4,25.0,33.33333333333333,28.659143699073464,-541.9065010000007,0.3627193315464532,0,-0.9825784594259954,16,50.0,-0.8495325815332484,1,17,-21.73027121729612,50
60,0.04,24,0.02,0.6,75,-4.865219871398885,-92.83967423287457,2.0,0.0,1.0523435596512194,-93.8920177925258,-1905.831407500009,0.625,1,-252.61985644647626,1.375,1,"{""profit_protect"": 11, ""hard_stop"": 4, ""age"": 1}",4,25.0,33.33333333333333,28.948292993072616,-541.9065010000007,0.3428262900531979,0,-1.0017983304202367,16,50.0,-0.8594019345511104,1,17,-22.047503697987977,50
40,0.04,30,0.02,0.5,65,-4.413131193319975,-22.707198555528176,2.111111111111111,0.0,1.0303439856799015,-23.737542541208075,-1320.6819574999972,0.6666666666666666,3,-576.5794827918617,1.4444444444444444,3,"{""profit_protect"": 23, ""hard_stop"": 7, ""age"": 6}",7,19.444444444444446,31.25,32.161289584466374,-547.6288800000007,0.8142269538737359,0,-1.1556027151851185,36,47.22222222222222,-0.6335089875468286,6,37,-20.179962563871996,114
40,0.04,30,0.02,0.6,65,-4.48932517123819,-23.956226333305956,2.111111111111111,0.0,1.0303439856799015,-24.98657031898585,-1352.406087500014,0.6666666666666666,3,-576.5794827918617,1.4444444444444444,3,"{""profit_protect"": 23, ""hard_stop"": 7, ""age"": 6}",7,19.444444444444446,31.25,32.43090412090751,-547.6288800000007,0.8040083575811692,0,-1.1770664322760918,36,47.22222222222222,-0.6388644625638881,6,37,-20.497195044563853,114
40,0.04,30,0.02,0.5,70,-4.413131193319975,-22.707198555528176,2.111111111111111,0.0,1.0303439856799015,-23.737542541208075,-1320.6819574999972,0.6666666666666666,3,-576.5794827918617,1.4444444444444444,3,"{""profit_protect"": 23, ""hard_stop"": 7, ""age"": 6}",7,19.444444444444446,31.25,32.161289584466374,-547.6288800000007,0.8142269538737359,0,-1.1556027151851185,36,47.22222222222222,-0.6335089875468286,6,37,-20.179962563871996,114
40,0.04,30,0.02,0.6,70,-4.48932517123819,-23.956226333305956,2.111111111111111,0.0,1.0303439856799015,-24.98657031898585,-1352.406087500014,0.6666666666666666,3,-576.5794827918617,1.4444444444444444,3,"{""profit_protect"": 23, ""hard_stop"": 7, ""age"": 6}",7,19.444444444444446,31.25,32.43090412090751,-547.6288800000007,0.8040083575811692,0,-1.1770664322760918,36,47.22222222222222,-0.6388644625638881,6,37,-20.497195044563853,114
60,0.04,30,0.02,0.5,65,-4.7878188414311795,-90.02936173287458,2.0,0.0,1.0523435596512194,-91.0817052925258,-1874.1072775000066,0.625,1,-252.61985644647626,1.375,1,"{""profit_protect"": 11, ""hard_stop"": 4, ""age"": 1}",4,25.0,33.33333333333333,28.659143699073464,-541.9065010000007,0.3627193315464532,0,-0.9825784594259954,16,50.0,-0.8495325815332484,1,17,-21.73027121729612,50
60,0.04,30,0.02,0.6,65,-4.865219871398885,-92.83967423287457,2.0,0.0,1.0523435596512194,-93.8920177925258,-1905.831407500009,0.625,1,-252.61985644647626,1.375,1,"{""profit_protect"": 11, ""hard_stop"": 4, ""age"": 1}",4,25.0,33.33333333333333,28.948292993072616,-541.9065010000007,0.3428262900531979,0,-1.0017983304202367,16,50.0,-0.8594019345511104,1,17,-22.047503697987977,50
40,0.04,30,0.02,0.5,75,-4.413131193319975,-22.707198555528176,2.111111111111111,0.0,1.0303439856799015,-23.737542541208075,-1320.6819574999972,0.6666666666666666,3,-576.5794827918617,1.4444444444444444,3,"{""profit_protect"": 23, ""hard_stop"": 7, ""age"": 6}",7,19.444444444444446,31.25,32.161289584466374,-547.6288800000007,0.8142269538737359,0,-1.1556027151851185,36,47.22222222222222,-0.6335089875468286,6,37,-20.179962563871996,114
40,0.04,30,0.02,0.6,75,-4.48932517123819,-23.956226333305956,2.111111111111111,0.0,1.0303439856799015,-24.98657031898585,-1352.406087500014,0.6666666666666666,3,-576.5794827918617,1.4444444444444444,3,"{""profit_protect"": 23, ""hard_stop"": 7, ""age"": 6}",7,19.444444444444446,31.25,32.43090412090751,-547.6288800000007,0.8040083575811692,0,-1.1770664322760918,36,47.22222222222222,-0.6388644625638881,6,37,-20.497195044563853,114
60,0.04,30,0.02,0.5,70,-4.7878188414311795,-90.02936173287458,2.0,0.0,1.0523435596512194,-91.0817052925258,-1874.1072775000066,0.625,1,-252.61985644647626,1.375,1,"{""profit_protect"": 11, ""hard_stop"": 4, ""age"": 1}",4,25.0,33.33333333333333,28.659143699073464,-541.9065010000007,0.3627193315464532,0,-0.9825784594259954,16,50.0,-0.8495325815332484,1,17,-21.73027121729612,50
60,0.04,30,0.02,0.6,70,-4.865219871398885,-92.83967423287457,2.0,0.0,1.0523435596512194,-93.8920177925258,-1905.831407500009,0.625,1,-252.61985644647626,1.375,1,"{""profit_protect"": 11, ""hard_stop"": 4, ""age"": 1}",4,25.0,33.33333333333333,28.948292993072616,-541.9065010000007,0.3428262900531979,0,-1.0017983304202367,16,50.0,-0.8594019345511104,1,17,-22.047503697987977,50
60,0.04,30,0.02,0.5,75,-4.7878188414311795,-90.02936173287458,2.0,0.0,1.0523435596512194,-91.0817052925258,-1874.1072775000066,0.625,1,-252.61985644647626,1.375,1,"{""profit_protect"": 11, ""hard_stop"": 4, ""age"": 1}",4,25.0,33.33333333333333,28.659143699073464,-541.9065010000007,0.3627193315464532,0,-0.9825784594259954,16,50.0,-0.8495325815332484,1,17,-21.73027121729612,50
60,0.04,30,0.02,0.6,75,-4.865219871398885,-92.83967423287457,2.0,0.0,1.0523435596512194,-93.8920177925258,-1905.831407500009,0.625,1,-252.61985644647626,1.375,1,"{""profit_protect"": 11, ""hard_stop"": 4, ""age"": 1}",4,25.0,33.33333333333333,28.948292993072616,-541.9065010000007,0.3428262900531979,0,-1.0017983304202367,16,50.0,-0.8594019345511104,1,17,-22.047503697987977,50
40,0.04,40,0.02,0.5,65,-4.413131193319975,-22.707198555528176,2.111111111111111,0.0,1.0303439856799015,-23.737542541208075,-1320.6819574999972,0.6666666666666666,3,-576.5794827918617,1.4444444444444444,3,"{""profit_protect"": 23, ""hard_stop"": 7, ""age"": 6}",7,19.444444444444446,31.25,32.161289584466374,-547.6288800000007,0.8142269538737359,0,-1.1556027151851185,36,47.22222222222222,-0.6335089875468286,6,37,-20.179962563871996,114
40,0.04,40,0.02,0.6,65,-4.48932517123819,-23.956226333305956,2.111111111111111,0.0,1.0303439856799015,-24.98657031898585,-1352.406087500014,0.6666666666666666,3,-576.5794827918617,1.4444444444444444,3,"{""profit_protect"": 23, ""hard_stop"": 7, ""age"": 6}",7,19.444444444444446,31.25,32.43090412090751,-547.6288800000007,0.8040083575811692,0,-1.1770664322760918,36,47.22222222222222,-0.6388644625638881,6,37,-20.497195044563853,114
40,0.04,40,0.02,0.5,70,-4.413131193319975,-22.707198555528176,2.111111111111111,0.0,1.0303439856799015,-23.737542541208075,-1320.6819574999972,0.6666666666666666,3,-576.5794827918617,1.4444444444444444,3,"{""profit_protect"": 23, ""hard_stop"": 7, ""age"": 6}",7,19.444444444444446,31.25,32.161289584466374,-547.6288800000007,0.8142269538737359,0,-1.1556027151851185,36,47.22222222222222,-0.6335089875468286,6,37,-20.179962563871996,114
40,0.04,40,0.02,0.6,70,-4.48932517123819,-23.956226333305956,2.111111111111111,0.0,1.0303439856799015,-24.98657031898585,-1352.406087500014,0.6666666666666666,3,-576.5794827918617,1.4444444444444444,3,"{""profit_protect"": 23, ""hard_stop"": 7, ""age"": 6}",7,19.444444444444446,31.25,32.43090412090751,-547.6288800000007,0.8040083575811692,0,-1.1770664322760918,36,47.22222222222222,-0.6388644625638881,6,37,-20.497195044563853,114
60,0.04,40,0.02,0.5,65,-4.7878188414311795,-90.02936173287458,2.0,0.0,1.0523435596512194,-91.0817052925258,-1874.1072775000066,0.625,1,-252.61985644647626,1.375,1,"{""profit_protect"": 11, ""hard_stop"": 4, ""age"": 1}",4,25.0,33.33333333333333,28.659143699073464,-541.9065010000007,0.3627193315464532,0,-0.9825784594259954,16,50.0,-0.8495325815332484,1,17,-21.73027121729612,50
60,0.04,40,0.02,0.6,65,-4.865219871398885,-92.83967423287457,2.0,0.0,1.0523435596512194,-93.8920177925258,-1905.831407500009,0.625,1,-252.61985644647626,1.375,1,"{""profit_protect"": 11, ""hard_stop"": 4, ""age"": 1}",4,25.0,33.33333333333333,28.948292993072616,-541.9065010000007,0.3428262900531979,0,-1.0017983304202367,16,50.0,-0.8594019345511104,1,17,-22.047503697987977,50
40,0.04,40,0.02,0.5,75,-4.413131193319975,-22.707198555528176,2.111111111111111,0.0,1.0303439856799015,-23.737542541208075,-1320.6819574999972,0.6666666666666666,3,-576.5794827918617,1.4444444444444444,3,"{""profit_protect"": 23, ""hard_stop"": 7, ""age"": 6}",7,19.444444444444446,31.25,32.161289584466374,-547.6288800000007,0.8142269538737359,0,-1.1556027151851185,36,47.22222222222222,-0.6335089875468286,6,37,-20.179962563871996,114
40,0.04,40,0.02,0.6,75,-4.48932517123819,-23.956226333305956,2.111111111111111,0.0,1.0303439856799015,-24.98657031898585,-1352.406087500014,0.6666666666666666,3,-576.5794827918617,1.4444444444444444,3,"{""profit_protect"": 23, ""hard_stop"": 7, ""age"": 6}",7,19.444444444444446,31.25,32.43090412090751,-547.6288800000007,0.8040083575811692,0,-1.1770664322760918,36,47.22222222222222,-0.6388644625638881,6,37,-20.497195044563853,114
60,0.04,40,0.02,0.5,70,-4.7878188414311795,-90.02936173287458,2.0,0.0,1.0523435596512194,-91.0817052925258,-1874.1072775000066,0.625,1,-252.61985644647626,1.375,1,"{""profit_protect"": 11, ""hard_stop"": 4, ""age"": 1}",4,25.0,33.33333333333333,28.659143699073464,-541.9065010000007,0.3627193315464532,0,-0.9825784594259954,16,50.0,-0.8495325815332484,1,17,-21.73027121729612,50
60,0.04,40,0.02,0.6,70,-4.865219871398885,-92.83967423287457,2.0,0.0,1.0523435596512194,-93.8920177925258,-1905.831407500009,0.625,1,-252.61985644647626,1.375,1,"{""profit_protect"": 11, ""hard_stop"": 4, ""age"": 1}",4,25.0,33.33333333333333,28.948292993072616,-541.9065010000007,0.3428262900531979,0,-1.0017983304202367,16,50.0,-0.8594019345511104,1,17,-22.047503697987977,50
60,0.04,40,0.02,0.5,75,-4.7878188414311795,-90.02936173287458,2.0,0.0,1.0523435596512194,-91.0817052925258,-1874.1072775000066,0.625,1,-252.61985644647626,1.375,1,"{""profit_protect"": 11, ""hard_stop"": 4, ""age"": 1}",4,25.0,33.33333333333333,28.659143699073464,-541.9065010000007,0.3627193315464532,0,-0.9825784594259954,16,50.0,-0.8495325815332484,1,17,-21.73027121729612,50
60,0.04,40,0.02,0.6,75,-4.865219871398885,-92.83967423287457,2.0,0.0,1.0523435596512194,-93.8920177925258,-1905.831407500009,0.625,1,-252.61985644647626,1.375,1,"{""profit_protect"": 11, ""hard_stop"": 4, ""age"": 1}",4,25.0,33.33333333333333,28.948292993072616,-541.9065010000007,0.3428262900531979,0,-1.0017983304202367,16,50.0,-0.8594019345511104,1,17,-22.047503697987977,50
40,0.05,24,0.02,0.5,65,-4.480117055534083,-46.967647824199815,2.1333333333333333,0.0,0.5612498984806503,-47.52889772268046,-1321.1774275000207,0.7333333333333333,1,-623.8788839558398,1.4,1,"{""profit_protect"": 19, ""hard_stop"": 6, ""age"": 5}",6,20.0,16.666666666666664,32.39836654588723,-574.8968169999999,0.6928383771632011,0,-1.3671247426904454,30,46.666666666666664,-0.6751949448420678,5,31,-20.458910849002176,96
40,0.05,24,0.02,0.6,65,-4.3881690396683215,-48.466481157533146,2.1333333333333333,0.0,0.5612498984806503,-49.02773105601379,-1282.8665925000241,0.7333333333333333,1,-623.8788839558398,1.4,1,"{""profit_protect"": 19, ""hard_stop"": 6, ""age"": 5}",6,20.0,16.666666666666664,32.07277343997074,-574.8968169999999,0.68303622397146,0,-1.3728103899246025,30,46.666666666666664,-0.6655106021708038,5,31,-20.075813149414298,96
40,0.05,24,0.02,0.5,70,-4.480117055534083,-46.967647824199815,2.1333333333333333,0.0,0.5612498984806503,-47.52889772268046,-1321.1774275000207,0.7333333333333333,1,-623.8788839558398,1.4,1,"{""profit_protect"": 19, ""hard_stop"": 6, ""age"": 5}",6,20.0,16.666666666666664,32.39836654588723,-574.8968169999999,0.6928383771632011,0,-1.3671247426904454,30,46.666666666666664,-0.6751949448420678,5,31,-20.458910849002176,96
40,0.05,24,0.02,0.6,70,-4.3881690396683215,-48.466481157533146,2.1333333333333333,0.0,0.5612498984806503,-49.02773105601379,-1282.8665925000241,0.7333333333333333,1,-623.8788839558398,1.4,1,"{""profit_protect"": 19, ""hard_stop"": 6, ""age"": 5}",6,20.0,16.666666666666664,32.07277343997074,-574.8968169999999,0.68303622397146,0,-1.3728103899246025,30,46.666666666666664,-0.6655106021708038,5,31,-20.075813149414298,96
60,0.05,24,0.02,0.5,65,-4.53119709477715,-76.9569278483996,2.066666666666667,0.0,1.1224997969613006,-78.07942764536091,-1774.0383475000053,0.6666666666666666,1,-252.61985644647626,1.4,1,"{""profit_protect"": 11, ""hard_stop"": 3, ""age"": 1}",3,20.0,33.33333333333333,27.693734722288433,-541.9065010000007,0.415286744935455,0,-0.9050171446137433,15,53.333333333333336,-0.8214301769200265,1,16,-20.671098357657055,48
40,0.05,24,0.02,0.5,75,-4.480117055534083,-46.967647824199815,2.1333333333333333,0.0,0.5612498984806503,-47.52889772268046,-1321.1774275000207,0.7333333333333333,1,-623.8788839558398,1.4,1,"{""profit_protect"": 19, ""hard_stop"": 6, ""age"": 5}",6,20.0,16.666666666666664,32.39836654588723,-574.8968169999999,0.6928383771632011,0,-1.3671247426904454,30,46.666666666666664,-0.6751949448420678,5,31,-20.458910849002176,96
40,0.05,24,0.02,0.6,75,-4.3881690396683215,-48.466481157533146,2.1333333333333333,0.0,0.5612498984806503,-49.02773105601379,-1282.8665925000241,0.7333333333333333,1,-623.8788839558398,1.4,1,"{""profit_protect"": 19, ""hard_stop"": 6, ""age"": 5}",6,20.0,16.666666666666664,32.07277343997074,-574.8968169999999,0.68303622397146,0,-1.3728103899246025,30,46.666666666666664,-0.6655106021708038,5,31,-20.075813149414298,96
60,0.05,24,0.02,0.6,65,-4.414112716693097,-79.95459451506626,2.066666666666667,0.0,1.1224997969613006,-81.07709431202758,-1725.332712500007,0.6666666666666666,1,-252.61985644647626,1.4,1,"{""profit_protect"": 11, ""hard_stop"": 3, ""age"": 1}",3,20.0,33.33333333333333,27.249807655603515,-541.9065010000007,0.3925106871682061,0,-0.9153554419964721,15,53.333333333333336,-0.8056754220445744,1,16,-20.184055547823572,48
60,0.05,24,0.02,0.5,70,-4.53119709477715,-76.9569278483996,2.066666666666667,0.0,1.1224997969613006,-78.07942764536091,-1774.0383475000053,0.6666666666666666,1,-252.61985644647626,1.4,1,"{""profit_protect"": 11, ""hard_stop"": 3, ""age"": 1}",3,20.0,33.33333333333333,27.693734722288433,-541.9065010000007,0.415286744935455,0,-0.9050171446137433,15,53.333333333333336,-0.8214301769200265,1,16,-20.671098357657055,48
60,0.05,24,0.02,0.6,70,-4.414112716693097,-79.95459451506626,2.066666666666667,0.0,1.1224997969613006,-81.07709431202758,-1725.332712500007,0.6666666666666666,1,-252.61985644647626,1.4,1,"{""profit_protect"": 11, ""hard_stop"": 3, ""age"": 1}",3,20.0,33.33333333333333,27.249807655603515,-541.9065010000007,0.3925106871682061,0,-0.9153554419964721,15,53.333333333333336,-0.8056754220445744,1,16,-20.184055547823572,48
60,0.05,24,0.02,0.5,75,-4.53119709477715,-76.9569278483996,2.066666666666667,0.0,1.1224997969613006,-78.07942764536091,-1774.0383475000053,0.6666666666666666,1,-252.61985644647626,1.4,1,"{""profit_protect"": 11, ""hard_stop"": 3, ""age"": 1}",3,20.0,33.33333333333333,27.693734722288433,-541.9065010000007,0.415286744935455,0,-0.9050171446137433,15,53.333333333333336,-0.8214301769200265,1,16,-20.671098357657055,48
60,0.05,24,0.02,0.6,75,-4.414112716693097,-79.95459451506626,2.066666666666667,0.0,1.1224997969613006,-81.07709431202758,-1725.332712500007,0.6666666666666666,1,-252.61985644647626,1.4,1,"{""profit_protect"": 11, ""hard_stop"": 3, ""age"": 1}",3,20.0,33.33333333333333,27.249807655603515,-541.9065010000007,0.3925106871682061,0,-0.9153554419964721,15,53.333333333333336,-0.8056754220445744,1,16,-20.184055547823572,48
40,0.05,30,0.02,0.5,65,-4.480117055534083,-46.967647824199815,2.1333333333333333,0.0,0.5612498984806503,-47.52889772268046,-1321.1774275000207,0.7333333333333333,1,-623.8788839558398,1.4,1,"{""profit_protect"": 19, ""hard_stop"": 6, ""age"": 5}",6,20.0,16.666666666666664,32.39836654588723,-574.8968169999999,0.6928383771632011,0,-1.3671247426904454,30,46.666666666666664,-0.6751949448420678,5,31,-20.458910849002176,96
40,0.05,30,0.02,0.5,70,-4.480117055534083,-46.967647824199815,2.1333333333333333,0.0,0.5612498984806503,-47.52889772268046,-1321.1774275000207,0.7333333333333333,1,-623.8788839558398,1.4,1,"{""profit_protect"": 19, ""hard_stop"": 6, ""age"": 5}",6,20.0,16.666666666666664,32.39836654588723,-574.8968169999999,0.6928383771632011,0,-1.3671247426904454,30,46.666666666666664,-0.6751949448420678,5,31,-20.458910849002176,96
40,0.05,30,0.02,0.6,65,-4.3881690396683215,-48.466481157533146,2.1333333333333333,0.0,0.5612498984806503,-49.02773105601379,-1282.8665925000241,0.7333333333333333,1,-623.8788839558398,1.4,1,"{""profit_protect"": 19, ""hard_stop"": 6, ""age"": 5}",6,20.0,16.666666666666664,32.07277343997074,-574.8968169999999,0.68303622397146,0,-1.3728103899246025,30,46.666666666666664,-0.6655106021708038,5,31,-20.075813149414298,96
40,0.05,30,0.02,0.6,70,-4.3881690396683215,-48.466481157533146,2.1333333333333333,0.0,0.5612498984806503,-49.02773105601379,-1282.8665925000241,0.7333333333333333,1,-623.8788839558398,1.4,1,"{""profit_protect"": 19, ""hard_stop"": 6, ""age"": 5}",6,20.0,16.666666666666664,32.07277343997074,-574.8968169999999,0.68303622397146,0,-1.3728103899246025,30,46.666666666666664,-0.6655106021708038,5,31,-20.075813149414298,96
60,0.05,30,0.02,0.5,65,-4.53119709477715,-76.9569278483996,2.066666666666667,0.0,1.1224997969613006,-78.07942764536091,-1774.0383475000053,0.6666666666666666,1,-252.61985644647626,1.4,1,"{""profit_protect"": 11, ""hard_stop"": 3, ""age"": 1}",3,20.0,33.33333333333333,27.693734722288433,-541.9065010000007,0.415286744935455,0,-0.9050171446137433,15,53.333333333333336,-0.8214301769200265,1,16,-20.671098357657055,48
60,0.05,30,0.02,0.6,65,-4.414112716693097,-79.95459451506626,2.066666666666667,0.0,1.1224997969613006,-81.07709431202758,-1725.332712500007,0.6666666666666666,1,-252.61985644647626,1.4,1,"{""profit_protect"": 11, ""hard_stop"": 3, ""age"": 1}",3,20.0,33.33333333333333,27.249807655603515,-541.9065010000007,0.3925106871682061,0,-0.9153554419964721,15,53.333333333333336,-0.8056754220445744,1,16,-20.184055547823572,48
40,0.05,30,0.02,0.5,75,-4.480117055534083,-46.967647824199815,2.1333333333333333,0.0,0.5612498984806503,-47.52889772268046,-1321.1774275000207,0.7333333333333333,1,-623.8788839558398,1.4,1,"{""profit_protect"": 19, ""hard_stop"": 6, ""age"": 5}",6,20.0,16.666666666666664,32.39836654588723,-574.8968169999999,0.6928383771632011,0,-1.3671247426904454,30,46.666666666666664,-0.6751949448420678,5,31,-20.458910849002176,96
40,0.05,30,0.02,0.6,75,-4.3881690396683215,-48.466481157533146,2.1333333333333333,0.0,0.5612498984806503,-49.02773105601379,-1282.8665925000241,0.7333333333333333,1,-623.8788839558398,1.4,1,"{""profit_protect"": 19, ""hard_stop"": 6, ""age"": 5}",6,20.0,16.666666666666664,32.07277343997074,-574.8968169999999,0.68303622397146,0,-1.3728103899246025,30,46.666666666666664,-0.6655106021708038,5,31,-20.075813149414298,96
60,0.05,30,0.02,0.5,70,-4.53119709477715,-76.9569278483996,2.066666666666667,0.0,1.1224997969613006,-78.07942764536091,-1774.0383475000053,0.6666666666666666,1,-252.61985644647626,1.4,1,"{""profit_protect"": 11, ""hard_stop"": 3, ""age"": 1}",3,20.0,33.33333333333333,27.693734722288433,-541.9065010000007,0.415286744935455,0,-0.9050171446137433,15,53.333333333333336,-0.8214301769200265,1,16,-20.671098357657055,48
60,0.05,30,0.02,0.6,70,-4.414112716693097,-79.95459451506626,2.066666666666667,0.0,1.1224997969613006,-81.07709431202758,-1725.332712500007,0.6666666666666666,1,-252.61985644647626,1.4,1,"{""profit_protect"": 11, ""hard_stop"": 3, ""age"": 1}",3,20.0,33.33333333333333,27.249807655603515,-541.9065010000007,0.3925106871682061,0,-0.9153554419964721,15,53.333333333333336,-0.8056754220445744,1,16,-20.184055547823572,48
60,0.05,30,0.02,0.5,75,-4.53119709477715,-76.9569278483996,2.066666666666667,0.0,1.1224997969613006,-78.07942764536091,-1774.0383475000053,0.6666666666666666,1,-252.61985644647626,1.4,1,"{""profit_protect"": 11, ""hard_stop"": 3, ""age"": 1}",3,20.0,33.33333333333333,27.693734722288433,-541.9065010000007,0.415286744935455,0,-0.9050171446137433,15,53.333333333333336,-0.8214301769200265,1,16,-20.671098357657055,48
60,0.05,30,0.02,0.6,75,-4.414112716693097,-79.95459451506626,2.066666666666667,0.0,1.1224997969613006,-81.07709431202758,-1725.332712500007,0.6666666666666666,1,-252.61985644647626,1.4,1,"{""profit_protect"": 11, ""hard_stop"": 3, ""age"": 1}",3,20.0,33.33333333333333,27.249807655603515,-541.9065010000007,0.3925106871682061,0,-0.9153554419964721,15,53.333333333333336,-0.8056754220445744,1,16,-20.184055547823572,48
40,0.05,40,0.02,0.5,65,-4.480117055534083,-46.967647824199815,2.1333333333333333,0.0,0.5612498984806503,-47.52889772268046,-1321.1774275000207,0.7333333333333333,1,-623.8788839558398,1.4,1,"{""profit_protect"": 19, ""hard_stop"": 6, ""age"": 5}",6,20.0,16.666666666666664,32.39836654588723,-574.8968169999999,0.6928383771632011,0,-1.3671247426904454,30,46.666666666666664,-0.6751949448420678,5,31,-20.458910849002176,96
40,0.05,40,0.02,0.6,65,-4.3881690396683215,-48.466481157533146,2.1333333333333333,0.0,0.5612498984806503,-49.02773105601379,-1282.8665925000241,0.7333333333333333,1,-623.8788839558398,1.4,1,"{""profit_protect"": 19, ""hard_stop"": 6, ""age"": 5}",6,20.0,16.666666666666664,32.07277343997074,-574.8968169999999,0.68303622397146,0,-1.3728103899246025,30,46.666666666666664,-0.6655106021708038,5,31,-20.075813149414298,96
40,0.05,40,0.02,0.5,70,-4.480117055534083,-46.967647824199815,2.1333333333333333,0.0,0.5612498984806503,-47.52889772268046,-1321.1774275000207,0.7333333333333333,1,-623.8788839558398,1.4,1,"{""profit_protect"": 19, ""hard_stop"": 6, ""age"": 5}",6,20.0,16.666666666666664,32.39836654588723,-574.8968169999999,0.6928383771632011,0,-1.3671247426904454,30,46.666666666666664,-0.6751949448420678,5,31,-20.458910849002176,96
40,0.05,40,0.02,0.6,70,-4.3881690396683215,-48.466481157533146,2.1333333333333333,0.0,0.5612498984806503,-49.02773105601379,-1282.8665925000241,0.7333333333333333,1,-623.8788839558398,1.4,1,"{""profit_protect"": 19, ""hard_stop"": 6, ""age"": 5}",6,20.0,16.666666666666664,32.07277343997074,-574.8968169999999,0.68303622397146,0,-1.3728103899246025,30,46.666666666666664,-0.6655106021708038,5,31,-20.075813149414298,96
60,0.05,40,0.02,0.5,65,-4.53119709477715,-76.9569278483996,2.066666666666667,0.0,1.1224997969613006,-78.07942764536091,-1774.0383475000053,0.6666666666666666,1,-252.61985644647626,1.4,1,"{""profit_protect"": 11, ""hard_stop"": 3, ""age"": 1}",3,20.0,33.33333333333333,27.693734722288433,-541.9065010000007,0.415286744935455,0,-0.9050171446137433,15,53.333333333333336,-0.8214301769200265,1,16,-20.671098357657055,48
60,0.05,40,0.02,0.6,65,-4.414112716693097,-79.95459451506626,2.066666666666667,0.0,1.1224997969613006,-81.07709431202758,-1725.332712500007,0.6666666666666666,1,-252.61985644647626,1.4,1,"{""profit_protect"": 11, ""hard_stop"": 3, ""age"": 1}",3,20.0,33.33333333333333,27.249807655603515,-541.9065010000007,0.3925106871682061,0,-0.9153554419964721,15,53.333333333333336,-0.8056754220445744,1,16,-20.184055547823572,48
40,0.05,40,0.02,0.5,75,-4.480117055534083,-46.967647824199815,2.1333333333333333,0.0,0.5612498984806503,-47.52889772268046,-1321.1774275000207,0.7333333333333333,1,-623.8788839558398,1.4,1,"{""profit_protect"": 19, ""hard_stop"": 6, ""age"": 5}",6,20.0,16.666666666666664,32.39836654588723,-574.8968169999999,0.6928383771632011,0,-1.3671247426904454,30,46.666666666666664,-0.6751949448420678,5,31,-20.458910849002176,96
40,0.05,40,0.02,0.6,75,-4.3881690396683215,-48.466481157533146,2.1333333333333333,0.0,0.5612498984806503,-49.02773105601379,-1282.8665925000241,0.7333333333333333,1,-623.8788839558398,1.4,1,"{""profit_protect"": 19, ""hard_stop"": 6, ""age"": 5}",6,20.0,16.666666666666664,32.07277343997074,-574.8968169999999,0.68303622397146,0,-1.3728103899246025,30,46.666666666666664,-0.6655106021708038,5,31,-20.075813149414298,96
60,0.05,40,0.02,0.5,70,-4.53119709477715,-76.9569278483996,2.066666666666667,0.0,1.1224997969613006,-78.07942764536091,-1774.0383475000053,0.6666666666666666,1,-252.61985644647626,1.4,1,"{""profit_protect"": 11, ""hard_stop"": 3, ""age"": 1}",3,20.0,33.33333333333333,27.693734722288433,-541.9065010000007,0.415286744935455,0,-0.9050171446137433,15,53.333333333333336,-0.8214301769200265,1,16,-20.671098357657055,48
60,0.05,40,0.02,0.6,70,-4.414112716693097,-79.95459451506626,2.066666666666667,0.0,1.1224997969613006,-81.07709431202758,-1725.332712500007,0.6666666666666666,1,-252.61985644647626,1.4,1,"{""profit_protect"": 11, ""hard_stop"": 3, ""age"": 1}",3,20.0,33.33333333333333,27.249807655603515,-541.9065010000007,0.3925106871682061,0,-0.9153554419964721,15,53.333333333333336,-0.8056754220445744,1,16,-20.184055547823572,48
60,0.05,40,0.02,0.5,75,-4.53119709477715,-76.9569278483996,2.066666666666667,0.0,1.1224997969613006,-78.07942764536091,-1774.0383475000053,0.6666666666666666,1,-252.61985644647626,1.4,1,"{""profit_protect"": 11, ""hard_stop"": 3, ""age"": 1}",3,20.0,33.33333333333333,27.693734722288433,-541.9065010000007,0.415286744935455,0,-0.9050171446137433,15,53.333333333333336,-0.8214301769200265,1,16,-20.671098357657055,48
60,0.05,40,0.02,0.6,75,-4.414112716693097,-79.95459451506626,2.066666666666667,0.0,1.1224997969613006,-81.07709431202758,-1725.332712500007,0.6666666666666666,1,-252.61985644647626,1.4,1,"{""profit_protect"": 11, ""hard_stop"": 3, ""age"": 1}",3,20.0,33.33333333333333,27.249807655603515,-541.9065010000007,0.3925106871682061,0,-0.9153554419964721,15,53.333333333333336,-0.8056754220445744,1,16,-20.184055547823572,48
40,0.03,24,0.025,0.5,65,-4.449800891687228,-48.55158021844857,2.375,0.0,0.7015623731008129,-49.25314259154937,-1614.901662499964,0.875,1,-340.19270461236044,1.5,1,"{""profit_protect"": 15, ""hard_stop"": 8, ""age"": 1}",8,33.33333333333333,16.666666666666664,32.64157959572134,-434.6375280000005,0.6298692805225463,0,-1.6675475481547086,24,45.83333333333333,-0.8162086614622183,1,25,-20.332762417319408,83
40,0.03,24,0.025,0.6,65,-4.52611195505388,-50.42512188511523,2.375,0.0,0.7015623731008129,-51.126684258216045,-1646.6257924999663,0.875,1,-340.19270461236044,1.5,1,"{""profit_protect"": 15, ""hard_stop"": 8, ""age"": 1}",8,33.33333333333333,16.666666666666664,32.90979874638735,-434.6375280000005,0.6155864225407001,0,-1.6968022265331326,24,45.83333333333333,-0.8249788399928741,1,25,-20.649994898011265,83
40,0.03,24,0.025,0.5,70,-4.449800891687228,-48.55158021844857,2.375,0.0,0.7015623731008129,-49.25314259154937,-1614.901662499964,0.875,1,-340.19270461236044,1.5,1,"{""profit_protect"": 15, ""hard_stop"": 8, ""age"": 1}",8,33.33333333333333,16.666666666666664,32.64157959572134,-434.6375280000005,0.6298692805225463,0,-1.6675475481547086,24,45.83333333333333,-0.8162086614622183,1,25,-20.332762417319408,83
40,0.03,24,0.025,0.6,70,-4.52611195505388,-50.42512188511523,2.375,0.0,0.7015623731008129,-51.126684258216045,-1646.6257924999663,0.875,1,-340.19270461236044,1.5,1,"{""profit_protect"": 15, ""hard_stop"": 8, ""age"": 1}",8,33.33333333333333,16.666666666666664,32.90979874638735,-434.6375280000005,0.6155864225407001,0,-1.6968022265331326,24,45.83333333333333,-0.8249788399928741,1,25,-20.649994898011265,83
60,0.03,24,0.025,0.5,65,-4.468483079310637,-69.8709279461306,2.4210526315789473,0.0,2.6087748313589536,-72.47970277748956,-1681.1639449999784,0.8947368421052632,2,-306.9792338427792,1.5263157894736843,1,"{""profit_protect"": 13, ""hard_stop"": 6}",6,31.57894736842105,30.0,28.279263747096632,-434.6375280000005,0.44409210855296033,0,-0.9449382704003253,19,47.368421052631575,-0.8254955233636156,0,20,-20.410519674698115,67
60,0.03,24,0.025,0.6,65,-4.544853881089228,-72.23750689349903,2.4210526315789473,0.0,2.6087748313589536,-74.84628172485799,-1712.8880749999807,0.8947368421052632,2,-306.9792338427792,1.5263157894736843,1,"{""profit_protect"": 13, ""hard_stop"": 6}",6,31.57894736842105,30.0,28.565132520024427,-434.6375280000005,0.42526310554345625,0,-0.9634509794289536,19,47.368421052631575,-0.8358145589554892,0,20,-20.72775215538997,67
40,0.03,24,0.025,0.5,75,-4.449800891687228,-48.55158021844857,2.375,0.0,0.7015623731008129,-49.25314259154937,-1614.901662499964,0.875,1,-340.19270461236044,1.5,1,"{""profit_protect"": 15, ""hard_stop"": 8, ""age"": 1}",8,33.33333333333333,16.666666666666664,32.64157959572134,-434.6375280000005,0.6298692805225463,0,-1.6675475481547086,24,45.83333333333333,-0.8162086614622183,1,25,-20.332762417319408,83
40,0.03,24,0.025,0.6,75,-4.52611195505388,-50.42512188511523,2.375,0.0,0.7015623731008129,-51.126684258216045,-1646.6257924999663,0.875,1,-340.19270461236044,1.5,1,"{""profit_protect"": 15, ""hard_stop"": 8, ""age"": 1}",8,33.33333333333333,16.666666666666664,32.90979874638735,-434.6375280000005,0.6155864225407001,0,-1.6968022265331326,24,45.83333333333333,-0.8249788399928741,1,25,-20.649994898011265,83
60,0.03,24,0.025,0.5,70,-4.468483079310637,-69.8709279461306,2.4210526315789473,0.0,2.6087748313589536,-72.47970277748956,-1681.1639449999784,0.8947368421052632,2,-306.9792338427792,1.5263157894736843,1,"{""profit_protect"": 13, ""hard_stop"": 6}",6,31.57894736842105,30.0,28.279263747096632,-434.6375280000005,0.44409210855296033,0,-0.9449382704003253,19,47.368421052631575,-0.8254955233636156,0,20,-20.410519674698115,67
60,0.03,24,0.025,0.6,70,-4.544853881089228,-72.23750689349903,2.4210526315789473,0.0,2.6087748313589536,-74.84628172485799,-1712.8880749999807,0.8947368421052632,2,-306.9792338427792,1.5263157894736843,1,"{""profit_protect"": 13, ""hard_stop"": 6}",6,31.57894736842105,30.0,28.565132520024427,-434.6375280000005,0.42526310554345625,0,-0.9634509794289536,19,47.368421052631575,-0.8358145589554892,0,20,-20.72775215538997,67
60,0.03,24,0.025,0.5,75,-4.468483079310637,-69.8709279461306,2.4210526315789473,0.0,2.6087748313589536,-72.47970277748956,-1681.1639449999784,0.8947368421052632,2,-306.9792338427792,1.5263157894736843,1,"{""profit_protect"": 13, ""hard_stop"": 6}",6,31.57894736842105,30.0,28.279263747096632,-434.6375280000005,0.44409210855296033,0,-0.9449382704003253,19,47.368421052631575,-0.8254955233636156,0,20,-20.410519674698115,67
60,0.03,24,0.025,0.6,75,-4.544853881089228,-72.23750689349903,2.4210526315789473,0.0,2.6087748313589536,-74.84628172485799,-1712.8880749999807,0.8947368421052632,2,-306.9792338427792,1.5263157894736843,1,"{""profit_protect"": 13, ""hard_stop"": 6}",6,31.57894736842105,30.0,28.565132520024427,-434.6375280000005,0.42526310554345625,0,-0.9634509794289536,19,47.368421052631575,-0.8358145589554892,0,20,-20.72775215538997,67
40,0.03,30,0.025,0.5,65,-4.449800891687228,-48.55158021844857,2.375,0.0,0.7015623731008129,-49.25314259154937,-1614.901662499964,0.875,1,-340.19270461236044,1.5,1,"{""profit_protect"": 15, ""hard_stop"": 8, ""age"": 1}",8,33.33333333333333,16.666666666666664,32.64157959572134,-434.6375280000005,0.6298692805225463,0,-1.6675475481547086,24,45.83333333333333,-0.8162086614622183,1,25,-20.332762417319408,83
40,0.03,30,0.025,0.6,65,-4.52611195505388,-50.42512188511523,2.375,0.0,0.7015623731008129,-51.126684258216045,-1646.6257924999663,0.875,1,-340.19270461236044,1.5,1,"{""profit_protect"": 15, ""hard_stop"": 8, ""age"": 1}",8,33.33333333333333,16.666666666666664,32.90979874638735,-434.6375280000005,0.6155864225407001,0,-1.6968022265331326,24,45.83333333333333,-0.8249788399928741,1,25,-20.649994898011265,83
40,0.03,30,0.025,0.5,70,-4.449800891687228,-48.55158021844857,2.375,0.0,0.7015623731008129,-49.25314259154937,-1614.901662499964,0.875,1,-340.19270461236044,1.5,1,"{""profit_protect"": 15, ""hard_stop"": 8, ""age"": 1}",8,33.33333333333333,16.666666666666664,32.64157959572134,-434.6375280000005,0.6298692805225463,0,-1.6675475481547086,24,45.83333333333333,-0.8162086614622183,1,25,-20.332762417319408,83
40,0.03,30,0.025,0.6,70,-4.52611195505388,-50.42512188511523,2.375,0.0,0.7015623731008129,-51.126684258216045,-1646.6257924999663,0.875,1,-340.19270461236044,1.5,1,"{""profit_protect"": 15, ""hard_stop"": 8, ""age"": 1}",8,33.33333333333333,16.666666666666664,32.90979874638735,-434.6375280000005,0.6155864225407001,0,-1.6968022265331326,24,45.83333333333333,-0.8249788399928741,1,25,-20.649994898011265,83
60,0.03,30,0.025,0.5,65,-4.468483079310637,-69.8709279461306,2.4210526315789473,0.0,2.6087748313589536,-72.47970277748956,-1681.1639449999784,0.8947368421052632,2,-306.9792338427792,1.5263157894736843,1,"{""profit_protect"": 13, ""hard_stop"": 6}",6,31.57894736842105,30.0,28.279263747096632,-434.6375280000005,0.44409210855296033,0,-0.9449382704003253,19,47.368421052631575,-0.8254955233636156,0,20,-20.410519674698115,67
60,0.03,30,0.025,0.6,65,-4.544853881089228,-72.23750689349903,2.4210526315789473,0.0,2.6087748313589536,-74.84628172485799,-1712.8880749999807,0.8947368421052632,2,-306.9792338427792,1.5263157894736843,1,"{""profit_protect"": 13, ""hard_stop"": 6}",6,31.57894736842105,30.0,28.565132520024427,-434.6375280000005,0.42526310554345625,0,-0.9634509794289536,19,47.368421052631575,-0.8358145589554892,0,20,-20.72775215538997,67
40,0.03,30,0.025,0.5,75,-4.449800891687228,-48.55158021844857,2.375,0.0,0.7015623731008129,-49.25314259154937,-1614.901662499964,0.875,1,-340.19270461236044,1.5,1,"{""profit_protect"": 15, ""hard_stop"": 8, ""age"": 1}",8,33.33333333333333,16.666666666666664,32.64157959572134,-434.6375280000005,0.6298692805225463,0,-1.6675475481547086,24,45.83333333333333,-0.8162086614622183,1,25,-20.332762417319408,83
40,0.03,30,0.025,0.6,75,-4.52611195505388,-50.42512188511523,2.375,0.0,0.7015623731008129,-51.126684258216045,-1646.6257924999663,0.875,1,-340.19270461236044,1.5,1,"{""profit_protect"": 15, ""hard_stop"": 8, ""age"": 1}",8,33.33333333333333,16.666666666666664,32.90979874638735,-434.6375280000005,0.6155864225407001,0,-1.6968022265331326,24,45.83333333333333,-0.8249788399928741,1,25,-20.649994898011265,83
60,0.03,30,0.025,0.5,70,-4.468483079310637,-69.8709279461306,2.4210526315789473,0.0,2.6087748313589536,-72.47970277748956,-1681.1639449999784,0.8947368421052632,2,-306.9792338427792,1.5263157894736843,1,"{""profit_protect"": 13, ""hard_stop"": 6}",6,31.57894736842105,30.0,28.279263747096632,-434.6375280000005,0.44409210855296033,0,-0.9449382704003253,19,47.368421052631575,-0.8254955233636156,0,20,-20.410519674698115,67
60,0.03,30,0.025,0.6,70,-4.544853881089228,-72.23750689349903,2.4210526315789473,0.0,2.6087748313589536,-74.84628172485799,-1712.8880749999807,0.8947368421052632,2,-306.9792338427792,1.5263157894736843,1,"{""profit_protect"": 13, ""hard_stop"": 6}",6,31.57894736842105,30.0,28.565132520024427,-434.6375280000005,0.42526310554345625,0,-0.9634509794289536,19,47.368421052631575,-0.8358145589554892,0,20,-20.72775215538997,67
60,0.03,30,0.025,0.5,75,-4.468483079310637,-69.8709279461306,2.4210526315789473,0.0,2.6087748313589536,-72.47970277748956,-1681.1639449999784,0.8947368421052632,2,-306.9792338427792,1.5263157894736843,1,"{""profit_protect"": 13, ""hard_stop"": 6}",6,31.57894736842105,30.0,28.279263747096632,-434.6375280000005,0.44409210855296033,0,-0.9449382704003253,19,47.368421052631575,-0.8254955233636156,0,20,-20.410519674698115,67
60,0.03,30,0.025,0.6,75,-4.544853881089228,-72.23750689349903,2.4210526315789473,0.0,2.6087748313589536,-74.84628172485799,-1712.8880749999807,0.8947368421052632,2,-306.9792338427792,1.5263157894736843,1,"{""profit_protect"": 13, ""hard_stop"": 6}",6,31.57894736842105,30.0,28.565132520024427,-434.6375280000005,0.42526310554345625,0,-0.9634509794289536,19,47.368421052631575,-0.8358145589554892,0,20,-20.72775215538997,67
40,0.03,40,0.025,0.5,65,-4.449800891687228,-48.55158021844857,2.375,0.0,0.7015623731008129,-49.25314259154937,-1614.901662499964,0.875,1,-340.19270461236044,1.5,1,"{""profit_protect"": 15, ""hard_stop"": 8, ""age"": 1}",8,33.33333333333333,16.666666666666664,32.64157959572134,-434.6375280000005,0.6298692805225463,0,-1.6675475481547086,24,45.83333333333333,-0.8162086614622183,1,25,-20.332762417319408,83
40,0.03,40,0.025,0.6,65,-4.52611195505388,-50.42512188511523,2.375,0.0,0.7015623731008129,-51.126684258216045,-1646.6257924999663,0.875,1,-340.19270461236044,1.5,1,"{""profit_protect"": 15, ""hard_stop"": 8, ""age"": 1}",8,33.33333333333333,16.666666666666664,32.90979874638735,-434.6375280000005,0.6155864225407001,0,-1.6968022265331326,24,45.83333333333333,-0.8249788399928741,1,25,-20.649994898011265,83
40,0.03,40,0.025,0.5,70,-4.449800891687228,-48.55158021844857,2.375,0.0,0.7015623731008129,-49.25314259154937,-1614.901662499964,0.875,1,-340.19270461236044,1.5,1,"{""profit_protect"": 15, ""hard_stop"": 8, ""age"": 1}",8,33.33333333333333,16.666666666666664,32.64157959572134,-434.6375280000005,0.6298692805225463,0,-1.6675475481547086,24,45.83333333333333,-0.8162086614622183,1,25,-20.332762417319408,83
40,0.03,40,0.025,0.6,70,-4.52611195505388,-50.42512188511523,2.375,0.0,0.7015623731008129,-51.126684258216045,-1646.6257924999663,0.875,1,-340.19270461236044,1.5,1,"{""profit_protect"": 15, ""hard_stop"": 8, ""age"": 1}",8,33.33333333333333,16.666666666666664,32.90979874638735,-434.6375280000005,0.6155864225407001,0,-1.6968022265331326,24,45.83333333333333,-0.8249788399928741,1,25,-20.649994898011265,83
60,0.03,40,0.025,0.5,65,-4.468483079310637,-69.8709279461306,2.4210526315789473,0.0,2.6087748313589536,-72.47970277748956,-1681.1639449999784,0.8947368421052632,2,-306.9792338427792,1.5263157894736843,1,"{""profit_protect"": 13, ""hard_stop"": 6}",6,31.57894736842105,30.0,28.279263747096632,-434.6375280000005,0.44409210855296033,0,-0.9449382704003253,19,47.368421052631575,-0.8254955233636156,0,20,-20.410519674698115,67
60,0.03,40,0.025,0.6,65,-4.544853881089228,-72.23750689349903,2.4210526315789473,0.0,2.6087748313589536,-74.84628172485799,-1712.8880749999807,0.8947368421052632,2,-306.9792338427792,1.5263157894736843,1,"{""profit_protect"": 13, ""hard_stop"": 6}",6,31.57894736842105,30.0,28.565132520024427,-434.6375280000005,0.42526310554345625,0,-0.9634509794289536,19,47.368421052631575,-0.8358145589554892,0,20,-20.72775215538997,67
40,0.03,40,0.025,0.5,75,-4.449800891687228,-48.55158021844857,2.375,0.0,0.7015623731008129,-49.25314259154937,-1614.901662499964,0.875,1,-340.19270461236044,1.5,1,"{""profit_protect"": 15, ""hard_stop"": 8, ""age"": 1}",8,33.33333333333333,16.666666666666664,32.64157959572134,-434.6375280000005,0.6298692805225463,0,-1.6675475481547086,24,45.83333333333333,-0.8162086614622183,1,25,-20.332762417319408,83
40,0.03,40,0.025,0.6,75,-4.52611195505388,-50.42512188511523,2.375,0.0,0.7015623731008129,-51.126684258216045,-1646.6257924999663,0.875,1,-340.19270461236044,1.5,1,"{""profit_protect"": 15, ""hard_stop"": 8, ""age"": 1}",8,33.33333333333333,16.666666666666664,32.90979874638735,-434.6375280000005,0.6155864225407001,0,-1.6968022265331326,24,45.83333333333333,-0.8249788399928741,1,25,-20.649994898011265,83
60,0.03,40,0.025,0.5,70,-4.468483079310637,-69.8709279461306,2.4210526315789473,0.0,2.6087748313589536,-72.47970277748956,-1681.1639449999784,0.8947368421052632,2,-306.9792338427792,1.5263157894736843,1,"{""profit_protect"": 13, ""hard_stop"": 6}",6,31.57894736842105,30.0,28.279263747096632,-434.6375280000005,0.44409210855296033,0,-0.9449382704003253,19,47.368421052631575,-0.8254955233636156,0,20,-20.410519674698115,67
60,0.03,40,0.025,0.6,70,-4.544853881089228,-72.23750689349903,2.4210526315789473,0.0,2.6087748313589536,-74.84628172485799,-1712.8880749999807,0.8947368421052632,2,-306.9792338427792,1.5263157894736843,1,"{""profit_protect"": 13, ""hard_stop"": 6}",6,31.57894736842105,30.0,28.565132520024427,-434.6375280000005,0.42526310554345625,0,-0.9634509794289536,19,47.368421052631575,-0.8358145589554892,0,20,-20.72775215538997,67
60,0.03,40,0.025,0.5,75,-4.468483079310637,-69.8709279461306,2.4210526315789473,0.0,2.6087748313589536,-72.47970277748956,-1681.1639449999784,0.8947368421052632,2,-306.9792338427792,1.5263157894736843,1,"{""profit_protect"": 13, ""hard_stop"": 6}",6,31.57894736842105,30.0,28.279263747096632,-434.6375280000005,0.44409210855296033,0,-0.9449382704003253,19,47.368421052631575,-0.8254955233636156,0,20,-20.410519674698115,67
60,0.03,40,0.025,0.6,75,-4.544853881089228,-72.23750689349903,2.4210526315789473,0.0,2.6087748313589536,-74.84628172485799,-1712.8880749999807,0.8947368421052632,2,-306.9792338427792,1.5263157894736843,1,"{""profit_protect"": 13, ""hard_stop"": 6}",6,31.57894736842105,30.0,28.565132520024427,-434.6375280000005,0.42526310554345625,0,-0.9634509794289536,19,47.368421052631575,-0.8358145589554892,0,20,-20.72775215538997,67
40,0.04,24,0.025,0.5,65,-4.3887254986027635,-49.86679918736939,2.46875,0.0,0.8337514688888213,-50.700550656258194,-1327.2348125000426,0.9375,2,-571.123223241563,1.53125,2,"{""profit_protect"": 19, ""hard_stop"": 9, ""age"": 4}",9,28.125,33.33333333333333,32.710708972486806,-547.6288800000007,0.6829928551509526,0,-1.4594040070422225,32,43.75,-0.6632978901155118,4,33,-20.07813604277804,115
40,0.04,24,0.025,0.6,65,-4.414026523716763,-51.271955437369385,2.46875,0.0,0.8337514688888213,-52.1057069062582,-1344.3162675000349,0.9375,2,-564.598251535233,1.53125,2,"{""profit_protect"": 19, ""hard_stop"": 9, ""age"": 4}",9,28.125,35.294117647058826,32.799584067249725,-547.6288800000007,0.6740601669067047,0,-1.4746089655054697,32,43.75,-0.6646262199117239,4,33,-20.183696127070252,113
40,0.04,24,0.025,0.5,70,-4.3887254986027635,-49.86679918736939,2.46875,0.0,0.8337514688888213,-50.700550656258194,-1327.2348125000426,0.9375,2,-571.123223241563,1.53125,2,"{""profit_protect"": 19, ""hard_stop"": 9, ""age"": 4}",9,28.125,33.33333333333333,32.710708972486806,-547.6288800000007,0.6829928551509526,0,-1.4594040070422225,32,43.75,-0.6632978901155118,4,33,-20.07813604277804,115
40,0.04,24,0.025,0.6,70,-4.414026523716763,-51.271955437369385,2.46875,0.0,0.8337514688888213,-52.1057069062582,-1344.3162675000349,0.9375,2,-564.598251535233,1.53125,2,"{""profit_protect"": 19, ""hard_stop"": 9, ""age"": 4}",9,28.125,35.294117647058826,32.799584067249725,-547.6288800000007,0.6740601669067047,0,-1.4746089655054697,32,43.75,-0.6646262199117239,4,33,-20.183696127070252,113
60,0.04,24,0.025,0.5,65,-4.511115321065207,-104.78154727647119,2.611111111111111,0.0,2.753706766434451,-107.5352540429056,-1723.7935375000088,1.0,2,-279.058474195025,1.6111111111111112,1,"{""profit_protect"": 12, ""hard_stop"": 5, ""age"": 1}",5,27.77777777777778,45.45454545454545,27.866879117904247,-541.9065010000007,0.31060600140608635,0,-1.017822351783274,18,44.44444444444444,-0.7999919670164105,1,19,-20.587732337663347,67
60,0.04,24,0.025,0.6,65,-4.587622663738977,-107.27960283202674,2.611111111111111,0.0,2.753706766434451,-110.03330959846117,-1755.5176675000112,1.0,2,-279.058474195025,1.6111111111111112,1,"{""profit_protect"": 12, ""hard_stop"": 5, ""age"": 1}",5,27.77777777777778,45.45454545454545,28.155033197255964,-541.9065010000007,0.2941704308985215,0,-1.0343766392360851,18,44.44444444444444,-0.8096091768644509,1,19,-20.9049648183552,67
40,0.04,24,0.025,0.5,75,-4.3887254986027635,-49.86679918736939,2.46875,0.0,0.8337514688888213,-50.700550656258194,-1327.2348125000426,0.9375,2,-571.123223241563,1.53125,2,"{""profit_protect"": 19, ""hard_stop"": 9, ""age"": 4}",9,28.125,33.33333333333333,32.710708972486806,-547.6288800000007,0.6829928551509526,0,-1.4594040070422225,32,43.75,-0.6632978901155118,4,33,-20.07813604277804,115
40,0.04,24,0.025,0.6,75,-4.414026523716763,-51.271955437369385,2.46875,0.0,0.8337514688888213,-52.1057069062582,-1344.3162675000349,0.9375,2,-564.598251535233,1.53125,2,"{""profit_protect"": 19, ""hard_stop"": 9, ""age"": 4}",9,28.125,35.294117647058826,32.799584067249725,-547.6288800000007,0.6740601669067047,0,-1.4746089655054697,32,43.75,-0.6646262199117239,4,33,-20.183696127070252,113
60,0.04,24,0.025,0.5,70,-4.511115321065207,-104.78154727647119,2.611111111111111,0.0,2.753706766434451,-107.5352540429056,-1723.7935375000088,1.0,2,-279.058474195025,1.6111111111111112,1,"{""profit_protect"": 12, ""hard_stop"": 5, ""age"": 1}",5,27.77777777777778,45.45454545454545,27.866879117904247,-541.9065010000007,0.31060600140608635,0,-1.0182854413461926,18,44.44444444444444,-0.8018443252680849,1,19,-20.587732337663347,67
60,0.04,24,0.025,0.6,70,-4.587622663738977,-107.27960283202674,2.611111111111111,0.0,2.753706766434451,-110.03330959846117,-1755.5176675000112,1.0,2,-279.058474195025,1.6111111111111112,1,"{""profit_protect"": 12, ""hard_stop"": 5, ""age"": 1}",5,27.77777777777778,45.45454545454545,28.155033197255964,-541.9065010000007,0.2941704308985215,0,-1.0343766392360851,18,44.44444444444444,-0.8096091768644509,1,19,-20.9049648183552,67
60,0.04,24,0.025,0.5,75,-4.511115321065207,-104.78154727647119,2.611111111111111,0.0,2.753706766434451,-107.5352540429056,-1723.7935375000088,1.0,2,-279.058474195025,1.6111111111111112,1,"{""profit_protect"": 12, ""hard_stop"": 5, ""age"": 1}",5,27.77777777777778,45.45454545454545,27.866879117904247,-541.9065010000007,0.31060600140608635,0,-1.0182854413461926,18,44.44444444444444,-0.8018443252680849,1,19,-20.587732337663347,67
60,0.04,24,0.025,0.6,75,-4.587622663738977,-107.27960283202674,2.611111111111111,0.0,2.753706766434451,-110.03330959846117,-1755.5176675000112,1.0,2,-279.058474195025,1.6111111111111112,1,"{""profit_protect"": 12, ""hard_stop"": 5, ""age"": 1}",5,27.77777777777778,45.45454545454545,28.155033197255964,-541.9065010000007,0.2941704308985215,0,-1.0343766392360851,18,44.44444444444444,-0.8096091768644509,1,19,-20.9049648183552,67
40,0.04,30,0.025,0.5,65,-4.3887254986027635,-49.86679918736939,2.46875,0.0,0.8337514688888213,-50.700550656258194,-1327.2348125000426,0.9375,2,-571.123223241563,1.53125,2,"{""profit_protect"": 19, ""hard_stop"": 9, ""age"": 4}",9,28.125,33.33333333333333,32.710708972486806,-547.6288800000007,0.6829928551509526,0,-1.4594040070422225,32,43.75,-0.6632978901155118,4,33,-20.07813604277804,115
40,0.04,30,0.025,0.6,65,-4.414026523716763,-51.271955437369385,2.46875,0.0,0.8337514688888213,-52.1057069062582,-1344.3162675000349,0.9375,2,-564.598251535233,1.53125,2,"{""profit_protect"": 19, ""hard_stop"": 9, ""age"": 4}",9,28.125,35.294117647058826,32.799584067249725,-547.6288800000007,0.6740601669067047,0,-1.4746089655054697,32,43.75,-0.6646262199117239,4,33,-20.183696127070252,113
40,0.04,30,0.025,0.5,70,-4.3887254986027635,-49.86679918736939,2.46875,0.0,0.8337514688888213,-50.700550656258194,-1327.2348125000426,0.9375,2,-571.123223241563,1.53125,2,"{""profit_protect"": 19, ""hard_stop"": 9, ""age"": 4}",9,28.125,33.33333333333333,32.710708972486806,-547.6288800000007,0.6829928551509526,0,-1.4594040070422225,32,43.75,-0.6632978901155118,4,33,-20.07813604277804,115
40,0.04,30,0.025,0.6,70,-4.414026523716763,-51.271955437369385,2.46875,0.0,0.8337514688888213,-52.1057069062582,-1344.3162675000349,0.9375,2,-564.598251535233,1.53125,2,"{""profit_protect"": 19, ""hard_stop"": 9, ""age"": 4}",9,28.125,35.294117647058826,32.799584067249725,-547.6288800000007,0.6740601669067047,0,-1.4746089655054697,32,43.75,-0.6646262199117239,4,33,-20.183696127070252,113
60,0.04,30,0.025,0.5,65,-4.511115321065207,-104.78154727647119,2.611111111111111,0.0,2.753706766434451,-107.5352540429056,-1723.7935375000088,1.0,2,-279.058474195025,1.6111111111111112,1,"{""profit_protect"": 12, ""hard_stop"": 5, ""age"": 1}",5,27.77777777777778,45.45454545454545,27.866879117904247,-541.9065010000007,0.31060600140608635,0,-1.017822351783274,18,44.44444444444444,-0.7999919670164105,1,19,-20.587732337663347,67
60,0.04,30,0.025,0.6,65,-4.587622663738977,-107.27960283202674,2.611111111111111,0.0,2.753706766434451,-110.03330959846117,-1755.5176675000112,1.0,2,-279.058474195025,1.6111111111111112,1,"{""profit_protect"": 12, ""hard_stop"": 5, ""age"": 1}",5,27.77777777777778,45.45454545454545,28.155033197255964,-541.9065010000007,0.2941704308985215,0,-1.0343766392360851,18,44.44444444444444,-0.8096091768644509,1,19,-20.9049648183552,67
40,0.04,30,0.025,0.5,75,-4.3887254986027635,-49.86679918736939,2.46875,0.0,0.8337514688888213,-50.700550656258194,-1327.2348125000426,0.9375,2,-571.123223241563,1.53125,2,"{""profit_protect"": 19, ""hard_stop"": 9, ""age"": 4}",9,28.125,33.33333333333333,32.710708972486806,-547.6288800000007,0.6829928551509526,0,-1.4594040070422225,32,43.75,-0.6632978901155118,4,33,-20.07813604277804,115
40,0.04,30,0.025,0.6,75,-4.414026523716763,-51.271955437369385,2.46875,0.0,0.8337514688888213,-52.1057069062582,-1344.3162675000349,0.9375,2,-564.598251535233,1.53125,2,"{""profit_protect"": 19, ""hard_stop"": 9, ""age"": 4}",9,28.125,35.294117647058826,32.799584067249725,-547.6288800000007,0.6740601669067047,0,-1.4746089655054697,32,43.75,-0.6646262199117239,4,33,-20.183696127070252,113
60,0.04,30,0.025,0.5,70,-4.511115321065207,-104.78154727647119,2.611111111111111,0.0,2.753706766434451,-107.5352540429056,-1723.7935375000088,1.0,2,-279.058474195025,1.6111111111111112,1,"{""profit_protect"": 12, ""hard_stop"": 5, ""age"": 1}",5,27.77777777777778,45.45454545454545,27.866879117904247,-541.9065010000007,0.31060600140608635,0,-1.0182854413461926,18,44.44444444444444,-0.8018443252680849,1,19,-20.587732337663347,67
60,0.04,30,0.025,0.6,70,-4.587622663738977,-107.27960283202674,2.611111111111111,0.0,2.753706766434451,-110.03330959846117,-1755.5176675000112,1.0,2,-279.058474195025,1.6111111111111112,1,"{""profit_protect"": 12, ""hard_stop"": 5, ""age"": 1}",5,27.77777777777778,45.45454545454545,28.155033197255964,-541.9065010000007,0.2941704308985215,0,-1.0343766392360851,18,44.44444444444444,-0.8096091768644509,1,19,-20.9049648183552,67
60,0.04,30,0.025,0.5,75,-4.511115321065207,-104.78154727647119,2.611111111111111,0.0,2.753706766434451,-107.5352540429056,-1723.7935375000088,1.0,2,-279.058474195025,1.6111111111111112,1,"{""profit_protect"": 12, ""hard_stop"": 5, ""age"": 1}",5,27.77777777777778,45.45454545454545,27.866879117904247,-541.9065010000007,0.31060600140608635,0,-1.0182854413461926,18,44.44444444444444,-0.8018443252680849,1,19,-20.587732337663347,67
60,0.04,30,0.025,0.6,75,-4.587622663738977,-107.27960283202674,2.611111111111111,0.0,2.753706766434451,-110.03330959846117,-1755.5176675000112,1.0,2,-279.058474195025,1.6111111111111112,1,"{""profit_protect"": 12, ""hard_stop"": 5, ""age"": 1}",5,27.77777777777778,45.45454545454545,28.155033197255964,-541.9065010000007,0.2941704308985215,0,-1.0343766392360851,18,44.44444444444444,-0.8096091768644509,1,19,-20.9049648183552,67
40,0.04,40,0.025,0.5,65,-4.3887254986027635,-49.86679918736939,2.46875,0.0,0.8337514688888213,-50.700550656258194,-1327.2348125000426,0.9375,2,-571.123223241563,1.53125,2,"{""profit_protect"": 19, ""hard_stop"": 9, ""age"": 4}",9,28.125,33.33333333333333,32.710708972486806,-547.6288800000007,0.6829928551509526,0,-1.4594040070422225,32,43.75,-0.6632978901155118,4,33,-20.07813604277804,115
40,0.04,40,0.025,0.6,65,-4.414026523716763,-51.271955437369385,2.46875,0.0,0.8337514688888213,-52.1057069062582,-1344.3162675000349,0.9375,2,-564.598251535233,1.53125,2,"{""profit_protect"": 19, ""hard_stop"": 9, ""age"": 4}",9,28.125,35.294117647058826,32.799584067249725,-547.6288800000007,0.6740601669067047,0,-1.4746089655054697,32,43.75,-0.6646262199117239,4,33,-20.183696127070252,113
40,0.04,40,0.025,0.5,70,-4.3887254986027635,-49.86679918736939,2.46875,0.0,0.8337514688888213,-50.700550656258194,-1327.2348125000426,0.9375,2,-571.123223241563,1.53125,2,"{""profit_protect"": 19, ""hard_stop"": 9, ""age"": 4}",9,28.125,33.33333333333333,32.710708972486806,-547.6288800000007,0.6829928551509526,0,-1.4594040070422225,32,43.75,-0.6632978901155118,4,33,-20.07813604277804,115
40,0.04,40,0.025,0.6,70,-4.414026523716763,-51.271955437369385,2.46875,0.0,0.8337514688888213,-52.1057069062582,-1344.3162675000349,0.9375,2,-564.598251535233,1.53125,2,"{""profit_protect"": 19, ""hard_stop"": 9, ""age"": 4}",9,28.125,35.294117647058826,32.799584067249725,-547.6288800000007,0.6740601669067047,0,-1.4746089655054697,32,43.75,-0.6646262199117239,4,33,-20.183696127070252,113
60,0.04,40,0.025,0.5,65,-4.511115321065207,-104.78154727647119,2.611111111111111,0.0,2.753706766434451,-107.5352540429056,-1723.7935375000088,1.0,2,-279.058474195025,1.6111111111111112,1,"{""profit_protect"": 12, ""hard_stop"": 5, ""age"": 1}",5,27.77777777777778,45.45454545454545,27.866879117904247,-541.9065010000007,0.31060600140608635,0,-1.017822351783274,18,44.44444444444444,-0.7999919670164105,1,19,-20.587732337663347,67
60,0.04,40,0.025,0.6,65,-4.587622663738977,-107.27960283202674,2.611111111111111,0.0,2.753706766434451,-110.03330959846117,-1755.5176675000112,1.0,2,-279.058474195025,1.6111111111111112,1,"{""profit_protect"": 12, ""hard_stop"": 5, ""age"": 1}",5,27.77777777777778,45.45454545454545,28.155033197255964,-541.9065010000007,0.2941704308985215,0,-1.0343766392360851,18,44.44444444444444,-0.8096091768644509,1,19,-20.9049648183552,67
40,0.04,40,0.025,0.5,75,-4.3887254986027635,-49.86679918736939,2.46875,0.0,0.8337514688888213,-50.700550656258194,-1327.2348125000426,0.9375,2,-571.123223241563,1.53125,2,"{""profit_protect"": 19, ""hard_stop"": 9, ""age"": 4}",9,28.125,33.33333333333333,32.710708972486806,-547.6288800000007,0.6829928551509526,0,-1.4594040070422225,32,43.75,-0.6632978901155118,4,33,-20.07813604277804,115
40,0.04,40,0.025,0.6,75,-4.414026523716763,-51.271955437369385,2.46875,0.0,0.8337514688888213,-52.1057069062582,-1344.3162675000349,0.9375,2,-564.598251535233,1.53125,2,"{""profit_protect"": 19, ""hard_stop"": 9, ""age"": 4}",9,28.125,35.294117647058826,32.799584067249725,-547.6288800000007,0.6740601669067047,0,-1.4746089655054697,32,43.75,-0.6646262199117239,4,33,-20.183696127070252,113
60,0.04,40,0.025,0.5,70,-4.511115321065207,-104.78154727647119,2.611111111111111,0.0,2.753706766434451,-107.5352540429056,-1723.7935375000088,1.0,2,-279.058474195025,1.6111111111111112,1,"{""profit_protect"": 12, ""hard_stop"": 5, ""age"": 1}",5,27.77777777777778,45.45454545454545,27.866879117904247,-541.9065010000007,0.31060600140608635,0,-1.0182854413461926,18,44.44444444444444,-0.8018443252680849,1,19,-20.587732337663347,67
60,0.04,40,0.025,0.6,70,-4.587622663738977,-107.27960283202674,2.611111111111111,0.0,2.753706766434451,-110.03330959846117,-1755.5176675000112,1.0,2,-279.058474195025,1.6111111111111112,1,"{""profit_protect"": 12, ""hard_stop"": 5, ""age"": 1}",5,27.77777777777778,45.45454545454545,28.155033197255964,-541.9065010000007,0.2941704308985215,0,-1.0343766392360851,18,44.44444444444444,-0.8096091768644509,1,19,-20.9049648183552,67
60,0.04,40,0.025,0.5,75,-4.511115321065207,-104.78154727647119,2.611111111111111,0.0,2.753706766434451,-107.5352540429056,-1723.7935375000088,1.0,2,-279.058474195025,1.6111111111111112,1,"{""profit_protect"": 12, ""hard_stop"": 5, ""age"": 1}",5,27.77777777777778,45.45454545454545,27.866879117904247,-541.9065010000007,0.31060600140608635,0,-1.0182854413461926,18,44.44444444444444,-0.8018443252680849,1,19,-20.587732337663347,67
60,0.04,40,0.025,0.6,75,-4.587622663738977,-107.27960283202674,2.611111111111111,0.0,2.753706766434451,-110.03330959846117,-1755.5176675000112,1.0,2,-279.058474195025,1.6111111111111112,1,"{""profit_protect"": 12, ""hard_stop"": 5, ""age"": 1}",5,27.77777777777778,45.45454545454545,28.155033197255964,-541.9065010000007,0.2941704308985215,0,-1.0343766392360851,18,44.44444444444444,-0.8096091768644509,1,19,-20.9049648183552,67
40,0.05,24,0.025,0.5,65,-4.397226294038193,-46.32653620809221,2.466666666666667,0.0,0.5612498984806503,-46.88778610657286,-1321.1774275000207,0.9666666666666667,1,-589.3493212544445,1.5,1,"{""profit_protect"": 19, ""hard_stop"": 7, ""age"": 4}",7,23.333333333333332,26.666666666666668,32.74058025797852,-578.253049000001,0.7044023241156077,0,-1.377677423419493,30,46.666666666666664,-0.6591390214788078,4,31,-20.1136152219883,106
40,0.05,24,0.025,0.6,65,-4.473369557960694,-47.82536954142554,2.466666666666667,0.0,0.5612498984806503,-48.38661943990619,-1352.901557500023,0.9666666666666667,1,-589.3493212544445,1.5,1,"{""profit_protect"": 19, ""hard_stop"": 7, ""age"": 4}",7,23.333333333333332,26.666666666666668,33.00767048410338,-578.253049000001,0.6948386552956194,0,-1.3984950249801629,30,46.666666666666664,-0.6652185483392357,4,31,-20.430847702680158,106
40,0.05,24,0.025,0.5,70,-4.397226294038193,-46.32653620809221,2.466666666666667,0.0,0.5612498984806503,-46.88778610657286,-1321.1774275000207,0.9666666666666667,1,-589.3493212544445,1.5,1,"{""profit_protect"": 19, ""hard_stop"": 7, ""age"": 4}",7,23.333333333333332,26.666666666666668,32.74058025797852,-578.253049000001,0.7044023241156077,0,-1.377677423419493,30,46.666666666666664,-0.6591390214788078,4,31,-20.1136152219883,106
40,0.05,24,0.025,0.6,70,-4.473369557960694,-47.82536954142554,2.466666666666667,0.0,0.5612498984806503,-48.38661943990619,-1352.901557500023,0.9666666666666667,1,-589.3493212544445,1.5,1,"{""profit_protect"": 19, ""hard_stop"": 7, ""age"": 4}",7,23.333333333333332,26.666666666666668,33.00767048410338,-578.253049000001,0.6948386552956194,0,-1.3984950249801629,30,46.666666666666664,-0.6652185483392357,4,31,-20.430847702680158,106
60,0.05,24,0.025,0.5,65,-4.415150140301227,-74.01108083176548,2.533333333333333,0.0,3.304448119721341,-77.31552895148683,-1774.0383475000053,0.9333333333333333,2,-204.34816618916258,1.6,1,"{""profit_protect"": 11, ""hard_stop"": 3, ""age"": 1}",3,20.0,55.55555555555556,27.5041338351482,-541.9065010000007,0.4420051150520805,0,-0.8749254100268505,15,53.333333333333336,-0.787331305754655,1,16,-20.188381455083917,55
60,0.05,24,0.025,0.6,65,-4.4913505588126235,-77.00874749843214,2.533333333333333,0.0,3.304448119721341,-80.3131956181535,-1805.7624775000077,0.9333333333333333,2,-204.34816618916258,1.6,1,"{""profit_protect"": 11, ""hard_stop"": 3, ""age"": 1}",3,20.0,55.55555555555556,27.792287914499912,-541.9065010000007,0.4194046794418905,0,-0.8961315502681165,15,53.333333333333336,-0.7970674699318868,1,16,-20.505613935775774,55
40,0.05,24,0.025,0.5,75,-4.397226294038193,-46.32653620809221,2.466666666666667,0.0,0.5612498984806503,-46.88778610657286,-1321.1774275000207,0.9666666666666667,1,-589.3493212544445,1.5,1,"{""profit_protect"": 19, ""hard_stop"": 7, ""age"": 4}",7,23.333333333333332,26.666666666666668,32.74058025797852,-578.253049000001,0.7044023241156077,0,-1.377677423419493,30,46.666666666666664,-0.6591390214788078,4,31,-20.1136152219883,106
40,0.05,24,0.025,0.6,75,-4.473369557960694,-47.82536954142554,2.466666666666667,0.0,0.5612498984806503,-48.38661943990619,-1352.901557500023,0.9666666666666667,1,-589.3493212544445,1.5,1,"{""profit_protect"": 19, ""hard_stop"": 7, ""age"": 4}",7,23.333333333333332,26.666666666666668,33.00767048410338,-578.253049000001,0.6948386552956194,0,-1.3984950249801629,30,46.666666666666664,-0.6652185483392357,4,31,-20.430847702680158,106
60,0.05,24,0.025,0.5,70,-4.415150140301227,-74.01108083176548,2.533333333333333,0.0,3.304448119721341,-77.31552895148683,-1774.0383475000053,0.9333333333333333,2,-204.34816618916258,1.6,1,"{""profit_protect"": 11, ""hard_stop"": 3, ""age"": 1}",3,20.0,55.55555555555556,27.5041338351482,-541.9065010000007,0.4420051150520805,0,-0.8749254100268505,15,53.333333333333336,-0.787331305754655,1,16,-20.188381455083917,55
60,0.05,24,0.025,0.6,70,-4.4913505588126235,-77.00874749843214,2.533333333333333,0.0,3.304448119721341,-80.3131956181535,-1805.7624775000077,0.9333333333333333,2,-204.34816618916258,1.6,1,"{""profit_protect"": 11, ""hard_stop"": 3, ""age"": 1}",3,20.0,55.55555555555556,27.792287914499912,-541.9065010000007,0.4194046794418905,0,-0.8961315502681165,15,53.333333333333336,-0.7970674699318868,1,16,-20.505613935775774,55
60,0.05,24,0.025,0.5,75,-4.415150140301227,-74.01108083176548,2.533333333333333,0.0,3.304448119721341,-77.31552895148683,-1774.0383475000053,0.9333333333333333,2,-204.34816618916258,1.6,1,"{""profit_protect"": 11, ""hard_stop"": 3, ""age"": 1}",3,20.0,55.55555555555556,27.5041338351482,-541.9065010000007,0.4420051150520805,0,-0.8749254100268505,15,53.333333333333336,-0.787331305754655,1,16,-20.188381455083917,55
60,0.05,24,0.025,0.6,75,-4.4913505588126235,-77.00874749843214,2.533333333333333,0.0,3.304448119721341,-80.3131956181535,-1805.7624775000077,0.9333333333333333,2,-204.34816618916258,1.6,1,"{""profit_protect"": 11, ""hard_stop"": 3, ""age"": 1}",3,20.0,55.55555555555556,27.792287914499912,-541.9065010000007,0.4194046794418905,0,-0.8961315502681165,15,53.333333333333336,-0.7970674699318868,1,16,-20.505613935775774,55
40,0.05,30,0.025,0.5,65,-4.397226294038193,-46.32653620809221,2.466666666666667,0.0,0.5612498984806503,-46.88778610657286,-1321.1774275000207,0.9666666666666667,1,-589.3493212544445,1.5,1,"{""profit_protect"": 19, ""hard_stop"": 7, ""age"": 4}",7,23.333333333333332,26.666666666666668,32.74058025797852,-578.253049000001,0.7044023241156077,0,-1.377677423419493,30,46.666666666666664,-0.6591390214788078,4,31,-20.1136152219883,106
40,0.05,30,0.025,0.6,65,-4.473369557960694,-47.82536954142554,2.466666666666667,0.0,0.5612498984806503,-48.38661943990619,-1352.901557500023,0.9666666666666667,1,-589.3493212544445,1.5,1,"{""profit_protect"": 19, ""hard_stop"": 7, ""age"": 4}",7,23.333333333333332,26.666666666666668,33.00767048410338,-578.253049000001,0.6948386552956194,0,-1.3984950249801629,30,46.666666666666664,-0.6652185483392357,4,31,-20.430847702680158,106
40,0.05,30,0.025,0.5,70,-4.397226294038193,-46.32653620809221,2.466666666666667,0.0,0.5612498984806503,-46.88778610657286,-1321.1774275000207,0.9666666666666667,1,-589.3493212544445,1.5,1,"{""profit_protect"": 19, ""hard_stop"": 7, ""age"": 4}",7,23.333333333333332,26.666666666666668,32.74058025797852,-578.253049000001,0.7044023241156077,0,-1.377677423419493,30,46.666666666666664,-0.6591390214788078,4,31,-20.1136152219883,106
40,0.05,30,0.025,0.6,70,-4.473369557960694,-47.82536954142554,2.466666666666667,0.0,0.5612498984806503,-48.38661943990619,-1352.901557500023,0.9666666666666667,1,-589.3493212544445,1.5,1,"{""profit_protect"": 19, ""hard_stop"": 7, ""age"": 4}",7,23.333333333333332,26.666666666666668,33.00767048410338,-578.253049000001,0.6948386552956194,0,-1.3984950249801629,30,46.666666666666664,-0.6652185483392357,4,31,-20.430847702680158,106
60,0.05,30,0.025,0.5,65,-4.415150140301227,-74.01108083176548,2.533333333333333,0.0,3.304448119721341,-77.31552895148683,-1774.0383475000053,0.9333333333333333,2,-204.34816618916258,1.6,1,"{""profit_protect"": 11, ""hard_stop"": 3, ""age"": 1}",3,20.0,55.55555555555556,27.5041338351482,-541.9065010000007,0.4420051150520805,0,-0.8749254100268505,15,53.333333333333336,-0.787331305754655,1,16,-20.188381455083917,55
60,0.05,30,0.025,0.6,65,-4.4913505588126235,-77.00874749843214,2.533333333333333,0.0,3.304448119721341,-80.3131956181535,-1805.7624775000077,0.9333333333333333,2,-204.34816618916258,1.6,1,"{""profit_protect"": 11, ""hard_stop"": 3, ""age"": 1}",3,20.0,55.55555555555556,27.792287914499912,-541.9065010000007,0.4194046794418905,0,-0.8961315502681165,15,53.333333333333336,-0.7970674699318868,1,16,-20.505613935775774,55
40,0.05,30,0.025,0.5,75,-4.397226294038193,-46.32653620809221,2.466666666666667,0.0,0.5612498984806503,-46.88778610657286,-1321.1774275000207,0.9666666666666667,1,-589.3493212544445,1.5,1,"{""profit_protect"": 19, ""hard_stop"": 7, ""age"": 4}",7,23.333333333333332,26.666666666666668,32.74058025797852,-578.253049000001,0.7044023241156077,0,-1.377677423419493,30,46.666666666666664,-0.6591390214788078,4,31,-20.1136152219883,106
40,0.05,30,0.025,0.6,75,-4.473369557960694,-47.82536954142554,2.466666666666667,0.0,0.5612498984806503,-48.38661943990619,-1352.901557500023,0.9666666666666667,1,-589.3493212544445,1.5,1,"{""profit_protect"": 19, ""hard_stop"": 7, ""age"": 4}",7,23.333333333333332,26.666666666666668,33.00767048410338,-578.253049000001,0.6948386552956194,0,-1.3984950249801629,30,46.666666666666664,-0.6652185483392357,4,31,-20.430847702680158,106
60,0.05,30,0.025,0.5,70,-4.415150140301227,-74.01108083176548,2.533333333333333,0.0,3.304448119721341,-77.31552895148683,-1774.0383475000053,0.9333333333333333,2,-204.34816618916258,1.6,1,"{""profit_protect"": 11, ""hard_stop"": 3, ""age"": 1}",3,20.0,55.55555555555556,27.5041338351482,-541.9065010000007,0.4420051150520805,0,-0.8749254100268505,15,53.333333333333336,-0.787331305754655,1,16,-20.188381455083917,55
60,0.05,30,0.025,0.6,70,-4.4913505588126235,-77.00874749843214,2.533333333333333,0.0,3.304448119721341,-80.3131956181535,-1805.7624775000077,0.9333333333333333,2,-204.34816618916258,1.6,1,"{""profit_protect"": 11, ""hard_stop"": 3, ""age"": 1}",3,20.0,55.55555555555556,27.792287914499912,-541.9065010000007,0.4194046794418905,0,-0.8961315502681165,15,53.333333333333336,-0.7970674699318868,1,16,-20.505613935775774,55
60,0.05,30,0.025,0.5,75,-4.415150140301227,-74.01108083176548,2.533333333333333,0.0,3.304448119721341,-77.31552895148683,-1774.0383475000053,0.9333333333333333,2,-204.34816618916258,1.6,1,"{""profit_protect"": 11, ""hard_stop"": 3, ""age"": 1}",3,20.0,55.55555555555556,27.5041338351482,-541.9065010000007,0.4420051150520805,0,-0.8749254100268505,15,53.333333333333336,-0.787331305754655,1,16,-20.188381455083917,55
60,0.05,30,0.025,0.6,75,-4.4913505588126235,-77.00874749843214,2.533333333333333,0.0,3.304448119721341,-80.3131956181535,-1805.7624775000077,0.9333333333333333,2,-204.34816618916258,1.6,1,"{""profit_protect"": 11, ""hard_stop"": 3, ""age"": 1}",3,20.0,55.55555555555556,27.792287914499912,-541.9065010000007,0.4194046794418905,0,-0.8961315502681165,15,53.333333333333336,-0.7970674699318868,1,16,-20.505613935775774,55
40,0.05,40,0.025,0.5,65,-4.397226294038193,-46.32653620809221,2.466666666666667,0.0,0.5612498984806503,-46.88778610657286,-1321.1774275000207,0.9666666666666667,1,-589.3493212544445,1.5,1,"{""profit_protect"": 19, ""hard_stop"": 7, ""age"": 4}",7,23.333333333333332,26.666666666666668,32.74058025797852,-578.253049000001,0.7044023241156077,0,-1.377677423419493,30,46.666666666666664,-0.6591390214788078,4,31,-20.1136152219883,106
40,0.05,40,0.025,0.6,65,-4.473369557960694,-47.82536954142554,2.466666666666667,0.0,0.5612498984806503,-48.38661943990619,-1352.901557500023,0.9666666666666667,1,-589.3493212544445,1.5,1,"{""profit_protect"": 19, ""hard_stop"": 7, ""age"": 4}",7,23.333333333333332,26.666666666666668,33.00767048410338,-578.253049000001,0.6948386552956194,0,-1.3984950249801629,30,46.666666666666664,-0.6652185483392357,4,31,-20.430847702680158,106
40,0.05,40,0.025,0.5,70,-4.397226294038193,-46.32653620809221,2.466666666666667,0.0,0.5612498984806503,-46.88778610657286,-1321.1774275000207,0.9666666666666667,1,-589.3493212544445,1.5,1,"{""profit_protect"": 19, ""hard_stop"": 7, ""age"": 4}",7,23.333333333333332,26.666666666666668,32.74058025797852,-578.253049000001,0.7044023241156077,0,-1.377677423419493,30,46.666666666666664,-0.6591390214788078,4,31,-20.1136152219883,106
40,0.05,40,0.025,0.6,70,-4.473369557960694,-47.82536954142554,2.466666666666667,0.0,0.5612498984806503,-48.38661943990619,-1352.901557500023,0.9666666666666667,1,-589.3493212544445,1.5,1,"{""profit_protect"": 19, ""hard_stop"": 7, ""age"": 4}",7,23.333333333333332,26.666666666666668,33.00767048410338,-578.253049000001,0.6948386552956194,0,-1.3984950249801629,30,46.666666666666664,-0.6652185483392357,4,31,-20.430847702680158,106
60,0.05,40,0.025,0.5,65,-4.415150140301227,-74.01108083176548,2.533333333333333,0.0,3.304448119721341,-77.31552895148683,-1774.0383475000053,0.9333333333333333,2,-204.34816618916258,1.6,1,"{""profit_protect"": 11, ""hard_stop"": 3, ""age"": 1}",3,20.0,55.55555555555556,27.5041338351482,-541.9065010000007,0.4420051150520805,0,-0.8749254100268505,15,53.333333333333336,-0.787331305754655,1,16,-20.188381455083917,55
60,0.05,40,0.025,0.6,65,-4.4913505588126235,-77.00874749843214,2.533333333333333,0.0,3.304448119721341,-80.3131956181535,-1805.7624775000077,0.9333333333333333,2,-204.34816618916258,1.6,1,"{""profit_protect"": 11, ""hard_stop"": 3, ""age"": 1}",3,20.0,55.55555555555556,27.792287914499912,-541.9065010000007,0.4194046794418905,0,-0.8961315502681165,15,53.333333333333336,-0.7970674699318868,1,16,-20.505613935775774,55
40,0.05,40,0.025,0.5,75,-4.397226294038193,-46.32653620809221,2.466666666666667,0.0,0.5612498984806503,-46.88778610657286,-1321.1774275000207,0.9666666666666667,1,-589.3493212544445,1.5,1,"{""profit_protect"": 19, ""hard_stop"": 7, ""age"": 4}",7,23.333333333333332,26.666666666666668,32.74058025797852,-578.253049000001,0.7044023241156077,0,-1.377677423419493,30,46.666666666666664,-0.6591390214788078,4,31,-20.1136152219883,106
40,0.05,40,0.025,0.6,75,-4.473369557960694,-47.82536954142554,2.466666666666667,0.0,0.5612498984806503,-48.38661943990619,-1352.901557500023,0.9666666666666667,1,-589.3493212544445,1.5,1,"{""profit_protect"": 19, ""hard_stop"": 7, ""age"": 4}",7,23.333333333333332,26.666666666666668,33.00767048410338,-578.253049000001,0.6948386552956194,0,-1.3984950249801629,30,46.666666666666664,-0.6652185483392357,4,31,-20.430847702680158,106
60,0.05,40,0.025,0.5,70,-4.415150140301227,-74.01108083176548,2.533333333333333,0.0,3.304448119721341,-77.31552895148683,-1774.0383475000053,0.9333333333333333,2,-204.34816618916258,1.6,1,"{""profit_protect"": 11, ""hard_stop"": 3, ""age"": 1}",3,20.0,55.55555555555556,27.5041338351482,-541.9065010000007,0.4420051150520805,0,-0.8749254100268505,15,53.333333333333336,-0.787331305754655,1,16,-20.188381455083917,55
60,0.05,40,0.025,0.6,70,-4.4913505588126235,-77.00874749843214,2.533333333333333,0.0,3.304448119721341,-80.3131956181535,-1805.7624775000077,0.9333333333333333,2,-204.34816618916258,1.6,1,"{""profit_protect"": 11, ""hard_stop"": 3, ""age"": 1}",3,20.0,55.55555555555556,27.792287914499912,-541.9065010000007,0.4194046794418905,0,-0.8961315502681165,15,53.333333333333336,-0.7970674699318868,1,16,-20.505613935775774,55
60,0.05,40,0.025,0.5,75,-4.415150140301227,-74.01108083176548,2.533333333333333,0.0,3.304448119721341,-77.31552895148683,-1774.0383475000053,0.9333333333333333,2,-204.34816618916258,1.6,1,"{""profit_protect"": 11, ""hard_stop"": 3, ""age"": 1}",3,20.0,55.55555555555556,27.5041338351482,-541.9065010000007,0.4420051150520805,0,-0.8749254100268505,15,53.333333333333336,-0.787331305754655,1,16,-20.188381455083917,55
60,0.05,40,0.025,0.6,75,-4.4913505588126235,-77.00874749843214,2.533333333333333,0.0,3.304448119721341,-80.3131956181535,-1805.7624775000077,0.9333333333333333,2,-204.34816618916258,1.6,1,"{""profit_protect"": 11, ""hard_stop"": 3, ""age"": 1}",3,20.0,55.55555555555556,27.792287914499912,-541.9065010000007,0.4194046794418905,0,-0.8961315502681165,15,53.333333333333336,-0.7970674699318868,1,16,-20.505613935775774,55
